league,season,game,team,minute,score,player1,player2,event_type
ENG-Premier League,1819,2018-08-25 Arsenal-West Ham United,West Ham United,25’,0:1,Marko Arnautović,Felipe Anderson,goal
ENG-Premier League,1819,2018-08-25 Arsenal-West Ham United,Arsenal,30’,1:1,Nacho Monreal,Alex Iwobi,goal
ENG-Premier League,1819,2018-08-25 Arsenal-West Ham United,West Ham United,41’,1:1,Issa Diop,,yellow_card
ENG-Premier League,1819,2018-08-25 Arsenal-West Ham United,Arsenal,46’,1:1,Alexandre Lacazette,Alex Iwobi,substitute_in
ENG-Premier League,1819,2018-08-25 Arsenal-West Ham United,Arsenal,56’,1:1,Lucas Torreira,Mattéo Guendouzi,substitute_in
ENG-Premier League,1819,2018-08-25 Arsenal-West Ham United,West Ham United,59’,1:1,Javier Hernández,Marko Arnautović,substitute_in
ENG-Premier League,1819,2018-08-25 Arsenal-West Ham United,West Ham United,63’,1:1,Lucas Pérez,Michail Antonio,substitute_in
ENG-Premier League,1819,2018-08-25 Arsenal-West Ham United,Arsenal,70’,2:1,Issa Diop,,own_goal
ENG-Premier League,1819,2018-08-25 Arsenal-West Ham United,Arsenal,75’,2:1,Danny Welbeck,Pierre-Emerick Aubameyang,substitute_in
ENG-Premier League,1819,2018-08-25 Arsenal-West Ham United,West Ham United,75’,2:1,Andriy Yarmolenko,Robert Snodgrass,substitute_in
ENG-Premier League,1819,2018-08-25 Arsenal-West Ham United,West Ham United,80’,2:1,Ryan Fredericks,,yellow_card
ENG-Premier League,1819,2018-08-25 Arsenal-West Ham United,West Ham United,88’,2:1,Jack Wilshere,,yellow_card
ENG-Premier League,1819,2018-08-25 Arsenal-West Ham United,Arsenal,90+2’,3:1,Danny Welbeck,Héctor Bellerín,goal
ENG-Premier League,1819,2018-08-25 Arsenal-West Ham United,Arsenal,90’,2:1,Sokratis Papastathopoulos,,yellow_card
ENG-Premier League,1819,2019-02-09 Crystal Palace-West Ham United,West Ham United,27’,0:1,Mark Noble,,penalty_goal
ENG-Premier League,1819,2019-02-09 Crystal Palace-West Ham United,Crystal Palace,35’,0:1,Aaron Wan-Bissaka,,yellow_card
ENG-Premier League,1819,2019-02-09 Crystal Palace-West Ham United,Crystal Palace,43’,0:1,Luka Milivojević,,yellow_card
ENG-Premier League,1819,2019-02-09 Crystal Palace-West Ham United,Crystal Palace,45+1’,0:1,James McArthur,,yellow_card
ENG-Premier League,1819,2019-02-09 Crystal Palace-West Ham United,Crystal Palace,60’,0:1,Michy Batshuayi,Christian Benteke,substitute_in
ENG-Premier League,1819,2019-02-09 Crystal Palace-West Ham United,West Ham United,68’,0:1,Marko Arnautović,Javier Hernández,substitute_in
ENG-Premier League,1819,2019-02-09 Crystal Palace-West Ham United,West Ham United,73’,0:1,Pedro Obiang,Michail Antonio,substitute_in
ENG-Premier League,1819,2019-02-09 Crystal Palace-West Ham United,Crystal Palace,76’,1:1,Wilfried Zaha,James McArthur,goal
ENG-Premier League,1819,2019-02-09 Crystal Palace-West Ham United,Crystal Palace,79’,1:1,Max Meyer,James McArthur,substitute_in
ENG-Premier League,1819,2019-02-09 Crystal Palace-West Ham United,West Ham United,84’,1:1,Pablo Zabaleta,Ryan Fredericks,substitute_in
ENG-Premier League,1819,2018-12-22 Bournemouth-Brighton,Bournemouth,21’,1:0,David Brooks,Joshua King,goal
ENG-Premier League,1819,2018-12-22 Bournemouth-Brighton,Bournemouth,31’,1:0,Jefferson Lerma,,yellow_card
ENG-Premier League,1819,2018-12-22 Bournemouth-Brighton,Bournemouth,43’,1:0,David Brooks,,yellow_card
ENG-Premier League,1819,2018-12-22 Bournemouth-Brighton,Brighton & Hove Albion,62’,1:0,Lewis Dunk,,yellow_card
ENG-Premier League,1819,2018-12-22 Bournemouth-Brighton,Bournemouth,65’,1:0,Ryan Fraser,Junior Stanislas,substitute_in
ENG-Premier League,1819,2018-12-22 Bournemouth-Brighton,Brighton & Hove Albion,70’,1:0,Anthony Knockaert,Jürgen Locadia,substitute_in
ENG-Premier League,1819,2018-12-22 Bournemouth-Brighton,Brighton & Hove Albion,73’,1:0,Lewis Dunk,,yellow_red_card
ENG-Premier League,1819,2018-12-22 Bournemouth-Brighton,Brighton & Hove Albion,76’,1:0,Gaëtan Bong,Pascal Groß,substitute_in
ENG-Premier League,1819,2018-12-22 Bournemouth-Brighton,Bournemouth,77’,2:0,David Brooks,Ryan Fraser,goal
ENG-Premier League,1819,2018-12-22 Bournemouth-Brighton,Brighton & Hove Albion,80’,2:0,Glenn Murray,Florin Andone,substitute_in
ENG-Premier League,1819,2018-12-22 Bournemouth-Brighton,Bournemouth,86’,2:0,Lys Mousset,Joshua King,substitute_in
ENG-Premier League,1819,2018-12-22 Bournemouth-Brighton,Bournemouth,90+2’,2:0,Jordon Ibe,David Brooks,substitute_in
ENG-Premier League,1819,2018-12-04 West Ham United-Cardiff City,Cardiff City,35’,0:0,Joe Ralls,Łukasz Fabiański,penalty_miss
ENG-Premier League,1819,2018-12-04 West Ham United-Cardiff City,West Ham United,36’,0:0,Marko Arnautović,,yellow_card
ENG-Premier League,1819,2018-12-04 West Ham United-Cardiff City,West Ham United,40’,0:0,Lucas Pérez,Marko Arnautović,substitute_in
ENG-Premier League,1819,2018-12-04 West Ham United-Cardiff City,Cardiff City,40’,0:0,Joe Ralls,,yellow_card
ENG-Premier League,1819,2018-12-04 West Ham United-Cardiff City,West Ham United,49’,1:0,Lucas Pérez,Robert Snodgrass,goal
ENG-Premier League,1819,2018-12-04 West Ham United-Cardiff City,West Ham United,54’,2:0,Lucas Pérez,Arthur Masuaku,goal
ENG-Premier League,1819,2018-12-04 West Ham United-Cardiff City,West Ham United,61’,3:0,Michail Antonio,Robert Snodgrass,goal
ENG-Premier League,1819,2018-12-04 West Ham United-Cardiff City,West Ham United,64’,3:0,Andy Carroll,Javier Hernández,substitute_in
ENG-Premier League,1819,2018-12-04 West Ham United-Cardiff City,Cardiff City,64’,3:0,Nathaniel Mendez-Laing,Joe Ralls,substitute_in
ENG-Premier League,1819,2018-12-04 West Ham United-Cardiff City,Cardiff City,64’,3:0,Josh Murphy,Junior Hoilett,substitute_in
ENG-Premier League,1819,2018-12-04 West Ham United-Cardiff City,Cardiff City,65’,3:0,Sol Bamba,,yellow_card
ENG-Premier League,1819,2018-12-04 West Ham United-Cardiff City,Cardiff City,73’,3:0,Kadeem Harris,Callum Paterson,substitute_in
ENG-Premier League,1819,2018-12-04 West Ham United-Cardiff City,West Ham United,76’,3:0,Grady Diangana,Robert Snodgrass,substitute_in
ENG-Premier League,1819,2018-12-04 West Ham United-Cardiff City,Cardiff City,90+5’,3:1,Josh Murphy,,goal
ENG-Premier League,1819,2019-01-02 Wolves-Crystal Palace,Wolverhampton Wanderers,23’,0:0,Willy Boly,,yellow_card
ENG-Premier League,1819,2019-01-02 Wolves-Crystal Palace,Wolverhampton Wanderers,45+1’,0:0,Romain Saïss,,yellow_card
ENG-Premier League,1819,2019-01-02 Wolves-Crystal Palace,Wolverhampton Wanderers,54’,0:0,Ryan Bennett,,yellow_card
ENG-Premier League,1819,2019-01-02 Wolves-Crystal Palace,Crystal Palace,62’,0:0,Luka Milivojević,,yellow_card
ENG-Premier League,1819,2019-01-02 Wolves-Crystal Palace,Wolverhampton Wanderers,64’,0:0,Morgan Gibbs-White,Hélder Costa,substitute_in
ENG-Premier League,1819,2019-01-02 Wolves-Crystal Palace,Wolverhampton Wanderers,73’,0:0,Rúben Neves,Romain Saïss,substitute_in
ENG-Premier League,1819,2019-01-02 Wolves-Crystal Palace,Crystal Palace,83’,0:1,Jordan Ayew,Patrick van Aanholt,goal
ENG-Premier League,1819,2019-01-02 Wolves-Crystal Palace,Wolverhampton Wanderers,84’,0:1,Adama Traoré,Ivan Cavaleiro,substitute_in
ENG-Premier League,1819,2019-01-02 Wolves-Crystal Palace,Crystal Palace,88’,0:1,Connor Wickham,Jordan Ayew,substitute_in
ENG-Premier League,1819,2019-01-02 Wolves-Crystal Palace,Wolverhampton Wanderers,90+1’,0:1,Jonny Castro,,yellow_card
ENG-Premier League,1819,2019-01-02 Wolves-Crystal Palace,Crystal Palace,90+5’,0:2,Luka Milivojević,,penalty_goal
ENG-Premier League,1819,2018-12-22 Manchester City-Crystal Palace,Manchester City,27’,1:0,İlkay Gündoğan,Fabian Delph,goal
ENG-Premier League,1819,2018-12-22 Manchester City-Crystal Palace,Crystal Palace,33’,1:1,Jeffrey Schlupp,James McArthur,goal
ENG-Premier League,1819,2018-12-22 Manchester City-Crystal Palace,Crystal Palace,35’,1:2,Andros Townsend,,goal
ENG-Premier League,1819,2018-12-22 Manchester City-Crystal Palace,Crystal Palace,45’,1:2,Wilfried Zaha,,yellow_card
ENG-Premier League,1819,2018-12-22 Manchester City-Crystal Palace,Manchester City,50’,1:2,Sergio Agüero,Nicolás Otamendi,substitute_in
ENG-Premier League,1819,2018-12-22 Manchester City-Crystal Palace,Crystal Palace,51’,1:3,Luka Milivojević,,penalty_goal
ENG-Premier League,1819,2018-12-22 Manchester City-Crystal Palace,Manchester City,62’,1:3,Kevin De Bruyne,Fabian Delph,substitute_in
ENG-Premier League,1819,2018-12-22 Manchester City-Crystal Palace,Manchester City,69’,1:3,Riyad Mahrez,Raheem Sterling,substitute_in
ENG-Premier League,1819,2018-12-22 Manchester City-Crystal Palace,Crystal Palace,75’,1:3,Patrick van Aanholt,,yellow_card
ENG-Premier League,1819,2018-12-22 Manchester City-Crystal Palace,Crystal Palace,80’,1:3,James McArthur,,yellow_card
ENG-Premier League,1819,2018-12-22 Manchester City-Crystal Palace,Manchester City,85’,2:3,Kevin De Bruyne,Bernardo Silva,goal
ENG-Premier League,1819,2018-12-22 Manchester City-Crystal Palace,Crystal Palace,88’,2:3,Jordan Ayew,Wilfried Zaha,substitute_in
ENG-Premier League,1819,2018-12-22 Manchester City-Crystal Palace,Crystal Palace,90+3’,2:3,Vicente Guaita,,yellow_card
ENG-Premier League,1819,2018-12-22 Manchester City-Crystal Palace,Crystal Palace,90+5’,2:3,Jason Puncheon,Max Meyer,substitute_in
ENG-Premier League,1819,2018-12-30 Crystal Palace-Chelsea,Chelsea,10’,0:0,Marcos Alonso,,yellow_card
ENG-Premier League,1819,2018-12-30 Crystal Palace-Chelsea,Chelsea,51’,0:1,N'Golo Kanté,David Luiz,goal
ENG-Premier League,1819,2018-12-30 Crystal Palace-Chelsea,Crystal Palace,69’,0:1,Connor Wickham,Jeffrey Schlupp,substitute_in
ENG-Premier League,1819,2018-12-30 Crystal Palace-Chelsea,Chelsea,76’,0:1,Álvaro Morata,Olivier Giroud,substitute_in
ENG-Premier League,1819,2018-12-30 Crystal Palace-Chelsea,Crystal Palace,78’,0:1,Max Meyer,Cheikhou Kouyaté,substitute_in
ENG-Premier League,1819,2018-12-30 Crystal Palace-Chelsea,Chelsea,82’,0:1,Emerson Palmieri,Willian,substitute_in
ENG-Premier League,1819,2018-12-30 Crystal Palace-Chelsea,Chelsea,88’,0:1,Mateo Kovačić,Ross Barkley,substitute_in
ENG-Premier League,1819,2018-12-29 Watford-Newcastle United,Newcastle United,29’,0:1,Salomón Rondón,Matt Ritchie,goal
ENG-Premier League,1819,2018-12-29 Watford-Newcastle United,Watford,44’,0:1,Adam Masina,,yellow_card
ENG-Premier League,1819,2018-12-29 Watford-Newcastle United,Newcastle United,46’,0:1,Fabian Schär,Federico Fernández,substitute_in
ENG-Premier League,1819,2018-12-29 Watford-Newcastle United,Watford,54’,0:1,Troy Deeney,Will Hughes,substitute_in
ENG-Premier League,1819,2018-12-29 Watford-Newcastle United,Watford,54’,0:1,Abdoulaye Doucouré,Domingos Quina,substitute_in
ENG-Premier League,1819,2018-12-29 Watford-Newcastle United,Newcastle United,66’,0:1,DeAndre Yedlin,,yellow_card
ENG-Premier League,1819,2018-12-29 Watford-Newcastle United,Watford,78’,0:1,José Holebas,Adam Masina,substitute_in
ENG-Premier League,1819,2018-12-29 Watford-Newcastle United,Newcastle United,79’,0:1,Jonjo Shelvey,Isaac Hayden,substitute_in
ENG-Premier League,1819,2018-12-29 Watford-Newcastle United,Watford,82’,1:1,Abdoulaye Doucouré,Gerard Deulofeu,goal
ENG-Premier League,1819,2018-12-29 Watford-Newcastle United,Newcastle United,90+1’,1:1,Fabian Schär,,yellow_card
ENG-Premier League,1819,2019-05-12 Southampton-Huddersfield Town,Southampton,41’,1:0,Nathan Redmond,Danny Ings,goal
ENG-Premier League,1819,2019-05-12 Southampton-Huddersfield Town,Southampton,46’,1:0,Matt Targett,Shane Long,substitute_in
ENG-Premier League,1819,2019-05-12 Southampton-Huddersfield Town,Huddersfield Town,55’,1:1,Alex Pritchard,,goal
ENG-Premier League,1819,2019-05-12 Southampton-Huddersfield Town,Huddersfield Town,66’,1:1,Matty Daly,Juninho Bacuna,substitute_in
ENG-Premier League,1819,2019-05-12 Southampton-Huddersfield Town,Southampton,76’,1:1,Charlie Austin,Danny Ings,substitute_in
ENG-Premier League,1819,2019-05-12 Southampton-Huddersfield Town,Southampton,84’,1:1,Josh Sims,Oriol Romeu,substitute_in
ENG-Premier League,1819,2019-05-12 Southampton-Huddersfield Town,Huddersfield Town,84’,1:1,Jonathan Hogg,,yellow_card
ENG-Premier League,1819,2019-05-12 Southampton-Huddersfield Town,Huddersfield Town,86’,1:1,Steve Mounié,Alex Pritchard,substitute_in
ENG-Premier League,1819,2019-01-12 Burnley-Fulham,Burnley,20’,1:1,Jeff Hendrick,Dwight McNeil,goal
ENG-Premier League,1819,2019-01-12 Burnley-Fulham,Burnley,23’,2:1,Denis Odoi,,own_goal
ENG-Premier League,1819,2019-01-12 Burnley-Fulham,Fulham,2’,0:1,André Schürrle,Denis Odoi,goal
ENG-Premier League,1819,2019-01-12 Burnley-Fulham,Fulham,34’,2:1,Calum Chambers,,yellow_card
ENG-Premier League,1819,2019-01-12 Burnley-Fulham,Fulham,46’,2:1,Luciano Vietto,Ryan Sessegnon,substitute_in
ENG-Premier League,1819,2019-01-12 Burnley-Fulham,Fulham,61’,2:1,Tom Cairney,Joe Bryan,substitute_in
ENG-Premier League,1819,2019-01-12 Burnley-Fulham,Fulham,65’,2:1,Cyrus Christie,,yellow_card
ENG-Premier League,1819,2019-01-12 Burnley-Fulham,Burnley,72’,2:1,James Tarkowski,,yellow_card
ENG-Premier League,1819,2019-01-12 Burnley-Fulham,Fulham,77’,2:1,Neeskens Kebano,André Schürrle,substitute_in
ENG-Premier League,1819,2019-01-12 Burnley-Fulham,Burnley,87’,2:1,Sam Vokes,Chris Wood,substitute_in
ENG-Premier League,1819,2018-12-04 Brighton-Crystal Palace,Brighton & Hove Albion,24’,1:0,Glenn Murray,,penalty_goal
ENG-Premier League,1819,2018-12-04 Brighton-Crystal Palace,Brighton & Hove Albion,28’,1:0,Shane Duffy,,red_card
ENG-Premier League,1819,2018-12-04 Brighton-Crystal Palace,Brighton & Hove Albion,31’,1:0,Leon Balogun,Pascal Groß,substitute_in
ENG-Premier League,1819,2018-12-04 Brighton-Crystal Palace,Brighton & Hove Albion,31’,2:0,Leon Balogun,,goal
ENG-Premier League,1819,2018-12-04 Brighton-Crystal Palace,Brighton & Hove Albion,35’,2:0,Florin Andone,Glenn Murray,substitute_in
ENG-Premier League,1819,2018-12-04 Brighton-Crystal Palace,Crystal Palace,37’,2:0,James Tomkins,,yellow_card
ENG-Premier League,1819,2018-12-04 Brighton-Crystal Palace,Brighton & Hove Albion,45+4’,3:0,Florin Andone,,goal
ENG-Premier League,1819,2018-12-04 Brighton-Crystal Palace,Brighton & Hove Albion,49’,3:0,Anthony Knockaert,José Izquierdo,substitute_in
ENG-Premier League,1819,2018-12-04 Brighton-Crystal Palace,Crystal Palace,58’,3:0,Alexander Sørloth,Cheikhou Kouyaté,substitute_in
ENG-Premier League,1819,2018-12-04 Brighton-Crystal Palace,Crystal Palace,67’,3:0,Wilfried Zaha,,yellow_card
ENG-Premier League,1819,2018-12-04 Brighton-Crystal Palace,Crystal Palace,73’,3:0,Jeffrey Schlupp,James McArthur,substitute_in
ENG-Premier League,1819,2018-12-04 Brighton-Crystal Palace,Brighton & Hove Albion,77’,3:0,Bernardo,,yellow_card
ENG-Premier League,1819,2018-12-04 Brighton-Crystal Palace,Brighton & Hove Albion,80’,3:0,Yves Bissouma,,yellow_card
ENG-Premier League,1819,2018-12-04 Brighton-Crystal Palace,Crystal Palace,81’,3:1,Luka Milivojević,,penalty_goal
ENG-Premier League,1819,2018-12-04 Brighton-Crystal Palace,Crystal Palace,82’,3:1,Luka Milivojević,,yellow_card
ENG-Premier League,1819,2018-11-03 Arsenal-Liverpool,Liverpool,52’,0:0,Fabinho,,yellow_card
ENG-Premier League,1819,2018-11-03 Arsenal-Liverpool,Liverpool,61’,0:1,James Milner,,goal
ENG-Premier League,1819,2018-11-03 Arsenal-Liverpool,Arsenal,68’,0:1,Alex Iwobi,Henrikh Mkhitaryan,substitute_in
ENG-Premier League,1819,2018-11-03 Arsenal-Liverpool,Arsenal,73’,0:1,Aaron Ramsey,Pierre-Emerick Aubameyang,substitute_in
ENG-Premier League,1819,2018-11-03 Arsenal-Liverpool,Liverpool,80’,0:1,Xherdan Shaqiri,Roberto Firmino,substitute_in
ENG-Premier League,1819,2018-11-03 Arsenal-Liverpool,Arsenal,81’,0:1,Danny Welbeck,Sead Kolašinac,substitute_in
ENG-Premier League,1819,2018-11-03 Arsenal-Liverpool,Arsenal,82’,1:1,Alexandre Lacazette,Alex Iwobi,goal
ENG-Premier League,1819,2018-11-03 Arsenal-Liverpool,Arsenal,83’,1:1,Alexandre Lacazette,,yellow_card
ENG-Premier League,1819,2018-11-03 Arsenal-Liverpool,Liverpool,90+4’,1:1,Joël Matip,Mohamed Salah,substitute_in
ENG-Premier League,1819,2019-02-26 Newcastle United-Burnley,Newcastle United,22’,0:0,Sean Longstaff,,yellow_card
ENG-Premier League,1819,2019-02-26 Newcastle United-Burnley,Newcastle United,24’,1:0,Fabian Schär,Javier Manquillo,goal
ENG-Premier League,1819,2019-02-26 Newcastle United-Burnley,Newcastle United,38’,2:0,Sean Longstaff,,goal
ENG-Premier League,1819,2019-02-26 Newcastle United-Burnley,Burnley,39’,2:0,Ben Mee,,yellow_card
ENG-Premier League,1819,2019-02-26 Newcastle United-Burnley,Burnley,46’,2:0,Robbie Brady,Dwight McNeil,substitute_in
ENG-Premier League,1819,2019-02-26 Newcastle United-Burnley,Burnley,60’,2:0,Jeff Hendrick,,yellow_card
ENG-Premier League,1819,2019-02-26 Newcastle United-Burnley,Burnley,71’,2:0,Peter Crouch,Ashley Barnes,substitute_in
ENG-Premier League,1819,2019-02-26 Newcastle United-Burnley,Newcastle United,80’,2:0,Paul Dummett,Miguel Almirón,substitute_in
ENG-Premier League,1819,2019-02-26 Newcastle United-Burnley,Burnley,83’,2:0,Matěj Vydra,Chris Wood,substitute_in
ENG-Premier League,1819,2019-02-26 Newcastle United-Burnley,Newcastle United,85’,2:0,Mohamed Diamé,Sean Longstaff,substitute_in
ENG-Premier League,1819,2019-02-26 Newcastle United-Burnley,Newcastle United,87’,2:0,Joselu,Ayoze Pérez,substitute_in
ENG-Premier League,1819,2019-02-26 Newcastle United-Burnley,Burnley,88’,2:0,Peter Crouch,,yellow_card
ENG-Premier League,1819,2019-03-09 Newcastle United-Everton,Everton,18’,0:1,Dominic Calvert-Lewin,Lucas Digne,goal
ENG-Premier League,1819,2019-03-09 Newcastle United-Everton,Newcastle United,31’,0:1,Matt Ritchie,Jordan Pickford,penalty_miss
ENG-Premier League,1819,2019-03-09 Newcastle United-Everton,Everton,32’,0:2,Richarlison,,goal
ENG-Premier League,1819,2019-03-09 Newcastle United-Everton,Newcastle United,42’,0:2,Jamaal Lascelles,,yellow_card
ENG-Premier League,1819,2019-03-09 Newcastle United-Everton,Newcastle United,46’,0:2,Paul Dummett,Jamaal Lascelles,substitute_in
ENG-Premier League,1819,2019-03-09 Newcastle United-Everton,Everton,53’,0:2,Jonjoe Kenny,,yellow_card
ENG-Premier League,1819,2019-03-09 Newcastle United-Everton,Newcastle United,65’,1:2,Salomón Rondón,Ayoze Pérez,goal
ENG-Premier League,1819,2019-03-09 Newcastle United-Everton,Newcastle United,70’,1:2,Fabian Schär,,yellow_card
ENG-Premier League,1819,2019-03-09 Newcastle United-Everton,Newcastle United,73’,1:2,Kenedy,Matt Ritchie,substitute_in
ENG-Premier League,1819,2019-03-09 Newcastle United-Everton,Everton,75’,1:2,Yerry Mina,Richarlison,substitute_in
ENG-Premier League,1819,2019-03-09 Newcastle United-Everton,Newcastle United,79’,1:2,Jonjo Shelvey,Ki Sung-yueng,substitute_in
ENG-Premier League,1819,2019-03-09 Newcastle United-Everton,Newcastle United,81’,2:2,Ayoze Pérez,,goal
ENG-Premier League,1819,2019-03-09 Newcastle United-Everton,Everton,82’,2:2,Ademola Lookman,Bernard,substitute_in
ENG-Premier League,1819,2019-03-09 Newcastle United-Everton,Newcastle United,84’,3:2,Ayoze Pérez,Salomón Rondón,goal
ENG-Premier League,1819,2019-03-09 Newcastle United-Everton,Everton,87’,3:2,Theo Walcott,Jonjoe Kenny,substitute_in
ENG-Premier League,1819,2019-03-09 Newcastle United-Everton,Newcastle United,89’,3:2,Jonjo Shelvey,,yellow_card
ENG-Premier League,1819,2019-02-09 Liverpool-Bournemouth,Liverpool,24’,1:0,Sadio Mané,James Milner,goal
ENG-Premier League,1819,2019-02-09 Liverpool-Bournemouth,Bournemouth,25’,1:0,Diego Rico,,yellow_card
ENG-Premier League,1819,2019-02-09 Liverpool-Bournemouth,Liverpool,34’,2:0,Georginio Wijnaldum,Andrew Robertson,goal
ENG-Premier League,1819,2019-02-09 Liverpool-Bournemouth,Bournemouth,38’,2:0,Adam Smith,,yellow_card
ENG-Premier League,1819,2019-02-09 Liverpool-Bournemouth,Liverpool,48’,3:0,Mohamed Salah,Roberto Firmino,goal
ENG-Premier League,1819,2019-02-09 Liverpool-Bournemouth,Bournemouth,59’,3:0,Dominic Solanke,Jordon Ibe,substitute_in
ENG-Premier League,1819,2019-02-09 Liverpool-Bournemouth,Liverpool,61’,3:0,Joël Matip,,yellow_card
ENG-Premier League,1819,2019-02-09 Liverpool-Bournemouth,Bournemouth,73’,3:0,Lys Mousset,Jefferson Lerma,substitute_in
ENG-Premier League,1819,2019-02-09 Liverpool-Bournemouth,Liverpool,77’,3:0,Trent Alexander-Arnold,Georginio Wijnaldum,substitute_in
ENG-Premier League,1819,2019-02-09 Liverpool-Bournemouth,Bournemouth,80’,3:0,Chris Mepham,Diego Rico,substitute_in
ENG-Premier League,1819,2019-02-09 Liverpool-Bournemouth,Liverpool,87’,3:0,Andrew Robertson,,yellow_card
ENG-Premier League,1819,2019-02-09 Liverpool-Bournemouth,Liverpool,87’,3:0,Divock Origi,Sadio Mané,substitute_in
ENG-Premier League,1819,2019-02-09 Liverpool-Bournemouth,Liverpool,90’,3:0,Daniel Sturridge,Roberto Firmino,substitute_in
ENG-Premier League,1819,2018-12-08 Chelsea-Manchester City,Chelsea,45’,1:0,N'Golo Kanté,Eden Hazard,goal
ENG-Premier League,1819,2018-12-08 Chelsea-Manchester City,Manchester City,53’,1:0,Gabriel Jesus,Leroy Sané,substitute_in
ENG-Premier League,1819,2018-12-08 Chelsea-Manchester City,Chelsea,63’,1:0,Jorginho,,yellow_card
ENG-Premier League,1819,2018-12-08 Chelsea-Manchester City,Chelsea,65’,1:0,Ross Barkley,Mateo Kovačić,substitute_in
ENG-Premier League,1819,2018-12-08 Chelsea-Manchester City,Manchester City,68’,1:0,İlkay Gündoğan,David Silva,substitute_in
ENG-Premier League,1819,2018-12-08 Chelsea-Manchester City,Chelsea,75’,1:0,Ruben Loftus-Cheek,Willian,substitute_in
ENG-Premier League,1819,2018-12-08 Chelsea-Manchester City,Chelsea,78’,2:0,David Luiz,Eden Hazard,goal
ENG-Premier League,1819,2018-12-08 Chelsea-Manchester City,Chelsea,80’,2:0,Pedro,,yellow_card
ENG-Premier League,1819,2018-12-08 Chelsea-Manchester City,Manchester City,84’,2:0,Phil Foden,Riyad Mahrez,substitute_in
ENG-Premier League,1819,2018-12-08 Chelsea-Manchester City,Chelsea,90’,2:0,Olivier Giroud,Eden Hazard,substitute_in
ENG-Premier League,1819,2019-01-19 Wolves-Leicester City,Wolverhampton Wanderers,12’,2:0,Ryan Bennett,João Moutinho,goal
ENG-Premier League,1819,2019-01-19 Wolves-Leicester City,Leicester City,2’,0:0,Nampalys Mendy,,yellow_card
ENG-Premier League,1819,2019-01-19 Wolves-Leicester City,Wolverhampton Wanderers,44’,2:0,Ryan Bennett,,yellow_card
ENG-Premier League,1819,2019-01-19 Wolves-Leicester City,Leicester City,45+1’,2:0,Ricardo Pereira,,yellow_card
ENG-Premier League,1819,2019-01-19 Wolves-Leicester City,Wolverhampton Wanderers,45+2’,2:0,Diogo Jota,,yellow_card
ENG-Premier League,1819,2019-01-19 Wolves-Leicester City,Leicester City,47’,2:1,Demarai Gray,Jamie Vardy,goal
ENG-Premier League,1819,2019-01-19 Wolves-Leicester City,Leicester City,48’,2:1,Jonny Evans,Harry Maguire,substitute_in
ENG-Premier League,1819,2019-01-19 Wolves-Leicester City,Wolverhampton Wanderers,4’,1:0,Diogo Jota,João Moutinho,goal
ENG-Premier League,1819,2019-01-19 Wolves-Leicester City,Leicester City,51’,2:2,Conor Coady,,own_goal
ENG-Premier League,1819,2019-01-19 Wolves-Leicester City,Leicester City,58’,2:2,Wilfred Ndidi,,yellow_card
ENG-Premier League,1819,2019-01-19 Wolves-Leicester City,Wolverhampton Wanderers,64’,3:2,Diogo Jota,Rúben Neves,goal
ENG-Premier League,1819,2019-01-19 Wolves-Leicester City,Wolverhampton Wanderers,73’,3:2,Matt Doherty,Rúben Vinagre,substitute_in
ENG-Premier League,1819,2019-01-19 Wolves-Leicester City,Leicester City,73’,3:2,James Maddison,Harvey Barnes,substitute_in
ENG-Premier League,1819,2019-01-19 Wolves-Leicester City,Wolverhampton Wanderers,81’,3:2,Morgan Gibbs-White,João Moutinho,substitute_in
ENG-Premier League,1819,2019-01-19 Wolves-Leicester City,Leicester City,83’,3:2,Kelechi Iheanacho,Danny Simpson,substitute_in
ENG-Premier League,1819,2019-01-19 Wolves-Leicester City,Wolverhampton Wanderers,86’,3:2,Jonny Castro,,yellow_card
ENG-Premier League,1819,2019-01-19 Wolves-Leicester City,Leicester City,87’,3:3,Wes Morgan,James Maddison,goal
ENG-Premier League,1819,2019-01-19 Wolves-Leicester City,Wolverhampton Wanderers,90+3’,4:3,Diogo Jota,Raúl Jiménez,goal
ENG-Premier League,1819,2019-05-04 Wolves-Fulham,Fulham,22’,0:0,Calum Chambers,,yellow_card
ENG-Premier League,1819,2019-05-04 Wolves-Fulham,Fulham,32’,0:0,Maxime Le Marchand,,yellow_card
ENG-Premier League,1819,2019-05-04 Wolves-Fulham,Fulham,73’,0:0,Cyrus Christie,,yellow_card
ENG-Premier League,1819,2019-05-04 Wolves-Fulham,Wolverhampton Wanderers,75’,1:0,Leander Dendoncker,Matt Doherty,goal
ENG-Premier League,1819,2019-05-04 Wolves-Fulham,Wolverhampton Wanderers,7’,0:0,Diogo Jota,,yellow_card
ENG-Premier League,1819,2019-05-04 Wolves-Fulham,Fulham,82’,1:0,Floyd Ayité,Ryan Sessegnon,substitute_in
ENG-Premier League,1819,2019-05-04 Wolves-Fulham,Fulham,88’,1:0,Harvey Elliott,Andre-Frank Zambo Anguissa,substitute_in
ENG-Premier League,1819,2019-05-04 Wolves-Fulham,Wolverhampton Wanderers,90+3’,1:0,Max Kilman,Willy Boly,substitute_in
ENG-Premier League,1819,2019-05-04 Wolves-Fulham,Wolverhampton Wanderers,90+3’,1:0,Will Norris,Rui Patrício,substitute_in
ENG-Premier League,1819,2019-05-04 Wolves-Fulham,Wolverhampton Wanderers,90+4’,1:0,Rúben Vinagre,Jonny Castro,substitute_in
ENG-Premier League,1819,2018-09-22 Crystal Palace-Newcastle United,Newcastle United,36’,0:0,DeAndre Yedlin,,yellow_card
ENG-Premier League,1819,2018-09-22 Crystal Palace-Newcastle United,Newcastle United,46’,0:0,Joselu,Salomón Rondón,substitute_in
ENG-Premier League,1819,2018-09-22 Crystal Palace-Newcastle United,Crystal Palace,51’,0:0,James Tomkins,,yellow_card
ENG-Premier League,1819,2018-09-22 Crystal Palace-Newcastle United,Crystal Palace,63’,0:0,Max Meyer,Cheikhou Kouyaté,substitute_in
ENG-Premier League,1819,2018-09-22 Crystal Palace-Newcastle United,Crystal Palace,71’,0:0,Alexander Sørloth,Jordan Ayew,substitute_in
ENG-Premier League,1819,2018-09-22 Crystal Palace-Newcastle United,Newcastle United,73’,0:0,Christian Atsu,Matt Ritchie,substitute_in
ENG-Premier League,1819,2018-09-22 Crystal Palace-Newcastle United,Newcastle United,81’,0:0,Yoshinori Mutō,Ayoze Pérez,substitute_in
ENG-Premier League,1819,2019-03-02 Manchester Utd-Southampton,Southampton,26’,0:1,Yan Valery,Charlie Austin,goal
ENG-Premier League,1819,2019-03-02 Manchester Utd-Southampton,Southampton,39’,0:1,Ryan Bertrand,,yellow_card
ENG-Premier League,1819,2019-03-02 Manchester Utd-Southampton,Manchester United,52’,0:1,Diogo Dalot,Alexis Sánchez,substitute_in
ENG-Premier League,1819,2019-03-02 Manchester Utd-Southampton,Manchester United,53’,1:1,Andreas Pereira,Diogo Dalot,goal
ENG-Premier League,1819,2019-03-02 Manchester Utd-Southampton,Manchester United,59’,2:1,Romelu Lukaku,Andreas Pereira,goal
ENG-Premier League,1819,2019-03-02 Manchester Utd-Southampton,Southampton,63’,2:1,Stuart Armstrong,Charlie Austin,substitute_in
ENG-Premier League,1819,2019-03-02 Manchester Utd-Southampton,Southampton,75’,2:2,James Ward-Prowse,,goal
ENG-Premier League,1819,2019-03-02 Manchester Utd-Southampton,Manchester United,82’,2:2,Fred,Andreas Pereira,substitute_in
ENG-Premier League,1819,2019-03-02 Manchester Utd-Southampton,Manchester United,88’,3:2,Romelu Lukaku,,goal
ENG-Premier League,1819,2019-03-02 Manchester Utd-Southampton,Manchester United,89’,3:2,Romelu Lukaku,,yellow_card
ENG-Premier League,1819,2019-03-02 Manchester Utd-Southampton,Manchester United,90+4’,3:2,Paul Pogba,Angus Gunn,penalty_miss
ENG-Premier League,1819,2019-03-02 Manchester Utd-Southampton,Manchester United,90+5’,3:2,Tahith Chong,Marcus Rashford,substitute_in
ENG-Premier League,1819,2019-03-02 Manchester Utd-Southampton,Manchester United,90+6’,3:2,Paul Pogba,,yellow_card
ENG-Premier League,1819,2019-03-02 Manchester Utd-Southampton,Southampton,90’,3:2,Sam Gallagher,Maya Yoshida,substitute_in
ENG-Premier League,1819,2019-05-04 Newcastle United-Liverpool,Liverpool,13’,0:1,Virgil van Dijk,Trent Alexander-Arnold,goal
ENG-Premier League,1819,2019-05-04 Newcastle United-Liverpool,Newcastle United,20’,1:1,Christian Atsu,,goal
ENG-Premier League,1819,2019-05-04 Newcastle United-Liverpool,Liverpool,28’,1:2,Mohamed Salah,Trent Alexander-Arnold,goal
ENG-Premier League,1819,2019-05-04 Newcastle United-Liverpool,Newcastle United,45+2’,1:2,Fabian Schär,,yellow_card
ENG-Premier League,1819,2019-05-04 Newcastle United-Liverpool,Newcastle United,54’,2:2,Salomón Rondón,Javier Manquillo,goal
ENG-Premier League,1819,2019-05-04 Newcastle United-Liverpool,Liverpool,66’,2:2,Xherdan Shaqiri,Georginio Wijnaldum,substitute_in
ENG-Premier League,1819,2019-05-04 Newcastle United-Liverpool,Liverpool,73’,2:2,Divock Origi,Mohamed Salah,substitute_in
ENG-Premier League,1819,2019-05-04 Newcastle United-Liverpool,Liverpool,83’,2:2,James Milner,Dejan Lovren,substitute_in
ENG-Premier League,1819,2019-05-04 Newcastle United-Liverpool,Liverpool,86’,2:3,Divock Origi,Xherdan Shaqiri,goal
ENG-Premier League,1819,2019-05-04 Newcastle United-Liverpool,Newcastle United,90+1’,2:3,Yoshinori Mutō,Fabian Schär,substitute_in
ENG-Premier League,1819,2019-05-04 Newcastle United-Liverpool,Liverpool,90+2’,2:3,James Milner,,yellow_card
ENG-Premier League,1819,2019-05-05 Arsenal-Brighton,Arsenal,14’,1:0,Sokratis Papastathopoulos,,yellow_card
ENG-Premier League,1819,2019-05-05 Arsenal-Brighton,Brighton & Hove Albion,45+2’,1:0,Pascal Groß,,yellow_card
ENG-Premier League,1819,2019-05-05 Arsenal-Brighton,Brighton & Hove Albion,46’,1:0,Anthony Knockaert,Alireza Jahanbakhsh,substitute_in
ENG-Premier League,1819,2019-05-05 Arsenal-Brighton,Arsenal,60’,1:0,Granit Xhaka,,yellow_card
ENG-Premier League,1819,2019-05-05 Arsenal-Brighton,Brighton & Hove Albion,61’,1:1,Glenn Murray,,penalty_goal
ENG-Premier League,1819,2019-05-05 Arsenal-Brighton,Brighton & Hove Albion,63’,1:1,Lewis Dunk,,yellow_card
ENG-Premier League,1819,2019-05-05 Arsenal-Brighton,Arsenal,64’,1:1,Stephan Lichtsteiner,,yellow_card
ENG-Premier League,1819,2019-05-05 Arsenal-Brighton,Arsenal,77’,1:1,Sead Kolašinac,Stephan Lichtsteiner,substitute_in
ENG-Premier League,1819,2019-05-05 Arsenal-Brighton,Arsenal,77’,1:1,Mattéo Guendouzi,Henrikh Mkhitaryan,substitute_in
ENG-Premier League,1819,2019-05-05 Arsenal-Brighton,Arsenal,77’,1:1,Alex Iwobi,Granit Xhaka,substitute_in
ENG-Premier League,1819,2019-05-05 Arsenal-Brighton,Brighton & Hove Albion,78’,1:1,Florin Andone,Glenn Murray,substitute_in
ENG-Premier League,1819,2019-05-05 Arsenal-Brighton,Arsenal,83’,1:1,Mattéo Guendouzi,,yellow_card
ENG-Premier League,1819,2019-05-05 Arsenal-Brighton,Arsenal,84’,1:1,Shkodran Mustafi,,yellow_card
ENG-Premier League,1819,2019-05-05 Arsenal-Brighton,Brighton & Hove Albion,90+2’,1:1,Beram Kayal,Pascal Groß,substitute_in
ENG-Premier League,1819,2019-05-05 Arsenal-Brighton,Arsenal,9’,1:0,Pierre-Emerick Aubameyang,,penalty_goal
ENG-Premier League,1819,2018-09-29 Newcastle United-Leicester City,Leicester City,30’,0:1,Jamie Vardy,,penalty_goal
ENG-Premier League,1819,2018-09-29 Newcastle United-Leicester City,Newcastle United,65’,0:1,Jacob Murphy,Matt Ritchie,substitute_in
ENG-Premier League,1819,2018-09-29 Newcastle United-Leicester City,Newcastle United,69’,0:1,Yoshinori Mutō,Ayoze Pérez,substitute_in
ENG-Premier League,1819,2018-09-29 Newcastle United-Leicester City,Leicester City,73’,0:2,Harry Maguire,James Maddison,goal
ENG-Premier League,1819,2018-09-29 Newcastle United-Leicester City,Leicester City,74’,0:2,Marc Albrighton,Jamie Vardy,substitute_in
ENG-Premier League,1819,2018-09-29 Newcastle United-Leicester City,Newcastle United,80’,0:2,Javier Manquillo,DeAndre Yedlin,substitute_in
ENG-Premier League,1819,2018-09-29 Newcastle United-Leicester City,Leicester City,85’,0:2,Vicente Iborra,James Maddison,substitute_in
ENG-Premier League,1819,2018-10-20 Bournemouth-Southampton,Southampton,34’,0:0,Ryan Bertrand,,yellow_card
ENG-Premier League,1819,2018-10-20 Bournemouth-Southampton,Southampton,41’,0:0,Mario Lemina,,yellow_card
ENG-Premier League,1819,2018-10-20 Bournemouth-Southampton,Bournemouth,59’,0:0,Junior Stanislas,David Brooks,substitute_in
ENG-Premier League,1819,2018-10-20 Bournemouth-Southampton,Southampton,66’,0:0,Stuart Armstrong,Mario Lemina,substitute_in
ENG-Premier League,1819,2018-10-20 Bournemouth-Southampton,Bournemouth,77’,0:0,Jordon Ibe,Ryan Fraser,substitute_in
ENG-Premier League,1819,2018-10-20 Bournemouth-Southampton,Southampton,78’,0:0,Shane Long,Charlie Austin,substitute_in
ENG-Premier League,1819,2018-10-20 Bournemouth-Southampton,Southampton,79’,0:0,Manolo Gabbiadini,Danny Ings,substitute_in
ENG-Premier League,1819,2018-10-20 Bournemouth-Southampton,Bournemouth,85’,0:0,Dan Gosling,Joshua King,substitute_in
ENG-Premier League,1819,2018-10-20 Bournemouth-Southampton,Bournemouth,86’,0:0,Callum Wilson,,yellow_card
ENG-Premier League,1819,2019-01-20 Fulham-Tottenham Hotspur,Fulham,17’,1:0,Fernando Llorente,,own_goal
ENG-Premier League,1819,2019-01-20 Fulham-Tottenham Hotspur,Tottenham Hotspur,51’,1:1,Dele Alli,Christian Eriksen,goal
ENG-Premier League,1819,2019-01-20 Fulham-Tottenham Hotspur,Fulham,55’,1:1,Ryan Sessegnon,Ryan Babel,substitute_in
ENG-Premier League,1819,2019-01-20 Fulham-Tottenham Hotspur,Fulham,72’,1:1,Neeskens Kebano,André Schürrle,substitute_in
ENG-Premier League,1819,2019-01-20 Fulham-Tottenham Hotspur,Fulham,74’,1:1,Aleksandar Mitrović,,yellow_card
ENG-Premier League,1819,2019-01-20 Fulham-Tottenham Hotspur,Tottenham Hotspur,74’,1:1,Davinson Sánchez,,yellow_card
ENG-Premier League,1819,2019-01-20 Fulham-Tottenham Hotspur,Fulham,75’,1:1,Jean Seri,,yellow_card
ENG-Premier League,1819,2019-01-20 Fulham-Tottenham Hotspur,Tottenham Hotspur,79’,1:1,Danny Rose,,yellow_card
ENG-Premier League,1819,2019-01-20 Fulham-Tottenham Hotspur,Tottenham Hotspur,79’,1:1,Eric Dier,Érik Lamela,substitute_in
ENG-Premier League,1819,2019-01-20 Fulham-Tottenham Hotspur,Fulham,81’,1:1,Ibrahima Cissé,Jean Seri,substitute_in
ENG-Premier League,1819,2019-01-20 Fulham-Tottenham Hotspur,Tottenham Hotspur,86’,1:1,Georges-Kévin N'Koudou,Dele Alli,substitute_in
ENG-Premier League,1819,2019-01-20 Fulham-Tottenham Hotspur,Tottenham Hotspur,90+3’,1:2,Harry Winks,Georges-Kévin N'Koudou,goal
ENG-Premier League,1819,2019-01-20 Fulham-Tottenham Hotspur,Tottenham Hotspur,90+4’,1:2,Toby Alderweireld,,yellow_card
ENG-Premier League,1819,2018-11-26 Burnley-Newcastle United,Newcastle United,23’,0:2,Ciaran Clark,Matt Ritchie,goal
ENG-Premier League,1819,2018-11-26 Burnley-Newcastle United,Burnley,40’,1:2,Sam Vokes,Ben Mee,goal
ENG-Premier League,1819,2018-11-26 Burnley-Newcastle United,Newcastle United,4’,0:1,Ben Mee,,own_goal
ENG-Premier League,1819,2018-11-26 Burnley-Newcastle United,Newcastle United,71’,1:2,Joselu,Salomón Rondón,substitute_in
ENG-Premier League,1819,2018-11-26 Burnley-Newcastle United,Burnley,82’,1:2,Jeff Hendrick,Steven Defour,substitute_in
ENG-Premier League,1819,2018-11-26 Burnley-Newcastle United,Burnley,83’,1:2,Ashley Barnes,Robbie Brady,substitute_in
ENG-Premier League,1819,2018-11-26 Burnley-Newcastle United,Newcastle United,90+4’,1:2,Matt Ritchie,,yellow_card
ENG-Premier League,1819,2018-11-26 Burnley-Newcastle United,Newcastle United,90’,1:2,Isaac Hayden,Kenedy,substitute_in
ENG-Premier League,1819,2019-05-04 West Ham United-Southampton,West Ham United,16’,1:0,Marko Arnautović,Mark Noble,goal
ENG-Premier League,1819,2019-05-04 West Ham United-Southampton,Southampton,46’,1:0,Nathan Redmond,Danny Ings,substitute_in
ENG-Premier League,1819,2019-05-04 West Ham United-Southampton,West Ham United,63’,1:0,Manuel Lanzini,,yellow_card
ENG-Premier League,1819,2019-05-04 West Ham United-Southampton,Southampton,67’,1:0,James Ward-Prowse,Stuart Armstrong,substitute_in
ENG-Premier League,1819,2019-05-04 West Ham United-Southampton,West Ham United,68’,1:0,Jack Wilshere,Grady Diangana,substitute_in
ENG-Premier League,1819,2019-05-04 West Ham United-Southampton,West Ham United,69’,2:0,Marko Arnautović,,goal
ENG-Premier League,1819,2019-05-04 West Ham United-Southampton,West Ham United,72’,3:0,Ryan Fredericks,,goal
ENG-Premier League,1819,2019-05-04 West Ham United-Southampton,Southampton,75’,3:0,Oriol Romeu,Mario Lemina,substitute_in
ENG-Premier League,1819,2019-05-04 West Ham United-Southampton,West Ham United,78’,3:0,Carlos Sánchez,Mark Noble,substitute_in
ENG-Premier League,1819,2019-05-04 West Ham United-Southampton,Southampton,80’,3:0,Oriol Romeu,,yellow_card
ENG-Premier League,1819,2019-05-04 West Ham United-Southampton,West Ham United,83’,3:0,Lucas Pérez,Manuel Lanzini,substitute_in
ENG-Premier League,1819,2018-11-24 Manchester Utd-Crystal Palace,Crystal Palace,27’,0:0,Mamadou Sakho,,yellow_card
ENG-Premier League,1819,2018-11-24 Manchester Utd-Crystal Palace,Manchester United,60’,0:0,Marouane Fellaini,Jesse Lingard,substitute_in
ENG-Premier League,1819,2018-11-24 Manchester Utd-Crystal Palace,Manchester United,60’,0:0,Marcus Rashford,Juan Mata,substitute_in
ENG-Premier League,1819,2018-11-24 Manchester Utd-Crystal Palace,Manchester United,68’,0:0,Alexis Sánchez,Paul Pogba,substitute_in
ENG-Premier League,1819,2018-11-24 Manchester Utd-Crystal Palace,Manchester United,71’,0:0,Ashley Young,,yellow_card
ENG-Premier League,1819,2018-11-24 Manchester Utd-Crystal Palace,Crystal Palace,88’,0:0,Jeffrey Schlupp,Andros Townsend,substitute_in
ENG-Premier League,1819,2018-11-24 Manchester Utd-Crystal Palace,Crystal Palace,90+1’,0:0,Jordan Ayew,Wilfried Zaha,substitute_in
ENG-Premier League,1819,2018-11-24 Manchester Utd-Crystal Palace,Crystal Palace,9’,0:0,Luka Milivojević,,yellow_card
ENG-Premier League,1819,2018-12-05 Manchester Utd-Arsenal,Arsenal,26’,0:1,Shkodran Mustafi,Lucas Torreira,goal
ENG-Premier League,1819,2018-12-05 Manchester Utd-Arsenal,Manchester United,30’,1:1,Anthony Martial,Ander Herrera,goal
ENG-Premier League,1819,2018-12-05 Manchester Utd-Arsenal,Arsenal,36’,1:1,Stephan Lichtsteiner,Rob Holding,substitute_in
ENG-Premier League,1819,2018-12-05 Manchester Utd-Arsenal,Arsenal,37’,1:1,Shkodran Mustafi,,yellow_card
ENG-Premier League,1819,2018-12-05 Manchester Utd-Arsenal,Manchester United,38’,1:1,Marcos Rojo,,yellow_card
ENG-Premier League,1819,2018-12-05 Manchester Utd-Arsenal,Manchester United,40’,1:1,Jesse Lingard,,yellow_card
ENG-Premier League,1819,2018-12-05 Manchester Utd-Arsenal,Arsenal,41’,1:1,Héctor Bellerín,,yellow_card
ENG-Premier League,1819,2018-12-05 Manchester Utd-Arsenal,Manchester United,42’,1:1,Nemanja Matić,,yellow_card
ENG-Premier League,1819,2018-12-05 Manchester Utd-Arsenal,Arsenal,46’,1:1,Henrikh Mkhitaryan,Aaron Ramsey,substitute_in
ENG-Premier League,1819,2018-12-05 Manchester Utd-Arsenal,Manchester United,63’,1:1,Romelu Lukaku,Anthony Martial,substitute_in
ENG-Premier League,1819,2018-12-05 Manchester Utd-Arsenal,Arsenal,65’,1:1,Alexandre Lacazette,Alex Iwobi,substitute_in
ENG-Premier League,1819,2018-12-05 Manchester Utd-Arsenal,Arsenal,68’,1:2,Marcos Rojo,,own_goal
ENG-Premier League,1819,2018-12-05 Manchester Utd-Arsenal,Manchester United,69’,2:2,Jesse Lingard,,goal
ENG-Premier League,1819,2018-12-05 Manchester Utd-Arsenal,Manchester United,72’,2:2,Marouane Fellaini,Marcos Rojo,substitute_in
ENG-Premier League,1819,2018-12-05 Manchester Utd-Arsenal,Manchester United,75’,2:2,Paul Pogba,Jesse Lingard,substitute_in
ENG-Premier League,1819,2018-12-05 Manchester Utd-Arsenal,Arsenal,86’,2:2,Lucas Torreira,,yellow_card
ENG-Premier League,1819,2019-05-12 Brighton-Manchester City,Brighton & Hove Albion,27’,1:0,Glenn Murray,Pascal Groß,goal
ENG-Premier League,1819,2019-05-12 Brighton-Manchester City,Manchester City,28’,1:1,Sergio Agüero,David Silva,goal
ENG-Premier League,1819,2019-05-12 Brighton-Manchester City,Manchester City,38’,1:2,Aymeric Laporte,Riyad Mahrez,goal
ENG-Premier League,1819,2019-05-12 Brighton-Manchester City,Manchester City,63’,1:3,Riyad Mahrez,David Silva,goal
ENG-Premier League,1819,2019-05-12 Brighton-Manchester City,Brighton & Hove Albion,67’,1:3,Jürgen Locadia,Alireza Jahanbakhsh,substitute_in
ENG-Premier League,1819,2019-05-12 Brighton-Manchester City,Brighton & Hove Albion,68’,1:3,Florin Andone,Glenn Murray,substitute_in
ENG-Premier League,1819,2019-05-12 Brighton-Manchester City,Manchester City,72’,1:4,İlkay Gündoğan,,goal
ENG-Premier League,1819,2019-05-12 Brighton-Manchester City,Manchester City,78’,1:4,Kevin De Bruyne,David Silva,substitute_in
ENG-Premier League,1819,2019-05-12 Brighton-Manchester City,Brighton & Hove Albion,84’,1:4,Martín Montoya,Bruno,substitute_in
ENG-Premier League,1819,2019-05-12 Brighton-Manchester City,Manchester City,86’,1:4,Nicolás Otamendi,Vincent Kompany,substitute_in
ENG-Premier League,1819,2019-05-12 Brighton-Manchester City,Manchester City,88’,1:4,Danilo,Kyle Walker,substitute_in
ENG-Premier League,1819,2018-11-03 Cardiff City-Leicester City,Leicester City,27’,0:0,Jonny Evans,Harry Maguire,substitute_in
ENG-Premier League,1819,2018-11-03 Cardiff City-Leicester City,Leicester City,33’,0:0,Ricardo Pereira,,yellow_card
ENG-Premier League,1819,2018-11-03 Cardiff City-Leicester City,Cardiff City,45+1’,0:0,Harry Arter,,yellow_card
ENG-Premier League,1819,2018-11-03 Cardiff City-Leicester City,Leicester City,55’,0:1,Demarai Gray,Ben Chilwell,goal
ENG-Premier League,1819,2018-11-03 Cardiff City-Leicester City,Leicester City,55’,0:1,Demarai Gray,,yellow_card
ENG-Premier League,1819,2018-11-03 Cardiff City-Leicester City,Cardiff City,65’,0:1,Junior Hoilett,Bobby De Cordova-Reid,substitute_in
ENG-Premier League,1819,2018-11-03 Cardiff City-Leicester City,Leicester City,70’,0:1,Danny Simpson,Demarai Gray,substitute_in
ENG-Premier League,1819,2018-11-03 Cardiff City-Leicester City,Cardiff City,79’,0:1,Danny Ward,Harry Arter,substitute_in
ENG-Premier League,1819,2018-11-03 Cardiff City-Leicester City,Cardiff City,81’,0:1,Junior Hoilett,,yellow_card
ENG-Premier League,1819,2018-11-03 Cardiff City-Leicester City,Leicester City,82’,0:1,Vicente Iborra,James Maddison,substitute_in
ENG-Premier League,1819,2018-11-03 Cardiff City-Leicester City,Cardiff City,85’,0:1,Gary Madine,Josh Murphy,substitute_in
ENG-Premier League,1819,2018-12-26 Burnley-Everton,Everton,13’,0:2,Lucas Digne,,goal
ENG-Premier League,1819,2018-12-26 Burnley-Everton,Everton,22’,0:3,Gylfi Sigurðsson,,penalty_goal
ENG-Premier League,1819,2018-12-26 Burnley-Everton,Everton,25’,0:3,Gylfi Sigurðsson,,yellow_card
ENG-Premier League,1819,2018-12-26 Burnley-Everton,Everton,2’,0:1,Yerry Mina,Bernard,goal
ENG-Premier League,1819,2018-12-26 Burnley-Everton,Everton,30’,0:3,André Gomes,,yellow_card
ENG-Premier League,1819,2018-12-26 Burnley-Everton,Burnley,30’,0:3,Matthew Lowton,,yellow_card
ENG-Premier League,1819,2018-12-26 Burnley-Everton,Burnley,36’,1:3,Ben Gibson,,goal
ENG-Premier League,1819,2018-12-26 Burnley-Everton,Burnley,45’,1:3,Ben Gibson,,yellow_card
ENG-Premier League,1819,2018-12-26 Burnley-Everton,Burnley,63’,1:3,Dwight McNeil,Ben Gibson,substitute_in
ENG-Premier League,1819,2018-12-26 Burnley-Everton,Burnley,63’,1:3,Jóhann Berg Guðmundsson,Jeff Hendrick,substitute_in
ENG-Premier League,1819,2018-12-26 Burnley-Everton,Everton,67’,1:3,Richarlison,Dominic Calvert-Lewin,substitute_in
ENG-Premier League,1819,2018-12-26 Burnley-Everton,Everton,71’,1:4,Lucas Digne,Bernard,goal
ENG-Premier League,1819,2018-12-26 Burnley-Everton,Burnley,73’,1:4,Chris Wood,Sam Vokes,substitute_in
ENG-Premier League,1819,2018-12-26 Burnley-Everton,Everton,75’,1:4,Idrissa Gana Gueye,André Gomes,substitute_in
ENG-Premier League,1819,2018-12-26 Burnley-Everton,Everton,80’,1:4,Tom Davies,Bernard,substitute_in
ENG-Premier League,1819,2018-12-26 Burnley-Everton,Everton,90+1’,1:4,Idrissa Gana Gueye,,yellow_card
ENG-Premier League,1819,2018-12-26 Burnley-Everton,Everton,90+3’,1:5,Richarlison,Gylfi Sigurðsson,goal
ENG-Premier League,1819,2018-12-26 Burnley-Everton,Everton,90+4’,1:5,Richarlison,,yellow_card
ENG-Premier League,1819,2018-12-26 Watford-Chelsea,Watford,16’,0:0,Adrian Mariappa,Christian Kabasele,substitute_in
ENG-Premier League,1819,2018-12-26 Watford-Chelsea,Chelsea,43’,0:0,Callum Hudson-Odoi,Pedro,substitute_in
ENG-Premier League,1819,2018-12-26 Watford-Chelsea,Chelsea,45+1’,0:1,Eden Hazard,Mateo Kovačić,goal
ENG-Premier League,1819,2018-12-26 Watford-Chelsea,Watford,45+3’,1:1,Roberto Pereyra,José Holebas,goal
ENG-Premier League,1819,2018-12-26 Watford-Chelsea,Watford,58’,1:2,Ben Foster,,yellow_card
ENG-Premier League,1819,2018-12-26 Watford-Chelsea,Chelsea,58’,1:2,Eden Hazard,,penalty_goal
ENG-Premier League,1819,2018-12-26 Watford-Chelsea,Watford,67’,1:2,Domingos Quina,Ken Sema,substitute_in
ENG-Premier League,1819,2018-12-26 Watford-Chelsea,Chelsea,80’,1:2,Ross Barkley,Mateo Kovačić,substitute_in
ENG-Premier League,1819,2018-12-26 Watford-Chelsea,Watford,82’,1:2,Isaac Success,Gerard Deulofeu,substitute_in
ENG-Premier League,1819,2018-12-26 Watford-Chelsea,Chelsea,85’,1:2,Emerson Palmieri,Callum Hudson-Odoi,substitute_in
ENG-Premier League,1819,2019-05-12 Leicester City-Chelsea,Chelsea,30’,0:0,Jorginho,,yellow_card
ENG-Premier League,1819,2019-05-12 Leicester City-Chelsea,Leicester City,66’,0:0,Shinji Okazaki,Wilfred Ndidi,substitute_in
ENG-Premier League,1819,2019-05-12 Leicester City-Chelsea,Chelsea,69’,0:0,Eden Hazard,Willian,substitute_in
ENG-Premier League,1819,2019-05-12 Leicester City-Chelsea,Leicester City,76’,0:0,Danny Simpson,Marc Albrighton,substitute_in
ENG-Premier League,1819,2019-05-12 Leicester City-Chelsea,Chelsea,76’,0:0,Mateo Kovačić,Ross Barkley,substitute_in
ENG-Premier League,1819,2019-05-12 Leicester City-Chelsea,Leicester City,84’,0:0,Harvey Barnes,James Maddison,substitute_in
ENG-Premier League,1819,2019-05-12 Leicester City-Chelsea,Chelsea,84’,0:0,Olivier Giroud,Gonzalo Higuaín,substitute_in
ENG-Premier League,1819,2019-01-12 Chelsea-Newcastle United,Newcastle United,24’,1:0,Matt Ritchie,,yellow_card
ENG-Premier League,1819,2019-01-12 Chelsea-Newcastle United,Newcastle United,40’,1:1,Ciaran Clark,Matt Ritchie,goal
ENG-Premier League,1819,2019-01-12 Chelsea-Newcastle United,Chelsea,57’,2:1,Willian,Eden Hazard,goal
ENG-Premier League,1819,2019-01-12 Chelsea-Newcastle United,Chelsea,63’,2:1,Ross Barkley,Mateo Kovačić,substitute_in
ENG-Premier League,1819,2019-01-12 Chelsea-Newcastle United,Chelsea,63’,2:1,Jorginho,,yellow_card
ENG-Premier League,1819,2019-01-12 Chelsea-Newcastle United,Chelsea,81’,2:1,Callum Hudson-Odoi,Pedro,substitute_in
ENG-Premier League,1819,2019-01-12 Chelsea-Newcastle United,Newcastle United,82’,2:1,Jacob Murphy,Ayoze Pérez,substitute_in
ENG-Premier League,1819,2019-01-12 Chelsea-Newcastle United,Newcastle United,82’,2:1,Javier Manquillo,DeAndre Yedlin,substitute_in
ENG-Premier League,1819,2019-01-12 Chelsea-Newcastle United,Chelsea,87’,2:1,Olivier Giroud,Eden Hazard,substitute_in
ENG-Premier League,1819,2019-01-12 Chelsea-Newcastle United,Chelsea,9’,1:0,Pedro,David Luiz,goal
ENG-Premier League,1819,2019-04-24 Wolves-Arsenal,Wolverhampton Wanderers,17’,0:0,Matt Doherty,,yellow_card
ENG-Premier League,1819,2019-04-24 Wolves-Arsenal,Arsenal,27’,0:0,Nacho Monreal,,yellow_card
ENG-Premier League,1819,2019-04-24 Wolves-Arsenal,Wolverhampton Wanderers,28’,1:0,Rúben Neves,,goal
ENG-Premier League,1819,2019-04-24 Wolves-Arsenal,Arsenal,31’,1:0,Granit Xhaka,,yellow_card
ENG-Premier League,1819,2019-04-24 Wolves-Arsenal,Wolverhampton Wanderers,37’,2:0,Matt Doherty,Jonny Castro,goal
ENG-Premier League,1819,2019-04-24 Wolves-Arsenal,Wolverhampton Wanderers,45+2’,3:0,Diogo Jota,,goal
ENG-Premier League,1819,2019-04-24 Wolves-Arsenal,Arsenal,45’,2:0,Lucas Torreira,,yellow_card
ENG-Premier League,1819,2019-04-24 Wolves-Arsenal,Arsenal,58’,3:0,Sead Kolašinac,Henrikh Mkhitaryan,substitute_in
ENG-Premier League,1819,2019-04-24 Wolves-Arsenal,Arsenal,59’,3:0,Mattéo Guendouzi,Lucas Torreira,substitute_in
ENG-Premier League,1819,2019-04-24 Wolves-Arsenal,Arsenal,71’,3:0,Eddie Nketiah,Alex Iwobi,substitute_in
ENG-Premier League,1819,2019-04-24 Wolves-Arsenal,Wolverhampton Wanderers,78’,3:0,Ivan Cavaleiro,Diogo Jota,substitute_in
ENG-Premier League,1819,2019-04-24 Wolves-Arsenal,Arsenal,80’,3:1,Sokratis Papastathopoulos,Granit Xhaka,goal
ENG-Premier League,1819,2019-04-24 Wolves-Arsenal,Wolverhampton Wanderers,82’,3:1,Adama Traoré,Raúl Jiménez,substitute_in
ENG-Premier League,1819,2019-04-24 Wolves-Arsenal,Wolverhampton Wanderers,84’,3:1,Ryan Bennett,,yellow_card
ENG-Premier League,1819,2019-04-24 Wolves-Arsenal,Wolverhampton Wanderers,90’,3:1,Morgan Gibbs-White,João Moutinho,substitute_in
ENG-Premier League,1819,2018-08-18 West Ham United-Bournemouth,Bournemouth,18’,0:0,Dan Gosling,,yellow_card
ENG-Premier League,1819,2018-08-18 West Ham United-Bournemouth,West Ham United,33’,1:0,Marko Arnautović,,penalty_goal
ENG-Premier League,1819,2018-08-18 West Ham United-Bournemouth,West Ham United,40’,1:0,Mark Noble,,yellow_card
ENG-Premier League,1819,2018-08-18 West Ham United-Bournemouth,Bournemouth,59’,1:0,Joshua King,,yellow_card
ENG-Premier League,1819,2018-08-18 West Ham United-Bournemouth,Bournemouth,60’,1:1,Callum Wilson,Steve Cook,goal
ENG-Premier League,1819,2018-08-18 West Ham United-Bournemouth,West Ham United,65’,1:1,Angelo Ogbonna,,yellow_card
ENG-Premier League,1819,2018-08-18 West Ham United-Bournemouth,Bournemouth,66’,1:2,Steve Cook,Ryan Fraser,goal
ENG-Premier League,1819,2018-08-18 West Ham United-Bournemouth,West Ham United,67’,1:2,Andriy Yarmolenko,Javier Hernández,substitute_in
ENG-Premier League,1819,2018-08-18 West Ham United-Bournemouth,West Ham United,77’,1:2,Jack Wilshere,,yellow_card
ENG-Premier League,1819,2018-08-18 West Ham United-Bournemouth,West Ham United,77’,1:2,Lucas Pérez,Mark Noble,substitute_in
ENG-Premier League,1819,2018-08-18 West Ham United-Bournemouth,West Ham United,77’,1:2,Carlos Sánchez,Robert Snodgrass,substitute_in
ENG-Premier League,1819,2018-08-18 West Ham United-Bournemouth,Bournemouth,78’,1:2,Simon Francis,David Brooks,substitute_in
ENG-Premier League,1819,2018-08-18 West Ham United-Bournemouth,West Ham United,89’,1:2,Felipe Anderson,,yellow_card
ENG-Premier League,1819,2018-08-18 West Ham United-Bournemouth,West Ham United,90+1’,1:2,Pablo Zabaleta,,yellow_card
ENG-Premier League,1819,2018-08-18 West Ham United-Bournemouth,West Ham United,90+3’,1:2,Andriy Yarmolenko,,yellow_card
ENG-Premier League,1819,2018-08-18 West Ham United-Bournemouth,Bournemouth,90’,1:2,Lewis Cook,Joshua King,substitute_in
ENG-Premier League,1819,2018-12-22 West Ham United-Watford,West Ham United,27’,0:0,Fabián Balbuena,,yellow_card
ENG-Premier League,1819,2018-12-22 West Ham United-Watford,Watford,30’,0:1,Troy Deeney,,penalty_goal
ENG-Premier League,1819,2018-12-22 West Ham United-Watford,West Ham United,34’,0:1,Angelo Ogbonna,Fabián Balbuena,substitute_in
ENG-Premier League,1819,2018-12-22 West Ham United-Watford,Watford,55’,0:1,Christian Kabasele,,yellow_card
ENG-Premier League,1819,2018-12-22 West Ham United-Watford,West Ham United,56’,0:1,Andy Carroll,Mark Noble,substitute_in
ENG-Premier League,1819,2018-12-22 West Ham United-Watford,Watford,60’,0:1,José Holebas,,yellow_card
ENG-Premier League,1819,2018-12-22 West Ham United-Watford,West Ham United,69’,0:1,Michail Antonio,,yellow_card
ENG-Premier League,1819,2018-12-22 West Ham United-Watford,West Ham United,75’,0:1,Grady Diangana,Javier Hernández,substitute_in
ENG-Premier League,1819,2018-12-22 West Ham United-Watford,Watford,75’,0:1,Tom Cleverley,Ken Sema,substitute_in
ENG-Premier League,1819,2018-12-22 West Ham United-Watford,Watford,86’,0:1,Isaac Success,Troy Deeney,substitute_in
ENG-Premier League,1819,2018-12-22 West Ham United-Watford,Watford,87’,0:2,Gerard Deulofeu,Roberto Pereyra,goal
ENG-Premier League,1819,2018-12-22 West Ham United-Watford,Watford,90+1’,0:2,Adrian Mariappa,Gerard Deulofeu,substitute_in
ENG-Premier League,1819,2018-12-22 West Ham United-Watford,West Ham United,90+3’,0:2,Issa Diop,,yellow_card
ENG-Premier League,1819,2019-03-09 Cardiff City-West Ham United,Cardiff City,29’,1:0,Harry Arter,,yellow_card
ENG-Premier League,1819,2019-03-09 Cardiff City-West Ham United,West Ham United,36’,1:0,Javier Hernández,,yellow_card
ENG-Premier League,1819,2019-03-09 Cardiff City-West Ham United,West Ham United,46’,1:0,Marko Arnautović,Felipe Anderson,substitute_in
ENG-Premier League,1819,2019-03-09 Cardiff City-West Ham United,Cardiff City,4’,1:0,Junior Hoilett,Josh Murphy,goal
ENG-Premier League,1819,2019-03-09 Cardiff City-West Ham United,Cardiff City,52’,2:0,Víctor Camarasa,,goal
ENG-Premier League,1819,2019-03-09 Cardiff City-West Ham United,West Ham United,58’,2:0,Michail Antonio,Manuel Lanzini,substitute_in
ENG-Premier League,1819,2019-03-09 Cardiff City-West Ham United,West Ham United,58’,2:0,Samir Nasri,Mark Noble,substitute_in
ENG-Premier League,1819,2019-03-09 Cardiff City-West Ham United,Cardiff City,62’,2:0,Leandro Bacuna,Joe Bennett,substitute_in
ENG-Premier League,1819,2019-03-09 Cardiff City-West Ham United,Cardiff City,68’,2:0,Joe Ralls,Víctor Camarasa,substitute_in
ENG-Premier League,1819,2019-03-09 Cardiff City-West Ham United,Cardiff City,84’,2:0,Callum Paterson,Harry Arter,substitute_in
ENG-Premier League,1819,2019-03-09 Cardiff City-West Ham United,Cardiff City,85’,2:0,Sean Morrison,,yellow_card
ENG-Premier League,1819,2018-10-27 Brighton-Wolves,Brighton & Hove Albion,48’,1:0,Glenn Murray,Bruno,goal
ENG-Premier League,1819,2018-10-27 Brighton-Wolves,Brighton & Hove Albion,52’,1:0,Beram Kayal,,yellow_card
ENG-Premier League,1819,2018-10-27 Brighton-Wolves,Wolverhampton Wanderers,61’,1:0,Ivan Cavaleiro,Adama Traoré,substitute_in
ENG-Premier League,1819,2018-10-27 Brighton-Wolves,Wolverhampton Wanderers,61’,1:0,Diogo Jota,Raúl Jiménez,substitute_in
ENG-Premier League,1819,2018-10-27 Brighton-Wolves,Brighton & Hove Albion,71’,1:0,Yves Bissouma,Solly March,substitute_in
ENG-Premier League,1819,2018-10-27 Brighton-Wolves,Brighton & Hove Albion,77’,1:0,Lewis Dunk,,yellow_card
ENG-Premier League,1819,2018-10-27 Brighton-Wolves,Brighton & Hove Albion,81’,1:0,Anthony Knockaert,José Izquierdo,substitute_in
ENG-Premier League,1819,2018-10-27 Brighton-Wolves,Wolverhampton Wanderers,85’,1:0,Léo Bonatini,Jonny Castro,substitute_in
ENG-Premier League,1819,2018-10-27 Brighton-Wolves,Brighton & Hove Albion,90’,1:0,Anthony Knockaert,,yellow_card
ENG-Premier League,1819,2019-02-02 Brighton-Watford,Brighton & Hove Albion,33’,0:0,Davy Pröpper,,yellow_card
ENG-Premier League,1819,2019-02-02 Brighton-Watford,Watford,70’,0:0,Andre Gray,Gerard Deulofeu,substitute_in
ENG-Premier League,1819,2019-02-02 Brighton-Watford,Brighton & Hove Albion,72’,0:0,Florin Andone,Glenn Murray,substitute_in
ENG-Premier League,1819,2019-02-02 Brighton-Watford,Watford,81’,0:0,Domingos Quina,Ken Sema,substitute_in
ENG-Premier League,1819,2019-03-30 Burnley-Wolves,Burnley,2’,1:0,Conor Coady,,own_goal
ENG-Premier League,1819,2019-03-30 Burnley-Wolves,Wolverhampton Wanderers,59’,1:0,Matt Doherty,Leander Dendoncker,substitute_in
ENG-Premier League,1819,2019-03-30 Burnley-Wolves,Wolverhampton Wanderers,59’,1:0,Raúl Jiménez,Ivan Cavaleiro,substitute_in
ENG-Premier League,1819,2019-03-30 Burnley-Wolves,Burnley,67’,1:0,Dwight McNeil,,yellow_card
ENG-Premier League,1819,2019-03-30 Burnley-Wolves,Wolverhampton Wanderers,72’,1:0,Hélder Costa,Adama Traoré,substitute_in
ENG-Premier League,1819,2019-03-30 Burnley-Wolves,Burnley,77’,2:0,Dwight McNeil,James Tarkowski,goal
ENG-Premier League,1819,2019-03-30 Burnley-Wolves,Burnley,87’,2:0,Jóhann Berg Guðmundsson,Dwight McNeil,substitute_in
ENG-Premier League,1819,2019-03-30 Burnley-Wolves,Wolverhampton Wanderers,90+3’,2:0,Rúben Neves,,yellow_card
ENG-Premier League,1819,2018-10-06 Leicester City-Everton,Leicester City,31’,0:1,Daniel Amartey,,yellow_card
ENG-Premier League,1819,2018-10-06 Leicester City-Everton,Leicester City,40’,1:1,Ricardo Pereira,Kelechi Iheanacho,goal
ENG-Premier League,1819,2018-10-06 Leicester City-Everton,Leicester City,43’,1:1,Wes Morgan,,yellow_card
ENG-Premier League,1819,2018-10-06 Leicester City-Everton,Everton,45’,1:1,Tom Davies,,yellow_card
ENG-Premier League,1819,2018-10-06 Leicester City-Everton,Leicester City,63’,1:1,Wes Morgan,,yellow_red_card
ENG-Premier League,1819,2018-10-06 Leicester City-Everton,Leicester City,67’,1:1,Marc Albrighton,Kelechi Iheanacho,substitute_in
ENG-Premier League,1819,2018-10-06 Leicester City-Everton,Everton,71’,1:1,Cenk Tosun,Tom Davies,substitute_in
ENG-Premier League,1819,2018-10-06 Leicester City-Everton,Everton,77’,1:2,Gylfi Sigurðsson,Kurt Zouma,goal
ENG-Premier League,1819,2018-10-06 Leicester City-Everton,Everton,7’,0:1,Richarlison,,goal
ENG-Premier League,1819,2018-10-06 Leicester City-Everton,Leicester City,80’,1:2,Rachid Ghezzal,James Maddison,substitute_in
ENG-Premier League,1819,2018-10-06 Leicester City-Everton,Leicester City,86’,1:2,Shinji Okazaki,Ricardo Pereira,substitute_in
ENG-Premier League,1819,2018-10-06 Leicester City-Everton,Everton,90+1’,1:2,Morgan Schneiderlin,Bernard,substitute_in
ENG-Premier League,1819,2018-10-06 Leicester City-Everton,Everton,90+3’,1:2,Dominic Calvert-Lewin,Theo Walcott,substitute_in
ENG-Premier League,1819,2018-10-06 Leicester City-Everton,Leicester City,90+4’,1:2,Ben Chilwell,,yellow_card
ENG-Premier League,1819,2018-11-10 Newcastle United-Bournemouth,Bournemouth,30’,1:0,Charlie Daniels,Adam Smith,substitute_in
ENG-Premier League,1819,2018-11-10 Newcastle United-Bournemouth,Newcastle United,40’,2:0,Salomón Rondón,Kenedy,goal
ENG-Premier League,1819,2018-11-10 Newcastle United-Bournemouth,Newcastle United,45+5’,2:0,Fabian Schär,,yellow_card
ENG-Premier League,1819,2018-11-10 Newcastle United-Bournemouth,Bournemouth,45+6’,2:1,Jefferson Lerma,Ryan Fraser,goal
ENG-Premier League,1819,2018-11-10 Newcastle United-Bournemouth,Bournemouth,46’,2:1,Dan Gosling,Jefferson Lerma,substitute_in
ENG-Premier League,1819,2018-11-10 Newcastle United-Bournemouth,Newcastle United,74’,2:1,Isaac Hayden,Matt Ritchie,substitute_in
ENG-Premier League,1819,2018-11-10 Newcastle United-Bournemouth,Newcastle United,78’,2:1,Ciaran Clark,Kenedy,substitute_in
ENG-Premier League,1819,2018-11-10 Newcastle United-Bournemouth,Newcastle United,7’,1:0,Salomón Rondón,,goal
ENG-Premier League,1819,2018-11-10 Newcastle United-Bournemouth,Newcastle United,80’,2:1,Christian Atsu,Mohamed Diamé,substitute_in
ENG-Premier League,1819,2018-11-10 Newcastle United-Bournemouth,Bournemouth,82’,2:1,Jermain Defoe,Jordon Ibe,substitute_in
ENG-Premier League,1819,2018-11-10 Newcastle United-Bournemouth,Newcastle United,90+3’,2:1,Salomón Rondón,,yellow_card
ENG-Premier League,1819,2018-11-10 Newcastle United-Bournemouth,Bournemouth,90+3’,2:1,Lewis Cook,,yellow_card
ENG-Premier League,1819,2018-10-06 Manchester Utd-Newcastle United,Newcastle United,10’,0:2,Yoshinori Mutō,Jonjo Shelvey,goal
ENG-Premier League,1819,2018-10-06 Manchester Utd-Newcastle United,Manchester United,19’,0:2,Juan Mata,Eric Bailly,substitute_in
ENG-Premier League,1819,2018-10-06 Manchester Utd-Newcastle United,Manchester United,45+2’,0:2,Luke Shaw,,yellow_card
ENG-Premier League,1819,2018-10-06 Manchester Utd-Newcastle United,Manchester United,46’,0:2,Marouane Fellaini,Scott McTominay,substitute_in
ENG-Premier League,1819,2018-10-06 Manchester Utd-Newcastle United,Newcastle United,58’,0:2,Matt Ritchie,,yellow_card
ENG-Premier League,1819,2018-10-06 Manchester Utd-Newcastle United,Manchester United,63’,0:2,Paul Pogba,,yellow_card
ENG-Premier League,1819,2018-10-06 Manchester Utd-Newcastle United,Manchester United,67’,0:2,Alexis Sánchez,Marcus Rashford,substitute_in
ENG-Premier League,1819,2018-10-06 Manchester Utd-Newcastle United,Newcastle United,68’,0:2,Jacob Murphy,Kenedy,substitute_in
ENG-Premier League,1819,2018-10-06 Manchester Utd-Newcastle United,Newcastle United,69’,0:2,Mohamed Diamé,,yellow_card
ENG-Premier League,1819,2018-10-06 Manchester Utd-Newcastle United,Manchester United,70’,1:2,Juan Mata,,goal
ENG-Premier League,1819,2018-10-06 Manchester Utd-Newcastle United,Manchester United,76’,2:2,Anthony Martial,Paul Pogba,goal
ENG-Premier League,1819,2018-10-06 Manchester Utd-Newcastle United,Newcastle United,78’,2:2,Christian Atsu,Yoshinori Mutō,substitute_in
ENG-Premier League,1819,2018-10-06 Manchester Utd-Newcastle United,Newcastle United,7’,0:1,Kenedy,Ayoze Pérez,goal
ENG-Premier League,1819,2018-10-06 Manchester Utd-Newcastle United,Newcastle United,88’,2:2,Joselu,Ayoze Pérez,substitute_in
ENG-Premier League,1819,2018-10-06 Manchester Utd-Newcastle United,Manchester United,90’,3:2,Alexis Sánchez,Ashley Young,goal
ENG-Premier League,1819,2018-11-24 Fulham-Southampton,Southampton,18’,0:1,Stuart Armstrong,,goal
ENG-Premier League,1819,2018-11-24 Fulham-Southampton,Fulham,33’,1:1,Aleksandar Mitrović,Maxime Le Marchand,goal
ENG-Premier League,1819,2018-11-24 Fulham-Southampton,Fulham,43’,2:1,André Schürrle,Ryan Sessegnon,goal
ENG-Premier League,1819,2018-11-24 Fulham-Southampton,Fulham,45+1’,2:1,Alfie Mawson,,yellow_card
ENG-Premier League,1819,2018-11-24 Fulham-Southampton,Southampton,53’,2:2,Stuart Armstrong,Cédric Soares,goal
ENG-Premier League,1819,2018-11-24 Fulham-Southampton,Fulham,63’,3:2,Aleksandar Mitrović,Ryan Sessegnon,goal
ENG-Premier League,1819,2018-11-24 Fulham-Southampton,Fulham,68’,3:2,Stefan Johansen,Jean Seri,substitute_in
ENG-Premier League,1819,2018-11-24 Fulham-Southampton,Southampton,68’,3:2,Mohamed Elyounoussi,Charlie Austin,substitute_in
ENG-Premier League,1819,2018-11-24 Fulham-Southampton,Southampton,68’,3:2,Pierre Højbjerg,,yellow_card
ENG-Premier League,1819,2018-11-24 Fulham-Southampton,Southampton,73’,3:2,Wesley Hoedt,,yellow_card
ENG-Premier League,1819,2018-11-24 Fulham-Southampton,Fulham,74’,3:2,Aboubakar Kamara,André Schürrle,substitute_in
ENG-Premier League,1819,2018-11-24 Fulham-Southampton,Southampton,81’,3:2,Michael Obafemi,Stuart Armstrong,substitute_in
ENG-Premier League,1819,2018-11-24 Fulham-Southampton,Fulham,86’,3:2,Floyd Ayité,Aleksandar Mitrović,substitute_in
ENG-Premier League,1819,2018-11-24 Fulham-Southampton,Fulham,90+3’,3:2,Stefan Johansen,,yellow_card
ENG-Premier League,1819,2018-11-24 Fulham-Southampton,Southampton,90+3’,3:2,Michael Obafemi,,yellow_card
ENG-Premier League,1819,2018-09-29 Everton-Fulham,Fulham,29’,0:0,Cyrus Christie,,yellow_card
ENG-Premier League,1819,2018-09-29 Everton-Fulham,Fulham,51’,0:0,Denis Odoi,,yellow_card
ENG-Premier League,1819,2018-09-29 Everton-Fulham,Everton,52’,0:0,Gylfi Sigurðsson,,penalty_miss
ENG-Premier League,1819,2018-09-29 Everton-Fulham,Fulham,53’,0:0,Aleksandar Mitrović,,yellow_card
ENG-Premier League,1819,2018-09-29 Everton-Fulham,Everton,55’,0:0,Cenk Tosun,Dominic Calvert-Lewin,substitute_in
ENG-Premier League,1819,2018-09-29 Everton-Fulham,Everton,56’,1:0,Gylfi Sigurðsson,,goal
ENG-Premier League,1819,2018-09-29 Everton-Fulham,Fulham,64’,1:0,Tom Cairney,Luciano Vietto,substitute_in
ENG-Premier League,1819,2018-09-29 Everton-Fulham,Everton,66’,2:0,Cenk Tosun,Theo Walcott,goal
ENG-Premier League,1819,2018-09-29 Everton-Fulham,Fulham,84’,2:0,Floyd Ayité,Jean Seri,substitute_in
ENG-Premier League,1819,2018-09-29 Everton-Fulham,Everton,88’,2:0,Bernard,Richarlison,substitute_in
ENG-Premier League,1819,2018-09-29 Everton-Fulham,Everton,89’,3:0,Gylfi Sigurðsson,Bernard,goal
ENG-Premier League,1819,2018-09-29 Everton-Fulham,Fulham,8’,0:0,Cyrus Christie,Timothy Fosu-Mensah,substitute_in
ENG-Premier League,1819,2018-09-29 Everton-Fulham,Everton,90+1’,3:0,Morgan Schneiderlin,Gylfi Sigurðsson,substitute_in
ENG-Premier League,1819,2018-12-26 Manchester Utd-Huddersfield Town,Huddersfield Town,23’,0:0,Elias Kachunga,,yellow_card
ENG-Premier League,1819,2018-12-26 Manchester Utd-Huddersfield Town,Manchester United,28’,1:0,Nemanja Matić,,goal
ENG-Premier League,1819,2018-12-26 Manchester Utd-Huddersfield Town,Manchester United,30’,1:0,Fred,,yellow_card
ENG-Premier League,1819,2018-12-26 Manchester Utd-Huddersfield Town,Manchester United,53’,1:0,Ashley Young,Diogo Dalot,substitute_in
ENG-Premier League,1819,2018-12-26 Manchester Utd-Huddersfield Town,Manchester United,53’,1:0,Ander Herrera,Fred,substitute_in
ENG-Premier League,1819,2018-12-26 Manchester Utd-Huddersfield Town,Huddersfield Town,57’,1:0,Chris Löwe,Elias Kachunga,substitute_in
ENG-Premier League,1819,2018-12-26 Manchester Utd-Huddersfield Town,Huddersfield Town,62’,1:0,Collin Quaner,Isaac Mbenza,substitute_in
ENG-Premier League,1819,2018-12-26 Manchester Utd-Huddersfield Town,Manchester United,64’,2:0,Paul Pogba,Ander Herrera,goal
ENG-Premier League,1819,2018-12-26 Manchester Utd-Huddersfield Town,Huddersfield Town,73’,2:0,Steve Mounié,Laurent Depoitre,substitute_in
ENG-Premier League,1819,2018-12-26 Manchester Utd-Huddersfield Town,Manchester United,78’,3:0,Paul Pogba,Jesse Lingard,goal
ENG-Premier League,1819,2018-12-26 Manchester Utd-Huddersfield Town,Manchester United,81’,3:0,Angel Gomes,Juan Mata,substitute_in
ENG-Premier League,1819,2018-12-26 Manchester Utd-Huddersfield Town,Huddersfield Town,88’,3:1,Mathias Jørgensen,Steve Mounié,goal
ENG-Premier League,1819,2018-12-05 Wolves-Chelsea,Chelsea,18’,0:1,Ruben Loftus-Cheek,Eden Hazard,goal
ENG-Premier League,1819,2018-12-05 Wolves-Chelsea,Wolverhampton Wanderers,37’,0:1,Romain Saïss,,yellow_card
ENG-Premier League,1819,2018-12-05 Wolves-Chelsea,Wolverhampton Wanderers,54’,0:1,João Moutinho,,yellow_card
ENG-Premier League,1819,2018-12-05 Wolves-Chelsea,Wolverhampton Wanderers,59’,1:1,Raúl Jiménez,Morgan Gibbs-White,goal
ENG-Premier League,1819,2018-12-05 Wolves-Chelsea,Wolverhampton Wanderers,61’,1:1,Conor Coady,,yellow_card
ENG-Premier League,1819,2018-12-05 Wolves-Chelsea,Wolverhampton Wanderers,63’,2:1,Diogo Jota,Matt Doherty,goal
ENG-Premier League,1819,2018-12-05 Wolves-Chelsea,Chelsea,64’,2:1,Cesc Fàbregas,,yellow_card
ENG-Premier League,1819,2018-12-05 Wolves-Chelsea,Chelsea,65’,2:1,Pedro,Willian,substitute_in
ENG-Premier League,1819,2018-12-05 Wolves-Chelsea,Chelsea,65’,2:1,Olivier Giroud,Álvaro Morata,substitute_in
ENG-Premier League,1819,2018-12-05 Wolves-Chelsea,Wolverhampton Wanderers,68’,2:1,Rúben Vinagre,,yellow_card
ENG-Premier League,1819,2018-12-05 Wolves-Chelsea,Wolverhampton Wanderers,72’,2:1,Hélder Costa,Morgan Gibbs-White,substitute_in
ENG-Premier League,1819,2018-12-05 Wolves-Chelsea,Chelsea,77’,2:1,Mateo Kovačić,N'Golo Kanté,substitute_in
ENG-Premier League,1819,2018-12-05 Wolves-Chelsea,Wolverhampton Wanderers,81’,2:1,Leander Dendoncker,Raúl Jiménez,substitute_in
ENG-Premier League,1819,2018-12-05 Wolves-Chelsea,Chelsea,85’,2:1,Olivier Giroud,,yellow_card
ENG-Premier League,1819,2018-12-05 Wolves-Chelsea,Wolverhampton Wanderers,88’,2:1,Ivan Cavaleiro,Diogo Jota,substitute_in
ENG-Premier League,1819,2018-12-05 Wolves-Chelsea,Chelsea,90+1’,2:1,Marcos Alonso,,yellow_card
ENG-Premier League,1819,2018-12-05 Wolves-Chelsea,Chelsea,90+4’,2:1,Andreas Christensen,,yellow_card
ENG-Premier League,1819,2018-12-02 Liverpool-Everton,Liverpool,33’,0:0,Xherdan Shaqiri,,yellow_card
ENG-Premier League,1819,2018-12-02 Liverpool-Everton,Everton,63’,0:0,Ademola Lookman,Theo Walcott,substitute_in
ENG-Premier League,1819,2018-12-02 Liverpool-Everton,Liverpool,71’,0:0,Naby Keïta,Xherdan Shaqiri,substitute_in
ENG-Premier League,1819,2018-12-02 Liverpool-Everton,Liverpool,75’,0:0,Daniel Sturridge,Mohamed Salah,substitute_in
ENG-Premier League,1819,2018-12-02 Liverpool-Everton,Liverpool,77’,0:0,Fabinho,,yellow_card
ENG-Premier League,1819,2018-12-02 Liverpool-Everton,Liverpool,80’,0:0,Joe Gomez,,yellow_card
ENG-Premier League,1819,2018-12-02 Liverpool-Everton,Liverpool,84’,0:0,Divock Origi,Roberto Firmino,substitute_in
ENG-Premier League,1819,2018-12-02 Liverpool-Everton,Everton,88’,0:0,André Gomes,,yellow_card
ENG-Premier League,1819,2018-12-02 Liverpool-Everton,Everton,89’,0:0,Dominic Calvert-Lewin,Bernard,substitute_in
ENG-Premier League,1819,2018-12-02 Liverpool-Everton,Everton,90+1’,0:0,Kurt Zouma,Gylfi Sigurðsson,substitute_in
ENG-Premier League,1819,2018-12-02 Liverpool-Everton,Liverpool,90+6’,1:0,Divock Origi,,goal
ENG-Premier League,1819,2018-12-02 Liverpool-Everton,Everton,90’,0:0,Gylfi Sigurðsson,,yellow_card
ENG-Premier League,1819,2019-02-24 Arsenal-Southampton,Arsenal,17’,2:0,Henrikh Mkhitaryan,,goal
ENG-Premier League,1819,2019-02-24 Arsenal-Southampton,Southampton,46’,2:0,Charlie Austin,Jack Stephens,substitute_in
ENG-Premier League,1819,2019-02-24 Arsenal-Southampton,Southampton,46’,2:0,Michael Obafemi,Stuart Armstrong,substitute_in
ENG-Premier League,1819,2019-02-24 Arsenal-Southampton,Arsenal,56’,2:0,Laurent Koscielny,Stephan Lichtsteiner,substitute_in
ENG-Premier League,1819,2019-02-24 Arsenal-Southampton,Arsenal,63’,2:0,Mesut Özil,Aaron Ramsey,substitute_in
ENG-Premier League,1819,2019-02-24 Arsenal-Southampton,Southampton,65’,2:0,Mohamed Elyounoussi,Michael Obafemi,substitute_in
ENG-Premier League,1819,2019-02-24 Arsenal-Southampton,Arsenal,6’,1:0,Alexandre Lacazette,Henrikh Mkhitaryan,goal
ENG-Premier League,1819,2019-02-24 Arsenal-Southampton,Arsenal,75’,2:0,Pierre-Emerick Aubameyang,Alex Iwobi,substitute_in
ENG-Premier League,1819,2019-02-02 Chelsea-Huddersfield Town,Chelsea,16’,1:0,Gonzalo Higuaín,N'Golo Kanté,goal
ENG-Premier League,1819,2019-02-02 Chelsea-Huddersfield Town,Huddersfield Town,27’,1:0,Steve Mounié,Isaac Mbenza,substitute_in
ENG-Premier League,1819,2019-02-02 Chelsea-Huddersfield Town,Chelsea,45+1’,2:0,Eden Hazard,,penalty_goal
ENG-Premier League,1819,2019-02-02 Chelsea-Huddersfield Town,Chelsea,66’,3:0,Eden Hazard,Ross Barkley,goal
ENG-Premier League,1819,2019-02-02 Chelsea-Huddersfield Town,Huddersfield Town,67’,3:0,Karlan Grant,Philip Billing,substitute_in
ENG-Premier League,1819,2019-02-02 Chelsea-Huddersfield Town,Chelsea,69’,4:0,Gonzalo Higuaín,N'Golo Kanté,goal
ENG-Premier League,1819,2019-02-02 Chelsea-Huddersfield Town,Chelsea,70’,4:0,Mateo Kovačić,Jorginho,substitute_in
ENG-Premier League,1819,2019-02-02 Chelsea-Huddersfield Town,Chelsea,77’,4:0,Callum Hudson-Odoi,Eden Hazard,substitute_in
ENG-Premier League,1819,2019-02-02 Chelsea-Huddersfield Town,Chelsea,83’,4:0,Ruben Loftus-Cheek,N'Golo Kanté,substitute_in
ENG-Premier League,1819,2019-02-02 Chelsea-Huddersfield Town,Huddersfield Town,84’,4:0,Alex Pritchard,Adama Diakhaby,substitute_in
ENG-Premier League,1819,2019-02-02 Chelsea-Huddersfield Town,Chelsea,86’,5:0,David Luiz,Willian,goal
ENG-Premier League,1819,2019-04-21 Everton-Manchester Utd,Everton,13’,1:0,Richarlison,Dominic Calvert-Lewin,goal
ENG-Premier League,1819,2019-04-21 Everton-Manchester Utd,Everton,23’,1:0,Idrissa Gana Gueye,,yellow_card
ENG-Premier League,1819,2019-04-21 Everton-Manchester Utd,Everton,28’,2:0,Gylfi Sigurðsson,Idrissa Gana Gueye,goal
ENG-Premier League,1819,2019-04-21 Everton-Manchester Utd,Manchester United,46’,2:0,Ashley Young,Phil Jones,substitute_in
ENG-Premier League,1819,2019-04-21 Everton-Manchester Utd,Manchester United,46’,2:0,Scott McTominay,Fred,substitute_in
ENG-Premier League,1819,2019-04-21 Everton-Manchester Utd,Everton,51’,2:0,Theo Walcott,Richarlison,substitute_in
ENG-Premier League,1819,2019-04-21 Everton-Manchester Utd,Everton,56’,3:0,Lucas Digne,,goal
ENG-Premier League,1819,2019-04-21 Everton-Manchester Utd,Everton,64’,4:0,Theo Walcott,Gylfi Sigurðsson,goal
ENG-Premier League,1819,2019-04-21 Everton-Manchester Utd,Manchester United,68’,4:0,Scott McTominay,,yellow_card
ENG-Premier League,1819,2019-04-21 Everton-Manchester Utd,Everton,76’,4:0,James McCarthy,Idrissa Gana Gueye,substitute_in
ENG-Premier League,1819,2019-04-21 Everton-Manchester Utd,Manchester United,77’,4:0,Andreas Pereira,Marcus Rashford,substitute_in
ENG-Premier League,1819,2019-04-21 Everton-Manchester Utd,Everton,85’,4:0,Phil Jagielka,Lucas Digne,substitute_in
ENG-Premier League,1819,2019-01-03 Manchester City-Liverpool,Liverpool,20’,0:0,Dejan Lovren,,yellow_card
ENG-Premier League,1819,2019-01-03 Manchester City-Liverpool,Manchester City,31’,0:0,Vincent Kompany,,yellow_card
ENG-Premier League,1819,2019-01-03 Manchester City-Liverpool,Liverpool,38’,0:0,Georginio Wijnaldum,,yellow_card
ENG-Premier League,1819,2019-01-03 Manchester City-Liverpool,Manchester City,40’,1:0,Sergio Agüero,Bernardo Silva,goal
ENG-Premier League,1819,2019-01-03 Manchester City-Liverpool,Manchester City,45+2’,1:0,Aymeric Laporte,,yellow_card
ENG-Premier League,1819,2019-01-03 Manchester City-Liverpool,Liverpool,57’,1:0,Fabinho,James Milner,substitute_in
ENG-Premier League,1819,2019-01-03 Manchester City-Liverpool,Liverpool,64’,1:1,Roberto Firmino,Andrew Robertson,goal
ENG-Premier League,1819,2019-01-03 Manchester City-Liverpool,Manchester City,65’,1:1,İlkay Gündoğan,David Silva,substitute_in
ENG-Premier League,1819,2019-01-03 Manchester City-Liverpool,Manchester City,72’,2:1,Leroy Sané,Raheem Sterling,goal
ENG-Premier League,1819,2019-01-03 Manchester City-Liverpool,Liverpool,77’,2:1,Xherdan Shaqiri,Sadio Mané,substitute_in
ENG-Premier League,1819,2019-01-03 Manchester City-Liverpool,Manchester City,86’,2:1,Kyle Walker,Aymeric Laporte,substitute_in
ENG-Premier League,1819,2019-01-03 Manchester City-Liverpool,Liverpool,86’,2:1,Daniel Sturridge,Georginio Wijnaldum,substitute_in
ENG-Premier League,1819,2019-01-03 Manchester City-Liverpool,Manchester City,88’,2:1,Nicolás Otamendi,Vincent Kompany,substitute_in
ENG-Premier League,1819,2019-01-03 Manchester City-Liverpool,Manchester City,89’,2:1,Bernardo Silva,,yellow_card
ENG-Premier League,1819,2019-01-03 Manchester City-Liverpool,Manchester City,90+5’,2:1,Ederson,,yellow_card
ENG-Premier League,1819,2019-05-12 Crystal Palace-Bournemouth,Crystal Palace,24’,1:0,Michy Batshuayi,,goal
ENG-Premier League,1819,2019-05-12 Crystal Palace-Bournemouth,Crystal Palace,32’,2:0,Michy Batshuayi,Aaron Wan-Bissaka,goal
ENG-Premier League,1819,2019-05-12 Crystal Palace-Bournemouth,Crystal Palace,37’,3:0,Jack Simpson,,own_goal
ENG-Premier League,1819,2019-05-12 Crystal Palace-Bournemouth,Bournemouth,45’,3:1,Jefferson Lerma,Nathaniel Clyne,goal
ENG-Premier League,1819,2019-05-12 Crystal Palace-Bournemouth,Bournemouth,56’,3:2,Jordon Ibe,Adam Smith,goal
ENG-Premier League,1819,2019-05-12 Crystal Palace-Bournemouth,Crystal Palace,63’,3:2,Luka Milivojević,,yellow_card
ENG-Premier League,1819,2019-05-12 Crystal Palace-Bournemouth,Crystal Palace,65’,4:2,Patrick van Aanholt,Wilfried Zaha,goal
ENG-Premier League,1819,2019-05-12 Crystal Palace-Bournemouth,Crystal Palace,69’,4:2,James McArthur,,yellow_card
ENG-Premier League,1819,2019-05-12 Crystal Palace-Bournemouth,Bournemouth,70’,4:2,Lys Mousset,Jordon Ibe,substitute_in
ENG-Premier League,1819,2019-05-12 Crystal Palace-Bournemouth,Bournemouth,70’,4:2,Chris Mepham,Jack Simpson,substitute_in
ENG-Premier League,1819,2019-05-12 Crystal Palace-Bournemouth,Bournemouth,73’,4:3,Joshua King,Chris Mepham,goal
ENG-Premier League,1819,2019-05-12 Crystal Palace-Bournemouth,Crystal Palace,79’,4:3,Wilfried Zaha,,yellow_card
ENG-Premier League,1819,2019-05-12 Crystal Palace-Bournemouth,Crystal Palace,80’,5:3,Andros Townsend,Wilfried Zaha,goal
ENG-Premier League,1819,2019-05-12 Crystal Palace-Bournemouth,Crystal Palace,87’,5:3,Bakary Sako,Wilfried Zaha,substitute_in
ENG-Premier League,1819,2019-05-12 Crystal Palace-Bournemouth,Crystal Palace,89’,5:3,Connor Wickham,Michy Batshuayi,substitute_in
ENG-Premier League,1819,2019-05-12 Crystal Palace-Bournemouth,Bournemouth,89’,5:3,Sam Surridge,Nathaniel Clyne,substitute_in
ENG-Premier League,1819,2019-05-12 Crystal Palace-Bournemouth,Crystal Palace,90+3’,5:3,Luke Dreher,Andros Townsend,substitute_in
ENG-Premier League,1819,2018-08-20 Crystal Palace-Liverpool,Crystal Palace,42’,0:0,Patrick van Aanholt,,yellow_card
ENG-Premier League,1819,2018-08-20 Crystal Palace-Liverpool,Liverpool,45’,0:1,James Milner,,penalty_goal
ENG-Premier League,1819,2018-08-20 Crystal Palace-Liverpool,Liverpool,52’,0:1,Trent Alexander-Arnold,,yellow_card
ENG-Premier League,1819,2018-08-20 Crystal Palace-Liverpool,Liverpool,67’,0:1,Jordan Henderson,James Milner,substitute_in
ENG-Premier League,1819,2018-08-20 Crystal Palace-Liverpool,Crystal Palace,70’,0:1,Alexander Sørloth,Christian Benteke,substitute_in
ENG-Premier League,1819,2018-08-20 Crystal Palace-Liverpool,Crystal Palace,75’,0:1,Aaron Wan-Bissaka,,red_card
ENG-Premier League,1819,2018-08-20 Crystal Palace-Liverpool,Crystal Palace,79’,0:1,Joel Ward,Andros Townsend,substitute_in
ENG-Premier League,1819,2018-08-20 Crystal Palace-Liverpool,Crystal Palace,83’,0:1,Max Meyer,Jeffrey Schlupp,substitute_in
ENG-Premier League,1819,2018-08-20 Crystal Palace-Liverpool,Liverpool,87’,0:1,Adam Lallana,Naby Keïta,substitute_in
ENG-Premier League,1819,2018-08-20 Crystal Palace-Liverpool,Liverpool,90+3’,0:2,Sadio Mané,Mohamed Salah,goal
ENG-Premier League,1819,2018-08-20 Crystal Palace-Liverpool,Liverpool,90+4’,0:2,Daniel Sturridge,Roberto Firmino,substitute_in
ENG-Premier League,1819,2019-02-06 Everton-Manchester City,Manchester City,45+2’,0:1,Aymeric Laporte,David Silva,goal
ENG-Premier League,1819,2019-02-06 Everton-Manchester City,Manchester City,59’,0:1,Raheem Sterling,Leroy Sané,substitute_in
ENG-Premier League,1819,2019-02-06 Everton-Manchester City,Everton,63’,0:1,Gylfi Sigurðsson,André Gomes,substitute_in
ENG-Premier League,1819,2019-02-06 Everton-Manchester City,Everton,73’,0:1,Richarlison,Bernard,substitute_in
ENG-Premier League,1819,2019-02-06 Everton-Manchester City,Manchester City,73’,0:1,Fernandinho,,yellow_card
ENG-Premier League,1819,2019-02-06 Everton-Manchester City,Everton,80’,0:1,Cenk Tosun,Theo Walcott,substitute_in
ENG-Premier League,1819,2019-02-06 Everton-Manchester City,Manchester City,80’,0:1,Gabriel Jesus,Sergio Agüero,substitute_in
ENG-Premier League,1819,2019-02-06 Everton-Manchester City,Everton,82’,0:1,Kurt Zouma,,yellow_card
ENG-Premier League,1819,2019-02-06 Everton-Manchester City,Manchester City,89’,0:1,Kevin De Bruyne,David Silva,substitute_in
ENG-Premier League,1819,2019-02-06 Everton-Manchester City,Manchester City,90+7’,0:2,Gabriel Jesus,,goal
ENG-Premier League,1819,2019-02-09 Brighton-Burnley,Burnley,26’,0:1,Chris Wood,Ashley Barnes,goal
ENG-Premier League,1819,2019-02-09 Brighton-Burnley,Brighton & Hove Albion,48’,0:1,Anthony Knockaert,Solly March,substitute_in
ENG-Premier League,1819,2019-02-09 Brighton-Burnley,Burnley,61’,0:2,Chris Wood,Dwight McNeil,goal
ENG-Premier League,1819,2019-02-09 Brighton-Burnley,Brighton & Hove Albion,66’,0:2,Alireza Jahanbakhsh,Jürgen Locadia,substitute_in
ENG-Premier League,1819,2019-02-09 Brighton-Burnley,Brighton & Hove Albion,66’,0:2,Yves Bissouma,Pascal Groß,substitute_in
ENG-Premier League,1819,2019-02-09 Brighton-Burnley,Brighton & Hove Albion,72’,0:2,Mathew Ryan,,yellow_card
ENG-Premier League,1819,2019-02-09 Brighton-Burnley,Burnley,74’,0:3,Ashley Barnes,,penalty_goal
ENG-Premier League,1819,2019-02-09 Brighton-Burnley,Brighton & Hove Albion,76’,1:3,Shane Duffy,Anthony Knockaert,goal
ENG-Premier League,1819,2019-02-09 Brighton-Burnley,Burnley,76’,0:3,Ashley Westwood,,yellow_card
ENG-Premier League,1819,2019-02-26 Cardiff City-Everton,Cardiff City,14’,0:0,Sean Morrison,,yellow_card
ENG-Premier League,1819,2019-02-26 Cardiff City-Everton,Everton,41’,0:1,Gylfi Sigurðsson,Séamus Coleman,goal
ENG-Premier League,1819,2019-02-26 Cardiff City-Everton,Everton,50’,0:1,Lucas Digne,,yellow_card
ENG-Premier League,1819,2019-02-26 Cardiff City-Everton,Everton,61’,0:1,Bernard,Richarlison,substitute_in
ENG-Premier League,1819,2019-02-26 Cardiff City-Everton,Everton,66’,0:2,Gylfi Sigurðsson,,goal
ENG-Premier League,1819,2019-02-26 Cardiff City-Everton,Cardiff City,68’,0:2,Josh Murphy,Junior Hoilett,substitute_in
ENG-Premier League,1819,2019-02-26 Cardiff City-Everton,Cardiff City,69’,0:2,Callum Paterson,Nathaniel Mendez-Laing,substitute_in
ENG-Premier League,1819,2019-02-26 Cardiff City-Everton,Cardiff City,7’,0:0,Leandro Bacuna,,yellow_card
ENG-Premier League,1819,2019-02-26 Cardiff City-Everton,Cardiff City,81’,0:2,Josh Murphy,,yellow_card
ENG-Premier League,1819,2019-02-26 Cardiff City-Everton,Cardiff City,81’,0:2,Danny Ward,Kenneth Zohore,substitute_in
ENG-Premier League,1819,2019-02-26 Cardiff City-Everton,Everton,82’,0:2,Ademola Lookman,Theo Walcott,substitute_in
ENG-Premier League,1819,2019-02-26 Cardiff City-Everton,Everton,88’,0:2,André Gomes,Gylfi Sigurðsson,substitute_in
ENG-Premier League,1819,2019-02-26 Cardiff City-Everton,Everton,90+3’,0:3,Dominic Calvert-Lewin,Idrissa Gana Gueye,goal
ENG-Premier League,1819,2018-09-01 Leicester City-Liverpool,Liverpool,10’,0:1,Sadio Mané,Andrew Robertson,goal
ENG-Premier League,1819,2018-09-01 Leicester City-Liverpool,Liverpool,45’,0:2,Roberto Firmino,James Milner,goal
ENG-Premier League,1819,2018-09-01 Leicester City-Liverpool,Liverpool,55’,0:2,Virgil van Dijk,,yellow_card
ENG-Premier League,1819,2018-09-01 Leicester City-Liverpool,Leicester City,61’,0:2,Rachid Ghezzal,,yellow_card
ENG-Premier League,1819,2018-09-01 Leicester City-Liverpool,Leicester City,61’,0:2,Kelechi Iheanacho,Marc Albrighton,substitute_in
ENG-Premier League,1819,2018-09-01 Leicester City-Liverpool,Leicester City,63’,1:2,Rachid Ghezzal,James Maddison,goal
ENG-Premier League,1819,2018-09-01 Leicester City-Liverpool,Liverpool,71’,1:2,Xherdan Shaqiri,Mohamed Salah,substitute_in
ENG-Premier League,1819,2018-09-01 Leicester City-Liverpool,Liverpool,71’,1:2,Naby Keïta,Jordan Henderson,substitute_in
ENG-Premier League,1819,2018-09-01 Leicester City-Liverpool,Leicester City,76’,1:2,Shinji Okazaki,Demarai Gray,substitute_in
ENG-Premier League,1819,2018-09-01 Leicester City-Liverpool,Leicester City,83’,1:2,Daniel Amartey,James Maddison,substitute_in
ENG-Premier League,1819,2018-09-01 Leicester City-Liverpool,Leicester City,88’,1:2,Nampalys Mendy,,yellow_card
ENG-Premier League,1819,2018-09-01 Leicester City-Liverpool,Liverpool,89’,1:2,Joël Matip,Trent Alexander-Arnold,substitute_in
ENG-Premier League,1819,2018-09-01 Leicester City-Liverpool,Liverpool,90+3’,1:2,James Milner,,yellow_card
ENG-Premier League,1819,2018-09-01 Leicester City-Liverpool,Leicester City,90+5’,1:2,Wilfred Ndidi,,yellow_card
ENG-Premier League,1819,2019-02-24 Manchester Utd-Liverpool,Manchester United,21’,0:0,Andreas Pereira,Ander Herrera,substitute_in
ENG-Premier League,1819,2019-02-24 Manchester Utd-Liverpool,Liverpool,23’,0:0,James Milner,,yellow_card
ENG-Premier League,1819,2019-02-24 Manchester Utd-Liverpool,Manchester United,25’,0:0,Jesse Lingard,Juan Mata,substitute_in
ENG-Premier League,1819,2019-02-24 Manchester Utd-Liverpool,Liverpool,31’,0:0,Daniel Sturridge,Roberto Firmino,substitute_in
ENG-Premier League,1819,2019-02-24 Manchester Utd-Liverpool,Manchester United,43’,0:0,Alexis Sánchez,Jesse Lingard,substitute_in
ENG-Premier League,1819,2019-02-24 Manchester Utd-Liverpool,Liverpool,72’,0:0,Xherdan Shaqiri,Jordan Henderson,substitute_in
ENG-Premier League,1819,2019-02-24 Manchester Utd-Liverpool,Liverpool,79’,0:0,Divock Origi,Mohamed Salah,substitute_in
ENG-Premier League,1819,2019-02-24 Manchester Utd-Liverpool,Manchester United,81’,0:0,Ashley Young,,yellow_card
ENG-Premier League,1819,2019-02-24 Manchester Utd-Liverpool,Liverpool,83’,0:0,Xherdan Shaqiri,,yellow_card
ENG-Premier League,1819,2019-02-24 Manchester Utd-Liverpool,Liverpool,90’,0:0,Georginio Wijnaldum,,yellow_card
ENG-Premier League,1819,2018-09-01 Crystal Palace-Southampton,Southampton,47’,0:1,Danny Ings,Cédric Soares,goal
ENG-Premier League,1819,2018-09-01 Crystal Palace-Southampton,Southampton,62’,0:1,Charlie Austin,Shane Long,substitute_in
ENG-Premier League,1819,2018-09-01 Crystal Palace-Southampton,Crystal Palace,64’,0:1,Aaron Wan-Bissaka,,yellow_card
ENG-Premier League,1819,2018-09-01 Crystal Palace-Southampton,Southampton,65’,0:1,Charlie Austin,Wayne Hennessey,penalty_miss
ENG-Premier League,1819,2018-09-01 Crystal Palace-Southampton,Crystal Palace,72’,0:1,Cheikhou Kouyaté,Andros Townsend,substitute_in
ENG-Premier League,1819,2018-09-01 Crystal Palace-Southampton,Southampton,73’,0:1,Matt Targett,Mohamed Elyounoussi,substitute_in
ENG-Premier League,1819,2018-09-01 Crystal Palace-Southampton,Crystal Palace,76’,0:1,Max Meyer,Jeffrey Schlupp,substitute_in
ENG-Premier League,1819,2018-09-01 Crystal Palace-Southampton,Crystal Palace,76’,0:1,Alexander Sørloth,Jordan Ayew,substitute_in
ENG-Premier League,1819,2018-09-01 Crystal Palace-Southampton,Southampton,77’,0:1,Jannik Vestergaard,,yellow_card
ENG-Premier League,1819,2018-09-01 Crystal Palace-Southampton,Southampton,78’,0:1,Oriol Romeu,Danny Ings,substitute_in
ENG-Premier League,1819,2018-09-01 Crystal Palace-Southampton,Southampton,90+2’,0:2,Pierre Højbjerg,Matt Targett,goal
ENG-Premier League,1819,2018-10-21 Everton-Crystal Palace,Everton,29’,0:0,Idrissa Gana Gueye,,yellow_card
ENG-Premier League,1819,2018-10-21 Everton-Crystal Palace,Crystal Palace,51’,0:0,Luka Milivojević,,yellow_card
ENG-Premier League,1819,2018-10-21 Everton-Crystal Palace,Crystal Palace,60’,0:0,Luka Milivojević,Jordan Pickford,penalty_miss
ENG-Premier League,1819,2018-10-21 Everton-Crystal Palace,Everton,67’,0:0,Cenk Tosun,Bernard,substitute_in
ENG-Premier League,1819,2018-10-21 Everton-Crystal Palace,Everton,80’,0:0,Séamus Coleman,,yellow_card
ENG-Premier League,1819,2018-10-21 Everton-Crystal Palace,Everton,82’,0:0,Dominic Calvert-Lewin,André Gomes,substitute_in
ENG-Premier League,1819,2018-10-21 Everton-Crystal Palace,Everton,82’,0:0,Ademola Lookman,Theo Walcott,substitute_in
ENG-Premier League,1819,2018-10-21 Everton-Crystal Palace,Everton,87’,1:0,Dominic Calvert-Lewin,Ademola Lookman,goal
ENG-Premier League,1819,2018-10-21 Everton-Crystal Palace,Everton,89’,2:0,Cenk Tosun,Michael Keane,goal
ENG-Premier League,1819,2018-10-21 Everton-Crystal Palace,Crystal Palace,89’,2:0,Connor Wickham,James McArthur,substitute_in
ENG-Premier League,1819,2019-03-31 Cardiff City-Chelsea,Chelsea,26’,0:0,Jorginho,,yellow_card
ENG-Premier League,1819,2019-03-31 Cardiff City-Chelsea,Cardiff City,46’,1:0,Víctor Camarasa,Harry Arter,goal
ENG-Premier League,1819,2019-03-31 Cardiff City-Chelsea,Chelsea,53’,1:0,Eden Hazard,Pedro,substitute_in
ENG-Premier League,1819,2019-03-31 Cardiff City-Chelsea,Cardiff City,54’,1:0,Harry Arter,,yellow_card
ENG-Premier League,1819,2019-03-31 Cardiff City-Chelsea,Chelsea,61’,1:0,César Azpilicueta,,yellow_card
ENG-Premier League,1819,2019-03-31 Cardiff City-Chelsea,Chelsea,64’,1:0,Ruben Loftus-Cheek,Jorginho,substitute_in
ENG-Premier League,1819,2019-03-31 Cardiff City-Chelsea,Chelsea,77’,1:0,Olivier Giroud,Gonzalo Higuaín,substitute_in
ENG-Premier League,1819,2019-03-31 Cardiff City-Chelsea,Cardiff City,80’,1:0,Joe Ralls,Harry Arter,substitute_in
ENG-Premier League,1819,2019-03-31 Cardiff City-Chelsea,Chelsea,84’,1:1,César Azpilicueta,Marcos Alonso,goal
ENG-Premier League,1819,2019-03-31 Cardiff City-Chelsea,Cardiff City,85’,1:1,Kenneth Zohore,Oumar Niasse,substitute_in
ENG-Premier League,1819,2019-03-31 Cardiff City-Chelsea,Cardiff City,86’,1:1,Aron Gunnarsson,,yellow_card
ENG-Premier League,1819,2019-03-31 Cardiff City-Chelsea,Chelsea,87’,1:1,Antonio Rüdiger,,yellow_card
ENG-Premier League,1819,2019-03-31 Cardiff City-Chelsea,Chelsea,90+1’,1:2,Ruben Loftus-Cheek,Willian,goal
ENG-Premier League,1819,2019-03-31 Cardiff City-Chelsea,Cardiff City,90’,1:1,Nathaniel Mendez-Laing,Josh Murphy,substitute_in
ENG-Premier League,1819,2019-02-09 Southampton-Cardiff City,Southampton,45+1’,0:0,James Ward-Prowse,,yellow_card
ENG-Premier League,1819,2019-02-09 Southampton-Cardiff City,Cardiff City,61’,0:0,Aron Gunnarsson,,yellow_card
ENG-Premier League,1819,2019-02-09 Southampton-Cardiff City,Cardiff City,62’,0:0,Kenneth Zohore,Bobby De Cordova-Reid,substitute_in
ENG-Premier League,1819,2019-02-09 Southampton-Cardiff City,Cardiff City,62’,0:0,Leandro Bacuna,Aron Gunnarsson,substitute_in
ENG-Premier League,1819,2019-02-09 Southampton-Cardiff City,Cardiff City,69’,0:1,Sol Bamba,Callum Paterson,goal
ENG-Premier League,1819,2019-02-09 Southampton-Cardiff City,Cardiff City,70’,0:1,Sol Bamba,,yellow_card
ENG-Premier League,1819,2019-02-09 Southampton-Cardiff City,Southampton,72’,0:1,Mohamed Elyounoussi,Jannik Vestergaard,substitute_in
ENG-Premier League,1819,2019-02-09 Southampton-Cardiff City,Southampton,72’,0:1,Charlie Austin,Shane Long,substitute_in
ENG-Premier League,1819,2019-02-09 Southampton-Cardiff City,Southampton,83’,0:1,Sam Gallagher,Yan Valery,substitute_in
ENG-Premier League,1819,2019-02-09 Southampton-Cardiff City,Cardiff City,83’,0:1,Víctor Camarasa,Oumar Niasse,substitute_in
ENG-Premier League,1819,2019-02-09 Southampton-Cardiff City,Southampton,89’,0:1,Nathan Redmond,,yellow_card
ENG-Premier League,1819,2019-02-09 Southampton-Cardiff City,Southampton,90+1’,1:1,Jack Stephens,Charlie Austin,goal
ENG-Premier League,1819,2019-02-09 Southampton-Cardiff City,Cardiff City,90+3’,1:2,Kenneth Zohore,Víctor Camarasa,goal
ENG-Premier League,1819,2019-02-09 Southampton-Cardiff City,Cardiff City,90+4’,1:2,Kenneth Zohore,,yellow_card
ENG-Premier League,1819,2019-02-09 Southampton-Cardiff City,Southampton,90+6’,1:2,Oriol Romeu,,yellow_card
ENG-Premier League,1819,2019-04-03 Manchester City-Cardiff City,Manchester City,19’,1:0,Kyle Walker,Oleksandr Zinchenko,substitute_in
ENG-Premier League,1819,2019-04-03 Manchester City-Cardiff City,Cardiff City,34’,1:0,Lee Peltier,,yellow_card
ENG-Premier League,1819,2019-04-03 Manchester City-Cardiff City,Manchester City,44’,2:0,Leroy Sané,Gabriel Jesus,goal
ENG-Premier League,1819,2019-04-03 Manchester City-Cardiff City,Cardiff City,53’,2:0,Joe Ralls,,yellow_card
ENG-Premier League,1819,2019-04-03 Manchester City-Cardiff City,Cardiff City,60’,2:0,Nathaniel Mendez-Laing,Josh Murphy,substitute_in
ENG-Premier League,1819,2019-04-03 Manchester City-Cardiff City,Manchester City,6’,1:0,Kevin De Bruyne,Aymeric Laporte,goal
ENG-Premier League,1819,2019-04-03 Manchester City-Cardiff City,Cardiff City,81’,2:0,Leandro Bacuna,Aron Gunnarsson,substitute_in
ENG-Premier League,1819,2019-04-03 Manchester City-Cardiff City,Cardiff City,83’,2:0,Bobby De Cordova-Reid,Víctor Camarasa,substitute_in
ENG-Premier League,1819,2019-04-03 Manchester City-Cardiff City,Cardiff City,8’,1:0,Joe Bennett,,yellow_card
ENG-Premier League,1819,2018-12-29 Fulham-Huddersfield Town,Fulham,25’,0:0,Jean Seri,,yellow_card
ENG-Premier League,1819,2018-12-29 Fulham-Huddersfield Town,Fulham,44’,0:0,Denis Odoi,,yellow_card
ENG-Premier League,1819,2018-12-29 Fulham-Huddersfield Town,Fulham,46’,0:0,Maxime Le Marchand,Alfie Mawson,substitute_in
ENG-Premier League,1819,2018-12-29 Fulham-Huddersfield Town,Fulham,46’,0:0,Aboubakar Kamara,Jean Seri,substitute_in
ENG-Premier League,1819,2018-12-29 Fulham-Huddersfield Town,Fulham,64’,0:0,Cyrus Christie,,yellow_card
ENG-Premier League,1819,2018-12-29 Fulham-Huddersfield Town,Huddersfield Town,65’,0:0,Laurent Depoitre,Steve Mounié,substitute_in
ENG-Premier League,1819,2018-12-29 Fulham-Huddersfield Town,Huddersfield Town,65’,0:0,Elias Kachunga,Alex Pritchard,substitute_in
ENG-Premier League,1819,2018-12-29 Fulham-Huddersfield Town,Huddersfield Town,69’,0:0,Jonathan Hogg,,yellow_card
ENG-Premier League,1819,2018-12-29 Fulham-Huddersfield Town,Fulham,77’,0:0,Ryan Sessegnon,Luciano Vietto,substitute_in
ENG-Premier League,1819,2018-12-29 Fulham-Huddersfield Town,Fulham,82’,0:0,Aboubakar Kamara,Jonas Lössl,penalty_miss
ENG-Premier League,1819,2018-12-29 Fulham-Huddersfield Town,Fulham,90+1’,1:0,Aleksandar Mitrović,Ryan Sessegnon,goal
ENG-Premier League,1819,2019-04-07 Everton-Arsenal,Everton,10’,1:0,Phil Jagielka,,goal
ENG-Premier League,1819,2019-04-07 Everton-Arsenal,Arsenal,25’,1:0,Sokratis Papastathopoulos,,yellow_card
ENG-Premier League,1819,2019-04-07 Everton-Arsenal,Arsenal,46’,1:0,Aaron Ramsey,Mohamed Elneny,substitute_in
ENG-Premier League,1819,2019-04-07 Everton-Arsenal,Arsenal,46’,1:0,Pierre-Emerick Aubameyang,Sead Kolašinac,substitute_in
ENG-Premier League,1819,2019-04-07 Everton-Arsenal,Everton,50’,1:0,André Gomes,,yellow_card
ENG-Premier League,1819,2019-04-07 Everton-Arsenal,Arsenal,6’,0:0,Mattéo Guendouzi,,yellow_card
ENG-Premier League,1819,2019-04-07 Everton-Arsenal,Arsenal,74’,1:0,Alex Iwobi,Mesut Özil,substitute_in
ENG-Premier League,1819,2019-04-07 Everton-Arsenal,Everton,79’,1:0,Theo Walcott,Richarlison,substitute_in
ENG-Premier League,1819,2019-04-07 Everton-Arsenal,Arsenal,82’,1:0,Shkodran Mustafi,,yellow_card
ENG-Premier League,1819,2019-04-07 Everton-Arsenal,Arsenal,86’,1:0,Nacho Monreal,,yellow_card
ENG-Premier League,1819,2019-04-07 Everton-Arsenal,Everton,88’,1:0,Ademola Lookman,Bernard,substitute_in
ENG-Premier League,1819,2019-04-07 Everton-Arsenal,Everton,90+1’,1:0,Tom Davies,Gylfi Sigurðsson,substitute_in
ENG-Premier League,1819,2018-12-02 Arsenal-Tottenham Hotspur,Arsenal,10’,1:0,Pierre-Emerick Aubameyang,,penalty_goal
ENG-Premier League,1819,2018-12-02 Arsenal-Tottenham Hotspur,Tottenham Hotspur,30’,1:1,Eric Dier,Christian Eriksen,goal
ENG-Premier League,1819,2018-12-02 Arsenal-Tottenham Hotspur,Tottenham Hotspur,32’,1:1,Eric Dier,,yellow_card
ENG-Premier League,1819,2018-12-02 Arsenal-Tottenham Hotspur,Tottenham Hotspur,34’,1:2,Harry Kane,,penalty_goal
ENG-Premier League,1819,2018-12-02 Arsenal-Tottenham Hotspur,Arsenal,37’,1:2,Shkodran Mustafi,,yellow_card
ENG-Premier League,1819,2018-12-02 Arsenal-Tottenham Hotspur,Arsenal,46’,1:2,Alexandre Lacazette,Alex Iwobi,substitute_in
ENG-Premier League,1819,2018-12-02 Arsenal-Tottenham Hotspur,Arsenal,46’,1:2,Aaron Ramsey,Henrikh Mkhitaryan,substitute_in
ENG-Premier League,1819,2018-12-02 Arsenal-Tottenham Hotspur,Arsenal,49’,1:2,Granit Xhaka,,yellow_card
ENG-Premier League,1819,2018-12-02 Arsenal-Tottenham Hotspur,Arsenal,56’,2:2,Pierre-Emerick Aubameyang,Aaron Ramsey,goal
ENG-Premier League,1819,2018-12-02 Arsenal-Tottenham Hotspur,Tottenham Hotspur,65’,2:2,Dele Alli,,yellow_card
ENG-Premier League,1819,2018-12-02 Arsenal-Tottenham Hotspur,Arsenal,71’,2:2,Mattéo Guendouzi,Shkodran Mustafi,substitute_in
ENG-Premier League,1819,2018-12-02 Arsenal-Tottenham Hotspur,Arsenal,74’,3:2,Alexandre Lacazette,Aaron Ramsey,goal
ENG-Premier League,1819,2018-12-02 Arsenal-Tottenham Hotspur,Arsenal,77’,4:2,Lucas Torreira,Pierre-Emerick Aubameyang,goal
ENG-Premier League,1819,2018-12-02 Arsenal-Tottenham Hotspur,Arsenal,78’,4:2,Lucas Torreira,,yellow_card
ENG-Premier League,1819,2018-12-02 Arsenal-Tottenham Hotspur,Tottenham Hotspur,79’,4:2,Lucas Moura,Son Heung-min,substitute_in
ENG-Premier League,1819,2018-12-02 Arsenal-Tottenham Hotspur,Tottenham Hotspur,79’,4:2,Harry Winks,Dele Alli,substitute_in
ENG-Premier League,1819,2018-12-02 Arsenal-Tottenham Hotspur,Tottenham Hotspur,82’,4:2,Danny Rose,Ben Davies,substitute_in
ENG-Premier League,1819,2018-12-02 Arsenal-Tottenham Hotspur,Tottenham Hotspur,85’,4:2,Jan Vertonghen,,yellow_red_card
ENG-Premier League,1819,2018-12-02 Arsenal-Tottenham Hotspur,Tottenham Hotspur,90’,4:2,Serge Aurier,,yellow_card
ENG-Premier League,1819,2018-12-02 Arsenal-Tottenham Hotspur,Tottenham Hotspur,9’,0:0,Jan Vertonghen,,yellow_card
ENG-Premier League,1819,2018-09-15 Manchester City-Fulham,Manchester City,21’,2:0,David Silva,,goal
ENG-Premier League,1819,2018-09-15 Manchester City-Fulham,Manchester City,2’,1:0,Leroy Sané,Fernandinho,goal
ENG-Premier League,1819,2018-09-15 Manchester City-Fulham,Manchester City,47’,3:0,Raheem Sterling,Sergio Agüero,goal
ENG-Premier League,1819,2018-09-15 Manchester City-Fulham,Manchester City,54’,3:0,Gabriel Jesus,Sergio Agüero,substitute_in
ENG-Premier League,1819,2018-09-15 Manchester City-Fulham,Fulham,56’,3:0,Andre-Frank Zambo Anguissa,Jean Seri,substitute_in
ENG-Premier League,1819,2018-09-15 Manchester City-Fulham,Manchester City,67’,3:0,İlkay Gündoğan,Fabian Delph,substitute_in
ENG-Premier League,1819,2018-09-15 Manchester City-Fulham,Fulham,69’,3:0,Floyd Ayité,Luciano Vietto,substitute_in
ENG-Premier League,1819,2018-09-15 Manchester City-Fulham,Manchester City,74’,3:0,Riyad Mahrez,Raheem Sterling,substitute_in
ENG-Premier League,1819,2019-03-02 Wolves-Cardiff City,Wolverhampton Wanderers,16’,1:0,Diogo Jota,Raúl Jiménez,goal
ENG-Premier League,1819,2019-03-02 Wolves-Cardiff City,Wolverhampton Wanderers,18’,2:0,Raúl Jiménez,Diogo Jota,goal
ENG-Premier League,1819,2019-03-02 Wolves-Cardiff City,Wolverhampton Wanderers,34’,2:0,Ryan Bennett,,yellow_card
ENG-Premier League,1819,2019-03-02 Wolves-Cardiff City,Cardiff City,45+1’,2:0,Sol Bamba,,yellow_card
ENG-Premier League,1819,2019-03-02 Wolves-Cardiff City,Cardiff City,45+2’,2:0,Bruno Ecuele Manga,Sol Bamba,substitute_in
ENG-Premier League,1819,2019-03-02 Wolves-Cardiff City,Wolverhampton Wanderers,47’,2:0,Matt Doherty,Diogo Jota,substitute_in
ENG-Premier League,1819,2019-03-02 Wolves-Cardiff City,Cardiff City,59’,2:0,Callum Paterson,Bobby De Cordova-Reid,substitute_in
ENG-Premier League,1819,2019-03-02 Wolves-Cardiff City,Cardiff City,62’,2:0,Lee Peltier,,yellow_card
ENG-Premier League,1819,2019-03-02 Wolves-Cardiff City,Wolverhampton Wanderers,64’,2:0,João Moutinho,Morgan Gibbs-White,substitute_in
ENG-Premier League,1819,2019-03-02 Wolves-Cardiff City,Wolverhampton Wanderers,75’,2:0,Ivan Cavaleiro,Adama Traoré,substitute_in
ENG-Premier League,1819,2019-03-02 Wolves-Cardiff City,Cardiff City,76’,2:0,Rhys Healey,Oumar Niasse,substitute_in
ENG-Premier League,1819,2019-04-20 West Ham United-Leicester City,West Ham United,37’,1:0,Michail Antonio,Mark Noble,goal
ENG-Premier League,1819,2019-04-20 West Ham United-Leicester City,West Ham United,49’,1:0,Robert Snodgrass,,yellow_card
ENG-Premier League,1819,2019-04-20 West Ham United-Leicester City,Leicester City,64’,1:0,Harvey Barnes,Marc Albrighton,substitute_in
ENG-Premier League,1819,2019-04-20 West Ham United-Leicester City,Leicester City,67’,1:1,Jamie Vardy,Ben Chilwell,goal
ENG-Premier League,1819,2019-04-20 West Ham United-Leicester City,West Ham United,70’,1:1,Declan Rice,,yellow_card
ENG-Premier League,1819,2019-04-20 West Ham United-Leicester City,West Ham United,73’,1:1,Pedro Obiang,Robert Snodgrass,substitute_in
ENG-Premier League,1819,2019-04-20 West Ham United-Leicester City,West Ham United,78’,1:1,Lucas Pérez,Marko Arnautović,substitute_in
ENG-Premier League,1819,2019-04-20 West Ham United-Leicester City,West Ham United,82’,2:1,Lucas Pérez,,goal
ENG-Premier League,1819,2019-04-20 West Ham United-Leicester City,Leicester City,84’,2:1,Kelechi Iheanacho,Demarai Gray,substitute_in
ENG-Premier League,1819,2019-04-20 West Ham United-Leicester City,West Ham United,85’,2:1,Jack Wilshere,Mark Noble,substitute_in
ENG-Premier League,1819,2019-04-20 West Ham United-Leicester City,Leicester City,90+2’,2:2,Harvey Barnes,Youri Tielemans,goal
ENG-Premier League,1819,2019-04-20 West Ham United-Leicester City,Leicester City,90+5’,2:2,Nampalys Mendy,Youri Tielemans,substitute_in
ENG-Premier League,1819,2018-11-24 Tottenham Hotspur-Chelsea,Tottenham Hotspur,16’,2:0,Harry Kane,Christian Eriksen,goal
ENG-Premier League,1819,2018-11-24 Tottenham Hotspur-Chelsea,Chelsea,19’,2:0,Antonio Rüdiger,,yellow_card
ENG-Premier League,1819,2018-11-24 Tottenham Hotspur-Chelsea,Chelsea,45+3’,2:0,Eden Hazard,,yellow_card
ENG-Premier League,1819,2018-11-24 Tottenham Hotspur-Chelsea,Tottenham Hotspur,54’,3:0,Son Heung-min,Dele Alli,goal
ENG-Premier League,1819,2018-11-24 Tottenham Hotspur-Chelsea,Chelsea,58’,3:0,Ross Barkley,Mateo Kovačić,substitute_in
ENG-Premier League,1819,2018-11-24 Tottenham Hotspur-Chelsea,Chelsea,58’,3:0,Pedro,Álvaro Morata,substitute_in
ENG-Premier League,1819,2018-11-24 Tottenham Hotspur-Chelsea,Chelsea,72’,3:0,Jorginho,,yellow_card
ENG-Premier League,1819,2018-11-24 Tottenham Hotspur-Chelsea,Chelsea,76’,3:0,Olivier Giroud,Willian,substitute_in
ENG-Premier League,1819,2018-11-24 Tottenham Hotspur-Chelsea,Tottenham Hotspur,78’,3:0,Érik Lamela,Son Heung-min,substitute_in
ENG-Premier League,1819,2018-11-24 Tottenham Hotspur-Chelsea,Chelsea,85’,3:1,Olivier Giroud,César Azpilicueta,goal
ENG-Premier League,1819,2018-11-24 Tottenham Hotspur-Chelsea,Tottenham Hotspur,87’,3:1,Harry Winks,Dele Alli,substitute_in
ENG-Premier League,1819,2018-11-24 Tottenham Hotspur-Chelsea,Tottenham Hotspur,8’,1:0,Dele Alli,Christian Eriksen,goal
ENG-Premier League,1819,2019-05-12 Burnley-Arsenal,Burnley,22’,0:0,Ashley Barnes,,yellow_card
ENG-Premier League,1819,2019-05-12 Burnley-Arsenal,Arsenal,34’,0:0,Laurent Koscielny,Konstantinos Mavropanos,substitute_in
ENG-Premier League,1819,2019-05-12 Burnley-Arsenal,Burnley,3’,0:0,Tom Heaton,,yellow_card
ENG-Premier League,1819,2019-05-12 Burnley-Arsenal,Burnley,45+3’,0:0,James Tarkowski,,yellow_card
ENG-Premier League,1819,2019-05-12 Burnley-Arsenal,Burnley,48’,0:0,Matthew Lowton,,yellow_card
ENG-Premier League,1819,2019-05-12 Burnley-Arsenal,Arsenal,52’,0:1,Pierre-Emerick Aubameyang,,goal
ENG-Premier League,1819,2019-05-12 Burnley-Arsenal,Arsenal,52’,0:1,Mattéo Guendouzi,,yellow_card
ENG-Premier League,1819,2019-05-12 Burnley-Arsenal,Arsenal,62’,0:1,Eddie Nketiah,Joe Willock,substitute_in
ENG-Premier League,1819,2019-05-12 Burnley-Arsenal,Arsenal,63’,0:2,Pierre-Emerick Aubameyang,Alex Iwobi,goal
ENG-Premier League,1819,2019-05-12 Burnley-Arsenal,Burnley,64’,0:2,Jóhann Berg Guðmundsson,Dwight McNeil,substitute_in
ENG-Premier League,1819,2019-05-12 Burnley-Arsenal,Burnley,65’,1:2,Ashley Barnes,Jóhann Berg Guðmundsson,goal
ENG-Premier League,1819,2019-05-12 Burnley-Arsenal,Burnley,75’,1:2,Jack Cork,,yellow_card
ENG-Premier League,1819,2019-05-12 Burnley-Arsenal,Burnley,77’,1:2,Peter Crouch,Chris Wood,substitute_in
ENG-Premier League,1819,2019-05-12 Burnley-Arsenal,Burnley,82’,1:2,Robbie Brady,Jeff Hendrick,substitute_in
ENG-Premier League,1819,2019-05-12 Burnley-Arsenal,Arsenal,90+4’,1:3,Eddie Nketiah,Alex Iwobi,goal
ENG-Premier League,1819,2018-08-11 Fulham-Crystal Palace,Fulham,34’,0:0,Kevin McDonald,,yellow_card
ENG-Premier League,1819,2018-08-11 Fulham-Crystal Palace,Crystal Palace,40’,0:0,Wilfried Zaha,,yellow_card
ENG-Premier League,1819,2018-08-11 Fulham-Crystal Palace,Crystal Palace,41’,0:1,Jeffrey Schlupp,Patrick van Aanholt,goal
ENG-Premier League,1819,2018-08-11 Fulham-Crystal Palace,Fulham,61’,0:1,Aboubakar Kamara,André Schürrle,substitute_in
ENG-Premier League,1819,2018-08-11 Fulham-Crystal Palace,Fulham,71’,0:1,Luciano Vietto,Joe Bryan,substitute_in
ENG-Premier League,1819,2018-08-11 Fulham-Crystal Palace,Crystal Palace,74’,0:1,Jeffrey Schlupp,,yellow_card
ENG-Premier League,1819,2018-08-11 Fulham-Crystal Palace,Crystal Palace,79’,0:2,Wilfried Zaha,Aaron Wan-Bissaka,goal
ENG-Premier League,1819,2018-08-11 Fulham-Crystal Palace,Fulham,82’,0:2,Stefan Johansen,Jean Seri,substitute_in
ENG-Premier League,1819,2018-08-11 Fulham-Crystal Palace,Crystal Palace,83’,0:2,Alexander Sørloth,Christian Benteke,substitute_in
ENG-Premier League,1819,2018-08-11 Fulham-Crystal Palace,Crystal Palace,88’,0:2,Cheikhou Kouyaté,Andros Townsend,substitute_in
ENG-Premier League,1819,2018-08-11 Fulham-Crystal Palace,Crystal Palace,90+2’,0:2,Pape Souaré,Patrick van Aanholt,substitute_in
ENG-Premier League,1819,2018-12-23 Everton-Tottenham Hotspur,Everton,21’,1:0,Theo Walcott,Dominic Calvert-Lewin,goal
ENG-Premier League,1819,2018-12-23 Everton-Tottenham Hotspur,Tottenham Hotspur,27’,1:1,Son Heung-min,,goal
ENG-Premier League,1819,2018-12-23 Everton-Tottenham Hotspur,Tottenham Hotspur,32’,1:1,Kieran Trippier,,yellow_card
ENG-Premier League,1819,2018-12-23 Everton-Tottenham Hotspur,Tottenham Hotspur,35’,1:2,Dele Alli,,goal
ENG-Premier League,1819,2018-12-23 Everton-Tottenham Hotspur,Tottenham Hotspur,42’,1:3,Harry Kane,,goal
ENG-Premier League,1819,2018-12-23 Everton-Tottenham Hotspur,Tottenham Hotspur,46’,1:3,Érik Lamela,Dele Alli,substitute_in
ENG-Premier League,1819,2018-12-23 Everton-Tottenham Hotspur,Tottenham Hotspur,48’,1:4,Christian Eriksen,,goal
ENG-Premier League,1819,2018-12-23 Everton-Tottenham Hotspur,Everton,51’,2:4,Gylfi Sigurðsson,Richarlison,goal
ENG-Premier League,1819,2018-12-23 Everton-Tottenham Hotspur,Everton,53’,2:4,Morgan Schneiderlin,André Gomes,substitute_in
ENG-Premier League,1819,2018-12-23 Everton-Tottenham Hotspur,Tottenham Hotspur,61’,2:5,Son Heung-min,Érik Lamela,goal
ENG-Premier League,1819,2018-12-23 Everton-Tottenham Hotspur,Tottenham Hotspur,71’,2:5,Christian Eriksen,,yellow_card
ENG-Premier League,1819,2018-12-23 Everton-Tottenham Hotspur,Tottenham Hotspur,74’,2:6,Harry Kane,Son Heung-min,goal
ENG-Premier League,1819,2018-12-23 Everton-Tottenham Hotspur,Everton,75’,2:6,Bernard,Richarlison,substitute_in
ENG-Premier League,1819,2018-12-23 Everton-Tottenham Hotspur,Tottenham Hotspur,79’,2:6,Oliver Skipp,Son Heung-min,substitute_in
ENG-Premier League,1819,2018-12-23 Everton-Tottenham Hotspur,Everton,83’,2:6,Cenk Tosun,Gylfi Sigurðsson,substitute_in
ENG-Premier League,1819,2018-12-23 Everton-Tottenham Hotspur,Tottenham Hotspur,83’,2:6,Lucas Moura,Moussa Sissoko,substitute_in
ENG-Premier League,1819,2018-12-16 Southampton-Arsenal,Southampton,20’,1:0,Danny Ings,Matt Targett,goal
ENG-Premier League,1819,2018-12-16 Southampton-Arsenal,Arsenal,28’,1:1,Henrikh Mkhitaryan,Nacho Monreal,goal
ENG-Premier League,1819,2018-12-16 Southampton-Arsenal,Southampton,44’,2:1,Danny Ings,Nathan Redmond,goal
ENG-Premier League,1819,2018-12-16 Southampton-Arsenal,Arsenal,46’,2:1,Alexandre Lacazette,Héctor Bellerín,substitute_in
ENG-Premier League,1819,2018-12-16 Southampton-Arsenal,Southampton,51’,2:1,Jan Bednarek,,yellow_card
ENG-Premier League,1819,2018-12-16 Southampton-Arsenal,Arsenal,53’,2:2,Henrikh Mkhitaryan,Alexandre Lacazette,goal
ENG-Premier League,1819,2018-12-16 Southampton-Arsenal,Arsenal,60’,2:2,Laurent Koscielny,,yellow_card
ENG-Premier League,1819,2018-12-16 Southampton-Arsenal,Southampton,63’,2:2,Shane Long,Nathan Redmond,substitute_in
ENG-Premier League,1819,2018-12-16 Southampton-Arsenal,Arsenal,70’,2:2,Mesut Özil,Alex Iwobi,substitute_in
ENG-Premier League,1819,2018-12-16 Southampton-Arsenal,Southampton,71’,2:2,Stuart Armstrong,,yellow_card
ENG-Premier League,1819,2018-12-16 Southampton-Arsenal,Southampton,71’,2:2,Charlie Austin,Danny Ings,substitute_in
ENG-Premier League,1819,2018-12-16 Southampton-Arsenal,Arsenal,74’,2:2,Ainsley Maitland-Niles,Stephan Lichtsteiner,substitute_in
ENG-Premier League,1819,2018-12-16 Southampton-Arsenal,Southampton,85’,3:2,Charlie Austin,Shane Long,goal
ENG-Premier League,1819,2018-12-16 Southampton-Arsenal,Southampton,90+4’,3:2,Tyreke Johnson,Stuart Armstrong,substitute_in
ENG-Premier League,1819,2018-12-16 Southampton-Arsenal,Southampton,90+5’,3:2,Shane Long,,yellow_card
ENG-Premier League,1819,2018-12-16 Brighton-Chelsea,Chelsea,17’,0:1,Pedro,Eden Hazard,goal
ENG-Premier League,1819,2018-12-16 Brighton-Chelsea,Chelsea,33’,0:2,Eden Hazard,Willian,goal
ENG-Premier League,1819,2018-12-16 Brighton-Chelsea,Brighton & Hove Albion,55’,0:2,Lewis Dunk,,yellow_card
ENG-Premier League,1819,2018-12-16 Brighton-Chelsea,Brighton & Hove Albion,60’,0:2,Florin Andone,Glenn Murray,substitute_in
ENG-Premier League,1819,2018-12-16 Brighton-Chelsea,Brighton & Hove Albion,66’,1:2,Solly March,Bernardo,goal
ENG-Premier League,1819,2018-12-16 Brighton-Chelsea,Chelsea,66’,1:2,Ruben Loftus-Cheek,Pedro,substitute_in
ENG-Premier League,1819,2018-12-16 Brighton-Chelsea,Brighton & Hove Albion,69’,1:2,Florin Andone,,yellow_card
ENG-Premier League,1819,2018-12-16 Brighton-Chelsea,Chelsea,75’,1:2,Ross Barkley,Mateo Kovačić,substitute_in
ENG-Premier League,1819,2018-12-16 Brighton-Chelsea,Brighton & Hove Albion,81’,1:2,Yves Bissouma,Pascal Groß,substitute_in
ENG-Premier League,1819,2018-12-16 Brighton-Chelsea,Brighton & Hove Albion,83’,1:2,Jürgen Locadia,Anthony Knockaert,substitute_in
ENG-Premier League,1819,2018-12-16 Brighton-Chelsea,Chelsea,83’,1:2,Olivier Giroud,Eden Hazard,substitute_in
ENG-Premier League,1819,2018-12-16 Brighton-Chelsea,Chelsea,87’,1:2,Marcos Alonso,,yellow_card
ENG-Premier League,1819,2018-12-16 Brighton-Chelsea,Chelsea,90’,1:2,Kepa Arrizabalaga,,yellow_card
ENG-Premier League,1819,2018-12-29 Liverpool-Arsenal,Arsenal,11’,0:1,Ainsley Maitland-Niles,Alex Iwobi,goal
ENG-Premier League,1819,2018-12-29 Liverpool-Arsenal,Liverpool,14’,1:1,Roberto Firmino,,goal
ENG-Premier League,1819,2018-12-29 Liverpool-Arsenal,Liverpool,16’,2:1,Roberto Firmino,,goal
ENG-Premier League,1819,2018-12-29 Liverpool-Arsenal,Liverpool,26’,2:1,Andrew Robertson,,yellow_card
ENG-Premier League,1819,2018-12-29 Liverpool-Arsenal,Liverpool,32’,3:1,Sadio Mané,Mohamed Salah,goal
ENG-Premier League,1819,2018-12-29 Liverpool-Arsenal,Arsenal,33’,3:1,Granit Xhaka,,yellow_card
ENG-Premier League,1819,2018-12-29 Liverpool-Arsenal,Liverpool,45+2’,4:1,Mohamed Salah,,penalty_goal
ENG-Premier League,1819,2018-12-29 Liverpool-Arsenal,Arsenal,46’,4:1,Laurent Koscielny,Shkodran Mustafi,substitute_in
ENG-Premier League,1819,2018-12-29 Liverpool-Arsenal,Liverpool,62’,4:1,Jordan Henderson,Sadio Mané,substitute_in
ENG-Premier League,1819,2018-12-29 Liverpool-Arsenal,Liverpool,65’,5:1,Roberto Firmino,,penalty_goal
ENG-Premier League,1819,2018-12-29 Liverpool-Arsenal,Arsenal,71’,5:1,Alexandre Lacazette,Pierre-Emerick Aubameyang,substitute_in
ENG-Premier League,1819,2018-12-29 Liverpool-Arsenal,Liverpool,78’,5:1,Adam Lallana,Georginio Wijnaldum,substitute_in
ENG-Premier League,1819,2018-12-29 Liverpool-Arsenal,Arsenal,80’,5:1,Mattéo Guendouzi,Sead Kolašinac,substitute_in
ENG-Premier League,1819,2018-12-29 Liverpool-Arsenal,Liverpool,83’,5:1,Nathaniel Clyne,Andrew Robertson,substitute_in
ENG-Premier League,1819,2018-12-29 Liverpool-Arsenal,Arsenal,90+2’,5:1,Sokratis Papastathopoulos,,yellow_card
ENG-Premier League,1819,2018-11-24 West Ham United-Manchester City,Manchester City,11’,0:1,David Silva,,goal
ENG-Premier League,1819,2018-11-24 West Ham United-Manchester City,Manchester City,19’,0:2,Raheem Sterling,Leroy Sané,goal
ENG-Premier League,1819,2018-11-24 West Ham United-Manchester City,Manchester City,34’,0:3,Leroy Sané,Raheem Sterling,goal
ENG-Premier League,1819,2018-11-24 West Ham United-Manchester City,West Ham United,46’,0:3,Aaron Cresswell,Arthur Masuaku,substitute_in
ENG-Premier League,1819,2018-11-24 West Ham United-Manchester City,West Ham United,55’,0:3,Javier Hernández,Grady Diangana,substitute_in
ENG-Premier League,1819,2018-11-24 West Ham United-Manchester City,West Ham United,68’,0:3,Lucas Pérez,Felipe Anderson,substitute_in
ENG-Premier League,1819,2018-11-24 West Ham United-Manchester City,Manchester City,69’,0:3,Phil Foden,İlkay Gündoğan,substitute_in
ENG-Premier League,1819,2018-11-24 West Ham United-Manchester City,Manchester City,74’,0:3,Riyad Mahrez,Raheem Sterling,substitute_in
ENG-Premier League,1819,2018-11-24 West Ham United-Manchester City,Manchester City,81’,0:3,Gabriel Jesus,Sergio Agüero,substitute_in
ENG-Premier League,1819,2018-11-24 West Ham United-Manchester City,Manchester City,90+3’,0:4,Leroy Sané,Gabriel Jesus,goal
ENG-Premier League,1819,2019-02-02 Everton-Wolves,Everton,16’,0:1,Kurt Zouma,,yellow_card
ENG-Premier League,1819,2019-02-02 Everton-Wolves,Everton,27’,1:1,André Gomes,Cenk Tosun,goal
ENG-Premier League,1819,2019-02-02 Everton-Wolves,Everton,37’,1:1,Jonjoe Kenny,Leighton Baines,substitute_in
ENG-Premier League,1819,2019-02-02 Everton-Wolves,Everton,44’,1:1,Michael Keane,,yellow_card
ENG-Premier League,1819,2019-02-02 Everton-Wolves,Wolverhampton Wanderers,45’,1:2,Raúl Jiménez,João Moutinho,goal
ENG-Premier League,1819,2019-02-02 Everton-Wolves,Wolverhampton Wanderers,49’,1:2,Romain Saïss,Rúben Neves,substitute_in
ENG-Premier League,1819,2019-02-02 Everton-Wolves,Wolverhampton Wanderers,56’,1:2,Conor Coady,,yellow_card
ENG-Premier League,1819,2019-02-02 Everton-Wolves,Everton,60’,1:2,Ademola Lookman,Theo Walcott,substitute_in
ENG-Premier League,1819,2019-02-02 Everton-Wolves,Wolverhampton Wanderers,66’,1:3,Leander Dendoncker,,goal
ENG-Premier League,1819,2019-02-02 Everton-Wolves,Everton,73’,1:3,Dominic Calvert-Lewin,Séamus Coleman,substitute_in
ENG-Premier League,1819,2019-02-02 Everton-Wolves,Everton,76’,1:3,Tom Davies,,yellow_card
ENG-Premier League,1819,2019-02-02 Everton-Wolves,Wolverhampton Wanderers,77’,1:3,Hélder Costa,Diogo Jota,substitute_in
ENG-Premier League,1819,2019-02-02 Everton-Wolves,Wolverhampton Wanderers,7’,0:1,Rúben Neves,,penalty_goal
ENG-Premier League,1819,2019-02-02 Everton-Wolves,Wolverhampton Wanderers,89’,1:3,Adama Traoré,Raúl Jiménez,substitute_in
ENG-Premier League,1819,2018-08-11 Bournemouth-Cardiff City,Bournemouth,24’,1:0,Ryan Fraser,Callum Wilson,goal
ENG-Premier League,1819,2018-08-11 Bournemouth-Cardiff City,Bournemouth,34’,1:0,Callum Wilson,Neil Etheridge,penalty_miss
ENG-Premier League,1819,2018-08-11 Bournemouth-Cardiff City,Cardiff City,3’,0:0,Lee Peltier,,yellow_card
ENG-Premier League,1819,2018-08-11 Bournemouth-Cardiff City,Bournemouth,43’,1:0,Charlie Daniels,,yellow_card
ENG-Premier League,1819,2018-08-11 Bournemouth-Cardiff City,Cardiff City,62’,1:0,Danny Ward,Callum Paterson,substitute_in
ENG-Premier League,1819,2018-08-11 Bournemouth-Cardiff City,Cardiff City,63’,1:0,Josh Murphy,Nathaniel Mendez-Laing,substitute_in
ENG-Premier League,1819,2018-08-11 Bournemouth-Cardiff City,Bournemouth,67’,1:0,Simon Francis,David Brooks,substitute_in
ENG-Premier League,1819,2018-08-11 Bournemouth-Cardiff City,Cardiff City,88’,1:0,Gary Madine,Bobby De Cordova-Reid,substitute_in
ENG-Premier League,1819,2018-08-11 Bournemouth-Cardiff City,Bournemouth,90+1’,2:0,Callum Wilson,Simon Francis,goal
ENG-Premier League,1819,2018-08-11 Bournemouth-Cardiff City,Bournemouth,90+3’,2:0,Jermain Defoe,Adam Smith,substitute_in
ENG-Premier League,1819,2018-08-11 Bournemouth-Cardiff City,Bournemouth,90+4’,2:0,Lys Mousset,Callum Wilson,substitute_in
ENG-Premier League,1819,2018-10-20 Huddersfield Town-Liverpool,Liverpool,24’,0:1,Mohamed Salah,Xherdan Shaqiri,goal
ENG-Premier League,1819,2018-10-20 Huddersfield Town-Liverpool,Liverpool,36’,0:1,Adam Lallana,,yellow_card
ENG-Premier League,1819,2018-10-20 Huddersfield Town-Liverpool,Liverpool,46’,0:1,Georginio Wijnaldum,Jordan Henderson,substitute_in
ENG-Premier League,1819,2018-10-20 Huddersfield Town-Liverpool,Huddersfield Town,69’,0:1,Isaac Mbenza,Florent Hadergjonaj,substitute_in
ENG-Premier League,1819,2018-10-20 Huddersfield Town-Liverpool,Liverpool,69’,0:1,Fabinho,Adam Lallana,substitute_in
ENG-Premier League,1819,2018-10-20 Huddersfield Town-Liverpool,Huddersfield Town,70’,0:1,Steve Mounié,Philip Billing,substitute_in
ENG-Premier League,1819,2018-10-20 Huddersfield Town-Liverpool,Liverpool,76’,0:1,Daniel Sturridge,,yellow_card
ENG-Premier League,1819,2018-10-20 Huddersfield Town-Liverpool,Liverpool,77’,0:1,Roberto Firmino,James Milner,substitute_in
ENG-Premier League,1819,2018-10-20 Huddersfield Town-Liverpool,Huddersfield Town,90+2’,0:1,Adama Diakhaby,Jonathan Hogg,substitute_in
ENG-Premier League,1819,2019-02-27 Crystal Palace-Manchester Utd,Manchester United,33’,0:1,Romelu Lukaku,Luke Shaw,goal
ENG-Premier League,1819,2019-02-27 Crystal Palace-Manchester Utd,Crystal Palace,41’,0:1,Martin Kelly,,yellow_card
ENG-Premier League,1819,2019-02-27 Crystal Palace-Manchester Utd,Manchester United,52’,0:2,Romelu Lukaku,Victor Lindelöf,goal
ENG-Premier League,1819,2019-02-27 Crystal Palace-Manchester Utd,Crystal Palace,61’,0:2,Max Meyer,James McArthur,substitute_in
ENG-Premier League,1819,2019-02-27 Crystal Palace-Manchester Utd,Crystal Palace,66’,1:2,Joel Ward,Jeffrey Schlupp,goal
ENG-Premier League,1819,2019-02-27 Crystal Palace-Manchester Utd,Manchester United,69’,1:2,Alexis Sánchez,,yellow_card
ENG-Premier League,1819,2019-02-27 Crystal Palace-Manchester Utd,Manchester United,77’,1:2,Marcus Rashford,Alexis Sánchez,substitute_in
ENG-Premier League,1819,2019-02-27 Crystal Palace-Manchester Utd,Manchester United,77’,1:2,Eric Bailly,Diogo Dalot,substitute_in
ENG-Premier League,1819,2019-02-27 Crystal Palace-Manchester Utd,Crystal Palace,78’,1:2,Christian Benteke,Michy Batshuayi,substitute_in
ENG-Premier League,1819,2019-02-27 Crystal Palace-Manchester Utd,Manchester United,81’,1:2,Luke Shaw,,yellow_card
ENG-Premier League,1819,2019-02-27 Crystal Palace-Manchester Utd,Crystal Palace,83’,1:2,Cheikhou Kouyaté,Patrick van Aanholt,substitute_in
ENG-Premier League,1819,2019-02-27 Crystal Palace-Manchester Utd,Manchester United,83’,1:3,Ashley Young,Paul Pogba,goal
ENG-Premier League,1819,2019-02-27 Crystal Palace-Manchester Utd,Crystal Palace,90+1’,1:3,Wilfried Zaha,,yellow_card
ENG-Premier League,1819,2019-02-27 Crystal Palace-Manchester Utd,Manchester United,90+5’,1:3,Romelu Lukaku,,yellow_card
ENG-Premier League,1819,2019-02-27 Crystal Palace-Manchester Utd,Manchester United,90’,1:3,James Garner,Fred,substitute_in
ENG-Premier League,1819,2019-04-28 Leicester City-Arsenal,Leicester City,13’,0:0,Wilfred Ndidi,,yellow_card
ENG-Premier League,1819,2019-04-28 Leicester City-Arsenal,Arsenal,36’,0:0,Ainsley Maitland-Niles,,yellow_red_card
ENG-Premier League,1819,2019-04-28 Leicester City-Arsenal,Leicester City,46’,0:0,Harvey Barnes,Wilfred Ndidi,substitute_in
ENG-Premier League,1819,2019-04-28 Leicester City-Arsenal,Arsenal,46’,0:0,Laurent Koscielny,Alex Iwobi,substitute_in
ENG-Premier League,1819,2019-04-28 Leicester City-Arsenal,Leicester City,59’,1:0,Youri Tielemans,James Maddison,goal
ENG-Premier League,1819,2019-04-28 Leicester City-Arsenal,Arsenal,64’,1:0,Sokratis Papastathopoulos,,yellow_card
ENG-Premier League,1819,2019-04-28 Leicester City-Arsenal,Leicester City,65’,1:0,Ricardo Pereira,,yellow_card
ENG-Premier League,1819,2019-04-28 Leicester City-Arsenal,Leicester City,70’,1:0,Ben Chilwell,,yellow_card
ENG-Premier League,1819,2019-04-28 Leicester City-Arsenal,Arsenal,73’,1:0,Mattéo Guendouzi,Henrikh Mkhitaryan,substitute_in
ENG-Premier League,1819,2019-04-28 Leicester City-Arsenal,Leicester City,79’,1:0,Nampalys Mendy,Hamza Choudhury,substitute_in
ENG-Premier League,1819,2019-04-28 Leicester City-Arsenal,Arsenal,79’,1:0,Eddie Nketiah,Alexandre Lacazette,substitute_in
ENG-Premier League,1819,2019-04-28 Leicester City-Arsenal,Leicester City,86’,1:0,Demarai Gray,Marc Albrighton,substitute_in
ENG-Premier League,1819,2019-04-28 Leicester City-Arsenal,Leicester City,86’,2:0,Jamie Vardy,,goal
ENG-Premier League,1819,2019-04-28 Leicester City-Arsenal,Arsenal,8’,0:0,Ainsley Maitland-Niles,,yellow_card
ENG-Premier League,1819,2019-04-28 Leicester City-Arsenal,Leicester City,90+5’,3:0,Jamie Vardy,Ricardo Pereira,goal
ENG-Premier League,1819,2019-03-03 Fulham-Chelsea,Chelsea,20’,0:1,Gonzalo Higuaín,César Azpilicueta,goal
ENG-Premier League,1819,2019-03-03 Fulham-Chelsea,Fulham,22’,0:1,Calum Chambers,,yellow_card
ENG-Premier League,1819,2019-03-03 Fulham-Chelsea,Fulham,27’,1:1,Calum Chambers,Ryan Babel,goal
ENG-Premier League,1819,2019-03-03 Fulham-Chelsea,Chelsea,31’,1:2,Jorginho,Eden Hazard,goal
ENG-Premier League,1819,2019-03-03 Fulham-Chelsea,Fulham,51’,1:2,Kevin McDonald,,yellow_card
ENG-Premier League,1819,2019-03-03 Fulham-Chelsea,Chelsea,61’,1:2,Jorginho,,yellow_card
ENG-Premier League,1819,2019-03-03 Fulham-Chelsea,Fulham,62’,1:2,Andre-Frank Zambo Anguissa,Kevin McDonald,substitute_in
ENG-Premier League,1819,2019-03-03 Fulham-Chelsea,Chelsea,68’,1:2,Mateo Kovačić,Jorginho,substitute_in
ENG-Premier League,1819,2019-03-03 Fulham-Chelsea,Fulham,71’,1:2,Floyd Ayité,Ryan Babel,substitute_in
ENG-Premier League,1819,2019-03-03 Fulham-Chelsea,Chelsea,74’,1:2,Pedro,Eden Hazard,substitute_in
ENG-Premier League,1819,2019-03-03 Fulham-Chelsea,Chelsea,78’,1:2,Ruben Loftus-Cheek,Ross Barkley,substitute_in
ENG-Premier League,1819,2019-03-03 Fulham-Chelsea,Fulham,80’,1:2,Luciano Vietto,Tom Cairney,substitute_in
ENG-Premier League,1819,2018-08-10 Manchester Utd-Leicester City,Manchester United,3’,1:0,Paul Pogba,,penalty_goal
ENG-Premier League,1819,2018-08-10 Manchester Utd-Leicester City,Leicester City,51’,1:0,Daniel Amartey,,yellow_card
ENG-Premier League,1819,2018-08-10 Manchester Utd-Leicester City,Manchester United,54’,1:0,Fred,,yellow_card
ENG-Premier League,1819,2018-08-10 Manchester Utd-Leicester City,Leicester City,63’,1:0,Jamie Vardy,James Maddison,substitute_in
ENG-Premier League,1819,2018-08-10 Manchester Utd-Leicester City,Leicester City,63’,1:0,Rachid Ghezzal,Daniel Amartey,substitute_in
ENG-Premier League,1819,2018-08-10 Manchester Utd-Leicester City,Manchester United,67’,1:0,Romelu Lukaku,Marcus Rashford,substitute_in
ENG-Premier League,1819,2018-08-10 Manchester Utd-Leicester City,Manchester United,69’,1:0,Andreas Pereira,,yellow_card
ENG-Premier League,1819,2018-08-10 Manchester Utd-Leicester City,Manchester United,76’,1:0,Scott McTominay,Fred,substitute_in
ENG-Premier League,1819,2018-08-10 Manchester Utd-Leicester City,Leicester City,80’,1:0,Vicente Iborra,Adrien Silva,substitute_in
ENG-Premier League,1819,2018-08-10 Manchester Utd-Leicester City,Manchester United,83’,2:0,Luke Shaw,Juan Mata,goal
ENG-Premier League,1819,2018-08-10 Manchester Utd-Leicester City,Manchester United,84’,2:0,Marouane Fellaini,Paul Pogba,substitute_in
ENG-Premier League,1819,2018-08-10 Manchester Utd-Leicester City,Leicester City,90+2’,2:1,Jamie Vardy,,goal
ENG-Premier League,1819,2018-12-08 West Ham United-Crystal Palace,West Ham United,38’,0:1,Issa Diop,,yellow_card
ENG-Premier League,1819,2018-12-08 West Ham United-Crystal Palace,West Ham United,46’,0:1,Andy Carroll,Lucas Pérez,substitute_in
ENG-Premier League,1819,2018-12-08 West Ham United-Crystal Palace,West Ham United,48’,1:1,Robert Snodgrass,,goal
ENG-Premier League,1819,2018-12-08 West Ham United-Crystal Palace,Crystal Palace,55’,1:1,Jeffrey Schlupp,Patrick van Aanholt,substitute_in
ENG-Premier League,1819,2018-12-08 West Ham United-Crystal Palace,West Ham United,62’,2:1,Javier Hernández,,goal
ENG-Premier League,1819,2018-12-08 West Ham United-Crystal Palace,West Ham United,65’,3:1,Felipe Anderson,,goal
ENG-Premier League,1819,2018-12-08 West Ham United-Crystal Palace,Crystal Palace,66’,3:1,Jordan Ayew,James McArthur,substitute_in
ENG-Premier League,1819,2018-12-08 West Ham United-Crystal Palace,Crystal Palace,6’,0:1,James McArthur,James Tomkins,goal
ENG-Premier League,1819,2018-12-08 West Ham United-Crystal Palace,West Ham United,75’,3:1,Grady Diangana,Javier Hernández,substitute_in
ENG-Premier League,1819,2018-12-08 West Ham United-Crystal Palace,Crystal Palace,76’,3:2,Jeffrey Schlupp,Max Meyer,goal
ENG-Premier League,1819,2018-12-08 West Ham United-Crystal Palace,West Ham United,84’,3:2,Pedro Obiang,Felipe Anderson,substitute_in
ENG-Premier League,1819,2018-12-08 West Ham United-Crystal Palace,Crystal Palace,84’,3:2,Jason Puncheon,Max Meyer,substitute_in
ENG-Premier League,1819,2018-12-08 West Ham United-Crystal Palace,Crystal Palace,90+1’,3:2,Wilfried Zaha,,yellow_card
ENG-Premier League,1819,2019-05-05 Huddersfield Town-Manchester Utd,Manchester United,33’,0:1,Phil Jones,,yellow_card
ENG-Premier League,1819,2019-05-05 Huddersfield Town-Manchester Utd,Huddersfield Town,46’,0:1,Tommy Smith,Erik Durm,substitute_in
ENG-Premier League,1819,2019-05-05 Huddersfield Town-Manchester Utd,Manchester United,53’,0:1,Ander Herrera,Nemanja Matić,substitute_in
ENG-Premier League,1819,2019-05-05 Huddersfield Town-Manchester Utd,Manchester United,54’,0:1,Tahith Chong,Alexis Sánchez,substitute_in
ENG-Premier League,1819,2019-05-05 Huddersfield Town-Manchester Utd,Huddersfield Town,60’,1:1,Isaac Mbenza,Jonas Lössl,goal
ENG-Premier League,1819,2019-05-05 Huddersfield Town-Manchester Utd,Manchester United,83’,1:1,Diogo Dalot,Victor Lindelöf,substitute_in
ENG-Premier League,1819,2019-05-05 Huddersfield Town-Manchester Utd,Manchester United,8’,0:1,Scott McTominay,,goal
ENG-Premier League,1819,2019-05-05 Huddersfield Town-Manchester Utd,Huddersfield Town,90+1’,1:1,Adama Diakhaby,Isaac Mbenza,substitute_in
ENG-Premier League,1819,2019-05-05 Huddersfield Town-Manchester Utd,Huddersfield Town,90+4’,1:1,Jonas Lössl,,yellow_card
ENG-Premier League,1819,2018-10-29 Tottenham Hotspur-Manchester City,Tottenham Hotspur,45’,0:1,Lucas Moura,,yellow_card
ENG-Premier League,1819,2018-10-29 Tottenham Hotspur-Manchester City,Manchester City,53’,0:1,Aymeric Laporte,,yellow_card
ENG-Premier League,1819,2018-10-29 Tottenham Hotspur-Manchester City,Manchester City,61’,0:1,Fernandinho,,yellow_card
ENG-Premier League,1819,2018-10-29 Tottenham Hotspur-Manchester City,Tottenham Hotspur,67’,0:1,Harry Winks,Eric Dier,substitute_in
ENG-Premier League,1819,2018-10-29 Tottenham Hotspur-Manchester City,Manchester City,6’,0:1,Riyad Mahrez,Raheem Sterling,goal
ENG-Premier League,1819,2018-10-29 Tottenham Hotspur-Manchester City,Manchester City,71’,0:1,Kevin De Bruyne,Sergio Agüero,substitute_in
ENG-Premier League,1819,2018-10-29 Tottenham Hotspur-Manchester City,Tottenham Hotspur,75’,0:1,Dele Alli,Mousa Dembélé,substitute_in
ENG-Premier League,1819,2018-10-29 Tottenham Hotspur-Manchester City,Tottenham Hotspur,81’,0:1,Christian Eriksen,Lucas Moura,substitute_in
ENG-Premier League,1819,2018-10-29 Tottenham Hotspur-Manchester City,Manchester City,89’,0:1,Vincent Kompany,David Silva,substitute_in
ENG-Premier League,1819,2018-10-29 Tottenham Hotspur-Manchester City,Manchester City,90+2’,0:1,Gabriel Jesus,Riyad Mahrez,substitute_in
ENG-Premier League,1819,2018-10-29 Tottenham Hotspur-Manchester City,Tottenham Hotspur,90+4’,0:1,Ben Davies,,yellow_card
ENG-Premier League,1819,2018-12-26 Liverpool-Newcastle United,Liverpool,11’,1:0,Dejan Lovren,,goal
ENG-Premier League,1819,2018-12-26 Liverpool-Newcastle United,Liverpool,47’,2:0,Mohamed Salah,,penalty_goal
ENG-Premier League,1819,2018-12-26 Liverpool-Newcastle United,Liverpool,62’,2:0,Fabinho,Georginio Wijnaldum,substitute_in
ENG-Premier League,1819,2018-12-26 Liverpool-Newcastle United,Liverpool,69’,2:0,Daniel Sturridge,Roberto Firmino,substitute_in
ENG-Premier League,1819,2018-12-26 Liverpool-Newcastle United,Newcastle United,73’,2:0,Sean Longstaff,Kenedy,substitute_in
ENG-Premier League,1819,2018-12-26 Liverpool-Newcastle United,Liverpool,79’,3:0,Xherdan Shaqiri,Trent Alexander-Arnold,goal
ENG-Premier League,1819,2018-12-26 Liverpool-Newcastle United,Newcastle United,81’,3:0,Jacob Murphy,Matt Ritchie,substitute_in
ENG-Premier League,1819,2018-12-26 Liverpool-Newcastle United,Liverpool,82’,3:0,Nathaniel Clyne,Andrew Robertson,substitute_in
ENG-Premier League,1819,2018-12-26 Liverpool-Newcastle United,Liverpool,85’,4:0,Fabinho,Mohamed Salah,goal
ENG-Premier League,1819,2019-01-12 West Ham United-Arsenal,Arsenal,46’,0:0,Shkodran Mustafi,,yellow_card
ENG-Premier League,1819,2019-01-12 West Ham United-Arsenal,West Ham United,48’,1:0,Declan Rice,Samir Nasri,goal
ENG-Premier League,1819,2019-01-12 West Ham United-Arsenal,Arsenal,59’,1:0,Lucas Torreira,Granit Xhaka,substitute_in
ENG-Premier League,1819,2019-01-12 West Ham United-Arsenal,Arsenal,59’,1:0,Aaron Ramsey,Shkodran Mustafi,substitute_in
ENG-Premier League,1819,2019-01-12 West Ham United-Arsenal,Arsenal,60’,1:0,Sead Kolašinac,,yellow_card
ENG-Premier League,1819,2019-01-12 West Ham United-Arsenal,Arsenal,69’,1:0,Héctor Bellerín,Ainsley Maitland-Niles,substitute_in
ENG-Premier League,1819,2019-01-12 West Ham United-Arsenal,West Ham United,71’,1:0,Andy Carroll,Marko Arnautović,substitute_in
ENG-Premier League,1819,2019-01-12 West Ham United-Arsenal,West Ham United,71’,1:0,Robert Snodgrass,Samir Nasri,substitute_in
ENG-Premier League,1819,2019-01-12 West Ham United-Arsenal,West Ham United,82’,1:0,Pedro Obiang,Michail Antonio,substitute_in
ENG-Premier League,1819,2019-01-29 Fulham-Brighton,Brighton & Hove Albion,17’,0:2,Glenn Murray,Pascal Groß,goal
ENG-Premier League,1819,2019-01-29 Fulham-Brighton,Brighton & Hove Albion,26’,0:2,Dale Stephens,,yellow_card
ENG-Premier League,1819,2019-01-29 Fulham-Brighton,Fulham,27’,0:2,Tom Cairney,Tim Ream,substitute_in
ENG-Premier League,1819,2019-01-29 Fulham-Brighton,Fulham,36’,0:2,Jean Seri,,yellow_card
ENG-Premier League,1819,2019-01-29 Fulham-Brighton,Brighton & Hove Albion,36’,0:2,Shane Duffy,,yellow_card
ENG-Premier League,1819,2019-01-29 Fulham-Brighton,Brighton & Hove Albion,3’,0:1,Glenn Murray,Martín Montoya,goal
ENG-Premier League,1819,2019-01-29 Fulham-Brighton,Fulham,46’,0:2,Luciano Vietto,André Schürrle,substitute_in
ENG-Premier League,1819,2019-01-29 Fulham-Brighton,Fulham,47’,1:2,Calum Chambers,,goal
ENG-Premier League,1819,2019-01-29 Fulham-Brighton,Fulham,58’,2:2,Aleksandar Mitrović,,goal
ENG-Premier League,1819,2019-01-29 Fulham-Brighton,Brighton & Hove Albion,71’,2:2,Anthony Knockaert,Jürgen Locadia,substitute_in
ENG-Premier League,1819,2019-01-29 Fulham-Brighton,Fulham,74’,3:2,Aleksandar Mitrović,Joe Bryan,goal
ENG-Premier League,1819,2019-01-29 Fulham-Brighton,Brighton & Hove Albion,75’,3:2,Lewis Dunk,,yellow_card
ENG-Premier League,1819,2019-01-29 Fulham-Brighton,Fulham,77’,3:2,Ryan Sessegnon,Joe Bryan,substitute_in
ENG-Premier League,1819,2019-01-29 Fulham-Brighton,Brighton & Hove Albion,77’,3:2,Florin Andone,Pascal Groß,substitute_in
ENG-Premier League,1819,2019-01-29 Fulham-Brighton,Fulham,79’,4:2,Luciano Vietto,Ryan Babel,goal
ENG-Premier League,1819,2019-01-29 Fulham-Brighton,Fulham,87’,4:2,Ryan Babel,,yellow_card
ENG-Premier League,1819,2019-04-13 Burnley-Cardiff City,Burnley,31’,1:0,Chris Wood,Dwight McNeil,goal
ENG-Premier League,1819,2019-04-13 Burnley-Cardiff City,Burnley,42’,1:0,James Tarkowski,,yellow_card
ENG-Premier League,1819,2019-04-13 Burnley-Cardiff City,Cardiff City,45+1’,1:0,Joe Bennett,,yellow_card
ENG-Premier League,1819,2019-04-13 Burnley-Cardiff City,Burnley,45+2’,1:0,Ashley Barnes,,yellow_card
ENG-Premier League,1819,2019-04-13 Burnley-Cardiff City,Cardiff City,50’,1:0,Lee Peltier,,yellow_card
ENG-Premier League,1819,2019-04-13 Burnley-Cardiff City,Cardiff City,50’,1:0,Harry Arter,,yellow_card
ENG-Premier League,1819,2019-04-13 Burnley-Cardiff City,Cardiff City,73’,1:0,Nathaniel Mendez-Laing,Junior Hoilett,substitute_in
ENG-Premier League,1819,2019-04-13 Burnley-Cardiff City,Cardiff City,78’,1:0,Oumar Niasse,Kenneth Zohore,substitute_in
ENG-Premier League,1819,2019-04-13 Burnley-Cardiff City,Cardiff City,81’,1:0,Bobby De Cordova-Reid,Harry Arter,substitute_in
ENG-Premier League,1819,2019-04-13 Burnley-Cardiff City,Cardiff City,82’,1:0,Víctor Camarasa,,yellow_card
ENG-Premier League,1819,2019-04-13 Burnley-Cardiff City,Burnley,90+2’,2:0,Chris Wood,,goal
ENG-Premier League,1819,2018-12-02 Chelsea-Fulham,Fulham,46’,1:0,Floyd Ayité,Stefan Johansen,substitute_in
ENG-Premier League,1819,2018-12-02 Chelsea-Fulham,Fulham,46’,1:0,Aboubakar Kamara,Ryan Sessegnon,substitute_in
ENG-Premier League,1819,2018-12-02 Chelsea-Fulham,Chelsea,4’,1:0,Pedro,N'Golo Kanté,goal
ENG-Premier League,1819,2018-12-02 Chelsea-Fulham,Fulham,54’,1:0,Denis Odoi,,yellow_card
ENG-Premier League,1819,2018-12-02 Chelsea-Fulham,Chelsea,67’,1:0,Ruben Loftus-Cheek,Mateo Kovačić,substitute_in
ENG-Premier League,1819,2018-12-02 Chelsea-Fulham,Chelsea,69’,1:0,César Azpilicueta,,yellow_card
ENG-Premier League,1819,2018-12-02 Chelsea-Fulham,Chelsea,70’,1:0,Álvaro Morata,Olivier Giroud,substitute_in
ENG-Premier League,1819,2018-12-02 Chelsea-Fulham,Fulham,76’,1:0,Neeskens Kebano,Tom Cairney,substitute_in
ENG-Premier League,1819,2018-12-02 Chelsea-Fulham,Chelsea,78’,1:0,Davide Zappacosta,Marcos Alonso,substitute_in
ENG-Premier League,1819,2018-12-02 Chelsea-Fulham,Chelsea,82’,2:0,Ruben Loftus-Cheek,Eden Hazard,goal
ENG-Premier League,1819,2018-12-02 Chelsea-Fulham,Chelsea,83’,2:0,Álvaro Morata,,yellow_card
ENG-Premier League,1819,2018-12-09 Newcastle United-Wolves,Wolverhampton Wanderers,17’,0:1,Diogo Jota,Hélder Costa,goal
ENG-Premier League,1819,2018-12-09 Newcastle United-Wolves,Newcastle United,18’,0:1,Ki Sung-yueng,,yellow_card
ENG-Premier League,1819,2018-12-09 Newcastle United-Wolves,Newcastle United,23’,1:1,Ayoze Pérez,Salomón Rondón,goal
ENG-Premier League,1819,2018-12-09 Newcastle United-Wolves,Wolverhampton Wanderers,33’,1:1,Matt Doherty,,yellow_card
ENG-Premier League,1819,2018-12-09 Newcastle United-Wolves,Newcastle United,46’,1:1,Javier Manquillo,Federico Fernández,substitute_in
ENG-Premier League,1819,2018-12-09 Newcastle United-Wolves,Newcastle United,57’,1:1,DeAndre Yedlin,,red_card
ENG-Premier League,1819,2018-12-09 Newcastle United-Wolves,Wolverhampton Wanderers,60’,1:1,Raúl Jiménez,Romain Saïss,substitute_in
ENG-Premier League,1819,2018-12-09 Newcastle United-Wolves,Wolverhampton Wanderers,60’,1:1,Morgan Gibbs-White,Adama Traoré,substitute_in
ENG-Premier League,1819,2018-12-09 Newcastle United-Wolves,Wolverhampton Wanderers,65’,1:1,Hélder Costa,,yellow_card
ENG-Premier League,1819,2018-12-09 Newcastle United-Wolves,Wolverhampton Wanderers,72’,1:1,Conor Coady,,yellow_card
ENG-Premier League,1819,2018-12-09 Newcastle United-Wolves,Wolverhampton Wanderers,73’,1:1,Diogo Jota,,yellow_card
ENG-Premier League,1819,2018-12-09 Newcastle United-Wolves,Wolverhampton Wanderers,76’,1:1,João Moutinho,Hélder Costa,substitute_in
ENG-Premier League,1819,2018-12-09 Newcastle United-Wolves,Wolverhampton Wanderers,80’,1:1,Ryan Bennett,,yellow_card
ENG-Premier League,1819,2018-12-09 Newcastle United-Wolves,Newcastle United,86’,1:1,Joselu,Salomón Rondón,substitute_in
ENG-Premier League,1819,2018-12-09 Newcastle United-Wolves,Newcastle United,89’,1:1,Kenedy,Christian Atsu,substitute_in
ENG-Premier League,1819,2018-12-09 Newcastle United-Wolves,Wolverhampton Wanderers,90+4’,1:2,Matt Doherty,,goal
ENG-Premier League,1819,2018-12-09 Newcastle United-Wolves,Newcastle United,90+6’,1:2,Ciaran Clark,,yellow_card
ENG-Premier League,1819,2019-04-23 Tottenham Hotspur-Brighton,Brighton & Hove Albion,35’,0:0,Florin Andone,,yellow_card
ENG-Premier League,1819,2019-04-23 Tottenham Hotspur-Brighton,Tottenham Hotspur,46’,0:0,Christian Eriksen,,yellow_card
ENG-Premier League,1819,2019-04-23 Tottenham Hotspur-Brighton,Brighton & Hove Albion,64’,0:0,Glenn Murray,Florin Andone,substitute_in
ENG-Premier League,1819,2019-04-23 Tottenham Hotspur-Brighton,Brighton & Hove Albion,73’,0:0,Solly March,Alireza Jahanbakhsh,substitute_in
ENG-Premier League,1819,2019-04-23 Tottenham Hotspur-Brighton,Brighton & Hove Albion,75’,0:0,Bernardo,,yellow_card
ENG-Premier League,1819,2019-04-23 Tottenham Hotspur-Brighton,Tottenham Hotspur,80’,0:0,Vincent Janssen,Lucas Moura,substitute_in
ENG-Premier League,1819,2019-04-23 Tottenham Hotspur-Brighton,Tottenham Hotspur,82’,0:0,Ben Davies,Victor Wanyama,substitute_in
ENG-Premier League,1819,2019-04-23 Tottenham Hotspur-Brighton,Brighton & Hove Albion,86’,0:0,Beram Kayal,Yves Bissouma,substitute_in
ENG-Premier League,1819,2019-04-23 Tottenham Hotspur-Brighton,Tottenham Hotspur,88’,1:0,Christian Eriksen,Dele Alli,goal
ENG-Premier League,1819,2019-04-23 Tottenham Hotspur-Brighton,Tottenham Hotspur,90’,1:0,Juan Foyth,Son Heung-min,substitute_in
ENG-Premier League,1819,2019-01-02 Newcastle United-Manchester Utd,Newcastle United,28’,0:0,Jamaal Lascelles,,yellow_card
ENG-Premier League,1819,2019-01-02 Newcastle United-Manchester Utd,Manchester United,46’,0:0,Victor Lindelöf,,yellow_card
ENG-Premier League,1819,2019-01-02 Newcastle United-Manchester Utd,Newcastle United,53’,0:0,Jonjo Shelvey,Mohamed Diamé,substitute_in
ENG-Premier League,1819,2019-01-02 Newcastle United-Manchester Utd,Manchester United,63’,0:0,Romelu Lukaku,Anthony Martial,substitute_in
ENG-Premier League,1819,2019-01-02 Newcastle United-Manchester Utd,Manchester United,63’,0:0,Alexis Sánchez,Juan Mata,substitute_in
ENG-Premier League,1819,2019-01-02 Newcastle United-Manchester Utd,Manchester United,64’,0:1,Romelu Lukaku,,goal
ENG-Premier League,1819,2019-01-02 Newcastle United-Manchester Utd,Newcastle United,69’,0:1,Kenedy,Ayoze Pérez,substitute_in
ENG-Premier League,1819,2019-01-02 Newcastle United-Manchester Utd,Manchester United,75’,0:1,Luke Shaw,,yellow_card
ENG-Premier League,1819,2019-01-02 Newcastle United-Manchester Utd,Manchester United,80’,0:2,Marcus Rashford,Alexis Sánchez,goal
ENG-Premier League,1819,2019-01-02 Newcastle United-Manchester Utd,Newcastle United,81’,0:2,Yoshinori Mutō,Fabian Schär,substitute_in
ENG-Premier League,1819,2019-01-02 Newcastle United-Manchester Utd,Manchester United,87’,0:2,Jesse Lingard,Marcus Rashford,substitute_in
ENG-Premier League,1819,2018-11-11 Arsenal-Wolves,Wolverhampton Wanderers,13’,0:1,Ivan Cavaleiro,Raúl Jiménez,goal
ENG-Premier League,1819,2018-11-11 Arsenal-Wolves,Arsenal,46’,0:1,Mattéo Guendouzi,Alex Iwobi,substitute_in
ENG-Premier League,1819,2018-11-11 Arsenal-Wolves,Wolverhampton Wanderers,61’,0:1,Diogo Jota,Ivan Cavaleiro,substitute_in
ENG-Premier League,1819,2018-11-11 Arsenal-Wolves,Arsenal,69’,0:1,Mesut Özil,,yellow_card
ENG-Premier League,1819,2018-11-11 Arsenal-Wolves,Wolverhampton Wanderers,71’,0:1,Matt Doherty,,yellow_card
ENG-Premier League,1819,2018-11-11 Arsenal-Wolves,Wolverhampton Wanderers,74’,0:1,Hélder Costa,,yellow_card
ENG-Premier League,1819,2018-11-11 Arsenal-Wolves,Arsenal,75’,0:1,Aaron Ramsey,Mesut Özil,substitute_in
ENG-Premier League,1819,2018-11-11 Arsenal-Wolves,Wolverhampton Wanderers,75’,0:1,Adama Traoré,Hélder Costa,substitute_in
ENG-Premier League,1819,2018-11-11 Arsenal-Wolves,Arsenal,76’,0:1,Henrikh Mkhitaryan,Sead Kolašinac,substitute_in
ENG-Premier League,1819,2018-11-11 Arsenal-Wolves,Arsenal,78’,0:1,Héctor Bellerín,,yellow_card
ENG-Premier League,1819,2018-11-11 Arsenal-Wolves,Wolverhampton Wanderers,85’,0:1,Morgan Gibbs-White,Raúl Jiménez,substitute_in
ENG-Premier League,1819,2018-11-11 Arsenal-Wolves,Arsenal,86’,1:1,Henrikh Mkhitaryan,Aaron Ramsey,goal
ENG-Premier League,1819,2018-09-22 Cardiff City-Manchester City,Manchester City,32’,0:1,Sergio Agüero,Bernardo Silva,goal
ENG-Premier League,1819,2018-09-22 Cardiff City-Manchester City,Manchester City,35’,0:2,Bernardo Silva,Leroy Sané,goal
ENG-Premier League,1819,2018-09-22 Cardiff City-Manchester City,Manchester City,44’,0:3,İlkay Gündoğan,Raheem Sterling,goal
ENG-Premier League,1819,2018-09-22 Cardiff City-Manchester City,Cardiff City,45+1’,0:3,Joe Ralls,,yellow_card
ENG-Premier League,1819,2018-09-22 Cardiff City-Manchester City,Cardiff City,51’,0:3,Jazz Richards,Lee Peltier,substitute_in
ENG-Premier League,1819,2018-09-22 Cardiff City-Manchester City,Manchester City,60’,0:3,Fernandinho,,yellow_card
ENG-Premier League,1819,2018-09-22 Cardiff City-Manchester City,Manchester City,61’,0:3,Riyad Mahrez,Sergio Agüero,substitute_in
ENG-Premier League,1819,2018-09-22 Cardiff City-Manchester City,Cardiff City,63’,0:3,Kenneth Zohore,Danny Ward,substitute_in
ENG-Premier League,1819,2018-09-22 Cardiff City-Manchester City,Manchester City,67’,0:4,Riyad Mahrez,İlkay Gündoğan,goal
ENG-Premier League,1819,2018-09-22 Cardiff City-Manchester City,Manchester City,69’,0:4,Phil Foden,İlkay Gündoğan,substitute_in
ENG-Premier League,1819,2018-09-22 Cardiff City-Manchester City,Manchester City,74’,0:4,John Stones,Fernandinho,substitute_in
ENG-Premier League,1819,2018-09-22 Cardiff City-Manchester City,Cardiff City,75’,0:4,Josh Murphy,Junior Hoilett,substitute_in
ENG-Premier League,1819,2018-09-22 Cardiff City-Manchester City,Manchester City,89’,0:5,Riyad Mahrez,,goal
ENG-Premier League,1819,2019-02-26 Huddersfield Town-Wolves,Huddersfield Town,29’,0:0,Philip Billing,,yellow_card
ENG-Premier League,1819,2019-02-26 Huddersfield Town-Wolves,Wolverhampton Wanderers,43’,0:0,Ryan Bennett,,yellow_card
ENG-Premier League,1819,2019-02-26 Huddersfield Town-Wolves,Huddersfield Town,46’,0:0,Juninho Bacuna,Demeaco Duhaney,substitute_in
ENG-Premier League,1819,2019-02-26 Huddersfield Town-Wolves,Wolverhampton Wanderers,66’,0:0,Ivan Cavaleiro,Diogo Jota,substitute_in
ENG-Premier League,1819,2019-02-26 Huddersfield Town-Wolves,Wolverhampton Wanderers,66’,0:0,Morgan Gibbs-White,João Moutinho,substitute_in
ENG-Premier League,1819,2019-02-26 Huddersfield Town-Wolves,Huddersfield Town,78’,0:0,Aaron Mooy,Alex Pritchard,substitute_in
ENG-Premier League,1819,2019-02-26 Huddersfield Town-Wolves,Wolverhampton Wanderers,78’,0:0,Hélder Costa,Raúl Jiménez,substitute_in
ENG-Premier League,1819,2019-02-26 Huddersfield Town-Wolves,Huddersfield Town,82’,0:0,Elias Kachunga,Jon Gorenc Stanković,substitute_in
ENG-Premier League,1819,2019-02-26 Huddersfield Town-Wolves,Huddersfield Town,84’,0:0,Jonathan Hogg,,yellow_card
ENG-Premier League,1819,2019-02-26 Huddersfield Town-Wolves,Wolverhampton Wanderers,89’,0:0,Matt Doherty,,yellow_card
ENG-Premier League,1819,2019-02-26 Huddersfield Town-Wolves,Huddersfield Town,90+1’,1:0,Steve Mounié,,goal
ENG-Premier League,1819,2018-11-11 Liverpool-Fulham,Liverpool,41’,1:0,Mohamed Salah,Trent Alexander-Arnold,goal
ENG-Premier League,1819,2018-11-11 Liverpool-Fulham,Liverpool,53’,2:0,Xherdan Shaqiri,Andrew Robertson,goal
ENG-Premier League,1819,2018-11-11 Liverpool-Fulham,Fulham,59’,2:0,Calum Chambers,,yellow_card
ENG-Premier League,1819,2018-11-11 Liverpool-Fulham,Fulham,63’,2:0,Jean Seri,Tom Cairney,substitute_in
ENG-Premier League,1819,2018-11-11 Liverpool-Fulham,Liverpool,69’,2:0,Jordan Henderson,Georginio Wijnaldum,substitute_in
ENG-Premier League,1819,2018-11-11 Liverpool-Fulham,Liverpool,77’,2:0,Joe Gomez,,yellow_card
ENG-Premier League,1819,2018-11-11 Liverpool-Fulham,Fulham,78’,2:0,Luciano Vietto,André Schürrle,substitute_in
ENG-Premier League,1819,2018-11-11 Liverpool-Fulham,Liverpool,81’,2:0,James Milner,Xherdan Shaqiri,substitute_in
ENG-Premier League,1819,2018-11-11 Liverpool-Fulham,Fulham,84’,2:0,Stefan Johansen,Andre-Frank Zambo Anguissa,substitute_in
ENG-Premier League,1819,2018-11-11 Liverpool-Fulham,Liverpool,90+2’,2:0,Naby Keïta,Fabinho,substitute_in
ENG-Premier League,1819,2019-01-30 Bournemouth-Chelsea,Bournemouth,47’,1:0,Joshua King,David Brooks,goal
ENG-Premier League,1819,2019-01-30 Bournemouth-Chelsea,Chelsea,61’,1:0,Willian,Pedro,substitute_in
ENG-Premier League,1819,2019-01-30 Bournemouth-Chelsea,Bournemouth,63’,2:0,David Brooks,Joshua King,goal
ENG-Premier League,1819,2019-01-30 Bournemouth-Chelsea,Chelsea,65’,2:0,Olivier Giroud,Gonzalo Higuaín,substitute_in
ENG-Premier League,1819,2019-01-30 Bournemouth-Chelsea,Bournemouth,68’,2:0,Jordon Ibe,David Brooks,substitute_in
ENG-Premier League,1819,2019-01-30 Bournemouth-Chelsea,Bournemouth,72’,2:0,Andrew Surman,,yellow_card
ENG-Premier League,1819,2019-01-30 Bournemouth-Chelsea,Bournemouth,74’,3:0,Joshua King,Junior Stanislas,goal
ENG-Premier League,1819,2019-01-30 Bournemouth-Chelsea,Chelsea,77’,3:0,Ruben Loftus-Cheek,Mateo Kovačić,substitute_in
ENG-Premier League,1819,2019-01-30 Bournemouth-Chelsea,Bournemouth,90+2’,3:0,Charlie Daniels,Ryan Fraser,substitute_in
ENG-Premier League,1819,2019-01-30 Bournemouth-Chelsea,Bournemouth,90+5’,4:0,Charlie Daniels,Jordon Ibe,goal
ENG-Premier League,1819,2019-01-30 Bournemouth-Chelsea,Bournemouth,90+5’,4:0,Chris Mepham,Junior Stanislas,substitute_in
ENG-Premier League,1819,2018-08-12 Arsenal-Manchester City,Manchester City,14’,0:1,Raheem Sterling,Benjamin Mendy,goal
ENG-Premier League,1819,2018-08-12 Arsenal-Manchester City,Arsenal,27’,0:1,Sokratis Papastathopoulos,,yellow_card
ENG-Premier League,1819,2018-08-12 Arsenal-Manchester City,Arsenal,35’,0:1,Stephan Lichtsteiner,Ainsley Maitland-Niles,substitute_in
ENG-Premier League,1819,2018-08-12 Arsenal-Manchester City,Manchester City,4’,0:0,Raheem Sterling,,yellow_card
ENG-Premier League,1819,2018-08-12 Arsenal-Manchester City,Arsenal,52’,0:1,Granit Xhaka,,yellow_card
ENG-Premier League,1819,2018-08-12 Arsenal-Manchester City,Arsenal,54’,0:1,Alexandre Lacazette,Aaron Ramsey,substitute_in
ENG-Premier League,1819,2018-08-12 Arsenal-Manchester City,Manchester City,60’,0:1,Kevin De Bruyne,Riyad Mahrez,substitute_in
ENG-Premier League,1819,2018-08-12 Arsenal-Manchester City,Manchester City,64’,0:2,Bernardo Silva,Benjamin Mendy,goal
ENG-Premier League,1819,2018-08-12 Arsenal-Manchester City,Arsenal,70’,0:2,Lucas Torreira,Granit Xhaka,substitute_in
ENG-Premier League,1819,2018-08-12 Arsenal-Manchester City,Manchester City,73’,0:2,Kevin De Bruyne,,yellow_card
ENG-Premier League,1819,2018-08-12 Arsenal-Manchester City,Manchester City,79’,0:2,Gabriel Jesus,Sergio Agüero,substitute_in
ENG-Premier League,1819,2018-08-12 Arsenal-Manchester City,Manchester City,87’,0:2,Leroy Sané,Raheem Sterling,substitute_in
ENG-Premier League,1819,2019-01-02 West Ham United-Brighton,West Ham United,46’,0:0,Lucas Pérez,Andy Carroll,substitute_in
ENG-Premier League,1819,2019-01-02 West Ham United-Brighton,Brighton & Hove Albion,56’,0:1,Dale Stephens,,goal
ENG-Premier League,1819,2019-01-02 West Ham United-Brighton,Brighton & Hove Albion,58’,0:2,Shane Duffy,Pascal Groß,goal
ENG-Premier League,1819,2019-01-02 West Ham United-Brighton,West Ham United,63’,0:2,Michail Antonio,Robert Snodgrass,substitute_in
ENG-Premier League,1819,2019-01-02 West Ham United-Brighton,West Ham United,63’,0:2,Mark Noble,Pedro Obiang,substitute_in
ENG-Premier League,1819,2019-01-02 West Ham United-Brighton,West Ham United,66’,1:2,Marko Arnautović,Mark Noble,goal
ENG-Premier League,1819,2019-01-02 West Ham United-Brighton,West Ham United,68’,2:2,Marko Arnautović,Michail Antonio,goal
ENG-Premier League,1819,2019-01-02 West Ham United-Brighton,Brighton & Hove Albion,73’,2:2,Gaëtan Bong,Bernardo,substitute_in
ENG-Premier League,1819,2019-01-02 West Ham United-Brighton,Brighton & Hove Albion,80’,2:2,Solly March,,yellow_card
ENG-Premier League,1819,2019-01-02 West Ham United-Brighton,Brighton & Hove Albion,82’,2:2,Florin Andone,Glenn Murray,substitute_in
ENG-Premier League,1819,2018-08-27 Manchester Utd-Tottenham Hotspur,Tottenham Hotspur,10’,0:0,Lucas Moura,,yellow_card
ENG-Premier League,1819,2018-08-27 Manchester Utd-Tottenham Hotspur,Manchester United,19’,0:0,Ander Herrera,,yellow_card
ENG-Premier League,1819,2018-08-27 Manchester Utd-Tottenham Hotspur,Tottenham Hotspur,24’,0:0,Harry Kane,,yellow_card
ENG-Premier League,1819,2018-08-27 Manchester Utd-Tottenham Hotspur,Tottenham Hotspur,50’,0:1,Harry Kane,Kieran Trippier,goal
ENG-Premier League,1819,2018-08-27 Manchester Utd-Tottenham Hotspur,Tottenham Hotspur,52’,0:2,Lucas Moura,Christian Eriksen,goal
ENG-Premier League,1819,2018-08-27 Manchester Utd-Tottenham Hotspur,Manchester United,55’,0:2,Alexis Sánchez,Ander Herrera,substitute_in
ENG-Premier League,1819,2018-08-27 Manchester Utd-Tottenham Hotspur,Manchester United,58’,0:2,Victor Lindelöf,Phil Jones,substitute_in
ENG-Premier League,1819,2018-08-27 Manchester Utd-Tottenham Hotspur,Manchester United,58’,0:2,Antonio Valencia,,yellow_card
ENG-Premier League,1819,2018-08-27 Manchester Utd-Tottenham Hotspur,Manchester United,61’,0:2,Marouane Fellaini,Nemanja Matić,substitute_in
ENG-Premier League,1819,2018-08-27 Manchester Utd-Tottenham Hotspur,Tottenham Hotspur,76’,0:2,Serge Aurier,Kieran Trippier,substitute_in
ENG-Premier League,1819,2018-08-27 Manchester Utd-Tottenham Hotspur,Tottenham Hotspur,77’,0:2,Danny Rose,,yellow_card
ENG-Premier League,1819,2018-08-27 Manchester Utd-Tottenham Hotspur,Tottenham Hotspur,82’,0:2,Ben Davies,Danny Rose,substitute_in
ENG-Premier League,1819,2018-08-27 Manchester Utd-Tottenham Hotspur,Tottenham Hotspur,84’,0:3,Lucas Moura,Harry Kane,goal
ENG-Premier League,1819,2018-08-27 Manchester Utd-Tottenham Hotspur,Tottenham Hotspur,89’,0:3,Harry Winks,Harry Kane,substitute_in
ENG-Premier League,1819,2018-12-30 Manchester Utd-Bournemouth,Manchester United,33’,2:0,Paul Pogba,Ander Herrera,goal
ENG-Premier League,1819,2018-12-30 Manchester Utd-Bournemouth,Manchester United,36’,2:0,Ashley Young,,yellow_card
ENG-Premier League,1819,2018-12-30 Manchester Utd-Bournemouth,Bournemouth,45+2’,3:1,Nathan Aké,David Brooks,goal
ENG-Premier League,1819,2018-12-30 Manchester Utd-Bournemouth,Manchester United,45’,3:0,Marcus Rashford,Anthony Martial,goal
ENG-Premier League,1819,2018-12-30 Manchester Utd-Bournemouth,Manchester United,51’,3:1,Ander Herrera,,yellow_card
ENG-Premier League,1819,2018-12-30 Manchester Utd-Bournemouth,Manchester United,5’,1:0,Paul Pogba,Marcus Rashford,goal
ENG-Premier League,1819,2018-12-30 Manchester Utd-Bournemouth,Bournemouth,66’,3:1,Ryan Fraser,Callum Wilson,substitute_in
ENG-Premier League,1819,2018-12-30 Manchester Utd-Bournemouth,Bournemouth,66’,3:1,Lys Mousset,David Brooks,substitute_in
ENG-Premier League,1819,2018-12-30 Manchester Utd-Bournemouth,Manchester United,70’,3:1,Romelu Lukaku,Marcus Rashford,substitute_in
ENG-Premier League,1819,2018-12-30 Manchester Utd-Bournemouth,Manchester United,72’,4:1,Romelu Lukaku,Paul Pogba,goal
ENG-Premier League,1819,2018-12-30 Manchester Utd-Bournemouth,Manchester United,76’,4:1,Andreas Pereira,Ander Herrera,substitute_in
ENG-Premier League,1819,2018-12-30 Manchester Utd-Bournemouth,Manchester United,79’,4:1,Eric Bailly,,red_card
ENG-Premier League,1819,2018-12-30 Manchester Utd-Bournemouth,Manchester United,82’,4:1,Phil Jones,Anthony Martial,substitute_in
ENG-Premier League,1819,2018-12-30 Manchester Utd-Bournemouth,Bournemouth,82’,4:1,Tyrone Mings,Nathan Aké,substitute_in
ENG-Premier League,1819,2019-02-02 Tottenham Hotspur-Newcastle United,Tottenham Hotspur,60’,0:0,Fernando Llorente,Lucas Moura,substitute_in
ENG-Premier League,1819,2019-02-02 Tottenham Hotspur-Newcastle United,Newcastle United,65’,0:0,DeAndre Yedlin,,yellow_card
ENG-Premier League,1819,2019-02-02 Tottenham Hotspur-Newcastle United,Tottenham Hotspur,78’,0:0,Danny Rose,Érik Lamela,substitute_in
ENG-Premier League,1819,2019-02-02 Tottenham Hotspur-Newcastle United,Newcastle United,82’,0:0,Kenedy,Christian Atsu,substitute_in
ENG-Premier League,1819,2019-02-02 Tottenham Hotspur-Newcastle United,Tottenham Hotspur,83’,1:0,Son Heung-min,Fernando Llorente,goal
ENG-Premier League,1819,2019-02-02 Tottenham Hotspur-Newcastle United,Newcastle United,86’,1:0,Antonio Barreca,Matt Ritchie,substitute_in
ENG-Premier League,1819,2019-02-02 Tottenham Hotspur-Newcastle United,Tottenham Hotspur,89’,1:0,Eric Dier,Son Heung-min,substitute_in
ENG-Premier League,1819,2019-04-28 Burnley-Manchester City,Manchester City,63’,0:1,Sergio Agüero,,goal
ENG-Premier League,1819,2019-04-28 Burnley-Manchester City,Manchester City,64’,0:1,Gabriel Jesus,Leroy Sané,substitute_in
ENG-Premier League,1819,2019-04-28 Burnley-Manchester City,Burnley,72’,0:1,Matěj Vydra,Chris Wood,substitute_in
ENG-Premier League,1819,2019-04-28 Burnley-Manchester City,Burnley,76’,0:1,Jóhann Berg Guðmundsson,Jeff Hendrick,substitute_in
ENG-Premier League,1819,2019-04-28 Burnley-Manchester City,Manchester City,83’,0:1,John Stones,Sergio Agüero,substitute_in
ENG-Premier League,1819,2019-04-28 Burnley-Manchester City,Burnley,87’,0:1,Matthew Lowton,,yellow_card
ENG-Premier League,1819,2019-04-28 Burnley-Manchester City,Manchester City,90+2’,0:1,Nicolás Otamendi,Raheem Sterling,substitute_in
ENG-Premier League,1819,2019-04-28 Burnley-Manchester City,Manchester City,90+5’,0:1,İlkay Gündoğan,,yellow_card
ENG-Premier League,1819,2018-08-25 Southampton-Leicester City,Southampton,26’,0:0,Pierre Højbjerg,,yellow_card
ENG-Premier League,1819,2018-08-25 Southampton-Leicester City,Southampton,52’,1:0,Ryan Bertrand,,goal
ENG-Premier League,1819,2018-08-25 Southampton-Leicester City,Leicester City,56’,1:1,Demarai Gray,,goal
ENG-Premier League,1819,2018-08-25 Southampton-Leicester City,Southampton,64’,1:1,Ryan Bertrand,,yellow_card
ENG-Premier League,1819,2018-08-25 Southampton-Leicester City,Leicester City,67’,1:1,Marc Albrighton,Kelechi Iheanacho,substitute_in
ENG-Premier League,1819,2018-08-25 Southampton-Leicester City,Southampton,69’,1:1,Charlie Austin,Danny Ings,substitute_in
ENG-Premier League,1819,2018-08-25 Southampton-Leicester City,Southampton,77’,1:1,Pierre Højbjerg,,yellow_red_card
ENG-Premier League,1819,2018-08-25 Southampton-Leicester City,Leicester City,78’,1:1,Rachid Ghezzal,James Maddison,substitute_in
ENG-Premier League,1819,2018-08-25 Southampton-Leicester City,Southampton,79’,1:1,Oriol Romeu,Mohamed Elyounoussi,substitute_in
ENG-Premier League,1819,2018-08-25 Southampton-Leicester City,Southampton,86’,1:1,Stuart Armstrong,Shane Long,substitute_in
ENG-Premier League,1819,2018-08-25 Southampton-Leicester City,Leicester City,88’,1:1,Shinji Okazaki,Demarai Gray,substitute_in
ENG-Premier League,1819,2018-08-25 Southampton-Leicester City,Leicester City,90+2’,1:2,Harry Maguire,Marc Albrighton,goal
ENG-Premier League,1819,2018-08-25 Southampton-Leicester City,Leicester City,90+3’,1:2,Harry Maguire,,yellow_card
ENG-Premier League,1819,2018-12-01 Newcastle United-West Ham United,West Ham United,11’,0:1,Javier Hernández,Robert Snodgrass,goal
ENG-Premier League,1819,2018-12-01 Newcastle United-West Ham United,West Ham United,21’,0:1,Robert Snodgrass,,yellow_card
ENG-Premier League,1819,2018-12-01 Newcastle United-West Ham United,West Ham United,32’,0:1,Mark Noble,,yellow_card
ENG-Premier League,1819,2018-12-01 Newcastle United-West Ham United,Newcastle United,41’,0:1,Matt Ritchie,,yellow_card
ENG-Premier League,1819,2018-12-01 Newcastle United-West Ham United,West Ham United,43’,0:1,Pablo Zabaleta,,yellow_card
ENG-Premier League,1819,2018-12-01 Newcastle United-West Ham United,Newcastle United,54’,0:1,Christian Atsu,Matt Ritchie,substitute_in
ENG-Premier League,1819,2018-12-01 Newcastle United-West Ham United,West Ham United,56’,0:1,Arthur Masuaku,Aaron Cresswell,substitute_in
ENG-Premier League,1819,2018-12-01 Newcastle United-West Ham United,West Ham United,63’,0:2,Javier Hernández,Marko Arnautović,goal
ENG-Premier League,1819,2018-12-01 Newcastle United-West Ham United,Newcastle United,70’,0:2,Jonjo Shelvey,Kenedy,substitute_in
ENG-Premier League,1819,2018-12-01 Newcastle United-West Ham United,West Ham United,71’,0:2,Pedro Obiang,Marko Arnautović,substitute_in
ENG-Premier League,1819,2018-12-01 Newcastle United-West Ham United,Newcastle United,78’,0:2,Joselu,Ayoze Pérez,substitute_in
ENG-Premier League,1819,2018-12-01 Newcastle United-West Ham United,Newcastle United,79’,0:2,Fabian Schär,,yellow_card
ENG-Premier League,1819,2018-12-01 Newcastle United-West Ham United,West Ham United,85’,0:2,Jack Wilshere,Mark Noble,substitute_in
ENG-Premier League,1819,2018-12-01 Newcastle United-West Ham United,Newcastle United,89’,0:2,DeAndre Yedlin,,yellow_card
ENG-Premier League,1819,2018-12-01 Newcastle United-West Ham United,West Ham United,90+3’,0:3,Felipe Anderson,Jack Wilshere,goal
ENG-Premier League,1819,2018-10-27 Southampton-Newcastle United,Southampton,63’,0:0,Manolo Gabbiadini,Charlie Austin,substitute_in
ENG-Premier League,1819,2018-10-27 Southampton-Newcastle United,Newcastle United,69’,0:0,Salomón Rondón,Ayoze Pérez,substitute_in
ENG-Premier League,1819,2018-10-27 Southampton-Newcastle United,Newcastle United,76’,0:0,Ki Sung-yueng,Mohamed Diamé,substitute_in
ENG-Premier League,1819,2018-10-27 Southampton-Newcastle United,Southampton,78’,0:0,Shane Long,Mohamed Elyounoussi,substitute_in
ENG-Premier League,1819,2018-10-27 Southampton-Newcastle United,Southampton,78’,0:0,James Ward-Prowse,Oriol Romeu,substitute_in
ENG-Premier League,1819,2018-10-27 Southampton-Newcastle United,Newcastle United,80’,0:0,Christian Atsu,Yoshinori Mutō,substitute_in
ENG-Premier League,1819,2018-10-27 Southampton-Newcastle United,Newcastle United,90+2’,0:0,Christian Atsu,,yellow_card
ENG-Premier League,1819,2019-03-09 Manchester City-Watford,Watford,18’,0:0,Tom Cleverley,,yellow_card
ENG-Premier League,1819,2019-03-09 Manchester City-Watford,Manchester City,46’,1:0,Raheem Sterling,,goal
ENG-Premier League,1819,2019-03-09 Manchester City-Watford,Manchester City,50’,2:0,Raheem Sterling,Riyad Mahrez,goal
ENG-Premier League,1819,2019-03-09 Manchester City-Watford,Manchester City,59’,3:0,Raheem Sterling,David Silva,goal
ENG-Premier League,1819,2019-03-09 Manchester City-Watford,Manchester City,64’,3:0,Leroy Sané,Raheem Sterling,substitute_in
ENG-Premier League,1819,2019-03-09 Manchester City-Watford,Watford,66’,3:0,Gerard Deulofeu,Kiko Femenía,substitute_in
ENG-Premier League,1819,2019-03-09 Manchester City-Watford,Watford,66’,3:1,Gerard Deulofeu,Troy Deeney,goal
ENG-Premier League,1819,2019-03-09 Manchester City-Watford,Watford,66’,3:1,Troy Deeney,Isaac Success,substitute_in
ENG-Premier League,1819,2019-03-09 Manchester City-Watford,Manchester City,6’,0:0,Kyle Walker,,yellow_card
ENG-Premier League,1819,2019-03-09 Manchester City-Watford,Manchester City,80’,3:1,Gabriel Jesus,Sergio Agüero,substitute_in
ENG-Premier League,1819,2019-03-09 Manchester City-Watford,Watford,82’,3:1,Craig Cathcart,Miguel Britos,substitute_in
ENG-Premier League,1819,2019-03-09 Manchester City-Watford,Manchester City,90’,3:1,Phil Foden,Riyad Mahrez,substitute_in
ENG-Premier League,1819,2018-10-20 Manchester City-Burnley,Burnley,11’,0:0,Jack Cork,,yellow_card
ENG-Premier League,1819,2018-10-20 Manchester City-Burnley,Manchester City,17’,1:0,Sergio Agüero,David Silva,goal
ENG-Premier League,1819,2018-10-20 Manchester City-Burnley,Manchester City,1’,0:0,Vincent Kompany,,yellow_card
ENG-Premier League,1819,2018-10-20 Manchester City-Burnley,Burnley,32’,1:0,Jeff Hendrick,,yellow_card
ENG-Premier League,1819,2018-10-20 Manchester City-Burnley,Manchester City,54’,2:0,Bernardo Silva,David Silva,goal
ENG-Premier League,1819,2018-10-20 Manchester City-Burnley,Manchester City,56’,3:0,Fernandinho,,goal
ENG-Premier League,1819,2018-10-20 Manchester City-Burnley,Manchester City,58’,3:0,Kevin De Bruyne,Bernardo Silva,substitute_in
ENG-Premier League,1819,2018-10-20 Manchester City-Burnley,Manchester City,66’,3:0,Gabriel Jesus,Sergio Agüero,substitute_in
ENG-Premier League,1819,2018-10-20 Manchester City-Burnley,Burnley,69’,3:0,Chris Wood,Sam Vokes,substitute_in
ENG-Premier League,1819,2018-10-20 Manchester City-Burnley,Burnley,69’,3:0,Ashley Westwood,Aaron Lennon,substitute_in
ENG-Premier League,1819,2018-10-20 Manchester City-Burnley,Manchester City,75’,3:0,Phil Foden,David Silva,substitute_in
ENG-Premier League,1819,2018-10-20 Manchester City-Burnley,Burnley,75’,3:0,Ashley Barnes,Steven Defour,substitute_in
ENG-Premier League,1819,2018-10-20 Manchester City-Burnley,Manchester City,81’,3:0,Leroy Sané,,yellow_card
ENG-Premier League,1819,2018-10-20 Manchester City-Burnley,Manchester City,83’,4:0,Riyad Mahrez,Fernandinho,goal
ENG-Premier League,1819,2018-10-20 Manchester City-Burnley,Manchester City,90’,5:0,Leroy Sané,Benjamin Mendy,goal
ENG-Premier League,1819,2018-09-16 Wolves-Burnley,Burnley,28’,0:0,Phil Bardsley,,yellow_card
ENG-Premier League,1819,2018-09-16 Wolves-Burnley,Burnley,37’,0:0,Jack Cork,,yellow_card
ENG-Premier League,1819,2018-09-16 Wolves-Burnley,Burnley,56’,0:0,Matěj Vydra,Ashley Barnes,substitute_in
ENG-Premier League,1819,2018-09-16 Wolves-Burnley,Wolverhampton Wanderers,61’,1:0,Raúl Jiménez,Matt Doherty,goal
ENG-Premier League,1819,2018-09-16 Wolves-Burnley,Wolverhampton Wanderers,66’,1:0,Adama Traoré,Hélder Costa,substitute_in
ENG-Premier League,1819,2018-09-16 Wolves-Burnley,Burnley,68’,1:0,Jóhann Berg Guðmundsson,,yellow_card
ENG-Premier League,1819,2018-09-16 Wolves-Burnley,Burnley,70’,1:0,Chris Wood,Sam Vokes,substitute_in
ENG-Premier League,1819,2018-09-16 Wolves-Burnley,Wolverhampton Wanderers,72’,1:0,Diogo Jota,,yellow_card
ENG-Premier League,1819,2018-09-16 Wolves-Burnley,Wolverhampton Wanderers,76’,1:0,Léo Bonatini,Raúl Jiménez,substitute_in
ENG-Premier League,1819,2018-09-16 Wolves-Burnley,Burnley,79’,1:0,Ashley Westwood,Jeff Hendrick,substitute_in
ENG-Premier League,1819,2018-09-16 Wolves-Burnley,Burnley,82’,1:0,Charlie Taylor,,yellow_card
ENG-Premier League,1819,2018-09-16 Wolves-Burnley,Wolverhampton Wanderers,86’,1:0,Rúben Neves,,yellow_card
ENG-Premier League,1819,2018-09-16 Wolves-Burnley,Wolverhampton Wanderers,88’,1:0,Morgan Gibbs-White,Diogo Jota,substitute_in
ENG-Premier League,1819,2018-09-01 Brighton-Fulham,Brighton & Hove Albion,25’,0:0,Pascal Groß,Marcus Bettinelli,penalty_miss
ENG-Premier League,1819,2018-09-01 Brighton-Fulham,Fulham,43’,0:1,André Schürrle,Jean Seri,goal
ENG-Premier League,1819,2018-09-01 Brighton-Fulham,Brighton & Hove Albion,45’,0:1,Dale Stephens,,yellow_card
ENG-Premier League,1819,2018-09-01 Brighton-Fulham,Brighton & Hove Albion,52’,0:1,Davy Pröpper,,yellow_card
ENG-Premier League,1819,2018-09-01 Brighton-Fulham,Brighton & Hove Albion,59’,0:1,Glenn Murray,,yellow_card
ENG-Premier League,1819,2018-09-01 Brighton-Fulham,Brighton & Hove Albion,60’,0:1,Yves Bissouma,Pascal Groß,substitute_in
ENG-Premier League,1819,2018-09-01 Brighton-Fulham,Fulham,62’,0:2,Aleksandar Mitrović,,goal
ENG-Premier League,1819,2018-09-01 Brighton-Fulham,Brighton & Hove Albion,67’,1:2,Glenn Murray,Anthony Knockaert,goal
ENG-Premier League,1819,2018-09-01 Brighton-Fulham,Brighton & Hove Albion,74’,1:2,Alireza Jahanbakhsh,Anthony Knockaert,substitute_in
ENG-Premier League,1819,2018-09-01 Brighton-Fulham,Brighton & Hove Albion,74’,1:2,Jürgen Locadia,Davy Pröpper,substitute_in
ENG-Premier League,1819,2018-09-01 Brighton-Fulham,Fulham,74’,1:2,Stefan Johansen,Andre-Frank Zambo Anguissa,substitute_in
ENG-Premier League,1819,2018-09-01 Brighton-Fulham,Fulham,74’,1:2,Ryan Sessegnon,Luciano Vietto,substitute_in
ENG-Premier League,1819,2018-09-01 Brighton-Fulham,Fulham,82’,1:2,Stefan Johansen,,yellow_card
ENG-Premier League,1819,2018-09-01 Brighton-Fulham,Fulham,84’,2:2,Aleksandar Mitrović,,yellow_card
ENG-Premier League,1819,2018-09-01 Brighton-Fulham,Brighton & Hove Albion,84’,2:2,Glenn Murray,,penalty_goal
ENG-Premier League,1819,2018-09-01 Brighton-Fulham,Fulham,87’,2:2,Calum Chambers,André Schürrle,substitute_in
ENG-Premier League,1819,2018-09-01 Brighton-Fulham,Fulham,90+4’,2:2,Maxime Le Marchand,,yellow_card
ENG-Premier League,1819,2018-12-15 Watford-Cardiff City,Watford,16’,1:0,Gerard Deulofeu,Abdoulaye Doucouré,goal
ENG-Premier League,1819,2018-12-15 Watford-Cardiff City,Cardiff City,46’,1:0,Nathaniel Mendez-Laing,Josh Murphy,substitute_in
ENG-Premier League,1819,2018-12-15 Watford-Cardiff City,Watford,52’,2:0,José Holebas,Gerard Deulofeu,goal
ENG-Premier League,1819,2018-12-15 Watford-Cardiff City,Cardiff City,59’,2:0,Lee Peltier,Joe Bennett,substitute_in
ENG-Premier League,1819,2018-12-15 Watford-Cardiff City,Watford,68’,3:0,Domingos Quina,Ken Sema,goal
ENG-Premier League,1819,2018-12-15 Watford-Cardiff City,Watford,77’,3:0,Isaac Success,Ken Sema,substitute_in
ENG-Premier League,1819,2018-12-15 Watford-Cardiff City,Cardiff City,78’,3:0,Bobby De Cordova-Reid,Aron Gunnarsson,substitute_in
ENG-Premier League,1819,2018-12-15 Watford-Cardiff City,Cardiff City,80’,3:1,Junior Hoilett,Víctor Camarasa,goal
ENG-Premier League,1819,2018-12-15 Watford-Cardiff City,Watford,81’,3:1,Stefano Okaka,Troy Deeney,substitute_in
ENG-Premier League,1819,2018-12-15 Watford-Cardiff City,Cardiff City,82’,3:2,Bobby De Cordova-Reid,,goal
ENG-Premier League,1819,2018-12-15 Watford-Cardiff City,Watford,87’,3:2,Tom Cleverley,Gerard Deulofeu,substitute_in
ENG-Premier League,1819,2018-10-27 Fulham-Bournemouth,Bournemouth,14’,0:1,Callum Wilson,,penalty_goal
ENG-Premier League,1819,2018-10-27 Fulham-Bournemouth,Fulham,17’,0:1,Aboubakar Kamara,,yellow_card
ENG-Premier League,1819,2018-10-27 Fulham-Bournemouth,Fulham,51’,0:1,Kevin McDonald,,yellow_card
ENG-Premier League,1819,2018-10-27 Fulham-Bournemouth,Fulham,60’,0:1,Tom Cairney,Maxime Le Marchand,substitute_in
ENG-Premier League,1819,2018-10-27 Fulham-Bournemouth,Bournemouth,72’,0:2,David Brooks,Ryan Fraser,goal
ENG-Premier League,1819,2018-10-27 Fulham-Bournemouth,Fulham,73’,0:2,Kevin McDonald,,yellow_red_card
ENG-Premier League,1819,2018-10-27 Fulham-Bournemouth,Bournemouth,74’,0:2,Steve Cook,,yellow_card
ENG-Premier League,1819,2018-10-27 Fulham-Bournemouth,Fulham,80’,0:2,Andre-Frank Zambo Anguissa,Jean Seri,substitute_in
ENG-Premier League,1819,2018-10-27 Fulham-Bournemouth,Bournemouth,80’,0:2,Dan Gosling,Lewis Cook,substitute_in
ENG-Premier League,1819,2018-10-27 Fulham-Bournemouth,Bournemouth,85’,0:3,Callum Wilson,Ryan Fraser,goal
ENG-Premier League,1819,2018-10-27 Fulham-Bournemouth,Bournemouth,86’,0:3,Junior Stanislas,David Brooks,substitute_in
ENG-Premier League,1819,2018-10-27 Fulham-Bournemouth,Fulham,88’,0:3,Aleksandar Mitrović,,yellow_card
ENG-Premier League,1819,2018-10-27 Fulham-Bournemouth,Bournemouth,89’,0:3,Jermain Defoe,Ryan Fraser,substitute_in
ENG-Premier League,1819,2018-11-24 Brighton-Leicester City,Brighton & Hove Albion,15’,1:0,Glenn Murray,Anthony Knockaert,goal
ENG-Premier League,1819,2018-11-24 Brighton-Leicester City,Leicester City,26’,1:0,James Maddison,,yellow_card
ENG-Premier League,1819,2018-11-24 Brighton-Leicester City,Leicester City,28’,1:0,James Maddison,,yellow_red_card
ENG-Premier League,1819,2018-11-24 Brighton-Leicester City,Leicester City,32’,1:0,Wilfred Ndidi,Vicente Iborra,substitute_in
ENG-Premier League,1819,2018-11-24 Brighton-Leicester City,Leicester City,39’,1:0,Wilfred Ndidi,,yellow_card
ENG-Premier League,1819,2018-11-24 Brighton-Leicester City,Leicester City,56’,1:0,Jamie Vardy,Demarai Gray,substitute_in
ENG-Premier League,1819,2018-11-24 Brighton-Leicester City,Brighton & Hove Albion,60’,1:0,Shane Duffy,,yellow_card
ENG-Premier League,1819,2018-11-24 Brighton-Leicester City,Brighton & Hove Albion,66’,1:0,Bruno,,yellow_card
ENG-Premier League,1819,2018-11-24 Brighton-Leicester City,Leicester City,70’,1:0,Kelechi Iheanacho,Shinji Okazaki,substitute_in
ENG-Premier League,1819,2018-11-24 Brighton-Leicester City,Brighton & Hove Albion,72’,1:0,José Izquierdo,,yellow_card
ENG-Premier League,1819,2018-11-24 Brighton-Leicester City,Brighton & Hove Albion,73’,1:0,Solly March,Anthony Knockaert,substitute_in
ENG-Premier League,1819,2018-11-24 Brighton-Leicester City,Leicester City,79’,1:1,Jamie Vardy,,penalty_goal
ENG-Premier League,1819,2018-11-24 Brighton-Leicester City,Brighton & Hove Albion,82’,1:1,Florin Andone,Pascal Groß,substitute_in
ENG-Premier League,1819,2018-11-24 Brighton-Leicester City,Brighton & Hove Albion,89’,1:1,Jürgen Locadia,Glenn Murray,substitute_in
ENG-Premier League,1819,2019-05-04 Cardiff City-Crystal Palace,Cardiff City,11’,0:0,Leandro Bacuna,Víctor Camarasa,substitute_in
ENG-Premier League,1819,2019-05-04 Cardiff City-Crystal Palace,Crystal Palace,28’,0:1,Wilfried Zaha,Andros Townsend,goal
ENG-Premier League,1819,2019-05-04 Cardiff City-Crystal Palace,Cardiff City,31’,1:1,Martin Kelly,,own_goal
ENG-Premier League,1819,2019-05-04 Cardiff City-Crystal Palace,Crystal Palace,39’,1:2,Michy Batshuayi,,goal
ENG-Premier League,1819,2019-05-04 Cardiff City-Crystal Palace,Cardiff City,60’,1:2,Kenneth Zohore,Danny Ward,substitute_in
ENG-Premier League,1819,2019-05-04 Cardiff City-Crystal Palace,Crystal Palace,70’,1:3,Andros Townsend,James McArthur,goal
ENG-Premier League,1819,2019-05-04 Cardiff City-Crystal Palace,Crystal Palace,73’,1:3,Bakary Sako,Michy Batshuayi,substitute_in
ENG-Premier League,1819,2019-05-04 Cardiff City-Crystal Palace,Crystal Palace,78’,1:3,Max Meyer,Jordan Ayew,substitute_in
ENG-Premier League,1819,2019-05-04 Cardiff City-Crystal Palace,Cardiff City,80’,1:3,Junior Hoilett,Josh Murphy,substitute_in
ENG-Premier League,1819,2019-05-04 Cardiff City-Crystal Palace,Crystal Palace,84’,1:3,Cheikhou Kouyaté,Andros Townsend,substitute_in
ENG-Premier League,1819,2019-05-04 Cardiff City-Crystal Palace,Cardiff City,90’,2:3,Bobby De Cordova-Reid,Nathaniel Mendez-Laing,goal
ENG-Premier League,1819,2018-12-29 Brighton-Everton,Everton,53’,0:0,Bernard,,yellow_card
ENG-Premier League,1819,2018-12-29 Brighton-Everton,Everton,56’,0:0,Yerry Mina,,yellow_card
ENG-Premier League,1819,2018-12-29 Brighton-Everton,Brighton & Hove Albion,59’,1:0,Jürgen Locadia,,goal
ENG-Premier League,1819,2018-12-29 Brighton-Everton,Everton,65’,1:0,Gylfi Sigurðsson,Yerry Mina,substitute_in
ENG-Premier League,1819,2018-12-29 Brighton-Everton,Everton,72’,1:0,Dominic Calvert-Lewin,André Gomes,substitute_in
ENG-Premier League,1819,2018-12-29 Brighton-Everton,Brighton & Hove Albion,74’,1:0,Glenn Murray,Florin Andone,substitute_in
ENG-Premier League,1819,2018-12-29 Brighton-Everton,Everton,80’,1:0,Oumar Niasse,Bernard,substitute_in
ENG-Premier League,1819,2019-03-17 Everton-Chelsea,Chelsea,36’,0:0,Marcos Alonso,,yellow_card
ENG-Premier League,1819,2019-03-17 Everton-Chelsea,Everton,49’,1:0,Richarlison,,goal
ENG-Premier League,1819,2019-03-17 Everton-Chelsea,Everton,59’,1:0,André Gomes,,yellow_card
ENG-Premier League,1819,2019-03-17 Everton-Chelsea,Chelsea,61’,1:0,Antonio Rüdiger,,yellow_card
ENG-Premier League,1819,2019-03-17 Everton-Chelsea,Chelsea,65’,1:0,Ruben Loftus-Cheek,Ross Barkley,substitute_in
ENG-Premier League,1819,2019-03-17 Everton-Chelsea,Chelsea,66’,1:0,Olivier Giroud,Gonzalo Higuaín,substitute_in
ENG-Premier League,1819,2019-03-17 Everton-Chelsea,Everton,68’,1:0,Morgan Schneiderlin,André Gomes,substitute_in
ENG-Premier League,1819,2019-03-17 Everton-Chelsea,Everton,72’,2:0,Gylfi Sigurðsson,,goal
ENG-Premier League,1819,2019-03-17 Everton-Chelsea,Everton,72’,2:0,Gylfi Sigurðsson,Kepa Arrizabalaga,penalty_miss
ENG-Premier League,1819,2019-03-17 Everton-Chelsea,Chelsea,74’,2:0,Callum Hudson-Odoi,Jorginho,substitute_in
ENG-Premier League,1819,2019-03-17 Everton-Chelsea,Everton,78’,2:0,Theo Walcott,Bernard,substitute_in
ENG-Premier League,1819,2019-03-17 Everton-Chelsea,Everton,86’,2:0,Tom Davies,Gylfi Sigurðsson,substitute_in
ENG-Premier League,1819,2018-12-15 Manchester City-Everton,Everton,19’,0:0,Lucas Digne,,yellow_card
ENG-Premier League,1819,2018-12-15 Manchester City-Everton,Manchester City,22’,1:0,Gabriel Jesus,Leroy Sané,goal
ENG-Premier League,1819,2018-12-15 Manchester City-Everton,Manchester City,50’,2:0,Gabriel Jesus,Leroy Sané,goal
ENG-Premier League,1819,2018-12-15 Manchester City-Everton,Everton,57’,2:0,Theo Walcott,Séamus Coleman,substitute_in
ENG-Premier League,1819,2018-12-15 Manchester City-Everton,Everton,57’,2:0,Ademola Lookman,Bernard,substitute_in
ENG-Premier League,1819,2018-12-15 Manchester City-Everton,Everton,65’,2:1,Dominic Calvert-Lewin,Lucas Digne,goal
ENG-Premier League,1819,2018-12-15 Manchester City-Everton,Manchester City,66’,2:1,Raheem Sterling,Leroy Sané,substitute_in
ENG-Premier League,1819,2018-12-15 Manchester City-Everton,Manchester City,69’,3:1,Raheem Sterling,Fernandinho,goal
ENG-Premier League,1819,2018-12-15 Manchester City-Everton,Manchester City,75’,3:1,Kevin De Bruyne,Riyad Mahrez,substitute_in
ENG-Premier League,1819,2018-12-15 Manchester City-Everton,Manchester City,76’,3:1,Fabian Delph,,yellow_card
ENG-Premier League,1819,2018-12-15 Manchester City-Everton,Everton,76’,3:1,Dominic Calvert-Lewin,,yellow_card
ENG-Premier League,1819,2018-12-15 Manchester City-Everton,Everton,81’,3:1,Tom Davies,Gylfi Sigurðsson,substitute_in
ENG-Premier League,1819,2019-02-09 Watford-Everton,Watford,46’,0:0,Andre Gray,Ken Sema,substitute_in
ENG-Premier League,1819,2019-02-09 Watford-Everton,Everton,63’,0:0,Theo Walcott,André Gomes,substitute_in
ENG-Premier League,1819,2019-02-09 Watford-Everton,Watford,65’,1:0,Andre Gray,Will Hughes,goal
ENG-Premier League,1819,2019-02-09 Watford-Everton,Everton,66’,1:0,Bernard,Richarlison,substitute_in
ENG-Premier League,1819,2019-02-09 Watford-Everton,Watford,70’,1:0,Troy Deeney,,yellow_card
ENG-Premier League,1819,2019-02-09 Watford-Everton,Everton,74’,1:0,Dominic Calvert-Lewin,Gylfi Sigurðsson,substitute_in
ENG-Premier League,1819,2019-02-09 Watford-Everton,Watford,81’,1:0,Tom Cleverley,Gerard Deulofeu,substitute_in
ENG-Premier League,1819,2019-02-09 Watford-Everton,Watford,83’,1:0,José Holebas,,yellow_card
ENG-Premier League,1819,2019-02-09 Watford-Everton,Everton,90+5’,1:0,Kurt Zouma,,yellow_red_card
ENG-Premier League,1819,2019-02-09 Watford-Everton,Everton,90+5’,1:0,Kurt Zouma,,yellow_card
ENG-Premier League,1819,2019-02-09 Watford-Everton,Watford,90’,1:0,Nathaniel Chalobah,Will Hughes,substitute_in
ENG-Premier League,1819,2018-08-26 Fulham-Burnley,Burnley,10’,1:1,Jeff Hendrick,,goal
ENG-Premier League,1819,2018-08-26 Fulham-Burnley,Burnley,19’,1:1,Charlie Taylor,Jóhann Berg Guðmundsson,substitute_in
ENG-Premier League,1819,2018-08-26 Fulham-Burnley,Fulham,36’,2:1,Aleksandar Mitrović,Tom Cairney,goal
ENG-Premier League,1819,2018-08-26 Fulham-Burnley,Fulham,38’,3:1,Aleksandar Mitrović,Luciano Vietto,goal
ENG-Premier League,1819,2018-08-26 Fulham-Burnley,Burnley,41’,3:2,James Tarkowski,Ben Mee,goal
ENG-Premier League,1819,2018-08-26 Fulham-Burnley,Fulham,4’,1:0,Jean Seri,Luciano Vietto,goal
ENG-Premier League,1819,2018-08-26 Fulham-Burnley,Burnley,54’,3:2,James Tarkowski,,yellow_card
ENG-Premier League,1819,2018-08-26 Fulham-Burnley,Fulham,59’,3:2,André Schürrle,,yellow_card
ENG-Premier League,1819,2018-08-26 Fulham-Burnley,Burnley,66’,3:2,Sam Vokes,Chris Wood,substitute_in
ENG-Premier League,1819,2018-08-26 Fulham-Burnley,Burnley,66’,3:2,Ashley Barnes,Stephen Ward,substitute_in
ENG-Premier League,1819,2018-08-26 Fulham-Burnley,Fulham,72’,3:2,Calum Chambers,Joe Bryan,substitute_in
ENG-Premier League,1819,2018-08-26 Fulham-Burnley,Fulham,78’,3:2,Andre-Frank Zambo Anguissa,Tom Cairney,substitute_in
ENG-Premier League,1819,2018-08-26 Fulham-Burnley,Fulham,83’,4:2,André Schürrle,,goal
ENG-Premier League,1819,2018-08-26 Fulham-Burnley,Fulham,89’,4:2,Ryan Sessegnon,André Schürrle,substitute_in
ENG-Premier League,1819,2018-08-26 Fulham-Burnley,Fulham,90+1’,4:2,Marcus Bettinelli,,yellow_card
ENG-Premier League,1819,2018-12-26 Leicester City-Manchester City,Manchester City,14’,0:1,Bernardo Silva,Sergio Agüero,goal
ENG-Premier League,1819,2018-12-26 Leicester City-Manchester City,Leicester City,19’,1:1,Marc Albrighton,Jamie Vardy,goal
ENG-Premier League,1819,2018-12-26 Leicester City-Manchester City,Leicester City,58’,1:1,Harry Maguire,,yellow_card
ENG-Premier League,1819,2018-12-26 Leicester City-Manchester City,Leicester City,63’,1:1,Demarai Gray,Hamza Choudhury,substitute_in
ENG-Premier League,1819,2018-12-26 Leicester City-Manchester City,Manchester City,70’,1:1,David Silva,Kevin De Bruyne,substitute_in
ENG-Premier League,1819,2018-12-26 Leicester City-Manchester City,Manchester City,77’,1:1,John Stones,,yellow_card
ENG-Premier League,1819,2018-12-26 Leicester City-Manchester City,Leicester City,78’,1:1,Danny Simpson,James Maddison,substitute_in
ENG-Premier League,1819,2018-12-26 Leicester City-Manchester City,Leicester City,81’,2:1,Ricardo Pereira,,goal
ENG-Premier League,1819,2018-12-26 Leicester City-Manchester City,Manchester City,83’,2:1,Riyad Mahrez,Bernardo Silva,substitute_in
ENG-Premier League,1819,2018-12-26 Leicester City-Manchester City,Leicester City,87’,2:1,Jamie Vardy,,yellow_card
ENG-Premier League,1819,2018-12-26 Leicester City-Manchester City,Leicester City,88’,2:1,Shinji Okazaki,Jamie Vardy,substitute_in
ENG-Premier League,1819,2018-12-26 Leicester City-Manchester City,Manchester City,89’,2:1,Fabian Delph,,red_card
ENG-Premier League,1819,2018-12-26 Leicester City-Manchester City,Manchester City,90’,2:1,Sergio Agüero,,yellow_card
ENG-Premier League,1819,2018-12-08 Manchester Utd-Fulham,Manchester United,13’,1:0,Ashley Young,Marcus Rashford,goal
ENG-Premier League,1819,2018-12-08 Manchester Utd-Fulham,Manchester United,28’,2:0,Juan Mata,Marcus Rashford,goal
ENG-Premier League,1819,2018-12-08 Manchester Utd-Fulham,Fulham,31’,2:0,Andre-Frank Zambo Anguissa,,yellow_card
ENG-Premier League,1819,2018-12-08 Manchester Utd-Fulham,Manchester United,42’,3:0,Romelu Lukaku,Juan Mata,goal
ENG-Premier League,1819,2018-12-08 Manchester Utd-Fulham,Manchester United,45+1’,3:0,Diogo Dalot,,yellow_card
ENG-Premier League,1819,2018-12-08 Manchester Utd-Fulham,Fulham,46’,3:0,Aboubakar Kamara,Aleksandar Mitrović,substitute_in
ENG-Premier League,1819,2018-12-08 Manchester Utd-Fulham,Fulham,46’,3:0,Luciano Vietto,Tom Cairney,substitute_in
ENG-Premier League,1819,2018-12-08 Manchester Utd-Fulham,Manchester United,58’,3:0,Marcos Rojo,Chris Smalling,substitute_in
ENG-Premier League,1819,2018-12-08 Manchester Utd-Fulham,Fulham,67’,3:1,Aboubakar Kamara,,penalty_goal
ENG-Premier League,1819,2018-12-08 Manchester Utd-Fulham,Fulham,68’,3:1,Andre-Frank Zambo Anguissa,,yellow_red_card
ENG-Premier League,1819,2018-12-08 Manchester Utd-Fulham,Fulham,72’,3:1,Jean Seri,,yellow_card
ENG-Premier League,1819,2018-12-08 Manchester Utd-Fulham,Manchester United,73’,3:1,Fred,Jesse Lingard,substitute_in
ENG-Premier League,1819,2018-12-08 Manchester Utd-Fulham,Fulham,73’,3:1,Ibrahima Cissé,André Schürrle,substitute_in
ENG-Premier League,1819,2018-12-08 Manchester Utd-Fulham,Manchester United,82’,4:1,Marcus Rashford,Ashley Young,goal
ENG-Premier League,1819,2018-12-08 Manchester Utd-Fulham,Manchester United,84’,4:1,Scott McTominay,Marcus Rashford,substitute_in
ENG-Premier League,1819,2019-05-12 Tottenham Hotspur-Everton,Tottenham Hotspur,3’,1:0,Eric Dier,,goal
ENG-Premier League,1819,2019-05-12 Tottenham Hotspur-Everton,Tottenham Hotspur,46’,1:0,Victor Wanyama,Dele Alli,substitute_in
ENG-Premier League,1819,2019-05-12 Tottenham Hotspur-Everton,Everton,65’,1:0,André Gomes,Idrissa Gana Gueye,substitute_in
ENG-Premier League,1819,2019-05-12 Tottenham Hotspur-Everton,Everton,65’,1:0,Ademola Lookman,Bernard,substitute_in
ENG-Premier League,1819,2019-05-12 Tottenham Hotspur-Everton,Everton,69’,1:1,Theo Walcott,Gylfi Sigurðsson,goal
ENG-Premier League,1819,2019-05-12 Tottenham Hotspur-Everton,Everton,71’,1:1,Morgan Schneiderlin,,yellow_card
ENG-Premier League,1819,2019-05-12 Tottenham Hotspur-Everton,Everton,72’,1:2,Cenk Tosun,,goal
ENG-Premier League,1819,2019-05-12 Tottenham Hotspur-Everton,Tottenham Hotspur,75’,2:2,Christian Eriksen,,goal
ENG-Premier League,1819,2019-05-12 Tottenham Hotspur-Everton,Tottenham Hotspur,77’,2:2,Vincent Janssen,Fernando Llorente,substitute_in
ENG-Premier League,1819,2019-05-12 Tottenham Hotspur-Everton,Tottenham Hotspur,77’,2:2,Oliver Skipp,Érik Lamela,substitute_in
ENG-Premier League,1819,2019-05-12 Tottenham Hotspur-Everton,Everton,90’,2:2,Lucas Digne,,yellow_card
ENG-Premier League,1819,2019-02-03 Leicester City-Manchester Utd,Manchester United,20’,0:1,Jesse Lingard,,yellow_card
ENG-Premier League,1819,2019-02-03 Leicester City-Manchester Utd,Leicester City,32’,0:1,Jamie Vardy,,yellow_card
ENG-Premier League,1819,2019-02-03 Leicester City-Manchester Utd,Manchester United,42’,0:1,Nemanja Matić,,yellow_card
ENG-Premier League,1819,2019-02-03 Leicester City-Manchester Utd,Leicester City,45’,0:1,Nampalys Mendy,,yellow_card
ENG-Premier League,1819,2019-02-03 Leicester City-Manchester Utd,Leicester City,62’,0:1,Rachid Ghezzal,James Maddison,substitute_in
ENG-Premier League,1819,2019-02-03 Leicester City-Manchester Utd,Manchester United,67’,0:1,Anthony Martial,Alexis Sánchez,substitute_in
ENG-Premier League,1819,2019-02-03 Leicester City-Manchester Utd,Leicester City,74’,0:1,Shinji Okazaki,Demarai Gray,substitute_in
ENG-Premier League,1819,2019-02-03 Leicester City-Manchester Utd,Manchester United,78’,0:1,Romelu Lukaku,Marcus Rashford,substitute_in
ENG-Premier League,1819,2019-02-03 Leicester City-Manchester Utd,Manchester United,80’,0:1,Luke Shaw,,yellow_card
ENG-Premier League,1819,2019-02-03 Leicester City-Manchester Utd,Leicester City,82’,0:1,Rachid Ghezzal,,yellow_card
ENG-Premier League,1819,2019-02-03 Leicester City-Manchester Utd,Leicester City,84’,0:1,Kelechi Iheanacho,Nampalys Mendy,substitute_in
ENG-Premier League,1819,2019-02-03 Leicester City-Manchester Utd,Leicester City,90+3’,0:1,Wilfred Ndidi,,yellow_card
ENG-Premier League,1819,2019-02-03 Leicester City-Manchester Utd,Manchester United,90+3’,0:1,Anthony Martial,,yellow_card
ENG-Premier League,1819,2019-02-03 Leicester City-Manchester Utd,Manchester United,90’,0:1,Phil Jones,Jesse Lingard,substitute_in
ENG-Premier League,1819,2019-02-03 Leicester City-Manchester Utd,Manchester United,9’,0:1,Marcus Rashford,Paul Pogba,goal
ENG-Premier League,1819,2019-02-27 Arsenal-Bournemouth,Arsenal,27’,2:0,Henrikh Mkhitaryan,Mesut Özil,goal
ENG-Premier League,1819,2019-02-27 Arsenal-Bournemouth,Bournemouth,30’,2:1,Lys Mousset,Dan Gosling,goal
ENG-Premier League,1819,2019-02-27 Arsenal-Bournemouth,Bournemouth,32’,2:1,Joshua King,,yellow_card
ENG-Premier League,1819,2019-02-27 Arsenal-Bournemouth,Arsenal,36’,2:1,Sokratis Papastathopoulos,,yellow_card
ENG-Premier League,1819,2019-02-27 Arsenal-Bournemouth,Arsenal,47’,3:1,Laurent Koscielny,Henrikh Mkhitaryan,goal
ENG-Premier League,1819,2019-02-27 Arsenal-Bournemouth,Arsenal,4’,1:0,Mesut Özil,Sead Kolašinac,goal
ENG-Premier League,1819,2019-02-27 Arsenal-Bournemouth,Bournemouth,56’,3:1,Charlie Daniels,Jordon Ibe,substitute_in
ENG-Premier League,1819,2019-02-27 Arsenal-Bournemouth,Arsenal,57’,3:1,Alex Iwobi,Sead Kolašinac,substitute_in
ENG-Premier League,1819,2019-02-27 Arsenal-Bournemouth,Arsenal,59’,4:1,Pierre-Emerick Aubameyang,Henrikh Mkhitaryan,goal
ENG-Premier League,1819,2019-02-27 Arsenal-Bournemouth,Arsenal,64’,4:1,Alexandre Lacazette,Henrikh Mkhitaryan,substitute_in
ENG-Premier League,1819,2019-02-27 Arsenal-Bournemouth,Arsenal,69’,4:1,Lucas Torreira,,yellow_card
ENG-Premier League,1819,2019-02-27 Arsenal-Bournemouth,Bournemouth,70’,4:1,Diego Rico,Adam Smith,substitute_in
ENG-Premier League,1819,2019-02-27 Arsenal-Bournemouth,Arsenal,71’,4:1,Denis Suárez,Pierre-Emerick Aubameyang,substitute_in
ENG-Premier League,1819,2019-02-27 Arsenal-Bournemouth,Bournemouth,77’,4:1,Charlie Daniels,,yellow_card
ENG-Premier League,1819,2019-02-27 Arsenal-Bournemouth,Arsenal,78’,5:1,Alexandre Lacazette,,goal
ENG-Premier League,1819,2019-02-27 Arsenal-Bournemouth,Bournemouth,80’,5:1,Sam Surridge,Ryan Fraser,substitute_in
ENG-Premier League,1819,2019-04-01 Arsenal-Newcastle United,Arsenal,30’,1:0,Aaron Ramsey,,goal
ENG-Premier League,1819,2019-04-01 Arsenal-Newcastle United,Arsenal,59’,1:0,Nacho Monreal,,yellow_card
ENG-Premier League,1819,2019-04-01 Arsenal-Newcastle United,Arsenal,61’,1:0,Pierre-Emerick Aubameyang,Alex Iwobi,substitute_in
ENG-Premier League,1819,2019-04-01 Arsenal-Newcastle United,Arsenal,67’,1:0,Mohamed Elneny,Aaron Ramsey,substitute_in
ENG-Premier League,1819,2019-04-01 Arsenal-Newcastle United,Newcastle United,67’,1:0,Ki Sung-yueng,Isaac Hayden,substitute_in
ENG-Premier League,1819,2019-04-01 Arsenal-Newcastle United,Arsenal,71’,1:0,Sead Kolašinac,,yellow_card
ENG-Premier League,1819,2019-04-01 Arsenal-Newcastle United,Newcastle United,75’,1:0,Kenedy,Matt Ritchie,substitute_in
ENG-Premier League,1819,2019-04-01 Arsenal-Newcastle United,Newcastle United,77’,1:0,Yoshinori Mutō,Ayoze Pérez,substitute_in
ENG-Premier League,1819,2019-04-01 Arsenal-Newcastle United,Arsenal,83’,2:0,Alexandre Lacazette,Pierre-Emerick Aubameyang,goal
ENG-Premier League,1819,2019-04-01 Arsenal-Newcastle United,Arsenal,84’,2:0,Henrikh Mkhitaryan,Mesut Özil,substitute_in
ENG-Premier League,1819,2018-12-26 Tottenham Hotspur-Bournemouth,Tottenham Hotspur,16’,1:0,Christian Eriksen,Kyle Walker-Peters,goal
ENG-Premier League,1819,2018-12-26 Tottenham Hotspur-Bournemouth,Tottenham Hotspur,23’,2:0,Son Heung-min,Kyle Walker-Peters,goal
ENG-Premier League,1819,2018-12-26 Tottenham Hotspur-Bournemouth,Tottenham Hotspur,35’,3:0,Lucas Moura,Kyle Walker-Peters,goal
ENG-Premier League,1819,2018-12-26 Tottenham Hotspur-Bournemouth,Bournemouth,45+3’,3:0,Diego Rico,Simon Francis,substitute_in
ENG-Premier League,1819,2018-12-26 Tottenham Hotspur-Bournemouth,Bournemouth,45+4’,3:0,Jefferson Lerma,,yellow_card
ENG-Premier League,1819,2018-12-26 Tottenham Hotspur-Bournemouth,Tottenham Hotspur,61’,4:0,Harry Kane,Christian Eriksen,goal
ENG-Premier League,1819,2018-12-26 Tottenham Hotspur-Bournemouth,Bournemouth,67’,4:0,Lys Mousset,Callum Wilson,substitute_in
ENG-Premier League,1819,2018-12-26 Tottenham Hotspur-Bournemouth,Tottenham Hotspur,70’,5:0,Son Heung-min,,goal
ENG-Premier League,1819,2018-12-26 Tottenham Hotspur-Bournemouth,Bournemouth,74’,5:0,Joshua King,David Brooks,substitute_in
ENG-Premier League,1819,2018-12-26 Tottenham Hotspur-Bournemouth,Tottenham Hotspur,76’,5:0,Son Heung-min,,yellow_card
ENG-Premier League,1819,2018-12-26 Tottenham Hotspur-Bournemouth,Tottenham Hotspur,77’,5:0,Oliver Skipp,Harry Kane,substitute_in
ENG-Premier League,1819,2018-12-26 Tottenham Hotspur-Bournemouth,Tottenham Hotspur,84’,5:0,Ben Davies,Christian Eriksen,substitute_in
ENG-Premier League,1819,2018-12-26 Tottenham Hotspur-Bournemouth,Tottenham Hotspur,87’,5:0,Harry Winks,,yellow_card
ENG-Premier League,1819,2018-12-26 Tottenham Hotspur-Bournemouth,Tottenham Hotspur,88’,5:0,Fernando Llorente,Son Heung-min,substitute_in
ENG-Premier League,1819,2019-04-08 Chelsea-West Ham United,West Ham United,11’,0:0,Angelo Ogbonna,,yellow_card
ENG-Premier League,1819,2019-04-08 Chelsea-West Ham United,Chelsea,24’,1:0,Eden Hazard,Ruben Loftus-Cheek,goal
ENG-Premier League,1819,2019-04-08 Chelsea-West Ham United,West Ham United,46’,1:0,Robert Snodgrass,Javier Hernández,substitute_in
ENG-Premier League,1819,2019-04-08 Chelsea-West Ham United,Chelsea,70’,1:0,Ross Barkley,Ruben Loftus-Cheek,substitute_in
ENG-Premier League,1819,2019-04-08 Chelsea-West Ham United,West Ham United,70’,1:0,Pedro Obiang,Mark Noble,substitute_in
ENG-Premier League,1819,2019-04-08 Chelsea-West Ham United,Chelsea,76’,1:0,Olivier Giroud,Gonzalo Higuaín,substitute_in
ENG-Premier League,1819,2019-04-08 Chelsea-West Ham United,Chelsea,82’,1:0,César Azpilicueta,,yellow_card
ENG-Premier League,1819,2019-04-08 Chelsea-West Ham United,Chelsea,84’,1:0,Kepa Arrizabalaga,,yellow_card
ENG-Premier League,1819,2019-04-08 Chelsea-West Ham United,Chelsea,85’,1:0,Pedro,Callum Hudson-Odoi,substitute_in
ENG-Premier League,1819,2019-04-08 Chelsea-West Ham United,Chelsea,90’,2:0,Eden Hazard,Ross Barkley,goal
ENG-Premier League,1819,2018-10-20 West Ham United-Tottenham Hotspur,West Ham United,40’,0:0,Grady Diangana,Andriy Yarmolenko,substitute_in
ENG-Premier League,1819,2018-10-20 West Ham United-Tottenham Hotspur,Tottenham Hotspur,44’,0:1,Érik Lamela,Moussa Sissoko,goal
ENG-Premier League,1819,2018-10-20 West Ham United-Tottenham Hotspur,West Ham United,57’,0:1,Javier Hernández,Felipe Anderson,substitute_in
ENG-Premier League,1819,2018-10-20 West Ham United-Tottenham Hotspur,West Ham United,59’,0:1,Mark Noble,,yellow_card
ENG-Premier League,1819,2018-10-20 West Ham United-Tottenham Hotspur,West Ham United,72’,0:1,Michail Antonio,Mark Noble,substitute_in
ENG-Premier League,1819,2018-10-20 West Ham United-Tottenham Hotspur,West Ham United,73’,0:1,Marko Arnautović,,yellow_card
ENG-Premier League,1819,2018-10-20 West Ham United-Tottenham Hotspur,Tottenham Hotspur,76’,0:1,Mousa Dembélé,Érik Lamela,substitute_in
ENG-Premier League,1819,2018-10-20 West Ham United-Tottenham Hotspur,West Ham United,80’,0:1,Robert Snodgrass,,yellow_card
ENG-Premier League,1819,2018-10-20 West Ham United-Tottenham Hotspur,Tottenham Hotspur,86’,0:1,Fernando Llorente,Harry Kane,substitute_in
ENG-Premier League,1819,2018-10-20 West Ham United-Tottenham Hotspur,Tottenham Hotspur,89’,0:1,Christian Eriksen,Moussa Sissoko,substitute_in
ENG-Premier League,1819,2019-03-02 Bournemouth-Manchester City,Manchester City,45+2’,0:0,Riyad Mahrez,Kevin De Bruyne,substitute_in
ENG-Premier League,1819,2019-03-02 Bournemouth-Manchester City,Manchester City,48’,0:0,Vincent Kompany,John Stones,substitute_in
ENG-Premier League,1819,2019-03-02 Bournemouth-Manchester City,Manchester City,55’,0:1,Riyad Mahrez,David Silva,goal
ENG-Premier League,1819,2019-03-02 Bournemouth-Manchester City,Manchester City,65’,0:1,Nicolás Otamendi,,yellow_card
ENG-Premier League,1819,2019-03-02 Bournemouth-Manchester City,Bournemouth,75’,0:1,Lys Mousset,David Brooks,substitute_in
ENG-Premier League,1819,2019-03-02 Bournemouth-Manchester City,Bournemouth,83’,0:1,Jordon Ibe,Jack Simpson,substitute_in
ENG-Premier League,1819,2019-03-02 Bournemouth-Manchester City,Bournemouth,83’,0:1,Diego Rico,Nathaniel Clyne,substitute_in
ENG-Premier League,1819,2019-03-02 Bournemouth-Manchester City,Bournemouth,84’,0:1,Joshua King,,yellow_card
ENG-Premier League,1819,2019-03-02 Bournemouth-Manchester City,Manchester City,84’,0:1,Kyle Walker,,yellow_card
ENG-Premier League,1819,2019-03-02 Bournemouth-Manchester City,Manchester City,90’,0:1,Gabriel Jesus,Sergio Agüero,substitute_in
ENG-Premier League,1819,2018-12-16 Liverpool-Manchester Utd,Liverpool,24’,1:0,Sadio Mané,Fabinho,goal
ENG-Premier League,1819,2018-12-16 Liverpool-Manchester Utd,Manchester United,26’,1:0,Diogo Dalot,,yellow_card
ENG-Premier League,1819,2018-12-16 Liverpool-Manchester Utd,Manchester United,33’,1:1,Jesse Lingard,,goal
ENG-Premier League,1819,2018-12-16 Liverpool-Manchester Utd,Manchester United,40’,1:1,Romelu Lukaku,,yellow_card
ENG-Premier League,1819,2018-12-16 Liverpool-Manchester Utd,Manchester United,46’,1:1,Marouane Fellaini,Diogo Dalot,substitute_in
ENG-Premier League,1819,2018-12-16 Liverpool-Manchester Utd,Liverpool,70’,1:1,Xherdan Shaqiri,Naby Keïta,substitute_in
ENG-Premier League,1819,2018-12-16 Liverpool-Manchester Utd,Liverpool,73’,2:1,Xherdan Shaqiri,,goal
ENG-Premier League,1819,2018-12-16 Liverpool-Manchester Utd,Manchester United,79’,2:1,Anthony Martial,Ander Herrera,substitute_in
ENG-Premier League,1819,2018-12-16 Liverpool-Manchester Utd,Liverpool,80’,3:1,Xherdan Shaqiri,,goal
ENG-Premier League,1819,2018-12-16 Liverpool-Manchester Utd,Liverpool,84’,3:1,Jordan Henderson,Sadio Mané,substitute_in
ENG-Premier League,1819,2018-12-16 Liverpool-Manchester Utd,Manchester United,85’,3:1,Juan Mata,Jesse Lingard,substitute_in
ENG-Premier League,1819,2019-02-10 Manchester City-Chelsea,Manchester City,13’,2:0,Sergio Agüero,Oleksandr Zinchenko,goal
ENG-Premier League,1819,2019-02-10 Manchester City-Chelsea,Manchester City,19’,3:0,Sergio Agüero,,goal
ENG-Premier League,1819,2019-02-10 Manchester City-Chelsea,Manchester City,25’,4:0,İlkay Gündoğan,,goal
ENG-Premier League,1819,2019-02-10 Manchester City-Chelsea,Manchester City,4’,1:0,Raheem Sterling,,goal
ENG-Premier League,1819,2019-02-10 Manchester City-Chelsea,Chelsea,52’,4:0,Mateo Kovačić,Ross Barkley,substitute_in
ENG-Premier League,1819,2019-02-10 Manchester City-Chelsea,Manchester City,56’,5:0,Sergio Agüero,,penalty_goal
ENG-Premier League,1819,2019-02-10 Manchester City-Chelsea,Chelsea,60’,5:0,Jorginho,,yellow_card
ENG-Premier League,1819,2019-02-10 Manchester City-Chelsea,Manchester City,65’,5:0,Gabriel Jesus,Sergio Agüero,substitute_in
ENG-Premier League,1819,2019-02-10 Manchester City-Chelsea,Chelsea,65’,5:0,Ruben Loftus-Cheek,Pedro,substitute_in
ENG-Premier League,1819,2019-02-10 Manchester City-Chelsea,Manchester City,68’,5:0,Riyad Mahrez,Kevin De Bruyne,substitute_in
ENG-Premier League,1819,2019-02-10 Manchester City-Chelsea,Chelsea,69’,5:0,Marcos Alonso,,yellow_card
ENG-Premier League,1819,2019-02-10 Manchester City-Chelsea,Chelsea,73’,5:0,Emerson Palmieri,Marcos Alonso,substitute_in
ENG-Premier League,1819,2019-02-10 Manchester City-Chelsea,Manchester City,75’,5:0,David Silva,Fernandinho,substitute_in
ENG-Premier League,1819,2019-02-10 Manchester City-Chelsea,Manchester City,77’,5:0,İlkay Gündoğan,,yellow_card
ENG-Premier League,1819,2019-02-10 Manchester City-Chelsea,Manchester City,80’,6:0,Raheem Sterling,Oleksandr Zinchenko,goal
ENG-Premier League,1819,2018-08-19 Burnley-Watford,Watford,3’,0:1,Andre Gray,Troy Deeney,goal
ENG-Premier League,1819,2018-08-19 Burnley-Watford,Watford,41’,1:1,Will Hughes,,yellow_card
ENG-Premier League,1819,2018-08-19 Burnley-Watford,Watford,48’,1:2,Troy Deeney,Abdoulaye Doucouré,goal
ENG-Premier League,1819,2018-08-19 Burnley-Watford,Watford,51’,1:3,Will Hughes,,goal
ENG-Premier League,1819,2018-08-19 Burnley-Watford,Burnley,53’,1:3,Stephen Ward,,yellow_card
ENG-Premier League,1819,2018-08-19 Burnley-Watford,Burnley,65’,1:3,Ashley Barnes,Chris Wood,substitute_in
ENG-Premier League,1819,2018-08-19 Burnley-Watford,Watford,68’,1:3,Ken Sema,Andre Gray,substitute_in
ENG-Premier League,1819,2018-08-19 Burnley-Watford,Burnley,6’,1:1,James Tarkowski,Jóhann Berg Guðmundsson,goal
ENG-Premier League,1819,2018-08-19 Burnley-Watford,Burnley,70’,1:3,Sam Vokes,Jeff Hendrick,substitute_in
ENG-Premier League,1819,2018-08-19 Burnley-Watford,Burnley,74’,1:3,Charlie Taylor,Stephen Ward,substitute_in
ENG-Premier League,1819,2018-08-19 Burnley-Watford,Watford,83’,1:3,Kiko Femenía,Will Hughes,substitute_in
ENG-Premier League,1819,2018-08-19 Burnley-Watford,Watford,89’,1:3,Isaac Success,Troy Deeney,substitute_in
ENG-Premier League,1819,2018-08-19 Burnley-Watford,Watford,90+3’,1:3,Daryl Janmaat,,yellow_card
ENG-Premier League,1819,2018-12-01 Crystal Palace-Burnley,Crystal Palace,16’,1:0,James McArthur,Andros Townsend,goal
ENG-Premier League,1819,2018-12-01 Crystal Palace-Burnley,Burnley,42’,1:0,Ben Mee,,yellow_card
ENG-Premier League,1819,2018-12-01 Crystal Palace-Burnley,Burnley,46’,1:0,Robbie Brady,Aaron Lennon,substitute_in
ENG-Premier League,1819,2018-12-01 Crystal Palace-Burnley,Burnley,60’,1:0,Sam Vokes,Steven Defour,substitute_in
ENG-Premier League,1819,2018-12-01 Crystal Palace-Burnley,Crystal Palace,77’,2:0,Andros Townsend,Cheikhou Kouyaté,goal
ENG-Premier League,1819,2018-12-01 Crystal Palace-Burnley,Crystal Palace,78’,2:0,Jeffrey Schlupp,James McArthur,substitute_in
ENG-Premier League,1819,2018-12-01 Crystal Palace-Burnley,Burnley,80’,2:0,Ashley Barnes,Chris Wood,substitute_in
ENG-Premier League,1819,2018-12-01 Crystal Palace-Burnley,Crystal Palace,84’,2:0,Max Meyer,,yellow_card
ENG-Premier League,1819,2018-12-01 Crystal Palace-Burnley,Crystal Palace,88’,2:0,Alexander Sørloth,Andros Townsend,substitute_in
ENG-Premier League,1819,2018-12-01 Crystal Palace-Burnley,Crystal Palace,90+2’,2:0,Jason Puncheon,Max Meyer,substitute_in
ENG-Premier League,1819,2018-12-26 Brighton-Arsenal,Brighton & Hove Albion,35’,1:1,Jürgen Locadia,,goal
ENG-Premier League,1819,2018-12-26 Brighton-Arsenal,Brighton & Hove Albion,45+2’,1:1,Martín Montoya,,yellow_card
ENG-Premier League,1819,2018-12-26 Brighton-Arsenal,Arsenal,46’,1:1,Alex Iwobi,Mesut Özil,substitute_in
ENG-Premier League,1819,2018-12-26 Brighton-Arsenal,Brighton & Hove Albion,58’,1:1,Glenn Murray,,yellow_card
ENG-Premier League,1819,2018-12-26 Brighton-Arsenal,Arsenal,62’,1:1,Aaron Ramsey,Alexandre Lacazette,substitute_in
ENG-Premier League,1819,2018-12-26 Brighton-Arsenal,Arsenal,70’,1:1,Ainsley Maitland-Niles,Laurent Koscielny,substitute_in
ENG-Premier League,1819,2018-12-26 Brighton-Arsenal,Brighton & Hove Albion,79’,1:1,Florin Andone,Glenn Murray,substitute_in
ENG-Premier League,1819,2018-12-26 Brighton-Arsenal,Arsenal,7’,0:1,Pierre-Emerick Aubameyang,Alexandre Lacazette,goal
ENG-Premier League,1819,2018-12-26 Brighton-Arsenal,Arsenal,81’,1:1,Sead Kolašinac,,yellow_card
ENG-Premier League,1819,2018-12-26 Brighton-Arsenal,Brighton & Hove Albion,86’,1:1,Anthony Knockaert,Jürgen Locadia,substitute_in
ENG-Premier League,1819,2018-10-06 Burnley-Huddersfield Town,Burnley,20’,1:0,Sam Vokes,Jóhann Berg Guðmundsson,goal
ENG-Premier League,1819,2018-10-06 Burnley-Huddersfield Town,Huddersfield Town,58’,1:0,Laurent Depoitre,,yellow_card
ENG-Premier League,1819,2018-10-06 Burnley-Huddersfield Town,Huddersfield Town,59’,1:0,Steve Mounié,Rajiv van La Parra,substitute_in
ENG-Premier League,1819,2018-10-06 Burnley-Huddersfield Town,Huddersfield Town,59’,1:0,Isaac Mbenza,Laurent Depoitre,substitute_in
ENG-Premier League,1819,2018-10-06 Burnley-Huddersfield Town,Burnley,61’,1:0,Chris Wood,Ashley Barnes,substitute_in
ENG-Premier League,1819,2018-10-06 Burnley-Huddersfield Town,Huddersfield Town,66’,1:1,Christopher Schindler,Chris Löwe,goal
ENG-Premier League,1819,2018-10-06 Burnley-Huddersfield Town,Burnley,73’,1:1,Jeff Hendrick,Ashley Westwood,substitute_in
ENG-Premier League,1819,2018-10-06 Burnley-Huddersfield Town,Burnley,74’,1:1,Ben Mee,,yellow_card
ENG-Premier League,1819,2018-10-06 Burnley-Huddersfield Town,Huddersfield Town,76’,1:1,Mathias Jørgensen,,yellow_card
ENG-Premier League,1819,2018-10-06 Burnley-Huddersfield Town,Huddersfield Town,86’,1:1,Florent Hadergjonaj,Chris Löwe,substitute_in
ENG-Premier League,1819,2018-10-06 Burnley-Huddersfield Town,Burnley,90+3’,1:1,Matthew Lowton,,yellow_card
ENG-Premier League,1819,2018-10-06 Burnley-Huddersfield Town,Burnley,90’,1:1,Matěj Vydra,Sam Vokes,substitute_in
ENG-Premier League,1819,2018-12-05 Fulham-Leicester City,Fulham,42’,1:0,Aboubakar Kamara,Aleksandar Mitrović,goal
ENG-Premier League,1819,2018-12-05 Fulham-Leicester City,Fulham,46’,1:0,Tom Cairney,Luciano Vietto,substitute_in
ENG-Premier League,1819,2018-12-05 Fulham-Leicester City,Leicester City,55’,1:0,Demarai Gray,Fousseni Diabaté,substitute_in
ENG-Premier League,1819,2018-12-05 Fulham-Leicester City,Leicester City,71’,1:0,Vicente Iborra,Nampalys Mendy,substitute_in
ENG-Premier League,1819,2018-12-05 Fulham-Leicester City,Leicester City,72’,1:0,Shinji Okazaki,Danny Simpson,substitute_in
ENG-Premier League,1819,2018-12-05 Fulham-Leicester City,Leicester City,74’,1:1,James Maddison,Shinji Okazaki,goal
ENG-Premier League,1819,2018-12-05 Fulham-Leicester City,Fulham,77’,1:1,Joe Bryan,Maxime Le Marchand,substitute_in
ENG-Premier League,1819,2018-12-05 Fulham-Leicester City,Fulham,84’,1:1,Tim Ream,Cyrus Christie,substitute_in
ENG-Premier League,1819,2019-01-30 Tottenham Hotspur-Watford,Watford,38’,0:1,Craig Cathcart,,goal
ENG-Premier League,1819,2019-01-30 Tottenham Hotspur-Watford,Tottenham Hotspur,46’,0:1,Lucas Moura,Serge Aurier,substitute_in
ENG-Premier League,1819,2019-01-30 Tottenham Hotspur-Watford,Watford,46’,0:1,Adrian Mariappa,,yellow_card
ENG-Premier League,1819,2019-01-30 Tottenham Hotspur-Watford,Watford,61’,0:1,Isaac Success,Gerard Deulofeu,substitute_in
ENG-Premier League,1819,2019-01-30 Tottenham Hotspur-Watford,Watford,66’,0:1,Ben Wilmot,Tom Cleverley,substitute_in
ENG-Premier League,1819,2019-01-30 Tottenham Hotspur-Watford,Tottenham Hotspur,69’,0:1,Kieran Trippier,Moussa Sissoko,substitute_in
ENG-Premier League,1819,2019-01-30 Tottenham Hotspur-Watford,Watford,74’,0:1,Étienne Capoue,,yellow_card
ENG-Premier League,1819,2019-01-30 Tottenham Hotspur-Watford,Tottenham Hotspur,79’,0:1,Érik Lamela,Jan Vertonghen,substitute_in
ENG-Premier League,1819,2019-01-30 Tottenham Hotspur-Watford,Tottenham Hotspur,80’,1:1,Son Heung-min,Fernando Llorente,goal
ENG-Premier League,1819,2019-01-30 Tottenham Hotspur-Watford,Tottenham Hotspur,87’,2:1,Fernando Llorente,Danny Rose,goal
ENG-Premier League,1819,2019-01-30 Tottenham Hotspur-Watford,Watford,90+1’,2:1,José Holebas,,yellow_card
ENG-Premier League,1819,2019-01-30 Tottenham Hotspur-Watford,Watford,90+3’,2:1,Isaac Success,,yellow_card
ENG-Premier League,1819,2018-08-19 Brighton-Manchester Utd,Brighton & Hove Albion,20’,0:0,Leon Balogun,Lewis Dunk,substitute_in
ENG-Premier League,1819,2018-08-19 Brighton-Manchester Utd,Brighton & Hove Albion,25’,1:0,Glenn Murray,Solly March,goal
ENG-Premier League,1819,2018-08-19 Brighton-Manchester Utd,Brighton & Hove Albion,27’,2:0,Shane Duffy,Anthony Knockaert,goal
ENG-Premier League,1819,2018-08-19 Brighton-Manchester Utd,Manchester United,34’,2:1,Romelu Lukaku,,goal
ENG-Premier League,1819,2018-08-19 Brighton-Manchester Utd,Brighton & Hove Albion,44’,3:1,Pascal Groß,,penalty_goal
ENG-Premier League,1819,2018-08-19 Brighton-Manchester Utd,Manchester United,45+2’,3:1,Anthony Martial,,yellow_card
ENG-Premier League,1819,2018-08-19 Brighton-Manchester Utd,Manchester United,46’,3:1,Marcus Rashford,Juan Mata,substitute_in
ENG-Premier League,1819,2018-08-19 Brighton-Manchester Utd,Manchester United,46’,3:1,Jesse Lingard,Andreas Pereira,substitute_in
ENG-Premier League,1819,2018-08-19 Brighton-Manchester Utd,Manchester United,60’,3:1,Marouane Fellaini,Anthony Martial,substitute_in
ENG-Premier League,1819,2018-08-19 Brighton-Manchester Utd,Brighton & Hove Albion,67’,3:1,Glenn Murray,,yellow_card
ENG-Premier League,1819,2018-08-19 Brighton-Manchester Utd,Brighton & Hove Albion,90+3’,3:1,Jürgen Locadia,Glenn Murray,substitute_in
ENG-Premier League,1819,2018-08-19 Brighton-Manchester Utd,Manchester United,90+5’,3:2,Paul Pogba,,penalty_goal
ENG-Premier League,1819,2018-08-19 Brighton-Manchester Utd,Brighton & Hove Albion,90’,3:1,Beram Kayal,Pascal Groß,substitute_in
ENG-Premier League,1819,2019-05-12 Liverpool-Wolves,Liverpool,17’,1:0,Sadio Mané,,goal
ENG-Premier League,1819,2019-05-12 Liverpool-Wolves,Wolverhampton Wanderers,49’,1:0,Ryan Bennett,,yellow_card
ENG-Premier League,1819,2019-05-12 Liverpool-Wolves,Wolverhampton Wanderers,50’,1:0,Diogo Jota,,yellow_card
ENG-Premier League,1819,2019-05-12 Liverpool-Wolves,Liverpool,64’,1:0,James Milner,Divock Origi,substitute_in
ENG-Premier League,1819,2019-05-12 Liverpool-Wolves,Wolverhampton Wanderers,80’,1:0,Adama Traoré,Matt Doherty,substitute_in
ENG-Premier League,1819,2019-05-12 Liverpool-Wolves,Liverpool,81’,2:0,Sadio Mané,Trent Alexander-Arnold,goal
ENG-Premier League,1819,2019-05-12 Liverpool-Wolves,Liverpool,84’,2:0,Joe Gomez,Andrew Robertson,substitute_in
ENG-Premier League,1819,2019-05-12 Liverpool-Wolves,Wolverhampton Wanderers,84’,2:0,Morgan Gibbs-White,João Moutinho,substitute_in
ENG-Premier League,1819,2019-05-12 Liverpool-Wolves,Wolverhampton Wanderers,84’,2:0,Rúben Vinagre,Jonny Castro,substitute_in
ENG-Premier League,1819,2019-05-12 Liverpool-Wolves,Liverpool,88’,2:0,Alex Oxlade-Chamberlain,Georginio Wijnaldum,substitute_in
ENG-Premier League,1819,2018-12-15 Fulham-West Ham United,West Ham United,17’,0:1,Robert Snodgrass,Felipe Anderson,goal
ENG-Premier League,1819,2018-12-15 Fulham-West Ham United,West Ham United,29’,0:2,Michail Antonio,Javier Hernández,goal
ENG-Premier League,1819,2018-12-15 Fulham-West Ham United,West Ham United,39’,0:2,Mark Noble,,yellow_card
ENG-Premier League,1819,2018-12-15 Fulham-West Ham United,Fulham,41’,0:2,Jean Seri,,yellow_card
ENG-Premier League,1819,2018-12-15 Fulham-West Ham United,Fulham,46’,0:2,Cyrus Christie,Tim Ream,substitute_in
ENG-Premier League,1819,2018-12-15 Fulham-West Ham United,Fulham,61’,0:2,Stefan Johansen,Jean Seri,substitute_in
ENG-Premier League,1819,2018-12-15 Fulham-West Ham United,West Ham United,62’,0:2,Pedro Obiang,Mark Noble,substitute_in
ENG-Premier League,1819,2018-12-15 Fulham-West Ham United,West Ham United,73’,0:2,Andy Carroll,Javier Hernández,substitute_in
ENG-Premier League,1819,2018-12-15 Fulham-West Ham United,Fulham,77’,0:2,Neeskens Kebano,André Schürrle,substitute_in
ENG-Premier League,1819,2018-12-15 Fulham-West Ham United,West Ham United,85’,0:2,Grady Diangana,Michail Antonio,substitute_in
ENG-Premier League,1819,2018-12-15 Fulham-West Ham United,Fulham,90’,0:2,Stefan Johansen,,yellow_card
ENG-Premier League,1819,2019-03-09 Crystal Palace-Brighton,Brighton & Hove Albion,19’,0:1,Glenn Murray,Lewis Dunk,goal
ENG-Premier League,1819,2019-03-09 Crystal Palace-Brighton,Brighton & Hove Albion,1’,0:0,Anthony Knockaert,,yellow_card
ENG-Premier League,1819,2019-03-09 Crystal Palace-Brighton,Brighton & Hove Albion,24’,0:1,Martín Montoya,,yellow_card
ENG-Premier League,1819,2019-03-09 Crystal Palace-Brighton,Crystal Palace,50’,1:1,Luka Milivojević,,penalty_goal
ENG-Premier League,1819,2019-03-09 Crystal Palace-Brighton,Brighton & Hove Albion,70’,1:1,Glenn Murray,,yellow_card
ENG-Premier League,1819,2019-03-09 Crystal Palace-Brighton,Brighton & Hove Albion,74’,1:2,Anthony Knockaert,Dale Stephens,goal
ENG-Premier League,1819,2019-03-09 Crystal Palace-Brighton,Brighton & Hove Albion,75’,1:2,Solly March,Anthony Knockaert,substitute_in
ENG-Premier League,1819,2019-03-09 Crystal Palace-Brighton,Crystal Palace,77’,1:2,Christian Benteke,James McArthur,substitute_in
ENG-Premier League,1819,2019-03-09 Crystal Palace-Brighton,Crystal Palace,77’,1:2,Max Meyer,Andros Townsend,substitute_in
ENG-Premier League,1819,2019-03-09 Crystal Palace-Brighton,Crystal Palace,89’,1:2,Scott Dann,,yellow_card
ENG-Premier League,1819,2019-03-09 Crystal Palace-Brighton,Brighton & Hove Albion,90+2’,1:2,Mathew Ryan,,yellow_card
ENG-Premier League,1819,2019-03-09 Crystal Palace-Brighton,Brighton & Hove Albion,90+3’,1:2,Bernardo,,yellow_card
ENG-Premier League,1819,2019-03-09 Crystal Palace-Brighton,Brighton & Hove Albion,90+5’,1:2,Jürgen Locadia,Alireza Jahanbakhsh,substitute_in
ENG-Premier League,1819,2018-08-19 Manchester City-Huddersfield Town,Manchester City,25’,1:0,Sergio Agüero,Ederson,goal
ENG-Premier League,1819,2018-08-19 Manchester City-Huddersfield Town,Manchester City,31’,2:0,Gabriel Jesus,,goal
ENG-Premier League,1819,2018-08-19 Manchester City-Huddersfield Town,Manchester City,35’,3:0,Sergio Agüero,,goal
ENG-Premier League,1819,2018-08-19 Manchester City-Huddersfield Town,Huddersfield Town,43’,3:1,Jon Gorenc Stanković,Steve Mounié,goal
ENG-Premier League,1819,2018-08-19 Manchester City-Huddersfield Town,Huddersfield Town,46’,3:1,Laurent Depoitre,Abdelhamid Sabiri,substitute_in
ENG-Premier League,1819,2018-08-19 Manchester City-Huddersfield Town,Manchester City,48’,4:1,David Silva,,goal
ENG-Premier League,1819,2018-08-19 Manchester City-Huddersfield Town,Huddersfield Town,51’,4:1,Philip Billing,,yellow_card
ENG-Premier League,1819,2018-08-19 Manchester City-Huddersfield Town,Huddersfield Town,61’,4:1,Adama Diakhaby,Alex Pritchard,substitute_in
ENG-Premier League,1819,2018-08-19 Manchester City-Huddersfield Town,Manchester City,64’,4:1,Riyad Mahrez,David Silva,substitute_in
ENG-Premier League,1819,2018-08-19 Manchester City-Huddersfield Town,Huddersfield Town,69’,4:1,Christopher Schindler,,yellow_card
ENG-Premier League,1819,2018-08-19 Manchester City-Huddersfield Town,Manchester City,75’,5:1,Sergio Agüero,Benjamin Mendy,goal
ENG-Premier League,1819,2018-08-19 Manchester City-Huddersfield Town,Manchester City,76’,5:1,Leroy Sané,Sergio Agüero,substitute_in
ENG-Premier League,1819,2018-08-19 Manchester City-Huddersfield Town,Manchester City,82’,5:1,Phil Foden,İlkay Gündoğan,substitute_in
ENG-Premier League,1819,2018-08-19 Manchester City-Huddersfield Town,Manchester City,84’,6:1,Terence Kongolo,,own_goal
ENG-Premier League,1819,2018-08-19 Manchester City-Huddersfield Town,Huddersfield Town,84’,6:1,Ramadan Sobhi,Steve Mounié,substitute_in
ENG-Premier League,1819,2018-09-22 Liverpool-Southampton,Liverpool,10’,1:0,Wesley Hoedt,,own_goal
ENG-Premier League,1819,2018-09-22 Liverpool-Southampton,Liverpool,21’,2:0,Joël Matip,Trent Alexander-Arnold,goal
ENG-Premier League,1819,2018-09-22 Liverpool-Southampton,Southampton,34’,2:0,Oriol Romeu,,yellow_card
ENG-Premier League,1819,2018-09-22 Liverpool-Southampton,Liverpool,45+3’,3:0,Mohamed Salah,,goal
ENG-Premier League,1819,2018-09-22 Liverpool-Southampton,Liverpool,46’,3:0,James Milner,Xherdan Shaqiri,substitute_in
ENG-Premier League,1819,2018-09-22 Liverpool-Southampton,Liverpool,55’,3:0,Joe Gomez,Virgil van Dijk,substitute_in
ENG-Premier League,1819,2018-09-22 Liverpool-Southampton,Southampton,55’,3:0,Jan Bednarek,Oriol Romeu,substitute_in
ENG-Premier League,1819,2018-09-22 Liverpool-Southampton,Southampton,55’,3:0,Stuart Armstrong,Matt Targett,substitute_in
ENG-Premier League,1819,2018-09-22 Liverpool-Southampton,Southampton,56’,3:0,Mario Lemina,,yellow_card
ENG-Premier League,1819,2018-09-22 Liverpool-Southampton,Liverpool,70’,3:0,Naby Keïta,Georginio Wijnaldum,substitute_in
ENG-Premier League,1819,2018-09-22 Liverpool-Southampton,Southampton,79’,3:0,Charlie Austin,Shane Long,substitute_in
ENG-Premier League,1819,2019-01-01 Arsenal-Fulham,Arsenal,25’,1:0,Granit Xhaka,Alex Iwobi,goal
ENG-Premier League,1819,2019-01-01 Arsenal-Fulham,Arsenal,46’,1:0,Lucas Torreira,Shkodran Mustafi,substitute_in
ENG-Premier League,1819,2019-01-01 Arsenal-Fulham,Arsenal,55’,2:0,Alexandre Lacazette,Sead Kolašinac,goal
ENG-Premier League,1819,2019-01-01 Arsenal-Fulham,Fulham,56’,2:0,Timothy Fosu-Mensah,Cyrus Christie,substitute_in
ENG-Premier League,1819,2019-01-01 Arsenal-Fulham,Fulham,61’,2:0,Jean Seri,Ibrahima Cissé,substitute_in
ENG-Premier League,1819,2019-01-01 Arsenal-Fulham,Fulham,61’,2:0,Aboubakar Kamara,André Schürrle,substitute_in
ENG-Premier League,1819,2019-01-01 Arsenal-Fulham,Fulham,69’,2:1,Aboubakar Kamara,Ryan Sessegnon,goal
ENG-Premier League,1819,2019-01-01 Arsenal-Fulham,Arsenal,75’,2:1,Aaron Ramsey,Alexandre Lacazette,substitute_in
ENG-Premier League,1819,2019-01-01 Arsenal-Fulham,Fulham,77’,2:1,Timothy Fosu-Mensah,,yellow_card
ENG-Premier League,1819,2019-01-01 Arsenal-Fulham,Arsenal,79’,3:1,Aaron Ramsey,,goal
ENG-Premier League,1819,2019-01-01 Arsenal-Fulham,Arsenal,83’,3:1,Bukayo Saka,Alex Iwobi,substitute_in
ENG-Premier League,1819,2019-01-01 Arsenal-Fulham,Arsenal,83’,4:1,Pierre-Emerick Aubameyang,Sokratis Papastathopoulos,goal
ENG-Premier League,1819,2019-04-02 Wolves-Manchester Utd,Manchester United,13’,0:1,Scott McTominay,Fred,goal
ENG-Premier League,1819,2019-04-02 Wolves-Manchester Utd,Wolverhampton Wanderers,25’,1:1,Diogo Jota,Raúl Jiménez,goal
ENG-Premier League,1819,2019-04-02 Wolves-Manchester Utd,Manchester United,38’,1:1,Luke Shaw,,yellow_card
ENG-Premier League,1819,2019-04-02 Wolves-Manchester Utd,Manchester United,42’,1:1,Diogo Dalot,,yellow_card
ENG-Premier League,1819,2019-04-02 Wolves-Manchester Utd,Manchester United,52’,1:1,Ashley Young,,yellow_card
ENG-Premier League,1819,2019-04-02 Wolves-Manchester Utd,Manchester United,57’,1:1,Ashley Young,,yellow_red_card
ENG-Premier League,1819,2019-04-02 Wolves-Manchester Utd,Manchester United,65’,1:1,Phil Jones,Fred,substitute_in
ENG-Premier League,1819,2019-04-02 Wolves-Manchester Utd,Wolverhampton Wanderers,73’,1:1,Ivan Cavaleiro,Diogo Jota,substitute_in
ENG-Premier League,1819,2019-04-02 Wolves-Manchester Utd,Manchester United,73’,1:1,Anthony Martial,Romelu Lukaku,substitute_in
ENG-Premier League,1819,2019-04-02 Wolves-Manchester Utd,Wolverhampton Wanderers,76’,1:1,Jonny Castro,Rúben Vinagre,substitute_in
ENG-Premier League,1819,2019-04-02 Wolves-Manchester Utd,Wolverhampton Wanderers,77’,2:1,Chris Smalling,,own_goal
ENG-Premier League,1819,2019-04-02 Wolves-Manchester Utd,Wolverhampton Wanderers,84’,2:1,Romain Saïss,Rúben Neves,substitute_in
ENG-Premier League,1819,2019-04-02 Wolves-Manchester Utd,Manchester United,84’,2:1,Andreas Pereira,Diogo Dalot,substitute_in
ENG-Premier League,1819,2019-04-02 Wolves-Manchester Utd,Wolverhampton Wanderers,90+4’,2:1,Jonny Castro,,yellow_card
ENG-Premier League,1819,2018-10-28 Burnley-Chelsea,Chelsea,22’,0:1,Álvaro Morata,Ross Barkley,goal
ENG-Premier League,1819,2018-10-28 Burnley-Chelsea,Chelsea,30’,0:1,Ruben Loftus-Cheek,Pedro,substitute_in
ENG-Premier League,1819,2018-10-28 Burnley-Chelsea,Burnley,43’,0:1,James Tarkowski,,yellow_card
ENG-Premier League,1819,2018-10-28 Burnley-Chelsea,Chelsea,43’,0:1,Álvaro Morata,,yellow_card
ENG-Premier League,1819,2018-10-28 Burnley-Chelsea,Chelsea,45’,0:1,Willian,,yellow_card
ENG-Premier League,1819,2018-10-28 Burnley-Chelsea,Burnley,48’,0:1,Jeff Hendrick,,yellow_card
ENG-Premier League,1819,2018-10-28 Burnley-Chelsea,Chelsea,57’,0:2,Ross Barkley,N'Golo Kanté,goal
ENG-Premier League,1819,2018-10-28 Burnley-Chelsea,Burnley,59’,0:2,Chris Wood,Sam Vokes,substitute_in
ENG-Premier League,1819,2018-10-28 Burnley-Chelsea,Burnley,61’,0:2,Robbie Brady,,yellow_card
ENG-Premier League,1819,2018-10-28 Burnley-Chelsea,Chelsea,62’,0:3,Willian,Ross Barkley,goal
ENG-Premier League,1819,2018-10-28 Burnley-Chelsea,Burnley,64’,0:3,Jóhann Berg Guðmundsson,,yellow_card
ENG-Premier League,1819,2018-10-28 Burnley-Chelsea,Burnley,65’,0:3,Ashley Barnes,Jeff Hendrick,substitute_in
ENG-Premier League,1819,2018-10-28 Burnley-Chelsea,Burnley,73’,0:3,Ashley Westwood,Jack Cork,substitute_in
ENG-Premier League,1819,2018-10-28 Burnley-Chelsea,Chelsea,74’,0:3,Olivier Giroud,Álvaro Morata,substitute_in
ENG-Premier League,1819,2018-10-28 Burnley-Chelsea,Chelsea,78’,0:3,Cesc Fàbregas,Jorginho,substitute_in
ENG-Premier League,1819,2018-10-28 Burnley-Chelsea,Chelsea,90+2’,0:4,Ruben Loftus-Cheek,,goal
ENG-Premier League,1819,2018-12-27 Southampton-West Ham United,Southampton,50’,1:0,Nathan Redmond,,goal
ENG-Premier League,1819,2018-12-27 Southampton-West Ham United,West Ham United,53’,1:1,Felipe Anderson,,goal
ENG-Premier League,1819,2018-12-27 Southampton-West Ham United,West Ham United,55’,1:1,Andy Carroll,Grady Diangana,substitute_in
ENG-Premier League,1819,2018-12-27 Southampton-West Ham United,West Ham United,59’,1:2,Felipe Anderson,Michail Antonio,goal
ENG-Premier League,1819,2018-12-27 Southampton-West Ham United,Southampton,62’,1:2,Shane Long,Danny Ings,substitute_in
ENG-Premier League,1819,2018-12-27 Southampton-West Ham United,Southampton,66’,1:2,Matt Targett,,yellow_card
ENG-Premier League,1819,2018-12-27 Southampton-West Ham United,West Ham United,78’,1:2,Mark Noble,Lucas Pérez,substitute_in
ENG-Premier League,1819,2018-12-27 Southampton-West Ham United,Southampton,80’,1:2,Charlie Austin,Maya Yoshida,substitute_in
ENG-Premier League,1819,2018-12-27 Southampton-West Ham United,Southampton,83’,1:2,Jan Bednarek,,yellow_card
ENG-Premier League,1819,2018-12-27 Southampton-West Ham United,Southampton,87’,1:2,Mohamed Elyounoussi,Mario Lemina,substitute_in
ENG-Premier League,1819,2018-12-27 Southampton-West Ham United,West Ham United,90+2’,1:2,Arthur Masuaku,Robert Snodgrass,substitute_in
ENG-Premier League,1819,2019-02-22 West Ham United-Fulham,West Ham United,29’,1:1,Javier Hernández,Angelo Ogbonna,goal
ENG-Premier League,1819,2019-02-22 West Ham United-Fulham,Fulham,3’,0:1,Ryan Babel,,goal
ENG-Premier League,1819,2019-02-22 West Ham United-Fulham,West Ham United,40’,2:1,Issa Diop,Robert Snodgrass,goal
ENG-Premier League,1819,2019-02-22 West Ham United-Fulham,Fulham,45’,2:1,Joe Bryan,,yellow_card
ENG-Premier League,1819,2019-02-22 West Ham United-Fulham,West Ham United,46’,2:1,Ryan Fredericks,Pablo Zabaleta,substitute_in
ENG-Premier League,1819,2019-02-22 West Ham United-Fulham,Fulham,46’,2:1,Lazar Marković,Ryan Sessegnon,substitute_in
ENG-Premier League,1819,2019-02-22 West Ham United-Fulham,Fulham,46’,2:1,Andre-Frank Zambo Anguissa,Jean Seri,substitute_in
ENG-Premier League,1819,2019-02-22 West Ham United-Fulham,West Ham United,64’,2:1,Marko Arnautović,Javier Hernández,substitute_in
ENG-Premier League,1819,2019-02-22 West Ham United-Fulham,West Ham United,76’,2:1,Manuel Lanzini,Felipe Anderson,substitute_in
ENG-Premier League,1819,2019-02-22 West Ham United-Fulham,West Ham United,83’,2:1,Manuel Lanzini,,yellow_card
ENG-Premier League,1819,2019-02-22 West Ham United-Fulham,West Ham United,90+1’,3:1,Michail Antonio,Marko Arnautović,goal
ENG-Premier League,1819,2019-03-10 Arsenal-Manchester Utd,Arsenal,12’,1:0,Granit Xhaka,Alexandre Lacazette,goal
ENG-Premier League,1819,2019-03-10 Arsenal-Manchester Utd,Arsenal,38’,1:0,Sokratis Papastathopoulos,,yellow_card
ENG-Premier League,1819,2019-03-10 Arsenal-Manchester Utd,Manchester United,68’,1:0,Nemanja Matić,,yellow_card
ENG-Premier League,1819,2019-03-10 Arsenal-Manchester Utd,Arsenal,69’,2:0,Pierre-Emerick Aubameyang,,penalty_goal
ENG-Premier League,1819,2019-03-10 Arsenal-Manchester Utd,Manchester United,71’,2:0,Anthony Martial,Diogo Dalot,substitute_in
ENG-Premier League,1819,2019-03-10 Arsenal-Manchester Utd,Manchester United,76’,2:0,Paul Pogba,,yellow_card
ENG-Premier League,1819,2019-03-10 Arsenal-Manchester Utd,Arsenal,77’,2:0,Alex Iwobi,Mesut Özil,substitute_in
ENG-Premier League,1819,2019-03-10 Arsenal-Manchester Utd,Arsenal,80’,2:0,Denis Suárez,Pierre-Emerick Aubameyang,substitute_in
ENG-Premier League,1819,2019-03-10 Arsenal-Manchester Utd,Manchester United,80’,2:0,Mason Greenwood,Nemanja Matić,substitute_in
ENG-Premier League,1819,2019-03-10 Arsenal-Manchester Utd,Arsenal,86’,2:0,Eddie Nketiah,Alexandre Lacazette,substitute_in
ENG-Premier League,1819,2019-03-10 Arsenal-Manchester Utd,Arsenal,90’,2:0,Sead Kolašinac,,yellow_card
ENG-Premier League,1819,2018-08-26 Watford-Crystal Palace,Watford,37’,0:0,Daryl Janmaat,,yellow_card
ENG-Premier League,1819,2018-08-26 Watford-Crystal Palace,Watford,4’,0:0,Étienne Capoue,,yellow_card
ENG-Premier League,1819,2018-08-26 Watford-Crystal Palace,Watford,53’,1:0,Roberto Pereyra,Étienne Capoue,goal
ENG-Premier League,1819,2018-08-26 Watford-Crystal Palace,Watford,71’,2:0,José Holebas,Daryl Janmaat,goal
ENG-Premier League,1819,2018-08-26 Watford-Crystal Palace,Watford,73’,2:0,Ken Sema,Andre Gray,substitute_in
ENG-Premier League,1819,2018-08-26 Watford-Crystal Palace,Crystal Palace,75’,2:0,Max Meyer,Jeffrey Schlupp,substitute_in
ENG-Premier League,1819,2018-08-26 Watford-Crystal Palace,Crystal Palace,78’,2:1,Wilfried Zaha,Max Meyer,goal
ENG-Premier League,1819,2018-08-26 Watford-Crystal Palace,Crystal Palace,7’,0:0,Wilfried Zaha,,yellow_card
ENG-Premier League,1819,2018-08-26 Watford-Crystal Palace,Crystal Palace,80’,2:1,Max Meyer,,yellow_card
ENG-Premier League,1819,2018-08-26 Watford-Crystal Palace,Watford,84’,2:1,José Holebas,,yellow_card
ENG-Premier League,1819,2018-08-26 Watford-Crystal Palace,Crystal Palace,85’,2:1,Alexander Sørloth,Christian Benteke,substitute_in
ENG-Premier League,1819,2018-08-26 Watford-Crystal Palace,Watford,86’,2:1,Roberto Pereyra,,yellow_card
ENG-Premier League,1819,2018-08-26 Watford-Crystal Palace,Watford,90+4’,2:1,Isaac Success,Troy Deeney,substitute_in
ENG-Premier League,1819,2019-01-01 Everton-Leicester City,Leicester City,46’,0:0,Marc Albrighton,Rachid Ghezzal,substitute_in
ENG-Premier League,1819,2019-01-01 Everton-Leicester City,Everton,52’,0:0,André Gomes,,yellow_card
ENG-Premier League,1819,2019-01-01 Everton-Leicester City,Leicester City,58’,0:1,Jamie Vardy,Ricardo Pereira,goal
ENG-Premier League,1819,2019-01-01 Everton-Leicester City,Everton,62’,0:1,Bernard,André Gomes,substitute_in
ENG-Premier League,1819,2019-01-01 Everton-Leicester City,Everton,70’,0:1,Cenk Tosun,Theo Walcott,substitute_in
ENG-Premier League,1819,2019-01-01 Everton-Leicester City,Leicester City,75’,0:1,Jonny Evans,,yellow_card
ENG-Premier League,1819,2019-01-01 Everton-Leicester City,Everton,80’,0:1,Lucas Digne,,yellow_card
ENG-Premier League,1819,2019-01-01 Everton-Leicester City,Everton,81’,0:1,Cenk Tosun,,yellow_card
ENG-Premier League,1819,2019-01-01 Everton-Leicester City,Leicester City,90+3’,0:1,Demarai Gray,Jamie Vardy,substitute_in
ENG-Premier League,1819,2018-12-08 Burnley-Brighton,Burnley,40’,1:0,James Tarkowski,Jack Cork,goal
ENG-Premier League,1819,2018-12-08 Burnley-Brighton,Brighton & Hove Albion,63’,1:0,Glenn Murray,Florin Andone,substitute_in
ENG-Premier League,1819,2018-12-08 Burnley-Brighton,Brighton & Hove Albion,63’,1:0,Jürgen Locadia,Anthony Knockaert,substitute_in
ENG-Premier League,1819,2018-12-08 Burnley-Brighton,Burnley,72’,1:0,Aaron Lennon,Jóhann Berg Guðmundsson,substitute_in
ENG-Premier League,1819,2018-12-08 Burnley-Brighton,Brighton & Hove Albion,79’,1:0,Dale Stephens,Pascal Groß,substitute_in
ENG-Premier League,1819,2018-12-08 Burnley-Brighton,Burnley,85’,1:0,Jeff Hendrick,Ashley Barnes,substitute_in
ENG-Premier League,1819,2018-12-08 Burnley-Brighton,Burnley,86’,1:0,James Tarkowski,,yellow_card
ENG-Premier League,1819,2018-12-08 Burnley-Brighton,Burnley,90+2’,1:0,Phil Bardsley,,yellow_card
ENG-Premier League,1819,2019-02-02 Cardiff City-Bournemouth,Cardiff City,46’,2:0,Bobby De Cordova-Reid,Aron Gunnarsson,goal
ENG-Premier League,1819,2019-02-02 Cardiff City-Bournemouth,Cardiff City,50’,2:0,Sol Bamba,,yellow_card
ENG-Premier League,1819,2019-02-02 Cardiff City-Bournemouth,Bournemouth,50’,2:0,Nathaniel Clyne,,yellow_card
ENG-Premier League,1819,2019-02-02 Cardiff City-Bournemouth,Cardiff City,5’,1:0,Bobby De Cordova-Reid,,penalty_goal
ENG-Premier League,1819,2019-02-02 Cardiff City-Bournemouth,Bournemouth,62’,2:0,Jordon Ibe,Junior Stanislas,substitute_in
ENG-Premier League,1819,2019-02-02 Cardiff City-Bournemouth,Bournemouth,62’,2:0,Lys Mousset,Dominic Solanke,substitute_in
ENG-Premier League,1819,2019-02-02 Cardiff City-Bournemouth,Cardiff City,69’,2:0,Junior Hoilett,Josh Murphy,substitute_in
ENG-Premier League,1819,2019-02-02 Cardiff City-Bournemouth,Bournemouth,69’,2:0,Jefferson Lerma,Dan Gosling,substitute_in
ENG-Premier League,1819,2019-02-02 Cardiff City-Bournemouth,Bournemouth,75’,2:0,Adam Smith,,yellow_card
ENG-Premier League,1819,2019-02-02 Cardiff City-Bournemouth,Cardiff City,83’,2:0,Kenneth Zohore,Oumar Niasse,substitute_in
ENG-Premier League,1819,2019-02-02 Cardiff City-Bournemouth,Cardiff City,86’,2:0,Leandro Bacuna,Bobby De Cordova-Reid,substitute_in
ENG-Premier League,1819,2019-01-19 Bournemouth-West Ham United,West Ham United,18’,0:0,Andy Carroll,,yellow_card
ENG-Premier League,1819,2019-01-19 Bournemouth-West Ham United,Bournemouth,53’,1:0,Callum Wilson,,goal
ENG-Premier League,1819,2019-01-19 Bournemouth-West Ham United,West Ham United,66’,1:0,Robert Snodgrass,Samir Nasri,substitute_in
ENG-Premier League,1819,2019-01-19 Bournemouth-West Ham United,West Ham United,66’,1:0,Javier Hernández,Andy Carroll,substitute_in
ENG-Premier League,1819,2019-01-19 Bournemouth-West Ham United,Bournemouth,73’,1:0,Junior Stanislas,Callum Wilson,substitute_in
ENG-Premier League,1819,2019-01-19 Bournemouth-West Ham United,West Ham United,79’,1:0,Grady Diangana,Mark Noble,substitute_in
ENG-Premier League,1819,2019-01-19 Bournemouth-West Ham United,Bournemouth,90+1’,2:0,Joshua King,David Brooks,goal
ENG-Premier League,1819,2019-01-19 Bournemouth-West Ham United,Bournemouth,90+2’,2:0,Charlie Daniels,Ryan Fraser,substitute_in
ENG-Premier League,1819,2019-01-19 Bournemouth-West Ham United,Bournemouth,90+3’,2:0,Lys Mousset,David Brooks,substitute_in
ENG-Premier League,1819,2018-09-22 Brighton-Tottenham Hotspur,Brighton & Hove Albion,21’,0:0,Beram Kayal,Dale Stephens,substitute_in
ENG-Premier League,1819,2018-09-22 Brighton-Tottenham Hotspur,Tottenham Hotspur,42’,0:1,Harry Kane,,penalty_goal
ENG-Premier League,1819,2018-09-22 Brighton-Tottenham Hotspur,Tottenham Hotspur,49’,0:1,Kieran Trippier,,yellow_card
ENG-Premier League,1819,2018-09-22 Brighton-Tottenham Hotspur,Brighton & Hove Albion,61’,0:1,Beram Kayal,,yellow_card
ENG-Premier League,1819,2018-09-22 Brighton-Tottenham Hotspur,Tottenham Hotspur,68’,0:1,Érik Lamela,Son Heung-min,substitute_in
ENG-Premier League,1819,2018-09-22 Brighton-Tottenham Hotspur,Brighton & Hove Albion,73’,0:1,Alireza Jahanbakhsh,Solly March,substitute_in
ENG-Premier League,1819,2018-09-22 Brighton-Tottenham Hotspur,Brighton & Hove Albion,74’,0:1,Yves Bissouma,,yellow_card
ENG-Premier League,1819,2018-09-22 Brighton-Tottenham Hotspur,Tottenham Hotspur,76’,0:2,Érik Lamela,Danny Rose,goal
ENG-Premier League,1819,2018-09-22 Brighton-Tottenham Hotspur,Tottenham Hotspur,78’,0:2,Dele Alli,Lucas Moura,substitute_in
ENG-Premier League,1819,2018-09-22 Brighton-Tottenham Hotspur,Brighton & Hove Albion,79’,0:2,Jürgen Locadia,Yves Bissouma,substitute_in
ENG-Premier League,1819,2018-09-22 Brighton-Tottenham Hotspur,Brighton & Hove Albion,90+3’,1:2,Anthony Knockaert,Shane Duffy,goal
ENG-Premier League,1819,2018-12-08 Leicester City-Tottenham Hotspur,Leicester City,16’,0:0,Nampalys Mendy,,yellow_card
ENG-Premier League,1819,2018-12-08 Leicester City-Tottenham Hotspur,Tottenham Hotspur,45+1’,0:1,Son Heung-min,Serge Aurier,goal
ENG-Premier League,1819,2018-12-08 Leicester City-Tottenham Hotspur,Leicester City,56’,0:1,Rachid Ghezzal,Kelechi Iheanacho,substitute_in
ENG-Premier League,1819,2018-12-08 Leicester City-Tottenham Hotspur,Leicester City,56’,0:1,Marc Albrighton,Vicente Iborra,substitute_in
ENG-Premier League,1819,2018-12-08 Leicester City-Tottenham Hotspur,Tottenham Hotspur,58’,0:2,Dele Alli,Son Heung-min,goal
ENG-Premier League,1819,2018-12-08 Leicester City-Tottenham Hotspur,Leicester City,64’,0:2,Marc Albrighton,,yellow_card
ENG-Premier League,1819,2018-12-08 Leicester City-Tottenham Hotspur,Tottenham Hotspur,67’,0:2,Christian Eriksen,Lucas Moura,substitute_in
ENG-Premier League,1819,2018-12-08 Leicester City-Tottenham Hotspur,Tottenham Hotspur,74’,0:2,Harry Kane,Son Heung-min,substitute_in
ENG-Premier League,1819,2018-12-08 Leicester City-Tottenham Hotspur,Tottenham Hotspur,78’,0:2,Kyle Walker-Peters,Serge Aurier,substitute_in
ENG-Premier League,1819,2018-12-08 Leicester City-Tottenham Hotspur,Leicester City,79’,0:2,Shinji Okazaki,Nampalys Mendy,substitute_in
ENG-Premier League,1819,2018-12-08 Leicester City-Tottenham Hotspur,Leicester City,81’,0:2,Demarai Gray,,yellow_card
ENG-Premier League,1819,2018-12-08 Leicester City-Tottenham Hotspur,Tottenham Hotspur,9’,0:0,Eric Dier,,yellow_card
ENG-Premier League,1819,2019-01-29 Huddersfield Town-Everton,Everton,31’,0:1,Bernard,,yellow_card
ENG-Premier League,1819,2019-01-29 Huddersfield Town-Everton,Everton,3’,0:1,Richarlison,,goal
ENG-Premier League,1819,2019-01-29 Huddersfield Town-Everton,Everton,43’,0:1,Cenk Tosun,,yellow_card
ENG-Premier League,1819,2019-01-29 Huddersfield Town-Everton,Huddersfield Town,55’,0:1,Aaron Mooy,Jonathan Hogg,substitute_in
ENG-Premier League,1819,2019-01-29 Huddersfield Town-Everton,Everton,55’,0:1,Lucas Digne,Leighton Baines,substitute_in
ENG-Premier League,1819,2019-01-29 Huddersfield Town-Everton,Huddersfield Town,65’,0:1,Jason Puncheon,,yellow_card
ENG-Premier League,1819,2019-01-29 Huddersfield Town-Everton,Everton,66’,0:1,Lucas Digne,,red_card
ENG-Premier League,1819,2019-01-29 Huddersfield Town-Everton,Everton,70’,0:1,Jonjoe Kenny,Cenk Tosun,substitute_in
ENG-Premier League,1819,2019-01-29 Huddersfield Town-Everton,Huddersfield Town,81’,0:1,Chris Löwe,Elias Kachunga,substitute_in
ENG-Premier League,1819,2019-01-29 Huddersfield Town-Everton,Everton,86’,0:1,Dominic Calvert-Lewin,Richarlison,substitute_in
ENG-Premier League,1819,2019-01-29 Huddersfield Town-Everton,Huddersfield Town,87’,0:1,Laurent Depoitre,Adama Diakhaby,substitute_in
ENG-Premier League,1819,2019-01-29 Huddersfield Town-Everton,Everton,87’,0:1,André Gomes,,yellow_card
ENG-Premier League,1819,2019-01-29 Huddersfield Town-Everton,Everton,90+5’,0:1,Dominic Calvert-Lewin,,yellow_card
ENG-Premier League,1819,2019-04-23 Watford-Southampton,Southampton,17’,0:1,Oriol Romeu,,yellow_card
ENG-Premier League,1819,2019-04-23 Watford-Southampton,Southampton,1’,0:1,Shane Long,,goal
ENG-Premier League,1819,2019-04-23 Watford-Southampton,Watford,26’,0:1,Étienne Capoue,,yellow_card
ENG-Premier League,1819,2019-04-23 Watford-Southampton,Watford,40’,0:1,Abdoulaye Doucouré,,yellow_card
ENG-Premier League,1819,2019-04-23 Watford-Southampton,Southampton,45+2’,0:1,Jan Bednarek,,yellow_card
ENG-Premier League,1819,2019-04-23 Watford-Southampton,Watford,46’,0:1,Kiko Femenía,Craig Cathcart,substitute_in
ENG-Premier League,1819,2019-04-23 Watford-Southampton,Watford,57’,0:1,Gerard Deulofeu,,yellow_card
ENG-Premier League,1819,2019-04-23 Watford-Southampton,Southampton,67’,0:1,Josh Sims,Stuart Armstrong,substitute_in
ENG-Premier League,1819,2019-04-23 Watford-Southampton,Southampton,74’,0:1,Mario Lemina,Oriol Romeu,substitute_in
ENG-Premier League,1819,2019-04-23 Watford-Southampton,Watford,75’,0:1,Christian Kabasele,,yellow_card
ENG-Premier League,1819,2019-04-23 Watford-Southampton,Watford,77’,0:1,Isaac Success,Will Hughes,substitute_in
ENG-Premier League,1819,2019-04-23 Watford-Southampton,Southampton,78’,0:1,Yan Valery,Shane Long,substitute_in
ENG-Premier League,1819,2019-04-23 Watford-Southampton,Watford,80’,0:1,Adam Masina,,yellow_card
ENG-Premier League,1819,2019-04-23 Watford-Southampton,Watford,90’,1:1,Andre Gray,Daryl Janmaat,goal
ENG-Premier League,1819,2019-03-02 Tottenham Hotspur-Arsenal,Arsenal,16’,0:1,Aaron Ramsey,Alexandre Lacazette,goal
ENG-Premier League,1819,2019-03-02 Tottenham Hotspur-Arsenal,Arsenal,46’,0:1,Lucas Torreira,Mattéo Guendouzi,substitute_in
ENG-Premier League,1819,2019-03-02 Tottenham Hotspur-Arsenal,Arsenal,56’,0:1,Pierre-Emerick Aubameyang,Alexandre Lacazette,substitute_in
ENG-Premier League,1819,2019-03-02 Tottenham Hotspur-Arsenal,Arsenal,58’,0:1,Henrikh Mkhitaryan,,yellow_card
ENG-Premier League,1819,2019-03-02 Tottenham Hotspur-Arsenal,Tottenham Hotspur,59’,0:1,Érik Lamela,Victor Wanyama,substitute_in
ENG-Premier League,1819,2019-03-02 Tottenham Hotspur-Arsenal,Tottenham Hotspur,63’,0:1,Érik Lamela,,yellow_card
ENG-Premier League,1819,2019-03-02 Tottenham Hotspur-Arsenal,Tottenham Hotspur,69’,0:1,Danny Rose,,yellow_card
ENG-Premier League,1819,2019-03-02 Tottenham Hotspur-Arsenal,Arsenal,72’,0:1,Mesut Özil,Aaron Ramsey,substitute_in
ENG-Premier League,1819,2019-03-02 Tottenham Hotspur-Arsenal,Tottenham Hotspur,74’,1:1,Harry Kane,,penalty_goal
ENG-Premier League,1819,2019-03-02 Tottenham Hotspur-Arsenal,Arsenal,74’,1:1,Granit Xhaka,,yellow_card
ENG-Premier League,1819,2019-03-02 Tottenham Hotspur-Arsenal,Tottenham Hotspur,79’,1:1,Fernando Llorente,Son Heung-min,substitute_in
ENG-Premier League,1819,2019-03-02 Tottenham Hotspur-Arsenal,Tottenham Hotspur,84’,1:1,Fernando Llorente,,yellow_card
ENG-Premier League,1819,2019-03-02 Tottenham Hotspur-Arsenal,Arsenal,90+1’,1:1,Pierre-Emerick Aubameyang,Hugo Lloris,penalty_miss
ENG-Premier League,1819,2019-03-02 Tottenham Hotspur-Arsenal,Arsenal,90+5’,1:1,Lucas Torreira,,red_card
ENG-Premier League,1819,2019-05-12 Manchester Utd-Cardiff City,Cardiff City,23’,0:1,Nathaniel Mendez-Laing,,penalty_goal
ENG-Premier League,1819,2019-05-12 Manchester Utd-Cardiff City,Cardiff City,28’,0:1,Leandro Bacuna,,yellow_card
ENG-Premier League,1819,2019-05-12 Manchester Utd-Cardiff City,Manchester United,44’,0:1,Andreas Pereira,,yellow_card
ENG-Premier League,1819,2019-05-12 Manchester Utd-Cardiff City,Manchester United,46’,0:1,Anthony Martial,Phil Jones,substitute_in
ENG-Premier League,1819,2019-05-12 Manchester Utd-Cardiff City,Cardiff City,54’,0:2,Nathaniel Mendez-Laing,Josh Murphy,goal
ENG-Premier League,1819,2019-05-12 Manchester Utd-Cardiff City,Cardiff City,58’,0:2,Jazz Richards,Aron Gunnarsson,substitute_in
ENG-Premier League,1819,2019-05-12 Manchester Utd-Cardiff City,Manchester United,61’,0:2,Paul Pogba,,yellow_card
ENG-Premier League,1819,2019-05-12 Manchester Utd-Cardiff City,Cardiff City,61’,0:2,Josh Murphy,,yellow_card
ENG-Premier League,1819,2019-05-12 Manchester Utd-Cardiff City,Manchester United,71’,0:2,Jesse Lingard,,yellow_card
ENG-Premier League,1819,2019-05-12 Manchester Utd-Cardiff City,Manchester United,74’,0:2,Antonio Valencia,Diogo Dalot,substitute_in
ENG-Premier League,1819,2019-05-12 Manchester Utd-Cardiff City,Manchester United,74’,0:2,Angel Gomes,Andreas Pereira,substitute_in
ENG-Premier League,1819,2019-05-12 Manchester Utd-Cardiff City,Cardiff City,74’,0:2,Danny Ward,Kenneth Zohore,substitute_in
ENG-Premier League,1819,2019-05-12 Manchester Utd-Cardiff City,Cardiff City,80’,0:2,Junior Hoilett,Nathaniel Mendez-Laing,substitute_in
ENG-Premier League,1819,2019-05-12 Manchester Utd-Cardiff City,Cardiff City,90+1’,0:2,Sean Morrison,,yellow_card
ENG-Premier League,1819,2018-10-07 Liverpool-Manchester City,Manchester City,21’,0:0,Bernardo Silva,,yellow_card
ENG-Premier League,1819,2018-10-07 Liverpool-Manchester City,Liverpool,29’,0:0,Naby Keïta,James Milner,substitute_in
ENG-Premier League,1819,2018-10-07 Liverpool-Manchester City,Manchester City,56’,0:0,Sergio Agüero,,yellow_card
ENG-Premier League,1819,2018-10-07 Liverpool-Manchester City,Manchester City,64’,0:0,Benjamin Mendy,,yellow_card
ENG-Premier League,1819,2018-10-07 Liverpool-Manchester City,Manchester City,66’,0:0,Gabriel Jesus,Sergio Agüero,substitute_in
ENG-Premier League,1819,2018-10-07 Liverpool-Manchester City,Liverpool,72’,0:0,Daniel Sturridge,Roberto Firmino,substitute_in
ENG-Premier League,1819,2018-10-07 Liverpool-Manchester City,Manchester City,76’,0:0,Leroy Sané,Raheem Sterling,substitute_in
ENG-Premier League,1819,2018-10-07 Liverpool-Manchester City,Manchester City,86’,0:0,Riyad Mahrez,,penalty_miss
ENG-Premier League,1819,2018-10-07 Liverpool-Manchester City,Liverpool,90’,0:0,Georginio Wijnaldum,,yellow_card
ENG-Premier League,1819,2018-09-15 Huddersfield Town-Crystal Palace,Crystal Palace,11’,0:0,James McArthur,,yellow_card
ENG-Premier League,1819,2018-09-15 Huddersfield Town-Crystal Palace,Huddersfield Town,27’,0:0,Mathias Jørgensen,,yellow_card
ENG-Premier League,1819,2018-09-15 Huddersfield Town-Crystal Palace,Crystal Palace,29’,0:0,Wilfried Zaha,,yellow_card
ENG-Premier League,1819,2018-09-15 Huddersfield Town-Crystal Palace,Crystal Palace,38’,0:1,Wilfried Zaha,Jordan Ayew,goal
ENG-Premier League,1819,2018-09-15 Huddersfield Town-Crystal Palace,Huddersfield Town,68’,0:1,Adama Diakhaby,Elias Kachunga,substitute_in
ENG-Premier League,1819,2018-09-15 Huddersfield Town-Crystal Palace,Huddersfield Town,78’,0:1,Laurent Depoitre,Mathias Jørgensen,substitute_in
ENG-Premier League,1819,2018-09-15 Huddersfield Town-Crystal Palace,Huddersfield Town,78’,0:1,Isaac Mbenza,Rajiv van La Parra,substitute_in
ENG-Premier League,1819,2018-09-15 Huddersfield Town-Crystal Palace,Crystal Palace,90+2’,0:1,Jeffrey Schlupp,Andros Townsend,substitute_in
ENG-Premier League,1819,2018-10-28 Manchester Utd-Everton,Manchester United,20’,0:0,Chris Smalling,,yellow_card
ENG-Premier League,1819,2018-10-28 Manchester Utd-Everton,Everton,22’,0:0,Idrissa Gana Gueye,,yellow_card
ENG-Premier League,1819,2018-10-28 Manchester Utd-Everton,Manchester United,27’,1:0,Paul Pogba,,goal
ENG-Premier League,1819,2018-10-28 Manchester Utd-Everton,Manchester United,27’,1:0,Paul Pogba,Jordan Pickford,penalty_miss
ENG-Premier League,1819,2018-10-28 Manchester Utd-Everton,Manchester United,39’,1:0,Nemanja Matić,,yellow_card
ENG-Premier League,1819,2018-10-28 Manchester Utd-Everton,Manchester United,49’,2:0,Anthony Martial,Paul Pogba,goal
ENG-Premier League,1819,2018-10-28 Manchester Utd-Everton,Everton,62’,2:0,Ademola Lookman,Bernard,substitute_in
ENG-Premier League,1819,2018-10-28 Manchester Utd-Everton,Manchester United,65’,2:0,Romelu Lukaku,Marcus Rashford,substitute_in
ENG-Premier League,1819,2018-10-28 Manchester Utd-Everton,Everton,77’,2:1,Gylfi Sigurðsson,,penalty_goal
ENG-Premier League,1819,2018-10-28 Manchester Utd-Everton,Everton,78’,2:1,Cenk Tosun,Theo Walcott,substitute_in
ENG-Premier League,1819,2018-10-28 Manchester Utd-Everton,Everton,78’,2:1,Dominic Calvert-Lewin,Idrissa Gana Gueye,substitute_in
ENG-Premier League,1819,2018-10-28 Manchester Utd-Everton,Manchester United,85’,2:1,Ander Herrera,Juan Mata,substitute_in
ENG-Premier League,1819,2018-10-28 Manchester Utd-Everton,Manchester United,90+5’,2:1,Jesse Lingard,Fred,substitute_in
ENG-Premier League,1819,2018-11-25 Bournemouth-Arsenal,Arsenal,25’,0:0,Sokratis Papastathopoulos,,yellow_card
ENG-Premier League,1819,2018-11-25 Bournemouth-Arsenal,Arsenal,30’,0:1,Jefferson Lerma,,own_goal
ENG-Premier League,1819,2018-11-25 Bournemouth-Arsenal,Bournemouth,45+1’,1:1,Joshua King,David Brooks,goal
ENG-Premier League,1819,2018-11-25 Bournemouth-Arsenal,Bournemouth,52’,1:1,Nathan Aké,,yellow_card
ENG-Premier League,1819,2018-11-25 Bournemouth-Arsenal,Bournemouth,66’,1:1,Jefferson Lerma,,yellow_card
ENG-Premier League,1819,2018-11-25 Bournemouth-Arsenal,Arsenal,67’,1:2,Pierre-Emerick Aubameyang,Sead Kolašinac,goal
ENG-Premier League,1819,2018-11-25 Bournemouth-Arsenal,Bournemouth,73’,1:2,Lewis Cook,Dan Gosling,substitute_in
ENG-Premier League,1819,2018-11-25 Bournemouth-Arsenal,Bournemouth,73’,1:2,Junior Stanislas,David Brooks,substitute_in
ENG-Premier League,1819,2018-11-25 Bournemouth-Arsenal,Arsenal,79’,1:2,Mattéo Guendouzi,Lucas Torreira,substitute_in
ENG-Premier League,1819,2018-11-25 Bournemouth-Arsenal,Bournemouth,82’,1:2,Lys Mousset,Joshua King,substitute_in
ENG-Premier League,1819,2018-11-25 Bournemouth-Arsenal,Arsenal,82’,1:2,Aaron Ramsey,Alex Iwobi,substitute_in
ENG-Premier League,1819,2018-11-25 Bournemouth-Arsenal,Arsenal,90+4’,1:2,Eddie Nketiah,Pierre-Emerick Aubameyang,substitute_in
ENG-Premier League,1819,2018-12-30 Southampton-Manchester City,Manchester City,10’,0:1,David Silva,Bernardo Silva,goal
ENG-Premier League,1819,2018-12-30 Southampton-Manchester City,Manchester City,32’,0:1,Sergio Agüero,,yellow_card
ENG-Premier League,1819,2018-12-30 Southampton-Manchester City,Southampton,37’,1:1,Pierre Højbjerg,,goal
ENG-Premier League,1819,2018-12-30 Southampton-Manchester City,Manchester City,45+3’,1:3,Sergio Agüero,Oleksandr Zinchenko,goal
ENG-Premier League,1819,2018-12-30 Southampton-Manchester City,Manchester City,45’,1:2,James Ward-Prowse,,own_goal
ENG-Premier League,1819,2018-12-30 Southampton-Manchester City,Southampton,46’,1:3,Nathan Redmond,Mario Lemina,substitute_in
ENG-Premier League,1819,2018-12-30 Southampton-Manchester City,Southampton,58’,1:3,Charlie Austin,,yellow_card
ENG-Premier League,1819,2018-12-30 Southampton-Manchester City,Southampton,59’,1:3,Yan Valery,Oriol Romeu,substitute_in
ENG-Premier League,1819,2018-12-30 Southampton-Manchester City,Southampton,68’,1:3,Shane Long,Charlie Austin,substitute_in
ENG-Premier League,1819,2018-12-30 Southampton-Manchester City,Manchester City,72’,1:3,Vincent Kompany,,yellow_card
ENG-Premier League,1819,2018-12-30 Southampton-Manchester City,Southampton,73’,1:3,Jan Bednarek,,yellow_card
ENG-Premier League,1819,2018-12-30 Southampton-Manchester City,Manchester City,73’,1:3,Gabriel Jesus,Sergio Agüero,substitute_in
ENG-Premier League,1819,2018-12-30 Southampton-Manchester City,Manchester City,78’,1:3,Danilo,,yellow_card
ENG-Premier League,1819,2018-12-30 Southampton-Manchester City,Manchester City,84’,1:3,Leroy Sané,Riyad Mahrez,substitute_in
ENG-Premier League,1819,2018-12-30 Southampton-Manchester City,Southampton,85’,1:3,Pierre Højbjerg,,red_card
ENG-Premier League,1819,2018-12-30 Southampton-Manchester City,Manchester City,86’,1:3,Kyle Walker,Fernandinho,substitute_in
ENG-Premier League,1819,2019-04-27 Watford-Wolves,Wolverhampton Wanderers,41’,0:1,Raúl Jiménez,Diogo Jota,goal
ENG-Premier League,1819,2019-04-27 Watford-Wolves,Watford,49’,1:1,Andre Gray,,goal
ENG-Premier League,1819,2019-04-27 Watford-Wolves,Wolverhampton Wanderers,61’,1:1,João Moutinho,,yellow_card
ENG-Premier League,1819,2019-04-27 Watford-Wolves,Watford,62’,1:1,José Holebas,,yellow_card
ENG-Premier League,1819,2019-04-27 Watford-Wolves,Watford,74’,1:1,Christian Kabasele,Will Hughes,substitute_in
ENG-Premier League,1819,2019-04-27 Watford-Wolves,Wolverhampton Wanderers,77’,1:2,Diogo Jota,Rúben Neves,goal
ENG-Premier League,1819,2019-04-27 Watford-Wolves,Watford,82’,1:2,Isaac Success,Craig Cathcart,substitute_in
ENG-Premier League,1819,2019-04-27 Watford-Wolves,Wolverhampton Wanderers,84’,1:2,Diogo Jota,,yellow_card
ENG-Premier League,1819,2019-04-27 Watford-Wolves,Watford,85’,1:2,Isaac Success,,yellow_card
ENG-Premier League,1819,2019-04-27 Watford-Wolves,Wolverhampton Wanderers,87’,1:2,Ivan Cavaleiro,Raúl Jiménez,substitute_in
ENG-Premier League,1819,2019-04-27 Watford-Wolves,Watford,90+6’,1:2,Étienne Capoue,,yellow_card
ENG-Premier League,1819,2019-04-27 Watford-Wolves,Wolverhampton Wanderers,90+7’,1:2,Morgan Gibbs-White,Diogo Jota,substitute_in
ENG-Premier League,1819,2019-04-02 Watford-Fulham,Watford,23’,1:0,Abdoulaye Doucouré,Will Hughes,goal
ENG-Premier League,1819,2019-04-02 Watford-Fulham,Fulham,33’,1:1,Ryan Babel,Ryan Sessegnon,goal
ENG-Premier League,1819,2019-04-02 Watford-Fulham,Watford,44’,1:1,Adrian Mariappa,,yellow_card
ENG-Premier League,1819,2019-04-02 Watford-Fulham,Watford,46’,1:1,Daryl Janmaat,Roberto Pereyra,substitute_in
ENG-Premier League,1819,2019-04-02 Watford-Fulham,Watford,46’,1:1,Andre Gray,Gerard Deulofeu,substitute_in
ENG-Premier League,1819,2019-04-02 Watford-Fulham,Watford,47’,1:1,Daryl Janmaat,,yellow_card
ENG-Premier League,1819,2019-04-02 Watford-Fulham,Watford,63’,2:1,Will Hughes,,goal
ENG-Premier League,1819,2019-04-02 Watford-Fulham,Fulham,66’,2:1,Calum Chambers,,yellow_card
ENG-Premier League,1819,2019-04-02 Watford-Fulham,Watford,69’,3:1,Troy Deeney,Andre Gray,goal
ENG-Premier League,1819,2019-04-02 Watford-Fulham,Fulham,72’,3:1,Jean Seri,Tim Ream,substitute_in
ENG-Premier League,1819,2019-04-02 Watford-Fulham,Watford,75’,4:1,Kiko Femenía,Andre Gray,goal
ENG-Premier League,1819,2019-04-02 Watford-Fulham,Watford,78’,4:1,Domingos Quina,Étienne Capoue,substitute_in
ENG-Premier League,1819,2019-04-02 Watford-Fulham,Fulham,81’,4:1,André Schürrle,Ryan Babel,substitute_in
ENG-Premier League,1819,2019-04-02 Watford-Fulham,Fulham,87’,4:1,Kevin McDonald,Tom Cairney,substitute_in
ENG-Premier League,1819,2019-04-02 Watford-Fulham,Watford,90’,4:1,José Holebas,,yellow_card
ENG-Premier League,1819,2019-04-02 Watford-Fulham,Fulham,90’,4:1,Cyrus Christie,,yellow_card
ENG-Premier League,1819,2018-09-22 Burnley-Bournemouth,Burnley,31’,0:0,Matthew Lowton,,yellow_card
ENG-Premier League,1819,2018-09-22 Burnley-Bournemouth,Burnley,39’,1:0,Matěj Vydra,,goal
ENG-Premier League,1819,2018-09-22 Burnley-Bournemouth,Burnley,41’,2:0,Aaron Lennon,Jóhann Berg Guðmundsson,goal
ENG-Premier League,1819,2018-09-22 Burnley-Bournemouth,Bournemouth,46’,2:0,Simon Francis,Diego Rico,substitute_in
ENG-Premier League,1819,2018-09-22 Burnley-Bournemouth,Burnley,56’,2:0,Ashley Westwood,,yellow_card
ENG-Premier League,1819,2018-09-22 Burnley-Bournemouth,Burnley,60’,2:0,Chris Wood,Matěj Vydra,substitute_in
ENG-Premier League,1819,2018-09-22 Burnley-Bournemouth,Bournemouth,68’,2:0,Junior Stanislas,Callum Wilson,substitute_in
ENG-Premier League,1819,2018-09-22 Burnley-Bournemouth,Burnley,69’,2:0,Ashley Barnes,Sam Vokes,substitute_in
ENG-Premier League,1819,2018-09-22 Burnley-Bournemouth,Bournemouth,78’,2:0,Jermain Defoe,Adam Smith,substitute_in
ENG-Premier League,1819,2018-09-22 Burnley-Bournemouth,Burnley,83’,3:0,Ashley Barnes,,goal
ENG-Premier League,1819,2018-09-22 Burnley-Bournemouth,Burnley,88’,4:0,Ashley Barnes,Aaron Lennon,goal
ENG-Premier League,1819,2019-04-27 Tottenham Hotspur-West Ham United,West Ham United,26’,0:0,Robert Snodgrass,,yellow_card
ENG-Premier League,1819,2019-04-27 Tottenham Hotspur-West Ham United,Tottenham Hotspur,66’,0:0,Fernando Llorente,Lucas Moura,substitute_in
ENG-Premier League,1819,2019-04-27 Tottenham Hotspur-West Ham United,West Ham United,67’,0:1,Michail Antonio,Marko Arnautović,goal
ENG-Premier League,1819,2019-04-27 Tottenham Hotspur-West Ham United,Tottenham Hotspur,77’,0:1,Vincent Janssen,Danny Rose,substitute_in
ENG-Premier League,1819,2019-04-27 Tottenham Hotspur-West Ham United,West Ham United,77’,0:1,Pedro Obiang,Robert Snodgrass,substitute_in
ENG-Premier League,1819,2019-04-27 Tottenham Hotspur-West Ham United,West Ham United,80’,0:1,Lucas Pérez,Marko Arnautović,substitute_in
ENG-Premier League,1819,2019-04-27 Tottenham Hotspur-West Ham United,Tottenham Hotspur,85’,0:1,Victor Wanyama,Dele Alli,substitute_in
ENG-Premier League,1819,2019-04-27 Tottenham Hotspur-West Ham United,West Ham United,85’,0:1,Angelo Ogbonna,Mark Noble,substitute_in
ENG-Premier League,1819,2019-04-27 Tottenham Hotspur-West Ham United,West Ham United,86’,0:1,Ryan Fredericks,,yellow_card
ENG-Premier League,1819,2018-11-11 Manchester City-Manchester Utd,Manchester City,12’,1:0,David Silva,Bernardo Silva,goal
ENG-Premier League,1819,2018-11-11 Manchester City-Manchester Utd,Manchester City,33’,1:0,Bernardo Silva,,yellow_card
ENG-Premier League,1819,2018-11-11 Manchester City-Manchester Utd,Manchester United,42’,1:0,Luke Shaw,,yellow_card
ENG-Premier League,1819,2018-11-11 Manchester City-Manchester Utd,Manchester City,48’,2:0,Sergio Agüero,Riyad Mahrez,goal
ENG-Premier League,1819,2018-11-11 Manchester City-Manchester Utd,Manchester United,57’,2:0,Romelu Lukaku,Jesse Lingard,substitute_in
ENG-Premier League,1819,2018-11-11 Manchester City-Manchester Utd,Manchester United,58’,2:1,Anthony Martial,,penalty_goal
ENG-Premier League,1819,2018-11-11 Manchester City-Manchester Utd,Manchester City,62’,2:1,Leroy Sané,Riyad Mahrez,substitute_in
ENG-Premier League,1819,2018-11-11 Manchester City-Manchester Utd,Manchester United,73’,2:1,Juan Mata,Ander Herrera,substitute_in
ENG-Premier League,1819,2018-11-11 Manchester City-Manchester Utd,Manchester United,73’,2:1,Alexis Sánchez,Marcus Rashford,substitute_in
ENG-Premier League,1819,2018-11-11 Manchester City-Manchester Utd,Manchester City,75’,2:1,İlkay Gündoğan,Sergio Agüero,substitute_in
ENG-Premier League,1819,2018-11-11 Manchester City-Manchester Utd,Manchester City,86’,3:1,İlkay Gündoğan,Bernardo Silva,goal
ENG-Premier League,1819,2018-11-11 Manchester City-Manchester Utd,Manchester City,90+2’,3:1,Phil Foden,David Silva,substitute_in
ENG-Premier League,1819,2018-11-24 Everton-Cardiff City,Cardiff City,43’,0:0,Neil Etheridge,,yellow_card
ENG-Premier League,1819,2018-11-24 Everton-Cardiff City,Cardiff City,58’,0:0,Víctor Camarasa,,yellow_card
ENG-Premier League,1819,2018-11-24 Everton-Cardiff City,Everton,59’,1:0,Gylfi Sigurðsson,,goal
ENG-Premier League,1819,2018-11-24 Everton-Cardiff City,Cardiff City,63’,1:0,Kadeem Harris,,yellow_card
ENG-Premier League,1819,2018-11-24 Everton-Cardiff City,Cardiff City,67’,1:0,Josh Murphy,Kadeem Harris,substitute_in
ENG-Premier League,1819,2018-11-24 Everton-Cardiff City,Everton,73’,1:0,Ademola Lookman,Theo Walcott,substitute_in
ENG-Premier League,1819,2018-11-24 Everton-Cardiff City,Cardiff City,74’,1:0,Junior Hoilett,Harry Arter,substitute_in
ENG-Premier League,1819,2018-11-24 Everton-Cardiff City,Everton,77’,1:0,Cenk Tosun,Bernard,substitute_in
ENG-Premier League,1819,2018-11-24 Everton-Cardiff City,Cardiff City,85’,1:0,Danny Ward,Víctor Camarasa,substitute_in
ENG-Premier League,1819,2018-11-24 Everton-Cardiff City,Everton,90+3’,1:0,Kurt Zouma,Gylfi Sigurðsson,substitute_in
ENG-Premier League,1819,2019-03-30 West Ham United-Everton,Everton,33’,0:2,Bernard,Séamus Coleman,goal
ENG-Premier League,1819,2019-03-30 West Ham United-Everton,Everton,42’,0:2,Richarlison,,yellow_card
ENG-Premier League,1819,2019-03-30 West Ham United-Everton,West Ham United,46’,0:2,Michail Antonio,Pedro Obiang,substitute_in
ENG-Premier League,1819,2019-03-30 West Ham United-Everton,West Ham United,46’,0:2,Javier Hernández,Lucas Pérez,substitute_in
ENG-Premier League,1819,2019-03-30 West Ham United-Everton,Everton,5’,0:1,Kurt Zouma,Gylfi Sigurðsson,goal
ENG-Premier League,1819,2019-03-30 West Ham United-Everton,West Ham United,64’,0:2,Declan Rice,,yellow_card
ENG-Premier League,1819,2019-03-30 West Ham United-Everton,West Ham United,67’,0:2,Grady Diangana,Marko Arnautović,substitute_in
ENG-Premier League,1819,2019-03-30 West Ham United-Everton,Everton,85’,0:2,Tom Davies,Gylfi Sigurðsson,substitute_in
ENG-Premier League,1819,2019-03-30 West Ham United-Everton,Everton,88’,0:2,Cenk Tosun,Dominic Calvert-Lewin,substitute_in
ENG-Premier League,1819,2019-03-30 West Ham United-Everton,Everton,90’,0:2,Theo Walcott,Richarlison,substitute_in
ENG-Premier League,1819,2019-01-19 Newcastle United-Cardiff City,Newcastle United,24’,1:0,Fabian Schär,Isaac Hayden,goal
ENG-Premier League,1819,2019-01-19 Newcastle United-Cardiff City,Cardiff City,46’,1:0,Víctor Camarasa,,yellow_card
ENG-Premier League,1819,2019-01-19 Newcastle United-Cardiff City,Newcastle United,63’,2:0,Fabian Schär,Jamaal Lascelles,goal
ENG-Premier League,1819,2019-01-19 Newcastle United-Cardiff City,Cardiff City,64’,2:0,Bobby De Cordova-Reid,Oumar Niasse,substitute_in
ENG-Premier League,1819,2019-01-19 Newcastle United-Cardiff City,Cardiff City,82’,2:0,Josh Murphy,Nathaniel Mendez-Laing,substitute_in
ENG-Premier League,1819,2019-01-19 Newcastle United-Cardiff City,Newcastle United,85’,2:0,Javier Manquillo,Matt Ritchie,substitute_in
ENG-Premier League,1819,2019-01-19 Newcastle United-Cardiff City,Cardiff City,89’,2:0,Danny Ward,Callum Paterson,substitute_in
ENG-Premier League,1819,2019-01-19 Newcastle United-Cardiff City,Newcastle United,90+3’,3:0,Ayoze Pérez,Salomón Rondón,goal
ENG-Premier League,1819,2018-08-18 Everton-Southampton,Everton,15’,1:0,Theo Walcott,Morgan Schneiderlin,goal
ENG-Premier League,1819,2018-08-18 Everton-Southampton,Southampton,17’,1:0,Wesley Hoedt,,yellow_card
ENG-Premier League,1819,2018-08-18 Everton-Southampton,Southampton,19’,1:0,Mario Lemina,,yellow_card
ENG-Premier League,1819,2018-08-18 Everton-Southampton,Everton,24’,1:0,Tom Davies,Morgan Schneiderlin,substitute_in
ENG-Premier League,1819,2018-08-18 Everton-Southampton,Everton,31’,2:0,Richarlison,Theo Walcott,goal
ENG-Premier League,1819,2018-08-18 Everton-Southampton,Southampton,36’,2:0,Oriol Romeu,,yellow_card
ENG-Premier League,1819,2018-08-18 Everton-Southampton,Southampton,44’,2:0,Cédric Soares,,yellow_card
ENG-Premier League,1819,2018-08-18 Everton-Southampton,Southampton,54’,2:1,Danny Ings,Mario Lemina,goal
ENG-Premier League,1819,2018-08-18 Everton-Southampton,Southampton,58’,2:1,Shane Long,Charlie Austin,substitute_in
ENG-Premier League,1819,2018-08-18 Everton-Southampton,Southampton,59’,2:1,Jack Stephens,,yellow_card
ENG-Premier League,1819,2018-08-18 Everton-Southampton,Southampton,72’,2:1,Manolo Gabbiadini,Oriol Romeu,substitute_in
ENG-Premier League,1819,2018-08-18 Everton-Southampton,Everton,75’,2:1,Dominic Calvert-Lewin,Cenk Tosun,substitute_in
ENG-Premier League,1819,2018-08-18 Everton-Southampton,Southampton,84’,2:1,Stuart Armstrong,James Ward-Prowse,substitute_in
ENG-Premier League,1819,2018-08-18 Everton-Southampton,Everton,86’,2:1,Oumar Niasse,Richarlison,substitute_in
ENG-Premier League,1819,2019-03-03 Watford-Leicester City,Watford,13’,1:0,Adrian Mariappa,,yellow_card
ENG-Premier League,1819,2019-03-03 Watford-Leicester City,Watford,5’,1:0,Troy Deeney,Gerard Deulofeu,goal
ENG-Premier League,1819,2019-03-03 Watford-Leicester City,Watford,60’,1:0,Étienne Capoue,,yellow_card
ENG-Premier League,1819,2019-03-03 Watford-Leicester City,Watford,61’,1:0,Abdoulaye Doucouré,,yellow_card
ENG-Premier League,1819,2019-03-03 Watford-Leicester City,Watford,62’,1:0,Troy Deeney,,yellow_card
ENG-Premier League,1819,2019-03-03 Watford-Leicester City,Leicester City,66’,1:0,Demarai Gray,Harvey Barnes,substitute_in
ENG-Premier League,1819,2019-03-03 Watford-Leicester City,Watford,69’,1:0,Andre Gray,Gerard Deulofeu,substitute_in
ENG-Premier League,1819,2019-03-03 Watford-Leicester City,Leicester City,75’,1:1,Jamie Vardy,Youri Tielemans,goal
ENG-Premier League,1819,2019-03-03 Watford-Leicester City,Leicester City,82’,1:1,Nampalys Mendy,Youri Tielemans,substitute_in
ENG-Premier League,1819,2019-03-03 Watford-Leicester City,Leicester City,83’,1:1,Kelechi Iheanacho,Jamie Vardy,substitute_in
ENG-Premier League,1819,2019-03-03 Watford-Leicester City,Leicester City,84’,1:1,Ricardo Pereira,,yellow_card
ENG-Premier League,1819,2019-03-03 Watford-Leicester City,Watford,90+1’,1:1,Tom Cleverley,Will Hughes,substitute_in
ENG-Premier League,1819,2019-03-03 Watford-Leicester City,Watford,90+2’,2:1,Andre Gray,Troy Deeney,goal
ENG-Premier League,1819,2019-03-03 Watford-Leicester City,Watford,90+3’,2:1,Andre Gray,,yellow_card
ENG-Premier League,1819,2019-02-23 Leicester City-Crystal Palace,Leicester City,36’,0:0,Wilfred Ndidi,,yellow_card
ENG-Premier League,1819,2019-02-23 Leicester City-Crystal Palace,Crystal Palace,40’,0:1,Michy Batshuayi,James McArthur,goal
ENG-Premier League,1819,2019-02-23 Leicester City-Crystal Palace,Leicester City,46’,0:1,Demarai Gray,Rachid Ghezzal,substitute_in
ENG-Premier League,1819,2019-02-23 Leicester City-Crystal Palace,Crystal Palace,51’,0:1,James McArthur,,yellow_card
ENG-Premier League,1819,2019-02-23 Leicester City-Crystal Palace,Leicester City,64’,1:1,Jonny Evans,Harvey Barnes,goal
ENG-Premier League,1819,2019-02-23 Leicester City-Crystal Palace,Crystal Palace,70’,1:2,Wilfried Zaha,James McArthur,goal
ENG-Premier League,1819,2019-02-23 Leicester City-Crystal Palace,Leicester City,74’,1:2,Kelechi Iheanacho,Youri Tielemans,substitute_in
ENG-Premier League,1819,2019-02-23 Leicester City-Crystal Palace,Crystal Palace,77’,1:2,Scott Dann,Mamadou Sakho,substitute_in
ENG-Premier League,1819,2019-02-23 Leicester City-Crystal Palace,Crystal Palace,80’,1:2,Cheikhou Kouyaté,Andros Townsend,substitute_in
ENG-Premier League,1819,2019-02-23 Leicester City-Crystal Palace,Leicester City,81’,1:3,Kasper Schmeichel,,yellow_card
ENG-Premier League,1819,2019-02-23 Leicester City-Crystal Palace,Crystal Palace,81’,1:3,Luka Milivojević,,penalty_goal
ENG-Premier League,1819,2019-02-23 Leicester City-Crystal Palace,Leicester City,85’,1:3,Shinji Okazaki,Harvey Barnes,substitute_in
ENG-Premier League,1819,2019-02-23 Leicester City-Crystal Palace,Crystal Palace,86’,1:3,Jordan Ayew,Michy Batshuayi,substitute_in
ENG-Premier League,1819,2019-02-23 Leicester City-Crystal Palace,Crystal Palace,90+3’,1:4,Wilfried Zaha,Jordan Ayew,goal
ENG-Premier League,1819,2019-05-06 Manchester City-Leicester City,Manchester City,22’,0:0,David Silva,,yellow_card
ENG-Premier League,1819,2019-05-06 Manchester City-Leicester City,Leicester City,35’,0:0,Harry Maguire,,yellow_card
ENG-Premier League,1819,2019-05-06 Manchester City-Leicester City,Manchester City,44’,0:0,Vincent Kompany,,yellow_card
ENG-Premier League,1819,2019-05-06 Manchester City-Leicester City,Manchester City,56’,0:0,Leroy Sané,Phil Foden,substitute_in
ENG-Premier League,1819,2019-05-06 Manchester City-Leicester City,Manchester City,70’,1:0,Vincent Kompany,Aymeric Laporte,goal
ENG-Premier League,1819,2019-05-06 Manchester City-Leicester City,Leicester City,75’,1:0,Harvey Barnes,Youri Tielemans,substitute_in
ENG-Premier League,1819,2019-05-06 Manchester City-Leicester City,Leicester City,80’,1:0,Kelechi Iheanacho,James Maddison,substitute_in
ENG-Premier League,1819,2019-05-06 Manchester City-Leicester City,Leicester City,85’,1:0,Demarai Gray,Marc Albrighton,substitute_in
ENG-Premier League,1819,2019-05-06 Manchester City-Leicester City,Manchester City,87’,1:0,Gabriel Jesus,Sergio Agüero,substitute_in
ENG-Premier League,1819,2019-05-06 Manchester City-Leicester City,Manchester City,89’,1:0,Gabriel Jesus,,yellow_card
ENG-Premier League,1819,2019-05-06 Manchester City-Leicester City,Manchester City,90+1’,1:0,John Stones,David Silva,substitute_in
ENG-Premier League,1819,2019-05-06 Manchester City-Leicester City,Leicester City,90’,1:0,Kelechi Iheanacho,,yellow_card
ENG-Premier League,1819,2019-03-09 Huddersfield Town-Bournemouth,Bournemouth,20’,0:1,Callum Wilson,Ryan Fraser,goal
ENG-Premier League,1819,2019-03-09 Huddersfield Town-Bournemouth,Huddersfield Town,38’,0:1,Elias Kachunga,,yellow_card
ENG-Premier League,1819,2019-03-09 Huddersfield Town-Bournemouth,Bournemouth,44’,0:1,Nathaniel Clyne,Adam Smith,substitute_in
ENG-Premier League,1819,2019-03-09 Huddersfield Town-Bournemouth,Huddersfield Town,46’,0:1,Chris Löwe,Philip Billing,substitute_in
ENG-Premier League,1819,2019-03-09 Huddersfield Town-Bournemouth,Huddersfield Town,56’,0:1,Jon Gorenc Stanković,,yellow_card
ENG-Premier League,1819,2019-03-09 Huddersfield Town-Bournemouth,Huddersfield Town,61’,0:1,Karlan Grant,Steve Mounié,substitute_in
ENG-Premier League,1819,2019-03-09 Huddersfield Town-Bournemouth,Bournemouth,65’,0:1,Dominic Solanke,David Brooks,substitute_in
ENG-Premier League,1819,2019-03-09 Huddersfield Town-Bournemouth,Bournemouth,66’,0:2,Ryan Fraser,Callum Wilson,goal
ENG-Premier League,1819,2019-03-09 Huddersfield Town-Bournemouth,Huddersfield Town,76’,0:2,Aaron Rowe,Elias Kachunga,substitute_in
ENG-Premier League,1819,2019-03-09 Huddersfield Town-Bournemouth,Bournemouth,87’,0:2,Ryan Fraser,,yellow_card
ENG-Premier League,1819,2019-03-09 Huddersfield Town-Bournemouth,Bournemouth,90+1’,0:2,Lys Mousset,Joshua King,substitute_in
ENG-Premier League,1819,2019-03-09 Huddersfield Town-Bournemouth,Huddersfield Town,90’,0:2,Aaron Mooy,,yellow_card
ENG-Premier League,1819,2018-12-22 Cardiff City-Manchester Utd,Manchester United,29’,0:2,Ander Herrera,Paul Pogba,goal
ENG-Premier League,1819,2018-12-22 Cardiff City-Manchester Utd,Manchester United,35’,0:2,Luke Shaw,,yellow_card
ENG-Premier League,1819,2018-12-22 Cardiff City-Manchester Utd,Cardiff City,38’,1:2,Víctor Camarasa,,penalty_goal
ENG-Premier League,1819,2018-12-22 Cardiff City-Manchester Utd,Manchester United,3’,0:1,Marcus Rashford,,goal
ENG-Premier League,1819,2018-12-22 Cardiff City-Manchester Utd,Manchester United,41’,1:3,Anthony Martial,Jesse Lingard,goal
ENG-Premier League,1819,2018-12-22 Cardiff City-Manchester Utd,Manchester United,57’,1:4,Jesse Lingard,,penalty_goal
ENG-Premier League,1819,2018-12-22 Cardiff City-Manchester Utd,Cardiff City,58’,1:4,Aron Gunnarsson,,yellow_card
ENG-Premier League,1819,2018-12-22 Cardiff City-Manchester Utd,Cardiff City,61’,1:4,Kenneth Zohore,Harry Arter,substitute_in
ENG-Premier League,1819,2018-12-22 Cardiff City-Manchester Utd,Cardiff City,74’,1:4,Kadeem Harris,Junior Hoilett,substitute_in
ENG-Premier League,1819,2018-12-22 Cardiff City-Manchester Utd,Cardiff City,79’,1:4,Greg Cunningham,,yellow_card
ENG-Premier League,1819,2018-12-22 Cardiff City-Manchester Utd,Manchester United,79’,1:4,Fred,Marcus Rashford,substitute_in
ENG-Premier League,1819,2018-12-22 Cardiff City-Manchester Utd,Cardiff City,83’,1:4,Joe Ralls,Aron Gunnarsson,substitute_in
ENG-Premier League,1819,2018-12-22 Cardiff City-Manchester Utd,Manchester United,87’,1:4,Marouane Fellaini,Nemanja Matić,substitute_in
ENG-Premier League,1819,2018-12-22 Cardiff City-Manchester Utd,Manchester United,87’,1:4,Andreas Pereira,Anthony Martial,substitute_in
ENG-Premier League,1819,2018-12-22 Cardiff City-Manchester Utd,Manchester United,90’,1:5,Jesse Lingard,Paul Pogba,goal
ENG-Premier League,1819,2019-03-02 West Ham United-Newcastle United,West Ham United,26’,1:0,Mark Noble,,yellow_card
ENG-Premier League,1819,2019-03-02 West Ham United-Newcastle United,West Ham United,34’,1:0,Arthur Masuaku,Aaron Cresswell,substitute_in
ENG-Premier League,1819,2019-03-02 West Ham United-Newcastle United,Newcastle United,37’,1:0,Fabian Schär,,yellow_card
ENG-Premier League,1819,2019-03-02 West Ham United-Newcastle United,Newcastle United,40’,1:0,Sean Longstaff,,yellow_card
ENG-Premier League,1819,2019-03-02 West Ham United-Newcastle United,West Ham United,42’,2:0,Mark Noble,,penalty_goal
ENG-Premier League,1819,2019-03-02 West Ham United-Newcastle United,Newcastle United,46’,2:0,Mohamed Diamé,Sean Longstaff,substitute_in
ENG-Premier League,1819,2019-03-02 West Ham United-Newcastle United,Newcastle United,65’,2:0,Paul Dummett,Fabian Schär,substitute_in
ENG-Premier League,1819,2019-03-02 West Ham United-Newcastle United,West Ham United,67’,2:0,Arthur Masuaku,,yellow_card
ENG-Premier League,1819,2019-03-02 West Ham United-Newcastle United,Newcastle United,67’,2:0,Isaac Hayden,,yellow_card
ENG-Premier League,1819,2019-03-02 West Ham United-Newcastle United,West Ham United,70’,2:0,Marko Arnautović,Javier Hernández,substitute_in
ENG-Premier League,1819,2019-03-02 West Ham United-Newcastle United,West Ham United,79’,2:0,Pedro Obiang,Mark Noble,substitute_in
ENG-Premier League,1819,2019-03-02 West Ham United-Newcastle United,Newcastle United,79’,2:0,Christian Atsu,Isaac Hayden,substitute_in
ENG-Premier League,1819,2019-03-02 West Ham United-Newcastle United,West Ham United,7’,1:0,Declan Rice,Robert Snodgrass,goal
ENG-Premier League,1819,2019-03-02 West Ham United-Newcastle United,Newcastle United,85’,2:0,Martin Dúbravka,,yellow_card
ENG-Premier League,1819,2019-03-02 West Ham United-Newcastle United,West Ham United,88’,2:0,Issa Diop,,yellow_card
ENG-Premier League,1819,2018-12-22 Huddersfield Town-Southampton,Huddersfield Town,11’,0:0,Chris Löwe,,yellow_card
ENG-Premier League,1819,2018-12-22 Huddersfield Town-Southampton,Southampton,15’,0:1,Nathan Redmond,Pierre Højbjerg,goal
ENG-Premier League,1819,2018-12-22 Huddersfield Town-Southampton,Southampton,42’,0:2,Danny Ings,,penalty_goal
ENG-Premier League,1819,2018-12-22 Huddersfield Town-Southampton,Huddersfield Town,46’,0:2,Erik Durm,Chris Löwe,substitute_in
ENG-Premier League,1819,2018-12-22 Huddersfield Town-Southampton,Southampton,52’,0:2,Yan Valery,,yellow_card
ENG-Premier League,1819,2018-12-22 Huddersfield Town-Southampton,Huddersfield Town,58’,1:2,Philip Billing,Steve Mounié,goal
ENG-Premier League,1819,2018-12-22 Huddersfield Town-Southampton,Huddersfield Town,63’,1:2,Mathias Jørgensen,,yellow_card
ENG-Premier League,1819,2018-12-22 Huddersfield Town-Southampton,Huddersfield Town,65’,1:2,Elias Kachunga,Juninho Bacuna,substitute_in
ENG-Premier League,1819,2018-12-22 Huddersfield Town-Southampton,Southampton,65’,1:2,Michael Obafemi,Danny Ings,substitute_in
ENG-Premier League,1819,2018-12-22 Huddersfield Town-Southampton,Southampton,69’,1:2,Mario Lemina,Stuart Armstrong,substitute_in
ENG-Premier League,1819,2018-12-22 Huddersfield Town-Southampton,Southampton,71’,1:3,Michael Obafemi,Nathan Redmond,goal
ENG-Premier League,1819,2018-12-22 Huddersfield Town-Southampton,Southampton,79’,1:3,Jack Stephens,Yan Valery,substitute_in
ENG-Premier League,1819,2018-12-22 Huddersfield Town-Southampton,Huddersfield Town,81’,1:3,Collin Quaner,Isaac Mbenza,substitute_in
ENG-Premier League,1819,2018-12-22 Huddersfield Town-Southampton,Southampton,84’,1:3,Jack Stephens,,yellow_card
ENG-Premier League,1819,2018-12-22 Huddersfield Town-Southampton,Southampton,86’,1:3,Pierre Højbjerg,,yellow_card
ENG-Premier League,1819,2018-09-17 Southampton-Brighton,Southampton,35’,1:0,Pierre Højbjerg,,goal
ENG-Premier League,1819,2018-09-17 Southampton-Brighton,Southampton,56’,1:0,Cédric Soares,,yellow_card
ENG-Premier League,1819,2018-09-17 Southampton-Brighton,Southampton,65’,2:0,Danny Ings,,penalty_goal
ENG-Premier League,1819,2018-09-17 Southampton-Brighton,Brighton & Hove Albion,67’,2:1,Shane Duffy,Anthony Knockaert,goal
ENG-Premier League,1819,2018-09-17 Southampton-Brighton,Brighton & Hove Albion,71’,2:1,Alireza Jahanbakhsh,Solly March,substitute_in
ENG-Premier League,1819,2018-09-17 Southampton-Brighton,Southampton,76’,2:1,Manolo Gabbiadini,Shane Long,substitute_in
ENG-Premier League,1819,2018-09-17 Southampton-Brighton,Southampton,76’,2:1,James Ward-Prowse,Mohamed Elyounoussi,substitute_in
ENG-Premier League,1819,2018-09-17 Southampton-Brighton,Brighton & Hove Albion,76’,2:1,Jürgen Locadia,Yves Bissouma,substitute_in
ENG-Premier League,1819,2018-09-17 Southampton-Brighton,Brighton & Hove Albion,77’,2:1,Dale Stephens,,yellow_card
ENG-Premier League,1819,2018-09-17 Southampton-Brighton,Southampton,84’,2:1,Steven Davis,Danny Ings,substitute_in
ENG-Premier League,1819,2018-09-17 Southampton-Brighton,Southampton,86’,2:1,Alex McCarthy,,yellow_card
ENG-Premier League,1819,2018-09-17 Southampton-Brighton,Brighton & Hove Albion,90+1’,2:2,Glenn Murray,,penalty_goal
ENG-Premier League,1819,2018-09-17 Southampton-Brighton,Brighton & Hove Albion,90+1’,2:2,Anthony Knockaert,,yellow_card
ENG-Premier League,1819,2018-09-17 Southampton-Brighton,Brighton & Hove Albion,90+2’,2:2,Jürgen Locadia,,yellow_card
ENG-Premier League,1819,2018-11-04 Manchester City-Southampton,Southampton,10’,1:0,James Ward-Prowse,,yellow_card
ENG-Premier League,1819,2018-11-04 Manchester City-Southampton,Manchester City,12’,2:0,Sergio Agüero,Raheem Sterling,goal
ENG-Premier League,1819,2018-11-04 Manchester City-Southampton,Manchester City,18’,3:0,David Silva,Leroy Sané,goal
ENG-Premier League,1819,2018-11-04 Manchester City-Southampton,Southampton,30’,3:1,Danny Ings,,penalty_goal
ENG-Premier League,1819,2018-11-04 Manchester City-Southampton,Manchester City,38’,3:1,Sergio Agüero,,yellow_card
ENG-Premier League,1819,2018-11-04 Manchester City-Southampton,Manchester City,45+2’,4:1,Raheem Sterling,Sergio Agüero,goal
ENG-Premier League,1819,2018-11-04 Manchester City-Southampton,Manchester City,67’,5:1,Raheem Sterling,Sergio Agüero,goal
ENG-Premier League,1819,2018-11-04 Manchester City-Southampton,Manchester City,68’,5:1,Vincent Kompany,John Stones,substitute_in
ENG-Premier League,1819,2018-11-04 Manchester City-Southampton,Manchester City,6’,1:0,Wesley Hoedt,,own_goal
ENG-Premier League,1819,2018-11-04 Manchester City-Southampton,Manchester City,72’,5:1,Phil Foden,David Silva,substitute_in
ENG-Premier League,1819,2018-11-04 Manchester City-Southampton,Southampton,73’,5:1,Michael Obafemi,James Ward-Prowse,substitute_in
ENG-Premier League,1819,2018-11-04 Manchester City-Southampton,Southampton,73’,5:1,Mohamed Elyounoussi,Nathan Redmond,substitute_in
ENG-Premier League,1819,2018-11-04 Manchester City-Southampton,Manchester City,79’,5:1,Fabian Delph,Fernandinho,substitute_in
ENG-Premier League,1819,2018-11-04 Manchester City-Southampton,Southampton,82’,5:1,Stuart Armstrong,Danny Ings,substitute_in
ENG-Premier League,1819,2018-11-04 Manchester City-Southampton,Manchester City,90+1’,6:1,Leroy Sané,Raheem Sterling,goal
ENG-Premier League,1819,2019-02-27 Southampton-Fulham,Southampton,23’,1:0,Oriol Romeu,,goal
ENG-Premier League,1819,2019-02-27 Southampton-Fulham,Southampton,40’,2:0,James Ward-Prowse,,goal
ENG-Premier League,1819,2019-02-27 Southampton-Fulham,Fulham,62’,2:0,Kevin McDonald,,yellow_card
ENG-Premier League,1819,2019-02-27 Southampton-Fulham,Southampton,64’,2:0,Shane Long,Charlie Austin,substitute_in
ENG-Premier League,1819,2019-02-27 Southampton-Fulham,Fulham,69’,2:0,Luciano Vietto,Tom Cairney,substitute_in
ENG-Premier League,1819,2019-02-27 Southampton-Fulham,Fulham,69’,2:0,Ryan Sessegnon,Kevin McDonald,substitute_in
ENG-Premier League,1819,2019-01-19 Manchester Utd-Brighton,Manchester United,27’,1:0,Paul Pogba,,penalty_goal
ENG-Premier League,1819,2019-01-19 Manchester Utd-Brighton,Manchester United,42’,2:0,Marcus Rashford,Diogo Dalot,goal
ENG-Premier League,1819,2019-01-19 Manchester Utd-Brighton,Brighton & Hove Albion,60’,2:0,Florin Andone,Glenn Murray,substitute_in
ENG-Premier League,1819,2019-01-19 Manchester Utd-Brighton,Brighton & Hove Albion,60’,2:0,Anthony Knockaert,Solly March,substitute_in
ENG-Premier League,1819,2019-01-19 Manchester Utd-Brighton,Brighton & Hove Albion,72’,2:1,Pascal Groß,Davy Pröpper,goal
ENG-Premier League,1819,2019-01-19 Manchester Utd-Brighton,Manchester United,75’,2:1,Juan Mata,Jesse Lingard,substitute_in
ENG-Premier League,1819,2019-01-19 Manchester Utd-Brighton,Brighton & Hove Albion,82’,2:1,Beram Kayal,Pascal Groß,substitute_in
ENG-Premier League,1819,2019-01-19 Manchester Utd-Brighton,Manchester United,83’,2:1,Romelu Lukaku,Anthony Martial,substitute_in
ENG-Premier League,1819,2019-01-19 Manchester Utd-Brighton,Manchester United,90+3’,2:1,Marcus Rashford,,yellow_card
ENG-Premier League,1819,2019-01-19 Manchester Utd-Brighton,Manchester United,90+4’,2:1,Matteo Darmian,Marcus Rashford,substitute_in
ENG-Premier League,1819,2018-08-18 Leicester City-Wolves,Leicester City,29’,1:0,Matt Doherty,,own_goal
ENG-Premier League,1819,2018-08-18 Leicester City-Wolves,Leicester City,45’,2:0,James Maddison,Ricardo Pereira,goal
ENG-Premier League,1819,2018-08-18 Leicester City-Wolves,Wolverhampton Wanderers,46’,2:0,Adama Traoré,Hélder Costa,substitute_in
ENG-Premier League,1819,2018-08-18 Leicester City-Wolves,Wolverhampton Wanderers,46’,2:0,Léo Bonatini,Diogo Jota,substitute_in
ENG-Premier League,1819,2018-08-18 Leicester City-Wolves,Leicester City,60’,2:0,Daniel Amartey,Marc Albrighton,substitute_in
ENG-Premier League,1819,2018-08-18 Leicester City-Wolves,Leicester City,66’,2:0,Jamie Vardy,,red_card
ENG-Premier League,1819,2018-08-18 Leicester City-Wolves,Wolverhampton Wanderers,69’,2:0,Morgan Gibbs-White,Matt Doherty,substitute_in
ENG-Premier League,1819,2018-08-18 Leicester City-Wolves,Wolverhampton Wanderers,74’,2:0,Morgan Gibbs-White,,yellow_card
ENG-Premier League,1819,2018-08-18 Leicester City-Wolves,Leicester City,78’,2:0,Jonny Evans,,yellow_card
ENG-Premier League,1819,2018-08-18 Leicester City-Wolves,Leicester City,82’,2:0,Adrien Silva,Demarai Gray,substitute_in
ENG-Premier League,1819,2018-08-18 Leicester City-Wolves,Leicester City,82’,2:0,Kelechi Iheanacho,James Maddison,substitute_in
ENG-Premier League,1819,2018-08-18 Leicester City-Wolves,Leicester City,90+6’,2:0,Harry Maguire,,yellow_card
ENG-Premier League,1819,2019-03-09 Leicester City-Fulham,Leicester City,21’,1:0,Youri Tielemans,Jamie Vardy,goal
ENG-Premier League,1819,2019-03-09 Leicester City-Fulham,Fulham,46’,1:0,Floyd Ayité,Ryan Sessegnon,substitute_in
ENG-Premier League,1819,2019-03-09 Leicester City-Fulham,Fulham,51’,1:1,Floyd Ayité,Håvard Nordtveit,goal
ENG-Premier League,1819,2019-03-09 Leicester City-Fulham,Fulham,55’,1:1,Ryan Babel,,yellow_card
ENG-Premier League,1819,2019-03-09 Leicester City-Fulham,Fulham,60’,1:1,Joe Bryan,,yellow_card
ENG-Premier League,1819,2019-03-09 Leicester City-Fulham,Fulham,67’,1:1,Jean Seri,Ryan Babel,substitute_in
ENG-Premier League,1819,2019-03-09 Leicester City-Fulham,Leicester City,72’,1:1,Shinji Okazaki,Demarai Gray,substitute_in
ENG-Premier League,1819,2019-03-09 Leicester City-Fulham,Leicester City,72’,1:1,Rachid Ghezzal,Youri Tielemans,substitute_in
ENG-Premier League,1819,2019-03-09 Leicester City-Fulham,Leicester City,78’,2:1,Jamie Vardy,James Maddison,goal
ENG-Premier League,1819,2019-03-09 Leicester City-Fulham,Leicester City,81’,2:1,Nampalys Mendy,James Maddison,substitute_in
ENG-Premier League,1819,2019-03-09 Leicester City-Fulham,Fulham,82’,2:1,Luciano Vietto,Kevin McDonald,substitute_in
ENG-Premier League,1819,2019-03-09 Leicester City-Fulham,Leicester City,86’,3:1,Jamie Vardy,Harvey Barnes,goal
ENG-Premier League,1819,2019-04-20 Manchester City-Tottenham Hotspur,Manchester City,38’,1:0,Fernandinho,Kevin De Bruyne,substitute_in
ENG-Premier League,1819,2019-04-20 Manchester City-Tottenham Hotspur,Manchester City,5’,1:0,Phil Foden,Sergio Agüero,goal
ENG-Premier League,1819,2019-04-20 Manchester City-Tottenham Hotspur,Tottenham Hotspur,61’,1:0,Victor Wanyama,Eric Dier,substitute_in
ENG-Premier League,1819,2019-04-20 Manchester City-Tottenham Hotspur,Manchester City,66’,1:0,Leroy Sané,Sergio Agüero,substitute_in
ENG-Premier League,1819,2019-04-20 Manchester City-Tottenham Hotspur,Tottenham Hotspur,69’,1:0,Danny Rose,Dele Alli,substitute_in
ENG-Premier League,1819,2019-04-20 Manchester City-Tottenham Hotspur,Tottenham Hotspur,78’,1:0,Fernando Llorente,Toby Alderweireld,substitute_in
ENG-Premier League,1819,2019-04-20 Manchester City-Tottenham Hotspur,Manchester City,85’,1:0,David Silva,Phil Foden,substitute_in
ENG-Premier League,1819,2019-04-20 Manchester City-Tottenham Hotspur,Tottenham Hotspur,86’,1:0,Victor Wanyama,,yellow_card
ENG-Premier League,1819,2019-04-20 Manchester City-Tottenham Hotspur,Manchester City,90+3’,1:0,Raheem Sterling,,yellow_card
ENG-Premier League,1819,2019-04-20 Manchester City-Tottenham Hotspur,Tottenham Hotspur,90+3’,1:0,Jan Vertonghen,,yellow_card
ENG-Premier League,1819,2018-10-01 Bournemouth-Crystal Palace,Bournemouth,29’,1:0,David Brooks,,yellow_card
ENG-Premier League,1819,2018-10-01 Bournemouth-Crystal Palace,Crystal Palace,55’,1:1,Patrick van Aanholt,Wilfried Zaha,goal
ENG-Premier League,1819,2018-10-01 Bournemouth-Crystal Palace,Bournemouth,58’,1:1,Dan Gosling,David Brooks,substitute_in
ENG-Premier League,1819,2018-10-01 Bournemouth-Crystal Palace,Bournemouth,5’,1:0,David Brooks,Callum Wilson,goal
ENG-Premier League,1819,2018-10-01 Bournemouth-Crystal Palace,Crystal Palace,76’,1:1,Andros Townsend,,yellow_card
ENG-Premier League,1819,2018-10-01 Bournemouth-Crystal Palace,Crystal Palace,77’,1:1,Jeffrey Schlupp,James McArthur,substitute_in
ENG-Premier League,1819,2018-10-01 Bournemouth-Crystal Palace,Crystal Palace,82’,1:1,Alexander Sørloth,Jordan Ayew,substitute_in
ENG-Premier League,1819,2018-10-01 Bournemouth-Crystal Palace,Bournemouth,84’,1:1,Junior Stanislas,Joshua King,substitute_in
ENG-Premier League,1819,2018-10-01 Bournemouth-Crystal Palace,Crystal Palace,84’,1:1,Cheikhou Kouyaté,Max Meyer,substitute_in
ENG-Premier League,1819,2018-10-01 Bournemouth-Crystal Palace,Crystal Palace,86’,1:1,Mamadou Sakho,,yellow_card
ENG-Premier League,1819,2018-10-01 Bournemouth-Crystal Palace,Bournemouth,87’,2:1,Junior Stanislas,,penalty_goal
ENG-Premier League,1819,2018-10-01 Bournemouth-Crystal Palace,Bournemouth,90+3’,2:1,Jefferson Lerma,,yellow_card
ENG-Premier League,1819,2018-10-01 Bournemouth-Crystal Palace,Crystal Palace,90+3’,2:1,Cheikhou Kouyaté,,yellow_card
ENG-Premier League,1819,2018-10-01 Bournemouth-Crystal Palace,Crystal Palace,90+3’,2:1,James Tomkins,,yellow_card
ENG-Premier League,1819,2018-10-01 Bournemouth-Crystal Palace,Bournemouth,90+5’,2:1,Ryan Fraser,,yellow_card
ENG-Premier League,1819,2018-09-29 Chelsea-Liverpool,Chelsea,25’,1:0,Eden Hazard,Mateo Kovačić,goal
ENG-Premier League,1819,2018-09-29 Chelsea-Liverpool,Liverpool,39’,1:0,Sadio Mané,,yellow_card
ENG-Premier League,1819,2018-09-29 Chelsea-Liverpool,Chelsea,65’,1:0,Álvaro Morata,Olivier Giroud,substitute_in
ENG-Premier League,1819,2018-09-29 Chelsea-Liverpool,Liverpool,66’,1:0,Xherdan Shaqiri,Mohamed Salah,substitute_in
ENG-Premier League,1819,2018-09-29 Chelsea-Liverpool,Chelsea,73’,1:0,Victor Moses,Willian,substitute_in
ENG-Premier League,1819,2018-09-29 Chelsea-Liverpool,Liverpool,77’,1:0,James Milner,,yellow_card
ENG-Premier League,1819,2018-09-29 Chelsea-Liverpool,Liverpool,78’,1:0,Naby Keïta,Jordan Henderson,substitute_in
ENG-Premier League,1819,2018-09-29 Chelsea-Liverpool,Chelsea,81’,1:0,Ross Barkley,Mateo Kovačić,substitute_in
ENG-Premier League,1819,2018-09-29 Chelsea-Liverpool,Liverpool,86’,1:0,Daniel Sturridge,James Milner,substitute_in
ENG-Premier League,1819,2018-09-29 Chelsea-Liverpool,Liverpool,89’,1:1,Daniel Sturridge,Xherdan Shaqiri,goal
ENG-Premier League,1819,2019-04-14 Crystal Palace-Manchester City,Manchester City,15’,0:1,Raheem Sterling,Kevin De Bruyne,goal
ENG-Premier League,1819,2019-04-14 Crystal Palace-Manchester City,Crystal Palace,22’,0:1,Cheikhou Kouyaté,Jeffrey Schlupp,substitute_in
ENG-Premier League,1819,2019-04-14 Crystal Palace-Manchester City,Manchester City,63’,0:2,Raheem Sterling,Leroy Sané,goal
ENG-Premier League,1819,2019-04-14 Crystal Palace-Manchester City,Manchester City,65’,0:2,Bernardo Silva,David Silva,substitute_in
ENG-Premier League,1819,2019-04-14 Crystal Palace-Manchester City,Manchester City,75’,0:2,Gabriel Jesus,Sergio Agüero,substitute_in
ENG-Premier League,1819,2019-04-14 Crystal Palace-Manchester City,Crystal Palace,77’,0:2,Max Meyer,Andros Townsend,substitute_in
ENG-Premier League,1819,2019-04-14 Crystal Palace-Manchester City,Crystal Palace,81’,1:2,Luka Milivojević,,goal
ENG-Premier League,1819,2019-04-14 Crystal Palace-Manchester City,Crystal Palace,85’,1:2,Bakary Sako,James McArthur,substitute_in
ENG-Premier League,1819,2019-04-14 Crystal Palace-Manchester City,Manchester City,87’,1:2,John Stones,Leroy Sané,substitute_in
ENG-Premier League,1819,2019-04-14 Crystal Palace-Manchester City,Manchester City,90’,1:3,Gabriel Jesus,Kevin De Bruyne,goal
ENG-Premier League,1819,2018-09-15 Tottenham Hotspur-Liverpool,Liverpool,39’,0:1,Georginio Wijnaldum,,goal
ENG-Premier League,1819,2018-09-15 Tottenham Hotspur-Liverpool,Liverpool,54’,0:2,Roberto Firmino,,goal
ENG-Premier League,1819,2018-09-15 Tottenham Hotspur-Liverpool,Tottenham Hotspur,60’,0:2,Érik Lamela,Mousa Dembélé,substitute_in
ENG-Premier League,1819,2018-09-15 Tottenham Hotspur-Liverpool,Tottenham Hotspur,73’,0:2,Son Heung-min,Harry Winks,substitute_in
ENG-Premier League,1819,2018-09-15 Tottenham Hotspur-Liverpool,Liverpool,74’,0:2,Jordan Henderson,Roberto Firmino,substitute_in
ENG-Premier League,1819,2018-09-15 Tottenham Hotspur-Liverpool,Tottenham Hotspur,83’,0:2,Victor Wanyama,Eric Dier,substitute_in
ENG-Premier League,1819,2018-09-15 Tottenham Hotspur-Liverpool,Liverpool,83’,0:2,Daniel Sturridge,Naby Keïta,substitute_in
ENG-Premier League,1819,2018-09-15 Tottenham Hotspur-Liverpool,Tottenham Hotspur,90+3’,1:2,Érik Lamela,Christian Eriksen,goal
ENG-Premier League,1819,2018-09-15 Tottenham Hotspur-Liverpool,Liverpool,90’,0:2,Joël Matip,Trent Alexander-Arnold,substitute_in
ENG-Premier League,1819,2018-08-25 Huddersfield Town-Cardiff City,Cardiff City,10’,0:0,Callum Paterson,Nathaniel Mendez-Laing,substitute_in
ENG-Premier League,1819,2018-08-25 Huddersfield Town-Cardiff City,Huddersfield Town,13’,0:0,Jonas Lössl,Ben Hamer,substitute_in
ENG-Premier League,1819,2018-08-25 Huddersfield Town-Cardiff City,Cardiff City,59’,0:0,Danny Ward,Kenneth Zohore,substitute_in
ENG-Premier League,1819,2018-08-25 Huddersfield Town-Cardiff City,Huddersfield Town,63’,0:0,Jonathan Hogg,,red_card
ENG-Premier League,1819,2018-08-25 Huddersfield Town-Cardiff City,Cardiff City,63’,0:0,Harry Arter,,yellow_card
ENG-Premier League,1819,2018-08-25 Huddersfield Town-Cardiff City,Huddersfield Town,68’,0:0,Isaac Mbenza,Adama Diakhaby,substitute_in
ENG-Premier League,1819,2018-08-25 Huddersfield Town-Cardiff City,Cardiff City,75’,0:0,Bobby De Cordova-Reid,Víctor Camarasa,substitute_in
ENG-Premier League,1819,2018-08-25 Huddersfield Town-Cardiff City,Huddersfield Town,80’,0:0,Laurent Depoitre,Steve Mounié,substitute_in
ENG-Premier League,1819,2018-09-29 Wolves-Southampton,Southampton,50’,0:0,Ryan Bertrand,,yellow_card
ENG-Premier League,1819,2018-09-29 Wolves-Southampton,Wolverhampton Wanderers,51’,0:0,Diogo Jota,,yellow_card
ENG-Premier League,1819,2018-09-29 Wolves-Southampton,Wolverhampton Wanderers,53’,0:0,Adama Traoré,Hélder Costa,substitute_in
ENG-Premier League,1819,2018-09-29 Wolves-Southampton,Wolverhampton Wanderers,57’,0:0,Jonny Castro,,yellow_card
ENG-Premier League,1819,2018-09-29 Wolves-Southampton,Southampton,71’,0:0,Stuart Armstrong,Mohamed Elyounoussi,substitute_in
ENG-Premier League,1819,2018-09-29 Wolves-Southampton,Wolverhampton Wanderers,74’,0:0,Adama Traoré,,yellow_card
ENG-Premier League,1819,2018-09-29 Wolves-Southampton,Wolverhampton Wanderers,77’,0:0,Ivan Cavaleiro,Diogo Jota,substitute_in
ENG-Premier League,1819,2018-09-29 Wolves-Southampton,Southampton,77’,0:0,Manolo Gabbiadini,Charlie Austin,substitute_in
ENG-Premier League,1819,2018-09-29 Wolves-Southampton,Wolverhampton Wanderers,79’,1:0,Ivan Cavaleiro,Raúl Jiménez,goal
ENG-Premier League,1819,2018-09-29 Wolves-Southampton,Wolverhampton Wanderers,87’,2:0,Jonny Castro,Matt Doherty,goal
ENG-Premier League,1819,2018-09-29 Wolves-Southampton,Wolverhampton Wanderers,90+1’,2:0,Léo Bonatini,Raúl Jiménez,substitute_in
ENG-Premier League,1819,2018-12-05 Tottenham Hotspur-Southampton,Tottenham Hotspur,51’,2:0,Lucas Moura,,goal
ENG-Premier League,1819,2018-12-05 Tottenham Hotspur-Southampton,Tottenham Hotspur,55’,3:0,Son Heung-min,Harry Kane,goal
ENG-Premier League,1819,2018-12-05 Tottenham Hotspur-Southampton,Southampton,70’,3:0,Charlie Austin,Manolo Gabbiadini,substitute_in
ENG-Premier League,1819,2018-12-05 Tottenham Hotspur-Southampton,Tottenham Hotspur,74’,3:0,Moussa Sissoko,Lucas Moura,substitute_in
ENG-Premier League,1819,2018-12-05 Tottenham Hotspur-Southampton,Tottenham Hotspur,79’,3:0,Dele Alli,Christian Eriksen,substitute_in
ENG-Premier League,1819,2018-12-05 Tottenham Hotspur-Southampton,Southampton,81’,3:0,Mohamed Elyounoussi,Stuart Armstrong,substitute_in
ENG-Premier League,1819,2018-12-05 Tottenham Hotspur-Southampton,Tottenham Hotspur,87’,3:0,Oliver Skipp,Kieran Trippier,substitute_in
ENG-Premier League,1819,2018-12-05 Tottenham Hotspur-Southampton,Southampton,88’,3:0,Oriol Romeu,Pierre Højbjerg,substitute_in
ENG-Premier League,1819,2018-12-05 Tottenham Hotspur-Southampton,Southampton,90+3’,3:1,Charlie Austin,Steven Davis,goal
ENG-Premier League,1819,2018-12-05 Tottenham Hotspur-Southampton,Tottenham Hotspur,9’,1:0,Harry Kane,Christian Eriksen,goal
ENG-Premier League,1819,2019-02-26 Leicester City-Brighton,Leicester City,10’,1:0,Demarai Gray,Youri Tielemans,goal
ENG-Premier League,1819,2019-02-26 Leicester City-Brighton,Brighton & Hove Albion,23’,1:0,Martín Montoya,,yellow_card
ENG-Premier League,1819,2019-02-26 Leicester City-Brighton,Brighton & Hove Albion,51’,1:0,Yves Bissouma,Pascal Groß,substitute_in
ENG-Premier League,1819,2019-02-26 Leicester City-Brighton,Leicester City,63’,2:0,Jamie Vardy,James Maddison,goal
ENG-Premier League,1819,2019-02-26 Leicester City-Brighton,Brighton & Hove Albion,66’,2:1,Davy Pröpper,,goal
ENG-Premier League,1819,2019-02-26 Leicester City-Brighton,Brighton & Hove Albion,67’,2:1,Jürgen Locadia,Solly March,substitute_in
ENG-Premier League,1819,2019-02-26 Leicester City-Brighton,Leicester City,69’,2:1,Nampalys Mendy,Youri Tielemans,substitute_in
ENG-Premier League,1819,2019-02-26 Leicester City-Brighton,Brighton & Hove Albion,81’,2:1,José Izquierdo,Dale Stephens,substitute_in
ENG-Premier League,1819,2019-02-26 Leicester City-Brighton,Leicester City,84’,2:1,Jamie Vardy,,yellow_card
ENG-Premier League,1819,2019-02-26 Leicester City-Brighton,Leicester City,90+1’,2:1,Shinji Okazaki,James Maddison,substitute_in
ENG-Premier League,1819,2019-02-26 Leicester City-Brighton,Leicester City,90+6’,2:1,Kelechi Iheanacho,Jamie Vardy,substitute_in
ENG-Premier League,1819,2018-11-03 Everton-Brighton,Brighton & Hove Albion,10’,0:0,Lewis Dunk,,yellow_card
ENG-Premier League,1819,2018-11-03 Everton-Brighton,Everton,26’,1:0,Richarlison,Gylfi Sigurðsson,goal
ENG-Premier League,1819,2018-11-03 Everton-Brighton,Brighton & Hove Albion,33’,1:1,Lewis Dunk,Solly March,goal
ENG-Premier League,1819,2018-11-03 Everton-Brighton,Everton,50’,2:1,Séamus Coleman,,goal
ENG-Premier League,1819,2018-11-03 Everton-Brighton,Brighton & Hove Albion,63’,2:1,Anthony Knockaert,José Izquierdo,substitute_in
ENG-Premier League,1819,2018-11-03 Everton-Brighton,Everton,68’,2:1,Ademola Lookman,Bernard,substitute_in
ENG-Premier League,1819,2018-11-03 Everton-Brighton,Brighton & Hove Albion,70’,2:1,Yves Bissouma,Solly March,substitute_in
ENG-Premier League,1819,2018-11-03 Everton-Brighton,Everton,77’,3:1,Richarlison,,goal
ENG-Premier League,1819,2018-11-03 Everton-Brighton,Brighton & Hove Albion,77’,3:1,Florin Andone,Beram Kayal,substitute_in
ENG-Premier League,1819,2018-11-03 Everton-Brighton,Everton,85’,3:1,Dominic Calvert-Lewin,Theo Walcott,substitute_in
ENG-Premier League,1819,2018-11-03 Everton-Brighton,Everton,90’,3:1,Yerry Mina,Gylfi Sigurðsson,substitute_in
ENG-Premier League,1819,2019-03-16 West Ham United-Huddersfield Town,West Ham United,15’,1:0,Mark Noble,,penalty_goal
ENG-Premier League,1819,2019-03-16 West Ham United-Huddersfield Town,Huddersfield Town,17’,1:1,Juninho Bacuna,Aaron Mooy,goal
ENG-Premier League,1819,2019-03-16 West Ham United-Huddersfield Town,Huddersfield Town,30’,1:2,Karlan Grant,,goal
ENG-Premier League,1819,2019-03-16 West Ham United-Huddersfield Town,West Ham United,46’,1:2,Javier Hernández,Michail Antonio,substitute_in
ENG-Premier League,1819,2019-03-16 West Ham United-Huddersfield Town,Huddersfield Town,55’,1:2,Philip Billing,Aaron Rowe,substitute_in
ENG-Premier League,1819,2019-03-16 West Ham United-Huddersfield Town,West Ham United,59’,1:2,Samir Nasri,Mark Noble,substitute_in
ENG-Premier League,1819,2019-03-16 West Ham United-Huddersfield Town,Huddersfield Town,65’,1:3,Karlan Grant,Terence Kongolo,goal
ENG-Premier League,1819,2019-03-16 West Ham United-Huddersfield Town,Huddersfield Town,67’,1:3,Jason Puncheon,Juninho Bacuna,substitute_in
ENG-Premier League,1819,2019-03-16 West Ham United-Huddersfield Town,West Ham United,68’,1:3,Lucas Pérez,Marko Arnautović,substitute_in
ENG-Premier League,1819,2019-03-16 West Ham United-Huddersfield Town,Huddersfield Town,70’,1:3,Steve Mounié,Karlan Grant,substitute_in
ENG-Premier League,1819,2019-03-16 West Ham United-Huddersfield Town,Huddersfield Town,74’,1:3,Alex Pritchard,,yellow_card
ENG-Premier League,1819,2019-03-16 West Ham United-Huddersfield Town,West Ham United,75’,2:3,Angelo Ogbonna,Aaron Cresswell,goal
ENG-Premier League,1819,2019-03-16 West Ham United-Huddersfield Town,Huddersfield Town,78’,2:3,Philip Billing,,yellow_card
ENG-Premier League,1819,2019-03-16 West Ham United-Huddersfield Town,West Ham United,84’,3:3,Javier Hernández,Samir Nasri,goal
ENG-Premier League,1819,2019-03-16 West Ham United-Huddersfield Town,West Ham United,90+1’,4:3,Javier Hernández,Felipe Anderson,goal
ENG-Premier League,1819,2018-09-02 Watford-Tottenham Hotspur,Watford,52’,0:0,Étienne Capoue,,yellow_card
ENG-Premier League,1819,2018-09-02 Watford-Tottenham Hotspur,Tottenham Hotspur,53’,0:1,Abdoulaye Doucouré,,own_goal
ENG-Premier League,1819,2018-09-02 Watford-Tottenham Hotspur,Tottenham Hotspur,68’,0:1,Mousa Dembélé,,yellow_card
ENG-Premier League,1819,2018-09-02 Watford-Tottenham Hotspur,Watford,69’,1:1,Troy Deeney,José Holebas,goal
ENG-Premier League,1819,2018-09-02 Watford-Tottenham Hotspur,Watford,70’,1:1,Isaac Success,Andre Gray,substitute_in
ENG-Premier League,1819,2018-09-02 Watford-Tottenham Hotspur,Watford,76’,2:1,Craig Cathcart,José Holebas,goal
ENG-Premier League,1819,2018-09-02 Watford-Tottenham Hotspur,Tottenham Hotspur,81’,2:1,Fernando Llorente,Toby Alderweireld,substitute_in
ENG-Premier League,1819,2018-09-02 Watford-Tottenham Hotspur,Watford,86’,2:1,Nathaniel Chalobah,Will Hughes,substitute_in
ENG-Premier League,1819,2018-09-02 Watford-Tottenham Hotspur,Tottenham Hotspur,86’,2:1,Harry Winks,Mousa Dembélé,substitute_in
ENG-Premier League,1819,2018-09-02 Watford-Tottenham Hotspur,Tottenham Hotspur,89’,2:1,Danny Rose,Ben Davies,substitute_in
ENG-Premier League,1819,2018-09-02 Watford-Tottenham Hotspur,Watford,90+3’,2:1,Isaac Success,,yellow_card
ENG-Premier League,1819,2018-09-02 Watford-Tottenham Hotspur,Watford,90’,2:1,Adrian Mariappa,Roberto Pereyra,substitute_in
ENG-Premier League,1819,2018-12-22 Chelsea-Leicester City,Leicester City,31’,0:0,Wilfred Ndidi,,yellow_card
ENG-Premier League,1819,2018-12-22 Chelsea-Leicester City,Leicester City,51’,0:1,Jamie Vardy,James Maddison,goal
ENG-Premier League,1819,2018-12-22 Chelsea-Leicester City,Chelsea,61’,0:1,Olivier Giroud,Willian,substitute_in
ENG-Premier League,1819,2018-12-22 Chelsea-Leicester City,Chelsea,61’,0:1,Ruben Loftus-Cheek,Mateo Kovačić,substitute_in
ENG-Premier League,1819,2018-12-22 Chelsea-Leicester City,Chelsea,75’,0:1,Cesc Fàbregas,Jorginho,substitute_in
ENG-Premier League,1819,2018-12-22 Chelsea-Leicester City,Leicester City,81’,0:1,Nampalys Mendy,,yellow_card
ENG-Premier League,1819,2018-12-22 Chelsea-Leicester City,Leicester City,82’,0:1,Demarai Gray,James Maddison,substitute_in
ENG-Premier League,1819,2018-12-22 Chelsea-Leicester City,Leicester City,84’,0:1,Kelechi Iheanacho,Jamie Vardy,substitute_in
ENG-Premier League,1819,2019-01-19 Southampton-Everton,Southampton,35’,0:0,Cédric Soares,Matt Targett,substitute_in
ENG-Premier League,1819,2019-01-19 Southampton-Everton,Southampton,50’,1:0,James Ward-Prowse,,goal
ENG-Premier League,1819,2019-01-19 Southampton-Everton,Everton,57’,1:0,Dominic Calvert-Lewin,André Gomes,substitute_in
ENG-Premier League,1819,2019-01-19 Southampton-Everton,Southampton,64’,2:0,Lucas Digne,,own_goal
ENG-Premier League,1819,2019-01-19 Southampton-Everton,Everton,65’,2:0,Cenk Tosun,Richarlison,substitute_in
ENG-Premier League,1819,2019-01-19 Southampton-Everton,Southampton,67’,2:0,Nathan Redmond,,yellow_card
ENG-Premier League,1819,2019-01-19 Southampton-Everton,Everton,67’,2:0,Idrissa Gana Gueye,,yellow_card
ENG-Premier League,1819,2019-01-19 Southampton-Everton,Southampton,74’,2:0,Shane Long,Danny Ings,substitute_in
ENG-Premier League,1819,2019-01-19 Southampton-Everton,Everton,75’,2:0,Theo Walcott,Bernard,substitute_in
ENG-Premier League,1819,2019-01-19 Southampton-Everton,Southampton,86’,2:0,Stuart Armstrong,Nathan Redmond,substitute_in
ENG-Premier League,1819,2019-01-19 Southampton-Everton,Everton,90+1’,2:1,Gylfi Sigurðsson,Kurt Zouma,goal
ENG-Premier League,1819,2019-01-19 Southampton-Everton,Southampton,90+7’,2:1,Shane Long,,yellow_card
ENG-Premier League,1819,2019-01-13 Tottenham Hotspur-Manchester Utd,Tottenham Hotspur,43’,0:0,Érik Lamela,Moussa Sissoko,substitute_in
ENG-Premier League,1819,2019-01-13 Tottenham Hotspur-Manchester Utd,Manchester United,44’,0:1,Marcus Rashford,Paul Pogba,goal
ENG-Premier League,1819,2019-01-13 Tottenham Hotspur-Manchester Utd,Tottenham Hotspur,50’,0:1,Dele Alli,,yellow_card
ENG-Premier League,1819,2019-01-13 Tottenham Hotspur-Manchester Utd,Manchester United,66’,0:1,Ander Herrera,,yellow_card
ENG-Premier League,1819,2019-01-13 Tottenham Hotspur-Manchester Utd,Manchester United,73’,0:1,Romelu Lukaku,Anthony Martial,substitute_in
ENG-Premier League,1819,2019-01-13 Tottenham Hotspur-Manchester Utd,Manchester United,78’,0:1,Paul Pogba,,yellow_card
ENG-Premier League,1819,2019-01-13 Tottenham Hotspur-Manchester Utd,Tottenham Hotspur,81’,0:1,Fernando Llorente,Harry Winks,substitute_in
ENG-Premier League,1819,2019-01-13 Tottenham Hotspur-Manchester Utd,Manchester United,83’,0:1,Diogo Dalot,Jesse Lingard,substitute_in
ENG-Premier League,1819,2019-01-13 Tottenham Hotspur-Manchester Utd,Manchester United,90+2’,0:1,Scott McTominay,Paul Pogba,substitute_in
ENG-Premier League,1819,2019-04-26 Liverpool-Huddersfield Town,Liverpool,1’,1:0,Naby Keïta,Mohamed Salah,goal
ENG-Premier League,1819,2019-04-26 Liverpool-Huddersfield Town,Liverpool,23’,2:0,Sadio Mané,Andrew Robertson,goal
ENG-Premier League,1819,2019-04-26 Liverpool-Huddersfield Town,Liverpool,45+1’,3:0,Mohamed Salah,Trent Alexander-Arnold,goal
ENG-Premier League,1819,2019-04-26 Liverpool-Huddersfield Town,Huddersfield Town,65’,3:0,Chris Löwe,Steve Mounié,substitute_in
ENG-Premier League,1819,2019-04-26 Liverpool-Huddersfield Town,Liverpool,66’,4:0,Sadio Mané,Jordan Henderson,goal
ENG-Premier League,1819,2019-04-26 Liverpool-Huddersfield Town,Liverpool,73’,4:0,Alex Oxlade-Chamberlain,Daniel Sturridge,substitute_in
ENG-Premier League,1819,2019-04-26 Liverpool-Huddersfield Town,Liverpool,73’,4:0,Xherdan Shaqiri,Georginio Wijnaldum,substitute_in
ENG-Premier League,1819,2019-04-26 Liverpool-Huddersfield Town,Huddersfield Town,81’,4:0,Alex Pritchard,Jon Gorenc Stanković,substitute_in
ENG-Premier League,1819,2019-04-26 Liverpool-Huddersfield Town,Liverpool,83’,5:0,Mohamed Salah,Andrew Robertson,goal
ENG-Premier League,1819,2019-04-26 Liverpool-Huddersfield Town,Huddersfield Town,87’,5:0,Elias Kachunga,Isaac Mbenza,substitute_in
ENG-Premier League,1819,2019-04-26 Liverpool-Huddersfield Town,Liverpool,88’,5:0,Joe Gomez,Trent Alexander-Arnold,substitute_in
ENG-Premier League,1819,2018-08-18 Cardiff City-Newcastle United,Newcastle United,30’,0:0,Javier Manquillo,,yellow_card
ENG-Premier League,1819,2018-08-18 Cardiff City-Newcastle United,Newcastle United,3’,0:0,Matt Ritchie,,yellow_card
ENG-Premier League,1819,2018-08-18 Cardiff City-Newcastle United,Newcastle United,46’,0:0,Isaac Hayden,Javier Manquillo,substitute_in
ENG-Premier League,1819,2018-08-18 Cardiff City-Newcastle United,Cardiff City,62’,0:0,Víctor Camarasa,,yellow_card
ENG-Premier League,1819,2018-08-18 Cardiff City-Newcastle United,Newcastle United,65’,0:0,Yoshinori Mutō,Ayoze Pérez,substitute_in
ENG-Premier League,1819,2018-08-18 Cardiff City-Newcastle United,Newcastle United,66’,0:0,Isaac Hayden,,red_card
ENG-Premier League,1819,2018-08-18 Cardiff City-Newcastle United,Newcastle United,70’,0:0,Jacob Murphy,Matt Ritchie,substitute_in
ENG-Premier League,1819,2018-08-18 Cardiff City-Newcastle United,Cardiff City,76’,0:0,Bobby De Cordova-Reid,Víctor Camarasa,substitute_in
ENG-Premier League,1819,2018-08-18 Cardiff City-Newcastle United,Cardiff City,78’,0:0,Nathaniel Mendez-Laing,Josh Murphy,substitute_in
ENG-Premier League,1819,2018-08-18 Cardiff City-Newcastle United,Cardiff City,80’,0:0,Harry Arter,,yellow_card
ENG-Premier League,1819,2018-08-18 Cardiff City-Newcastle United,Cardiff City,83’,0:0,Callum Paterson,Junior Hoilett,substitute_in
ENG-Premier League,1819,2018-08-18 Cardiff City-Newcastle United,Newcastle United,90+6’,0:0,Kenedy,Neil Etheridge,penalty_miss
ENG-Premier League,1819,2018-10-06 Tottenham Hotspur-Cardiff City,Tottenham Hotspur,51’,1:0,Davinson Sánchez,,yellow_card
ENG-Premier League,1819,2018-10-06 Tottenham Hotspur-Cardiff City,Cardiff City,58’,1:0,Joe Ralls,,red_card
ENG-Premier League,1819,2018-10-06 Tottenham Hotspur-Cardiff City,Tottenham Hotspur,59’,1:0,Harry Kane,,yellow_card
ENG-Premier League,1819,2018-10-06 Tottenham Hotspur-Cardiff City,Tottenham Hotspur,68’,1:0,Toby Alderweireld,,yellow_card
ENG-Premier League,1819,2018-10-06 Tottenham Hotspur-Cardiff City,Tottenham Hotspur,72’,1:0,Érik Lamela,Son Heung-min,substitute_in
ENG-Premier League,1819,2018-10-06 Tottenham Hotspur-Cardiff City,Cardiff City,78’,1:0,Danny Ward,Callum Paterson,substitute_in
ENG-Premier League,1819,2018-10-06 Tottenham Hotspur-Cardiff City,Cardiff City,78’,1:0,Kadeem Harris,Junior Hoilett,substitute_in
ENG-Premier League,1819,2018-10-06 Tottenham Hotspur-Cardiff City,Tottenham Hotspur,85’,1:0,Victor Wanyama,Moussa Sissoko,substitute_in
ENG-Premier League,1819,2018-10-06 Tottenham Hotspur-Cardiff City,Cardiff City,85’,1:0,Bobby De Cordova-Reid,Danny Ward,substitute_in
ENG-Premier League,1819,2018-10-06 Tottenham Hotspur-Cardiff City,Tottenham Hotspur,88’,1:0,Ben Davies,Danny Rose,substitute_in
ENG-Premier League,1819,2018-10-06 Tottenham Hotspur-Cardiff City,Tottenham Hotspur,8’,1:0,Eric Dier,,goal
ENG-Premier League,1819,2018-10-06 Tottenham Hotspur-Cardiff City,Cardiff City,90+5’,1:0,Harry Arter,,yellow_card
ENG-Premier League,1819,2018-08-11 Wolves-Everton,Everton,14’,0:0,Richarlison,,yellow_card
ENG-Premier League,1819,2018-08-11 Wolves-Everton,Everton,17’,0:1,Richarlison,Michael Keane,goal
ENG-Premier League,1819,2018-08-11 Wolves-Everton,Everton,40’,0:1,Phil Jagielka,,red_card
ENG-Premier League,1819,2018-08-11 Wolves-Everton,Everton,43’,0:1,Mason Holgate,Gylfi Sigurðsson,substitute_in
ENG-Premier League,1819,2018-08-11 Wolves-Everton,Wolverhampton Wanderers,44’,1:1,Rúben Neves,,goal
ENG-Premier League,1819,2018-08-11 Wolves-Everton,Everton,67’,1:2,Richarlison,Cenk Tosun,goal
ENG-Premier League,1819,2018-08-11 Wolves-Everton,Wolverhampton Wanderers,71’,1:2,Léo Bonatini,Hélder Costa,substitute_in
ENG-Premier League,1819,2018-08-11 Wolves-Everton,Wolverhampton Wanderers,76’,1:2,Rúben Vinagre,Jonny Castro,substitute_in
ENG-Premier League,1819,2018-08-11 Wolves-Everton,Wolverhampton Wanderers,80’,2:2,Raúl Jiménez,Rúben Neves,goal
ENG-Premier League,1819,2018-08-11 Wolves-Everton,Everton,81’,2:2,Oumar Niasse,Cenk Tosun,substitute_in
ENG-Premier League,1819,2018-08-11 Wolves-Everton,Wolverhampton Wanderers,85’,2:2,Morgan Gibbs-White,João Moutinho,substitute_in
ENG-Premier League,1819,2018-08-11 Wolves-Everton,Everton,86’,2:2,Lucas Digne,Richarlison,substitute_in
ENG-Premier League,1819,2018-10-27 Liverpool-Cardiff City,Liverpool,10’,1:0,Mohamed Salah,,goal
ENG-Premier League,1819,2018-10-27 Liverpool-Cardiff City,Liverpool,61’,1:0,Xherdan Shaqiri,Adam Lallana,substitute_in
ENG-Premier League,1819,2018-10-27 Liverpool-Cardiff City,Liverpool,66’,2:0,Sadio Mané,,goal
ENG-Premier League,1819,2018-10-27 Liverpool-Cardiff City,Liverpool,71’,2:0,James Milner,Roberto Firmino,substitute_in
ENG-Premier League,1819,2018-10-27 Liverpool-Cardiff City,Cardiff City,73’,2:0,Loïc Damour,Aron Gunnarsson,substitute_in
ENG-Premier League,1819,2018-10-27 Liverpool-Cardiff City,Cardiff City,74’,2:0,Kadeem Harris,Josh Murphy,substitute_in
ENG-Premier League,1819,2018-10-27 Liverpool-Cardiff City,Cardiff City,77’,2:1,Callum Paterson,,goal
ENG-Premier League,1819,2018-10-27 Liverpool-Cardiff City,Cardiff City,83’,2:1,Kenneth Zohore,Bobby De Cordova-Reid,substitute_in
ENG-Premier League,1819,2018-10-27 Liverpool-Cardiff City,Liverpool,84’,3:1,Xherdan Shaqiri,Mohamed Salah,goal
ENG-Premier League,1819,2018-10-27 Liverpool-Cardiff City,Liverpool,87’,4:1,Sadio Mané,Mohamed Salah,goal
ENG-Premier League,1819,2018-12-08 Cardiff City-Southampton,Cardiff City,19’,0:0,Sean Morrison,,yellow_card
ENG-Premier League,1819,2018-12-08 Cardiff City-Southampton,Southampton,28’,0:0,Yan Valery,,yellow_card
ENG-Premier League,1819,2018-12-08 Cardiff City-Southampton,Southampton,46’,0:0,Jack Stephens,Yan Valery,substitute_in
ENG-Premier League,1819,2018-12-08 Cardiff City-Southampton,Cardiff City,66’,0:0,Joe Bennett,,yellow_card
ENG-Premier League,1819,2018-12-08 Cardiff City-Southampton,Cardiff City,67’,0:0,Junior Hoilett,Nathaniel Mendez-Laing,substitute_in
ENG-Premier League,1819,2018-12-08 Cardiff City-Southampton,Cardiff City,74’,1:0,Callum Paterson,,goal
ENG-Premier League,1819,2018-12-08 Cardiff City-Southampton,Southampton,74’,0:0,Oriol Romeu,,yellow_card
ENG-Premier League,1819,2018-12-08 Cardiff City-Southampton,Southampton,75’,1:0,Manolo Gabbiadini,Charlie Austin,substitute_in
ENG-Premier League,1819,2018-12-08 Cardiff City-Southampton,Southampton,80’,1:0,James Ward-Prowse,Oriol Romeu,substitute_in
ENG-Premier League,1819,2018-12-08 Cardiff City-Southampton,Cardiff City,85’,1:0,Kadeem Harris,Josh Murphy,substitute_in
ENG-Premier League,1819,2018-12-08 Cardiff City-Southampton,Cardiff City,90+1’,1:0,Joe Ralls,Harry Arter,substitute_in
ENG-Premier League,1819,2018-12-26 Fulham-Wolves,Fulham,44’,0:0,Calum Chambers,,yellow_card
ENG-Premier League,1819,2018-12-26 Fulham-Wolves,Wolverhampton Wanderers,44’,0:0,Romain Saïss,,yellow_card
ENG-Premier League,1819,2018-12-26 Fulham-Wolves,Fulham,45’,0:0,Cyrus Christie,,yellow_card
ENG-Premier League,1819,2018-12-26 Fulham-Wolves,Wolverhampton Wanderers,46’,0:0,Ivan Cavaleiro,Adama Traoré,substitute_in
ENG-Premier League,1819,2018-12-26 Fulham-Wolves,Wolverhampton Wanderers,63’,0:0,Hélder Costa,Morgan Gibbs-White,substitute_in
ENG-Premier League,1819,2018-12-26 Fulham-Wolves,Fulham,67’,0:0,Ryan Sessegnon,André Schürrle,substitute_in
ENG-Premier League,1819,2018-12-26 Fulham-Wolves,Fulham,73’,0:0,Tom Cairney,Aboubakar Kamara,substitute_in
ENG-Premier League,1819,2018-12-26 Fulham-Wolves,Fulham,74’,1:0,Ryan Sessegnon,,goal
ENG-Premier League,1819,2018-12-26 Fulham-Wolves,Fulham,82’,1:0,Kevin McDonald,Jean Seri,substitute_in
ENG-Premier League,1819,2018-12-26 Fulham-Wolves,Wolverhampton Wanderers,82’,1:0,Rúben Vinagre,Jonny Castro,substitute_in
ENG-Premier League,1819,2018-12-26 Fulham-Wolves,Wolverhampton Wanderers,85’,1:1,Romain Saïss,,goal
ENG-Premier League,1819,2018-10-28 Crystal Palace-Arsenal,Crystal Palace,45+1’,1:0,Luka Milivojević,,penalty_goal
ENG-Premier League,1819,2018-10-28 Crystal Palace-Arsenal,Arsenal,46’,1:0,Stephan Lichtsteiner,Héctor Bellerín,substitute_in
ENG-Premier League,1819,2018-10-28 Crystal Palace-Arsenal,Arsenal,51’,1:1,Granit Xhaka,,goal
ENG-Premier League,1819,2018-10-28 Crystal Palace-Arsenal,Arsenal,56’,1:2,Pierre-Emerick Aubameyang,,goal
ENG-Premier League,1819,2018-10-28 Crystal Palace-Arsenal,Crystal Palace,61’,1:2,Max Meyer,James McArthur,substitute_in
ENG-Premier League,1819,2018-10-28 Crystal Palace-Arsenal,Crystal Palace,64’,1:2,Alexander Sørloth,Jordan Ayew,substitute_in
ENG-Premier League,1819,2018-10-28 Crystal Palace-Arsenal,Arsenal,68’,1:2,Danny Welbeck,Mesut Özil,substitute_in
ENG-Premier League,1819,2018-10-28 Crystal Palace-Arsenal,Arsenal,78’,1:2,Aaron Ramsey,Pierre-Emerick Aubameyang,substitute_in
ENG-Premier League,1819,2018-10-28 Crystal Palace-Arsenal,Arsenal,79’,1:2,Stephan Lichtsteiner,,yellow_card
ENG-Premier League,1819,2018-10-28 Crystal Palace-Arsenal,Crystal Palace,83’,2:2,Luka Milivojević,,penalty_goal
ENG-Premier League,1819,2018-10-28 Crystal Palace-Arsenal,Crystal Palace,88’,2:2,Jason Puncheon,Cheikhou Kouyaté,substitute_in
ENG-Premier League,1819,2018-10-28 Crystal Palace-Arsenal,Crystal Palace,8’,0:0,Jordan Ayew,,yellow_card
ENG-Premier League,1819,2018-10-28 Crystal Palace-Arsenal,Arsenal,90+4’,2:2,Mattéo Guendouzi,,yellow_card
ENG-Premier League,1819,2019-03-16 Burnley-Leicester City,Leicester City,33’,0:1,James Maddison,,goal
ENG-Premier League,1819,2019-03-16 Burnley-Leicester City,Leicester City,34’,0:1,James Maddison,,yellow_card
ENG-Premier League,1819,2019-03-16 Burnley-Leicester City,Burnley,36’,0:1,Phil Bardsley,,yellow_card
ENG-Premier League,1819,2019-03-16 Burnley-Leicester City,Burnley,38’,1:1,Dwight McNeil,Charlie Taylor,goal
ENG-Premier League,1819,2019-03-16 Burnley-Leicester City,Leicester City,4’,0:0,Harry Maguire,,red_card
ENG-Premier League,1819,2019-03-16 Burnley-Leicester City,Leicester City,64’,1:1,Christian Fuchs,James Maddison,substitute_in
ENG-Premier League,1819,2019-03-16 Burnley-Leicester City,Leicester City,6’,0:0,Wes Morgan,Demarai Gray,substitute_in
ENG-Premier League,1819,2019-03-16 Burnley-Leicester City,Burnley,70’,1:1,Peter Crouch,Chris Wood,substitute_in
ENG-Premier League,1819,2019-03-16 Burnley-Leicester City,Leicester City,77’,1:1,Nampalys Mendy,Harvey Barnes,substitute_in
ENG-Premier League,1819,2019-03-16 Burnley-Leicester City,Burnley,79’,1:1,Robbie Brady,Jóhann Berg Guðmundsson,substitute_in
ENG-Premier League,1819,2019-03-16 Burnley-Leicester City,Burnley,90+1’,1:2,Matěj Vydra,Dwight McNeil,substitute_in
ENG-Premier League,1819,2019-03-16 Burnley-Leicester City,Leicester City,90’,1:2,Wes Morgan,,goal
ENG-Premier League,1819,2019-04-20 Bournemouth-Fulham,Bournemouth,23’,0:0,Jack Simpson,Junior Stanislas,substitute_in
ENG-Premier League,1819,2019-04-20 Bournemouth-Fulham,Fulham,53’,0:1,Aleksandar Mitrović,,penalty_goal
ENG-Premier League,1819,2019-04-20 Bournemouth-Fulham,Fulham,59’,0:1,Calum Chambers,,yellow_card
ENG-Premier League,1819,2019-04-20 Bournemouth-Fulham,Bournemouth,61’,0:1,Dominic Solanke,Joshua King,substitute_in
ENG-Premier League,1819,2019-04-20 Bournemouth-Fulham,Fulham,75’,0:1,Aleksandar Mitrović,,yellow_card
ENG-Premier League,1819,2019-04-20 Bournemouth-Fulham,Bournemouth,76’,0:1,Lys Mousset,Chris Mepham,substitute_in
ENG-Premier League,1819,2019-04-20 Bournemouth-Fulham,Fulham,79’,0:1,Cyrus Christie,Jean Seri,substitute_in
ENG-Premier League,1819,2019-04-20 Bournemouth-Fulham,Bournemouth,80’,0:1,Steve Cook,,yellow_card
ENG-Premier League,1819,2019-04-20 Bournemouth-Fulham,Fulham,86’,0:1,Floyd Ayité,Ryan Babel,substitute_in
ENG-Premier League,1819,2019-04-20 Bournemouth-Fulham,Fulham,89’,0:1,Håvard Nordtveit,Andre-Frank Zambo Anguissa,substitute_in
ENG-Premier League,1819,2019-04-20 Bournemouth-Fulham,Fulham,90+1’,0:1,Sergio Rico,,yellow_card
ENG-Premier League,1819,2018-09-22 Manchester Utd-Wolves,Manchester United,18’,1:0,Fred,Paul Pogba,goal
ENG-Premier League,1819,2018-09-22 Manchester Utd-Wolves,Manchester United,40’,1:0,Luke Shaw,,yellow_card
ENG-Premier League,1819,2018-09-22 Manchester Utd-Wolves,Wolverhampton Wanderers,53’,1:1,João Moutinho,Raúl Jiménez,goal
ENG-Premier League,1819,2018-09-22 Manchester Utd-Wolves,Wolverhampton Wanderers,61’,1:1,Rúben Neves,,yellow_card
ENG-Premier League,1819,2018-09-22 Manchester Utd-Wolves,Manchester United,63’,1:1,Juan Mata,Alexis Sánchez,substitute_in
ENG-Premier League,1819,2018-09-22 Manchester Utd-Wolves,Manchester United,63’,1:1,Anthony Martial,Fred,substitute_in
ENG-Premier League,1819,2018-09-22 Manchester Utd-Wolves,Manchester United,75’,1:1,Andreas Pereira,Jesse Lingard,substitute_in
ENG-Premier League,1819,2018-09-22 Manchester Utd-Wolves,Wolverhampton Wanderers,75’,1:1,Adama Traoré,Hélder Costa,substitute_in
ENG-Premier League,1819,2018-09-22 Manchester Utd-Wolves,Wolverhampton Wanderers,80’,1:1,Romain Saïss,João Moutinho,substitute_in
ENG-Premier League,1819,2018-09-22 Manchester Utd-Wolves,Wolverhampton Wanderers,87’,1:1,Morgan Gibbs-White,Diogo Jota,substitute_in
ENG-Premier League,1819,2018-09-01 Chelsea-Bournemouth,Bournemouth,20’,0:0,Dan Gosling,,yellow_card
ENG-Premier League,1819,2018-09-01 Chelsea-Bournemouth,Chelsea,33’,0:0,Marcos Alonso,,yellow_card
ENG-Premier League,1819,2018-09-01 Chelsea-Bournemouth,Chelsea,55’,0:0,N'Golo Kanté,,yellow_card
ENG-Premier League,1819,2018-09-01 Chelsea-Bournemouth,Chelsea,61’,0:0,Olivier Giroud,Álvaro Morata,substitute_in
ENG-Premier League,1819,2018-09-01 Chelsea-Bournemouth,Chelsea,65’,0:0,Pedro,Willian,substitute_in
ENG-Premier League,1819,2018-09-01 Chelsea-Bournemouth,Bournemouth,70’,0:0,Jefferson Lerma,,yellow_card
ENG-Premier League,1819,2018-09-01 Chelsea-Bournemouth,Chelsea,72’,1:0,Pedro,Olivier Giroud,goal
ENG-Premier League,1819,2018-09-01 Chelsea-Bournemouth,Chelsea,79’,1:0,Ruben Loftus-Cheek,Mateo Kovačić,substitute_in
ENG-Premier League,1819,2018-09-01 Chelsea-Bournemouth,Bournemouth,80’,1:0,Jordon Ibe,Adam Smith,substitute_in
ENG-Premier League,1819,2018-09-01 Chelsea-Bournemouth,Bournemouth,80’,1:0,Lys Mousset,Joshua King,substitute_in
ENG-Premier League,1819,2018-09-01 Chelsea-Bournemouth,Chelsea,85’,2:0,Eden Hazard,Marcos Alonso,goal
ENG-Premier League,1819,2018-09-01 Chelsea-Bournemouth,Bournemouth,88’,2:0,Lewis Cook,Jefferson Lerma,substitute_in
ENG-Premier League,1819,2018-12-01 Southampton-Manchester Utd,Southampton,13’,1:0,Stuart Armstrong,Michael Obafemi,goal
ENG-Premier League,1819,2018-12-01 Southampton-Manchester Utd,Manchester United,18’,1:0,Marcus Rashford,,yellow_card
ENG-Premier League,1819,2018-12-01 Southampton-Manchester Utd,Southampton,20’,2:0,Cédric Soares,,goal
ENG-Premier League,1819,2018-12-01 Southampton-Manchester Utd,Manchester United,33’,2:1,Romelu Lukaku,Marcus Rashford,goal
ENG-Premier League,1819,2018-12-01 Southampton-Manchester Utd,Southampton,35’,2:1,Pierre Højbjerg,,yellow_card
ENG-Premier League,1819,2018-12-01 Southampton-Manchester Utd,Manchester United,35’,2:1,Marouane Fellaini,,yellow_card
ENG-Premier League,1819,2018-12-01 Southampton-Manchester Utd,Manchester United,39’,2:2,Ander Herrera,Marcus Rashford,goal
ENG-Premier League,1819,2018-12-01 Southampton-Manchester Utd,Manchester United,53’,2:2,Paul Pogba,,yellow_card
ENG-Premier League,1819,2018-12-01 Southampton-Manchester Utd,Southampton,54’,2:2,Mario Lemina,,yellow_card
ENG-Premier League,1819,2018-12-01 Southampton-Manchester Utd,Southampton,59’,2:2,Jannik Vestergaard,,yellow_card
ENG-Premier League,1819,2018-12-01 Southampton-Manchester Utd,Southampton,64’,2:2,Manolo Gabbiadini,Michael Obafemi,substitute_in
ENG-Premier League,1819,2018-12-01 Southampton-Manchester Utd,Manchester United,72’,2:2,Diogo Dalot,Luke Shaw,substitute_in
ENG-Premier League,1819,2018-12-01 Southampton-Manchester Utd,Manchester United,77’,2:2,Anthony Martial,Marcus Rashford,substitute_in
ENG-Premier League,1819,2018-12-01 Southampton-Manchester Utd,Manchester United,86’,2:2,Jesse Lingard,Romelu Lukaku,substitute_in
ENG-Premier League,1819,2018-12-01 Southampton-Manchester Utd,Southampton,90+2’,2:2,Steven Davis,Mario Lemina,substitute_in
ENG-Premier League,1819,2018-12-01 Southampton-Manchester Utd,Manchester United,90+3’,2:2,Ashley Young,,yellow_card
ENG-Premier League,1819,2018-12-01 Southampton-Manchester Utd,Southampton,90+5’,2:2,Stuart Armstrong,,yellow_card
ENG-Premier League,1819,2019-02-02 Burnley-Southampton,Southampton,27’,0:0,Shane Long,Danny Ings,substitute_in
ENG-Premier League,1819,2019-02-02 Burnley-Southampton,Burnley,33’,0:0,Ashley Barnes,,yellow_card
ENG-Premier League,1819,2019-02-02 Burnley-Southampton,Burnley,35’,0:0,Phil Bardsley,,yellow_card
ENG-Premier League,1819,2019-02-02 Burnley-Southampton,Southampton,55’,0:1,Nathan Redmond,Jan Bednarek,goal
ENG-Premier League,1819,2019-02-02 Burnley-Southampton,Burnley,58’,0:1,Jóhann Berg Guðmundsson,Jeff Hendrick,substitute_in
ENG-Premier League,1819,2019-02-02 Burnley-Southampton,Burnley,76’,0:1,Peter Crouch,Chris Wood,substitute_in
ENG-Premier League,1819,2019-02-02 Burnley-Southampton,Southampton,77’,0:1,Yan Valery,Stuart Armstrong,substitute_in
ENG-Premier League,1819,2019-02-02 Burnley-Southampton,Burnley,81’,0:1,Robbie Brady,Dwight McNeil,substitute_in
ENG-Premier League,1819,2019-02-02 Burnley-Southampton,Burnley,84’,0:1,Ben Mee,,yellow_card
ENG-Premier League,1819,2019-02-02 Burnley-Southampton,Southampton,87’,0:1,Charlie Austin,Nathan Redmond,substitute_in
ENG-Premier League,1819,2019-02-02 Burnley-Southampton,Southampton,89’,0:1,Matt Targett,,yellow_card
ENG-Premier League,1819,2019-02-02 Burnley-Southampton,Burnley,90+4’,1:1,Ashley Barnes,,penalty_goal
ENG-Premier League,1819,2019-01-19 Liverpool-Crystal Palace,Crystal Palace,34’,0:1,Andros Townsend,Wilfried Zaha,goal
ENG-Premier League,1819,2019-01-19 Liverpool-Crystal Palace,Crystal Palace,42’,0:1,Jordan Ayew,,yellow_card
ENG-Premier League,1819,2019-01-19 Liverpool-Crystal Palace,Liverpool,46’,1:1,Mohamed Salah,,goal
ENG-Premier League,1819,2019-01-19 Liverpool-Crystal Palace,Liverpool,53’,2:1,Roberto Firmino,Naby Keïta,goal
ENG-Premier League,1819,2019-01-19 Liverpool-Crystal Palace,Crystal Palace,65’,2:2,James Tomkins,Luka Milivojević,goal
ENG-Premier League,1819,2019-01-19 Liverpool-Crystal Palace,Liverpool,71’,2:2,Xherdan Shaqiri,Naby Keïta,substitute_in
ENG-Premier League,1819,2019-01-19 Liverpool-Crystal Palace,Liverpool,75’,3:2,Mohamed Salah,,goal
ENG-Premier League,1819,2019-01-19 Liverpool-Crystal Palace,Crystal Palace,75’,3:2,Jeffrey Schlupp,Cheikhou Kouyaté,substitute_in
ENG-Premier League,1819,2019-01-19 Liverpool-Crystal Palace,Crystal Palace,81’,3:2,Max Meyer,James McArthur,substitute_in
ENG-Premier League,1819,2019-01-19 Liverpool-Crystal Palace,Crystal Palace,81’,3:2,Connor Wickham,Jordan Ayew,substitute_in
ENG-Premier League,1819,2019-01-19 Liverpool-Crystal Palace,Liverpool,82’,3:2,James Milner,,yellow_card
ENG-Premier League,1819,2019-01-19 Liverpool-Crystal Palace,Liverpool,87’,3:2,Adam Lallana,Fabinho,substitute_in
ENG-Premier League,1819,2019-01-19 Liverpool-Crystal Palace,Liverpool,89’,3:2,James Milner,,yellow_red_card
ENG-Premier League,1819,2019-01-19 Liverpool-Crystal Palace,Liverpool,90+3’,4:2,Sadio Mané,Andrew Robertson,goal
ENG-Premier League,1819,2019-01-19 Liverpool-Crystal Palace,Liverpool,90+4’,4:2,Rafael Camacho,Mohamed Salah,substitute_in
ENG-Premier League,1819,2019-01-19 Liverpool-Crystal Palace,Crystal Palace,90+5’,4:3,Max Meyer,Connor Wickham,goal
ENG-Premier League,1819,2018-12-04 Bournemouth-Huddersfield Town,Bournemouth,22’,2:0,Ryan Fraser,Callum Wilson,goal
ENG-Premier League,1819,2018-12-04 Bournemouth-Huddersfield Town,Huddersfield Town,38’,2:1,Terence Kongolo,Mathias Jørgensen,goal
ENG-Premier League,1819,2018-12-04 Bournemouth-Huddersfield Town,Huddersfield Town,57’,2:1,Aaron Mooy,,yellow_card
ENG-Premier League,1819,2018-12-04 Bournemouth-Huddersfield Town,Bournemouth,5’,1:0,Callum Wilson,Ryan Fraser,goal
ENG-Premier League,1819,2018-12-04 Bournemouth-Huddersfield Town,Huddersfield Town,61’,2:1,Philip Billing,,yellow_card
ENG-Premier League,1819,2018-12-04 Bournemouth-Huddersfield Town,Bournemouth,62’,2:1,Junior Stanislas,David Brooks,substitute_in
ENG-Premier League,1819,2018-12-04 Bournemouth-Huddersfield Town,Bournemouth,64’,2:1,Charlie Daniels,,yellow_card
ENG-Premier League,1819,2018-12-04 Bournemouth-Huddersfield Town,Bournemouth,73’,2:1,Simon Francis,,yellow_card
ENG-Premier League,1819,2018-12-04 Bournemouth-Huddersfield Town,Huddersfield Town,75’,2:1,Abdelhamid Sabiri,Philip Billing,substitute_in
ENG-Premier League,1819,2018-12-04 Bournemouth-Huddersfield Town,Huddersfield Town,75’,2:1,Isaac Mbenza,Terence Kongolo,substitute_in
ENG-Premier League,1819,2018-12-04 Bournemouth-Huddersfield Town,Huddersfield Town,78’,2:1,Ramadan Sobhi,Abdelhamid Sabiri,substitute_in
ENG-Premier League,1819,2018-12-04 Bournemouth-Huddersfield Town,Bournemouth,87’,2:1,Lys Mousset,Ryan Fraser,substitute_in
ENG-Premier League,1819,2018-12-04 Bournemouth-Huddersfield Town,Bournemouth,90+3’,2:1,Tyrone Mings,Joshua King,substitute_in
ENG-Premier League,1819,2018-12-04 Bournemouth-Huddersfield Town,Bournemouth,90+4’,2:1,Lewis Cook,,yellow_card
ENG-Premier League,1819,2018-12-04 Bournemouth-Huddersfield Town,Bournemouth,90’,2:1,Lys Mousset,,yellow_card
ENG-Premier League,1819,2019-02-09 Huddersfield Town-Arsenal,Arsenal,16’,0:1,Alex Iwobi,Sead Kolašinac,goal
ENG-Premier League,1819,2019-02-09 Huddersfield Town-Arsenal,Huddersfield Town,36’,0:1,Christopher Schindler,,yellow_card
ENG-Premier League,1819,2019-02-09 Huddersfield Town-Arsenal,Arsenal,44’,0:2,Alexandre Lacazette,Ainsley Maitland-Niles,goal
ENG-Premier League,1819,2019-02-09 Huddersfield Town-Arsenal,Huddersfield Town,49’,0:2,Terence Kongolo,,yellow_card
ENG-Premier League,1819,2019-02-09 Huddersfield Town-Arsenal,Arsenal,55’,0:2,Ainsley Maitland-Niles,,yellow_card
ENG-Premier League,1819,2019-02-09 Huddersfield Town-Arsenal,Huddersfield Town,56’,0:2,Erik Durm,Terence Kongolo,substitute_in
ENG-Premier League,1819,2019-02-09 Huddersfield Town-Arsenal,Arsenal,59’,0:2,Mohamed Elneny,Lucas Torreira,substitute_in
ENG-Premier League,1819,2019-02-09 Huddersfield Town-Arsenal,Huddersfield Town,66’,0:2,Laurent Depoitre,Jason Puncheon,substitute_in
ENG-Premier League,1819,2019-02-09 Huddersfield Town-Arsenal,Arsenal,76’,0:2,Denis Suárez,Henrikh Mkhitaryan,substitute_in
ENG-Premier League,1819,2019-02-09 Huddersfield Town-Arsenal,Huddersfield Town,83’,0:2,Karlan Grant,Elias Kachunga,substitute_in
ENG-Premier League,1819,2019-02-09 Huddersfield Town-Arsenal,Arsenal,88’,0:2,Joe Willock,Alex Iwobi,substitute_in
ENG-Premier League,1819,2019-02-09 Huddersfield Town-Arsenal,Huddersfield Town,90+3’,1:2,Sead Kolašinac,,own_goal
ENG-Premier League,1819,2019-02-09 Huddersfield Town-Arsenal,Huddersfield Town,90+3’,1:2,Adama Diakhaby,,yellow_card
ENG-Premier League,1819,2019-02-09 Huddersfield Town-Arsenal,Arsenal,90+3’,1:2,Sead Kolašinac,,yellow_card
ENG-Premier League,1819,2019-02-27 Chelsea-Tottenham Hotspur,Chelsea,57’,1:0,Pedro,César Azpilicueta,goal
ENG-Premier League,1819,2019-02-27 Chelsea-Tottenham Hotspur,Chelsea,60’,1:0,Willian,Eden Hazard,substitute_in
ENG-Premier League,1819,2019-02-27 Chelsea-Tottenham Hotspur,Tottenham Hotspur,70’,1:0,Fernando Llorente,Érik Lamela,substitute_in
ENG-Premier League,1819,2019-02-27 Chelsea-Tottenham Hotspur,Chelsea,77’,1:0,Ruben Loftus-Cheek,Mateo Kovačić,substitute_in
ENG-Premier League,1819,2019-02-27 Chelsea-Tottenham Hotspur,Tottenham Hotspur,80’,1:0,Lucas Moura,Son Heung-min,substitute_in
ENG-Premier League,1819,2019-02-27 Chelsea-Tottenham Hotspur,Chelsea,84’,1:0,Olivier Giroud,Gonzalo Higuaín,substitute_in
ENG-Premier League,1819,2019-02-27 Chelsea-Tottenham Hotspur,Chelsea,84’,2:0,Kieran Trippier,,own_goal
ENG-Premier League,1819,2019-02-27 Chelsea-Tottenham Hotspur,Tottenham Hotspur,85’,2:0,Danny Rose,Moussa Sissoko,substitute_in
ENG-Premier League,1819,2019-02-27 Chelsea-Tottenham Hotspur,Chelsea,90+4’,2:0,David Luiz,,yellow_card
ENG-Premier League,1819,2019-02-27 Chelsea-Tottenham Hotspur,Tottenham Hotspur,90+4’,2:0,Harry Kane,,yellow_card
ENG-Premier League,1819,2019-01-02 Bournemouth-Watford,Watford,14’,0:1,Troy Deeney,Ken Sema,goal
ENG-Premier League,1819,2019-01-02 Bournemouth-Watford,Watford,27’,0:2,Troy Deeney,,goal
ENG-Premier League,1819,2019-01-02 Bournemouth-Watford,Watford,29’,0:2,Abdoulaye Doucouré,,yellow_card
ENG-Premier League,1819,2019-01-02 Bournemouth-Watford,Watford,33’,0:2,Troy Deeney,,yellow_card
ENG-Premier League,1819,2019-01-02 Bournemouth-Watford,Bournemouth,34’,1:2,Nathan Aké,,goal
ENG-Premier League,1819,2019-01-02 Bournemouth-Watford,Bournemouth,37’,2:2,Callum Wilson,Ryan Fraser,goal
ENG-Premier League,1819,2019-01-02 Bournemouth-Watford,Watford,38’,2:3,Ken Sema,Troy Deeney,goal
ENG-Premier League,1819,2019-01-02 Bournemouth-Watford,Bournemouth,40’,3:3,Ryan Fraser,Junior Stanislas,goal
ENG-Premier League,1819,2019-01-02 Bournemouth-Watford,Watford,50’,3:3,Étienne Capoue,,yellow_card
ENG-Premier League,1819,2019-01-02 Bournemouth-Watford,Watford,56’,3:3,Tom Cleverley,Abdoulaye Doucouré,substitute_in
ENG-Premier League,1819,2019-01-02 Bournemouth-Watford,Bournemouth,60’,3:3,Dan Gosling,,yellow_card
ENG-Premier League,1819,2019-01-02 Bournemouth-Watford,Watford,71’,3:3,Will Hughes,Ken Sema,substitute_in
ENG-Premier League,1819,2019-01-02 Bournemouth-Watford,Bournemouth,81’,3:3,Jordon Ibe,Callum Wilson,substitute_in
ENG-Premier League,1819,2019-01-02 Bournemouth-Watford,Bournemouth,82’,3:3,Lys Mousset,Ryan Fraser,substitute_in
ENG-Premier League,1819,2019-01-02 Bournemouth-Watford,Watford,89’,3:3,José Holebas,,yellow_card
ENG-Premier League,1819,2019-01-02 Bournemouth-Watford,Watford,90’,3:3,Isaac Success,Gerard Deulofeu,substitute_in
ENG-Premier League,1819,2019-02-23 Bournemouth-Wolves,Bournemouth,14’,1:0,Joshua King,,penalty_goal
ENG-Premier League,1819,2019-02-23 Bournemouth-Wolves,Bournemouth,1’,0:0,Adam Smith,,yellow_card
ENG-Premier League,1819,2019-02-23 Bournemouth-Wolves,Wolverhampton Wanderers,21’,1:0,Diogo Jota,,yellow_card
ENG-Premier League,1819,2019-02-23 Bournemouth-Wolves,Wolverhampton Wanderers,42’,1:0,Leander Dendoncker,,yellow_card
ENG-Premier League,1819,2019-02-23 Bournemouth-Wolves,Wolverhampton Wanderers,57’,1:0,Ryan Bennett,,yellow_card
ENG-Premier League,1819,2019-02-23 Bournemouth-Wolves,Wolverhampton Wanderers,66’,1:0,Ivan Cavaleiro,Diogo Jota,substitute_in
ENG-Premier League,1819,2019-02-23 Bournemouth-Wolves,Bournemouth,70’,1:0,Jefferson Lerma,,yellow_card
ENG-Premier League,1819,2019-02-23 Bournemouth-Wolves,Wolverhampton Wanderers,77’,1:0,Raúl Jiménez,,yellow_card
ENG-Premier League,1819,2019-02-23 Bournemouth-Wolves,Wolverhampton Wanderers,77’,1:0,Adama Traoré,Leander Dendoncker,substitute_in
ENG-Premier League,1819,2019-02-23 Bournemouth-Wolves,Wolverhampton Wanderers,83’,1:1,Raúl Jiménez,,penalty_goal
ENG-Premier League,1819,2019-02-23 Bournemouth-Wolves,Wolverhampton Wanderers,85’,1:1,Rúben Neves,,yellow_card
ENG-Premier League,1819,2019-02-23 Bournemouth-Wolves,Bournemouth,85’,1:1,Joshua King,,penalty_miss
ENG-Premier League,1819,2019-02-23 Bournemouth-Wolves,Wolverhampton Wanderers,88’,1:1,Romain Saïss,Raúl Jiménez,substitute_in
ENG-Premier League,1819,2019-02-23 Bournemouth-Wolves,Bournemouth,90+1’,1:1,Lys Mousset,Dominic Solanke,substitute_in
ENG-Premier League,1819,2019-02-23 Bournemouth-Wolves,Bournemouth,90+4’,1:1,Dan Gosling,,yellow_card
ENG-Premier League,1819,2019-02-23 Bournemouth-Wolves,Bournemouth,90+5’,1:1,Artur Boruc,,yellow_card
ENG-Premier League,1819,2019-02-23 Bournemouth-Wolves,Wolverhampton Wanderers,90+7’,1:1,Rui Patrício,,yellow_card
ENG-Premier League,1819,2018-08-18 Chelsea-Arsenal,Chelsea,20’,2:0,Álvaro Morata,César Azpilicueta,goal
ENG-Premier League,1819,2018-08-18 Chelsea-Arsenal,Arsenal,27’,2:0,Granit Xhaka,,yellow_card
ENG-Premier League,1819,2018-08-18 Chelsea-Arsenal,Arsenal,37’,2:1,Henrikh Mkhitaryan,,goal
ENG-Premier League,1819,2018-08-18 Chelsea-Arsenal,Arsenal,41’,2:2,Alex Iwobi,Henrikh Mkhitaryan,goal
ENG-Premier League,1819,2018-08-18 Chelsea-Arsenal,Arsenal,46’,2:2,Lucas Torreira,Granit Xhaka,substitute_in
ENG-Premier League,1819,2018-08-18 Chelsea-Arsenal,Chelsea,60’,2:2,Mateo Kovačić,Ross Barkley,substitute_in
ENG-Premier League,1819,2018-08-18 Chelsea-Arsenal,Chelsea,61’,2:2,Eden Hazard,Willian,substitute_in
ENG-Premier League,1819,2018-08-18 Chelsea-Arsenal,Arsenal,68’,2:2,Aaron Ramsey,Mesut Özil,substitute_in
ENG-Premier League,1819,2018-08-18 Chelsea-Arsenal,Chelsea,75’,2:2,Olivier Giroud,Álvaro Morata,substitute_in
ENG-Premier League,1819,2018-08-18 Chelsea-Arsenal,Arsenal,75’,2:2,Alexandre Lacazette,Alex Iwobi,substitute_in
ENG-Premier League,1819,2018-08-18 Chelsea-Arsenal,Arsenal,77’,2:2,Shkodran Mustafi,,yellow_card
ENG-Premier League,1819,2018-08-18 Chelsea-Arsenal,Chelsea,81’,3:2,Marcos Alonso,Eden Hazard,goal
ENG-Premier League,1819,2018-08-18 Chelsea-Arsenal,Chelsea,9’,1:0,Pedro,Marcos Alonso,goal
ENG-Premier League,1819,2018-10-22 Arsenal-Leicester City,Arsenal,17’,0:0,Rob Holding,,yellow_card
ENG-Premier League,1819,2018-10-22 Arsenal-Leicester City,Leicester City,31’,0:1,Héctor Bellerín,,own_goal
ENG-Premier League,1819,2018-10-22 Arsenal-Leicester City,Arsenal,35’,0:1,Granit Xhaka,,yellow_card
ENG-Premier League,1819,2018-10-22 Arsenal-Leicester City,Arsenal,45’,1:1,Mesut Özil,Héctor Bellerín,goal
ENG-Premier League,1819,2018-10-22 Arsenal-Leicester City,Arsenal,61’,1:1,Pierre-Emerick Aubameyang,Stephan Lichtsteiner,substitute_in
ENG-Premier League,1819,2018-10-22 Arsenal-Leicester City,Arsenal,61’,1:1,Mattéo Guendouzi,Henrikh Mkhitaryan,substitute_in
ENG-Premier League,1819,2018-10-22 Arsenal-Leicester City,Leicester City,61’,1:1,Marc Albrighton,Kelechi Iheanacho,substitute_in
ENG-Premier League,1819,2018-10-22 Arsenal-Leicester City,Arsenal,63’,2:1,Pierre-Emerick Aubameyang,Héctor Bellerín,goal
ENG-Premier League,1819,2018-10-22 Arsenal-Leicester City,Leicester City,64’,2:1,Marc Albrighton,,yellow_card
ENG-Premier League,1819,2018-10-22 Arsenal-Leicester City,Leicester City,65’,2:1,Ricardo Pereira,,yellow_card
ENG-Premier League,1819,2018-10-22 Arsenal-Leicester City,Arsenal,66’,3:1,Pierre-Emerick Aubameyang,Mesut Özil,goal
ENG-Premier League,1819,2018-10-22 Arsenal-Leicester City,Leicester City,69’,3:1,Rachid Ghezzal,Ricardo Pereira,substitute_in
ENG-Premier League,1819,2018-10-22 Arsenal-Leicester City,Leicester City,75’,3:1,Shinji Okazaki,James Maddison,substitute_in
ENG-Premier League,1819,2018-10-22 Arsenal-Leicester City,Arsenal,80’,3:1,Aaron Ramsey,Mesut Özil,substitute_in
ENG-Premier League,1819,2019-04-24 Manchester Utd-Manchester City,Manchester City,10’,0:0,Vincent Kompany,,yellow_card
ENG-Premier League,1819,2019-04-24 Manchester Utd-Manchester City,Manchester United,24’,0:0,Andreas Pereira,,yellow_card
ENG-Premier League,1819,2019-04-24 Manchester Utd-Manchester City,Manchester City,26’,0:0,Oleksandr Zinchenko,,yellow_card
ENG-Premier League,1819,2019-04-24 Manchester Utd-Manchester City,Manchester City,51’,0:0,Leroy Sané,Fernandinho,substitute_in
ENG-Premier League,1819,2019-04-24 Manchester Utd-Manchester City,Manchester City,54’,0:1,Bernardo Silva,İlkay Gündoğan,goal
ENG-Premier League,1819,2019-04-24 Manchester Utd-Manchester City,Manchester City,66’,0:2,Leroy Sané,Raheem Sterling,goal
ENG-Premier League,1819,2019-04-24 Manchester Utd-Manchester City,Manchester United,72’,0:2,Romelu Lukaku,Andreas Pereira,substitute_in
ENG-Premier League,1819,2019-04-24 Manchester Utd-Manchester City,Manchester United,83’,0:2,Alexis Sánchez,Matteo Darmian,substitute_in
ENG-Premier League,1819,2019-04-24 Manchester Utd-Manchester City,Manchester United,83’,0:2,Anthony Martial,Jesse Lingard,substitute_in
ENG-Premier League,1819,2019-04-24 Manchester Utd-Manchester City,Manchester United,89’,0:2,Luke Shaw,,yellow_card
ENG-Premier League,1819,2019-04-24 Manchester Utd-Manchester City,Manchester City,89’,0:2,Gabriel Jesus,Sergio Agüero,substitute_in
ENG-Premier League,1819,2019-04-24 Manchester Utd-Manchester City,Manchester City,89’,0:2,Danilo,İlkay Gündoğan,substitute_in
ENG-Premier League,1819,2018-12-08 Arsenal-Huddersfield Town,Arsenal,24’,0:0,Granit Xhaka,,yellow_card
ENG-Premier League,1819,2018-12-08 Arsenal-Huddersfield Town,Huddersfield Town,35’,0:0,Alex Pritchard,,yellow_card
ENG-Premier League,1819,2018-12-08 Arsenal-Huddersfield Town,Arsenal,38’,0:0,Stephan Lichtsteiner,,yellow_card
ENG-Premier League,1819,2018-12-08 Arsenal-Huddersfield Town,Huddersfield Town,38’,0:0,Danny Williams,,yellow_card
ENG-Premier League,1819,2018-12-08 Arsenal-Huddersfield Town,Huddersfield Town,39’,0:0,Tommy Smith,,yellow_card
ENG-Premier League,1819,2018-12-08 Arsenal-Huddersfield Town,Arsenal,40’,0:0,Sokratis Papastathopoulos,,yellow_card
ENG-Premier League,1819,2018-12-08 Arsenal-Huddersfield Town,Arsenal,45+2’,0:0,Shkodran Mustafi,,yellow_card
ENG-Premier League,1819,2018-12-08 Arsenal-Huddersfield Town,Arsenal,46’,0:0,Henrikh Mkhitaryan,Alexandre Lacazette,substitute_in
ENG-Premier League,1819,2018-12-08 Arsenal-Huddersfield Town,Arsenal,46’,0:0,Alex Iwobi,Stephan Lichtsteiner,substitute_in
ENG-Premier League,1819,2018-12-08 Arsenal-Huddersfield Town,Huddersfield Town,52’,0:0,Juninho Bacuna,Jonathan Hogg,substitute_in
ENG-Premier League,1819,2018-12-08 Arsenal-Huddersfield Town,Huddersfield Town,60’,0:0,Florent Hadergjonaj,Tommy Smith,substitute_in
ENG-Premier League,1819,2018-12-08 Arsenal-Huddersfield Town,Arsenal,66’,0:0,Nacho Monreal,Shkodran Mustafi,substitute_in
ENG-Premier League,1819,2018-12-08 Arsenal-Huddersfield Town,Huddersfield Town,70’,0:0,Erik Durm,Danny Williams,substitute_in
ENG-Premier League,1819,2018-12-08 Arsenal-Huddersfield Town,Arsenal,80’,0:0,Mattéo Guendouzi,,yellow_card
ENG-Premier League,1819,2018-12-08 Arsenal-Huddersfield Town,Arsenal,83’,1:0,Lucas Torreira,Pierre-Emerick Aubameyang,goal
ENG-Premier League,1819,2018-12-08 Arsenal-Huddersfield Town,Huddersfield Town,85’,1:0,Juninho Bacuna,,yellow_card
ENG-Premier League,1819,2019-04-22 Chelsea-Burnley,Chelsea,12’,1:1,N'Golo Kanté,Eden Hazard,goal
ENG-Premier League,1819,2019-04-22 Chelsea-Burnley,Chelsea,14’,2:1,Gonzalo Higuaín,César Azpilicueta,goal
ENG-Premier League,1819,2019-04-22 Chelsea-Burnley,Burnley,24’,2:2,Ashley Barnes,Chris Wood,goal
ENG-Premier League,1819,2019-04-22 Chelsea-Burnley,Burnley,32’,2:2,Tom Heaton,,yellow_card
ENG-Premier League,1819,2019-04-22 Chelsea-Burnley,Chelsea,41’,2:2,Pedro,Callum Hudson-Odoi,substitute_in
ENG-Premier League,1819,2019-04-22 Chelsea-Burnley,Chelsea,46’,2:2,Mateo Kovačić,N'Golo Kanté,substitute_in
ENG-Premier League,1819,2019-04-22 Chelsea-Burnley,Chelsea,77’,2:2,Olivier Giroud,Gonzalo Higuaín,substitute_in
ENG-Premier League,1819,2019-04-22 Chelsea-Burnley,Burnley,8’,0:1,Jeff Hendrick,,goal
ENG-Premier League,1819,2019-04-22 Chelsea-Burnley,Chelsea,90+2’,2:2,Pedro,,yellow_card
ENG-Premier League,1819,2019-04-22 Chelsea-Burnley,Chelsea,90+4’,2:2,Mateo Kovačić,,yellow_card
ENG-Premier League,1819,2019-03-30 Crystal Palace-Huddersfield Town,Crystal Palace,46’,0:0,James McArthur,Max Meyer,substitute_in
ENG-Premier League,1819,2019-03-30 Crystal Palace-Huddersfield Town,Crystal Palace,73’,0:0,Christian Benteke,Michy Batshuayi,substitute_in
ENG-Premier League,1819,2019-03-30 Crystal Palace-Huddersfield Town,Crystal Palace,76’,1:0,Luka Milivojević,,penalty_goal
ENG-Premier League,1819,2019-03-30 Crystal Palace-Huddersfield Town,Crystal Palace,80’,1:0,Cheikhou Kouyaté,Andros Townsend,substitute_in
ENG-Premier League,1819,2019-03-30 Crystal Palace-Huddersfield Town,Huddersfield Town,80’,1:0,Elias Kachunga,Chris Löwe,substitute_in
ENG-Premier League,1819,2019-03-30 Crystal Palace-Huddersfield Town,Huddersfield Town,80’,1:0,Danny Williams,Juninho Bacuna,substitute_in
ENG-Premier League,1819,2019-03-30 Crystal Palace-Huddersfield Town,Crystal Palace,88’,2:0,Patrick van Aanholt,Wilfried Zaha,goal
ENG-Premier League,1819,2019-03-30 Crystal Palace-Huddersfield Town,Huddersfield Town,90+4’,2:0,Jon Gorenc Stanković,Alex Pritchard,substitute_in
ENG-Premier League,1819,2018-09-23 Arsenal-Everton,Arsenal,15’,0:0,Lucas Torreira,,yellow_card
ENG-Premier League,1819,2018-09-23 Arsenal-Everton,Everton,27’,0:0,Lucas Digne,,yellow_card
ENG-Premier League,1819,2018-09-23 Arsenal-Everton,Arsenal,30’,0:0,Sokratis Papastathopoulos,,yellow_card
ENG-Premier League,1819,2018-09-23 Arsenal-Everton,Arsenal,39’,0:0,Rob Holding,Sokratis Papastathopoulos,substitute_in
ENG-Premier League,1819,2018-09-23 Arsenal-Everton,Arsenal,56’,1:0,Alexandre Lacazette,Aaron Ramsey,goal
ENG-Premier League,1819,2018-09-23 Arsenal-Everton,Arsenal,59’,2:0,Pierre-Emerick Aubameyang,Aaron Ramsey,goal
ENG-Premier League,1819,2018-09-23 Arsenal-Everton,Arsenal,69’,2:0,Alex Iwobi,Pierre-Emerick Aubameyang,substitute_in
ENG-Premier League,1819,2018-09-23 Arsenal-Everton,Everton,72’,2:0,Bernard,Theo Walcott,substitute_in
ENG-Premier League,1819,2018-09-23 Arsenal-Everton,Everton,72’,2:0,Cenk Tosun,Dominic Calvert-Lewin,substitute_in
ENG-Premier League,1819,2018-09-23 Arsenal-Everton,Arsenal,80’,2:0,Danny Welbeck,Aaron Ramsey,substitute_in
ENG-Premier League,1819,2018-08-25 Wolves-Manchester City,Manchester City,12’,0:0,Vincent Kompany,,yellow_card
ENG-Premier League,1819,2018-08-25 Wolves-Manchester City,Wolverhampton Wanderers,41’,0:0,Conor Coady,,yellow_card
ENG-Premier League,1819,2018-08-25 Wolves-Manchester City,Wolverhampton Wanderers,57’,1:0,Willy Boly,João Moutinho,goal
ENG-Premier League,1819,2018-08-25 Wolves-Manchester City,Manchester City,60’,1:0,David Silva,,yellow_card
ENG-Premier League,1819,2018-08-25 Wolves-Manchester City,Manchester City,62’,1:0,Gabriel Jesus,Bernardo Silva,substitute_in
ENG-Premier League,1819,2018-08-25 Wolves-Manchester City,Manchester City,69’,1:1,Aymeric Laporte,İlkay Gündoğan,goal
ENG-Premier League,1819,2018-08-25 Wolves-Manchester City,Wolverhampton Wanderers,72’,1:1,Adama Traoré,Hélder Costa,substitute_in
ENG-Premier League,1819,2018-08-25 Wolves-Manchester City,Manchester City,77’,1:1,Leroy Sané,İlkay Gündoğan,substitute_in
ENG-Premier League,1819,2018-08-25 Wolves-Manchester City,Wolverhampton Wanderers,85’,1:1,Rúben Vinagre,Jonny Castro,substitute_in
ENG-Premier League,1819,2018-08-25 Wolves-Manchester City,Manchester City,85’,1:1,Riyad Mahrez,Raheem Sterling,substitute_in
ENG-Premier League,1819,2019-03-16 Bournemouth-Newcastle United,Bournemouth,19’,0:0,Jefferson Lerma,,yellow_card
ENG-Premier League,1819,2019-03-16 Bournemouth-Newcastle United,Bournemouth,45+4’,0:0,Jordon Ibe,,yellow_card
ENG-Premier League,1819,2019-03-16 Bournemouth-Newcastle United,Newcastle United,45+5’,0:1,Salomón Rondón,,goal
ENG-Premier League,1819,2019-03-16 Bournemouth-Newcastle United,Bournemouth,48’,1:1,Joshua King,,penalty_goal
ENG-Premier League,1819,2019-03-16 Bournemouth-Newcastle United,Newcastle United,72’,1:1,Christian Atsu,Ayoze Pérez,substitute_in
ENG-Premier League,1819,2019-03-16 Bournemouth-Newcastle United,Bournemouth,75’,1:1,Dominic Solanke,Jordon Ibe,substitute_in
ENG-Premier League,1819,2019-03-16 Bournemouth-Newcastle United,Newcastle United,75’,1:1,Isaac Hayden,,yellow_card
ENG-Premier League,1819,2019-03-16 Bournemouth-Newcastle United,Bournemouth,81’,2:1,Joshua King,Dominic Solanke,goal
ENG-Premier League,1819,2019-03-16 Bournemouth-Newcastle United,Newcastle United,82’,2:1,Yoshinori Mutō,Miguel Almirón,substitute_in
ENG-Premier League,1819,2019-03-16 Bournemouth-Newcastle United,Bournemouth,83’,2:1,Charlie Daniels,,yellow_card
ENG-Premier League,1819,2019-03-16 Bournemouth-Newcastle United,Newcastle United,83’,2:1,Jonjo Shelvey,Mohamed Diamé,substitute_in
ENG-Premier League,1819,2019-03-16 Bournemouth-Newcastle United,Newcastle United,90+4’,2:2,Matt Ritchie,DeAndre Yedlin,goal
ENG-Premier League,1819,2019-03-16 Bournemouth-Newcastle United,Newcastle United,9’,0:0,Ayoze Pérez,,yellow_card
ENG-Premier League,1819,2018-10-20 Newcastle United-Brighton,Brighton & Hove Albion,16’,0:0,Jürgen Locadia,Glenn Murray,substitute_in
ENG-Premier League,1819,2018-10-20 Newcastle United-Brighton,Brighton & Hove Albion,29’,0:1,Beram Kayal,José Izquierdo,goal
ENG-Premier League,1819,2018-10-20 Newcastle United-Brighton,Brighton & Hove Albion,43’,0:1,Beram Kayal,,yellow_card
ENG-Premier League,1819,2018-10-20 Newcastle United-Brighton,Brighton & Hove Albion,68’,0:1,Bernardo,Bruno,substitute_in
ENG-Premier League,1819,2018-10-20 Newcastle United-Brighton,Newcastle United,74’,0:1,Joselu,Yoshinori Mutō,substitute_in
ENG-Premier League,1819,2018-10-20 Newcastle United-Brighton,Brighton & Hove Albion,74’,0:1,Alireza Jahanbakhsh,,yellow_card
ENG-Premier League,1819,2018-10-20 Newcastle United-Brighton,Brighton & Hove Albion,80’,0:1,Yves Bissouma,José Izquierdo,substitute_in
ENG-Premier League,1819,2019-01-02 Chelsea-Southampton,Southampton,30’,0:0,Jan Bednarek,,yellow_card
ENG-Premier League,1819,2019-01-02 Chelsea-Southampton,Chelsea,37’,0:0,Ruben Loftus-Cheek,Willian,substitute_in
ENG-Premier League,1819,2019-01-02 Chelsea-Southampton,Southampton,46’,0:0,Shane Long,Danny Ings,substitute_in
ENG-Premier League,1819,2019-01-02 Chelsea-Southampton,Chelsea,68’,0:0,Cesc Fàbregas,Ross Barkley,substitute_in
ENG-Premier League,1819,2019-01-02 Chelsea-Southampton,Chelsea,74’,0:0,Antonio Rüdiger,,yellow_card
ENG-Premier League,1819,2019-01-02 Chelsea-Southampton,Southampton,79’,0:0,Oriol Romeu,,yellow_card
ENG-Premier League,1819,2019-01-02 Chelsea-Southampton,Southampton,89’,0:0,Charlie Austin,Stuart Armstrong,substitute_in
ENG-Premier League,1819,2019-01-02 Chelsea-Southampton,Southampton,90+5’,0:0,Jack Stephens,Nathan Redmond,substitute_in
ENG-Premier League,1819,2018-09-01 Everton-Huddersfield Town,Huddersfield Town,34’,0:1,Philip Billing,,goal
ENG-Premier League,1819,2018-09-01 Everton-Huddersfield Town,Everton,36’,1:1,Dominic Calvert-Lewin,Lucas Digne,goal
ENG-Premier League,1819,2018-09-01 Everton-Huddersfield Town,Huddersfield Town,4’,0:0,Philip Billing,,yellow_card
ENG-Premier League,1819,2018-09-01 Everton-Huddersfield Town,Everton,55’,1:1,Mason Holgate,,yellow_card
ENG-Premier League,1819,2018-09-01 Everton-Huddersfield Town,Everton,57’,1:1,Ademola Lookman,Theo Walcott,substitute_in
ENG-Premier League,1819,2018-09-01 Everton-Huddersfield Town,Huddersfield Town,60’,1:1,Elias Kachunga,Adama Diakhaby,substitute_in
ENG-Premier League,1819,2018-09-01 Everton-Huddersfield Town,Everton,63’,1:1,Tom Davies,,yellow_card
ENG-Premier League,1819,2018-09-01 Everton-Huddersfield Town,Huddersfield Town,73’,1:1,Florent Hadergjonaj,,yellow_card
ENG-Premier League,1819,2018-09-01 Everton-Huddersfield Town,Everton,76’,1:1,Leighton Baines,Lucas Digne,substitute_in
ENG-Premier League,1819,2018-09-01 Everton-Huddersfield Town,Everton,76’,1:1,Oumar Niasse,Gylfi Sigurðsson,substitute_in
ENG-Premier League,1819,2018-09-01 Everton-Huddersfield Town,Huddersfield Town,76’,1:1,Erik Durm,Florent Hadergjonaj,substitute_in
ENG-Premier League,1819,2018-09-01 Everton-Huddersfield Town,Everton,86’,1:1,Morgan Schneiderlin,,yellow_card
ENG-Premier League,1819,2018-09-01 Everton-Huddersfield Town,Huddersfield Town,89’,1:1,Mathias Jørgensen,,yellow_card
ENG-Premier League,1819,2018-09-01 Everton-Huddersfield Town,Huddersfield Town,90+2’,1:1,Laurent Depoitre,Steve Mounié,substitute_in
ENG-Premier League,1819,2019-04-13 Fulham-Everton,Everton,44’,0:0,Richarlison,,yellow_card
ENG-Premier League,1819,2019-04-13 Fulham-Everton,Fulham,46’,1:0,Tom Cairney,Ryan Babel,goal
ENG-Premier League,1819,2019-04-13 Fulham-Everton,Fulham,48’,1:0,Tim Ream,,yellow_card
ENG-Premier League,1819,2019-04-13 Fulham-Everton,Fulham,57’,1:0,Maxime Le Marchand,,yellow_card
ENG-Premier League,1819,2019-04-13 Fulham-Everton,Fulham,66’,1:0,Cyrus Christie,Timothy Fosu-Mensah,substitute_in
ENG-Premier League,1819,2019-04-13 Fulham-Everton,Fulham,69’,2:0,Ryan Babel,Aleksandar Mitrović,goal
ENG-Premier League,1819,2019-04-13 Fulham-Everton,Everton,74’,2:0,Ademola Lookman,Gylfi Sigurðsson,substitute_in
ENG-Premier League,1819,2019-04-13 Fulham-Everton,Fulham,83’,2:0,Jean Seri,Ryan Babel,substitute_in
ENG-Premier League,1819,2019-04-13 Fulham-Everton,Everton,84’,2:0,Theo Walcott,Bernard,substitute_in
ENG-Premier League,1819,2019-04-13 Fulham-Everton,Everton,84’,2:0,Cenk Tosun,Richarlison,substitute_in
ENG-Premier League,1819,2019-04-13 Fulham-Everton,Fulham,89’,2:0,Denis Odoi,Andre-Frank Zambo Anguissa,substitute_in
ENG-Premier League,1819,2019-02-23 Burnley-Tottenham Hotspur,Burnley,57’,1:0,Chris Wood,Dwight McNeil,goal
ENG-Premier League,1819,2019-02-23 Burnley-Tottenham Hotspur,Tottenham Hotspur,62’,1:0,Fernando Llorente,Harry Winks,substitute_in
ENG-Premier League,1819,2019-02-23 Burnley-Tottenham Hotspur,Tottenham Hotspur,65’,1:0,Fernando Llorente,,yellow_card
ENG-Premier League,1819,2019-02-23 Burnley-Tottenham Hotspur,Tottenham Hotspur,65’,1:1,Harry Kane,Danny Rose,goal
ENG-Premier League,1819,2019-02-23 Burnley-Tottenham Hotspur,Tottenham Hotspur,69’,1:1,Juan Foyth,,yellow_card
ENG-Premier League,1819,2019-02-23 Burnley-Tottenham Hotspur,Burnley,72’,1:1,Phil Bardsley,,yellow_card
ENG-Premier League,1819,2019-02-23 Burnley-Tottenham Hotspur,Tottenham Hotspur,76’,1:1,Érik Lamela,Juan Foyth,substitute_in
ENG-Premier League,1819,2019-02-23 Burnley-Tottenham Hotspur,Burnley,80’,1:1,Robbie Brady,Jeff Hendrick,substitute_in
ENG-Premier League,1819,2019-02-23 Burnley-Tottenham Hotspur,Burnley,80’,1:1,Jóhann Berg Guðmundsson,Dwight McNeil,substitute_in
ENG-Premier League,1819,2019-02-23 Burnley-Tottenham Hotspur,Burnley,83’,2:1,Ashley Barnes,Jóhann Berg Guðmundsson,goal
ENG-Premier League,1819,2019-02-23 Burnley-Tottenham Hotspur,Tottenham Hotspur,86’,2:1,Érik Lamela,,yellow_card
ENG-Premier League,1819,2019-02-23 Burnley-Tottenham Hotspur,Tottenham Hotspur,88’,2:1,Lucas Moura,Son Heung-min,substitute_in
ENG-Premier League,1819,2018-12-15 Tottenham Hotspur-Burnley,Burnley,63’,0:0,Robbie Brady,,yellow_card
ENG-Premier League,1819,2018-12-15 Tottenham Hotspur-Burnley,Tottenham Hotspur,65’,0:0,Christian Eriksen,Lucas Moura,substitute_in
ENG-Premier League,1819,2018-12-15 Tottenham Hotspur-Burnley,Burnley,68’,0:0,Phil Bardsley,,yellow_card
ENG-Premier League,1819,2018-12-15 Tottenham Hotspur-Burnley,Tottenham Hotspur,75’,0:0,Son Heung-min,Oliver Skipp,substitute_in
ENG-Premier League,1819,2018-12-15 Tottenham Hotspur-Burnley,Burnley,80’,0:0,Chris Wood,Ashley Barnes,substitute_in
ENG-Premier League,1819,2018-12-15 Tottenham Hotspur-Burnley,Tottenham Hotspur,82’,0:0,Fernando Llorente,Érik Lamela,substitute_in
ENG-Premier League,1819,2018-12-15 Tottenham Hotspur-Burnley,Tottenham Hotspur,90+1’,1:0,Christian Eriksen,Harry Kane,goal
ENG-Premier League,1819,2018-12-15 Tottenham Hotspur-Burnley,Burnley,90+2’,1:0,Jeff Hendrick,Robbie Brady,substitute_in
ENG-Premier League,1819,2018-12-15 Tottenham Hotspur-Burnley,Burnley,90+3’,1:0,Sam Vokes,Aaron Lennon,substitute_in
ENG-Premier League,1819,2019-04-13 Manchester Utd-West Ham United,Manchester United,19’,1:0,Paul Pogba,,penalty_goal
ENG-Premier League,1819,2019-04-13 Manchester Utd-West Ham United,Manchester United,34’,1:0,Juan Mata,,yellow_card
ENG-Premier League,1819,2019-04-13 Manchester Utd-West Ham United,West Ham United,49’,1:1,Felipe Anderson,Manuel Lanzini,goal
ENG-Premier League,1819,2019-04-13 Manchester Utd-West Ham United,Manchester United,55’,1:1,Marcus Rashford,Juan Mata,substitute_in
ENG-Premier League,1819,2019-04-13 Manchester Utd-West Ham United,West Ham United,62’,1:1,Grady Diangana,Manuel Lanzini,substitute_in
ENG-Premier League,1819,2019-04-13 Manchester Utd-West Ham United,West Ham United,73’,1:1,Michail Antonio,Javier Hernández,substitute_in
ENG-Premier League,1819,2019-04-13 Manchester Utd-West Ham United,Manchester United,75’,1:1,Andreas Pereira,Marcos Rojo,substitute_in
ENG-Premier League,1819,2019-04-13 Manchester Utd-West Ham United,Manchester United,75’,1:1,Mason Greenwood,Romelu Lukaku,substitute_in
ENG-Premier League,1819,2019-04-13 Manchester Utd-West Ham United,West Ham United,76’,1:1,Ryan Fredericks,Pablo Zabaleta,substitute_in
ENG-Premier League,1819,2019-04-13 Manchester Utd-West Ham United,West Ham United,79’,1:1,Ryan Fredericks,,yellow_card
ENG-Premier League,1819,2019-04-13 Manchester Utd-West Ham United,Manchester United,80’,2:1,Paul Pogba,,penalty_goal
ENG-Premier League,1819,2019-05-04 Bournemouth-Tottenham Hotspur,Tottenham Hotspur,11’,0:0,Eric Dier,,yellow_card
ENG-Premier League,1819,2019-05-04 Bournemouth-Tottenham Hotspur,Tottenham Hotspur,23’,0:0,Toby Alderweireld,,yellow_card
ENG-Premier League,1819,2019-05-04 Bournemouth-Tottenham Hotspur,Tottenham Hotspur,40’,0:0,Moussa Sissoko,,yellow_card
ENG-Premier League,1819,2019-05-04 Bournemouth-Tottenham Hotspur,Tottenham Hotspur,43’,0:0,Son Heung-min,,red_card
ENG-Premier League,1819,2019-05-04 Bournemouth-Tottenham Hotspur,Tottenham Hotspur,46’,0:0,Victor Wanyama,Eric Dier,substitute_in
ENG-Premier League,1819,2019-05-04 Bournemouth-Tottenham Hotspur,Tottenham Hotspur,46’,0:0,Juan Foyth,Toby Alderweireld,substitute_in
ENG-Premier League,1819,2019-05-04 Bournemouth-Tottenham Hotspur,Tottenham Hotspur,48’,0:0,Juan Foyth,,red_card
ENG-Premier League,1819,2019-05-04 Bournemouth-Tottenham Hotspur,Bournemouth,76’,0:0,Lys Mousset,Jordon Ibe,substitute_in
ENG-Premier League,1819,2019-05-04 Bournemouth-Tottenham Hotspur,Tottenham Hotspur,82’,0:0,Ben Davies,Moussa Sissoko,substitute_in
ENG-Premier League,1819,2019-05-04 Bournemouth-Tottenham Hotspur,Bournemouth,90+1’,1:0,Nathan Aké,Ryan Fraser,goal
ENG-Premier League,1819,2019-05-04 Bournemouth-Tottenham Hotspur,Tottenham Hotspur,90+3’,1:0,Victor Wanyama,,yellow_card
ENG-Premier League,1819,2019-05-04 Bournemouth-Tottenham Hotspur,Tottenham Hotspur,90+3’,1:0,Dele Alli,,yellow_card
ENG-Premier League,1819,2019-05-04 Bournemouth-Tottenham Hotspur,Bournemouth,90+4’,1:0,Jefferson Lerma,,yellow_card
ENG-Premier League,1819,2019-02-22 Cardiff City-Watford,Watford,18’,0:1,Gerard Deulofeu,Troy Deeney,goal
ENG-Premier League,1819,2019-02-22 Cardiff City-Watford,Watford,30’,0:1,Étienne Capoue,,yellow_card
ENG-Premier League,1819,2019-02-22 Cardiff City-Watford,Watford,55’,0:1,Roberto Pereyra,,yellow_card
ENG-Premier League,1819,2019-02-22 Cardiff City-Watford,Cardiff City,56’,0:1,Junior Hoilett,Josh Murphy,substitute_in
ENG-Premier League,1819,2019-02-22 Cardiff City-Watford,Watford,61’,0:2,Gerard Deulofeu,Abdoulaye Doucouré,goal
ENG-Premier League,1819,2019-02-22 Cardiff City-Watford,Watford,63’,0:3,Gerard Deulofeu,Étienne Capoue,goal
ENG-Premier League,1819,2019-02-22 Cardiff City-Watford,Cardiff City,67’,0:3,Nathaniel Mendez-Laing,Joe Ralls,substitute_in
ENG-Premier League,1819,2019-02-22 Cardiff City-Watford,Cardiff City,71’,0:3,Kenneth Zohore,Oumar Niasse,substitute_in
ENG-Premier League,1819,2019-02-22 Cardiff City-Watford,Watford,71’,0:3,Domingos Quina,Roberto Pereyra,substitute_in
ENG-Premier League,1819,2019-02-22 Cardiff City-Watford,Watford,73’,0:4,Troy Deeney,Gerard Deulofeu,goal
ENG-Premier League,1819,2019-02-22 Cardiff City-Watford,Watford,79’,0:4,Tom Cleverley,Étienne Capoue,substitute_in
ENG-Premier League,1819,2019-02-22 Cardiff City-Watford,Cardiff City,82’,1:4,Sol Bamba,,goal
ENG-Premier League,1819,2019-02-22 Cardiff City-Watford,Cardiff City,85’,1:4,Callum Paterson,,yellow_card
ENG-Premier League,1819,2019-02-22 Cardiff City-Watford,Watford,86’,1:4,Andre Gray,Gerard Deulofeu,substitute_in
ENG-Premier League,1819,2019-02-22 Cardiff City-Watford,Watford,90+1’,1:5,Troy Deeney,Will Hughes,goal
ENG-Premier League,1819,2019-04-03 Tottenham Hotspur-Crystal Palace,Tottenham Hotspur,29’,0:0,Dele Alli,,yellow_card
ENG-Premier League,1819,2019-04-03 Tottenham Hotspur-Crystal Palace,Tottenham Hotspur,55’,1:0,Son Heung-min,Christian Eriksen,goal
ENG-Premier League,1819,2019-04-03 Tottenham Hotspur-Crystal Palace,Tottenham Hotspur,69’,1:0,Harry Winks,Danny Rose,substitute_in
ENG-Premier League,1819,2019-04-03 Tottenham Hotspur-Crystal Palace,Crystal Palace,79’,1:0,Andros Townsend,Cheikhou Kouyaté,substitute_in
ENG-Premier League,1819,2019-04-03 Tottenham Hotspur-Crystal Palace,Tottenham Hotspur,80’,2:0,Christian Eriksen,,goal
ENG-Premier League,1819,2019-04-03 Tottenham Hotspur-Crystal Palace,Crystal Palace,81’,2:0,Christian Benteke,Michy Batshuayi,substitute_in
ENG-Premier League,1819,2019-04-03 Tottenham Hotspur-Crystal Palace,Tottenham Hotspur,82’,2:0,Lucas Moura,Dele Alli,substitute_in
ENG-Premier League,1819,2019-04-03 Tottenham Hotspur-Crystal Palace,Tottenham Hotspur,90+2’,2:0,Victor Wanyama,Son Heung-min,substitute_in
ENG-Premier League,1819,2019-03-30 Leicester City-Bournemouth,Leicester City,11’,1:0,Wes Morgan,Ben Chilwell,goal
ENG-Premier League,1819,2019-03-30 Leicester City-Bournemouth,Bournemouth,56’,1:0,Diego Rico,Charlie Daniels,substitute_in
ENG-Premier League,1819,2019-03-30 Leicester City-Bournemouth,Bournemouth,64’,1:0,Dominic Solanke,Jefferson Lerma,substitute_in
ENG-Premier League,1819,2019-03-30 Leicester City-Bournemouth,Bournemouth,71’,1:0,Dan Gosling,,yellow_card
ENG-Premier League,1819,2019-03-30 Leicester City-Bournemouth,Leicester City,72’,1:0,Nampalys Mendy,Harvey Barnes,substitute_in
ENG-Premier League,1819,2019-03-30 Leicester City-Bournemouth,Bournemouth,74’,1:0,Junior Stanislas,Joshua King,substitute_in
ENG-Premier League,1819,2019-03-30 Leicester City-Bournemouth,Bournemouth,81’,1:0,David Brooks,,yellow_card
ENG-Premier League,1819,2019-03-30 Leicester City-Bournemouth,Leicester City,82’,2:0,Jamie Vardy,Youri Tielemans,goal
ENG-Premier League,1819,2019-03-30 Leicester City-Bournemouth,Leicester City,89’,2:0,Rachid Ghezzal,Demarai Gray,substitute_in
ENG-Premier League,1819,2019-03-30 Leicester City-Bournemouth,Leicester City,90’,2:0,Kelechi Iheanacho,Jamie Vardy,substitute_in
ENG-Premier League,1819,2018-09-30 Cardiff City-Burnley,Burnley,27’,0:0,Kevin Long,James Tarkowski,substitute_in
ENG-Premier League,1819,2018-09-30 Cardiff City-Burnley,Burnley,45+1’,0:0,Ashley Westwood,,yellow_card
ENG-Premier League,1819,2018-09-30 Cardiff City-Burnley,Burnley,51’,0:1,Jóhann Berg Guðmundsson,Ashley Westwood,goal
ENG-Premier League,1819,2018-09-30 Cardiff City-Burnley,Cardiff City,60’,1:1,Josh Murphy,Bruno Ecuele Manga,goal
ENG-Premier League,1819,2018-09-30 Cardiff City-Burnley,Cardiff City,69’,1:1,Greg Cunningham,,yellow_card
ENG-Premier League,1819,2018-09-30 Cardiff City-Burnley,Burnley,70’,1:2,Sam Vokes,Jóhann Berg Guðmundsson,goal
ENG-Premier League,1819,2018-09-30 Cardiff City-Burnley,Cardiff City,71’,1:2,Danny Ward,Kenneth Zohore,substitute_in
ENG-Premier League,1819,2018-09-30 Cardiff City-Burnley,Burnley,72’,1:2,Chris Wood,Matěj Vydra,substitute_in
ENG-Premier League,1819,2018-09-30 Cardiff City-Burnley,Cardiff City,79’,1:2,Gary Madine,Joe Ralls,substitute_in
ENG-Premier League,1819,2018-09-30 Cardiff City-Burnley,Burnley,87’,1:2,Matthew Lowton,,yellow_card
ENG-Premier League,1819,2018-09-30 Cardiff City-Burnley,Burnley,90+3’,1:2,Aaron Lennon,,yellow_card
ENG-Premier League,1819,2019-02-09 Fulham-Manchester Utd,Manchester United,14’,0:1,Paul Pogba,Anthony Martial,goal
ENG-Premier League,1819,2019-02-09 Fulham-Manchester Utd,Manchester United,23’,0:2,Anthony Martial,Phil Jones,goal
ENG-Premier League,1819,2019-02-09 Fulham-Manchester Utd,Fulham,25’,0:2,Joe Bryan,,yellow_card
ENG-Premier League,1819,2019-02-09 Fulham-Manchester Utd,Fulham,38’,0:2,Calum Chambers,,yellow_card
ENG-Premier League,1819,2019-02-09 Fulham-Manchester Utd,Manchester United,43’,0:2,Nemanja Matić,,yellow_card
ENG-Premier League,1819,2019-02-09 Fulham-Manchester Utd,Fulham,53’,0:2,Cyrus Christie,André Schürrle,substitute_in
ENG-Premier League,1819,2019-02-09 Fulham-Manchester Utd,Manchester United,65’,0:3,Paul Pogba,,penalty_goal
ENG-Premier League,1819,2019-02-09 Fulham-Manchester Utd,Manchester United,70’,0:3,Alexis Sánchez,Anthony Martial,substitute_in
ENG-Premier League,1819,2019-02-09 Fulham-Manchester Utd,Manchester United,74’,0:3,Scott McTominay,Paul Pogba,substitute_in
ENG-Premier League,1819,2019-02-09 Fulham-Manchester Utd,Fulham,77’,0:3,Tom Cairney,Ryan Babel,substitute_in
ENG-Premier League,1819,2019-02-09 Fulham-Manchester Utd,Fulham,81’,0:3,Ryan Sessegnon,Joe Bryan,substitute_in
ENG-Premier League,1819,2019-02-09 Fulham-Manchester Utd,Manchester United,85’,0:3,Eric Bailly,Ander Herrera,substitute_in
ENG-Premier League,1819,2019-02-09 Fulham-Manchester Utd,Fulham,90’,0:3,Aleksandar Mitrović,,yellow_card
ENG-Premier League,1819,2019-02-09 Fulham-Manchester Utd,Manchester United,90’,0:3,David de Gea,,yellow_card
ENG-Premier League,1819,2018-08-18 Tottenham Hotspur-Fulham,Tottenham Hotspur,43’,1:0,Lucas Moura,,goal
ENG-Premier League,1819,2018-08-18 Tottenham Hotspur-Fulham,Fulham,52’,1:1,Aleksandar Mitrović,Ryan Sessegnon,goal
ENG-Premier League,1819,2018-08-18 Tottenham Hotspur-Fulham,Tottenham Hotspur,63’,1:1,Mousa Dembélé,Davinson Sánchez,substitute_in
ENG-Premier League,1819,2018-08-18 Tottenham Hotspur-Fulham,Tottenham Hotspur,73’,1:1,Érik Lamela,Eric Dier,substitute_in
ENG-Premier League,1819,2018-08-18 Tottenham Hotspur-Fulham,Fulham,73’,1:1,Stefan Johansen,Tom Cairney,substitute_in
ENG-Premier League,1819,2018-08-18 Tottenham Hotspur-Fulham,Tottenham Hotspur,74’,2:1,Kieran Trippier,,goal
ENG-Premier League,1819,2018-08-18 Tottenham Hotspur-Fulham,Tottenham Hotspur,77’,3:1,Harry Kane,Érik Lamela,goal
ENG-Premier League,1819,2018-08-18 Tottenham Hotspur-Fulham,Fulham,85’,3:1,Cyrus Christie,Joe Bryan,substitute_in
ENG-Premier League,1819,2018-08-18 Tottenham Hotspur-Fulham,Fulham,88’,3:1,André Schürrle,Aboubakar Kamara,substitute_in
ENG-Premier League,1819,2018-08-18 Tottenham Hotspur-Fulham,Tottenham Hotspur,89’,3:1,Harry Winks,Harry Kane,substitute_in
ENG-Premier League,1819,2018-08-12 Southampton-Burnley,Burnley,15’,0:0,Jack Cork,,yellow_card
ENG-Premier League,1819,2018-08-12 Southampton-Burnley,Southampton,56’,0:0,Danny Ings,Stuart Armstrong,substitute_in
ENG-Premier League,1819,2018-08-12 Southampton-Burnley,Southampton,56’,0:0,Mohamed Elyounoussi,Cédric Soares,substitute_in
ENG-Premier League,1819,2018-08-12 Southampton-Burnley,Southampton,72’,0:0,Manolo Gabbiadini,Charlie Austin,substitute_in
ENG-Premier League,1819,2018-08-12 Southampton-Burnley,Burnley,73’,0:0,Sam Vokes,Chris Wood,substitute_in
ENG-Premier League,1819,2018-08-12 Southampton-Burnley,Burnley,76’,0:0,Ashley Barnes,Jeff Hendrick,substitute_in
ENG-Premier League,1819,2018-08-12 Southampton-Burnley,Burnley,87’,0:0,Charlie Taylor,Jóhann Berg Guðmundsson,substitute_in
ENG-Premier League,1819,2018-12-30 Burnley-West Ham United,Burnley,15’,1:0,Chris Wood,Ashley Barnes,goal
ENG-Premier League,1819,2018-12-30 Burnley-West Ham United,West Ham United,23’,1:0,Robert Snodgrass,,yellow_card
ENG-Premier League,1819,2018-12-30 Burnley-West Ham United,West Ham United,29’,1:0,Mark Noble,,yellow_card
ENG-Premier League,1819,2018-12-30 Burnley-West Ham United,Burnley,34’,2:0,Dwight McNeil,Ashley Westwood,goal
ENG-Premier League,1819,2018-12-30 Burnley-West Ham United,Burnley,38’,2:0,Ashley Barnes,,yellow_card
ENG-Premier League,1819,2018-12-30 Burnley-West Ham United,West Ham United,46’,2:0,Andy Carroll,Lucas Pérez,substitute_in
ENG-Premier League,1819,2018-12-30 Burnley-West Ham United,West Ham United,46’,2:0,Grady Diangana,Robert Snodgrass,substitute_in
ENG-Premier League,1819,2018-12-30 Burnley-West Ham United,West Ham United,57’,2:0,Andy Carroll,,yellow_card
ENG-Premier League,1819,2018-12-30 Burnley-West Ham United,West Ham United,61’,2:0,Declan Rice,,yellow_card
ENG-Premier League,1819,2018-12-30 Burnley-West Ham United,West Ham United,73’,2:0,Xande Silva,Marko Arnautović,substitute_in
ENG-Premier League,1819,2018-12-30 Burnley-West Ham United,Burnley,90+1’,2:0,Sam Vokes,Chris Wood,substitute_in
ENG-Premier League,1819,2019-04-06 Huddersfield Town-Leicester City,Huddersfield Town,17’,0:0,Jonathan Hogg,,yellow_card
ENG-Premier League,1819,2019-04-06 Huddersfield Town-Leicester City,Leicester City,24’,0:1,Youri Tielemans,,goal
ENG-Premier League,1819,2019-04-06 Huddersfield Town-Leicester City,Huddersfield Town,40’,0:1,Jon Gorenc Stanković,,yellow_card
ENG-Premier League,1819,2019-04-06 Huddersfield Town-Leicester City,Huddersfield Town,46’,0:1,Isaac Mbenza,Jon Gorenc Stanković,substitute_in
ENG-Premier League,1819,2019-04-06 Huddersfield Town-Leicester City,Leicester City,48’,0:2,Jamie Vardy,Ricardo Pereira,goal
ENG-Premier League,1819,2019-04-06 Huddersfield Town-Leicester City,Huddersfield Town,52’,1:2,Aaron Mooy,,penalty_goal
ENG-Premier League,1819,2019-04-06 Huddersfield Town-Leicester City,Huddersfield Town,60’,1:2,Steve Mounié,Alex Pritchard,substitute_in
ENG-Premier League,1819,2019-04-06 Huddersfield Town-Leicester City,Leicester City,61’,1:2,Shinji Okazaki,Harvey Barnes,substitute_in
ENG-Premier League,1819,2019-04-06 Huddersfield Town-Leicester City,Leicester City,79’,1:3,James Maddison,,goal
ENG-Premier League,1819,2019-04-06 Huddersfield Town-Leicester City,Huddersfield Town,81’,1:3,Juninho Bacuna,Jonathan Hogg,substitute_in
ENG-Premier League,1819,2019-04-06 Huddersfield Town-Leicester City,Huddersfield Town,84’,1:3,Terence Kongolo,,yellow_card
ENG-Premier League,1819,2019-04-06 Huddersfield Town-Leicester City,Leicester City,84’,1:4,Jamie Vardy,,penalty_goal
ENG-Premier League,1819,2019-04-06 Huddersfield Town-Leicester City,Leicester City,87’,1:4,Hamza Choudhury,Wilfred Ndidi,substitute_in
ENG-Premier League,1819,2019-04-06 Huddersfield Town-Leicester City,Leicester City,90+3’,1:4,Kelechi Iheanacho,Jamie Vardy,substitute_in
ENG-Premier League,1819,2018-10-07 Fulham-Arsenal,Arsenal,29’,0:1,Alexandre Lacazette,Nacho Monreal,goal
ENG-Premier League,1819,2018-10-07 Fulham-Arsenal,Fulham,44’,1:1,André Schürrle,Luciano Vietto,goal
ENG-Premier League,1819,2018-10-07 Fulham-Arsenal,Arsenal,49’,1:2,Alexandre Lacazette,Danny Welbeck,goal
ENG-Premier League,1819,2018-10-07 Fulham-Arsenal,Fulham,54’,1:2,Aboubakar Kamara,Tim Ream,substitute_in
ENG-Premier League,1819,2018-10-07 Fulham-Arsenal,Fulham,57’,1:2,Luciano Vietto,,yellow_card
ENG-Premier League,1819,2018-10-07 Fulham-Arsenal,Fulham,62’,1:2,Kevin McDonald,Andre-Frank Zambo Anguissa,substitute_in
ENG-Premier League,1819,2018-10-07 Fulham-Arsenal,Arsenal,62’,1:2,Pierre-Emerick Aubameyang,Danny Welbeck,substitute_in
ENG-Premier League,1819,2018-10-07 Fulham-Arsenal,Arsenal,67’,1:3,Aaron Ramsey,Pierre-Emerick Aubameyang,goal
ENG-Premier League,1819,2018-10-07 Fulham-Arsenal,Arsenal,67’,1:3,Aaron Ramsey,Alex Iwobi,substitute_in
ENG-Premier League,1819,2018-10-07 Fulham-Arsenal,Fulham,70’,1:3,André Schürrle,,yellow_card
ENG-Premier League,1819,2018-10-07 Fulham-Arsenal,Arsenal,79’,1:4,Pierre-Emerick Aubameyang,Héctor Bellerín,goal
ENG-Premier League,1819,2018-10-07 Fulham-Arsenal,Arsenal,80’,1:4,Mattéo Guendouzi,Alexandre Lacazette,substitute_in
ENG-Premier League,1819,2018-10-07 Fulham-Arsenal,Fulham,83’,1:4,Stefan Johansen,Luciano Vietto,substitute_in
ENG-Premier League,1819,2018-10-07 Fulham-Arsenal,Arsenal,90+1’,1:5,Pierre-Emerick Aubameyang,Aaron Ramsey,goal
ENG-Premier League,1819,2018-10-27 Watford-Huddersfield Town,Watford,10’,1:0,Roberto Pereyra,Adam Masina,goal
ENG-Premier League,1819,2018-10-27 Watford-Huddersfield Town,Watford,19’,2:0,Gerard Deulofeu,Étienne Capoue,goal
ENG-Premier League,1819,2018-10-27 Watford-Huddersfield Town,Huddersfield Town,34’,2:0,Philip Billing,,yellow_card
ENG-Premier League,1819,2018-10-27 Watford-Huddersfield Town,Huddersfield Town,63’,2:0,Ramadan Sobhi,Isaac Mbenza,substitute_in
ENG-Premier League,1819,2018-10-27 Watford-Huddersfield Town,Huddersfield Town,63’,2:0,Steve Mounié,Laurent Depoitre,substitute_in
ENG-Premier League,1819,2018-10-27 Watford-Huddersfield Town,Watford,65’,2:0,Ken Sema,Gerard Deulofeu,substitute_in
ENG-Premier League,1819,2018-10-27 Watford-Huddersfield Town,Watford,67’,2:0,Adam Masina,,yellow_card
ENG-Premier League,1819,2018-10-27 Watford-Huddersfield Town,Huddersfield Town,78’,2:0,Juninho Bacuna,Philip Billing,substitute_in
ENG-Premier League,1819,2018-10-27 Watford-Huddersfield Town,Watford,80’,3:0,Isaac Success,Kiko Femenía,goal
ENG-Premier League,1819,2018-10-27 Watford-Huddersfield Town,Watford,83’,3:0,Andre Gray,Isaac Success,substitute_in
ENG-Premier League,1819,2018-10-27 Watford-Huddersfield Town,Watford,85’,3:0,Christian Kabasele,Craig Cathcart,substitute_in
ENG-Premier League,1819,2018-10-27 Watford-Huddersfield Town,Huddersfield Town,86’,3:0,Aaron Mooy,,yellow_card
ENG-Premier League,1819,2018-11-25 Wolves-Huddersfield Town,Huddersfield Town,17’,0:1,Tommy Smith,,yellow_card
ENG-Premier League,1819,2018-11-25 Wolves-Huddersfield Town,Wolverhampton Wanderers,46’,0:1,Adama Traoré,Ivan Cavaleiro,substitute_in
ENG-Premier League,1819,2018-11-25 Wolves-Huddersfield Town,Wolverhampton Wanderers,46’,0:1,Morgan Gibbs-White,João Moutinho,substitute_in
ENG-Premier League,1819,2018-11-25 Wolves-Huddersfield Town,Huddersfield Town,60’,0:1,Jonathan Hogg,,yellow_card
ENG-Premier League,1819,2018-11-25 Wolves-Huddersfield Town,Huddersfield Town,6’,0:1,Aaron Mooy,Erik Durm,goal
ENG-Premier League,1819,2018-11-25 Wolves-Huddersfield Town,Huddersfield Town,74’,0:2,Aaron Mooy,,goal
ENG-Premier League,1819,2018-11-25 Wolves-Huddersfield Town,Wolverhampton Wanderers,75’,0:2,Diogo Jota,Hélder Costa,substitute_in
ENG-Premier League,1819,2018-11-25 Wolves-Huddersfield Town,Wolverhampton Wanderers,87’,0:2,Rúben Neves,,yellow_card
ENG-Premier League,1819,2018-11-25 Wolves-Huddersfield Town,Huddersfield Town,90+3’,0:2,Danny Williams,Alex Pritchard,substitute_in
ENG-Premier League,1819,2018-11-25 Wolves-Huddersfield Town,Huddersfield Town,90+3’,0:2,Jon Gorenc Stanković,Philip Billing,substitute_in
ENG-Premier League,1819,2018-11-25 Wolves-Huddersfield Town,Huddersfield Town,90+3’,0:2,Isaac Mbenza,Jonathan Hogg,substitute_in
ENG-Premier League,1819,2018-12-15 Huddersfield Town-Newcastle United,Newcastle United,34’,0:0,Jamaal Lascelles,,yellow_card
ENG-Premier League,1819,2018-12-15 Huddersfield Town-Newcastle United,Newcastle United,55’,0:1,Salomón Rondón,Javier Manquillo,goal
ENG-Premier League,1819,2018-12-15 Huddersfield Town-Newcastle United,Huddersfield Town,60’,0:1,Erik Durm,Chris Löwe,substitute_in
ENG-Premier League,1819,2018-12-15 Huddersfield Town-Newcastle United,Huddersfield Town,60’,0:1,Ramadan Sobhi,Terence Kongolo,substitute_in
ENG-Premier League,1819,2018-12-15 Huddersfield Town-Newcastle United,Huddersfield Town,72’,0:1,Jonathan Hogg,,yellow_card
ENG-Premier League,1819,2018-12-15 Huddersfield Town-Newcastle United,Newcastle United,72’,0:1,Isaac Hayden,Ki Sung-yueng,substitute_in
ENG-Premier League,1819,2018-12-15 Huddersfield Town-Newcastle United,Huddersfield Town,77’,0:1,Isaac Mbenza,Jonathan Hogg,substitute_in
ENG-Premier League,1819,2018-12-15 Huddersfield Town-Newcastle United,Newcastle United,81’,0:1,Matt Ritchie,Salomón Rondón,substitute_in
ENG-Premier League,1819,2018-12-15 Huddersfield Town-Newcastle United,Newcastle United,89’,0:1,Paul Dummett,Kenedy,substitute_in
ENG-Premier League,1819,2018-10-07 Southampton-Chelsea,Chelsea,30’,0:1,Eden Hazard,Ross Barkley,goal
ENG-Premier League,1819,2018-10-07 Southampton-Chelsea,Southampton,45+2’,0:1,Ryan Bertrand,,yellow_card
ENG-Premier League,1819,2018-10-07 Southampton-Chelsea,Southampton,46’,0:1,Oriol Romeu,Jan Bednarek,substitute_in
ENG-Premier League,1819,2018-10-07 Southampton-Chelsea,Southampton,54’,0:1,Mario Lemina,,yellow_card
ENG-Premier League,1819,2018-10-07 Southampton-Chelsea,Chelsea,57’,0:2,Ross Barkley,Olivier Giroud,goal
ENG-Premier League,1819,2018-10-07 Southampton-Chelsea,Southampton,59’,0:2,Cédric Soares,,yellow_card
ENG-Premier League,1819,2018-10-07 Southampton-Chelsea,Southampton,61’,0:2,Oriol Romeu,,yellow_card
ENG-Premier League,1819,2018-10-07 Southampton-Chelsea,Southampton,66’,0:2,Pierre Højbjerg,,yellow_card
ENG-Premier League,1819,2018-10-07 Southampton-Chelsea,Chelsea,68’,0:2,Álvaro Morata,Olivier Giroud,substitute_in
ENG-Premier League,1819,2018-10-07 Southampton-Chelsea,Chelsea,75’,0:2,Pedro,Willian,substitute_in
ENG-Premier League,1819,2018-10-07 Southampton-Chelsea,Southampton,78’,0:2,Shane Long,Manolo Gabbiadini,substitute_in
ENG-Premier League,1819,2018-10-07 Southampton-Chelsea,Chelsea,81’,0:2,Mateo Kovačić,Ross Barkley,substitute_in
ENG-Premier League,1819,2018-10-07 Southampton-Chelsea,Southampton,90+2’,0:2,Danny Ings,,yellow_card
ENG-Premier League,1819,2018-10-07 Southampton-Chelsea,Chelsea,90+3’,0:3,Álvaro Morata,Eden Hazard,goal
ENG-Premier League,1819,2018-10-20 Chelsea-Manchester Utd,Manchester United,13’,0:0,Nemanja Matić,,yellow_card
ENG-Premier League,1819,2018-10-20 Chelsea-Manchester Utd,Chelsea,21’,1:0,Antonio Rüdiger,Willian,goal
ENG-Premier League,1819,2018-10-20 Chelsea-Manchester Utd,Manchester United,27’,1:0,Ashley Young,,yellow_card
ENG-Premier League,1819,2018-10-20 Chelsea-Manchester Utd,Chelsea,30’,1:0,Antonio Rüdiger,,yellow_card
ENG-Premier League,1819,2018-10-20 Chelsea-Manchester Utd,Chelsea,34’,1:0,Eden Hazard,,yellow_card
ENG-Premier League,1819,2018-10-20 Chelsea-Manchester Utd,Manchester United,55’,1:1,Anthony Martial,,goal
ENG-Premier League,1819,2018-10-20 Chelsea-Manchester Utd,Manchester United,67’,1:1,Juan Mata,,yellow_card
ENG-Premier League,1819,2018-10-20 Chelsea-Manchester Utd,Chelsea,69’,1:1,Ross Barkley,Mateo Kovačić,substitute_in
ENG-Premier League,1819,2018-10-20 Chelsea-Manchester Utd,Chelsea,73’,1:2,Pedro,Willian,substitute_in
ENG-Premier League,1819,2018-10-20 Chelsea-Manchester Utd,Manchester United,73’,1:2,Anthony Martial,Marcus Rashford,goal
ENG-Premier League,1819,2018-10-20 Chelsea-Manchester Utd,Manchester United,75’,1:2,Ander Herrera,Juan Mata,substitute_in
ENG-Premier League,1819,2018-10-20 Chelsea-Manchester Utd,Chelsea,79’,1:2,Olivier Giroud,Álvaro Morata,substitute_in
ENG-Premier League,1819,2018-10-20 Chelsea-Manchester Utd,Manchester United,84’,1:2,Andreas Pereira,Anthony Martial,substitute_in
ENG-Premier League,1819,2018-10-20 Chelsea-Manchester Utd,Manchester United,85’,1:2,Alexis Sánchez,Marcus Rashford,substitute_in
ENG-Premier League,1819,2018-10-20 Chelsea-Manchester Utd,Manchester United,90+4’,1:2,Alexis Sánchez,,yellow_card
ENG-Premier League,1819,2018-10-20 Chelsea-Manchester Utd,Manchester United,90+5’,1:2,Andreas Pereira,,yellow_card
ENG-Premier League,1819,2018-10-20 Chelsea-Manchester Utd,Chelsea,90+6’,2:2,Ross Barkley,,goal
ENG-Premier League,1819,2018-09-15 Watford-Manchester Utd,Watford,34’,0:0,Étienne Capoue,,yellow_card
ENG-Premier League,1819,2018-09-15 Watford-Manchester Utd,Manchester United,35’,0:1,Romelu Lukaku,,goal
ENG-Premier League,1819,2018-09-15 Watford-Manchester Utd,Watford,36’,0:1,José Holebas,,yellow_card
ENG-Premier League,1819,2018-09-15 Watford-Manchester Utd,Manchester United,38’,0:2,Chris Smalling,Marouane Fellaini,goal
ENG-Premier League,1819,2018-09-15 Watford-Manchester Utd,Watford,65’,1:2,Andre Gray,Abdoulaye Doucouré,goal
ENG-Premier League,1819,2018-09-15 Watford-Manchester Utd,Manchester United,70’,1:2,Nemanja Matić,,yellow_card
ENG-Premier League,1819,2018-09-15 Watford-Manchester Utd,Manchester United,71’,1:2,Anthony Martial,Jesse Lingard,substitute_in
ENG-Premier League,1819,2018-09-15 Watford-Manchester Utd,Watford,72’,1:2,Kiko Femenía,Daryl Janmaat,substitute_in
ENG-Premier League,1819,2018-09-15 Watford-Manchester Utd,Manchester United,81’,1:2,Antonio Valencia,,yellow_card
ENG-Premier League,1819,2018-09-15 Watford-Manchester Utd,Watford,84’,1:2,Adam Masina,José Holebas,substitute_in
ENG-Premier League,1819,2018-09-15 Watford-Manchester Utd,Manchester United,84’,1:2,Scott McTominay,Alexis Sánchez,substitute_in
ENG-Premier League,1819,2018-09-15 Watford-Manchester Utd,Watford,88’,1:2,Isaac Success,Craig Cathcart,substitute_in
ENG-Premier League,1819,2018-09-15 Watford-Manchester Utd,Manchester United,90+2’,1:2,Eric Bailly,Antonio Valencia,substitute_in
ENG-Premier League,1819,2018-09-15 Watford-Manchester Utd,Manchester United,90+3’,1:2,Nemanja Matić,,yellow_red_card
ENG-Premier League,1819,2018-10-20 Wolves-Watford,Watford,20’,0:1,Étienne Capoue,Abdoulaye Doucouré,goal
ENG-Premier League,1819,2018-10-20 Wolves-Watford,Watford,21’,0:2,Roberto Pereyra,Abdoulaye Doucouré,goal
ENG-Premier League,1819,2018-10-20 Wolves-Watford,Wolverhampton Wanderers,35’,0:2,Rúben Neves,,yellow_card
ENG-Premier League,1819,2018-10-20 Wolves-Watford,Wolverhampton Wanderers,46’,0:2,Rúben Vinagre,Jonny Castro,substitute_in
ENG-Premier League,1819,2018-10-20 Wolves-Watford,Wolverhampton Wanderers,60’,0:2,Ivan Cavaleiro,Raúl Jiménez,substitute_in
ENG-Premier League,1819,2018-10-20 Wolves-Watford,Watford,69’,0:2,Andre Gray,Gerard Deulofeu,substitute_in
ENG-Premier League,1819,2018-10-20 Wolves-Watford,Watford,69’,0:2,Will Hughes,,yellow_card
ENG-Premier League,1819,2018-10-20 Wolves-Watford,Wolverhampton Wanderers,72’,0:2,Adama Traoré,Matt Doherty,substitute_in
ENG-Premier League,1819,2018-10-20 Wolves-Watford,Wolverhampton Wanderers,73’,0:2,Diogo Jota,,yellow_card
ENG-Premier League,1819,2018-10-20 Wolves-Watford,Watford,75’,0:2,Sebastian Prödl,Isaac Success,substitute_in
ENG-Premier League,1819,2018-10-20 Wolves-Watford,Watford,88’,0:2,Ben Wilmot,Sebastian Prödl,substitute_in
ENG-Premier League,1819,2018-10-20 Wolves-Watford,Wolverhampton Wanderers,90+1’,0:2,Ryan Bennett,,yellow_card
ENG-Premier League,1819,2018-09-22 Leicester City-Huddersfield Town,Leicester City,18’,0:1,Wilfred Ndidi,,yellow_card
ENG-Premier League,1819,2018-09-22 Leicester City-Huddersfield Town,Leicester City,19’,1:1,Kelechi Iheanacho,Jamie Vardy,goal
ENG-Premier League,1819,2018-09-22 Leicester City-Huddersfield Town,Leicester City,43’,1:1,Rachid Ghezzal,,yellow_card
ENG-Premier League,1819,2018-09-22 Leicester City-Huddersfield Town,Leicester City,46’,1:1,Demarai Gray,Rachid Ghezzal,substitute_in
ENG-Premier League,1819,2018-09-22 Leicester City-Huddersfield Town,Huddersfield Town,47’,1:1,Terence Kongolo,,yellow_card
ENG-Premier League,1819,2018-09-22 Leicester City-Huddersfield Town,Huddersfield Town,57’,1:1,Adama Diakhaby,Elias Kachunga,substitute_in
ENG-Premier League,1819,2018-09-22 Leicester City-Huddersfield Town,Huddersfield Town,5’,0:1,Mathias Jørgensen,Laurent Depoitre,goal
ENG-Premier League,1819,2018-09-22 Leicester City-Huddersfield Town,Leicester City,66’,2:1,James Maddison,,goal
ENG-Premier League,1819,2018-09-22 Leicester City-Huddersfield Town,Huddersfield Town,72’,2:1,Alex Pritchard,Terence Kongolo,substitute_in
ENG-Premier League,1819,2018-09-22 Leicester City-Huddersfield Town,Leicester City,75’,3:1,Jamie Vardy,Kelechi Iheanacho,goal
ENG-Premier League,1819,2018-09-22 Leicester City-Huddersfield Town,Leicester City,77’,3:1,Marc Albrighton,Kelechi Iheanacho,substitute_in
ENG-Premier League,1819,2018-09-22 Leicester City-Huddersfield Town,Leicester City,85’,3:1,Shinji Okazaki,James Maddison,substitute_in
ENG-Premier League,1819,2019-02-27 Liverpool-Watford,Liverpool,20’,2:0,Sadio Mané,Trent Alexander-Arnold,goal
ENG-Premier League,1819,2019-02-27 Liverpool-Watford,Liverpool,66’,3:0,Divock Origi,Andrew Robertson,goal
ENG-Premier League,1819,2019-02-27 Liverpool-Watford,Liverpool,70’,3:0,Jordan Henderson,James Milner,substitute_in
ENG-Premier League,1819,2019-02-27 Liverpool-Watford,Watford,73’,3:0,Tom Cleverley,Gerard Deulofeu,substitute_in
ENG-Premier League,1819,2019-02-27 Liverpool-Watford,Watford,73’,3:0,Andre Gray,Troy Deeney,substitute_in
ENG-Premier League,1819,2019-02-27 Liverpool-Watford,Liverpool,78’,3:0,Adam Lallana,Sadio Mané,substitute_in
ENG-Premier League,1819,2019-02-27 Liverpool-Watford,Liverpool,79’,4:0,Virgil van Dijk,Trent Alexander-Arnold,goal
ENG-Premier League,1819,2019-02-27 Liverpool-Watford,Watford,79’,3:0,Craig Cathcart,,yellow_card
ENG-Premier League,1819,2019-02-27 Liverpool-Watford,Liverpool,82’,5:0,Virgil van Dijk,Andrew Robertson,goal
ENG-Premier League,1819,2019-02-27 Liverpool-Watford,Watford,82’,4:0,Adam Masina,,yellow_card
ENG-Premier League,1819,2019-02-27 Liverpool-Watford,Liverpool,84’,5:0,Naby Keïta,Georginio Wijnaldum,substitute_in
ENG-Premier League,1819,2019-02-27 Liverpool-Watford,Watford,84’,5:0,Ken Sema,Roberto Pereyra,substitute_in
ENG-Premier League,1819,2019-02-27 Liverpool-Watford,Liverpool,9’,1:0,Sadio Mané,Trent Alexander-Arnold,goal
ENG-Premier League,1819,2018-08-11 Watford-Brighton,Brighton & Hove Albion,18’,0:0,Dale Stephens,,yellow_card
ENG-Premier League,1819,2018-08-11 Watford-Brighton,Brighton & Hove Albion,26’,0:0,Gaëtan Bong,Bruno,substitute_in
ENG-Premier League,1819,2018-08-11 Watford-Brighton,Watford,35’,1:0,Roberto Pereyra,José Holebas,goal
ENG-Premier League,1819,2018-08-11 Watford-Brighton,Watford,54’,2:0,Roberto Pereyra,José Holebas,goal
ENG-Premier League,1819,2018-08-11 Watford-Brighton,Brighton & Hove Albion,60’,2:0,Yves Bissouma,Pascal Groß,substitute_in
ENG-Premier League,1819,2018-08-11 Watford-Brighton,Watford,64’,2:0,Étienne Capoue,,yellow_card
ENG-Premier League,1819,2018-08-11 Watford-Brighton,Brighton & Hove Albion,71’,2:0,Alireza Jahanbakhsh,Solly March,substitute_in
ENG-Premier League,1819,2018-08-11 Watford-Brighton,Watford,73’,2:0,José Holebas,,yellow_card
ENG-Premier League,1819,2018-08-11 Watford-Brighton,Watford,74’,2:0,Isaac Success,Andre Gray,substitute_in
ENG-Premier League,1819,2018-08-11 Watford-Brighton,Watford,81’,2:0,Ken Sema,Will Hughes,substitute_in
ENG-Premier League,1819,2018-08-11 Watford-Brighton,Brighton & Hove Albion,81’,2:0,Bernardo,,yellow_card
ENG-Premier League,1819,2018-08-11 Watford-Brighton,Watford,87’,2:0,Kiko Femenía,Roberto Pereyra,substitute_in
ENG-Premier League,1819,2019-03-30 Brighton-Southampton,Brighton & Hove Albion,15’,0:0,Dale Stephens,,yellow_card
ENG-Premier League,1819,2019-03-30 Brighton-Southampton,Southampton,53’,0:1,Pierre Højbjerg,Nathan Redmond,goal
ENG-Premier League,1819,2019-03-30 Brighton-Southampton,Brighton & Hove Albion,62’,0:1,Solly March,Alireza Jahanbakhsh,substitute_in
ENG-Premier League,1819,2019-03-30 Brighton-Southampton,Southampton,67’,0:1,Sam Gallagher,Danny Ings,substitute_in
ENG-Premier League,1819,2019-03-30 Brighton-Southampton,Brighton & Hove Albion,74’,0:1,Jürgen Locadia,Davy Pröpper,substitute_in
ENG-Premier League,1819,2019-03-30 Brighton-Southampton,Southampton,76’,0:1,Jack Stephens,Stuart Armstrong,substitute_in
ENG-Premier League,1819,2019-03-30 Brighton-Southampton,Southampton,83’,0:1,Jack Stephens,,yellow_card
ENG-Premier League,1819,2019-03-30 Brighton-Southampton,Southampton,89’,0:1,Josh Sims,Nathan Redmond,substitute_in
ENG-Premier League,1819,2019-03-30 Brighton-Southampton,Southampton,90+1’,0:1,James Ward-Prowse,,yellow_card
ENG-Premier League,1819,2019-04-15 Watford-Arsenal,Arsenal,10’,0:1,Pierre-Emerick Aubameyang,,goal
ENG-Premier League,1819,2019-04-15 Watford-Arsenal,Watford,11’,0:1,Troy Deeney,,red_card
ENG-Premier League,1819,2019-04-15 Watford-Arsenal,Arsenal,46’,0:1,Mesut Özil,Lucas Torreira,substitute_in
ENG-Premier League,1819,2019-04-15 Watford-Arsenal,Watford,54’,0:1,Étienne Capoue,,yellow_card
ENG-Premier League,1819,2019-04-15 Watford-Arsenal,Watford,59’,0:1,Isaac Success,Kiko Femenía,substitute_in
ENG-Premier League,1819,2019-04-15 Watford-Arsenal,Arsenal,59’,0:1,Mattéo Guendouzi,Konstantinos Mavropanos,substitute_in
ENG-Premier League,1819,2019-04-15 Watford-Arsenal,Arsenal,68’,0:1,Ainsley Maitland-Niles,Aaron Ramsey,substitute_in
ENG-Premier League,1819,2019-04-15 Watford-Arsenal,Watford,86’,0:1,Will Hughes,,yellow_card
ENG-Premier League,1819,2019-04-15 Watford-Arsenal,Watford,86’,0:1,Ken Sema,Adam Masina,substitute_in
ENG-Premier League,1819,2019-02-10 Tottenham Hotspur-Leicester City,Tottenham Hotspur,16’,0:0,Son Heung-min,,yellow_card
ENG-Premier League,1819,2019-02-10 Tottenham Hotspur-Leicester City,Tottenham Hotspur,20’,0:0,Danny Rose,,yellow_card
ENG-Premier League,1819,2019-02-10 Tottenham Hotspur-Leicester City,Tottenham Hotspur,28’,0:0,Jan Vertonghen,,yellow_card
ENG-Premier League,1819,2019-02-10 Tottenham Hotspur-Leicester City,Tottenham Hotspur,33’,1:0,Davinson Sánchez,Christian Eriksen,goal
ENG-Premier League,1819,2019-02-10 Tottenham Hotspur-Leicester City,Leicester City,59’,1:0,Jamie Vardy,Demarai Gray,substitute_in
ENG-Premier League,1819,2019-02-10 Tottenham Hotspur-Leicester City,Leicester City,60’,1:0,Jamie Vardy,Hugo Lloris,penalty_miss
ENG-Premier League,1819,2019-02-10 Tottenham Hotspur-Leicester City,Tottenham Hotspur,63’,2:0,Christian Eriksen,Fernando Llorente,goal
ENG-Premier League,1819,2019-02-10 Tottenham Hotspur-Leicester City,Tottenham Hotspur,71’,2:0,Toby Alderweireld,Oliver Skipp,substitute_in
ENG-Premier League,1819,2019-02-10 Tottenham Hotspur-Leicester City,Leicester City,72’,2:0,Kelechi Iheanacho,Rachid Ghezzal,substitute_in
ENG-Premier League,1819,2019-02-10 Tottenham Hotspur-Leicester City,Leicester City,76’,2:1,Jamie Vardy,Ricardo Pereira,goal
ENG-Premier League,1819,2019-02-10 Tottenham Hotspur-Leicester City,Tottenham Hotspur,80’,2:1,Victor Wanyama,Fernando Llorente,substitute_in
ENG-Premier League,1819,2019-02-10 Tottenham Hotspur-Leicester City,Leicester City,85’,2:1,Youri Tielemans,,yellow_card
ENG-Premier League,1819,2019-02-10 Tottenham Hotspur-Leicester City,Tottenham Hotspur,88’,2:1,Kyle Walker-Peters,Danny Rose,substitute_in
ENG-Premier League,1819,2019-02-10 Tottenham Hotspur-Leicester City,Leicester City,88’,2:1,Shinji Okazaki,Harvey Barnes,substitute_in
ENG-Premier League,1819,2019-02-10 Tottenham Hotspur-Leicester City,Tottenham Hotspur,90+1’,3:1,Son Heung-min,Moussa Sissoko,goal
ENG-Premier League,1819,2018-09-15 Newcastle United-Arsenal,Newcastle United,46’,0:0,Ciaran Clark,Jamaal Lascelles,substitute_in
ENG-Premier League,1819,2018-09-15 Newcastle United-Arsenal,Arsenal,46’,0:0,Lucas Torreira,Mattéo Guendouzi,substitute_in
ENG-Premier League,1819,2018-09-15 Newcastle United-Arsenal,Arsenal,49’,0:1,Granit Xhaka,,goal
ENG-Premier League,1819,2018-09-15 Newcastle United-Arsenal,Arsenal,58’,0:2,Mesut Özil,,goal
ENG-Premier League,1819,2018-09-15 Newcastle United-Arsenal,Newcastle United,69’,0:2,Kenedy,Jacob Murphy,substitute_in
ENG-Premier League,1819,2018-09-15 Newcastle United-Arsenal,Arsenal,69’,0:2,Henrikh Mkhitaryan,Pierre-Emerick Aubameyang,substitute_in
ENG-Premier League,1819,2018-09-15 Newcastle United-Arsenal,Newcastle United,79’,0:2,Yoshinori Mutō,Matt Ritchie,substitute_in
ENG-Premier League,1819,2018-09-15 Newcastle United-Arsenal,Arsenal,80’,0:2,Danny Welbeck,Aaron Ramsey,substitute_in
ENG-Premier League,1819,2018-09-15 Newcastle United-Arsenal,Newcastle United,90+1’,1:2,Ciaran Clark,Federico Fernández,goal
ENG-Premier League,1819,2019-03-30 Fulham-Manchester City,Manchester City,27’,0:2,Sergio Agüero,Bernardo Silva,goal
ENG-Premier League,1819,2019-03-30 Fulham-Manchester City,Manchester City,57’,0:2,Gabriel Jesus,Sergio Agüero,substitute_in
ENG-Premier League,1819,2019-03-30 Fulham-Manchester City,Manchester City,5’,0:1,Bernardo Silva,Sergio Agüero,goal
ENG-Premier League,1819,2019-03-30 Fulham-Manchester City,Fulham,64’,0:2,Neeskens Kebano,Floyd Ayité,substitute_in
ENG-Premier League,1819,2019-03-30 Fulham-Manchester City,Fulham,67’,0:2,Cyrus Christie,,yellow_card
ENG-Premier League,1819,2019-03-30 Fulham-Manchester City,Fulham,70’,0:2,André Schürrle,Tom Cairney,substitute_in
ENG-Premier League,1819,2019-03-30 Fulham-Manchester City,Manchester City,75’,0:2,Fernandinho,Kevin De Bruyne,substitute_in
ENG-Premier League,1819,2019-03-30 Fulham-Manchester City,Fulham,80’,0:2,Maxime Le Marchand,,yellow_card
ENG-Premier League,1819,2019-03-30 Fulham-Manchester City,Fulham,88’,0:2,Kevin McDonald,Ryan Babel,substitute_in
ENG-Premier League,1819,2019-03-30 Fulham-Manchester City,Manchester City,88’,0:2,Riyad Mahrez,Raheem Sterling,substitute_in
ENG-Premier League,1819,2019-04-16 Brighton-Cardiff City,Cardiff City,22’,0:1,Nathaniel Mendez-Laing,Junior Hoilett,goal
ENG-Premier League,1819,2019-04-16 Brighton-Cardiff City,Cardiff City,50’,0:2,Sean Morrison,Víctor Camarasa,goal
ENG-Premier League,1819,2019-04-16 Brighton-Cardiff City,Brighton & Hove Albion,54’,0:2,Florin Andone,Pascal Groß,substitute_in
ENG-Premier League,1819,2019-04-16 Brighton-Cardiff City,Cardiff City,55’,0:2,Leandro Bacuna,Aron Gunnarsson,substitute_in
ENG-Premier League,1819,2019-04-16 Brighton-Cardiff City,Brighton & Hove Albion,69’,0:2,José Izquierdo,Alireza Jahanbakhsh,substitute_in
ENG-Premier League,1819,2019-04-16 Brighton-Cardiff City,Cardiff City,79’,0:2,Joe Bennett,,yellow_card
ENG-Premier League,1819,2019-04-16 Brighton-Cardiff City,Cardiff City,80’,0:2,Kadeem Harris,Nathaniel Mendez-Laing,substitute_in
ENG-Premier League,1819,2019-04-16 Brighton-Cardiff City,Cardiff City,85’,0:2,Kenneth Zohore,Oumar Niasse,substitute_in
ENG-Premier League,1819,2019-04-28 Manchester Utd-Chelsea,Manchester United,11’,1:0,Juan Mata,Luke Shaw,goal
ENG-Premier League,1819,2019-04-28 Manchester Utd-Chelsea,Manchester United,43’,1:0,Ander Herrera,,yellow_card
ENG-Premier League,1819,2019-04-28 Manchester Utd-Chelsea,Chelsea,43’,1:1,Marcos Alonso,,goal
ENG-Premier League,1819,2019-04-28 Manchester Utd-Chelsea,Chelsea,52’,1:1,Willian,,yellow_card
ENG-Premier League,1819,2019-04-28 Manchester Utd-Chelsea,Chelsea,53’,1:1,Mateo Kovačić,,yellow_card
ENG-Premier League,1819,2019-04-28 Manchester Utd-Chelsea,Manchester United,65’,1:1,Alexis Sánchez,Marcus Rashford,substitute_in
ENG-Premier League,1819,2019-04-28 Manchester Utd-Chelsea,Chelsea,65’,1:1,Andreas Christensen,Antonio Rüdiger,substitute_in
ENG-Premier League,1819,2019-04-28 Manchester Utd-Chelsea,Manchester United,71’,1:1,Marcos Rojo,Eric Bailly,substitute_in
ENG-Premier League,1819,2019-04-28 Manchester Utd-Chelsea,Chelsea,76’,1:1,Ruben Loftus-Cheek,Mateo Kovačić,substitute_in
ENG-Premier League,1819,2019-04-28 Manchester Utd-Chelsea,Manchester United,80’,1:1,Marcos Rojo,,yellow_card
ENG-Premier League,1819,2019-04-28 Manchester Utd-Chelsea,Manchester United,81’,1:1,Scott McTominay,Juan Mata,substitute_in
ENG-Premier League,1819,2019-04-28 Manchester Utd-Chelsea,Chelsea,84’,1:1,Pedro,Willian,substitute_in
ENG-Premier League,1819,2019-04-28 Manchester Utd-Chelsea,Manchester United,89’,1:1,Ashley Young,,yellow_card
ENG-Premier League,1819,2018-12-29 Leicester City-Cardiff City,Cardiff City,53’,0:0,Neil Etheridge,,yellow_card
ENG-Premier League,1819,2018-12-29 Leicester City-Cardiff City,Leicester City,58’,0:0,Rachid Ghezzal,Marc Albrighton,substitute_in
ENG-Premier League,1819,2018-12-29 Leicester City-Cardiff City,Leicester City,68’,0:0,Kelechi Iheanacho,Jamie Vardy,substitute_in
ENG-Premier League,1819,2018-12-29 Leicester City-Cardiff City,Leicester City,75’,0:0,James Maddison,Neil Etheridge,penalty_miss
ENG-Premier League,1819,2018-12-29 Leicester City-Cardiff City,Cardiff City,78’,0:0,Kadeem Harris,Josh Murphy,substitute_in
ENG-Premier League,1819,2018-12-29 Leicester City-Cardiff City,Leicester City,79’,0:0,Shinji Okazaki,Demarai Gray,substitute_in
ENG-Premier League,1819,2018-12-29 Leicester City-Cardiff City,Cardiff City,83’,0:0,Bobby De Cordova-Reid,Junior Hoilett,substitute_in
ENG-Premier League,1819,2018-12-29 Leicester City-Cardiff City,Cardiff City,90+2’,0:1,Víctor Camarasa,Bobby De Cordova-Reid,goal
ENG-Premier League,1819,2018-12-29 Leicester City-Cardiff City,Cardiff City,90+4’,0:1,Sean Morrison,,yellow_card
ENG-Premier League,1819,2018-12-29 Leicester City-Cardiff City,Cardiff City,90+5’,0:1,Lee Peltier,Harry Arter,substitute_in
ENG-Premier League,1819,2018-11-03 Wolves-Tottenham Hotspur,Wolverhampton Wanderers,24’,0:0,Ryan Bennett,,yellow_card
ENG-Premier League,1819,2018-11-03 Wolves-Tottenham Hotspur,Tottenham Hotspur,27’,0:1,Érik Lamela,Son Heung-min,goal
ENG-Premier League,1819,2018-11-03 Wolves-Tottenham Hotspur,Tottenham Hotspur,30’,0:2,Lucas Moura,Kieran Trippier,goal
ENG-Premier League,1819,2018-11-03 Wolves-Tottenham Hotspur,Tottenham Hotspur,59’,0:2,Christian Eriksen,Son Heung-min,substitute_in
ENG-Premier League,1819,2018-11-03 Wolves-Tottenham Hotspur,Tottenham Hotspur,61’,0:3,Harry Kane,,goal
ENG-Premier League,1819,2018-11-03 Wolves-Tottenham Hotspur,Wolverhampton Wanderers,62’,0:3,Léo Bonatini,Ivan Cavaleiro,substitute_in
ENG-Premier League,1819,2018-11-03 Wolves-Tottenham Hotspur,Wolverhampton Wanderers,62’,0:3,Morgan Gibbs-White,João Moutinho,substitute_in
ENG-Premier League,1819,2018-11-03 Wolves-Tottenham Hotspur,Wolverhampton Wanderers,68’,1:3,Rúben Neves,,penalty_goal
ENG-Premier League,1819,2018-11-03 Wolves-Tottenham Hotspur,Tottenham Hotspur,78’,1:3,Juan Foyth,,yellow_card
ENG-Premier League,1819,2018-11-03 Wolves-Tottenham Hotspur,Wolverhampton Wanderers,79’,2:3,Raúl Jiménez,,penalty_goal
ENG-Premier League,1819,2018-11-03 Wolves-Tottenham Hotspur,Tottenham Hotspur,79’,2:3,Davinson Sánchez,Lucas Moura,substitute_in
ENG-Premier League,1819,2018-11-03 Wolves-Tottenham Hotspur,Tottenham Hotspur,7’,0:0,Son Heung-min,Mousa Dembélé,substitute_in
ENG-Premier League,1819,2018-11-03 Wolves-Tottenham Hotspur,Wolverhampton Wanderers,84’,2:3,Adama Traoré,Hélder Costa,substitute_in
ENG-Premier League,1819,2018-11-03 Wolves-Tottenham Hotspur,Tottenham Hotspur,87’,2:3,Harry Winks,,yellow_card
ENG-Premier League,1819,2018-11-03 Newcastle United-Watford,Watford,38’,0:0,Étienne Capoue,,yellow_card
ENG-Premier League,1819,2018-11-03 Newcastle United-Watford,Newcastle United,45+2’,0:0,Ayoze Pérez,Yoshinori Mutō,substitute_in
ENG-Premier League,1819,2018-11-03 Newcastle United-Watford,Newcastle United,46’,0:0,Fabian Schär,Jamaal Lascelles,substitute_in
ENG-Premier League,1819,2018-11-03 Newcastle United-Watford,Newcastle United,51’,0:0,Ki Sung-yueng,Jonjo Shelvey,substitute_in
ENG-Premier League,1819,2018-11-03 Newcastle United-Watford,Watford,64’,0:0,Will Hughes,,yellow_card
ENG-Premier League,1819,2018-11-03 Newcastle United-Watford,Newcastle United,65’,1:0,Ayoze Pérez,Ki Sung-yueng,goal
ENG-Premier League,1819,2018-11-03 Newcastle United-Watford,Watford,66’,1:0,Andre Gray,Gerard Deulofeu,substitute_in
ENG-Premier League,1819,2018-11-03 Newcastle United-Watford,Watford,77’,1:0,Stefano Okaka,Will Hughes,substitute_in
ENG-Premier League,1819,2018-11-03 Newcastle United-Watford,Watford,84’,1:0,Stefano Okaka,,yellow_card
ENG-Premier League,1819,2018-11-03 Newcastle United-Watford,Watford,85’,1:0,Nathaniel Chalobah,Isaac Success,substitute_in
ENG-Premier League,1819,2018-11-03 Newcastle United-Watford,Newcastle United,90+2’,1:0,Fabian Schär,,yellow_card
ENG-Premier League,1819,2018-11-03 Newcastle United-Watford,Watford,90+2’,1:0,José Holebas,,yellow_card
ENG-Premier League,1819,2018-11-03 Newcastle United-Watford,Watford,90+4’,1:0,Andre Gray,,yellow_card
ENG-Premier League,1819,2018-08-25 Bournemouth-Everton,Everton,41’,0:0,Richarlison,,red_card
ENG-Premier League,1819,2018-08-25 Bournemouth-Everton,Everton,55’,0:0,Gylfi Sigurðsson,,yellow_card
ENG-Premier League,1819,2018-08-25 Bournemouth-Everton,Everton,56’,0:1,Theo Walcott,Cenk Tosun,goal
ENG-Premier League,1819,2018-08-25 Bournemouth-Everton,Bournemouth,61’,0:1,Adam Smith,,red_card
ENG-Premier League,1819,2018-08-25 Bournemouth-Everton,Bournemouth,64’,0:1,Jordon Ibe,David Brooks,substitute_in
ENG-Premier League,1819,2018-08-25 Bournemouth-Everton,Everton,66’,0:2,Michael Keane,Gylfi Sigurðsson,goal
ENG-Premier League,1819,2018-08-25 Bournemouth-Everton,Everton,70’,0:2,Cenk Tosun,,yellow_card
ENG-Premier League,1819,2018-08-25 Bournemouth-Everton,Bournemouth,75’,1:2,Joshua King,,penalty_goal
ENG-Premier League,1819,2018-08-25 Bournemouth-Everton,Bournemouth,76’,1:2,Lewis Cook,Andrew Surman,substitute_in
ENG-Premier League,1819,2018-08-25 Bournemouth-Everton,Bournemouth,79’,2:2,Nathan Aké,,goal
ENG-Premier League,1819,2018-08-25 Bournemouth-Everton,Everton,81’,2:2,Idrissa Gana Gueye,,yellow_card
ENG-Premier League,1819,2018-08-25 Bournemouth-Everton,Everton,84’,2:2,Dominic Calvert-Lewin,Cenk Tosun,substitute_in
ENG-Premier League,1819,2018-08-25 Bournemouth-Everton,Everton,85’,2:2,Bernard,Theo Walcott,substitute_in
ENG-Premier League,1819,2018-08-25 Bournemouth-Everton,Bournemouth,90+12’,2:2,Lys Mousset,Joshua King,substitute_in
ENG-Premier League,1819,2018-08-25 Bournemouth-Everton,Everton,90+6’,2:2,Kurt Zouma,Michael Keane,substitute_in
ENG-Premier League,1819,2019-01-30 Southampton-Crystal Palace,Crystal Palace,35’,0:0,Luka Milivojević,,yellow_card
ENG-Premier League,1819,2019-01-30 Southampton-Crystal Palace,Southampton,37’,0:0,Pierre Højbjerg,,yellow_card
ENG-Premier League,1819,2019-01-30 Southampton-Crystal Palace,Crystal Palace,41’,0:1,Wilfried Zaha,Andros Townsend,goal
ENG-Premier League,1819,2019-01-30 Southampton-Crystal Palace,Crystal Palace,47’,0:1,Aaron Wan-Bissaka,,yellow_card
ENG-Premier League,1819,2019-01-30 Southampton-Crystal Palace,Southampton,59’,0:1,Jan Bednarek,,yellow_card
ENG-Premier League,1819,2019-01-30 Southampton-Crystal Palace,Southampton,62’,0:1,Stuart Armstrong,Yan Valery,substitute_in
ENG-Premier League,1819,2019-01-30 Southampton-Crystal Palace,Crystal Palace,71’,0:1,Jeffrey Schlupp,Cheikhou Kouyaté,substitute_in
ENG-Premier League,1819,2019-01-30 Southampton-Crystal Palace,Southampton,75’,0:1,Mohamed Elyounoussi,Jannik Vestergaard,substitute_in
ENG-Premier League,1819,2019-01-30 Southampton-Crystal Palace,Southampton,77’,1:1,James Ward-Prowse,Matt Targett,goal
ENG-Premier League,1819,2019-01-30 Southampton-Crystal Palace,Southampton,84’,1:1,Callum Slattery,Pierre Højbjerg,substitute_in
ENG-Premier League,1819,2019-01-30 Southampton-Crystal Palace,Crystal Palace,87’,1:1,Wilfried Zaha,,yellow_red_card
ENG-Premier League,1819,2019-01-30 Southampton-Crystal Palace,Crystal Palace,87’,1:1,Wilfried Zaha,,yellow_card
ENG-Premier League,1819,2019-01-30 Southampton-Crystal Palace,Crystal Palace,90+1’,1:1,Scott Dann,James Tomkins,substitute_in
ENG-Premier League,1819,2019-04-13 Tottenham Hotspur-Huddersfield Town,Tottenham Hotspur,24’,1:0,Victor Wanyama,Fernando Llorente,goal
ENG-Premier League,1819,2019-04-13 Tottenham Hotspur-Huddersfield Town,Tottenham Hotspur,27’,2:0,Lucas Moura,Moussa Sissoko,goal
ENG-Premier League,1819,2019-04-13 Tottenham Hotspur-Huddersfield Town,Huddersfield Town,45’,2:0,Chris Löwe,,yellow_card
ENG-Premier League,1819,2019-04-13 Tottenham Hotspur-Huddersfield Town,Tottenham Hotspur,60’,2:0,Juan Foyth,,yellow_card
ENG-Premier League,1819,2019-04-13 Tottenham Hotspur-Huddersfield Town,Huddersfield Town,66’,2:0,Juninho Bacuna,,yellow_card
ENG-Premier League,1819,2019-04-13 Tottenham Hotspur-Huddersfield Town,Huddersfield Town,69’,2:0,Steve Mounié,Erik Durm,substitute_in
ENG-Premier League,1819,2019-04-13 Tottenham Hotspur-Huddersfield Town,Tottenham Hotspur,74’,2:0,Oliver Skipp,Moussa Sissoko,substitute_in
ENG-Premier League,1819,2019-04-13 Tottenham Hotspur-Huddersfield Town,Tottenham Hotspur,76’,2:0,Jan Vertonghen,,yellow_card
ENG-Premier League,1819,2019-04-13 Tottenham Hotspur-Huddersfield Town,Huddersfield Town,82’,2:0,Aaron Mooy,Jon Gorenc Stanković,substitute_in
ENG-Premier League,1819,2019-04-13 Tottenham Hotspur-Huddersfield Town,Tottenham Hotspur,85’,2:0,Danny Rose,Jan Vertonghen,substitute_in
ENG-Premier League,1819,2019-04-13 Tottenham Hotspur-Huddersfield Town,Tottenham Hotspur,87’,2:0,Son Heung-min,Fernando Llorente,substitute_in
ENG-Premier League,1819,2019-04-13 Tottenham Hotspur-Huddersfield Town,Tottenham Hotspur,87’,3:0,Lucas Moura,Christian Eriksen,goal
ENG-Premier League,1819,2019-04-13 Tottenham Hotspur-Huddersfield Town,Tottenham Hotspur,90+3’,4:0,Lucas Moura,Son Heung-min,goal
ENG-Premier League,1819,2019-04-13 Tottenham Hotspur-Huddersfield Town,Huddersfield Town,90+4’,4:0,Danny Williams,Juninho Bacuna,substitute_in
ENG-Premier League,1819,2018-11-10 Huddersfield Town-West Ham United,West Ham United,17’,1:0,Robert Snodgrass,,yellow_card
ENG-Premier League,1819,2018-11-10 Huddersfield Town-West Ham United,Huddersfield Town,36’,1:0,Mathias Jørgensen,,yellow_card
ENG-Premier League,1819,2018-11-10 Huddersfield Town-West Ham United,Huddersfield Town,45’,1:0,Erik Durm,Chris Löwe,substitute_in
ENG-Premier League,1819,2018-11-10 Huddersfield Town-West Ham United,West Ham United,46’,1:0,Javier Hernández,Grady Diangana,substitute_in
ENG-Premier League,1819,2018-11-10 Huddersfield Town-West Ham United,West Ham United,64’,1:0,Michail Antonio,Pedro Obiang,substitute_in
ENG-Premier League,1819,2018-11-10 Huddersfield Town-West Ham United,Huddersfield Town,6’,1:0,Alex Pritchard,Jonathan Hogg,goal
ENG-Premier League,1819,2018-11-10 Huddersfield Town-West Ham United,Huddersfield Town,72’,1:0,Isaac Mbenza,Alex Pritchard,substitute_in
ENG-Premier League,1819,2018-11-10 Huddersfield Town-West Ham United,West Ham United,73’,1:0,Ryan Fredericks,Pablo Zabaleta,substitute_in
ENG-Premier League,1819,2018-11-10 Huddersfield Town-West Ham United,West Ham United,74’,1:1,Felipe Anderson,,goal
ENG-Premier League,1819,2018-11-10 Huddersfield Town-West Ham United,Huddersfield Town,89’,1:1,Laurent Depoitre,Steve Mounié,substitute_in
ENG-Premier League,1819,2018-12-04 Watford-Manchester City,Manchester City,40’,0:1,Leroy Sané,Riyad Mahrez,goal
ENG-Premier League,1819,2018-12-04 Watford-Manchester City,Manchester City,51’,0:2,Riyad Mahrez,Gabriel Jesus,goal
ENG-Premier League,1819,2018-12-04 Watford-Manchester City,Watford,52’,0:2,Domingos Quina,Will Hughes,substitute_in
ENG-Premier League,1819,2018-12-04 Watford-Manchester City,Watford,63’,0:2,Gerard Deulofeu,Nathaniel Chalobah,substitute_in
ENG-Premier League,1819,2018-12-04 Watford-Manchester City,Manchester City,73’,0:2,İlkay Gündoğan,David Silva,substitute_in
ENG-Premier League,1819,2018-12-04 Watford-Manchester City,Watford,75’,0:2,Andre Gray,Isaac Success,substitute_in
ENG-Premier League,1819,2018-12-04 Watford-Manchester City,Manchester City,83’,0:2,Nicolás Otamendi,Vincent Kompany,substitute_in
ENG-Premier League,1819,2018-12-04 Watford-Manchester City,Watford,85’,1:2,Abdoulaye Doucouré,,goal
ENG-Premier League,1819,2018-12-04 Watford-Manchester City,Manchester City,89’,1:2,Aymeric Laporte,Gabriel Jesus,substitute_in
ENG-Premier League,1819,2018-12-04 Watford-Manchester City,Manchester City,90’,1:2,Ederson,,yellow_card
ENG-Premier League,1819,2019-04-14 Liverpool-Chelsea,Chelsea,40’,0:0,Andreas Christensen,Antonio Rüdiger,substitute_in
ENG-Premier League,1819,2019-04-14 Liverpool-Chelsea,Chelsea,44’,0:0,César Azpilicueta,,yellow_card
ENG-Premier League,1819,2019-04-14 Liverpool-Chelsea,Liverpool,51’,1:0,Sadio Mané,Jordan Henderson,goal
ENG-Premier League,1819,2019-04-14 Liverpool-Chelsea,Liverpool,53’,2:0,Mohamed Salah,Virgil van Dijk,goal
ENG-Premier League,1819,2019-04-14 Liverpool-Chelsea,Chelsea,56’,2:0,Gonzalo Higuaín,Callum Hudson-Odoi,substitute_in
ENG-Premier League,1819,2019-04-14 Liverpool-Chelsea,Liverpool,66’,2:0,Georginio Wijnaldum,Naby Keïta,substitute_in
ENG-Premier League,1819,2019-04-14 Liverpool-Chelsea,Chelsea,75’,2:0,Ross Barkley,Ruben Loftus-Cheek,substitute_in
ENG-Premier League,1819,2019-04-14 Liverpool-Chelsea,Liverpool,77’,2:0,James Milner,Jordan Henderson,substitute_in
ENG-Premier League,1819,2019-04-14 Liverpool-Chelsea,Liverpool,90’,2:0,Xherdan Shaqiri,Mohamed Salah,substitute_in
ENG-Premier League,1819,2019-05-05 Chelsea-Watford,Chelsea,10’,0:0,Ruben Loftus-Cheek,N'Golo Kanté,substitute_in
ENG-Premier League,1819,2019-05-05 Chelsea-Watford,Chelsea,48’,1:0,Ruben Loftus-Cheek,Eden Hazard,goal
ENG-Premier League,1819,2019-05-05 Chelsea-Watford,Chelsea,51’,2:0,David Luiz,Eden Hazard,goal
ENG-Premier League,1819,2019-05-05 Chelsea-Watford,Watford,67’,2:0,Tom Cleverley,Nathaniel Chalobah,substitute_in
ENG-Premier League,1819,2019-05-05 Chelsea-Watford,Chelsea,75’,3:0,Gonzalo Higuaín,Pedro,goal
ENG-Premier League,1819,2019-05-05 Chelsea-Watford,Chelsea,79’,3:0,Olivier Giroud,Gonzalo Higuaín,substitute_in
ENG-Premier League,1819,2019-05-05 Chelsea-Watford,Watford,83’,3:0,Isaac Success,Gerard Deulofeu,substitute_in
ENG-Premier League,1819,2019-05-05 Chelsea-Watford,Watford,83’,3:0,Andre Gray,Troy Deeney,substitute_in
ENG-Premier League,1819,2019-05-05 Chelsea-Watford,Chelsea,89’,3:0,Gary Cahill,David Luiz,substitute_in
ENG-Premier League,1819,2019-05-05 Chelsea-Watford,Watford,90’,3:0,Abdoulaye Doucouré,,yellow_card
ENG-Premier League,1819,2019-01-13 Everton-Bournemouth,Everton,38’,0:0,Bernard,,yellow_card
ENG-Premier League,1819,2019-01-13 Everton-Bournemouth,Everton,61’,1:0,Kurt Zouma,Lucas Digne,goal
ENG-Premier League,1819,2019-01-13 Everton-Bournemouth,Everton,65’,1:0,Michael Keane,,yellow_card
ENG-Premier League,1819,2019-01-13 Everton-Bournemouth,Everton,66’,1:0,Kurt Zouma,,yellow_card
ENG-Premier League,1819,2019-01-13 Everton-Bournemouth,Everton,66’,1:0,André Gomes,,yellow_card
ENG-Premier League,1819,2019-01-13 Everton-Bournemouth,Bournemouth,68’,1:0,Lys Mousset,Junior Stanislas,substitute_in
ENG-Premier League,1819,2019-01-13 Everton-Bournemouth,Everton,78’,1:0,Theo Walcott,Bernard,substitute_in
ENG-Premier League,1819,2019-01-13 Everton-Bournemouth,Bournemouth,83’,1:0,Jordon Ibe,David Brooks,substitute_in
ENG-Premier League,1819,2019-01-13 Everton-Bournemouth,Everton,84’,1:0,Richarlison,,yellow_card
ENG-Premier League,1819,2019-01-13 Everton-Bournemouth,Everton,87’,1:0,Dominic Calvert-Lewin,Richarlison,substitute_in
ENG-Premier League,1819,2019-01-13 Everton-Bournemouth,Everton,90+3’,1:0,Yerry Mina,Gylfi Sigurðsson,substitute_in
ENG-Premier League,1819,2019-01-13 Everton-Bournemouth,Everton,90+5’,2:0,Dominic Calvert-Lewin,Ademola Lookman,goal
ENG-Premier League,1819,2018-11-10 Leicester City-Burnley,Leicester City,50’,0:0,Wes Morgan,,yellow_card
ENG-Premier League,1819,2018-11-10 Leicester City-Burnley,Burnley,55’,0:0,Jeff Hendrick,Steven Defour,substitute_in
ENG-Premier League,1819,2018-11-10 Leicester City-Burnley,Leicester City,60’,0:0,Kelechi Iheanacho,Marc Albrighton,substitute_in
ENG-Premier League,1819,2018-11-10 Leicester City-Burnley,Burnley,65’,0:0,Robbie Brady,Jóhann Berg Guðmundsson,substitute_in
ENG-Premier League,1819,2018-11-10 Leicester City-Burnley,Burnley,73’,0:0,Ashley Barnes,Sam Vokes,substitute_in
ENG-Premier League,1819,2018-11-10 Leicester City-Burnley,Leicester City,76’,0:0,Kelechi Iheanacho,,yellow_card
ENG-Premier League,1819,2018-11-10 Leicester City-Burnley,Leicester City,84’,0:0,Shinji Okazaki,Demarai Gray,substitute_in
ENG-Premier League,1819,2018-11-10 Leicester City-Burnley,Leicester City,90’,0:0,Çağlar Söyüncü,Jonny Evans,substitute_in
ENG-Premier League,1819,2018-09-23 West Ham United-Chelsea,Chelsea,50’,0:0,N'Golo Kanté,,yellow_card
ENG-Premier League,1819,2018-09-23 West Ham United-Chelsea,West Ham United,52’,0:0,Felipe Anderson,,yellow_card
ENG-Premier League,1819,2018-09-23 West Ham United-Chelsea,West Ham United,65’,0:0,Lucas Pérez,Michail Antonio,substitute_in
ENG-Premier League,1819,2018-09-23 West Ham United-Chelsea,Chelsea,65’,0:0,Álvaro Morata,Olivier Giroud,substitute_in
ENG-Premier League,1819,2018-09-23 West Ham United-Chelsea,Chelsea,69’,0:0,Gary Cahill,Antonio Rüdiger,substitute_in
ENG-Premier League,1819,2018-09-23 West Ham United-Chelsea,West Ham United,74’,0:0,Robert Snodgrass,Felipe Anderson,substitute_in
ENG-Premier League,1819,2018-09-23 West Ham United-Chelsea,Chelsea,79’,0:0,Ross Barkley,Mateo Kovačić,substitute_in
ENG-Premier League,1819,2018-09-23 West Ham United-Chelsea,West Ham United,85’,0:0,Carlos Sánchez,Mark Noble,substitute_in
ENG-Premier League,1819,2018-09-23 West Ham United-Chelsea,West Ham United,90+3’,0:0,Robert Snodgrass,,yellow_card
ENG-Premier League,1819,2018-09-02 Cardiff City-Arsenal,Arsenal,11’,0:1,Shkodran Mustafi,Granit Xhaka,goal
ENG-Premier League,1819,2018-09-02 Cardiff City-Arsenal,Arsenal,25’,0:1,Nacho Monreal,,yellow_card
ENG-Premier League,1819,2018-09-02 Cardiff City-Arsenal,Cardiff City,45+2’,1:1,Víctor Camarasa,Joe Bennett,goal
ENG-Premier League,1819,2018-09-02 Cardiff City-Arsenal,Arsenal,51’,1:1,Héctor Bellerín,,yellow_card
ENG-Premier League,1819,2018-09-02 Cardiff City-Arsenal,Arsenal,58’,1:1,Mattéo Guendouzi,,yellow_card
ENG-Premier League,1819,2018-09-02 Cardiff City-Arsenal,Arsenal,62’,1:2,Pierre-Emerick Aubameyang,Alexandre Lacazette,goal
ENG-Premier League,1819,2018-09-02 Cardiff City-Arsenal,Arsenal,66’,1:2,Granit Xhaka,,yellow_card
ENG-Premier League,1819,2018-09-02 Cardiff City-Arsenal,Cardiff City,70’,2:2,Danny Ward,Sean Morrison,goal
ENG-Premier League,1819,2018-09-02 Cardiff City-Arsenal,Arsenal,70’,1:2,Lucas Torreira,Mattéo Guendouzi,substitute_in
ENG-Premier League,1819,2018-09-02 Cardiff City-Arsenal,Cardiff City,71’,2:2,Junior Hoilett,,yellow_card
ENG-Premier League,1819,2018-09-02 Cardiff City-Arsenal,Cardiff City,77’,2:2,Víctor Camarasa,,yellow_card
ENG-Premier League,1819,2018-09-02 Cardiff City-Arsenal,Arsenal,81’,2:3,Alexandre Lacazette,Lucas Torreira,goal
ENG-Premier League,1819,2018-09-02 Cardiff City-Arsenal,Cardiff City,84’,2:3,Kenneth Zohore,Danny Ward,substitute_in
ENG-Premier League,1819,2018-09-02 Cardiff City-Arsenal,Arsenal,84’,2:3,Danny Welbeck,Mesut Özil,substitute_in
ENG-Premier League,1819,2018-09-02 Cardiff City-Arsenal,Cardiff City,89’,2:3,Gary Madine,Víctor Camarasa,substitute_in
ENG-Premier League,1819,2018-09-02 Cardiff City-Arsenal,Arsenal,89’,2:3,Henrikh Mkhitaryan,Pierre-Emerick Aubameyang,substitute_in
ENG-Premier League,1819,2018-09-02 Cardiff City-Arsenal,Cardiff City,90+3’,2:3,Harry Arter,,yellow_card
ENG-Premier League,1819,2019-05-12 Fulham-Newcastle United,Newcastle United,11’,0:2,Ayoze Pérez,,goal
ENG-Premier League,1819,2019-05-12 Fulham-Newcastle United,Fulham,59’,0:2,Joe Bryan,,yellow_card
ENG-Premier League,1819,2019-05-12 Fulham-Newcastle United,Newcastle United,61’,0:3,Fabian Schär,Matt Ritchie,goal
ENG-Premier League,1819,2019-05-12 Fulham-Newcastle United,Fulham,65’,0:3,Ryan Babel,Cyrus Christie,substitute_in
ENG-Premier League,1819,2019-05-12 Fulham-Newcastle United,Newcastle United,66’,0:3,Yoshinori Mutō,Christian Atsu,substitute_in
ENG-Premier League,1819,2019-05-12 Fulham-Newcastle United,Newcastle United,69’,0:3,Federico Fernández,Isaac Hayden,substitute_in
ENG-Premier League,1819,2019-05-12 Fulham-Newcastle United,Fulham,74’,0:3,Harvey Elliott,Floyd Ayité,substitute_in
ENG-Premier League,1819,2019-05-12 Fulham-Newcastle United,Fulham,81’,0:3,Neeskens Kebano,Ryan Sessegnon,substitute_in
ENG-Premier League,1819,2019-05-12 Fulham-Newcastle United,Newcastle United,81’,0:3,Kenedy,Paul Dummett,substitute_in
ENG-Premier League,1819,2019-05-12 Fulham-Newcastle United,Newcastle United,90’,0:4,Salomón Rondón,,goal
ENG-Premier League,1819,2019-05-12 Fulham-Newcastle United,Newcastle United,9’,0:1,Jonjo Shelvey,Matt Ritchie,goal
ENG-Premier League,1819,2018-09-02 Burnley-Manchester Utd,Manchester United,18’,0:0,Alexis Sánchez,,yellow_card
ENG-Premier League,1819,2018-09-02 Burnley-Manchester Utd,Manchester United,27’,0:1,Romelu Lukaku,Alexis Sánchez,goal
ENG-Premier League,1819,2018-09-02 Burnley-Manchester Utd,Manchester United,44’,0:2,Romelu Lukaku,,goal
ENG-Premier League,1819,2018-09-02 Burnley-Manchester Utd,Burnley,52’,0:2,Dwight McNeil,,yellow_card
ENG-Premier League,1819,2018-09-02 Burnley-Manchester Utd,Burnley,58’,0:2,Sam Vokes,Jeff Hendrick,substitute_in
ENG-Premier League,1819,2018-09-02 Burnley-Manchester Utd,Manchester United,61’,0:2,Marcus Rashford,Alexis Sánchez,substitute_in
ENG-Premier League,1819,2018-09-02 Burnley-Manchester Utd,Manchester United,69’,0:2,Paul Pogba,Joe Hart,penalty_miss
ENG-Premier League,1819,2018-09-02 Burnley-Manchester Utd,Burnley,71’,0:2,Phil Bardsley,,yellow_card
ENG-Premier League,1819,2018-09-02 Burnley-Manchester Utd,Manchester United,71’,0:2,Marcus Rashford,,red_card
ENG-Premier League,1819,2018-09-02 Burnley-Manchester Utd,Manchester United,74’,0:2,Romelu Lukaku,,yellow_card
ENG-Premier League,1819,2018-09-02 Burnley-Manchester Utd,Manchester United,74’,0:2,Luke Shaw,,yellow_card
ENG-Premier League,1819,2018-09-02 Burnley-Manchester Utd,Manchester United,76’,0:2,Ander Herrera,Jesse Lingard,substitute_in
ENG-Premier League,1819,2018-09-02 Burnley-Manchester Utd,Burnley,80’,0:2,Ashley Barnes,Dwight McNeil,substitute_in
ENG-Premier League,1819,2018-09-02 Burnley-Manchester Utd,Burnley,84’,0:2,Matěj Vydra,Chris Wood,substitute_in
ENG-Premier League,1819,2018-09-02 Burnley-Manchester Utd,Manchester United,90+2’,0:2,Eric Bailly,Paul Pogba,substitute_in
ENG-Premier League,1819,2018-10-06 Watford-Bournemouth,Watford,11’,0:0,Christian Kabasele,,yellow_card
ENG-Premier League,1819,2018-10-06 Watford-Bournemouth,Bournemouth,14’,0:1,David Brooks,,goal
ENG-Premier League,1819,2018-10-06 Watford-Bournemouth,Watford,22’,0:1,Craig Cathcart,,yellow_card
ENG-Premier League,1819,2018-10-06 Watford-Bournemouth,Watford,32’,0:1,Christian Kabasele,,yellow_red_card
ENG-Premier League,1819,2018-10-06 Watford-Bournemouth,Bournemouth,33’,0:2,Joshua King,,penalty_goal
ENG-Premier League,1819,2018-10-06 Watford-Bournemouth,Bournemouth,45’,0:3,Joshua King,Callum Wilson,goal
ENG-Premier League,1819,2018-10-06 Watford-Bournemouth,Bournemouth,47’,0:4,Callum Wilson,Ryan Fraser,goal
ENG-Premier League,1819,2018-10-06 Watford-Bournemouth,Watford,55’,0:4,Adrian Mariappa,Will Hughes,substitute_in
ENG-Premier League,1819,2018-10-06 Watford-Bournemouth,Watford,55’,0:4,Isaac Success,Andre Gray,substitute_in
ENG-Premier League,1819,2018-10-06 Watford-Bournemouth,Bournemouth,66’,0:4,Junior Stanislas,Ryan Fraser,substitute_in
ENG-Premier League,1819,2018-10-06 Watford-Bournemouth,Watford,68’,0:4,José Holebas,,yellow_card
ENG-Premier League,1819,2018-10-06 Watford-Bournemouth,Bournemouth,70’,0:4,Dan Gosling,David Brooks,substitute_in
ENG-Premier League,1819,2018-10-06 Watford-Bournemouth,Watford,74’,0:4,Gerard Deulofeu,Roberto Pereyra,substitute_in
ENG-Premier League,1819,2018-10-06 Watford-Bournemouth,Bournemouth,78’,0:4,Andrew Surman,Lewis Cook,substitute_in
ENG-Premier League,1819,2018-10-06 Watford-Bournemouth,Bournemouth,87’,0:4,Andrew Surman,,yellow_card
ENG-Premier League,1819,2018-10-06 Watford-Bournemouth,Watford,89’,0:4,Abdoulaye Doucouré,,yellow_card
ENG-Premier League,1819,2019-02-11 Wolves-Newcastle United,Newcastle United,44’,0:0,Matt Ritchie,,yellow_card
ENG-Premier League,1819,2019-02-11 Wolves-Newcastle United,Wolverhampton Wanderers,51’,0:0,Diogo Jota,,yellow_card
ENG-Premier League,1819,2019-02-11 Wolves-Newcastle United,Newcastle United,51’,0:0,Fabian Schär,,yellow_card
ENG-Premier League,1819,2019-02-11 Wolves-Newcastle United,Newcastle United,56’,0:1,Isaac Hayden,Fabian Schär,goal
ENG-Premier League,1819,2019-02-11 Wolves-Newcastle United,Newcastle United,68’,0:1,Jamaal Lascelles,,yellow_card
ENG-Premier League,1819,2019-02-11 Wolves-Newcastle United,Wolverhampton Wanderers,69’,0:1,Hélder Costa,Diogo Jota,substitute_in
ENG-Premier League,1819,2019-02-11 Wolves-Newcastle United,Wolverhampton Wanderers,69’,0:1,Ivan Cavaleiro,Leander Dendoncker,substitute_in
ENG-Premier League,1819,2019-02-11 Wolves-Newcastle United,Newcastle United,72’,0:1,Miguel Almirón,Christian Atsu,substitute_in
ENG-Premier League,1819,2019-02-11 Wolves-Newcastle United,Wolverhampton Wanderers,81’,0:1,Adama Traoré,Matt Doherty,substitute_in
ENG-Premier League,1819,2019-02-11 Wolves-Newcastle United,Newcastle United,86’,0:1,Mohamed Diamé,Isaac Hayden,substitute_in
ENG-Premier League,1819,2019-02-11 Wolves-Newcastle United,Newcastle United,90+1’,0:1,Javier Manquillo,Ayoze Pérez,substitute_in
ENG-Premier League,1819,2019-02-11 Wolves-Newcastle United,Wolverhampton Wanderers,90+5’,1:1,Willy Boly,Adama Traoré,goal
ENG-Premier League,1819,2019-04-06 Bournemouth-Burnley,Burnley,18’,1:1,Chris Wood,Ashley Westwood,goal
ENG-Premier League,1819,2019-04-06 Bournemouth-Burnley,Burnley,20’,1:2,Ashley Westwood,,goal
ENG-Premier League,1819,2019-04-06 Bournemouth-Burnley,Bournemouth,29’,1:2,Nathaniel Clyne,,yellow_card
ENG-Premier League,1819,2019-04-06 Bournemouth-Burnley,Burnley,32’,1:2,Jeff Hendrick,,yellow_card
ENG-Premier League,1819,2019-04-06 Bournemouth-Burnley,Burnley,35’,1:2,Ashley Barnes,,yellow_card
ENG-Premier League,1819,2019-04-06 Bournemouth-Burnley,Bournemouth,46’,1:2,Diego Rico,Nathaniel Clyne,substitute_in
ENG-Premier League,1819,2019-04-06 Bournemouth-Burnley,Bournemouth,4’,1:0,Ashley Barnes,,own_goal
ENG-Premier League,1819,2019-04-06 Bournemouth-Burnley,Burnley,56’,1:3,Ashley Barnes,Chris Wood,goal
ENG-Premier League,1819,2019-04-06 Bournemouth-Burnley,Bournemouth,59’,1:3,Dominic Solanke,Dan Gosling,substitute_in
ENG-Premier League,1819,2019-04-06 Bournemouth-Burnley,Bournemouth,71’,1:3,Junior Stanislas,Jefferson Lerma,substitute_in
ENG-Premier League,1819,2019-04-06 Bournemouth-Burnley,Burnley,78’,1:3,Ben Mee,,yellow_card
ENG-Premier League,1819,2019-04-06 Bournemouth-Burnley,Burnley,82’,1:3,Jóhann Berg Guðmundsson,Jeff Hendrick,substitute_in
ENG-Premier League,1819,2019-04-06 Bournemouth-Burnley,Bournemouth,90+5’,1:3,Adam Smith,,yellow_card
ENG-Premier League,1819,2018-12-01 Huddersfield Town-Brighton,Huddersfield Town,1’,1:0,Mathias Jørgensen,,goal
ENG-Premier League,1819,2018-12-01 Huddersfield Town-Brighton,Huddersfield Town,32’,1:0,Steve Mounié,,red_card
ENG-Premier League,1819,2018-12-01 Huddersfield Town-Brighton,Brighton & Hove Albion,39’,1:0,Bruno,,yellow_card
ENG-Premier League,1819,2018-12-01 Huddersfield Town-Brighton,Brighton & Hove Albion,45+4’,1:1,Shane Duffy,Solly March,goal
ENG-Premier League,1819,2018-12-01 Huddersfield Town-Brighton,Huddersfield Town,49’,1:1,Laurent Depoitre,Alex Pritchard,substitute_in
ENG-Premier League,1819,2018-12-01 Huddersfield Town-Brighton,Huddersfield Town,63’,1:1,Tommy Smith,Aaron Mooy,substitute_in
ENG-Premier League,1819,2018-12-01 Huddersfield Town-Brighton,Brighton & Hove Albion,69’,1:2,Florin Andone,Solly March,goal
ENG-Premier League,1819,2018-12-01 Huddersfield Town-Brighton,Huddersfield Town,77’,1:2,Danny Williams,Jonathan Hogg,substitute_in
ENG-Premier League,1819,2018-12-01 Huddersfield Town-Brighton,Brighton & Hove Albion,78’,1:2,Leon Balogun,Bruno,substitute_in
ENG-Premier League,1819,2018-12-01 Huddersfield Town-Brighton,Brighton & Hove Albion,79’,1:2,Glenn Murray,Florin Andone,substitute_in
ENG-Premier League,1819,2018-12-01 Huddersfield Town-Brighton,Brighton & Hove Albion,82’,1:2,Leon Balogun,,yellow_card
ENG-Premier League,1819,2018-12-01 Huddersfield Town-Brighton,Brighton & Hove Albion,90+1’,1:2,Beram Kayal,Yves Bissouma,substitute_in
ENG-Premier League,1819,2018-10-27 Leicester City-West Ham United,West Ham United,30’,0:1,Fabián Balbuena,,goal
ENG-Premier League,1819,2018-10-27 Leicester City-West Ham United,West Ham United,38’,0:1,Mark Noble,,red_card
ENG-Premier League,1819,2018-10-27 Leicester City-West Ham United,Leicester City,46’,0:1,Jamie Vardy,Rachid Ghezzal,substitute_in
ENG-Premier League,1819,2018-10-27 Leicester City-West Ham United,Leicester City,47’,0:1,Çağlar Söyüncü,,yellow_card
ENG-Premier League,1819,2018-10-27 Leicester City-West Ham United,Leicester City,61’,0:1,Demarai Gray,Kelechi Iheanacho,substitute_in
ENG-Premier League,1819,2018-10-27 Leicester City-West Ham United,West Ham United,61’,0:1,Michail Antonio,Javier Hernández,substitute_in
ENG-Premier League,1819,2018-10-27 Leicester City-West Ham United,West Ham United,75’,0:1,Aaron Cresswell,Grady Diangana,substitute_in
ENG-Premier League,1819,2018-10-27 Leicester City-West Ham United,Leicester City,80’,0:1,Shinji Okazaki,Çağlar Söyüncü,substitute_in
ENG-Premier League,1819,2018-10-27 Leicester City-West Ham United,West Ham United,81’,0:1,Angelo Ogbonna,Felipe Anderson,substitute_in
ENG-Premier League,1819,2018-10-27 Leicester City-West Ham United,West Ham United,85’,0:1,Pablo Zabaleta,,yellow_card
ENG-Premier League,1819,2018-10-27 Leicester City-West Ham United,Leicester City,89’,1:1,Wilfred Ndidi,Demarai Gray,goal
ENG-Premier League,1819,2018-12-26 Crystal Palace-Cardiff City,Cardiff City,31’,0:0,Sol Bamba,,yellow_card
ENG-Premier League,1819,2018-12-26 Crystal Palace-Cardiff City,Cardiff City,45+1’,0:0,Junior Hoilett,,yellow_card
ENG-Premier League,1819,2018-12-26 Crystal Palace-Cardiff City,Crystal Palace,63’,0:0,Connor Wickham,Max Meyer,substitute_in
ENG-Premier League,1819,2018-12-26 Crystal Palace-Cardiff City,Cardiff City,77’,0:0,Víctor Camarasa,,yellow_card
ENG-Premier League,1819,2018-12-26 Crystal Palace-Cardiff City,Cardiff City,90+1’,0:0,Aron Gunnarsson,Víctor Camarasa,substitute_in
ENG-Premier League,1819,2018-12-26 Crystal Palace-Cardiff City,Cardiff City,90+2’,0:0,Harry Arter,Junior Hoilett,substitute_in
ENG-Premier League,1819,2018-09-01 West Ham United-Wolves,West Ham United,24’,0:0,Ryan Fredericks,,yellow_card
ENG-Premier League,1819,2018-09-01 West Ham United-Wolves,West Ham United,46’,0:0,Andriy Yarmolenko,Robert Snodgrass,substitute_in
ENG-Premier League,1819,2018-09-01 West Ham United-Wolves,West Ham United,60’,0:0,Aaron Cresswell,,yellow_card
ENG-Premier League,1819,2018-09-01 West Ham United-Wolves,Wolverhampton Wanderers,62’,0:0,Adama Traoré,Diogo Jota,substitute_in
ENG-Premier League,1819,2018-09-01 West Ham United-Wolves,West Ham United,64’,0:0,Pedro Obiang,Jack Wilshere,substitute_in
ENG-Premier League,1819,2018-09-01 West Ham United-Wolves,Wolverhampton Wanderers,72’,0:0,Léo Bonatini,Hélder Costa,substitute_in
ENG-Premier League,1819,2018-09-01 West Ham United-Wolves,West Ham United,75’,0:0,Javier Hernández,Michail Antonio,substitute_in
ENG-Premier League,1819,2018-09-01 West Ham United-Wolves,Wolverhampton Wanderers,79’,0:0,Ryan Bennett,,yellow_card
ENG-Premier League,1819,2018-09-01 West Ham United-Wolves,Wolverhampton Wanderers,87’,0:0,Rúben Vinagre,Raúl Jiménez,substitute_in
ENG-Premier League,1819,2018-09-01 West Ham United-Wolves,Wolverhampton Wanderers,90+3’,0:1,Adama Traoré,Léo Bonatini,goal
ENG-Premier League,1819,2018-12-15 Crystal Palace-Leicester City,Crystal Palace,39’,1:0,Luka Milivojević,Andros Townsend,goal
ENG-Premier League,1819,2018-12-15 Crystal Palace-Leicester City,Crystal Palace,45+1’,1:0,James McArthur,,yellow_card
ENG-Premier League,1819,2018-12-15 Crystal Palace-Leicester City,Leicester City,46’,1:0,Rachid Ghezzal,James Maddison,substitute_in
ENG-Premier League,1819,2018-12-15 Crystal Palace-Leicester City,Leicester City,61’,1:0,Ricardo Pereira,,yellow_card
ENG-Premier League,1819,2018-12-15 Crystal Palace-Leicester City,Crystal Palace,65’,1:0,Jeffrey Schlupp,Cheikhou Kouyaté,substitute_in
ENG-Premier League,1819,2018-12-15 Crystal Palace-Leicester City,Leicester City,73’,1:0,Kelechi Iheanacho,Demarai Gray,substitute_in
ENG-Premier League,1819,2018-12-15 Crystal Palace-Leicester City,Crystal Palace,78’,1:0,Alexander Sørloth,Jordan Ayew,substitute_in
ENG-Premier League,1819,2018-12-15 Crystal Palace-Leicester City,Leicester City,89’,1:0,Shinji Okazaki,Marc Albrighton,substitute_in
ENG-Premier League,1819,2018-12-15 Crystal Palace-Leicester City,Crystal Palace,90+1’,1:0,Vicente Guaita,,yellow_card
ENG-Premier League,1819,2018-12-15 Crystal Palace-Leicester City,Crystal Palace,90+3’,1:0,Jason Puncheon,Max Meyer,substitute_in
ENG-Premier League,1819,2019-04-27 Fulham-Cardiff City,Fulham,28’,0:0,Cyrus Christie,Denis Odoi,substitute_in
ENG-Premier League,1819,2019-04-27 Fulham-Cardiff City,Cardiff City,61’,0:0,Danny Ward,Oumar Niasse,substitute_in
ENG-Premier League,1819,2019-04-27 Fulham-Cardiff City,Cardiff City,72’,0:0,Rhys Healey,Víctor Camarasa,substitute_in
ENG-Premier League,1819,2019-04-27 Fulham-Cardiff City,Fulham,79’,1:0,Ryan Babel,Cyrus Christie,goal
ENG-Premier League,1819,2019-04-27 Fulham-Cardiff City,Fulham,85’,1:0,Alfie Mawson,Ryan Sessegnon,substitute_in
ENG-Premier League,1819,2019-04-27 Fulham-Cardiff City,Cardiff City,87’,1:0,Bobby De Cordova-Reid,Aron Gunnarsson,substitute_in
ENG-Premier League,1819,2019-04-27 Fulham-Cardiff City,Fulham,89’,1:0,Floyd Ayité,Ryan Babel,substitute_in
ENG-Premier League,1819,2019-04-27 Southampton-Bournemouth,Southampton,12’,1:0,Shane Long,Nathan Redmond,goal
ENG-Premier League,1819,2019-04-27 Southampton-Bournemouth,Bournemouth,20’,1:1,Dan Gosling,Callum Wilson,goal
ENG-Premier League,1819,2019-04-27 Southampton-Bournemouth,Bournemouth,23’,1:1,Ryan Fraser,Chris Mepham,substitute_in
ENG-Premier League,1819,2019-04-27 Southampton-Bournemouth,Southampton,26’,1:1,Oriol Romeu,,yellow_card
ENG-Premier League,1819,2019-04-27 Southampton-Bournemouth,Bournemouth,32’,1:2,Callum Wilson,,goal
ENG-Premier League,1819,2019-04-27 Southampton-Bournemouth,Southampton,35’,1:2,Shane Long,,yellow_card
ENG-Premier League,1819,2019-04-27 Southampton-Bournemouth,Bournemouth,45+2’,1:2,Dan Gosling,,yellow_card
ENG-Premier League,1819,2019-04-27 Southampton-Bournemouth,Southampton,46’,1:2,Matt Targett,Oriol Romeu,substitute_in
ENG-Premier League,1819,2019-04-27 Southampton-Bournemouth,Bournemouth,53’,1:2,Emerson Hyndman,Dan Gosling,substitute_in
ENG-Premier League,1819,2019-04-27 Southampton-Bournemouth,Southampton,55’,2:2,James Ward-Prowse,Pierre Højbjerg,goal
ENG-Premier League,1819,2019-04-27 Southampton-Bournemouth,Southampton,67’,3:2,Matt Targett,Yan Valery,goal
ENG-Premier League,1819,2019-04-27 Southampton-Bournemouth,Bournemouth,72’,3:2,Dominic Solanke,Nathaniel Clyne,substitute_in
ENG-Premier League,1819,2019-04-27 Southampton-Bournemouth,Southampton,81’,3:2,Stuart Armstrong,Danny Ings,substitute_in
ENG-Premier League,1819,2019-04-27 Southampton-Bournemouth,Bournemouth,86’,3:3,Callum Wilson,Ryan Fraser,goal
ENG-Premier League,1819,2019-04-27 Southampton-Bournemouth,Southampton,88’,3:3,Charlie Austin,Shane Long,substitute_in
ENG-Premier League,1819,2018-11-30 Cardiff City-Wolves,Wolverhampton Wanderers,18’,0:1,Matt Doherty,,goal
ENG-Premier League,1819,2018-11-30 Cardiff City-Wolves,Wolverhampton Wanderers,61’,0:1,Rúben Neves,,yellow_card
ENG-Premier League,1819,2018-11-30 Cardiff City-Wolves,Cardiff City,65’,1:1,Aron Gunnarsson,Sean Morrison,goal
ENG-Premier League,1819,2018-11-30 Cardiff City-Wolves,Cardiff City,66’,1:1,Bobby De Cordova-Reid,Josh Murphy,substitute_in
ENG-Premier League,1819,2018-11-30 Cardiff City-Wolves,Wolverhampton Wanderers,66’,1:1,Romain Saïss,,yellow_card
ENG-Premier League,1819,2018-11-30 Cardiff City-Wolves,Wolverhampton Wanderers,66’,1:1,Diogo Jota,Hélder Costa,substitute_in
ENG-Premier League,1819,2018-11-30 Cardiff City-Wolves,Cardiff City,71’,1:1,Callum Paterson,,yellow_card
ENG-Premier League,1819,2018-11-30 Cardiff City-Wolves,Wolverhampton Wanderers,73’,1:1,Morgan Gibbs-White,Adama Traoré,substitute_in
ENG-Premier League,1819,2018-11-30 Cardiff City-Wolves,Cardiff City,76’,1:1,Kadeem Harris,Harry Arter,substitute_in
ENG-Premier League,1819,2018-11-30 Cardiff City-Wolves,Cardiff City,77’,2:1,Junior Hoilett,,goal
ENG-Premier League,1819,2018-11-30 Cardiff City-Wolves,Wolverhampton Wanderers,82’,2:1,Ivan Cavaleiro,Rúben Vinagre,substitute_in
ENG-Premier League,1819,2018-12-21 Wolves-Liverpool,Liverpool,18’,0:1,Mohamed Salah,Fabinho,goal
ENG-Premier League,1819,2018-12-21 Wolves-Liverpool,Liverpool,58’,0:1,Adam Lallana,Naby Keïta,substitute_in
ENG-Premier League,1819,2018-12-21 Wolves-Liverpool,Wolverhampton Wanderers,63’,0:1,Ivan Cavaleiro,Adama Traoré,substitute_in
ENG-Premier League,1819,2018-12-21 Wolves-Liverpool,Wolverhampton Wanderers,63’,0:1,Morgan Gibbs-White,João Moutinho,substitute_in
ENG-Premier League,1819,2018-12-21 Wolves-Liverpool,Liverpool,68’,0:2,Virgil van Dijk,Mohamed Salah,goal
ENG-Premier League,1819,2018-12-21 Wolves-Liverpool,Liverpool,76’,0:2,Georginio Wijnaldum,Roberto Firmino,substitute_in
ENG-Premier League,1819,2018-12-21 Wolves-Liverpool,Wolverhampton Wanderers,81’,0:2,Rúben Vinagre,Jonny Castro,substitute_in
ENG-Premier League,1819,2018-12-21 Wolves-Liverpool,Liverpool,87’,0:2,Nathaniel Clyne,Sadio Mané,substitute_in
ENG-Premier League,1819,2019-01-02 Huddersfield Town-Burnley,Burnley,14’,0:0,Ben Mee,,yellow_card
ENG-Premier League,1819,2019-01-02 Huddersfield Town-Burnley,Huddersfield Town,30’,0:0,Christopher Schindler,,yellow_card
ENG-Premier League,1819,2019-01-02 Huddersfield Town-Burnley,Burnley,31’,0:0,Phil Bardsley,,yellow_card
ENG-Premier League,1819,2019-01-02 Huddersfield Town-Burnley,Huddersfield Town,33’,1:0,Steve Mounié,Isaac Mbenza,goal
ENG-Premier League,1819,2019-01-02 Huddersfield Town-Burnley,Burnley,40’,1:1,Chris Wood,Dwight McNeil,goal
ENG-Premier League,1819,2019-01-02 Huddersfield Town-Burnley,Huddersfield Town,41’,1:1,Christopher Schindler,,yellow_red_card
ENG-Premier League,1819,2019-01-02 Huddersfield Town-Burnley,Huddersfield Town,44’,1:1,Erik Durm,Alex Pritchard,substitute_in
ENG-Premier League,1819,2019-01-02 Huddersfield Town-Burnley,Burnley,59’,1:1,Matthew Lowton,Phil Bardsley,substitute_in
ENG-Premier League,1819,2019-01-02 Huddersfield Town-Burnley,Burnley,63’,1:1,Robbie Brady,Dwight McNeil,substitute_in
ENG-Premier League,1819,2019-01-02 Huddersfield Town-Burnley,Huddersfield Town,71’,1:1,Chris Löwe,Florent Hadergjonaj,substitute_in
ENG-Premier League,1819,2019-01-02 Huddersfield Town-Burnley,Burnley,74’,1:2,Ashley Barnes,Ashley Westwood,goal
ENG-Premier League,1819,2019-01-02 Huddersfield Town-Burnley,Burnley,78’,1:2,Chris Wood,,yellow_card
ENG-Premier League,1819,2019-01-02 Huddersfield Town-Burnley,Huddersfield Town,83’,1:2,Laurent Depoitre,Erik Durm,substitute_in
ENG-Premier League,1819,2019-01-02 Huddersfield Town-Burnley,Burnley,90+2’,1:2,Jeff Hendrick,Ashley Barnes,substitute_in
ENG-Premier League,1819,2019-01-02 Huddersfield Town-Burnley,Burnley,90+3’,1:2,Tom Heaton,,yellow_card
ENG-Premier League,1819,2019-01-02 Huddersfield Town-Burnley,Burnley,90’,1:2,Robbie Brady,,red_card
ENG-Premier League,1819,2019-04-05 Southampton-Liverpool,Liverpool,36’,1:1,Naby Keïta,Trent Alexander-Arnold,goal
ENG-Premier League,1819,2019-04-05 Southampton-Liverpool,Southampton,48’,1:1,Jan Bednarek,,yellow_card
ENG-Premier League,1819,2019-04-05 Southampton-Liverpool,Liverpool,59’,1:1,James Milner,Georginio Wijnaldum,substitute_in
ENG-Premier League,1819,2019-04-05 Southampton-Liverpool,Liverpool,59’,1:1,Jordan Henderson,Trent Alexander-Arnold,substitute_in
ENG-Premier League,1819,2019-04-05 Southampton-Liverpool,Southampton,62’,1:1,Josh Sims,Shane Long,substitute_in
ENG-Premier League,1819,2019-04-05 Southampton-Liverpool,Southampton,75’,1:1,Ryan Bertrand,,yellow_card
ENG-Premier League,1819,2019-04-05 Southampton-Liverpool,Liverpool,80’,1:2,Mohamed Salah,Jordan Henderson,goal
ENG-Premier League,1819,2019-04-05 Southampton-Liverpool,Liverpool,81’,1:2,Mohamed Salah,,yellow_card
ENG-Premier League,1819,2019-04-05 Southampton-Liverpool,Southampton,83’,1:2,Charlie Austin,Jannik Vestergaard,substitute_in
ENG-Premier League,1819,2019-04-05 Southampton-Liverpool,Southampton,83’,1:2,Stuart Armstrong,Oriol Romeu,substitute_in
ENG-Premier League,1819,2019-04-05 Southampton-Liverpool,Liverpool,86’,1:3,Jordan Henderson,Roberto Firmino,goal
ENG-Premier League,1819,2019-04-05 Southampton-Liverpool,Liverpool,88’,1:3,Dejan Lovren,Naby Keïta,substitute_in
ENG-Premier League,1819,2019-04-05 Southampton-Liverpool,Liverpool,89’,1:3,Andrew Robertson,,yellow_card
ENG-Premier League,1819,2019-04-05 Southampton-Liverpool,Liverpool,90+1’,1:3,Jordan Henderson,,yellow_card
ENG-Premier League,1819,2019-04-05 Southampton-Liverpool,Liverpool,90+4’,1:3,Sadio Mané,,yellow_card
ENG-Premier League,1819,2019-04-05 Southampton-Liverpool,Southampton,9’,1:0,Shane Long,Pierre Højbjerg,goal
ENG-Premier League,1819,2018-11-24 Watford-Liverpool,Watford,57’,0:0,Isaac Success,Gerard Deulofeu,substitute_in
ENG-Premier League,1819,2018-11-24 Watford-Liverpool,Liverpool,60’,0:0,Jordan Henderson,,yellow_card
ENG-Premier League,1819,2018-11-24 Watford-Liverpool,Liverpool,67’,0:1,Mohamed Salah,Sadio Mané,goal
ENG-Premier League,1819,2018-11-24 Watford-Liverpool,Liverpool,74’,0:1,James Milner,Xherdan Shaqiri,substitute_in
ENG-Premier League,1819,2018-11-24 Watford-Liverpool,Watford,75’,0:1,Andre Gray,Will Hughes,substitute_in
ENG-Premier League,1819,2018-11-24 Watford-Liverpool,Liverpool,76’,0:2,Trent Alexander-Arnold,,goal
ENG-Premier League,1819,2018-11-24 Watford-Liverpool,Liverpool,82’,0:2,Jordan Henderson,,yellow_red_card
ENG-Premier League,1819,2018-11-24 Watford-Liverpool,Liverpool,86’,0:2,Fabinho,Mohamed Salah,substitute_in
ENG-Premier League,1819,2018-11-24 Watford-Liverpool,Liverpool,89’,0:3,Roberto Firmino,,goal
ENG-Premier League,1819,2018-11-24 Watford-Liverpool,Liverpool,90+2’,0:3,Joël Matip,Roberto Firmino,substitute_in
ENG-Premier League,1819,2019-04-13 Southampton-Wolves,Wolverhampton Wanderers,28’,1:1,Willy Boly,João Moutinho,goal
ENG-Premier League,1819,2019-04-13 Southampton-Wolves,Southampton,2’,1:0,Nathan Redmond,Josh Sims,goal
ENG-Premier League,1819,2019-04-13 Southampton-Wolves,Southampton,30’,2:1,Nathan Redmond,Danny Ings,goal
ENG-Premier League,1819,2019-04-13 Southampton-Wolves,Wolverhampton Wanderers,40’,2:1,João Moutinho,,yellow_card
ENG-Premier League,1819,2019-04-13 Southampton-Wolves,Wolverhampton Wanderers,45+2’,2:1,Raúl Jiménez,,yellow_card
ENG-Premier League,1819,2019-04-13 Southampton-Wolves,Wolverhampton Wanderers,60’,2:1,Adama Traoré,Matt Doherty,substitute_in
ENG-Premier League,1819,2019-04-13 Southampton-Wolves,Southampton,61’,2:1,Oriol Romeu,Josh Sims,substitute_in
ENG-Premier League,1819,2019-04-13 Southampton-Wolves,Southampton,61’,2:1,Shane Long,Danny Ings,substitute_in
ENG-Premier League,1819,2019-04-13 Southampton-Wolves,Southampton,67’,2:1,Ryan Bertrand,,yellow_card
ENG-Premier League,1819,2019-04-13 Southampton-Wolves,Wolverhampton Wanderers,69’,2:1,Morgan Gibbs-White,Rúben Neves,substitute_in
ENG-Premier League,1819,2019-04-13 Southampton-Wolves,Southampton,71’,3:1,Shane Long,Maya Yoshida,goal
ENG-Premier League,1819,2019-04-13 Southampton-Wolves,Wolverhampton Wanderers,74’,3:1,Romain Saïss,,yellow_card
ENG-Premier League,1819,2019-04-13 Southampton-Wolves,Southampton,84’,3:1,Jack Stephens,Yan Valery,substitute_in
ENG-Premier League,1819,2019-04-13 Southampton-Wolves,Wolverhampton Wanderers,87’,3:1,Hélder Costa,Diogo Jota,substitute_in
ENG-Premier League,1819,2018-10-05 Brighton-West Ham United,Brighton & Hove Albion,25’,1:0,Glenn Murray,Beram Kayal,goal
ENG-Premier League,1819,2018-10-05 Brighton-West Ham United,Brighton & Hove Albion,33’,1:0,Shane Duffy,,yellow_card
ENG-Premier League,1819,2018-10-05 Brighton-West Ham United,West Ham United,57’,1:0,Marko Arnautović,,yellow_card
ENG-Premier League,1819,2018-10-05 Brighton-West Ham United,Brighton & Hove Albion,58’,1:0,Alireza Jahanbakhsh,,yellow_card
ENG-Premier League,1819,2018-10-05 Brighton-West Ham United,West Ham United,60’,1:0,Michail Antonio,Pedro Obiang,substitute_in
ENG-Premier League,1819,2018-10-05 Brighton-West Ham United,Brighton & Hove Albion,61’,1:0,Beram Kayal,,yellow_card
ENG-Premier League,1819,2018-10-05 Brighton-West Ham United,West Ham United,70’,1:0,Lucas Pérez,Andriy Yarmolenko,substitute_in
ENG-Premier League,1819,2018-10-05 Brighton-West Ham United,Brighton & Hove Albion,71’,1:0,José Izquierdo,Alireza Jahanbakhsh,substitute_in
ENG-Premier League,1819,2018-10-05 Brighton-West Ham United,Brighton & Hove Albion,80’,1:0,Yves Bissouma,Davy Pröpper,substitute_in
ENG-Premier League,1819,2018-10-05 Brighton-West Ham United,West Ham United,83’,1:0,Robert Snodgrass,Mark Noble,substitute_in
ENG-Premier League,1819,2018-10-05 Brighton-West Ham United,Brighton & Hove Albion,86’,1:0,Jürgen Locadia,Solly March,substitute_in
ENG-Premier League,1819,2018-10-05 Brighton-West Ham United,West Ham United,88’,1:0,Robert Snodgrass,,yellow_card
ENG-Premier League,1819,2018-09-22 Fulham-Watford,Watford,2’,0:1,Andre Gray,Will Hughes,goal
ENG-Premier League,1819,2018-09-22 Fulham-Watford,Fulham,30’,0:1,Alfie Mawson,,yellow_card
ENG-Premier League,1819,2018-09-22 Fulham-Watford,Fulham,32’,0:1,Timothy Fosu-Mensah,,yellow_card
ENG-Premier League,1819,2018-09-22 Fulham-Watford,Fulham,46’,0:1,Floyd Ayité,Kevin McDonald,substitute_in
ENG-Premier League,1819,2018-09-22 Fulham-Watford,Fulham,46’,0:1,Denis Odoi,Alfie Mawson,substitute_in
ENG-Premier League,1819,2018-09-22 Fulham-Watford,Watford,58’,0:1,José Holebas,,yellow_card
ENG-Premier League,1819,2018-09-22 Fulham-Watford,Fulham,64’,0:1,Andre-Frank Zambo Anguissa,Stefan Johansen,substitute_in
ENG-Premier League,1819,2018-09-22 Fulham-Watford,Watford,70’,0:1,Kiko Femenía,Will Hughes,substitute_in
ENG-Premier League,1819,2018-09-22 Fulham-Watford,Fulham,78’,1:1,Aleksandar Mitrović,Luciano Vietto,goal
ENG-Premier League,1819,2018-09-22 Fulham-Watford,Watford,80’,1:1,Isaac Success,Andre Gray,substitute_in
ENG-Premier League,1819,2018-09-22 Fulham-Watford,Watford,90’,1:1,Ken Sema,Roberto Pereyra,substitute_in
ENG-Premier League,1819,2019-01-20 Huddersfield Town-Manchester City,Manchester City,18’,0:1,Danilo,Kyle Walker,goal
ENG-Premier League,1819,2019-01-20 Huddersfield Town-Manchester City,Manchester City,27’,0:1,Kyle Walker,,yellow_card
ENG-Premier League,1819,2019-01-20 Huddersfield Town-Manchester City,Huddersfield Town,30’,0:1,Juninho Bacuna,,yellow_card
ENG-Premier League,1819,2019-01-20 Huddersfield Town-Manchester City,Huddersfield Town,43’,0:1,Jonathan Hogg,,yellow_card
ENG-Premier League,1819,2019-01-20 Huddersfield Town-Manchester City,Manchester City,50’,0:1,Fernandinho,,yellow_card
ENG-Premier League,1819,2019-01-20 Huddersfield Town-Manchester City,Manchester City,54’,0:2,Raheem Sterling,Leroy Sané,goal
ENG-Premier League,1819,2019-01-20 Huddersfield Town-Manchester City,Manchester City,56’,0:3,Leroy Sané,Sergio Agüero,goal
ENG-Premier League,1819,2019-01-20 Huddersfield Town-Manchester City,Huddersfield Town,59’,0:3,Steve Mounié,Adama Diakhaby,substitute_in
ENG-Premier League,1819,2019-01-20 Huddersfield Town-Manchester City,Manchester City,59’,0:3,David Silva,Fernandinho,substitute_in
ENG-Premier League,1819,2019-01-20 Huddersfield Town-Manchester City,Huddersfield Town,64’,0:3,Alex Pritchard,Juninho Bacuna,substitute_in
ENG-Premier League,1819,2019-01-20 Huddersfield Town-Manchester City,Manchester City,72’,0:3,Bernardo Silva,Leroy Sané,substitute_in
ENG-Premier League,1819,2019-01-20 Huddersfield Town-Manchester City,Manchester City,80’,0:3,Fabian Delph,İlkay Gündoğan,substitute_in
ENG-Premier League,1819,2019-04-20 Huddersfield Town-Watford,Watford,17’,0:1,Étienne Capoue,,yellow_card
ENG-Premier League,1819,2019-04-20 Huddersfield Town-Watford,Huddersfield Town,19’,0:1,Jonathan Hogg,,yellow_card
ENG-Premier League,1819,2019-04-20 Huddersfield Town-Watford,Huddersfield Town,24’,0:1,Juninho Bacuna,,yellow_card
ENG-Premier League,1819,2019-04-20 Huddersfield Town-Watford,Huddersfield Town,41’,0:1,Matty Daly,Jonathan Hogg,substitute_in
ENG-Premier League,1819,2019-04-20 Huddersfield Town-Watford,Watford,5’,0:1,Gerard Deulofeu,,goal
ENG-Premier League,1819,2019-04-20 Huddersfield Town-Watford,Huddersfield Town,65’,0:1,Karlan Grant,Steve Mounié,substitute_in
ENG-Premier League,1819,2019-04-20 Huddersfield Town-Watford,Watford,72’,0:1,Isaac Success,Andre Gray,substitute_in
ENG-Premier League,1819,2019-04-20 Huddersfield Town-Watford,Watford,80’,0:2,Gerard Deulofeu,,goal
ENG-Premier League,1819,2019-04-20 Huddersfield Town-Watford,Huddersfield Town,81’,0:2,Chris Löwe,Isaac Mbenza,substitute_in
ENG-Premier League,1819,2019-04-20 Huddersfield Town-Watford,Watford,83’,0:2,Nathaniel Chalobah,Gerard Deulofeu,substitute_in
ENG-Premier League,1819,2019-04-20 Huddersfield Town-Watford,Watford,90+1’,0:2,Abdoulaye Doucouré,,yellow_card
ENG-Premier League,1819,2019-04-20 Huddersfield Town-Watford,Watford,90+2’,0:2,Marc Navarro,Will Hughes,substitute_in
ENG-Premier League,1819,2019-04-20 Huddersfield Town-Watford,Huddersfield Town,90+3’,1:2,Karlan Grant,Chris Löwe,goal
ENG-Premier League,1819,2019-03-10 Liverpool-Burnley,Liverpool,19’,1:1,Roberto Firmino,,goal
ENG-Premier League,1819,2019-03-10 Liverpool-Burnley,Liverpool,29’,2:1,Sadio Mané,,goal
ENG-Premier League,1819,2019-03-10 Liverpool-Burnley,Liverpool,67’,3:1,Roberto Firmino,,goal
ENG-Premier League,1819,2019-03-10 Liverpool-Burnley,Liverpool,68’,3:1,Jordan Henderson,Georginio Wijnaldum,substitute_in
ENG-Premier League,1819,2019-03-10 Liverpool-Burnley,Burnley,6’,0:1,Ashley Westwood,,goal
ENG-Premier League,1819,2019-03-10 Liverpool-Burnley,Liverpool,71’,3:1,Fabinho,,yellow_card
ENG-Premier League,1819,2019-03-10 Liverpool-Burnley,Liverpool,77’,3:1,Naby Keïta,Adam Lallana,substitute_in
ENG-Premier League,1819,2019-03-10 Liverpool-Burnley,Burnley,79’,3:1,Peter Crouch,Chris Wood,substitute_in
ENG-Premier League,1819,2019-03-10 Liverpool-Burnley,Burnley,79’,3:1,Jóhann Berg Guðmundsson,Jeff Hendrick,substitute_in
ENG-Premier League,1819,2019-03-10 Liverpool-Burnley,Liverpool,7’,0:1,Alisson,,yellow_card
ENG-Premier League,1819,2019-03-10 Liverpool-Burnley,Liverpool,86’,3:1,Daniel Sturridge,Trent Alexander-Arnold,substitute_in
ENG-Premier League,1819,2019-03-10 Liverpool-Burnley,Burnley,86’,3:1,Matěj Vydra,Ashley Barnes,substitute_in
ENG-Premier League,1819,2019-03-10 Liverpool-Burnley,Burnley,90+1’,3:2,Jóhann Berg Guðmundsson,Matěj Vydra,goal
ENG-Premier League,1819,2019-03-10 Liverpool-Burnley,Liverpool,90+3’,4:2,Sadio Mané,Daniel Sturridge,goal
ENG-Premier League,1819,2019-01-12 Brighton-Liverpool,Liverpool,50’,0:1,Mohamed Salah,,penalty_goal
ENG-Premier League,1819,2019-01-12 Brighton-Liverpool,Brighton & Hove Albion,66’,0:1,Anthony Knockaert,Solly March,substitute_in
ENG-Premier League,1819,2019-01-12 Brighton-Liverpool,Brighton & Hove Albion,66’,0:1,Florin Andone,Glenn Murray,substitute_in
ENG-Premier League,1819,2019-01-12 Brighton-Liverpool,Liverpool,72’,0:1,James Milner,Xherdan Shaqiri,substitute_in
ENG-Premier League,1819,2019-01-12 Brighton-Liverpool,Brighton & Hove Albion,79’,0:1,Beram Kayal,Pascal Groß,substitute_in
ENG-Premier League,1819,2019-01-12 Brighton-Liverpool,Liverpool,90+4’,0:1,Divock Origi,Mohamed Salah,substitute_in
ENG-Premier League,1819,2019-01-12 Brighton-Liverpool,Liverpool,90’,0:1,Naby Keïta,Sadio Mané,substitute_in
ENG-Premier League,1819,2018-09-29 Arsenal-Watford,Watford,31’,0:0,Troy Deeney,,yellow_card
ENG-Premier League,1819,2018-09-29 Arsenal-Watford,Arsenal,45+3’,0:0,Bernd Leno,Petr Čech,substitute_in
ENG-Premier League,1819,2018-09-29 Arsenal-Watford,Arsenal,45’,0:0,Lucas Torreira,,yellow_card
ENG-Premier League,1819,2018-09-29 Arsenal-Watford,Arsenal,62’,0:0,Shkodran Mustafi,,yellow_card
ENG-Premier League,1819,2018-09-29 Arsenal-Watford,Arsenal,63’,0:0,Alex Iwobi,Aaron Ramsey,substitute_in
ENG-Premier League,1819,2018-09-29 Arsenal-Watford,Watford,72’,0:0,Isaac Success,Andre Gray,substitute_in
ENG-Premier League,1819,2018-09-29 Arsenal-Watford,Arsenal,77’,0:0,Danny Welbeck,Pierre-Emerick Aubameyang,substitute_in
ENG-Premier League,1819,2018-09-29 Arsenal-Watford,Watford,79’,0:0,Abdoulaye Doucouré,,yellow_card
ENG-Premier League,1819,2018-09-29 Arsenal-Watford,Arsenal,81’,1:0,Craig Cathcart,,own_goal
ENG-Premier League,1819,2018-09-29 Arsenal-Watford,Arsenal,83’,2:0,Mesut Özil,Alexandre Lacazette,goal
ENG-Premier League,1819,2018-09-29 Arsenal-Watford,Watford,84’,2:0,Kiko Femenía,Marc Navarro,substitute_in
ENG-Premier League,1819,2018-09-29 Manchester City-Brighton,Manchester City,29’,1:0,Raheem Sterling,Leroy Sané,goal
ENG-Premier League,1819,2018-09-29 Manchester City-Brighton,Brighton & Hove Albion,42’,1:0,Shane Duffy,,yellow_card
ENG-Premier League,1819,2018-09-29 Manchester City-Brighton,Manchester City,65’,2:0,Sergio Agüero,Raheem Sterling,goal
ENG-Premier League,1819,2018-09-29 Manchester City-Brighton,Manchester City,66’,2:0,Gabriel Jesus,Sergio Agüero,substitute_in
ENG-Premier League,1819,2018-09-29 Manchester City-Brighton,Manchester City,71’,2:0,Riyad Mahrez,Leroy Sané,substitute_in
ENG-Premier League,1819,2018-09-29 Manchester City-Brighton,Brighton & Hove Albion,73’,2:0,Glenn Murray,Jürgen Locadia,substitute_in
ENG-Premier League,1819,2018-09-29 Manchester City-Brighton,Brighton & Hove Albion,78’,2:0,Alireza Jahanbakhsh,Anthony Knockaert,substitute_in
ENG-Premier League,1819,2018-09-29 Manchester City-Brighton,Brighton & Hove Albion,83’,2:0,José Izquierdo,Solly March,substitute_in
ENG-Premier League,1819,2018-09-29 Manchester City-Brighton,Brighton & Hove Albion,87’,2:0,Martín Montoya,,yellow_card
ENG-Premier League,1819,2018-09-29 Manchester City-Brighton,Manchester City,88’,2:0,Phil Foden,David Silva,substitute_in
ENG-Premier League,1819,2018-09-29 Manchester City-Brighton,Brighton & Hove Albion,9’,0:0,Anthony Knockaert,,yellow_card
ENG-Premier League,1819,2019-01-29 Newcastle United-Manchester City,Manchester City,17’,0:1,Kevin De Bruyne,,yellow_card
ENG-Premier League,1819,2019-01-29 Newcastle United-Manchester City,Manchester City,1’,0:1,Sergio Agüero,David Silva,goal
ENG-Premier League,1819,2019-01-29 Newcastle United-Manchester City,Manchester City,34’,0:1,Raheem Sterling,,yellow_card
ENG-Premier League,1819,2019-01-29 Newcastle United-Manchester City,Newcastle United,54’,0:1,Ayoze Pérez,,yellow_card
ENG-Premier League,1819,2019-01-29 Newcastle United-Manchester City,Manchester City,65’,0:1,Bernardo Silva,Kevin De Bruyne,substitute_in
ENG-Premier League,1819,2019-01-29 Newcastle United-Manchester City,Newcastle United,66’,1:1,Salomón Rondón,Isaac Hayden,goal
ENG-Premier League,1819,2019-01-29 Newcastle United-Manchester City,Newcastle United,72’,1:1,Fabian Schär,,yellow_card
ENG-Premier League,1819,2019-01-29 Newcastle United-Manchester City,Manchester City,73’,1:1,Gabriel Jesus,Leroy Sané,substitute_in
ENG-Premier League,1819,2019-01-29 Newcastle United-Manchester City,Newcastle United,80’,2:1,Matt Ritchie,,penalty_goal
ENG-Premier League,1819,2019-01-29 Newcastle United-Manchester City,Manchester City,83’,2:1,İlkay Gündoğan,Danilo,substitute_in
ENG-Premier League,1819,2019-01-29 Newcastle United-Manchester City,Newcastle United,87’,2:1,Kenedy,Christian Atsu,substitute_in
ENG-Premier League,1819,2019-01-29 Newcastle United-Manchester City,Newcastle United,90+1’,2:1,Javier Manquillo,Ayoze Pérez,substitute_in
ENG-Premier League,1819,2019-01-29 Newcastle United-Manchester City,Manchester City,90+1’,2:1,Aymeric Laporte,,yellow_card
ENG-Premier League,1819,2018-12-29 Tottenham Hotspur-Wolves,Tottenham Hotspur,16’,0:0,Ben Davies,,yellow_card
ENG-Premier League,1819,2018-12-29 Tottenham Hotspur-Wolves,Tottenham Hotspur,22’,1:0,Harry Kane,Son Heung-min,goal
ENG-Premier League,1819,2018-12-29 Tottenham Hotspur-Wolves,Tottenham Hotspur,42’,1:0,Christian Eriksen,,yellow_card
ENG-Premier League,1819,2018-12-29 Tottenham Hotspur-Wolves,Wolverhampton Wanderers,59’,1:0,Hélder Costa,Adama Traoré,substitute_in
ENG-Premier League,1819,2018-12-29 Tottenham Hotspur-Wolves,Tottenham Hotspur,68’,1:0,Lucas Moura,Dele Alli,substitute_in
ENG-Premier League,1819,2018-12-29 Tottenham Hotspur-Wolves,Wolverhampton Wanderers,68’,1:0,João Moutinho,Leander Dendoncker,substitute_in
ENG-Premier League,1819,2018-12-29 Tottenham Hotspur-Wolves,Wolverhampton Wanderers,72’,1:1,Willy Boly,João Moutinho,goal
ENG-Premier League,1819,2018-12-29 Tottenham Hotspur-Wolves,Tottenham Hotspur,81’,1:1,Harry Kane,,yellow_card
ENG-Premier League,1819,2018-12-29 Tottenham Hotspur-Wolves,Wolverhampton Wanderers,81’,1:1,Jonny Castro,,yellow_card
ENG-Premier League,1819,2018-12-29 Tottenham Hotspur-Wolves,Wolverhampton Wanderers,83’,1:2,Raúl Jiménez,Ivan Cavaleiro,goal
ENG-Premier League,1819,2018-12-29 Tottenham Hotspur-Wolves,Wolverhampton Wanderers,84’,1:2,Raúl Jiménez,,yellow_card
ENG-Premier League,1819,2018-12-29 Tottenham Hotspur-Wolves,Wolverhampton Wanderers,85’,1:2,Morgan Gibbs-White,Ivan Cavaleiro,substitute_in
ENG-Premier League,1819,2018-12-29 Tottenham Hotspur-Wolves,Wolverhampton Wanderers,87’,1:3,Hélder Costa,Matt Doherty,goal
ENG-Premier League,1819,2018-09-16 Everton-West Ham United,West Ham United,11’,0:1,Andriy Yarmolenko,Marko Arnautović,goal
ENG-Premier League,1819,2018-09-16 Everton-West Ham United,Everton,18’,0:1,Dominic Calvert-Lewin,,yellow_card
ENG-Premier League,1819,2018-09-16 Everton-West Ham United,West Ham United,31’,0:2,Andriy Yarmolenko,Mark Noble,goal
ENG-Premier League,1819,2018-09-16 Everton-West Ham United,West Ham United,40’,0:2,Arthur Masuaku,,yellow_card
ENG-Premier League,1819,2018-09-16 Everton-West Ham United,Everton,44’,0:2,Bernard,Morgan Schneiderlin,substitute_in
ENG-Premier League,1819,2018-09-16 Everton-West Ham United,Everton,45+2’,1:2,Gylfi Sigurðsson,Jonjoe Kenny,goal
ENG-Premier League,1819,2018-09-16 Everton-West Ham United,West Ham United,51’,1:2,Andriy Yarmolenko,,yellow_card
ENG-Premier League,1819,2018-09-16 Everton-West Ham United,West Ham United,53’,1:2,Pablo Zabaleta,,yellow_card
ENG-Premier League,1819,2018-09-16 Everton-West Ham United,West Ham United,61’,1:3,Marko Arnautović,Pedro Obiang,goal
ENG-Premier League,1819,2018-09-16 Everton-West Ham United,West Ham United,64’,1:3,Michail Antonio,Marko Arnautović,substitute_in
ENG-Premier League,1819,2018-09-16 Everton-West Ham United,Everton,69’,1:3,Oumar Niasse,Cenk Tosun,substitute_in
ENG-Premier League,1819,2018-09-16 Everton-West Ham United,West Ham United,71’,1:3,Carlos Sánchez,Mark Noble,substitute_in
ENG-Premier League,1819,2018-09-16 Everton-West Ham United,West Ham United,75’,1:3,Declan Rice,,yellow_card
ENG-Premier League,1819,2018-09-16 Everton-West Ham United,Everton,77’,1:3,Ademola Lookman,Theo Walcott,substitute_in
ENG-Premier League,1819,2018-09-16 Everton-West Ham United,West Ham United,82’,1:3,Robert Snodgrass,Andriy Yarmolenko,substitute_in
ENG-Premier League,1819,2018-09-16 Everton-West Ham United,West Ham United,90+1’,1:3,Robert Snodgrass,,yellow_card
ENG-Premier League,1819,2018-09-16 Everton-West Ham United,Everton,90+4’,1:3,Bernard,,yellow_card
ENG-Premier League,1819,2018-08-11 Huddersfield Town-Chelsea,Chelsea,34’,0:1,N'Golo Kanté,Willian,goal
ENG-Premier League,1819,2018-08-11 Huddersfield Town-Chelsea,Huddersfield Town,44’,0:1,Christopher Schindler,,yellow_card
ENG-Premier League,1819,2018-08-11 Huddersfield Town-Chelsea,Chelsea,45’,0:2,Jorginho,,penalty_goal
ENG-Premier League,1819,2018-08-11 Huddersfield Town-Chelsea,Huddersfield Town,46’,0:2,Laurent Depoitre,Alex Pritchard,substitute_in
ENG-Premier League,1819,2018-08-11 Huddersfield Town-Chelsea,Chelsea,68’,0:2,Ruben Loftus-Cheek,Ross Barkley,substitute_in
ENG-Premier League,1819,2018-08-11 Huddersfield Town-Chelsea,Chelsea,69’,0:2,David Luiz,,yellow_card
ENG-Premier League,1819,2018-08-11 Huddersfield Town-Chelsea,Huddersfield Town,71’,0:2,Adama Diakhaby,Chris Löwe,substitute_in
ENG-Premier League,1819,2018-08-11 Huddersfield Town-Chelsea,Chelsea,76’,0:2,Eden Hazard,Willian,substitute_in
ENG-Premier League,1819,2018-08-11 Huddersfield Town-Chelsea,Chelsea,80’,0:3,Pedro,Eden Hazard,goal
ENG-Premier League,1819,2018-08-11 Huddersfield Town-Chelsea,Chelsea,81’,0:3,Victor Moses,Pedro,substitute_in
ENG-Premier League,1819,2018-08-11 Huddersfield Town-Chelsea,Huddersfield Town,83’,0:3,Terence Kongolo,,yellow_card
ENG-Premier League,1819,2019-01-29 Wolves-West Ham United,Wolverhampton Wanderers,32’,0:0,Romain Saïss,,yellow_card
ENG-Premier League,1819,2019-01-29 Wolves-West Ham United,West Ham United,37’,0:0,Robert Snodgrass,,yellow_card
ENG-Premier League,1819,2019-01-29 Wolves-West Ham United,Wolverhampton Wanderers,66’,1:0,Romain Saïss,João Moutinho,goal
ENG-Premier League,1819,2019-01-29 Wolves-West Ham United,West Ham United,68’,1:0,Andy Carroll,Mark Noble,substitute_in
ENG-Premier League,1819,2019-01-29 Wolves-West Ham United,West Ham United,69’,1:0,Pedro Obiang,Robert Snodgrass,substitute_in
ENG-Premier League,1819,2019-01-29 Wolves-West Ham United,Wolverhampton Wanderers,70’,1:0,Rúben Neves,,yellow_card
ENG-Premier League,1819,2019-01-29 Wolves-West Ham United,Wolverhampton Wanderers,73’,1:0,Ryan Bennett,,yellow_card
ENG-Premier League,1819,2019-01-29 Wolves-West Ham United,West Ham United,77’,1:0,Javier Hernández,Marko Arnautović,substitute_in
ENG-Premier League,1819,2019-01-29 Wolves-West Ham United,Wolverhampton Wanderers,80’,2:0,Raúl Jiménez,João Moutinho,goal
ENG-Premier League,1819,2019-01-29 Wolves-West Ham United,Wolverhampton Wanderers,86’,3:0,Raúl Jiménez,Diogo Jota,goal
ENG-Premier League,1819,2019-01-29 Wolves-West Ham United,Wolverhampton Wanderers,86’,3:0,Raúl Jiménez,,yellow_card
ENG-Premier League,1819,2019-01-29 Wolves-West Ham United,Wolverhampton Wanderers,89’,3:0,Morgan Gibbs-White,João Moutinho,substitute_in
ENG-Premier League,1819,2019-01-29 Wolves-West Ham United,Wolverhampton Wanderers,89’,3:0,Ivan Cavaleiro,Diogo Jota,substitute_in
ENG-Premier League,1819,2019-01-29 Wolves-West Ham United,Wolverhampton Wanderers,90+2’,3:0,Rúben Vinagre,Jonny Castro,substitute_in
ENG-Premier League,1819,2019-03-17 Fulham-Liverpool,Liverpool,26’,0:1,Sadio Mané,Roberto Firmino,goal
ENG-Premier League,1819,2019-03-17 Fulham-Liverpool,Liverpool,39’,0:1,Fabinho,,yellow_card
ENG-Premier League,1819,2019-03-17 Fulham-Liverpool,Fulham,65’,0:1,Ryan Sessegnon,Jean Seri,substitute_in
ENG-Premier League,1819,2019-03-17 Fulham-Liverpool,Fulham,65’,0:1,Andre-Frank Zambo Anguissa,,yellow_card
ENG-Premier League,1819,2019-03-17 Fulham-Liverpool,Liverpool,72’,0:1,James Milner,Adam Lallana,substitute_in
ENG-Premier League,1819,2019-03-17 Fulham-Liverpool,Liverpool,72’,0:1,Divock Origi,Roberto Firmino,substitute_in
ENG-Premier League,1819,2019-03-17 Fulham-Liverpool,Fulham,73’,0:1,Cyrus Christie,Timothy Fosu-Mensah,substitute_in
ENG-Premier League,1819,2019-03-17 Fulham-Liverpool,Fulham,74’,1:1,Ryan Babel,,goal
ENG-Premier League,1819,2019-03-17 Fulham-Liverpool,Liverpool,81’,1:2,James Milner,,penalty_goal
ENG-Premier League,1819,2019-03-17 Fulham-Liverpool,Fulham,82’,1:2,Neeskens Kebano,Tom Cairney,substitute_in
ENG-Premier League,1819,2019-03-17 Fulham-Liverpool,Liverpool,90+2’,1:2,Daniel Sturridge,Mohamed Salah,substitute_in
ENG-Premier League,1819,2019-03-17 Fulham-Liverpool,Fulham,90+4’,1:2,Joe Bryan,,yellow_card
ENG-Premier League,1819,2018-11-10 Cardiff City-Brighton,Cardiff City,28’,1:1,Callum Paterson,,goal
ENG-Premier League,1819,2018-11-10 Cardiff City-Brighton,Brighton & Hove Albion,34’,1:1,Dale Stephens,,red_card
ENG-Premier League,1819,2018-11-10 Cardiff City-Brighton,Cardiff City,35’,1:1,Callum Paterson,,yellow_card
ENG-Premier League,1819,2018-11-10 Cardiff City-Brighton,Brighton & Hove Albion,39’,1:1,Yves Bissouma,Solly March,substitute_in
ENG-Premier League,1819,2018-11-10 Cardiff City-Brighton,Brighton & Hove Albion,63’,1:1,Florin Andone,Glenn Murray,substitute_in
ENG-Premier League,1819,2018-11-10 Cardiff City-Brighton,Brighton & Hove Albion,6’,0:1,Lewis Dunk,Solly March,goal
ENG-Premier League,1819,2018-11-10 Cardiff City-Brighton,Cardiff City,70’,1:1,Lee Peltier,Sean Morrison,substitute_in
ENG-Premier League,1819,2018-11-10 Cardiff City-Brighton,Cardiff City,71’,1:1,Greg Cunningham,,yellow_card
ENG-Premier League,1819,2018-11-10 Cardiff City-Brighton,Cardiff City,72’,1:1,Junior Hoilett,Josh Murphy,substitute_in
ENG-Premier League,1819,2018-11-10 Cardiff City-Brighton,Cardiff City,76’,1:1,Bobby De Cordova-Reid,Joe Ralls,substitute_in
ENG-Premier League,1819,2018-11-10 Cardiff City-Brighton,Brighton & Hove Albion,90+5’,2:1,Yves Bissouma,,yellow_card
ENG-Premier League,1819,2018-11-10 Cardiff City-Brighton,Cardiff City,90’,2:1,Sol Bamba,,goal
ENG-Premier League,1819,2019-04-27 Brighton-Newcastle United,Brighton & Hove Albion,11’,0:0,Florin Andone,,yellow_card
ENG-Premier League,1819,2019-04-27 Brighton-Newcastle United,Newcastle United,18’,0:1,Ayoze Pérez,Salomón Rondón,goal
ENG-Premier League,1819,2019-04-27 Brighton-Newcastle United,Newcastle United,25’,0:1,Paul Dummett,,yellow_card
ENG-Premier League,1819,2019-04-27 Brighton-Newcastle United,Newcastle United,33’,0:1,Kenedy,Ayoze Pérez,substitute_in
ENG-Premier League,1819,2019-04-27 Brighton-Newcastle United,Newcastle United,45’,0:1,Matt Ritchie,,yellow_card
ENG-Premier League,1819,2019-04-27 Brighton-Newcastle United,Brighton & Hove Albion,46’,0:1,Solly March,Florin Andone,substitute_in
ENG-Premier League,1819,2019-04-27 Brighton-Newcastle United,Brighton & Hove Albion,49’,0:1,Yves Bissouma,Beram Kayal,substitute_in
ENG-Premier League,1819,2019-04-27 Brighton-Newcastle United,Brighton & Hove Albion,66’,0:1,Anthony Knockaert,José Izquierdo,substitute_in
ENG-Premier League,1819,2019-04-27 Brighton-Newcastle United,Newcastle United,73’,0:1,Ki Sung-yueng,Jonjo Shelvey,substitute_in
ENG-Premier League,1819,2019-04-27 Brighton-Newcastle United,Brighton & Hove Albion,75’,1:1,Pascal Groß,Glenn Murray,goal
ENG-Premier League,1819,2019-04-27 Brighton-Newcastle United,Brighton & Hove Albion,78’,1:1,Yves Bissouma,,yellow_card
ENG-Premier League,1819,2019-04-27 Brighton-Newcastle United,Newcastle United,81’,1:1,Yoshinori Mutō,Christian Atsu,substitute_in
ENG-Premier League,1819,2019-04-27 Brighton-Newcastle United,Newcastle United,84’,1:1,Yoshinori Mutō,,yellow_card
ENG-Premier League,1819,2018-12-01 Leicester City-Watford,Leicester City,12’,1:0,Jamie Vardy,,penalty_goal
ENG-Premier League,1819,2018-12-01 Leicester City-Watford,Leicester City,23’,2:0,James Maddison,Marc Albrighton,goal
ENG-Premier League,1819,2018-12-01 Leicester City-Watford,Watford,55’,2:0,Troy Deeney,Roberto Pereyra,substitute_in
ENG-Premier League,1819,2018-12-01 Leicester City-Watford,Watford,55’,2:0,Andre Gray,Gerard Deulofeu,substitute_in
ENG-Premier League,1819,2018-12-01 Leicester City-Watford,Leicester City,62’,2:0,Marc Albrighton,,yellow_card
ENG-Premier League,1819,2018-12-01 Leicester City-Watford,Leicester City,69’,2:0,Çağlar Söyüncü,Demarai Gray,substitute_in
ENG-Premier League,1819,2018-12-01 Leicester City-Watford,Leicester City,72’,2:0,Kelechi Iheanacho,Jamie Vardy,substitute_in
ENG-Premier League,1819,2018-12-01 Leicester City-Watford,Watford,76’,2:0,Nathaniel Chalobah,Will Hughes,substitute_in
ENG-Premier League,1819,2018-12-01 Leicester City-Watford,Leicester City,84’,2:0,Vicente Iborra,Jonny Evans,substitute_in
ENG-Premier League,1819,2018-12-01 Leicester City-Watford,Watford,85’,2:0,Isaac Success,,yellow_card
ENG-Premier League,1819,2018-12-01 Leicester City-Watford,Leicester City,90+4’,2:0,James Maddison,,yellow_card
ENG-Premier League,1819,2018-12-01 Leicester City-Watford,Watford,90’,2:0,Étienne Capoue,,red_card
ENG-Premier League,1819,2019-02-27 Manchester City-West Ham United,West Ham United,41’,0:0,Ryan Fredericks,,yellow_card
ENG-Premier League,1819,2019-02-27 Manchester City-West Ham United,West Ham United,46’,0:0,Manuel Lanzini,Samir Nasri,substitute_in
ENG-Premier League,1819,2019-02-27 Manchester City-West Ham United,Manchester City,55’,0:0,Raheem Sterling,Riyad Mahrez,substitute_in
ENG-Premier League,1819,2019-02-27 Manchester City-West Ham United,Manchester City,57’,0:0,Bernardo Silva,Leroy Sané,substitute_in
ENG-Premier League,1819,2019-02-27 Manchester City-West Ham United,Manchester City,59’,1:0,Sergio Agüero,,penalty_goal
ENG-Premier League,1819,2019-02-27 Manchester City-West Ham United,West Ham United,63’,1:0,Pablo Zabaleta,Ben Johnson,substitute_in
ENG-Premier League,1819,2019-02-27 Manchester City-West Ham United,West Ham United,76’,1:0,Grady Diangana,Felipe Anderson,substitute_in
ENG-Premier League,1819,2019-02-27 Manchester City-West Ham United,Manchester City,85’,1:0,Phil Foden,Sergio Agüero,substitute_in
ENG-Premier League,1819,2019-02-27 Manchester City-West Ham United,West Ham United,87’,1:0,Michail Antonio,,yellow_card
ENG-Premier League,1819,2019-05-12 Watford-West Ham United,West Ham United,15’,0:1,Mark Noble,Michail Antonio,goal
ENG-Premier League,1819,2019-05-12 Watford-West Ham United,West Ham United,26’,0:1,Pablo Zabaleta,Ryan Fredericks,substitute_in
ENG-Premier League,1819,2019-05-12 Watford-West Ham United,West Ham United,39’,0:2,Manuel Lanzini,,goal
ENG-Premier League,1819,2019-05-12 Watford-West Ham United,Watford,46’,1:2,Gerard Deulofeu,,goal
ENG-Premier League,1819,2019-05-12 Watford-West Ham United,Watford,48’,1:2,José Holebas,,red_card
ENG-Premier League,1819,2019-05-12 Watford-West Ham United,Watford,59’,1:2,Andre Gray,Gerard Deulofeu,substitute_in
ENG-Premier League,1819,2019-05-12 Watford-West Ham United,Watford,67’,1:2,Adam Masina,Will Hughes,substitute_in
ENG-Premier League,1819,2019-05-12 Watford-West Ham United,West Ham United,67’,1:2,Jack Wilshere,Manuel Lanzini,substitute_in
ENG-Premier League,1819,2019-05-12 Watford-West Ham United,West Ham United,71’,1:3,Marko Arnautović,,goal
ENG-Premier League,1819,2019-05-12 Watford-West Ham United,Watford,78’,1:3,Adrian Mariappa,Christian Kabasele,substitute_in
ENG-Premier League,1819,2019-05-12 Watford-West Ham United,West Ham United,78’,1:4,Mark Noble,,penalty_goal
ENG-Premier League,1819,2019-05-12 Watford-West Ham United,West Ham United,79’,1:4,Carlos Sánchez,Declan Rice,substitute_in
ENG-Premier League,1819,2019-05-12 Watford-West Ham United,Watford,90+1’,1:4,Étienne Capoue,,yellow_card
ENG-Premier League,1819,2018-08-25 Liverpool-Brighton,Liverpool,23’,1:0,Mohamed Salah,Roberto Firmino,goal
ENG-Premier League,1819,2018-08-25 Liverpool-Brighton,Brighton & Hove Albion,60’,1:0,Leon Balogun,,yellow_card
ENG-Premier League,1819,2018-08-25 Liverpool-Brighton,Liverpool,67’,1:0,Jordan Henderson,Naby Keïta,substitute_in
ENG-Premier League,1819,2018-08-25 Liverpool-Brighton,Brighton & Hove Albion,75’,1:0,Jürgen Locadia,Solly March,substitute_in
ENG-Premier League,1819,2018-08-25 Liverpool-Brighton,Brighton & Hove Albion,76’,1:0,Alireza Jahanbakhsh,Anthony Knockaert,substitute_in
ENG-Premier League,1819,2018-08-25 Liverpool-Brighton,Liverpool,77’,1:0,Trent Alexander-Arnold,,yellow_card
ENG-Premier League,1819,2018-08-25 Liverpool-Brighton,Liverpool,80’,1:0,Daniel Sturridge,Sadio Mané,substitute_in
ENG-Premier League,1819,2018-08-25 Liverpool-Brighton,Brighton & Hove Albion,80’,1:0,Pascal Groß,Yves Bissouma,substitute_in
ENG-Premier League,1819,2018-08-25 Liverpool-Brighton,Liverpool,89’,1:0,Joël Matip,Trent Alexander-Arnold,substitute_in
ENG-Premier League,1819,2019-02-03 Manchester City-Arsenal,Arsenal,11’,1:1,Laurent Koscielny,Nacho Monreal,goal
ENG-Premier League,1819,2019-02-03 Manchester City-Arsenal,Manchester City,1’,1:0,Sergio Agüero,Aymeric Laporte,goal
ENG-Premier League,1819,2019-02-03 Manchester City-Arsenal,Arsenal,40’,1:1,Lucas Torreira,,yellow_card
ENG-Premier League,1819,2019-02-03 Manchester City-Arsenal,Manchester City,44’,2:1,Sergio Agüero,Raheem Sterling,goal
ENG-Premier League,1819,2019-02-03 Manchester City-Arsenal,Manchester City,61’,3:1,Sergio Agüero,,goal
ENG-Premier League,1819,2019-02-03 Manchester City-Arsenal,Manchester City,65’,3:1,İlkay Gündoğan,,yellow_card
ENG-Premier League,1819,2019-02-03 Manchester City-Arsenal,Arsenal,66’,3:1,Denis Suárez,Sead Kolašinac,substitute_in
ENG-Premier League,1819,2019-02-03 Manchester City-Arsenal,Arsenal,66’,3:1,Aaron Ramsey,Alex Iwobi,substitute_in
ENG-Premier League,1819,2019-02-03 Manchester City-Arsenal,Arsenal,79’,3:1,Konstantinos Mavropanos,Shkodran Mustafi,substitute_in
ENG-Premier League,1819,2019-02-03 Manchester City-Arsenal,Manchester City,81’,3:1,Gabriel Jesus,Sergio Agüero,substitute_in
ENG-Premier League,1819,2019-02-03 Manchester City-Arsenal,Manchester City,88’,3:1,Riyad Mahrez,Kevin De Bruyne,substitute_in
ENG-Premier League,1819,2018-08-11 Newcastle United-Tottenham Hotspur,Newcastle United,11’,1:1,Joselu,Matt Ritchie,goal
ENG-Premier League,1819,2018-08-11 Newcastle United-Tottenham Hotspur,Tottenham Hotspur,18’,1:2,Dele Alli,Serge Aurier,goal
ENG-Premier League,1819,2018-08-11 Newcastle United-Tottenham Hotspur,Tottenham Hotspur,42’,1:2,Eric Dier,,yellow_card
ENG-Premier League,1819,2018-08-11 Newcastle United-Tottenham Hotspur,Newcastle United,58’,1:2,Joselu,,yellow_card
ENG-Premier League,1819,2018-08-11 Newcastle United-Tottenham Hotspur,Newcastle United,59’,1:2,Salomón Rondón,Joselu,substitute_in
ENG-Premier League,1819,2018-08-11 Newcastle United-Tottenham Hotspur,Tottenham Hotspur,68’,1:2,Mousa Dembélé,Lucas Moura,substitute_in
ENG-Premier League,1819,2018-08-11 Newcastle United-Tottenham Hotspur,Tottenham Hotspur,68’,1:2,Harry Kane,,yellow_card
ENG-Premier League,1819,2018-08-11 Newcastle United-Tottenham Hotspur,Newcastle United,69’,1:2,Christian Atsu,Matt Ritchie,substitute_in
ENG-Premier League,1819,2018-08-11 Newcastle United-Tottenham Hotspur,Tottenham Hotspur,80’,1:2,Son Heung-min,Dele Alli,substitute_in
ENG-Premier League,1819,2018-08-11 Newcastle United-Tottenham Hotspur,Newcastle United,81’,1:2,Yoshinori Mutō,Ayoze Pérez,substitute_in
ENG-Premier League,1819,2018-08-11 Newcastle United-Tottenham Hotspur,Tottenham Hotspur,88’,1:2,Luke Amos,Eric Dier,substitute_in
ENG-Premier League,1819,2018-08-11 Newcastle United-Tottenham Hotspur,Tottenham Hotspur,8’,0:1,Jan Vertonghen,Davinson Sánchez,goal
ENG-Premier League,1819,2018-08-11 Newcastle United-Tottenham Hotspur,Newcastle United,90+4’,1:2,Mohamed Diamé,,yellow_card
ENG-Premier League,1819,2018-11-10 Southampton-Watford,Southampton,20’,1:0,Manolo Gabbiadini,Danny Ings,goal
ENG-Premier League,1819,2018-11-10 Southampton-Watford,Southampton,38’,1:0,Ryan Bertrand,,yellow_card
ENG-Premier League,1819,2018-11-10 Southampton-Watford,Southampton,40’,1:0,Charlie Austin,Danny Ings,substitute_in
ENG-Premier League,1819,2018-11-10 Southampton-Watford,Watford,40’,1:0,Troy Deeney,Will Hughes,substitute_in
ENG-Premier League,1819,2018-11-10 Southampton-Watford,Watford,55’,1:0,Nathaniel Chalobah,,yellow_card
ENG-Premier League,1819,2018-11-10 Southampton-Watford,Southampton,64’,1:0,Cédric Soares,,yellow_card
ENG-Premier League,1819,2018-11-10 Southampton-Watford,Watford,68’,1:0,Andre Gray,Roberto Pereyra,substitute_in
ENG-Premier League,1819,2018-11-10 Southampton-Watford,Southampton,74’,1:0,James Ward-Prowse,Stuart Armstrong,substitute_in
ENG-Premier League,1819,2018-11-10 Southampton-Watford,Watford,80’,1:0,Gerard Deulofeu,,yellow_card
ENG-Premier League,1819,2018-11-10 Southampton-Watford,Watford,82’,1:1,José Holebas,Gerard Deulofeu,goal
ENG-Premier League,1819,2018-11-10 Southampton-Watford,Southampton,88’,1:1,Pierre Højbjerg,,yellow_card
ENG-Premier League,1819,2018-11-10 Southampton-Watford,Southampton,90’,1:1,Michael Obafemi,Nathan Redmond,substitute_in
ENG-Premier League,1819,2019-01-30 Liverpool-Leicester City,Liverpool,16’,1:0,Joël Matip,,yellow_card
ENG-Premier League,1819,2019-01-30 Liverpool-Leicester City,Liverpool,3’,1:0,Sadio Mané,,goal
ENG-Premier League,1819,2019-01-30 Liverpool-Leicester City,Leicester City,41’,1:0,Harry Maguire,,yellow_card
ENG-Premier League,1819,2019-01-30 Liverpool-Leicester City,Leicester City,45+2’,1:1,Harry Maguire,Ben Chilwell,goal
ENG-Premier League,1819,2019-01-30 Liverpool-Leicester City,Leicester City,50’,1:1,Ricardo Pereira,,yellow_card
ENG-Premier League,1819,2019-01-30 Liverpool-Leicester City,Liverpool,66’,1:1,Adam Lallana,Naby Keïta,substitute_in
ENG-Premier League,1819,2019-01-30 Liverpool-Leicester City,Liverpool,67’,1:1,Fabinho,Xherdan Shaqiri,substitute_in
ENG-Premier League,1819,2019-01-30 Liverpool-Leicester City,Leicester City,75’,1:1,Hamza Choudhury,James Maddison,substitute_in
ENG-Premier League,1819,2019-01-30 Liverpool-Leicester City,Liverpool,82’,1:1,Daniel Sturridge,Roberto Firmino,substitute_in
ENG-Premier League,1819,2019-01-30 Liverpool-Leicester City,Leicester City,84’,1:1,Shinji Okazaki,Demarai Gray,substitute_in
ENG-Premier League,1819,2019-01-30 Liverpool-Leicester City,Leicester City,90+4’,1:1,Ben Chilwell,,yellow_card
ENG-Premier League,1819,2019-01-30 Liverpool-Leicester City,Leicester City,90’,1:1,Kelechi Iheanacho,Jamie Vardy,substitute_in
ENG-Premier League,1819,2018-09-29 Huddersfield Town-Tottenham Hotspur,Tottenham Hotspur,25’,0:1,Harry Kane,Kieran Trippier,goal
ENG-Premier League,1819,2018-09-29 Huddersfield Town-Tottenham Hotspur,Huddersfield Town,29’,0:1,Florent Hadergjonaj,Terence Kongolo,substitute_in
ENG-Premier League,1819,2018-09-29 Huddersfield Town-Tottenham Hotspur,Tottenham Hotspur,34’,0:2,Harry Kane,,penalty_goal
ENG-Premier League,1819,2018-09-29 Huddersfield Town-Tottenham Hotspur,Huddersfield Town,44’,0:2,Mathias Jørgensen,,yellow_card
ENG-Premier League,1819,2018-09-29 Huddersfield Town-Tottenham Hotspur,Tottenham Hotspur,46’,0:2,Harry Winks,Mousa Dembélé,substitute_in
ENG-Premier League,1819,2018-09-29 Huddersfield Town-Tottenham Hotspur,Tottenham Hotspur,46’,0:2,Victor Wanyama,Jan Vertonghen,substitute_in
ENG-Premier League,1819,2018-09-29 Huddersfield Town-Tottenham Hotspur,Tottenham Hotspur,67’,0:2,Danny Rose,,yellow_card
ENG-Premier League,1819,2018-09-29 Huddersfield Town-Tottenham Hotspur,Huddersfield Town,71’,0:2,Isaac Mbenza,Christopher Schindler,substitute_in
ENG-Premier League,1819,2018-09-29 Huddersfield Town-Tottenham Hotspur,Tottenham Hotspur,81’,0:2,Harry Winks,,yellow_card
ENG-Premier League,1819,2018-09-29 Huddersfield Town-Tottenham Hotspur,Huddersfield Town,85’,0:2,Steve Mounié,Alex Pritchard,substitute_in
ENG-Premier League,1819,2018-09-29 Huddersfield Town-Tottenham Hotspur,Huddersfield Town,86’,0:2,Philip Billing,,yellow_card
ENG-Premier League,1819,2018-09-29 Huddersfield Town-Tottenham Hotspur,Tottenham Hotspur,90’,0:2,Moussa Sissoko,Son Heung-min,substitute_in
ENG-Premier League,1819,2019-01-14 Manchester City-Wolves,Manchester City,10’,1:0,Gabriel Jesus,Leroy Sané,goal
ENG-Premier League,1819,2019-01-14 Manchester City-Wolves,Manchester City,14’,1:0,Fernandinho,,yellow_card
ENG-Premier League,1819,2019-01-14 Manchester City-Wolves,Wolverhampton Wanderers,19’,1:0,Willy Boly,,red_card
ENG-Premier League,1819,2019-01-14 Manchester City-Wolves,Manchester City,39’,2:0,Gabriel Jesus,,penalty_goal
ENG-Premier League,1819,2019-01-14 Manchester City-Wolves,Wolverhampton Wanderers,46’,2:0,Adama Traoré,Raúl Jiménez,substitute_in
ENG-Premier League,1819,2019-01-14 Manchester City-Wolves,Wolverhampton Wanderers,59’,2:0,Romain Saïss,Diogo Jota,substitute_in
ENG-Premier League,1819,2019-01-14 Manchester City-Wolves,Manchester City,62’,2:0,Kevin De Bruyne,David Silva,substitute_in
ENG-Premier League,1819,2019-01-14 Manchester City-Wolves,Wolverhampton Wanderers,72’,2:0,Morgan Gibbs-White,João Moutinho,substitute_in
ENG-Premier League,1819,2019-01-14 Manchester City-Wolves,Manchester City,74’,2:0,İlkay Gündoğan,Leroy Sané,substitute_in
ENG-Premier League,1819,2019-01-14 Manchester City-Wolves,Manchester City,76’,2:0,Sergio Agüero,Gabriel Jesus,substitute_in
ENG-Premier League,1819,2019-01-14 Manchester City-Wolves,Manchester City,78’,3:0,Conor Coady,,own_goal
ENG-Premier League,1819,2019-04-20 Newcastle United-Southampton,Southampton,23’,0:0,James Ward-Prowse,,yellow_card
ENG-Premier League,1819,2019-04-20 Newcastle United-Southampton,Newcastle United,27’,1:0,Ayoze Pérez,Isaac Hayden,goal
ENG-Premier League,1819,2019-04-20 Newcastle United-Southampton,Newcastle United,31’,2:0,Ayoze Pérez,Salomón Rondón,goal
ENG-Premier League,1819,2019-04-20 Newcastle United-Southampton,Southampton,46’,2:0,Mario Lemina,Jack Stephens,substitute_in
ENG-Premier League,1819,2019-04-20 Newcastle United-Southampton,Southampton,46’,2:0,Stuart Armstrong,Josh Sims,substitute_in
ENG-Premier League,1819,2019-04-20 Newcastle United-Southampton,Southampton,59’,2:1,Mario Lemina,Stuart Armstrong,goal
ENG-Premier League,1819,2019-04-20 Newcastle United-Southampton,Southampton,62’,2:1,Oriol Romeu,,yellow_card
ENG-Premier League,1819,2019-04-20 Newcastle United-Southampton,Newcastle United,64’,2:1,Christian Atsu,Miguel Almirón,substitute_in
ENG-Premier League,1819,2019-04-20 Newcastle United-Southampton,Newcastle United,69’,2:1,Federico Fernández,Fabian Schär,substitute_in
ENG-Premier League,1819,2019-04-20 Newcastle United-Southampton,Southampton,76’,2:1,Shane Long,Danny Ings,substitute_in
ENG-Premier League,1819,2019-04-20 Newcastle United-Southampton,Newcastle United,78’,2:1,Mohamed Diamé,Isaac Hayden,substitute_in
ENG-Premier League,1819,2019-04-20 Newcastle United-Southampton,Newcastle United,86’,3:1,Ayoze Pérez,Matt Ritchie,goal
ENG-Premier League,1819,2019-04-06 Newcastle United-Crystal Palace,Crystal Palace,45+2’,0:0,Martin Kelly,,yellow_card
ENG-Premier League,1819,2019-04-06 Newcastle United-Crystal Palace,Newcastle United,65’,0:0,Paul Dummett,Florian Lejeune,substitute_in
ENG-Premier League,1819,2019-04-06 Newcastle United-Crystal Palace,Crystal Palace,65’,0:0,Christian Benteke,Michy Batshuayi,substitute_in
ENG-Premier League,1819,2019-04-06 Newcastle United-Crystal Palace,Crystal Palace,73’,0:0,Scott Dann,James Tomkins,substitute_in
ENG-Premier League,1819,2019-04-06 Newcastle United-Crystal Palace,Newcastle United,76’,0:0,Jonjo Shelvey,Ki Sung-yueng,substitute_in
ENG-Premier League,1819,2019-04-06 Newcastle United-Crystal Palace,Newcastle United,79’,0:0,Isaac Hayden,,yellow_card
ENG-Premier League,1819,2019-04-06 Newcastle United-Crystal Palace,Crystal Palace,81’,0:1,Luka Milivojević,,penalty_goal
ENG-Premier League,1819,2019-04-06 Newcastle United-Crystal Palace,Crystal Palace,85’,0:1,Cheikhou Kouyaté,Andros Townsend,substitute_in
ENG-Premier League,1819,2019-04-06 Newcastle United-Crystal Palace,Crystal Palace,90+4’,0:1,Christian Benteke,,yellow_card
ENG-Premier League,1819,2019-04-06 Newcastle United-Crystal Palace,Newcastle United,90’,0:1,Christian Atsu,Matt Ritchie,substitute_in
ENG-Premier League,1819,2018-12-10 Everton-Watford,Everton,15’,1:0,Richarlison,André Gomes,goal
ENG-Premier League,1819,2018-12-10 Everton-Watford,Everton,27’,1:0,Yerry Mina,,yellow_card
ENG-Premier League,1819,2018-12-10 Everton-Watford,Watford,60’,1:0,Gerard Deulofeu,Ken Sema,substitute_in
ENG-Premier League,1819,2018-12-10 Everton-Watford,Watford,63’,1:1,Séamus Coleman,,own_goal
ENG-Premier League,1819,2018-12-10 Everton-Watford,Watford,65’,1:2,Abdoulaye Doucouré,,goal
ENG-Premier League,1819,2018-12-10 Everton-Watford,Everton,66’,1:2,Ademola Lookman,Theo Walcott,substitute_in
ENG-Premier League,1819,2018-12-10 Everton-Watford,Everton,66’,1:2,Dominic Calvert-Lewin,Bernard,substitute_in
ENG-Premier League,1819,2018-12-10 Everton-Watford,Watford,67’,1:2,Christian Kabasele,,yellow_card
ENG-Premier League,1819,2018-12-10 Everton-Watford,Everton,68’,1:2,Gylfi Sigurðsson,Ben Foster,penalty_miss
ENG-Premier League,1819,2018-12-10 Everton-Watford,Everton,71’,1:2,Cenk Tosun,Idrissa Gana Gueye,substitute_in
ENG-Premier League,1819,2018-12-10 Everton-Watford,Watford,74’,1:2,Nathaniel Chalobah,Isaac Success,substitute_in
ENG-Premier League,1819,2018-12-10 Everton-Watford,Watford,81’,1:2,Nathaniel Chalobah,,yellow_card
ENG-Premier League,1819,2018-12-10 Everton-Watford,Watford,90+1’,1:2,Adrian Mariappa,Domingos Quina,substitute_in
ENG-Premier League,1819,2018-12-10 Everton-Watford,Everton,90+6’,2:2,Lucas Digne,,goal
ENG-Premier League,1819,2019-04-03 Chelsea-Brighton,Brighton & Hove Albion,31’,0:0,Anthony Knockaert,Solly March,substitute_in
ENG-Premier League,1819,2019-04-03 Chelsea-Brighton,Chelsea,38’,1:0,Olivier Giroud,Callum Hudson-Odoi,goal
ENG-Premier League,1819,2019-04-03 Chelsea-Brighton,Chelsea,60’,2:0,Eden Hazard,Ruben Loftus-Cheek,goal
ENG-Premier League,1819,2019-04-03 Chelsea-Brighton,Chelsea,63’,3:0,Ruben Loftus-Cheek,Eden Hazard,goal
ENG-Premier League,1819,2019-04-03 Chelsea-Brighton,Brighton & Hove Albion,70’,3:0,Glenn Murray,Florin Andone,substitute_in
ENG-Premier League,1819,2019-04-03 Chelsea-Brighton,Chelsea,73’,3:0,Davide Zappacosta,César Azpilicueta,substitute_in
ENG-Premier League,1819,2019-04-03 Chelsea-Brighton,Brighton & Hove Albion,75’,3:0,Bernardo,Alireza Jahanbakhsh,substitute_in
ENG-Premier League,1819,2019-04-03 Chelsea-Brighton,Chelsea,82’,3:0,Mateo Kovačić,Ruben Loftus-Cheek,substitute_in
ENG-Premier League,1819,2019-04-03 Chelsea-Brighton,Chelsea,84’,3:0,Willian,Eden Hazard,substitute_in
ENG-Premier League,1819,2018-11-03 Bournemouth-Manchester Utd,Bournemouth,11’,1:0,Callum Wilson,Junior Stanislas,goal
ENG-Premier League,1819,2018-11-03 Bournemouth-Manchester Utd,Manchester United,35’,1:1,Anthony Martial,Alexis Sánchez,goal
ENG-Premier League,1819,2018-11-03 Bournemouth-Manchester Utd,Manchester United,54’,1:1,Luke Shaw,,yellow_card
ENG-Premier League,1819,2018-11-03 Bournemouth-Manchester Utd,Manchester United,56’,1:1,Marcus Rashford,Juan Mata,substitute_in
ENG-Premier League,1819,2018-11-03 Bournemouth-Manchester Utd,Manchester United,56’,1:1,Ander Herrera,Fred,substitute_in
ENG-Premier League,1819,2018-11-03 Bournemouth-Manchester Utd,Bournemouth,58’,1:1,Jefferson Lerma,,yellow_card
ENG-Premier League,1819,2018-11-03 Bournemouth-Manchester Utd,Bournemouth,63’,1:1,Junior Stanislas,,yellow_card
ENG-Premier League,1819,2018-11-03 Bournemouth-Manchester Utd,Bournemouth,64’,1:1,Callum Wilson,,yellow_card
ENG-Premier League,1819,2018-11-03 Bournemouth-Manchester Utd,Bournemouth,68’,1:1,Dan Gosling,Lewis Cook,substitute_in
ENG-Premier League,1819,2018-11-03 Bournemouth-Manchester Utd,Bournemouth,74’,1:1,Jordon Ibe,Ryan Fraser,substitute_in
ENG-Premier League,1819,2018-11-03 Bournemouth-Manchester Utd,Manchester United,78’,1:1,Jesse Lingard,Alexis Sánchez,substitute_in
ENG-Premier League,1819,2018-11-03 Bournemouth-Manchester Utd,Manchester United,82’,1:1,Ashley Young,,yellow_card
ENG-Premier League,1819,2018-11-03 Bournemouth-Manchester Utd,Bournemouth,83’,1:1,Adam Smith,,yellow_card
ENG-Premier League,1819,2018-11-03 Bournemouth-Manchester Utd,Bournemouth,90+1’,1:1,Andrew Surman,Junior Stanislas,substitute_in
ENG-Premier League,1819,2018-11-03 Bournemouth-Manchester Utd,Manchester United,90+2’,1:2,Marcus Rashford,,goal
ENG-Premier League,1819,2018-11-03 Bournemouth-Manchester Utd,Manchester United,90+3’,1:2,Marcus Rashford,,yellow_card
ENG-Premier League,1819,2019-01-12 Crystal Palace-Watford,Watford,19’,0:0,Ken Sema,Will Hughes,substitute_in
ENG-Premier League,1819,2019-01-12 Crystal Palace-Watford,Crystal Palace,38’,1:0,Craig Cathcart,,own_goal
ENG-Premier League,1819,2019-01-12 Crystal Palace-Watford,Crystal Palace,45’,1:0,Wayne Hennessey,Vicente Guaita,substitute_in
ENG-Premier League,1819,2019-01-12 Crystal Palace-Watford,Watford,61’,1:0,Kiko Femenía,,yellow_card
ENG-Premier League,1819,2019-01-12 Crystal Palace-Watford,Watford,65’,1:0,Ken Sema,,yellow_card
ENG-Premier League,1819,2019-01-12 Crystal Palace-Watford,Watford,67’,1:1,Craig Cathcart,José Holebas,goal
ENG-Premier League,1819,2019-01-12 Crystal Palace-Watford,Watford,68’,1:1,Tom Cleverley,Ken Sema,substitute_in
ENG-Premier League,1819,2019-01-12 Crystal Palace-Watford,Watford,74’,1:2,Tom Cleverley,,goal
ENG-Premier League,1819,2019-01-12 Crystal Palace-Watford,Crystal Palace,78’,1:2,Christian Benteke,James McArthur,substitute_in
ENG-Premier League,1819,2019-01-12 Crystal Palace-Watford,Crystal Palace,83’,1:2,Jeffrey Schlupp,Jordan Ayew,substitute_in
ENG-Premier League,1819,2019-01-12 Crystal Palace-Watford,Crystal Palace,84’,1:2,Luka Milivojević,,yellow_card
ENG-Premier League,1819,2019-01-12 Crystal Palace-Watford,Watford,90+1’,1:2,Roberto Pereyra,,yellow_card
ENG-Premier League,1819,2019-01-12 Crystal Palace-Watford,Watford,90+3’,1:2,Adam Masina,Roberto Pereyra,substitute_in
ENG-Premier League,1819,2019-01-12 Crystal Palace-Watford,Watford,90+4’,1:2,Tom Cleverley,,yellow_card
ENG-Premier League,1819,2019-03-30 Manchester Utd-Watford,Watford,17’,0:0,Will Hughes,,yellow_card
ENG-Premier League,1819,2019-03-30 Manchester Utd-Watford,Manchester United,28’,1:0,Marcus Rashford,Luke Shaw,goal
ENG-Premier League,1819,2019-03-30 Manchester Utd-Watford,Watford,55’,1:0,Kiko Femenía,Daryl Janmaat,substitute_in
ENG-Premier League,1819,2019-03-30 Manchester Utd-Watford,Manchester United,63’,1:0,Jesse Lingard,Juan Mata,substitute_in
ENG-Premier League,1819,2019-03-30 Manchester Utd-Watford,Manchester United,63’,1:0,Andreas Pereira,Ander Herrera,substitute_in
ENG-Premier League,1819,2019-03-30 Manchester Utd-Watford,Manchester United,72’,2:0,Anthony Martial,,goal
ENG-Premier League,1819,2019-03-30 Manchester Utd-Watford,Watford,73’,2:0,Andre Gray,Gerard Deulofeu,substitute_in
ENG-Premier League,1819,2019-03-30 Manchester Utd-Watford,Manchester United,77’,2:0,Marcos Rojo,Anthony Martial,substitute_in
ENG-Premier League,1819,2019-03-30 Manchester Utd-Watford,Watford,81’,2:0,Isaac Success,Will Hughes,substitute_in
ENG-Premier League,1819,2019-03-30 Manchester Utd-Watford,Watford,82’,2:0,Adam Masina,,yellow_card
ENG-Premier League,1819,2019-03-30 Manchester Utd-Watford,Manchester United,90+2’,2:1,Andreas Pereira,,yellow_card
ENG-Premier League,1819,2019-03-30 Manchester Utd-Watford,Watford,90’,2:1,Abdoulaye Doucouré,Isaac Success,goal
ENG-Premier League,1819,2018-12-05 Burnley-Liverpool,Liverpool,23’,0:0,Trent Alexander-Arnold,Joe Gomez,substitute_in
ENG-Premier League,1819,2018-12-05 Burnley-Liverpool,Burnley,54’,1:0,Jack Cork,,goal
ENG-Premier League,1819,2018-12-05 Burnley-Liverpool,Liverpool,62’,1:1,James Milner,Divock Origi,goal
ENG-Premier League,1819,2018-12-05 Burnley-Liverpool,Liverpool,65’,1:1,Mohamed Salah,Alberto Moreno,substitute_in
ENG-Premier League,1819,2018-12-05 Burnley-Liverpool,Liverpool,66’,1:1,Roberto Firmino,Divock Origi,substitute_in
ENG-Premier League,1819,2018-12-05 Burnley-Liverpool,Liverpool,69’,1:2,Roberto Firmino,Virgil van Dijk,goal
ENG-Premier League,1819,2018-12-05 Burnley-Liverpool,Burnley,71’,1:2,Aaron Lennon,Robbie Brady,substitute_in
ENG-Premier League,1819,2018-12-05 Burnley-Liverpool,Burnley,71’,1:2,Sam Vokes,Chris Wood,substitute_in
ENG-Premier League,1819,2018-12-05 Burnley-Liverpool,Burnley,83’,1:2,Matěj Vydra,Ashley Barnes,substitute_in
ENG-Premier League,1819,2018-12-05 Burnley-Liverpool,Burnley,86’,1:2,Matěj Vydra,,yellow_card
ENG-Premier League,1819,2018-12-05 Burnley-Liverpool,Liverpool,90+1’,1:3,Xherdan Shaqiri,Mohamed Salah,goal
ENG-Premier League,1819,2018-11-10 Crystal Palace-Tottenham Hotspur,Tottenham Hotspur,24’,0:0,Serge Aurier,Kieran Trippier,substitute_in
ENG-Premier League,1819,2018-11-10 Crystal Palace-Tottenham Hotspur,Crystal Palace,40’,0:0,James Tomkins,,yellow_card
ENG-Premier League,1819,2018-11-10 Crystal Palace-Tottenham Hotspur,Crystal Palace,60’,0:0,Martin Kelly,James Tomkins,substitute_in
ENG-Premier League,1819,2018-11-10 Crystal Palace-Tottenham Hotspur,Tottenham Hotspur,66’,0:1,Juan Foyth,,goal
ENG-Premier League,1819,2018-11-10 Crystal Palace-Tottenham Hotspur,Crystal Palace,67’,0:1,Jeffrey Schlupp,Max Meyer,substitute_in
ENG-Premier League,1819,2018-11-10 Crystal Palace-Tottenham Hotspur,Crystal Palace,70’,0:1,Alexander Sørloth,James McArthur,substitute_in
ENG-Premier League,1819,2018-11-10 Crystal Palace-Tottenham Hotspur,Tottenham Hotspur,71’,0:1,Son Heung-min,Lucas Moura,substitute_in
ENG-Premier League,1819,2018-11-10 Crystal Palace-Tottenham Hotspur,Tottenham Hotspur,83’,0:1,Harry Winks,Érik Lamela,substitute_in
ENG-Premier League,1819,2018-11-10 Crystal Palace-Tottenham Hotspur,Tottenham Hotspur,86’,0:1,Harry Winks,,yellow_card
ENG-Premier League,1819,2019-01-29 Manchester Utd-Burnley,Burnley,51’,0:1,Ashley Barnes,Jack Cork,goal
ENG-Premier League,1819,2019-01-29 Manchester Utd-Burnley,Burnley,60’,0:1,Ashley Barnes,,yellow_card
ENG-Premier League,1819,2019-01-29 Manchester Utd-Burnley,Manchester United,63’,0:1,Jesse Lingard,Andreas Pereira,substitute_in
ENG-Premier League,1819,2019-01-29 Manchester Utd-Burnley,Manchester United,67’,0:1,Alexis Sánchez,Romelu Lukaku,substitute_in
ENG-Premier League,1819,2019-01-29 Manchester Utd-Burnley,Manchester United,72’,0:1,Juan Mata,,yellow_card
ENG-Premier League,1819,2019-01-29 Manchester Utd-Burnley,Burnley,73’,0:1,Charlie Taylor,,yellow_card
ENG-Premier League,1819,2019-01-29 Manchester Utd-Burnley,Burnley,78’,0:1,Jóhann Berg Guðmundsson,Dwight McNeil,substitute_in
ENG-Premier League,1819,2019-01-29 Manchester Utd-Burnley,Burnley,81’,0:2,Chris Wood,Ashley Westwood,goal
ENG-Premier League,1819,2019-01-29 Manchester Utd-Burnley,Manchester United,87’,1:2,Paul Pogba,,penalty_goal
ENG-Premier League,1819,2019-01-29 Manchester Utd-Burnley,Manchester United,90+2’,2:2,Victor Lindelöf,,goal
ENG-Premier League,1819,2019-01-29 Manchester Utd-Burnley,Burnley,90+5’,2:2,Jack Cork,,yellow_card
ENG-Premier League,1819,2019-03-02 Brighton-Huddersfield Town,Huddersfield Town,41’,0:0,Aaron Mooy,Jonathan Hogg,substitute_in
ENG-Premier League,1819,2019-03-02 Brighton-Huddersfield Town,Brighton & Hove Albion,45+2’,0:0,Glenn Murray,,yellow_card
ENG-Premier League,1819,2019-03-02 Brighton-Huddersfield Town,Brighton & Hove Albion,57’,0:0,Florin Andone,Glenn Murray,substitute_in
ENG-Premier League,1819,2019-03-02 Brighton-Huddersfield Town,Huddersfield Town,58’,0:0,Aaron Mooy,,yellow_card
ENG-Premier League,1819,2019-03-02 Brighton-Huddersfield Town,Huddersfield Town,62’,0:0,Elias Kachunga,Alex Pritchard,substitute_in
ENG-Premier League,1819,2019-03-02 Brighton-Huddersfield Town,Huddersfield Town,63’,0:0,Steve Mounié,,yellow_card
ENG-Premier League,1819,2019-03-02 Brighton-Huddersfield Town,Huddersfield Town,67’,0:0,Florent Hadergjonaj,Jon Gorenc Stanković,substitute_in
ENG-Premier League,1819,2019-03-02 Brighton-Huddersfield Town,Brighton & Hove Albion,78’,0:0,José Izquierdo,Alireza Jahanbakhsh,substitute_in
ENG-Premier League,1819,2019-03-02 Brighton-Huddersfield Town,Brighton & Hove Albion,79’,1:0,Florin Andone,Anthony Knockaert,goal
ENG-Premier League,1819,2019-03-02 Brighton-Huddersfield Town,Brighton & Hove Albion,80’,1:0,Florin Andone,,yellow_card
ENG-Premier League,1819,2019-03-02 Brighton-Huddersfield Town,Brighton & Hove Albion,85’,1:0,Beram Kayal,Yves Bissouma,substitute_in
ENG-Premier League,1819,2019-04-21 Arsenal-Crystal Palace,Arsenal,16’,0:0,Konstantinos Mavropanos,,yellow_card
ENG-Premier League,1819,2019-04-21 Arsenal-Crystal Palace,Crystal Palace,17’,0:1,Christian Benteke,Luka Milivojević,goal
ENG-Premier League,1819,2019-04-21 Arsenal-Crystal Palace,Arsenal,46’,0:1,Alex Iwobi,Konstantinos Mavropanos,substitute_in
ENG-Premier League,1819,2019-04-21 Arsenal-Crystal Palace,Arsenal,46’,0:1,Ainsley Maitland-Niles,Carl Jenkinson,substitute_in
ENG-Premier League,1819,2019-04-21 Arsenal-Crystal Palace,Arsenal,47’,1:1,Mesut Özil,Alexandre Lacazette,goal
ENG-Premier League,1819,2019-04-21 Arsenal-Crystal Palace,Crystal Palace,61’,1:2,Wilfried Zaha,Christian Benteke,goal
ENG-Premier League,1819,2019-04-21 Arsenal-Crystal Palace,Arsenal,63’,1:2,Mesut Özil,,yellow_card
ENG-Premier League,1819,2019-04-21 Arsenal-Crystal Palace,Arsenal,68’,1:2,Mattéo Guendouzi,,yellow_card
ENG-Premier League,1819,2019-04-21 Arsenal-Crystal Palace,Arsenal,68’,1:2,Lucas Torreira,Mohamed Elneny,substitute_in
ENG-Premier League,1819,2019-04-21 Arsenal-Crystal Palace,Crystal Palace,69’,1:3,James McArthur,Scott Dann,goal
ENG-Premier League,1819,2019-04-21 Arsenal-Crystal Palace,Arsenal,77’,2:3,Pierre-Emerick Aubameyang,,goal
ENG-Premier League,1819,2019-04-21 Arsenal-Crystal Palace,Crystal Palace,78’,2:3,Jordan Ayew,Christian Benteke,substitute_in
ENG-Premier League,1819,2019-04-21 Arsenal-Crystal Palace,Crystal Palace,80’,2:3,Andros Townsend,Max Meyer,substitute_in
ENG-Premier League,1819,2019-04-21 Arsenal-Crystal Palace,Crystal Palace,81’,2:3,Joel Ward,,yellow_card
ENG-Premier League,1819,2019-04-21 Arsenal-Crystal Palace,Arsenal,85’,2:3,Shkodran Mustafi,,yellow_card
ENG-Premier League,1819,2019-03-10 Chelsea-Wolves,Wolverhampton Wanderers,37’,0:0,Matt Doherty,,yellow_card
ENG-Premier League,1819,2019-03-10 Chelsea-Wolves,Chelsea,56’,0:1,Ruben Loftus-Cheek,Mateo Kovačić,substitute_in
ENG-Premier League,1819,2019-03-10 Chelsea-Wolves,Wolverhampton Wanderers,56’,0:1,Raúl Jiménez,Diogo Jota,goal
ENG-Premier League,1819,2019-03-10 Chelsea-Wolves,Chelsea,61’,0:1,Callum Hudson-Odoi,Pedro,substitute_in
ENG-Premier League,1819,2019-03-10 Chelsea-Wolves,Wolverhampton Wanderers,66’,0:1,Romain Saïss,,yellow_card
ENG-Premier League,1819,2019-03-10 Chelsea-Wolves,Chelsea,72’,0:1,Willian,Jorginho,substitute_in
ENG-Premier League,1819,2019-03-10 Chelsea-Wolves,Wolverhampton Wanderers,75’,0:1,Willy Boly,,yellow_card
ENG-Premier League,1819,2019-03-10 Chelsea-Wolves,Chelsea,78’,0:1,Antonio Rüdiger,,yellow_card
ENG-Premier League,1819,2019-03-10 Chelsea-Wolves,Wolverhampton Wanderers,80’,0:1,Diogo Jota,,yellow_card
ENG-Premier League,1819,2019-03-10 Chelsea-Wolves,Wolverhampton Wanderers,82’,0:1,Morgan Gibbs-White,Diogo Jota,substitute_in
ENG-Premier League,1819,2019-03-10 Chelsea-Wolves,Wolverhampton Wanderers,89’,0:1,Adama Traoré,Raúl Jiménez,substitute_in
ENG-Premier League,1819,2019-03-10 Chelsea-Wolves,Chelsea,90+2’,1:1,Eden Hazard,Willian,goal
ENG-Premier League,1819,2019-04-12 Leicester City-Newcastle United,Newcastle United,32’,0:1,Ayoze Pérez,Matt Ritchie,goal
ENG-Premier League,1819,2019-04-12 Leicester City-Newcastle United,Leicester City,41’,0:1,Youri Tielemans,,yellow_card
ENG-Premier League,1819,2019-04-12 Leicester City-Newcastle United,Newcastle United,63’,0:1,Ki Sung-yueng,,yellow_card
ENG-Premier League,1819,2019-04-12 Leicester City-Newcastle United,Leicester City,68’,0:1,Kasper Schmeichel,,yellow_card
ENG-Premier League,1819,2019-04-12 Leicester City-Newcastle United,Leicester City,72’,0:1,Kelechi Iheanacho,Demarai Gray,substitute_in
ENG-Premier League,1819,2019-04-12 Leicester City-Newcastle United,Leicester City,72’,0:1,Nampalys Mendy,Wilfred Ndidi,substitute_in
ENG-Premier League,1819,2019-04-12 Leicester City-Newcastle United,Newcastle United,74’,0:1,Fabian Schär,,yellow_card
ENG-Premier League,1819,2019-04-12 Leicester City-Newcastle United,Newcastle United,77’,0:1,Javier Manquillo,,yellow_card
ENG-Premier League,1819,2019-04-12 Leicester City-Newcastle United,Newcastle United,78’,0:1,Christian Atsu,Miguel Almirón,substitute_in
ENG-Premier League,1819,2019-04-12 Leicester City-Newcastle United,Leicester City,80’,0:1,Marc Albrighton,Harvey Barnes,substitute_in
ENG-Premier League,1819,2019-04-12 Leicester City-Newcastle United,Newcastle United,82’,0:1,Mohamed Diamé,Ki Sung-yueng,substitute_in
ENG-Premier League,1819,2018-10-06 Crystal Palace-Wolves,Crystal Palace,30’,0:0,James McArthur,,yellow_card
ENG-Premier League,1819,2018-10-06 Crystal Palace-Wolves,Wolverhampton Wanderers,56’,0:1,Matt Doherty,Raúl Jiménez,goal
ENG-Premier League,1819,2018-10-06 Crystal Palace-Wolves,Crystal Palace,63’,0:1,Max Meyer,James McArthur,substitute_in
ENG-Premier League,1819,2018-10-06 Crystal Palace-Wolves,Crystal Palace,72’,0:1,Cheikhou Kouyaté,Jordan Ayew,substitute_in
ENG-Premier League,1819,2018-10-06 Crystal Palace-Wolves,Wolverhampton Wanderers,76’,0:1,Ivan Cavaleiro,Raúl Jiménez,substitute_in
ENG-Premier League,1819,2018-10-06 Crystal Palace-Wolves,Wolverhampton Wanderers,78’,0:1,Conor Coady,,yellow_card
ENG-Premier League,1819,2018-10-06 Crystal Palace-Wolves,Crystal Palace,82’,0:1,Alexander Sørloth,Jeffrey Schlupp,substitute_in
ENG-Premier League,1819,2018-10-06 Crystal Palace-Wolves,Wolverhampton Wanderers,84’,0:1,Romain Saïss,Hélder Costa,substitute_in
ENG-Premier League,1819,2018-10-06 Crystal Palace-Wolves,Wolverhampton Wanderers,87’,0:1,Adama Traoré,Diogo Jota,substitute_in
ENG-Premier League,1819,2018-10-06 Crystal Palace-Wolves,Crystal Palace,88’,0:1,Cheikhou Kouyaté,,yellow_card
ENG-Premier League,1819,2018-10-06 Crystal Palace-Wolves,Wolverhampton Wanderers,88’,0:1,Jonny Castro,,yellow_card
ENG-Premier League,1819,2018-10-06 Crystal Palace-Wolves,Crystal Palace,90+1’,0:1,Patrick van Aanholt,,yellow_card
ENG-Premier League,1819,2018-10-06 Crystal Palace-Wolves,Wolverhampton Wanderers,90+1’,0:1,Ivan Cavaleiro,,yellow_card
ENG-Premier League,1819,2018-10-06 Crystal Palace-Wolves,Wolverhampton Wanderers,90+4’,0:1,João Moutinho,,yellow_card
ENG-Premier League,1819,2019-02-04 West Ham United-Liverpool,Liverpool,22’,0:1,Sadio Mané,James Milner,goal
ENG-Premier League,1819,2019-02-04 West Ham United-Liverpool,West Ham United,28’,1:1,Michail Antonio,Felipe Anderson,goal
ENG-Premier League,1819,2019-02-04 West Ham United-Liverpool,Liverpool,54’,1:1,Joël Matip,,yellow_card
ENG-Premier League,1819,2019-02-04 West Ham United-Liverpool,West Ham United,60’,1:1,Javier Hernández,,yellow_card
ENG-Premier League,1819,2019-02-04 West Ham United-Liverpool,Liverpool,69’,1:1,Xherdan Shaqiri,Adam Lallana,substitute_in
ENG-Premier League,1819,2019-02-04 West Ham United-Liverpool,Liverpool,75’,1:1,Divock Origi,Roberto Firmino,substitute_in
ENG-Premier League,1819,2019-02-04 West Ham United-Liverpool,West Ham United,79’,1:1,Andy Carroll,Javier Hernández,substitute_in
ENG-Premier League,1819,2019-02-04 West Ham United-Liverpool,West Ham United,79’,1:1,Pedro Obiang,Mark Noble,substitute_in
ENG-Premier League,1819,2019-02-04 West Ham United-Liverpool,West Ham United,90+1’,1:1,Arthur Masuaku,Felipe Anderson,substitute_in
ENG-Premier League,1819,2018-11-04 Chelsea-Crystal Palace,Chelsea,32’,1:0,Álvaro Morata,Pedro,goal
ENG-Premier League,1819,2018-11-04 Chelsea-Crystal Palace,Crystal Palace,53’,1:1,Andros Townsend,James McArthur,goal
ENG-Premier League,1819,2018-11-04 Chelsea-Crystal Palace,Chelsea,64’,1:1,Eden Hazard,Willian,substitute_in
ENG-Premier League,1819,2018-11-04 Chelsea-Crystal Palace,Chelsea,64’,1:1,Mateo Kovačić,Ross Barkley,substitute_in
ENG-Premier League,1819,2018-11-04 Chelsea-Crystal Palace,Chelsea,65’,2:1,Álvaro Morata,Eden Hazard,goal
ENG-Premier League,1819,2018-11-04 Chelsea-Crystal Palace,Chelsea,70’,3:1,Pedro,Marcos Alonso,goal
ENG-Premier League,1819,2018-11-04 Chelsea-Crystal Palace,Crystal Palace,71’,3:1,Jordan Ayew,Max Meyer,substitute_in
ENG-Premier League,1819,2018-11-04 Chelsea-Crystal Palace,Chelsea,80’,3:1,Cesc Fàbregas,Jorginho,substitute_in
ENG-Premier League,1819,2018-11-04 Chelsea-Crystal Palace,Crystal Palace,80’,3:1,Jeffrey Schlupp,James McArthur,substitute_in
ENG-Premier League,1819,2018-11-04 Chelsea-Crystal Palace,Crystal Palace,86’,3:1,Luka Milivojević,,yellow_card
ENG-Premier League,1819,2018-08-26 Newcastle United-Chelsea,Chelsea,40’,0:0,Mateo Kovačić,,yellow_card
ENG-Premier League,1819,2018-08-26 Newcastle United-Chelsea,Newcastle United,62’,0:0,Joselu,Salomón Rondón,substitute_in
ENG-Premier League,1819,2018-08-26 Newcastle United-Chelsea,Newcastle United,65’,0:0,Fabian Schär,,yellow_card
ENG-Premier League,1819,2018-08-26 Newcastle United-Chelsea,Chelsea,65’,0:0,Olivier Giroud,Álvaro Morata,substitute_in
ENG-Premier League,1819,2018-08-26 Newcastle United-Chelsea,Newcastle United,68’,0:0,Federico Fernández,,yellow_card
ENG-Premier League,1819,2018-08-26 Newcastle United-Chelsea,Chelsea,69’,0:0,Willian,Pedro,substitute_in
ENG-Premier League,1819,2018-08-26 Newcastle United-Chelsea,Newcastle United,70’,0:0,Matt Ritchie,,yellow_card
ENG-Premier League,1819,2018-08-26 Newcastle United-Chelsea,Newcastle United,73’,0:0,Ayoze Pérez,Jacob Murphy,substitute_in
ENG-Premier League,1819,2018-08-26 Newcastle United-Chelsea,Chelsea,76’,0:1,Eden Hazard,,penalty_goal
ENG-Premier League,1819,2018-08-26 Newcastle United-Chelsea,Newcastle United,79’,0:1,Yoshinori Mutō,Fabian Schär,substitute_in
ENG-Premier League,1819,2018-08-26 Newcastle United-Chelsea,Chelsea,79’,0:1,Ross Barkley,Mateo Kovačić,substitute_in
ENG-Premier League,1819,2018-08-26 Newcastle United-Chelsea,Newcastle United,83’,1:1,Joselu,DeAndre Yedlin,goal
ENG-Premier League,1819,2018-08-26 Newcastle United-Chelsea,Chelsea,87’,1:2,DeAndre Yedlin,,own_goal
ENG-Premier League,1819,2019-04-27 Crystal Palace-Everton,Crystal Palace,10’,0:0,Luka Milivojević,,yellow_card
ENG-Premier League,1819,2019-04-27 Crystal Palace-Everton,Crystal Palace,72’,0:0,Andros Townsend,Max Meyer,substitute_in
ENG-Premier League,1819,2019-04-27 Crystal Palace-Everton,Everton,73’,0:0,Cenk Tosun,Dominic Calvert-Lewin,substitute_in
ENG-Premier League,1819,2019-04-27 Crystal Palace-Everton,Crystal Palace,74’,0:0,Cheikhou Kouyaté,,yellow_card
ENG-Premier League,1819,2019-04-27 Crystal Palace-Everton,Everton,84’,0:0,Ademola Lookman,Bernard,substitute_in
ENG-Premier League,1819,2019-04-27 Crystal Palace-Everton,Everton,86’,0:0,Theo Walcott,Gylfi Sigurðsson,substitute_in
ENG-Premier League,1819,2018-11-03 West Ham United-Burnley,West Ham United,10’,1:0,Marko Arnautović,,goal
ENG-Premier League,1819,2018-11-03 West Ham United-Burnley,West Ham United,34’,1:0,Felipe Anderson,,yellow_card
ENG-Premier League,1819,2018-11-03 West Ham United-Burnley,Burnley,45’,1:1,Jóhann Berg Guðmundsson,Ashley Westwood,goal
ENG-Premier League,1819,2018-11-03 West Ham United-Burnley,West Ham United,61’,1:1,Javier Hernández,Pedro Obiang,substitute_in
ENG-Premier League,1819,2018-11-03 West Ham United-Burnley,West Ham United,68’,2:1,Felipe Anderson,Grady Diangana,goal
ENG-Premier League,1819,2018-11-03 West Ham United-Burnley,Burnley,68’,1:1,James Tarkowski,,yellow_card
ENG-Premier League,1819,2018-11-03 West Ham United-Burnley,Burnley,72’,2:1,Ashley Barnes,Matěj Vydra,substitute_in
ENG-Premier League,1819,2018-11-03 West Ham United-Burnley,Burnley,72’,2:1,Chris Wood,Sam Vokes,substitute_in
ENG-Premier League,1819,2018-11-03 West Ham United-Burnley,Burnley,75’,2:1,Robbie Brady,Aaron Lennon,substitute_in
ENG-Premier League,1819,2018-11-03 West Ham United-Burnley,Burnley,77’,2:2,Chris Wood,Robbie Brady,goal
ENG-Premier League,1819,2018-11-03 West Ham United-Burnley,West Ham United,84’,3:2,Felipe Anderson,,goal
ENG-Premier League,1819,2018-11-03 West Ham United-Burnley,West Ham United,86’,3:2,Michail Antonio,Grady Diangana,substitute_in
ENG-Premier League,1819,2018-11-03 West Ham United-Burnley,Burnley,87’,3:2,Matthew Lowton,,yellow_card
ENG-Premier League,1819,2018-11-03 West Ham United-Burnley,West Ham United,90+1’,3:2,Angelo Ogbonna,Marko Arnautović,substitute_in
ENG-Premier League,1819,2018-11-03 West Ham United-Burnley,West Ham United,90+2’,4:2,Javier Hernández,Michail Antonio,goal
ENG-Premier League,1819,2018-11-03 West Ham United-Burnley,Burnley,90+3’,4:2,Ashley Barnes,,yellow_card
ENG-Premier League,1819,2018-11-03 West Ham United-Burnley,Burnley,90+5’,4:2,Robbie Brady,,yellow_card
ENG-Premier League,1819,2019-04-21 Cardiff City-Liverpool,Liverpool,57’,0:1,Georginio Wijnaldum,Trent Alexander-Arnold,goal
ENG-Premier League,1819,2019-04-21 Cardiff City-Liverpool,Cardiff City,67’,0:1,Kenneth Zohore,Oumar Niasse,substitute_in
ENG-Premier League,1819,2019-04-21 Cardiff City-Liverpool,Liverpool,71’,0:1,Fabinho,Naby Keïta,substitute_in
ENG-Premier League,1819,2019-04-21 Cardiff City-Liverpool,Liverpool,75’,0:1,James Milner,Fabinho,substitute_in
ENG-Premier League,1819,2019-04-21 Cardiff City-Liverpool,Cardiff City,79’,0:1,Leandro Bacuna,Joe Ralls,substitute_in
ENG-Premier League,1819,2019-04-21 Cardiff City-Liverpool,Cardiff City,80’,0:1,Aron Gunnarsson,,yellow_card
ENG-Premier League,1819,2019-04-21 Cardiff City-Liverpool,Liverpool,81’,0:2,James Milner,,penalty_goal
ENG-Premier League,1819,2019-04-21 Cardiff City-Liverpool,Cardiff City,83’,0:2,Josh Murphy,Junior Hoilett,substitute_in
ENG-Premier League,1819,2019-04-21 Cardiff City-Liverpool,Liverpool,86’,0:2,Joe Gomez,Trent Alexander-Arnold,substitute_in
ENG-Premier League,1819,2019-04-21 Cardiff City-Liverpool,Liverpool,90+1’,0:2,James Milner,,yellow_card
ENG-Premier League,1819,2019-03-31 Liverpool-Tottenham Hotspur,Liverpool,16’,1:0,Roberto Firmino,Andrew Robertson,goal
ENG-Premier League,1819,2019-03-31 Liverpool-Tottenham Hotspur,Tottenham Hotspur,69’,1:0,Son Heung-min,Davinson Sánchez,substitute_in
ENG-Premier League,1819,2019-03-31 Liverpool-Tottenham Hotspur,Tottenham Hotspur,70’,1:1,Lucas Moura,Christian Eriksen,goal
ENG-Premier League,1819,2019-03-31 Liverpool-Tottenham Hotspur,Liverpool,77’,1:1,Fabinho,James Milner,substitute_in
ENG-Premier League,1819,2019-03-31 Liverpool-Tottenham Hotspur,Liverpool,77’,1:1,Divock Origi,Jordan Henderson,substitute_in
ENG-Premier League,1819,2019-03-31 Liverpool-Tottenham Hotspur,Tottenham Hotspur,80’,1:1,Lucas Moura,,yellow_card
ENG-Premier League,1819,2019-03-31 Liverpool-Tottenham Hotspur,Tottenham Hotspur,82’,1:1,Ben Davies,Lucas Moura,substitute_in
ENG-Premier League,1819,2019-03-31 Liverpool-Tottenham Hotspur,Tottenham Hotspur,90+1’,2:1,Fernando Llorente,Christian Eriksen,substitute_in
ENG-Premier League,1819,2019-03-31 Liverpool-Tottenham Hotspur,Liverpool,90+4’,2:1,Dejan Lovren,Mohamed Salah,substitute_in
ENG-Premier League,1819,2019-03-31 Liverpool-Tottenham Hotspur,Liverpool,90’,2:1,Toby Alderweireld,,own_goal
ENG-Premier League,1819,2018-11-11 Chelsea-Everton,Everton,22’,0:0,Yerry Mina,,yellow_card
ENG-Premier League,1819,2018-11-11 Chelsea-Everton,Chelsea,28’,0:0,Jorginho,,yellow_card
ENG-Premier League,1819,2018-11-11 Chelsea-Everton,Chelsea,33’,0:0,N'Golo Kanté,,yellow_card
ENG-Premier League,1819,2018-11-11 Chelsea-Everton,Chelsea,45+2’,0:0,Antonio Rüdiger,,yellow_card
ENG-Premier League,1819,2018-11-11 Chelsea-Everton,Everton,45+2’,0:0,Bernard,,yellow_card
ENG-Premier League,1819,2018-11-11 Chelsea-Everton,Chelsea,64’,0:0,Cesc Fàbregas,Jorginho,substitute_in
ENG-Premier League,1819,2018-11-11 Chelsea-Everton,Everton,64’,0:0,Ademola Lookman,Bernard,substitute_in
ENG-Premier League,1819,2018-11-11 Chelsea-Everton,Chelsea,68’,0:0,Pedro,Willian,substitute_in
ENG-Premier League,1819,2018-11-11 Chelsea-Everton,Everton,73’,0:0,Jordan Pickford,,yellow_card
ENG-Premier League,1819,2018-11-11 Chelsea-Everton,Everton,76’,0:0,Phil Jagielka,Gylfi Sigurðsson,substitute_in
ENG-Premier League,1819,2018-11-11 Chelsea-Everton,Chelsea,82’,0:0,Ross Barkley,Mateo Kovačić,substitute_in
ENG-Premier League,1819,2018-11-11 Chelsea-Everton,Chelsea,87’,0:0,Álvaro Morata,,yellow_card
ENG-Premier League,1819,2018-11-11 Chelsea-Everton,Everton,89’,0:0,Dominic Calvert-Lewin,Richarlison,substitute_in
ENG-Premier League,1819,2019-01-01 Cardiff City-Tottenham Hotspur,Tottenham Hotspur,12’,0:2,Christian Eriksen,Son Heung-min,goal
ENG-Premier League,1819,2019-01-01 Cardiff City-Tottenham Hotspur,Tottenham Hotspur,26’,0:3,Son Heung-min,Harry Kane,goal
ENG-Premier League,1819,2019-01-01 Cardiff City-Tottenham Hotspur,Tottenham Hotspur,3’,0:1,Harry Kane,,goal
ENG-Premier League,1819,2019-01-01 Cardiff City-Tottenham Hotspur,Cardiff City,46’,0:3,Junior Hoilett,Josh Murphy,substitute_in
ENG-Premier League,1819,2019-01-01 Cardiff City-Tottenham Hotspur,Cardiff City,53’,0:3,Sol Bamba,,yellow_card
ENG-Premier League,1819,2019-01-01 Cardiff City-Tottenham Hotspur,Cardiff City,59’,0:3,Joe Ralls,Víctor Camarasa,substitute_in
ENG-Premier League,1819,2019-01-01 Cardiff City-Tottenham Hotspur,Cardiff City,72’,0:3,Nathaniel Mendez-Laing,Bobby De Cordova-Reid,substitute_in
ENG-Premier League,1819,2019-01-01 Cardiff City-Tottenham Hotspur,Tottenham Hotspur,76’,0:3,Oliver Skipp,Son Heung-min,substitute_in
ENG-Premier League,1819,2019-01-01 Cardiff City-Tottenham Hotspur,Tottenham Hotspur,86’,0:3,Fernando Llorente,Dele Alli,substitute_in
ENG-Premier League,1819,2019-04-13 Brighton-Bournemouth,Bournemouth,22’,0:0,Nathan Aké,,yellow_card
ENG-Premier League,1819,2019-04-13 Brighton-Bournemouth,Bournemouth,33’,0:1,Dan Gosling,Callum Wilson,goal
ENG-Premier League,1819,2019-04-13 Brighton-Bournemouth,Brighton & Hove Albion,50’,0:1,Florin Andone,,yellow_card
ENG-Premier League,1819,2019-04-13 Brighton-Bournemouth,Bournemouth,50’,0:1,Chris Mepham,,yellow_card
ENG-Premier League,1819,2019-04-13 Brighton-Bournemouth,Bournemouth,55’,0:2,Ryan Fraser,Callum Wilson,goal
ENG-Premier League,1819,2019-04-13 Brighton-Bournemouth,Brighton & Hove Albion,58’,0:2,Glenn Murray,Florin Andone,substitute_in
ENG-Premier League,1819,2019-04-13 Brighton-Bournemouth,Brighton & Hove Albion,63’,0:2,José Izquierdo,Davy Pröpper,substitute_in
ENG-Premier League,1819,2019-04-13 Brighton-Bournemouth,Bournemouth,64’,0:2,Dan Gosling,,yellow_card
ENG-Premier League,1819,2019-04-13 Brighton-Bournemouth,Brighton & Hove Albion,68’,0:2,Anthony Knockaert,,red_card
ENG-Premier League,1819,2019-04-13 Brighton-Bournemouth,Bournemouth,71’,0:2,Artur Boruc,,yellow_card
ENG-Premier League,1819,2019-04-13 Brighton-Bournemouth,Bournemouth,74’,0:3,David Brooks,Ryan Fraser,goal
ENG-Premier League,1819,2019-04-13 Brighton-Bournemouth,Bournemouth,76’,0:3,Dominic Solanke,Joshua King,substitute_in
ENG-Premier League,1819,2019-04-13 Brighton-Bournemouth,Brighton & Hove Albion,78’,0:3,Yves Bissouma,,yellow_card
ENG-Premier League,1819,2019-04-13 Brighton-Bournemouth,Bournemouth,82’,0:4,Callum Wilson,Ryan Fraser,goal
ENG-Premier League,1819,2019-04-13 Brighton-Bournemouth,Bournemouth,83’,0:4,Junior Stanislas,Callum Wilson,substitute_in
ENG-Premier League,1819,2019-04-13 Brighton-Bournemouth,Bournemouth,87’,0:4,Jack Simpson,Steve Cook,substitute_in
ENG-Premier League,1819,2019-04-13 Brighton-Bournemouth,Bournemouth,90+2’,0:5,Junior Stanislas,David Brooks,goal
ENG-Premier League,1819,2018-09-15 Bournemouth-Leicester City,Leicester City,12’,0:0,Harry Maguire,,yellow_card
ENG-Premier League,1819,2018-09-15 Bournemouth-Leicester City,Bournemouth,19’,1:0,Ryan Fraser,Joshua King,goal
ENG-Premier League,1819,2018-09-15 Bournemouth-Leicester City,Bournemouth,29’,1:0,Jefferson Lerma,,yellow_card
ENG-Premier League,1819,2018-09-15 Bournemouth-Leicester City,Bournemouth,37’,2:0,Ryan Fraser,Callum Wilson,goal
ENG-Premier League,1819,2018-09-15 Bournemouth-Leicester City,Bournemouth,41’,3:0,Joshua King,,penalty_goal
ENG-Premier League,1819,2018-09-15 Bournemouth-Leicester City,Leicester City,45+2’,3:0,Wes Morgan,,yellow_card
ENG-Premier League,1819,2018-09-15 Bournemouth-Leicester City,Leicester City,61’,3:0,Marc Albrighton,Rachid Ghezzal,substitute_in
ENG-Premier League,1819,2018-09-15 Bournemouth-Leicester City,Leicester City,61’,3:0,Kelechi Iheanacho,Demarai Gray,substitute_in
ENG-Premier League,1819,2018-09-15 Bournemouth-Leicester City,Bournemouth,68’,3:0,Simon Francis,David Brooks,substitute_in
ENG-Premier League,1819,2018-09-15 Bournemouth-Leicester City,Leicester City,69’,3:0,Wes Morgan,,yellow_red_card
ENG-Premier League,1819,2018-09-15 Bournemouth-Leicester City,Leicester City,70’,3:0,Kasper Schmeichel,,yellow_card
ENG-Premier League,1819,2018-09-15 Bournemouth-Leicester City,Bournemouth,71’,3:0,Callum Wilson,,yellow_card
ENG-Premier League,1819,2018-09-15 Bournemouth-Leicester City,Bournemouth,78’,3:0,Lewis Cook,Jefferson Lerma,substitute_in
ENG-Premier League,1819,2018-09-15 Bournemouth-Leicester City,Bournemouth,79’,3:0,Dan Gosling,,yellow_card
ENG-Premier League,1819,2018-09-15 Bournemouth-Leicester City,Bournemouth,81’,4:0,Adam Smith,Ryan Fraser,goal
ENG-Premier League,1819,2018-09-15 Bournemouth-Leicester City,Leicester City,84’,4:0,Jonny Evans,Jamie Vardy,substitute_in
ENG-Premier League,1819,2018-09-15 Bournemouth-Leicester City,Bournemouth,85’,4:0,Lys Mousset,Joshua King,substitute_in
ENG-Premier League,1819,2018-09-15 Bournemouth-Leicester City,Leicester City,88’,4:1,James Maddison,,penalty_goal
ENG-Premier League,1819,2018-09-15 Bournemouth-Leicester City,Leicester City,89’,4:2,Marc Albrighton,Kelechi Iheanacho,goal
ENG-Premier League,1819,2018-12-05 Everton-Newcastle United,Newcastle United,19’,0:1,Salomón Rondón,Jacob Murphy,goal
ENG-Premier League,1819,2018-12-05 Everton-Newcastle United,Everton,38’,1:1,Richarlison,,goal
ENG-Premier League,1819,2018-12-05 Everton-Newcastle United,Newcastle United,61’,1:1,Mohamed Diamé,,yellow_card
ENG-Premier League,1819,2018-12-05 Everton-Newcastle United,Newcastle United,64’,1:1,Ayoze Pérez,Jacob Murphy,substitute_in
ENG-Premier League,1819,2018-12-05 Everton-Newcastle United,Newcastle United,66’,1:1,DeAndre Yedlin,,yellow_card
ENG-Premier League,1819,2018-12-05 Everton-Newcastle United,Everton,69’,1:1,Bernard,Cenk Tosun,substitute_in
ENG-Premier League,1819,2018-12-05 Everton-Newcastle United,Everton,70’,1:1,Theo Walcott,Gylfi Sigurðsson,substitute_in
ENG-Premier League,1819,2018-12-05 Everton-Newcastle United,Newcastle United,74’,1:1,Joselu,Salomón Rondón,substitute_in
ENG-Premier League,1819,2018-12-05 Everton-Newcastle United,Everton,78’,1:1,Dominic Calvert-Lewin,Ademola Lookman,substitute_in
ENG-Premier League,1819,2018-12-05 Everton-Newcastle United,Newcastle United,80’,1:1,Fabian Schär,,yellow_card
ENG-Premier League,1819,2018-12-05 Everton-Newcastle United,Newcastle United,88’,1:1,Federico Fernández,,yellow_card
ENG-Premier League,1819,2018-12-05 Everton-Newcastle United,Newcastle United,90+2’,1:1,Christian Atsu,,yellow_card
ENG-Premier League,1819,2019-01-19 Arsenal-Chelsea,Arsenal,14’,1:0,Alexandre Lacazette,Héctor Bellerín,goal
ENG-Premier League,1819,2019-01-19 Arsenal-Chelsea,Chelsea,37’,1:0,David Luiz,,yellow_card
ENG-Premier League,1819,2019-01-19 Arsenal-Chelsea,Arsenal,39’,2:0,Laurent Koscielny,Sokratis Papastathopoulos,goal
ENG-Premier League,1819,2019-01-19 Arsenal-Chelsea,Chelsea,63’,2:0,Ross Barkley,Mateo Kovačić,substitute_in
ENG-Premier League,1819,2019-01-19 Arsenal-Chelsea,Arsenal,67’,2:0,Ainsley Maitland-Niles,Aaron Ramsey,substitute_in
ENG-Premier League,1819,2019-01-19 Arsenal-Chelsea,Arsenal,68’,2:0,Alex Iwobi,Alexandre Lacazette,substitute_in
ENG-Premier League,1819,2019-01-19 Arsenal-Chelsea,Chelsea,68’,2:0,Olivier Giroud,Willian,substitute_in
ENG-Premier League,1819,2019-01-19 Arsenal-Chelsea,Arsenal,72’,2:0,Mohamed Elneny,Héctor Bellerín,substitute_in
ENG-Premier League,1819,2019-01-19 Arsenal-Chelsea,Chelsea,80’,2:0,Callum Hudson-Odoi,Pedro,substitute_in
ENG-Premier League,1819,2019-01-19 Arsenal-Chelsea,Chelsea,90+5’,2:0,Ross Barkley,,yellow_card
ENG-Premier League,1819,2019-03-03 Everton-Liverpool,Everton,59’,0:0,Richarlison,Theo Walcott,substitute_in
ENG-Premier League,1819,2019-03-03 Everton-Liverpool,Liverpool,63’,0:0,James Milner,Georginio Wijnaldum,substitute_in
ENG-Premier League,1819,2019-03-03 Everton-Liverpool,Liverpool,63’,0:0,Roberto Firmino,Divock Origi,substitute_in
ENG-Premier League,1819,2019-03-03 Everton-Liverpool,Everton,74’,0:0,Cenk Tosun,Dominic Calvert-Lewin,substitute_in
ENG-Premier League,1819,2019-03-03 Everton-Liverpool,Liverpool,75’,0:0,Andrew Robertson,,yellow_card
ENG-Premier League,1819,2019-03-03 Everton-Liverpool,Everton,76’,0:0,André Gomes,Morgan Schneiderlin,substitute_in
ENG-Premier League,1819,2019-03-03 Everton-Liverpool,Liverpool,79’,0:0,Fabinho,,yellow_card
ENG-Premier League,1819,2019-03-03 Everton-Liverpool,Everton,7’,0:0,Theo Walcott,,yellow_card
ENG-Premier League,1819,2019-03-03 Everton-Liverpool,Liverpool,84’,0:0,Adam Lallana,Sadio Mané,substitute_in
ENG-Premier League,1819,2018-12-22 Newcastle United-Fulham,Newcastle United,72’,0:0,Kenedy,Christian Atsu,substitute_in
ENG-Premier League,1819,2018-12-22 Newcastle United-Fulham,Fulham,76’,0:0,Aboubakar Kamara,André Schürrle,substitute_in
ENG-Premier League,1819,2018-12-22 Newcastle United-Fulham,Fulham,82’,0:0,Floyd Ayité,Tom Cairney,substitute_in
ENG-Premier League,1819,2018-12-22 Newcastle United-Fulham,Newcastle United,84’,0:0,DeAndre Yedlin,Javier Manquillo,substitute_in
ENG-Premier League,1819,2018-12-22 Newcastle United-Fulham,Fulham,84’,0:0,Aboubakar Kamara,,yellow_card
ENG-Premier League,1819,2018-12-22 Newcastle United-Fulham,Fulham,87’,0:0,Jean Seri,,yellow_card
ENG-Premier League,1819,2018-12-22 Newcastle United-Fulham,Newcastle United,89’,0:0,Kenedy,,yellow_card
ENG-Premier League,1819,2019-02-02 Crystal Palace-Fulham,Crystal Palace,25’,1:0,Luka Milivojević,,penalty_goal
ENG-Premier League,1819,2019-02-02 Crystal Palace-Fulham,Fulham,27’,1:0,Maxime Le Marchand,,yellow_card
ENG-Premier League,1819,2019-02-02 Crystal Palace-Fulham,Fulham,45’,1:0,Denis Odoi,,yellow_card
ENG-Premier League,1819,2019-02-02 Crystal Palace-Fulham,Fulham,46’,1:0,Luciano Vietto,Tim Ream,substitute_in
ENG-Premier League,1819,2019-02-02 Crystal Palace-Fulham,Fulham,59’,1:0,Ryan Babel,,yellow_card
ENG-Premier League,1819,2019-02-02 Crystal Palace-Fulham,Fulham,62’,1:0,Timothy Fosu-Mensah,Cyrus Christie,substitute_in
ENG-Premier League,1819,2019-02-02 Crystal Palace-Fulham,Crystal Palace,6’,0:0,Jordan Ayew,,yellow_card
ENG-Premier League,1819,2019-02-02 Crystal Palace-Fulham,Crystal Palace,72’,1:0,Max Meyer,Christian Benteke,substitute_in
ENG-Premier League,1819,2019-02-02 Crystal Palace-Fulham,Crystal Palace,76’,1:0,Aaron Wan-Bissaka,,yellow_card
ENG-Premier League,1819,2019-02-02 Crystal Palace-Fulham,Crystal Palace,82’,1:0,Michy Batshuayi,Jordan Ayew,substitute_in
ENG-Premier League,1819,2019-02-02 Crystal Palace-Fulham,Crystal Palace,87’,2:0,Jeffrey Schlupp,,goal
ENG-Premier League,1819,2019-02-02 Crystal Palace-Fulham,Fulham,88’,2:0,Floyd Ayité,Ryan Babel,substitute_in
ENG-Premier League,1819,2019-02-02 Crystal Palace-Fulham,Crystal Palace,90+1’,2:0,Bakary Sako,Jeffrey Schlupp,substitute_in
ENG-Premier League,1819,2018-12-15 Wolves-Bournemouth,Wolverhampton Wanderers,12’,1:0,Raúl Jiménez,Diogo Jota,goal
ENG-Premier League,1819,2018-12-15 Wolves-Bournemouth,Bournemouth,34’,1:0,Steve Cook,,yellow_card
ENG-Premier League,1819,2018-12-15 Wolves-Bournemouth,Bournemouth,36’,1:0,Diego Rico,Tyrone Mings,substitute_in
ENG-Premier League,1819,2018-12-15 Wolves-Bournemouth,Bournemouth,39’,1:0,Jefferson Lerma,,yellow_card
ENG-Premier League,1819,2018-12-15 Wolves-Bournemouth,Wolverhampton Wanderers,46’,1:0,Hélder Costa,Diogo Jota,substitute_in
ENG-Premier League,1819,2018-12-15 Wolves-Bournemouth,Bournemouth,58’,1:0,Callum Wilson,Jordon Ibe,substitute_in
ENG-Premier League,1819,2018-12-15 Wolves-Bournemouth,Wolverhampton Wanderers,66’,1:0,Hélder Costa,,yellow_card
ENG-Premier League,1819,2018-12-15 Wolves-Bournemouth,Wolverhampton Wanderers,75’,1:0,Romain Saïss,Morgan Gibbs-White,substitute_in
ENG-Premier League,1819,2018-12-15 Wolves-Bournemouth,Bournemouth,80’,1:0,Lys Mousset,Junior Stanislas,substitute_in
ENG-Premier League,1819,2018-12-15 Wolves-Bournemouth,Wolverhampton Wanderers,89’,1:0,Ivan Cavaleiro,Raúl Jiménez,substitute_in
ENG-Premier League,1819,2018-12-15 Wolves-Bournemouth,Wolverhampton Wanderers,90+4’,2:0,Ivan Cavaleiro,Hélder Costa,goal
ENG-Premier League,1819,2019-01-29 Arsenal-Cardiff City,Arsenal,29’,0:0,Nacho Monreal,,yellow_card
ENG-Premier League,1819,2019-01-29 Arsenal-Cardiff City,Cardiff City,36’,0:0,Callum Paterson,,yellow_card
ENG-Premier League,1819,2019-01-29 Arsenal-Cardiff City,Arsenal,45+2’,0:0,Mattéo Guendouzi,,yellow_card
ENG-Premier League,1819,2019-01-29 Arsenal-Cardiff City,Arsenal,46’,0:0,Alex Iwobi,Mohamed Elneny,substitute_in
ENG-Premier League,1819,2019-01-29 Arsenal-Cardiff City,Arsenal,60’,0:0,Carl Jenkinson,Stephan Lichtsteiner,substitute_in
ENG-Premier League,1819,2019-01-29 Arsenal-Cardiff City,Cardiff City,63’,0:0,Harry Arter,,yellow_card
ENG-Premier League,1819,2019-01-29 Arsenal-Cardiff City,Arsenal,66’,1:0,Pierre-Emerick Aubameyang,,penalty_goal
ENG-Premier League,1819,2019-01-29 Arsenal-Cardiff City,Cardiff City,70’,1:0,Nathaniel Mendez-Laing,Bobby De Cordova-Reid,substitute_in
ENG-Premier League,1819,2019-01-29 Arsenal-Cardiff City,Cardiff City,73’,1:0,Kenneth Zohore,Oumar Niasse,substitute_in
ENG-Premier League,1819,2019-01-29 Arsenal-Cardiff City,Arsenal,76’,1:0,Aaron Ramsey,Mesut Özil,substitute_in
ENG-Premier League,1819,2019-01-29 Arsenal-Cardiff City,Arsenal,81’,1:0,Alexandre Lacazette,,yellow_card
ENG-Premier League,1819,2019-01-29 Arsenal-Cardiff City,Cardiff City,81’,1:0,Kadeem Harris,Harry Arter,substitute_in
ENG-Premier League,1819,2019-01-29 Arsenal-Cardiff City,Arsenal,83’,2:0,Alexandre Lacazette,Pierre-Emerick Aubameyang,goal
ENG-Premier League,1819,2019-01-29 Arsenal-Cardiff City,Cardiff City,90+3’,2:1,Nathaniel Mendez-Laing,Kenneth Zohore,goal
ENG-Premier League,1819,2019-01-29 Arsenal-Cardiff City,Cardiff City,90’,2:0,Joe Ralls,,yellow_card
ENG-Premier League,1819,2019-03-09 Southampton-Tottenham Hotspur,Southampton,10’,0:0,Oriol Romeu,,yellow_card
ENG-Premier League,1819,2019-03-09 Southampton-Tottenham Hotspur,Southampton,22’,0:0,Yan Valery,,yellow_card
ENG-Premier League,1819,2019-03-09 Southampton-Tottenham Hotspur,Tottenham Hotspur,26’,0:1,Harry Kane,Dele Alli,goal
ENG-Premier League,1819,2019-03-09 Southampton-Tottenham Hotspur,Southampton,46’,0:1,Shane Long,Oriol Romeu,substitute_in
ENG-Premier League,1819,2019-03-09 Southampton-Tottenham Hotspur,Southampton,46’,0:1,Josh Sims,Charlie Austin,substitute_in
ENG-Premier League,1819,2019-03-09 Southampton-Tottenham Hotspur,Tottenham Hotspur,72’,0:1,Son Heung-min,Lucas Moura,substitute_in
ENG-Premier League,1819,2019-03-09 Southampton-Tottenham Hotspur,Southampton,73’,0:1,Stuart Armstrong,Shane Long,substitute_in
ENG-Premier League,1819,2019-03-09 Southampton-Tottenham Hotspur,Southampton,76’,1:1,Yan Valery,Stuart Armstrong,goal
ENG-Premier League,1819,2019-03-09 Southampton-Tottenham Hotspur,Southampton,78’,1:1,Pierre Højbjerg,,yellow_card
ENG-Premier League,1819,2019-03-09 Southampton-Tottenham Hotspur,Tottenham Hotspur,79’,1:1,Kyle Walker-Peters,,yellow_card
ENG-Premier League,1819,2019-03-09 Southampton-Tottenham Hotspur,Southampton,81’,2:1,James Ward-Prowse,,goal
ENG-Premier League,1819,2019-03-09 Southampton-Tottenham Hotspur,Tottenham Hotspur,82’,2:1,Ben Davies,Danny Rose,substitute_in
ENG-Premier League,1819,2019-03-09 Southampton-Tottenham Hotspur,Tottenham Hotspur,82’,2:1,Fernando Llorente,Dele Alli,substitute_in
ENG-Premier League,1819,2019-03-09 Southampton-Tottenham Hotspur,Southampton,88’,2:1,Nathan Redmond,,yellow_card
ENG-Premier League,1819,2019-03-09 Southampton-Tottenham Hotspur,Tottenham Hotspur,88’,2:1,Moussa Sissoko,,yellow_card
ENG-Premier League,1819,2019-01-12 Cardiff City-Huddersfield Town,Huddersfield Town,10’,0:0,Christopher Schindler,,yellow_card
ENG-Premier League,1819,2019-01-12 Cardiff City-Huddersfield Town,Cardiff City,33’,0:0,Harry Arter,,yellow_card
ENG-Premier League,1819,2019-01-12 Cardiff City-Huddersfield Town,Cardiff City,64’,0:0,Joe Ralls,Víctor Camarasa,substitute_in
ENG-Premier League,1819,2019-01-12 Cardiff City-Huddersfield Town,Cardiff City,71’,0:0,Junior Hoilett,,yellow_card
ENG-Premier League,1819,2019-01-12 Cardiff City-Huddersfield Town,Cardiff City,73’,0:0,Rhys Healey,Nathaniel Mendez-Laing,substitute_in
ENG-Premier League,1819,2019-01-12 Cardiff City-Huddersfield Town,Huddersfield Town,73’,0:0,Isaac Mbenza,Alex Pritchard,substitute_in
ENG-Premier League,1819,2019-01-12 Cardiff City-Huddersfield Town,Cardiff City,82’,0:0,Joe Bennett,,yellow_card
ENG-Premier League,1819,2019-01-12 Cardiff City-Huddersfield Town,Huddersfield Town,87’,0:0,Laurent Depoitre,Steve Mounié,substitute_in
ENG-Premier League,1819,2018-12-01 Manchester City-Bournemouth,Manchester City,16’,1:0,Bernardo Silva,,goal
ENG-Premier League,1819,2018-12-01 Manchester City-Bournemouth,Bournemouth,44’,1:1,Callum Wilson,Simon Francis,goal
ENG-Premier League,1819,2018-12-01 Manchester City-Bournemouth,Manchester City,54’,1:1,Fabian Delph,Oleksandr Zinchenko,substitute_in
ENG-Premier League,1819,2018-12-01 Manchester City-Bournemouth,Manchester City,57’,2:1,Raheem Sterling,,goal
ENG-Premier League,1819,2018-12-01 Manchester City-Bournemouth,Bournemouth,72’,2:1,David Brooks,Ryan Fraser,substitute_in
ENG-Premier League,1819,2018-12-01 Manchester City-Bournemouth,Manchester City,77’,2:1,David Silva,Gabriel Jesus,substitute_in
ENG-Premier League,1819,2018-12-01 Manchester City-Bournemouth,Manchester City,79’,3:1,İlkay Gündoğan,Leroy Sané,goal
ENG-Premier League,1819,2018-12-01 Manchester City-Bournemouth,Bournemouth,85’,3:1,Junior Stanislas,Joshua King,substitute_in
ENG-Premier League,1819,2018-12-01 Manchester City-Bournemouth,Bournemouth,85’,3:1,Lys Mousset,Callum Wilson,substitute_in
ENG-Premier League,1819,2018-12-01 Manchester City-Bournemouth,Manchester City,87’,3:1,Riyad Mahrez,Bernardo Silva,substitute_in
ENG-Premier League,1819,2018-09-29 West Ham United-Manchester Utd,West Ham United,43’,2:0,Victor Lindelöf,,own_goal
ENG-Premier League,1819,2018-09-29 West Ham United-Manchester Utd,Manchester United,57’,2:0,Marcus Rashford,Victor Lindelöf,substitute_in
ENG-Premier League,1819,2018-09-29 West Ham United-Manchester Utd,West Ham United,5’,1:0,Felipe Anderson,Pablo Zabaleta,goal
ENG-Premier League,1819,2018-09-29 West Ham United-Manchester Utd,Manchester United,70’,2:0,Fred,Paul Pogba,substitute_in
ENG-Premier League,1819,2018-09-29 West Ham United-Manchester Utd,Manchester United,71’,2:0,Juan Mata,Anthony Martial,substitute_in
ENG-Premier League,1819,2018-09-29 West Ham United-Manchester Utd,Manchester United,71’,2:1,Marcus Rashford,Luke Shaw,goal
ENG-Premier League,1819,2018-09-29 West Ham United-Manchester Utd,West Ham United,72’,2:1,Robert Snodgrass,Andriy Yarmolenko,substitute_in
ENG-Premier League,1819,2018-09-29 West Ham United-Manchester Utd,West Ham United,74’,3:1,Marko Arnautović,Mark Noble,goal
ENG-Premier League,1819,2018-09-29 West Ham United-Manchester Utd,Manchester United,78’,3:1,Ashley Young,,yellow_card
ENG-Premier League,1819,2018-09-29 West Ham United-Manchester Utd,West Ham United,83’,3:1,Michail Antonio,Marko Arnautović,substitute_in
ENG-Premier League,1819,2018-09-29 West Ham United-Manchester Utd,West Ham United,90+3’,3:1,Grady Diangana,Felipe Anderson,substitute_in
ENG-Premier League,1819,2019-04-20 Wolves-Brighton,Brighton & Hove Albion,10’,0:0,Beram Kayal,Davy Pröpper,substitute_in
ENG-Premier League,1819,2019-04-20 Wolves-Brighton,Brighton & Hove Albion,32’,0:0,Dale Stephens,,yellow_card
ENG-Premier League,1819,2019-04-20 Wolves-Brighton,Wolverhampton Wanderers,67’,0:0,Rúben Vinagre,Jonny Castro,substitute_in
ENG-Premier League,1819,2019-04-20 Wolves-Brighton,Brighton & Hove Albion,70’,0:0,Bernardo,Bruno,substitute_in
ENG-Premier League,1819,2019-04-20 Wolves-Brighton,Wolverhampton Wanderers,73’,0:0,Leander Dendoncker,Morgan Gibbs-White,substitute_in
ENG-Premier League,1819,2019-04-20 Wolves-Brighton,Wolverhampton Wanderers,84’,0:0,Adama Traoré,Matt Doherty,substitute_in
ENG-Premier League,1819,2018-09-01 Manchester City-Newcastle United,Newcastle United,30’,1:1,DeAndre Yedlin,Salomón Rondón,goal
ENG-Premier League,1819,2018-09-01 Manchester City-Newcastle United,Manchester City,52’,2:1,Kyle Walker,Sergio Agüero,goal
ENG-Premier League,1819,2018-09-01 Manchester City-Newcastle United,Newcastle United,54’,2:1,Christian Atsu,Kenedy,substitute_in
ENG-Premier League,1819,2018-09-01 Manchester City-Newcastle United,Manchester City,58’,2:1,Bernardo Silva,Gabriel Jesus,substitute_in
ENG-Premier League,1819,2018-09-01 Manchester City-Newcastle United,Newcastle United,73’,2:1,Joselu,Salomón Rondón,substitute_in
ENG-Premier League,1819,2018-09-01 Manchester City-Newcastle United,Manchester City,76’,2:1,İlkay Gündoğan,Riyad Mahrez,substitute_in
ENG-Premier League,1819,2018-09-01 Manchester City-Newcastle United,Newcastle United,81’,2:1,Jacob Murphy,Ciaran Clark,substitute_in
ENG-Premier League,1819,2018-09-01 Manchester City-Newcastle United,Manchester City,89’,2:1,Vincent Kompany,David Silva,substitute_in
ENG-Premier League,1819,2018-09-01 Manchester City-Newcastle United,Manchester City,8’,1:0,Raheem Sterling,Benjamin Mendy,goal
ENG-Premier League,1819,2018-12-08 Bournemouth-Liverpool,Bournemouth,12’,0:0,Nathan Aké,,yellow_card
ENG-Premier League,1819,2018-12-08 Bournemouth-Liverpool,Bournemouth,15’,0:0,Jefferson Lerma,,yellow_card
ENG-Premier League,1819,2018-12-08 Bournemouth-Liverpool,Liverpool,25’,0:1,Mohamed Salah,,goal
ENG-Premier League,1819,2018-12-08 Bournemouth-Liverpool,Liverpool,48’,0:2,Mohamed Salah,Roberto Firmino,goal
ENG-Premier League,1819,2018-12-08 Bournemouth-Liverpool,Bournemouth,65’,0:2,Lys Mousset,David Brooks,substitute_in
ENG-Premier League,1819,2018-12-08 Bournemouth-Liverpool,Liverpool,65’,0:2,Adam Lallana,Naby Keïta,substitute_in
ENG-Premier League,1819,2018-12-08 Bournemouth-Liverpool,Liverpool,65’,0:2,Sadio Mané,Xherdan Shaqiri,substitute_in
ENG-Premier League,1819,2018-12-08 Bournemouth-Liverpool,Liverpool,68’,0:3,Steve Cook,,own_goal
ENG-Premier League,1819,2018-12-08 Bournemouth-Liverpool,Liverpool,70’,0:3,Fabinho,,yellow_card
ENG-Premier League,1819,2018-12-08 Bournemouth-Liverpool,Liverpool,77’,0:4,Mohamed Salah,,goal
ENG-Premier League,1819,2018-12-08 Bournemouth-Liverpool,Liverpool,81’,0:4,Jordan Henderson,Roberto Firmino,substitute_in
ENG-Premier League,1819,2018-12-08 Bournemouth-Liverpool,Bournemouth,83’,0:4,Tyrone Mings,Junior Stanislas,substitute_in
ENG-Premier League,1819,2018-12-08 Bournemouth-Liverpool,Bournemouth,83’,0:4,Diego Rico,Charlie Daniels,substitute_in
ENG-Premier League,1819,2018-11-05 Huddersfield Town-Fulham,Huddersfield Town,29’,1:0,Timothy Fosu-Mensah,,own_goal
ENG-Premier League,1819,2018-11-05 Huddersfield Town-Fulham,Fulham,34’,1:0,Timothy Fosu-Mensah,,yellow_card
ENG-Premier League,1819,2018-11-05 Huddersfield Town-Fulham,Fulham,46’,1:0,Cyrus Christie,Timothy Fosu-Mensah,substitute_in
ENG-Premier League,1819,2018-11-05 Huddersfield Town-Fulham,Fulham,46’,1:0,Kevin McDonald,Luciano Vietto,substitute_in
ENG-Premier League,1819,2018-11-05 Huddersfield Town-Fulham,Huddersfield Town,56’,1:0,Laurent Depoitre,Steve Mounié,substitute_in
ENG-Premier League,1819,2018-11-05 Huddersfield Town-Fulham,Fulham,65’,1:0,Stefan Johansen,Kevin McDonald,substitute_in
ENG-Premier League,1819,2018-11-05 Huddersfield Town-Fulham,Fulham,76’,1:0,Aleksandar Mitrović,,yellow_card
ENG-Premier League,1819,2018-11-05 Huddersfield Town-Fulham,Huddersfield Town,82’,1:0,Isaac Mbenza,Alex Pritchard,substitute_in
ENG-Premier League,1819,2018-11-05 Huddersfield Town-Fulham,Huddersfield Town,89’,1:0,Isaac Mbenza,,yellow_card
ENG-Premier League,1819,2018-11-05 Huddersfield Town-Fulham,Huddersfield Town,90’,1:0,Juninho Bacuna,Terence Kongolo,substitute_in
ENG-Premier League,1819,2019-01-19 Watford-Burnley,Watford,56’,0:0,Isaac Success,Ken Sema,substitute_in
ENG-Premier League,1819,2019-01-19 Watford-Burnley,Burnley,63’,0:0,Ben Mee,,yellow_card
ENG-Premier League,1819,2019-01-19 Watford-Burnley,Watford,77’,0:0,Miguel Britos,Kiko Femenía,substitute_in
ENG-Premier League,1819,2019-01-19 Watford-Burnley,Watford,79’,0:0,Gerard Deulofeu,,yellow_card
ENG-Premier League,1819,2019-01-19 Watford-Burnley,Burnley,82’,0:0,Phil Bardsley,,yellow_card
ENG-Premier League,1819,2018-09-15 Chelsea-Cardiff City,Cardiff City,16’,0:1,Sol Bamba,Sean Morrison,goal
ENG-Premier League,1819,2018-09-15 Chelsea-Cardiff City,Chelsea,37’,1:1,Eden Hazard,Olivier Giroud,goal
ENG-Premier League,1819,2018-09-15 Chelsea-Cardiff City,Chelsea,44’,2:1,Eden Hazard,Olivier Giroud,goal
ENG-Premier League,1819,2018-09-15 Chelsea-Cardiff City,Cardiff City,46’,2:1,Jazz Richards,Harry Arter,substitute_in
ENG-Premier League,1819,2018-09-15 Chelsea-Cardiff City,Chelsea,50’,2:1,Ross Barkley,Mateo Kovačić,substitute_in
ENG-Premier League,1819,2018-09-15 Chelsea-Cardiff City,Chelsea,68’,2:1,Willian,Pedro,substitute_in
ENG-Premier League,1819,2018-09-15 Chelsea-Cardiff City,Cardiff City,71’,2:1,Callum Paterson,Bobby De Cordova-Reid,substitute_in
ENG-Premier League,1819,2018-09-15 Chelsea-Cardiff City,Cardiff City,77’,2:1,Gary Madine,Danny Ward,substitute_in
ENG-Premier League,1819,2018-09-15 Chelsea-Cardiff City,Chelsea,80’,3:1,Eden Hazard,,penalty_goal
ENG-Premier League,1819,2018-09-15 Chelsea-Cardiff City,Chelsea,83’,4:1,Willian,,goal
ENG-Premier League,1819,2018-09-15 Chelsea-Cardiff City,Chelsea,84’,4:1,Davide Zappacosta,Eden Hazard,substitute_in
ENG-Premier League,1819,2019-05-03 Everton-Burnley,Everton,17’,1:0,Ben Mee,,own_goal
ENG-Premier League,1819,2019-05-03 Everton-Burnley,Everton,20’,2:0,Séamus Coleman,,goal
ENG-Premier League,1819,2019-05-03 Everton-Burnley,Burnley,37’,2:0,Ashley Westwood,,yellow_card
ENG-Premier League,1819,2019-05-03 Everton-Burnley,Everton,49’,2:0,Theo Walcott,Richarlison,substitute_in
ENG-Premier League,1819,2019-05-03 Everton-Burnley,Burnley,69’,2:0,Dwight McNeil,Jóhann Berg Guðmundsson,substitute_in
ENG-Premier League,1819,2019-05-03 Everton-Burnley,Burnley,72’,2:0,Matěj Vydra,Ashley Barnes,substitute_in
ENG-Premier League,1819,2019-05-03 Everton-Burnley,Everton,73’,2:0,Ademola Lookman,Bernard,substitute_in
ENG-Premier League,1819,2019-05-03 Everton-Burnley,Burnley,80’,2:0,James Tarkowski,,yellow_card
ENG-Premier League,1819,2019-05-03 Everton-Burnley,Burnley,80’,2:0,Jeff Hendrick,Robbie Brady,substitute_in
ENG-Premier League,1819,2019-05-03 Everton-Burnley,Everton,90+1’,2:0,Phil Jagielka,Gylfi Sigurðsson,substitute_in
ENG-Premier League,1819,2019-03-02 Burnley-Crystal Palace,Crystal Palace,15’,0:1,Phil Bardsley,,own_goal
ENG-Premier League,1819,2019-03-02 Burnley-Crystal Palace,Burnley,38’,0:1,Ben Mee,,yellow_card
ENG-Premier League,1819,2019-03-02 Burnley-Crystal Palace,Burnley,46’,0:1,Jóhann Berg Guðmundsson,Jeff Hendrick,substitute_in
ENG-Premier League,1819,2019-03-02 Burnley-Crystal Palace,Crystal Palace,48’,0:2,Michy Batshuayi,Aaron Wan-Bissaka,goal
ENG-Premier League,1819,2019-03-02 Burnley-Crystal Palace,Crystal Palace,65’,0:2,James Tomkins,,yellow_card
ENG-Premier League,1819,2019-03-02 Burnley-Crystal Palace,Crystal Palace,69’,0:2,Max Meyer,,yellow_card
ENG-Premier League,1819,2019-03-02 Burnley-Crystal Palace,Crystal Palace,71’,0:2,James McArthur,Max Meyer,substitute_in
ENG-Premier League,1819,2019-03-02 Burnley-Crystal Palace,Burnley,72’,0:2,Robbie Brady,Dwight McNeil,substitute_in
ENG-Premier League,1819,2019-03-02 Burnley-Crystal Palace,Crystal Palace,76’,0:3,Wilfried Zaha,Cheikhou Kouyaté,goal
ENG-Premier League,1819,2019-03-02 Burnley-Crystal Palace,Crystal Palace,79’,0:3,Andros Townsend,Wilfried Zaha,substitute_in
ENG-Premier League,1819,2019-03-02 Burnley-Crystal Palace,Burnley,81’,0:3,Peter Crouch,Chris Wood,substitute_in
ENG-Premier League,1819,2019-03-02 Burnley-Crystal Palace,Crystal Palace,83’,0:3,Christian Benteke,Michy Batshuayi,substitute_in
ENG-Premier League,1819,2019-03-02 Burnley-Crystal Palace,Burnley,90’,1:3,Ashley Barnes,Ashley Westwood,goal
ENG-Premier League,1819,2018-08-12 Liverpool-West Ham United,Liverpool,19’,1:0,Mohamed Salah,Andrew Robertson,goal
ENG-Premier League,1819,2018-08-12 Liverpool-West Ham United,Liverpool,21’,1:0,Trent Alexander-Arnold,,yellow_card
ENG-Premier League,1819,2018-08-12 Liverpool-West Ham United,Liverpool,45+2’,2:0,Sadio Mané,James Milner,goal
ENG-Premier League,1819,2018-08-12 Liverpool-West Ham United,West Ham United,46’,2:0,Robert Snodgrass,Declan Rice,substitute_in
ENG-Premier League,1819,2018-08-12 Liverpool-West Ham United,West Ham United,52’,2:0,Michail Antonio,,yellow_card
ENG-Premier League,1819,2018-08-12 Liverpool-West Ham United,Liverpool,53’,3:0,Sadio Mané,Roberto Firmino,goal
ENG-Premier League,1819,2018-08-12 Liverpool-West Ham United,West Ham United,55’,3:0,Fabián Balbuena,,yellow_card
ENG-Premier League,1819,2018-08-12 Liverpool-West Ham United,West Ham United,62’,3:0,Javier Hernández,Felipe Anderson,substitute_in
ENG-Premier League,1819,2018-08-12 Liverpool-West Ham United,West Ham United,67’,3:0,Andriy Yarmolenko,Marko Arnautović,substitute_in
ENG-Premier League,1819,2018-08-12 Liverpool-West Ham United,Liverpool,69’,3:0,Jordan Henderson,Roberto Firmino,substitute_in
ENG-Premier League,1819,2018-08-12 Liverpool-West Ham United,Liverpool,82’,3:0,Xherdan Shaqiri,Sadio Mané,substitute_in
ENG-Premier League,1819,2018-08-12 Liverpool-West Ham United,Liverpool,87’,3:0,Daniel Sturridge,Mohamed Salah,substitute_in
ENG-Premier League,1819,2018-08-12 Liverpool-West Ham United,Liverpool,88’,4:0,Daniel Sturridge,,goal
ENG-Premier League,1819,2019-02-23 Newcastle United-Huddersfield Town,Huddersfield Town,20’,0:0,Tommy Smith,,red_card
ENG-Premier League,1819,2019-02-23 Newcastle United-Huddersfield Town,Huddersfield Town,24’,0:0,Florent Hadergjonaj,Jason Puncheon,substitute_in
ENG-Premier League,1819,2019-02-23 Newcastle United-Huddersfield Town,Newcastle United,27’,0:0,DeAndre Yedlin,,yellow_card
ENG-Premier League,1819,2019-02-23 Newcastle United-Huddersfield Town,Newcastle United,46’,1:0,Salomón Rondón,Isaac Hayden,goal
ENG-Premier League,1819,2019-02-23 Newcastle United-Huddersfield Town,Newcastle United,52’,2:0,Ayoze Pérez,Salomón Rondón,goal
ENG-Premier League,1819,2019-02-23 Newcastle United-Huddersfield Town,Newcastle United,57’,2:0,Matt Ritchie,,yellow_card
ENG-Premier League,1819,2019-02-23 Newcastle United-Huddersfield Town,Newcastle United,68’,2:0,Kenedy,Matt Ritchie,substitute_in
ENG-Premier League,1819,2019-02-23 Newcastle United-Huddersfield Town,Huddersfield Town,69’,2:0,Philip Billing,Juninho Bacuna,substitute_in
ENG-Premier League,1819,2019-02-23 Newcastle United-Huddersfield Town,Huddersfield Town,76’,2:0,Steve Mounié,Laurent Depoitre,substitute_in
ENG-Premier League,1819,2019-02-23 Newcastle United-Huddersfield Town,Newcastle United,81’,2:0,Christian Atsu,Miguel Almirón,substitute_in
ENG-Premier League,1819,2019-02-23 Newcastle United-Huddersfield Town,Newcastle United,84’,2:0,Joselu,Salomón Rondón,substitute_in
ENG-Premier League,1819,2019-01-12 Leicester City-Southampton,Southampton,11’,0:1,James Ward-Prowse,,penalty_goal
ENG-Premier League,1819,2019-01-12 Leicester City-Southampton,Leicester City,20’,0:1,James Maddison,,yellow_card
ENG-Premier League,1819,2019-01-12 Leicester City-Southampton,Southampton,34’,0:1,Yan Valery,,yellow_card
ENG-Premier League,1819,2019-01-12 Leicester City-Southampton,Leicester City,35’,0:1,Ben Chilwell,,yellow_card
ENG-Premier League,1819,2019-01-12 Leicester City-Southampton,Southampton,45+2’,0:2,Shane Long,,goal
ENG-Premier League,1819,2019-01-12 Leicester City-Southampton,Southampton,45’,0:1,Yan Valery,,yellow_red_card
ENG-Premier League,1819,2019-01-12 Leicester City-Southampton,Leicester City,46’,0:2,Harvey Barnes,Nampalys Mendy,substitute_in
ENG-Premier League,1819,2019-01-12 Leicester City-Southampton,Leicester City,46’,0:2,Demarai Gray,Marc Albrighton,substitute_in
ENG-Premier League,1819,2019-01-12 Leicester City-Southampton,Southampton,54’,0:2,Jack Stephens,,yellow_card
ENG-Premier League,1819,2019-01-12 Leicester City-Southampton,Southampton,57’,0:2,Cédric Soares,Stuart Armstrong,substitute_in
ENG-Premier League,1819,2019-01-12 Leicester City-Southampton,Leicester City,58’,1:2,Wilfred Ndidi,Ricardo Pereira,goal
ENG-Premier League,1819,2019-01-12 Leicester City-Southampton,Leicester City,76’,1:2,Rachid Ghezzal,Hamza Choudhury,substitute_in
ENG-Premier League,1819,2019-01-12 Leicester City-Southampton,Southampton,76’,1:2,Callum Slattery,Shane Long,substitute_in
ENG-Premier League,1819,2019-01-12 Leicester City-Southampton,Southampton,90+3’,1:2,Sam Gallagher,Nathan Redmond,substitute_in
ENG-Premier League,1819,2018-10-20 Cardiff City-Fulham,Fulham,11’,0:1,André Schürrle,Jean Seri,goal
ENG-Premier League,1819,2018-10-20 Cardiff City-Fulham,Cardiff City,15’,1:1,Josh Murphy,Sol Bamba,goal
ENG-Premier League,1819,2018-10-20 Cardiff City-Fulham,Fulham,19’,1:1,Calum Chambers,,yellow_card
ENG-Premier League,1819,2018-10-20 Cardiff City-Fulham,Cardiff City,20’,2:1,Bobby De Cordova-Reid,,goal
ENG-Premier League,1819,2018-10-20 Cardiff City-Fulham,Cardiff City,33’,2:1,Aron Gunnarsson,,yellow_card
ENG-Premier League,1819,2018-10-20 Cardiff City-Fulham,Fulham,34’,2:2,Ryan Sessegnon,Aleksandar Mitrović,goal
ENG-Premier League,1819,2018-10-20 Cardiff City-Fulham,Fulham,36’,2:2,Kevin McDonald,,yellow_card
ENG-Premier League,1819,2018-10-20 Cardiff City-Fulham,Fulham,45+3’,2:2,Stefan Johansen,,yellow_card
ENG-Premier League,1819,2018-10-20 Cardiff City-Fulham,Fulham,46’,2:2,Alfie Mawson,Calum Chambers,substitute_in
ENG-Premier League,1819,2018-10-20 Cardiff City-Fulham,Fulham,58’,2:2,Floyd Ayité,Jean Seri,substitute_in
ENG-Premier League,1819,2018-10-20 Cardiff City-Fulham,Cardiff City,65’,3:2,Callum Paterson,Bobby De Cordova-Reid,goal
ENG-Premier League,1819,2018-10-20 Cardiff City-Fulham,Cardiff City,68’,3:2,Sean Morrison,,yellow_card
ENG-Premier League,1819,2018-10-20 Cardiff City-Fulham,Cardiff City,77’,3:2,Jazz Richards,Aron Gunnarsson,substitute_in
ENG-Premier League,1819,2018-10-20 Cardiff City-Fulham,Cardiff City,78’,3:2,Sol Bamba,,yellow_card
ENG-Premier League,1819,2018-10-20 Cardiff City-Fulham,Fulham,82’,3:2,Luciano Vietto,Stefan Johansen,substitute_in
ENG-Premier League,1819,2018-10-20 Cardiff City-Fulham,Cardiff City,82’,3:2,Kadeem Harris,Josh Murphy,substitute_in
ENG-Premier League,1819,2018-10-20 Cardiff City-Fulham,Cardiff City,86’,3:2,Loïc Damour,Harry Arter,substitute_in
ENG-Premier League,1819,2018-10-20 Cardiff City-Fulham,Cardiff City,87’,4:2,Kadeem Harris,Víctor Camarasa,goal
ENG-Premier League,1819,2018-12-22 Arsenal-Burnley,Arsenal,14’,1:0,Pierre-Emerick Aubameyang,Sead Kolašinac,goal
ENG-Premier League,1819,2018-12-22 Arsenal-Burnley,Burnley,36’,1:0,Ashley Barnes,,yellow_card
ENG-Premier League,1819,2018-12-22 Arsenal-Burnley,Arsenal,37’,1:0,Stephan Lichtsteiner,Nacho Monreal,substitute_in
ENG-Premier League,1819,2018-12-22 Arsenal-Burnley,Arsenal,41’,1:0,Sokratis Papastathopoulos,,yellow_card
ENG-Premier League,1819,2018-12-22 Arsenal-Burnley,Burnley,47’,1:0,Chris Wood,,yellow_card
ENG-Premier League,1819,2018-12-22 Arsenal-Burnley,Arsenal,48’,2:0,Pierre-Emerick Aubameyang,Alexandre Lacazette,goal
ENG-Premier League,1819,2018-12-22 Arsenal-Burnley,Arsenal,59’,2:0,Mattéo Guendouzi,,yellow_card
ENG-Premier League,1819,2018-12-22 Arsenal-Burnley,Arsenal,59’,2:0,Lucas Torreira,Mohamed Elneny,substitute_in
ENG-Premier League,1819,2018-12-22 Arsenal-Burnley,Burnley,60’,2:0,Ben Mee,,yellow_card
ENG-Premier League,1819,2018-12-22 Arsenal-Burnley,Burnley,60’,2:0,Jack Cork,,yellow_card
ENG-Premier League,1819,2018-12-22 Arsenal-Burnley,Burnley,63’,2:1,Ashley Barnes,Kevin Long,goal
ENG-Premier League,1819,2018-12-22 Arsenal-Burnley,Burnley,77’,2:1,Sam Vokes,Ashley Barnes,substitute_in
ENG-Premier League,1819,2018-12-22 Arsenal-Burnley,Burnley,77’,2:1,Matěj Vydra,Chris Wood,substitute_in
ENG-Premier League,1819,2018-12-22 Arsenal-Burnley,Arsenal,78’,2:1,Alex Iwobi,Alexandre Lacazette,substitute_in
ENG-Premier League,1819,2018-12-22 Arsenal-Burnley,Burnley,83’,2:1,Matthew Lowton,Phil Bardsley,substitute_in
ENG-Premier League,1819,2018-12-22 Arsenal-Burnley,Arsenal,90+1’,3:1,Alex Iwobi,,goal
ENG-Premier League,1819,2018-12-22 Arsenal-Burnley,Burnley,90+1’,3:1,Ashley Westwood,,yellow_card
