league,season,game,team,minute,score,player1,player2,event_type
ENG-Premier League,1920,2020-01-21 Crystal Palace-Southampton,Southampton,21’,0:0,Oriol Romeu,Cédric Soares,substitute_in
ENG-Premier League,1920,2020-01-21 Crystal Palace-Southampton,Southampton,22’,0:1,Nathan Redmond,Jack Stephens,goal
ENG-Premier League,1920,2020-01-21 Crystal Palace-Southampton,Southampton,48’,0:2,Stuart Armstrong,Nathan Redmond,goal
ENG-Premier League,1920,2020-01-21 Crystal Palace-Southampton,Crystal Palace,62’,0:2,Joel Ward,Martin Kelly,substitute_in
ENG-Premier League,1920,2020-01-21 Crystal Palace-Southampton,Crystal Palace,62’,0:2,Max Meyer,Cheikhou Kouyaté,substitute_in
ENG-Premier League,1920,2020-01-21 Crystal Palace-Southampton,Crystal Palace,69’,0:2,Connor Wickham,Cenk Tosun,substitute_in
ENG-Premier League,1920,2020-01-21 Crystal Palace-Southampton,Southampton,70’,0:2,Danny Ings,Shane Long,substitute_in
ENG-Premier League,1920,2020-01-21 Crystal Palace-Southampton,Southampton,71’,0:2,Oriol Romeu,,yellow_card
ENG-Premier League,1920,2020-01-21 Crystal Palace-Southampton,Crystal Palace,74’,0:2,James Tomkins,,yellow_card
ENG-Premier League,1920,2020-01-21 Crystal Palace-Southampton,Southampton,74’,0:2,Nathan Redmond,,yellow_card
ENG-Premier League,1920,2020-01-21 Crystal Palace-Southampton,Southampton,84’,0:2,Che Adams,Michael Obafemi,substitute_in
ENG-Premier League,1920,2019-12-26 Aston Villa-Norwich City,Norwich City,35’,0:0,Alexander Tettey,,yellow_card
ENG-Premier League,1920,2019-12-26 Aston Villa-Norwich City,Norwich City,42’,0:0,Teemu Pukki,,yellow_card
ENG-Premier League,1920,2019-12-26 Aston Villa-Norwich City,Aston Villa,56’,0:0,Conor Hourihane,Marvelous Nakamba,substitute_in
ENG-Premier League,1920,2019-12-26 Aston Villa-Norwich City,Aston Villa,64’,1:0,Conor Hourihane,Jack Grealish,goal
ENG-Premier League,1920,2019-12-26 Aston Villa-Norwich City,Norwich City,74’,1:0,Tom Trybull,,yellow_card
ENG-Premier League,1920,2019-12-26 Aston Villa-Norwich City,Norwich City,75’,1:0,Marco Stiepermann,Alexander Tettey,substitute_in
ENG-Premier League,1920,2019-12-26 Aston Villa-Norwich City,Norwich City,75’,1:0,Mario Vrančić,Tom Trybull,substitute_in
ENG-Premier League,1920,2019-12-26 Aston Villa-Norwich City,Norwich City,76’,1:0,Onel Hernández,Emi Buendía,substitute_in
ENG-Premier League,1920,2019-12-26 Aston Villa-Norwich City,Aston Villa,84’,1:0,Jota,Trézéguet,substitute_in
ENG-Premier League,1920,2019-12-26 Aston Villa-Norwich City,Aston Villa,88’,1:0,Wesley Moraes,,yellow_card
ENG-Premier League,1920,2019-12-26 Aston Villa-Norwich City,Aston Villa,89’,1:0,Douglas Luiz,,yellow_card
ENG-Premier League,1920,2019-12-26 Aston Villa-Norwich City,Aston Villa,90+2’,1:0,Henri Lansbury,Anwar El Ghazi,substitute_in
ENG-Premier League,1920,2019-11-10 Manchester Utd-Brighton,Manchester United,17’,1:0,Andreas Pereira,Anthony Martial,goal
ENG-Premier League,1920,2019-11-10 Manchester Utd-Brighton,Manchester United,19’,2:0,Scott McTominay,Harry Maguire,goal
ENG-Premier League,1920,2019-11-10 Manchester Utd-Brighton,Brighton & Hove Albion,19’,1:0,Lewis Dunk,,yellow_card
ENG-Premier League,1920,2019-11-10 Manchester Utd-Brighton,Brighton & Hove Albion,30’,2:0,Martín Montoya,,yellow_card
ENG-Premier League,1920,2019-11-10 Manchester Utd-Brighton,Brighton & Hove Albion,45+2’,2:0,Dan Burn,,yellow_card
ENG-Premier League,1920,2019-11-10 Manchester Utd-Brighton,Manchester United,45’,2:0,Marcus Rashford,,yellow_card
ENG-Premier League,1920,2019-11-10 Manchester Utd-Brighton,Brighton & Hove Albion,46’,2:0,Solly March,Martín Montoya,substitute_in
ENG-Premier League,1920,2019-11-10 Manchester Utd-Brighton,Brighton & Hove Albion,46’,2:0,Glenn Murray,Aaron Connolly,substitute_in
ENG-Premier League,1920,2019-11-10 Manchester Utd-Brighton,Manchester United,58’,2:0,Brandon Williams,,yellow_card
ENG-Premier League,1920,2019-11-10 Manchester Utd-Brighton,Brighton & Hove Albion,59’,2:0,Pascal Groß,Leandro Trossard,substitute_in
ENG-Premier League,1920,2019-11-10 Manchester Utd-Brighton,Brighton & Hove Albion,5’,0:0,Dale Stephens,,yellow_card
ENG-Premier League,1920,2019-11-10 Manchester Utd-Brighton,Brighton & Hove Albion,64’,2:1,Lewis Dunk,Pascal Groß,goal
ENG-Premier League,1920,2019-11-10 Manchester Utd-Brighton,Manchester United,66’,3:1,Marcus Rashford,Anthony Martial,goal
ENG-Premier League,1920,2019-11-10 Manchester Utd-Brighton,Manchester United,70’,3:1,Jesse Lingard,Andreas Pereira,substitute_in
ENG-Premier League,1920,2019-11-10 Manchester Utd-Brighton,Brighton & Hove Albion,74’,3:1,Davy Pröpper,,yellow_card
ENG-Premier League,1920,2019-11-10 Manchester Utd-Brighton,Manchester United,90+1’,3:1,Marcos Rojo,Marcus Rashford,substitute_in
ENG-Premier League,1920,2019-11-10 Manchester Utd-Brighton,Manchester United,90+1’,3:1,Mason Greenwood,Brandon Williams,substitute_in
ENG-Premier League,1920,2019-09-22 Chelsea-Liverpool,Liverpool,14’,0:1,Trent Alexander-Arnold,Mohamed Salah,goal
ENG-Premier League,1920,2019-09-22 Chelsea-Liverpool,Chelsea,15’,0:1,Marcos Alonso,Emerson Palmieri,substitute_in
ENG-Premier League,1920,2019-09-22 Chelsea-Liverpool,Chelsea,20’,0:1,Fikayo Tomori,,yellow_card
ENG-Premier League,1920,2019-09-22 Chelsea-Liverpool,Liverpool,30’,0:2,Roberto Firmino,Andrew Robertson,goal
ENG-Premier League,1920,2019-09-22 Chelsea-Liverpool,Chelsea,42’,0:2,Kurt Zouma,Andreas Christensen,substitute_in
ENG-Premier League,1920,2019-09-22 Chelsea-Liverpool,Liverpool,57’,0:2,Trent Alexander-Arnold,,yellow_card
ENG-Premier League,1920,2019-09-22 Chelsea-Liverpool,Chelsea,71’,1:2,N'Golo Kanté,César Azpilicueta,goal
ENG-Premier League,1920,2019-09-22 Chelsea-Liverpool,Liverpool,71’,0:2,James Milner,Sadio Mané,substitute_in
ENG-Premier League,1920,2019-09-22 Chelsea-Liverpool,Chelsea,77’,1:2,Michy Batshuayi,Tammy Abraham,substitute_in
ENG-Premier League,1920,2019-09-22 Chelsea-Liverpool,Liverpool,78’,1:2,Fabinho,,yellow_card
ENG-Premier League,1920,2019-09-22 Chelsea-Liverpool,Chelsea,84’,1:2,Mateo Kovačić,,yellow_card
ENG-Premier League,1920,2019-09-22 Chelsea-Liverpool,Liverpool,84’,1:2,Adam Lallana,Jordan Henderson,substitute_in
ENG-Premier League,1920,2019-09-22 Chelsea-Liverpool,Liverpool,86’,1:2,James Milner,,yellow_card
ENG-Premier League,1920,2019-09-22 Chelsea-Liverpool,Liverpool,90+2’,1:2,Joe Gomez,Mohamed Salah,substitute_in
ENG-Premier League,1920,2019-09-22 Chelsea-Liverpool,Chelsea,90+4’,1:2,Marcos Alonso,,yellow_card
ENG-Premier League,1920,2020-01-18 Arsenal-Sheffield United,Arsenal,45’,1:0,Gabriel Martinelli,,goal
ENG-Premier League,1920,2020-01-18 Arsenal-Sheffield United,Sheffield United,4’,0:0,Oliver Norwood,,yellow_card
ENG-Premier League,1920,2020-01-18 Arsenal-Sheffield United,Sheffield United,51’,1:0,George Baldock,,yellow_card
ENG-Premier League,1920,2020-01-18 Arsenal-Sheffield United,Sheffield United,56’,1:0,Billy Sharp,Lys Mousset,substitute_in
ENG-Premier League,1920,2020-01-18 Arsenal-Sheffield United,Sheffield United,67’,1:0,Callum Robinson,John Lundstram,substitute_in
ENG-Premier League,1920,2020-01-18 Arsenal-Sheffield United,Arsenal,74’,1:0,Eddie Nketiah,Alexandre Lacazette,substitute_in
ENG-Premier League,1920,2020-01-18 Arsenal-Sheffield United,Sheffield United,76’,1:0,Muhamed Bešić,Chris Basham,substitute_in
ENG-Premier League,1920,2020-01-18 Arsenal-Sheffield United,Sheffield United,83’,1:1,John Fleck,,goal
ENG-Premier League,1920,2020-01-18 Arsenal-Sheffield United,Arsenal,90+1’,1:1,Granit Xhaka,,yellow_card
ENG-Premier League,1920,2020-03-08 Manchester Utd-Manchester City,Manchester City,29’,0:0,Fernandinho,,yellow_card
ENG-Premier League,1920,2020-03-08 Manchester Utd-Manchester City,Manchester United,30’,1:0,Anthony Martial,Bruno Fernandes,goal
ENG-Premier League,1920,2020-03-08 Manchester Utd-Manchester City,Manchester City,30’,1:0,Rodri,,yellow_card
ENG-Premier League,1920,2020-03-08 Manchester Utd-Manchester City,Manchester United,42’,1:0,Fred,,yellow_card
ENG-Premier League,1920,2020-03-08 Manchester Utd-Manchester City,Manchester City,59’,1:0,João Cancelo,,yellow_card
ENG-Premier League,1920,2020-03-08 Manchester Utd-Manchester City,Manchester City,59’,1:0,Riyad Mahrez,Bernardo Silva,substitute_in
ENG-Premier League,1920,2020-03-08 Manchester Utd-Manchester City,Manchester City,59’,1:0,Gabriel Jesus,Sergio Agüero,substitute_in
ENG-Premier League,1920,2020-03-08 Manchester Utd-Manchester City,Manchester City,77’,1:0,Benjamin Mendy,Oleksandr Zinchenko,substitute_in
ENG-Premier League,1920,2020-03-08 Manchester Utd-Manchester City,Manchester United,78’,1:0,Eric Bailly,Brandon Williams,substitute_in
ENG-Premier League,1920,2020-03-08 Manchester Utd-Manchester City,Manchester United,78’,1:0,Scott McTominay,Anthony Martial,substitute_in
ENG-Premier League,1920,2020-03-08 Manchester Utd-Manchester City,Manchester United,88’,1:0,Odion Ighalo,Bruno Fernandes,substitute_in
ENG-Premier League,1920,2020-03-08 Manchester Utd-Manchester City,Manchester United,90+5’,1:0,Harry Maguire,,yellow_card
ENG-Premier League,1920,2020-03-08 Manchester Utd-Manchester City,Manchester United,90+6’,2:0,Scott McTominay,,goal
ENG-Premier League,1920,2020-03-08 Manchester Utd-Manchester City,Manchester City,90+8’,2:0,Gabriel Jesus,,yellow_card
ENG-Premier League,1920,2019-10-06 Manchester City-Wolves,Wolverhampton Wanderers,13’,0:0,Ryan Bennett,Romain Saïss,substitute_in
ENG-Premier League,1920,2019-10-06 Manchester City-Wolves,Manchester City,46’,0:0,Oleksandr Zinchenko,Kyle Walker,substitute_in
ENG-Premier League,1920,2019-10-06 Manchester City-Wolves,Manchester City,50’,0:0,João Cancelo,,yellow_card
ENG-Premier League,1920,2019-10-06 Manchester City-Wolves,Manchester City,50’,0:0,Rodri,,yellow_card
ENG-Premier League,1920,2019-10-06 Manchester City-Wolves,Manchester City,60’,0:0,Bernardo Silva,Riyad Mahrez,substitute_in
ENG-Premier League,1920,2019-10-06 Manchester City-Wolves,Manchester City,62’,0:0,Ederson,,yellow_card
ENG-Premier League,1920,2019-10-06 Manchester City-Wolves,Wolverhampton Wanderers,68’,0:0,Matt Doherty,Patrick Cutrone,substitute_in
ENG-Premier League,1920,2019-10-06 Manchester City-Wolves,Manchester City,71’,0:0,İlkay Gündoğan,,yellow_card
ENG-Premier League,1920,2019-10-06 Manchester City-Wolves,Wolverhampton Wanderers,74’,0:0,Jonny Castro,Rúben Vinagre,substitute_in
ENG-Premier League,1920,2019-10-06 Manchester City-Wolves,Manchester City,75’,0:0,Gabriel Jesus,David Silva,substitute_in
ENG-Premier League,1920,2019-10-06 Manchester City-Wolves,Manchester City,76’,0:0,Fernandinho,,yellow_card
ENG-Premier League,1920,2019-10-06 Manchester City-Wolves,Wolverhampton Wanderers,80’,0:1,Adama Traoré,Raúl Jiménez,goal
ENG-Premier League,1920,2019-10-06 Manchester City-Wolves,Wolverhampton Wanderers,84’,0:1,Rúben Neves,,yellow_card
ENG-Premier League,1920,2019-10-06 Manchester City-Wolves,Wolverhampton Wanderers,86’,0:1,João Moutinho,,yellow_card
ENG-Premier League,1920,2019-10-06 Manchester City-Wolves,Wolverhampton Wanderers,90+4’,0:2,Adama Traoré,Raúl Jiménez,goal
ENG-Premier League,1920,2019-12-26 Crystal Palace-West Ham United,West Ham United,57’,0:1,Robert Snodgrass,Michail Antonio,goal
ENG-Premier League,1920,2019-12-26 Crystal Palace-West Ham United,West Ham United,58’,0:1,Manuel Lanzini,Pablo Fornals,substitute_in
ENG-Premier League,1920,2019-12-26 Crystal Palace-West Ham United,Crystal Palace,65’,0:1,Jaïro Riedewald,Patrick van Aanholt,substitute_in
ENG-Premier League,1920,2019-12-26 Crystal Palace-West Ham United,Crystal Palace,68’,1:1,Cheikhou Kouyaté,Jordan Ayew,goal
ENG-Premier League,1920,2019-12-26 Crystal Palace-West Ham United,Crystal Palace,75’,1:1,Connor Wickham,Max Meyer,substitute_in
ENG-Premier League,1920,2019-12-26 Crystal Palace-West Ham United,West Ham United,75’,1:1,Felipe Anderson,Sébastien Haller,substitute_in
ENG-Premier League,1920,2019-12-26 Crystal Palace-West Ham United,Crystal Palace,88’,1:1,James McCarthy,Cheikhou Kouyaté,substitute_in
ENG-Premier League,1920,2019-12-26 Crystal Palace-West Ham United,West Ham United,89’,1:1,Pablo Zabaleta,,yellow_card
ENG-Premier League,1920,2019-12-26 Crystal Palace-West Ham United,West Ham United,90+1’,2:1,Albian Ajeti,Robert Snodgrass,substitute_in
ENG-Premier League,1920,2019-12-26 Crystal Palace-West Ham United,West Ham United,90+3’,2:1,Aaron Cresswell,,yellow_card
ENG-Premier League,1920,2019-12-26 Crystal Palace-West Ham United,Crystal Palace,90’,2:1,Jordan Ayew,Connor Wickham,goal
ENG-Premier League,1920,2019-10-27 Arsenal-Crystal Palace,Crystal Palace,32’,2:1,Luka Milivojević,,penalty_goal
ENG-Premier League,1920,2019-10-27 Arsenal-Crystal Palace,Arsenal,51’,2:1,Calum Chambers,,yellow_card
ENG-Premier League,1920,2019-10-27 Arsenal-Crystal Palace,Crystal Palace,52’,2:2,Jordan Ayew,James McArthur,goal
ENG-Premier League,1920,2019-10-27 Arsenal-Crystal Palace,Arsenal,61’,2:2,Bukayo Saka,Granit Xhaka,substitute_in
ENG-Premier League,1920,2019-10-27 Arsenal-Crystal Palace,Arsenal,75’,2:2,Sead Kolašinac,Kieran Tierney,substitute_in
ENG-Premier League,1920,2019-10-27 Arsenal-Crystal Palace,Arsenal,7’,1:0,Sokratis Papastathopoulos,Granit Xhaka,goal
ENG-Premier League,1920,2019-10-27 Arsenal-Crystal Palace,Crystal Palace,81’,2:2,Christian Benteke,Jordan Ayew,substitute_in
ENG-Premier League,1920,2019-10-27 Arsenal-Crystal Palace,Crystal Palace,90+4’,2:2,James McCarthy,Cheikhou Kouyaté,substitute_in
ENG-Premier League,1920,2019-10-27 Arsenal-Crystal Palace,Arsenal,90+7’,2:2,Mattéo Guendouzi,,yellow_card
ENG-Premier League,1920,2019-10-27 Arsenal-Crystal Palace,Arsenal,9’,2:0,David Luiz,,goal
ENG-Premier League,1920,2019-10-06 Southampton-Chelsea,Chelsea,12’,0:0,Jorginho,,yellow_card
ENG-Premier League,1920,2019-10-06 Southampton-Chelsea,Chelsea,17’,0:1,Tammy Abraham,Callum Hudson-Odoi,goal
ENG-Premier League,1920,2019-10-06 Southampton-Chelsea,Chelsea,24’,0:2,Mason Mount,Willian,goal
ENG-Premier League,1920,2019-10-06 Southampton-Chelsea,Southampton,30’,1:2,Danny Ings,,goal
ENG-Premier League,1920,2019-10-06 Southampton-Chelsea,Chelsea,40’,1:3,N'Golo Kanté,Marcos Alonso,goal
ENG-Premier League,1920,2019-10-06 Southampton-Chelsea,Southampton,73’,1:3,Michael Obafemi,Shane Long,substitute_in
ENG-Premier League,1920,2019-10-06 Southampton-Chelsea,Chelsea,80’,1:3,Mateo Kovačić,Mason Mount,substitute_in
ENG-Premier League,1920,2019-10-06 Southampton-Chelsea,Chelsea,80’,1:3,Christian Pulisic,Callum Hudson-Odoi,substitute_in
ENG-Premier League,1920,2019-10-06 Southampton-Chelsea,Southampton,81’,1:3,Sofiane Boufal,Nathan Redmond,substitute_in
ENG-Premier League,1920,2019-10-06 Southampton-Chelsea,Southampton,81’,1:3,Che Adams,Danny Ings,substitute_in
ENG-Premier League,1920,2019-10-06 Southampton-Chelsea,Chelsea,84’,1:3,Michy Batshuayi,Tammy Abraham,substitute_in
ENG-Premier League,1920,2019-10-06 Southampton-Chelsea,Chelsea,89’,1:4,Michy Batshuayi,Christian Pulisic,goal
ENG-Premier League,1920,2019-10-26 Burnley-Chelsea,Chelsea,21’,0:1,Christian Pulisic,,goal
ENG-Premier League,1920,2019-10-26 Burnley-Chelsea,Chelsea,45’,0:2,Christian Pulisic,Willian,goal
ENG-Premier League,1920,2019-10-26 Burnley-Chelsea,Chelsea,53’,0:2,Willian,,yellow_card
ENG-Premier League,1920,2019-10-26 Burnley-Chelsea,Chelsea,56’,0:3,Christian Pulisic,Mason Mount,goal
ENG-Premier League,1920,2019-10-26 Burnley-Chelsea,Chelsea,58’,0:4,Willian,Tammy Abraham,goal
ENG-Premier League,1920,2019-10-26 Burnley-Chelsea,Burnley,63’,0:4,Matěj Vydra,Ashley Barnes,substitute_in
ENG-Premier League,1920,2019-10-26 Burnley-Chelsea,Chelsea,63’,0:4,Reece James,Marcos Alonso,substitute_in
ENG-Premier League,1920,2019-10-26 Burnley-Chelsea,Burnley,65’,0:4,Jeff Hendrick,,yellow_card
ENG-Premier League,1920,2019-10-26 Burnley-Chelsea,Burnley,67’,0:4,Erik Pieters,,yellow_card
ENG-Premier League,1920,2019-10-26 Burnley-Chelsea,Chelsea,70’,0:4,Olivier Giroud,Tammy Abraham,substitute_in
ENG-Premier League,1920,2019-10-26 Burnley-Chelsea,Chelsea,72’,0:4,Callum Hudson-Odoi,Willian,substitute_in
ENG-Premier League,1920,2019-10-26 Burnley-Chelsea,Chelsea,77’,0:4,Callum Hudson-Odoi,,yellow_card
ENG-Premier League,1920,2019-10-26 Burnley-Chelsea,Burnley,84’,0:4,Robbie Brady,Jeff Hendrick,substitute_in
ENG-Premier League,1920,2019-10-26 Burnley-Chelsea,Burnley,86’,1:4,Jay Rodriguez,Robbie Brady,goal
ENG-Premier League,1920,2019-10-26 Burnley-Chelsea,Burnley,89’,2:4,Dwight McNeil,Robbie Brady,goal
ENG-Premier League,1920,2019-10-26 Burnley-Chelsea,Burnley,90+2’,2:4,Robbie Brady,,yellow_card
ENG-Premier League,1920,2020-07-16 Leicester City-Sheffield United,Leicester City,29’,1:0,Ayoze Pérez,Luke Thomas,goal
ENG-Premier League,1920,2020-07-16 Leicester City-Sheffield United,Sheffield United,46’,1:0,Lys Mousset,David McGoldrick,substitute_in
ENG-Premier League,1920,2020-07-16 Leicester City-Sheffield United,Sheffield United,46’,1:0,John Fleck,Ben Osborn,substitute_in
ENG-Premier League,1920,2020-07-16 Leicester City-Sheffield United,Sheffield United,46’,1:0,John Lundstram,Sander Berge,substitute_in
ENG-Premier League,1920,2020-07-16 Leicester City-Sheffield United,Sheffield United,59’,1:0,Billy Sharp,Chris Basham,substitute_in
ENG-Premier League,1920,2020-07-16 Leicester City-Sheffield United,Leicester City,71’,1:0,Hamza Choudhury,Ayoze Pérez,substitute_in
ENG-Premier League,1920,2020-07-16 Leicester City-Sheffield United,Leicester City,75’,1:0,Jonny Evans,,yellow_card
ENG-Premier League,1920,2020-07-16 Leicester City-Sheffield United,Leicester City,76’,1:0,Demarai Gray,Harvey Barnes,substitute_in
ENG-Premier League,1920,2020-07-16 Leicester City-Sheffield United,Leicester City,79’,2:0,Demarai Gray,Jamie Vardy,goal
ENG-Premier League,1920,2020-07-16 Leicester City-Sheffield United,Sheffield United,80’,2:0,John Egan,,yellow_card
ENG-Premier League,1920,2020-07-16 Leicester City-Sheffield United,Sheffield United,90+3’,2:0,John Fleck,,yellow_card
ENG-Premier League,1920,2020-02-23 Wolves-Norwich City,Wolverhampton Wanderers,19’,1:0,Diogo Jota,Matt Doherty,goal
ENG-Premier League,1920,2020-02-23 Wolves-Norwich City,Wolverhampton Wanderers,30’,2:0,Diogo Jota,Romain Saïss,goal
ENG-Premier League,1920,2020-02-23 Wolves-Norwich City,Wolverhampton Wanderers,41’,2:0,Raúl Jiménez,,yellow_card
ENG-Premier League,1920,2020-02-23 Wolves-Norwich City,Norwich City,45’,2:0,Max Aarons,,yellow_card
ENG-Premier League,1920,2020-02-23 Wolves-Norwich City,Wolverhampton Wanderers,50’,3:0,Raúl Jiménez,,goal
ENG-Premier League,1920,2020-02-23 Wolves-Norwich City,Norwich City,59’,3:0,Emi Buendía,Lukas Rupp,substitute_in
ENG-Premier League,1920,2020-02-23 Wolves-Norwich City,Norwich City,59’,3:0,Josip Drmić,Ondrej Duda,substitute_in
ENG-Premier League,1920,2020-02-23 Wolves-Norwich City,Wolverhampton Wanderers,64’,3:0,Pedro Neto,Diogo Jota,substitute_in
ENG-Premier League,1920,2020-02-23 Wolves-Norwich City,Wolverhampton Wanderers,68’,3:0,Conor Coady,,yellow_card
ENG-Premier League,1920,2020-02-23 Wolves-Norwich City,Wolverhampton Wanderers,72’,3:0,Adama Traoré,Raúl Jiménez,substitute_in
ENG-Premier League,1920,2020-02-23 Wolves-Norwich City,Norwich City,77’,3:0,Ben Godfrey,,yellow_card
ENG-Premier League,1920,2020-02-23 Wolves-Norwich City,Wolverhampton Wanderers,80’,3:0,Rúben Vinagre,Jonny Castro,substitute_in
ENG-Premier League,1920,2020-02-23 Wolves-Norwich City,Norwich City,84’,3:0,Marco Stiepermann,Todd Cantwell,substitute_in
ENG-Premier League,1920,2020-02-23 Wolves-Norwich City,Norwich City,87’,3:0,Emi Buendía,,yellow_card
ENG-Premier League,1920,2019-11-23 Crystal Palace-Liverpool,Liverpool,49’,0:1,Sadio Mané,Andrew Robertson,goal
ENG-Premier League,1920,2019-11-23 Crystal Palace-Liverpool,Liverpool,54’,0:1,Fabinho,,yellow_card
ENG-Premier League,1920,2019-11-23 Crystal Palace-Liverpool,Liverpool,64’,0:1,Divock Origi,Alex Oxlade-Chamberlain,substitute_in
ENG-Premier League,1920,2019-11-23 Crystal Palace-Liverpool,Crystal Palace,70’,0:1,Martin Kelly,Joel Ward,substitute_in
ENG-Premier League,1920,2019-11-23 Crystal Palace-Liverpool,Crystal Palace,72’,0:1,Jeffrey Schlupp,Cheikhou Kouyaté,substitute_in
ENG-Premier League,1920,2019-11-23 Crystal Palace-Liverpool,Crystal Palace,76’,0:1,Christian Benteke,Jordan Ayew,substitute_in
ENG-Premier League,1920,2019-11-23 Crystal Palace-Liverpool,Liverpool,79’,0:1,James Milner,Jordan Henderson,substitute_in
ENG-Premier League,1920,2019-11-23 Crystal Palace-Liverpool,Crystal Palace,82’,1:1,Wilfried Zaha,Andros Townsend,goal
ENG-Premier League,1920,2019-11-23 Crystal Palace-Liverpool,Liverpool,85’,1:2,Roberto Firmino,,goal
ENG-Premier League,1920,2019-11-23 Crystal Palace-Liverpool,Liverpool,89’,1:2,Joe Gomez,Roberto Firmino,substitute_in
ENG-Premier League,1920,2019-09-01 Arsenal-Tottenham Hotspur,Tottenham Hotspur,10’,0:1,Christian Eriksen,,goal
ENG-Premier League,1920,2019-09-01 Arsenal-Tottenham Hotspur,Tottenham Hotspur,28’,0:1,Danny Rose,,yellow_card
ENG-Premier League,1920,2019-09-01 Arsenal-Tottenham Hotspur,Tottenham Hotspur,32’,0:1,Érik Lamela,,yellow_card
ENG-Premier League,1920,2019-09-01 Arsenal-Tottenham Hotspur,Tottenham Hotspur,40’,0:2,Harry Kane,,penalty_goal
ENG-Premier League,1920,2019-09-01 Arsenal-Tottenham Hotspur,Arsenal,45+1’,1:2,Alexandre Lacazette,Nicolas Pépé,goal
ENG-Premier League,1920,2019-09-01 Arsenal-Tottenham Hotspur,Tottenham Hotspur,57’,1:2,Christian Eriksen,,yellow_card
ENG-Premier League,1920,2019-09-01 Arsenal-Tottenham Hotspur,Tottenham Hotspur,60’,1:2,Dele Alli,Érik Lamela,substitute_in
ENG-Premier League,1920,2019-09-01 Arsenal-Tottenham Hotspur,Arsenal,63’,1:2,Dani Ceballos,Lucas Torreira,substitute_in
ENG-Premier League,1920,2019-09-01 Arsenal-Tottenham Hotspur,Arsenal,63’,1:2,Alexandre Lacazette,,yellow_card
ENG-Premier League,1920,2019-09-01 Arsenal-Tottenham Hotspur,Arsenal,67’,1:2,Henrikh Mkhitaryan,Alexandre Lacazette,substitute_in
ENG-Premier League,1920,2019-09-01 Arsenal-Tottenham Hotspur,Arsenal,71’,2:2,Pierre-Emerick Aubameyang,Mattéo Guendouzi,goal
ENG-Premier League,1920,2019-09-01 Arsenal-Tottenham Hotspur,Tottenham Hotspur,74’,2:2,Harry Winks,,yellow_card
ENG-Premier League,1920,2019-09-01 Arsenal-Tottenham Hotspur,Tottenham Hotspur,78’,2:2,Davinson Sánchez,,yellow_card
ENG-Premier League,1920,2019-09-01 Arsenal-Tottenham Hotspur,Tottenham Hotspur,79’,2:2,Giovani Lo Celso,Son Heung-min,substitute_in
ENG-Premier League,1920,2019-09-01 Arsenal-Tottenham Hotspur,Arsenal,87’,2:2,Sokratis Papastathopoulos,,yellow_card
ENG-Premier League,1920,2019-09-01 Arsenal-Tottenham Hotspur,Arsenal,90+2’,2:2,Granit Xhaka,,yellow_card
ENG-Premier League,1920,2019-11-02 Watford-Chelsea,Watford,20’,0:1,Adrian Mariappa,Craig Cathcart,substitute_in
ENG-Premier League,1920,2019-11-02 Watford-Chelsea,Watford,46’,0:1,Christian Kabasele,,yellow_card
ENG-Premier League,1920,2019-11-02 Watford-Chelsea,Chelsea,55’,0:2,Christian Pulisic,Tammy Abraham,goal
ENG-Premier League,1920,2019-11-02 Watford-Chelsea,Chelsea,5’,0:1,Tammy Abraham,Jorginho,goal
ENG-Premier League,1920,2019-11-02 Watford-Chelsea,Watford,67’,0:2,Will Hughes,Nathaniel Chalobah,substitute_in
ENG-Premier League,1920,2019-11-02 Watford-Chelsea,Watford,70’,0:2,Daryl Janmaat,,yellow_card
ENG-Premier League,1920,2019-11-02 Watford-Chelsea,Watford,75’,0:2,Kiko Femenía,Daryl Janmaat,substitute_in
ENG-Premier League,1920,2019-11-02 Watford-Chelsea,Watford,80’,1:2,Gerard Deulofeu,,penalty_goal
ENG-Premier League,1920,2019-11-02 Watford-Chelsea,Watford,82’,1:2,Craig Dawson,,yellow_card
ENG-Premier League,1920,2019-11-02 Watford-Chelsea,Chelsea,83’,1:2,Callum Hudson-Odoi,Christian Pulisic,substitute_in
ENG-Premier League,1920,2019-11-02 Watford-Chelsea,Watford,88’,1:2,Adrian Mariappa,,yellow_card
ENG-Premier League,1920,2019-11-02 Watford-Chelsea,Chelsea,88’,1:2,Michy Batshuayi,Tammy Abraham,substitute_in
ENG-Premier League,1920,2019-11-02 Watford-Chelsea,Chelsea,89’,1:2,Jorginho,,yellow_card
ENG-Premier League,1920,2019-11-02 Watford-Chelsea,Chelsea,90+5’,1:2,Reece James,Willian,substitute_in
ENG-Premier League,1920,2019-11-02 Watford-Chelsea,Chelsea,90+6’,1:2,Mason Mount,,yellow_card
ENG-Premier League,1920,2019-09-14 Wolves-Chelsea,Chelsea,31’,0:1,Fikayo Tomori,,goal
ENG-Premier League,1920,2019-09-14 Wolves-Chelsea,Chelsea,34’,0:2,Tammy Abraham,,goal
ENG-Premier League,1920,2019-09-14 Wolves-Chelsea,Chelsea,41’,0:3,Tammy Abraham,Marcos Alonso,goal
ENG-Premier League,1920,2019-09-14 Wolves-Chelsea,Wolverhampton Wanderers,46’,0:3,Patrick Cutrone,Leander Dendoncker,substitute_in
ENG-Premier League,1920,2019-09-14 Wolves-Chelsea,Chelsea,46’,0:3,Kurt Zouma,Antonio Rüdiger,substitute_in
ENG-Premier League,1920,2019-09-14 Wolves-Chelsea,Chelsea,55’,0:4,Tammy Abraham,Jorginho,goal
ENG-Premier League,1920,2019-09-14 Wolves-Chelsea,Wolverhampton Wanderers,56’,0:4,Matt Doherty,Adama Traoré,substitute_in
ENG-Premier League,1920,2019-09-14 Wolves-Chelsea,Chelsea,62’,0:4,Tammy Abraham,,yellow_card
ENG-Premier League,1920,2019-09-14 Wolves-Chelsea,Chelsea,64’,0:4,Andreas Christensen,,yellow_card
ENG-Premier League,1920,2019-09-14 Wolves-Chelsea,Wolverhampton Wanderers,69’,1:4,Tammy Abraham,,own_goal
ENG-Premier League,1920,2019-09-14 Wolves-Chelsea,Wolverhampton Wanderers,70’,1:4,Morgan Gibbs-White,Raúl Jiménez,substitute_in
ENG-Premier League,1920,2019-09-14 Wolves-Chelsea,Chelsea,70’,1:4,Ross Barkley,Mateo Kovačić,substitute_in
ENG-Premier League,1920,2019-09-14 Wolves-Chelsea,Chelsea,77’,1:4,Michy Batshuayi,Tammy Abraham,substitute_in
ENG-Premier League,1920,2019-09-14 Wolves-Chelsea,Wolverhampton Wanderers,79’,1:4,Romain Saïss,,yellow_card
ENG-Premier League,1920,2019-09-14 Wolves-Chelsea,Wolverhampton Wanderers,85’,2:4,Patrick Cutrone,,goal
ENG-Premier League,1920,2019-09-14 Wolves-Chelsea,Chelsea,90+6’,2:5,Mason Mount,Michy Batshuayi,goal
ENG-Premier League,1920,2019-10-19 Everton-West Ham United,Everton,17’,1:0,Bernard,Theo Walcott,goal
ENG-Premier League,1920,2019-10-19 Everton-West Ham United,Everton,45+3’,1:0,Tom Davies,,yellow_card
ENG-Premier League,1920,2019-10-19 Everton-West Ham United,West Ham United,46’,1:0,Andriy Yarmolenko,Felipe Anderson,substitute_in
ENG-Premier League,1920,2019-10-19 Everton-West Ham United,West Ham United,63’,1:0,Jack Wilshere,Pablo Fornals,substitute_in
ENG-Premier League,1920,2019-10-19 Everton-West Ham United,West Ham United,70’,1:0,Declan Rice,,yellow_card
ENG-Premier League,1920,2019-10-19 Everton-West Ham United,West Ham United,74’,1:0,Albian Ajeti,Mark Noble,substitute_in
ENG-Premier League,1920,2019-10-19 Everton-West Ham United,West Ham United,78’,1:0,Issa Diop,,yellow_card
ENG-Premier League,1920,2019-10-19 Everton-West Ham United,Everton,86’,1:0,Moise Kean,Theo Walcott,substitute_in
ENG-Premier League,1920,2019-10-19 Everton-West Ham United,Everton,87’,1:0,Gylfi Sigurðsson,Alex Iwobi,substitute_in
ENG-Premier League,1920,2019-10-19 Everton-West Ham United,Everton,89’,1:0,André Gomes,,yellow_card
ENG-Premier League,1920,2019-10-19 Everton-West Ham United,Everton,90+2’,2:0,Gylfi Sigurðsson,Richarlison,goal
ENG-Premier League,1920,2019-10-19 Everton-West Ham United,Everton,90+4’,2:0,Mason Holgate,Yerry Mina,substitute_in
ENG-Premier League,1920,2019-08-24 Liverpool-Arsenal,Liverpool,41’,1:0,Joël Matip,Trent Alexander-Arnold,goal
ENG-Premier League,1920,2019-08-24 Liverpool-Arsenal,Arsenal,48’,1:0,David Luiz,,yellow_card
ENG-Premier League,1920,2019-08-24 Liverpool-Arsenal,Liverpool,49’,2:0,Mohamed Salah,,penalty_goal
ENG-Premier League,1920,2019-08-24 Liverpool-Arsenal,Liverpool,58’,3:0,Mohamed Salah,Fabinho,goal
ENG-Premier League,1920,2019-08-24 Liverpool-Arsenal,Arsenal,61’,3:0,Lucas Torreira,Dani Ceballos,substitute_in
ENG-Premier League,1920,2019-08-24 Liverpool-Arsenal,Liverpool,69’,3:0,James Milner,Georginio Wijnaldum,substitute_in
ENG-Premier League,1920,2019-08-24 Liverpool-Arsenal,Liverpool,77’,3:0,Alex Oxlade-Chamberlain,Sadio Mané,substitute_in
ENG-Premier League,1920,2019-08-24 Liverpool-Arsenal,Arsenal,81’,3:0,Alexandre Lacazette,Joe Willock,substitute_in
ENG-Premier League,1920,2019-08-24 Liverpool-Arsenal,Arsenal,85’,3:1,Lucas Torreira,,goal
ENG-Premier League,1920,2019-08-24 Liverpool-Arsenal,Liverpool,86’,3:1,Adam Lallana,Roberto Firmino,substitute_in
ENG-Premier League,1920,2019-08-24 Liverpool-Arsenal,Arsenal,86’,3:1,Henrikh Mkhitaryan,Mattéo Guendouzi,substitute_in
ENG-Premier League,1920,2019-08-24 Liverpool-Arsenal,Liverpool,90+3’,3:1,Fabinho,,yellow_card
ENG-Premier League,1920,2020-02-08 Brighton-Watford,Watford,19’,0:1,Abdoulaye Doucouré,Étienne Capoue,goal
ENG-Premier League,1920,2020-02-08 Brighton-Watford,Brighton & Hove Albion,35’,0:1,Ezequiel Schelotto,,yellow_card
ENG-Premier League,1920,2020-02-08 Brighton-Watford,Brighton & Hove Albion,57’,0:1,Neal Maupay,Dan Burn,substitute_in
ENG-Premier League,1920,2020-02-08 Brighton-Watford,Brighton & Hove Albion,61’,0:1,Steven Alzate,Pascal Groß,substitute_in
ENG-Premier League,1920,2020-02-08 Brighton-Watford,Watford,64’,0:1,Will Hughes,,yellow_card
ENG-Premier League,1920,2020-02-08 Brighton-Watford,Watford,65’,0:1,Adrian Mariappa,,yellow_card
ENG-Premier League,1920,2020-02-08 Brighton-Watford,Brighton & Hove Albion,73’,0:1,Alireza Jahanbakhsh,Ezequiel Schelotto,substitute_in
ENG-Premier League,1920,2020-02-08 Brighton-Watford,Brighton & Hove Albion,78’,1:1,Adrian Mariappa,,own_goal
ENG-Premier League,1920,2020-02-08 Brighton-Watford,Watford,82’,1:1,Ignacio Pussetto,Roberto Pereyra,substitute_in
ENG-Premier League,1920,2020-02-08 Brighton-Watford,Watford,86’,1:1,Danny Welbeck,Gerard Deulofeu,substitute_in
ENG-Premier League,1920,2020-02-08 Brighton-Watford,Brighton & Hove Albion,90+3’,1:1,Solly March,,yellow_card
ENG-Premier League,1920,2019-12-16 Crystal Palace-Brighton,Crystal Palace,35’,0:0,Christian Benteke,,yellow_card
ENG-Premier League,1920,2019-12-16 Crystal Palace-Brighton,Crystal Palace,46’,0:0,James McCarthy,Jaïro Riedewald,substitute_in
ENG-Premier League,1920,2019-12-16 Crystal Palace-Brighton,Brighton & Hove Albion,54’,0:1,Neal Maupay,Pascal Groß,goal
ENG-Premier League,1920,2019-12-16 Crystal Palace-Brighton,Crystal Palace,67’,0:1,Max Meyer,Cheikhou Kouyaté,substitute_in
ENG-Premier League,1920,2019-12-16 Crystal Palace-Brighton,Crystal Palace,76’,1:1,Wilfried Zaha,James Tomkins,goal
ENG-Premier League,1920,2019-12-16 Crystal Palace-Brighton,Brighton & Hove Albion,84’,1:1,Steven Alzate,Leandro Trossard,substitute_in
ENG-Premier League,1920,2019-12-16 Crystal Palace-Brighton,Brighton & Hove Albion,85’,1:1,Shane Duffy,Yves Bissouma,substitute_in
ENG-Premier League,1920,2019-12-16 Crystal Palace-Brighton,Brighton & Hove Albion,86’,1:1,Davy Pröpper,,yellow_card
ENG-Premier League,1920,2019-12-16 Crystal Palace-Brighton,Brighton & Hove Albion,90+2’,1:1,Bernardo,Pascal Groß,substitute_in
ENG-Premier League,1920,2019-09-28 Sheffield United-Liverpool,Sheffield United,60’,0:0,Lys Mousset,Callum Robinson,substitute_in
ENG-Premier League,1920,2019-09-28 Sheffield United-Liverpool,Sheffield United,63’,0:0,Jack O'Connell,,yellow_card
ENG-Premier League,1920,2019-09-28 Sheffield United-Liverpool,Liverpool,64’,0:0,Divock Origi,Jordan Henderson,substitute_in
ENG-Premier League,1920,2019-09-28 Sheffield United-Liverpool,Liverpool,70’,0:1,Georginio Wijnaldum,,goal
ENG-Premier League,1920,2019-09-28 Sheffield United-Liverpool,Sheffield United,77’,0:1,Leon Clarke,Oliver Norwood,substitute_in
ENG-Premier League,1920,2019-09-28 Sheffield United-Liverpool,Liverpool,83’,0:1,Adrián,,yellow_card
ENG-Premier League,1920,2019-09-28 Sheffield United-Liverpool,Liverpool,87’,0:1,James Milner,Roberto Firmino,substitute_in
ENG-Premier League,1920,2019-09-28 Sheffield United-Liverpool,Liverpool,90+4’,0:1,Alex Oxlade-Chamberlain,Sadio Mané,substitute_in
ENG-Premier League,1920,2020-07-15 Arsenal-Liverpool,Liverpool,20’,0:1,Sadio Mané,Andrew Robertson,goal
ENG-Premier League,1920,2020-07-15 Arsenal-Liverpool,Arsenal,32’,1:1,Alexandre Lacazette,,goal
ENG-Premier League,1920,2020-07-15 Arsenal-Liverpool,Arsenal,44’,2:1,Reiss Nelson,Alexandre Lacazette,goal
ENG-Premier League,1920,2020-07-15 Arsenal-Liverpool,Arsenal,46’,2:1,Lucas Torreira,,yellow_card
ENG-Premier League,1920,2020-07-15 Arsenal-Liverpool,Liverpool,48’,2:1,Trent Alexander-Arnold,,yellow_card
ENG-Premier League,1920,2020-07-15 Arsenal-Liverpool,Arsenal,57’,2:1,Dani Ceballos,Lucas Torreira,substitute_in
ENG-Premier League,1920,2020-07-15 Arsenal-Liverpool,Arsenal,58’,2:1,Joe Willock,Alexandre Lacazette,substitute_in
ENG-Premier League,1920,2020-07-15 Arsenal-Liverpool,Arsenal,58’,2:1,Pierre-Emerick Aubameyang,Reiss Nelson,substitute_in
ENG-Premier League,1920,2020-07-15 Arsenal-Liverpool,Liverpool,61’,2:1,Takumi Minamino,Roberto Firmino,substitute_in
ENG-Premier League,1920,2020-07-15 Arsenal-Liverpool,Liverpool,61’,2:1,Naby Keïta,Alex Oxlade-Chamberlain,substitute_in
ENG-Premier League,1920,2020-07-15 Arsenal-Liverpool,Arsenal,76’,2:1,Ainsley Maitland-Niles,Cédric Soares,substitute_in
ENG-Premier League,1920,2020-07-15 Arsenal-Liverpool,Arsenal,81’,2:1,Granit Xhaka,,yellow_card
ENG-Premier League,1920,2020-07-15 Arsenal-Liverpool,Liverpool,83’,2:1,Divock Origi,Mohamed Salah,substitute_in
ENG-Premier League,1920,2020-07-15 Arsenal-Liverpool,Liverpool,83’,2:1,Xherdan Shaqiri,Georginio Wijnaldum,substitute_in
ENG-Premier League,1920,2020-07-15 Arsenal-Liverpool,Arsenal,85’,2:1,Sead Kolašinac,Bukayo Saka,substitute_in
ENG-Premier League,1920,2020-07-15 Arsenal-Liverpool,Arsenal,90+1’,2:1,Dani Ceballos,,yellow_card
ENG-Premier League,1920,2020-07-09 Everton-Southampton,Southampton,14’,0:0,Stuart Armstrong,,yellow_card
ENG-Premier League,1920,2020-07-09 Everton-Southampton,Southampton,28’,0:0,James Ward-Prowse,,penalty_miss
ENG-Premier League,1920,2020-07-09 Everton-Southampton,Southampton,31’,0:1,Danny Ings,Stuart Armstrong,goal
ENG-Premier League,1920,2020-07-09 Everton-Southampton,Southampton,34’,0:1,Jack Stephens,,yellow_card
ENG-Premier League,1920,2020-07-09 Everton-Southampton,Everton,42’,0:1,Gylfi Sigurðsson,André Gomes,substitute_in
ENG-Premier League,1920,2020-07-09 Everton-Southampton,Everton,43’,1:1,Richarlison,Lucas Digne,goal
ENG-Premier League,1920,2020-07-09 Everton-Southampton,Everton,45+1’,1:1,Dominic Calvert-Lewin,,yellow_card
ENG-Premier League,1920,2020-07-09 Everton-Southampton,Everton,45+1’,1:1,Richarlison,,yellow_card
ENG-Premier League,1920,2020-07-09 Everton-Southampton,Everton,46’,1:1,Djibril Sidibé,Alex Iwobi,substitute_in
ENG-Premier League,1920,2020-07-09 Everton-Southampton,Southampton,61’,1:1,Jan Bednarek,,yellow_card
ENG-Premier League,1920,2020-07-09 Everton-Southampton,Everton,68’,1:1,Moise Kean,Dominic Calvert-Lewin,substitute_in
ENG-Premier League,1920,2020-07-09 Everton-Southampton,Southampton,70’,1:1,Pierre Højbjerg,Oriol Romeu,substitute_in
ENG-Premier League,1920,2020-07-09 Everton-Southampton,Southampton,70’,1:1,Shane Long,Che Adams,substitute_in
ENG-Premier League,1920,2020-07-09 Everton-Southampton,Everton,74’,1:1,Bernard,Anthony Gordon,substitute_in
ENG-Premier League,1920,2020-07-09 Everton-Southampton,Southampton,88’,1:1,William Smallbone,Stuart Armstrong,substitute_in
ENG-Premier League,1920,2020-07-09 Everton-Southampton,Everton,90+1’,1:1,Lucas Digne,,yellow_card
ENG-Premier League,1920,2019-08-11 Newcastle United-Arsenal,Newcastle United,18’,0:0,Miguel Almirón,,yellow_card
ENG-Premier League,1920,2019-08-11 Newcastle United-Arsenal,Arsenal,25’,0:0,Reiss Nelson,,yellow_card
ENG-Premier League,1920,2019-08-11 Newcastle United-Arsenal,Arsenal,37’,0:0,Henrikh Mkhitaryan,,yellow_card
ENG-Premier League,1920,2019-08-11 Newcastle United-Arsenal,Newcastle United,54’,0:0,Jetro Willems,Jonjo Shelvey,substitute_in
ENG-Premier League,1920,2019-08-11 Newcastle United-Arsenal,Arsenal,58’,0:1,Pierre-Emerick Aubameyang,Ainsley Maitland-Niles,goal
ENG-Premier League,1920,2019-08-11 Newcastle United-Arsenal,Arsenal,64’,0:1,Dani Ceballos,Joe Willock,substitute_in
ENG-Premier League,1920,2019-08-11 Newcastle United-Arsenal,Newcastle United,67’,0:1,Allan Saint-Maximin,Sean Longstaff,substitute_in
ENG-Premier League,1920,2019-08-11 Newcastle United-Arsenal,Arsenal,71’,0:1,Nicolas Pépé,Reiss Nelson,substitute_in
ENG-Premier League,1920,2019-08-11 Newcastle United-Arsenal,Arsenal,81’,0:1,Granit Xhaka,,yellow_card
ENG-Premier League,1920,2019-08-11 Newcastle United-Arsenal,Arsenal,84’,0:1,Gabriel Martinelli,Henrikh Mkhitaryan,substitute_in
ENG-Premier League,1920,2020-02-01 West Ham United-Brighton,West Ham United,30’,1:0,Issa Diop,Robert Snodgrass,goal
ENG-Premier League,1920,2020-02-01 West Ham United-Brighton,West Ham United,45’,2:0,Robert Snodgrass,,goal
ENG-Premier League,1920,2020-02-01 West Ham United-Brighton,Brighton & Hove Albion,47’,2:1,Angelo Ogbonna,,own_goal
ENG-Premier League,1920,2020-02-01 West Ham United-Brighton,Brighton & Hove Albion,52’,2:1,Dale Stephens,,yellow_card
ENG-Premier League,1920,2020-02-01 West Ham United-Brighton,West Ham United,57’,3:1,Robert Snodgrass,,goal
ENG-Premier League,1920,2020-02-01 West Ham United-Brighton,Brighton & Hove Albion,72’,3:1,Ezequiel Schelotto,Martín Montoya,substitute_in
ENG-Premier League,1920,2020-02-01 West Ham United-Brighton,Brighton & Hove Albion,72’,3:1,Solly March,Aaron Mooy,substitute_in
ENG-Premier League,1920,2020-02-01 West Ham United-Brighton,West Ham United,74’,3:1,Arthur Masuaku,Michail Antonio,substitute_in
ENG-Premier League,1920,2020-02-01 West Ham United-Brighton,Brighton & Hove Albion,75’,3:2,Pascal Groß,,goal
ENG-Premier League,1920,2020-02-01 West Ham United-Brighton,Brighton & Hove Albion,79’,3:3,Glenn Murray,Davy Pröpper,goal
ENG-Premier League,1920,2020-02-01 West Ham United-Brighton,West Ham United,85’,3:3,Manuel Lanzini,Robert Snodgrass,substitute_in
ENG-Premier League,1920,2020-02-01 West Ham United-Brighton,West Ham United,85’,3:3,Pablo Fornals,Tomáš Souček,substitute_in
ENG-Premier League,1920,2020-02-01 West Ham United-Brighton,West Ham United,90’,3:3,Angelo Ogbonna,,yellow_card
ENG-Premier League,1920,2019-08-25 Wolves-Burnley,Burnley,13’,0:1,Ashley Barnes,Dwight McNeil,goal
ENG-Premier League,1920,2019-08-25 Wolves-Burnley,Wolverhampton Wanderers,59’,0:1,Leander Dendoncker,João Moutinho,substitute_in
ENG-Premier League,1920,2019-08-25 Wolves-Burnley,Burnley,59’,0:1,James Tarkowski,,yellow_card
ENG-Premier League,1920,2019-08-25 Wolves-Burnley,Burnley,66’,0:1,Aaron Lennon,Jóhann Berg Guðmundsson,substitute_in
ENG-Premier League,1920,2019-08-25 Wolves-Burnley,Wolverhampton Wanderers,67’,0:1,Pedro Neto,Morgan Gibbs-White,substitute_in
ENG-Premier League,1920,2019-08-25 Wolves-Burnley,Wolverhampton Wanderers,76’,0:1,Adama Traoré,Matt Doherty,substitute_in
ENG-Premier League,1920,2019-08-25 Wolves-Burnley,Burnley,78’,0:1,Jay Rodriguez,Ashley Barnes,substitute_in
ENG-Premier League,1920,2019-08-25 Wolves-Burnley,Burnley,86’,0:1,Jeff Hendrick,Dwight McNeil,substitute_in
ENG-Premier League,1920,2019-08-25 Wolves-Burnley,Burnley,88’,0:1,Aaron Lennon,,yellow_card
ENG-Premier League,1920,2019-08-25 Wolves-Burnley,Wolverhampton Wanderers,90+7’,1:1,Raúl Jiménez,,penalty_goal
ENG-Premier League,1920,2019-08-31 West Ham United-Norwich City,West Ham United,24’,1:0,Sébastien Haller,Arthur Masuaku,goal
ENG-Premier League,1920,2019-08-31 West Ham United-Norwich City,Norwich City,36’,1:0,Ibrahim Amadou,Christoph Zimmermann,substitute_in
ENG-Premier League,1920,2019-08-31 West Ham United-Norwich City,West Ham United,56’,2:0,Andriy Yarmolenko,,goal
ENG-Premier League,1920,2019-08-31 West Ham United-Norwich City,West Ham United,60’,2:0,Ryan Fredericks,,yellow_card
ENG-Premier League,1920,2019-08-31 West Ham United-Norwich City,Norwich City,62’,2:0,Max Aarons,,yellow_card
ENG-Premier League,1920,2019-08-31 West Ham United-Norwich City,West Ham United,71’,2:0,Robert Snodgrass,Andriy Yarmolenko,substitute_in
ENG-Premier League,1920,2019-08-31 West Ham United-Norwich City,West Ham United,74’,2:0,Robert Snodgrass,,yellow_card
ENG-Premier League,1920,2019-08-31 West Ham United-Norwich City,Norwich City,77’,2:0,Josip Drmić,Marco Stiepermann,substitute_in
ENG-Premier League,1920,2019-08-31 West Ham United-Norwich City,Norwich City,78’,2:0,Kenny McLean,Todd Cantwell,substitute_in
ENG-Premier League,1920,2019-08-31 West Ham United-Norwich City,West Ham United,85’,2:0,Carlos Sánchez,Mark Noble,substitute_in
ENG-Premier League,1920,2019-08-31 West Ham United-Norwich City,West Ham United,88’,2:0,Pablo Fornals,Felipe Anderson,substitute_in
ENG-Premier League,1920,2019-10-27 Liverpool-Tottenham Hotspur,Tottenham Hotspur,1’,0:1,Harry Kane,,goal
ENG-Premier League,1920,2019-10-27 Liverpool-Tottenham Hotspur,Tottenham Hotspur,36’,0:1,Moussa Sissoko,,yellow_card
ENG-Premier League,1920,2019-10-27 Liverpool-Tottenham Hotspur,Tottenham Hotspur,37’,0:1,Danny Rose,,yellow_card
ENG-Premier League,1920,2019-10-27 Liverpool-Tottenham Hotspur,Liverpool,50’,0:1,Dejan Lovren,,yellow_card
ENG-Premier League,1920,2019-10-27 Liverpool-Tottenham Hotspur,Liverpool,52’,1:1,Jordan Henderson,,goal
ENG-Premier League,1920,2019-10-27 Liverpool-Tottenham Hotspur,Tottenham Hotspur,63’,1:1,Tanguy Ndombele,Harry Winks,substitute_in
ENG-Premier League,1920,2019-10-27 Liverpool-Tottenham Hotspur,Liverpool,64’,1:1,Trent Alexander-Arnold,,yellow_card
ENG-Premier League,1920,2019-10-27 Liverpool-Tottenham Hotspur,Tottenham Hotspur,72’,1:1,Tanguy Ndombele,,yellow_card
ENG-Premier League,1920,2019-10-27 Liverpool-Tottenham Hotspur,Liverpool,75’,2:1,Mohamed Salah,,penalty_goal
ENG-Premier League,1920,2019-10-27 Liverpool-Tottenham Hotspur,Liverpool,77’,2:1,James Milner,Georginio Wijnaldum,substitute_in
ENG-Premier League,1920,2019-10-27 Liverpool-Tottenham Hotspur,Tottenham Hotspur,84’,2:1,Lucas Moura,Serge Aurier,substitute_in
ENG-Premier League,1920,2019-10-27 Liverpool-Tottenham Hotspur,Liverpool,85’,2:1,Joe Gomez,Mohamed Salah,substitute_in
ENG-Premier League,1920,2019-10-27 Liverpool-Tottenham Hotspur,Tottenham Hotspur,88’,2:1,Giovani Lo Celso,Christian Eriksen,substitute_in
ENG-Premier League,1920,2019-10-27 Liverpool-Tottenham Hotspur,Liverpool,90+1’,2:1,James Milner,,yellow_card
ENG-Premier League,1920,2019-10-27 Liverpool-Tottenham Hotspur,Liverpool,90+3’,2:1,Divock Origi,Roberto Firmino,substitute_in
ENG-Premier League,1920,2019-11-30 Tottenham Hotspur-Bournemouth,Tottenham Hotspur,21’,1:0,Dele Alli,Son Heung-min,goal
ENG-Premier League,1920,2019-11-30 Tottenham Hotspur-Bournemouth,Tottenham Hotspur,50’,2:0,Dele Alli,Toby Alderweireld,goal
ENG-Premier League,1920,2019-11-30 Tottenham Hotspur-Bournemouth,Bournemouth,63’,2:0,Harry Wilson,Ryan Fraser,substitute_in
ENG-Premier League,1920,2019-11-30 Tottenham Hotspur-Bournemouth,Bournemouth,67’,2:0,Diego Rico,,yellow_card
ENG-Premier League,1920,2019-11-30 Tottenham Hotspur-Bournemouth,Tottenham Hotspur,69’,3:0,Moussa Sissoko,Son Heung-min,goal
ENG-Premier League,1920,2019-11-30 Tottenham Hotspur-Bournemouth,Bournemouth,73’,3:1,Harry Wilson,,goal
ENG-Premier League,1920,2019-11-30 Tottenham Hotspur-Bournemouth,Tottenham Hotspur,74’,3:1,Lucas Moura,Tanguy Ndombele,substitute_in
ENG-Premier League,1920,2019-11-30 Tottenham Hotspur-Bournemouth,Bournemouth,74’,3:1,Dan Gosling,Lewis Cook,substitute_in
ENG-Premier League,1920,2019-11-30 Tottenham Hotspur-Bournemouth,Tottenham Hotspur,88’,3:1,Giovani Lo Celso,Son Heung-min,substitute_in
ENG-Premier League,1920,2019-11-30 Tottenham Hotspur-Bournemouth,Tottenham Hotspur,90+4’,3:1,Harry Winks,Dele Alli,substitute_in
ENG-Premier League,1920,2019-11-30 Tottenham Hotspur-Bournemouth,Bournemouth,90+6’,3:2,Harry Wilson,,goal
ENG-Premier League,1920,2019-11-30 Tottenham Hotspur-Bournemouth,Bournemouth,90’,3:1,Jefferson Lerma,,yellow_card
ENG-Premier League,1920,2020-01-11 Chelsea-Burnley,Chelsea,27’,1:0,Jorginho,,penalty_goal
ENG-Premier League,1920,2020-01-11 Chelsea-Burnley,Chelsea,38’,2:0,Tammy Abraham,Reece James,goal
ENG-Premier League,1920,2020-01-11 Chelsea-Burnley,Burnley,45+2’,2:0,Dwight McNeil,,yellow_card
ENG-Premier League,1920,2020-01-11 Chelsea-Burnley,Chelsea,49’,3:0,Callum Hudson-Odoi,César Azpilicueta,goal
ENG-Premier League,1920,2020-01-11 Chelsea-Burnley,Burnley,54’,3:0,Ashley Westwood,,yellow_card
ENG-Premier League,1920,2020-01-11 Chelsea-Burnley,Burnley,59’,3:0,Aaron Lennon,,yellow_card
ENG-Premier League,1920,2020-01-11 Chelsea-Burnley,Burnley,73’,3:0,Matěj Vydra,Jeff Hendrick,substitute_in
ENG-Premier League,1920,2020-06-17 Aston Villa-Sheffield United,Aston Villa,27’,0:0,Douglas Luiz,,yellow_card
ENG-Premier League,1920,2020-06-17 Aston Villa-Sheffield United,Sheffield United,36’,0:0,John Lundstram,,yellow_card
ENG-Premier League,1920,2020-06-17 Aston Villa-Sheffield United,Aston Villa,69’,0:0,Mbwana Samatta,Keinan Davis,substitute_in
ENG-Premier League,1920,2020-06-17 Aston Villa-Sheffield United,Aston Villa,69’,0:0,Trézéguet,Anwar El Ghazi,substitute_in
ENG-Premier League,1920,2020-06-17 Aston Villa-Sheffield United,Sheffield United,69’,0:0,Luke Freeman,Sander Berge,substitute_in
ENG-Premier League,1920,2020-06-17 Aston Villa-Sheffield United,Sheffield United,69’,0:0,David McGoldrick,Billy Sharp,substitute_in
ENG-Premier League,1920,2020-06-17 Aston Villa-Sheffield United,Aston Villa,76’,0:0,Ahmed Elmohamady,Ezri Konsa,substitute_in
ENG-Premier League,1920,2020-06-17 Aston Villa-Sheffield United,Aston Villa,76’,0:0,Marvelous Nakamba,John McGinn,substitute_in
ENG-Premier League,1920,2020-06-17 Aston Villa-Sheffield United,Sheffield United,80’,0:0,Lys Mousset,Oliver McBurnie,substitute_in
ENG-Premier League,1920,2019-11-23 Arsenal-Southampton,Arsenal,18’,1:1,Alexandre Lacazette,,goal
ENG-Premier League,1920,2019-11-23 Arsenal-Southampton,Arsenal,23’,1:1,Lucas Torreira,,yellow_card
ENG-Premier League,1920,2019-11-23 Arsenal-Southampton,Arsenal,28’,1:1,Sokratis Papastathopoulos,,yellow_card
ENG-Premier League,1920,2019-11-23 Arsenal-Southampton,Southampton,31’,1:1,Danny Ings,,yellow_card
ENG-Premier League,1920,2019-11-23 Arsenal-Southampton,Arsenal,45+2’,1:1,Alexandre Lacazette,,yellow_card
ENG-Premier League,1920,2019-11-23 Arsenal-Southampton,Arsenal,46’,1:1,Nicolas Pépé,Calum Chambers,substitute_in
ENG-Premier League,1920,2019-11-23 Arsenal-Southampton,Arsenal,65’,1:1,Nicolas Pépé,,yellow_card
ENG-Premier League,1920,2019-11-23 Arsenal-Southampton,Arsenal,69’,1:1,Kieran Tierney,,yellow_card
ENG-Premier League,1920,2019-11-23 Arsenal-Southampton,Southampton,71’,1:1,James Ward-Prowse,Bernd Leno,penalty_miss
ENG-Premier League,1920,2019-11-23 Arsenal-Southampton,Southampton,71’,1:2,James Ward-Prowse,,goal
ENG-Premier League,1920,2019-11-23 Arsenal-Southampton,Southampton,73’,1:2,Shane Long,Danny Ings,substitute_in
ENG-Premier League,1920,2019-11-23 Arsenal-Southampton,Southampton,76’,1:2,Moussa Djenepo,Michael Obafemi,substitute_in
ENG-Premier League,1920,2019-11-23 Arsenal-Southampton,Southampton,81’,1:2,Ryan Bertrand,,yellow_card
ENG-Premier League,1920,2019-11-23 Arsenal-Southampton,Arsenal,83’,1:2,Joe Willock,Lucas Torreira,substitute_in
ENG-Premier League,1920,2019-11-23 Arsenal-Southampton,Arsenal,83’,1:2,Gabriel Martinelli,Héctor Bellerín,substitute_in
ENG-Premier League,1920,2019-11-23 Arsenal-Southampton,Southampton,86’,1:2,Sofiane Boufal,Stuart Armstrong,substitute_in
ENG-Premier League,1920,2019-11-23 Arsenal-Southampton,Arsenal,89’,1:2,Mattéo Guendouzi,,yellow_card
ENG-Premier League,1920,2019-11-23 Arsenal-Southampton,Southampton,8’,0:1,Danny Ings,Ryan Bertrand,goal
ENG-Premier League,1920,2019-11-23 Arsenal-Southampton,Arsenal,90+6’,2:2,Alexandre Lacazette,,goal
ENG-Premier League,1920,2020-06-20 Brighton-Arsenal,Brighton & Hove Albion,30’,0:0,Dan Burn,,yellow_card
ENG-Premier League,1920,2020-06-20 Brighton-Arsenal,Arsenal,40’,0:0,Emiliano Martínez,Bernd Leno,substitute_in
ENG-Premier League,1920,2020-06-20 Brighton-Arsenal,Brighton & Hove Albion,44’,0:0,Aaron Mooy,,yellow_card
ENG-Premier League,1920,2020-06-20 Brighton-Arsenal,Brighton & Hove Albion,46’,0:0,Solly March,Aaron Mooy,substitute_in
ENG-Premier League,1920,2020-06-20 Brighton-Arsenal,Arsenal,54’,0:0,Alexandre Lacazette,,yellow_card
ENG-Premier League,1920,2020-06-20 Brighton-Arsenal,Arsenal,68’,0:1,Nicolas Pépé,Bukayo Saka,goal
ENG-Premier League,1920,2020-06-20 Brighton-Arsenal,Brighton & Hove Albion,71’,0:1,Martín Montoya,Ezequiel Schelotto,substitute_in
ENG-Premier League,1920,2020-06-20 Brighton-Arsenal,Brighton & Hove Albion,71’,0:1,Aaron Connolly,Pascal Groß,substitute_in
ENG-Premier League,1920,2020-06-20 Brighton-Arsenal,Brighton & Hove Albion,75’,1:1,Lewis Dunk,,goal
ENG-Premier League,1920,2020-06-20 Brighton-Arsenal,Arsenal,78’,1:1,Eddie Nketiah,Alexandre Lacazette,substitute_in
ENG-Premier League,1920,2020-06-20 Brighton-Arsenal,Brighton & Hove Albion,87’,1:1,Dale Stephens,Leandro Trossard,substitute_in
ENG-Premier League,1920,2020-06-20 Brighton-Arsenal,Arsenal,87’,1:1,Kieran Tierney,Bukayo Saka,substitute_in
ENG-Premier League,1920,2020-06-20 Brighton-Arsenal,Arsenal,87’,1:1,Reiss Nelson,Nicolas Pépé,substitute_in
ENG-Premier League,1920,2020-06-20 Brighton-Arsenal,Arsenal,87’,1:1,Joe Willock,Dani Ceballos,substitute_in
ENG-Premier League,1920,2020-06-20 Brighton-Arsenal,Brighton & Hove Albion,90+4’,1:1,Alexis Mac Allister,Yves Bissouma,substitute_in
ENG-Premier League,1920,2020-06-20 Brighton-Arsenal,Brighton & Hove Albion,90+5’,2:1,Neal Maupay,Aaron Connolly,goal
ENG-Premier League,1920,2020-03-07 Burnley-Tottenham Hotspur,Burnley,13’,1:0,Chris Wood,,goal
ENG-Premier League,1920,2020-03-07 Burnley-Tottenham Hotspur,Tottenham Hotspur,19’,1:0,Érik Lamela,,yellow_card
ENG-Premier League,1920,2020-03-07 Burnley-Tottenham Hotspur,Tottenham Hotspur,46’,1:0,Lucas Moura,Oliver Skipp,substitute_in
ENG-Premier League,1920,2020-03-07 Burnley-Tottenham Hotspur,Tottenham Hotspur,46’,1:0,Giovani Lo Celso,Tanguy Ndombele,substitute_in
ENG-Premier League,1920,2020-03-07 Burnley-Tottenham Hotspur,Tottenham Hotspur,50’,1:1,Dele Alli,,penalty_goal
ENG-Premier League,1920,2020-03-07 Burnley-Tottenham Hotspur,Burnley,51’,1:1,Charlie Taylor,,yellow_card
ENG-Premier League,1920,2020-03-07 Burnley-Tottenham Hotspur,Tottenham Hotspur,56’,1:1,Davinson Sánchez,,yellow_card
ENG-Premier League,1920,2020-03-07 Burnley-Tottenham Hotspur,Burnley,57’,1:1,James Tarkowski,,yellow_card
ENG-Premier League,1920,2020-03-07 Burnley-Tottenham Hotspur,Burnley,59’,1:1,Jack Cork,,yellow_card
ENG-Premier League,1920,2020-03-07 Burnley-Tottenham Hotspur,Burnley,68’,1:1,Matěj Vydra,Jay Rodriguez,substitute_in
ENG-Premier League,1920,2020-03-07 Burnley-Tottenham Hotspur,Burnley,75’,1:1,Jeff Hendrick,,yellow_card
ENG-Premier League,1920,2020-03-07 Burnley-Tottenham Hotspur,Tottenham Hotspur,78’,1:1,Steven Bergwijn,,yellow_card
ENG-Premier League,1920,2020-03-07 Burnley-Tottenham Hotspur,Tottenham Hotspur,78’,1:1,Serge Aurier,Érik Lamela,substitute_in
ENG-Premier League,1920,2020-03-07 Burnley-Tottenham Hotspur,Burnley,89’,1:1,Aaron Lennon,Jeff Hendrick,substitute_in
ENG-Premier League,1920,2020-03-07 Burnley-Tottenham Hotspur,Tottenham Hotspur,90+2’,1:1,Giovani Lo Celso,,yellow_card
ENG-Premier League,1920,2020-03-07 Burnley-Tottenham Hotspur,Burnley,90+3’,1:1,Ashley Westwood,,yellow_card
ENG-Premier League,1920,2019-12-07 Everton-Chelsea,Everton,30’,1:0,Lucas Digne,,yellow_card
ENG-Premier League,1920,2019-12-07 Everton-Chelsea,Everton,42’,1:0,Richarlison,,yellow_card
ENG-Premier League,1920,2019-12-07 Everton-Chelsea,Everton,49’,2:0,Dominic Calvert-Lewin,,goal
ENG-Premier League,1920,2019-12-07 Everton-Chelsea,Chelsea,52’,2:1,Mateo Kovačić,,goal
ENG-Premier League,1920,2019-12-07 Everton-Chelsea,Everton,5’,1:0,Richarlison,Djibril Sidibé,goal
ENG-Premier League,1920,2019-12-07 Everton-Chelsea,Everton,68’,2:1,Dominic Calvert-Lewin,,yellow_card
ENG-Premier League,1920,2019-12-07 Everton-Chelsea,Everton,71’,2:1,Tom Davies,Richarlison,substitute_in
ENG-Premier League,1920,2019-12-07 Everton-Chelsea,Chelsea,71’,2:1,Callum Hudson-Odoi,Willian,substitute_in
ENG-Premier League,1920,2019-12-07 Everton-Chelsea,Everton,82’,2:1,Leighton Baines,Lucas Digne,substitute_in
ENG-Premier League,1920,2019-12-07 Everton-Chelsea,Chelsea,82’,2:1,Michy Batshuayi,Reece James,substitute_in
ENG-Premier League,1920,2019-12-07 Everton-Chelsea,Everton,84’,3:1,Dominic Calvert-Lewin,,goal
ENG-Premier League,1920,2019-12-07 Everton-Chelsea,Everton,86’,3:1,Bernard,Theo Walcott,substitute_in
ENG-Premier League,1920,2019-09-28 Everton-Manchester City,Manchester City,24’,0:1,Gabriel Jesus,Kevin De Bruyne,goal
ENG-Premier League,1920,2019-09-28 Everton-Manchester City,Everton,33’,1:1,Dominic Calvert-Lewin,Séamus Coleman,goal
ENG-Premier League,1920,2019-09-28 Everton-Manchester City,Manchester City,38’,1:1,Rodri,,yellow_card
ENG-Premier League,1920,2019-09-28 Everton-Manchester City,Manchester City,51’,1:1,Nicolás Otamendi,,yellow_card
ENG-Premier League,1920,2019-09-28 Everton-Manchester City,Everton,59’,1:1,Morgan Schneiderlin,,yellow_card
ENG-Premier League,1920,2019-09-28 Everton-Manchester City,Manchester City,66’,1:1,Sergio Agüero,Gabriel Jesus,substitute_in
ENG-Premier League,1920,2019-09-28 Everton-Manchester City,Everton,70’,1:1,Yerry Mina,,yellow_card
ENG-Premier League,1920,2019-09-28 Everton-Manchester City,Manchester City,71’,1:2,Riyad Mahrez,,goal
ENG-Premier League,1920,2019-09-28 Everton-Manchester City,Everton,74’,1:2,Moise Kean,Alex Iwobi,substitute_in
ENG-Premier League,1920,2019-09-28 Everton-Manchester City,Everton,7’,0:0,Alex Iwobi,Theo Walcott,substitute_in
ENG-Premier League,1920,2019-09-28 Everton-Manchester City,Manchester City,80’,1:2,Bernardo Silva,Kevin De Bruyne,substitute_in
ENG-Premier League,1920,2019-09-28 Everton-Manchester City,Everton,81’,1:2,Tom Davies,Morgan Schneiderlin,substitute_in
ENG-Premier League,1920,2019-09-28 Everton-Manchester City,Manchester City,84’,1:3,Raheem Sterling,,goal
ENG-Premier League,1920,2019-09-28 Everton-Manchester City,Manchester City,86’,1:3,David Silva,Raheem Sterling,substitute_in
ENG-Premier League,1920,2019-09-14 Norwich City-Manchester City,Norwich City,18’,1:0,Kenny McLean,Emi Buendía,goal
ENG-Premier League,1920,2019-09-14 Norwich City-Manchester City,Norwich City,28’,2:0,Todd Cantwell,Teemu Pukki,goal
ENG-Premier League,1920,2019-09-14 Norwich City-Manchester City,Norwich City,45+2’,2:1,Sam Byram,,yellow_card
ENG-Premier League,1920,2019-09-14 Norwich City-Manchester City,Manchester City,45’,2:1,Sergio Agüero,Bernardo Silva,goal
ENG-Premier League,1920,2019-09-14 Norwich City-Manchester City,Norwich City,50’,3:1,Teemu Pukki,Emi Buendía,goal
ENG-Premier League,1920,2019-09-14 Norwich City-Manchester City,Manchester City,57’,3:1,Gabriel Jesus,David Silva,substitute_in
ENG-Premier League,1920,2019-09-14 Norwich City-Manchester City,Manchester City,57’,3:1,Kevin De Bruyne,İlkay Gündoğan,substitute_in
ENG-Premier League,1920,2019-09-14 Norwich City-Manchester City,Norwich City,64’,3:1,Kenny McLean,,yellow_card
ENG-Premier League,1920,2019-09-14 Norwich City-Manchester City,Manchester City,69’,3:1,Bernardo Silva,,yellow_card
ENG-Premier League,1920,2019-09-14 Norwich City-Manchester City,Manchester City,73’,3:1,Riyad Mahrez,Bernardo Silva,substitute_in
ENG-Premier League,1920,2019-09-14 Norwich City-Manchester City,Norwich City,83’,3:1,Josip Drmić,Emi Buendía,substitute_in
ENG-Premier League,1920,2019-09-14 Norwich City-Manchester City,Norwich City,87’,3:1,Todd Cantwell,,yellow_card
ENG-Premier League,1920,2019-09-14 Norwich City-Manchester City,Manchester City,88’,3:2,Rodri,Gabriel Jesus,goal
ENG-Premier League,1920,2019-09-14 Norwich City-Manchester City,Norwich City,89’,3:2,Dennis Srbeny,Marco Stiepermann,substitute_in
ENG-Premier League,1920,2019-09-14 Brighton-Burnley,Burnley,27’,0:0,Aaron Lennon,,yellow_card
ENG-Premier League,1920,2019-09-14 Brighton-Burnley,Brighton & Hove Albion,51’,1:0,Neal Maupay,Solly March,goal
ENG-Premier League,1920,2019-09-14 Brighton-Burnley,Burnley,59’,1:0,Jeff Hendrick,Aaron Lennon,substitute_in
ENG-Premier League,1920,2019-09-14 Brighton-Burnley,Burnley,66’,1:0,Jay Rodriguez,Chris Wood,substitute_in
ENG-Premier League,1920,2019-09-14 Brighton-Burnley,Burnley,78’,1:0,Matěj Vydra,Jack Cork,substitute_in
ENG-Premier League,1920,2019-09-14 Brighton-Burnley,Brighton & Hove Albion,80’,1:0,Aaron Mooy,Glenn Murray,substitute_in
ENG-Premier League,1920,2019-09-14 Brighton-Burnley,Burnley,83’,1:0,Ashley Westwood,,yellow_card
ENG-Premier League,1920,2019-09-14 Brighton-Burnley,Brighton & Hove Albion,84’,1:0,Aaron Connolly,Neal Maupay,substitute_in
ENG-Premier League,1920,2019-09-14 Brighton-Burnley,Burnley,90+1’,1:1,Jeff Hendrick,Matěj Vydra,goal
ENG-Premier League,1920,2019-09-14 Brighton-Burnley,Brighton & Hove Albion,90’,1:0,Gaëtan Bong,Solly March,substitute_in
ENG-Premier League,1920,2019-09-28 Chelsea-Brighton,Chelsea,23’,0:0,Andreas Christensen,,yellow_card
ENG-Premier League,1920,2019-09-28 Chelsea-Brighton,Brighton & Hove Albion,28’,0:0,Neal Maupay,,yellow_card
ENG-Premier League,1920,2019-09-28 Chelsea-Brighton,Chelsea,31’,0:0,Marcos Alonso,,yellow_card
ENG-Premier League,1920,2019-09-28 Chelsea-Brighton,Brighton & Hove Albion,33’,0:0,Steven Alzate,,yellow_card
ENG-Premier League,1920,2019-09-28 Chelsea-Brighton,Brighton & Hove Albion,46’,0:0,Gaëtan Bong,Yves Bissouma,substitute_in
ENG-Premier League,1920,2019-09-28 Chelsea-Brighton,Brighton & Hove Albion,49’,0:0,Adam Webster,,yellow_card
ENG-Premier League,1920,2019-09-28 Chelsea-Brighton,Chelsea,50’,1:0,Jorginho,,penalty_goal
ENG-Premier League,1920,2019-09-28 Chelsea-Brighton,Chelsea,63’,1:0,Callum Hudson-Odoi,Pedro,substitute_in
ENG-Premier League,1920,2019-09-28 Chelsea-Brighton,Brighton & Hove Albion,65’,1:0,Aaron Connolly,Aaron Mooy,substitute_in
ENG-Premier League,1920,2019-09-28 Chelsea-Brighton,Chelsea,68’,1:0,Mateo Kovačić,Ross Barkley,substitute_in
ENG-Premier League,1920,2019-09-28 Chelsea-Brighton,Chelsea,76’,2:0,Willian,Callum Hudson-Odoi,goal
ENG-Premier League,1920,2019-09-28 Chelsea-Brighton,Brighton & Hove Albion,79’,2:0,Glenn Murray,Neal Maupay,substitute_in
ENG-Premier League,1920,2019-09-28 Chelsea-Brighton,Chelsea,84’,2:0,Michy Batshuayi,Tammy Abraham,substitute_in
ENG-Premier League,1920,2019-09-14 Tottenham Hotspur-Crystal Palace,Tottenham Hotspur,10’,1:0,Son Heung-min,Toby Alderweireld,goal
ENG-Premier League,1920,2019-09-14 Tottenham Hotspur-Crystal Palace,Tottenham Hotspur,21’,2:0,Patrick van Aanholt,,own_goal
ENG-Premier League,1920,2019-09-14 Tottenham Hotspur-Crystal Palace,Tottenham Hotspur,23’,3:0,Son Heung-min,Serge Aurier,goal
ENG-Premier League,1920,2019-09-14 Tottenham Hotspur-Crystal Palace,Tottenham Hotspur,42’,4:0,Érik Lamela,Harry Kane,goal
ENG-Premier League,1920,2019-09-14 Tottenham Hotspur-Crystal Palace,Tottenham Hotspur,45+2’,4:0,Harry Winks,,yellow_card
ENG-Premier League,1920,2019-09-14 Tottenham Hotspur-Crystal Palace,Tottenham Hotspur,50’,4:0,Danny Rose,,yellow_card
ENG-Premier League,1920,2019-09-14 Tottenham Hotspur-Crystal Palace,Tottenham Hotspur,53’,4:0,Jan Vertonghen,,yellow_card
ENG-Premier League,1920,2019-09-14 Tottenham Hotspur-Crystal Palace,Tottenham Hotspur,60’,4:0,Christian Eriksen,,yellow_card
ENG-Premier League,1920,2019-09-14 Tottenham Hotspur-Crystal Palace,Crystal Palace,61’,4:0,Jordan Ayew,,yellow_card
ENG-Premier League,1920,2019-09-14 Tottenham Hotspur-Crystal Palace,Tottenham Hotspur,67’,4:0,Tanguy Ndombele,Harry Winks,substitute_in
ENG-Premier League,1920,2019-09-14 Tottenham Hotspur-Crystal Palace,Crystal Palace,71’,4:0,Christian Benteke,Jordan Ayew,substitute_in
ENG-Premier League,1920,2019-09-14 Tottenham Hotspur-Crystal Palace,Crystal Palace,76’,4:0,James McCarthy,Cheikhou Kouyaté,substitute_in
ENG-Premier League,1920,2019-09-14 Tottenham Hotspur-Crystal Palace,Tottenham Hotspur,76’,4:0,Ben Davies,Danny Rose,substitute_in
ENG-Premier League,1920,2019-09-14 Tottenham Hotspur-Crystal Palace,Tottenham Hotspur,85’,4:0,Lucas Moura,Harry Kane,substitute_in
ENG-Premier League,1920,2019-09-14 Tottenham Hotspur-Crystal Palace,Crystal Palace,85’,4:0,Víctor Camarasa,Andros Townsend,substitute_in
ENG-Premier League,1920,2019-09-14 Tottenham Hotspur-Crystal Palace,Crystal Palace,89’,4:0,Joel Ward,,yellow_card
ENG-Premier League,1920,2019-09-14 Tottenham Hotspur-Crystal Palace,Crystal Palace,90+1’,4:0,Luka Milivojević,,yellow_card
ENG-Premier League,1920,2020-07-09 Bournemouth-Tottenham Hotspur,Bournemouth,31’,0:0,Jefferson Lerma,,yellow_card
ENG-Premier League,1920,2020-07-09 Bournemouth-Tottenham Hotspur,Tottenham Hotspur,31’,0:0,Moussa Sissoko,,yellow_card
ENG-Premier League,1920,2020-07-09 Bournemouth-Tottenham Hotspur,Tottenham Hotspur,46’,0:0,Son Heung-min,Steven Bergwijn,substitute_in
ENG-Premier League,1920,2020-07-09 Bournemouth-Tottenham Hotspur,Tottenham Hotspur,46’,0:0,Tanguy Ndombele,Giovani Lo Celso,substitute_in
ENG-Premier League,1920,2020-07-09 Bournemouth-Tottenham Hotspur,Bournemouth,63’,0:0,Jack Stacey,Adam Smith,substitute_in
ENG-Premier League,1920,2020-07-09 Bournemouth-Tottenham Hotspur,Bournemouth,66’,0:0,Harry Wilson,David Brooks,substitute_in
ENG-Premier League,1920,2020-07-09 Bournemouth-Tottenham Hotspur,Tottenham Hotspur,75’,0:0,Lucas Moura,Moussa Sissoko,substitute_in
ENG-Premier League,1920,2020-07-09 Bournemouth-Tottenham Hotspur,Bournemouth,87’,0:0,Dan Gosling,,yellow_card
ENG-Premier League,1920,2020-07-09 Bournemouth-Tottenham Hotspur,Tottenham Hotspur,87’,0:0,Tanguy Ndombele,,yellow_card
ENG-Premier League,1920,2020-07-09 Bournemouth-Tottenham Hotspur,Tottenham Hotspur,90+1’,0:0,Gedson Fernandes,Serge Aurier,substitute_in
ENG-Premier League,1920,2020-07-09 Bournemouth-Tottenham Hotspur,Bournemouth,90+5’,0:0,Harry Wilson,,yellow_card
ENG-Premier League,1920,2019-10-26 Watford-Bournemouth,Watford,10’,0:0,Will Hughes,Tom Cleverley,substitute_in
ENG-Premier League,1920,2019-10-26 Watford-Bournemouth,Watford,41’,0:0,Craig Dawson,,yellow_card
ENG-Premier League,1920,2019-10-26 Watford-Bournemouth,Watford,57’,0:0,Andre Gray,Nathaniel Chalobah,substitute_in
ENG-Premier League,1920,2019-10-26 Watford-Bournemouth,Bournemouth,61’,0:0,Harry Wilson,Arnaut Danjuma,substitute_in
ENG-Premier League,1920,2019-10-26 Watford-Bournemouth,Bournemouth,65’,0:0,Callum Wilson,,yellow_card
ENG-Premier League,1920,2019-10-26 Watford-Bournemouth,Watford,73’,0:0,Dimitri Foulquier,Adam Masina,substitute_in
ENG-Premier League,1920,2019-10-26 Watford-Bournemouth,Bournemouth,73’,0:0,Diego Rico,,yellow_card
ENG-Premier League,1920,2019-10-26 Watford-Bournemouth,Bournemouth,74’,0:0,Dominic Solanke,Callum Wilson,substitute_in
ENG-Premier League,1920,2019-10-26 Watford-Bournemouth,Watford,77’,0:0,Gerard Deulofeu,,yellow_card
ENG-Premier League,1920,2019-10-26 Watford-Bournemouth,Bournemouth,80’,0:0,Philip Billing,,yellow_card
ENG-Premier League,1920,2019-10-26 Watford-Bournemouth,Watford,85’,0:0,Abdoulaye Doucouré,,yellow_card
ENG-Premier League,1920,2019-10-26 Watford-Bournemouth,Watford,87’,0:0,Will Hughes,,yellow_card
ENG-Premier League,1920,2019-10-26 Watford-Bournemouth,Watford,89’,0:0,Roberto Pereyra,,yellow_card
ENG-Premier League,1920,2019-12-28 West Ham United-Leicester City,Leicester City,12’,0:0,Demarai Gray,Łukasz Fabiański,penalty_miss
ENG-Premier League,1920,2019-12-28 West Ham United-Leicester City,Leicester City,40’,0:1,Kelechi Iheanacho,Ayoze Pérez,goal
ENG-Premier League,1920,2019-12-28 West Ham United-Leicester City,West Ham United,45’,1:1,Pablo Fornals,Felipe Anderson,goal
ENG-Premier League,1920,2019-12-28 West Ham United-Leicester City,West Ham United,49’,1:1,Arthur Masuaku,,yellow_card
ENG-Premier League,1920,2019-12-28 West Ham United-Leicester City,West Ham United,55’,1:1,Michail Antonio,Sébastien Haller,substitute_in
ENG-Premier League,1920,2019-12-28 West Ham United-Leicester City,West Ham United,56’,1:1,Issa Diop,,yellow_card
ENG-Premier League,1920,2019-12-28 West Ham United-Leicester City,Leicester City,56’,1:2,Demarai Gray,Ayoze Pérez,goal
ENG-Premier League,1920,2019-12-28 West Ham United-Leicester City,West Ham United,62’,1:2,Robert Snodgrass,Carlos Sánchez,substitute_in
ENG-Premier League,1920,2019-12-28 West Ham United-Leicester City,Leicester City,64’,1:2,James Maddison,Ayoze Pérez,substitute_in
ENG-Premier League,1920,2019-12-28 West Ham United-Leicester City,West Ham United,70’,1:2,Albian Ajeti,Manuel Lanzini,substitute_in
ENG-Premier League,1920,2019-12-28 West Ham United-Leicester City,Leicester City,70’,1:2,Wilfred Ndidi,Nampalys Mendy,substitute_in
ENG-Premier League,1920,2019-12-28 West Ham United-Leicester City,West Ham United,77’,1:2,Declan Rice,,yellow_card
ENG-Premier League,1920,2019-12-28 West Ham United-Leicester City,Leicester City,83’,1:2,Harvey Barnes,Demarai Gray,substitute_in
ENG-Premier League,1920,2019-12-28 West Ham United-Leicester City,Leicester City,90’,1:2,Hamza Choudhury,,yellow_card
ENG-Premier League,1920,2019-12-28 West Ham United-Leicester City,West Ham United,9’,0:0,Łukasz Fabiański,,yellow_card
ENG-Premier League,1920,2020-07-11 Norwich City-West Ham United,West Ham United,11’,0:1,Michail Antonio,Issa Diop,goal
ENG-Premier League,1920,2020-07-11 Norwich City-West Ham United,Norwich City,33’,0:1,Marco Stiepermann,,yellow_card
ENG-Premier League,1920,2020-07-11 Norwich City-West Ham United,West Ham United,45+1’,0:2,Michail Antonio,Mark Noble,goal
ENG-Premier League,1920,2020-07-11 Norwich City-West Ham United,West Ham United,54’,0:3,Michail Antonio,,goal
ENG-Premier League,1920,2020-07-11 Norwich City-West Ham United,Norwich City,69’,0:3,Todd Cantwell,Marco Stiepermann,substitute_in
ENG-Premier League,1920,2020-07-11 Norwich City-West Ham United,Norwich City,69’,0:3,Adam Idah,Teemu Pukki,substitute_in
ENG-Premier League,1920,2020-07-11 Norwich City-West Ham United,Norwich City,70’,0:3,Lukas Rupp,Emi Buendía,substitute_in
ENG-Premier League,1920,2020-07-11 Norwich City-West Ham United,Norwich City,70’,0:3,Josh Martin,Onel Hernández,substitute_in
ENG-Premier League,1920,2020-07-11 Norwich City-West Ham United,West Ham United,74’,0:4,Michail Antonio,Ryan Fredericks,goal
ENG-Premier League,1920,2020-07-11 Norwich City-West Ham United,West Ham United,77’,0:4,Jack Wilshere,Mark Noble,substitute_in
ENG-Premier League,1920,2020-07-11 Norwich City-West Ham United,Norwich City,78’,0:4,Kenny McLean,Mario Vrančić,substitute_in
ENG-Premier League,1920,2020-07-11 Norwich City-West Ham United,West Ham United,78’,0:4,Sébastien Haller,Michail Antonio,substitute_in
ENG-Premier League,1920,2020-07-11 Norwich City-West Ham United,West Ham United,83’,0:4,Andriy Yarmolenko,Jarrod Bowen,substitute_in
ENG-Premier League,1920,2020-07-11 Norwich City-West Ham United,West Ham United,83’,0:4,Arthur Masuaku,Pablo Fornals,substitute_in
ENG-Premier League,1920,2020-07-11 Norwich City-West Ham United,West Ham United,87’,0:4,Fabián Balbuena,Angelo Ogbonna,substitute_in
ENG-Premier League,1920,2019-11-02 Sheffield United-Burnley,Sheffield United,17’,1:0,John Lundstram,Lys Mousset,goal
ENG-Premier League,1920,2019-11-02 Sheffield United-Burnley,Burnley,34’,1:0,James Tarkowski,,yellow_card
ENG-Premier League,1920,2019-11-02 Sheffield United-Burnley,Sheffield United,43’,2:0,John Lundstram,Lys Mousset,goal
ENG-Premier League,1920,2019-11-02 Sheffield United-Burnley,Sheffield United,44’,3:0,John Fleck,Lys Mousset,goal
ENG-Premier League,1920,2019-11-02 Sheffield United-Burnley,Burnley,46’,3:0,Charlie Taylor,Erik Pieters,substitute_in
ENG-Premier League,1920,2019-11-02 Sheffield United-Burnley,Burnley,59’,3:0,Robbie Brady,Dwight McNeil,substitute_in
ENG-Premier League,1920,2019-11-02 Sheffield United-Burnley,Sheffield United,65’,3:0,Billy Sharp,Lys Mousset,substitute_in
ENG-Premier League,1920,2019-11-02 Sheffield United-Burnley,Burnley,68’,3:0,Ashley Barnes,,yellow_card
ENG-Premier League,1920,2019-11-02 Sheffield United-Burnley,Sheffield United,75’,3:0,Oliver McBurnie,David McGoldrick,substitute_in
ENG-Premier League,1920,2019-11-02 Sheffield United-Burnley,Burnley,78’,3:0,Matěj Vydra,Jay Rodriguez,substitute_in
ENG-Premier League,1920,2019-11-02 Sheffield United-Burnley,Sheffield United,79’,3:0,Phil Jagielka,John Egan,substitute_in
ENG-Premier League,1920,2019-11-02 Sheffield United-Burnley,Sheffield United,89’,3:0,Chris Basham,,yellow_card
ENG-Premier League,1920,2019-11-23 Bournemouth-Wolves,Bournemouth,17’,0:0,Philip Billing,,yellow_card
ENG-Premier League,1920,2019-11-23 Bournemouth-Wolves,Bournemouth,21’,0:0,Simon Francis,,yellow_card
ENG-Premier League,1920,2019-11-23 Bournemouth-Wolves,Wolverhampton Wanderers,21’,0:1,João Moutinho,,goal
ENG-Premier League,1920,2019-11-23 Bournemouth-Wolves,Wolverhampton Wanderers,31’,0:2,Raúl Jiménez,Adama Traoré,goal
ENG-Premier League,1920,2019-11-23 Bournemouth-Wolves,Bournemouth,37’,0:2,Simon Francis,,yellow_red_card
ENG-Premier League,1920,2019-11-23 Bournemouth-Wolves,Bournemouth,46’,0:2,Arnaut Danjuma,Harry Wilson,substitute_in
ENG-Premier League,1920,2019-11-23 Bournemouth-Wolves,Bournemouth,46’,0:2,Jefferson Lerma,Philip Billing,substitute_in
ENG-Premier League,1920,2019-11-23 Bournemouth-Wolves,Wolverhampton Wanderers,4’,0:0,Romain Saïss,,yellow_card
ENG-Premier League,1920,2019-11-23 Bournemouth-Wolves,Bournemouth,59’,1:2,Steve Cook,Ryan Fraser,goal
ENG-Premier League,1920,2019-11-23 Bournemouth-Wolves,Bournemouth,76’,1:2,Dan Gosling,Lewis Cook,substitute_in
ENG-Premier League,1920,2019-11-23 Bournemouth-Wolves,Wolverhampton Wanderers,89’,1:2,Rúben Vinagre,Diogo Jota,substitute_in
ENG-Premier League,1920,2019-11-23 Bournemouth-Wolves,Bournemouth,90’,1:2,Diego Rico,,yellow_card
ENG-Premier League,1920,2020-07-15 Newcastle United-Tottenham Hotspur,Tottenham Hotspur,27’,0:1,Son Heung-min,Giovani Lo Celso,goal
ENG-Premier League,1920,2020-07-15 Newcastle United-Tottenham Hotspur,Tottenham Hotspur,31’,0:1,Toby Alderweireld,,yellow_card
ENG-Premier League,1920,2020-07-15 Newcastle United-Tottenham Hotspur,Newcastle United,35’,0:1,Federico Fernández,,yellow_card
ENG-Premier League,1920,2020-07-15 Newcastle United-Tottenham Hotspur,Newcastle United,55’,0:1,Valentino Lazaro,DeAndre Yedlin,substitute_in
ENG-Premier League,1920,2020-07-15 Newcastle United-Tottenham Hotspur,Newcastle United,56’,1:1,Matt Ritchie,,goal
ENG-Premier League,1920,2020-07-15 Newcastle United-Tottenham Hotspur,Tottenham Hotspur,57’,1:1,Steven Bergwijn,Lucas Moura,substitute_in
ENG-Premier League,1920,2020-07-15 Newcastle United-Tottenham Hotspur,Tottenham Hotspur,60’,1:2,Harry Kane,Steven Bergwijn,goal
ENG-Premier League,1920,2020-07-15 Newcastle United-Tottenham Hotspur,Tottenham Hotspur,62’,1:2,Érik Lamela,Giovani Lo Celso,substitute_in
ENG-Premier League,1920,2020-07-15 Newcastle United-Tottenham Hotspur,Newcastle United,65’,1:2,Jonjo Shelvey,,yellow_card
ENG-Premier League,1920,2020-07-15 Newcastle United-Tottenham Hotspur,Newcastle United,69’,1:2,Joelinton,Dwight Gayle,substitute_in
ENG-Premier League,1920,2020-07-15 Newcastle United-Tottenham Hotspur,Tottenham Hotspur,74’,1:2,Harry Kane,,yellow_card
ENG-Premier League,1920,2020-07-15 Newcastle United-Tottenham Hotspur,Tottenham Hotspur,85’,1:2,Ben Davies,,yellow_card
ENG-Premier League,1920,2020-07-15 Newcastle United-Tottenham Hotspur,Newcastle United,86’,1:2,Matthew Longstaff,Nabil Bentaleb,substitute_in
ENG-Premier League,1920,2020-07-15 Newcastle United-Tottenham Hotspur,Tottenham Hotspur,90+1’,1:3,Jan Vertonghen,Harry Kane,substitute_in
ENG-Premier League,1920,2020-07-15 Newcastle United-Tottenham Hotspur,Tottenham Hotspur,90’,1:3,Harry Kane,,goal
ENG-Premier League,1920,2019-11-02 Brighton-Norwich City,Brighton & Hove Albion,36’,0:0,Shane Duffy,Adam Webster,substitute_in
ENG-Premier League,1920,2019-11-02 Brighton-Norwich City,Brighton & Hove Albion,59’,0:0,Leandro Trossard,Pascal Groß,substitute_in
ENG-Premier League,1920,2019-11-02 Brighton-Norwich City,Norwich City,63’,0:0,Marco Stiepermann,,yellow_card
ENG-Premier League,1920,2019-11-02 Brighton-Norwich City,Brighton & Hove Albion,68’,1:0,Leandro Trossard,Martín Montoya,goal
ENG-Premier League,1920,2019-11-02 Brighton-Norwich City,Norwich City,75’,1:0,Josip Drmić,Marco Stiepermann,substitute_in
ENG-Premier League,1920,2019-11-02 Brighton-Norwich City,Brighton & Hove Albion,84’,2:0,Shane Duffy,Leandro Trossard,goal
ENG-Premier League,1920,2019-11-02 Brighton-Norwich City,Norwich City,84’,2:0,Todd Cantwell,Tom Trybull,substitute_in
ENG-Premier League,1920,2019-11-02 Brighton-Norwich City,Norwich City,84’,2:0,Dennis Srbeny,Alexander Tettey,substitute_in
ENG-Premier League,1920,2019-11-02 Brighton-Norwich City,Brighton & Hove Albion,86’,2:0,Ezequiel Schelotto,Aaron Connolly,substitute_in
ENG-Premier League,1920,2019-11-02 Aston Villa-Liverpool,Aston Villa,21’,1:0,Trézéguet,John McGinn,goal
ENG-Premier League,1920,2019-11-02 Aston Villa-Liverpool,Liverpool,37’,1:0,Sadio Mané,,yellow_card
ENG-Premier League,1920,2019-11-02 Aston Villa-Liverpool,Liverpool,58’,1:0,Virgil van Dijk,,yellow_card
ENG-Premier League,1920,2019-11-02 Aston Villa-Liverpool,Liverpool,65’,1:0,Alex Oxlade-Chamberlain,Mohamed Salah,substitute_in
ENG-Premier League,1920,2019-11-02 Aston Villa-Liverpool,Liverpool,65’,1:0,Divock Origi,Georginio Wijnaldum,substitute_in
ENG-Premier League,1920,2019-11-02 Aston Villa-Liverpool,Aston Villa,69’,1:0,Ahmed Elmohamady,Frederic Guilbert,substitute_in
ENG-Premier League,1920,2019-11-02 Aston Villa-Liverpool,Aston Villa,73’,1:0,Conor Hourihane,Douglas Luiz,substitute_in
ENG-Premier League,1920,2019-11-02 Aston Villa-Liverpool,Aston Villa,81’,1:0,Anwar El Ghazi,,yellow_card
ENG-Premier League,1920,2019-11-02 Aston Villa-Liverpool,Liverpool,84’,1:0,Naby Keïta,Adam Lallana,substitute_in
ENG-Premier League,1920,2019-11-02 Aston Villa-Liverpool,Aston Villa,86’,1:0,Jonathan Kodjia,Wesley Moraes,substitute_in
ENG-Premier League,1920,2019-11-02 Aston Villa-Liverpool,Liverpool,87’,1:1,Andrew Robertson,Sadio Mané,goal
ENG-Premier League,1920,2019-11-02 Aston Villa-Liverpool,Liverpool,90+4’,1:2,Sadio Mané,Trent Alexander-Arnold,goal
ENG-Premier League,1920,2019-12-21 Norwich City-Wolves,Norwich City,17’,1:0,Todd Cantwell,,goal
ENG-Premier League,1920,2019-12-21 Norwich City-Wolves,Wolverhampton Wanderers,33’,1:0,Jonny Castro,,yellow_card
ENG-Premier League,1920,2019-12-21 Norwich City-Wolves,Norwich City,53’,1:0,Sam Byram,,yellow_card
ENG-Premier League,1920,2019-12-21 Norwich City-Wolves,Wolverhampton Wanderers,57’,1:0,Romain Saïss,,yellow_card
ENG-Premier League,1920,2019-12-21 Norwich City-Wolves,Wolverhampton Wanderers,60’,1:1,Romain Saïss,João Moutinho,goal
ENG-Premier League,1920,2019-12-21 Norwich City-Wolves,Wolverhampton Wanderers,70’,1:1,João Moutinho,,yellow_card
ENG-Premier League,1920,2019-12-21 Norwich City-Wolves,Wolverhampton Wanderers,77’,1:1,Pedro Neto,Diogo Jota,substitute_in
ENG-Premier League,1920,2019-12-21 Norwich City-Wolves,Wolverhampton Wanderers,81’,1:2,Raúl Jiménez,,goal
ENG-Premier League,1920,2019-12-21 Norwich City-Wolves,Norwich City,86’,1:2,Dennis Srbeny,Todd Cantwell,substitute_in
ENG-Premier League,1920,2019-12-21 Norwich City-Wolves,Norwich City,86’,1:2,Mario Vrančić,Tom Trybull,substitute_in
ENG-Premier League,1920,2019-12-21 Norwich City-Wolves,Norwich City,87’,1:2,Onel Hernández,Alexander Tettey,substitute_in
ENG-Premier League,1920,2019-12-21 Norwich City-Wolves,Norwich City,90+1’,1:2,Grant Hanley,,yellow_card
ENG-Premier League,1920,2019-12-21 Norwich City-Wolves,Wolverhampton Wanderers,90+4’,1:2,Patrick Cutrone,Raúl Jiménez,substitute_in
ENG-Premier League,1920,2019-12-21 Norwich City-Wolves,Wolverhampton Wanderers,90+6’,1:2,Matt Doherty,,yellow_card
ENG-Premier League,1920,2019-08-31 Crystal Palace-Aston Villa,Aston Villa,17’,0:0,Douglas Luiz,,yellow_card
ENG-Premier League,1920,2019-08-31 Crystal Palace-Aston Villa,Aston Villa,35’,0:0,Neil Taylor,,yellow_card
ENG-Premier League,1920,2019-08-31 Crystal Palace-Aston Villa,Aston Villa,40’,0:0,Frederic Guilbert,,yellow_card
ENG-Premier League,1920,2019-08-31 Crystal Palace-Aston Villa,Aston Villa,44’,0:0,Trézéguet,,yellow_card
ENG-Premier League,1920,2019-08-31 Crystal Palace-Aston Villa,Aston Villa,54’,0:0,Trézéguet,,yellow_red_card
ENG-Premier League,1920,2019-08-31 Crystal Palace-Aston Villa,Crystal Palace,58’,0:0,Luka Milivojević,,yellow_card
ENG-Premier League,1920,2019-08-31 Crystal Palace-Aston Villa,Aston Villa,59’,0:0,Keinan Davis,Jota,substitute_in
ENG-Premier League,1920,2019-08-31 Crystal Palace-Aston Villa,Crystal Palace,71’,0:0,Cheikhou Kouyaté,,yellow_card
ENG-Premier League,1920,2019-08-31 Crystal Palace-Aston Villa,Aston Villa,71’,0:0,Conor Hourihane,Douglas Luiz,substitute_in
ENG-Premier League,1920,2019-08-31 Crystal Palace-Aston Villa,Crystal Palace,73’,1:0,Jordan Ayew,,goal
ENG-Premier League,1920,2019-08-31 Crystal Palace-Aston Villa,Crystal Palace,79’,1:0,Mamadou Sakho,Martin Kelly,substitute_in
ENG-Premier League,1920,2019-08-31 Crystal Palace-Aston Villa,Crystal Palace,84’,1:0,Andros Townsend,Jeffrey Schlupp,substitute_in
ENG-Premier League,1920,2019-08-31 Crystal Palace-Aston Villa,Aston Villa,85’,1:0,Henri Lansbury,Wesley Moraes,substitute_in
ENG-Premier League,1920,2019-08-31 Crystal Palace-Aston Villa,Crystal Palace,86’,1:0,Christian Benteke,Jordan Ayew,substitute_in
ENG-Premier League,1920,2019-08-31 Crystal Palace-Aston Villa,Aston Villa,90+6’,1:0,Jack Grealish,,yellow_card
ENG-Premier League,1920,2019-09-28 Tottenham Hotspur-Southampton,Tottenham Hotspur,24’,1:0,Tanguy Ndombele,Son Heung-min,goal
ENG-Premier League,1920,2019-09-28 Tottenham Hotspur-Southampton,Tottenham Hotspur,27’,1:0,Serge Aurier,,yellow_card
ENG-Premier League,1920,2019-09-28 Tottenham Hotspur-Southampton,Tottenham Hotspur,31’,1:0,Serge Aurier,,yellow_red_card
ENG-Premier League,1920,2019-09-28 Tottenham Hotspur-Southampton,Southampton,39’,1:1,Danny Ings,,goal
ENG-Premier League,1920,2019-09-28 Tottenham Hotspur-Southampton,Tottenham Hotspur,43’,2:1,Harry Kane,Christian Eriksen,goal
ENG-Premier League,1920,2019-09-28 Tottenham Hotspur-Southampton,Tottenham Hotspur,64’,2:1,Érik Lamela,Son Heung-min,substitute_in
ENG-Premier League,1920,2019-09-28 Tottenham Hotspur-Southampton,Southampton,68’,2:1,Maya Yoshida,,yellow_card
ENG-Premier League,1920,2019-09-28 Tottenham Hotspur-Southampton,Tottenham Hotspur,78’,2:1,Eric Dier,Tanguy Ndombele,substitute_in
ENG-Premier League,1920,2019-09-28 Tottenham Hotspur-Southampton,Southampton,79’,2:1,Stuart Armstrong,Jannik Vestergaard,substitute_in
ENG-Premier League,1920,2019-09-28 Tottenham Hotspur-Southampton,Southampton,82’,2:1,Jan Bednarek,,yellow_card
ENG-Premier League,1920,2019-09-28 Tottenham Hotspur-Southampton,Southampton,83’,2:1,Michael Obafemi,Danny Ings,substitute_in
ENG-Premier League,1920,2019-09-28 Tottenham Hotspur-Southampton,Southampton,88’,2:1,Shane Long,Sofiane Boufal,substitute_in
ENG-Premier League,1920,2019-09-28 Tottenham Hotspur-Southampton,Tottenham Hotspur,90+3’,2:1,Victor Wanyama,Harry Winks,substitute_in
ENG-Premier League,1920,2019-10-05 West Ham United-Crystal Palace,West Ham United,44’,0:0,Andriy Yarmolenko,,yellow_card
ENG-Premier League,1920,2019-10-05 West Ham United-Crystal Palace,Crystal Palace,51’,0:0,Joel Ward,,yellow_card
ENG-Premier League,1920,2019-10-05 West Ham United-Crystal Palace,West Ham United,54’,1:0,Sébastien Haller,Ryan Fredericks,goal
ENG-Premier League,1920,2019-10-05 West Ham United-Crystal Palace,West Ham United,61’,1:0,Sébastien Haller,,yellow_card
ENG-Premier League,1920,2019-10-05 West Ham United-Crystal Palace,Crystal Palace,63’,1:1,Patrick van Aanholt,,penalty_goal
ENG-Premier League,1920,2019-10-05 West Ham United-Crystal Palace,West Ham United,68’,1:1,Pablo Fornals,Manuel Lanzini,substitute_in
ENG-Premier League,1920,2019-10-05 West Ham United-Crystal Palace,West Ham United,78’,1:1,Jack Wilshere,Andriy Yarmolenko,substitute_in
ENG-Premier League,1920,2019-10-05 West Ham United-Crystal Palace,Crystal Palace,81’,1:1,Andros Townsend,James McCarthy,substitute_in
ENG-Premier League,1920,2019-10-05 West Ham United-Crystal Palace,West Ham United,84’,1:1,Pablo Zabaleta,Aaron Cresswell,substitute_in
ENG-Premier League,1920,2019-10-05 West Ham United-Crystal Palace,West Ham United,86’,1:1,Ryan Fredericks,,yellow_card
ENG-Premier League,1920,2019-10-05 West Ham United-Crystal Palace,Crystal Palace,87’,1:2,Jordan Ayew,Martin Kelly,goal
ENG-Premier League,1920,2019-10-05 West Ham United-Crystal Palace,Crystal Palace,90+6’,1:2,Christian Benteke,,yellow_card
ENG-Premier League,1920,2019-10-05 West Ham United-Crystal Palace,Crystal Palace,90’,1:2,Christian Benteke,Jordan Ayew,substitute_in
ENG-Premier League,1920,2019-12-15 Manchester Utd-Everton,Everton,25’,0:0,Leighton Baines,Lucas Digne,substitute_in
ENG-Premier League,1920,2019-12-15 Manchester Utd-Everton,Everton,36’,0:1,Victor Lindelöf,,own_goal
ENG-Premier League,1920,2019-12-15 Manchester Utd-Everton,Everton,57’,0:1,Richarlison,,yellow_card
ENG-Premier League,1920,2019-12-15 Manchester Utd-Everton,Everton,5’,0:0,Tom Davies,,yellow_card
ENG-Premier League,1920,2019-12-15 Manchester Utd-Everton,Manchester United,65’,0:1,Mason Greenwood,Jesse Lingard,substitute_in
ENG-Premier League,1920,2019-12-15 Manchester Utd-Everton,Manchester United,66’,0:1,Victor Lindelöf,,yellow_card
ENG-Premier League,1920,2019-12-15 Manchester Utd-Everton,Everton,70’,0:1,Moise Kean,Bernard,substitute_in
ENG-Premier League,1920,2019-12-15 Manchester Utd-Everton,Manchester United,77’,1:1,Mason Greenwood,Daniel James,goal
ENG-Premier League,1920,2019-12-15 Manchester Utd-Everton,Manchester United,86’,1:1,Juan Mata,Daniel James,substitute_in
ENG-Premier League,1920,2019-12-15 Manchester Utd-Everton,Everton,89’,1:1,Oumar Niasse,Moise Kean,substitute_in
ENG-Premier League,1920,2020-03-01 Tottenham Hotspur-Wolves,Tottenham Hotspur,13’,1:0,Steven Bergwijn,,goal
ENG-Premier League,1920,2020-03-01 Tottenham Hotspur-Wolves,Wolverhampton Wanderers,27’,1:1,Matt Doherty,,goal
ENG-Premier League,1920,2020-03-01 Tottenham Hotspur-Wolves,Tottenham Hotspur,45’,2:1,Serge Aurier,Dele Alli,goal
ENG-Premier League,1920,2020-03-01 Tottenham Hotspur-Wolves,Wolverhampton Wanderers,57’,2:2,Diogo Jota,,goal
ENG-Premier League,1920,2020-03-01 Tottenham Hotspur-Wolves,Tottenham Hotspur,59’,2:2,Giovani Lo Celso,,yellow_card
ENG-Premier League,1920,2020-03-01 Tottenham Hotspur-Wolves,Wolverhampton Wanderers,71’,2:2,Willy Boly,,yellow_card
ENG-Premier League,1920,2020-03-01 Tottenham Hotspur-Wolves,Wolverhampton Wanderers,73’,2:3,Raúl Jiménez,Diogo Jota,goal
ENG-Premier League,1920,2020-03-01 Tottenham Hotspur-Wolves,Wolverhampton Wanderers,74’,2:3,Pedro Neto,Adama Traoré,substitute_in
ENG-Premier League,1920,2020-03-01 Tottenham Hotspur-Wolves,Tottenham Hotspur,76’,2:3,Tanguy Ndombele,Japhet Tanganga,substitute_in
ENG-Premier League,1920,2020-03-01 Tottenham Hotspur-Wolves,Wolverhampton Wanderers,79’,2:3,Leander Dendoncker,Diogo Jota,substitute_in
ENG-Premier League,1920,2020-03-01 Tottenham Hotspur-Wolves,Tottenham Hotspur,82’,2:3,Gedson Fernandes,Serge Aurier,substitute_in
ENG-Premier League,1920,2020-03-01 Tottenham Hotspur-Wolves,Tottenham Hotspur,84’,2:3,Ben Davies,,yellow_card
ENG-Premier League,1920,2020-03-01 Tottenham Hotspur-Wolves,Tottenham Hotspur,84’,2:3,Harry Winks,,yellow_card
ENG-Premier League,1920,2020-03-01 Tottenham Hotspur-Wolves,Tottenham Hotspur,90+1’,2:3,Troy Parrott,Ben Davies,substitute_in
ENG-Premier League,1920,2020-03-01 Tottenham Hotspur-Wolves,Wolverhampton Wanderers,90+2’,2:3,Daniel Podence,Raúl Jiménez,substitute_in
ENG-Premier League,1920,2020-03-01 Tottenham Hotspur-Wolves,Wolverhampton Wanderers,90+5’,2:3,Leander Dendoncker,,yellow_card
ENG-Premier League,1920,2020-07-17 West Ham United-Watford,West Ham United,10’,2:0,Tomáš Souček,Jarrod Bowen,goal
ENG-Premier League,1920,2020-07-17 West Ham United-Watford,Watford,35’,2:0,Will Hughes,,yellow_card
ENG-Premier League,1920,2020-07-17 West Ham United-Watford,West Ham United,36’,3:0,Declan Rice,Mark Noble,goal
ENG-Premier League,1920,2020-07-17 West Ham United-Watford,Watford,46’,3:0,Adrian Mariappa,Adam Masina,substitute_in
ENG-Premier League,1920,2020-07-17 West Ham United-Watford,Watford,49’,3:1,Troy Deeney,,goal
ENG-Premier League,1920,2020-07-17 West Ham United-Watford,Watford,67’,3:1,Andre Gray,Troy Deeney,substitute_in
ENG-Premier League,1920,2020-07-17 West Ham United-Watford,West Ham United,6’,1:0,Michail Antonio,,goal
ENG-Premier League,1920,2020-07-17 West Ham United-Watford,West Ham United,72’,3:1,Sébastien Haller,Pablo Fornals,substitute_in
ENG-Premier League,1920,2020-07-17 West Ham United-Watford,Watford,72’,3:1,Nathaniel Chalobah,Abdoulaye Doucouré,substitute_in
ENG-Premier League,1920,2020-07-17 West Ham United-Watford,West Ham United,81’,3:1,Andriy Yarmolenko,Jarrod Bowen,substitute_in
ENG-Premier League,1920,2020-07-17 West Ham United-Watford,Watford,86’,3:1,João Pedro,Danny Welbeck,substitute_in
ENG-Premier League,1920,2020-07-17 West Ham United-Watford,West Ham United,90+4’,3:1,Fabián Balbuena,Michail Antonio,substitute_in
ENG-Premier League,1920,2020-07-17 West Ham United-Watford,Watford,9’,1:0,Tom Cleverley,,yellow_card
ENG-Premier League,1920,2020-01-18 Norwich City-Bournemouth,Bournemouth,31’,0:0,Steve Cook,,red_card
ENG-Premier League,1920,2020-01-18 Norwich City-Bournemouth,Norwich City,33’,1:0,Teemu Pukki,,penalty_goal
ENG-Premier League,1920,2020-01-18 Norwich City-Bournemouth,Bournemouth,34’,1:0,Simon Francis,Harry Wilson,substitute_in
ENG-Premier League,1920,2020-01-18 Norwich City-Bournemouth,Norwich City,50’,1:0,Emi Buendía,,yellow_card
ENG-Premier League,1920,2020-01-18 Norwich City-Bournemouth,Norwich City,76’,1:0,Ben Godfrey,,red_card
ENG-Premier League,1920,2020-01-18 Norwich City-Bournemouth,Norwich City,77’,1:0,Tim Krul,,yellow_card
ENG-Premier League,1920,2020-01-18 Norwich City-Bournemouth,Bournemouth,77’,1:0,Callum Wilson,,yellow_card
ENG-Premier League,1920,2020-01-18 Norwich City-Bournemouth,Norwich City,78’,1:0,Grant Hanley,Ondrej Duda,substitute_in
ENG-Premier League,1920,2020-01-18 Norwich City-Bournemouth,Bournemouth,78’,1:0,Dominic Solanke,Jefferson Lerma,substitute_in
ENG-Premier League,1920,2020-01-18 Norwich City-Bournemouth,Norwich City,85’,1:0,Josip Drmić,Teemu Pukki,substitute_in
ENG-Premier League,1920,2020-01-18 Norwich City-Bournemouth,Bournemouth,86’,1:0,Lewis Cook,Dan Gosling,substitute_in
ENG-Premier League,1920,2020-01-18 Norwich City-Bournemouth,Norwich City,90+3’,1:0,Lukas Rupp,Emi Buendía,substitute_in
ENG-Premier League,1920,2020-01-18 Norwich City-Bournemouth,Bournemouth,90+5’,1:0,Adam Smith,,yellow_card
ENG-Premier League,1920,2019-11-03 Crystal Palace-Leicester City,Leicester City,48’,0:0,Jonny Evans,,yellow_card
ENG-Premier League,1920,2019-11-03 Crystal Palace-Leicester City,Crystal Palace,54’,0:0,Jeffrey Schlupp,,yellow_card
ENG-Premier League,1920,2019-11-03 Crystal Palace-Leicester City,Leicester City,57’,0:1,Çağlar Söyüncü,,goal
ENG-Premier League,1920,2019-11-03 Crystal Palace-Leicester City,Crystal Palace,63’,0:1,James Tomkins,,yellow_card
ENG-Premier League,1920,2019-11-03 Crystal Palace-Leicester City,Crystal Palace,74’,0:1,Max Meyer,Cheikhou Kouyaté,substitute_in
ENG-Premier League,1920,2019-11-03 Crystal Palace-Leicester City,Leicester City,74’,0:1,Demarai Gray,Ayoze Pérez,substitute_in
ENG-Premier League,1920,2019-11-03 Crystal Palace-Leicester City,Crystal Palace,78’,0:1,James McCarthy,James McArthur,substitute_in
ENG-Premier League,1920,2019-11-03 Crystal Palace-Leicester City,Crystal Palace,78’,0:1,Christian Benteke,Jordan Ayew,substitute_in
ENG-Premier League,1920,2019-11-03 Crystal Palace-Leicester City,Leicester City,81’,0:1,Çağlar Söyüncü,,yellow_card
ENG-Premier League,1920,2019-11-03 Crystal Palace-Leicester City,Leicester City,85’,0:1,Wes Morgan,Harvey Barnes,substitute_in
ENG-Premier League,1920,2019-11-03 Crystal Palace-Leicester City,Leicester City,88’,0:2,Jamie Vardy,Demarai Gray,goal
ENG-Premier League,1920,2019-11-03 Crystal Palace-Leicester City,Leicester City,90+1’,0:2,Dennis Praet,James Maddison,substitute_in
ENG-Premier League,1920,2020-07-05 Southampton-Manchester City,Southampton,16’,1:0,Che Adams,Stuart Armstrong,goal
ENG-Premier League,1920,2020-07-05 Southampton-Manchester City,Southampton,45’,1:0,Oriol Romeu,,yellow_card
ENG-Premier League,1920,2020-07-05 Southampton-Manchester City,Manchester City,57’,1:0,Fernandinho,,yellow_card
ENG-Premier League,1920,2020-07-05 Southampton-Manchester City,Manchester City,59’,1:0,Kevin De Bruyne,Riyad Mahrez,substitute_in
ENG-Premier League,1920,2020-07-05 Southampton-Manchester City,Manchester City,59’,1:0,Phil Foden,Raheem Sterling,substitute_in
ENG-Premier League,1920,2020-07-05 Southampton-Manchester City,Southampton,70’,1:0,Shane Long,Che Adams,substitute_in
ENG-Premier League,1920,2020-07-05 Southampton-Manchester City,Manchester City,86’,1:0,Gabriel Jesus,,yellow_card
ENG-Premier League,1920,2020-07-05 Southampton-Manchester City,Southampton,90+7’,1:0,William Smallbone,Stuart Armstrong,substitute_in
ENG-Premier League,1920,2020-02-17 Chelsea-Manchester Utd,Chelsea,12’,0:0,Mason Mount,N'Golo Kanté,substitute_in
ENG-Premier League,1920,2020-02-17 Chelsea-Manchester Utd,Chelsea,35’,0:0,Willian,,yellow_card
ENG-Premier League,1920,2020-02-17 Chelsea-Manchester Utd,Manchester United,45’,0:1,Anthony Martial,Aaron Wan-Bissaka,goal
ENG-Premier League,1920,2020-02-17 Chelsea-Manchester Utd,Chelsea,46’,0:1,Kurt Zouma,Andreas Christensen,substitute_in
ENG-Premier League,1920,2020-02-17 Chelsea-Manchester Utd,Chelsea,48’,0:1,Antonio Rüdiger,,yellow_card
ENG-Premier League,1920,2020-02-17 Chelsea-Manchester Utd,Chelsea,59’,0:1,Kurt Zouma,,yellow_card
ENG-Premier League,1920,2020-02-17 Chelsea-Manchester Utd,Manchester United,59’,0:1,Fred,,yellow_card
ENG-Premier League,1920,2020-02-17 Chelsea-Manchester Utd,Chelsea,64’,0:1,Pedro,,yellow_card
ENG-Premier League,1920,2020-02-17 Chelsea-Manchester Utd,Manchester United,66’,0:2,Harry Maguire,Bruno Fernandes,goal
ENG-Premier League,1920,2020-02-17 Chelsea-Manchester Utd,Chelsea,68’,0:2,Olivier Giroud,Michy Batshuayi,substitute_in
ENG-Premier League,1920,2020-02-17 Chelsea-Manchester Utd,Manchester United,76’,0:2,Brandon Williams,,yellow_card
ENG-Premier League,1920,2020-02-17 Chelsea-Manchester Utd,Manchester United,79’,0:2,Aaron Wan-Bissaka,,yellow_card
ENG-Premier League,1920,2020-02-17 Chelsea-Manchester Utd,Manchester United,80’,0:2,Andreas Pereira,Daniel James,substitute_in
ENG-Premier League,1920,2020-02-17 Chelsea-Manchester Utd,Manchester United,90+1’,0:2,Odion Ighalo,Anthony Martial,substitute_in
ENG-Premier League,1920,2020-02-17 Chelsea-Manchester Utd,Manchester United,90+2’,0:2,Diogo Dalot,Bruno Fernandes,substitute_in
ENG-Premier League,1920,2020-07-11 Liverpool-Burnley,Liverpool,34’,1:0,Andrew Robertson,Fabinho,goal
ENG-Premier League,1920,2020-07-11 Liverpool-Burnley,Burnley,65’,1:0,Jóhann Berg Guðmundsson,Erik Pieters,substitute_in
ENG-Premier League,1920,2020-07-11 Liverpool-Burnley,Burnley,65’,1:0,Matěj Vydra,Chris Wood,substitute_in
ENG-Premier League,1920,2020-07-11 Liverpool-Burnley,Liverpool,69’,1:0,Naby Keïta,Curtis Jones,substitute_in
ENG-Premier League,1920,2020-07-11 Liverpool-Burnley,Liverpool,69’,1:0,Trent Alexander-Arnold,Neco Williams,substitute_in
ENG-Premier League,1920,2020-07-11 Liverpool-Burnley,Burnley,69’,1:1,Jay Rodriguez,James Tarkowski,goal
ENG-Premier League,1920,2020-07-11 Liverpool-Burnley,Liverpool,80’,1:1,Joe Gomez,,yellow_card
ENG-Premier League,1920,2020-07-11 Liverpool-Burnley,Liverpool,81’,1:1,Alex Oxlade-Chamberlain,Georginio Wijnaldum,substitute_in
ENG-Premier League,1920,2020-07-11 Liverpool-Burnley,Burnley,88’,1:1,Phil Bardsley,,yellow_card
ENG-Premier League,1920,2020-07-11 Liverpool-Burnley,Burnley,89’,1:1,Nick Pope,,yellow_card
ENG-Premier League,1920,2020-02-01 Leicester City-Chelsea,Chelsea,46’,0:1,Antonio Rüdiger,Mason Mount,goal
ENG-Premier League,1920,2020-02-01 Leicester City-Chelsea,Leicester City,54’,1:1,Harvey Barnes,Youri Tielemans,goal
ENG-Premier League,1920,2020-02-01 Leicester City-Chelsea,Chelsea,56’,1:1,Jorginho,,yellow_card
ENG-Premier League,1920,2020-02-01 Leicester City-Chelsea,Leicester City,61’,1:1,James Maddison,,yellow_card
ENG-Premier League,1920,2020-02-01 Leicester City-Chelsea,Leicester City,64’,2:1,Ben Chilwell,Youri Tielemans,goal
ENG-Premier League,1920,2020-02-01 Leicester City-Chelsea,Chelsea,71’,2:2,Antonio Rüdiger,Mason Mount,goal
ENG-Premier League,1920,2020-02-01 Leicester City-Chelsea,Chelsea,74’,2:2,Mateo Kovačić,Jorginho,substitute_in
ENG-Premier League,1920,2020-02-01 Leicester City-Chelsea,Chelsea,74’,2:2,Willian,Pedro,substitute_in
ENG-Premier League,1920,2020-02-01 Leicester City-Chelsea,Chelsea,76’,2:2,Mateo Kovačić,,yellow_card
ENG-Premier League,1920,2020-02-01 Leicester City-Chelsea,Leicester City,80’,2:2,Dennis Praet,Youri Tielemans,substitute_in
ENG-Premier League,1920,2020-02-01 Leicester City-Chelsea,Leicester City,80’,2:2,Kelechi Iheanacho,Jamie Vardy,substitute_in
ENG-Premier League,1920,2020-02-01 Leicester City-Chelsea,Chelsea,83’,2:2,Ross Barkley,Tammy Abraham,substitute_in
ENG-Premier League,1920,2020-02-01 Leicester City-Chelsea,Leicester City,90+3’,2:2,Jonny Evans,,yellow_card
ENG-Premier League,1920,2019-11-10 Wolves-Aston Villa,Aston Villa,10’,0:0,Frederic Guilbert,,yellow_card
ENG-Premier League,1920,2019-11-10 Wolves-Aston Villa,Wolverhampton Wanderers,12’,0:0,Romain Saïss,,yellow_card
ENG-Premier League,1920,2019-11-10 Wolves-Aston Villa,Aston Villa,27’,0:0,Marvelous Nakamba,,yellow_card
ENG-Premier League,1920,2019-11-10 Wolves-Aston Villa,Aston Villa,40’,0:0,Tyrone Mings,,yellow_card
ENG-Premier League,1920,2019-11-10 Wolves-Aston Villa,Wolverhampton Wanderers,41’,1:0,Rúben Neves,João Moutinho,goal
ENG-Premier League,1920,2019-11-10 Wolves-Aston Villa,Aston Villa,45+3’,1:0,Neil Taylor,Matt Targett,substitute_in
ENG-Premier League,1920,2019-11-10 Wolves-Aston Villa,Aston Villa,69’,1:0,Henri Lansbury,Marvelous Nakamba,substitute_in
ENG-Premier League,1920,2019-11-10 Wolves-Aston Villa,Wolverhampton Wanderers,74’,1:0,Diogo Jota,,yellow_card
ENG-Premier League,1920,2019-11-10 Wolves-Aston Villa,Wolverhampton Wanderers,83’,1:0,Pedro Neto,Diogo Jota,substitute_in
ENG-Premier League,1920,2019-11-10 Wolves-Aston Villa,Wolverhampton Wanderers,84’,2:0,Raúl Jiménez,Adama Traoré,goal
ENG-Premier League,1920,2019-11-10 Wolves-Aston Villa,Wolverhampton Wanderers,86’,2:0,João Moutinho,,yellow_card
ENG-Premier League,1920,2019-11-10 Wolves-Aston Villa,Wolverhampton Wanderers,86’,2:0,Ryan Bennett,Rúben Neves,substitute_in
ENG-Premier League,1920,2019-11-10 Wolves-Aston Villa,Aston Villa,8’,0:0,Ørjan Nyland,Jed Steer,substitute_in
ENG-Premier League,1920,2019-11-10 Wolves-Aston Villa,Wolverhampton Wanderers,90+1’,2:0,Jonny Castro,,yellow_card
ENG-Premier League,1920,2019-11-10 Wolves-Aston Villa,Aston Villa,90+2’,2:1,Trézéguet,,goal
ENG-Premier League,1920,2019-11-10 Wolves-Aston Villa,Wolverhampton Wanderers,90’,2:0,Patrick Cutrone,Raúl Jiménez,substitute_in
ENG-Premier League,1920,2019-12-04 Wolves-West Ham United,Wolverhampton Wanderers,23’,1:0,Leander Dendoncker,João Moutinho,goal
ENG-Premier League,1920,2019-12-04 Wolves-West Ham United,Wolverhampton Wanderers,30’,1:0,Diogo Jota,,yellow_card
ENG-Premier League,1920,2019-12-04 Wolves-West Ham United,West Ham United,62’,1:0,Andriy Yarmolenko,Robert Snodgrass,substitute_in
ENG-Premier League,1920,2019-12-04 Wolves-West Ham United,West Ham United,67’,1:0,Declan Rice,,yellow_card
ENG-Premier League,1920,2019-12-04 Wolves-West Ham United,West Ham United,71’,1:0,Nathan Holland,Mark Noble,substitute_in
ENG-Premier League,1920,2019-12-04 Wolves-West Ham United,Wolverhampton Wanderers,72’,1:0,Pedro Neto,Diogo Jota,substitute_in
ENG-Premier League,1920,2019-12-04 Wolves-West Ham United,West Ham United,78’,1:0,Aaron Cresswell,,yellow_card
ENG-Premier League,1920,2019-12-04 Wolves-West Ham United,West Ham United,80’,1:0,Albian Ajeti,Sébastien Haller,substitute_in
ENG-Premier League,1920,2019-12-04 Wolves-West Ham United,Wolverhampton Wanderers,84’,1:0,Patrick Cutrone,Raúl Jiménez,substitute_in
ENG-Premier League,1920,2019-12-04 Wolves-West Ham United,Wolverhampton Wanderers,86’,2:0,Patrick Cutrone,Pedro Neto,goal
ENG-Premier League,1920,2019-12-04 Wolves-West Ham United,Wolverhampton Wanderers,89’,2:0,Ryan Bennett,Adama Traoré,substitute_in
ENG-Premier League,1920,2020-07-26 Everton-Bournemouth,Bournemouth,13’,0:1,Joshua King,,penalty_goal
ENG-Premier League,1920,2020-07-26 Everton-Bournemouth,Everton,41’,1:1,Moise Kean,Theo Walcott,goal
ENG-Premier League,1920,2020-07-26 Everton-Bournemouth,Bournemouth,45+1’,1:2,Dominic Solanke,Diego Rico,goal
ENG-Premier League,1920,2020-07-26 Everton-Bournemouth,Everton,58’,1:2,Djibril Sidibé,Séamus Coleman,substitute_in
ENG-Premier League,1920,2020-07-26 Everton-Bournemouth,Everton,58’,1:2,Anthony Gordon,Theo Walcott,substitute_in
ENG-Premier League,1920,2020-07-26 Everton-Bournemouth,Bournemouth,64’,1:2,Junior Stanislas,David Brooks,substitute_in
ENG-Premier League,1920,2020-07-26 Everton-Bournemouth,Bournemouth,64’,1:2,Philip Billing,Dominic Solanke,substitute_in
ENG-Premier League,1920,2020-07-26 Everton-Bournemouth,Everton,70’,1:2,Leighton Baines,Lucas Digne,substitute_in
ENG-Premier League,1920,2020-07-26 Everton-Bournemouth,Everton,70’,1:2,Bernard,Tom Davies,substitute_in
ENG-Premier League,1920,2020-07-26 Everton-Bournemouth,Everton,70’,1:2,Dominic Calvert-Lewin,Moise Kean,substitute_in
ENG-Premier League,1920,2020-07-26 Everton-Bournemouth,Everton,79’,1:2,Michael Keane,,yellow_card
ENG-Premier League,1920,2020-07-26 Everton-Bournemouth,Bournemouth,80’,1:3,Junior Stanislas,Joshua King,goal
ENG-Premier League,1920,2020-07-26 Everton-Bournemouth,Bournemouth,88’,1:3,Harry Wilson,Joshua King,substitute_in
ENG-Premier League,1920,2019-10-05 Watford-Sheffield United,Watford,57’,0:0,Craig Dawson,Sebastian Prödl,substitute_in
ENG-Premier League,1920,2019-10-05 Watford-Sheffield United,Sheffield United,57’,0:0,Oliver McBurnie,,yellow_card
ENG-Premier League,1920,2019-10-05 Watford-Sheffield United,Watford,59’,0:0,Gerard Deulofeu,Andre Gray,substitute_in
ENG-Premier League,1920,2019-10-05 Watford-Sheffield United,Sheffield United,62’,0:0,Lys Mousset,Oliver McBurnie,substitute_in
ENG-Premier League,1920,2019-10-05 Watford-Sheffield United,Sheffield United,71’,0:0,Billy Sharp,Callum Robinson,substitute_in
ENG-Premier League,1920,2019-10-05 Watford-Sheffield United,Watford,77’,0:0,Ismaila Sarr,Danny Welbeck,substitute_in
ENG-Premier League,1920,2019-10-05 Watford-Sheffield United,Sheffield United,90+1’,0:0,John Lundstram,,yellow_card
ENG-Premier League,1920,2019-11-30 Liverpool-Brighton,Liverpool,18’,1:0,Virgil van Dijk,Trent Alexander-Arnold,goal
ENG-Premier League,1920,2019-11-30 Liverpool-Brighton,Liverpool,24’,2:0,Virgil van Dijk,Trent Alexander-Arnold,goal
ENG-Premier League,1920,2019-11-30 Liverpool-Brighton,Liverpool,69’,2:0,Adam Lallana,Mohamed Salah,substitute_in
ENG-Premier League,1920,2019-11-30 Liverpool-Brighton,Brighton & Hove Albion,69’,2:0,Steven Alzate,Martín Montoya,substitute_in
ENG-Premier League,1920,2019-11-30 Liverpool-Brighton,Brighton & Hove Albion,69’,2:0,Leandro Trossard,Yves Bissouma,substitute_in
ENG-Premier League,1920,2019-11-30 Liverpool-Brighton,Liverpool,76’,2:0,Divock Origi,Roberto Firmino,substitute_in
ENG-Premier League,1920,2019-11-30 Liverpool-Brighton,Liverpool,76’,2:0,Alisson,,red_card
ENG-Premier League,1920,2019-11-30 Liverpool-Brighton,Brighton & Hove Albion,76’,2:0,Neal Maupay,Aaron Connolly,substitute_in
ENG-Premier League,1920,2019-11-30 Liverpool-Brighton,Liverpool,78’,2:0,Adrián,Alex Oxlade-Chamberlain,substitute_in
ENG-Premier League,1920,2019-11-30 Liverpool-Brighton,Brighton & Hove Albion,79’,2:1,Lewis Dunk,,goal
ENG-Premier League,1920,2020-02-29 West Ham United-Southampton,West Ham United,15’,1:0,Jarrod Bowen,Pablo Fornals,goal
ENG-Premier League,1920,2020-02-29 West Ham United-Southampton,Southampton,31’,1:1,Michael Obafemi,James Ward-Prowse,goal
ENG-Premier League,1920,2020-02-29 West Ham United-Southampton,West Ham United,40’,2:1,Sébastien Haller,Michail Antonio,goal
ENG-Premier League,1920,2020-02-29 West Ham United-Southampton,Southampton,45+1’,2:1,Jack Stephens,,yellow_card
ENG-Premier League,1920,2020-02-29 West Ham United-Southampton,West Ham United,54’,3:1,Michail Antonio,Pablo Fornals,goal
ENG-Premier League,1920,2020-02-29 West Ham United-Southampton,Southampton,54’,2:1,Danny Ings,Sofiane Boufal,substitute_in
ENG-Premier League,1920,2020-02-29 West Ham United-Southampton,West Ham United,65’,3:1,Aaron Cresswell,,yellow_card
ENG-Premier League,1920,2020-02-29 West Ham United-Southampton,Southampton,68’,3:1,Jannik Vestergaard,Michael Obafemi,substitute_in
ENG-Premier League,1920,2020-02-29 West Ham United-Southampton,West Ham United,78’,3:1,Robert Snodgrass,Jarrod Bowen,substitute_in
ENG-Premier League,1920,2020-02-29 West Ham United-Southampton,Southampton,78’,3:1,Oriol Romeu,William Smallbone,substitute_in
ENG-Premier League,1920,2020-02-29 West Ham United-Southampton,West Ham United,90+2’,3:1,Felipe Anderson,Pablo Fornals,substitute_in
ENG-Premier League,1920,2019-10-05 Burnley-Everton,Everton,43’,0:0,Séamus Coleman,,yellow_card
ENG-Premier League,1920,2019-10-05 Burnley-Everton,Burnley,55’,0:0,Charlie Taylor,Erik Pieters,substitute_in
ENG-Premier League,1920,2019-10-05 Burnley-Everton,Everton,56’,0:0,Séamus Coleman,,yellow_red_card
ENG-Premier League,1920,2019-10-05 Burnley-Everton,Everton,59’,0:0,Djibril Sidibé,Gylfi Sigurðsson,substitute_in
ENG-Premier League,1920,2019-10-05 Burnley-Everton,Burnley,64’,0:0,Jeff Hendrick,,yellow_card
ENG-Premier League,1920,2019-10-05 Burnley-Everton,Burnley,72’,1:0,Jeff Hendrick,Ashley Westwood,goal
ENG-Premier League,1920,2019-10-05 Burnley-Everton,Burnley,73’,1:0,Jay Rodriguez,Ashley Barnes,substitute_in
ENG-Premier League,1920,2019-10-05 Burnley-Everton,Everton,74’,1:0,Moise Kean,Dominic Calvert-Lewin,substitute_in
ENG-Premier League,1920,2019-10-05 Burnley-Everton,Burnley,84’,1:0,Aaron Lennon,Jóhann Berg Guðmundsson,substitute_in
ENG-Premier League,1920,2019-10-05 Burnley-Everton,Everton,84’,1:0,André Gomes,Morgan Schneiderlin,substitute_in
ENG-Premier League,1920,2019-10-05 Burnley-Everton,Everton,86’,1:0,Djibril Sidibé,,yellow_card
ENG-Premier League,1920,2019-10-05 Burnley-Everton,Burnley,90+4’,1:0,Ashley Westwood,,yellow_card
ENG-Premier League,1920,2020-07-08 Brighton-Liverpool,Liverpool,41’,0:2,Neco Williams,,yellow_card
ENG-Premier League,1920,2020-07-08 Brighton-Liverpool,Brighton & Hove Albion,45’,1:2,Leandro Trossard,Tariq Lamptey,goal
ENG-Premier League,1920,2020-07-08 Brighton-Liverpool,Liverpool,46’,1:2,Andrew Robertson,Neco Williams,substitute_in
ENG-Premier League,1920,2020-07-08 Brighton-Liverpool,Liverpool,61’,1:2,Sadio Mané,Alex Oxlade-Chamberlain,substitute_in
ENG-Premier League,1920,2020-07-08 Brighton-Liverpool,Liverpool,61’,1:2,Fabinho,Naby Keïta,substitute_in
ENG-Premier League,1920,2020-07-08 Brighton-Liverpool,Liverpool,62’,1:2,Sadio Mané,,yellow_card
ENG-Premier League,1920,2020-07-08 Brighton-Liverpool,Liverpool,6’,0:1,Mohamed Salah,Naby Keïta,goal
ENG-Premier League,1920,2020-07-08 Brighton-Liverpool,Brighton & Hove Albion,71’,1:2,Yves Bissouma,Davy Pröpper,substitute_in
ENG-Premier League,1920,2020-07-08 Brighton-Liverpool,Brighton & Hove Albion,71’,1:2,Aaron Mooy,Alexis Mac Allister,substitute_in
ENG-Premier League,1920,2020-07-08 Brighton-Liverpool,Brighton & Hove Albion,71’,1:2,Aaron Connolly,Pascal Groß,substitute_in
ENG-Premier League,1920,2020-07-08 Brighton-Liverpool,Liverpool,76’,1:3,Mohamed Salah,Andrew Robertson,goal
ENG-Premier League,1920,2020-07-08 Brighton-Liverpool,Liverpool,78’,1:3,Fabinho,,yellow_card
ENG-Premier League,1920,2020-07-08 Brighton-Liverpool,Liverpool,80’,1:3,James Milner,Jordan Henderson,substitute_in
ENG-Premier League,1920,2020-07-08 Brighton-Liverpool,Brighton & Hove Albion,85’,1:3,Tariq Lamptey,,yellow_card
ENG-Premier League,1920,2020-07-08 Brighton-Liverpool,Liverpool,87’,1:3,Takumi Minamino,Roberto Firmino,substitute_in
ENG-Premier League,1920,2020-07-08 Brighton-Liverpool,Liverpool,89’,1:3,Joe Gomez,,yellow_card
ENG-Premier League,1920,2020-07-08 Brighton-Liverpool,Liverpool,8’,0:2,Jordan Henderson,Mohamed Salah,goal
ENG-Premier League,1920,2020-01-21 Everton-Newcastle United,Everton,30’,1:0,Moise Kean,Bernard,goal
ENG-Premier League,1920,2020-01-21 Everton-Newcastle United,Everton,54’,2:0,Dominic Calvert-Lewin,Lucas Digne,goal
ENG-Premier League,1920,2020-01-21 Everton-Newcastle United,Newcastle United,62’,2:0,Ciaran Clark,,yellow_card
ENG-Premier League,1920,2020-01-21 Everton-Newcastle United,Newcastle United,62’,2:0,Emil Krafth,Christian Atsu,substitute_in
ENG-Premier League,1920,2020-01-21 Everton-Newcastle United,Everton,68’,2:0,Dominic Calvert-Lewin,,yellow_card
ENG-Premier League,1920,2020-01-21 Everton-Newcastle United,Newcastle United,70’,2:0,Florian Lejeune,Ciaran Clark,substitute_in
ENG-Premier League,1920,2020-01-21 Everton-Newcastle United,Everton,71’,2:0,Séamus Coleman,Moise Kean,substitute_in
ENG-Premier League,1920,2020-01-21 Everton-Newcastle United,Newcastle United,78’,2:0,Fabian Schär,Joelinton,substitute_in
ENG-Premier League,1920,2020-01-21 Everton-Newcastle United,Everton,83’,2:0,Tom Davies,Bernard,substitute_in
ENG-Premier League,1920,2020-01-21 Everton-Newcastle United,Everton,88’,2:0,Oumar Niasse,Theo Walcott,substitute_in
ENG-Premier League,1920,2020-01-21 Everton-Newcastle United,Newcastle United,90+4’,2:1,Florian Lejeune,,goal
ENG-Premier League,1920,2020-01-21 Everton-Newcastle United,Newcastle United,90+5’,2:2,Florian Lejeune,,goal
ENG-Premier League,1920,2019-10-19 Aston Villa-Brighton,Aston Villa,19’,0:0,Conor Hourihane,,yellow_card
ENG-Premier League,1920,2019-10-19 Aston Villa-Brighton,Brighton & Hove Albion,21’,0:1,Adam Webster,Pascal Groß,goal
ENG-Premier League,1920,2019-10-19 Aston Villa-Brighton,Brighton & Hove Albion,30’,0:1,Aaron Mooy,,yellow_card
ENG-Premier League,1920,2019-10-19 Aston Villa-Brighton,Brighton & Hove Albion,35’,0:1,Aaron Mooy,,yellow_red_card
ENG-Premier League,1920,2019-10-19 Aston Villa-Brighton,Aston Villa,45+2’,1:1,Jack Grealish,Frederic Guilbert,goal
ENG-Premier League,1920,2019-10-19 Aston Villa-Brighton,Brighton & Hove Albion,46’,1:1,Solly March,Aaron Connolly,substitute_in
ENG-Premier League,1920,2019-10-19 Aston Villa-Brighton,Brighton & Hove Albion,53’,1:1,Martín Montoya,,yellow_card
ENG-Premier League,1920,2019-10-19 Aston Villa-Brighton,Aston Villa,63’,1:1,Trézéguet,Conor Hourihane,substitute_in
ENG-Premier League,1920,2019-10-19 Aston Villa-Brighton,Brighton & Hove Albion,70’,1:1,Shane Duffy,Martín Montoya,substitute_in
ENG-Premier League,1920,2019-10-19 Aston Villa-Brighton,Aston Villa,76’,1:1,Douglas Luiz,Anwar El Ghazi,substitute_in
ENG-Premier League,1920,2019-10-19 Aston Villa-Brighton,Aston Villa,76’,1:1,Keinan Davis,Wesley Moraes,substitute_in
ENG-Premier League,1920,2019-10-19 Aston Villa-Brighton,Brighton & Hove Albion,81’,1:1,Steven Alzate,Neal Maupay,substitute_in
ENG-Premier League,1920,2019-10-19 Aston Villa-Brighton,Brighton & Hove Albion,87’,1:1,Solly March,,yellow_card
ENG-Premier League,1920,2019-10-19 Aston Villa-Brighton,Aston Villa,90+4’,2:1,Matt Targett,Jack Grealish,goal
ENG-Premier League,1920,2019-08-10 Burnley-Southampton,Burnley,63’,1:0,Ashley Barnes,Erik Pieters,goal
ENG-Premier League,1920,2019-08-10 Burnley-Southampton,Southampton,66’,1:0,Michael Obafemi,Danny Ings,substitute_in
ENG-Premier League,1920,2019-08-10 Burnley-Southampton,Burnley,70’,2:0,Ashley Barnes,Erik Pieters,goal
ENG-Premier League,1920,2019-08-10 Burnley-Southampton,Southampton,73’,2:0,Pierre Højbjerg,Jack Stephens,substitute_in
ENG-Premier League,1920,2019-08-10 Burnley-Southampton,Southampton,73’,2:0,Sofiane Boufal,Che Adams,substitute_in
ENG-Premier League,1920,2019-08-10 Burnley-Southampton,Burnley,75’,3:0,Jóhann Berg Guðmundsson,,goal
ENG-Premier League,1920,2019-08-10 Burnley-Southampton,Burnley,84’,3:0,Jay Rodriguez,Ashley Barnes,substitute_in
ENG-Premier League,1920,2019-08-10 Burnley-Southampton,Burnley,84’,3:0,Aaron Lennon,Dwight McNeil,substitute_in
ENG-Premier League,1920,2019-10-19 Leicester City-Burnley,Burnley,26’,0:1,Chris Wood,Dwight McNeil,goal
ENG-Premier League,1920,2019-10-19 Leicester City-Burnley,Burnley,2’,0:0,Jeff Hendrick,,yellow_card
ENG-Premier League,1920,2019-10-19 Leicester City-Burnley,Leicester City,45’,1:1,Jamie Vardy,Harvey Barnes,goal
ENG-Premier League,1920,2019-10-19 Leicester City-Burnley,Burnley,62’,1:1,Chris Wood,,yellow_card
ENG-Premier League,1920,2019-10-19 Leicester City-Burnley,Burnley,65’,1:1,Aaron Lennon,Robbie Brady,substitute_in
ENG-Premier League,1920,2019-10-19 Leicester City-Burnley,Leicester City,67’,1:1,Demarai Gray,Ayoze Pérez,substitute_in
ENG-Premier League,1920,2019-10-19 Leicester City-Burnley,Leicester City,73’,1:1,Dennis Praet,James Maddison,substitute_in
ENG-Premier League,1920,2019-10-19 Leicester City-Burnley,Leicester City,74’,2:1,Youri Tielemans,Harvey Barnes,goal
ENG-Premier League,1920,2019-10-19 Leicester City-Burnley,Leicester City,79’,2:1,Wes Morgan,Harvey Barnes,substitute_in
ENG-Premier League,1920,2019-10-19 Leicester City-Burnley,Burnley,83’,2:1,Matěj Vydra,Jay Rodriguez,substitute_in
ENG-Premier League,1920,2019-10-19 Leicester City-Burnley,Burnley,90+4’,2:1,Matthew Lowton,,yellow_card
ENG-Premier League,1920,2020-01-22 Leicester City-West Ham United,Leicester City,24’,1:0,Harvey Barnes,Ricardo Pereira,goal
ENG-Premier League,1920,2020-01-22 Leicester City-West Ham United,Leicester City,34’,1:0,Wilfred Ndidi,Nampalys Mendy,substitute_in
ENG-Premier League,1920,2020-01-22 Leicester City-West Ham United,Leicester City,43’,1:0,Kelechi Iheanacho,Jamie Vardy,substitute_in
ENG-Premier League,1920,2020-01-22 Leicester City-West Ham United,Leicester City,45+5’,2:0,Ricardo Pereira,Harvey Barnes,goal
ENG-Premier League,1920,2020-01-22 Leicester City-West Ham United,West Ham United,46’,2:0,Pablo Fornals,Robert Snodgrass,substitute_in
ENG-Premier League,1920,2020-01-22 Leicester City-West Ham United,West Ham United,46’,2:0,Michail Antonio,Arthur Masuaku,substitute_in
ENG-Premier League,1920,2020-01-22 Leicester City-West Ham United,Leicester City,50’,2:1,Kasper Schmeichel,,yellow_card
ENG-Premier League,1920,2020-01-22 Leicester City-West Ham United,West Ham United,50’,2:1,Mark Noble,,penalty_goal
ENG-Premier League,1920,2020-01-22 Leicester City-West Ham United,West Ham United,79’,2:1,Angelo Ogbonna,,yellow_card
ENG-Premier League,1920,2020-01-22 Leicester City-West Ham United,Leicester City,81’,3:1,Ayoze Pérez,,penalty_goal
ENG-Premier League,1920,2020-01-22 Leicester City-West Ham United,Leicester City,83’,3:1,Wes Morgan,Harvey Barnes,substitute_in
ENG-Premier League,1920,2020-01-22 Leicester City-West Ham United,Leicester City,88’,4:1,Ayoze Pérez,Kelechi Iheanacho,goal
ENG-Premier League,1920,2019-12-04 Southampton-Norwich City,Southampton,22’,1:0,Danny Ings,James Ward-Prowse,goal
ENG-Premier League,1920,2019-12-04 Southampton-Norwich City,Southampton,43’,2:0,Ryan Bertrand,Shane Long,goal
ENG-Premier League,1920,2019-12-04 Southampton-Norwich City,Norwich City,46’,2:0,Alexander Tettey,Tom Trybull,substitute_in
ENG-Premier League,1920,2019-12-04 Southampton-Norwich City,Norwich City,46’,2:0,Marco Stiepermann,Ibrahim Amadou,substitute_in
ENG-Premier League,1920,2019-12-04 Southampton-Norwich City,Southampton,59’,2:0,Moussa Djenepo,,yellow_card
ENG-Premier League,1920,2019-12-04 Southampton-Norwich City,Norwich City,62’,2:0,Sam Byram,,yellow_card
ENG-Premier League,1920,2019-12-04 Southampton-Norwich City,Norwich City,65’,2:1,Teemu Pukki,Alexander Tettey,goal
ENG-Premier League,1920,2019-12-04 Southampton-Norwich City,Southampton,72’,2:1,Oriol Romeu,Moussa Djenepo,substitute_in
ENG-Premier League,1920,2019-12-04 Southampton-Norwich City,Southampton,77’,2:1,Che Adams,Danny Ings,substitute_in
ENG-Premier League,1920,2019-12-04 Southampton-Norwich City,Norwich City,83’,2:1,Emi Buendía,Todd Cantwell,substitute_in
ENG-Premier League,1920,2019-12-04 Southampton-Norwich City,Southampton,85’,2:1,Maya Yoshida,Shane Long,substitute_in
ENG-Premier League,1920,2019-12-28 Watford-Aston Villa,Watford,42’,1:0,Troy Deeney,,goal
ENG-Premier League,1920,2019-12-28 Watford-Aston Villa,Watford,46’,1:0,Nathaniel Chalobah,Will Hughes,substitute_in
ENG-Premier League,1920,2019-12-28 Watford-Aston Villa,Aston Villa,46’,1:0,Anwar El Ghazi,Jota,substitute_in
ENG-Premier League,1920,2019-12-28 Watford-Aston Villa,Watford,51’,1:0,Adrian Mariappa,,yellow_card
ENG-Premier League,1920,2019-12-28 Watford-Aston Villa,Watford,57’,1:0,Adrian Mariappa,,yellow_red_card
ENG-Premier League,1920,2019-12-28 Watford-Aston Villa,Watford,60’,1:0,Craig Dawson,Nathaniel Chalobah,substitute_in
ENG-Premier League,1920,2019-12-28 Watford-Aston Villa,Aston Villa,66’,1:0,Frederic Guilbert,Matt Targett,substitute_in
ENG-Premier League,1920,2019-12-28 Watford-Aston Villa,Watford,67’,2:0,Troy Deeney,,penalty_goal
ENG-Premier League,1920,2019-12-28 Watford-Aston Villa,Watford,71’,3:0,Ismaila Sarr,Étienne Capoue,goal
ENG-Premier League,1920,2019-12-28 Watford-Aston Villa,Aston Villa,73’,3:0,Jonathan Kodjia,Henri Lansbury,substitute_in
ENG-Premier League,1920,2019-12-28 Watford-Aston Villa,Watford,74’,3:0,Étienne Capoue,,yellow_card
ENG-Premier League,1920,2019-12-28 Watford-Aston Villa,Watford,84’,3:0,Ismaila Sarr,,yellow_card
ENG-Premier League,1920,2019-12-28 Watford-Aston Villa,Watford,85’,3:0,Adam Masina,Craig Cathcart,substitute_in
ENG-Premier League,1920,2019-12-28 Watford-Aston Villa,Watford,90+2’,3:0,Troy Deeney,,yellow_card
ENG-Premier League,1920,2019-12-28 Watford-Aston Villa,Aston Villa,90+6’,3:0,Jack Grealish,,yellow_card
ENG-Premier League,1920,2019-12-05 Arsenal-Brighton,Arsenal,20’,0:0,Héctor Bellerín,,yellow_card
ENG-Premier League,1920,2019-12-05 Arsenal-Brighton,Brighton & Hove Albion,36’,0:1,Adam Webster,,goal
ENG-Premier League,1920,2019-12-05 Arsenal-Brighton,Arsenal,45+1’,0:1,Sokratis Papastathopoulos,,yellow_card
ENG-Premier League,1920,2019-12-05 Arsenal-Brighton,Arsenal,46’,0:1,Nicolas Pépé,Joe Willock,substitute_in
ENG-Premier League,1920,2019-12-05 Arsenal-Brighton,Arsenal,50’,1:1,Alexandre Lacazette,Mesut Özil,goal
ENG-Premier League,1920,2019-12-05 Arsenal-Brighton,Brighton & Hove Albion,60’,1:1,Pascal Groß,,yellow_card
ENG-Premier League,1920,2019-12-05 Arsenal-Brighton,Arsenal,68’,1:1,David Luiz,,yellow_card
ENG-Premier League,1920,2019-12-05 Arsenal-Brighton,Arsenal,72’,1:1,Kieran Tierney,Sead Kolašinac,substitute_in
ENG-Premier League,1920,2019-12-05 Arsenal-Brighton,Brighton & Hove Albion,76’,1:1,Martín Montoya,Aaron Connolly,substitute_in
ENG-Premier League,1920,2019-12-05 Arsenal-Brighton,Arsenal,77’,1:1,Gabriel Martinelli,Alexandre Lacazette,substitute_in
ENG-Premier League,1920,2019-12-05 Arsenal-Brighton,Brighton & Hove Albion,80’,1:2,Neal Maupay,Aaron Mooy,goal
ENG-Premier League,1920,2019-12-05 Arsenal-Brighton,Brighton & Hove Albion,80’,1:2,Leandro Trossard,Pascal Groß,substitute_in
ENG-Premier League,1920,2019-12-05 Arsenal-Brighton,Brighton & Hove Albion,88’,1:2,Shane Duffy,Steven Alzate,substitute_in
ENG-Premier League,1920,2020-06-28 Watford-Southampton,Southampton,16’,0:1,Danny Ings,William Smallbone,goal
ENG-Premier League,1920,2020-06-28 Watford-Southampton,Watford,32’,0:1,Craig Dawson,,yellow_card
ENG-Premier League,1920,2020-06-28 Watford-Southampton,Southampton,65’,0:1,Stuart Armstrong,William Smallbone,substitute_in
ENG-Premier League,1920,2020-06-28 Watford-Southampton,Southampton,70’,0:2,Danny Ings,,goal
ENG-Premier League,1920,2020-06-28 Watford-Southampton,Watford,73’,0:2,Danny Welbeck,Will Hughes,substitute_in
ENG-Premier League,1920,2020-06-28 Watford-Southampton,Watford,74’,0:2,José Holebas,Adam Masina,substitute_in
ENG-Premier League,1920,2020-06-28 Watford-Southampton,Watford,74’,0:2,João Pedro,Roberto Pereyra,substitute_in
ENG-Premier League,1920,2020-06-28 Watford-Southampton,Southampton,75’,0:2,Che Adams,Shane Long,substitute_in
ENG-Premier League,1920,2020-06-28 Watford-Southampton,Watford,79’,1:2,Jan Bednarek,,own_goal
ENG-Premier League,1920,2020-06-28 Watford-Southampton,Watford,79’,1:2,Ignacio Pussetto,Kiko Femenía,substitute_in
ENG-Premier League,1920,2020-06-28 Watford-Southampton,Southampton,82’,1:3,James Ward-Prowse,,goal
ENG-Premier League,1920,2020-06-28 Watford-Southampton,Watford,90+5’,1:3,Abdoulaye Doucouré,,yellow_card
ENG-Premier League,1920,2020-06-28 Watford-Southampton,Watford,90+6’,1:3,Craig Cathcart,,yellow_card
ENG-Premier League,1920,2019-09-28 Aston Villa-Burnley,Burnley,23’,0:0,Ashley Barnes,,yellow_card
ENG-Premier League,1920,2019-09-28 Aston Villa-Burnley,Aston Villa,33’,1:0,Anwar El Ghazi,Frederic Guilbert,goal
ENG-Premier League,1920,2019-09-28 Aston Villa-Burnley,Burnley,44’,1:0,James Tarkowski,,yellow_card
ENG-Premier League,1920,2019-09-28 Aston Villa-Burnley,Burnley,46’,1:0,Jay Rodriguez,Jack Cork,substitute_in
ENG-Premier League,1920,2019-09-28 Aston Villa-Burnley,Aston Villa,62’,1:0,Neil Taylor,Matt Targett,substitute_in
ENG-Premier League,1920,2019-09-28 Aston Villa-Burnley,Burnley,68’,1:1,Jay Rodriguez,Erik Pieters,goal
ENG-Premier League,1920,2019-09-28 Aston Villa-Burnley,Aston Villa,70’,1:1,Trézéguet,Anwar El Ghazi,substitute_in
ENG-Premier League,1920,2019-09-28 Aston Villa-Burnley,Burnley,77’,1:1,Ashley Westwood,,yellow_card
ENG-Premier League,1920,2019-09-28 Aston Villa-Burnley,Aston Villa,79’,2:1,John McGinn,Trézéguet,goal
ENG-Premier League,1920,2019-09-28 Aston Villa-Burnley,Burnley,81’,2:2,Chris Wood,Matthew Lowton,goal
ENG-Premier League,1920,2019-09-28 Aston Villa-Burnley,Burnley,83’,2:2,Robbie Brady,Ashley Barnes,substitute_in
ENG-Premier League,1920,2019-09-28 Aston Villa-Burnley,Aston Villa,86’,2:2,Trézéguet,,yellow_card
ENG-Premier League,1920,2019-09-28 Aston Villa-Burnley,Aston Villa,88’,2:2,Keinan Davis,Wesley Moraes,substitute_in
ENG-Premier League,1920,2019-09-28 Aston Villa-Burnley,Burnley,90+7’,2:2,Jay Rodriguez,,yellow_card
ENG-Premier League,1920,2019-08-10 Watford-Brighton,Brighton & Hove Albion,28’,0:1,Abdoulaye Doucouré,,own_goal
ENG-Premier League,1920,2019-08-10 Watford-Brighton,Watford,46’,0:1,Roberto Pereyra,Gerard Deulofeu,substitute_in
ENG-Premier League,1920,2019-08-10 Watford-Brighton,Brighton & Hove Albion,64’,0:1,Neal Maupay,Glenn Murray,substitute_in
ENG-Premier League,1920,2019-08-10 Watford-Brighton,Brighton & Hove Albion,64’,0:1,Florin Andone,Jürgen Locadia,substitute_in
ENG-Premier League,1920,2019-08-10 Watford-Brighton,Brighton & Hove Albion,65’,0:2,Florin Andone,Davy Pröpper,goal
ENG-Premier League,1920,2019-08-10 Watford-Brighton,Watford,75’,0:2,Isaac Success,Andre Gray,substitute_in
ENG-Premier League,1920,2019-08-10 Watford-Brighton,Brighton & Hove Albion,77’,0:3,Neal Maupay,Lewis Dunk,goal
ENG-Premier League,1920,2019-08-10 Watford-Brighton,Brighton & Hove Albion,88’,0:3,Lewis Dunk,,yellow_card
ENG-Premier League,1920,2019-08-10 Watford-Brighton,Brighton & Hove Albion,90+2’,0:3,Bernardo,Solly March,substitute_in
ENG-Premier League,1920,2020-07-26 Leicester City-Manchester Utd,Leicester City,58’,0:0,Ayoze Pérez,Kelechi Iheanacho,substitute_in
ENG-Premier League,1920,2020-07-26 Leicester City-Manchester Utd,Manchester United,63’,0:0,Victor Lindelöf,,yellow_card
ENG-Premier League,1920,2020-07-26 Leicester City-Manchester Utd,Leicester City,68’,0:0,Jonny Evans,,yellow_card
ENG-Premier League,1920,2020-07-26 Leicester City-Manchester Utd,Manchester United,71’,0:1,Bruno Fernandes,,penalty_goal
ENG-Premier League,1920,2020-07-26 Leicester City-Manchester Utd,Leicester City,73’,0:1,Harvey Barnes,Youri Tielemans,substitute_in
ENG-Premier League,1920,2020-07-26 Leicester City-Manchester Utd,Leicester City,73’,0:1,Dennis Praet,Hamza Choudhury,substitute_in
ENG-Premier League,1920,2020-07-26 Leicester City-Manchester Utd,Leicester City,73’,0:1,Demarai Gray,Marc Albrighton,substitute_in
ENG-Premier League,1920,2020-07-26 Leicester City-Manchester Utd,Manchester United,77’,0:1,Jesse Lingard,Mason Greenwood,substitute_in
ENG-Premier League,1920,2020-07-26 Leicester City-Manchester Utd,Manchester United,83’,0:1,Nemanja Matić,,yellow_card
ENG-Premier League,1920,2020-07-26 Leicester City-Manchester Utd,Manchester United,86’,0:1,Scott McTominay,Bruno Fernandes,substitute_in
ENG-Premier League,1920,2020-07-26 Leicester City-Manchester Utd,Leicester City,88’,0:1,George Hirst,Luke Thomas,substitute_in
ENG-Premier League,1920,2020-07-26 Leicester City-Manchester Utd,Manchester United,90+2’,0:1,Brandon Williams,,yellow_card
ENG-Premier League,1920,2020-07-26 Leicester City-Manchester Utd,Leicester City,90+4’,0:1,Jonny Evans,,red_card
ENG-Premier League,1920,2020-07-26 Leicester City-Manchester Utd,Manchester United,90+7’,0:1,Odion Ighalo,Anthony Martial,substitute_in
ENG-Premier League,1920,2020-07-26 Leicester City-Manchester Utd,Manchester United,90+7’,0:1,Timothy Fosu-Mensah,Marcus Rashford,substitute_in
ENG-Premier League,1920,2020-07-26 Leicester City-Manchester Utd,Manchester United,90+8’,0:2,Jesse Lingard,,goal
ENG-Premier League,1920,2020-07-26 Leicester City-Manchester Utd,Manchester United,90’,0:1,Paul Pogba,,yellow_card
ENG-Premier League,1920,2020-07-26 Leicester City-Manchester Utd,Manchester United,9’,0:0,Harry Maguire,,yellow_card
ENG-Premier League,1920,2020-06-25 Southampton-Arsenal,Arsenal,11’,0:0,Shkodran Mustafi,,yellow_card
ENG-Premier League,1920,2020-06-25 Southampton-Arsenal,Arsenal,20’,0:1,Eddie Nketiah,,goal
ENG-Premier League,1920,2020-06-25 Southampton-Arsenal,Southampton,46’,0:1,Shane Long,Michael Obafemi,substitute_in
ENG-Premier League,1920,2020-06-25 Southampton-Arsenal,Southampton,46’,0:1,Kyle Walker-Peters,Yan Valery,substitute_in
ENG-Premier League,1920,2020-06-25 Southampton-Arsenal,Arsenal,47’,0:1,Bukayo Saka,,yellow_card
ENG-Premier League,1920,2020-06-25 Southampton-Arsenal,Arsenal,64’,0:1,Joe Willock,Nicolas Pépé,substitute_in
ENG-Premier League,1920,2020-06-25 Southampton-Arsenal,Arsenal,70’,0:1,Sead Kolašinac,Kieran Tierney,substitute_in
ENG-Premier League,1920,2020-06-25 Southampton-Arsenal,Arsenal,79’,0:1,Alexandre Lacazette,Eddie Nketiah,substitute_in
ENG-Premier League,1920,2020-06-25 Southampton-Arsenal,Arsenal,80’,0:1,Ainsley Maitland-Niles,Dani Ceballos,substitute_in
ENG-Premier League,1920,2020-06-25 Southampton-Arsenal,Southampton,85’,0:1,Jack Stephens,,red_card
ENG-Premier League,1920,2020-06-25 Southampton-Arsenal,Arsenal,86’,0:2,Joe Willock,,goal
ENG-Premier League,1920,2020-06-25 Southampton-Arsenal,Southampton,90+1’,0:2,Jannik Vestergaard,Pierre Højbjerg,substitute_in
ENG-Premier League,1920,2020-06-25 Southampton-Arsenal,Southampton,90+1’,0:2,Oriol Romeu,Danny Ings,substitute_in
ENG-Premier League,1920,2020-01-21 Chelsea-Arsenal,Chelsea,21’,0:0,Emerson Palmieri,,yellow_card
ENG-Premier League,1920,2020-01-21 Chelsea-Arsenal,Arsenal,26’,0:0,David Luiz,,red_card
ENG-Premier League,1920,2020-01-21 Chelsea-Arsenal,Chelsea,28’,1:0,Jorginho,,penalty_goal
ENG-Premier League,1920,2020-01-21 Chelsea-Arsenal,Arsenal,55’,1:0,Mattéo Guendouzi,Mesut Özil,substitute_in
ENG-Premier League,1920,2020-01-21 Chelsea-Arsenal,Chelsea,59’,1:0,Andreas Christensen,,yellow_card
ENG-Premier League,1920,2020-01-21 Chelsea-Arsenal,Arsenal,63’,1:1,Gabriel Martinelli,Shkodran Mustafi,goal
ENG-Premier League,1920,2020-01-21 Chelsea-Arsenal,Chelsea,66’,1:1,Ross Barkley,Mateo Kovačić,substitute_in
ENG-Premier League,1920,2020-01-21 Chelsea-Arsenal,Chelsea,69’,1:1,Mason Mount,N'Golo Kanté,substitute_in
ENG-Premier League,1920,2020-01-21 Chelsea-Arsenal,Arsenal,76’,1:1,Mattéo Guendouzi,,yellow_card
ENG-Premier League,1920,2020-01-21 Chelsea-Arsenal,Chelsea,79’,1:1,Michy Batshuayi,Willian,substitute_in
ENG-Premier League,1920,2020-01-21 Chelsea-Arsenal,Arsenal,81’,1:1,Rob Holding,Nicolas Pépé,substitute_in
ENG-Premier League,1920,2020-01-21 Chelsea-Arsenal,Chelsea,84’,2:1,César Azpilicueta,Callum Hudson-Odoi,goal
ENG-Premier League,1920,2020-01-21 Chelsea-Arsenal,Arsenal,87’,2:2,Héctor Bellerín,Lucas Torreira,goal
ENG-Premier League,1920,2020-01-21 Chelsea-Arsenal,Arsenal,90+1’,2:2,Joe Willock,Gabriel Martinelli,substitute_in
ENG-Premier League,1920,2020-01-11 Tottenham Hotspur-Liverpool,Liverpool,23’,0:0,Joe Gomez,,yellow_card
ENG-Premier League,1920,2020-01-11 Tottenham Hotspur-Liverpool,Liverpool,37’,0:1,Roberto Firmino,Mohamed Salah,goal
ENG-Premier League,1920,2020-01-11 Tottenham Hotspur-Liverpool,Liverpool,39’,0:1,Alex Oxlade-Chamberlain,,yellow_card
ENG-Premier League,1920,2020-01-11 Tottenham Hotspur-Liverpool,Liverpool,61’,0:1,Adam Lallana,Alex Oxlade-Chamberlain,substitute_in
ENG-Premier League,1920,2020-01-11 Tottenham Hotspur-Liverpool,Tottenham Hotspur,69’,0:1,Érik Lamela,Danny Rose,substitute_in
ENG-Premier League,1920,2020-01-11 Tottenham Hotspur-Liverpool,Tottenham Hotspur,69’,0:1,Giovani Lo Celso,Christian Eriksen,substitute_in
ENG-Premier League,1920,2020-01-11 Tottenham Hotspur-Liverpool,Liverpool,81’,0:1,Divock Origi,Sadio Mané,substitute_in
ENG-Premier League,1920,2020-01-11 Tottenham Hotspur-Liverpool,Liverpool,90+1’,0:1,Xherdan Shaqiri,Mohamed Salah,substitute_in
ENG-Premier League,1920,2019-12-01 Norwich City-Arsenal,Norwich City,21’,1:0,Teemu Pukki,Kenny McLean,goal
ENG-Premier League,1920,2019-12-01 Norwich City-Arsenal,Norwich City,29’,1:1,Tim Krul,,yellow_card
ENG-Premier League,1920,2019-12-01 Norwich City-Arsenal,Arsenal,29’,1:1,Pierre-Emerick Aubameyang,,penalty_goal
ENG-Premier League,1920,2019-12-01 Norwich City-Arsenal,Norwich City,44’,1:1,Kenny McLean,,yellow_card
ENG-Premier League,1920,2019-12-01 Norwich City-Arsenal,Norwich City,45+2’,2:1,Todd Cantwell,Onel Hernández,goal
ENG-Premier League,1920,2019-12-01 Norwich City-Arsenal,Arsenal,57’,2:2,Pierre-Emerick Aubameyang,,goal
ENG-Premier League,1920,2019-12-01 Norwich City-Arsenal,Arsenal,66’,2:2,Calum Chambers,,yellow_card
ENG-Premier League,1920,2019-12-01 Norwich City-Arsenal,Arsenal,70’,2:2,Lucas Torreira,Joe Willock,substitute_in
ENG-Premier League,1920,2019-12-01 Norwich City-Arsenal,Arsenal,78’,2:2,Bukayo Saka,Mattéo Guendouzi,substitute_in
ENG-Premier League,1920,2019-12-01 Norwich City-Arsenal,Norwich City,83’,2:2,Emi Buendía,Todd Cantwell,substitute_in
ENG-Premier League,1920,2019-12-01 Norwich City-Arsenal,Arsenal,89’,2:2,Gabriel Martinelli,Mesut Özil,substitute_in
ENG-Premier League,1920,2020-02-24 Liverpool-West Ham United,West Ham United,12’,1:1,Issa Diop,Robert Snodgrass,goal
ENG-Premier League,1920,2020-02-24 Liverpool-West Ham United,West Ham United,47’,1:1,Pablo Fornals,Tomáš Souček,substitute_in
ENG-Premier League,1920,2020-02-24 Liverpool-West Ham United,West Ham United,51’,1:1,Declan Rice,,yellow_card
ENG-Premier League,1920,2020-02-24 Liverpool-West Ham United,West Ham United,54’,1:2,Pablo Fornals,Declan Rice,goal
ENG-Premier League,1920,2020-02-24 Liverpool-West Ham United,Liverpool,57’,1:2,Alex Oxlade-Chamberlain,Naby Keïta,substitute_in
ENG-Premier League,1920,2020-02-24 Liverpool-West Ham United,West Ham United,65’,1:2,Sébastien Haller,Felipe Anderson,substitute_in
ENG-Premier League,1920,2020-02-24 Liverpool-West Ham United,West Ham United,66’,1:2,Issa Diop,,yellow_card
ENG-Premier League,1920,2020-02-24 Liverpool-West Ham United,Liverpool,68’,2:2,Mohamed Salah,Andrew Robertson,goal
ENG-Premier League,1920,2020-02-24 Liverpool-West Ham United,West Ham United,80’,2:2,Mark Noble,,yellow_card
ENG-Premier League,1920,2020-02-24 Liverpool-West Ham United,Liverpool,81’,3:2,Sadio Mané,Trent Alexander-Arnold,goal
ENG-Premier League,1920,2020-02-24 Liverpool-West Ham United,West Ham United,84’,3:2,Jarrod Bowen,Robert Snodgrass,substitute_in
ENG-Premier League,1920,2020-02-24 Liverpool-West Ham United,Liverpool,90+1’,3:2,Joël Matip,Sadio Mané,substitute_in
ENG-Premier League,1920,2020-02-24 Liverpool-West Ham United,Liverpool,9’,1:0,Georginio Wijnaldum,Trent Alexander-Arnold,goal
ENG-Premier League,1920,2019-09-28 Crystal Palace-Norwich City,Crystal Palace,21’,1:0,Luka Milivojević,,penalty_goal
ENG-Premier League,1920,2019-09-28 Crystal Palace-Norwich City,Norwich City,22’,1:0,Michael McGovern,Ralf Fährmann,substitute_in
ENG-Premier League,1920,2019-09-28 Crystal Palace-Norwich City,Crystal Palace,58’,1:0,Jordan Ayew,,yellow_card
ENG-Premier League,1920,2019-09-28 Crystal Palace-Norwich City,Norwich City,64’,1:0,Marco Stiepermann,,yellow_card
ENG-Premier League,1920,2019-09-28 Crystal Palace-Norwich City,Norwich City,66’,1:0,Josip Drmić,Marco Stiepermann,substitute_in
ENG-Premier League,1920,2019-09-28 Crystal Palace-Norwich City,Crystal Palace,70’,1:0,Andros Townsend,Cheikhou Kouyaté,substitute_in
ENG-Premier League,1920,2019-09-28 Crystal Palace-Norwich City,Crystal Palace,79’,1:0,James McCarthy,James McArthur,substitute_in
ENG-Premier League,1920,2019-09-28 Crystal Palace-Norwich City,Norwich City,81’,1:0,Patrick Roberts,Todd Cantwell,substitute_in
ENG-Premier League,1920,2019-09-28 Crystal Palace-Norwich City,Crystal Palace,89’,1:0,Jeffrey Schlupp,,yellow_card
ENG-Premier League,1920,2019-09-28 Crystal Palace-Norwich City,Crystal Palace,90+2’,2:0,Andros Townsend,Wilfried Zaha,goal
ENG-Premier League,1920,2019-09-28 Crystal Palace-Norwich City,Crystal Palace,90+4’,2:0,Luka Milivojević,,yellow_card
ENG-Premier League,1920,2019-09-28 Crystal Palace-Norwich City,Crystal Palace,90’,1:0,Max Meyer,Jordan Ayew,substitute_in
ENG-Premier League,1920,2019-12-14 Leicester City-Norwich City,Norwich City,26’,0:1,Teemu Pukki,Emi Buendía,goal
ENG-Premier League,1920,2019-12-14 Leicester City-Norwich City,Norwich City,33’,0:1,Todd Cantwell,,yellow_card
ENG-Premier League,1920,2019-12-14 Leicester City-Norwich City,Leicester City,38’,1:1,Tim Krul,,own_goal
ENG-Premier League,1920,2019-12-14 Leicester City-Norwich City,Leicester City,39’,1:1,Demarai Gray,Kelechi Iheanacho,substitute_in
ENG-Premier League,1920,2019-12-14 Leicester City-Norwich City,Leicester City,46’,1:1,Harvey Barnes,Dennis Praet,substitute_in
ENG-Premier League,1920,2019-12-14 Leicester City-Norwich City,Norwich City,52’,1:1,Tom Trybull,,yellow_card
ENG-Premier League,1920,2019-12-14 Leicester City-Norwich City,Norwich City,60’,1:1,Emi Buendía,,yellow_card
ENG-Premier League,1920,2019-12-14 Leicester City-Norwich City,Norwich City,78’,1:1,Alexander Tettey,,yellow_card
ENG-Premier League,1920,2019-12-14 Leicester City-Norwich City,Norwich City,85’,1:1,Onel Hernández,Todd Cantwell,substitute_in
ENG-Premier League,1920,2019-12-14 Leicester City-Norwich City,Norwich City,86’,1:1,Marco Stiepermann,Tom Trybull,substitute_in
ENG-Premier League,1920,2019-12-14 Leicester City-Norwich City,Norwich City,90+3’,1:1,Mario Vrančić,Emi Buendía,substitute_in
ENG-Premier League,1920,2019-12-14 Leicester City-Norwich City,Norwich City,90+3’,1:1,Tim Krul,,yellow_card
ENG-Premier League,1920,2020-07-05 Newcastle United-West Ham United,Newcastle United,17’,1:1,Miguel Almirón,Emil Krafth,goal
ENG-Premier League,1920,2020-07-05 Newcastle United-West Ham United,Newcastle United,37’,1:1,Dwight Gayle,,yellow_card
ENG-Premier League,1920,2020-07-05 Newcastle United-West Ham United,Newcastle United,43’,1:1,Nabil Bentaleb,Isaac Hayden,substitute_in
ENG-Premier League,1920,2020-07-05 Newcastle United-West Ham United,West Ham United,4’,0:1,Michail Antonio,Jarrod Bowen,goal
ENG-Premier League,1920,2020-07-05 Newcastle United-West Ham United,West Ham United,57’,1:1,Mark Noble,Manuel Lanzini,substitute_in
ENG-Premier League,1920,2020-07-05 Newcastle United-West Ham United,West Ham United,65’,1:2,Tomáš Souček,,goal
ENG-Premier League,1920,2020-07-05 Newcastle United-West Ham United,Newcastle United,67’,2:2,Jonjo Shelvey,Dwight Gayle,goal
ENG-Premier League,1920,2020-07-05 Newcastle United-West Ham United,Newcastle United,69’,2:2,Valentino Lazaro,Allan Saint-Maximin,substitute_in
ENG-Premier League,1920,2020-07-05 Newcastle United-West Ham United,Newcastle United,70’,2:2,Matt Ritchie,Dwight Gayle,substitute_in
ENG-Premier League,1920,2020-07-05 Newcastle United-West Ham United,West Ham United,75’,2:2,Andriy Yarmolenko,Pablo Fornals,substitute_in
ENG-Premier League,1920,2020-07-05 Newcastle United-West Ham United,Newcastle United,81’,2:2,Andy Carroll,Joelinton,substitute_in
ENG-Premier League,1920,2019-08-31 Leicester City-Bournemouth,Leicester City,12’,1:0,Jamie Vardy,Ben Chilwell,goal
ENG-Premier League,1920,2019-08-31 Leicester City-Bournemouth,Bournemouth,15’,1:1,Callum Wilson,Ryan Fraser,goal
ENG-Premier League,1920,2019-08-31 Leicester City-Bournemouth,Bournemouth,21’,1:1,Philip Billing,,yellow_card
ENG-Premier League,1920,2019-08-31 Leicester City-Bournemouth,Bournemouth,32’,1:1,Jefferson Lerma,,yellow_card
ENG-Premier League,1920,2019-08-31 Leicester City-Bournemouth,Leicester City,40’,1:1,Marc Albrighton,,yellow_card
ENG-Premier League,1920,2019-08-31 Leicester City-Bournemouth,Leicester City,41’,2:1,Youri Tielemans,Jamie Vardy,goal
ENG-Premier League,1920,2019-08-31 Leicester City-Bournemouth,Leicester City,64’,2:1,Demarai Gray,Marc Albrighton,substitute_in
ENG-Premier League,1920,2019-08-31 Leicester City-Bournemouth,Bournemouth,64’,2:1,Jordon Ibe,Adam Smith,substitute_in
ENG-Premier League,1920,2019-08-31 Leicester City-Bournemouth,Bournemouth,64’,2:1,Dominic Solanke,Harry Wilson,substitute_in
ENG-Premier League,1920,2019-08-31 Leicester City-Bournemouth,Bournemouth,69’,2:1,Callum Wilson,,yellow_card
ENG-Premier League,1920,2019-08-31 Leicester City-Bournemouth,Leicester City,71’,2:1,Hamza Choudhury,Harvey Barnes,substitute_in
ENG-Premier League,1920,2019-08-31 Leicester City-Bournemouth,Leicester City,73’,3:1,Jamie Vardy,Youri Tielemans,goal
ENG-Premier League,1920,2019-08-31 Leicester City-Bournemouth,Bournemouth,79’,3:1,Andrew Surman,Joshua King,substitute_in
ENG-Premier League,1920,2019-08-31 Leicester City-Bournemouth,Leicester City,86’,3:1,Christian Fuchs,James Maddison,substitute_in
ENG-Premier League,1920,2020-01-21 Aston Villa-Watford,Watford,38’,0:1,Troy Deeney,Gerard Deulofeu,goal
ENG-Premier League,1920,2020-01-21 Aston Villa-Watford,Aston Villa,45+1’,0:1,Tyrone Mings,,yellow_card
ENG-Premier League,1920,2020-01-21 Aston Villa-Watford,Aston Villa,56’,0:1,Douglas Luiz,Danny Drinkwater,substitute_in
ENG-Premier League,1920,2020-01-21 Aston Villa-Watford,Aston Villa,68’,1:1,Douglas Luiz,,goal
ENG-Premier League,1920,2020-01-21 Aston Villa-Watford,Aston Villa,68’,1:1,Douglas Luiz,,yellow_card
ENG-Premier League,1920,2020-01-21 Aston Villa-Watford,Watford,75’,1:1,Ignacio Pussetto,Nathaniel Chalobah,substitute_in
ENG-Premier League,1920,2020-01-21 Aston Villa-Watford,Aston Villa,77’,1:1,Indiana Vassilev,Trézéguet,substitute_in
ENG-Premier League,1920,2020-01-21 Aston Villa-Watford,Watford,77’,1:1,Craig Cathcart,,yellow_card
ENG-Premier League,1920,2020-01-21 Aston Villa-Watford,Watford,81’,1:1,Abdoulaye Doucouré,,yellow_card
ENG-Premier League,1920,2020-01-21 Aston Villa-Watford,Watford,81’,1:1,Andre Gray,Roberto Pereyra,substitute_in
ENG-Premier League,1920,2020-01-21 Aston Villa-Watford,Watford,90+2’,1:1,Christian Kabasele,Gerard Deulofeu,substitute_in
ENG-Premier League,1920,2020-01-21 Aston Villa-Watford,Aston Villa,90+5’,2:1,Tyrone Mings,Ezri Konsa,goal
ENG-Premier League,1920,2020-07-26 Southampton-Sheffield United,Sheffield United,26’,0:1,John Lundstram,Billy Sharp,goal
ENG-Premier League,1920,2020-07-26 Southampton-Sheffield United,Southampton,30’,0:1,William Smallbone,Stuart Armstrong,substitute_in
ENG-Premier League,1920,2020-07-26 Southampton-Sheffield United,Southampton,50’,1:1,Che Adams,William Smallbone,goal
ENG-Premier League,1920,2020-07-26 Southampton-Sheffield United,Sheffield United,51’,1:1,Richairo Živković,Oliver McBurnie,substitute_in
ENG-Premier League,1920,2020-07-26 Southampton-Sheffield United,Sheffield United,70’,1:1,Leon Clarke,Billy Sharp,substitute_in
ENG-Premier League,1920,2020-07-26 Southampton-Sheffield United,Southampton,71’,2:1,Che Adams,,goal
ENG-Premier League,1920,2020-07-26 Southampton-Sheffield United,Sheffield United,80’,2:1,Oliver Norwood,Chris Basham,substitute_in
ENG-Premier League,1920,2020-07-26 Southampton-Sheffield United,Southampton,84’,3:1,Danny Ings,,penalty_goal
ENG-Premier League,1920,2020-07-26 Southampton-Sheffield United,Southampton,85’,3:1,Shane Long,Che Adams,substitute_in
ENG-Premier League,1920,2020-07-26 Southampton-Sheffield United,Southampton,90+1’,3:1,Michael Obafemi,Oriol Romeu,substitute_in
ENG-Premier League,1920,2020-07-26 Southampton-Sheffield United,Sheffield United,90+3’,3:1,Enda Stevens,,yellow_card
ENG-Premier League,1920,2019-08-23 Aston Villa-Everton,Aston Villa,21’,1:0,Wesley Moraes,Jota,goal
ENG-Premier League,1920,2019-08-23 Aston Villa-Everton,Everton,52’,1:0,Dominic Calvert-Lewin,,yellow_card
ENG-Premier League,1920,2019-08-23 Aston Villa-Everton,Aston Villa,5’,0:0,Frederic Guilbert,,yellow_card
ENG-Premier League,1920,2019-08-23 Aston Villa-Everton,Everton,61’,1:0,Alex Iwobi,Gylfi Sigurðsson,substitute_in
ENG-Premier League,1920,2019-08-23 Aston Villa-Everton,Everton,62’,1:0,Moise Kean,Bernard,substitute_in
ENG-Premier League,1920,2019-08-23 Aston Villa-Everton,Aston Villa,77’,1:0,Anwar El Ghazi,Jota,substitute_in
ENG-Premier League,1920,2019-08-23 Aston Villa-Everton,Everton,78’,1:0,Theo Walcott,Richarlison,substitute_in
ENG-Premier League,1920,2019-08-23 Aston Villa-Everton,Everton,80’,1:0,André Gomes,,yellow_card
ENG-Premier League,1920,2019-08-23 Aston Villa-Everton,Aston Villa,85’,1:0,Trézéguet,,yellow_card
ENG-Premier League,1920,2019-08-23 Aston Villa-Everton,Everton,85’,1:0,Séamus Coleman,,yellow_card
ENG-Premier League,1920,2019-08-23 Aston Villa-Everton,Aston Villa,86’,1:0,Ahmed Elmohamady,Trézéguet,substitute_in
ENG-Premier League,1920,2019-08-23 Aston Villa-Everton,Aston Villa,90+5’,2:0,Anwar El Ghazi,John McGinn,goal
ENG-Premier League,1920,2019-10-25 Southampton-Leicester City,Leicester City,10’,0:1,Ben Chilwell,,goal
ENG-Premier League,1920,2019-10-25 Southampton-Leicester City,Southampton,12’,0:1,Ryan Bertrand,,red_card
ENG-Premier League,1920,2019-10-25 Southampton-Leicester City,Leicester City,17’,0:2,Youri Tielemans,,goal
ENG-Premier League,1920,2019-10-25 Southampton-Leicester City,Leicester City,19’,0:3,Ayoze Pérez,Youri Tielemans,goal
ENG-Premier League,1920,2019-10-25 Southampton-Leicester City,Leicester City,39’,0:4,Ayoze Pérez,Ben Chilwell,goal
ENG-Premier League,1920,2019-10-25 Southampton-Leicester City,Leicester City,45’,0:5,Jamie Vardy,,goal
ENG-Premier League,1920,2019-10-25 Southampton-Leicester City,Southampton,46’,0:5,Jack Stephens,Danny Ings,substitute_in
ENG-Premier League,1920,2019-10-25 Southampton-Leicester City,Southampton,46’,0:5,Kevin Danso,Jannik Vestergaard,substitute_in
ENG-Premier League,1920,2019-10-25 Southampton-Leicester City,Leicester City,57’,0:6,Ayoze Pérez,Harvey Barnes,goal
ENG-Premier League,1920,2019-10-25 Southampton-Leicester City,Leicester City,58’,0:7,Jamie Vardy,Ben Chilwell,goal
ENG-Premier League,1920,2019-10-25 Southampton-Leicester City,Southampton,70’,0:7,Stuart Armstrong,Yan Valery,substitute_in
ENG-Premier League,1920,2019-10-25 Southampton-Leicester City,Leicester City,72’,0:7,Marc Albrighton,Harvey Barnes,substitute_in
ENG-Premier League,1920,2019-10-25 Southampton-Leicester City,Leicester City,74’,0:7,Demarai Gray,Ayoze Pérez,substitute_in
ENG-Premier League,1920,2019-10-25 Southampton-Leicester City,Leicester City,85’,0:8,James Maddison,,goal
ENG-Premier League,1920,2019-10-25 Southampton-Leicester City,Leicester City,90+4’,0:9,Jamie Vardy,,penalty_goal
ENG-Premier League,1920,2019-08-17 Norwich City-Newcastle United,Norwich City,32’,1:0,Teemu Pukki,,goal
ENG-Premier League,1920,2019-08-17 Norwich City-Newcastle United,Norwich City,37’,1:0,Max Aarons,,yellow_card
ENG-Premier League,1920,2019-08-17 Norwich City-Newcastle United,Newcastle United,44’,1:0,Joelinton,,yellow_card
ENG-Premier League,1920,2019-08-17 Norwich City-Newcastle United,Norwich City,63’,2:0,Teemu Pukki,Todd Cantwell,goal
ENG-Premier League,1920,2019-08-17 Norwich City-Newcastle United,Newcastle United,67’,2:0,Yoshinori Mutō,Joelinton,substitute_in
ENG-Premier League,1920,2019-08-17 Norwich City-Newcastle United,Newcastle United,74’,2:0,Sean Longstaff,Ki Sung-yueng,substitute_in
ENG-Premier League,1920,2019-08-17 Norwich City-Newcastle United,Norwich City,75’,3:0,Teemu Pukki,Todd Cantwell,goal
ENG-Premier League,1920,2019-08-17 Norwich City-Newcastle United,Norwich City,84’,3:0,Mario Vrančić,Marco Stiepermann,substitute_in
ENG-Premier League,1920,2019-08-17 Norwich City-Newcastle United,Newcastle United,85’,3:0,Paul Dummett,,yellow_card
ENG-Premier League,1920,2019-08-17 Norwich City-Newcastle United,Norwich City,87’,3:0,Alexander Tettey,Tom Trybull,substitute_in
ENG-Premier League,1920,2019-08-17 Norwich City-Newcastle United,Newcastle United,90+1’,3:0,Sean Longstaff,,yellow_card
ENG-Premier League,1920,2019-08-17 Norwich City-Newcastle United,Newcastle United,90+3’,3:1,Jonjo Shelvey,Sean Longstaff,goal
ENG-Premier League,1920,2019-08-17 Norwich City-Newcastle United,Norwich City,90’,3:0,Sam Byram,Jamal Lewis,substitute_in
ENG-Premier League,1920,2019-11-30 Southampton-Watford,Watford,24’,0:1,Ismaila Sarr,,goal
ENG-Premier League,1920,2019-11-30 Southampton-Watford,Southampton,48’,0:1,Nathan Redmond,,yellow_card
ENG-Premier League,1920,2019-11-30 Southampton-Watford,Southampton,57’,0:1,Sofiane Boufal,Nathan Redmond,substitute_in
ENG-Premier League,1920,2019-11-30 Southampton-Watford,Southampton,57’,0:1,Shane Long,Michael Obafemi,substitute_in
ENG-Premier League,1920,2019-11-30 Southampton-Watford,Watford,67’,0:1,Andre Gray,Gerard Deulofeu,substitute_in
ENG-Premier League,1920,2019-11-30 Southampton-Watford,Watford,74’,0:1,Nathaniel Chalobah,Will Hughes,substitute_in
ENG-Premier League,1920,2019-11-30 Southampton-Watford,Southampton,76’,0:1,Yan Valery,Cédric Soares,substitute_in
ENG-Premier League,1920,2019-11-30 Southampton-Watford,Southampton,78’,1:1,Danny Ings,Moussa Djenepo,goal
ENG-Premier League,1920,2019-11-30 Southampton-Watford,Watford,82’,1:1,Dimitri Foulquier,Kiko Femenía,substitute_in
ENG-Premier League,1920,2019-11-30 Southampton-Watford,Southampton,83’,2:1,James Ward-Prowse,,goal
ENG-Premier League,1920,2019-12-04 Chelsea-Aston Villa,Chelsea,24’,1:0,Tammy Abraham,Reece James,goal
ENG-Premier League,1920,2019-12-04 Chelsea-Aston Villa,Aston Villa,41’,1:1,Trézéguet,Ahmed Elmohamady,goal
ENG-Premier League,1920,2019-12-04 Chelsea-Aston Villa,Chelsea,45’,1:1,Mason Mount,,yellow_card
ENG-Premier League,1920,2019-12-04 Chelsea-Aston Villa,Chelsea,48’,2:1,Mason Mount,Tammy Abraham,goal
ENG-Premier League,1920,2019-12-04 Chelsea-Aston Villa,Aston Villa,58’,2:1,Douglas Luiz,Conor Hourihane,substitute_in
ENG-Premier League,1920,2019-12-04 Chelsea-Aston Villa,Aston Villa,64’,2:1,Matt Targett,,yellow_card
ENG-Premier League,1920,2019-12-04 Chelsea-Aston Villa,Aston Villa,76’,2:1,Jota,Trézéguet,substitute_in
ENG-Premier League,1920,2019-12-04 Chelsea-Aston Villa,Chelsea,81’,2:1,Mateo Kovačić,,yellow_card
ENG-Premier League,1920,2019-12-04 Chelsea-Aston Villa,Chelsea,83’,2:1,Michy Batshuayi,Tammy Abraham,substitute_in
ENG-Premier League,1920,2019-12-04 Chelsea-Aston Villa,Chelsea,86’,2:1,Callum Hudson-Odoi,Christian Pulisic,substitute_in
ENG-Premier League,1920,2019-12-04 Chelsea-Aston Villa,Chelsea,90+1’,2:1,Jorginho,Willian,substitute_in
ENG-Premier League,1920,2020-07-11 Sheffield United-Chelsea,Sheffield United,18’,1:0,David McGoldrick,,goal
ENG-Premier League,1920,2020-07-11 Sheffield United-Chelsea,Sheffield United,33’,2:0,Oliver McBurnie,Enda Stevens,goal
ENG-Premier League,1920,2020-07-11 Sheffield United-Chelsea,Sheffield United,3’,0:0,George Baldock,,yellow_card
ENG-Premier League,1920,2020-07-11 Sheffield United-Chelsea,Chelsea,46’,2:0,Marcos Alonso,Mason Mount,substitute_in
ENG-Premier League,1920,2020-07-11 Sheffield United-Chelsea,Chelsea,46’,2:0,Antonio Rüdiger,Andreas Christensen,substitute_in
ENG-Premier League,1920,2020-07-11 Sheffield United-Chelsea,Sheffield United,63’,2:0,John Lundstram,Sander Berge,substitute_in
ENG-Premier League,1920,2020-07-11 Sheffield United-Chelsea,Sheffield United,63’,2:0,Lys Mousset,Oliver McBurnie,substitute_in
ENG-Premier League,1920,2020-07-11 Sheffield United-Chelsea,Chelsea,66’,2:0,Olivier Giroud,Christian Pulisic,substitute_in
ENG-Premier League,1920,2020-07-11 Sheffield United-Chelsea,Sheffield United,68’,2:0,Phil Jagielka,Chris Basham,substitute_in
ENG-Premier League,1920,2020-07-11 Sheffield United-Chelsea,Chelsea,75’,2:0,Callum Hudson-Odoi,Reece James,substitute_in
ENG-Premier League,1920,2020-07-11 Sheffield United-Chelsea,Sheffield United,77’,3:0,David McGoldrick,,goal
ENG-Premier League,1920,2020-07-11 Sheffield United-Chelsea,Chelsea,78’,3:0,Ruben Loftus-Cheek,Ross Barkley,substitute_in
ENG-Premier League,1920,2019-08-10 Tottenham Hotspur-Aston Villa,Aston Villa,59’,0:1,Jota,Trézéguet,substitute_in
ENG-Premier League,1920,2019-08-10 Tottenham Hotspur-Aston Villa,Tottenham Hotspur,64’,0:1,Christian Eriksen,Harry Winks,substitute_in
ENG-Premier League,1920,2019-08-10 Tottenham Hotspur-Aston Villa,Tottenham Hotspur,73’,1:1,Tanguy Ndombele,Lucas Moura,goal
ENG-Premier League,1920,2019-08-10 Tottenham Hotspur-Aston Villa,Aston Villa,74’,1:1,Jonathan Kodjia,Wesley Moraes,substitute_in
ENG-Premier League,1920,2019-08-10 Tottenham Hotspur-Aston Villa,Aston Villa,82’,1:1,Douglas Luiz,Conor Hourihane,substitute_in
ENG-Premier League,1920,2019-08-10 Tottenham Hotspur-Aston Villa,Tottenham Hotspur,86’,2:1,Harry Kane,,goal
ENG-Premier League,1920,2019-08-10 Tottenham Hotspur-Aston Villa,Tottenham Hotspur,87’,2:1,Érik Lamela,,yellow_card
ENG-Premier League,1920,2019-08-10 Tottenham Hotspur-Aston Villa,Tottenham Hotspur,88’,2:1,Georges-Kévin N'Koudou,Érik Lamela,substitute_in
ENG-Premier League,1920,2019-08-10 Tottenham Hotspur-Aston Villa,Tottenham Hotspur,90+2’,3:1,Oliver Skipp,Tanguy Ndombele,substitute_in
ENG-Premier League,1920,2019-08-10 Tottenham Hotspur-Aston Villa,Tottenham Hotspur,90’,3:1,Harry Kane,Moussa Sissoko,goal
ENG-Premier League,1920,2019-08-10 Tottenham Hotspur-Aston Villa,Aston Villa,9’,0:1,John McGinn,Tyrone Mings,goal
ENG-Premier League,1920,2019-09-29 Leicester City-Newcastle United,Leicester City,16’,1:0,Ricardo Pereira,,goal
ENG-Premier League,1920,2019-09-29 Leicester City-Newcastle United,Leicester City,24’,1:0,Jamie Vardy,,yellow_card
ENG-Premier League,1920,2019-09-29 Leicester City-Newcastle United,Newcastle United,43’,1:0,Isaac Hayden,,red_card
ENG-Premier League,1920,2019-09-29 Leicester City-Newcastle United,Newcastle United,45+1’,1:0,Ki Sung-yueng,Yoshinori Mutō,substitute_in
ENG-Premier League,1920,2019-09-29 Leicester City-Newcastle United,Leicester City,54’,2:0,Jamie Vardy,Harvey Barnes,goal
ENG-Premier League,1920,2019-09-29 Leicester City-Newcastle United,Leicester City,57’,3:0,Paul Dummett,,own_goal
ENG-Premier League,1920,2019-09-29 Leicester City-Newcastle United,Leicester City,58’,3:0,Marc Albrighton,Harvey Barnes,substitute_in
ENG-Premier League,1920,2019-09-29 Leicester City-Newcastle United,Newcastle United,63’,3:0,Andy Carroll,Joelinton,substitute_in
ENG-Premier League,1920,2019-09-29 Leicester City-Newcastle United,Leicester City,64’,4:0,Jamie Vardy,Marc Albrighton,goal
ENG-Premier League,1920,2019-09-29 Leicester City-Newcastle United,Newcastle United,74’,4:0,DeAndre Yedlin,Miguel Almirón,substitute_in
ENG-Premier League,1920,2019-09-29 Leicester City-Newcastle United,Leicester City,79’,4:0,Hamza Choudhury,Dennis Praet,substitute_in
ENG-Premier League,1920,2019-09-29 Leicester City-Newcastle United,Leicester City,84’,4:0,Demarai Gray,Ayoze Pérez,substitute_in
ENG-Premier League,1920,2019-09-29 Leicester City-Newcastle United,Newcastle United,88’,4:0,Fabian Schär,,yellow_card
ENG-Premier League,1920,2019-09-29 Leicester City-Newcastle United,Leicester City,90’,5:0,Wilfred Ndidi,Jonny Evans,goal
ENG-Premier League,1920,2020-07-08 Manchester City-Newcastle United,Manchester City,10’,1:0,Gabriel Jesus,David Silva,goal
ENG-Premier League,1920,2020-07-08 Manchester City-Newcastle United,Manchester City,21’,2:0,Riyad Mahrez,Kevin De Bruyne,goal
ENG-Premier League,1920,2020-07-08 Manchester City-Newcastle United,Manchester City,46’,2:0,Kyle Walker,João Cancelo,substitute_in
ENG-Premier League,1920,2020-07-08 Manchester City-Newcastle United,Manchester City,46’,2:0,İlkay Gündoğan,Rodri,substitute_in
ENG-Premier League,1920,2020-07-08 Manchester City-Newcastle United,Manchester City,58’,3:0,Federico Fernández,,own_goal
ENG-Premier League,1920,2020-07-08 Manchester City-Newcastle United,Manchester City,61’,3:0,Bernardo Silva,Phil Foden,substitute_in
ENG-Premier League,1920,2020-07-08 Manchester City-Newcastle United,Manchester City,61’,3:0,Raheem Sterling,Gabriel Jesus,substitute_in
ENG-Premier League,1920,2020-07-08 Manchester City-Newcastle United,Manchester City,65’,4:0,David Silva,,goal
ENG-Premier League,1920,2020-07-08 Manchester City-Newcastle United,Newcastle United,66’,4:0,Matthew Longstaff,Jonjo Shelvey,substitute_in
ENG-Premier League,1920,2020-07-08 Manchester City-Newcastle United,Newcastle United,66’,4:0,Dwight Gayle,Joelinton,substitute_in
ENG-Premier League,1920,2020-07-08 Manchester City-Newcastle United,Newcastle United,66’,4:0,Javier Manquillo,Valentino Lazaro,substitute_in
ENG-Premier League,1920,2020-07-08 Manchester City-Newcastle United,Manchester City,75’,4:0,Tommy Doyle,Riyad Mahrez,substitute_in
ENG-Premier League,1920,2020-07-08 Manchester City-Newcastle United,Newcastle United,84’,4:0,Christian Atsu,Matt Ritchie,substitute_in
ENG-Premier League,1920,2020-07-08 Manchester City-Newcastle United,Newcastle United,84’,4:0,Yoshinori Mutō,Emil Krafth,substitute_in
ENG-Premier League,1920,2020-07-08 Manchester City-Newcastle United,Manchester City,90+1’,5:0,Raheem Sterling,David Silva,goal
ENG-Premier League,1920,2019-10-26 West Ham United-Sheffield United,West Ham United,28’,0:0,Issa Diop,,yellow_card
ENG-Premier League,1920,2019-10-26 West Ham United-Sheffield United,West Ham United,44’,1:0,Robert Snodgrass,Andriy Yarmolenko,goal
ENG-Premier League,1920,2019-10-26 West Ham United-Sheffield United,Sheffield United,54’,1:0,Billy Sharp,Callum Robinson,substitute_in
ENG-Premier League,1920,2019-10-26 West Ham United-Sheffield United,Sheffield United,58’,1:0,George Baldock,,yellow_card
ENG-Premier League,1920,2019-10-26 West Ham United-Sheffield United,West Ham United,62’,1:0,Fabián Balbuena,,yellow_card
ENG-Premier League,1920,2019-10-26 West Ham United-Sheffield United,Sheffield United,63’,1:0,Lys Mousset,Oliver Norwood,substitute_in
ENG-Premier League,1920,2019-10-26 West Ham United-Sheffield United,West Ham United,66’,1:0,Manuel Lanzini,Felipe Anderson,substitute_in
ENG-Premier League,1920,2019-10-26 West Ham United-Sheffield United,Sheffield United,69’,1:1,Lys Mousset,Enda Stevens,goal
ENG-Premier League,1920,2019-10-26 West Ham United-Sheffield United,West Ham United,78’,1:1,Pablo Fornals,Mark Noble,substitute_in
ENG-Premier League,1920,2019-10-26 West Ham United-Sheffield United,Sheffield United,81’,1:1,Muhamed Bešić,David McGoldrick,substitute_in
ENG-Premier League,1920,2019-10-26 West Ham United-Sheffield United,West Ham United,86’,1:1,Albian Ajeti,Robert Snodgrass,substitute_in
ENG-Premier League,1920,2019-10-26 West Ham United-Sheffield United,Sheffield United,90+2’,1:1,Enda Stevens,,yellow_card
ENG-Premier League,1920,2020-01-18 Manchester City-Crystal Palace,Crystal Palace,13’,0:0,James McArthur,,yellow_card
ENG-Premier League,1920,2020-01-18 Manchester City-Crystal Palace,Crystal Palace,26’,0:0,Jordan Ayew,,yellow_card
ENG-Premier League,1920,2020-01-18 Manchester City-Crystal Palace,Crystal Palace,39’,0:1,Cenk Tosun,Gary Cahill,goal
ENG-Premier League,1920,2020-01-18 Manchester City-Crystal Palace,Manchester City,58’,0:1,Benjamin Mendy,,yellow_card
ENG-Premier League,1920,2020-01-18 Manchester City-Crystal Palace,Manchester City,62’,0:1,Gabriel Jesus,David Silva,substitute_in
ENG-Premier League,1920,2020-01-18 Manchester City-Crystal Palace,Manchester City,73’,0:1,Riyad Mahrez,Bernardo Silva,substitute_in
ENG-Premier League,1920,2020-01-18 Manchester City-Crystal Palace,Crystal Palace,81’,0:1,Connor Wickham,Cenk Tosun,substitute_in
ENG-Premier League,1920,2020-01-18 Manchester City-Crystal Palace,Manchester City,82’,1:1,Sergio Agüero,Gabriel Jesus,goal
ENG-Premier League,1920,2020-01-18 Manchester City-Crystal Palace,Manchester City,87’,2:1,Sergio Agüero,Benjamin Mendy,goal
ENG-Premier League,1920,2020-01-18 Manchester City-Crystal Palace,Crystal Palace,88’,2:1,Joel Ward,Jaïro Riedewald,substitute_in
ENG-Premier League,1920,2020-01-18 Manchester City-Crystal Palace,Manchester City,89’,2:1,Rodri,Raheem Sterling,substitute_in
ENG-Premier League,1920,2020-01-18 Manchester City-Crystal Palace,Crystal Palace,90’,2:2,Fernandinho,,own_goal
ENG-Premier League,1920,2019-11-23 Everton-Norwich City,Everton,20’,0:0,Morgan Schneiderlin,,yellow_card
ENG-Premier League,1920,2019-11-23 Everton-Norwich City,Norwich City,23’,0:0,Christoph Zimmermann,,yellow_card
ENG-Premier League,1920,2019-11-23 Everton-Norwich City,Norwich City,47’,0:0,Sam Byram,,yellow_card
ENG-Premier League,1920,2019-11-23 Everton-Norwich City,Norwich City,54’,0:1,Todd Cantwell,Teemu Pukki,goal
ENG-Premier League,1920,2019-11-23 Everton-Norwich City,Everton,56’,0:1,Alex Iwobi,Morgan Schneiderlin,substitute_in
ENG-Premier League,1920,2019-11-23 Everton-Norwich City,Everton,66’,0:1,Dominic Calvert-Lewin,Theo Walcott,substitute_in
ENG-Premier League,1920,2019-11-23 Everton-Norwich City,Everton,66’,0:1,Séamus Coleman,Djibril Sidibé,substitute_in
ENG-Premier League,1920,2019-11-23 Everton-Norwich City,Norwich City,80’,0:1,Emi Buendía,Todd Cantwell,substitute_in
ENG-Premier League,1920,2019-11-23 Everton-Norwich City,Everton,81’,0:1,Mason Holgate,,yellow_card
ENG-Premier League,1920,2019-11-23 Everton-Norwich City,Norwich City,81’,0:1,Max Aarons,,yellow_card
ENG-Premier League,1920,2019-11-23 Everton-Norwich City,Norwich City,84’,0:1,Alexander Tettey,,yellow_card
ENG-Premier League,1920,2019-11-23 Everton-Norwich City,Norwich City,87’,0:1,Kenny McLean,,yellow_card
ENG-Premier League,1920,2019-11-23 Everton-Norwich City,Norwich City,88’,0:1,Ibrahim Amadou,Kenny McLean,substitute_in
ENG-Premier League,1920,2019-11-23 Everton-Norwich City,Norwich City,90+1’,0:1,Dennis Srbeny,Teemu Pukki,substitute_in
ENG-Premier League,1920,2019-11-23 Everton-Norwich City,Norwich City,90+2’,0:2,Dennis Srbeny,,goal
ENG-Premier League,1920,2019-11-23 Everton-Norwich City,Everton,90+3’,0:2,Séamus Coleman,,yellow_card
ENG-Premier League,1920,2020-01-18 Watford-Tottenham Hotspur,Tottenham Hotspur,19’,0:0,Japhet Tanganga,,yellow_card
ENG-Premier League,1920,2020-01-18 Watford-Tottenham Hotspur,Watford,35’,0:0,Étienne Capoue,,yellow_card
ENG-Premier League,1920,2020-01-18 Watford-Tottenham Hotspur,Watford,60’,0:0,Abdoulaye Doucouré,,yellow_card
ENG-Premier League,1920,2020-01-18 Watford-Tottenham Hotspur,Tottenham Hotspur,60’,0:0,Harry Winks,,yellow_card
ENG-Premier League,1920,2020-01-18 Watford-Tottenham Hotspur,Tottenham Hotspur,69’,0:0,Jan Vertonghen,,yellow_card
ENG-Premier League,1920,2020-01-18 Watford-Tottenham Hotspur,Watford,70’,0:0,Troy Deeney,Paulo Gazzaniga,penalty_miss
ENG-Premier League,1920,2020-01-18 Watford-Tottenham Hotspur,Tottenham Hotspur,73’,0:0,Christian Eriksen,Dele Alli,substitute_in
ENG-Premier League,1920,2020-01-18 Watford-Tottenham Hotspur,Watford,79’,0:0,Roberto Pereyra,Nathaniel Chalobah,substitute_in
ENG-Premier League,1920,2020-01-18 Watford-Tottenham Hotspur,Tottenham Hotspur,80’,0:0,Gedson Fernandes,Giovani Lo Celso,substitute_in
ENG-Premier League,1920,2020-01-18 Watford-Tottenham Hotspur,Watford,89’,0:0,Ignacio Pussetto,Ismaila Sarr,substitute_in
ENG-Premier League,1920,2019-09-21 Manchester City-Watford,Manchester City,12’,3:0,Riyad Mahrez,,goal
ENG-Premier League,1920,2019-09-21 Manchester City-Watford,Manchester City,15’,4:0,Bernardo Silva,,goal
ENG-Premier League,1920,2019-09-21 Manchester City-Watford,Manchester City,18’,5:0,Nicolás Otamendi,Sergio Agüero,goal
ENG-Premier League,1920,2019-09-21 Manchester City-Watford,Manchester City,19’,5:0,Bernardo Silva,,yellow_card
ENG-Premier League,1920,2019-09-21 Manchester City-Watford,Manchester City,1’,1:0,David Silva,Kevin De Bruyne,goal
ENG-Premier League,1920,2019-09-21 Manchester City-Watford,Watford,33’,5:0,Roberto Pereyra,Dimitri Foulquier,substitute_in
ENG-Premier League,1920,2019-09-21 Manchester City-Watford,Manchester City,46’,5:0,Angeliño,Benjamin Mendy,substitute_in
ENG-Premier League,1920,2019-09-21 Manchester City-Watford,Manchester City,48’,6:0,Bernardo Silva,,goal
ENG-Premier League,1920,2019-09-21 Manchester City-Watford,Manchester City,54’,6:0,João Cancelo,Kyle Walker,substitute_in
ENG-Premier League,1920,2019-09-21 Manchester City-Watford,Watford,59’,6:0,Gerard Deulofeu,,yellow_card
ENG-Premier League,1920,2019-09-21 Manchester City-Watford,Watford,59’,6:0,Kiko Femenía,,yellow_card
ENG-Premier League,1920,2019-09-21 Manchester City-Watford,Watford,59’,6:0,Ismaila Sarr,Will Hughes,substitute_in
ENG-Premier League,1920,2019-09-21 Manchester City-Watford,Manchester City,60’,7:0,Bernardo Silva,Kevin De Bruyne,goal
ENG-Premier League,1920,2019-09-21 Manchester City-Watford,Manchester City,63’,7:0,Eric García,Nicolás Otamendi,substitute_in
ENG-Premier League,1920,2019-09-21 Manchester City-Watford,Watford,77’,7:0,Andre Gray,Gerard Deulofeu,substitute_in
ENG-Premier League,1920,2019-09-21 Manchester City-Watford,Manchester City,7’,2:0,Sergio Agüero,,penalty_goal
ENG-Premier League,1920,2019-09-21 Manchester City-Watford,Manchester City,81’,7:0,Angeliño,,yellow_card
ENG-Premier League,1920,2019-09-21 Manchester City-Watford,Manchester City,85’,8:0,Kevin De Bruyne,Riyad Mahrez,goal
ENG-Premier League,1920,2019-12-21 Brighton-Sheffield United,Sheffield United,23’,0:1,Oliver McBurnie,,goal
ENG-Premier League,1920,2019-12-21 Brighton-Sheffield United,Brighton & Hove Albion,46’,0:1,Glenn Murray,Pascal Groß,substitute_in
ENG-Premier League,1920,2019-12-21 Brighton-Sheffield United,Brighton & Hove Albion,46’,0:1,Aaron Connolly,Leandro Trossard,substitute_in
ENG-Premier League,1920,2019-12-21 Brighton-Sheffield United,Sheffield United,53’,0:1,Ben Osborn,Luke Freeman,substitute_in
ENG-Premier League,1920,2019-12-21 Brighton-Sheffield United,Brighton & Hove Albion,56’,0:1,Yves Bissouma,Martín Montoya,substitute_in
ENG-Premier League,1920,2019-12-21 Brighton-Sheffield United,Sheffield United,63’,0:1,Lys Mousset,Oliver McBurnie,substitute_in
ENG-Premier League,1920,2019-12-21 Brighton-Sheffield United,Sheffield United,75’,0:1,Enda Stevens,,yellow_card
ENG-Premier League,1920,2019-12-21 Brighton-Sheffield United,Sheffield United,82’,0:1,Muhamed Bešić,Oliver Norwood,substitute_in
ENG-Premier League,1920,2019-12-21 Brighton-Sheffield United,Sheffield United,83’,0:1,Chris Basham,,yellow_card
ENG-Premier League,1920,2019-12-21 Brighton-Sheffield United,Sheffield United,85’,0:1,David McGoldrick,,yellow_card
ENG-Premier League,1920,2019-12-21 Brighton-Sheffield United,Brighton & Hove Albion,87’,0:1,Yves Bissouma,,yellow_card
ENG-Premier League,1920,2020-02-01 Watford-Everton,Watford,10’,1:0,Adam Masina,Gerard Deulofeu,goal
ENG-Premier League,1920,2020-02-01 Watford-Everton,Watford,42’,2:0,Roberto Pereyra,Troy Deeney,goal
ENG-Premier League,1920,2020-02-01 Watford-Everton,Everton,45+1’,2:1,Yerry Mina,,goal
ENG-Premier League,1920,2020-02-01 Watford-Everton,Everton,45+4’,2:2,Yerry Mina,Gylfi Sigurðsson,goal
ENG-Premier League,1920,2020-02-01 Watford-Everton,Watford,57’,2:2,Danny Welbeck,Nathaniel Chalobah,substitute_in
ENG-Premier League,1920,2020-02-01 Watford-Everton,Everton,58’,2:2,Fabian Delph,,yellow_card
ENG-Premier League,1920,2020-02-01 Watford-Everton,Everton,65’,2:2,Moise Kean,Alex Iwobi,substitute_in
ENG-Premier League,1920,2020-02-01 Watford-Everton,Everton,67’,2:2,Morgan Schneiderlin,Gylfi Sigurðsson,substitute_in
ENG-Premier League,1920,2020-02-01 Watford-Everton,Watford,68’,2:2,Adam Masina,,yellow_card
ENG-Premier League,1920,2020-02-01 Watford-Everton,Everton,71’,2:2,Fabian Delph,,yellow_red_card
ENG-Premier League,1920,2020-02-01 Watford-Everton,Everton,73’,2:2,Michael Keane,Dominic Calvert-Lewin,substitute_in
ENG-Premier League,1920,2020-02-01 Watford-Everton,Watford,75’,2:2,Isaac Success,Roberto Pereyra,substitute_in
ENG-Premier League,1920,2020-02-01 Watford-Everton,Watford,78’,2:2,Isaac Success,,yellow_card
ENG-Premier League,1920,2020-02-01 Watford-Everton,Watford,82’,2:2,Ignacio Pussetto,Gerard Deulofeu,substitute_in
ENG-Premier League,1920,2020-02-01 Watford-Everton,Everton,84’,2:2,Yerry Mina,,yellow_card
ENG-Premier League,1920,2020-02-01 Watford-Everton,Everton,86’,2:2,Mason Holgate,,yellow_card
ENG-Premier League,1920,2020-02-01 Watford-Everton,Everton,90’,2:3,Theo Walcott,Moise Kean,goal
ENG-Premier League,1920,2020-07-12 Wolves-Everton,Everton,19’,0:0,Lucas Digne,,yellow_card
ENG-Premier League,1920,2020-07-12 Wolves-Everton,Everton,31’,0:0,Séamus Coleman,Yerry Mina,substitute_in
ENG-Premier League,1920,2020-07-12 Wolves-Everton,Wolverhampton Wanderers,45+2’,1:0,Raúl Jiménez,,penalty_goal
ENG-Premier League,1920,2020-07-12 Wolves-Everton,Wolverhampton Wanderers,46’,2:0,Leander Dendoncker,Pedro Neto,goal
ENG-Premier League,1920,2020-07-12 Wolves-Everton,Everton,46’,1:0,Jarrad Branthwaite,Leighton Baines,substitute_in
ENG-Premier League,1920,2020-07-12 Wolves-Everton,Wolverhampton Wanderers,56’,2:0,Diogo Jota,Pedro Neto,substitute_in
ENG-Premier League,1920,2020-07-12 Wolves-Everton,Everton,56’,2:0,Alex Iwobi,Anthony Gordon,substitute_in
ENG-Premier League,1920,2020-07-12 Wolves-Everton,Everton,56’,2:0,Bernard,Theo Walcott,substitute_in
ENG-Premier League,1920,2020-07-12 Wolves-Everton,Everton,58’,2:0,Michael Keane,,yellow_card
ENG-Premier League,1920,2020-07-12 Wolves-Everton,Everton,63’,2:0,Moise Kean,Richarlison,substitute_in
ENG-Premier League,1920,2020-07-12 Wolves-Everton,Wolverhampton Wanderers,71’,2:0,Adama Traoré,Daniel Podence,substitute_in
ENG-Premier League,1920,2020-07-12 Wolves-Everton,Wolverhampton Wanderers,74’,3:0,Diogo Jota,Rúben Neves,goal
ENG-Premier League,1920,2020-07-12 Wolves-Everton,Wolverhampton Wanderers,78’,3:0,João Moutinho,Raúl Jiménez,substitute_in
ENG-Premier League,1920,2019-11-10 Liverpool-Manchester City,Liverpool,13’,2:0,Mohamed Salah,Andrew Robertson,goal
ENG-Premier League,1920,2019-11-10 Liverpool-Manchester City,Liverpool,51’,3:0,Sadio Mané,Jordan Henderson,goal
ENG-Premier League,1920,2019-11-10 Liverpool-Manchester City,Liverpool,61’,3:0,James Milner,Jordan Henderson,substitute_in
ENG-Premier League,1920,2019-11-10 Liverpool-Manchester City,Manchester City,65’,3:0,Rodri,,yellow_card
ENG-Premier League,1920,2019-11-10 Liverpool-Manchester City,Liverpool,6’,1:0,Fabinho,,goal
ENG-Premier League,1920,2019-11-10 Liverpool-Manchester City,Manchester City,71’,3:0,Gabriel Jesus,Sergio Agüero,substitute_in
ENG-Premier League,1920,2019-11-10 Liverpool-Manchester City,Manchester City,78’,3:1,Bernardo Silva,,goal
ENG-Premier League,1920,2019-11-10 Liverpool-Manchester City,Liverpool,79’,3:1,Alex Oxlade-Chamberlain,Roberto Firmino,substitute_in
ENG-Premier League,1920,2019-11-10 Liverpool-Manchester City,Liverpool,87’,3:1,Joe Gomez,Mohamed Salah,substitute_in
ENG-Premier League,1920,2019-11-10 Liverpool-Manchester City,Manchester City,90+5’,3:1,Gabriel Jesus,,yellow_card
ENG-Premier League,1920,2020-06-23 Leicester City-Brighton,Leicester City,12’,0:0,James Justin,,yellow_card
ENG-Premier League,1920,2020-06-23 Leicester City-Brighton,Brighton & Hove Albion,14’,0:0,Neal Maupay,Kasper Schmeichel,penalty_miss
ENG-Premier League,1920,2020-06-23 Leicester City-Brighton,Brighton & Hove Albion,24’,0:0,Shane Duffy,Adam Webster,substitute_in
ENG-Premier League,1920,2020-06-23 Leicester City-Brighton,Leicester City,34’,0:0,Wilfred Ndidi,,yellow_card
ENG-Premier League,1920,2020-06-23 Leicester City-Brighton,Brighton & Hove Albion,36’,0:0,Dale Stephens,,yellow_card
ENG-Premier League,1920,2020-06-23 Leicester City-Brighton,Brighton & Hove Albion,57’,0:0,Leandro Trossard,Neal Maupay,substitute_in
ENG-Premier League,1920,2020-06-23 Leicester City-Brighton,Brighton & Hove Albion,58’,0:0,Davy Pröpper,Yves Bissouma,substitute_in
ENG-Premier League,1920,2020-06-23 Leicester City-Brighton,Brighton & Hove Albion,58’,0:0,Solly March,Alexis Mac Allister,substitute_in
ENG-Premier League,1920,2020-06-23 Leicester City-Brighton,Leicester City,69’,0:0,Youri Tielemans,Nampalys Mendy,substitute_in
ENG-Premier League,1920,2020-06-23 Leicester City-Brighton,Leicester City,69’,0:0,Harvey Barnes,Kelechi Iheanacho,substitute_in
ENG-Premier League,1920,2020-06-23 Leicester City-Brighton,Leicester City,73’,0:0,Ayoze Pérez,Demarai Gray,substitute_in
ENG-Premier League,1920,2020-06-23 Leicester City-Brighton,Brighton & Hove Albion,80’,0:0,Shane Duffy,,yellow_card
ENG-Premier League,1920,2020-06-23 Leicester City-Brighton,Brighton & Hove Albion,82’,0:0,Glenn Murray,Aaron Connolly,substitute_in
ENG-Premier League,1920,2020-02-23 Arsenal-Everton,Arsenal,18’,0:1,Bukayo Saka,Sead Kolašinac,substitute_in
ENG-Premier League,1920,2020-02-23 Arsenal-Everton,Everton,1’,0:1,Dominic Calvert-Lewin,,goal
ENG-Premier League,1920,2020-02-23 Arsenal-Everton,Arsenal,27’,1:1,Eddie Nketiah,Bukayo Saka,goal
ENG-Premier League,1920,2020-02-23 Arsenal-Everton,Everton,31’,1:1,Morgan Schneiderlin,,yellow_card
ENG-Premier League,1920,2020-02-23 Arsenal-Everton,Arsenal,33’,2:1,Pierre-Emerick Aubameyang,David Luiz,goal
ENG-Premier League,1920,2020-02-23 Arsenal-Everton,Everton,45+2’,2:1,Richarlison,,yellow_card
ENG-Premier League,1920,2020-02-23 Arsenal-Everton,Everton,45+4’,2:2,Richarlison,Yerry Mina,goal
ENG-Premier League,1920,2020-02-23 Arsenal-Everton,Arsenal,46’,3:2,Pierre-Emerick Aubameyang,Nicolas Pépé,goal
ENG-Premier League,1920,2020-02-23 Arsenal-Everton,Everton,59’,3:2,André Gomes,Morgan Schneiderlin,substitute_in
ENG-Premier League,1920,2020-02-23 Arsenal-Everton,Everton,60’,3:2,Bernard,Alex Iwobi,substitute_in
ENG-Premier League,1920,2020-02-23 Arsenal-Everton,Everton,73’,3:2,Gylfi Sigurðsson,,yellow_card
ENG-Premier League,1920,2020-02-23 Arsenal-Everton,Arsenal,76’,3:2,Lucas Torreira,Dani Ceballos,substitute_in
ENG-Premier League,1920,2020-02-23 Arsenal-Everton,Arsenal,82’,3:2,Mattéo Guendouzi,Mesut Özil,substitute_in
ENG-Premier League,1920,2020-02-23 Arsenal-Everton,Everton,82’,3:2,Moise Kean,Fabian Delph,substitute_in
ENG-Premier League,1920,2020-02-23 Arsenal-Everton,Everton,90+4’,3:2,André Gomes,,yellow_card
ENG-Premier League,1920,2019-08-24 Sheffield United-Leicester City,Leicester City,38’,0:1,Jamie Vardy,James Maddison,goal
ENG-Premier League,1920,2019-08-24 Sheffield United-Leicester City,Sheffield United,54’,0:1,Billy Sharp,Callum Robinson,substitute_in
ENG-Premier League,1920,2019-08-24 Sheffield United-Leicester City,Sheffield United,54’,0:1,Oliver McBurnie,David McGoldrick,substitute_in
ENG-Premier League,1920,2019-08-24 Sheffield United-Leicester City,Sheffield United,57’,0:1,John Lundstram,,yellow_card
ENG-Premier League,1920,2019-08-24 Sheffield United-Leicester City,Sheffield United,62’,1:1,Oliver McBurnie,George Baldock,goal
ENG-Premier League,1920,2019-08-24 Sheffield United-Leicester City,Leicester City,64’,1:1,Harvey Barnes,Dennis Praet,substitute_in
ENG-Premier League,1920,2019-08-24 Sheffield United-Leicester City,Leicester City,70’,1:2,Harvey Barnes,Çağlar Söyüncü,goal
ENG-Premier League,1920,2019-08-24 Sheffield United-Leicester City,Sheffield United,78’,1:2,Ravel Morrison,Chris Basham,substitute_in
ENG-Premier League,1920,2019-08-24 Sheffield United-Leicester City,Leicester City,78’,1:2,Wes Morgan,Ayoze Pérez,substitute_in
ENG-Premier League,1920,2019-08-24 Sheffield United-Leicester City,Leicester City,89’,1:2,Nampalys Mendy,Youri Tielemans,substitute_in
ENG-Premier League,1920,2019-08-31 Chelsea-Sheffield United,Chelsea,19’,1:0,Tammy Abraham,,goal
ENG-Premier League,1920,2019-08-31 Chelsea-Sheffield United,Chelsea,43’,2:0,Tammy Abraham,,goal
ENG-Premier League,1920,2019-08-31 Chelsea-Sheffield United,Sheffield United,45+1’,2:0,Oliver McBurnie,,yellow_card
ENG-Premier League,1920,2019-08-31 Chelsea-Sheffield United,Sheffield United,46’,2:1,Callum Robinson,Enda Stevens,goal
ENG-Premier League,1920,2019-08-31 Chelsea-Sheffield United,Chelsea,60’,2:1,Willian,Ross Barkley,substitute_in
ENG-Premier League,1920,2019-08-31 Chelsea-Sheffield United,Sheffield United,63’,2:1,David McGoldrick,Oliver McBurnie,substitute_in
ENG-Premier League,1920,2019-08-31 Chelsea-Sheffield United,Sheffield United,79’,2:1,Lys Mousset,Luke Freeman,substitute_in
ENG-Premier League,1920,2019-08-31 Chelsea-Sheffield United,Chelsea,83’,2:1,Michy Batshuayi,Mateo Kovačić,substitute_in
ENG-Premier League,1920,2019-08-31 Chelsea-Sheffield United,Chelsea,84’,2:1,Billy Gilmour,Tammy Abraham,substitute_in
ENG-Premier League,1920,2019-08-31 Chelsea-Sheffield United,Sheffield United,84’,2:1,Ben Osborn,Chris Basham,substitute_in
ENG-Premier League,1920,2019-08-31 Chelsea-Sheffield United,Sheffield United,89’,2:2,Kurt Zouma,,own_goal
ENG-Premier League,1920,2020-06-24 Norwich City-Everton,Everton,46’,0:0,Gylfi Sigurðsson,Tom Davies,substitute_in
ENG-Premier League,1920,2020-06-24 Norwich City-Everton,Everton,55’,0:1,Michael Keane,Lucas Digne,goal
ENG-Premier League,1920,2020-06-24 Norwich City-Everton,Norwich City,71’,0:1,Teemu Pukki,Ondrej Duda,substitute_in
ENG-Premier League,1920,2020-06-24 Norwich City-Everton,Norwich City,71’,0:1,Emi Buendía,Lukas Rupp,substitute_in
ENG-Premier League,1920,2020-06-24 Norwich City-Everton,Norwich City,79’,0:1,Mario Vrančić,Alexander Tettey,substitute_in
ENG-Premier League,1920,2020-06-24 Norwich City-Everton,Everton,79’,0:1,Moise Kean,Richarlison,substitute_in
ENG-Premier League,1920,2020-06-24 Norwich City-Everton,Norwich City,80’,0:1,Adam Idah,Onel Hernández,substitute_in
ENG-Premier League,1920,2020-06-24 Norwich City-Everton,Everton,80’,0:1,Moise Kean,,yellow_card
ENG-Premier League,1920,2020-06-24 Norwich City-Everton,Norwich City,87’,0:1,Todd Cantwell,Jamal Lewis,substitute_in
ENG-Premier League,1920,2020-06-24 Norwich City-Everton,Everton,87’,0:1,Leighton Baines,Bernard,substitute_in
ENG-Premier League,1920,2020-06-24 Norwich City-Everton,Everton,90’,0:1,Anthony Gordon,Alex Iwobi,substitute_in
ENG-Premier League,1920,2019-12-26 Leicester City-Liverpool,Liverpool,31’,0:1,Roberto Firmino,Trent Alexander-Arnold,goal
ENG-Premier League,1920,2019-12-26 Leicester City-Liverpool,Leicester City,58’,0:1,Marc Albrighton,Harvey Barnes,substitute_in
ENG-Premier League,1920,2019-12-26 Leicester City-Liverpool,Liverpool,62’,0:1,Joe Gomez,,yellow_card
ENG-Premier League,1920,2019-12-26 Leicester City-Liverpool,Liverpool,70’,0:1,James Milner,Naby Keïta,substitute_in
ENG-Premier League,1920,2019-12-26 Leicester City-Liverpool,Liverpool,70’,0:1,Divock Origi,Mohamed Salah,substitute_in
ENG-Premier League,1920,2019-12-26 Leicester City-Liverpool,Liverpool,71’,0:2,James Milner,,penalty_goal
ENG-Premier League,1920,2019-12-26 Leicester City-Liverpool,Leicester City,72’,0:2,Ayoze Pérez,Dennis Praet,substitute_in
ENG-Premier League,1920,2019-12-26 Leicester City-Liverpool,Leicester City,73’,0:2,James Maddison,,yellow_card
ENG-Premier League,1920,2019-12-26 Leicester City-Liverpool,Liverpool,74’,0:3,Roberto Firmino,Trent Alexander-Arnold,goal
ENG-Premier League,1920,2019-12-26 Leicester City-Liverpool,Leicester City,76’,0:3,Hamza Choudhury,James Maddison,substitute_in
ENG-Premier League,1920,2019-12-26 Leicester City-Liverpool,Liverpool,78’,0:4,Trent Alexander-Arnold,Sadio Mané,goal
ENG-Premier League,1920,2019-12-26 Leicester City-Liverpool,Liverpool,82’,0:4,Adam Lallana,Jordan Henderson,substitute_in
ENG-Premier League,1920,2019-09-28 Wolves-Watford,Wolverhampton Wanderers,18’,1:0,Matt Doherty,Pedro Neto,goal
ENG-Premier League,1920,2019-09-28 Wolves-Watford,Watford,46’,1:0,Roberto Pereyra,Gerard Deulofeu,substitute_in
ENG-Premier League,1920,2019-09-28 Wolves-Watford,Wolverhampton Wanderers,57’,1:0,Morgan Gibbs-White,Pedro Neto,substitute_in
ENG-Premier League,1920,2019-09-28 Wolves-Watford,Wolverhampton Wanderers,61’,2:0,Daryl Janmaat,,own_goal
ENG-Premier League,1920,2019-09-28 Wolves-Watford,Watford,68’,2:0,José Holebas,,yellow_card
ENG-Premier League,1920,2019-09-28 Wolves-Watford,Watford,71’,2:0,Andre Gray,Ismaila Sarr,substitute_in
ENG-Premier League,1920,2019-09-28 Wolves-Watford,Wolverhampton Wanderers,80’,2:0,Patrick Cutrone,Raúl Jiménez,substitute_in
ENG-Premier League,1920,2019-09-28 Wolves-Watford,Wolverhampton Wanderers,87’,2:0,Rúben Neves,Adama Traoré,substitute_in
ENG-Premier League,1920,2019-12-14 Burnley-Newcastle United,Newcastle United,41’,0:0,Joelinton,,yellow_card
ENG-Premier League,1920,2019-12-14 Burnley-Newcastle United,Burnley,58’,1:0,Chris Wood,Ashley Westwood,goal
ENG-Premier League,1920,2019-12-14 Burnley-Newcastle United,Newcastle United,59’,1:0,Andy Carroll,,yellow_card
ENG-Premier League,1920,2019-12-14 Burnley-Newcastle United,Newcastle United,71’,1:0,Dwight Gayle,Jetro Willems,substitute_in
ENG-Premier League,1920,2019-12-14 Burnley-Newcastle United,Newcastle United,80’,1:0,Yoshinori Mutō,Christian Atsu,substitute_in
ENG-Premier League,1920,2019-12-14 Burnley-Newcastle United,Burnley,85’,1:0,Jay Rodriguez,Chris Wood,substitute_in
ENG-Premier League,1920,2019-12-03 Burnley-Manchester City,Manchester City,15’,0:0,Bernardo Silva,,yellow_card
ENG-Premier League,1920,2019-12-03 Burnley-Manchester City,Manchester City,24’,0:1,Gabriel Jesus,David Silva,goal
ENG-Premier League,1920,2019-12-03 Burnley-Manchester City,Manchester City,50’,0:2,Gabriel Jesus,Bernardo Silva,goal
ENG-Premier League,1920,2019-12-03 Burnley-Manchester City,Burnley,59’,0:2,Jay Rodriguez,Chris Wood,substitute_in
ENG-Premier League,1920,2019-12-03 Burnley-Manchester City,Burnley,59’,0:2,Ashley Barnes,Danny Drinkwater,substitute_in
ENG-Premier League,1920,2019-12-03 Burnley-Manchester City,Manchester City,68’,0:3,Rodri,,goal
ENG-Premier League,1920,2019-12-03 Burnley-Manchester City,Manchester City,72’,0:3,Riyad Mahrez,Raheem Sterling,substitute_in
ENG-Premier League,1920,2019-12-03 Burnley-Manchester City,Burnley,75’,0:3,Robbie Brady,Dwight McNeil,substitute_in
ENG-Premier League,1920,2019-12-03 Burnley-Manchester City,Manchester City,80’,0:3,Phil Foden,Kevin De Bruyne,substitute_in
ENG-Premier League,1920,2019-12-03 Burnley-Manchester City,Manchester City,85’,0:3,Eric García,Fernandinho,substitute_in
ENG-Premier League,1920,2019-12-03 Burnley-Manchester City,Burnley,86’,0:3,Jeff Hendrick,,yellow_card
ENG-Premier League,1920,2019-12-03 Burnley-Manchester City,Manchester City,87’,0:4,Riyad Mahrez,Bernardo Silva,goal
ENG-Premier League,1920,2019-12-03 Burnley-Manchester City,Burnley,89’,1:4,Robbie Brady,Jeff Hendrick,goal
ENG-Premier League,1920,2019-10-19 Tottenham Hotspur-Watford,Tottenham Hotspur,13’,0:1,Davinson Sánchez,,yellow_card
ENG-Premier League,1920,2019-10-19 Tottenham Hotspur-Watford,Tottenham Hotspur,46’,0:1,Son Heung-min,Davinson Sánchez,substitute_in
ENG-Premier League,1920,2019-10-19 Tottenham Hotspur-Watford,Watford,4’,0:0,Gerard Deulofeu,Danny Welbeck,substitute_in
ENG-Premier League,1920,2019-10-19 Tottenham Hotspur-Watford,Tottenham Hotspur,63’,0:1,Érik Lamela,Lucas Moura,substitute_in
ENG-Premier League,1920,2019-10-19 Tottenham Hotspur-Watford,Watford,6’,0:1,Abdoulaye Doucouré,Daryl Janmaat,goal
ENG-Premier League,1920,2019-10-19 Tottenham Hotspur-Watford,Tottenham Hotspur,70’,0:1,Tanguy Ndombele,Harry Winks,substitute_in
ENG-Premier League,1920,2019-10-19 Tottenham Hotspur-Watford,Watford,71’,0:1,Kiko Femenía,Daryl Janmaat,substitute_in
ENG-Premier League,1920,2019-10-19 Tottenham Hotspur-Watford,Tottenham Hotspur,77’,0:1,Moussa Sissoko,,yellow_card
ENG-Premier League,1920,2019-10-19 Tottenham Hotspur-Watford,Watford,84’,0:1,Roberto Pereyra,,yellow_card
ENG-Premier League,1920,2019-10-19 Tottenham Hotspur-Watford,Watford,84’,0:1,Will Hughes,Roberto Pereyra,substitute_in
ENG-Premier League,1920,2019-10-19 Tottenham Hotspur-Watford,Tottenham Hotspur,86’,1:1,Dele Alli,,goal
ENG-Premier League,1920,2019-10-19 Tottenham Hotspur-Watford,Watford,88’,1:1,Kiko Femenía,,yellow_card
ENG-Premier League,1920,2019-10-19 Tottenham Hotspur-Watford,Tottenham Hotspur,89’,1:1,Danny Rose,,yellow_card
ENG-Premier League,1920,2019-10-19 Tottenham Hotspur-Watford,Tottenham Hotspur,90’,1:1,Dele Alli,,yellow_card
ENG-Premier League,1920,2019-10-19 Tottenham Hotspur-Watford,Watford,90’,1:1,José Holebas,,yellow_card
ENG-Premier League,1920,2020-02-29 Watford-Liverpool,Watford,37’,0:0,Roberto Pereyra,Gerard Deulofeu,substitute_in
ENG-Premier League,1920,2020-02-29 Watford-Liverpool,Watford,54’,1:0,Ismaila Sarr,Abdoulaye Doucouré,goal
ENG-Premier League,1920,2020-02-29 Watford-Liverpool,Watford,60’,2:0,Ismaila Sarr,Troy Deeney,goal
ENG-Premier League,1920,2020-02-29 Watford-Liverpool,Liverpool,61’,2:0,Adam Lallana,Georginio Wijnaldum,substitute_in
ENG-Premier League,1920,2020-02-29 Watford-Liverpool,Liverpool,65’,2:0,Divock Origi,Alex Oxlade-Chamberlain,substitute_in
ENG-Premier League,1920,2020-02-29 Watford-Liverpool,Watford,72’,3:0,Troy Deeney,Ismaila Sarr,goal
ENG-Premier League,1920,2020-02-29 Watford-Liverpool,Liverpool,79’,3:0,Takumi Minamino,Roberto Firmino,substitute_in
ENG-Premier League,1920,2020-02-29 Watford-Liverpool,Watford,82’,3:0,Ignacio Pussetto,Ismaila Sarr,substitute_in
ENG-Premier League,1920,2020-02-29 Watford-Liverpool,Watford,89’,3:0,Nathaniel Chalobah,Abdoulaye Doucouré,substitute_in
ENG-Premier League,1920,2020-06-21 Newcastle United-Sheffield United,Newcastle United,31’,0:0,Joelinton,,yellow_card
ENG-Premier League,1920,2020-06-21 Newcastle United-Sheffield United,Sheffield United,31’,0:0,John Egan,,yellow_card
ENG-Premier League,1920,2020-06-21 Newcastle United-Sheffield United,Sheffield United,50’,0:0,John Egan,,yellow_red_card
ENG-Premier League,1920,2020-06-21 Newcastle United-Sheffield United,Newcastle United,55’,1:0,Allan Saint-Maximin,Matt Ritchie,goal
ENG-Premier League,1920,2020-06-21 Newcastle United-Sheffield United,Sheffield United,66’,1:0,John Lundstram,Sander Berge,substitute_in
ENG-Premier League,1920,2020-06-21 Newcastle United-Sheffield United,Newcastle United,69’,2:0,Matt Ritchie,Isaac Hayden,goal
ENG-Premier League,1920,2020-06-21 Newcastle United-Sheffield United,Newcastle United,70’,2:0,Jamaal Lascelles,,yellow_card
ENG-Premier League,1920,2020-06-21 Newcastle United-Sheffield United,Sheffield United,73’,2:0,Luke Freeman,John Fleck,substitute_in
ENG-Premier League,1920,2020-06-21 Newcastle United-Sheffield United,Sheffield United,74’,2:0,Richairo Živković,Billy Sharp,substitute_in
ENG-Premier League,1920,2020-06-21 Newcastle United-Sheffield United,Newcastle United,78’,3:0,Joelinton,Miguel Almirón,goal
ENG-Premier League,1920,2020-06-21 Newcastle United-Sheffield United,Newcastle United,79’,3:0,Andy Carroll,Joelinton,substitute_in
ENG-Premier League,1920,2020-06-21 Newcastle United-Sheffield United,Newcastle United,79’,3:0,Nabil Bentaleb,Allan Saint-Maximin,substitute_in
ENG-Premier League,1920,2020-06-21 Newcastle United-Sheffield United,Newcastle United,85’,3:0,Fabian Schär,Jonjo Shelvey,substitute_in
ENG-Premier League,1920,2020-06-21 Newcastle United-Sheffield United,Newcastle United,85’,3:0,Valentino Lazaro,Miguel Almirón,substitute_in
ENG-Premier League,1920,2020-06-21 Newcastle United-Sheffield United,Sheffield United,85’,3:0,Kieron Freeman,Oliver McBurnie,substitute_in
ENG-Premier League,1920,2020-06-21 Newcastle United-Sheffield United,Newcastle United,90+2’,3:0,DeAndre Yedlin,Matt Ritchie,substitute_in
ENG-Premier League,1920,2020-02-08 Everton-Crystal Palace,Crystal Palace,10’,0:0,James McCarthy,,yellow_card
ENG-Premier League,1920,2020-02-08 Everton-Crystal Palace,Everton,18’,1:0,Bernard,Theo Walcott,goal
ENG-Premier League,1920,2020-02-08 Everton-Crystal Palace,Everton,26’,1:0,Djibril Sidibé,Theo Walcott,substitute_in
ENG-Premier League,1920,2020-02-08 Everton-Crystal Palace,Crystal Palace,51’,1:1,Christian Benteke,Wilfried Zaha,goal
ENG-Premier League,1920,2020-02-08 Everton-Crystal Palace,Everton,58’,2:1,Richarlison,Dominic Calvert-Lewin,goal
ENG-Premier League,1920,2020-02-08 Everton-Crystal Palace,Crystal Palace,61’,2:1,Scott Dann,James Tomkins,substitute_in
ENG-Premier League,1920,2020-02-08 Everton-Crystal Palace,Everton,65’,2:1,Tom Davies,Bernard,substitute_in
ENG-Premier League,1920,2020-02-08 Everton-Crystal Palace,Crystal Palace,68’,2:1,Max Meyer,James McCarthy,substitute_in
ENG-Premier League,1920,2020-02-08 Everton-Crystal Palace,Crystal Palace,79’,2:1,Cheikhou Kouyaté,Joel Ward,substitute_in
ENG-Premier League,1920,2020-02-08 Everton-Crystal Palace,Everton,86’,2:1,Mason Holgate,Gylfi Sigurðsson,substitute_in
ENG-Premier League,1920,2020-02-08 Everton-Crystal Palace,Everton,88’,3:1,Dominic Calvert-Lewin,,goal
ENG-Premier League,1920,2020-02-22 Leicester City-Manchester City,Leicester City,46’,0:0,Harvey Barnes,Kelechi Iheanacho,substitute_in
ENG-Premier League,1920,2020-02-22 Leicester City-Manchester City,Manchester City,58’,0:0,Nicolás Otamendi,Aymeric Laporte,substitute_in
ENG-Premier League,1920,2020-02-22 Leicester City-Manchester City,Manchester City,62’,0:0,Sergio Agüero,Kasper Schmeichel,penalty_miss
ENG-Premier League,1920,2020-02-22 Leicester City-Manchester City,Manchester City,77’,0:0,Gabriel Jesus,Sergio Agüero,substitute_in
ENG-Premier League,1920,2020-02-22 Leicester City-Manchester City,Manchester City,80’,0:1,Gabriel Jesus,Riyad Mahrez,goal
ENG-Premier League,1920,2020-02-22 Leicester City-Manchester City,Leicester City,85’,0:1,Matty James,Dennis Praet,substitute_in
ENG-Premier League,1920,2020-02-22 Leicester City-Manchester City,Leicester City,90+2’,0:1,Ayoze Pérez,Christian Fuchs,substitute_in
ENG-Premier League,1920,2019-08-24 Norwich City-Chelsea,Chelsea,17’,1:2,Mason Mount,Christian Pulisic,goal
ENG-Premier League,1920,2019-08-24 Norwich City-Chelsea,Norwich City,30’,2:2,Teemu Pukki,Emi Buendía,goal
ENG-Premier League,1920,2019-08-24 Norwich City-Chelsea,Chelsea,33’,2:2,Jorginho,,yellow_card
ENG-Premier League,1920,2019-08-24 Norwich City-Chelsea,Chelsea,3’,0:1,Tammy Abraham,César Azpilicueta,goal
ENG-Premier League,1920,2019-08-24 Norwich City-Chelsea,Norwich City,43’,2:2,Marco Stiepermann,,yellow_card
ENG-Premier League,1920,2019-08-24 Norwich City-Chelsea,Chelsea,68’,2:3,Tammy Abraham,Mateo Kovačić,goal
ENG-Premier League,1920,2019-08-24 Norwich City-Chelsea,Norwich City,6’,1:1,Todd Cantwell,Teemu Pukki,goal
ENG-Premier League,1920,2019-08-24 Norwich City-Chelsea,Chelsea,75’,2:3,Olivier Giroud,Tammy Abraham,substitute_in
ENG-Premier League,1920,2019-08-24 Norwich City-Chelsea,Norwich City,81’,2:3,Kenny McLean,Moritz Leitner,substitute_in
ENG-Premier League,1920,2019-08-24 Norwich City-Chelsea,Norwich City,81’,2:3,Dennis Srbeny,Marco Stiepermann,substitute_in
ENG-Premier League,1920,2019-08-24 Norwich City-Chelsea,Norwich City,81’,2:3,Mario Vrančić,Tom Trybull,substitute_in
ENG-Premier League,1920,2019-08-24 Norwich City-Chelsea,Chelsea,84’,2:3,Willian,Christian Pulisic,substitute_in
ENG-Premier League,1920,2019-08-24 Norwich City-Chelsea,Chelsea,90+1’,2:3,Marcos Alonso,Mason Mount,substitute_in
ENG-Premier League,1920,2020-06-24 Wolves-Bournemouth,Wolverhampton Wanderers,27’,0:0,Romain Saïss,,yellow_card
ENG-Premier League,1920,2020-06-24 Wolves-Bournemouth,Bournemouth,34’,0:0,David Brooks,,yellow_card
ENG-Premier League,1920,2020-06-24 Wolves-Bournemouth,Bournemouth,36’,0:0,Steve Cook,,yellow_card
ENG-Premier League,1920,2020-06-24 Wolves-Bournemouth,Bournemouth,39’,0:0,Callum Wilson,,yellow_card
ENG-Premier League,1920,2020-06-24 Wolves-Bournemouth,Wolverhampton Wanderers,41’,0:0,Rúben Neves,,yellow_card
ENG-Premier League,1920,2020-06-24 Wolves-Bournemouth,Bournemouth,50’,0:0,Dan Gosling,Philip Billing,substitute_in
ENG-Premier League,1920,2020-06-24 Wolves-Bournemouth,Wolverhampton Wanderers,60’,1:0,Raúl Jiménez,Adama Traoré,goal
ENG-Premier League,1920,2020-06-24 Wolves-Bournemouth,Wolverhampton Wanderers,62’,1:0,Pedro Neto,Diogo Jota,substitute_in
ENG-Premier League,1920,2020-06-24 Wolves-Bournemouth,Bournemouth,66’,1:0,Arnaut Danjuma,Junior Stanislas,substitute_in
ENG-Premier League,1920,2020-06-24 Wolves-Bournemouth,Bournemouth,66’,1:0,Harry Wilson,David Brooks,substitute_in
ENG-Premier League,1920,2020-06-24 Wolves-Bournemouth,Bournemouth,66’,1:0,Dominic Solanke,Jefferson Lerma,substitute_in
ENG-Premier League,1920,2020-06-24 Wolves-Bournemouth,Wolverhampton Wanderers,73’,1:0,Leander Dendoncker,Adama Traoré,substitute_in
ENG-Premier League,1920,2020-06-24 Wolves-Bournemouth,Bournemouth,82’,1:0,Lloyd Kelly,Jack Stacey,substitute_in
ENG-Premier League,1920,2020-06-24 Wolves-Bournemouth,Wolverhampton Wanderers,87’,1:0,João Moutinho,,yellow_card
ENG-Premier League,1920,2020-06-24 Wolves-Bournemouth,Wolverhampton Wanderers,90+1’,1:0,Morgan Gibbs-White,João Moutinho,substitute_in
ENG-Premier League,1920,2020-06-24 Wolves-Bournemouth,Wolverhampton Wanderers,90’,1:0,Daniel Podence,Raúl Jiménez,substitute_in
ENG-Premier League,1920,2019-12-08 Norwich City-Sheffield United,Norwich City,27’,1:0,Alexander Tettey,Christoph Zimmermann,goal
ENG-Premier League,1920,2019-12-08 Norwich City-Sheffield United,Sheffield United,37’,1:0,John Egan,,yellow_card
ENG-Premier League,1920,2019-12-08 Norwich City-Sheffield United,Sheffield United,40’,1:0,Oliver Norwood,,yellow_card
ENG-Premier League,1920,2019-12-08 Norwich City-Sheffield United,Sheffield United,49’,1:1,Enda Stevens,George Baldock,goal
ENG-Premier League,1920,2019-12-08 Norwich City-Sheffield United,Sheffield United,52’,1:2,George Baldock,,goal
ENG-Premier League,1920,2019-12-08 Norwich City-Sheffield United,Sheffield United,65’,1:2,Callum Robinson,Lys Mousset,substitute_in
ENG-Premier League,1920,2019-12-08 Norwich City-Sheffield United,Sheffield United,65’,1:2,Muhamed Bešić,Oliver Norwood,substitute_in
ENG-Premier League,1920,2019-12-08 Norwich City-Sheffield United,Norwich City,72’,1:2,Jamal Lewis,Sam Byram,substitute_in
ENG-Premier League,1920,2019-12-08 Norwich City-Sheffield United,Norwich City,72’,1:2,Todd Cantwell,Onel Hernández,substitute_in
ENG-Premier League,1920,2019-12-08 Norwich City-Sheffield United,Sheffield United,74’,1:2,Chris Basham,,yellow_card
ENG-Premier League,1920,2019-12-08 Norwich City-Sheffield United,Norwich City,81’,1:2,Dennis Srbeny,Mario Vrančić,substitute_in
ENG-Premier League,1920,2019-12-08 Norwich City-Sheffield United,Sheffield United,83’,1:2,Oliver McBurnie,David McGoldrick,substitute_in
ENG-Premier League,1920,2019-12-08 Norwich City-Sheffield United,Sheffield United,90+5’,1:2,Callum Robinson,,yellow_card
ENG-Premier League,1920,2019-08-31 Newcastle United-Watford,Watford,29’,0:1,Abdoulaye Doucouré,,yellow_card
ENG-Premier League,1920,2019-08-31 Newcastle United-Watford,Watford,2’,0:1,Will Hughes,,goal
ENG-Premier League,1920,2019-08-31 Newcastle United-Watford,Newcastle United,31’,0:1,Isaac Hayden,,yellow_card
ENG-Premier League,1920,2019-08-31 Newcastle United-Watford,Newcastle United,41’,1:1,Fabian Schär,Isaac Hayden,goal
ENG-Premier League,1920,2019-08-31 Newcastle United-Watford,Newcastle United,44’,1:1,Paul Dummett,,yellow_card
ENG-Premier League,1920,2019-08-31 Newcastle United-Watford,Watford,44’,1:1,Craig Dawson,,yellow_card
ENG-Premier League,1920,2019-08-31 Newcastle United-Watford,Watford,55’,1:1,Craig Cathcart,,yellow_card
ENG-Premier League,1920,2019-08-31 Newcastle United-Watford,Watford,71’,1:1,Isaac Success,Will Hughes,substitute_in
ENG-Premier League,1920,2019-08-31 Newcastle United-Watford,Watford,71’,1:1,Nathaniel Chalobah,Abdoulaye Doucouré,substitute_in
ENG-Premier League,1920,2019-08-31 Newcastle United-Watford,Newcastle United,78’,1:1,Javier Manquillo,Emil Krafth,substitute_in
ENG-Premier League,1920,2019-08-31 Newcastle United-Watford,Newcastle United,82’,1:1,Yoshinori Mutō,Christian Atsu,substitute_in
ENG-Premier League,1920,2019-08-31 Newcastle United-Watford,Watford,82’,1:1,Gerard Deulofeu,Andre Gray,substitute_in
ENG-Premier League,1920,2019-08-31 Newcastle United-Watford,Newcastle United,85’,1:1,Federico Fernández,Fabian Schär,substitute_in
ENG-Premier League,1920,2019-12-01 Wolves-Sheffield United,Sheffield United,15’,0:1,Enda Stevens,,yellow_card
ENG-Premier League,1920,2019-12-01 Wolves-Sheffield United,Sheffield United,2’,0:1,Lys Mousset,George Baldock,goal
ENG-Premier League,1920,2019-12-01 Wolves-Sheffield United,Wolverhampton Wanderers,3’,0:1,Leander Dendoncker,,yellow_card
ENG-Premier League,1920,2019-12-01 Wolves-Sheffield United,Sheffield United,42’,0:1,John Fleck,,yellow_card
ENG-Premier League,1920,2019-12-01 Wolves-Sheffield United,Sheffield United,54’,0:1,George Baldock,,yellow_card
ENG-Premier League,1920,2019-12-01 Wolves-Sheffield United,Sheffield United,63’,0:1,Jack O'Connell,,yellow_card
ENG-Premier League,1920,2019-12-01 Wolves-Sheffield United,Wolverhampton Wanderers,64’,1:1,Matt Doherty,Raúl Jiménez,goal
ENG-Premier League,1920,2019-12-01 Wolves-Sheffield United,Sheffield United,73’,1:1,Oliver McBurnie,David McGoldrick,substitute_in
ENG-Premier League,1920,2019-12-01 Wolves-Sheffield United,Sheffield United,86’,1:1,Callum Robinson,Lys Mousset,substitute_in
ENG-Premier League,1920,2019-12-01 Wolves-Sheffield United,Sheffield United,90+1’,1:1,Luke Freeman,John Lundstram,substitute_in
ENG-Premier League,1920,2019-12-01 Wolves-Sheffield United,Sheffield United,90’,1:1,John Egan,,yellow_card
ENG-Premier League,1920,2020-06-24 Manchester Utd-Sheffield United,Manchester United,44’,2:0,Anthony Martial,Aaron Wan-Bissaka,goal
ENG-Premier League,1920,2020-06-24 Manchester Utd-Sheffield United,Sheffield United,46’,2:0,Oliver McBurnie,Lys Mousset,substitute_in
ENG-Premier League,1920,2020-06-24 Manchester Utd-Sheffield United,Sheffield United,46’,2:0,Sander Berge,Oliver Norwood,substitute_in
ENG-Premier League,1920,2020-06-24 Manchester Utd-Sheffield United,Sheffield United,64’,2:0,Richairo Živković,David McGoldrick,substitute_in
ENG-Premier League,1920,2020-06-24 Manchester Utd-Sheffield United,Manchester United,67’,2:0,Luke Shaw,,yellow_card
ENG-Premier League,1920,2020-06-24 Manchester Utd-Sheffield United,Manchester United,74’,3:0,Anthony Martial,Marcus Rashford,goal
ENG-Premier League,1920,2020-06-24 Manchester Utd-Sheffield United,Manchester United,7’,1:0,Anthony Martial,Marcus Rashford,goal
ENG-Premier League,1920,2020-06-24 Manchester Utd-Sheffield United,Manchester United,80’,3:0,Juan Mata,Mason Greenwood,substitute_in
ENG-Premier League,1920,2020-06-24 Manchester Utd-Sheffield United,Manchester United,80’,3:0,Andreas Pereira,Paul Pogba,substitute_in
ENG-Premier League,1920,2020-06-24 Manchester Utd-Sheffield United,Manchester United,80’,3:0,Odion Ighalo,Anthony Martial,substitute_in
ENG-Premier League,1920,2020-06-24 Manchester Utd-Sheffield United,Manchester United,80’,3:0,Scott McTominay,Bruno Fernandes,substitute_in
ENG-Premier League,1920,2020-06-24 Manchester Utd-Sheffield United,Manchester United,80’,3:0,Daniel James,Marcus Rashford,substitute_in
ENG-Premier League,1920,2019-11-09 Southampton-Everton,Southampton,46’,0:1,Sofiane Boufal,Cédric Soares,substitute_in
ENG-Premier League,1920,2019-11-09 Southampton-Everton,Everton,4’,0:1,Tom Davies,Mason Holgate,goal
ENG-Premier League,1920,2019-11-09 Southampton-Everton,Southampton,50’,1:1,Danny Ings,,goal
ENG-Premier League,1920,2019-11-09 Southampton-Everton,Everton,65’,1:1,Djibril Sidibé,,yellow_card
ENG-Premier League,1920,2019-11-09 Southampton-Everton,Everton,74’,1:1,Dominic Calvert-Lewin,Cenk Tosun,substitute_in
ENG-Premier League,1920,2019-11-09 Southampton-Everton,Everton,74’,1:1,Alex Iwobi,Theo Walcott,substitute_in
ENG-Premier League,1920,2019-11-09 Southampton-Everton,Everton,75’,1:2,Richarlison,Djibril Sidibé,goal
ENG-Premier League,1920,2019-11-09 Southampton-Everton,Southampton,81’,1:2,Che Adams,Nathan Redmond,substitute_in
ENG-Premier League,1920,2019-11-09 Southampton-Everton,Southampton,88’,1:2,Sofiane Boufal,,yellow_card
ENG-Premier League,1920,2019-11-09 Southampton-Everton,Everton,89’,1:2,Michael Keane,Richarlison,substitute_in
ENG-Premier League,1920,2019-11-09 Southampton-Everton,Southampton,90+1’,1:2,Michael Obafemi,Stuart Armstrong,substitute_in
ENG-Premier League,1920,2019-12-08 Aston Villa-Leicester City,Aston Villa,13’,0:0,Tyrone Mings,,yellow_card
ENG-Premier League,1920,2019-12-08 Aston Villa-Leicester City,Leicester City,20’,0:1,Jamie Vardy,Kelechi Iheanacho,goal
ENG-Premier League,1920,2019-12-08 Aston Villa-Leicester City,Aston Villa,23’,0:1,Björn Engels,Tyrone Mings,substitute_in
ENG-Premier League,1920,2019-12-08 Aston Villa-Leicester City,Aston Villa,36’,0:1,Marvelous Nakamba,,yellow_card
ENG-Premier League,1920,2019-12-08 Aston Villa-Leicester City,Leicester City,38’,0:1,Kelechi Iheanacho,,yellow_card
ENG-Premier League,1920,2019-12-08 Aston Villa-Leicester City,Leicester City,41’,0:2,Kelechi Iheanacho,,goal
ENG-Premier League,1920,2019-12-08 Aston Villa-Leicester City,Leicester City,45+1’,0:2,Ricardo Pereira,,yellow_card
ENG-Premier League,1920,2019-12-08 Aston Villa-Leicester City,Aston Villa,45+2’,1:2,Jack Grealish,Ezri Konsa,goal
ENG-Premier League,1920,2019-12-08 Aston Villa-Leicester City,Aston Villa,45+3’,1:2,Wesley Moraes,,yellow_card
ENG-Premier League,1920,2019-12-08 Aston Villa-Leicester City,Leicester City,49’,1:3,Jonny Evans,James Maddison,goal
ENG-Premier League,1920,2019-12-08 Aston Villa-Leicester City,Aston Villa,50’,1:3,Matt Targett,,yellow_card
ENG-Premier League,1920,2019-12-08 Aston Villa-Leicester City,Aston Villa,59’,1:3,Trézéguet,Marvelous Nakamba,substitute_in
ENG-Premier League,1920,2019-12-08 Aston Villa-Leicester City,Aston Villa,60’,1:3,John McGinn,,yellow_card
ENG-Premier League,1920,2019-12-08 Aston Villa-Leicester City,Leicester City,64’,1:3,Harvey Barnes,Kelechi Iheanacho,substitute_in
ENG-Premier League,1920,2019-12-08 Aston Villa-Leicester City,Leicester City,75’,1:4,Jamie Vardy,Dennis Praet,goal
ENG-Premier League,1920,2019-12-08 Aston Villa-Leicester City,Leicester City,76’,1:4,Marc Albrighton,Dennis Praet,substitute_in
ENG-Premier League,1920,2019-12-08 Aston Villa-Leicester City,Aston Villa,78’,1:4,Frederic Guilbert,Matt Targett,substitute_in
ENG-Premier League,1920,2019-12-08 Aston Villa-Leicester City,Leicester City,80’,1:4,James Justin,Ben Chilwell,substitute_in
ENG-Premier League,1920,2019-12-08 Aston Villa-Leicester City,Aston Villa,90+1’,1:4,Jack Grealish,,yellow_card
ENG-Premier League,1920,2019-11-09 Burnley-West Ham United,Burnley,11’,1:0,Ashley Barnes,James Tarkowski,goal
ENG-Premier League,1920,2019-11-09 Burnley-West Ham United,West Ham United,20’,1:0,Andriy Yarmolenko,Mark Noble,substitute_in
ENG-Premier League,1920,2019-11-09 Burnley-West Ham United,Burnley,44’,2:0,Chris Wood,Dwight McNeil,goal
ENG-Premier League,1920,2019-11-09 Burnley-West Ham United,Burnley,45+3’,2:0,Ben Mee,,yellow_card
ENG-Premier League,1920,2019-11-09 Burnley-West Ham United,Burnley,54’,3:0,Roberto,,own_goal
ENG-Premier League,1920,2019-11-09 Burnley-West Ham United,West Ham United,56’,3:0,Manuel Lanzini,Felipe Anderson,substitute_in
ENG-Premier League,1920,2019-11-09 Burnley-West Ham United,West Ham United,64’,3:0,Albian Ajeti,Pablo Fornals,substitute_in
ENG-Premier League,1920,2019-11-09 Burnley-West Ham United,West Ham United,69’,3:0,Ryan Fredericks,,yellow_card
ENG-Premier League,1920,2019-11-09 Burnley-West Ham United,Burnley,81’,3:0,Jay Rodriguez,Ashley Barnes,substitute_in
ENG-Premier League,1920,2019-11-09 Burnley-West Ham United,Burnley,88’,3:0,Ashley Westwood,,yellow_card
ENG-Premier League,1920,2019-11-09 Burnley-West Ham United,Burnley,90+4’,3:0,Robbie Brady,Chris Wood,substitute_in
ENG-Premier League,1920,2019-12-07 Tottenham Hotspur-Burnley,Burnley,22’,2:0,Matthew Lowton,,yellow_card
ENG-Premier League,1920,2019-12-07 Tottenham Hotspur-Burnley,Tottenham Hotspur,32’,3:0,Son Heung-min,Jan Vertonghen,goal
ENG-Premier League,1920,2019-12-07 Tottenham Hotspur-Burnley,Tottenham Hotspur,4’,1:0,Harry Kane,Son Heung-min,goal
ENG-Premier League,1920,2019-12-07 Tottenham Hotspur-Burnley,Tottenham Hotspur,54’,4:0,Harry Kane,Dele Alli,goal
ENG-Premier League,1920,2019-12-07 Tottenham Hotspur-Burnley,Burnley,65’,4:0,Matěj Vydra,Chris Wood,substitute_in
ENG-Premier League,1920,2019-12-07 Tottenham Hotspur-Burnley,Burnley,71’,4:0,Aaron Lennon,Robbie Brady,substitute_in
ENG-Premier League,1920,2019-12-07 Tottenham Hotspur-Burnley,Tottenham Hotspur,72’,4:0,Eric Dier,,yellow_card
ENG-Premier League,1920,2019-12-07 Tottenham Hotspur-Burnley,Tottenham Hotspur,74’,5:0,Moussa Sissoko,Harry Kane,goal
ENG-Premier League,1920,2019-12-07 Tottenham Hotspur-Burnley,Tottenham Hotspur,75’,5:0,Ryan Sessegnon,Lucas Moura,substitute_in
ENG-Premier League,1920,2019-12-07 Tottenham Hotspur-Burnley,Tottenham Hotspur,80’,5:0,Oliver Skipp,Serge Aurier,substitute_in
ENG-Premier League,1920,2019-12-07 Tottenham Hotspur-Burnley,Tottenham Hotspur,85’,5:0,Troy Parrott,Dele Alli,substitute_in
ENG-Premier League,1920,2019-12-07 Tottenham Hotspur-Burnley,Tottenham Hotspur,9’,2:0,Lucas Moura,Dele Alli,goal
ENG-Premier League,1920,2020-02-29 Bournemouth-Chelsea,Chelsea,17’,0:0,Jorginho,,yellow_card
ENG-Premier League,1920,2020-02-29 Bournemouth-Chelsea,Chelsea,33’,0:1,Marcos Alonso,,goal
ENG-Premier League,1920,2020-02-29 Bournemouth-Chelsea,Bournemouth,54’,1:1,Jefferson Lerma,Ryan Fraser,goal
ENG-Premier League,1920,2020-02-29 Bournemouth-Chelsea,Bournemouth,57’,2:1,Joshua King,Jack Stacey,goal
ENG-Premier League,1920,2020-02-29 Bournemouth-Chelsea,Bournemouth,59’,2:1,Adam Smith,,yellow_card
ENG-Premier League,1920,2020-02-29 Bournemouth-Chelsea,Chelsea,64’,2:1,Ross Barkley,Jorginho,substitute_in
ENG-Premier League,1920,2020-02-29 Bournemouth-Chelsea,Chelsea,64’,2:1,Willian,Fikayo Tomori,substitute_in
ENG-Premier League,1920,2020-02-29 Bournemouth-Chelsea,Bournemouth,68’,2:1,Junior Stanislas,Joshua King,substitute_in
ENG-Premier League,1920,2020-02-29 Bournemouth-Chelsea,Chelsea,71’,2:1,Andreas Christensen,,yellow_card
ENG-Premier League,1920,2020-02-29 Bournemouth-Chelsea,Chelsea,72’,2:1,Michy Batshuayi,Olivier Giroud,substitute_in
ENG-Premier League,1920,2020-02-29 Bournemouth-Chelsea,Bournemouth,81’,2:1,Dan Gosling,Lewis Cook,substitute_in
ENG-Premier League,1920,2020-02-29 Bournemouth-Chelsea,Chelsea,85’,2:2,Marcos Alonso,,goal
ENG-Premier League,1920,2020-02-29 Bournemouth-Chelsea,Bournemouth,88’,2:2,Callum Wilson,,yellow_card
ENG-Premier League,1920,2020-06-17 Manchester City-Arsenal,Arsenal,24’,0:0,David Luiz,Pablo Marí,substitute_in
ENG-Premier League,1920,2020-06-17 Manchester City-Arsenal,Manchester City,45+2’,1:0,Raheem Sterling,,goal
ENG-Premier League,1920,2020-06-17 Manchester City-Arsenal,Arsenal,49’,1:0,David Luiz,,red_card
ENG-Premier League,1920,2020-06-17 Manchester City-Arsenal,Manchester City,51’,2:0,Kevin De Bruyne,,penalty_goal
ENG-Premier League,1920,2020-06-17 Manchester City-Arsenal,Manchester City,65’,2:0,Bernardo Silva,David Silva,substitute_in
ENG-Premier League,1920,2020-06-17 Manchester City-Arsenal,Manchester City,65’,2:0,Phil Foden,Riyad Mahrez,substitute_in
ENG-Premier League,1920,2020-06-17 Manchester City-Arsenal,Arsenal,67’,2:0,Reiss Nelson,Joe Willock,substitute_in
ENG-Premier League,1920,2020-06-17 Manchester City-Arsenal,Arsenal,67’,2:0,Alexandre Lacazette,Eddie Nketiah,substitute_in
ENG-Premier League,1920,2020-06-17 Manchester City-Arsenal,Arsenal,67’,2:0,Ainsley Maitland-Niles,Mattéo Guendouzi,substitute_in
ENG-Premier League,1920,2020-06-17 Manchester City-Arsenal,Manchester City,70’,2:0,Fernandinho,Aymeric Laporte,substitute_in
ENG-Premier League,1920,2020-06-17 Manchester City-Arsenal,Manchester City,70’,2:0,Rodri,Kevin De Bruyne,substitute_in
ENG-Premier League,1920,2020-06-17 Manchester City-Arsenal,Arsenal,76’,2:0,Kieran Tierney,,yellow_card
ENG-Premier League,1920,2020-06-17 Manchester City-Arsenal,Manchester City,79’,2:0,Rodri,,yellow_card
ENG-Premier League,1920,2020-06-17 Manchester City-Arsenal,Manchester City,80’,2:0,Sergio Agüero,Gabriel Jesus,substitute_in
ENG-Premier League,1920,2020-06-17 Manchester City-Arsenal,Arsenal,8’,0:0,Dani Ceballos,Granit Xhaka,substitute_in
ENG-Premier League,1920,2020-06-17 Manchester City-Arsenal,Manchester City,90+1’,3:0,Phil Foden,,goal
ENG-Premier League,1920,2020-02-22 Crystal Palace-Newcastle United,Crystal Palace,14’,0:0,James McCarthy,,yellow_card
ENG-Premier League,1920,2020-02-22 Crystal Palace-Newcastle United,Newcastle United,21’,0:0,Nabil Bentaleb,,yellow_card
ENG-Premier League,1920,2020-02-22 Crystal Palace-Newcastle United,Newcastle United,32’,0:0,Miguel Almirón,,yellow_card
ENG-Premier League,1920,2020-02-22 Crystal Palace-Newcastle United,Newcastle United,39’,0:0,Jamaal Lascelles,,yellow_card
ENG-Premier League,1920,2020-02-22 Crystal Palace-Newcastle United,Crystal Palace,44’,1:0,Patrick van Aanholt,,goal
ENG-Premier League,1920,2020-02-22 Crystal Palace-Newcastle United,Newcastle United,71’,1:0,Dwight Gayle,Miguel Almirón,substitute_in
ENG-Premier League,1920,2020-02-22 Crystal Palace-Newcastle United,Newcastle United,71’,1:0,Matt Ritchie,Danny Rose,substitute_in
ENG-Premier League,1920,2020-02-22 Crystal Palace-Newcastle United,Crystal Palace,74’,1:0,James McArthur,,yellow_card
ENG-Premier League,1920,2020-02-22 Crystal Palace-Newcastle United,Newcastle United,83’,1:0,Matt Ritchie,,yellow_card
ENG-Premier League,1920,2020-02-22 Crystal Palace-Newcastle United,Newcastle United,88’,1:0,Joelinton,,yellow_card
ENG-Premier League,1920,2020-02-22 Crystal Palace-Newcastle United,Crystal Palace,89’,1:0,Cenk Tosun,Christian Benteke,substitute_in
ENG-Premier League,1920,2020-02-22 Crystal Palace-Newcastle United,Crystal Palace,89’,1:0,Jaïro Riedewald,Cheikhou Kouyaté,substitute_in
ENG-Premier League,1920,2020-02-22 Crystal Palace-Newcastle United,Newcastle United,90+5’,1:0,Valentino Lazaro,,red_card
ENG-Premier League,1920,2020-02-22 Crystal Palace-Newcastle United,Newcastle United,90+6’,1:0,Sean Longstaff,,yellow_card
ENG-Premier League,1920,2019-12-26 Bournemouth-Arsenal,Bournemouth,35’,1:0,Dan Gosling,Jack Stacey,goal
ENG-Premier League,1920,2019-12-26 Bournemouth-Arsenal,Bournemouth,53’,1:0,Jefferson Lerma,,yellow_card
ENG-Premier League,1920,2019-12-26 Bournemouth-Arsenal,Arsenal,54’,1:0,Lucas Torreira,,yellow_card
ENG-Premier League,1920,2019-12-26 Bournemouth-Arsenal,Arsenal,55’,1:0,Ainsley Maitland-Niles,,yellow_card
ENG-Premier League,1920,2019-12-26 Bournemouth-Arsenal,Arsenal,63’,1:1,Pierre-Emerick Aubameyang,,goal
ENG-Premier League,1920,2019-12-26 Bournemouth-Arsenal,Arsenal,64’,1:1,Pierre-Emerick Aubameyang,,yellow_card
ENG-Premier League,1920,2019-12-26 Bournemouth-Arsenal,Bournemouth,66’,1:1,Harry Wilson,Joshua King,substitute_in
ENG-Premier League,1920,2019-12-26 Bournemouth-Arsenal,Bournemouth,70’,1:1,Philip Billing,Dan Gosling,substitute_in
ENG-Premier League,1920,2019-12-26 Bournemouth-Arsenal,Arsenal,75’,1:1,Joe Willock,Mesut Özil,substitute_in
ENG-Premier League,1920,2019-12-26 Bournemouth-Arsenal,Arsenal,77’,1:1,Shkodran Mustafi,Sokratis Papastathopoulos,substitute_in
ENG-Premier League,1920,2019-12-26 Bournemouth-Arsenal,Arsenal,82’,1:1,Nicolas Pépé,Reiss Nelson,substitute_in
ENG-Premier League,1920,2019-12-26 Bournemouth-Arsenal,Bournemouth,84’,1:1,Chris Mepham,,yellow_card
ENG-Premier League,1920,2019-12-26 Bournemouth-Arsenal,Bournemouth,85’,1:1,Lewis Cook,,yellow_card
ENG-Premier League,1920,2019-12-26 Bournemouth-Arsenal,Arsenal,90+3’,1:1,Alexandre Lacazette,,yellow_card
ENG-Premier League,1920,2019-12-26 Bournemouth-Arsenal,Bournemouth,90+4’,1:1,Callum Wilson,,yellow_card
ENG-Premier League,1920,2019-08-31 Manchester City-Brighton,Manchester City,2’,1:0,Kevin De Bruyne,David Silva,goal
ENG-Premier League,1920,2019-08-31 Manchester City-Brighton,Manchester City,36’,1:0,Aymeric Laporte,,yellow_card
ENG-Premier League,1920,2019-08-31 Manchester City-Brighton,Manchester City,37’,1:0,Fernandinho,Aymeric Laporte,substitute_in
ENG-Premier League,1920,2019-08-31 Manchester City-Brighton,Manchester City,42’,2:0,Sergio Agüero,Kevin De Bruyne,goal
ENG-Premier League,1920,2019-08-31 Manchester City-Brighton,Manchester City,55’,3:0,Sergio Agüero,David Silva,goal
ENG-Premier League,1920,2019-08-31 Manchester City-Brighton,Brighton & Hove Albion,66’,3:0,Aaron Connolly,Neal Maupay,substitute_in
ENG-Premier League,1920,2019-08-31 Manchester City-Brighton,Brighton & Hove Albion,67’,3:0,Glenn Murray,Bernardo,substitute_in
ENG-Premier League,1920,2019-08-31 Manchester City-Brighton,Manchester City,69’,3:0,İlkay Gündoğan,Kevin De Bruyne,substitute_in
ENG-Premier League,1920,2019-08-31 Manchester City-Brighton,Brighton & Hove Albion,74’,3:0,Pascal Groß,Leandro Trossard,substitute_in
ENG-Premier League,1920,2019-08-31 Manchester City-Brighton,Manchester City,78’,3:0,Bernardo Silva,David Silva,substitute_in
ENG-Premier League,1920,2019-08-31 Manchester City-Brighton,Manchester City,79’,4:0,Bernardo Silva,Sergio Agüero,goal
ENG-Premier League,1920,2019-08-31 Manchester City-Brighton,Brighton & Hove Albion,83’,4:0,Lewis Dunk,,yellow_card
ENG-Premier League,1920,2020-01-01 Norwich City-Crystal Palace,Norwich City,42’,1:0,Christoph Zimmermann,,yellow_card
ENG-Premier League,1920,2020-01-01 Norwich City-Crystal Palace,Crystal Palace,45’,1:0,Cheikhou Kouyaté,Mamadou Sakho,substitute_in
ENG-Premier League,1920,2020-01-01 Norwich City-Crystal Palace,Norwich City,4’,1:0,Todd Cantwell,Emi Buendía,goal
ENG-Premier League,1920,2020-01-01 Norwich City-Crystal Palace,Crystal Palace,60’,1:0,Connor Wickham,Max Meyer,substitute_in
ENG-Premier League,1920,2020-01-01 Norwich City-Crystal Palace,Norwich City,74’,1:0,Max Aarons,,yellow_card
ENG-Premier League,1920,2020-01-01 Norwich City-Crystal Palace,Norwich City,76’,1:0,Grant Hanley,,yellow_card
ENG-Premier League,1920,2020-01-01 Norwich City-Crystal Palace,Norwich City,78’,1:0,Onel Hernández,Todd Cantwell,substitute_in
ENG-Premier League,1920,2020-01-01 Norwich City-Crystal Palace,Norwich City,83’,1:0,Marco Stiepermann,Teemu Pukki,substitute_in
ENG-Premier League,1920,2020-01-01 Norwich City-Crystal Palace,Norwich City,83’,1:0,Marco Stiepermann,,yellow_card
ENG-Premier League,1920,2020-01-01 Norwich City-Crystal Palace,Crystal Palace,83’,1:0,Brandon Pierrick,Martin Kelly,substitute_in
ENG-Premier League,1920,2020-01-01 Norwich City-Crystal Palace,Crystal Palace,85’,1:1,Connor Wickham,Wilfried Zaha,goal
ENG-Premier League,1920,2020-01-01 Norwich City-Crystal Palace,Norwich City,89’,1:1,Alexander Tettey,,yellow_card
ENG-Premier League,1920,2020-01-01 Norwich City-Crystal Palace,Norwich City,90+2’,1:1,Adam Idah,Alexander Tettey,substitute_in
ENG-Premier League,1920,2020-07-08 West Ham United-Burnley,Burnley,38’,0:1,Jay Rodriguez,Charlie Taylor,goal
ENG-Premier League,1920,2020-07-08 West Ham United-Burnley,Burnley,58’,0:1,James Tarkowski,,yellow_card
ENG-Premier League,1920,2020-07-08 West Ham United-Burnley,Burnley,58’,0:1,Chris Wood,Matěj Vydra,substitute_in
ENG-Premier League,1920,2020-07-08 West Ham United-Burnley,West Ham United,62’,0:1,Sébastien Haller,Andriy Yarmolenko,substitute_in
ENG-Premier League,1920,2020-07-08 West Ham United-Burnley,West Ham United,64’,0:1,Ryan Fredericks,,yellow_card
ENG-Premier League,1920,2020-07-08 West Ham United-Burnley,West Ham United,86’,0:1,Albian Ajeti,Pablo Fornals,substitute_in
ENG-Premier League,1920,2020-02-29 Newcastle United-Burnley,Newcastle United,34’,0:0,Danny Rose,,yellow_card
ENG-Premier League,1920,2020-02-29 Newcastle United-Burnley,Burnley,39’,0:0,Phil Bardsley,,yellow_card
ENG-Premier League,1920,2020-02-29 Newcastle United-Burnley,Burnley,58’,0:0,Chris Wood,Matěj Vydra,substitute_in
ENG-Premier League,1920,2020-02-29 Newcastle United-Burnley,Newcastle United,59’,0:0,Dwight Gayle,,yellow_card
ENG-Premier League,1920,2020-02-29 Newcastle United-Burnley,Burnley,64’,0:0,James Tarkowski,,yellow_card
ENG-Premier League,1920,2020-02-29 Newcastle United-Burnley,Newcastle United,70’,0:0,Jonjo Shelvey,,yellow_card
ENG-Premier League,1920,2020-02-29 Newcastle United-Burnley,Newcastle United,78’,0:0,Allan Saint-Maximin,Joelinton,substitute_in
ENG-Premier League,1920,2020-02-29 Newcastle United-Burnley,Newcastle United,88’,0:0,Javier Manquillo,,yellow_card
ENG-Premier League,1920,2020-02-29 Newcastle United-Burnley,Burnley,90+3’,0:0,Ben Mee,,yellow_card
ENG-Premier League,1920,2019-12-08 Newcastle United-Southampton,Southampton,44’,0:0,James Ward-Prowse,,yellow_card
ENG-Premier League,1920,2019-12-08 Newcastle United-Southampton,Newcastle United,46’,0:0,Fabian Schär,Ciaran Clark,substitute_in
ENG-Premier League,1920,2019-12-08 Newcastle United-Southampton,Newcastle United,48’,0:0,Jonjo Shelvey,,yellow_card
ENG-Premier League,1920,2019-12-08 Newcastle United-Southampton,Southampton,52’,0:1,Danny Ings,Jack Stephens,goal
ENG-Premier League,1920,2019-12-08 Newcastle United-Southampton,Newcastle United,59’,0:1,Andy Carroll,Joelinton,substitute_in
ENG-Premier League,1920,2019-12-08 Newcastle United-Southampton,Southampton,62’,0:1,Pierre Højbjerg,,yellow_card
ENG-Premier League,1920,2019-12-08 Newcastle United-Southampton,Southampton,67’,0:1,Cédric Soares,,yellow_card
ENG-Premier League,1920,2019-12-08 Newcastle United-Southampton,Newcastle United,68’,1:1,Jonjo Shelvey,Andy Carroll,goal
ENG-Premier League,1920,2019-12-08 Newcastle United-Southampton,Southampton,73’,1:1,Sofiane Boufal,Moussa Djenepo,substitute_in
ENG-Premier League,1920,2019-12-08 Newcastle United-Southampton,Newcastle United,85’,1:1,Sean Longstaff,Miguel Almirón,substitute_in
ENG-Premier League,1920,2019-12-08 Newcastle United-Southampton,Newcastle United,87’,2:1,Federico Fernández,,goal
ENG-Premier League,1920,2019-12-08 Newcastle United-Southampton,Southampton,88’,2:1,Che Adams,Danny Ings,substitute_in
ENG-Premier League,1920,2020-07-01 West Ham United-Chelsea,Chelsea,42’,0:1,Willian,,penalty_goal
ENG-Premier League,1920,2020-07-01 West Ham United-Chelsea,West Ham United,45+2’,1:1,Tomáš Souček,Jarrod Bowen,goal
ENG-Premier League,1920,2020-07-01 West Ham United-Chelsea,West Ham United,51’,2:1,Michail Antonio,Jarrod Bowen,goal
ENG-Premier League,1920,2020-07-01 West Ham United-Chelsea,Chelsea,53’,2:1,Mason Mount,Mateo Kovačić,substitute_in
ENG-Premier League,1920,2020-07-01 West Ham United-Chelsea,Chelsea,63’,2:1,Olivier Giroud,Tammy Abraham,substitute_in
ENG-Premier League,1920,2020-07-01 West Ham United-Chelsea,Chelsea,63’,2:1,Ruben Loftus-Cheek,Ross Barkley,substitute_in
ENG-Premier League,1920,2020-07-01 West Ham United-Chelsea,West Ham United,65’,2:1,Manuel Lanzini,,yellow_card
ENG-Premier League,1920,2020-07-01 West Ham United-Chelsea,West Ham United,68’,2:1,Jack Wilshere,Manuel Lanzini,substitute_in
ENG-Premier League,1920,2020-07-01 West Ham United-Chelsea,West Ham United,70’,2:1,Declan Rice,,yellow_card
ENG-Premier League,1920,2020-07-01 West Ham United-Chelsea,Chelsea,72’,2:2,Willian,,goal
ENG-Premier League,1920,2020-07-01 West Ham United-Chelsea,West Ham United,78’,2:2,Andriy Yarmolenko,Jarrod Bowen,substitute_in
ENG-Premier League,1920,2020-07-01 West Ham United-Chelsea,Chelsea,82’,2:2,Willian,,yellow_card
ENG-Premier League,1920,2020-07-01 West Ham United-Chelsea,West Ham United,89’,3:2,Andriy Yarmolenko,Michail Antonio,goal
ENG-Premier League,1920,2020-07-01 West Ham United-Chelsea,West Ham United,90+3’,3:2,Fabián Balbuena,Pablo Fornals,substitute_in
ENG-Premier League,1920,2020-07-02 Manchester City-Liverpool,Liverpool,24’,0:0,Joe Gomez,,yellow_card
ENG-Premier League,1920,2020-07-02 Manchester City-Liverpool,Manchester City,25’,1:0,Kevin De Bruyne,,penalty_goal
ENG-Premier League,1920,2020-07-02 Manchester City-Liverpool,Manchester City,35’,2:0,Raheem Sterling,Phil Foden,goal
ENG-Premier League,1920,2020-07-02 Manchester City-Liverpool,Manchester City,41’,2:0,Benjamin Mendy,,yellow_card
ENG-Premier League,1920,2020-07-02 Manchester City-Liverpool,Manchester City,45’,3:0,Phil Foden,Kevin De Bruyne,goal
ENG-Premier League,1920,2020-07-02 Manchester City-Liverpool,Liverpool,46’,3:0,Alex Oxlade-Chamberlain,Joe Gomez,substitute_in
ENG-Premier League,1920,2020-07-02 Manchester City-Liverpool,Manchester City,56’,3:0,Kyle Walker,,yellow_card
ENG-Premier League,1920,2020-07-02 Manchester City-Liverpool,Manchester City,58’,3:0,Riyad Mahrez,Gabriel Jesus,substitute_in
ENG-Premier League,1920,2020-07-02 Manchester City-Liverpool,Liverpool,62’,3:0,Divock Origi,Roberto Firmino,substitute_in
ENG-Premier League,1920,2020-07-02 Manchester City-Liverpool,Liverpool,62’,3:0,Naby Keïta,Georginio Wijnaldum,substitute_in
ENG-Premier League,1920,2020-07-02 Manchester City-Liverpool,Manchester City,66’,4:0,Alex Oxlade-Chamberlain,,own_goal
ENG-Premier League,1920,2020-07-02 Manchester City-Liverpool,Manchester City,73’,4:0,João Cancelo,Kyle Walker,substitute_in
ENG-Premier League,1920,2020-07-02 Manchester City-Liverpool,Liverpool,76’,4:0,Neco Williams,Trent Alexander-Arnold,substitute_in
ENG-Premier League,1920,2020-07-02 Manchester City-Liverpool,Manchester City,79’,4:0,Nicolás Otamendi,Aymeric Laporte,substitute_in
ENG-Premier League,1920,2020-07-02 Manchester City-Liverpool,Manchester City,79’,4:0,Bernardo Silva,Raheem Sterling,substitute_in
ENG-Premier League,1920,2020-07-02 Manchester City-Liverpool,Liverpool,85’,4:0,Takumi Minamino,Sadio Mané,substitute_in
ENG-Premier League,1920,2020-07-02 Manchester City-Liverpool,Liverpool,90+1’,4:0,Jordan Henderson,,yellow_card
ENG-Premier League,1920,2019-12-21 Newcastle United-Crystal Palace,Newcastle United,64’,0:0,Sean Longstaff,Isaac Hayden,substitute_in
ENG-Premier League,1920,2019-12-21 Newcastle United-Crystal Palace,Newcastle United,77’,0:0,Dwight Gayle,Joelinton,substitute_in
ENG-Premier League,1920,2019-12-21 Newcastle United-Crystal Palace,Newcastle United,83’,1:0,Miguel Almirón,,goal
ENG-Premier League,1920,2019-12-21 Newcastle United-Crystal Palace,Newcastle United,83’,1:0,Miguel Almirón,,yellow_card
ENG-Premier League,1920,2019-12-21 Newcastle United-Crystal Palace,Crystal Palace,86’,1:0,Max Meyer,James McArthur,substitute_in
ENG-Premier League,1920,2019-12-21 Newcastle United-Crystal Palace,Newcastle United,87’,1:0,Fabian Schär,,yellow_card
ENG-Premier League,1920,2019-12-21 Newcastle United-Crystal Palace,Newcastle United,90+3’,1:0,DeAndre Yedlin,Paul Dummett,substitute_in
ENG-Premier League,1920,2020-07-26 Arsenal-Watford,Arsenal,24’,2:0,Kieran Tierney,Pierre-Emerick Aubameyang,goal
ENG-Premier League,1920,2020-07-26 Arsenal-Watford,Arsenal,33’,3:0,Pierre-Emerick Aubameyang,Kieran Tierney,goal
ENG-Premier League,1920,2020-07-26 Arsenal-Watford,Watford,35’,3:0,Roberto Pereyra,,yellow_card
ENG-Premier League,1920,2020-07-26 Arsenal-Watford,Watford,43’,3:1,Troy Deeney,,penalty_goal
ENG-Premier League,1920,2020-07-26 Arsenal-Watford,Watford,45+2’,3:1,Adrian Mariappa,Kiko Femenía,substitute_in
ENG-Premier League,1920,2020-07-26 Arsenal-Watford,Watford,45+5’,3:1,Will Hughes,,yellow_card
ENG-Premier League,1920,2020-07-26 Arsenal-Watford,Arsenal,45’,3:1,Granit Xhaka,,yellow_card
ENG-Premier League,1920,2020-07-26 Arsenal-Watford,Watford,51’,3:1,Craig Dawson,,yellow_card
ENG-Premier League,1920,2020-07-26 Arsenal-Watford,Arsenal,57’,3:1,Eddie Nketiah,Alexandre Lacazette,substitute_in
ENG-Premier League,1920,2020-07-26 Arsenal-Watford,Arsenal,57’,3:1,Sead Kolašinac,Joe Willock,substitute_in
ENG-Premier League,1920,2020-07-26 Arsenal-Watford,Arsenal,5’,1:0,Pierre-Emerick Aubameyang,,penalty_goal
ENG-Premier League,1920,2020-07-26 Arsenal-Watford,Watford,66’,3:2,Danny Welbeck,Ismaila Sarr,goal
ENG-Premier League,1920,2020-07-26 Arsenal-Watford,Arsenal,72’,3:2,Rob Holding,,yellow_card
ENG-Premier League,1920,2020-07-26 Arsenal-Watford,Arsenal,72’,3:2,Lucas Torreira,Dani Ceballos,substitute_in
ENG-Premier League,1920,2020-07-26 Arsenal-Watford,Arsenal,72’,3:2,Reiss Nelson,Nicolas Pépé,substitute_in
ENG-Premier League,1920,2020-07-26 Arsenal-Watford,Arsenal,74’,3:2,Emiliano Martínez,,yellow_card
ENG-Premier League,1920,2020-07-26 Arsenal-Watford,Watford,81’,3:2,Tom Cleverley,Abdoulaye Doucouré,substitute_in
ENG-Premier League,1920,2020-07-26 Arsenal-Watford,Watford,81’,3:2,Nathaniel Chalobah,Will Hughes,substitute_in
ENG-Premier League,1920,2020-07-26 Arsenal-Watford,Watford,88’,3:2,João Pedro,Roberto Pereyra,substitute_in
ENG-Premier League,1920,2020-06-21 Everton-Liverpool,Liverpool,20’,0:0,James Milner,,yellow_card
ENG-Premier League,1920,2020-06-21 Everton-Liverpool,Everton,40’,0:0,Michael Keane,,yellow_card
ENG-Premier League,1920,2020-06-21 Everton-Liverpool,Liverpool,43’,0:0,Joe Gomez,James Milner,substitute_in
ENG-Premier League,1920,2020-06-21 Everton-Liverpool,Liverpool,46’,0:0,Alex Oxlade-Chamberlain,Takumi Minamino,substitute_in
ENG-Premier League,1920,2020-06-21 Everton-Liverpool,Everton,60’,0:0,Gylfi Sigurðsson,Anthony Gordon,substitute_in
ENG-Premier League,1920,2020-06-21 Everton-Liverpool,Everton,61’,0:0,Lucas Digne,,yellow_card
ENG-Premier League,1920,2020-06-21 Everton-Liverpool,Liverpool,65’,0:0,Georginio Wijnaldum,Naby Keïta,substitute_in
ENG-Premier League,1920,2020-06-21 Everton-Liverpool,Liverpool,65’,0:0,Divock Origi,Roberto Firmino,substitute_in
ENG-Premier League,1920,2020-06-21 Everton-Liverpool,Liverpool,73’,0:0,Dejan Lovren,Joël Matip,substitute_in
ENG-Premier League,1920,2020-06-21 Everton-Liverpool,Liverpool,85’,0:0,Divock Origi,,yellow_card
ENG-Premier League,1920,2020-06-21 Everton-Liverpool,Everton,88’,0:0,Bernard,Alex Iwobi,substitute_in
ENG-Premier League,1920,2020-06-21 Everton-Liverpool,Everton,90+3’,0:0,Moise Kean,Dominic Calvert-Lewin,substitute_in
ENG-Premier League,1920,2020-07-07 Crystal Palace-Chelsea,Chelsea,27’,0:2,Christian Pulisic,Willian,goal
ENG-Premier League,1920,2020-07-07 Crystal Palace-Chelsea,Crystal Palace,34’,1:2,Wilfried Zaha,,goal
ENG-Premier League,1920,2020-07-07 Crystal Palace-Chelsea,Crystal Palace,35’,1:2,Luka Milivojević,,yellow_card
ENG-Premier League,1920,2020-07-07 Crystal Palace-Chelsea,Chelsea,65’,1:2,Tammy Abraham,Olivier Giroud,substitute_in
ENG-Premier League,1920,2020-07-07 Crystal Palace-Chelsea,Chelsea,65’,1:2,Ruben Loftus-Cheek,Ross Barkley,substitute_in
ENG-Premier League,1920,2020-07-07 Crystal Palace-Chelsea,Chelsea,6’,0:1,Olivier Giroud,Willian,goal
ENG-Premier League,1920,2020-07-07 Crystal Palace-Chelsea,Chelsea,71’,1:3,Tammy Abraham,Ruben Loftus-Cheek,goal
ENG-Premier League,1920,2020-07-07 Crystal Palace-Chelsea,Crystal Palace,72’,2:3,Christian Benteke,Patrick van Aanholt,goal
ENG-Premier League,1920,2020-07-07 Crystal Palace-Chelsea,Crystal Palace,80’,2:3,Andros Townsend,Jordan Ayew,substitute_in
ENG-Premier League,1920,2020-07-07 Crystal Palace-Chelsea,Crystal Palace,80’,2:3,James McCarthy,James McArthur,substitute_in
ENG-Premier League,1920,2020-07-07 Crystal Palace-Chelsea,Chelsea,80’,2:3,Jorginho,Billy Gilmour,substitute_in
ENG-Premier League,1920,2020-07-07 Crystal Palace-Chelsea,Crystal Palace,89’,2:3,Max Meyer,Luka Milivojević,substitute_in
ENG-Premier League,1920,2020-07-07 Crystal Palace-Chelsea,Crystal Palace,8’,0:1,Mamadou Sakho,Gary Cahill,substitute_in
ENG-Premier League,1920,2020-07-09 Aston Villa-Manchester Utd,Manchester United,27’,0:1,Bruno Fernandes,,penalty_goal
ENG-Premier League,1920,2020-07-09 Aston Villa-Manchester Utd,Manchester United,40’,0:1,Aaron Wan-Bissaka,,yellow_card
ENG-Premier League,1920,2020-07-09 Aston Villa-Manchester Utd,Manchester United,45+3’,0:1,Nemanja Matić,,yellow_card
ENG-Premier League,1920,2020-07-09 Aston Villa-Manchester Utd,Manchester United,45+5’,0:2,Mason Greenwood,Anthony Martial,goal
ENG-Premier League,1920,2020-07-09 Aston Villa-Manchester Utd,Aston Villa,52’,0:2,Ezri Konsa,,yellow_card
ENG-Premier League,1920,2020-07-09 Aston Villa-Manchester Utd,Aston Villa,58’,0:3,Conor Hourihane,Anwar El Ghazi,substitute_in
ENG-Premier League,1920,2020-07-09 Aston Villa-Manchester Utd,Manchester United,58’,0:3,Paul Pogba,Bruno Fernandes,goal
ENG-Premier League,1920,2020-07-09 Aston Villa-Manchester Utd,Aston Villa,59’,0:3,Keinan Davis,Mbwana Samatta,substitute_in
ENG-Premier League,1920,2020-07-09 Aston Villa-Manchester Utd,Aston Villa,59’,0:3,Marvelous Nakamba,John McGinn,substitute_in
ENG-Premier League,1920,2020-07-09 Aston Villa-Manchester Utd,Manchester United,66’,0:3,Brandon Williams,Aaron Wan-Bissaka,substitute_in
ENG-Premier League,1920,2020-07-09 Aston Villa-Manchester Utd,Manchester United,66’,0:3,Scott McTominay,Nemanja Matić,substitute_in
ENG-Premier League,1920,2020-07-09 Aston Villa-Manchester Utd,Manchester United,71’,0:3,Fred,Bruno Fernandes,substitute_in
ENG-Premier League,1920,2020-07-09 Aston Villa-Manchester Utd,Manchester United,79’,0:3,Daniel James,Mason Greenwood,substitute_in
ENG-Premier League,1920,2020-07-09 Aston Villa-Manchester Utd,Manchester United,79’,0:3,Odion Ighalo,Anthony Martial,substitute_in
ENG-Premier League,1920,2020-07-09 Aston Villa-Manchester Utd,Aston Villa,81’,0:3,Marvelous Nakamba,,yellow_card
ENG-Premier League,1920,2020-07-09 Aston Villa-Manchester Utd,Aston Villa,84’,0:3,Indiana Vassilev,Douglas Luiz,substitute_in
ENG-Premier League,1920,2020-07-09 Aston Villa-Manchester Utd,Manchester United,87’,0:3,Fred,,yellow_card
ENG-Premier League,1920,2019-12-04 Manchester Utd-Tottenham Hotspur,Tottenham Hotspur,13’,1:0,Harry Winks,,yellow_card
ENG-Premier League,1920,2019-12-04 Manchester Utd-Tottenham Hotspur,Tottenham Hotspur,39’,1:1,Dele Alli,,goal
ENG-Premier League,1920,2019-12-04 Manchester Utd-Tottenham Hotspur,Manchester United,49’,2:1,Marcus Rashford,,penalty_goal
ENG-Premier League,1920,2019-12-04 Manchester Utd-Tottenham Hotspur,Tottenham Hotspur,64’,2:1,Christian Eriksen,Lucas Moura,substitute_in
ENG-Premier League,1920,2019-12-04 Manchester Utd-Tottenham Hotspur,Manchester United,6’,1:0,Marcus Rashford,,goal
ENG-Premier League,1920,2019-12-04 Manchester Utd-Tottenham Hotspur,Tottenham Hotspur,70’,2:1,Tanguy Ndombele,Harry Winks,substitute_in
ENG-Premier League,1920,2019-12-04 Manchester Utd-Tottenham Hotspur,Manchester United,80’,2:1,Andreas Pereira,Mason Greenwood,substitute_in
ENG-Premier League,1920,2019-12-04 Manchester Utd-Tottenham Hotspur,Tottenham Hotspur,85’,2:1,Giovani Lo Celso,Moussa Sissoko,substitute_in
ENG-Premier League,1920,2019-12-04 Manchester Utd-Tottenham Hotspur,Manchester United,87’,2:1,Luke Shaw,Jesse Lingard,substitute_in
ENG-Premier League,1920,2020-07-26 Crystal Palace-Tottenham Hotspur,Tottenham Hotspur,13’,0:1,Harry Kane,Giovani Lo Celso,goal
ENG-Premier League,1920,2020-07-26 Crystal Palace-Tottenham Hotspur,Crystal Palace,17’,0:1,James McCarthy,,yellow_card
ENG-Premier League,1920,2020-07-26 Crystal Palace-Tottenham Hotspur,Crystal Palace,49’,0:1,Tyrick Mitchell,,yellow_card
ENG-Premier League,1920,2020-07-26 Crystal Palace-Tottenham Hotspur,Crystal Palace,53’,1:1,Jeffrey Schlupp,Jordan Ayew,goal
ENG-Premier League,1920,2020-07-26 Crystal Palace-Tottenham Hotspur,Tottenham Hotspur,60’,1:1,Steven Bergwijn,Giovani Lo Celso,substitute_in
ENG-Premier League,1920,2020-07-26 Crystal Palace-Tottenham Hotspur,Tottenham Hotspur,61’,1:1,Toby Alderweireld,,yellow_card
ENG-Premier League,1920,2020-07-26 Crystal Palace-Tottenham Hotspur,Crystal Palace,70’,1:1,Jaïro Riedewald,James McArthur,substitute_in
ENG-Premier League,1920,2020-07-26 Crystal Palace-Tottenham Hotspur,Crystal Palace,75’,1:1,Cheikhou Kouyaté,,yellow_card
ENG-Premier League,1920,2020-07-26 Crystal Palace-Tottenham Hotspur,Tottenham Hotspur,80’,1:1,Dele Alli,Son Heung-min,substitute_in
ENG-Premier League,1920,2020-07-26 Crystal Palace-Tottenham Hotspur,Tottenham Hotspur,80’,1:1,Oliver Skipp,Moussa Sissoko,substitute_in
ENG-Premier League,1920,2020-07-26 Crystal Palace-Tottenham Hotspur,Crystal Palace,85’,1:1,Luka Milivojević,Jeffrey Schlupp,substitute_in
ENG-Premier League,1920,2020-07-26 Crystal Palace-Tottenham Hotspur,Tottenham Hotspur,90+1’,1:1,Eric Dier,,yellow_card
ENG-Premier League,1920,2020-07-26 Crystal Palace-Tottenham Hotspur,Tottenham Hotspur,90+3’,1:1,Davinson Sánchez,Lucas Moura,substitute_in
ENG-Premier League,1920,2020-01-11 Everton-Brighton,Everton,38’,1:0,Richarlison,Lucas Digne,goal
ENG-Premier League,1920,2020-01-11 Everton-Brighton,Brighton & Hove Albion,62’,1:0,Pascal Groß,Martín Montoya,substitute_in
ENG-Premier League,1920,2020-01-11 Everton-Brighton,Brighton & Hove Albion,62’,1:0,Steven Alzate,Alireza Jahanbakhsh,substitute_in
ENG-Premier League,1920,2020-01-11 Everton-Brighton,Everton,72’,1:0,Fabian Delph,Bernard,substitute_in
ENG-Premier League,1920,2020-01-11 Everton-Brighton,Brighton & Hove Albion,72’,1:0,Glenn Murray,Dale Stephens,substitute_in
ENG-Premier League,1920,2020-01-11 Everton-Brighton,Everton,74’,1:0,Séamus Coleman,Theo Walcott,substitute_in
ENG-Premier League,1920,2020-01-11 Everton-Brighton,Everton,78’,1:0,Dominic Calvert-Lewin,,yellow_card
ENG-Premier League,1920,2020-01-11 Everton-Brighton,Brighton & Hove Albion,79’,1:0,Shane Duffy,,yellow_card
ENG-Premier League,1920,2020-01-11 Everton-Brighton,Everton,85’,1:0,Yerry Mina,Lucas Digne,substitute_in
ENG-Premier League,1920,2020-01-11 Everton-Brighton,Everton,90+4’,1:0,Jordan Pickford,,yellow_card
ENG-Premier League,1920,2019-10-19 Wolves-Southampton,Southampton,10’,0:0,Yan Valery,,yellow_card
ENG-Premier League,1920,2019-10-19 Wolves-Southampton,Wolverhampton Wanderers,18’,0:0,Jesús Vallejo,Ryan Bennett,substitute_in
ENG-Premier League,1920,2019-10-19 Wolves-Southampton,Wolverhampton Wanderers,29’,0:0,Raúl Jiménez,,yellow_card
ENG-Premier League,1920,2019-10-19 Wolves-Southampton,Wolverhampton Wanderers,45+1’,0:0,Conor Coady,,yellow_card
ENG-Premier League,1920,2019-10-19 Wolves-Southampton,Wolverhampton Wanderers,46’,0:0,Matt Doherty,Rúben Neves,substitute_in
ENG-Premier League,1920,2019-10-19 Wolves-Southampton,Southampton,53’,0:1,Danny Ings,,goal
ENG-Premier League,1920,2019-10-19 Wolves-Southampton,Wolverhampton Wanderers,61’,1:1,Raúl Jiménez,,penalty_goal
ENG-Premier League,1920,2019-10-19 Wolves-Southampton,Wolverhampton Wanderers,62’,1:1,Diogo Jota,Patrick Cutrone,substitute_in
ENG-Premier League,1920,2019-10-19 Wolves-Southampton,Wolverhampton Wanderers,68’,1:1,Jesús Vallejo,,yellow_card
ENG-Premier League,1920,2019-10-19 Wolves-Southampton,Southampton,76’,1:1,Sofiane Boufal,Yan Valery,substitute_in
ENG-Premier League,1920,2019-10-19 Wolves-Southampton,Southampton,82’,1:1,Kevin Danso,Oriol Romeu,substitute_in
ENG-Premier League,1920,2019-10-19 Wolves-Southampton,Southampton,90+3’,1:1,Ryan Bertrand,,yellow_card
ENG-Premier League,1920,2020-06-24 Newcastle United-Aston Villa,Aston Villa,45+1’,0:0,Douglas Luiz,,yellow_card
ENG-Premier League,1920,2020-06-24 Newcastle United-Aston Villa,Newcastle United,59’,0:0,Jamaal Lascelles,,yellow_card
ENG-Premier League,1920,2020-06-24 Newcastle United-Aston Villa,Newcastle United,64’,0:0,Andy Carroll,Joelinton,substitute_in
ENG-Premier League,1920,2020-06-24 Newcastle United-Aston Villa,Newcastle United,67’,0:0,Dwight Gayle,Matt Ritchie,substitute_in
ENG-Premier League,1920,2020-06-24 Newcastle United-Aston Villa,Newcastle United,68’,1:0,Dwight Gayle,Andy Carroll,goal
ENG-Premier League,1920,2020-06-24 Newcastle United-Aston Villa,Aston Villa,70’,1:0,Conor Hourihane,Anwar El Ghazi,substitute_in
ENG-Premier League,1920,2020-06-24 Newcastle United-Aston Villa,Aston Villa,70’,1:0,Keinan Davis,Trézéguet,substitute_in
ENG-Premier League,1920,2020-06-24 Newcastle United-Aston Villa,Newcastle United,74’,1:0,Federico Fernández,,yellow_card
ENG-Premier League,1920,2020-06-24 Newcastle United-Aston Villa,Aston Villa,77’,1:0,Ahmed Elmohamady,Ezri Konsa,substitute_in
ENG-Premier League,1920,2020-06-24 Newcastle United-Aston Villa,Aston Villa,77’,1:0,Marvelous Nakamba,John McGinn,substitute_in
ENG-Premier League,1920,2020-06-24 Newcastle United-Aston Villa,Aston Villa,83’,1:1,Ahmed Elmohamady,Conor Hourihane,goal
ENG-Premier League,1920,2020-06-24 Newcastle United-Aston Villa,Newcastle United,86’,1:1,Nabil Bentaleb,Isaac Hayden,substitute_in
ENG-Premier League,1920,2020-06-24 Newcastle United-Aston Villa,Newcastle United,86’,1:1,Valentino Lazaro,Miguel Almirón,substitute_in
ENG-Premier League,1920,2020-06-24 Newcastle United-Aston Villa,Aston Villa,90+1’,1:1,Kortney Hause,,yellow_card
ENG-Premier League,1920,2020-07-12 Tottenham Hotspur-Arsenal,Tottenham Hotspur,16’,0:1,Giovani Lo Celso,,yellow_card
ENG-Premier League,1920,2020-07-12 Tottenham Hotspur-Arsenal,Arsenal,16’,0:1,Alexandre Lacazette,Granit Xhaka,goal
ENG-Premier League,1920,2020-07-12 Tottenham Hotspur-Arsenal,Tottenham Hotspur,19’,1:1,Son Heung-min,,goal
ENG-Premier League,1920,2020-07-12 Tottenham Hotspur-Arsenal,Tottenham Hotspur,34’,1:1,Serge Aurier,,yellow_card
ENG-Premier League,1920,2020-07-12 Tottenham Hotspur-Arsenal,Tottenham Hotspur,45+2’,1:1,Ben Davies,,yellow_card
ENG-Premier League,1920,2020-07-12 Tottenham Hotspur-Arsenal,Arsenal,45’,1:1,Alexandre Lacazette,,yellow_card
ENG-Premier League,1920,2020-07-12 Tottenham Hotspur-Arsenal,Arsenal,61’,1:1,Nicolas Pépé,,yellow_card
ENG-Premier League,1920,2020-07-12 Tottenham Hotspur-Arsenal,Arsenal,70’,1:1,Bukayo Saka,Nicolas Pépé,substitute_in
ENG-Premier League,1920,2020-07-12 Tottenham Hotspur-Arsenal,Tottenham Hotspur,76’,1:1,Harry Winks,,yellow_card
ENG-Premier League,1920,2020-07-12 Tottenham Hotspur-Arsenal,Tottenham Hotspur,81’,2:1,Toby Alderweireld,Son Heung-min,goal
ENG-Premier League,1920,2020-07-12 Tottenham Hotspur-Arsenal,Tottenham Hotspur,82’,2:1,Steven Bergwijn,Lucas Moura,substitute_in
ENG-Premier League,1920,2020-07-12 Tottenham Hotspur-Arsenal,Tottenham Hotspur,84’,2:1,Oliver Skipp,Giovani Lo Celso,substitute_in
ENG-Premier League,1920,2020-07-12 Tottenham Hotspur-Arsenal,Arsenal,84’,2:1,Reiss Nelson,Sead Kolašinac,substitute_in
ENG-Premier League,1920,2020-07-12 Tottenham Hotspur-Arsenal,Arsenal,84’,2:1,Cédric Soares,Héctor Bellerín,substitute_in
ENG-Premier League,1920,2020-07-12 Tottenham Hotspur-Arsenal,Arsenal,84’,2:1,Joe Willock,Kieran Tierney,substitute_in
ENG-Premier League,1920,2020-07-12 Tottenham Hotspur-Arsenal,Tottenham Hotspur,87’,2:1,Steven Bergwijn,,yellow_card
ENG-Premier League,1920,2020-07-12 Tottenham Hotspur-Arsenal,Tottenham Hotspur,90+4’,2:1,Érik Lamela,Son Heung-min,substitute_in
ENG-Premier League,1920,2020-07-12 Tottenham Hotspur-Arsenal,Arsenal,90’,2:1,Bukayo Saka,,yellow_card
ENG-Premier League,1920,2020-02-22 Southampton-Aston Villa,Aston Villa,28’,1:0,Trézéguet,Anwar El Ghazi,substitute_in
ENG-Premier League,1920,2020-02-22 Southampton-Aston Villa,Aston Villa,45+4’,1:0,Ezri Konsa,,yellow_card
ENG-Premier League,1920,2020-02-22 Southampton-Aston Villa,Aston Villa,59’,1:0,Conor Hourihane,Ezri Konsa,substitute_in
ENG-Premier League,1920,2020-02-22 Southampton-Aston Villa,Aston Villa,72’,1:0,Pepe Reina,,yellow_card
ENG-Premier League,1920,2020-02-22 Southampton-Aston Villa,Southampton,73’,1:0,Michael Obafemi,Danny Ings,substitute_in
ENG-Premier League,1920,2020-02-22 Southampton-Aston Villa,Southampton,73’,1:0,Che Adams,Shane Long,substitute_in
ENG-Premier League,1920,2020-02-22 Southampton-Aston Villa,Southampton,80’,1:0,Oriol Romeu,William Smallbone,substitute_in
ENG-Premier League,1920,2020-02-22 Southampton-Aston Villa,Aston Villa,81’,1:0,Borja Bastón,Marvelous Nakamba,substitute_in
ENG-Premier League,1920,2020-02-22 Southampton-Aston Villa,Southampton,8’,1:0,Shane Long,Moussa Djenepo,goal
ENG-Premier League,1920,2020-02-22 Southampton-Aston Villa,Aston Villa,90+4’,1:0,Frederic Guilbert,,yellow_card
ENG-Premier League,1920,2020-02-22 Southampton-Aston Villa,Southampton,90+5’,2:0,Stuart Armstrong,Che Adams,goal
ENG-Premier League,1920,2020-02-22 Southampton-Aston Villa,Southampton,90+6’,2:0,Stuart Armstrong,,yellow_card
ENG-Premier League,1920,2020-02-22 Southampton-Aston Villa,Aston Villa,90+6’,2:0,Jack Grealish,,yellow_card
ENG-Premier League,1920,2020-07-13 Manchester Utd-Southampton,Southampton,12’,0:1,Stuart Armstrong,Nathan Redmond,goal
ENG-Premier League,1920,2020-07-13 Manchester Utd-Southampton,Manchester United,20’,1:1,Marcus Rashford,Anthony Martial,goal
ENG-Premier League,1920,2020-07-13 Manchester Utd-Southampton,Manchester United,23’,2:1,Anthony Martial,Bruno Fernandes,goal
ENG-Premier League,1920,2020-07-13 Manchester Utd-Southampton,Southampton,44’,2:1,James Ward-Prowse,,yellow_card
ENG-Premier League,1920,2020-07-13 Manchester Utd-Southampton,Southampton,53’,2:1,Jack Stephens,,yellow_card
ENG-Premier League,1920,2020-07-13 Manchester Utd-Southampton,Southampton,56’,2:1,Kyle Walker-Peters,,yellow_card
ENG-Premier League,1920,2020-07-13 Manchester Utd-Southampton,Manchester United,63’,2:1,Fred,Paul Pogba,substitute_in
ENG-Premier League,1920,2020-07-13 Manchester Utd-Southampton,Southampton,64’,2:1,Shane Long,Che Adams,substitute_in
ENG-Premier League,1920,2020-07-13 Manchester Utd-Southampton,Southampton,69’,2:1,William Smallbone,Stuart Armstrong,substitute_in
ENG-Premier League,1920,2020-07-13 Manchester Utd-Southampton,Manchester United,75’,2:1,Brandon Williams,Luke Shaw,substitute_in
ENG-Premier League,1920,2020-07-13 Manchester Utd-Southampton,Manchester United,84’,2:1,Scott McTominay,Bruno Fernandes,substitute_in
ENG-Premier League,1920,2020-07-13 Manchester Utd-Southampton,Manchester United,84’,2:1,Daniel James,Mason Greenwood,substitute_in
ENG-Premier League,1920,2020-07-13 Manchester Utd-Southampton,Manchester United,86’,2:1,Aaron Wan-Bissaka,,yellow_card
ENG-Premier League,1920,2020-07-13 Manchester Utd-Southampton,Southampton,87’,2:1,Michael Obafemi,Oriol Romeu,substitute_in
ENG-Premier League,1920,2020-07-13 Manchester Utd-Southampton,Southampton,90+6’,2:2,Michael Obafemi,Jan Bednarek,goal
ENG-Premier League,1920,2019-11-09 Newcastle United-Bournemouth,Bournemouth,14’,0:1,Harry Wilson,Ryan Fraser,goal
ENG-Premier League,1920,2019-11-09 Newcastle United-Bournemouth,Newcastle United,20’,0:1,Paul Dummett,Jamaal Lascelles,substitute_in
ENG-Premier League,1920,2019-11-09 Newcastle United-Bournemouth,Newcastle United,37’,0:1,Isaac Hayden,,yellow_card
ENG-Premier League,1920,2019-11-09 Newcastle United-Bournemouth,Newcastle United,42’,1:1,DeAndre Yedlin,,goal
ENG-Premier League,1920,2019-11-09 Newcastle United-Bournemouth,Newcastle United,52’,2:1,Ciaran Clark,,goal
ENG-Premier League,1920,2019-11-09 Newcastle United-Bournemouth,Bournemouth,66’,2:1,Simon Francis,Harry Wilson,substitute_in
ENG-Premier League,1920,2019-11-09 Newcastle United-Bournemouth,Bournemouth,66’,2:1,Dominic Solanke,Diego Rico,substitute_in
ENG-Premier League,1920,2019-11-09 Newcastle United-Bournemouth,Newcastle United,75’,2:1,Federico Fernández,,yellow_card
ENG-Premier League,1920,2019-11-09 Newcastle United-Bournemouth,Bournemouth,78’,2:1,Arnaut Danjuma,Adam Smith,substitute_in
ENG-Premier League,1920,2019-11-09 Newcastle United-Bournemouth,Newcastle United,83’,2:1,Andy Carroll,Joelinton,substitute_in
ENG-Premier League,1920,2019-11-09 Newcastle United-Bournemouth,Newcastle United,90’,2:1,Christian Atsu,Allan Saint-Maximin,substitute_in
ENG-Premier League,1920,2020-07-16 Crystal Palace-Manchester Utd,Manchester United,36’,0:0,Aaron Wan-Bissaka,,yellow_card
ENG-Premier League,1920,2020-07-16 Crystal Palace-Manchester Utd,Manchester United,45+1’,0:1,Marcus Rashford,,goal
ENG-Premier League,1920,2020-07-16 Crystal Palace-Manchester Utd,Manchester United,62’,0:1,Jesse Lingard,Mason Greenwood,substitute_in
ENG-Premier League,1920,2020-07-16 Crystal Palace-Manchester Utd,Manchester United,63’,0:1,Nemanja Matić,Scott McTominay,substitute_in
ENG-Premier League,1920,2020-07-16 Crystal Palace-Manchester Utd,Manchester United,65’,0:1,Harry Maguire,,yellow_card
ENG-Premier League,1920,2020-07-16 Crystal Palace-Manchester Utd,Crystal Palace,72’,0:1,Jeffrey Schlupp,James McArthur,substitute_in
ENG-Premier League,1920,2020-07-16 Crystal Palace-Manchester Utd,Manchester United,78’,0:2,Anthony Martial,Marcus Rashford,goal
ENG-Premier League,1920,2020-07-16 Crystal Palace-Manchester Utd,Crystal Palace,83’,0:2,Jaïro Riedewald,James McCarthy,substitute_in
ENG-Premier League,1920,2020-07-16 Crystal Palace-Manchester Utd,Crystal Palace,84’,0:2,Tyrick Mitchell,Patrick van Aanholt,substitute_in
ENG-Premier League,1920,2020-07-16 Crystal Palace-Manchester Utd,Crystal Palace,90+3’,0:2,Luka Milivojević,,yellow_card
ENG-Premier League,1920,2020-03-07 Wolves-Brighton,Brighton & Hove Albion,37’,0:0,Martín Montoya,,yellow_card
ENG-Premier League,1920,2020-03-07 Wolves-Brighton,Wolverhampton Wanderers,45+1’,0:0,Romain Saïss,,yellow_card
ENG-Premier League,1920,2020-03-07 Wolves-Brighton,Brighton & Hove Albion,54’,0:0,Dan Burn,,yellow_card
ENG-Premier League,1920,2020-03-07 Wolves-Brighton,Brighton & Hove Albion,54’,0:0,Lewis Dunk,,yellow_card
ENG-Premier League,1920,2020-03-07 Wolves-Brighton,Wolverhampton Wanderers,64’,0:0,Adama Traoré,Rúben Neves,substitute_in
ENG-Premier League,1920,2020-03-07 Wolves-Brighton,Wolverhampton Wanderers,74’,0:0,Daniel Podence,Diogo Jota,substitute_in
ENG-Premier League,1920,2020-03-07 Wolves-Brighton,Brighton & Hove Albion,80’,0:0,Alexis Mac Allister,Solly March,substitute_in
ENG-Premier League,1920,2020-03-07 Wolves-Brighton,Brighton & Hove Albion,82’,0:0,Alireza Jahanbakhsh,Leandro Trossard,substitute_in
ENG-Premier League,1920,2020-03-07 Wolves-Brighton,Brighton & Hove Albion,89’,0:0,Dale Stephens,Aaron Mooy,substitute_in
ENG-Premier League,1920,2020-02-01 Crystal Palace-Sheffield United,Sheffield United,18’,0:0,George Baldock,,yellow_card
ENG-Premier League,1920,2020-02-01 Crystal Palace-Sheffield United,Crystal Palace,24’,0:0,James Tomkins,,yellow_card
ENG-Premier League,1920,2020-02-01 Crystal Palace-Sheffield United,Sheffield United,58’,0:1,Vicente Guaita,,own_goal
ENG-Premier League,1920,2020-02-01 Crystal Palace-Sheffield United,Sheffield United,64’,0:1,Lys Mousset,Billy Sharp,substitute_in
ENG-Premier League,1920,2020-02-01 Crystal Palace-Sheffield United,Crystal Palace,67’,0:1,Luka Milivojević,,yellow_card
ENG-Premier League,1920,2020-02-01 Crystal Palace-Sheffield United,Sheffield United,68’,0:1,John Lundstram,Sander Berge,substitute_in
ENG-Premier League,1920,2020-02-01 Crystal Palace-Sheffield United,Sheffield United,68’,0:1,John Fleck,,yellow_card
ENG-Premier League,1920,2020-02-01 Crystal Palace-Sheffield United,Crystal Palace,74’,0:1,Joel Ward,,yellow_card
ENG-Premier League,1920,2020-02-01 Crystal Palace-Sheffield United,Crystal Palace,77’,0:1,Andros Townsend,Christian Benteke,substitute_in
ENG-Premier League,1920,2020-02-01 Crystal Palace-Sheffield United,Crystal Palace,80’,0:1,Max Meyer,James McCarthy,substitute_in
ENG-Premier League,1920,2020-02-01 Crystal Palace-Sheffield United,Crystal Palace,85’,0:1,Cheikhou Kouyaté,James McArthur,substitute_in
ENG-Premier League,1920,2020-02-01 Crystal Palace-Sheffield United,Sheffield United,90+5’,0:1,Ben Osborn,Oliver McBurnie,substitute_in
ENG-Premier League,1920,2020-02-16 Arsenal-Newcastle United,Arsenal,54’,1:0,Pierre-Emerick Aubameyang,Nicolas Pépé,goal
ENG-Premier League,1920,2020-02-16 Arsenal-Newcastle United,Arsenal,57’,2:0,Nicolas Pépé,Bukayo Saka,goal
ENG-Premier League,1920,2020-02-16 Arsenal-Newcastle United,Newcastle United,74’,2:0,Isaac Hayden,Valentino Lazaro,substitute_in
ENG-Premier League,1920,2020-02-16 Arsenal-Newcastle United,Newcastle United,75’,2:0,Matt Ritchie,Federico Fernández,substitute_in
ENG-Premier League,1920,2020-02-16 Arsenal-Newcastle United,Arsenal,82’,2:0,Lucas Torreira,Dani Ceballos,substitute_in
ENG-Premier League,1920,2020-02-16 Arsenal-Newcastle United,Arsenal,82’,2:0,Bukayo Saka,,yellow_card
ENG-Premier League,1920,2020-02-16 Arsenal-Newcastle United,Newcastle United,83’,2:0,Fabian Schär,Ciaran Clark,substitute_in
ENG-Premier League,1920,2020-02-16 Arsenal-Newcastle United,Arsenal,85’,2:0,Alexandre Lacazette,Eddie Nketiah,substitute_in
ENG-Premier League,1920,2020-02-16 Arsenal-Newcastle United,Arsenal,90+1’,3:0,Joe Willock,Mesut Özil,substitute_in
ENG-Premier League,1920,2020-02-16 Arsenal-Newcastle United,Arsenal,90+5’,4:0,Alexandre Lacazette,Nicolas Pépé,goal
ENG-Premier League,1920,2020-02-16 Arsenal-Newcastle United,Arsenal,90’,3:0,Mesut Özil,Alexandre Lacazette,goal
ENG-Premier League,1920,2020-02-16 Arsenal-Newcastle United,Arsenal,9’,0:0,Granit Xhaka,,yellow_card
ENG-Premier League,1920,2019-09-14 Manchester Utd-Leicester City,Leicester City,57’,1:0,Ayoze Pérez,Hamza Choudhury,substitute_in
ENG-Premier League,1920,2019-09-14 Manchester Utd-Leicester City,Manchester United,67’,1:0,Fred,Nemanja Matić,substitute_in
ENG-Premier League,1920,2019-09-14 Manchester Utd-Leicester City,Leicester City,68’,1:0,Harvey Barnes,Demarai Gray,substitute_in
ENG-Premier League,1920,2019-09-14 Manchester Utd-Leicester City,Manchester United,70’,1:0,Tahith Chong,Juan Mata,substitute_in
ENG-Premier League,1920,2019-09-14 Manchester Utd-Leicester City,Leicester City,75’,1:0,James Maddison,,yellow_card
ENG-Premier League,1920,2019-09-14 Manchester Utd-Leicester City,Manchester United,84’,1:0,Daniel James,,yellow_card
ENG-Premier League,1920,2019-09-14 Manchester Utd-Leicester City,Manchester United,8’,1:0,Marcus Rashford,,penalty_goal
ENG-Premier League,1920,2019-09-14 Manchester Utd-Leicester City,Manchester United,90+1’,1:0,Axel Tuanzebe,Daniel James,substitute_in
ENG-Premier League,1920,2019-09-14 Manchester Utd-Leicester City,Leicester City,90+5’,1:0,Ben Chilwell,,yellow_card
ENG-Premier League,1920,2020-06-20 West Ham United-Wolves,Wolverhampton Wanderers,57’,0:0,João Moutinho,,yellow_card
ENG-Premier League,1920,2020-06-20 West Ham United-Wolves,West Ham United,62’,0:0,Michail Antonio,,yellow_card
ENG-Premier League,1920,2020-06-20 West Ham United-Wolves,Wolverhampton Wanderers,64’,0:0,Pedro Neto,Diogo Jota,substitute_in
ENG-Premier League,1920,2020-06-20 West Ham United-Wolves,Wolverhampton Wanderers,64’,0:0,Adama Traoré,Leander Dendoncker,substitute_in
ENG-Premier League,1920,2020-06-20 West Ham United-Wolves,West Ham United,67’,0:0,Manuel Lanzini,Felipe Anderson,substitute_in
ENG-Premier League,1920,2020-06-20 West Ham United-Wolves,Wolverhampton Wanderers,73’,0:1,Raúl Jiménez,Adama Traoré,goal
ENG-Premier League,1920,2020-06-20 West Ham United-Wolves,West Ham United,81’,0:1,Ryan Fredericks,Jeremy Ngakia,substitute_in
ENG-Premier League,1920,2020-06-20 West Ham United-Wolves,West Ham United,81’,0:1,Andriy Yarmolenko,Pablo Fornals,substitute_in
ENG-Premier League,1920,2020-06-20 West Ham United-Wolves,Wolverhampton Wanderers,84’,0:2,Pedro Neto,Matt Doherty,goal
ENG-Premier League,1920,2020-06-20 West Ham United-Wolves,Wolverhampton Wanderers,90+2’,0:2,Morgan Gibbs-White,Raúl Jiménez,substitute_in
ENG-Premier League,1920,2020-06-20 West Ham United-Wolves,Wolverhampton Wanderers,90’,0:2,Rúben Vinagre,Jonny Castro,substitute_in
ENG-Premier League,1920,2019-12-27 Wolves-Manchester City,Manchester City,12’,0:0,Ederson,,red_card
ENG-Premier League,1920,2019-12-27 Wolves-Manchester City,Manchester City,14’,0:0,Claudio Bravo,Sergio Agüero,substitute_in
ENG-Premier League,1920,2019-12-27 Wolves-Manchester City,Manchester City,25’,0:1,Raheem Sterling,,goal
ENG-Premier League,1920,2019-12-27 Wolves-Manchester City,Manchester City,25’,0:1,Raheem Sterling,Rui Patrício,penalty_miss
ENG-Premier League,1920,2019-12-27 Wolves-Manchester City,Manchester City,46’,0:1,Eric García,Riyad Mahrez,substitute_in
ENG-Premier League,1920,2019-12-27 Wolves-Manchester City,Manchester City,50’,0:2,Raheem Sterling,Kevin De Bruyne,goal
ENG-Premier League,1920,2019-12-27 Wolves-Manchester City,Wolverhampton Wanderers,55’,1:2,Adama Traoré,Rúben Neves,goal
ENG-Premier League,1920,2019-12-27 Wolves-Manchester City,Manchester City,60’,1:2,Nicolás Otamendi,,yellow_card
ENG-Premier League,1920,2019-12-27 Wolves-Manchester City,Manchester City,67’,1:2,İlkay Gündoğan,Kevin De Bruyne,substitute_in
ENG-Premier League,1920,2019-12-27 Wolves-Manchester City,Wolverhampton Wanderers,73’,1:2,Rúben Vinagre,Jonny Castro,substitute_in
ENG-Premier League,1920,2019-12-27 Wolves-Manchester City,Wolverhampton Wanderers,79’,1:2,Pedro Neto,Diogo Jota,substitute_in
ENG-Premier League,1920,2019-12-27 Wolves-Manchester City,Wolverhampton Wanderers,82’,2:2,Raúl Jiménez,Adama Traoré,goal
ENG-Premier League,1920,2019-12-27 Wolves-Manchester City,Wolverhampton Wanderers,89’,3:2,Matt Doherty,Raúl Jiménez,goal
ENG-Premier League,1920,2019-12-27 Wolves-Manchester City,Wolverhampton Wanderers,90+4’,3:2,Ryan Bennett,Raúl Jiménez,substitute_in
ENG-Premier League,1920,2019-12-28 Newcastle United-Everton,Everton,13’,0:1,Dominic Calvert-Lewin,,goal
ENG-Premier League,1920,2019-12-28 Newcastle United-Everton,Newcastle United,45+1’,0:1,Joelinton,,yellow_card
ENG-Premier League,1920,2019-12-28 Newcastle United-Everton,Everton,55’,0:1,Tom Davies,,yellow_card
ENG-Premier League,1920,2019-12-28 Newcastle United-Everton,Newcastle United,56’,1:1,Fabian Schär,Andy Carroll,goal
ENG-Premier League,1920,2019-12-28 Newcastle United-Everton,Everton,61’,1:1,Fabian Delph,Moise Kean,substitute_in
ENG-Premier League,1920,2019-12-28 Newcastle United-Everton,Everton,64’,1:2,Dominic Calvert-Lewin,Richarlison,goal
ENG-Premier League,1920,2019-12-28 Newcastle United-Everton,Everton,70’,1:2,Séamus Coleman,Theo Walcott,substitute_in
ENG-Premier League,1920,2019-12-28 Newcastle United-Everton,Newcastle United,74’,1:2,Christian Atsu,Florian Lejeune,substitute_in
ENG-Premier League,1920,2019-12-28 Newcastle United-Everton,Newcastle United,74’,1:2,Dwight Gayle,Joelinton,substitute_in
ENG-Premier League,1920,2019-12-28 Newcastle United-Everton,Newcastle United,80’,1:2,Isaac Hayden,,yellow_card
ENG-Premier League,1920,2019-12-28 Newcastle United-Everton,Everton,80’,1:2,Yerry Mina,Leighton Baines,substitute_in
ENG-Premier League,1920,2019-12-28 Newcastle United-Everton,Newcastle United,85’,1:2,Sean Longstaff,Jetro Willems,substitute_in
ENG-Premier League,1920,2019-12-28 Newcastle United-Everton,Everton,90+3’,1:2,Dominic Calvert-Lewin,,yellow_card
ENG-Premier League,1920,2019-09-01 Everton-Wolves,Everton,12’,2:1,Alex Iwobi,Gylfi Sigurðsson,goal
ENG-Premier League,1920,2019-09-01 Everton-Wolves,Wolverhampton Wanderers,38’,2:1,Rúben Vinagre,,yellow_card
ENG-Premier League,1920,2019-09-01 Everton-Wolves,Wolverhampton Wanderers,44’,2:1,Raúl Jiménez,,yellow_card
ENG-Premier League,1920,2019-09-01 Everton-Wolves,Wolverhampton Wanderers,49’,2:1,Willy Boly,,yellow_card
ENG-Premier League,1920,2019-09-01 Everton-Wolves,Wolverhampton Wanderers,58’,2:1,Ryan Bennett,,yellow_card
ENG-Premier League,1920,2019-09-01 Everton-Wolves,Wolverhampton Wanderers,59’,2:1,João Moutinho,Romain Saïss,substitute_in
ENG-Premier League,1920,2019-09-01 Everton-Wolves,Everton,5’,1:0,Richarlison,Moise Kean,goal
ENG-Premier League,1920,2019-09-01 Everton-Wolves,Everton,63’,2:1,Fabian Delph,,yellow_card
ENG-Premier League,1920,2019-09-01 Everton-Wolves,Wolverhampton Wanderers,68’,2:1,Diogo Jota,Patrick Cutrone,substitute_in
ENG-Premier League,1920,2019-09-01 Everton-Wolves,Wolverhampton Wanderers,75’,2:2,Raúl Jiménez,Willy Boly,goal
ENG-Premier League,1920,2019-09-01 Everton-Wolves,Everton,76’,2:2,Dominic Calvert-Lewin,Moise Kean,substitute_in
ENG-Premier League,1920,2019-09-01 Everton-Wolves,Everton,76’,2:2,Bernard,Alex Iwobi,substitute_in
ENG-Premier League,1920,2019-09-01 Everton-Wolves,Everton,80’,3:2,Richarlison,Lucas Digne,goal
ENG-Premier League,1920,2019-09-01 Everton-Wolves,Wolverhampton Wanderers,84’,3:2,Pedro Neto,Rúben Neves,substitute_in
ENG-Premier League,1920,2019-09-01 Everton-Wolves,Wolverhampton Wanderers,90+4’,3:2,Pedro Neto,,yellow_card
ENG-Premier League,1920,2019-09-01 Everton-Wolves,Wolverhampton Wanderers,90+5’,3:2,Willy Boly,,yellow_red_card
ENG-Premier League,1920,2019-09-01 Everton-Wolves,Wolverhampton Wanderers,9’,1:1,Romain Saïss,,goal
ENG-Premier League,1920,2019-09-28 Bournemouth-West Ham United,West Ham United,10’,0:1,Andriy Yarmolenko,Sébastien Haller,goal
ENG-Premier League,1920,2019-09-28 Bournemouth-West Ham United,Bournemouth,17’,1:1,Joshua King,Nathan Aké,goal
ENG-Premier League,1920,2019-09-28 Bournemouth-West Ham United,Bournemouth,32’,1:1,Diego Rico,,yellow_card
ENG-Premier League,1920,2019-09-28 Bournemouth-West Ham United,West Ham United,34’,1:1,Roberto,Łukasz Fabiański,substitute_in
ENG-Premier League,1920,2019-09-28 Bournemouth-West Ham United,Bournemouth,46’,2:1,Callum Wilson,Joshua King,goal
ENG-Premier League,1920,2019-09-28 Bournemouth-West Ham United,West Ham United,67’,2:1,Manuel Lanzini,Pablo Fornals,substitute_in
ENG-Premier League,1920,2019-09-28 Bournemouth-West Ham United,West Ham United,74’,2:2,Aaron Cresswell,Felipe Anderson,goal
ENG-Premier League,1920,2019-09-28 Bournemouth-West Ham United,West Ham United,75’,2:2,Jack Wilshere,Mark Noble,substitute_in
ENG-Premier League,1920,2019-09-28 Bournemouth-West Ham United,Bournemouth,77’,2:2,Arnaut Danjuma,Harry Wilson,substitute_in
ENG-Premier League,1920,2019-09-28 Bournemouth-West Ham United,West Ham United,79’,2:2,Issa Diop,,yellow_card
ENG-Premier League,1920,2019-09-28 Bournemouth-West Ham United,Bournemouth,88’,2:2,Steve Cook,,yellow_card
ENG-Premier League,1920,2019-09-28 Bournemouth-West Ham United,Bournemouth,89’,2:2,Simon Francis,Philip Billing,substitute_in
ENG-Premier League,1920,2019-09-28 Bournemouth-West Ham United,Bournemouth,89’,2:2,Lewis Cook,Jack Stacey,substitute_in
ENG-Premier League,1920,2019-09-28 Bournemouth-West Ham United,Bournemouth,90’,2:2,Jefferson Lerma,,yellow_card
ENG-Premier League,1920,2020-07-02 Sheffield United-Tottenham Hotspur,Sheffield United,31’,1:0,Sander Berge,Chris Basham,goal
ENG-Premier League,1920,2020-07-02 Sheffield United-Tottenham Hotspur,Sheffield United,39’,1:0,Oliver Norwood,,yellow_card
ENG-Premier League,1920,2020-07-02 Sheffield United-Tottenham Hotspur,Tottenham Hotspur,56’,1:0,Érik Lamela,Steven Bergwijn,substitute_in
ENG-Premier League,1920,2020-07-02 Sheffield United-Tottenham Hotspur,Sheffield United,63’,1:0,Lys Mousset,David McGoldrick,substitute_in
ENG-Premier League,1920,2020-07-02 Sheffield United-Tottenham Hotspur,Sheffield United,69’,2:0,Lys Mousset,Enda Stevens,goal
ENG-Premier League,1920,2020-07-02 Sheffield United-Tottenham Hotspur,Tottenham Hotspur,71’,2:0,Dele Alli,Moussa Sissoko,substitute_in
ENG-Premier League,1920,2020-07-02 Sheffield United-Tottenham Hotspur,Tottenham Hotspur,71’,2:0,Tanguy Ndombele,Serge Aurier,substitute_in
ENG-Premier League,1920,2020-07-02 Sheffield United-Tottenham Hotspur,Tottenham Hotspur,81’,2:0,Jan Vertonghen,Ben Davies,substitute_in
ENG-Premier League,1920,2020-07-02 Sheffield United-Tottenham Hotspur,Sheffield United,84’,3:0,Oliver McBurnie,Sander Berge,goal
ENG-Premier League,1920,2020-07-02 Sheffield United-Tottenham Hotspur,Sheffield United,89’,3:0,Oliver McBurnie,,yellow_card
ENG-Premier League,1920,2020-07-02 Sheffield United-Tottenham Hotspur,Sheffield United,90+1’,3:1,Kieron Freeman,Oliver McBurnie,substitute_in
ENG-Premier League,1920,2020-07-02 Sheffield United-Tottenham Hotspur,Tottenham Hotspur,90’,3:1,Harry Kane,Son Heung-min,goal
ENG-Premier League,1920,2020-07-20 Wolves-Crystal Palace,Crystal Palace,23’,0:0,Cheikhou Kouyaté,Mamadou Sakho,substitute_in
ENG-Premier League,1920,2020-07-20 Wolves-Crystal Palace,Wolverhampton Wanderers,41’,1:0,Daniel Podence,Matt Doherty,goal
ENG-Premier League,1920,2020-07-20 Wolves-Crystal Palace,Crystal Palace,64’,1:0,James McCarthy,,yellow_card
ENG-Premier League,1920,2020-07-20 Wolves-Crystal Palace,Wolverhampton Wanderers,65’,1:0,Conor Coady,,yellow_card
ENG-Premier League,1920,2020-07-20 Wolves-Crystal Palace,Wolverhampton Wanderers,68’,2:0,Jonny Castro,,goal
ENG-Premier League,1920,2020-07-20 Wolves-Crystal Palace,Wolverhampton Wanderers,72’,2:0,Diogo Jota,Daniel Podence,substitute_in
ENG-Premier League,1920,2020-07-20 Wolves-Crystal Palace,Crystal Palace,73’,2:0,Jaïro Riedewald,Jeffrey Schlupp,substitute_in
ENG-Premier League,1920,2020-07-20 Wolves-Crystal Palace,Wolverhampton Wanderers,78’,2:0,Adama Traoré,,yellow_card
ENG-Premier League,1920,2020-07-20 Wolves-Crystal Palace,Wolverhampton Wanderers,81’,2:0,Pedro Neto,Adama Traoré,substitute_in
ENG-Premier League,1920,2019-09-21 Everton-Sheffield United,Sheffield United,16’,0:0,Oliver Norwood,,yellow_card
ENG-Premier League,1920,2019-09-21 Everton-Sheffield United,Everton,21’,0:0,Bernard,,yellow_card
ENG-Premier League,1920,2019-09-21 Everton-Sheffield United,Sheffield United,21’,0:0,George Baldock,,yellow_card
ENG-Premier League,1920,2019-09-21 Everton-Sheffield United,Sheffield United,21’,0:0,Dean Henderson,,yellow_card
ENG-Premier League,1920,2019-09-21 Everton-Sheffield United,Sheffield United,40’,0:1,Yerry Mina,,own_goal
ENG-Premier League,1920,2019-09-21 Everton-Sheffield United,Everton,55’,0:1,Alex Iwobi,Morgan Schneiderlin,substitute_in
ENG-Premier League,1920,2019-09-21 Everton-Sheffield United,Everton,55’,0:1,Cenk Tosun,Bernard,substitute_in
ENG-Premier League,1920,2019-09-21 Everton-Sheffield United,Sheffield United,62’,0:1,Lys Mousset,Callum Robinson,substitute_in
ENG-Premier League,1920,2019-09-21 Everton-Sheffield United,Sheffield United,64’,0:1,Phil Jagielka,Oliver Norwood,substitute_in
ENG-Premier League,1920,2019-09-21 Everton-Sheffield United,Everton,71’,0:1,Theo Walcott,Séamus Coleman,substitute_in
ENG-Premier League,1920,2019-09-21 Everton-Sheffield United,Sheffield United,79’,0:2,Lys Mousset,John Lundstram,goal
ENG-Premier League,1920,2019-09-21 Everton-Sheffield United,Sheffield United,83’,0:2,Ben Osborn,Oliver McBurnie,substitute_in
ENG-Premier League,1920,2020-01-22 Manchester Utd-Burnley,Burnley,39’,0:1,Chris Wood,Ben Mee,goal
ENG-Premier League,1920,2020-01-22 Manchester Utd-Burnley,Manchester United,46’,0:1,Mason Greenwood,Andreas Pereira,substitute_in
ENG-Premier League,1920,2020-01-22 Manchester Utd-Burnley,Burnley,56’,0:2,Jay Rodriguez,Chris Wood,goal
ENG-Premier League,1920,2020-01-22 Manchester Utd-Burnley,Burnley,67’,0:2,Charlie Taylor,,yellow_card
ENG-Premier League,1920,2020-01-22 Manchester Utd-Burnley,Burnley,68’,0:2,Ashley Westwood,,yellow_card
ENG-Premier League,1920,2020-01-22 Manchester Utd-Burnley,Manchester United,69’,0:2,Luke Shaw,Brandon Williams,substitute_in
ENG-Premier League,1920,2020-01-22 Manchester Utd-Burnley,Manchester United,69’,0:2,Jesse Lingard,Daniel James,substitute_in
ENG-Premier League,1920,2019-08-10 West Ham United-Manchester City,Manchester City,25’,0:1,Gabriel Jesus,Kyle Walker,goal
ENG-Premier League,1920,2019-08-10 West Ham United-Manchester City,West Ham United,46’,0:1,Pablo Fornals,Michail Antonio,substitute_in
ENG-Premier League,1920,2019-08-10 West Ham United-Manchester City,Manchester City,51’,0:2,Raheem Sterling,Kevin De Bruyne,goal
ENG-Premier League,1920,2019-08-10 West Ham United-Manchester City,West Ham United,56’,0:2,Robert Snodgrass,Jack Wilshere,substitute_in
ENG-Premier League,1920,2019-08-10 West Ham United-Manchester City,West Ham United,61’,0:2,Fabián Balbuena,,yellow_card
ENG-Premier League,1920,2019-08-10 West Ham United-Manchester City,West Ham United,62’,0:2,Felipe Anderson,,yellow_card
ENG-Premier League,1920,2019-08-10 West Ham United-Manchester City,West Ham United,66’,0:2,Javier Hernández,Felipe Anderson,substitute_in
ENG-Premier League,1920,2019-08-10 West Ham United-Manchester City,Manchester City,69’,0:2,Sergio Agüero,Gabriel Jesus,substitute_in
ENG-Premier League,1920,2019-08-10 West Ham United-Manchester City,Manchester City,75’,0:3,Raheem Sterling,Riyad Mahrez,goal
ENG-Premier League,1920,2019-08-10 West Ham United-Manchester City,Manchester City,79’,0:3,İlkay Gündoğan,Kevin De Bruyne,substitute_in
ENG-Premier League,1920,2019-08-10 West Ham United-Manchester City,Manchester City,80’,0:3,Phil Foden,David Silva,substitute_in
ENG-Premier League,1920,2019-08-10 West Ham United-Manchester City,Manchester City,86’,0:4,Sergio Agüero,,penalty_goal
ENG-Premier League,1920,2019-08-10 West Ham United-Manchester City,Manchester City,87’,0:4,Kyle Walker,,yellow_card
ENG-Premier League,1920,2019-08-10 West Ham United-Manchester City,Manchester City,90+1’,0:5,Raheem Sterling,Riyad Mahrez,goal
ENG-Premier League,1920,2019-08-10 West Ham United-Manchester City,Manchester City,90+3’,0:5,Raheem Sterling,,yellow_card
ENG-Premier League,1920,2019-12-21 Manchester City-Leicester City,Leicester City,22’,0:1,Jamie Vardy,Harvey Barnes,goal
ENG-Premier League,1920,2019-12-21 Manchester City-Leicester City,Manchester City,30’,1:1,Riyad Mahrez,Benjamin Mendy,goal
ENG-Premier League,1920,2019-12-21 Manchester City-Leicester City,Leicester City,35’,1:1,Çağlar Söyüncü,,yellow_card
ENG-Premier League,1920,2019-12-21 Manchester City-Leicester City,Manchester City,43’,2:1,İlkay Gündoğan,,penalty_goal
ENG-Premier League,1920,2019-12-21 Manchester City-Leicester City,Leicester City,51’,2:1,Wilfred Ndidi,,yellow_card
ENG-Premier League,1920,2019-12-21 Manchester City-Leicester City,Manchester City,59’,2:1,Kevin De Bruyne,,yellow_card
ENG-Premier League,1920,2019-12-21 Manchester City-Leicester City,Leicester City,64’,2:1,Marc Albrighton,Harvey Barnes,substitute_in
ENG-Premier League,1920,2019-12-21 Manchester City-Leicester City,Leicester City,68’,2:1,Demarai Gray,Ayoze Pérez,substitute_in
ENG-Premier League,1920,2019-12-21 Manchester City-Leicester City,Manchester City,69’,3:1,Gabriel Jesus,Kevin De Bruyne,goal
ENG-Premier League,1920,2019-12-21 Manchester City-Leicester City,Manchester City,71’,3:1,İlkay Gündoğan,,yellow_card
ENG-Premier League,1920,2019-12-21 Manchester City-Leicester City,Leicester City,77’,3:1,Dennis Praet,Youri Tielemans,substitute_in
ENG-Premier League,1920,2019-12-21 Manchester City-Leicester City,Manchester City,79’,3:1,Rodri,İlkay Gündoğan,substitute_in
ENG-Premier League,1920,2019-12-21 Manchester City-Leicester City,Manchester City,89’,3:1,Phil Foden,Raheem Sterling,substitute_in
ENG-Premier League,1920,2019-12-21 Manchester City-Leicester City,Manchester City,90+1’,3:1,Sergio Agüero,Kevin De Bruyne,substitute_in
ENG-Premier League,1920,2020-02-15 Southampton-Burnley,Southampton,16’,0:1,Jannik Vestergaard,,yellow_card
ENG-Premier League,1920,2020-02-15 Southampton-Burnley,Southampton,18’,1:1,Danny Ings,,goal
ENG-Premier League,1920,2020-02-15 Southampton-Burnley,Burnley,22’,1:1,Matěj Vydra,Chris Wood,substitute_in
ENG-Premier League,1920,2020-02-15 Southampton-Burnley,Burnley,26’,1:1,Jeff Hendrick,,yellow_card
ENG-Premier League,1920,2020-02-15 Southampton-Burnley,Burnley,2’,0:1,Ashley Westwood,,goal
ENG-Premier League,1920,2020-02-15 Southampton-Burnley,Southampton,39’,1:1,Moussa Djenepo,Sofiane Boufal,substitute_in
ENG-Premier League,1920,2020-02-15 Southampton-Burnley,Burnley,44’,1:1,Ben Mee,,yellow_card
ENG-Premier League,1920,2020-02-15 Southampton-Burnley,Burnley,60’,1:2,Matěj Vydra,Jeff Hendrick,goal
ENG-Premier League,1920,2020-02-15 Southampton-Burnley,Southampton,73’,1:2,Michael Obafemi,Kyle Walker-Peters,substitute_in
ENG-Premier League,1920,2020-02-15 Southampton-Burnley,Southampton,86’,1:2,Che Adams,Shane Long,substitute_in
ENG-Premier League,1920,2020-02-15 Southampton-Burnley,Southampton,88’,1:2,Michael Obafemi,,yellow_card
ENG-Premier League,1920,2020-03-07 Crystal Palace-Watford,Crystal Palace,28’,1:0,Jordan Ayew,James McArthur,goal
ENG-Premier League,1920,2020-03-07 Crystal Palace-Watford,Watford,31’,1:0,Kiko Femenía,,yellow_card
ENG-Premier League,1920,2020-03-07 Crystal Palace-Watford,Crystal Palace,41’,1:0,Wilfried Zaha,,yellow_card
ENG-Premier League,1920,2020-03-07 Crystal Palace-Watford,Crystal Palace,50’,1:0,Cheikhou Kouyaté,,yellow_card
ENG-Premier League,1920,2020-03-07 Crystal Palace-Watford,Watford,50’,1:0,Étienne Capoue,,yellow_card
ENG-Premier League,1920,2020-03-07 Crystal Palace-Watford,Watford,52’,1:0,Abdoulaye Doucouré,,yellow_card
ENG-Premier League,1920,2020-03-07 Crystal Palace-Watford,Crystal Palace,59’,1:0,Christian Benteke,,yellow_card
ENG-Premier League,1920,2020-03-07 Crystal Palace-Watford,Crystal Palace,70’,1:0,Luka Milivojević,James McArthur,substitute_in
ENG-Premier League,1920,2020-03-07 Crystal Palace-Watford,Watford,74’,1:0,Danny Welbeck,Troy Deeney,substitute_in
ENG-Premier League,1920,2020-03-07 Crystal Palace-Watford,Watford,74’,1:0,Ignacio Pussetto,Roberto Pereyra,substitute_in
ENG-Premier League,1920,2020-03-07 Crystal Palace-Watford,Watford,84’,1:0,Andre Gray,Will Hughes,substitute_in
ENG-Premier League,1920,2020-03-07 Crystal Palace-Watford,Watford,85’,1:0,Ignacio Pussetto,,yellow_card
ENG-Premier League,1920,2020-03-07 Crystal Palace-Watford,Crystal Palace,90+4’,1:0,Jordan Ayew,,yellow_card
ENG-Premier League,1920,2020-01-12 Bournemouth-Watford,Bournemouth,13’,0:0,Adam Smith,,yellow_card
ENG-Premier League,1920,2020-01-12 Bournemouth-Watford,Watford,42’,0:1,Abdoulaye Doucouré,Ismaila Sarr,goal
ENG-Premier League,1920,2020-01-12 Bournemouth-Watford,Watford,57’,0:1,Troy Deeney,,yellow_card
ENG-Premier League,1920,2020-01-12 Bournemouth-Watford,Bournemouth,59’,0:1,Philip Billing,Jefferson Lerma,substitute_in
ENG-Premier League,1920,2020-01-12 Bournemouth-Watford,Bournemouth,59’,0:1,Lewis Cook,Dan Gosling,substitute_in
ENG-Premier League,1920,2020-01-12 Bournemouth-Watford,Watford,65’,0:2,Troy Deeney,Abdoulaye Doucouré,goal
ENG-Premier League,1920,2020-01-12 Bournemouth-Watford,Bournemouth,75’,0:2,Sam Surridge,Harry Wilson,substitute_in
ENG-Premier League,1920,2020-01-12 Bournemouth-Watford,Watford,82’,0:2,Roberto Pereyra,Ismaila Sarr,substitute_in
ENG-Premier League,1920,2020-01-12 Bournemouth-Watford,Watford,86’,0:2,Domingos Quina,Abdoulaye Doucouré,substitute_in
ENG-Premier League,1920,2020-01-12 Bournemouth-Watford,Watford,90+1’,0:2,Andre Gray,Gerard Deulofeu,substitute_in
ENG-Premier League,1920,2020-01-12 Bournemouth-Watford,Watford,90+2’,0:3,Roberto Pereyra,,goal
ENG-Premier League,1920,2020-03-09 Leicester City-Aston Villa,Leicester City,40’,1:0,Harvey Barnes,Marc Albrighton,goal
ENG-Premier League,1920,2020-03-09 Leicester City-Aston Villa,Aston Villa,43’,1:0,Conor Hourihane,,yellow_card
ENG-Premier League,1920,2020-03-09 Leicester City-Aston Villa,Leicester City,59’,1:0,Jamie Vardy,Kelechi Iheanacho,substitute_in
ENG-Premier League,1920,2020-03-09 Leicester City-Aston Villa,Leicester City,63’,2:0,Jamie Vardy,,penalty_goal
ENG-Premier League,1920,2020-03-09 Leicester City-Aston Villa,Aston Villa,63’,2:0,Anwar El Ghazi,Ahmed Elmohamady,substitute_in
ENG-Premier League,1920,2020-03-09 Leicester City-Aston Villa,Aston Villa,67’,2:0,Keinan Davis,Conor Hourihane,substitute_in
ENG-Premier League,1920,2020-03-09 Leicester City-Aston Villa,Leicester City,71’,2:0,Dennis Praet,,yellow_card
ENG-Premier League,1920,2020-03-09 Leicester City-Aston Villa,Leicester City,76’,2:0,Jonny Evans,,yellow_card
ENG-Premier League,1920,2020-03-09 Leicester City-Aston Villa,Leicester City,76’,2:0,Youri Tielemans,Dennis Praet,substitute_in
ENG-Premier League,1920,2020-03-09 Leicester City-Aston Villa,Leicester City,79’,3:0,Jamie Vardy,,goal
ENG-Premier League,1920,2020-03-09 Leicester City-Aston Villa,Leicester City,83’,3:0,Nampalys Mendy,Wilfred Ndidi,substitute_in
ENG-Premier League,1920,2020-03-09 Leicester City-Aston Villa,Leicester City,85’,4:0,Harvey Barnes,Marc Albrighton,goal
ENG-Premier League,1920,2019-08-25 Bournemouth-Manchester City,Manchester City,10’,0:0,Kyle Walker,,yellow_card
ENG-Premier League,1920,2019-08-25 Bournemouth-Manchester City,Manchester City,13’,0:0,Ederson,,yellow_card
ENG-Premier League,1920,2019-08-25 Bournemouth-Manchester City,Manchester City,15’,0:1,Sergio Agüero,Kevin De Bruyne,goal
ENG-Premier League,1920,2019-08-25 Bournemouth-Manchester City,Bournemouth,37’,0:1,Harry Wilson,Charlie Daniels,substitute_in
ENG-Premier League,1920,2019-08-25 Bournemouth-Manchester City,Manchester City,43’,0:2,Raheem Sterling,David Silva,goal
ENG-Premier League,1920,2019-08-25 Bournemouth-Manchester City,Bournemouth,45+3’,1:2,Harry Wilson,,goal
ENG-Premier League,1920,2019-08-25 Bournemouth-Manchester City,Bournemouth,56’,1:2,Jefferson Lerma,,yellow_card
ENG-Premier League,1920,2019-08-25 Bournemouth-Manchester City,Manchester City,58’,1:2,Rodri,İlkay Gündoğan,substitute_in
ENG-Premier League,1920,2019-08-25 Bournemouth-Manchester City,Manchester City,64’,1:3,Sergio Agüero,David Silva,goal
ENG-Premier League,1920,2019-08-25 Bournemouth-Manchester City,Bournemouth,68’,1:3,Jordon Ibe,Adam Smith,substitute_in
ENG-Premier League,1920,2019-08-25 Bournemouth-Manchester City,Bournemouth,69’,1:3,Dominic Solanke,Callum Wilson,substitute_in
ENG-Premier League,1920,2019-08-25 Bournemouth-Manchester City,Manchester City,79’,1:3,Riyad Mahrez,Bernardo Silva,substitute_in
ENG-Premier League,1920,2019-08-25 Bournemouth-Manchester City,Manchester City,90’,1:3,Nicolás Otamendi,,yellow_card
ENG-Premier League,1920,2019-08-25 Bournemouth-Manchester City,Manchester City,90’,1:3,João Cancelo,Kyle Walker,substitute_in
ENG-Premier League,1920,2020-07-16 Southampton-Brighton,Brighton & Hove Albion,17’,0:1,Neal Maupay,Glenn Murray,goal
ENG-Premier League,1920,2020-07-16 Southampton-Brighton,Southampton,46’,0:1,Kyle Walker-Peters,Oriol Romeu,substitute_in
ENG-Premier League,1920,2020-07-16 Southampton-Brighton,Southampton,46’,0:1,Che Adams,Michael Obafemi,substitute_in
ENG-Premier League,1920,2020-07-16 Southampton-Brighton,Brighton & Hove Albion,59’,0:1,Aaron Mooy,Glenn Murray,substitute_in
ENG-Premier League,1920,2020-07-16 Southampton-Brighton,Southampton,66’,1:1,Danny Ings,Nathan Redmond,goal
ENG-Premier League,1920,2020-07-16 Southampton-Brighton,Brighton & Hove Albion,68’,1:1,Martín Montoya,Tariq Lamptey,substitute_in
ENG-Premier League,1920,2020-07-16 Southampton-Brighton,Brighton & Hove Albion,68’,1:1,Yves Bissouma,Davy Pröpper,substitute_in
ENG-Premier League,1920,2020-07-16 Southampton-Brighton,Brighton & Hove Albion,76’,1:1,Alexis Mac Allister,Solly March,substitute_in
ENG-Premier League,1920,2020-07-16 Southampton-Brighton,Brighton & Hove Albion,76’,1:1,Pascal Groß,Leandro Trossard,substitute_in
ENG-Premier League,1920,2020-07-16 Southampton-Brighton,Southampton,78’,1:1,Stuart Armstrong,William Smallbone,substitute_in
ENG-Premier League,1920,2020-07-16 Southampton-Brighton,Southampton,7’,0:0,Oriol Romeu,,yellow_card
ENG-Premier League,1920,2019-08-17 Aston Villa-Bournemouth,Bournemouth,12’,0:2,Harry Wilson,,goal
ENG-Premier League,1920,2019-08-17 Aston Villa-Bournemouth,Bournemouth,2’,0:1,Joshua King,,penalty_goal
ENG-Premier League,1920,2019-08-17 Aston Villa-Bournemouth,Bournemouth,36’,0:2,Philip Billing,,yellow_card
ENG-Premier League,1920,2019-08-17 Aston Villa-Bournemouth,Bournemouth,46’,0:2,Andrew Surman,Philip Billing,substitute_in
ENG-Premier League,1920,2019-08-17 Aston Villa-Bournemouth,Bournemouth,59’,0:2,Nathan Aké,,yellow_card
ENG-Premier League,1920,2019-08-17 Aston Villa-Bournemouth,Aston Villa,71’,1:2,Douglas Luiz,Jack Grealish,goal
ENG-Premier League,1920,2019-08-17 Aston Villa-Bournemouth,Aston Villa,75’,1:2,Jota,Anwar El Ghazi,substitute_in
ENG-Premier League,1920,2019-08-17 Aston Villa-Bournemouth,Bournemouth,76’,1:2,Dominic Solanke,Harry Wilson,substitute_in
ENG-Premier League,1920,2019-08-17 Aston Villa-Bournemouth,Aston Villa,87’,1:2,Keinan Davis,Trézéguet,substitute_in
ENG-Premier League,1920,2020-01-29 West Ham United-Liverpool,West Ham United,34’,0:0,Issa Diop,,yellow_card
ENG-Premier League,1920,2020-01-29 West Ham United-Liverpool,Liverpool,35’,0:1,Mohamed Salah,,penalty_goal
ENG-Premier League,1920,2020-01-29 West Ham United-Liverpool,West Ham United,43’,0:1,Mark Noble,,yellow_card
ENG-Premier League,1920,2020-01-29 West Ham United-Liverpool,Liverpool,52’,0:2,Alex Oxlade-Chamberlain,Mohamed Salah,goal
ENG-Premier League,1920,2020-01-29 West Ham United-Liverpool,West Ham United,69’,0:2,Pablo Fornals,Manuel Lanzini,substitute_in
ENG-Premier League,1920,2020-01-29 West Ham United-Liverpool,Liverpool,69’,0:2,Fabinho,Divock Origi,substitute_in
ENG-Premier League,1920,2020-01-29 West Ham United-Liverpool,Liverpool,77’,0:2,Naby Keïta,Trent Alexander-Arnold,substitute_in
ENG-Premier League,1920,2020-01-29 West Ham United-Liverpool,Liverpool,85’,0:2,Curtis Jones,Alex Oxlade-Chamberlain,substitute_in
ENG-Premier League,1920,2019-08-24 Manchester Utd-Crystal Palace,Crystal Palace,32’,0:1,Jordan Ayew,Jeffrey Schlupp,goal
ENG-Premier League,1920,2019-08-24 Manchester Utd-Crystal Palace,Manchester United,34’,0:1,Ashley Young,Luke Shaw,substitute_in
ENG-Premier League,1920,2019-08-24 Manchester Utd-Crystal Palace,Crystal Palace,38’,0:1,Luka Milivojević,,yellow_card
ENG-Premier League,1920,2019-08-24 Manchester Utd-Crystal Palace,Crystal Palace,41’,0:1,Gary Cahill,,yellow_card
ENG-Premier League,1920,2019-08-24 Manchester Utd-Crystal Palace,Manchester United,46’,0:1,Aaron Wan-Bissaka,,yellow_card
ENG-Premier League,1920,2019-08-24 Manchester Utd-Crystal Palace,Manchester United,56’,0:1,Mason Greenwood,Jesse Lingard,substitute_in
ENG-Premier League,1920,2019-08-24 Manchester Utd-Crystal Palace,Manchester United,70’,0:1,Marcus Rashford,,penalty_miss
ENG-Premier League,1920,2019-08-24 Manchester Utd-Crystal Palace,Manchester United,71’,0:1,Daniel James,,yellow_card
ENG-Premier League,1920,2019-08-24 Manchester Utd-Crystal Palace,Crystal Palace,75’,0:1,Christian Benteke,Jordan Ayew,substitute_in
ENG-Premier League,1920,2019-08-24 Manchester Utd-Crystal Palace,Crystal Palace,79’,0:1,Wilfried Zaha,,yellow_card
ENG-Premier League,1920,2019-08-24 Manchester Utd-Crystal Palace,Crystal Palace,80’,0:1,Andros Townsend,Jeffrey Schlupp,substitute_in
ENG-Premier League,1920,2019-08-24 Manchester Utd-Crystal Palace,Crystal Palace,83’,0:1,James McCarthy,Cheikhou Kouyaté,substitute_in
ENG-Premier League,1920,2019-08-24 Manchester Utd-Crystal Palace,Manchester United,85’,0:1,Juan Mata,Scott McTominay,substitute_in
ENG-Premier League,1920,2019-08-24 Manchester Utd-Crystal Palace,Crystal Palace,86’,0:1,Vicente Guaita,,yellow_card
ENG-Premier League,1920,2019-08-24 Manchester Utd-Crystal Palace,Manchester United,89’,1:1,Daniel James,Anthony Martial,goal
ENG-Premier League,1920,2019-08-24 Manchester Utd-Crystal Palace,Crystal Palace,90+3’,1:2,Patrick van Aanholt,,goal
ENG-Premier League,1920,2019-08-18 Sheffield United-Crystal Palace,Sheffield United,29’,0:0,Luke Freeman,John Fleck,substitute_in
ENG-Premier League,1920,2019-08-18 Sheffield United-Crystal Palace,Sheffield United,47’,1:0,John Lundstram,,goal
ENG-Premier League,1920,2019-08-18 Sheffield United-Crystal Palace,Sheffield United,56’,1:0,Oliver McBurnie,Callum Robinson,substitute_in
ENG-Premier League,1920,2019-08-18 Sheffield United-Crystal Palace,Crystal Palace,65’,1:0,Jeffrey Schlupp,Max Meyer,substitute_in
ENG-Premier League,1920,2019-08-18 Sheffield United-Crystal Palace,Crystal Palace,70’,1:0,James McCarthy,Andros Townsend,substitute_in
ENG-Premier League,1920,2019-08-18 Sheffield United-Crystal Palace,Sheffield United,74’,1:0,George Baldock,,yellow_card
ENG-Premier League,1920,2019-08-18 Sheffield United-Crystal Palace,Crystal Palace,74’,1:0,James McCarthy,,yellow_card
ENG-Premier League,1920,2019-08-18 Sheffield United-Crystal Palace,Sheffield United,7’,0:0,John Lundstram,,yellow_card
ENG-Premier League,1920,2019-08-18 Sheffield United-Crystal Palace,Crystal Palace,82’,1:0,Connor Wickham,James McArthur,substitute_in
ENG-Premier League,1920,2019-08-18 Sheffield United-Crystal Palace,Sheffield United,85’,1:0,Luke Freeman,,yellow_card
ENG-Premier League,1920,2019-08-18 Sheffield United-Crystal Palace,Sheffield United,89’,1:0,Phil Jagielka,David McGoldrick,substitute_in
ENG-Premier League,1920,2020-07-07 Watford-Norwich City,Watford,10’,1:1,Craig Dawson,Étienne Capoue,goal
ENG-Premier League,1920,2020-07-07 Watford-Norwich City,Norwich City,11’,1:1,Alexander Tettey,,yellow_card
ENG-Premier League,1920,2020-07-07 Watford-Norwich City,Watford,23’,1:1,Will Hughes,,yellow_card
ENG-Premier League,1920,2020-07-07 Watford-Norwich City,Norwich City,4’,0:1,Emi Buendía,Onel Hernández,goal
ENG-Premier League,1920,2020-07-07 Watford-Norwich City,Watford,55’,2:1,Danny Welbeck,,goal
ENG-Premier League,1920,2020-07-07 Watford-Norwich City,Norwich City,55’,1:1,Kenny McLean,Alexander Tettey,substitute_in
ENG-Premier League,1920,2020-07-07 Watford-Norwich City,Watford,59’,2:1,Tom Cleverley,Will Hughes,substitute_in
ENG-Premier League,1920,2020-07-07 Watford-Norwich City,Norwich City,76’,2:1,Adam Idah,Marco Stiepermann,substitute_in
ENG-Premier League,1920,2020-07-07 Watford-Norwich City,Norwich City,83’,2:1,Josip Drmić,Teemu Pukki,substitute_in
ENG-Premier League,1920,2020-07-07 Watford-Norwich City,Norwich City,83’,2:1,Josh Martin,Onel Hernández,substitute_in
ENG-Premier League,1920,2020-07-07 Watford-Norwich City,Watford,87’,2:1,Nathaniel Chalobah,Étienne Capoue,substitute_in
ENG-Premier League,1920,2020-07-07 Watford-Norwich City,Norwich City,88’,2:1,Ben Godfrey,,yellow_card
ENG-Premier League,1920,2020-07-07 Watford-Norwich City,Norwich City,90+4’,2:1,Emi Buendía,,yellow_card
ENG-Premier League,1920,2020-07-07 Watford-Norwich City,Watford,90+5’,2:1,Tom Cleverley,,yellow_card
ENG-Premier League,1920,2020-07-07 Watford-Norwich City,Norwich City,9’,0:1,Jamal Lewis,,yellow_card
ENG-Premier League,1920,2020-01-02 Liverpool-Sheffield United,Liverpool,4’,1:0,Mohamed Salah,Andrew Robertson,goal
ENG-Premier League,1920,2020-01-02 Liverpool-Sheffield United,Liverpool,64’,2:0,Sadio Mané,,goal
ENG-Premier League,1920,2020-01-02 Liverpool-Sheffield United,Sheffield United,65’,2:0,Oliver McBurnie,Lys Mousset,substitute_in
ENG-Premier League,1920,2020-01-02 Liverpool-Sheffield United,Sheffield United,66’,2:0,Billy Sharp,David McGoldrick,substitute_in
ENG-Premier League,1920,2020-01-02 Liverpool-Sheffield United,Liverpool,78’,2:0,Divock Origi,Sadio Mané,substitute_in
ENG-Premier League,1920,2020-01-02 Liverpool-Sheffield United,Sheffield United,78’,2:0,Muhamed Bešić,Oliver Norwood,substitute_in
ENG-Premier League,1920,2020-01-02 Liverpool-Sheffield United,Liverpool,88’,2:0,Adam Lallana,Andrew Robertson,substitute_in
ENG-Premier League,1920,2020-01-02 Liverpool-Sheffield United,Liverpool,90+2’,2:0,Harvey Elliott,Mohamed Salah,substitute_in
ENG-Premier League,1920,2019-09-15 Watford-Arsenal,Arsenal,21’,0:1,Pierre-Emerick Aubameyang,Sead Kolašinac,goal
ENG-Premier League,1920,2019-09-15 Watford-Arsenal,Arsenal,32’,0:2,Pierre-Emerick Aubameyang,Ainsley Maitland-Niles,goal
ENG-Premier League,1920,2019-09-15 Watford-Arsenal,Arsenal,43’,0:2,Sead Kolašinac,,yellow_card
ENG-Premier League,1920,2019-09-15 Watford-Arsenal,Watford,45+2’,0:2,José Holebas,,yellow_card
ENG-Premier League,1920,2019-09-15 Watford-Arsenal,Arsenal,45+2’,0:2,Mattéo Guendouzi,,yellow_card
ENG-Premier League,1920,2019-09-15 Watford-Arsenal,Watford,53’,1:2,Tom Cleverley,Gerard Deulofeu,goal
ENG-Premier League,1920,2019-09-15 Watford-Arsenal,Watford,54’,1:2,Ismaila Sarr,Andre Gray,substitute_in
ENG-Premier League,1920,2019-09-15 Watford-Arsenal,Watford,56’,1:2,Kiko Femenía,,yellow_card
ENG-Premier League,1920,2019-09-15 Watford-Arsenal,Arsenal,60’,1:2,Joe Willock,Dani Ceballos,substitute_in
ENG-Premier League,1920,2019-09-15 Watford-Arsenal,Watford,63’,1:2,Roberto Pereyra,Will Hughes,substitute_in
ENG-Premier League,1920,2019-09-15 Watford-Arsenal,Arsenal,67’,1:2,Lucas Torreira,Mattéo Guendouzi,substitute_in
ENG-Premier League,1920,2019-09-15 Watford-Arsenal,Arsenal,71’,1:2,Reiss Nelson,Mesut Özil,substitute_in
ENG-Premier League,1920,2019-09-15 Watford-Arsenal,Arsenal,76’,1:2,Bernd Leno,,yellow_card
ENG-Premier League,1920,2019-09-15 Watford-Arsenal,Watford,78’,1:2,Daryl Janmaat,José Holebas,substitute_in
ENG-Premier League,1920,2019-09-15 Watford-Arsenal,Watford,81’,2:2,Roberto Pereyra,,penalty_goal
ENG-Premier League,1920,2019-09-15 Watford-Arsenal,Watford,90+1’,2:2,Étienne Capoue,,yellow_card
ENG-Premier League,1920,2020-06-21 Aston Villa-Chelsea,Aston Villa,43’,1:0,Kortney Hause,,goal
ENG-Premier League,1920,2020-06-21 Aston Villa-Chelsea,Aston Villa,45’,1:0,Ezri Konsa,,yellow_card
ENG-Premier League,1920,2020-06-21 Aston Villa-Chelsea,Chelsea,55’,1:0,Ross Barkley,Mateo Kovačić,substitute_in
ENG-Premier League,1920,2020-06-21 Aston Villa-Chelsea,Chelsea,55’,1:0,Christian Pulisic,Ruben Loftus-Cheek,substitute_in
ENG-Premier League,1920,2020-06-21 Aston Villa-Chelsea,Aston Villa,57’,1:0,Mbwana Samatta,Keinan Davis,substitute_in
ENG-Premier League,1920,2020-06-21 Aston Villa-Chelsea,Chelsea,60’,1:1,Christian Pulisic,César Azpilicueta,goal
ENG-Premier League,1920,2020-06-21 Aston Villa-Chelsea,Chelsea,62’,1:2,Olivier Giroud,César Azpilicueta,goal
ENG-Premier League,1920,2020-06-21 Aston Villa-Chelsea,Aston Villa,70’,1:2,Trézéguet,Anwar El Ghazi,substitute_in
ENG-Premier League,1920,2020-06-21 Aston Villa-Chelsea,Aston Villa,70’,1:2,Marvelous Nakamba,Conor Hourihane,substitute_in
ENG-Premier League,1920,2020-06-21 Aston Villa-Chelsea,Chelsea,80’,1:2,Tammy Abraham,Olivier Giroud,substitute_in
ENG-Premier League,1920,2020-06-21 Aston Villa-Chelsea,Aston Villa,87’,1:2,Jota,John McGinn,substitute_in
ENG-Premier League,1920,2020-06-21 Aston Villa-Chelsea,Chelsea,90+4’,1:2,N'Golo Kanté,,yellow_card
ENG-Premier League,1920,2020-06-21 Aston Villa-Chelsea,Aston Villa,90+6’,1:2,Jack Grealish,,yellow_card
ENG-Premier League,1920,2020-06-21 Aston Villa-Chelsea,Chelsea,90’,1:2,Reece James,Willian,substitute_in
ENG-Premier League,1920,2020-02-23 Manchester Utd-Watford,Manchester United,42’,1:0,Bruno Fernandes,,penalty_goal
ENG-Premier League,1920,2020-02-23 Manchester Utd-Watford,Manchester United,58’,2:0,Anthony Martial,,goal
ENG-Premier League,1920,2020-02-23 Manchester Utd-Watford,Watford,67’,2:0,Craig Cathcart,,yellow_card
ENG-Premier League,1920,2020-02-23 Manchester Utd-Watford,Watford,69’,2:0,Ismaila Sarr,Roberto Pereyra,substitute_in
ENG-Premier League,1920,2020-02-23 Manchester Utd-Watford,Manchester United,75’,3:0,Mason Greenwood,Bruno Fernandes,goal
ENG-Premier League,1920,2020-02-23 Manchester Utd-Watford,Watford,76’,3:0,Danny Welbeck,Troy Deeney,substitute_in
ENG-Premier League,1920,2020-02-23 Manchester Utd-Watford,Manchester United,79’,3:0,Scott McTominay,Fred,substitute_in
ENG-Premier League,1920,2020-02-23 Manchester Utd-Watford,Manchester United,80’,3:0,Odion Ighalo,Anthony Martial,substitute_in
ENG-Premier League,1920,2020-02-23 Manchester Utd-Watford,Manchester United,80’,3:0,Tahith Chong,Mason Greenwood,substitute_in
ENG-Premier League,1920,2020-02-23 Manchester Utd-Watford,Watford,80’,3:0,Tom Cleverley,Abdoulaye Doucouré,substitute_in
ENG-Premier League,1920,2019-12-29 Arsenal-Chelsea,Arsenal,10’,0:0,Mattéo Guendouzi,,yellow_card
ENG-Premier League,1920,2019-12-29 Arsenal-Chelsea,Arsenal,13’,1:0,Pierre-Emerick Aubameyang,Calum Chambers,goal
ENG-Premier League,1920,2019-12-29 Arsenal-Chelsea,Arsenal,23’,1:0,Shkodran Mustafi,Calum Chambers,substitute_in
ENG-Premier League,1920,2019-12-29 Arsenal-Chelsea,Chelsea,30’,1:0,N'Golo Kanté,,yellow_card
ENG-Premier League,1920,2019-12-29 Arsenal-Chelsea,Chelsea,30’,1:0,Mason Mount,,yellow_card
ENG-Premier League,1920,2019-12-29 Arsenal-Chelsea,Chelsea,34’,1:0,Antonio Rüdiger,,yellow_card
ENG-Premier League,1920,2019-12-29 Arsenal-Chelsea,Chelsea,34’,1:0,Jorginho,Emerson Palmieri,substitute_in
ENG-Premier League,1920,2019-12-29 Arsenal-Chelsea,Arsenal,47’,1:0,David Luiz,,yellow_card
ENG-Premier League,1920,2019-12-29 Arsenal-Chelsea,Chelsea,55’,1:0,Jorginho,,yellow_card
ENG-Premier League,1920,2019-12-29 Arsenal-Chelsea,Chelsea,59’,1:0,Tariq Lamptey,Fikayo Tomori,substitute_in
ENG-Premier League,1920,2019-12-29 Arsenal-Chelsea,Chelsea,70’,1:0,Callum Hudson-Odoi,Mateo Kovačić,substitute_in
ENG-Premier League,1920,2019-12-29 Arsenal-Chelsea,Arsenal,73’,1:0,Lucas Torreira,,yellow_card
ENG-Premier League,1920,2019-12-29 Arsenal-Chelsea,Arsenal,76’,1:0,Joe Willock,Mesut Özil,substitute_in
ENG-Premier League,1920,2019-12-29 Arsenal-Chelsea,Arsenal,77’,1:0,Alexandre Lacazette,,yellow_card
ENG-Premier League,1920,2019-12-29 Arsenal-Chelsea,Chelsea,83’,1:1,Jorginho,Mason Mount,goal
ENG-Premier League,1920,2019-12-29 Arsenal-Chelsea,Arsenal,86’,1:1,Nicolas Pépé,Reiss Nelson,substitute_in
ENG-Premier League,1920,2019-12-29 Arsenal-Chelsea,Chelsea,87’,1:2,Tammy Abraham,Willian,goal
ENG-Premier League,1920,2019-12-29 Arsenal-Chelsea,Arsenal,90+1’,1:2,Ainsley Maitland-Niles,,yellow_card
ENG-Premier League,1920,2019-11-30 Burnley-Crystal Palace,Burnley,36’,0:0,Erik Pieters,Charlie Taylor,substitute_in
ENG-Premier League,1920,2019-11-30 Burnley-Crystal Palace,Crystal Palace,45+1’,0:1,Wilfried Zaha,Scott Dann,goal
ENG-Premier League,1920,2019-11-30 Burnley-Crystal Palace,Burnley,55’,0:1,Phil Bardsley,,yellow_card
ENG-Premier League,1920,2019-11-30 Burnley-Crystal Palace,Crystal Palace,59’,0:1,Mamadou Sakho,Scott Dann,substitute_in
ENG-Premier League,1920,2019-11-30 Burnley-Crystal Palace,Burnley,62’,0:1,Jay Rodriguez,Ashley Barnes,substitute_in
ENG-Premier League,1920,2019-11-30 Burnley-Crystal Palace,Burnley,67’,0:1,Dwight McNeil,,yellow_card
ENG-Premier League,1920,2019-11-30 Burnley-Crystal Palace,Crystal Palace,69’,0:1,Jeffrey Schlupp,Andros Townsend,substitute_in
ENG-Premier League,1920,2019-11-30 Burnley-Crystal Palace,Burnley,77’,0:1,Aaron Lennon,Robbie Brady,substitute_in
ENG-Premier League,1920,2019-11-30 Burnley-Crystal Palace,Crystal Palace,78’,0:2,Jeffrey Schlupp,,goal
ENG-Premier League,1920,2019-11-30 Burnley-Crystal Palace,Crystal Palace,82’,0:2,Christian Benteke,Jordan Ayew,substitute_in
ENG-Premier League,1920,2020-02-01 Manchester Utd-Wolves,Manchester United,55’,0:0,Bruno Fernandes,,yellow_card
ENG-Premier League,1920,2020-02-01 Manchester Utd-Wolves,Wolverhampton Wanderers,57’,0:0,Rúben Neves,,yellow_card
ENG-Premier League,1920,2020-02-01 Manchester Utd-Wolves,Wolverhampton Wanderers,70’,0:0,Pedro Neto,Diogo Jota,substitute_in
ENG-Premier League,1920,2020-02-01 Manchester Utd-Wolves,Wolverhampton Wanderers,71’,0:0,João Moutinho,,yellow_card
ENG-Premier League,1920,2020-02-01 Manchester Utd-Wolves,Manchester United,72’,0:0,Mason Greenwood,Andreas Pereira,substitute_in
ENG-Premier League,1920,2020-02-01 Manchester Utd-Wolves,Wolverhampton Wanderers,76’,0:0,Daniel Podence,Adama Traoré,substitute_in
ENG-Premier League,1920,2020-02-01 Manchester Utd-Wolves,Manchester United,79’,0:0,Victor Lindelöf,,yellow_card
ENG-Premier League,1920,2020-02-01 Manchester Utd-Wolves,Manchester United,84’,0:0,Luke Shaw,,yellow_card
ENG-Premier League,1920,2020-02-01 Manchester Utd-Wolves,Manchester United,88’,0:0,Jesse Lingard,Juan Mata,substitute_in
ENG-Premier League,1920,2020-02-01 Manchester Utd-Wolves,Manchester United,88’,0:0,Diogo Dalot,Daniel James,substitute_in
ENG-Premier League,1920,2020-02-01 Manchester Utd-Wolves,Wolverhampton Wanderers,90+1’,0:0,Leander Dendoncker,Raúl Jiménez,substitute_in
ENG-Premier League,1920,2019-09-15 Bournemouth-Everton,Bournemouth,23’,1:0,Callum Wilson,Joshua King,goal
ENG-Premier League,1920,2019-09-15 Bournemouth-Everton,Everton,40’,1:0,Fabian Delph,,yellow_card
ENG-Premier League,1920,2019-09-15 Bournemouth-Everton,Everton,44’,1:1,Dominic Calvert-Lewin,Richarlison,goal
ENG-Premier League,1920,2019-09-15 Bournemouth-Everton,Bournemouth,57’,1:1,Ryan Fraser,Harry Wilson,substitute_in
ENG-Premier League,1920,2019-09-15 Bournemouth-Everton,Everton,58’,1:1,Lucas Digne,,yellow_card
ENG-Premier League,1920,2019-09-15 Bournemouth-Everton,Everton,66’,1:1,Richarlison,,yellow_card
ENG-Premier League,1920,2019-09-15 Bournemouth-Everton,Bournemouth,67’,2:1,Ryan Fraser,,goal
ENG-Premier League,1920,2019-09-15 Bournemouth-Everton,Everton,71’,2:1,Bernard,Dominic Calvert-Lewin,substitute_in
ENG-Premier League,1920,2019-09-15 Bournemouth-Everton,Everton,71’,2:1,Moise Kean,Gylfi Sigurðsson,substitute_in
ENG-Premier League,1920,2019-09-15 Bournemouth-Everton,Bournemouth,72’,3:1,Callum Wilson,Diego Rico,goal
ENG-Premier League,1920,2019-09-15 Bournemouth-Everton,Bournemouth,77’,3:1,Jefferson Lerma,Lewis Cook,substitute_in
ENG-Premier League,1920,2019-09-15 Bournemouth-Everton,Everton,81’,3:1,Theo Walcott,Richarlison,substitute_in
ENG-Premier League,1920,2019-09-15 Bournemouth-Everton,Bournemouth,90+4’,3:1,Chris Mepham,Diego Rico,substitute_in
ENG-Premier League,1920,2019-09-15 Bournemouth-Everton,Everton,90+5’,3:1,Morgan Schneiderlin,,yellow_card
ENG-Premier League,1920,2020-07-14 Chelsea-Norwich City,Chelsea,45+3’,1:0,Olivier Giroud,Christian Pulisic,goal
ENG-Premier League,1920,2020-07-14 Chelsea-Norwich City,Norwich City,58’,1:0,Todd Cantwell,,yellow_card
ENG-Premier League,1920,2020-07-14 Chelsea-Norwich City,Chelsea,60’,1:0,Kurt Zouma,,yellow_card
ENG-Premier League,1920,2020-07-14 Chelsea-Norwich City,Chelsea,62’,1:0,Mateo Kovačić,,yellow_card
ENG-Premier League,1920,2020-07-14 Chelsea-Norwich City,Chelsea,67’,1:0,Ross Barkley,Ruben Loftus-Cheek,substitute_in
ENG-Premier League,1920,2020-07-14 Chelsea-Norwich City,Norwich City,71’,1:0,Emi Buendía,Todd Cantwell,substitute_in
ENG-Premier League,1920,2020-07-14 Chelsea-Norwich City,Norwich City,79’,1:0,Teemu Pukki,Onel Hernández,substitute_in
ENG-Premier League,1920,2020-07-14 Chelsea-Norwich City,Norwich City,79’,1:0,Marco Stiepermann,Alexander Tettey,substitute_in
ENG-Premier League,1920,2020-07-14 Chelsea-Norwich City,Norwich City,79’,1:0,Adam Idah,Josip Drmić,substitute_in
ENG-Premier League,1920,2020-07-14 Chelsea-Norwich City,Chelsea,80’,1:0,Reece James,Marcos Alonso,substitute_in
ENG-Premier League,1920,2020-07-14 Chelsea-Norwich City,Chelsea,81’,1:0,Callum Hudson-Odoi,Christian Pulisic,substitute_in
ENG-Premier League,1920,2020-07-14 Chelsea-Norwich City,Chelsea,86’,1:0,Tammy Abraham,Olivier Giroud,substitute_in
ENG-Premier League,1920,2020-07-14 Chelsea-Norwich City,Norwich City,88’,1:0,Emi Buendía,,yellow_card
ENG-Premier League,1920,2020-07-14 Chelsea-Norwich City,Norwich City,89’,1:0,Josh Martin,Lukas Rupp,substitute_in
ENG-Premier League,1920,2020-07-04 Leicester City-Crystal Palace,Leicester City,45+3’,0:0,Ben Chilwell,,yellow_card
ENG-Premier League,1920,2020-07-04 Leicester City-Crystal Palace,Leicester City,45’,0:0,Ryan Bennett,Ben Chilwell,substitute_in
ENG-Premier League,1920,2020-07-04 Leicester City-Crystal Palace,Leicester City,49’,1:0,Kelechi Iheanacho,Youri Tielemans,goal
ENG-Premier League,1920,2020-07-04 Leicester City-Crystal Palace,Leicester City,50’,1:0,Marc Albrighton,,yellow_card
ENG-Premier League,1920,2020-07-04 Leicester City-Crystal Palace,Crystal Palace,57’,1:0,James McArthur,,yellow_card
ENG-Premier League,1920,2020-07-04 Leicester City-Crystal Palace,Crystal Palace,60’,1:0,Cheikhou Kouyaté,Jaïro Riedewald,substitute_in
ENG-Premier League,1920,2020-07-04 Leicester City-Crystal Palace,Leicester City,64’,1:0,Dennis Praet,Kelechi Iheanacho,substitute_in
ENG-Premier League,1920,2020-07-04 Leicester City-Crystal Palace,Crystal Palace,69’,1:0,James McCarthy,James McArthur,substitute_in
ENG-Premier League,1920,2020-07-04 Leicester City-Crystal Palace,Leicester City,75’,1:0,Harvey Barnes,Ayoze Pérez,substitute_in
ENG-Premier League,1920,2020-07-04 Leicester City-Crystal Palace,Leicester City,75’,1:0,Christian Fuchs,Marc Albrighton,substitute_in
ENG-Premier League,1920,2020-07-04 Leicester City-Crystal Palace,Leicester City,77’,2:0,Jamie Vardy,Harvey Barnes,goal
ENG-Premier League,1920,2020-07-04 Leicester City-Crystal Palace,Crystal Palace,82’,2:0,Andros Townsend,Christian Benteke,substitute_in
ENG-Premier League,1920,2020-07-04 Leicester City-Crystal Palace,Crystal Palace,83’,2:0,Tyrick Mitchell,Patrick van Aanholt,substitute_in
ENG-Premier League,1920,2020-07-04 Leicester City-Crystal Palace,Leicester City,89’,2:0,Hamza Choudhury,Youri Tielemans,substitute_in
ENG-Premier League,1920,2020-07-04 Leicester City-Crystal Palace,Leicester City,90+4’,3:0,Jamie Vardy,Harvey Barnes,goal
ENG-Premier League,1920,2019-08-17 Brighton-West Ham United,West Ham United,46’,0:0,Michail Antonio,Jack Wilshere,substitute_in
ENG-Premier League,1920,2019-08-17 Brighton-West Ham United,West Ham United,61’,0:1,Javier Hernández,Manuel Lanzini,goal
ENG-Premier League,1920,2019-08-17 Brighton-West Ham United,Brighton & Hove Albion,65’,1:1,Leandro Trossard,,goal
ENG-Premier League,1920,2019-08-17 Brighton-West Ham United,Brighton & Hove Albion,67’,1:1,Neal Maupay,Pascal Groß,substitute_in
ENG-Premier League,1920,2019-08-17 Brighton-West Ham United,Brighton & Hove Albion,74’,1:1,Florin Andone,Glenn Murray,substitute_in
ENG-Premier League,1920,2019-08-17 Brighton-West Ham United,West Ham United,76’,1:1,Arthur Masuaku,,yellow_card
ENG-Premier League,1920,2019-08-17 Brighton-West Ham United,West Ham United,77’,1:1,Andriy Yarmolenko,Pablo Fornals,substitute_in
ENG-Premier League,1920,2019-08-17 Brighton-West Ham United,West Ham United,83’,1:1,Carlos Sánchez,Javier Hernández,substitute_in
ENG-Premier League,1920,2019-08-17 Brighton-West Ham United,Brighton & Hove Albion,85’,1:1,Aaron Mooy,Leandro Trossard,substitute_in
ENG-Premier League,1920,2019-08-17 Brighton-West Ham United,West Ham United,90+4’,1:1,Declan Rice,,yellow_card
ENG-Premier League,1920,2019-08-24 Watford-West Ham United,Watford,17’,1:1,Andre Gray,Will Hughes,goal
ENG-Premier League,1920,2019-08-24 Watford-West Ham United,West Ham United,3’,0:1,Mark Noble,,penalty_goal
ENG-Premier League,1920,2019-08-24 Watford-West Ham United,West Ham United,55’,1:1,Michail Antonio,Andriy Yarmolenko,substitute_in
ENG-Premier League,1920,2019-08-24 Watford-West Ham United,Watford,63’,1:1,José Holebas,,yellow_card
ENG-Premier League,1920,2019-08-24 Watford-West Ham United,West Ham United,64’,1:2,Sébastien Haller,Felipe Anderson,goal
ENG-Premier League,1920,2019-08-24 Watford-West Ham United,West Ham United,73’,1:3,Sébastien Haller,,goal
ENG-Premier League,1920,2019-08-24 Watford-West Ham United,Watford,74’,1:3,Danny Welbeck,Gerard Deulofeu,substitute_in
ENG-Premier League,1920,2019-08-24 Watford-West Ham United,Watford,74’,1:3,Ismaila Sarr,Will Hughes,substitute_in
ENG-Premier League,1920,2019-08-24 Watford-West Ham United,West Ham United,76’,1:3,Angelo Ogbonna,,yellow_card
ENG-Premier League,1920,2019-08-24 Watford-West Ham United,West Ham United,78’,1:3,Pablo Fornals,Felipe Anderson,substitute_in
ENG-Premier League,1920,2019-08-24 Watford-West Ham United,Watford,86’,1:3,Domingos Quina,Tom Cleverley,substitute_in
ENG-Premier League,1920,2019-08-24 Watford-West Ham United,West Ham United,88’,1:3,Carlos Sánchez,Manuel Lanzini,substitute_in
ENG-Premier League,1920,2019-12-05 Sheffield United-Newcastle United,Newcastle United,15’,0:1,Allan Saint-Maximin,Javier Manquillo,goal
ENG-Premier League,1920,2019-12-05 Sheffield United-Newcastle United,Sheffield United,49’,0:1,Billy Sharp,,yellow_card
ENG-Premier League,1920,2019-12-05 Sheffield United-Newcastle United,Sheffield United,63’,0:1,Lys Mousset,Billy Sharp,substitute_in
ENG-Premier League,1920,2019-12-05 Sheffield United-Newcastle United,Newcastle United,70’,0:2,Jonjo Shelvey,Andy Carroll,goal
ENG-Premier League,1920,2019-12-05 Sheffield United-Newcastle United,Sheffield United,72’,0:2,David McGoldrick,Oliver Norwood,substitute_in
ENG-Premier League,1920,2019-12-05 Sheffield United-Newcastle United,Newcastle United,72’,0:2,Joelinton,Andy Carroll,substitute_in
ENG-Premier League,1920,2019-12-05 Sheffield United-Newcastle United,Sheffield United,75’,0:2,Luke Freeman,Chris Basham,substitute_in
ENG-Premier League,1920,2019-12-05 Sheffield United-Newcastle United,Newcastle United,81’,0:2,Christian Atsu,Allan Saint-Maximin,substitute_in
ENG-Premier League,1920,2019-12-05 Sheffield United-Newcastle United,Sheffield United,87’,0:2,Luke Freeman,,yellow_card
ENG-Premier League,1920,2019-12-05 Sheffield United-Newcastle United,Newcastle United,88’,0:2,Emil Krafth,Miguel Almirón,substitute_in
ENG-Premier League,1920,2019-12-04 Leicester City-Watford,Leicester City,38’,0:0,Jamie Vardy,,yellow_card
ENG-Premier League,1920,2019-12-04 Leicester City-Watford,Leicester City,41’,0:0,Çağlar Söyüncü,,yellow_card
ENG-Premier League,1920,2019-12-04 Leicester City-Watford,Leicester City,46’,0:0,Dennis Praet,Ayoze Pérez,substitute_in
ENG-Premier League,1920,2019-12-04 Leicester City-Watford,Watford,46’,0:0,Abdoulaye Doucouré,,yellow_card
ENG-Premier League,1920,2019-12-04 Leicester City-Watford,Leicester City,55’,1:0,Jamie Vardy,,penalty_goal
ENG-Premier League,1920,2019-12-04 Leicester City-Watford,Leicester City,63’,1:0,Wilfred Ndidi,,yellow_card
ENG-Premier League,1920,2019-12-04 Leicester City-Watford,Leicester City,69’,1:0,Hamza Choudhury,Youri Tielemans,substitute_in
ENG-Premier League,1920,2019-12-04 Leicester City-Watford,Watford,77’,1:0,Isaac Success,Gerard Deulofeu,substitute_in
ENG-Premier League,1920,2019-12-04 Leicester City-Watford,Leicester City,80’,1:0,James Justin,Harvey Barnes,substitute_in
ENG-Premier League,1920,2019-12-04 Leicester City-Watford,Watford,83’,1:0,Domingos Quina,Will Hughes,substitute_in
ENG-Premier League,1920,2019-12-04 Leicester City-Watford,Watford,87’,1:0,Andre Gray,Troy Deeney,substitute_in
ENG-Premier League,1920,2019-12-04 Leicester City-Watford,Leicester City,90+5’,2:0,James Maddison,James Justin,goal
ENG-Premier League,1920,2019-12-04 Leicester City-Watford,Watford,90’,1:0,Adam Masina,,yellow_card
ENG-Premier League,1920,2020-07-04 Manchester Utd-Bournemouth,Bournemouth,15’,0:1,Junior Stanislas,Joshua King,goal
ENG-Premier League,1920,2020-07-04 Manchester Utd-Bournemouth,Manchester United,29’,1:1,Mason Greenwood,Bruno Fernandes,goal
ENG-Premier League,1920,2020-07-04 Manchester Utd-Bournemouth,Bournemouth,31’,1:1,Jefferson Lerma,,yellow_card
ENG-Premier League,1920,2020-07-04 Manchester Utd-Bournemouth,Manchester United,35’,2:1,Marcus Rashford,,penalty_goal
ENG-Premier League,1920,2020-07-04 Manchester Utd-Bournemouth,Manchester United,45+2’,3:1,Anthony Martial,Bruno Fernandes,goal
ENG-Premier League,1920,2020-07-04 Manchester Utd-Bournemouth,Manchester United,46’,3:1,Eric Bailly,Victor Lindelöf,substitute_in
ENG-Premier League,1920,2020-07-04 Manchester Utd-Bournemouth,Bournemouth,46’,3:1,Arnaut Danjuma,David Brooks,substitute_in
ENG-Premier League,1920,2020-07-04 Manchester Utd-Bournemouth,Bournemouth,49’,3:2,Joshua King,,penalty_goal
ENG-Premier League,1920,2020-07-04 Manchester Utd-Bournemouth,Manchester United,54’,4:2,Mason Greenwood,Nemanja Matić,goal
ENG-Premier League,1920,2020-07-04 Manchester Utd-Bournemouth,Manchester United,59’,5:2,Bruno Fernandes,,goal
ENG-Premier League,1920,2020-07-04 Manchester Utd-Bournemouth,Bournemouth,66’,5:2,Dan Gosling,Junior Stanislas,substitute_in
ENG-Premier League,1920,2020-07-04 Manchester Utd-Bournemouth,Bournemouth,66’,5:2,Philip Billing,Dominic Solanke,substitute_in
ENG-Premier League,1920,2020-07-04 Manchester Utd-Bournemouth,Bournemouth,66’,5:2,Harry Wilson,Lewis Cook,substitute_in
ENG-Premier League,1920,2020-07-04 Manchester Utd-Bournemouth,Manchester United,67’,5:2,Fred,Nemanja Matić,substitute_in
ENG-Premier League,1920,2020-07-04 Manchester Utd-Bournemouth,Manchester United,75’,5:2,Daniel James,Mason Greenwood,substitute_in
ENG-Premier League,1920,2020-07-04 Manchester Utd-Bournemouth,Bournemouth,77’,5:2,Jack Stacey,Adam Smith,substitute_in
ENG-Premier League,1920,2020-07-04 Manchester Utd-Bournemouth,Manchester United,80’,5:2,Odion Ighalo,Marcus Rashford,substitute_in
ENG-Premier League,1920,2020-07-04 Manchester Utd-Bournemouth,Manchester United,80’,5:2,Juan Mata,Anthony Martial,substitute_in
ENG-Premier League,1920,2019-11-09 Leicester City-Arsenal,Leicester City,55’,0:0,Jonny Evans,,yellow_card
ENG-Premier League,1920,2019-11-09 Leicester City-Arsenal,Leicester City,60’,0:0,Demarai Gray,Ayoze Pérez,substitute_in
ENG-Premier League,1920,2019-11-09 Leicester City-Arsenal,Leicester City,68’,1:0,Jamie Vardy,Youri Tielemans,goal
ENG-Premier League,1920,2019-11-09 Leicester City-Arsenal,Leicester City,74’,1:0,Dennis Praet,Harvey Barnes,substitute_in
ENG-Premier League,1920,2019-11-09 Leicester City-Arsenal,Leicester City,75’,2:0,James Maddison,Jamie Vardy,goal
ENG-Premier League,1920,2019-11-09 Leicester City-Arsenal,Arsenal,77’,2:0,Nicolas Pépé,Rob Holding,substitute_in
ENG-Premier League,1920,2019-11-09 Leicester City-Arsenal,Arsenal,80’,2:0,Joe Willock,Lucas Torreira,substitute_in
ENG-Premier League,1920,2019-11-09 Leicester City-Arsenal,Arsenal,88’,2:0,Héctor Bellerín,,yellow_card
ENG-Premier League,1920,2020-02-28 Norwich City-Leicester City,Norwich City,53’,0:0,Grant Hanley,,yellow_card
ENG-Premier League,1920,2020-02-28 Norwich City-Leicester City,Leicester City,62’,0:0,Dennis Praet,,yellow_card
ENG-Premier League,1920,2020-02-28 Norwich City-Leicester City,Leicester City,67’,0:0,Wilfred Ndidi,Hamza Choudhury,substitute_in
ENG-Premier League,1920,2020-02-28 Norwich City-Leicester City,Norwich City,68’,0:0,Lukas Rupp,Todd Cantwell,substitute_in
ENG-Premier League,1920,2020-02-28 Norwich City-Leicester City,Norwich City,70’,1:0,Jamal Lewis,Max Aarons,goal
ENG-Premier League,1920,2020-02-28 Norwich City-Leicester City,Leicester City,73’,1:0,Youri Tielemans,Dennis Praet,substitute_in
ENG-Premier League,1920,2020-02-28 Norwich City-Leicester City,Leicester City,78’,1:0,Marc Albrighton,Ayoze Pérez,substitute_in
ENG-Premier League,1920,2020-02-28 Norwich City-Leicester City,Norwich City,81’,1:0,Josip Drmić,Teemu Pukki,substitute_in
ENG-Premier League,1920,2020-02-28 Norwich City-Leicester City,Norwich City,87’,1:0,Marco Stiepermann,Ondrej Duda,substitute_in
ENG-Premier League,1920,2020-02-28 Norwich City-Leicester City,Leicester City,87’,1:0,Kasper Schmeichel,,yellow_card
ENG-Premier League,1920,2020-06-23 Tottenham Hotspur-West Ham United,West Ham United,15’,0:0,Pablo Fornals,,yellow_card
ENG-Premier League,1920,2020-06-23 Tottenham Hotspur-West Ham United,West Ham United,26’,0:0,Mark Noble,,yellow_card
ENG-Premier League,1920,2020-06-23 Tottenham Hotspur-West Ham United,Tottenham Hotspur,51’,0:0,Harry Kane,,yellow_card
ENG-Premier League,1920,2020-06-23 Tottenham Hotspur-West Ham United,Tottenham Hotspur,59’,0:0,Érik Lamela,Dele Alli,substitute_in
ENG-Premier League,1920,2020-06-23 Tottenham Hotspur-West Ham United,Tottenham Hotspur,64’,1:0,Tomáš Souček,,own_goal
ENG-Premier League,1920,2020-06-23 Tottenham Hotspur-West Ham United,Tottenham Hotspur,67’,1:0,Ben Davies,,yellow_card
ENG-Premier League,1920,2020-06-23 Tottenham Hotspur-West Ham United,West Ham United,71’,1:0,Manuel Lanzini,Pablo Fornals,substitute_in
ENG-Premier League,1920,2020-06-23 Tottenham Hotspur-West Ham United,West Ham United,71’,1:0,Felipe Anderson,Mark Noble,substitute_in
ENG-Premier League,1920,2020-06-23 Tottenham Hotspur-West Ham United,Tottenham Hotspur,72’,1:0,Steven Bergwijn,Lucas Moura,substitute_in
ENG-Premier League,1920,2020-06-23 Tottenham Hotspur-West Ham United,Tottenham Hotspur,82’,2:0,Harry Kane,Son Heung-min,goal
ENG-Premier League,1920,2020-06-23 Tottenham Hotspur-West Ham United,Tottenham Hotspur,86’,2:0,Harry Winks,Son Heung-min,substitute_in
ENG-Premier League,1920,2019-12-07 Watford-Crystal Palace,Watford,34’,0:0,Abdoulaye Doucouré,,yellow_card
ENG-Premier League,1920,2019-12-07 Watford-Crystal Palace,Crystal Palace,38’,0:0,Wilfried Zaha,,yellow_card
ENG-Premier League,1920,2019-12-07 Watford-Crystal Palace,Watford,40’,0:0,Craig Cathcart,,yellow_card
ENG-Premier League,1920,2019-12-07 Watford-Crystal Palace,Crystal Palace,46’,0:0,Jaïro Riedewald,Jeffrey Schlupp,substitute_in
ENG-Premier League,1920,2019-12-07 Watford-Crystal Palace,Crystal Palace,72’,0:0,James Tomkins,,yellow_card
ENG-Premier League,1920,2019-12-07 Watford-Crystal Palace,Crystal Palace,73’,0:0,Christian Benteke,Andros Townsend,substitute_in
ENG-Premier League,1920,2019-12-07 Watford-Crystal Palace,Watford,77’,0:0,Andre Gray,Roberto Pereyra,substitute_in
ENG-Premier League,1920,2019-12-07 Watford-Crystal Palace,Watford,78’,0:0,Nathaniel Chalobah,Abdoulaye Doucouré,substitute_in
ENG-Premier League,1920,2019-12-07 Watford-Crystal Palace,Crystal Palace,83’,0:0,James McCarthy,Cheikhou Kouyaté,substitute_in
ENG-Premier League,1920,2019-12-07 Watford-Crystal Palace,Watford,87’,0:0,Kiko Femenía,,yellow_card
ENG-Premier League,1920,2019-12-07 Watford-Crystal Palace,Watford,90+3’,0:0,Étienne Capoue,,yellow_card
ENG-Premier League,1920,2020-07-26 Manchester City-Norwich City,Manchester City,11’,1:0,Gabriel Jesus,,goal
ENG-Premier League,1920,2020-07-26 Manchester City-Norwich City,Manchester City,45+1’,2:0,Kevin De Bruyne,Kyle Walker,goal
ENG-Premier League,1920,2020-07-26 Manchester City-Norwich City,Manchester City,46’,2:0,Riyad Mahrez,Phil Foden,substitute_in
ENG-Premier League,1920,2020-07-26 Manchester City-Norwich City,Manchester City,46’,2:0,Fernandinho,Eric García,substitute_in
ENG-Premier League,1920,2020-07-26 Manchester City-Norwich City,Manchester City,46’,2:0,İlkay Gündoğan,Rodri,substitute_in
ENG-Premier League,1920,2020-07-26 Manchester City-Norwich City,Manchester City,51’,2:0,João Cancelo,,yellow_card
ENG-Premier League,1920,2020-07-26 Manchester City-Norwich City,Norwich City,77’,2:0,Mario Vrančić,Marco Stiepermann,substitute_in
ENG-Premier League,1920,2020-07-26 Manchester City-Norwich City,Norwich City,77’,2:0,Adam Idah,Teemu Pukki,substitute_in
ENG-Premier League,1920,2020-07-26 Manchester City-Norwich City,Manchester City,79’,3:0,Raheem Sterling,Kevin De Bruyne,goal
ENG-Premier League,1920,2020-07-26 Manchester City-Norwich City,Manchester City,83’,4:0,Riyad Mahrez,,goal
ENG-Premier League,1920,2020-07-26 Manchester City-Norwich City,Manchester City,85’,4:0,Bernardo Silva,David Silva,substitute_in
ENG-Premier League,1920,2020-07-26 Manchester City-Norwich City,Norwich City,87’,4:0,Josh Martin,Onel Hernández,substitute_in
ENG-Premier League,1920,2020-07-26 Manchester City-Norwich City,Norwich City,90+2’,5:0,Christoph Zimmermann,,yellow_card
ENG-Premier League,1920,2020-07-26 Manchester City-Norwich City,Norwich City,90+2’,5:0,Jordan Thomas,Todd Cantwell,substitute_in
ENG-Premier League,1920,2020-07-26 Manchester City-Norwich City,Norwich City,90+2’,5:0,Akin Famewo,Kenny McLean,substitute_in
ENG-Premier League,1920,2020-07-26 Manchester City-Norwich City,Manchester City,90’,5:0,Kevin De Bruyne,,goal
ENG-Premier League,1920,2019-08-09 Liverpool-Norwich City,Liverpool,19’,2:0,Mohamed Salah,Roberto Firmino,goal
ENG-Premier League,1920,2019-08-09 Liverpool-Norwich City,Liverpool,28’,3:0,Virgil van Dijk,Mohamed Salah,goal
ENG-Premier League,1920,2019-08-09 Liverpool-Norwich City,Liverpool,39’,3:0,Adrián,Alisson,substitute_in
ENG-Premier League,1920,2019-08-09 Liverpool-Norwich City,Liverpool,42’,4:0,Divock Origi,Trent Alexander-Arnold,goal
ENG-Premier League,1920,2019-08-09 Liverpool-Norwich City,Norwich City,58’,4:0,Moritz Leitner,Marco Stiepermann,substitute_in
ENG-Premier League,1920,2019-08-09 Liverpool-Norwich City,Norwich City,60’,4:0,Moritz Leitner,,yellow_card
ENG-Premier League,1920,2019-08-09 Liverpool-Norwich City,Norwich City,64’,4:1,Teemu Pukki,Emi Buendía,goal
ENG-Premier League,1920,2019-08-09 Liverpool-Norwich City,Norwich City,65’,4:1,Emi Buendía,,yellow_card
ENG-Premier League,1920,2019-08-09 Liverpool-Norwich City,Norwich City,70’,4:1,Onel Hernández,Tom Trybull,substitute_in
ENG-Premier League,1920,2019-08-09 Liverpool-Norwich City,Liverpool,74’,4:1,Sadio Mané,Divock Origi,substitute_in
ENG-Premier League,1920,2019-08-09 Liverpool-Norwich City,Liverpool,7’,1:0,Grant Hanley,,own_goal
ENG-Premier League,1920,2019-08-09 Liverpool-Norwich City,Norwich City,83’,4:1,Josip Drmić,Teemu Pukki,substitute_in
ENG-Premier League,1920,2019-08-09 Liverpool-Norwich City,Liverpool,86’,4:1,James Milner,Roberto Firmino,substitute_in
ENG-Premier League,1920,2020-07-01 Bournemouth-Newcastle United,Bournemouth,23’,0:1,Lloyd Kelly,,yellow_card
ENG-Premier League,1920,2020-07-01 Bournemouth-Newcastle United,Newcastle United,30’,0:2,Sean Longstaff,Allan Saint-Maximin,goal
ENG-Premier League,1920,2020-07-01 Bournemouth-Newcastle United,Newcastle United,33’,0:2,Miguel Almirón,Sean Longstaff,substitute_in
ENG-Premier League,1920,2020-07-01 Bournemouth-Newcastle United,Bournemouth,45+2’,0:2,Nathan Aké,,yellow_card
ENG-Premier League,1920,2020-07-01 Bournemouth-Newcastle United,Bournemouth,46’,0:2,Lewis Cook,Philip Billing,substitute_in
ENG-Premier League,1920,2020-07-01 Bournemouth-Newcastle United,Newcastle United,57’,0:3,Miguel Almirón,Allan Saint-Maximin,goal
ENG-Premier League,1920,2020-07-01 Bournemouth-Newcastle United,Newcastle United,5’,0:1,Dwight Gayle,Allan Saint-Maximin,goal
ENG-Premier League,1920,2020-07-01 Bournemouth-Newcastle United,Bournemouth,62’,0:3,Junior Stanislas,Arnaut Danjuma,substitute_in
ENG-Premier League,1920,2020-07-01 Bournemouth-Newcastle United,Bournemouth,62’,0:3,Harry Wilson,David Brooks,substitute_in
ENG-Premier League,1920,2020-07-01 Bournemouth-Newcastle United,Newcastle United,62’,0:3,Valentino Lazaro,Allan Saint-Maximin,substitute_in
ENG-Premier League,1920,2020-07-01 Bournemouth-Newcastle United,Newcastle United,62’,0:3,Andy Carroll,Dwight Gayle,substitute_in
ENG-Premier League,1920,2020-07-01 Bournemouth-Newcastle United,Newcastle United,72’,0:3,Isaac Hayden,Joelinton,substitute_in
ENG-Premier League,1920,2020-07-01 Bournemouth-Newcastle United,Newcastle United,73’,0:3,DeAndre Yedlin,Javier Manquillo,substitute_in
ENG-Premier League,1920,2020-07-01 Bournemouth-Newcastle United,Bournemouth,75’,0:3,Dan Gosling,Jefferson Lerma,substitute_in
ENG-Premier League,1920,2020-07-01 Bournemouth-Newcastle United,Newcastle United,77’,0:4,Valentino Lazaro,Jonjo Shelvey,goal
ENG-Premier League,1920,2020-07-01 Bournemouth-Newcastle United,Bournemouth,80’,0:4,Chris Mepham,Steve Cook,substitute_in
ENG-Premier League,1920,2020-07-01 Bournemouth-Newcastle United,Bournemouth,90+4’,1:4,Dan Gosling,Nathan Aké,goal
ENG-Premier League,1920,2020-03-07 Southampton-Newcastle United,Southampton,28’,0:0,Moussa Djenepo,,red_card
ENG-Premier League,1920,2020-03-07 Southampton-Newcastle United,Newcastle United,45+3’,0:0,Javier Manquillo,,yellow_card
ENG-Premier League,1920,2020-03-07 Southampton-Newcastle United,Newcastle United,45’,0:0,Matt Ritchie,Alex McCarthy,penalty_miss
ENG-Premier League,1920,2020-03-07 Southampton-Newcastle United,Newcastle United,56’,0:0,Matt Ritchie,,yellow_card
ENG-Premier League,1920,2020-03-07 Southampton-Newcastle United,Newcastle United,61’,0:0,Joelinton,Matt Ritchie,substitute_in
ENG-Premier League,1920,2020-03-07 Southampton-Newcastle United,Newcastle United,72’,0:0,Valentino Lazaro,Javier Manquillo,substitute_in
ENG-Premier League,1920,2020-03-07 Southampton-Newcastle United,Southampton,77’,0:0,Che Adams,Shane Long,substitute_in
ENG-Premier League,1920,2020-03-07 Southampton-Newcastle United,Newcastle United,79’,0:1,Allan Saint-Maximin,,goal
ENG-Premier League,1920,2020-03-07 Southampton-Newcastle United,Newcastle United,79’,0:1,Sean Longstaff,Isaac Hayden,substitute_in
ENG-Premier League,1920,2020-03-07 Southampton-Newcastle United,Southampton,85’,0:1,Michael Obafemi,Sofiane Boufal,substitute_in
ENG-Premier League,1920,2020-03-07 Southampton-Newcastle United,Newcastle United,90+3’,0:1,Joelinton,,yellow_card
ENG-Premier League,1920,2019-10-06 Arsenal-Bournemouth,Bournemouth,13’,1:0,Philip Billing,,yellow_card
ENG-Premier League,1920,2019-10-06 Arsenal-Bournemouth,Bournemouth,29’,1:0,Jack Stacey,,yellow_card
ENG-Premier League,1920,2019-10-06 Arsenal-Bournemouth,Arsenal,63’,1:0,Gabriel Martinelli,Nicolas Pépé,substitute_in
ENG-Premier League,1920,2019-10-06 Arsenal-Bournemouth,Bournemouth,63’,1:0,Ryan Fraser,Dominic Solanke,substitute_in
ENG-Premier League,1920,2019-10-06 Arsenal-Bournemouth,Arsenal,72’,1:0,Gabriel Martinelli,,yellow_card
ENG-Premier League,1920,2019-10-06 Arsenal-Bournemouth,Arsenal,75’,1:0,Joe Willock,Dani Ceballos,substitute_in
ENG-Premier League,1920,2019-10-06 Arsenal-Bournemouth,Bournemouth,79’,1:0,Arnaut Danjuma,Harry Wilson,substitute_in
ENG-Premier League,1920,2019-10-06 Arsenal-Bournemouth,Bournemouth,79’,1:0,Simon Francis,Jack Stacey,substitute_in
ENG-Premier League,1920,2019-10-06 Arsenal-Bournemouth,Arsenal,83’,1:0,Lucas Torreira,Bukayo Saka,substitute_in
ENG-Premier League,1920,2019-10-06 Arsenal-Bournemouth,Arsenal,9’,1:0,David Luiz,Nicolas Pépé,goal
ENG-Premier League,1920,2020-07-18 Norwich City-Burnley,Norwich City,35’,0:0,Emi Buendía,,red_card
ENG-Premier League,1920,2020-07-18 Norwich City-Burnley,Norwich City,45+3’,0:0,Josip Drmić,,red_card
ENG-Premier League,1920,2020-07-18 Norwich City-Burnley,Burnley,45+5’,0:1,Chris Wood,Jóhann Berg Guðmundsson,goal
ENG-Premier League,1920,2020-07-18 Norwich City-Burnley,Norwich City,46’,0:1,Christoph Zimmermann,Timm Klose,substitute_in
ENG-Premier League,1920,2020-07-18 Norwich City-Burnley,Burnley,60’,0:1,Robbie Brady,Jóhann Berg Guðmundsson,substitute_in
ENG-Premier League,1920,2020-07-18 Norwich City-Burnley,Norwich City,76’,0:1,Lukas Rupp,Todd Cantwell,substitute_in
ENG-Premier League,1920,2020-07-18 Norwich City-Burnley,Burnley,79’,0:1,Matěj Vydra,Chris Wood,substitute_in
ENG-Premier League,1920,2020-07-18 Norwich City-Burnley,Burnley,80’,0:2,Ben Godfrey,,own_goal
ENG-Premier League,1920,2020-07-18 Norwich City-Burnley,Norwich City,86’,0:2,Adam Idah,Onel Hernández,substitute_in
ENG-Premier League,1920,2020-07-18 Norwich City-Burnley,Norwich City,90+3’,0:2,Mario Vrančić,Alexander Tettey,substitute_in
ENG-Premier League,1920,2019-10-20 Manchester Utd-Liverpool,Manchester United,36’,1:0,Marcus Rashford,Daniel James,goal
ENG-Premier League,1920,2019-10-20 Manchester Utd-Liverpool,Liverpool,60’,1:0,Alex Oxlade-Chamberlain,Divock Origi,substitute_in
ENG-Premier League,1920,2019-10-20 Manchester Utd-Liverpool,Liverpool,70’,1:0,Fabinho,,yellow_card
ENG-Premier League,1920,2019-10-20 Manchester Utd-Liverpool,Liverpool,71’,1:0,Adam Lallana,Jordan Henderson,substitute_in
ENG-Premier League,1920,2019-10-20 Manchester Utd-Liverpool,Liverpool,82’,1:0,Naby Keïta,Georginio Wijnaldum,substitute_in
ENG-Premier League,1920,2019-10-20 Manchester Utd-Liverpool,Manchester United,84’,1:0,Anthony Martial,Marcus Rashford,substitute_in
ENG-Premier League,1920,2019-10-20 Manchester Utd-Liverpool,Liverpool,85’,1:1,Adam Lallana,Andrew Robertson,goal
ENG-Premier League,1920,2019-10-20 Manchester Utd-Liverpool,Manchester United,90+4’,1:1,Brandon Williams,Andreas Pereira,substitute_in
ENG-Premier League,1920,2019-12-26 Sheffield United-Watford,Watford,27’,0:1,Gerard Deulofeu,Nathaniel Chalobah,goal
ENG-Premier League,1920,2019-12-26 Sheffield United-Watford,Sheffield United,36’,1:1,Oliver Norwood,,penalty_goal
ENG-Premier League,1920,2019-12-26 Sheffield United-Watford,Watford,46’,1:1,Roberto Pereyra,Ismaila Sarr,substitute_in
ENG-Premier League,1920,2019-12-26 Sheffield United-Watford,Watford,46’,1:1,Craig Cathcart,,yellow_card
ENG-Premier League,1920,2019-12-26 Sheffield United-Watford,Sheffield United,63’,1:1,Lys Mousset,Oliver McBurnie,substitute_in
ENG-Premier League,1920,2019-12-26 Sheffield United-Watford,Watford,74’,1:1,Gerard Deulofeu,,yellow_card
ENG-Premier League,1920,2019-12-26 Sheffield United-Watford,Watford,80’,1:1,Andre Gray,Troy Deeney,substitute_in
ENG-Premier League,1920,2019-12-26 Sheffield United-Watford,Watford,88’,1:1,Nathaniel Chalobah,,yellow_card
ENG-Premier League,1920,2019-12-26 Sheffield United-Watford,Watford,89’,1:1,Craig Dawson,Nathaniel Chalobah,substitute_in
ENG-Premier League,1920,2020-06-25 Burnley-Watford,Watford,46’,0:0,Craig Cathcart,Christian Kabasele,substitute_in
ENG-Premier League,1920,2020-06-25 Burnley-Watford,Watford,46’,0:0,Abdoulaye Doucouré,Tom Cleverley,substitute_in
ENG-Premier League,1920,2020-06-25 Burnley-Watford,Burnley,71’,0:0,Dwight McNeil,,yellow_card
ENG-Premier League,1920,2020-06-25 Burnley-Watford,Burnley,73’,1:0,Jay Rodriguez,Dwight McNeil,goal
ENG-Premier League,1920,2020-06-25 Burnley-Watford,Burnley,81’,1:0,Erik Pieters,Jay Rodriguez,substitute_in
ENG-Premier League,1920,2020-06-25 Burnley-Watford,Watford,83’,1:0,Nathaniel Chalobah,Will Hughes,substitute_in
ENG-Premier League,1920,2020-06-25 Burnley-Watford,Watford,85’,1:0,Andre Gray,Troy Deeney,substitute_in
ENG-Premier League,1920,2019-09-21 Newcastle United-Brighton,Newcastle United,44’,0:0,Javier Manquillo,,yellow_card
ENG-Premier League,1920,2019-09-21 Newcastle United-Brighton,Brighton & Hove Albion,70’,0:0,Aaron Connolly,Aaron Mooy,substitute_in
ENG-Premier League,1920,2019-09-21 Newcastle United-Brighton,Newcastle United,73’,0:0,Allan Saint-Maximin,Miguel Almirón,substitute_in
ENG-Premier League,1920,2019-09-21 Newcastle United-Brighton,Newcastle United,73’,0:0,Ki Sung-yueng,Jonjo Shelvey,substitute_in
ENG-Premier League,1920,2019-09-21 Newcastle United-Brighton,Newcastle United,79’,0:0,Christian Atsu,,yellow_card
ENG-Premier League,1920,2019-09-21 Newcastle United-Brighton,Brighton & Hove Albion,81’,0:0,Gaëtan Bong,Pascal Groß,substitute_in
ENG-Premier League,1920,2019-09-21 Newcastle United-Brighton,Newcastle United,82’,0:0,Andy Carroll,Jetro Willems,substitute_in
ENG-Premier League,1920,2019-09-21 Newcastle United-Brighton,Brighton & Hove Albion,82’,0:0,Yves Bissouma,Neal Maupay,substitute_in
ENG-Premier League,1920,2019-09-21 Newcastle United-Brighton,Brighton & Hove Albion,88’,0:0,Lewis Dunk,,yellow_card
ENG-Premier League,1920,2020-06-19 Tottenham Hotspur-Manchester Utd,Tottenham Hotspur,27’,1:0,Steven Bergwijn,Serge Aurier,goal
ENG-Premier League,1920,2020-06-19 Tottenham Hotspur-Manchester Utd,Manchester United,41’,1:0,Daniel James,,yellow_card
ENG-Premier League,1920,2020-06-19 Tottenham Hotspur-Manchester Utd,Manchester United,62’,1:0,Mason Greenwood,Daniel James,substitute_in
ENG-Premier League,1920,2020-06-19 Tottenham Hotspur-Manchester Utd,Manchester United,63’,1:0,Paul Pogba,Fred,substitute_in
ENG-Premier League,1920,2020-06-19 Tottenham Hotspur-Manchester Utd,Tottenham Hotspur,70’,1:0,Gedson Fernandes,Érik Lamela,substitute_in
ENG-Premier League,1920,2020-06-19 Tottenham Hotspur-Manchester Utd,Tottenham Hotspur,70’,1:0,Giovani Lo Celso,Steven Bergwijn,substitute_in
ENG-Premier League,1920,2020-06-19 Tottenham Hotspur-Manchester Utd,Manchester United,78’,1:0,Odion Ighalo,Anthony Martial,substitute_in
ENG-Premier League,1920,2020-06-19 Tottenham Hotspur-Manchester Utd,Manchester United,78’,1:0,Nemanja Matić,Victor Lindelöf,substitute_in
ENG-Premier League,1920,2020-06-19 Tottenham Hotspur-Manchester Utd,Manchester United,81’,1:1,Bruno Fernandes,,penalty_goal
ENG-Premier League,1920,2020-06-19 Tottenham Hotspur-Manchester Utd,Manchester United,89’,1:1,Eric Bailly,Scott McTominay,substitute_in
ENG-Premier League,1920,2019-12-29 Liverpool-Wolves,Liverpool,42’,1:0,Sadio Mané,Adam Lallana,goal
ENG-Premier League,1920,2019-12-29 Liverpool-Wolves,Liverpool,45+1’,1:0,Adam Lallana,,yellow_card
ENG-Premier League,1920,2019-12-29 Liverpool-Wolves,Wolverhampton Wanderers,58’,1:0,Adama Traoré,Leander Dendoncker,substitute_in
ENG-Premier League,1920,2019-12-29 Liverpool-Wolves,Wolverhampton Wanderers,58’,1:0,Romain Saïss,Rúben Neves,substitute_in
ENG-Premier League,1920,2019-12-29 Liverpool-Wolves,Liverpool,67’,1:0,Naby Keïta,Adam Lallana,substitute_in
ENG-Premier League,1920,2019-12-29 Liverpool-Wolves,Wolverhampton Wanderers,72’,1:0,Raúl Jiménez,Diogo Jota,substitute_in
ENG-Premier League,1920,2019-12-29 Liverpool-Wolves,Liverpool,86’,1:0,James Milner,Georginio Wijnaldum,substitute_in
ENG-Premier League,1920,2019-12-29 Liverpool-Wolves,Liverpool,86’,1:0,Divock Origi,Roberto Firmino,substitute_in
ENG-Premier League,1920,2019-11-09 Chelsea-Crystal Palace,Chelsea,17’,0:0,Willian,,yellow_card
ENG-Premier League,1920,2019-11-09 Chelsea-Crystal Palace,Crystal Palace,21’,0:0,Wilfried Zaha,,yellow_card
ENG-Premier League,1920,2019-11-09 Chelsea-Crystal Palace,Chelsea,31’,0:0,Emerson Palmieri,,yellow_card
ENG-Premier League,1920,2019-11-09 Chelsea-Crystal Palace,Chelsea,33’,0:0,Mateo Kovačić,,yellow_card
ENG-Premier League,1920,2019-11-09 Chelsea-Crystal Palace,Crystal Palace,44’,0:0,Martin Kelly,Joel Ward,substitute_in
ENG-Premier League,1920,2019-11-09 Chelsea-Crystal Palace,Chelsea,52’,1:0,Tammy Abraham,Willian,goal
ENG-Premier League,1920,2019-11-09 Chelsea-Crystal Palace,Crystal Palace,70’,1:0,Jeffrey Schlupp,James McArthur,substitute_in
ENG-Premier League,1920,2019-11-09 Chelsea-Crystal Palace,Chelsea,73’,1:0,Michy Batshuayi,Tammy Abraham,substitute_in
ENG-Premier League,1920,2019-11-09 Chelsea-Crystal Palace,Chelsea,79’,2:0,Christian Pulisic,,goal
ENG-Premier League,1920,2019-11-09 Chelsea-Crystal Palace,Chelsea,80’,2:0,Callum Hudson-Odoi,Christian Pulisic,substitute_in
ENG-Premier League,1920,2019-11-09 Chelsea-Crystal Palace,Crystal Palace,82’,2:0,James McCarthy,Cheikhou Kouyaté,substitute_in
ENG-Premier League,1920,2019-11-09 Chelsea-Crystal Palace,Chelsea,87’,2:0,Billy Gilmour,Mason Mount,substitute_in
ENG-Premier League,1920,2019-11-09 Chelsea-Crystal Palace,Crystal Palace,90+3’,2:0,James McCarthy,,yellow_card
ENG-Premier League,1920,2020-07-21 Watford-Manchester City,Manchester City,31’,0:1,Raheem Sterling,Kyle Walker,goal
ENG-Premier League,1920,2020-07-21 Watford-Manchester City,Manchester City,40’,0:2,Raheem Sterling,,goal
ENG-Premier League,1920,2020-07-21 Watford-Manchester City,Manchester City,40’,0:2,Raheem Sterling,Ben Foster,penalty_miss
ENG-Premier League,1920,2020-07-21 Watford-Manchester City,Manchester City,63’,0:3,Phil Foden,,goal
ENG-Premier League,1920,2020-07-21 Watford-Manchester City,Manchester City,64’,0:3,Oleksandr Zinchenko,Kyle Walker,substitute_in
ENG-Premier League,1920,2020-07-21 Watford-Manchester City,Manchester City,64’,0:3,Riyad Mahrez,Raheem Sterling,substitute_in
ENG-Premier League,1920,2020-07-21 Watford-Manchester City,Manchester City,66’,0:4,Aymeric Laporte,Kevin De Bruyne,goal
ENG-Premier League,1920,2020-07-21 Watford-Manchester City,Watford,67’,0:4,Danny Welbeck,Troy Deeney,substitute_in
ENG-Premier League,1920,2020-07-21 Watford-Manchester City,Manchester City,74’,0:4,John Stones,Aymeric Laporte,substitute_in
ENG-Premier League,1920,2020-07-21 Watford-Manchester City,Watford,80’,0:4,Adrian Mariappa,,yellow_card
ENG-Premier League,1920,2020-07-21 Watford-Manchester City,Watford,82’,0:4,Nathaniel Chalobah,Abdoulaye Doucouré,substitute_in
ENG-Premier League,1920,2020-07-21 Watford-Manchester City,Watford,87’,0:4,Adam Masina,Roberto Pereyra,substitute_in
ENG-Premier League,1920,2020-07-21 Watford-Manchester City,Watford,90+1’,0:4,Will Hughes,,yellow_card
ENG-Premier League,1920,2020-01-01 West Ham United-Bournemouth,West Ham United,17’,1:0,Mark Noble,Robert Snodgrass,goal
ENG-Premier League,1920,2020-01-01 West Ham United-Bournemouth,Bournemouth,23’,1:0,Diego Rico,,yellow_card
ENG-Premier League,1920,2020-01-01 West Ham United-Bournemouth,West Ham United,25’,2:0,Sébastien Haller,Ryan Fredericks,goal
ENG-Premier League,1920,2020-01-01 West Ham United-Bournemouth,West Ham United,35’,3:0,Mark Noble,,penalty_goal
ENG-Premier League,1920,2020-01-01 West Ham United-Bournemouth,Bournemouth,46’,3:0,Junior Stanislas,Diego Rico,substitute_in
ENG-Premier League,1920,2020-01-01 West Ham United-Bournemouth,Bournemouth,46’,3:0,Ryan Fraser,Harry Wilson,substitute_in
ENG-Premier League,1920,2020-01-01 West Ham United-Bournemouth,West Ham United,66’,4:0,Felipe Anderson,Declan Rice,goal
ENG-Premier League,1920,2020-01-01 West Ham United-Bournemouth,West Ham United,68’,4:0,Manuel Lanzini,Felipe Anderson,substitute_in
ENG-Premier League,1920,2020-01-01 West Ham United-Bournemouth,Bournemouth,68’,4:0,Jack Simpson,Dan Gosling,substitute_in
ENG-Premier League,1920,2020-01-01 West Ham United-Bournemouth,West Ham United,76’,4:0,Aaron Cresswell,,yellow_card
ENG-Premier League,1920,2020-01-01 West Ham United-Bournemouth,West Ham United,83’,4:0,Arthur Masuaku,Robert Snodgrass,substitute_in
ENG-Premier League,1920,2020-01-01 West Ham United-Bournemouth,Bournemouth,88’,4:0,Lewis Cook,,yellow_card
ENG-Premier League,1920,2020-01-01 Brighton-Chelsea,Chelsea,10’,0:1,César Azpilicueta,,goal
ENG-Premier League,1920,2020-01-01 Brighton-Chelsea,Brighton & Hove Albion,22’,0:1,Bernardo,Dan Burn,substitute_in
ENG-Premier League,1920,2020-01-01 Brighton-Chelsea,Brighton & Hove Albion,46’,0:1,Aaron Connolly,Yves Bissouma,substitute_in
ENG-Premier League,1920,2020-01-01 Brighton-Chelsea,Chelsea,66’,0:1,Callum Hudson-Odoi,Christian Pulisic,substitute_in
ENG-Premier League,1920,2020-01-01 Brighton-Chelsea,Brighton & Hove Albion,68’,0:1,Alireza Jahanbakhsh,Aaron Mooy,substitute_in
ENG-Premier League,1920,2020-01-01 Brighton-Chelsea,Chelsea,69’,0:1,Kurt Zouma,,yellow_card
ENG-Premier League,1920,2020-01-01 Brighton-Chelsea,Brighton & Hove Albion,71’,0:1,Lewis Dunk,,yellow_card
ENG-Premier League,1920,2020-01-01 Brighton-Chelsea,Chelsea,73’,0:1,Mateo Kovačić,Mason Mount,substitute_in
ENG-Premier League,1920,2020-01-01 Brighton-Chelsea,Chelsea,82’,0:1,Mateo Kovačić,,yellow_card
ENG-Premier League,1920,2020-01-01 Brighton-Chelsea,Brighton & Hove Albion,84’,1:1,Alireza Jahanbakhsh,Lewis Dunk,goal
ENG-Premier League,1920,2020-01-01 Brighton-Chelsea,Chelsea,90+4’,1:1,Reece James,,yellow_card
ENG-Premier League,1920,2020-01-01 Brighton-Chelsea,Brighton & Hove Albion,90’,1:1,Neal Maupay,,yellow_card
ENG-Premier League,1920,2020-02-15 Norwich City-Liverpool,Norwich City,27’,0:0,Jamal Lewis,Sam Byram,substitute_in
ENG-Premier League,1920,2020-02-15 Norwich City-Liverpool,Norwich City,41’,0:0,Grant Hanley,,yellow_card
ENG-Premier League,1920,2020-02-15 Norwich City-Liverpool,Liverpool,60’,0:0,Fabinho,Georginio Wijnaldum,substitute_in
ENG-Premier League,1920,2020-02-15 Norwich City-Liverpool,Liverpool,60’,0:0,Sadio Mané,Alex Oxlade-Chamberlain,substitute_in
ENG-Premier League,1920,2020-02-15 Norwich City-Liverpool,Liverpool,78’,0:1,Sadio Mané,Jordan Henderson,goal
ENG-Premier League,1920,2020-02-15 Norwich City-Liverpool,Norwich City,83’,0:1,Emi Buendía,Lukas Rupp,substitute_in
ENG-Premier League,1920,2020-02-15 Norwich City-Liverpool,Liverpool,83’,0:1,Naby Keïta,,yellow_card
ENG-Premier League,1920,2020-02-15 Norwich City-Liverpool,Norwich City,84’,0:1,Josip Drmić,Alexander Tettey,substitute_in
ENG-Premier League,1920,2020-02-15 Norwich City-Liverpool,Liverpool,84’,0:1,James Milner,Naby Keïta,substitute_in
ENG-Premier League,1920,2020-02-15 Norwich City-Liverpool,Liverpool,90’,0:1,Sadio Mané,,yellow_card
ENG-Premier League,1920,2020-07-26 Chelsea-Wolves,Wolverhampton Wanderers,22’,0:0,Diogo Jota,,yellow_card
ENG-Premier League,1920,2020-07-26 Chelsea-Wolves,Chelsea,45+1’,1:0,Mason Mount,,goal
ENG-Premier League,1920,2020-07-26 Chelsea-Wolves,Chelsea,45+3’,1:0,Olivier Giroud,,yellow_card
ENG-Premier League,1920,2020-07-26 Chelsea-Wolves,Chelsea,45+4’,2:0,Olivier Giroud,Mason Mount,goal
ENG-Premier League,1920,2020-07-26 Chelsea-Wolves,Wolverhampton Wanderers,45’,0:0,Pedro Neto,,yellow_card
ENG-Premier League,1920,2020-07-26 Chelsea-Wolves,Wolverhampton Wanderers,46’,2:0,Adama Traoré,Pedro Neto,substitute_in
ENG-Premier League,1920,2020-07-26 Chelsea-Wolves,Wolverhampton Wanderers,58’,2:0,Rúben Vinagre,Jonny Castro,substitute_in
ENG-Premier League,1920,2020-07-26 Chelsea-Wolves,Wolverhampton Wanderers,59’,2:0,Daniel Podence,Matt Doherty,substitute_in
ENG-Premier League,1920,2020-07-26 Chelsea-Wolves,Wolverhampton Wanderers,59’,2:0,João Moutinho,Rúben Neves,substitute_in
ENG-Premier League,1920,2020-07-26 Chelsea-Wolves,Chelsea,78’,2:0,Callum Hudson-Odoi,Christian Pulisic,substitute_in
ENG-Premier League,1920,2020-07-26 Chelsea-Wolves,Chelsea,78’,2:0,Tammy Abraham,Olivier Giroud,substitute_in
ENG-Premier League,1920,2020-07-26 Chelsea-Wolves,Wolverhampton Wanderers,83’,2:0,Leander Dendoncker,,yellow_card
ENG-Premier League,1920,2020-07-26 Chelsea-Wolves,Wolverhampton Wanderers,84’,2:0,Bruno Jordão,Diogo Jota,substitute_in
ENG-Premier League,1920,2020-07-26 Chelsea-Wolves,Chelsea,85’,2:0,Ruben Loftus-Cheek,Mateo Kovačić,substitute_in
ENG-Premier League,1920,2020-07-26 Chelsea-Wolves,Chelsea,85’,2:0,Pedro,Mason Mount,substitute_in
ENG-Premier League,1920,2020-07-26 Chelsea-Wolves,Chelsea,88’,2:0,Ross Barkley,Jorginho,substitute_in
ENG-Premier League,1920,2020-07-26 Chelsea-Wolves,Chelsea,90+2’,2:0,César Azpilicueta,,yellow_card
ENG-Premier League,1920,2020-01-18 Southampton-Wolves,Southampton,15’,1:0,Jan Bednarek,,goal
ENG-Premier League,1920,2020-01-18 Southampton-Wolves,Southampton,29’,1:0,James Ward-Prowse,,yellow_card
ENG-Premier League,1920,2020-01-18 Southampton-Wolves,Southampton,35’,2:0,Shane Long,Cédric Soares,goal
ENG-Premier League,1920,2020-01-18 Southampton-Wolves,Wolverhampton Wanderers,53’,2:1,Pedro Neto,Adama Traoré,goal
ENG-Premier League,1920,2020-01-18 Southampton-Wolves,Southampton,57’,2:1,Jan Bednarek,,yellow_card
ENG-Premier League,1920,2020-01-18 Southampton-Wolves,Wolverhampton Wanderers,65’,2:2,Raúl Jiménez,,penalty_goal
ENG-Premier League,1920,2020-01-18 Southampton-Wolves,Southampton,71’,2:2,Che Adams,Shane Long,substitute_in
ENG-Premier League,1920,2020-01-18 Southampton-Wolves,Southampton,71’,2:2,Moussa Djenepo,Stuart Armstrong,substitute_in
ENG-Premier League,1920,2020-01-18 Southampton-Wolves,Wolverhampton Wanderers,76’,2:3,Raúl Jiménez,Adama Traoré,goal
ENG-Premier League,1920,2020-01-18 Southampton-Wolves,Southampton,78’,2:3,Sofiane Boufal,Nathan Redmond,substitute_in
ENG-Premier League,1920,2020-01-18 Southampton-Wolves,Wolverhampton Wanderers,86’,2:3,Max Kilman,Pedro Neto,substitute_in
ENG-Premier League,1920,2020-01-18 Southampton-Wolves,Wolverhampton Wanderers,88’,2:3,Rúben Neves,,yellow_card
ENG-Premier League,1920,2020-02-09 Sheffield United-Bournemouth,Bournemouth,13’,0:1,Callum Wilson,,goal
ENG-Premier League,1920,2020-02-09 Sheffield United-Bournemouth,Sheffield United,39’,0:1,Enda Stevens,,yellow_card
ENG-Premier League,1920,2020-02-09 Sheffield United-Bournemouth,Sheffield United,45+2’,1:1,Billy Sharp,,goal
ENG-Premier League,1920,2020-02-09 Sheffield United-Bournemouth,Bournemouth,53’,1:1,Andrew Surman,,yellow_card
ENG-Premier League,1920,2020-02-09 Sheffield United-Bournemouth,Sheffield United,61’,1:1,John Lundstram,Sander Berge,substitute_in
ENG-Premier League,1920,2020-02-09 Sheffield United-Bournemouth,Bournemouth,72’,1:1,Joshua King,Harry Wilson,substitute_in
ENG-Premier League,1920,2020-02-09 Sheffield United-Bournemouth,Sheffield United,74’,1:1,Lys Mousset,Billy Sharp,substitute_in
ENG-Premier League,1920,2020-02-09 Sheffield United-Bournemouth,Sheffield United,84’,2:1,John Lundstram,Lys Mousset,goal
ENG-Premier League,1920,2020-02-09 Sheffield United-Bournemouth,Bournemouth,84’,1:1,Junior Stanislas,Ryan Fraser,substitute_in
ENG-Premier League,1920,2020-02-09 Sheffield United-Bournemouth,Bournemouth,88’,2:1,Dominic Solanke,Andrew Surman,substitute_in
ENG-Premier League,1920,2020-02-09 Sheffield United-Bournemouth,Sheffield United,89’,2:1,Lys Mousset,,yellow_card
ENG-Premier League,1920,2020-02-09 Sheffield United-Bournemouth,Bournemouth,90+4’,2:1,Simon Francis,,yellow_card
ENG-Premier League,1920,2020-02-09 Sheffield United-Bournemouth,Bournemouth,90+4’,2:1,Callum Wilson,,yellow_card
ENG-Premier League,1920,2020-07-20 Brighton-Newcastle United,Brighton & Hove Albion,23’,0:0,Yves Bissouma,,yellow_card
ENG-Premier League,1920,2020-07-20 Brighton-Newcastle United,Brighton & Hove Albion,26’,0:0,Pascal Groß,,yellow_card
ENG-Premier League,1920,2020-07-20 Brighton-Newcastle United,Newcastle United,31’,0:0,Matt Ritchie,,yellow_card
ENG-Premier League,1920,2020-07-20 Brighton-Newcastle United,Brighton & Hove Albion,46’,0:0,Dale Stephens,,yellow_card
ENG-Premier League,1920,2020-07-20 Brighton-Newcastle United,Brighton & Hove Albion,58’,0:0,Alexis Mac Allister,Pascal Groß,substitute_in
ENG-Premier League,1920,2020-07-20 Brighton-Newcastle United,Brighton & Hove Albion,58’,0:0,Solly March,Aaron Mooy,substitute_in
ENG-Premier League,1920,2020-07-20 Brighton-Newcastle United,Newcastle United,63’,0:0,Danny Rose,,yellow_card
ENG-Premier League,1920,2020-07-20 Brighton-Newcastle United,Brighton & Hove Albion,73’,0:0,Davy Pröpper,Yves Bissouma,substitute_in
ENG-Premier League,1920,2020-07-20 Brighton-Newcastle United,Brighton & Hove Albion,73’,0:0,Glenn Murray,Neal Maupay,substitute_in
ENG-Premier League,1920,2020-07-20 Brighton-Newcastle United,Newcastle United,74’,0:0,Andy Carroll,Dwight Gayle,substitute_in
ENG-Premier League,1920,2020-07-20 Brighton-Newcastle United,Newcastle United,74’,0:0,Joelinton,Allan Saint-Maximin,substitute_in
ENG-Premier League,1920,2020-07-20 Brighton-Newcastle United,Brighton & Hove Albion,86’,0:0,Shane Duffy,Tariq Lamptey,substitute_in
ENG-Premier League,1920,2020-07-20 Brighton-Newcastle United,Newcastle United,86’,0:0,Valentino Lazaro,Miguel Almirón,substitute_in
ENG-Premier League,1920,2020-07-20 Brighton-Newcastle United,Brighton & Hove Albion,87’,0:0,Adam Webster,,yellow_card
ENG-Premier League,1920,2019-11-02 Bournemouth-Manchester Utd,Bournemouth,35’,0:0,Jefferson Lerma,,yellow_card
ENG-Premier League,1920,2019-11-02 Bournemouth-Manchester Utd,Manchester United,35’,0:0,Fred,,yellow_card
ENG-Premier League,1920,2019-11-02 Bournemouth-Manchester Utd,Bournemouth,45’,1:0,Joshua King,Adam Smith,goal
ENG-Premier League,1920,2019-11-02 Bournemouth-Manchester Utd,Bournemouth,55’,1:0,Steve Cook,,yellow_card
ENG-Premier League,1920,2019-11-02 Bournemouth-Manchester Utd,Bournemouth,62’,1:0,Ryan Fraser,,yellow_card
ENG-Premier League,1920,2019-11-02 Bournemouth-Manchester Utd,Manchester United,64’,1:0,Victor Lindelöf,,yellow_card
ENG-Premier League,1920,2019-11-02 Bournemouth-Manchester Utd,Manchester United,67’,1:0,Ashley Young,,yellow_card
ENG-Premier League,1920,2019-11-02 Bournemouth-Manchester Utd,Manchester United,68’,1:0,Jesse Lingard,Andreas Pereira,substitute_in
ENG-Premier League,1920,2019-11-02 Bournemouth-Manchester Utd,Manchester United,80’,1:0,Mason Greenwood,Daniel James,substitute_in
ENG-Premier League,1920,2019-11-02 Bournemouth-Manchester Utd,Manchester United,81’,1:0,Brandon Williams,Aaron Wan-Bissaka,substitute_in
ENG-Premier League,1920,2019-11-02 Bournemouth-Manchester Utd,Bournemouth,86’,1:0,Lewis Cook,Harry Wilson,substitute_in
ENG-Premier League,1920,2019-11-02 Bournemouth-Manchester Utd,Bournemouth,90+1’,1:0,Callum Wilson,,yellow_card
ENG-Premier League,1920,2020-02-14 Wolves-Leicester City,Leicester City,36’,0:0,James Maddison,,yellow_card
ENG-Premier League,1920,2020-02-14 Wolves-Leicester City,Wolverhampton Wanderers,45+1’,0:0,Rúben Neves,,yellow_card
ENG-Premier League,1920,2020-02-14 Wolves-Leicester City,Leicester City,51’,0:0,Hamza Choudhury,,yellow_card
ENG-Premier League,1920,2020-02-14 Wolves-Leicester City,Wolverhampton Wanderers,55’,0:0,Leander Dendoncker,,yellow_card
ENG-Premier League,1920,2020-02-14 Wolves-Leicester City,Wolverhampton Wanderers,64’,0:0,Adama Traoré,Pedro Neto,substitute_in
ENG-Premier League,1920,2020-02-14 Wolves-Leicester City,Leicester City,68’,0:0,Marc Albrighton,Ayoze Pérez,substitute_in
ENG-Premier League,1920,2020-02-14 Wolves-Leicester City,Leicester City,75’,0:0,Dennis Praet,Youri Tielemans,substitute_in
ENG-Premier League,1920,2020-02-14 Wolves-Leicester City,Leicester City,76’,0:0,Hamza Choudhury,,yellow_red_card
ENG-Premier League,1920,2020-02-14 Wolves-Leicester City,Wolverhampton Wanderers,78’,0:0,Daniel Podence,Diogo Jota,substitute_in
ENG-Premier League,1920,2020-02-14 Wolves-Leicester City,Wolverhampton Wanderers,81’,0:0,João Moutinho,Rúben Neves,substitute_in
ENG-Premier League,1920,2020-02-14 Wolves-Leicester City,Leicester City,88’,0:0,Ben Chilwell,,yellow_card
ENG-Premier League,1920,2020-02-14 Wolves-Leicester City,Leicester City,90+4’,0:0,Wes Morgan,Harvey Barnes,substitute_in
ENG-Premier League,1920,2019-12-22 Tottenham Hotspur-Chelsea,Chelsea,12’,0:1,Willian,Mateo Kovačić,goal
ENG-Premier League,1920,2019-12-22 Tottenham Hotspur-Chelsea,Chelsea,31’,0:1,Kurt Zouma,,yellow_card
ENG-Premier League,1920,2019-12-22 Tottenham Hotspur-Chelsea,Tottenham Hotspur,43’,0:1,Dele Alli,,yellow_card
ENG-Premier League,1920,2019-12-22 Tottenham Hotspur-Chelsea,Chelsea,43’,0:1,Mateo Kovačić,,yellow_card
ENG-Premier League,1920,2019-12-22 Tottenham Hotspur-Chelsea,Tottenham Hotspur,45+3’,0:1,Paulo Gazzaniga,,yellow_card
ENG-Premier League,1920,2019-12-22 Tottenham Hotspur-Chelsea,Chelsea,45+4’,0:2,Willian,,penalty_goal
ENG-Premier League,1920,2019-12-22 Tottenham Hotspur-Chelsea,Tottenham Hotspur,46’,0:2,Christian Eriksen,Eric Dier,substitute_in
ENG-Premier League,1920,2019-12-22 Tottenham Hotspur-Chelsea,Tottenham Hotspur,58’,0:2,Moussa Sissoko,,yellow_card
ENG-Premier League,1920,2019-12-22 Tottenham Hotspur-Chelsea,Tottenham Hotspur,62’,0:2,Son Heung-min,,red_card
ENG-Premier League,1920,2019-12-22 Tottenham Hotspur-Chelsea,Tottenham Hotspur,67’,0:2,Toby Alderweireld,,yellow_card
ENG-Premier League,1920,2019-12-22 Tottenham Hotspur-Chelsea,Chelsea,68’,0:2,Jorginho,Mateo Kovačić,substitute_in
ENG-Premier League,1920,2019-12-22 Tottenham Hotspur-Chelsea,Tottenham Hotspur,74’,0:2,Danny Rose,Jan Vertonghen,substitute_in
ENG-Premier League,1920,2019-12-22 Tottenham Hotspur-Chelsea,Tottenham Hotspur,74’,0:2,Tanguy Ndombele,Lucas Moura,substitute_in
ENG-Premier League,1920,2019-12-22 Tottenham Hotspur-Chelsea,Chelsea,78’,0:2,Antonio Rüdiger,,yellow_card
ENG-Premier League,1920,2019-12-22 Tottenham Hotspur-Chelsea,Chelsea,80’,0:2,Michy Batshuayi,Tammy Abraham,substitute_in
ENG-Premier League,1920,2019-12-22 Tottenham Hotspur-Chelsea,Chelsea,80’,0:2,Reece James,César Azpilicueta,substitute_in
ENG-Premier League,1920,2019-11-24 Sheffield United-Manchester Utd,Sheffield United,19’,1:0,John Fleck,,goal
ENG-Premier League,1920,2019-11-24 Sheffield United-Manchester Utd,Manchester United,46’,1:0,Jesse Lingard,Phil Jones,substitute_in
ENG-Premier League,1920,2019-11-24 Sheffield United-Manchester Utd,Manchester United,50’,1:0,Brandon Williams,,yellow_card
ENG-Premier League,1920,2019-11-24 Sheffield United-Manchester Utd,Sheffield United,51’,1:0,John Lundstram,,yellow_card
ENG-Premier League,1920,2019-11-24 Sheffield United-Manchester Utd,Sheffield United,52’,2:0,Lys Mousset,John Fleck,goal
ENG-Premier League,1920,2019-11-24 Sheffield United-Manchester Utd,Manchester United,60’,2:0,Aaron Wan-Bissaka,,yellow_card
ENG-Premier League,1920,2019-11-24 Sheffield United-Manchester Utd,Sheffield United,68’,2:0,Oliver McBurnie,Lys Mousset,substitute_in
ENG-Premier League,1920,2019-11-24 Sheffield United-Manchester Utd,Manchester United,72’,2:1,Brandon Williams,,goal
ENG-Premier League,1920,2019-11-24 Sheffield United-Manchester Utd,Manchester United,73’,2:1,Mason Greenwood,Andreas Pereira,substitute_in
ENG-Premier League,1920,2019-11-24 Sheffield United-Manchester Utd,Manchester United,77’,2:2,Mason Greenwood,Marcus Rashford,goal
ENG-Premier League,1920,2019-11-24 Sheffield United-Manchester Utd,Sheffield United,78’,2:2,Billy Sharp,David McGoldrick,substitute_in
ENG-Premier League,1920,2019-11-24 Sheffield United-Manchester Utd,Manchester United,79’,2:3,Marcus Rashford,Daniel James,goal
ENG-Premier League,1920,2019-11-24 Sheffield United-Manchester Utd,Sheffield United,83’,2:3,Callum Robinson,Chris Basham,substitute_in
ENG-Premier League,1920,2019-11-24 Sheffield United-Manchester Utd,Manchester United,85’,2:3,Axel Tuanzebe,Anthony Martial,substitute_in
ENG-Premier League,1920,2019-11-24 Sheffield United-Manchester Utd,Sheffield United,90’,3:3,Oliver McBurnie,Callum Robinson,goal
ENG-Premier League,1920,2020-07-11 Brighton-Manchester City,Manchester City,21’,0:1,Raheem Sterling,Gabriel Jesus,goal
ENG-Premier League,1920,2020-07-11 Brighton-Manchester City,Manchester City,44’,0:2,Gabriel Jesus,Rodri,goal
ENG-Premier League,1920,2020-07-11 Brighton-Manchester City,Manchester City,53’,0:3,Raheem Sterling,Riyad Mahrez,goal
ENG-Premier League,1920,2020-07-11 Brighton-Manchester City,Manchester City,56’,0:4,Bernardo Silva,Gabriel Jesus,goal
ENG-Premier League,1920,2020-07-11 Brighton-Manchester City,Brighton & Hove Albion,59’,0:4,Tariq Lamptey,Martín Montoya,substitute_in
ENG-Premier League,1920,2020-07-11 Brighton-Manchester City,Brighton & Hove Albion,59’,0:4,Neal Maupay,Aaron Connolly,substitute_in
ENG-Premier League,1920,2020-07-11 Brighton-Manchester City,Brighton & Hove Albion,59’,0:4,Dale Stephens,Davy Pröpper,substitute_in
ENG-Premier League,1920,2020-07-11 Brighton-Manchester City,Manchester City,64’,0:4,Oleksandr Zinchenko,Benjamin Mendy,substitute_in
ENG-Premier League,1920,2020-07-11 Brighton-Manchester City,Manchester City,64’,0:4,Phil Foden,Gabriel Jesus,substitute_in
ENG-Premier League,1920,2020-07-11 Brighton-Manchester City,Manchester City,64’,0:4,David Silva,Kevin De Bruyne,substitute_in
ENG-Premier League,1920,2020-07-11 Brighton-Manchester City,Brighton & Hove Albion,70’,0:4,Alireza Jahanbakhsh,Leandro Trossard,substitute_in
ENG-Premier League,1920,2020-07-11 Brighton-Manchester City,Manchester City,72’,0:4,Fernandinho,Rodri,substitute_in
ENG-Premier League,1920,2020-07-11 Brighton-Manchester City,Manchester City,72’,0:4,John Stones,Eric García,substitute_in
ENG-Premier League,1920,2020-07-11 Brighton-Manchester City,Brighton & Hove Albion,78’,0:4,Dan Burn,Pascal Groß,substitute_in
ENG-Premier League,1920,2020-07-11 Brighton-Manchester City,Manchester City,81’,0:5,Raheem Sterling,,goal
ENG-Premier League,1920,2020-07-11 Brighton-Manchester City,Brighton & Hove Albion,83’,0:5,Yves Bissouma,,yellow_card
ENG-Premier League,1920,2020-03-07 Liverpool-Bournemouth,Bournemouth,19’,0:1,Jack Simpson,Steve Cook,substitute_in
ENG-Premier League,1920,2020-03-07 Liverpool-Bournemouth,Liverpool,25’,1:1,Mohamed Salah,Sadio Mané,goal
ENG-Premier League,1920,2020-03-07 Liverpool-Bournemouth,Liverpool,33’,2:1,Sadio Mané,Virgil van Dijk,goal
ENG-Premier League,1920,2020-03-07 Liverpool-Bournemouth,Bournemouth,68’,2:1,Dominic Solanke,Junior Stanislas,substitute_in
ENG-Premier League,1920,2020-03-07 Liverpool-Bournemouth,Bournemouth,80’,2:1,Dan Gosling,Jefferson Lerma,substitute_in
ENG-Premier League,1920,2020-03-07 Liverpool-Bournemouth,Liverpool,84’,2:1,Adam Lallana,Alex Oxlade-Chamberlain,substitute_in
ENG-Premier League,1920,2020-03-07 Liverpool-Bournemouth,Liverpool,90+2’,2:1,Divock Origi,Roberto Firmino,substitute_in
ENG-Premier League,1920,2020-03-07 Liverpool-Bournemouth,Bournemouth,90+2’,2:1,Callum Wilson,,yellow_card
ENG-Premier League,1920,2020-03-07 Liverpool-Bournemouth,Bournemouth,9’,0:1,Callum Wilson,Jefferson Lerma,goal
ENG-Premier League,1920,2020-07-07 Arsenal-Leicester City,Arsenal,21’,1:0,Pierre-Emerick Aubameyang,Bukayo Saka,goal
ENG-Premier League,1920,2020-07-07 Arsenal-Leicester City,Leicester City,59’,1:0,Christian Fuchs,Marc Albrighton,substitute_in
ENG-Premier League,1920,2020-07-07 Arsenal-Leicester City,Leicester City,59’,1:0,Harvey Barnes,Kelechi Iheanacho,substitute_in
ENG-Premier League,1920,2020-07-07 Arsenal-Leicester City,Arsenal,71’,1:0,Eddie Nketiah,Alexandre Lacazette,substitute_in
ENG-Premier League,1920,2020-07-07 Arsenal-Leicester City,Arsenal,71’,1:0,Joe Willock,Bukayo Saka,substitute_in
ENG-Premier League,1920,2020-07-07 Arsenal-Leicester City,Arsenal,75’,1:0,Eddie Nketiah,,red_card
ENG-Premier League,1920,2020-07-07 Arsenal-Leicester City,Leicester City,76’,1:0,Demarai Gray,Ryan Bennett,substitute_in
ENG-Premier League,1920,2020-07-07 Arsenal-Leicester City,Arsenal,80’,1:0,Lucas Torreira,Dani Ceballos,substitute_in
ENG-Premier League,1920,2020-07-07 Arsenal-Leicester City,Leicester City,82’,1:0,Dennis Praet,Wilfred Ndidi,substitute_in
ENG-Premier League,1920,2020-07-07 Arsenal-Leicester City,Leicester City,84’,1:1,Jamie Vardy,Demarai Gray,goal
ENG-Premier League,1920,2020-07-07 Arsenal-Leicester City,Arsenal,88’,1:1,Shkodran Mustafi,,yellow_card
ENG-Premier League,1920,2020-07-07 Arsenal-Leicester City,Arsenal,90+3’,1:1,Ainsley Maitland-Niles,Pierre-Emerick Aubameyang,substitute_in
ENG-Premier League,1920,2019-10-27 Norwich City-Manchester Utd,Manchester United,21’,0:1,Scott McTominay,,goal
ENG-Premier League,1920,2019-10-27 Norwich City-Manchester Utd,Norwich City,27’,0:1,Ben Godfrey,,yellow_card
ENG-Premier League,1920,2019-10-27 Norwich City-Manchester Utd,Manchester United,29’,0:1,Marcus Rashford,Tim Krul,penalty_miss
ENG-Premier League,1920,2019-10-27 Norwich City-Manchester Utd,Manchester United,30’,0:2,Marcus Rashford,Daniel James,goal
ENG-Premier League,1920,2019-10-27 Norwich City-Manchester Utd,Manchester United,44’,0:2,Anthony Martial,Tim Krul,penalty_miss
ENG-Premier League,1920,2019-10-27 Norwich City-Manchester Utd,Manchester United,45+1’,0:2,Aaron Wan-Bissaka,,yellow_card
ENG-Premier League,1920,2019-10-27 Norwich City-Manchester Utd,Norwich City,46’,0:2,Marco Stiepermann,Moritz Leitner,substitute_in
ENG-Premier League,1920,2019-10-27 Norwich City-Manchester Utd,Norwich City,46’,0:2,Onel Hernández,Todd Cantwell,substitute_in
ENG-Premier League,1920,2019-10-27 Norwich City-Manchester Utd,Manchester United,60’,0:2,Ashley Young,,yellow_card
ENG-Premier League,1920,2019-10-27 Norwich City-Manchester Utd,Norwich City,66’,0:2,Sam Byram,Jamal Lewis,substitute_in
ENG-Premier League,1920,2019-10-27 Norwich City-Manchester Utd,Manchester United,73’,0:3,Anthony Martial,Marcus Rashford,goal
ENG-Premier League,1920,2019-10-27 Norwich City-Manchester Utd,Manchester United,75’,0:3,Mason Greenwood,Anthony Martial,substitute_in
ENG-Premier League,1920,2019-10-27 Norwich City-Manchester Utd,Manchester United,80’,0:3,Jesse Lingard,Daniel James,substitute_in
ENG-Premier League,1920,2019-10-27 Norwich City-Manchester Utd,Manchester United,82’,0:3,James Garner,Andreas Pereira,substitute_in
ENG-Premier League,1920,2019-10-27 Norwich City-Manchester Utd,Norwich City,88’,1:3,Onel Hernández,,goal
ENG-Premier League,1920,2019-10-27 Norwich City-Manchester Utd,Norwich City,90+3’,1:3,Max Aarons,,yellow_card
ENG-Premier League,1920,2019-11-02 Arsenal-Wolves,Arsenal,21’,1:0,Pierre-Emerick Aubameyang,Alexandre Lacazette,goal
ENG-Premier League,1920,2019-11-02 Arsenal-Wolves,Arsenal,60’,1:0,Gabriel Martinelli,Alexandre Lacazette,substitute_in
ENG-Premier League,1920,2019-11-02 Arsenal-Wolves,Wolverhampton Wanderers,67’,1:0,Romain Saïss,,yellow_card
ENG-Premier League,1920,2019-11-02 Arsenal-Wolves,Wolverhampton Wanderers,71’,1:0,Rúben Vinagre,Matt Doherty,substitute_in
ENG-Premier League,1920,2019-11-02 Arsenal-Wolves,Arsenal,73’,1:0,Bukayo Saka,Lucas Torreira,substitute_in
ENG-Premier League,1920,2019-11-02 Arsenal-Wolves,Wolverhampton Wanderers,76’,1:1,Raúl Jiménez,João Moutinho,goal
ENG-Premier League,1920,2019-11-02 Arsenal-Wolves,Arsenal,87’,1:1,Sead Kolašinac,Kieran Tierney,substitute_in
ENG-Premier League,1920,2019-11-02 Arsenal-Wolves,Wolverhampton Wanderers,89’,1:1,Diogo Jota,,yellow_card
ENG-Premier League,1920,2019-11-02 Arsenal-Wolves,Wolverhampton Wanderers,90+1’,1:1,Pedro Neto,Diogo Jota,substitute_in
ENG-Premier League,1920,2020-07-26 West Ham United-Aston Villa,West Ham United,23’,0:0,Michail Antonio,,yellow_card
ENG-Premier League,1920,2020-07-26 West Ham United-Aston Villa,Aston Villa,41’,0:0,Mbwana Samatta,,yellow_card
ENG-Premier League,1920,2020-07-26 West Ham United-Aston Villa,West Ham United,45’,0:0,Ryan Fredericks,,yellow_card
ENG-Premier League,1920,2020-07-26 West Ham United-Aston Villa,West Ham United,46’,0:0,Andriy Yarmolenko,Jarrod Bowen,substitute_in
ENG-Premier League,1920,2020-07-26 West Ham United-Aston Villa,West Ham United,46’,0:0,Sébastien Haller,Michail Antonio,substitute_in
ENG-Premier League,1920,2020-07-26 West Ham United-Aston Villa,West Ham United,67’,0:0,Manuel Lanzini,Pablo Fornals,substitute_in
ENG-Premier League,1920,2020-07-26 West Ham United-Aston Villa,Aston Villa,68’,0:0,Keinan Davis,Mbwana Samatta,substitute_in
ENG-Premier League,1920,2020-07-26 West Ham United-Aston Villa,Aston Villa,76’,0:0,Marvelous Nakamba,Conor Hourihane,substitute_in
ENG-Premier League,1920,2020-07-26 West Ham United-Aston Villa,Aston Villa,76’,0:0,Kortney Hause,Frederic Guilbert,substitute_in
ENG-Premier League,1920,2020-07-26 West Ham United-Aston Villa,Aston Villa,84’,0:1,Jack Grealish,John McGinn,goal
ENG-Premier League,1920,2020-07-26 West Ham United-Aston Villa,West Ham United,85’,1:1,Andriy Yarmolenko,Declan Rice,goal
ENG-Premier League,1920,2020-07-26 West Ham United-Aston Villa,West Ham United,87’,1:1,Felipe Anderson,Mark Noble,substitute_in
ENG-Premier League,1920,2020-07-26 West Ham United-Aston Villa,Aston Villa,90’,1:1,Anwar El Ghazi,Trézéguet,substitute_in
ENG-Premier League,1920,2019-12-14 Southampton-West Ham United,Southampton,37’,0:0,Pierre Højbjerg,,yellow_card
ENG-Premier League,1920,2019-12-14 Southampton-West Ham United,West Ham United,37’,0:1,Sébastien Haller,Pablo Fornals,goal
ENG-Premier League,1920,2019-12-14 Southampton-West Ham United,West Ham United,45+2’,0:1,Robert Snodgrass,,yellow_card
ENG-Premier League,1920,2019-12-14 Southampton-West Ham United,Southampton,46’,0:1,Oriol Romeu,Nathan Redmond,substitute_in
ENG-Premier League,1920,2019-12-14 Southampton-West Ham United,West Ham United,56’,0:1,Ryan Fredericks,,yellow_card
ENG-Premier League,1920,2019-12-14 Southampton-West Ham United,West Ham United,73’,0:1,Andriy Yarmolenko,Robert Snodgrass,substitute_in
ENG-Premier League,1920,2019-12-14 Southampton-West Ham United,West Ham United,79’,0:1,Carlos Sánchez,Sébastien Haller,substitute_in
ENG-Premier League,1920,2019-12-14 Southampton-West Ham United,Southampton,84’,0:1,Stuart Armstrong,Shane Long,substitute_in
ENG-Premier League,1920,2019-12-14 Southampton-West Ham United,Southampton,87’,0:1,Che Adams,Cédric Soares,substitute_in
ENG-Premier League,1920,2019-12-14 Southampton-West Ham United,West Ham United,88’,0:1,Issa Diop,Mark Noble,substitute_in
ENG-Premier League,1920,2019-12-14 Southampton-West Ham United,West Ham United,90+4’,0:1,David Martin,,yellow_card
ENG-Premier League,1920,2019-12-09 West Ham United-Arsenal,West Ham United,24’,0:0,Robert Snodgrass,,yellow_card
ENG-Premier League,1920,2019-12-09 West Ham United-Arsenal,Arsenal,29’,0:0,Sead Kolašinac,Kieran Tierney,substitute_in
ENG-Premier League,1920,2019-12-09 West Ham United-Arsenal,West Ham United,38’,1:0,Angelo Ogbonna,Pablo Fornals,goal
ENG-Premier League,1920,2019-12-09 West Ham United-Arsenal,West Ham United,49’,1:0,Aaron Cresswell,,yellow_card
ENG-Premier League,1920,2019-12-09 West Ham United-Arsenal,West Ham United,51’,1:0,Arthur Masuaku,Aaron Cresswell,substitute_in
ENG-Premier League,1920,2019-12-09 West Ham United-Arsenal,Arsenal,60’,1:1,Gabriel Martinelli,Sead Kolašinac,goal
ENG-Premier League,1920,2019-12-09 West Ham United-Arsenal,Arsenal,66’,1:2,Nicolas Pépé,Pierre-Emerick Aubameyang,goal
ENG-Premier League,1920,2019-12-09 West Ham United-Arsenal,Arsenal,69’,1:3,Pierre-Emerick Aubameyang,Nicolas Pépé,goal
ENG-Premier League,1920,2019-12-09 West Ham United-Arsenal,West Ham United,70’,1:3,Sébastien Haller,Felipe Anderson,substitute_in
ENG-Premier League,1920,2019-12-09 West Ham United-Arsenal,West Ham United,78’,1:3,Nathan Holland,Robert Snodgrass,substitute_in
ENG-Premier League,1920,2019-12-09 West Ham United-Arsenal,Arsenal,86’,1:3,Mattéo Guendouzi,Granit Xhaka,substitute_in
ENG-Premier League,1920,2019-12-09 West Ham United-Arsenal,Arsenal,88’,1:3,Reiss Nelson,Nicolas Pépé,substitute_in
ENG-Premier League,1920,2019-08-17 Manchester City-Tottenham Hotspur,Manchester City,20’,1:0,Raheem Sterling,Kevin De Bruyne,goal
ENG-Premier League,1920,2019-08-17 Manchester City-Tottenham Hotspur,Tottenham Hotspur,23’,1:1,Érik Lamela,Tanguy Ndombele,goal
ENG-Premier League,1920,2019-08-17 Manchester City-Tottenham Hotspur,Manchester City,26’,1:1,Raheem Sterling,,yellow_card
ENG-Premier League,1920,2019-08-17 Manchester City-Tottenham Hotspur,Manchester City,35’,2:1,Sergio Agüero,Kevin De Bruyne,goal
ENG-Premier League,1920,2019-08-17 Manchester City-Tottenham Hotspur,Tottenham Hotspur,56’,2:1,Lucas Moura,Harry Winks,substitute_in
ENG-Premier League,1920,2019-08-17 Manchester City-Tottenham Hotspur,Tottenham Hotspur,56’,2:2,Lucas Moura,Érik Lamela,goal
ENG-Premier League,1920,2019-08-17 Manchester City-Tottenham Hotspur,Manchester City,66’,2:2,Gabriel Jesus,Sergio Agüero,substitute_in
ENG-Premier League,1920,2019-08-17 Manchester City-Tottenham Hotspur,Manchester City,78’,2:2,David Silva,Rodri,substitute_in
ENG-Premier League,1920,2019-08-17 Manchester City-Tottenham Hotspur,Manchester City,80’,2:2,Riyad Mahrez,Bernardo Silva,substitute_in
ENG-Premier League,1920,2019-08-17 Manchester City-Tottenham Hotspur,Tottenham Hotspur,85’,2:2,Giovani Lo Celso,Érik Lamela,substitute_in
ENG-Premier League,1920,2019-08-17 Manchester City-Tottenham Hotspur,Tottenham Hotspur,90+1’,2:2,Oliver Skipp,Christian Eriksen,substitute_in
ENG-Premier League,1920,2019-12-22 Watford-Manchester Utd,Watford,36’,0:0,Étienne Capoue,,yellow_card
ENG-Premier League,1920,2019-12-22 Watford-Manchester Utd,Manchester United,38’,0:0,Luke Shaw,,yellow_card
ENG-Premier League,1920,2019-12-22 Watford-Manchester Utd,Watford,50’,1:0,Ismaila Sarr,Christian Kabasele,goal
ENG-Premier League,1920,2019-12-22 Watford-Manchester Utd,Watford,51’,1:0,Abdoulaye Doucouré,,yellow_card
ENG-Premier League,1920,2019-12-22 Watford-Manchester Utd,Watford,54’,2:0,Troy Deeney,,penalty_goal
ENG-Premier League,1920,2019-12-22 Watford-Manchester Utd,Manchester United,58’,2:0,Mason Greenwood,Daniel James,substitute_in
ENG-Premier League,1920,2019-12-22 Watford-Manchester Utd,Manchester United,64’,2:0,Paul Pogba,Jesse Lingard,substitute_in
ENG-Premier League,1920,2019-12-22 Watford-Manchester Utd,Watford,69’,2:0,Nathaniel Chalobah,Abdoulaye Doucouré,substitute_in
ENG-Premier League,1920,2019-12-22 Watford-Manchester Utd,Manchester United,72’,2:0,Juan Mata,Scott McTominay,substitute_in
ENG-Premier League,1920,2019-12-22 Watford-Manchester Utd,Watford,77’,2:0,Roberto Pereyra,Étienne Capoue,substitute_in
ENG-Premier League,1920,2019-12-22 Watford-Manchester Utd,Watford,87’,2:0,Isaac Success,Ismaila Sarr,substitute_in
ENG-Premier League,1920,2019-12-22 Watford-Manchester Utd,Watford,90+2’,2:0,Craig Cathcart,,yellow_card
ENG-Premier League,1920,2020-02-02 Burnley-Arsenal,Arsenal,44’,0:0,Mesut Özil,,yellow_card
ENG-Premier League,1920,2020-02-02 Burnley-Arsenal,Arsenal,46’,0:0,Lucas Torreira,Bukayo Saka,substitute_in
ENG-Premier League,1920,2020-02-02 Burnley-Arsenal,Arsenal,55’,0:0,Granit Xhaka,,yellow_card
ENG-Premier League,1920,2020-02-02 Burnley-Arsenal,Arsenal,57’,0:0,Lucas Torreira,,yellow_card
ENG-Premier League,1920,2020-02-02 Burnley-Arsenal,Arsenal,63’,0:0,Joe Willock,Mesut Özil,substitute_in
ENG-Premier League,1920,2020-02-02 Burnley-Arsenal,Burnley,82’,0:0,James Tarkowski,,yellow_card
ENG-Premier League,1920,2020-02-02 Burnley-Arsenal,Arsenal,89’,0:0,Eddie Nketiah,Alexandre Lacazette,substitute_in
ENG-Premier League,1920,2019-12-28 Norwich City-Tottenham Hotspur,Norwich City,18’,1:0,Mario Vrančić,Emi Buendía,goal
ENG-Premier League,1920,2019-12-28 Norwich City-Tottenham Hotspur,Norwich City,22’,1:0,Mario Vrančić,,yellow_card
ENG-Premier League,1920,2019-12-28 Norwich City-Tottenham Hotspur,Tottenham Hotspur,46’,1:0,Lucas Moura,Jan Vertonghen,substitute_in
ENG-Premier League,1920,2019-12-28 Norwich City-Tottenham Hotspur,Tottenham Hotspur,46’,1:0,Davinson Sánchez,Juan Foyth,substitute_in
ENG-Premier League,1920,2019-12-28 Norwich City-Tottenham Hotspur,Norwich City,54’,1:0,Jamal Lewis,,yellow_card
ENG-Premier League,1920,2019-12-28 Norwich City-Tottenham Hotspur,Norwich City,55’,1:1,Tim Krul,,yellow_card
ENG-Premier League,1920,2019-12-28 Norwich City-Tottenham Hotspur,Tottenham Hotspur,55’,1:1,Christian Eriksen,,goal
ENG-Premier League,1920,2019-12-28 Norwich City-Tottenham Hotspur,Norwich City,61’,2:1,Serge Aurier,,own_goal
ENG-Premier League,1920,2019-12-28 Norwich City-Tottenham Hotspur,Tottenham Hotspur,69’,2:1,Lucas Moura,,yellow_card
ENG-Premier League,1920,2019-12-28 Norwich City-Tottenham Hotspur,Norwich City,70’,2:1,Kenny McLean,Marco Stiepermann,substitute_in
ENG-Premier League,1920,2019-12-28 Norwich City-Tottenham Hotspur,Tottenham Hotspur,74’,2:1,Érik Lamela,Giovani Lo Celso,substitute_in
ENG-Premier League,1920,2019-12-28 Norwich City-Tottenham Hotspur,Norwich City,75’,2:1,Tom Trybull,Mario Vrančić,substitute_in
ENG-Premier League,1920,2019-12-28 Norwich City-Tottenham Hotspur,Tottenham Hotspur,83’,2:2,Harry Kane,,penalty_goal
ENG-Premier League,1920,2019-12-28 Norwich City-Tottenham Hotspur,Norwich City,86’,2:2,Todd Cantwell,Alexander Tettey,substitute_in
ENG-Premier League,1920,2019-12-28 Norwich City-Tottenham Hotspur,Tottenham Hotspur,90+3’,2:2,Toby Alderweireld,,yellow_card
ENG-Premier League,1920,2019-12-28 Norwich City-Tottenham Hotspur,Tottenham Hotspur,90+6’,2:2,Christian Eriksen,,yellow_card
ENG-Premier League,1920,2020-01-01 Newcastle United-Leicester City,Newcastle United,31’,0:0,Federico Fernández,,yellow_card
ENG-Premier League,1920,2020-01-01 Newcastle United-Leicester City,Leicester City,36’,0:1,Ayoze Pérez,,goal
ENG-Premier League,1920,2020-01-01 Newcastle United-Leicester City,Leicester City,39’,0:2,James Maddison,Ayoze Pérez,goal
ENG-Premier League,1920,2020-01-01 Newcastle United-Leicester City,Newcastle United,45+3’,0:2,Emil Krafth,Javier Manquillo,substitute_in
ENG-Premier League,1920,2020-01-01 Newcastle United-Leicester City,Newcastle United,45’,0:2,DeAndre Yedlin,Jetro Willems,substitute_in
ENG-Premier League,1920,2020-01-01 Newcastle United-Leicester City,Newcastle United,46’,0:2,Sean Longstaff,Jonjo Shelvey,substitute_in
ENG-Premier League,1920,2020-01-01 Newcastle United-Leicester City,Leicester City,59’,0:2,Youri Tielemans,,yellow_card
ENG-Premier League,1920,2020-01-01 Newcastle United-Leicester City,Leicester City,63’,0:2,Demarai Gray,Kelechi Iheanacho,substitute_in
ENG-Premier League,1920,2020-01-01 Newcastle United-Leicester City,Leicester City,77’,0:2,Hamza Choudhury,James Maddison,substitute_in
ENG-Premier League,1920,2020-01-01 Newcastle United-Leicester City,Leicester City,84’,0:2,Wes Morgan,Jonny Evans,substitute_in
ENG-Premier League,1920,2020-01-01 Newcastle United-Leicester City,Leicester City,87’,0:3,Hamza Choudhury,Wilfred Ndidi,goal
ENG-Premier League,1920,2020-07-15 Burnley-Wolves,Burnley,30’,0:0,Jóhann Berg Guðmundsson,Charlie Taylor,substitute_in
ENG-Premier League,1920,2020-07-15 Burnley-Wolves,Burnley,51’,0:0,Matěj Vydra,Jay Rodriguez,substitute_in
ENG-Premier League,1920,2020-07-15 Burnley-Wolves,Wolverhampton Wanderers,70’,0:0,Matt Doherty,Daniel Podence,substitute_in
ENG-Premier League,1920,2020-07-15 Burnley-Wolves,Wolverhampton Wanderers,76’,0:1,Raúl Jiménez,,goal
ENG-Premier League,1920,2020-07-15 Burnley-Wolves,Wolverhampton Wanderers,78’,0:1,Pedro Neto,Diogo Jota,substitute_in
ENG-Premier League,1920,2020-07-15 Burnley-Wolves,Wolverhampton Wanderers,84’,0:1,Jonny Castro,Rúben Vinagre,substitute_in
ENG-Premier League,1920,2020-07-15 Burnley-Wolves,Wolverhampton Wanderers,84’,0:1,Leander Dendoncker,Raúl Jiménez,substitute_in
ENG-Premier League,1920,2020-07-15 Burnley-Wolves,Burnley,85’,0:1,Robbie Brady,Josh Brownhill,substitute_in
ENG-Premier League,1920,2020-07-15 Burnley-Wolves,Burnley,90+6’,1:1,Chris Wood,,penalty_goal
ENG-Premier League,1920,2019-11-23 West Ham United-Tottenham Hotspur,West Ham United,11’,0:0,Issa Diop,,yellow_card
ENG-Premier League,1920,2019-11-23 West Ham United-Tottenham Hotspur,Tottenham Hotspur,36’,0:1,Son Heung-min,Dele Alli,goal
ENG-Premier League,1920,2019-11-23 West Ham United-Tottenham Hotspur,West Ham United,39’,0:1,Ryan Fredericks,,yellow_card
ENG-Premier League,1920,2019-11-23 West Ham United-Tottenham Hotspur,Tottenham Hotspur,43’,0:2,Lucas Moura,Son Heung-min,goal
ENG-Premier League,1920,2019-11-23 West Ham United-Tottenham Hotspur,West Ham United,46’,0:2,Michail Antonio,Felipe Anderson,substitute_in
ENG-Premier League,1920,2019-11-23 West Ham United-Tottenham Hotspur,Tottenham Hotspur,49’,0:3,Harry Kane,Serge Aurier,goal
ENG-Premier League,1920,2019-11-23 West Ham United-Tottenham Hotspur,West Ham United,56’,0:3,Pablo Fornals,Andriy Yarmolenko,substitute_in
ENG-Premier League,1920,2019-11-23 West Ham United-Tottenham Hotspur,West Ham United,64’,0:3,Carlos Sánchez,Issa Diop,substitute_in
ENG-Premier League,1920,2019-11-23 West Ham United-Tottenham Hotspur,Tottenham Hotspur,70’,0:3,Ben Davies,,yellow_card
ENG-Premier League,1920,2019-11-23 West Ham United-Tottenham Hotspur,West Ham United,73’,1:3,Michail Antonio,Mark Noble,goal
ENG-Premier League,1920,2019-11-23 West Ham United-Tottenham Hotspur,Tottenham Hotspur,75’,1:3,Danny Rose,Ben Davies,substitute_in
ENG-Premier League,1920,2019-11-23 West Ham United-Tottenham Hotspur,Tottenham Hotspur,79’,1:3,Christian Eriksen,Dele Alli,substitute_in
ENG-Premier League,1920,2019-11-23 West Ham United-Tottenham Hotspur,Tottenham Hotspur,82’,1:3,Moussa Sissoko,Lucas Moura,substitute_in
ENG-Premier League,1920,2019-11-23 West Ham United-Tottenham Hotspur,West Ham United,87’,1:3,Robert Snodgrass,,yellow_card
ENG-Premier League,1920,2019-11-23 West Ham United-Tottenham Hotspur,Tottenham Hotspur,87’,1:3,Harry Kane,,yellow_card
ENG-Premier League,1920,2019-11-23 West Ham United-Tottenham Hotspur,West Ham United,90+6’,2:3,Angelo Ogbonna,Robert Snodgrass,goal
ENG-Premier League,1920,2019-08-10 Crystal Palace-Everton,Crystal Palace,38’,0:0,Max Meyer,,yellow_card
ENG-Premier League,1920,2019-08-10 Crystal Palace-Everton,Everton,45+1’,0:0,Jean-Philippe Gbamin,André Gomes,substitute_in
ENG-Premier League,1920,2019-08-10 Crystal Palace-Everton,Everton,52’,0:0,Bernard,,yellow_card
ENG-Premier League,1920,2019-08-10 Crystal Palace-Everton,Everton,54’,0:0,Morgan Schneiderlin,,yellow_card
ENG-Premier League,1920,2019-08-10 Crystal Palace-Everton,Crystal Palace,55’,0:0,Luka Milivojević,,yellow_card
ENG-Premier League,1920,2019-08-10 Crystal Palace-Everton,Crystal Palace,65’,0:0,Wilfried Zaha,Jordan Ayew,substitute_in
ENG-Premier League,1920,2019-08-10 Crystal Palace-Everton,Everton,69’,0:0,Moise Kean,Dominic Calvert-Lewin,substitute_in
ENG-Premier League,1920,2019-08-10 Crystal Palace-Everton,Everton,76’,0:0,Morgan Schneiderlin,,yellow_red_card
ENG-Premier League,1920,2019-08-10 Crystal Palace-Everton,Everton,79’,0:0,Tom Davies,Gylfi Sigurðsson,substitute_in
ENG-Premier League,1920,2019-08-10 Crystal Palace-Everton,Crystal Palace,83’,0:0,Connor Wickham,Christian Benteke,substitute_in
ENG-Premier League,1920,2020-07-22 Liverpool-Chelsea,Liverpool,23’,1:0,Naby Keïta,,goal
ENG-Premier League,1920,2020-07-22 Liverpool-Chelsea,Liverpool,38’,2:0,Trent Alexander-Arnold,,goal
ENG-Premier League,1920,2020-07-22 Liverpool-Chelsea,Liverpool,43’,3:0,Georginio Wijnaldum,Mohamed Salah,goal
ENG-Premier League,1920,2020-07-22 Liverpool-Chelsea,Chelsea,45+3’,3:1,Olivier Giroud,,goal
ENG-Premier League,1920,2020-07-22 Liverpool-Chelsea,Liverpool,54’,4:1,Roberto Firmino,Trent Alexander-Arnold,goal
ENG-Premier League,1920,2020-07-22 Liverpool-Chelsea,Chelsea,59’,4:1,Callum Hudson-Odoi,Mason Mount,substitute_in
ENG-Premier League,1920,2020-07-22 Liverpool-Chelsea,Chelsea,59’,4:1,Tammy Abraham,Olivier Giroud,substitute_in
ENG-Premier League,1920,2020-07-22 Liverpool-Chelsea,Chelsea,59’,4:1,Christian Pulisic,Willian,substitute_in
ENG-Premier League,1920,2020-07-22 Liverpool-Chelsea,Chelsea,61’,4:2,Tammy Abraham,Christian Pulisic,goal
ENG-Premier League,1920,2020-07-22 Liverpool-Chelsea,Liverpool,66’,4:2,Curtis Jones,Naby Keïta,substitute_in
ENG-Premier League,1920,2020-07-22 Liverpool-Chelsea,Liverpool,66’,4:2,James Milner,Georginio Wijnaldum,substitute_in
ENG-Premier League,1920,2020-07-22 Liverpool-Chelsea,Chelsea,73’,4:3,Christian Pulisic,Callum Hudson-Odoi,goal
ENG-Premier League,1920,2020-07-22 Liverpool-Chelsea,Liverpool,79’,4:3,Alex Oxlade-Chamberlain,Mohamed Salah,substitute_in
ENG-Premier League,1920,2020-07-22 Liverpool-Chelsea,Liverpool,83’,4:3,Joe Gomez,,yellow_card
ENG-Premier League,1920,2020-07-22 Liverpool-Chelsea,Liverpool,84’,5:3,Alex Oxlade-Chamberlain,Andrew Robertson,goal
ENG-Premier League,1920,2020-07-22 Liverpool-Chelsea,Liverpool,87’,5:3,Takumi Minamino,Roberto Firmino,substitute_in
ENG-Premier League,1920,2020-07-22 Liverpool-Chelsea,Liverpool,87’,5:3,Divock Origi,Sadio Mané,substitute_in
ENG-Premier League,1920,2020-07-22 Liverpool-Chelsea,Chelsea,88’,5:3,Emerson Palmieri,Marcos Alonso,substitute_in
ENG-Premier League,1920,2019-12-28 Southampton-Crystal Palace,Crystal Palace,32’,0:0,Luka Milivojević,,yellow_card
ENG-Premier League,1920,2019-12-28 Southampton-Crystal Palace,Crystal Palace,50’,0:1,James Tomkins,Luka Milivojević,goal
ENG-Premier League,1920,2019-12-28 Southampton-Crystal Palace,Southampton,63’,0:1,Moussa Djenepo,Che Adams,substitute_in
ENG-Premier League,1920,2019-12-28 Southampton-Crystal Palace,Southampton,68’,0:1,Stuart Armstrong,Sofiane Boufal,substitute_in
ENG-Premier League,1920,2019-12-28 Southampton-Crystal Palace,Southampton,74’,1:1,Danny Ings,,goal
ENG-Premier League,1920,2019-12-28 Southampton-Crystal Palace,Southampton,79’,1:1,James Ward-Prowse,,yellow_card
ENG-Premier League,1920,2019-12-28 Southampton-Crystal Palace,Crystal Palace,84’,1:1,Cheikhou Kouyaté,Max Meyer,substitute_in
ENG-Premier League,1920,2019-12-28 Southampton-Crystal Palace,Crystal Palace,85’,1:1,James McArthur,,yellow_card
ENG-Premier League,1920,2019-11-30 Chelsea-West Ham United,West Ham United,48’,0:1,Aaron Cresswell,Pablo Fornals,goal
ENG-Premier League,1920,2019-11-30 Chelsea-West Ham United,Chelsea,63’,0:1,Willian,Pedro,substitute_in
ENG-Premier League,1920,2019-11-30 Chelsea-West Ham United,Chelsea,63’,0:1,N'Golo Kanté,Jorginho,substitute_in
ENG-Premier League,1920,2019-11-30 Chelsea-West Ham United,West Ham United,65’,0:1,Pablo Fornals,,yellow_card
ENG-Premier League,1920,2019-11-30 Chelsea-West Ham United,Chelsea,71’,0:1,Callum Hudson-Odoi,Olivier Giroud,substitute_in
ENG-Premier League,1920,2019-11-30 Chelsea-West Ham United,West Ham United,71’,0:1,Andriy Yarmolenko,Felipe Anderson,substitute_in
ENG-Premier League,1920,2019-11-30 Chelsea-West Ham United,West Ham United,76’,0:1,Sébastien Haller,Michail Antonio,substitute_in
ENG-Premier League,1920,2019-11-30 Chelsea-West Ham United,West Ham United,83’,0:1,Arthur Masuaku,Pablo Fornals,substitute_in
ENG-Premier League,1920,2019-11-30 Chelsea-West Ham United,West Ham United,88’,0:1,Andriy Yarmolenko,,yellow_card
ENG-Premier League,1920,2019-11-30 Chelsea-West Ham United,West Ham United,90+5’,0:1,Aaron Cresswell,,yellow_card
ENG-Premier League,1920,2019-12-01 Leicester City-Everton,Everton,23’,0:1,Richarlison,Djibril Sidibé,goal
ENG-Premier League,1920,2019-12-01 Leicester City-Everton,Everton,45+2’,0:1,Gylfi Sigurðsson,,yellow_card
ENG-Premier League,1920,2019-12-01 Leicester City-Everton,Leicester City,62’,0:1,Kelechi Iheanacho,Ayoze Pérez,substitute_in
ENG-Premier League,1920,2019-12-01 Leicester City-Everton,Leicester City,68’,1:1,Jamie Vardy,Kelechi Iheanacho,goal
ENG-Premier League,1920,2019-12-01 Leicester City-Everton,Everton,78’,1:1,Morgan Schneiderlin,Dominic Calvert-Lewin,substitute_in
ENG-Premier League,1920,2019-12-01 Leicester City-Everton,Everton,78’,1:1,Moise Kean,Alex Iwobi,substitute_in
ENG-Premier League,1920,2019-12-01 Leicester City-Everton,Leicester City,82’,1:1,Marc Albrighton,Harvey Barnes,substitute_in
ENG-Premier League,1920,2019-12-01 Leicester City-Everton,Leicester City,90+4’,2:1,Kelechi Iheanacho,Ricardo Pereira,goal
ENG-Premier League,1920,2020-07-04 Norwich City-Brighton,Brighton & Hove Albion,25’,0:1,Leandro Trossard,Aaron Mooy,goal
ENG-Premier League,1920,2020-07-04 Norwich City-Brighton,Norwich City,38’,0:1,Jamal Lewis,,yellow_card
ENG-Premier League,1920,2020-07-04 Norwich City-Brighton,Norwich City,67’,0:1,Teemu Pukki,Josip Drmić,substitute_in
ENG-Premier League,1920,2020-07-04 Norwich City-Brighton,Norwich City,67’,0:1,Todd Cantwell,Onel Hernández,substitute_in
ENG-Premier League,1920,2020-07-04 Norwich City-Brighton,Norwich City,67’,0:1,Adam Idah,Ondrej Duda,substitute_in
ENG-Premier League,1920,2020-07-04 Norwich City-Brighton,Brighton & Hove Albion,72’,0:1,Bernardo,Aaron Connolly,substitute_in
ENG-Premier League,1920,2020-07-04 Norwich City-Brighton,Brighton & Hove Albion,72’,0:1,Pascal Groß,Aaron Mooy,substitute_in
ENG-Premier League,1920,2020-07-04 Norwich City-Brighton,Norwich City,78’,0:1,Mario Vrančić,Alexander Tettey,substitute_in
ENG-Premier League,1920,2020-07-04 Norwich City-Brighton,Brighton & Hove Albion,79’,0:1,Dale Stephens,Yves Bissouma,substitute_in
ENG-Premier League,1920,2020-07-04 Norwich City-Brighton,Brighton & Hove Albion,79’,0:1,Alexis Mac Allister,Leandro Trossard,substitute_in
ENG-Premier League,1920,2020-07-04 Norwich City-Brighton,Brighton & Hove Albion,88’,0:1,Tariq Lamptey,,yellow_card
ENG-Premier League,1920,2020-07-04 Norwich City-Brighton,Brighton & Hove Albion,89’,0:1,Pascal Groß,,yellow_card
ENG-Premier League,1920,2020-07-04 Norwich City-Brighton,Norwich City,90+1’,0:1,Todd Cantwell,,yellow_card
ENG-Premier League,1920,2020-07-04 Norwich City-Brighton,Brighton & Hove Albion,90+4’,0:1,Shane Duffy,Tariq Lamptey,substitute_in
ENG-Premier League,1920,2019-12-29 Manchester City-Sheffield United,Manchester City,52’,1:0,Sergio Agüero,Kevin De Bruyne,goal
ENG-Premier League,1920,2019-12-29 Manchester City-Sheffield United,Manchester City,59’,1:0,Bernardo Silva,,yellow_card
ENG-Premier League,1920,2019-12-29 Manchester City-Sheffield United,Sheffield United,59’,1:0,David McGoldrick,Callum Robinson,substitute_in
ENG-Premier League,1920,2019-12-29 Manchester City-Sheffield United,Manchester City,62’,1:0,İlkay Gündoğan,Bernardo Silva,substitute_in
ENG-Premier League,1920,2019-12-29 Manchester City-Sheffield United,Sheffield United,75’,1:0,Oliver McBurnie,Muhamed Bešić,substitute_in
ENG-Premier League,1920,2019-12-29 Manchester City-Sheffield United,Manchester City,81’,1:0,Phil Foden,Sergio Agüero,substitute_in
ENG-Premier League,1920,2019-12-29 Manchester City-Sheffield United,Manchester City,82’,2:0,Kevin De Bruyne,Riyad Mahrez,goal
ENG-Premier League,1920,2019-12-29 Manchester City-Sheffield United,Sheffield United,83’,2:0,Billy Sharp,Lys Mousset,substitute_in
ENG-Premier League,1920,2019-12-29 Manchester City-Sheffield United,Sheffield United,85’,2:0,Enda Stevens,,yellow_card
ENG-Premier League,1920,2019-12-29 Manchester City-Sheffield United,Manchester City,88’,2:0,Gabriel Jesus,Raheem Sterling,substitute_in
ENG-Premier League,1920,2019-10-05 Liverpool-Leicester City,Leicester City,30’,0:0,Wilfred Ndidi,,yellow_card
ENG-Premier League,1920,2019-10-05 Liverpool-Leicester City,Liverpool,39’,0:0,Fabinho,,yellow_card
ENG-Premier League,1920,2019-10-05 Liverpool-Leicester City,Liverpool,40’,1:0,Sadio Mané,James Milner,goal
ENG-Premier League,1920,2019-10-05 Liverpool-Leicester City,Leicester City,46’,1:0,Marc Albrighton,Harvey Barnes,substitute_in
ENG-Premier League,1920,2019-10-05 Liverpool-Leicester City,Leicester City,53’,1:0,Çağlar Söyüncü,,yellow_card
ENG-Premier League,1920,2019-10-05 Liverpool-Leicester City,Leicester City,69’,1:0,Jonny Evans,,yellow_card
ENG-Premier League,1920,2019-10-05 Liverpool-Leicester City,Leicester City,73’,1:0,Ayoze Pérez,Dennis Praet,substitute_in
ENG-Premier League,1920,2019-10-05 Liverpool-Leicester City,Liverpool,78’,1:0,Jordan Henderson,Georginio Wijnaldum,substitute_in
ENG-Premier League,1920,2019-10-05 Liverpool-Leicester City,Liverpool,78’,1:0,Divock Origi,Roberto Firmino,substitute_in
ENG-Premier League,1920,2019-10-05 Liverpool-Leicester City,Leicester City,80’,1:1,James Maddison,Ayoze Pérez,goal
ENG-Premier League,1920,2019-10-05 Liverpool-Leicester City,Leicester City,86’,1:1,Hamza Choudhury,James Maddison,substitute_in
ENG-Premier League,1920,2019-10-05 Liverpool-Leicester City,Leicester City,89’,1:1,Hamza Choudhury,,yellow_card
ENG-Premier League,1920,2019-10-05 Liverpool-Leicester City,Liverpool,90+2’,1:1,Adam Lallana,Mohamed Salah,substitute_in
ENG-Premier League,1920,2019-10-05 Liverpool-Leicester City,Liverpool,90+5’,2:1,James Milner,,penalty_goal
ENG-Premier League,1920,2019-10-05 Brighton-Tottenham Hotspur,Brighton & Hove Albion,32’,2:0,Aaron Connolly,,goal
ENG-Premier League,1920,2019-10-05 Brighton-Tottenham Hotspur,Brighton & Hove Albion,3’,1:0,Neal Maupay,,goal
ENG-Premier League,1920,2019-10-05 Brighton-Tottenham Hotspur,Tottenham Hotspur,46’,2:0,Harry Winks,Tanguy Ndombele,substitute_in
ENG-Premier League,1920,2019-10-05 Brighton-Tottenham Hotspur,Tottenham Hotspur,55’,2:0,Eric Dier,,yellow_card
ENG-Premier League,1920,2019-10-05 Brighton-Tottenham Hotspur,Brighton & Hove Albion,57’,2:0,Dale Stephens,,yellow_card
ENG-Premier League,1920,2019-10-05 Brighton-Tottenham Hotspur,Brighton & Hove Albion,65’,3:0,Aaron Connolly,Lewis Dunk,goal
ENG-Premier League,1920,2019-10-05 Brighton-Tottenham Hotspur,Tottenham Hotspur,73’,3:0,Lucas Moura,Son Heung-min,substitute_in
ENG-Premier League,1920,2019-10-05 Brighton-Tottenham Hotspur,Brighton & Hove Albion,80’,3:0,Yves Bissouma,Aaron Connolly,substitute_in
ENG-Premier League,1920,2019-10-05 Brighton-Tottenham Hotspur,Brighton & Hove Albion,88’,3:0,Gaëtan Bong,Steven Alzate,substitute_in
ENG-Premier League,1920,2019-10-05 Brighton-Tottenham Hotspur,Brighton & Hove Albion,89’,3:0,Lewis Dunk,,yellow_card
ENG-Premier League,1920,2019-10-05 Brighton-Tottenham Hotspur,Tottenham Hotspur,8’,1:0,Paulo Gazzaniga,Hugo Lloris,substitute_in
ENG-Premier League,1920,2019-10-05 Brighton-Tottenham Hotspur,Brighton & Hove Albion,90’,3:0,Glenn Murray,Dale Stephens,substitute_in
ENG-Premier League,1920,2020-02-01 Liverpool-Southampton,Liverpool,47’,1:0,Alex Oxlade-Chamberlain,Roberto Firmino,goal
ENG-Premier League,1920,2020-02-01 Liverpool-Southampton,Liverpool,60’,2:0,Jordan Henderson,Roberto Firmino,goal
ENG-Premier League,1920,2020-02-01 Liverpool-Southampton,Southampton,65’,2:0,James Ward-Prowse,,yellow_card
ENG-Premier League,1920,2020-02-01 Liverpool-Southampton,Southampton,70’,2:0,Che Adams,Danny Ings,substitute_in
ENG-Premier League,1920,2020-02-01 Liverpool-Southampton,Southampton,70’,2:0,Michael Obafemi,Shane Long,substitute_in
ENG-Premier League,1920,2020-02-01 Liverpool-Southampton,Liverpool,71’,3:0,Mohamed Salah,Jordan Henderson,goal
ENG-Premier League,1920,2020-02-01 Liverpool-Southampton,Liverpool,73’,3:0,Naby Keïta,Alex Oxlade-Chamberlain,substitute_in
ENG-Premier League,1920,2020-02-01 Liverpool-Southampton,Liverpool,81’,3:0,Takumi Minamino,Georginio Wijnaldum,substitute_in
ENG-Premier League,1920,2020-02-01 Liverpool-Southampton,Southampton,82’,3:0,Sofiane Boufal,Moussa Djenepo,substitute_in
ENG-Premier League,1920,2020-02-01 Liverpool-Southampton,Liverpool,88’,3:0,Adam Lallana,Jordan Henderson,substitute_in
ENG-Premier League,1920,2020-02-01 Liverpool-Southampton,Southampton,89’,3:0,Jack Stephens,,yellow_card
ENG-Premier League,1920,2020-02-01 Liverpool-Southampton,Liverpool,90’,4:0,Mohamed Salah,Roberto Firmino,goal
ENG-Premier League,1920,2020-01-01 Burnley-Aston Villa,Aston Villa,27’,0:1,Wesley Moraes,,goal
ENG-Premier League,1920,2020-01-01 Burnley-Aston Villa,Aston Villa,41’,0:2,Jack Grealish,Douglas Luiz,goal
ENG-Premier League,1920,2020-01-01 Burnley-Aston Villa,Burnley,46’,0:2,Jóhann Berg Guðmundsson,Robbie Brady,substitute_in
ENG-Premier League,1920,2020-01-01 Burnley-Aston Villa,Burnley,46’,0:2,Jay Rodriguez,Ashley Barnes,substitute_in
ENG-Premier League,1920,2020-01-01 Burnley-Aston Villa,Aston Villa,48’,0:2,Neil Taylor,,yellow_card
ENG-Premier League,1920,2020-01-01 Burnley-Aston Villa,Burnley,60’,0:2,James Tarkowski,,yellow_card
ENG-Premier League,1920,2020-01-01 Burnley-Aston Villa,Aston Villa,71’,0:2,Jonathan Kodjia,Wesley Moraes,substitute_in
ENG-Premier League,1920,2020-01-01 Burnley-Aston Villa,Aston Villa,78’,0:2,Conor Hourihane,Trézéguet,substitute_in
ENG-Premier League,1920,2020-01-01 Burnley-Aston Villa,Burnley,80’,1:2,Chris Wood,Ashley Westwood,goal
ENG-Premier League,1920,2020-01-01 Burnley-Aston Villa,Aston Villa,85’,1:2,Ørjan Nyland,Tom Heaton,substitute_in
ENG-Premier League,1920,2019-11-02 West Ham United-Newcastle United,West Ham United,14’,0:0,Issa Diop,,yellow_card
ENG-Premier League,1920,2019-11-02 West Ham United-Newcastle United,Newcastle United,16’,0:1,Ciaran Clark,Joelinton,goal
ENG-Premier League,1920,2019-11-02 West Ham United-Newcastle United,Newcastle United,22’,0:2,Federico Fernández,Jetro Willems,goal
ENG-Premier League,1920,2019-11-02 West Ham United-Newcastle United,West Ham United,46’,0:2,Manuel Lanzini,Andriy Yarmolenko,substitute_in
ENG-Premier League,1920,2019-11-02 West Ham United-Newcastle United,West Ham United,46’,0:2,Albian Ajeti,Mark Noble,substitute_in
ENG-Premier League,1920,2019-11-02 West Ham United-Newcastle United,West Ham United,49’,0:2,Aaron Cresswell,,yellow_card
ENG-Premier League,1920,2019-11-02 West Ham United-Newcastle United,Newcastle United,51’,0:3,Jonjo Shelvey,,goal
ENG-Premier League,1920,2019-11-02 West Ham United-Newcastle United,West Ham United,72’,0:3,Ryan Fredericks,Pablo Zabaleta,substitute_in
ENG-Premier League,1920,2019-11-02 West Ham United-Newcastle United,West Ham United,73’,1:3,Fabián Balbuena,,goal
ENG-Premier League,1920,2019-11-02 West Ham United-Newcastle United,Newcastle United,77’,1:3,Christian Atsu,Allan Saint-Maximin,substitute_in
ENG-Premier League,1920,2019-11-02 West Ham United-Newcastle United,Newcastle United,87’,1:3,Paul Dummett,Jetro Willems,substitute_in
ENG-Premier League,1920,2019-11-02 West Ham United-Newcastle United,Newcastle United,89’,1:3,Andy Carroll,Joelinton,substitute_in
ENG-Premier League,1920,2019-11-02 West Ham United-Newcastle United,Newcastle United,90+4’,2:3,Federico Fernández,,yellow_card
ENG-Premier League,1920,2019-11-02 West Ham United-Newcastle United,West Ham United,90’,2:3,Robert Snodgrass,Manuel Lanzini,goal
ENG-Premier League,1920,2020-07-11 Watford-Newcastle United,Newcastle United,23’,0:1,Dwight Gayle,Federico Fernández,goal
ENG-Premier League,1920,2020-07-11 Watford-Newcastle United,Newcastle United,45+2’,0:1,Jamaal Lascelles,,yellow_card
ENG-Premier League,1920,2020-07-11 Watford-Newcastle United,Watford,52’,1:1,Troy Deeney,,penalty_goal
ENG-Premier League,1920,2020-07-11 Watford-Newcastle United,Newcastle United,63’,1:1,Javier Manquillo,,yellow_card
ENG-Premier League,1920,2020-07-11 Watford-Newcastle United,Newcastle United,72’,1:1,Joelinton,Matt Ritchie,substitute_in
ENG-Premier League,1920,2020-07-11 Watford-Newcastle United,Newcastle United,77’,1:1,Federico Fernández,,yellow_card
ENG-Premier League,1920,2020-07-11 Watford-Newcastle United,Newcastle United,78’,1:1,Nabil Bentaleb,Dwight Gayle,substitute_in
ENG-Premier League,1920,2020-07-11 Watford-Newcastle United,Newcastle United,79’,1:1,Emil Krafth,Danny Rose,substitute_in
ENG-Premier League,1920,2020-07-11 Watford-Newcastle United,Watford,82’,2:1,Troy Deeney,,penalty_goal
ENG-Premier League,1920,2020-07-11 Watford-Newcastle United,Newcastle United,84’,2:1,Fabian Schär,,yellow_card
ENG-Premier League,1920,2020-07-11 Watford-Newcastle United,Watford,85’,2:1,Tom Cleverley,Troy Deeney,substitute_in
ENG-Premier League,1920,2020-07-11 Watford-Newcastle United,Newcastle United,87’,2:1,Valentino Lazaro,Jamaal Lascelles,substitute_in
ENG-Premier League,1920,2020-07-11 Watford-Newcastle United,Watford,90+2’,2:1,Andre Gray,Danny Welbeck,substitute_in
ENG-Premier League,1920,2020-07-11 Watford-Newcastle United,Watford,90’,2:1,Will Hughes,,yellow_card
ENG-Premier League,1920,2020-01-21 Sheffield United-Manchester City,Sheffield United,13’,0:0,Muhamed Bešić,,yellow_card
ENG-Premier League,1920,2020-01-21 Sheffield United-Manchester City,Sheffield United,24’,0:0,Oliver Norwood,,yellow_card
ENG-Premier League,1920,2020-01-21 Sheffield United-Manchester City,Manchester City,36’,0:0,Gabriel Jesus,Dean Henderson,penalty_miss
ENG-Premier League,1920,2020-01-21 Sheffield United-Manchester City,Sheffield United,43’,0:0,John Fleck,,yellow_card
ENG-Premier League,1920,2020-01-21 Sheffield United-Manchester City,Manchester City,45+2’,0:0,Fernandinho,,yellow_card
ENG-Premier League,1920,2020-01-21 Sheffield United-Manchester City,Manchester City,53’,0:0,Rodri,,yellow_card
ENG-Premier League,1920,2020-01-21 Sheffield United-Manchester City,Sheffield United,59’,0:0,Lys Mousset,Billy Sharp,substitute_in
ENG-Premier League,1920,2020-01-21 Sheffield United-Manchester City,Manchester City,67’,0:0,Sergio Agüero,Gabriel Jesus,substitute_in
ENG-Premier League,1920,2020-01-21 Sheffield United-Manchester City,Manchester City,73’,0:1,Sergio Agüero,Kevin De Bruyne,goal
ENG-Premier League,1920,2020-01-21 Sheffield United-Manchester City,Sheffield United,78’,0:1,Callum Robinson,Chris Basham,substitute_in
ENG-Premier League,1920,2020-01-21 Sheffield United-Manchester City,Sheffield United,78’,0:1,John Lundstram,Muhamed Bešić,substitute_in
ENG-Premier League,1920,2020-01-21 Sheffield United-Manchester City,Manchester City,78’,0:1,Eric García,Aymeric Laporte,substitute_in
ENG-Premier League,1920,2020-01-21 Sheffield United-Manchester City,Manchester City,83’,0:1,Sergio Agüero,,yellow_card
ENG-Premier League,1920,2020-01-21 Sheffield United-Manchester City,Sheffield United,84’,0:1,Oliver McBurnie,,yellow_card
ENG-Premier League,1920,2020-01-21 Sheffield United-Manchester City,Manchester City,90+2’,0:1,Bernardo Silva,Raheem Sterling,substitute_in
ENG-Premier League,1920,2020-02-29 Brighton-Crystal Palace,Brighton & Hove Albion,27’,0:0,Ezequiel Schelotto,,yellow_card
ENG-Premier League,1920,2020-02-29 Brighton-Crystal Palace,Crystal Palace,33’,0:0,Christian Benteke,,yellow_card
ENG-Premier League,1920,2020-02-29 Brighton-Crystal Palace,Crystal Palace,46’,0:0,Jaïro Riedewald,James McCarthy,substitute_in
ENG-Premier League,1920,2020-02-29 Brighton-Crystal Palace,Brighton & Hove Albion,57’,0:0,Martín Montoya,,yellow_card
ENG-Premier League,1920,2020-02-29 Brighton-Crystal Palace,Brighton & Hove Albion,66’,0:0,Glenn Murray,Solly March,substitute_in
ENG-Premier League,1920,2020-02-29 Brighton-Crystal Palace,Crystal Palace,70’,0:1,Jordan Ayew,Christian Benteke,goal
ENG-Premier League,1920,2020-02-29 Brighton-Crystal Palace,Brighton & Hove Albion,78’,0:1,Alireza Jahanbakhsh,Martín Montoya,substitute_in
ENG-Premier League,1920,2020-02-29 Brighton-Crystal Palace,Brighton & Hove Albion,82’,0:1,Steven Alzate,Yves Bissouma,substitute_in
ENG-Premier League,1920,2020-02-29 Brighton-Crystal Palace,Crystal Palace,87’,0:1,Cenk Tosun,Christian Benteke,substitute_in
ENG-Premier League,1920,2019-08-18 Chelsea-Leicester City,Chelsea,37’,1:0,Jorginho,,yellow_card
ENG-Premier League,1920,2019-08-18 Chelsea-Leicester City,Chelsea,61’,1:0,Tammy Abraham,Olivier Giroud,substitute_in
ENG-Premier League,1920,2019-08-18 Chelsea-Leicester City,Leicester City,67’,1:1,Wilfred Ndidi,James Maddison,goal
ENG-Premier League,1920,2019-08-18 Chelsea-Leicester City,Chelsea,71’,1:1,Mateo Kovačić,Jorginho,substitute_in
ENG-Premier League,1920,2019-08-18 Chelsea-Leicester City,Chelsea,71’,1:1,Willian,Christian Pulisic,substitute_in
ENG-Premier League,1920,2019-08-18 Chelsea-Leicester City,Leicester City,73’,1:1,Dennis Praet,Hamza Choudhury,substitute_in
ENG-Premier League,1920,2019-08-18 Chelsea-Leicester City,Chelsea,7’,1:0,Mason Mount,,goal
ENG-Premier League,1920,2019-08-18 Chelsea-Leicester City,Leicester City,80’,1:1,Marc Albrighton,Ayoze Pérez,substitute_in
ENG-Premier League,1920,2019-08-31 Burnley-Liverpool,Liverpool,33’,0:1,Chris Wood,,own_goal
ENG-Premier League,1920,2019-08-31 Burnley-Liverpool,Liverpool,37’,0:2,Sadio Mané,Roberto Firmino,goal
ENG-Premier League,1920,2019-08-31 Burnley-Liverpool,Liverpool,71’,0:2,Alex Oxlade-Chamberlain,Jordan Henderson,substitute_in
ENG-Premier League,1920,2019-08-31 Burnley-Liverpool,Burnley,73’,0:2,Jay Rodriguez,Ashley Barnes,substitute_in
ENG-Premier League,1920,2019-08-31 Burnley-Liverpool,Liverpool,80’,0:3,Roberto Firmino,Mohamed Salah,goal
ENG-Premier League,1920,2019-08-31 Burnley-Liverpool,Liverpool,85’,0:3,Divock Origi,Sadio Mané,substitute_in
ENG-Premier League,1920,2019-08-31 Burnley-Liverpool,Liverpool,85’,0:3,Xherdan Shaqiri,Roberto Firmino,substitute_in
ENG-Premier League,1920,2019-11-02 Manchester City-Southampton,Southampton,13’,0:1,James Ward-Prowse,,goal
ENG-Premier League,1920,2019-11-02 Manchester City-Southampton,Southampton,18’,0:1,Pierre Højbjerg,,yellow_card
ENG-Premier League,1920,2019-11-02 Manchester City-Southampton,Manchester City,40’,0:1,Raheem Sterling,,yellow_card
ENG-Premier League,1920,2019-11-02 Manchester City-Southampton,Manchester City,46’,0:1,Gabriel Jesus,David Silva,substitute_in
ENG-Premier League,1920,2019-11-02 Manchester City-Southampton,Manchester City,70’,1:1,Sergio Agüero,Kyle Walker,goal
ENG-Premier League,1920,2019-11-02 Manchester City-Southampton,Southampton,75’,1:1,Kevin Danso,Yan Valery,substitute_in
ENG-Premier League,1920,2019-11-02 Manchester City-Southampton,Manchester City,84’,1:1,Phil Foden,Bernardo Silva,substitute_in
ENG-Premier League,1920,2019-11-02 Manchester City-Southampton,Southampton,84’,1:1,Moussa Djenepo,Danny Ings,substitute_in
ENG-Premier League,1920,2019-11-02 Manchester City-Southampton,Manchester City,86’,2:1,Kyle Walker,,goal
ENG-Premier League,1920,2019-11-02 Manchester City-Southampton,Southampton,88’,2:1,Che Adams,Jan Bednarek,substitute_in
ENG-Premier League,1920,2019-11-02 Manchester City-Southampton,Manchester City,89’,2:1,İlkay Gündoğan,,yellow_card
ENG-Premier League,1920,2019-11-02 Manchester City-Southampton,Manchester City,90+2’,2:1,Nicolás Otamendi,Sergio Agüero,substitute_in
ENG-Premier League,1920,2019-11-02 Manchester City-Southampton,Manchester City,90+5’,2:1,Ederson,,yellow_card
ENG-Premier League,1920,2019-12-14 Sheffield United-Aston Villa,Sheffield United,12’,0:0,Oliver Norwood,,yellow_card
ENG-Premier League,1920,2019-12-14 Sheffield United-Aston Villa,Sheffield United,16’,0:0,John Fleck,,yellow_card
ENG-Premier League,1920,2019-12-14 Sheffield United-Aston Villa,Sheffield United,50’,1:0,John Fleck,John Lundstram,goal
ENG-Premier League,1920,2019-12-14 Sheffield United-Aston Villa,Sheffield United,61’,1:0,Oliver McBurnie,Lys Mousset,substitute_in
ENG-Premier League,1920,2019-12-14 Sheffield United-Aston Villa,Aston Villa,64’,1:0,Kortney Hause,,yellow_card
ENG-Premier League,1920,2019-12-14 Sheffield United-Aston Villa,Aston Villa,66’,1:0,Douglas Luiz,Henri Lansbury,substitute_in
ENG-Premier League,1920,2019-12-14 Sheffield United-Aston Villa,Aston Villa,69’,1:0,Jonathan Kodjia,Wesley Moraes,substitute_in
ENG-Premier League,1920,2019-12-14 Sheffield United-Aston Villa,Aston Villa,69’,1:0,Matt Targett,,yellow_card
ENG-Premier League,1920,2019-12-14 Sheffield United-Aston Villa,Sheffield United,73’,2:0,John Fleck,David McGoldrick,goal
ENG-Premier League,1920,2019-12-14 Sheffield United-Aston Villa,Aston Villa,78’,2:0,Jack Grealish,,penalty_miss
ENG-Premier League,1920,2019-12-14 Sheffield United-Aston Villa,Aston Villa,80’,2:0,Trézéguet,Anwar El Ghazi,substitute_in
ENG-Premier League,1920,2019-12-14 Sheffield United-Aston Villa,Sheffield United,86’,2:0,Muhamed Bešić,Oliver Norwood,substitute_in
ENG-Premier League,1920,2019-12-14 Sheffield United-Aston Villa,Sheffield United,90’,2:0,Ben Osborn,David McGoldrick,substitute_in
ENG-Premier League,1920,2020-06-22 Manchester City-Burnley,Manchester City,22’,1:0,Phil Foden,Bernardo Silva,goal
ENG-Premier League,1920,2020-06-22 Manchester City-Burnley,Manchester City,43’,2:0,Riyad Mahrez,Fernandinho,goal
ENG-Premier League,1920,2020-06-22 Manchester City-Burnley,Burnley,43’,2:0,Josh Brownhill,,yellow_card
ENG-Premier League,1920,2020-06-22 Manchester City-Burnley,Manchester City,45+3’,3:0,Riyad Mahrez,,penalty_goal
ENG-Premier League,1920,2020-06-22 Manchester City-Burnley,Manchester City,45+4’,3:0,Gabriel Jesus,Sergio Agüero,substitute_in
ENG-Premier League,1920,2020-06-22 Manchester City-Burnley,Manchester City,51’,4:0,David Silva,Bernardo Silva,goal
ENG-Premier League,1920,2020-06-22 Manchester City-Burnley,Burnley,60’,4:0,Erik Pieters,Jay Rodriguez,substitute_in
ENG-Premier League,1920,2020-06-22 Manchester City-Burnley,Manchester City,61’,4:0,Kevin De Bruyne,Riyad Mahrez,substitute_in
ENG-Premier League,1920,2020-06-22 Manchester City-Burnley,Manchester City,61’,4:0,Aymeric Laporte,Fernandinho,substitute_in
ENG-Premier League,1920,2020-06-22 Manchester City-Burnley,Manchester City,62’,4:0,João Cancelo,,yellow_card
ENG-Premier League,1920,2020-06-22 Manchester City-Burnley,Manchester City,63’,5:0,Phil Foden,Gabriel Jesus,goal
ENG-Premier League,1920,2020-06-22 Manchester City-Burnley,Manchester City,79’,5:0,Leroy Sané,Phil Foden,substitute_in
ENG-Premier League,1920,2020-06-22 Manchester City-Burnley,Burnley,88’,5:0,Max Thompson,Matěj Vydra,substitute_in
ENG-Premier League,1920,2019-12-26 Everton-Burnley,Burnley,68’,0:0,Jóhann Berg Guðmundsson,Robbie Brady,substitute_in
ENG-Premier League,1920,2019-12-26 Everton-Burnley,Burnley,74’,0:0,Ashley Barnes,Chris Wood,substitute_in
ENG-Premier League,1920,2019-12-26 Everton-Burnley,Everton,77’,0:0,Moise Kean,Bernard,substitute_in
ENG-Premier League,1920,2019-12-26 Everton-Burnley,Everton,80’,1:0,Dominic Calvert-Lewin,Djibril Sidibé,goal
ENG-Premier League,1920,2019-12-26 Everton-Burnley,Everton,86’,1:0,Tom Davies,Richarlison,substitute_in
ENG-Premier League,1920,2019-12-26 Everton-Burnley,Burnley,88’,1:0,Kevin Long,Jack Cork,substitute_in
ENG-Premier League,1920,2019-12-26 Everton-Burnley,Everton,90’,1:0,Theo Walcott,Djibril Sidibé,substitute_in
ENG-Premier League,1920,2019-09-16 Aston Villa-West Ham United,West Ham United,23’,0:0,Arthur Masuaku,,yellow_card
ENG-Premier League,1920,2019-09-16 Aston Villa-West Ham United,Aston Villa,28’,0:0,Jack Grealish,,yellow_card
ENG-Premier League,1920,2019-09-16 Aston Villa-West Ham United,West Ham United,29’,0:0,Mark Noble,,yellow_card
ENG-Premier League,1920,2019-09-16 Aston Villa-West Ham United,West Ham United,62’,0:0,Pablo Fornals,Andriy Yarmolenko,substitute_in
ENG-Premier League,1920,2019-09-16 Aston Villa-West Ham United,Aston Villa,66’,0:0,Ahmed Elmohamady,Jota,substitute_in
ENG-Premier League,1920,2019-09-16 Aston Villa-West Ham United,West Ham United,67’,0:0,Arthur Masuaku,,yellow_red_card
ENG-Premier League,1920,2019-09-16 Aston Villa-West Ham United,West Ham United,69’,0:0,Pablo Zabaleta,Felipe Anderson,substitute_in
ENG-Premier League,1920,2019-09-16 Aston Villa-West Ham United,Aston Villa,77’,0:0,Tyrone Mings,,yellow_card
ENG-Premier League,1920,2019-09-16 Aston Villa-West Ham United,Aston Villa,81’,0:0,Douglas Luiz,Marvelous Nakamba,substitute_in
ENG-Premier League,1920,2019-09-16 Aston Villa-West Ham United,Aston Villa,85’,0:0,Keinan Davis,Frederic Guilbert,substitute_in
ENG-Premier League,1920,2019-09-16 Aston Villa-West Ham United,West Ham United,90+1’,0:0,Fabián Balbuena,Mark Noble,substitute_in
ENG-Premier League,1920,2019-08-17 Southampton-Liverpool,Southampton,36’,0:0,Oriol Romeu,,yellow_card
ENG-Premier League,1920,2019-08-17 Southampton-Liverpool,Liverpool,45+1’,0:1,Sadio Mané,James Milner,goal
ENG-Premier League,1920,2019-08-17 Southampton-Liverpool,Southampton,64’,0:1,Danny Ings,Oriol Romeu,substitute_in
ENG-Premier League,1920,2019-08-17 Southampton-Liverpool,Southampton,68’,0:1,Stuart Armstrong,Che Adams,substitute_in
ENG-Premier League,1920,2019-08-17 Southampton-Liverpool,Liverpool,71’,0:2,Roberto Firmino,Sadio Mané,goal
ENG-Premier League,1920,2019-08-17 Southampton-Liverpool,Liverpool,74’,0:2,Fabinho,James Milner,substitute_in
ENG-Premier League,1920,2019-08-17 Southampton-Liverpool,Southampton,77’,0:2,Moussa Djenepo,Ryan Bertrand,substitute_in
ENG-Premier League,1920,2019-08-17 Southampton-Liverpool,Liverpool,79’,0:2,Trent Alexander-Arnold,,yellow_card
ENG-Premier League,1920,2019-08-17 Southampton-Liverpool,Liverpool,79’,0:2,Divock Origi,Mohamed Salah,substitute_in
ENG-Premier League,1920,2019-08-17 Southampton-Liverpool,Southampton,83’,1:2,Danny Ings,,goal
ENG-Premier League,1920,2019-08-17 Southampton-Liverpool,Southampton,84’,1:2,Moussa Djenepo,,yellow_card
ENG-Premier League,1920,2019-08-17 Southampton-Liverpool,Liverpool,89’,1:2,Jordan Henderson,Alex Oxlade-Chamberlain,substitute_in
ENG-Premier League,1920,2020-07-12 Aston Villa-Crystal Palace,Aston Villa,27’,0:0,Tyrone Mings,,yellow_card
ENG-Premier League,1920,2020-07-12 Aston Villa-Crystal Palace,Crystal Palace,27’,0:0,Wilfried Zaha,,yellow_card
ENG-Premier League,1920,2020-07-12 Aston Villa-Crystal Palace,Crystal Palace,27’,0:0,Mamadou Sakho,,yellow_card
ENG-Premier League,1920,2020-07-12 Aston Villa-Crystal Palace,Aston Villa,37’,0:0,Matt Targett,Neil Taylor,substitute_in
ENG-Premier League,1920,2020-07-12 Aston Villa-Crystal Palace,Aston Villa,45+4’,1:0,Trézéguet,,goal
ENG-Premier League,1920,2020-07-12 Aston Villa-Crystal Palace,Crystal Palace,46’,1:0,James McCarthy,James McArthur,substitute_in
ENG-Premier League,1920,2020-07-12 Aston Villa-Crystal Palace,Crystal Palace,54’,1:0,Cheikhou Kouyaté,,yellow_card
ENG-Premier League,1920,2020-07-12 Aston Villa-Crystal Palace,Aston Villa,59’,2:0,Trézéguet,Conor Hourihane,goal
ENG-Premier League,1920,2020-07-12 Aston Villa-Crystal Palace,Crystal Palace,65’,2:0,Jaïro Riedewald,Cheikhou Kouyaté,substitute_in
ENG-Premier League,1920,2020-07-12 Aston Villa-Crystal Palace,Crystal Palace,65’,2:0,Andros Townsend,Jordan Ayew,substitute_in
ENG-Premier League,1920,2020-07-12 Aston Villa-Crystal Palace,Crystal Palace,67’,2:0,Luka Milivojević,,yellow_card
ENG-Premier League,1920,2020-07-12 Aston Villa-Crystal Palace,Crystal Palace,75’,2:0,Max Meyer,Luka Milivojević,substitute_in
ENG-Premier League,1920,2020-07-12 Aston Villa-Crystal Palace,Aston Villa,80’,2:0,Marvelous Nakamba,Conor Hourihane,substitute_in
ENG-Premier League,1920,2020-07-12 Aston Villa-Crystal Palace,Aston Villa,80’,2:0,Keinan Davis,Mbwana Samatta,substitute_in
ENG-Premier League,1920,2020-07-12 Aston Villa-Crystal Palace,Aston Villa,88’,2:0,Anwar El Ghazi,Trézéguet,substitute_in
ENG-Premier League,1920,2020-07-12 Aston Villa-Crystal Palace,Aston Villa,90+1’,2:0,Douglas Luiz,,yellow_card
ENG-Premier League,1920,2020-07-12 Aston Villa-Crystal Palace,Crystal Palace,90+6’,2:0,Christian Benteke,,red_card
ENG-Premier League,1920,2020-01-22 Tottenham Hotspur-Norwich City,Tottenham Hotspur,38’,1:0,Dele Alli,Serge Aurier,goal
ENG-Premier League,1920,2020-01-22 Tottenham Hotspur-Norwich City,Norwich City,47’,1:0,Todd Cantwell,,yellow_card
ENG-Premier League,1920,2020-01-22 Tottenham Hotspur-Norwich City,Tottenham Hotspur,56’,1:0,Eric Dier,Harry Winks,substitute_in
ENG-Premier League,1920,2020-01-22 Tottenham Hotspur-Norwich City,Tottenham Hotspur,62’,1:0,Christian Eriksen,Érik Lamela,substitute_in
ENG-Premier League,1920,2020-01-22 Tottenham Hotspur-Norwich City,Norwich City,70’,1:1,Teemu Pukki,,penalty_goal
ENG-Premier League,1920,2020-01-22 Tottenham Hotspur-Norwich City,Tottenham Hotspur,75’,1:1,Gedson Fernandes,Jan Vertonghen,substitute_in
ENG-Premier League,1920,2020-01-22 Tottenham Hotspur-Norwich City,Tottenham Hotspur,79’,2:1,Son Heung-min,,goal
ENG-Premier League,1920,2020-01-22 Tottenham Hotspur-Norwich City,Norwich City,82’,2:1,Onel Hernández,Alexander Tettey,substitute_in
ENG-Premier League,1920,2020-01-22 Tottenham Hotspur-Norwich City,Norwich City,86’,2:1,Josip Drmić,Lukas Rupp,substitute_in
ENG-Premier League,1920,2020-01-22 Tottenham Hotspur-Norwich City,Norwich City,90+3’,2:1,Marco Stiepermann,Kenny McLean,substitute_in
ENG-Premier League,1920,2019-12-26 Manchester Utd-Newcastle United,Newcastle United,17’,0:1,Matthew Longstaff,Joelinton,goal
ENG-Premier League,1920,2019-12-26 Manchester Utd-Newcastle United,Manchester United,1’,0:0,Scott McTominay,,yellow_card
ENG-Premier League,1920,2019-12-26 Manchester Utd-Newcastle United,Manchester United,24’,1:1,Anthony Martial,Andreas Pereira,goal
ENG-Premier League,1920,2019-12-26 Manchester Utd-Newcastle United,Manchester United,35’,1:1,Andreas Pereira,,yellow_card
ENG-Premier League,1920,2019-12-26 Manchester Utd-Newcastle United,Manchester United,36’,2:1,Mason Greenwood,,goal
ENG-Premier League,1920,2019-12-26 Manchester Utd-Newcastle United,Newcastle United,38’,2:1,Fabian Schär,,yellow_card
ENG-Premier League,1920,2019-12-26 Manchester Utd-Newcastle United,Manchester United,41’,3:1,Marcus Rashford,Aaron Wan-Bissaka,goal
ENG-Premier League,1920,2019-12-26 Manchester Utd-Newcastle United,Manchester United,46’,3:1,Paul Pogba,Scott McTominay,substitute_in
ENG-Premier League,1920,2019-12-26 Manchester Utd-Newcastle United,Manchester United,51’,4:1,Anthony Martial,,goal
ENG-Premier League,1920,2019-12-26 Manchester Utd-Newcastle United,Newcastle United,59’,4:1,Christian Atsu,Dwight Gayle,substitute_in
ENG-Premier League,1920,2019-12-26 Manchester Utd-Newcastle United,Manchester United,63’,4:1,Jesse Lingard,Marcus Rashford,substitute_in
ENG-Premier League,1920,2019-12-26 Manchester Utd-Newcastle United,Newcastle United,63’,4:1,DeAndre Yedlin,Miguel Almirón,substitute_in
ENG-Premier League,1920,2019-12-26 Manchester Utd-Newcastle United,Manchester United,67’,4:1,Juan Mata,Anthony Martial,substitute_in
ENG-Premier League,1920,2019-12-26 Manchester Utd-Newcastle United,Newcastle United,81’,4:1,DeAndre Yedlin,,yellow_card
ENG-Premier League,1920,2019-12-26 Manchester Utd-Newcastle United,Newcastle United,88’,4:1,Emil Krafth,Fabian Schär,substitute_in
ENG-Premier League,1920,2020-06-27 Aston Villa-Wolves,Aston Villa,11’,0:0,Neil Taylor,Matt Targett,substitute_in
ENG-Premier League,1920,2020-06-27 Aston Villa-Wolves,Aston Villa,18’,0:0,Tyrone Mings,,yellow_card
ENG-Premier League,1920,2020-06-27 Aston Villa-Wolves,Aston Villa,60’,0:0,Ahmed Elmohamady,Ezri Konsa,substitute_in
ENG-Premier League,1920,2020-06-27 Aston Villa-Wolves,Aston Villa,60’,0:0,John McGinn,Conor Hourihane,substitute_in
ENG-Premier League,1920,2020-06-27 Aston Villa-Wolves,Wolverhampton Wanderers,60’,0:0,Adama Traoré,Diogo Jota,substitute_in
ENG-Premier League,1920,2020-06-27 Aston Villa-Wolves,Wolverhampton Wanderers,62’,0:1,Leander Dendoncker,Jonny Castro,goal
ENG-Premier League,1920,2020-06-27 Aston Villa-Wolves,Aston Villa,82’,0:1,Anwar El Ghazi,Keinan Davis,substitute_in
ENG-Premier League,1920,2020-06-27 Aston Villa-Wolves,Aston Villa,82’,0:1,Trézéguet,Marvelous Nakamba,substitute_in
ENG-Premier League,1920,2020-06-27 Aston Villa-Wolves,Wolverhampton Wanderers,85’,0:1,Pedro Neto,Raúl Jiménez,substitute_in
ENG-Premier League,1920,2020-06-27 Aston Villa-Wolves,Wolverhampton Wanderers,90+4’,0:1,Rúben Neves,,yellow_card
ENG-Premier League,1920,2020-07-26 Newcastle United-Liverpool,Newcastle United,1’,1:0,Dwight Gayle,Jonjo Shelvey,goal
ENG-Premier League,1920,2020-07-26 Newcastle United-Liverpool,Newcastle United,33’,1:0,Federico Fernández,,yellow_card
ENG-Premier League,1920,2020-07-26 Newcastle United-Liverpool,Liverpool,38’,1:1,Virgil van Dijk,Alex Oxlade-Chamberlain,goal
ENG-Premier League,1920,2020-07-26 Newcastle United-Liverpool,Newcastle United,46’,1:1,Joelinton,Allan Saint-Maximin,substitute_in
ENG-Premier League,1920,2020-07-26 Newcastle United-Liverpool,Newcastle United,49’,1:1,Sean Longstaff,Nabil Bentaleb,substitute_in
ENG-Premier League,1920,2020-07-26 Newcastle United-Liverpool,Liverpool,59’,1:2,Divock Origi,Andrew Robertson,goal
ENG-Premier League,1920,2020-07-26 Newcastle United-Liverpool,Liverpool,64’,1:2,Roberto Firmino,Alex Oxlade-Chamberlain,substitute_in
ENG-Premier League,1920,2020-07-26 Newcastle United-Liverpool,Liverpool,64’,1:2,Sadio Mané,Takumi Minamino,substitute_in
ENG-Premier League,1920,2020-07-26 Newcastle United-Liverpool,Liverpool,64’,1:2,Mohamed Salah,Divock Origi,substitute_in
ENG-Premier League,1920,2020-07-26 Newcastle United-Liverpool,Newcastle United,70’,1:2,Andy Carroll,Dwight Gayle,substitute_in
ENG-Premier League,1920,2020-07-26 Newcastle United-Liverpool,Newcastle United,70’,1:2,Isaac Hayden,Miguel Almirón,substitute_in
ENG-Premier League,1920,2020-07-26 Newcastle United-Liverpool,Newcastle United,74’,1:2,Kelland Watts,Danny Rose,substitute_in
ENG-Premier League,1920,2020-07-26 Newcastle United-Liverpool,Liverpool,85’,1:2,Trent Alexander-Arnold,Neco Williams,substitute_in
ENG-Premier League,1920,2020-07-26 Newcastle United-Liverpool,Liverpool,85’,1:2,Curtis Jones,Naby Keïta,substitute_in
ENG-Premier League,1920,2020-07-26 Newcastle United-Liverpool,Liverpool,89’,1:3,Sadio Mané,Roberto Firmino,goal
ENG-Premier League,1920,2019-12-14 Chelsea-Bournemouth,Bournemouth,50’,0:0,Lewis Cook,,yellow_card
ENG-Premier League,1920,2019-12-14 Chelsea-Bournemouth,Chelsea,65’,0:0,Mateo Kovačić,Christian Pulisic,substitute_in
ENG-Premier League,1920,2019-12-14 Chelsea-Bournemouth,Chelsea,65’,0:0,Callum Hudson-Odoi,Willian,substitute_in
ENG-Premier League,1920,2019-12-14 Chelsea-Bournemouth,Bournemouth,75’,0:0,Dominic Solanke,Joshua King,substitute_in
ENG-Premier League,1920,2019-12-14 Chelsea-Bournemouth,Chelsea,78’,0:0,Michy Batshuayi,Jorginho,substitute_in
ENG-Premier League,1920,2019-12-14 Chelsea-Bournemouth,Chelsea,81’,0:0,Mateo Kovačić,,yellow_card
ENG-Premier League,1920,2019-12-14 Chelsea-Bournemouth,Bournemouth,82’,0:0,Dan Gosling,,yellow_card
ENG-Premier League,1920,2019-12-14 Chelsea-Bournemouth,Bournemouth,84’,0:1,Dan Gosling,Jefferson Lerma,goal
ENG-Premier League,1920,2019-12-07 Bournemouth-Liverpool,Bournemouth,35’,0:0,Jack Simpson,Nathan Aké,substitute_in
ENG-Premier League,1920,2019-12-07 Bournemouth-Liverpool,Liverpool,35’,0:1,Alex Oxlade-Chamberlain,Jordan Henderson,goal
ENG-Premier League,1920,2019-12-07 Bournemouth-Liverpool,Liverpool,39’,0:1,Joe Gomez,,yellow_card
ENG-Premier League,1920,2019-12-07 Bournemouth-Liverpool,Liverpool,40’,0:1,Trent Alexander-Arnold,Dejan Lovren,substitute_in
ENG-Premier League,1920,2019-12-07 Bournemouth-Liverpool,Liverpool,44’,0:2,Naby Keïta,Mohamed Salah,goal
ENG-Premier League,1920,2019-12-07 Bournemouth-Liverpool,Liverpool,54’,0:3,Mohamed Salah,Naby Keïta,goal
ENG-Premier League,1920,2019-12-07 Bournemouth-Liverpool,Bournemouth,58’,0:3,Lewis Cook,Philip Billing,substitute_in
ENG-Premier League,1920,2019-12-07 Bournemouth-Liverpool,Bournemouth,64’,0:3,Dan Gosling,Callum Wilson,substitute_in
ENG-Premier League,1920,2019-12-07 Bournemouth-Liverpool,Liverpool,76’,0:3,Curtis Jones,Andrew Robertson,substitute_in
ENG-Premier League,1920,2019-12-07 Bournemouth-Liverpool,Liverpool,87’,0:3,Xherdan Shaqiri,Alex Oxlade-Chamberlain,substitute_in
ENG-Premier League,1920,2019-12-21 Everton-Arsenal,Everton,11’,0:0,Cenk Tosun,Alex Iwobi,substitute_in
ENG-Premier League,1920,2019-12-21 Everton-Arsenal,Arsenal,28’,0:0,Bukayo Saka,,yellow_card
ENG-Premier League,1920,2019-12-21 Everton-Arsenal,Everton,45’,0:0,Tom Davies,,yellow_card
ENG-Premier League,1920,2019-12-21 Everton-Arsenal,Arsenal,66’,0:0,Joe Willock,Emile Smith Rowe,substitute_in
ENG-Premier League,1920,2019-12-21 Everton-Arsenal,Everton,72’,0:0,Michael Keane,Fabian Delph,substitute_in
ENG-Premier League,1920,2019-12-21 Everton-Arsenal,Everton,75’,0:0,Gylfi Sigurðsson,,yellow_card
ENG-Premier League,1920,2019-12-21 Everton-Arsenal,Arsenal,78’,0:0,Alexandre Lacazette,Pierre-Emerick Aubameyang,substitute_in
ENG-Premier League,1920,2019-12-21 Everton-Arsenal,Everton,80’,0:0,Moise Kean,Cenk Tosun,substitute_in
ENG-Premier League,1920,2019-12-21 Everton-Arsenal,Arsenal,87’,0:0,Calum Chambers,,yellow_card
ENG-Premier League,1920,2019-12-21 Everton-Arsenal,Arsenal,90+1’,0:0,Joe Willock,,yellow_card
ENG-Premier League,1920,2020-01-21 Bournemouth-Brighton,Brighton & Hove Albion,28’,0:0,Bernardo,,yellow_card
ENG-Premier League,1920,2020-01-21 Bournemouth-Brighton,Bournemouth,36’,1:0,Harry Wilson,Dominic Solanke,goal
ENG-Premier League,1920,2020-01-21 Bournemouth-Brighton,Bournemouth,41’,2:0,Pascal Groß,,own_goal
ENG-Premier League,1920,2020-01-21 Bournemouth-Brighton,Brighton & Hove Albion,60’,2:0,Aaron Connolly,Alireza Jahanbakhsh,substitute_in
ENG-Premier League,1920,2020-01-21 Bournemouth-Brighton,Brighton & Hove Albion,60’,2:0,Solly March,Bernardo,substitute_in
ENG-Premier League,1920,2020-01-21 Bournemouth-Brighton,Brighton & Hove Albion,60’,2:0,Leandro Trossard,Pascal Groß,substitute_in
ENG-Premier League,1920,2020-01-21 Bournemouth-Brighton,Bournemouth,74’,3:0,Callum Wilson,,goal
ENG-Premier League,1920,2020-01-21 Bournemouth-Brighton,Brighton & Hove Albion,81’,3:1,Aaron Mooy,,goal
ENG-Premier League,1920,2020-01-21 Bournemouth-Brighton,Bournemouth,85’,3:1,Dan Gosling,Dominic Solanke,substitute_in
ENG-Premier League,1920,2020-01-21 Bournemouth-Brighton,Bournemouth,89’,3:1,Lewis Cook,Harry Wilson,substitute_in
ENG-Premier League,1920,2020-01-21 Bournemouth-Brighton,Bournemouth,90+1’,3:1,Jefferson Lerma,,yellow_card
ENG-Premier League,1920,2020-07-06 Tottenham Hotspur-Everton,Tottenham Hotspur,24’,1:0,Michael Keane,,own_goal
ENG-Premier League,1920,2020-07-06 Tottenham Hotspur-Everton,Everton,28’,1:0,Mason Holgate,,yellow_card
ENG-Premier League,1920,2020-07-06 Tottenham Hotspur-Everton,Everton,36’,1:0,Yerry Mina,Mason Holgate,substitute_in
ENG-Premier League,1920,2020-07-06 Tottenham Hotspur-Everton,Everton,46’,1:0,Anthony Gordon,Alex Iwobi,substitute_in
ENG-Premier League,1920,2020-07-06 Tottenham Hotspur-Everton,Tottenham Hotspur,48’,1:0,Moussa Sissoko,,yellow_card
ENG-Premier League,1920,2020-07-06 Tottenham Hotspur-Everton,Everton,67’,1:0,Bernard,Gylfi Sigurðsson,substitute_in
ENG-Premier League,1920,2020-07-06 Tottenham Hotspur-Everton,Tottenham Hotspur,76’,1:0,Ben Davies,,yellow_card
ENG-Premier League,1920,2020-07-06 Tottenham Hotspur-Everton,Everton,77’,1:0,Djibril Sidibé,Séamus Coleman,substitute_in
ENG-Premier League,1920,2020-07-06 Tottenham Hotspur-Everton,Everton,77’,1:0,Moise Kean,Tom Davies,substitute_in
ENG-Premier League,1920,2020-07-06 Tottenham Hotspur-Everton,Tottenham Hotspur,78’,1:0,Steven Bergwijn,Son Heung-min,substitute_in
ENG-Premier League,1920,2020-07-06 Tottenham Hotspur-Everton,Tottenham Hotspur,82’,1:0,Érik Lamela,Lucas Moura,substitute_in
ENG-Premier League,1920,2020-07-06 Tottenham Hotspur-Everton,Tottenham Hotspur,84’,1:0,Toby Alderweireld,,yellow_card
ENG-Premier League,1920,2020-07-06 Tottenham Hotspur-Everton,Everton,87’,1:0,André Gomes,,yellow_card
ENG-Premier League,1920,2020-07-06 Tottenham Hotspur-Everton,Tottenham Hotspur,90+2’,1:0,Jan Vertonghen,Giovani Lo Celso,substitute_in
ENG-Premier League,1920,2019-08-24 Brighton-Southampton,Southampton,21’,0:0,James Ward-Prowse,,yellow_card
ENG-Premier League,1920,2019-08-24 Brighton-Southampton,Brighton & Hove Albion,30’,0:0,Florin Andone,,red_card
ENG-Premier League,1920,2019-08-24 Brighton-Southampton,Southampton,53’,0:0,Moussa Djenepo,Yan Valery,substitute_in
ENG-Premier League,1920,2019-08-24 Brighton-Southampton,Southampton,55’,0:1,Moussa Djenepo,Danny Ings,goal
ENG-Premier League,1920,2019-08-24 Brighton-Southampton,Southampton,62’,0:1,Moussa Djenepo,,yellow_card
ENG-Premier League,1920,2019-08-24 Brighton-Southampton,Brighton & Hove Albion,68’,0:1,Jürgen Locadia,Solly March,substitute_in
ENG-Premier League,1920,2019-08-24 Brighton-Southampton,Brighton & Hove Albion,74’,0:1,Glenn Murray,Neal Maupay,substitute_in
ENG-Premier League,1920,2019-08-24 Brighton-Southampton,Brighton & Hove Albion,78’,0:1,Pascal Groß,Dale Stephens,substitute_in
ENG-Premier League,1920,2019-08-24 Brighton-Southampton,Southampton,80’,0:1,Sofiane Boufal,Che Adams,substitute_in
ENG-Premier League,1920,2019-08-24 Brighton-Southampton,Southampton,82’,0:1,Pierre Højbjerg,,yellow_card
ENG-Premier League,1920,2019-08-24 Brighton-Southampton,Southampton,84’,0:1,Stuart Armstrong,Danny Ings,substitute_in
ENG-Premier League,1920,2019-08-24 Brighton-Southampton,Brighton & Hove Albion,89’,0:1,Martín Montoya,,yellow_card
ENG-Premier League,1920,2019-08-24 Brighton-Southampton,Southampton,90+1’,0:2,Nathan Redmond,Sofiane Boufal,goal
ENG-Premier League,1920,2020-07-19 Bournemouth-Southampton,Southampton,34’,0:0,Jannik Vestergaard,,yellow_card
ENG-Premier League,1920,2020-07-19 Bournemouth-Southampton,Southampton,41’,0:1,Danny Ings,Nathan Redmond,goal
ENG-Premier League,1920,2020-07-19 Bournemouth-Southampton,Bournemouth,46’,0:1,Harry Wilson,David Brooks,substitute_in
ENG-Premier League,1920,2020-07-19 Bournemouth-Southampton,Bournemouth,47’,0:1,Philip Billing,,yellow_card
ENG-Premier League,1920,2020-07-19 Bournemouth-Southampton,Southampton,59’,0:1,Danny Ings,Aaron Ramsdale,penalty_miss
ENG-Premier League,1920,2020-07-19 Bournemouth-Southampton,Southampton,66’,0:1,Che Adams,Shane Long,substitute_in
ENG-Premier League,1920,2020-07-19 Bournemouth-Southampton,Bournemouth,69’,0:1,Lewis Cook,Joshua King,substitute_in
ENG-Premier League,1920,2020-07-19 Bournemouth-Southampton,Bournemouth,70’,0:1,Dominic Solanke,Junior Stanislas,substitute_in
ENG-Premier League,1920,2020-07-19 Bournemouth-Southampton,Southampton,77’,0:1,Pierre Højbjerg,Oriol Romeu,substitute_in
ENG-Premier League,1920,2020-07-19 Bournemouth-Southampton,Bournemouth,78’,0:1,Lewis Cook,,yellow_card
ENG-Premier League,1920,2020-07-19 Bournemouth-Southampton,Bournemouth,82’,0:1,Sam Surridge,Jefferson Lerma,substitute_in
ENG-Premier League,1920,2020-07-19 Bournemouth-Southampton,Bournemouth,87’,0:1,Dan Gosling,Philip Billing,substitute_in
ENG-Premier League,1920,2020-07-19 Bournemouth-Southampton,Southampton,90+3’,0:1,James Ward-Prowse,,yellow_card
ENG-Premier League,1920,2020-07-19 Bournemouth-Southampton,Southampton,90+4’,0:1,Michael Obafemi,Danny Ings,substitute_in
ENG-Premier League,1920,2020-07-19 Bournemouth-Southampton,Southampton,90+8’,0:2,Che Adams,Michael Obafemi,goal
ENG-Premier League,1920,2020-02-19 Manchester City-West Ham United,Manchester City,30’,1:0,Rodri,Kevin De Bruyne,goal
ENG-Premier League,1920,2020-02-19 Manchester City-West Ham United,West Ham United,45’,1:0,Arthur Masuaku,,yellow_card
ENG-Premier League,1920,2020-02-19 Manchester City-West Ham United,West Ham United,60’,1:0,Pablo Zabaleta,Ryan Fredericks,substitute_in
ENG-Premier League,1920,2020-02-19 Manchester City-West Ham United,Manchester City,62’,2:0,Kevin De Bruyne,Bernardo Silva,goal
ENG-Premier League,1920,2020-02-19 Manchester City-West Ham United,Manchester City,65’,2:0,John Stones,Aymeric Laporte,substitute_in
ENG-Premier League,1920,2020-02-19 Manchester City-West Ham United,Manchester City,79’,2:0,İlkay Gündoğan,Kevin De Bruyne,substitute_in
ENG-Premier League,1920,2020-02-19 Manchester City-West Ham United,West Ham United,80’,2:0,Jarrod Bowen,Robert Snodgrass,substitute_in
ENG-Premier League,1920,2020-02-19 Manchester City-West Ham United,Manchester City,85’,2:0,Phil Foden,David Silva,substitute_in
ENG-Premier League,1920,2020-06-25 Chelsea-Manchester City,Chelsea,36’,1:0,Christian Pulisic,,goal
ENG-Premier League,1920,2020-06-25 Chelsea-Manchester City,Chelsea,38’,1:0,Marcos Alonso,,yellow_card
ENG-Premier League,1920,2020-06-25 Chelsea-Manchester City,Manchester City,55’,1:1,Kevin De Bruyne,,goal
ENG-Premier League,1920,2020-06-25 Chelsea-Manchester City,Manchester City,55’,1:1,Gabriel Jesus,Bernardo Silva,substitute_in
ENG-Premier League,1920,2020-06-25 Chelsea-Manchester City,Manchester City,55’,1:1,David Silva,Rodri,substitute_in
ENG-Premier League,1920,2020-06-25 Chelsea-Manchester City,Manchester City,59’,1:1,Oleksandr Zinchenko,Benjamin Mendy,substitute_in
ENG-Premier League,1920,2020-06-25 Chelsea-Manchester City,Chelsea,62’,1:1,Tammy Abraham,Olivier Giroud,substitute_in
ENG-Premier League,1920,2020-06-25 Chelsea-Manchester City,Chelsea,73’,1:1,Mateo Kovačić,Ross Barkley,substitute_in
ENG-Premier League,1920,2020-06-25 Chelsea-Manchester City,Manchester City,74’,1:1,Nicolás Otamendi,Aymeric Laporte,substitute_in
ENG-Premier League,1920,2020-06-25 Chelsea-Manchester City,Manchester City,76’,1:1,Kevin De Bruyne,,yellow_card
ENG-Premier League,1920,2020-06-25 Chelsea-Manchester City,Manchester City,77’,1:1,Fernandinho,,red_card
ENG-Premier League,1920,2020-06-25 Chelsea-Manchester City,Chelsea,78’,2:1,Willian,,penalty_goal
ENG-Premier League,1920,2020-06-25 Chelsea-Manchester City,Chelsea,90+1’,2:1,Billy Gilmour,Christian Pulisic,substitute_in
ENG-Premier League,1920,2020-06-25 Chelsea-Manchester City,Chelsea,90+1’,2:1,Pedro,Mason Mount,substitute_in
ENG-Premier League,1920,2020-02-22 Burnley-Bournemouth,Bournemouth,43’,0:0,Simon Francis,,yellow_card
ENG-Premier League,1920,2020-02-22 Burnley-Bournemouth,Burnley,53’,1:0,Matěj Vydra,Dwight McNeil,goal
ENG-Premier League,1920,2020-02-22 Burnley-Bournemouth,Burnley,61’,2:0,Jay Rodriguez,,penalty_goal
ENG-Premier League,1920,2020-02-22 Burnley-Bournemouth,Burnley,64’,2:0,Phil Bardsley,,yellow_card
ENG-Premier League,1920,2020-02-22 Burnley-Bournemouth,Bournemouth,70’,2:0,Junior Stanislas,Joshua King,substitute_in
ENG-Premier League,1920,2020-02-22 Burnley-Bournemouth,Bournemouth,70’,2:0,Ryan Fraser,Dan Gosling,substitute_in
ENG-Premier League,1920,2020-02-22 Burnley-Bournemouth,Bournemouth,74’,2:0,Dominic Solanke,Harry Wilson,substitute_in
ENG-Premier League,1920,2020-02-22 Burnley-Bournemouth,Burnley,82’,2:0,Aaron Lennon,Matěj Vydra,substitute_in
ENG-Premier League,1920,2020-02-22 Burnley-Bournemouth,Burnley,83’,2:0,Aaron Lennon,,yellow_card
ENG-Premier League,1920,2020-02-22 Burnley-Bournemouth,Burnley,87’,3:0,Dwight McNeil,Phil Bardsley,goal
ENG-Premier League,1920,2020-02-22 Burnley-Bournemouth,Burnley,89’,3:0,Jeff Hendrick,,yellow_card
ENG-Premier League,1920,2020-02-22 Burnley-Bournemouth,Burnley,90+1’,3:0,Josh Brownhill,Dwight McNeil,substitute_in
ENG-Premier League,1920,2020-02-22 Burnley-Bournemouth,Burnley,90+1’,3:0,Robbie Brady,Jack Cork,substitute_in
ENG-Premier League,1920,2020-02-22 Burnley-Bournemouth,Burnley,90+4’,3:0,Ben Mee,,yellow_card
ENG-Premier League,1920,2020-02-22 Burnley-Bournemouth,Bournemouth,90’,3:0,Adam Smith,,yellow_card
ENG-Premier League,1920,2020-02-22 Burnley-Bournemouth,Bournemouth,90’,3:0,Steve Cook,,yellow_card
ENG-Premier League,1920,2020-01-18 Brighton-Aston Villa,Aston Villa,14’,0:0,Danny Drinkwater,,yellow_card
ENG-Premier League,1920,2020-01-18 Brighton-Aston Villa,Brighton & Hove Albion,38’,1:0,Leandro Trossard,Neal Maupay,goal
ENG-Premier League,1920,2020-01-18 Brighton-Aston Villa,Brighton & Hove Albion,43’,1:0,Lewis Dunk,,yellow_card
ENG-Premier League,1920,2020-01-18 Brighton-Aston Villa,Aston Villa,67’,1:0,Indiana Vassilev,Trézéguet,substitute_in
ENG-Premier League,1920,2020-01-18 Brighton-Aston Villa,Brighton & Hove Albion,68’,1:0,Martín Montoya,Aaron Connolly,substitute_in
ENG-Premier League,1920,2020-01-18 Brighton-Aston Villa,Aston Villa,68’,1:0,Douglas Luiz,Danny Drinkwater,substitute_in
ENG-Premier League,1920,2020-01-18 Brighton-Aston Villa,Aston Villa,75’,1:1,Jack Grealish,Douglas Luiz,goal
ENG-Premier League,1920,2020-01-18 Brighton-Aston Villa,Brighton & Hove Albion,81’,1:1,Pascal Groß,Aaron Mooy,substitute_in
ENG-Premier League,1920,2020-01-18 Brighton-Aston Villa,Brighton & Hove Albion,81’,1:1,Glenn Murray,Leandro Trossard,substitute_in
ENG-Premier League,1920,2020-01-18 Brighton-Aston Villa,Aston Villa,81’,1:1,Marvelous Nakamba,,yellow_card
ENG-Premier League,1920,2020-01-18 Brighton-Aston Villa,Aston Villa,86’,1:1,Conor Hourihane,Marvelous Nakamba,substitute_in
ENG-Premier League,1920,2020-01-18 Brighton-Aston Villa,Brighton & Hove Albion,90+1’,1:1,Adam Webster,,yellow_card
ENG-Premier League,1920,2020-01-18 Brighton-Aston Villa,Brighton & Hove Albion,90+5’,1:1,Neal Maupay,,yellow_card
ENG-Premier League,1920,2020-01-18 Brighton-Aston Villa,Aston Villa,90+5’,1:1,Conor Hourihane,,yellow_card
ENG-Premier League,1920,2020-01-19 Burnley-Leicester City,Leicester City,33’,0:1,Harvey Barnes,Dennis Praet,goal
ENG-Premier League,1920,2020-01-19 Burnley-Leicester City,Burnley,56’,1:1,Chris Wood,,goal
ENG-Premier League,1920,2020-01-19 Burnley-Leicester City,Burnley,67’,1:1,Ben Mee,,yellow_card
ENG-Premier League,1920,2020-01-19 Burnley-Leicester City,Leicester City,68’,1:1,Jamie Vardy,Nick Pope,penalty_miss
ENG-Premier League,1920,2020-01-19 Burnley-Leicester City,Leicester City,74’,1:1,Kelechi Iheanacho,Ayoze Pérez,substitute_in
ENG-Premier League,1920,2020-01-19 Burnley-Leicester City,Leicester City,74’,1:1,Youri Tielemans,Dennis Praet,substitute_in
ENG-Premier League,1920,2020-01-19 Burnley-Leicester City,Burnley,79’,2:1,Ashley Westwood,,goal
ENG-Premier League,1920,2020-01-19 Burnley-Leicester City,Burnley,90+3’,2:1,Aaron Lennon,Chris Wood,substitute_in
ENG-Premier League,1920,2020-06-30 Brighton-Manchester Utd,Manchester United,16’,0:1,Mason Greenwood,Aaron Wan-Bissaka,goal
ENG-Premier League,1920,2020-06-30 Brighton-Manchester Utd,Manchester United,29’,0:2,Bruno Fernandes,Paul Pogba,goal
ENG-Premier League,1920,2020-06-30 Brighton-Manchester Utd,Brighton & Hove Albion,46’,0:2,Leandro Trossard,Tariq Lamptey,substitute_in
ENG-Premier League,1920,2020-06-30 Brighton-Manchester Utd,Brighton & Hove Albion,46’,0:2,Neal Maupay,Davy Pröpper,substitute_in
ENG-Premier League,1920,2020-06-30 Brighton-Manchester Utd,Manchester United,49’,0:2,Luke Shaw,,yellow_card
ENG-Premier League,1920,2020-06-30 Brighton-Manchester Utd,Manchester United,50’,0:3,Bruno Fernandes,Mason Greenwood,goal
ENG-Premier League,1920,2020-06-30 Brighton-Manchester Utd,Manchester United,64’,0:3,Brandon Williams,Luke Shaw,substitute_in
ENG-Premier League,1920,2020-06-30 Brighton-Manchester Utd,Manchester United,64’,0:3,Andreas Pereira,Bruno Fernandes,substitute_in
ENG-Premier League,1920,2020-06-30 Brighton-Manchester Utd,Manchester United,64’,0:3,Scott McTominay,Paul Pogba,substitute_in
ENG-Premier League,1920,2020-06-30 Brighton-Manchester Utd,Manchester United,78’,0:3,Odion Ighalo,Anthony Martial,substitute_in
ENG-Premier League,1920,2020-06-30 Brighton-Manchester Utd,Manchester United,78’,0:3,Daniel James,Marcus Rashford,substitute_in
ENG-Premier League,1920,2020-06-30 Brighton-Manchester Utd,Brighton & Hove Albion,81’,0:3,Aaron Mooy,Alexis Mac Allister,substitute_in
ENG-Premier League,1920,2020-06-30 Brighton-Manchester Utd,Brighton & Hove Albion,81’,0:3,Bernardo,Lewis Dunk,substitute_in
ENG-Premier League,1920,2020-06-30 Brighton-Manchester Utd,Brighton & Hove Albion,87’,0:3,Solly March,Aaron Connolly,substitute_in
ENG-Premier League,1920,2019-12-15 Arsenal-Manchester City,Manchester City,15’,0:2,Raheem Sterling,,goal
ENG-Premier League,1920,2019-12-15 Arsenal-Manchester City,Manchester City,17’,0:2,Fernandinho,,yellow_card
ENG-Premier League,1920,2019-12-15 Arsenal-Manchester City,Manchester City,2’,0:1,Kevin De Bruyne,Gabriel Jesus,goal
ENG-Premier League,1920,2019-12-15 Arsenal-Manchester City,Manchester City,35’,0:2,Rodri,,yellow_card
ENG-Premier League,1920,2019-12-15 Arsenal-Manchester City,Arsenal,40’,0:3,Bukayo Saka,Sead Kolašinac,substitute_in
ENG-Premier League,1920,2019-12-15 Arsenal-Manchester City,Manchester City,40’,0:3,Kevin De Bruyne,Phil Foden,goal
ENG-Premier League,1920,2019-12-15 Arsenal-Manchester City,Manchester City,56’,0:3,Bernardo Silva,Phil Foden,substitute_in
ENG-Premier League,1920,2019-12-15 Arsenal-Manchester City,Arsenal,59’,0:3,Emile Smith Rowe,Mesut Özil,substitute_in
ENG-Premier League,1920,2019-12-15 Arsenal-Manchester City,Manchester City,61’,0:3,İlkay Gündoğan,,yellow_card
ENG-Premier League,1920,2019-12-15 Arsenal-Manchester City,Manchester City,62’,0:3,Benjamin Mendy,,yellow_card
ENG-Premier League,1920,2019-12-15 Arsenal-Manchester City,Manchester City,70’,0:3,Riyad Mahrez,İlkay Gündoğan,substitute_in
ENG-Premier League,1920,2019-12-15 Arsenal-Manchester City,Arsenal,72’,0:3,Sokratis Papastathopoulos,,yellow_card
ENG-Premier League,1920,2019-12-15 Arsenal-Manchester City,Arsenal,81’,0:3,Joe Willock,Lucas Torreira,substitute_in
ENG-Premier League,1920,2019-12-15 Arsenal-Manchester City,Manchester City,85’,0:3,Oleksandr Zinchenko,Benjamin Mendy,substitute_in
ENG-Premier League,1920,2020-07-22 Manchester Utd-West Ham United,Manchester United,44’,0:0,Timothy Fosu-Mensah,,yellow_card
ENG-Premier League,1920,2020-07-22 Manchester Utd-West Ham United,West Ham United,45+2’,0:1,Michail Antonio,,penalty_goal
ENG-Premier League,1920,2020-07-22 Manchester Utd-West Ham United,Manchester United,46’,0:1,Aaron Wan-Bissaka,Timothy Fosu-Mensah,substitute_in
ENG-Premier League,1920,2020-07-22 Manchester Utd-West Ham United,Manchester United,51’,1:1,Mason Greenwood,Anthony Martial,goal
ENG-Premier League,1920,2020-07-22 Manchester Utd-West Ham United,Manchester United,70’,1:1,Marcus Rashford,,yellow_card
ENG-Premier League,1920,2020-07-22 Manchester Utd-West Ham United,West Ham United,75’,1:1,Arthur Masuaku,Aaron Cresswell,substitute_in
ENG-Premier League,1920,2020-07-22 Manchester Utd-West Ham United,West Ham United,78’,1:1,Sébastien Haller,Michail Antonio,substitute_in
ENG-Premier League,1920,2020-07-22 Manchester Utd-West Ham United,Manchester United,81’,1:1,Bruno Fernandes,,yellow_card
ENG-Premier League,1920,2020-07-22 Manchester Utd-West Ham United,West Ham United,81’,1:1,Arthur Masuaku,,yellow_card
ENG-Premier League,1920,2020-07-22 Manchester Utd-West Ham United,Manchester United,85’,1:1,Odion Ighalo,Marcus Rashford,substitute_in
ENG-Premier League,1920,2020-07-22 Manchester Utd-West Ham United,West Ham United,90+1’,1:1,Andriy Yarmolenko,Jarrod Bowen,substitute_in
ENG-Premier League,1920,2020-03-07 Arsenal-West Ham United,Arsenal,59’,0:0,Alexandre Lacazette,Eddie Nketiah,substitute_in
ENG-Premier League,1920,2020-03-07 Arsenal-West Ham United,Arsenal,63’,0:0,Sokratis Papastathopoulos,,yellow_card
ENG-Premier League,1920,2020-03-07 Arsenal-West Ham United,Arsenal,69’,0:0,Reiss Nelson,Nicolas Pépé,substitute_in
ENG-Premier League,1920,2020-03-07 Arsenal-West Ham United,Arsenal,78’,1:0,Alexandre Lacazette,Mesut Özil,goal
ENG-Premier League,1920,2020-03-07 Arsenal-West Ham United,West Ham United,81’,1:0,Tomáš Souček,Mark Noble,substitute_in
ENG-Premier League,1920,2020-03-07 Arsenal-West Ham United,West Ham United,87’,1:0,Felipe Anderson,Pablo Fornals,substitute_in
ENG-Premier League,1920,2020-03-07 Arsenal-West Ham United,Arsenal,89’,1:0,Héctor Bellerín,Mesut Özil,substitute_in
ENG-Premier League,1920,2020-03-07 Arsenal-West Ham United,West Ham United,90+3’,1:0,Michail Antonio,,yellow_card
ENG-Premier League,1920,2020-03-07 Arsenal-West Ham United,West Ham United,90’,1:0,Robert Snodgrass,Jarrod Bowen,substitute_in
ENG-Premier League,1920,2020-03-07 Arsenal-West Ham United,West Ham United,9’,0:0,Pablo Fornals,,yellow_card
ENG-Premier League,1920,2019-08-11 Leicester City-Wolves,Wolverhampton Wanderers,31’,0:0,Jonny Castro,,yellow_card
ENG-Premier League,1920,2019-08-11 Leicester City-Wolves,Wolverhampton Wanderers,60’,0:0,Rúben Neves,,yellow_card
ENG-Premier League,1920,2019-08-11 Leicester City-Wolves,Leicester City,61’,0:0,Harvey Barnes,Hamza Choudhury,substitute_in
ENG-Premier League,1920,2019-08-11 Leicester City-Wolves,Leicester City,76’,0:0,Marc Albrighton,Ayoze Pérez,substitute_in
ENG-Premier League,1920,2019-08-11 Leicester City-Wolves,Wolverhampton Wanderers,76’,0:0,Patrick Cutrone,Diogo Jota,substitute_in
ENG-Premier League,1920,2019-08-11 Leicester City-Wolves,Wolverhampton Wanderers,81’,0:0,Romain Saïss,Rúben Neves,substitute_in
ENG-Premier League,1920,2020-01-11 Leicester City-Southampton,Leicester City,14’,1:0,Dennis Praet,Jamie Vardy,goal
ENG-Premier League,1920,2020-01-11 Leicester City-Southampton,Southampton,16’,1:0,Stuart Armstrong,,yellow_card
ENG-Premier League,1920,2020-01-11 Leicester City-Southampton,Southampton,19’,1:1,Stuart Armstrong,Shane Long,goal
ENG-Premier League,1920,2020-01-11 Leicester City-Southampton,Leicester City,58’,1:1,Kelechi Iheanacho,Harvey Barnes,substitute_in
ENG-Premier League,1920,2020-01-11 Leicester City-Southampton,Leicester City,67’,1:1,Demarai Gray,Ayoze Pérez,substitute_in
ENG-Premier League,1920,2020-01-11 Leicester City-Southampton,Southampton,72’,1:1,Pierre Højbjerg,,yellow_card
ENG-Premier League,1920,2020-01-11 Leicester City-Southampton,Leicester City,77’,1:1,Youri Tielemans,Dennis Praet,substitute_in
ENG-Premier League,1920,2020-01-11 Leicester City-Southampton,Southampton,78’,1:1,Che Adams,Shane Long,substitute_in
ENG-Premier League,1920,2020-01-11 Leicester City-Southampton,Southampton,78’,1:1,Moussa Djenepo,Stuart Armstrong,substitute_in
ENG-Premier League,1920,2020-01-11 Leicester City-Southampton,Southampton,81’,1:2,Danny Ings,Che Adams,goal
ENG-Premier League,1920,2020-01-11 Leicester City-Southampton,Southampton,81’,1:2,Danny Ings,,yellow_card
ENG-Premier League,1920,2020-01-11 Leicester City-Southampton,Southampton,90+2’,1:2,Oriol Romeu,Nathan Redmond,substitute_in
ENG-Premier League,1920,2019-12-07 Manchester City-Manchester Utd,Manchester City,22’,0:0,Bernardo Silva,,yellow_card
ENG-Premier League,1920,2019-12-07 Manchester City-Manchester Utd,Manchester United,23’,0:1,Marcus Rashford,,penalty_goal
ENG-Premier League,1920,2019-12-07 Manchester City-Manchester Utd,Manchester United,29’,0:2,Anthony Martial,Daniel James,goal
ENG-Premier League,1920,2019-12-07 Manchester City-Manchester Utd,Manchester United,54’,0:2,David de Gea,,yellow_card
ENG-Premier League,1920,2019-12-07 Manchester City-Manchester Utd,Manchester City,59’,0:2,Nicolás Otamendi,John Stones,substitute_in
ENG-Premier League,1920,2019-12-07 Manchester City-Manchester Utd,Manchester City,65’,0:2,Riyad Mahrez,Bernardo Silva,substitute_in
ENG-Premier League,1920,2019-12-07 Manchester City-Manchester Utd,Manchester United,74’,0:2,Andreas Pereira,,yellow_card
ENG-Premier League,1920,2019-12-07 Manchester City-Manchester Utd,Manchester United,74’,0:2,Andreas Pereira,Anthony Martial,substitute_in
ENG-Premier League,1920,2019-12-07 Manchester City-Manchester Utd,Manchester City,79’,0:2,Kevin De Bruyne,,yellow_card
ENG-Premier League,1920,2019-12-07 Manchester City-Manchester Utd,Manchester City,85’,1:2,Nicolás Otamendi,Riyad Mahrez,goal
ENG-Premier League,1920,2019-12-07 Manchester City-Manchester Utd,Manchester City,86’,1:2,İlkay Gündoğan,Rodri,substitute_in
ENG-Premier League,1920,2019-12-07 Manchester City-Manchester Utd,Manchester United,88’,1:2,Ashley Young,Luke Shaw,substitute_in
ENG-Premier League,1920,2019-12-07 Manchester City-Manchester Utd,Manchester United,89’,1:2,Axel Tuanzebe,Jesse Lingard,substitute_in
ENG-Premier League,1920,2019-12-07 Manchester City-Manchester Utd,Manchester City,90+4’,1:2,Kyle Walker,,yellow_card
ENG-Premier League,1920,2019-08-31 Southampton-Manchester Utd,Manchester United,10’,0:1,Daniel James,Scott McTominay,goal
ENG-Premier League,1920,2019-08-31 Southampton-Manchester Utd,Southampton,19’,0:1,Kevin Danso,,yellow_card
ENG-Premier League,1920,2019-08-31 Southampton-Manchester Utd,Manchester United,40’,0:1,Harry Maguire,,yellow_card
ENG-Premier League,1920,2019-08-31 Southampton-Manchester Utd,Southampton,58’,1:1,Jannik Vestergaard,Kevin Danso,goal
ENG-Premier League,1920,2019-08-31 Southampton-Manchester Utd,Southampton,62’,1:1,Shane Long,Che Adams,substitute_in
ENG-Premier League,1920,2019-08-31 Southampton-Manchester Utd,Manchester United,68’,1:1,Jesse Lingard,Andreas Pereira,substitute_in
ENG-Premier League,1920,2019-08-31 Southampton-Manchester Utd,Manchester United,68’,1:1,Nemanja Matić,Juan Mata,substitute_in
ENG-Premier League,1920,2019-08-31 Southampton-Manchester Utd,Southampton,71’,1:1,Stuart Armstrong,Sofiane Boufal,substitute_in
ENG-Premier League,1920,2019-08-31 Southampton-Manchester Utd,Southampton,73’,1:1,Kevin Danso,,yellow_red_card
ENG-Premier League,1920,2019-08-31 Southampton-Manchester Utd,Southampton,77’,1:1,Maya Yoshida,Danny Ings,substitute_in
ENG-Premier League,1920,2019-08-31 Southampton-Manchester Utd,Manchester United,82’,1:1,Mason Greenwood,Scott McTominay,substitute_in
ENG-Premier League,1920,2019-08-31 Southampton-Manchester Utd,Manchester United,90+4’,1:1,Ashley Young,,yellow_card
ENG-Premier League,1920,2019-08-31 Southampton-Manchester Utd,Southampton,90+6’,1:1,Stuart Armstrong,,yellow_card
ENG-Premier League,1920,2020-03-08 Chelsea-Everton,Chelsea,14’,1:0,Mason Mount,Pedro,goal
ENG-Premier League,1920,2020-03-08 Chelsea-Everton,Chelsea,21’,2:0,Pedro,Ross Barkley,goal
ENG-Premier League,1920,2020-03-08 Chelsea-Everton,Everton,46’,2:0,Theo Walcott,Bernard,substitute_in
ENG-Premier League,1920,2020-03-08 Chelsea-Everton,Chelsea,51’,3:0,Willian,Ross Barkley,goal
ENG-Premier League,1920,2020-03-08 Chelsea-Everton,Everton,53’,3:0,André Gomes,,yellow_card
ENG-Premier League,1920,2020-03-08 Chelsea-Everton,Chelsea,54’,4:0,Olivier Giroud,Willian,goal
ENG-Premier League,1920,2020-03-08 Chelsea-Everton,Everton,58’,4:0,Moise Kean,Tom Davies,substitute_in
ENG-Premier League,1920,2020-03-08 Chelsea-Everton,Chelsea,60’,4:0,Reece James,Mason Mount,substitute_in
ENG-Premier League,1920,2020-03-08 Chelsea-Everton,Chelsea,71’,4:0,Faustino Anjorin,Willian,substitute_in
ENG-Premier League,1920,2020-03-08 Chelsea-Everton,Everton,76’,4:0,Anthony Gordon,Dominic Calvert-Lewin,substitute_in
ENG-Premier League,1920,2020-03-08 Chelsea-Everton,Chelsea,82’,4:0,Kurt Zouma,,yellow_card
ENG-Premier League,1920,2020-03-08 Chelsea-Everton,Chelsea,86’,4:0,Armando Broja,Olivier Giroud,substitute_in
ENG-Premier League,1920,2020-03-08 Chelsea-Everton,Everton,90+1’,4:0,Mason Holgate,,yellow_card
ENG-Premier League,1920,2019-10-19 Chelsea-Newcastle United,Chelsea,23’,0:0,Marcos Alonso,,yellow_card
ENG-Premier League,1920,2019-10-19 Chelsea-Newcastle United,Chelsea,43’,0:0,Mateo Kovačić,Ross Barkley,substitute_in
ENG-Premier League,1920,2019-10-19 Chelsea-Newcastle United,Newcastle United,43’,0:0,Ciaran Clark,,yellow_card
ENG-Premier League,1920,2019-10-19 Chelsea-Newcastle United,Chelsea,45+1’,0:0,Fikayo Tomori,,yellow_card
ENG-Premier League,1920,2019-10-19 Chelsea-Newcastle United,Chelsea,64’,0:0,Christian Pulisic,Mason Mount,substitute_in
ENG-Premier League,1920,2019-10-19 Chelsea-Newcastle United,Newcastle United,70’,0:0,Andy Carroll,Miguel Almirón,substitute_in
ENG-Premier League,1920,2019-10-19 Chelsea-Newcastle United,Chelsea,73’,1:0,Marcos Alonso,Callum Hudson-Odoi,goal
ENG-Premier League,1920,2019-10-19 Chelsea-Newcastle United,Newcastle United,83’,1:0,Christian Atsu,Joelinton,substitute_in
ENG-Premier League,1920,2019-10-19 Chelsea-Newcastle United,Newcastle United,85’,1:0,Dwight Gayle,Allan Saint-Maximin,substitute_in
ENG-Premier League,1920,2019-10-19 Chelsea-Newcastle United,Chelsea,90+2’,1:0,Reece James,Callum Hudson-Odoi,substitute_in
ENG-Premier League,1920,2019-08-25 Tottenham Hotspur-Newcastle United,Tottenham Hotspur,11’,0:0,Harry Winks,,yellow_card
ENG-Premier League,1920,2019-08-25 Tottenham Hotspur-Newcastle United,Newcastle United,17’,0:0,Christian Atsu,Allan Saint-Maximin,substitute_in
ENG-Premier League,1920,2019-08-25 Tottenham Hotspur-Newcastle United,Newcastle United,27’,0:1,Joelinton,Christian Atsu,goal
ENG-Premier League,1920,2019-08-25 Tottenham Hotspur-Newcastle United,Newcastle United,47’,0:1,Matt Ritchie,,yellow_card
ENG-Premier League,1920,2019-08-25 Tottenham Hotspur-Newcastle United,Tottenham Hotspur,62’,0:1,Christian Eriksen,Kyle Walker-Peters,substitute_in
ENG-Premier League,1920,2019-08-25 Tottenham Hotspur-Newcastle United,Tottenham Hotspur,62’,0:1,Giovani Lo Celso,Érik Lamela,substitute_in
ENG-Premier League,1920,2019-08-25 Tottenham Hotspur-Newcastle United,Tottenham Hotspur,66’,0:1,Danny Rose,,yellow_card
ENG-Premier League,1920,2019-08-25 Tottenham Hotspur-Newcastle United,Newcastle United,82’,0:1,Federico Fernández,Jamaal Lascelles,substitute_in
ENG-Premier League,1920,2019-08-25 Tottenham Hotspur-Newcastle United,Newcastle United,87’,0:1,Joelinton,,yellow_card
ENG-Premier League,1920,2019-08-25 Tottenham Hotspur-Newcastle United,Tottenham Hotspur,88’,0:1,Ben Davies,Danny Rose,substitute_in
ENG-Premier League,1920,2019-08-25 Tottenham Hotspur-Newcastle United,Newcastle United,88’,0:1,Yoshinori Mutō,Joelinton,substitute_in
ENG-Premier League,1920,2020-07-05 Burnley-Sheffield United,Burnley,43’,1:0,James Tarkowski,Jay Rodriguez,goal
ENG-Premier League,1920,2020-07-05 Burnley-Sheffield United,Sheffield United,54’,1:0,Billy Sharp,Oliver Norwood,substitute_in
ENG-Premier League,1920,2020-07-05 Burnley-Sheffield United,Sheffield United,55’,1:0,Jack O'Connell,Jack Robinson,substitute_in
ENG-Premier League,1920,2020-07-05 Burnley-Sheffield United,Burnley,69’,1:0,Chris Wood,Matěj Vydra,substitute_in
ENG-Premier League,1920,2020-07-05 Burnley-Sheffield United,Sheffield United,71’,1:0,Lys Mousset,Oliver McBurnie,substitute_in
ENG-Premier League,1920,2020-07-05 Burnley-Sheffield United,Sheffield United,75’,1:0,Jack Rodwell,Chris Basham,substitute_in
ENG-Premier League,1920,2020-07-05 Burnley-Sheffield United,Sheffield United,80’,1:1,John Egan,Billy Sharp,goal
ENG-Premier League,1920,2020-07-05 Burnley-Sheffield United,Burnley,90+5’,1:1,Jóhann Berg Guðmundsson,Erik Pieters,substitute_in
ENG-Premier League,1920,2020-07-05 Liverpool-Aston Villa,Liverpool,21’,0:0,Andrew Robertson,,yellow_card
ENG-Premier League,1920,2020-07-05 Liverpool-Aston Villa,Aston Villa,36’,0:0,John McGinn,,yellow_card
ENG-Premier League,1920,2020-07-05 Liverpool-Aston Villa,Liverpool,60’,0:0,Roberto Firmino,Divock Origi,substitute_in
ENG-Premier League,1920,2020-07-05 Liverpool-Aston Villa,Liverpool,61’,0:0,Jordan Henderson,Fabinho,substitute_in
ENG-Premier League,1920,2020-07-05 Liverpool-Aston Villa,Liverpool,61’,0:0,Georginio Wijnaldum,Alex Oxlade-Chamberlain,substitute_in
ENG-Premier League,1920,2020-07-05 Liverpool-Aston Villa,Liverpool,71’,1:0,Sadio Mané,Naby Keïta,goal
ENG-Premier League,1920,2020-07-05 Liverpool-Aston Villa,Aston Villa,74’,1:0,Mbwana Samatta,Keinan Davis,substitute_in
ENG-Premier League,1920,2020-07-05 Liverpool-Aston Villa,Aston Villa,74’,1:0,Jota,Anwar El Ghazi,substitute_in
ENG-Premier League,1920,2020-07-05 Liverpool-Aston Villa,Liverpool,85’,1:0,Curtis Jones,Naby Keïta,substitute_in
ENG-Premier League,1920,2020-07-05 Liverpool-Aston Villa,Aston Villa,85’,1:0,Indiana Vassilev,Trézéguet,substitute_in
ENG-Premier League,1920,2020-07-05 Liverpool-Aston Villa,Liverpool,89’,2:0,Curtis Jones,Mohamed Salah,goal
ENG-Premier League,1920,2020-07-05 Liverpool-Aston Villa,Liverpool,90+4’,2:0,Neco Williams,Andrew Robertson,substitute_in
ENG-Premier League,1920,2020-02-22 Sheffield United-Brighton,Brighton & Hove Albion,10’,0:0,Yves Bissouma,,yellow_card
ENG-Premier League,1920,2020-02-22 Sheffield United-Brighton,Brighton & Hove Albion,23’,0:0,Davy Pröpper,,yellow_card
ENG-Premier League,1920,2020-02-22 Sheffield United-Brighton,Sheffield United,26’,1:0,Enda Stevens,,goal
ENG-Premier League,1920,2020-02-22 Sheffield United-Brighton,Brighton & Hove Albion,30’,1:1,Neal Maupay,Adam Webster,goal
ENG-Premier League,1920,2020-02-22 Sheffield United-Brighton,Sheffield United,46’,1:1,Ben Osborn,Enda Stevens,substitute_in
ENG-Premier League,1920,2020-02-22 Sheffield United-Brighton,Sheffield United,74’,1:1,David McGoldrick,Billy Sharp,substitute_in
ENG-Premier League,1920,2020-02-22 Sheffield United-Brighton,Brighton & Hove Albion,75’,1:1,Aaron Connolly,Glenn Murray,substitute_in
ENG-Premier League,1920,2020-02-22 Sheffield United-Brighton,Brighton & Hove Albion,75’,1:1,Leandro Trossard,Ezequiel Schelotto,substitute_in
ENG-Premier League,1920,2020-02-22 Sheffield United-Brighton,Sheffield United,81’,1:1,John Lundstram,Sander Berge,substitute_in
ENG-Premier League,1920,2020-02-22 Sheffield United-Brighton,Brighton & Hove Albion,90+3’,1:1,Bernardo,Neal Maupay,substitute_in
ENG-Premier League,1920,2020-07-01 Everton-Leicester City,Everton,10’,1:0,Richarlison,Anthony Gordon,goal
ENG-Premier League,1920,2020-07-01 Everton-Leicester City,Everton,16’,2:0,Gylfi Sigurðsson,,penalty_goal
ENG-Premier League,1920,2020-07-01 Everton-Leicester City,Leicester City,46’,2:0,James Maddison,Dennis Praet,substitute_in
ENG-Premier League,1920,2020-07-01 Everton-Leicester City,Leicester City,46’,2:0,Kelechi Iheanacho,Harvey Barnes,substitute_in
ENG-Premier League,1920,2020-07-01 Everton-Leicester City,Leicester City,51’,2:1,Kelechi Iheanacho,,goal
ENG-Premier League,1920,2020-07-01 Everton-Leicester City,Leicester City,54’,2:1,Wilfred Ndidi,,yellow_card
ENG-Premier League,1920,2020-07-01 Everton-Leicester City,Everton,57’,2:1,Tom Davies,Richarlison,substitute_in
ENG-Premier League,1920,2020-07-01 Everton-Leicester City,Everton,68’,2:1,Yerry Mina,Alex Iwobi,substitute_in
ENG-Premier League,1920,2020-07-01 Everton-Leicester City,Everton,74’,2:1,Jordan Pickford,,yellow_card
ENG-Premier League,1920,2020-07-01 Everton-Leicester City,Everton,79’,2:1,Bernard,Anthony Gordon,substitute_in
ENG-Premier League,1920,2020-07-01 Everton-Leicester City,Leicester City,81’,2:1,Ayoze Pérez,Youri Tielemans,substitute_in
ENG-Premier League,1920,2020-07-01 Everton-Leicester City,Leicester City,81’,2:1,Demarai Gray,Marc Albrighton,substitute_in
ENG-Premier League,1920,2020-06-24 Liverpool-Crystal Palace,Crystal Palace,15’,0:0,Max Meyer,Wilfried Zaha,substitute_in
ENG-Premier League,1920,2020-06-24 Liverpool-Crystal Palace,Liverpool,23’,1:0,Trent Alexander-Arnold,,goal
ENG-Premier League,1920,2020-06-24 Liverpool-Crystal Palace,Liverpool,44’,2:0,Mohamed Salah,Fabinho,goal
ENG-Premier League,1920,2020-06-24 Liverpool-Crystal Palace,Liverpool,55’,3:0,Fabinho,Andrew Robertson,goal
ENG-Premier League,1920,2020-06-24 Liverpool-Crystal Palace,Liverpool,64’,3:0,Alex Oxlade-Chamberlain,Jordan Henderson,substitute_in
ENG-Premier League,1920,2020-06-24 Liverpool-Crystal Palace,Crystal Palace,66’,3:0,Jaïro Riedewald,James McArthur,substitute_in
ENG-Premier League,1920,2020-06-24 Liverpool-Crystal Palace,Crystal Palace,66’,3:0,Luka Milivojević,Cheikhou Kouyaté,substitute_in
ENG-Premier League,1920,2020-06-24 Liverpool-Crystal Palace,Liverpool,69’,4:0,Sadio Mané,Mohamed Salah,goal
ENG-Premier League,1920,2020-06-24 Liverpool-Crystal Palace,Liverpool,74’,4:0,Neco Williams,Trent Alexander-Arnold,substitute_in
ENG-Premier League,1920,2020-06-24 Liverpool-Crystal Palace,Liverpool,74’,4:0,Takumi Minamino,Roberto Firmino,substitute_in
ENG-Premier League,1920,2020-06-24 Liverpool-Crystal Palace,Liverpool,84’,4:0,Naby Keïta,Sadio Mané,substitute_in
ENG-Premier League,1920,2020-06-24 Liverpool-Crystal Palace,Liverpool,84’,4:0,Harvey Elliott,Andrew Robertson,substitute_in
ENG-Premier League,1920,2020-06-24 Liverpool-Crystal Palace,Crystal Palace,84’,4:0,Brandon Pierrick,Jordan Ayew,substitute_in
ENG-Premier League,1920,2020-06-20 Bournemouth-Crystal Palace,Crystal Palace,12’,0:1,Luka Milivojević,,goal
ENG-Premier League,1920,2020-06-20 Bournemouth-Crystal Palace,Crystal Palace,23’,0:2,Jordan Ayew,Patrick van Aanholt,goal
ENG-Premier League,1920,2020-06-20 Bournemouth-Crystal Palace,Bournemouth,45+2’,0:2,Adam Smith,,yellow_card
ENG-Premier League,1920,2020-06-20 Bournemouth-Crystal Palace,Crystal Palace,45’,0:2,Jordan Ayew,,yellow_card
ENG-Premier League,1920,2020-06-20 Bournemouth-Crystal Palace,Bournemouth,46’,0:2,Arnaut Danjuma,Harry Wilson,substitute_in
ENG-Premier League,1920,2020-06-20 Bournemouth-Crystal Palace,Bournemouth,49’,0:2,Dominic Solanke,Joshua King,substitute_in
ENG-Premier League,1920,2020-06-20 Bournemouth-Crystal Palace,Bournemouth,61’,0:2,Junior Stanislas,David Brooks,substitute_in
ENG-Premier League,1920,2020-06-20 Bournemouth-Crystal Palace,Crystal Palace,65’,0:2,James McCarthy,Luka Milivojević,substitute_in
ENG-Premier League,1920,2020-06-20 Bournemouth-Crystal Palace,Bournemouth,67’,0:2,Lewis Cook,,yellow_card
ENG-Premier League,1920,2020-06-20 Bournemouth-Crystal Palace,Crystal Palace,71’,0:2,Joel Ward,,yellow_card
ENG-Premier League,1920,2020-06-20 Bournemouth-Crystal Palace,Crystal Palace,76’,0:2,Andros Townsend,Christian Benteke,substitute_in
ENG-Premier League,1920,2020-06-20 Bournemouth-Crystal Palace,Bournemouth,86’,0:2,Steve Cook,,yellow_card
ENG-Premier League,1920,2020-06-20 Bournemouth-Crystal Palace,Crystal Palace,89’,0:2,Jaïro Riedewald,James McArthur,substitute_in
ENG-Premier League,1920,2020-01-10 Sheffield United-West Ham United,West Ham United,15’,0:0,David Martin,Łukasz Fabiański,substitute_in
ENG-Premier League,1920,2020-01-10 Sheffield United-West Ham United,Sheffield United,53’,1:0,Oliver McBurnie,John Fleck,goal
ENG-Premier League,1920,2020-01-10 Sheffield United-West Ham United,Sheffield United,60’,1:0,Lys Mousset,David McGoldrick,substitute_in
ENG-Premier League,1920,2020-01-10 Sheffield United-West Ham United,West Ham United,69’,1:0,Robert Snodgrass,Arthur Masuaku,substitute_in
ENG-Premier League,1920,2020-01-10 Sheffield United-West Ham United,Sheffield United,70’,1:0,Muhamed Bešić,John Lundstram,substitute_in
ENG-Premier League,1920,2020-01-10 Sheffield United-West Ham United,Sheffield United,84’,1:0,Billy Sharp,Oliver McBurnie,substitute_in
ENG-Premier League,1920,2020-01-10 Sheffield United-West Ham United,West Ham United,84’,1:0,Pablo Fornals,Manuel Lanzini,substitute_in
ENG-Premier League,1920,2020-01-10 Sheffield United-West Ham United,Sheffield United,86’,1:0,Muhamed Bešić,,yellow_card
ENG-Premier League,1920,2020-07-21 Aston Villa-Arsenal,Aston Villa,25’,0:0,Frederic Guilbert,Ahmed Elmohamady,substitute_in
ENG-Premier League,1920,2020-07-21 Aston Villa-Arsenal,Aston Villa,27’,1:0,Trézéguet,Tyrone Mings,goal
ENG-Premier League,1920,2020-07-21 Aston Villa-Arsenal,Arsenal,35’,1:0,Lucas Torreira,,yellow_card
ENG-Premier League,1920,2020-07-21 Aston Villa-Arsenal,Arsenal,46’,1:0,Granit Xhaka,Lucas Torreira,substitute_in
ENG-Premier League,1920,2020-07-21 Aston Villa-Arsenal,Arsenal,60’,1:0,Nicolas Pépé,David Luiz,substitute_in
ENG-Premier League,1920,2020-07-21 Aston Villa-Arsenal,Arsenal,60’,1:0,Kieran Tierney,Bukayo Saka,substitute_in
ENG-Premier League,1920,2020-07-21 Aston Villa-Arsenal,Arsenal,61’,1:0,Alexandre Lacazette,,yellow_card
ENG-Premier League,1920,2020-07-21 Aston Villa-Arsenal,Aston Villa,71’,1:0,Douglas Luiz,,yellow_card
ENG-Premier League,1920,2020-07-21 Aston Villa-Arsenal,Aston Villa,72’,1:0,Keinan Davis,Mbwana Samatta,substitute_in
ENG-Premier League,1920,2020-07-21 Aston Villa-Arsenal,Aston Villa,73’,1:0,Marvelous Nakamba,Conor Hourihane,substitute_in
ENG-Premier League,1920,2020-07-21 Aston Villa-Arsenal,Arsenal,79’,1:0,Joe Willock,Cédric Soares,substitute_in
ENG-Premier League,1920,2020-07-21 Aston Villa-Arsenal,Arsenal,80’,1:0,Sead Kolašinac,,yellow_card
ENG-Premier League,1920,2020-07-21 Aston Villa-Arsenal,Aston Villa,87’,1:0,Matt Targett,,yellow_card
ENG-Premier League,1920,2020-07-21 Aston Villa-Arsenal,Arsenal,90+1’,1:0,Joe Willock,,yellow_card
ENG-Premier League,1920,2020-07-21 Aston Villa-Arsenal,Aston Villa,90+3’,1:0,Henri Lansbury,John McGinn,substitute_in
ENG-Premier League,1920,2020-07-01 Arsenal-Norwich City,Norwich City,27’,0:0,Kenny McLean,,yellow_card
ENG-Premier League,1920,2020-07-01 Arsenal-Norwich City,Norwich City,31’,0:0,Lukas Rupp,,yellow_card
ENG-Premier League,1920,2020-07-01 Arsenal-Norwich City,Arsenal,33’,1:0,Pierre-Emerick Aubameyang,,goal
ENG-Premier League,1920,2020-07-01 Arsenal-Norwich City,Arsenal,37’,2:0,Granit Xhaka,Pierre-Emerick Aubameyang,goal
ENG-Premier League,1920,2020-07-01 Arsenal-Norwich City,Arsenal,46’,2:0,Rob Holding,Shkodran Mustafi,substitute_in
ENG-Premier League,1920,2020-07-01 Arsenal-Norwich City,Norwich City,46’,2:0,Onel Hernández,Emi Buendía,substitute_in
ENG-Premier League,1920,2020-07-01 Arsenal-Norwich City,Norwich City,46’,2:0,Josip Drmić,Teemu Pukki,substitute_in
ENG-Premier League,1920,2020-07-01 Arsenal-Norwich City,Norwich City,46’,2:0,Adam Idah,Tom Trybull,substitute_in
ENG-Premier League,1920,2020-07-01 Arsenal-Norwich City,Arsenal,58’,2:0,Joe Willock,Reiss Nelson,substitute_in
ENG-Premier League,1920,2020-07-01 Arsenal-Norwich City,Arsenal,63’,2:0,Emiliano Martínez,,yellow_card
ENG-Premier League,1920,2020-07-01 Arsenal-Norwich City,Arsenal,67’,3:0,Pierre-Emerick Aubameyang,,goal
ENG-Premier League,1920,2020-07-01 Arsenal-Norwich City,Norwich City,75’,3:0,Marco Stiepermann,Todd Cantwell,substitute_in
ENG-Premier League,1920,2020-07-01 Arsenal-Norwich City,Norwich City,75’,3:0,Mario Vrančić,Lukas Rupp,substitute_in
ENG-Premier League,1920,2020-07-01 Arsenal-Norwich City,Arsenal,76’,3:0,Eddie Nketiah,Alexandre Lacazette,substitute_in
ENG-Premier League,1920,2020-07-01 Arsenal-Norwich City,Arsenal,77’,3:0,Cédric Soares,Héctor Bellerín,substitute_in
ENG-Premier League,1920,2020-07-01 Arsenal-Norwich City,Arsenal,81’,4:0,Cédric Soares,,goal
ENG-Premier League,1920,2020-07-01 Arsenal-Norwich City,Arsenal,82’,4:0,Nicolas Pépé,Pierre-Emerick Aubameyang,substitute_in
ENG-Premier League,1920,2020-07-01 Arsenal-Norwich City,Norwich City,86’,4:0,Mario Vrančić,,yellow_card
ENG-Premier League,1920,2020-07-01 Arsenal-Norwich City,Norwich City,90+2’,4:0,Marco Stiepermann,,yellow_card
ENG-Premier League,1920,2019-09-14 Liverpool-Newcastle United,Liverpool,28’,1:1,Sadio Mané,Andrew Robertson,goal
ENG-Premier League,1920,2019-09-14 Liverpool-Newcastle United,Liverpool,37’,1:1,Roberto Firmino,Divock Origi,substitute_in
ENG-Premier League,1920,2019-09-14 Liverpool-Newcastle United,Liverpool,40’,2:1,Sadio Mané,,goal
ENG-Premier League,1920,2019-09-14 Liverpool-Newcastle United,Newcastle United,67’,2:1,Javier Manquillo,Emil Krafth,substitute_in
ENG-Premier League,1920,2019-09-14 Liverpool-Newcastle United,Newcastle United,67’,2:1,Yoshinori Mutō,Miguel Almirón,substitute_in
ENG-Premier League,1920,2019-09-14 Liverpool-Newcastle United,Liverpool,72’,3:1,Mohamed Salah,Roberto Firmino,goal
ENG-Premier League,1920,2019-09-14 Liverpool-Newcastle United,Liverpool,75’,3:1,James Milner,Alex Oxlade-Chamberlain,substitute_in
ENG-Premier League,1920,2019-09-14 Liverpool-Newcastle United,Newcastle United,7’,0:1,Jetro Willems,Christian Atsu,goal
ENG-Premier League,1920,2019-09-14 Liverpool-Newcastle United,Newcastle United,80’,3:1,Federico Fernández,Fabian Schär,substitute_in
ENG-Premier League,1920,2019-09-14 Liverpool-Newcastle United,Liverpool,84’,3:1,Xherdan Shaqiri,Georginio Wijnaldum,substitute_in
ENG-Premier League,1920,2020-01-01 Southampton-Tottenham Hotspur,Southampton,17’,1:0,Danny Ings,Jack Stephens,goal
ENG-Premier League,1920,2020-01-01 Southampton-Tottenham Hotspur,Tottenham Hotspur,25’,1:0,Giovani Lo Celso,Tanguy Ndombele,substitute_in
ENG-Premier League,1920,2020-01-01 Southampton-Tottenham Hotspur,Tottenham Hotspur,36’,1:0,Giovani Lo Celso,,yellow_card
ENG-Premier League,1920,2020-01-01 Southampton-Tottenham Hotspur,Southampton,53’,1:0,Moussa Djenepo,,yellow_card
ENG-Premier League,1920,2020-01-01 Southampton-Tottenham Hotspur,Southampton,58’,1:0,Shane Long,Moussa Djenepo,substitute_in
ENG-Premier League,1920,2020-01-01 Southampton-Tottenham Hotspur,Tottenham Hotspur,61’,1:0,Moussa Sissoko,,yellow_card
ENG-Premier League,1920,2020-01-01 Southampton-Tottenham Hotspur,Southampton,68’,1:0,Jan Bednarek,,yellow_card
ENG-Premier League,1920,2020-01-01 Southampton-Tottenham Hotspur,Tottenham Hotspur,70’,1:0,Serge Aurier,,yellow_card
ENG-Premier League,1920,2020-01-01 Southampton-Tottenham Hotspur,Southampton,72’,1:0,James Ward-Prowse,,yellow_card
ENG-Premier League,1920,2020-01-01 Southampton-Tottenham Hotspur,Tottenham Hotspur,75’,1:0,Érik Lamela,Harry Kane,substitute_in
ENG-Premier League,1920,2020-01-01 Southampton-Tottenham Hotspur,Southampton,76’,1:0,Michael Obafemi,Danny Ings,substitute_in
ENG-Premier League,1920,2020-01-01 Southampton-Tottenham Hotspur,Tottenham Hotspur,90+2’,1:0,Christian Eriksen,,yellow_card
ENG-Premier League,1920,2020-01-01 Southampton-Tottenham Hotspur,Southampton,90’,1:0,Oriol Romeu,Stuart Armstrong,substitute_in
ENG-Premier League,1920,2019-09-30 Manchester Utd-Arsenal,Arsenal,10’,0:0,Calum Chambers,,yellow_card
ENG-Premier League,1920,2019-09-30 Manchester Utd-Arsenal,Manchester United,27’,0:0,Marcus Rashford,,yellow_card
ENG-Premier League,1920,2019-09-30 Manchester Utd-Arsenal,Manchester United,32’,0:0,Andreas Pereira,,yellow_card
ENG-Premier League,1920,2019-09-30 Manchester Utd-Arsenal,Manchester United,41’,0:0,Ashley Young,,yellow_card
ENG-Premier League,1920,2019-09-30 Manchester Utd-Arsenal,Manchester United,45’,1:0,Scott McTominay,Marcus Rashford,goal
ENG-Premier League,1920,2019-09-30 Manchester Utd-Arsenal,Arsenal,55’,1:0,Dani Ceballos,Lucas Torreira,substitute_in
ENG-Premier League,1920,2019-09-30 Manchester Utd-Arsenal,Arsenal,58’,1:1,Pierre-Emerick Aubameyang,Bukayo Saka,goal
ENG-Premier League,1920,2019-09-30 Manchester Utd-Arsenal,Manchester United,68’,1:1,Jesse Lingard,,yellow_card
ENG-Premier League,1920,2019-09-30 Manchester Utd-Arsenal,Manchester United,74’,1:1,Fred,Jesse Lingard,substitute_in
ENG-Premier League,1920,2019-09-30 Manchester Utd-Arsenal,Manchester United,74’,1:1,Mason Greenwood,Andreas Pereira,substitute_in
ENG-Premier League,1920,2019-09-30 Manchester Utd-Arsenal,Arsenal,74’,1:1,Reiss Nelson,Nicolas Pépé,substitute_in
ENG-Premier League,1920,2019-09-30 Manchester Utd-Arsenal,Arsenal,77’,1:1,Granit Xhaka,,yellow_card
ENG-Premier League,1920,2019-09-30 Manchester Utd-Arsenal,Arsenal,80’,1:1,Joe Willock,Bukayo Saka,substitute_in
ENG-Premier League,1920,2019-08-11 Manchester Utd-Chelsea,Manchester United,18’,1:0,Marcus Rashford,,penalty_goal
ENG-Premier League,1920,2019-08-11 Manchester Utd-Chelsea,Chelsea,36’,1:0,Kurt Zouma,,yellow_card
ENG-Premier League,1920,2019-08-11 Manchester Utd-Chelsea,Manchester United,48’,1:0,Jesse Lingard,,yellow_card
ENG-Premier League,1920,2019-08-11 Manchester Utd-Chelsea,Chelsea,52’,1:0,Jorginho,,yellow_card
ENG-Premier League,1920,2019-08-11 Manchester Utd-Chelsea,Chelsea,57’,1:0,Tammy Abraham,,yellow_card
ENG-Premier League,1920,2019-08-11 Manchester Utd-Chelsea,Chelsea,58’,1:0,Christian Pulisic,Ross Barkley,substitute_in
ENG-Premier League,1920,2019-08-11 Manchester Utd-Chelsea,Manchester United,65’,2:0,Anthony Martial,Andreas Pereira,goal
ENG-Premier League,1920,2019-08-11 Manchester Utd-Chelsea,Chelsea,66’,2:0,Olivier Giroud,Tammy Abraham,substitute_in
ENG-Premier League,1920,2019-08-11 Manchester Utd-Chelsea,Manchester United,67’,3:0,Marcus Rashford,Paul Pogba,goal
ENG-Premier League,1920,2019-08-11 Manchester Utd-Chelsea,Manchester United,69’,3:0,Victor Lindelöf,,yellow_card
ENG-Premier League,1920,2019-08-11 Manchester Utd-Chelsea,Chelsea,73’,3:0,N'Golo Kanté,Jorginho,substitute_in
ENG-Premier League,1920,2019-08-11 Manchester Utd-Chelsea,Manchester United,74’,3:0,Daniel James,Andreas Pereira,substitute_in
ENG-Premier League,1920,2019-08-11 Manchester Utd-Chelsea,Manchester United,80’,3:0,Anthony Martial,,yellow_card
ENG-Premier League,1920,2019-08-11 Manchester Utd-Chelsea,Manchester United,81’,4:0,Daniel James,Paul Pogba,goal
ENG-Premier League,1920,2019-08-11 Manchester Utd-Chelsea,Manchester United,86’,4:0,Mason Greenwood,Marcus Rashford,substitute_in
ENG-Premier League,1920,2019-08-11 Manchester Utd-Chelsea,Manchester United,86’,4:0,Juan Mata,Jesse Lingard,substitute_in
ENG-Premier League,1920,2019-08-11 Manchester Utd-Chelsea,Chelsea,90’,4:0,N'Golo Kanté,,yellow_card
ENG-Premier League,1920,2019-11-23 Brighton-Leicester City,Brighton & Hove Albion,16’,0:0,Adam Webster,,yellow_card
ENG-Premier League,1920,2019-11-23 Brighton-Leicester City,Brighton & Hove Albion,48’,0:0,Dale Stephens,,yellow_card
ENG-Premier League,1920,2019-11-23 Brighton-Leicester City,Leicester City,62’,0:0,Wes Morgan,Jonny Evans,substitute_in
ENG-Premier League,1920,2019-11-23 Brighton-Leicester City,Leicester City,64’,0:1,Ayoze Pérez,Jamie Vardy,goal
ENG-Premier League,1920,2019-11-23 Brighton-Leicester City,Leicester City,70’,0:1,Dennis Praet,Ayoze Pérez,substitute_in
ENG-Premier League,1920,2019-11-23 Brighton-Leicester City,Brighton & Hove Albion,77’,0:1,Ezequiel Schelotto,Martín Montoya,substitute_in
ENG-Premier League,1920,2019-11-23 Brighton-Leicester City,Brighton & Hove Albion,77’,0:1,Yves Bissouma,Dale Stephens,substitute_in
ENG-Premier League,1920,2019-11-23 Brighton-Leicester City,Leicester City,78’,0:1,Demarai Gray,Harvey Barnes,substitute_in
ENG-Premier League,1920,2019-11-23 Brighton-Leicester City,Leicester City,82’,0:2,Jamie Vardy,,penalty_goal
ENG-Premier League,1920,2019-11-23 Brighton-Leicester City,Brighton & Hove Albion,83’,0:2,Glenn Murray,Solly March,substitute_in
ENG-Premier League,1920,2019-11-23 Manchester City-Chelsea,Chelsea,21’,0:1,N'Golo Kanté,Mateo Kovačić,goal
ENG-Premier League,1920,2019-11-23 Manchester City-Chelsea,Manchester City,29’,1:1,Kevin De Bruyne,,goal
ENG-Premier League,1920,2019-11-23 Manchester City-Chelsea,Manchester City,37’,2:1,Riyad Mahrez,Rodri,goal
ENG-Premier League,1920,2019-11-23 Manchester City-Chelsea,Manchester City,52’,2:1,İlkay Gündoğan,Rodri,substitute_in
ENG-Premier League,1920,2019-11-23 Manchester City-Chelsea,Chelsea,59’,2:1,Reece James,Emerson Palmieri,substitute_in
ENG-Premier League,1920,2019-11-23 Manchester City-Chelsea,Chelsea,61’,2:1,Jorginho,,yellow_card
ENG-Premier League,1920,2019-11-23 Manchester City-Chelsea,Manchester City,67’,2:1,Phil Foden,David Silva,substitute_in
ENG-Premier League,1920,2019-11-23 Manchester City-Chelsea,Chelsea,73’,2:1,Michy Batshuayi,Tammy Abraham,substitute_in
ENG-Premier League,1920,2019-11-23 Manchester City-Chelsea,Chelsea,74’,2:1,Mason Mount,Jorginho,substitute_in
ENG-Premier League,1920,2019-11-23 Manchester City-Chelsea,Manchester City,77’,2:1,Gabriel Jesus,Sergio Agüero,substitute_in
ENG-Premier League,1920,2019-11-23 Manchester City-Chelsea,Manchester City,90+1’,2:1,İlkay Gündoğan,,yellow_card
ENG-Premier League,1920,2020-01-19 Liverpool-Manchester Utd,Liverpool,14’,1:0,Virgil van Dijk,Trent Alexander-Arnold,goal
ENG-Premier League,1920,2020-01-19 Liverpool-Manchester Utd,Manchester United,25’,1:0,David de Gea,,yellow_card
ENG-Premier League,1920,2020-01-19 Liverpool-Manchester Utd,Liverpool,66’,1:0,Adam Lallana,Alex Oxlade-Chamberlain,substitute_in
ENG-Premier League,1920,2020-01-19 Liverpool-Manchester Utd,Manchester United,72’,1:0,Luke Shaw,,yellow_card
ENG-Premier League,1920,2020-01-19 Liverpool-Manchester Utd,Manchester United,74’,1:0,Mason Greenwood,Brandon Williams,substitute_in
ENG-Premier League,1920,2020-01-19 Liverpool-Manchester Utd,Manchester United,74’,1:0,Juan Mata,Andreas Pereira,substitute_in
ENG-Premier League,1920,2020-01-19 Liverpool-Manchester Utd,Liverpool,83’,1:0,Fabinho,Sadio Mané,substitute_in
ENG-Premier League,1920,2020-01-19 Liverpool-Manchester Utd,Liverpool,83’,1:0,Divock Origi,Roberto Firmino,substitute_in
ENG-Premier League,1920,2020-01-19 Liverpool-Manchester Utd,Manchester United,87’,1:0,Diogo Dalot,Luke Shaw,substitute_in
ENG-Premier League,1920,2020-01-19 Liverpool-Manchester Utd,Manchester United,8’,0:0,Nemanja Matić,,yellow_card
ENG-Premier League,1920,2020-01-19 Liverpool-Manchester Utd,Liverpool,90+3’,2:0,Mohamed Salah,Alisson,goal
ENG-Premier League,1920,2020-01-19 Liverpool-Manchester Utd,Liverpool,90+4’,2:0,Mohamed Salah,,yellow_card
ENG-Premier League,1920,2020-07-12 Bournemouth-Leicester City,Leicester City,16’,0:0,Ryan Bennett,Marc Albrighton,substitute_in
ENG-Premier League,1920,2020-07-12 Bournemouth-Leicester City,Leicester City,23’,0:1,Jamie Vardy,,goal
ENG-Premier League,1920,2020-07-12 Bournemouth-Leicester City,Bournemouth,32’,0:1,Dan Gosling,,yellow_card
ENG-Premier League,1920,2020-07-12 Bournemouth-Leicester City,Bournemouth,40’,0:1,Steve Cook,Nathan Aké,substitute_in
ENG-Premier League,1920,2020-07-12 Bournemouth-Leicester City,Bournemouth,46’,0:1,Junior Stanislas,Arnaut Danjuma,substitute_in
ENG-Premier League,1920,2020-07-12 Bournemouth-Leicester City,Bournemouth,46’,0:1,Philip Billing,Dan Gosling,substitute_in
ENG-Premier League,1920,2020-07-12 Bournemouth-Leicester City,Leicester City,46’,0:1,Dennis Praet,Kelechi Iheanacho,substitute_in
ENG-Premier League,1920,2020-07-12 Bournemouth-Leicester City,Leicester City,64’,0:1,Wilfred Ndidi,,yellow_card
ENG-Premier League,1920,2020-07-12 Bournemouth-Leicester City,Bournemouth,66’,1:1,Junior Stanislas,,penalty_goal
ENG-Premier League,1920,2020-07-12 Bournemouth-Leicester City,Bournemouth,67’,2:1,Dominic Solanke,Diego Rico,goal
ENG-Premier League,1920,2020-07-12 Bournemouth-Leicester City,Leicester City,67’,2:1,Çağlar Söyüncü,,red_card
ENG-Premier League,1920,2020-07-12 Bournemouth-Leicester City,Leicester City,71’,2:1,Harvey Barnes,Ayoze Pérez,substitute_in
ENG-Premier League,1920,2020-07-12 Bournemouth-Leicester City,Bournemouth,81’,2:1,Lewis Cook,David Brooks,substitute_in
ENG-Premier League,1920,2020-07-12 Bournemouth-Leicester City,Bournemouth,83’,3:1,Jonny Evans,,own_goal
ENG-Premier League,1920,2020-07-12 Bournemouth-Leicester City,Bournemouth,86’,3:1,Junior Stanislas,,yellow_card
ENG-Premier League,1920,2020-07-12 Bournemouth-Leicester City,Bournemouth,87’,4:1,Dominic Solanke,,goal
ENG-Premier League,1920,2020-07-12 Bournemouth-Leicester City,Bournemouth,90’,4:1,Sam Surridge,Callum Wilson,substitute_in
ENG-Premier League,1920,2020-07-20 Sheffield United-Everton,Everton,33’,0:0,Tom Davies,,yellow_card
ENG-Premier League,1920,2020-07-20 Sheffield United-Everton,Sheffield United,45+2’,0:0,Oliver Norwood,,yellow_card
ENG-Premier League,1920,2020-07-20 Sheffield United-Everton,Everton,46’,0:1,Richarlison,Gylfi Sigurðsson,goal
ENG-Premier League,1920,2020-07-20 Sheffield United-Everton,Sheffield United,60’,0:1,Billy Sharp,Ben Osborn,substitute_in
ENG-Premier League,1920,2020-07-20 Sheffield United-Everton,Sheffield United,60’,0:1,John Fleck,Oliver McBurnie,substitute_in
ENG-Premier League,1920,2020-07-20 Sheffield United-Everton,Sheffield United,69’,0:1,John Lundstram,Oliver Norwood,substitute_in
ENG-Premier League,1920,2020-07-20 Sheffield United-Everton,Everton,78’,0:1,Dominic Calvert-Lewin,,yellow_card
ENG-Premier League,1920,2020-07-20 Sheffield United-Everton,Sheffield United,83’,0:1,Richairo Živković,Chris Basham,substitute_in
ENG-Premier League,1920,2020-07-20 Sheffield United-Everton,Everton,84’,0:1,Anthony Gordon,Theo Walcott,substitute_in
ENG-Premier League,1920,2020-07-20 Sheffield United-Everton,Everton,88’,0:1,Séamus Coleman,Gylfi Sigurðsson,substitute_in
ENG-Premier League,1920,2020-07-20 Sheffield United-Everton,Everton,90’,0:1,Richarlison,,yellow_card
ENG-Premier League,1920,2019-08-10 Bournemouth-Sheffield United,Bournemouth,43’,0:0,Adam Smith,,yellow_card
ENG-Premier League,1920,2019-08-10 Bournemouth-Sheffield United,Bournemouth,62’,1:0,Chris Mepham,,goal
ENG-Premier League,1920,2019-08-10 Bournemouth-Sheffield United,Sheffield United,63’,1:0,Oliver McBurnie,David McGoldrick,substitute_in
ENG-Premier League,1920,2019-08-10 Bournemouth-Sheffield United,Bournemouth,64’,1:0,Ryan Fraser,,yellow_card
ENG-Premier League,1920,2019-08-10 Bournemouth-Sheffield United,Sheffield United,78’,1:0,Luke Freeman,John Lundstram,substitute_in
ENG-Premier League,1920,2019-08-10 Bournemouth-Sheffield United,Sheffield United,78’,1:0,John Fleck,,yellow_card
ENG-Premier League,1920,2019-08-10 Bournemouth-Sheffield United,Sheffield United,82’,1:0,Billy Sharp,Chris Basham,substitute_in
ENG-Premier League,1920,2019-08-10 Bournemouth-Sheffield United,Sheffield United,88’,1:1,Billy Sharp,,goal
ENG-Premier League,1920,2019-08-10 Bournemouth-Sheffield United,Bournemouth,90’,1:1,Dominic Solanke,Callum Wilson,substitute_in
ENG-Premier League,1920,2020-07-26 Burnley-Brighton,Brighton & Hove Albion,20’,0:1,Yves Bissouma,,goal
ENG-Premier League,1920,2020-07-26 Burnley-Brighton,Burnley,44’,1:1,Chris Wood,Erik Pieters,goal
ENG-Premier League,1920,2020-07-26 Burnley-Brighton,Brighton & Hove Albion,50’,1:2,Aaron Connolly,Neal Maupay,goal
ENG-Premier League,1920,2020-07-26 Burnley-Brighton,Burnley,5’,0:0,Josh Brownhill,,yellow_card
ENG-Premier League,1920,2020-07-26 Burnley-Brighton,Brighton & Hove Albion,73’,1:2,Bernardo,Solly March,substitute_in
ENG-Premier League,1920,2020-07-26 Burnley-Brighton,Brighton & Hove Albion,73’,1:2,Davy Pröpper,Yves Bissouma,substitute_in
ENG-Premier League,1920,2020-07-26 Burnley-Brighton,Brighton & Hove Albion,74’,1:2,Aaron Mooy,Alexis Mac Allister,substitute_in
ENG-Premier League,1920,2020-07-26 Burnley-Brighton,Burnley,75’,1:2,Robbie Brady,Jóhann Berg Guðmundsson,substitute_in
ENG-Premier League,1920,2020-07-26 Burnley-Brighton,Burnley,78’,1:2,Matěj Vydra,Jay Rodriguez,substitute_in
ENG-Premier League,1920,2020-07-26 Burnley-Brighton,Burnley,85’,1:2,Phil Bardsley,,yellow_card
ENG-Premier League,1920,2020-07-26 Burnley-Brighton,Brighton & Hove Albion,90+3’,1:2,Alireza Jahanbakhsh,Neal Maupay,substitute_in
ENG-Premier League,1920,2020-07-26 Burnley-Brighton,Burnley,90+4’,1:2,Erik Pieters,,yellow_card
ENG-Premier League,1920,2020-07-26 Burnley-Brighton,Brighton & Hove Albion,90’,1:2,Glenn Murray,Aaron Connolly,substitute_in
ENG-Premier League,1920,2020-01-18 West Ham United-Everton,West Ham United,40’,1:0,Issa Diop,Robert Snodgrass,goal
ENG-Premier League,1920,2020-01-18 West Ham United-Everton,Everton,44’,1:1,Dominic Calvert-Lewin,Mason Holgate,goal
ENG-Premier League,1920,2020-01-18 West Ham United-Everton,Everton,46’,1:1,Anthony Gordon,Bernard,substitute_in
ENG-Premier League,1920,2020-01-18 West Ham United-Everton,Everton,57’,1:1,Djibril Sidibé,Theo Walcott,substitute_in
ENG-Premier League,1920,2020-01-18 West Ham United-Everton,West Ham United,60’,1:1,Arthur Masuaku,Pablo Fornals,substitute_in
ENG-Premier League,1920,2020-01-18 West Ham United-Everton,Everton,74’,1:1,Oumar Niasse,Moise Kean,substitute_in
ENG-Premier League,1920,2020-01-18 West Ham United-Everton,West Ham United,84’,1:1,Albian Ajeti,Manuel Lanzini,substitute_in
ENG-Premier League,1920,2020-01-18 West Ham United-Everton,West Ham United,90+3’,1:1,Pablo Zabaleta,,yellow_card
ENG-Premier League,1920,2019-11-23 Watford-Burnley,Watford,25’,0:0,Andre Gray,,yellow_card
ENG-Premier League,1920,2019-11-23 Watford-Burnley,Burnley,30’,0:0,Ben Mee,,yellow_card
ENG-Premier League,1920,2019-11-23 Watford-Burnley,Watford,45+1’,0:0,Adam Masina,Craig Dawson,substitute_in
ENG-Premier League,1920,2019-11-23 Watford-Burnley,Burnley,45+4’,0:0,James Tarkowski,,yellow_card
ENG-Premier League,1920,2019-11-23 Watford-Burnley,Burnley,53’,0:1,Chris Wood,,goal
ENG-Premier League,1920,2019-11-23 Watford-Burnley,Watford,56’,0:1,Troy Deeney,Andre Gray,substitute_in
ENG-Premier League,1920,2019-11-23 Watford-Burnley,Burnley,60’,0:1,Ashley Westwood,,yellow_card
ENG-Premier League,1920,2019-11-23 Watford-Burnley,Watford,67’,0:1,Ismaila Sarr,Will Hughes,substitute_in
ENG-Premier League,1920,2019-11-23 Watford-Burnley,Burnley,75’,0:1,Jay Rodriguez,Chris Wood,substitute_in
ENG-Premier League,1920,2019-11-23 Watford-Burnley,Burnley,82’,0:2,Ashley Barnes,,penalty_goal
ENG-Premier League,1920,2019-11-23 Watford-Burnley,Burnley,88’,0:3,James Tarkowski,,goal
ENG-Premier League,1920,2020-07-19 Tottenham Hotspur-Leicester City,Tottenham Hotspur,37’,2:0,Harry Kane,Lucas Moura,goal
ENG-Premier League,1920,2020-07-19 Tottenham Hotspur-Leicester City,Tottenham Hotspur,40’,3:0,Harry Kane,Lucas Moura,goal
ENG-Premier League,1920,2020-07-19 Tottenham Hotspur-Leicester City,Leicester City,46’,3:0,Demarai Gray,Ryan Bennett,substitute_in
ENG-Premier League,1920,2020-07-19 Tottenham Hotspur-Leicester City,Tottenham Hotspur,57’,3:0,Lucas Moura,,yellow_card
ENG-Premier League,1920,2020-07-19 Tottenham Hotspur-Leicester City,Leicester City,59’,3:0,Kelechi Iheanacho,Ayoze Pérez,substitute_in
ENG-Premier League,1920,2020-07-19 Tottenham Hotspur-Leicester City,Tottenham Hotspur,6’,1:0,James Justin,,own_goal
ENG-Premier League,1920,2020-07-19 Tottenham Hotspur-Leicester City,Leicester City,70’,3:0,Dennis Praet,Youri Tielemans,substitute_in
ENG-Premier League,1920,2020-07-19 Tottenham Hotspur-Leicester City,Leicester City,70’,3:0,Nampalys Mendy,Wilfred Ndidi,substitute_in
ENG-Premier League,1920,2020-07-19 Tottenham Hotspur-Leicester City,Leicester City,73’,3:0,Jonny Evans,,yellow_card
ENG-Premier League,1920,2020-07-19 Tottenham Hotspur-Leicester City,Tottenham Hotspur,77’,3:0,Érik Lamela,Giovani Lo Celso,substitute_in
ENG-Premier League,1920,2020-07-19 Tottenham Hotspur-Leicester City,Tottenham Hotspur,77’,3:0,Steven Bergwijn,Lucas Moura,substitute_in
ENG-Premier League,1920,2020-07-19 Tottenham Hotspur-Leicester City,Leicester City,83’,3:0,George Hirst,Harvey Barnes,substitute_in
ENG-Premier League,1920,2020-07-19 Tottenham Hotspur-Leicester City,Tottenham Hotspur,86’,3:0,Davinson Sánchez,,yellow_card
ENG-Premier League,1920,2020-07-19 Tottenham Hotspur-Leicester City,Tottenham Hotspur,89’,3:0,Gedson Fernandes,Son Heung-min,substitute_in
ENG-Premier League,1920,2020-07-19 Tottenham Hotspur-Leicester City,Tottenham Hotspur,90+2’,3:0,Oliver Skipp,Harry Winks,substitute_in
ENG-Premier League,1920,2019-12-21 Aston Villa-Southampton,Southampton,21’,0:1,Danny Ings,,goal
ENG-Premier League,1920,2019-12-21 Aston Villa-Southampton,Southampton,31’,0:2,Jack Stephens,James Ward-Prowse,goal
ENG-Premier League,1920,2019-12-21 Aston Villa-Southampton,Southampton,44’,0:2,James Ward-Prowse,,yellow_card
ENG-Premier League,1920,2019-12-21 Aston Villa-Southampton,Southampton,51’,0:3,Danny Ings,,goal
ENG-Premier League,1920,2019-12-21 Aston Villa-Southampton,Aston Villa,56’,0:3,Jonathan Kodjia,Conor Hourihane,substitute_in
ENG-Premier League,1920,2019-12-21 Aston Villa-Southampton,Aston Villa,67’,0:3,Anwar El Ghazi,,yellow_card
ENG-Premier League,1920,2019-12-21 Aston Villa-Southampton,Aston Villa,68’,0:3,Trézéguet,Anwar El Ghazi,substitute_in
ENG-Premier League,1920,2019-12-21 Aston Villa-Southampton,Aston Villa,75’,1:3,Jack Grealish,,goal
ENG-Premier League,1920,2019-12-21 Aston Villa-Southampton,Southampton,76’,1:3,Oriol Romeu,Stuart Armstrong,substitute_in
ENG-Premier League,1920,2019-12-21 Aston Villa-Southampton,Southampton,82’,1:3,Michael Obafemi,Shane Long,substitute_in
ENG-Premier League,1920,2019-12-21 Aston Villa-Southampton,Aston Villa,87’,1:3,Jonathan Kodjia,,yellow_card
ENG-Premier League,1920,2019-12-21 Aston Villa-Southampton,Southampton,87’,1:3,Che Adams,Danny Ings,substitute_in
ENG-Premier League,1920,2019-12-21 Aston Villa-Southampton,Aston Villa,8’,0:0,Marvelous Nakamba,John McGinn,substitute_in
ENG-Premier League,1920,2020-01-11 Wolves-Newcastle United,Newcastle United,13’,0:1,Florian Lejeune,Paul Dummett,substitute_in
ENG-Premier League,1920,2020-01-11 Wolves-Newcastle United,Wolverhampton Wanderers,14’,1:1,Leander Dendoncker,,goal
ENG-Premier League,1920,2020-01-11 Wolves-Newcastle United,Newcastle United,28’,1:1,Christian Atsu,Dwight Gayle,substitute_in
ENG-Premier League,1920,2020-01-11 Wolves-Newcastle United,Newcastle United,65’,1:1,Miguel Almirón,,yellow_card
ENG-Premier League,1920,2020-01-11 Wolves-Newcastle United,Newcastle United,67’,1:1,Christian Atsu,,yellow_card
ENG-Premier League,1920,2020-01-11 Wolves-Newcastle United,Newcastle United,79’,1:1,Andy Carroll,Joelinton,substitute_in
ENG-Premier League,1920,2020-01-11 Wolves-Newcastle United,Newcastle United,7’,0:1,Miguel Almirón,Dwight Gayle,goal
ENG-Premier League,1920,2020-01-11 Wolves-Newcastle United,Wolverhampton Wanderers,85’,1:1,Rúben Vinagre,Pedro Neto,substitute_in
ENG-Premier League,1920,2020-01-11 Wolves-Newcastle United,Newcastle United,87’,1:1,Matthew Longstaff,,yellow_card
ENG-Premier League,1920,2019-09-22 Arsenal-Aston Villa,Arsenal,11’,0:0,Ainsley Maitland-Niles,,yellow_card
ENG-Premier League,1920,2019-09-22 Arsenal-Aston Villa,Aston Villa,20’,0:1,John McGinn,Anwar El Ghazi,goal
ENG-Premier League,1920,2019-09-22 Arsenal-Aston Villa,Arsenal,35’,0:1,Granit Xhaka,,yellow_card
ENG-Premier League,1920,2019-09-22 Arsenal-Aston Villa,Arsenal,41’,0:1,Ainsley Maitland-Niles,,yellow_red_card
ENG-Premier League,1920,2019-09-22 Arsenal-Aston Villa,Arsenal,44’,0:1,Mattéo Guendouzi,,yellow_card
ENG-Premier League,1920,2019-09-22 Arsenal-Aston Villa,Arsenal,46’,0:1,Calum Chambers,Bukayo Saka,substitute_in
ENG-Premier League,1920,2019-09-22 Arsenal-Aston Villa,Arsenal,59’,1:1,Nicolas Pépé,,penalty_goal
ENG-Premier League,1920,2019-09-22 Arsenal-Aston Villa,Aston Villa,60’,1:2,Wesley Moraes,Jack Grealish,goal
ENG-Premier League,1920,2019-09-22 Arsenal-Aston Villa,Aston Villa,68’,1:2,Ahmed Elmohamady,Trézéguet,substitute_in
ENG-Premier League,1920,2019-09-22 Arsenal-Aston Villa,Arsenal,72’,1:2,Lucas Torreira,Dani Ceballos,substitute_in
ENG-Premier League,1920,2019-09-22 Arsenal-Aston Villa,Arsenal,72’,1:2,Joe Willock,Granit Xhaka,substitute_in
ENG-Premier League,1920,2019-09-22 Arsenal-Aston Villa,Arsenal,81’,2:2,Calum Chambers,,goal
ENG-Premier League,1920,2019-09-22 Arsenal-Aston Villa,Aston Villa,83’,2:2,Björn Engels,,yellow_card
ENG-Premier League,1920,2019-09-22 Arsenal-Aston Villa,Arsenal,84’,3:2,Pierre-Emerick Aubameyang,,goal
ENG-Premier League,1920,2019-09-22 Arsenal-Aston Villa,Arsenal,85’,3:2,Nicolas Pépé,,yellow_card
ENG-Premier League,1920,2019-09-22 Arsenal-Aston Villa,Aston Villa,85’,3:2,Conor Hourihane,Marvelous Nakamba,substitute_in
ENG-Premier League,1920,2019-09-22 Arsenal-Aston Villa,Aston Villa,86’,3:2,Henri Lansbury,Anwar El Ghazi,substitute_in
ENG-Premier League,1920,2019-09-22 Arsenal-Aston Villa,Arsenal,90+2’,3:2,Bernd Leno,,yellow_card
ENG-Premier League,1920,2019-09-22 Arsenal-Aston Villa,Arsenal,90+5’,3:2,Pierre-Emerick Aubameyang,,yellow_card
ENG-Premier League,1920,2020-06-19 Norwich City-Southampton,Southampton,49’,0:1,Danny Ings,Stuart Armstrong,goal
ENG-Premier League,1920,2020-06-19 Norwich City-Southampton,Southampton,54’,0:2,Stuart Armstrong,Danny Ings,goal
ENG-Premier League,1920,2020-06-19 Norwich City-Southampton,Norwich City,62’,0:2,Mario Vrančić,Tom Trybull,substitute_in
ENG-Premier League,1920,2020-06-19 Norwich City-Southampton,Norwich City,62’,0:2,Onel Hernández,Todd Cantwell,substitute_in
ENG-Premier League,1920,2020-06-19 Norwich City-Southampton,Southampton,73’,0:2,Danny Ings,,yellow_card
ENG-Premier League,1920,2020-06-19 Norwich City-Southampton,Southampton,79’,0:3,Nathan Redmond,Michael Obafemi,goal
ENG-Premier League,1920,2020-06-19 Norwich City-Southampton,Norwich City,80’,0:3,Adam Idah,Emi Buendía,substitute_in
ENG-Premier League,1920,2020-06-19 Norwich City-Southampton,Norwich City,80’,0:3,Ondrej Duda,Teemu Pukki,substitute_in
ENG-Premier League,1920,2020-06-19 Norwich City-Southampton,Southampton,82’,0:3,Che Adams,Michael Obafemi,substitute_in
ENG-Premier League,1920,2020-06-19 Norwich City-Southampton,Southampton,82’,0:3,William Smallbone,Stuart Armstrong,substitute_in
ENG-Premier League,1920,2020-06-19 Norwich City-Southampton,Southampton,88’,0:3,Nathan Tella,Danny Ings,substitute_in
ENG-Premier League,1920,2020-06-19 Norwich City-Southampton,Norwich City,89’,0:3,Josh Martin,Josip Drmić,substitute_in
ENG-Premier League,1920,2020-06-19 Norwich City-Southampton,Southampton,89’,0:3,Sofiane Boufal,Nathan Redmond,substitute_in
ENG-Premier League,1920,2020-06-19 Norwich City-Southampton,Norwich City,90+2’,0:3,Max Aarons,,yellow_card
ENG-Premier League,1920,2020-06-19 Norwich City-Southampton,Southampton,90’,0:3,Kyle Walker-Peters,Yan Valery,substitute_in
ENG-Premier League,1920,2019-10-19 Bournemouth-Norwich City,Norwich City,29’,0:0,Jamal Lewis,,yellow_card
ENG-Premier League,1920,2019-10-19 Bournemouth-Norwich City,Norwich City,50’,0:0,Tom Trybull,Ben Godfrey,substitute_in
ENG-Premier League,1920,2019-10-19 Bournemouth-Norwich City,Bournemouth,62’,0:0,Joshua King,Dominic Solanke,substitute_in
ENG-Premier League,1920,2019-10-19 Bournemouth-Norwich City,Norwich City,68’,0:0,Kenny McLean,,yellow_card
ENG-Premier League,1920,2019-10-19 Bournemouth-Norwich City,Bournemouth,69’,0:0,Arnaut Danjuma,Harry Wilson,substitute_in
ENG-Premier League,1920,2019-10-19 Bournemouth-Norwich City,Bournemouth,70’,0:0,Adam Smith,,yellow_card
ENG-Premier League,1920,2019-10-19 Bournemouth-Norwich City,Norwich City,81’,0:0,Onel Hernández,Todd Cantwell,substitute_in
ENG-Premier League,1920,2019-10-19 Bournemouth-Norwich City,Norwich City,86’,0:0,Teemu Pukki,,yellow_card
ENG-Premier League,1920,2019-10-19 Bournemouth-Norwich City,Norwich City,90’,0:0,Dennis Srbeny,Moritz Leitner,substitute_in
ENG-Premier League,1920,2020-06-29 Crystal Palace-Burnley,Crystal Palace,46’,0:0,James McCarthy,Cheikhou Kouyaté,substitute_in
ENG-Premier League,1920,2020-06-29 Crystal Palace-Burnley,Burnley,58’,0:0,James Tarkowski,,yellow_card
ENG-Premier League,1920,2020-06-29 Crystal Palace-Burnley,Crystal Palace,61’,0:0,James McCarthy,,yellow_card
ENG-Premier League,1920,2020-06-29 Crystal Palace-Burnley,Burnley,62’,0:1,Ben Mee,Ashley Westwood,goal
ENG-Premier League,1920,2020-06-29 Crystal Palace-Burnley,Burnley,70’,0:1,Kevin Long,Jack Cork,substitute_in
ENG-Premier League,1920,2020-06-29 Crystal Palace-Burnley,Crystal Palace,77’,0:1,Max Meyer,Andros Townsend,substitute_in
ENG-Premier League,1920,2019-09-22 Crystal Palace-Wolves,Wolverhampton Wanderers,44’,0:0,Conor Coady,,yellow_card
ENG-Premier League,1920,2019-09-22 Crystal Palace-Wolves,Crystal Palace,45’,0:0,James McArthur,,yellow_card
ENG-Premier League,1920,2019-09-22 Crystal Palace-Wolves,Crystal Palace,46’,1:0,Leander Dendoncker,,own_goal
ENG-Premier League,1920,2019-09-22 Crystal Palace-Wolves,Wolverhampton Wanderers,48’,1:0,Romain Saïss,,yellow_card
ENG-Premier League,1920,2019-09-22 Crystal Palace-Wolves,Wolverhampton Wanderers,57’,1:0,Rúben Neves,Matt Doherty,substitute_in
ENG-Premier League,1920,2019-09-22 Crystal Palace-Wolves,Crystal Palace,62’,1:0,Jordan Ayew,,yellow_card
ENG-Premier League,1920,2019-09-22 Crystal Palace-Wolves,Wolverhampton Wanderers,65’,1:0,Pedro Neto,Leander Dendoncker,substitute_in
ENG-Premier League,1920,2019-09-22 Crystal Palace-Wolves,Crystal Palace,69’,1:0,Christian Benteke,Jordan Ayew,substitute_in
ENG-Premier League,1920,2019-09-22 Crystal Palace-Wolves,Wolverhampton Wanderers,73’,1:0,Romain Saïss,,yellow_red_card
ENG-Premier League,1920,2019-09-22 Crystal Palace-Wolves,Wolverhampton Wanderers,76’,1:0,Patrick Cutrone,Raúl Jiménez,substitute_in
ENG-Premier League,1920,2019-09-22 Crystal Palace-Wolves,Crystal Palace,83’,1:0,James McCarthy,James McArthur,substitute_in
ENG-Premier League,1920,2019-09-22 Crystal Palace-Wolves,Wolverhampton Wanderers,90+5’,1:1,Diogo Jota,Adama Traoré,goal
ENG-Premier League,1920,2019-12-28 Brighton-Bournemouth,Bournemouth,22’,1:0,Steve Cook,,yellow_card
ENG-Premier League,1920,2019-12-28 Brighton-Bournemouth,Brighton & Hove Albion,3’,1:0,Alireza Jahanbakhsh,Neal Maupay,goal
ENG-Premier League,1920,2019-12-28 Brighton-Bournemouth,Bournemouth,62’,1:0,Ryan Fraser,Harry Wilson,substitute_in
ENG-Premier League,1920,2019-12-28 Brighton-Bournemouth,Bournemouth,62’,1:0,Callum Wilson,Junior Stanislas,substitute_in
ENG-Premier League,1920,2019-12-28 Brighton-Bournemouth,Bournemouth,67’,1:0,Philip Billing,,yellow_card
ENG-Premier League,1920,2019-12-28 Brighton-Bournemouth,Bournemouth,73’,1:0,Lewis Cook,Joshua King,substitute_in
ENG-Premier League,1920,2019-12-28 Brighton-Bournemouth,Brighton & Hove Albion,79’,2:0,Aaron Mooy,Leandro Trossard,goal
ENG-Premier League,1920,2019-12-28 Brighton-Bournemouth,Brighton & Hove Albion,84’,2:0,Dale Stephens,Aaron Mooy,substitute_in
ENG-Premier League,1920,2019-12-28 Brighton-Bournemouth,Brighton & Hove Albion,84’,2:0,Steven Alzate,Alireza Jahanbakhsh,substitute_in
ENG-Premier League,1920,2019-12-28 Brighton-Bournemouth,Brighton & Hove Albion,89’,2:0,Glenn Murray,Yves Bissouma,substitute_in
ENG-Premier League,1920,2019-08-19 Wolves-Manchester Utd,Manchester United,24’,0:0,Daniel James,,yellow_card
ENG-Premier League,1920,2019-08-19 Wolves-Manchester Utd,Manchester United,27’,0:1,Anthony Martial,Marcus Rashford,goal
ENG-Premier League,1920,2019-08-19 Wolves-Manchester Utd,Wolverhampton Wanderers,46’,0:1,Adama Traoré,Matt Doherty,substitute_in
ENG-Premier League,1920,2019-08-19 Wolves-Manchester Utd,Wolverhampton Wanderers,51’,0:1,Rúben Neves,,yellow_card
ENG-Premier League,1920,2019-08-19 Wolves-Manchester Utd,Wolverhampton Wanderers,55’,1:1,Rúben Neves,João Moutinho,goal
ENG-Premier League,1920,2019-08-19 Wolves-Manchester Utd,Wolverhampton Wanderers,67’,1:1,Ryan Bennett,,yellow_card
ENG-Premier League,1920,2019-08-19 Wolves-Manchester Utd,Manchester United,68’,1:1,Paul Pogba,Rui Patrício,penalty_miss
ENG-Premier League,1920,2019-08-19 Wolves-Manchester Utd,Manchester United,81’,1:1,Juan Mata,Jesse Lingard,substitute_in
ENG-Premier League,1920,2019-08-19 Wolves-Manchester Utd,Manchester United,84’,1:1,Aaron Wan-Bissaka,,yellow_card
ENG-Premier League,1920,2019-08-19 Wolves-Manchester Utd,Wolverhampton Wanderers,86’,1:1,Pedro Neto,Diogo Jota,substitute_in
ENG-Premier League,1920,2019-08-19 Wolves-Manchester Utd,Manchester United,89’,1:1,Mason Greenwood,Daniel James,substitute_in
ENG-Premier League,1920,2019-08-19 Wolves-Manchester Utd,Manchester United,89’,1:1,Andreas Pereira,Marcus Rashford,substitute_in
ENG-Premier League,1920,2019-08-19 Wolves-Manchester Utd,Wolverhampton Wanderers,90+1’,1:1,Patrick Cutrone,Raúl Jiménez,substitute_in
ENG-Premier League,1920,2019-12-26 Chelsea-Southampton,Southampton,30’,0:0,Ryan Bertrand,,yellow_card
ENG-Premier League,1920,2019-12-26 Chelsea-Southampton,Southampton,31’,0:1,Michael Obafemi,Pierre Højbjerg,goal
ENG-Premier League,1920,2019-12-26 Chelsea-Southampton,Chelsea,46’,0:1,Mason Mount,Kurt Zouma,substitute_in
ENG-Premier League,1920,2019-12-26 Chelsea-Southampton,Chelsea,58’,0:1,Jorginho,,yellow_card
ENG-Premier League,1920,2019-12-26 Chelsea-Southampton,Chelsea,62’,0:1,N'Golo Kanté,,yellow_card
ENG-Premier League,1920,2019-12-26 Chelsea-Southampton,Chelsea,62’,0:1,Fikayo Tomori,,yellow_card
ENG-Premier League,1920,2019-12-26 Chelsea-Southampton,Chelsea,67’,0:1,Christian Pulisic,Callum Hudson-Odoi,substitute_in
ENG-Premier League,1920,2019-12-26 Chelsea-Southampton,Southampton,69’,0:1,Danny Ings,Michael Obafemi,substitute_in
ENG-Premier League,1920,2019-12-26 Chelsea-Southampton,Southampton,73’,0:2,Nathan Redmond,,goal
ENG-Premier League,1920,2019-12-26 Chelsea-Southampton,Southampton,80’,0:2,Sofiane Boufal,Che Adams,substitute_in
ENG-Premier League,1920,2019-12-26 Chelsea-Southampton,Chelsea,84’,0:2,Pedro,Willian,substitute_in
ENG-Premier League,1920,2019-12-26 Chelsea-Southampton,Southampton,86’,0:2,Oriol Romeu,Stuart Armstrong,substitute_in
ENG-Premier League,1920,2019-12-26 Chelsea-Southampton,Southampton,90+4’,0:2,Sofiane Boufal,,yellow_card
ENG-Premier League,1920,2019-12-08 Brighton-Wolves,Wolverhampton Wanderers,28’,0:1,Diogo Jota,Raúl Jiménez,goal
ENG-Premier League,1920,2019-12-08 Brighton-Wolves,Brighton & Hove Albion,34’,1:1,Neal Maupay,Dale Stephens,goal
ENG-Premier League,1920,2019-12-08 Brighton-Wolves,Brighton & Hove Albion,36’,2:1,Davy Pröpper,Leandro Trossard,goal
ENG-Premier League,1920,2019-12-08 Brighton-Wolves,Wolverhampton Wanderers,44’,2:2,Diogo Jota,Jonny Castro,goal
ENG-Premier League,1920,2019-12-08 Brighton-Wolves,Brighton & Hove Albion,68’,2:2,Glenn Murray,Leandro Trossard,substitute_in
ENG-Premier League,1920,2019-12-08 Brighton-Wolves,Brighton & Hove Albion,68’,2:2,Alireza Jahanbakhsh,Pascal Groß,substitute_in
ENG-Premier League,1920,2019-12-08 Brighton-Wolves,Brighton & Hove Albion,75’,2:2,Lewis Dunk,,yellow_card
ENG-Premier League,1920,2019-12-08 Brighton-Wolves,Wolverhampton Wanderers,77’,2:2,Pedro Neto,Diogo Jota,substitute_in
ENG-Premier League,1920,2019-12-08 Brighton-Wolves,Brighton & Hove Albion,82’,2:2,Dan Burn,,yellow_card
ENG-Premier League,1920,2019-12-08 Brighton-Wolves,Wolverhampton Wanderers,85’,2:2,Patrick Cutrone,Raúl Jiménez,substitute_in
ENG-Premier League,1920,2019-12-08 Brighton-Wolves,Brighton & Hove Albion,90+2’,2:2,Dale Stephens,,yellow_card
ENG-Premier League,1920,2019-12-08 Brighton-Wolves,Wolverhampton Wanderers,90+3’,2:2,Rúben Vinagre,Adama Traoré,substitute_in
ENG-Premier League,1920,2020-01-11 Manchester Utd-Norwich City,Manchester United,27’,1:0,Marcus Rashford,Juan Mata,goal
ENG-Premier League,1920,2020-01-11 Manchester Utd-Norwich City,Manchester United,52’,2:0,Marcus Rashford,,penalty_goal
ENG-Premier League,1920,2020-01-11 Manchester Utd-Norwich City,Manchester United,54’,3:0,Anthony Martial,Juan Mata,goal
ENG-Premier League,1920,2020-01-11 Manchester Utd-Norwich City,Manchester United,59’,3:0,Daniel James,Marcus Rashford,substitute_in
ENG-Premier League,1920,2020-01-11 Manchester Utd-Norwich City,Norwich City,65’,3:0,Ibrahim Amadou,Mario Vrančić,substitute_in
ENG-Premier League,1920,2020-01-11 Manchester Utd-Norwich City,Norwich City,65’,3:0,Onel Hernández,Adam Idah,substitute_in
ENG-Premier League,1920,2020-01-11 Manchester Utd-Norwich City,Manchester United,71’,3:0,Mason Greenwood,Andreas Pereira,substitute_in
ENG-Premier League,1920,2020-01-11 Manchester Utd-Norwich City,Manchester United,76’,4:0,Mason Greenwood,,goal
ENG-Premier League,1920,2020-01-11 Manchester Utd-Norwich City,Manchester United,80’,4:0,Angel Gomes,Anthony Martial,substitute_in
ENG-Premier League,1920,2020-01-11 Manchester Utd-Norwich City,Norwich City,80’,4:0,Jamal Lewis,Grant Hanley,substitute_in
ENG-Premier League,1920,2020-02-01 Bournemouth-Aston Villa,Bournemouth,18’,0:0,Jefferson Lerma,,yellow_card
ENG-Premier League,1920,2020-02-01 Bournemouth-Aston Villa,Aston Villa,36’,0:0,Tyrone Mings,,yellow_card
ENG-Premier League,1920,2020-02-01 Bournemouth-Aston Villa,Bournemouth,37’,1:0,Philip Billing,Dan Gosling,goal
ENG-Premier League,1920,2020-02-01 Bournemouth-Aston Villa,Aston Villa,43’,1:0,Douglas Luiz,,yellow_card
ENG-Premier League,1920,2020-02-01 Bournemouth-Aston Villa,Bournemouth,44’,2:0,Nathan Aké,,goal
ENG-Premier League,1920,2020-02-01 Bournemouth-Aston Villa,Aston Villa,46’,2:0,Björn Engels,Ezri Konsa,substitute_in
ENG-Premier League,1920,2020-02-01 Bournemouth-Aston Villa,Bournemouth,51’,2:0,Jefferson Lerma,,yellow_red_card
ENG-Premier League,1920,2020-02-01 Bournemouth-Aston Villa,Aston Villa,58’,2:0,Keinan Davis,Anwar El Ghazi,substitute_in
ENG-Premier League,1920,2020-02-01 Bournemouth-Aston Villa,Bournemouth,65’,2:0,Callum Wilson,,yellow_card
ENG-Premier League,1920,2020-02-01 Bournemouth-Aston Villa,Aston Villa,70’,2:1,Mbwana Samatta,,goal
ENG-Premier League,1920,2020-02-01 Bournemouth-Aston Villa,Aston Villa,80’,2:1,Trézéguet,Marvelous Nakamba,substitute_in
ENG-Premier League,1920,2020-02-01 Bournemouth-Aston Villa,Aston Villa,90+1’,2:1,Kortney Hause,,yellow_card
ENG-Premier League,1920,2020-01-01 Watford-Wolves,Watford,21’,0:0,Craig Dawson,,yellow_card
ENG-Premier League,1920,2020-01-01 Watford-Wolves,Wolverhampton Wanderers,26’,0:0,Pedro Neto,,yellow_card
ENG-Premier League,1920,2020-01-01 Watford-Wolves,Watford,30’,1:0,Gerard Deulofeu,Ismaila Sarr,goal
ENG-Premier League,1920,2020-01-01 Watford-Wolves,Watford,49’,2:0,Abdoulaye Doucouré,Gerard Deulofeu,goal
ENG-Premier League,1920,2020-01-01 Watford-Wolves,Wolverhampton Wanderers,54’,2:0,Rúben Neves,Ryan Bennett,substitute_in
ENG-Premier League,1920,2020-01-01 Watford-Wolves,Wolverhampton Wanderers,54’,2:0,Rúben Vinagre,Jonny Castro,substitute_in
ENG-Premier League,1920,2020-01-01 Watford-Wolves,Watford,60’,2:0,José Holebas,Kiko Femenía,substitute_in
ENG-Premier League,1920,2020-01-01 Watford-Wolves,Wolverhampton Wanderers,60’,2:1,Pedro Neto,João Moutinho,goal
ENG-Premier League,1920,2020-01-01 Watford-Wolves,Wolverhampton Wanderers,66’,2:1,Diogo Jota,Pedro Neto,substitute_in
ENG-Premier League,1920,2020-01-01 Watford-Wolves,Watford,71’,2:1,Christian Kabasele,,red_card
ENG-Premier League,1920,2020-01-01 Watford-Wolves,Watford,73’,2:1,Adam Masina,Gerard Deulofeu,substitute_in
ENG-Premier League,1920,2020-01-01 Watford-Wolves,Watford,90+2’,2:1,Roberto Pereyra,Ismaila Sarr,substitute_in
ENG-Premier League,1920,2020-01-01 Watford-Wolves,Watford,90+4’,2:1,Troy Deeney,,yellow_card
ENG-Premier League,1920,2020-01-01 Watford-Wolves,Watford,90+6’,2:1,Ben Foster,,yellow_card
ENG-Premier League,1920,2019-12-04 Liverpool-Everton,Liverpool,17’,2:0,Xherdan Shaqiri,Sadio Mané,goal
ENG-Premier League,1920,2019-12-04 Liverpool-Everton,Everton,21’,2:1,Michael Keane,,goal
ENG-Premier League,1920,2019-12-04 Liverpool-Everton,Liverpool,27’,2:1,Trent Alexander-Arnold,,yellow_card
ENG-Premier League,1920,2019-12-04 Liverpool-Everton,Liverpool,31’,3:1,Divock Origi,Dejan Lovren,goal
ENG-Premier League,1920,2019-12-04 Liverpool-Everton,Everton,31’,3:1,Richarlison,,yellow_card
ENG-Premier League,1920,2019-12-04 Liverpool-Everton,Everton,35’,3:1,Bernard,Djibril Sidibé,substitute_in
ENG-Premier League,1920,2019-12-04 Liverpool-Everton,Everton,45+3’,4:2,Richarlison,Bernard,goal
ENG-Premier League,1920,2019-12-04 Liverpool-Everton,Liverpool,45’,4:1,Sadio Mané,Trent Alexander-Arnold,goal
ENG-Premier League,1920,2019-12-04 Liverpool-Everton,Everton,60’,4:2,Moise Kean,Dominic Calvert-Lewin,substitute_in
ENG-Premier League,1920,2019-12-04 Liverpool-Everton,Everton,67’,4:2,Tom Davies,,yellow_card
ENG-Premier League,1920,2019-12-04 Liverpool-Everton,Liverpool,6’,1:0,Divock Origi,Sadio Mané,goal
ENG-Premier League,1920,2019-12-04 Liverpool-Everton,Liverpool,72’,4:2,Jordan Henderson,Adam Lallana,substitute_in
ENG-Premier League,1920,2019-12-04 Liverpool-Everton,Everton,72’,4:2,Morgan Schneiderlin,Tom Davies,substitute_in
ENG-Premier League,1920,2019-12-04 Liverpool-Everton,Liverpool,73’,4:2,Roberto Firmino,Divock Origi,substitute_in
ENG-Premier League,1920,2019-12-04 Liverpool-Everton,Liverpool,83’,4:2,Joe Gomez,Trent Alexander-Arnold,substitute_in
ENG-Premier League,1920,2019-12-04 Liverpool-Everton,Liverpool,90’,5:2,Georginio Wijnaldum,Roberto Firmino,goal
ENG-Premier League,1920,2020-07-04 Wolves-Arsenal,Arsenal,32’,0:0,David Luiz,,yellow_card
ENG-Premier League,1920,2020-07-04 Wolves-Arsenal,Arsenal,43’,0:1,Bukayo Saka,,goal
ENG-Premier League,1920,2020-07-04 Wolves-Arsenal,Wolverhampton Wanderers,55’,0:1,Diogo Jota,Leander Dendoncker,substitute_in
ENG-Premier League,1920,2020-07-04 Wolves-Arsenal,Arsenal,56’,0:1,Ainsley Maitland-Niles,Kieran Tierney,substitute_in
ENG-Premier League,1920,2020-07-04 Wolves-Arsenal,Wolverhampton Wanderers,72’,0:1,Pedro Neto,Matt Doherty,substitute_in
ENG-Premier League,1920,2020-07-04 Wolves-Arsenal,Wolverhampton Wanderers,75’,0:1,Romain Saïss,,yellow_card
ENG-Premier League,1920,2020-07-04 Wolves-Arsenal,Arsenal,76’,0:1,Héctor Bellerín,Cédric Soares,substitute_in
ENG-Premier League,1920,2020-07-04 Wolves-Arsenal,Arsenal,76’,0:1,Joe Willock,Bukayo Saka,substitute_in
ENG-Premier League,1920,2020-07-04 Wolves-Arsenal,Arsenal,79’,0:1,Ainsley Maitland-Niles,,yellow_card
ENG-Premier League,1920,2020-07-04 Wolves-Arsenal,Arsenal,83’,0:1,Lucas Torreira,Dani Ceballos,substitute_in
ENG-Premier League,1920,2020-07-04 Wolves-Arsenal,Arsenal,83’,0:1,Alexandre Lacazette,Eddie Nketiah,substitute_in
ENG-Premier League,1920,2020-07-04 Wolves-Arsenal,Wolverhampton Wanderers,84’,0:1,Conor Coady,,yellow_card
ENG-Premier League,1920,2020-07-04 Wolves-Arsenal,Arsenal,86’,0:2,Alexandre Lacazette,Joe Willock,goal
ENG-Premier League,1920,2020-07-04 Wolves-Arsenal,Arsenal,88’,0:2,Lucas Torreira,,yellow_card
ENG-Premier League,1920,2020-07-04 Wolves-Arsenal,Wolverhampton Wanderers,89’,0:2,Morgan Gibbs-White,João Moutinho,substitute_in
ENG-Premier League,1920,2020-07-04 Wolves-Arsenal,Arsenal,90+1’,0:2,Granit Xhaka,,yellow_card
ENG-Premier League,1920,2019-10-26 Manchester City-Aston Villa,Aston Villa,36’,0:0,Jack Grealish,,yellow_card
ENG-Premier League,1920,2019-10-26 Manchester City-Aston Villa,Manchester City,46’,1:0,Raheem Sterling,,goal
ENG-Premier League,1920,2019-10-26 Manchester City-Aston Villa,Manchester City,57’,1:0,Fernandinho,,yellow_card
ENG-Premier League,1920,2019-10-26 Manchester City-Aston Villa,Manchester City,65’,2:0,David Silva,Kevin De Bruyne,goal
ENG-Premier League,1920,2019-10-26 Manchester City-Aston Villa,Manchester City,70’,3:0,İlkay Gündoğan,,goal
ENG-Premier League,1920,2019-10-26 Manchester City-Aston Villa,Aston Villa,71’,3:0,Keinan Davis,Wesley Moraes,substitute_in
ENG-Premier League,1920,2019-10-26 Manchester City-Aston Villa,Manchester City,73’,3:0,Angeliño,Benjamin Mendy,substitute_in
ENG-Premier League,1920,2019-10-26 Manchester City-Aston Villa,Manchester City,76’,3:0,Sergio Agüero,Raheem Sterling,substitute_in
ENG-Premier League,1920,2019-10-26 Manchester City-Aston Villa,Manchester City,76’,3:0,Phil Foden,Kevin De Bruyne,substitute_in
ENG-Premier League,1920,2019-10-26 Manchester City-Aston Villa,Manchester City,81’,3:0,İlkay Gündoğan,,yellow_card
ENG-Premier League,1920,2019-10-26 Manchester City-Aston Villa,Aston Villa,84’,3:0,Anwar El Ghazi,Jack Grealish,substitute_in
ENG-Premier League,1920,2019-10-26 Manchester City-Aston Villa,Manchester City,87’,3:0,Fernandinho,,yellow_red_card
ENG-Premier League,1920,2020-01-11 Crystal Palace-Arsenal,Arsenal,12’,0:1,Pierre-Emerick Aubameyang,Alexandre Lacazette,goal
ENG-Premier League,1920,2020-01-11 Crystal Palace-Arsenal,Arsenal,44’,0:1,Nicolas Pépé,,yellow_card
ENG-Premier League,1920,2020-01-11 Crystal Palace-Arsenal,Arsenal,46’,0:1,Mattéo Guendouzi,Lucas Torreira,substitute_in
ENG-Premier League,1920,2020-01-11 Crystal Palace-Arsenal,Arsenal,51’,0:1,Ainsley Maitland-Niles,,yellow_card
ENG-Premier League,1920,2020-01-11 Crystal Palace-Arsenal,Crystal Palace,54’,1:1,Jordan Ayew,Cheikhou Kouyaté,goal
ENG-Premier League,1920,2020-01-11 Crystal Palace-Arsenal,Arsenal,67’,1:1,Pierre-Emerick Aubameyang,,red_card
ENG-Premier League,1920,2020-01-11 Crystal Palace-Arsenal,Crystal Palace,68’,1:1,Cenk Tosun,Max Meyer,substitute_in
ENG-Premier League,1920,2020-01-11 Crystal Palace-Arsenal,Arsenal,70’,1:1,Gabriel Martinelli,Mesut Özil,substitute_in
ENG-Premier League,1920,2020-01-11 Crystal Palace-Arsenal,Crystal Palace,71’,1:1,James McCarthy,,yellow_card
ENG-Premier League,1920,2020-01-11 Crystal Palace-Arsenal,Crystal Palace,85’,1:1,James Tomkins,,yellow_card
ENG-Premier League,1920,2020-01-11 Crystal Palace-Arsenal,Arsenal,90+2’,1:1,Reiss Nelson,Alexandre Lacazette,substitute_in
ENG-Premier League,1920,2020-01-11 Crystal Palace-Arsenal,Arsenal,90’,1:1,Alexandre Lacazette,,yellow_card
ENG-Premier League,1920,2019-09-21 Leicester City-Tottenham Hotspur,Tottenham Hotspur,19’,0:0,Moussa Sissoko,,yellow_card
ENG-Premier League,1920,2019-09-21 Leicester City-Tottenham Hotspur,Tottenham Hotspur,29’,0:1,Harry Kane,Son Heung-min,goal
ENG-Premier League,1920,2019-09-21 Leicester City-Tottenham Hotspur,Leicester City,67’,0:1,Dennis Praet,Ayoze Pérez,substitute_in
ENG-Premier League,1920,2019-09-21 Leicester City-Tottenham Hotspur,Tottenham Hotspur,67’,0:1,Victor Wanyama,Moussa Sissoko,substitute_in
ENG-Premier League,1920,2019-09-21 Leicester City-Tottenham Hotspur,Leicester City,69’,1:1,Ricardo Pereira,,goal
ENG-Premier League,1920,2019-09-21 Leicester City-Tottenham Hotspur,Tottenham Hotspur,71’,1:1,Victor Wanyama,,yellow_card
ENG-Premier League,1920,2019-09-21 Leicester City-Tottenham Hotspur,Tottenham Hotspur,79’,1:1,Christian Eriksen,Érik Lamela,substitute_in
ENG-Premier League,1920,2019-09-21 Leicester City-Tottenham Hotspur,Leicester City,82’,1:1,Demarai Gray,Harvey Barnes,substitute_in
ENG-Premier League,1920,2019-09-21 Leicester City-Tottenham Hotspur,Leicester City,83’,1:1,Demarai Gray,,yellow_card
ENG-Premier League,1920,2019-09-21 Leicester City-Tottenham Hotspur,Leicester City,84’,1:1,Hamza Choudhury,Youri Tielemans,substitute_in
ENG-Premier League,1920,2019-09-21 Leicester City-Tottenham Hotspur,Leicester City,85’,2:1,James Maddison,Hamza Choudhury,goal
ENG-Premier League,1920,2019-09-21 Leicester City-Tottenham Hotspur,Tottenham Hotspur,86’,2:1,Lucas Moura,Tanguy Ndombele,substitute_in
ENG-Premier League,1920,2019-10-06 Newcastle United-Manchester Utd,Newcastle United,15’,0:0,DeAndre Yedlin,,yellow_card
ENG-Premier League,1920,2019-10-06 Newcastle United-Manchester Utd,Manchester United,30’,0:0,Scott McTominay,,yellow_card
ENG-Premier League,1920,2019-10-06 Newcastle United-Manchester Utd,Manchester United,3’,0:0,Fred,,yellow_card
ENG-Premier League,1920,2019-10-06 Newcastle United-Manchester Utd,Newcastle United,47’,0:0,Fabian Schär,,yellow_card
ENG-Premier League,1920,2019-10-06 Newcastle United-Manchester Utd,Newcastle United,56’,0:0,Andy Carroll,Joelinton,substitute_in
ENG-Premier League,1920,2019-10-06 Newcastle United-Manchester Utd,Manchester United,60’,0:0,Marcos Rojo,Diogo Dalot,substitute_in
ENG-Premier League,1920,2019-10-06 Newcastle United-Manchester Utd,Newcastle United,65’,0:0,Miguel Almirón,,yellow_card
ENG-Premier League,1920,2019-10-06 Newcastle United-Manchester Utd,Manchester United,66’,0:0,Mason Greenwood,Juan Mata,substitute_in
ENG-Premier League,1920,2019-10-06 Newcastle United-Manchester Utd,Newcastle United,72’,1:0,Matthew Longstaff,Jetro Willems,goal
ENG-Premier League,1920,2019-10-06 Newcastle United-Manchester Utd,Manchester United,78’,1:0,Marcos Rojo,,yellow_card
ENG-Premier League,1920,2019-10-06 Newcastle United-Manchester Utd,Newcastle United,83’,1:0,Christian Atsu,Allan Saint-Maximin,substitute_in
ENG-Premier League,1920,2019-10-06 Newcastle United-Manchester Utd,Manchester United,86’,1:0,Tahith Chong,Ashley Young,substitute_in
ENG-Premier League,1920,2019-10-06 Newcastle United-Manchester Utd,Newcastle United,90’,1:0,Emil Krafth,Miguel Almirón,substitute_in
ENG-Premier League,1920,2019-10-05 Norwich City-Aston Villa,Aston Villa,14’,0:1,Wesley Moraes,Anwar El Ghazi,goal
ENG-Premier League,1920,2019-10-05 Norwich City-Aston Villa,Aston Villa,30’,0:2,Wesley Moraes,Conor Hourihane,goal
ENG-Premier League,1920,2019-10-05 Norwich City-Aston Villa,Norwich City,32’,0:2,Teemu Pukki,,yellow_card
ENG-Premier League,1920,2019-10-05 Norwich City-Aston Villa,Aston Villa,38’,0:2,Wesley Moraes,Michael McGovern,penalty_miss
ENG-Premier League,1920,2019-10-05 Norwich City-Aston Villa,Aston Villa,42’,0:2,John McGinn,,yellow_card
ENG-Premier League,1920,2019-10-05 Norwich City-Aston Villa,Aston Villa,49’,0:3,Jack Grealish,Anwar El Ghazi,goal
ENG-Premier League,1920,2019-10-05 Norwich City-Aston Villa,Aston Villa,61’,0:4,Conor Hourihane,Matt Targett,goal
ENG-Premier League,1920,2019-10-05 Norwich City-Aston Villa,Aston Villa,62’,0:4,Conor Hourihane,,yellow_card
ENG-Premier League,1920,2019-10-05 Norwich City-Aston Villa,Aston Villa,64’,0:4,Trézéguet,Anwar El Ghazi,substitute_in
ENG-Premier League,1920,2019-10-05 Norwich City-Aston Villa,Aston Villa,70’,0:4,Frederic Guilbert,,yellow_card
ENG-Premier League,1920,2019-10-05 Norwich City-Aston Villa,Aston Villa,75’,0:4,Ezri Konsa,Björn Engels,substitute_in
ENG-Premier League,1920,2019-10-05 Norwich City-Aston Villa,Norwich City,76’,0:4,Patrick Roberts,Marco Stiepermann,substitute_in
ENG-Premier League,1920,2019-10-05 Norwich City-Aston Villa,Aston Villa,78’,0:4,Douglas Luiz,Conor Hourihane,substitute_in
ENG-Premier League,1920,2019-10-05 Norwich City-Aston Villa,Norwich City,80’,0:4,Dennis Srbeny,Todd Cantwell,substitute_in
ENG-Premier League,1920,2019-10-05 Norwich City-Aston Villa,Aston Villa,83’,0:5,Douglas Luiz,Wesley Moraes,goal
ENG-Premier League,1920,2019-10-05 Norwich City-Aston Villa,Norwich City,84’,0:5,Josip Drmić,Teemu Pukki,substitute_in
ENG-Premier League,1920,2019-10-05 Norwich City-Aston Villa,Norwich City,87’,1:5,Josip Drmić,,goal
ENG-Premier League,1920,2020-01-18 Newcastle United-Chelsea,Newcastle United,12’,0:0,Matt Ritchie,Jetro Willems,substitute_in
ENG-Premier League,1920,2020-01-18 Newcastle United-Chelsea,Newcastle United,55’,0:0,Isaac Hayden,,yellow_card
ENG-Premier League,1920,2020-01-18 Newcastle United-Chelsea,Chelsea,68’,0:0,Ross Barkley,Mason Mount,substitute_in
ENG-Premier League,1920,2020-01-18 Newcastle United-Chelsea,Newcastle United,71’,0:0,Sean Longstaff,Emil Krafth,substitute_in
ENG-Premier League,1920,2020-01-18 Newcastle United-Chelsea,Chelsea,75’,0:0,Emerson Palmieri,Reece James,substitute_in
ENG-Premier League,1920,2020-01-18 Newcastle United-Chelsea,Chelsea,80’,0:0,Michy Batshuayi,Tammy Abraham,substitute_in
ENG-Premier League,1920,2020-01-18 Newcastle United-Chelsea,Chelsea,84’,0:0,Emerson Palmieri,,yellow_card
ENG-Premier League,1920,2020-01-18 Newcastle United-Chelsea,Newcastle United,85’,0:0,Matthew Longstaff,Jonjo Shelvey,substitute_in
ENG-Premier League,1920,2020-01-18 Newcastle United-Chelsea,Newcastle United,90+4’,1:0,Isaac Hayden,Allan Saint-Maximin,goal
ENG-Premier League,1920,2020-06-20 Watford-Leicester City,Leicester City,40’,0:0,Youri Tielemans,,yellow_card
ENG-Premier League,1920,2020-06-20 Watford-Leicester City,Leicester City,65’,0:0,Demarai Gray,Harvey Barnes,substitute_in
ENG-Premier League,1920,2020-06-20 Watford-Leicester City,Watford,69’,0:0,Danny Welbeck,Roberto Pereyra,substitute_in
ENG-Premier League,1920,2020-06-20 Watford-Leicester City,Leicester City,76’,0:0,Hamza Choudhury,Youri Tielemans,substitute_in
ENG-Premier League,1920,2020-06-20 Watford-Leicester City,Watford,77’,0:0,Tom Cleverley,Abdoulaye Doucouré,substitute_in
ENG-Premier League,1920,2020-06-20 Watford-Leicester City,Watford,77’,0:0,Adrian Mariappa,Kiko Femenía,substitute_in
ENG-Premier League,1920,2020-06-20 Watford-Leicester City,Watford,77’,0:0,Nathaniel Chalobah,Étienne Capoue,substitute_in
ENG-Premier League,1920,2020-06-20 Watford-Leicester City,Leicester City,83’,0:0,Kelechi Iheanacho,Marc Albrighton,substitute_in
ENG-Premier League,1920,2020-06-20 Watford-Leicester City,Watford,88’,0:0,José Holebas,Adam Masina,substitute_in
ENG-Premier League,1920,2020-06-20 Watford-Leicester City,Watford,90+3’,1:1,Craig Dawson,Christian Kabasele,goal
ENG-Premier League,1920,2020-06-20 Watford-Leicester City,Leicester City,90’,0:1,Ben Chilwell,Demarai Gray,goal
ENG-Premier League,1920,2019-09-14 Sheffield United-Southampton,Southampton,51’,0:0,Jannik Vestergaard,,yellow_card
ENG-Premier League,1920,2019-09-14 Sheffield United-Southampton,Sheffield United,65’,0:0,John Fleck,,yellow_card
ENG-Premier League,1920,2019-09-14 Sheffield United-Southampton,Sheffield United,65’,0:0,Billy Sharp,Oliver McBurnie,substitute_in
ENG-Premier League,1920,2019-09-14 Sheffield United-Southampton,Southampton,66’,0:1,Moussa Djenepo,Sofiane Boufal,goal
ENG-Premier League,1920,2019-09-14 Sheffield United-Southampton,Sheffield United,72’,0:1,Lys Mousset,John Lundstram,substitute_in
ENG-Premier League,1920,2019-09-14 Sheffield United-Southampton,Southampton,74’,0:1,Danny Ings,Moussa Djenepo,substitute_in
ENG-Premier League,1920,2019-09-14 Sheffield United-Southampton,Sheffield United,84’,0:1,Callum Robinson,Chris Basham,substitute_in
ENG-Premier League,1920,2019-09-14 Sheffield United-Southampton,Sheffield United,85’,0:1,Billy Sharp,,red_card
ENG-Premier League,1920,2019-09-14 Sheffield United-Southampton,Southampton,85’,0:1,Stuart Armstrong,Sofiane Boufal,substitute_in
ENG-Premier League,1920,2019-09-14 Sheffield United-Southampton,Southampton,90+2’,0:1,Shane Long,Che Adams,substitute_in
ENG-Premier League,1920,2019-12-01 Manchester Utd-Aston Villa,Aston Villa,11’,0:1,Jack Grealish,Anwar El Ghazi,goal
ENG-Premier League,1920,2019-12-01 Manchester Utd-Aston Villa,Aston Villa,18’,0:1,Trézéguet,Anwar El Ghazi,substitute_in
ENG-Premier League,1920,2019-12-01 Manchester Utd-Aston Villa,Manchester United,24’,0:1,Fred,,yellow_card
ENG-Premier League,1920,2019-12-01 Manchester Utd-Aston Villa,Manchester United,42’,1:1,Tom Heaton,,own_goal
ENG-Premier League,1920,2019-12-01 Manchester Utd-Aston Villa,Aston Villa,45+3’,1:1,Frederic Guilbert,,yellow_card
ENG-Premier League,1920,2019-12-01 Manchester Utd-Aston Villa,Manchester United,62’,1:1,Brandon Williams,,yellow_card
ENG-Premier League,1920,2019-12-01 Manchester Utd-Aston Villa,Manchester United,64’,2:1,Victor Lindelöf,,goal
ENG-Premier League,1920,2019-12-01 Manchester Utd-Aston Villa,Aston Villa,66’,2:2,Tyrone Mings,Matt Targett,goal
ENG-Premier League,1920,2019-12-01 Manchester Utd-Aston Villa,Manchester United,74’,2:2,Jesse Lingard,Juan Mata,substitute_in
ENG-Premier League,1920,2019-12-01 Manchester Utd-Aston Villa,Manchester United,79’,2:2,Luke Shaw,Brandon Williams,substitute_in
ENG-Premier League,1920,2019-12-01 Manchester Utd-Aston Villa,Manchester United,7’,0:0,Harry Maguire,,yellow_card
ENG-Premier League,1920,2019-12-01 Manchester Utd-Aston Villa,Aston Villa,81’,2:2,Henri Lansbury,Conor Hourihane,substitute_in
ENG-Premier League,1920,2019-12-01 Manchester Utd-Aston Villa,Manchester United,82’,2:2,Mason Greenwood,Anthony Martial,substitute_in
ENG-Premier League,1920,2019-12-01 Manchester Utd-Aston Villa,Manchester United,89’,2:2,Luke Shaw,,yellow_card
ENG-Premier League,1920,2019-12-21 Bournemouth-Burnley,Burnley,45+1’,0:0,Ashley Westwood,,yellow_card
ENG-Premier League,1920,2019-12-21 Bournemouth-Burnley,Bournemouth,46’,0:0,Callum Wilson,Lewis Cook,substitute_in
ENG-Premier League,1920,2019-12-21 Bournemouth-Burnley,Bournemouth,56’,0:0,Diego Rico,,yellow_card
ENG-Premier League,1920,2019-12-21 Bournemouth-Burnley,Burnley,56’,0:0,Ashley Barnes,,yellow_card
ENG-Premier League,1920,2019-12-21 Bournemouth-Burnley,Burnley,56’,0:0,Dwight McNeil,,yellow_card
ENG-Premier League,1920,2019-12-21 Bournemouth-Burnley,Bournemouth,61’,0:0,Simon Francis,,yellow_card
ENG-Premier League,1920,2019-12-21 Bournemouth-Burnley,Burnley,62’,0:0,Jeff Hendrick,,yellow_card
ENG-Premier League,1920,2019-12-21 Bournemouth-Burnley,Burnley,65’,0:0,Aaron Lennon,Jeff Hendrick,substitute_in
ENG-Premier League,1920,2019-12-21 Bournemouth-Burnley,Burnley,75’,0:0,Jay Rodriguez,Ashley Barnes,substitute_in
ENG-Premier League,1920,2019-12-21 Bournemouth-Burnley,Burnley,82’,0:0,Robbie Brady,Dwight McNeil,substitute_in
ENG-Premier League,1920,2019-12-21 Bournemouth-Burnley,Bournemouth,86’,0:0,Dominic Solanke,Philip Billing,substitute_in
ENG-Premier League,1920,2019-12-21 Bournemouth-Burnley,Burnley,89’,0:1,Jay Rodriguez,Ashley Westwood,goal
ENG-Premier League,1920,2019-11-08 Norwich City-Watford,Watford,2’,0:1,Gerard Deulofeu,,goal
ENG-Premier League,1920,2019-11-08 Norwich City-Watford,Watford,31’,0:1,Andre Gray,Roberto Pereyra,substitute_in
ENG-Premier League,1920,2019-11-08 Norwich City-Watford,Watford,49’,0:1,Christian Kabasele,,yellow_card
ENG-Premier League,1920,2019-11-08 Norwich City-Watford,Watford,52’,0:2,Andre Gray,Gerard Deulofeu,goal
ENG-Premier League,1920,2019-11-08 Norwich City-Watford,Norwich City,62’,0:2,Todd Cantwell,Emi Buendía,substitute_in
ENG-Premier League,1920,2019-11-08 Norwich City-Watford,Norwich City,62’,0:2,Josip Drmić,Marco Stiepermann,substitute_in
ENG-Premier League,1920,2019-11-08 Norwich City-Watford,Watford,65’,0:2,Christian Kabasele,,yellow_red_card
ENG-Premier League,1920,2019-11-08 Norwich City-Watford,Watford,69’,0:2,Will Hughes,,yellow_card
ENG-Premier League,1920,2019-11-08 Norwich City-Watford,Watford,70’,0:2,Adrian Mariappa,Gerard Deulofeu,substitute_in
ENG-Premier League,1920,2019-11-08 Norwich City-Watford,Norwich City,81’,0:2,Mario Vrančić,Jamal Lewis,substitute_in
ENG-Premier League,1920,2019-11-08 Norwich City-Watford,Norwich City,86’,0:2,Mario Vrančić,,yellow_card
ENG-Premier League,1920,2019-11-08 Norwich City-Watford,Watford,88’,0:2,Adam Masina,José Holebas,substitute_in
ENG-Premier League,1920,2019-11-08 Norwich City-Watford,Watford,90+3’,0:2,Adam Masina,,yellow_card
ENG-Premier League,1920,2020-02-02 Tottenham Hotspur-Manchester City,Manchester City,12’,0:0,Raheem Sterling,,yellow_card
ENG-Premier League,1920,2020-02-02 Tottenham Hotspur-Manchester City,Manchester City,33’,0:0,Kyle Walker,,yellow_card
ENG-Premier League,1920,2020-02-02 Tottenham Hotspur-Manchester City,Manchester City,40’,0:0,İlkay Gündoğan,Hugo Lloris,penalty_miss
ENG-Premier League,1920,2020-02-02 Tottenham Hotspur-Manchester City,Tottenham Hotspur,42’,0:0,Toby Alderweireld,,yellow_card
ENG-Premier League,1920,2020-02-02 Tottenham Hotspur-Manchester City,Manchester City,42’,0:0,Oleksandr Zinchenko,,yellow_card
ENG-Premier League,1920,2020-02-02 Tottenham Hotspur-Manchester City,Manchester City,60’,0:0,Oleksandr Zinchenko,,yellow_red_card
ENG-Premier League,1920,2020-02-02 Tottenham Hotspur-Manchester City,Tottenham Hotspur,63’,1:0,Steven Bergwijn,Lucas Moura,goal
ENG-Premier League,1920,2020-02-02 Tottenham Hotspur-Manchester City,Manchester City,64’,1:0,João Cancelo,Sergio Agüero,substitute_in
ENG-Premier League,1920,2020-02-02 Tottenham Hotspur-Manchester City,Tottenham Hotspur,66’,1:0,Giovani Lo Celso,,yellow_card
ENG-Premier League,1920,2020-02-02 Tottenham Hotspur-Manchester City,Tottenham Hotspur,70’,1:0,Tanguy Ndombele,Dele Alli,substitute_in
ENG-Premier League,1920,2020-02-02 Tottenham Hotspur-Manchester City,Tottenham Hotspur,70’,1:0,Érik Lamela,Steven Bergwijn,substitute_in
ENG-Premier League,1920,2020-02-02 Tottenham Hotspur-Manchester City,Tottenham Hotspur,71’,2:0,Son Heung-min,Tanguy Ndombele,goal
ENG-Premier League,1920,2020-02-02 Tottenham Hotspur-Manchester City,Manchester City,72’,2:0,Gabriel Jesus,Riyad Mahrez,substitute_in
ENG-Premier League,1920,2020-02-02 Tottenham Hotspur-Manchester City,Tottenham Hotspur,84’,2:0,Eric Dier,Lucas Moura,substitute_in
ENG-Premier League,1920,2020-02-02 Tottenham Hotspur-Manchester City,Manchester City,84’,2:0,Bernardo Silva,Raheem Sterling,substitute_in
ENG-Premier League,1920,2020-02-02 Tottenham Hotspur-Manchester City,Manchester City,90+4’,2:0,Rodri,,yellow_card
ENG-Premier League,1920,2019-12-15 Wolves-Tottenham Hotspur,Wolverhampton Wanderers,60’,0:1,João Moutinho,,yellow_card
ENG-Premier League,1920,2019-12-15 Wolves-Tottenham Hotspur,Tottenham Hotspur,64’,0:1,Davinson Sánchez,,yellow_card
ENG-Premier League,1920,2019-12-15 Wolves-Tottenham Hotspur,Wolverhampton Wanderers,65’,0:1,Jonny Castro,,yellow_card
ENG-Premier League,1920,2019-12-15 Wolves-Tottenham Hotspur,Wolverhampton Wanderers,67’,1:1,Adama Traoré,Raúl Jiménez,goal
ENG-Premier League,1920,2019-12-15 Wolves-Tottenham Hotspur,Tottenham Hotspur,69’,1:1,Toby Alderweireld,,yellow_card
ENG-Premier League,1920,2019-12-15 Wolves-Tottenham Hotspur,Wolverhampton Wanderers,75’,1:1,Romain Saïss,,yellow_card
ENG-Premier League,1920,2019-12-15 Wolves-Tottenham Hotspur,Tottenham Hotspur,77’,1:1,Eric Dier,,yellow_card
ENG-Premier League,1920,2019-12-15 Wolves-Tottenham Hotspur,Tottenham Hotspur,83’,1:1,Harry Kane,,yellow_card
ENG-Premier League,1920,2019-12-15 Wolves-Tottenham Hotspur,Wolverhampton Wanderers,89’,1:1,Leander Dendoncker,,yellow_card
ENG-Premier League,1920,2019-12-15 Wolves-Tottenham Hotspur,Tottenham Hotspur,89’,1:1,Christian Eriksen,Lucas Moura,substitute_in
ENG-Premier League,1920,2019-12-15 Wolves-Tottenham Hotspur,Tottenham Hotspur,8’,0:1,Lucas Moura,Eric Dier,goal
ENG-Premier League,1920,2019-12-15 Wolves-Tottenham Hotspur,Tottenham Hotspur,90+1’,1:2,Jan Vertonghen,Christian Eriksen,goal
ENG-Premier League,1920,2019-12-15 Wolves-Tottenham Hotspur,Tottenham Hotspur,90+2’,1:2,Harry Winks,Son Heung-min,substitute_in
ENG-Premier League,1920,2019-12-15 Wolves-Tottenham Hotspur,Tottenham Hotspur,90+2’,1:2,Juan Foyth,Dele Alli,substitute_in
ENG-Premier League,1920,2020-03-01 Everton-Manchester Utd,Everton,28’,1:0,Djibril Sidibé,Séamus Coleman,substitute_in
ENG-Premier League,1920,2020-03-01 Everton-Manchester Utd,Manchester United,31’,1:1,Bruno Fernandes,Nemanja Matić,goal
ENG-Premier League,1920,2020-03-01 Everton-Manchester Utd,Everton,3’,1:0,Dominic Calvert-Lewin,,goal
ENG-Premier League,1920,2020-03-01 Everton-Manchester Utd,Everton,41’,1:1,Dominic Calvert-Lewin,,yellow_card
ENG-Premier League,1920,2020-03-01 Everton-Manchester Utd,Manchester United,41’,1:1,Luke Shaw,,yellow_card
ENG-Premier League,1920,2020-03-01 Everton-Manchester Utd,Everton,43’,1:1,Tom Davies,,yellow_card
ENG-Premier League,1920,2020-03-01 Everton-Manchester Utd,Manchester United,45’,1:1,Harry Maguire,,yellow_card
ENG-Premier League,1920,2020-03-01 Everton-Manchester Utd,Manchester United,56’,1:1,Victor Lindelöf,,yellow_card
ENG-Premier League,1920,2020-03-01 Everton-Manchester Utd,Everton,63’,1:1,Bernard,Theo Walcott,substitute_in
ENG-Premier League,1920,2020-03-01 Everton-Manchester Utd,Manchester United,70’,1:1,Fred,,yellow_card
ENG-Premier League,1920,2020-03-01 Everton-Manchester Utd,Manchester United,72’,1:1,Odion Ighalo,Mason Greenwood,substitute_in
ENG-Premier League,1920,2020-03-01 Everton-Manchester Utd,Manchester United,72’,1:1,Juan Mata,Scott McTominay,substitute_in
ENG-Premier League,1920,2020-03-01 Everton-Manchester Utd,Everton,80’,1:1,Djibril Sidibé,,yellow_card
ENG-Premier League,1920,2020-03-01 Everton-Manchester Utd,Everton,82’,1:1,Moise Kean,André Gomes,substitute_in
ENG-Premier League,1920,2020-03-01 Everton-Manchester Utd,Manchester United,89’,1:1,Brandon Williams,Anthony Martial,substitute_in
ENG-Premier League,1920,2019-09-20 Southampton-Bournemouth,Bournemouth,10’,0:1,Nathan Aké,Diego Rico,goal
ENG-Premier League,1920,2019-09-20 Southampton-Bournemouth,Bournemouth,20’,0:1,Jefferson Lerma,,yellow_card
ENG-Premier League,1920,2019-09-20 Southampton-Bournemouth,Bournemouth,35’,0:2,Harry Wilson,Philip Billing,goal
ENG-Premier League,1920,2019-09-20 Southampton-Bournemouth,Southampton,46’,0:2,Ryan Bertrand,Kevin Danso,substitute_in
ENG-Premier League,1920,2019-09-20 Southampton-Bournemouth,Southampton,53’,1:2,James Ward-Prowse,,penalty_goal
ENG-Premier League,1920,2019-09-20 Southampton-Bournemouth,Bournemouth,54’,1:2,Harry Wilson,,yellow_card
ENG-Premier League,1920,2019-09-20 Southampton-Bournemouth,Bournemouth,63’,1:2,Ryan Fraser,Harry Wilson,substitute_in
ENG-Premier League,1920,2019-09-20 Southampton-Bournemouth,Bournemouth,64’,1:2,Jack Stacey,,yellow_card
ENG-Premier League,1920,2019-09-20 Southampton-Bournemouth,Southampton,77’,1:2,Danny Ings,Che Adams,substitute_in
ENG-Premier League,1920,2019-09-20 Southampton-Bournemouth,Bournemouth,77’,1:2,Lewis Cook,Dominic Solanke,substitute_in
ENG-Premier League,1920,2019-09-20 Southampton-Bournemouth,Southampton,80’,1:2,Oriol Romeu,,yellow_card
ENG-Premier League,1920,2019-09-20 Southampton-Bournemouth,Southampton,88’,1:2,Stuart Armstrong,Nathan Redmond,substitute_in
ENG-Premier League,1920,2019-09-20 Southampton-Bournemouth,Bournemouth,90+3’,1:2,Andrew Surman,Joshua King,substitute_in
ENG-Premier League,1920,2019-09-20 Southampton-Bournemouth,Bournemouth,90+5’,1:3,Callum Wilson,Aaron Ramsdale,goal
ENG-Premier League,1920,2020-02-16 Aston Villa-Tottenham Hotspur,Tottenham Hotspur,27’,1:1,Toby Alderweireld,Eric Dier,goal
ENG-Premier League,1920,2020-02-16 Aston Villa-Tottenham Hotspur,Tottenham Hotspur,45+2’,1:2,Son Heung-min,,goal
ENG-Premier League,1920,2020-02-16 Aston Villa-Tottenham Hotspur,Tottenham Hotspur,45+2’,1:2,Son Heung-min,Pepe Reina,penalty_miss
ENG-Premier League,1920,2020-02-16 Aston Villa-Tottenham Hotspur,Aston Villa,53’,2:2,Björn Engels,Jack Grealish,goal
ENG-Premier League,1920,2020-02-16 Aston Villa-Tottenham Hotspur,Aston Villa,60’,2:2,Marvelous Nakamba,Danny Drinkwater,substitute_in
ENG-Premier League,1920,2020-02-16 Aston Villa-Tottenham Hotspur,Tottenham Hotspur,60’,2:2,Giovani Lo Celso,Eric Dier,substitute_in
ENG-Premier League,1920,2020-02-16 Aston Villa-Tottenham Hotspur,Aston Villa,70’,2:2,Trézéguet,Anwar El Ghazi,substitute_in
ENG-Premier League,1920,2020-02-16 Aston Villa-Tottenham Hotspur,Aston Villa,83’,2:2,Borja Bastón,Mbwana Samatta,substitute_in
ENG-Premier League,1920,2020-02-16 Aston Villa-Tottenham Hotspur,Tottenham Hotspur,83’,2:2,Gedson Fernandes,Dele Alli,substitute_in
ENG-Premier League,1920,2020-02-16 Aston Villa-Tottenham Hotspur,Aston Villa,86’,2:2,Frederic Guilbert,,yellow_card
ENG-Premier League,1920,2020-02-16 Aston Villa-Tottenham Hotspur,Aston Villa,90+2’,2:2,Marvelous Nakamba,,yellow_card
ENG-Premier League,1920,2020-02-16 Aston Villa-Tottenham Hotspur,Tottenham Hotspur,90+4’,2:3,Son Heung-min,,goal
ENG-Premier League,1920,2020-02-16 Aston Villa-Tottenham Hotspur,Tottenham Hotspur,90+6’,2:3,Jan Vertonghen,Steven Bergwijn,substitute_in
ENG-Premier League,1920,2020-02-16 Aston Villa-Tottenham Hotspur,Aston Villa,9’,1:0,Toby Alderweireld,,own_goal
ENG-Premier League,1920,2019-11-09 Tottenham Hotspur-Sheffield United,Sheffield United,18’,0:0,Oliver Norwood,,yellow_card
ENG-Premier League,1920,2019-11-09 Tottenham Hotspur-Sheffield United,Tottenham Hotspur,2’,0:0,Eric Dier,,yellow_card
ENG-Premier League,1920,2019-11-09 Tottenham Hotspur-Sheffield United,Tottenham Hotspur,46’,0:0,Harry Winks,Tanguy Ndombele,substitute_in
ENG-Premier League,1920,2019-11-09 Tottenham Hotspur-Sheffield United,Tottenham Hotspur,58’,1:0,Son Heung-min,,goal
ENG-Premier League,1920,2019-11-09 Tottenham Hotspur-Sheffield United,Tottenham Hotspur,72’,1:0,Juan Foyth,Dele Alli,substitute_in
ENG-Premier League,1920,2019-11-09 Tottenham Hotspur-Sheffield United,Sheffield United,78’,1:1,George Baldock,David McGoldrick,goal
ENG-Premier League,1920,2019-11-09 Tottenham Hotspur-Sheffield United,Tottenham Hotspur,80’,1:1,Juan Foyth,,yellow_card
ENG-Premier League,1920,2019-11-09 Tottenham Hotspur-Sheffield United,Tottenham Hotspur,86’,1:1,Lucas Moura,Serge Aurier,substitute_in
ENG-Premier League,1920,2019-11-09 Tottenham Hotspur-Sheffield United,Sheffield United,87’,1:1,Callum Robinson,Lys Mousset,substitute_in
ENG-Premier League,1920,2019-11-09 Tottenham Hotspur-Sheffield United,Sheffield United,90+1’,1:1,Chris Basham,,yellow_card
ENG-Premier League,1920,2019-11-09 Tottenham Hotspur-Sheffield United,Sheffield United,90+5’,1:1,Luke Freeman,David McGoldrick,substitute_in
ENG-Premier League,1920,2020-01-01 Manchester City-Everton,Everton,30’,0:0,Yerry Mina,,yellow_card
ENG-Premier League,1920,2020-01-01 Manchester City-Everton,Manchester City,51’,1:0,Gabriel Jesus,İlkay Gündoğan,goal
ENG-Premier League,1920,2020-01-01 Manchester City-Everton,Manchester City,58’,2:0,Gabriel Jesus,Riyad Mahrez,goal
ENG-Premier League,1920,2020-01-01 Manchester City-Everton,Everton,59’,2:0,Theo Walcott,Séamus Coleman,substitute_in
ENG-Premier League,1920,2020-01-01 Manchester City-Everton,Everton,66’,2:0,Moise Kean,Gylfi Sigurðsson,substitute_in
ENG-Premier League,1920,2020-01-01 Manchester City-Everton,Everton,69’,2:0,Fabian Delph,,yellow_card
ENG-Premier League,1920,2020-01-01 Manchester City-Everton,Everton,71’,2:1,Richarlison,,goal
ENG-Premier League,1920,2020-01-01 Manchester City-Everton,Everton,79’,2:1,Tom Davies,,yellow_card
ENG-Premier League,1920,2020-01-01 Manchester City-Everton,Manchester City,83’,2:1,David Silva,Phil Foden,substitute_in
ENG-Premier League,1920,2020-01-01 Manchester City-Everton,Everton,86’,2:1,Dominic Calvert-Lewin,,yellow_card
ENG-Premier League,1920,2020-01-01 Manchester City-Everton,Manchester City,90+3’,2:1,Raheem Sterling,Riyad Mahrez,substitute_in
ENG-Premier League,1920,2020-07-04 Chelsea-Watford,Watford,21’,0:0,Étienne Capoue,,yellow_card
ENG-Premier League,1920,2020-07-04 Chelsea-Watford,Chelsea,28’,1:0,Olivier Giroud,Ross Barkley,goal
ENG-Premier League,1920,2020-07-04 Chelsea-Watford,Chelsea,43’,2:0,Willian,,penalty_goal
ENG-Premier League,1920,2020-07-04 Chelsea-Watford,Watford,49’,2:0,Adrian Mariappa,,yellow_card
ENG-Premier League,1920,2020-07-04 Chelsea-Watford,Watford,58’,2:0,Danny Welbeck,Étienne Capoue,substitute_in
ENG-Premier League,1920,2020-07-04 Chelsea-Watford,Watford,64’,2:0,Adam Masina,Kiko Femenía,substitute_in
ENG-Premier League,1920,2020-07-04 Chelsea-Watford,Watford,64’,2:0,Tom Cleverley,Troy Deeney,substitute_in
ENG-Premier League,1920,2020-07-04 Chelsea-Watford,Chelsea,76’,2:0,Callum Hudson-Odoi,Mason Mount,substitute_in
ENG-Premier League,1920,2020-07-04 Chelsea-Watford,Chelsea,76’,2:0,Tammy Abraham,Olivier Giroud,substitute_in
ENG-Premier League,1920,2020-07-04 Chelsea-Watford,Chelsea,76’,2:0,Ruben Loftus-Cheek,Willian,substitute_in
ENG-Premier League,1920,2020-07-04 Chelsea-Watford,Chelsea,78’,2:0,Billy Gilmour,N'Golo Kanté,substitute_in
ENG-Premier League,1920,2020-07-04 Chelsea-Watford,Watford,83’,2:0,Roberto Pereyra,Ismaila Sarr,substitute_in
ENG-Premier League,1920,2020-07-04 Chelsea-Watford,Chelsea,90+2’,3:0,Ross Barkley,César Azpilicueta,goal
ENG-Premier League,1920,2019-12-26 Tottenham Hotspur-Brighton,Brighton & Hove Albion,30’,0:0,Dan Burn,,yellow_card
ENG-Premier League,1920,2019-12-26 Tottenham Hotspur-Brighton,Tottenham Hotspur,36’,0:0,Harry Winks,,yellow_card
ENG-Premier League,1920,2019-12-26 Tottenham Hotspur-Brighton,Brighton & Hove Albion,37’,0:1,Adam Webster,Pascal Groß,goal
ENG-Premier League,1920,2019-12-26 Tottenham Hotspur-Brighton,Tottenham Hotspur,39’,0:1,Davinson Sánchez,,yellow_card
ENG-Premier League,1920,2019-12-26 Tottenham Hotspur-Brighton,Brighton & Hove Albion,42’,0:1,Pascal Groß,,yellow_card
ENG-Premier League,1920,2019-12-26 Tottenham Hotspur-Brighton,Tottenham Hotspur,53’,1:1,Harry Kane,,goal
ENG-Premier League,1920,2019-12-26 Tottenham Hotspur-Brighton,Tottenham Hotspur,56’,1:1,Giovani Lo Celso,Ryan Sessegnon,substitute_in
ENG-Premier League,1920,2019-12-26 Tottenham Hotspur-Brighton,Tottenham Hotspur,68’,1:1,Christian Eriksen,Harry Winks,substitute_in
ENG-Premier League,1920,2019-12-26 Tottenham Hotspur-Brighton,Brighton & Hove Albion,68’,1:1,Neal Maupay,Aaron Connolly,substitute_in
ENG-Premier League,1920,2019-12-26 Tottenham Hotspur-Brighton,Tottenham Hotspur,72’,2:1,Dele Alli,Serge Aurier,goal
ENG-Premier League,1920,2019-12-26 Tottenham Hotspur-Brighton,Tottenham Hotspur,74’,2:1,Lucas Moura,,yellow_card
ENG-Premier League,1920,2019-12-26 Tottenham Hotspur-Brighton,Tottenham Hotspur,76’,2:1,Eric Dier,Lucas Moura,substitute_in
ENG-Premier League,1920,2019-12-26 Tottenham Hotspur-Brighton,Brighton & Hove Albion,76’,2:1,Leandro Trossard,Bernardo,substitute_in
ENG-Premier League,1920,2019-12-26 Tottenham Hotspur-Brighton,Brighton & Hove Albion,83’,2:1,Yves Bissouma,Ezequiel Schelotto,substitute_in
ENG-Premier League,1920,2019-12-26 Tottenham Hotspur-Brighton,Tottenham Hotspur,84’,2:1,Moussa Sissoko,,yellow_card
ENG-Premier League,1920,2020-02-01 Newcastle United-Norwich City,Norwich City,44’,0:0,Todd Cantwell,,yellow_card
ENG-Premier League,1920,2020-02-01 Newcastle United-Norwich City,Newcastle United,52’,0:0,DeAndre Yedlin,,yellow_card
ENG-Premier League,1920,2020-02-01 Newcastle United-Norwich City,Newcastle United,54’,0:0,Valentino Lazaro,DeAndre Yedlin,substitute_in
ENG-Premier League,1920,2020-02-01 Newcastle United-Norwich City,Newcastle United,57’,0:0,Sean Longstaff,Isaac Hayden,substitute_in
ENG-Premier League,1920,2020-02-01 Newcastle United-Norwich City,Norwich City,67’,0:0,Emi Buendía,Todd Cantwell,substitute_in
ENG-Premier League,1920,2020-02-01 Newcastle United-Norwich City,Newcastle United,79’,0:0,Danny Rose,Allan Saint-Maximin,substitute_in
ENG-Premier League,1920,2020-02-01 Newcastle United-Norwich City,Newcastle United,80’,0:0,Nabil Bentaleb,,yellow_card
ENG-Premier League,1920,2020-02-01 Newcastle United-Norwich City,Norwich City,86’,0:0,Onel Hernández,Alexander Tettey,substitute_in
ENG-Premier League,1920,2020-02-01 Newcastle United-Norwich City,Norwich City,89’,0:0,Mario Vrančić,Lukas Rupp,substitute_in
ENG-Premier League,1920,2020-01-23 Wolves-Liverpool,Liverpool,33’,0:1,Takumi Minamino,Sadio Mané,substitute_in
ENG-Premier League,1920,2020-01-23 Wolves-Liverpool,Wolverhampton Wanderers,51’,1:1,Raúl Jiménez,Adama Traoré,goal
ENG-Premier League,1920,2020-01-23 Wolves-Liverpool,Liverpool,55’,1:1,Andrew Robertson,,yellow_card
ENG-Premier League,1920,2020-01-23 Wolves-Liverpool,Liverpool,70’,1:1,Fabinho,Alex Oxlade-Chamberlain,substitute_in
ENG-Premier League,1920,2020-01-23 Wolves-Liverpool,Wolverhampton Wanderers,77’,1:1,Diogo Jota,Pedro Neto,substitute_in
ENG-Premier League,1920,2020-01-23 Wolves-Liverpool,Liverpool,84’,1:2,Roberto Firmino,Jordan Henderson,goal
ENG-Premier League,1920,2020-01-23 Wolves-Liverpool,Liverpool,85’,1:2,Divock Origi,Mohamed Salah,substitute_in
ENG-Premier League,1920,2020-01-23 Wolves-Liverpool,Wolverhampton Wanderers,87’,1:2,Morgan Gibbs-White,João Moutinho,substitute_in
ENG-Premier League,1920,2020-01-23 Wolves-Liverpool,Liverpool,8’,0:1,Jordan Henderson,Trent Alexander-Arnold,goal
ENG-Premier League,1920,2019-10-27 Newcastle United-Wolves,Newcastle United,37’,1:0,Jamaal Lascelles,Federico Fernández,goal
ENG-Premier League,1920,2019-10-27 Newcastle United-Wolves,Newcastle United,55’,1:0,Ciaran Clark,,yellow_card
ENG-Premier League,1920,2019-10-27 Newcastle United-Wolves,Newcastle United,66’,1:0,Jamaal Lascelles,,yellow_card
ENG-Premier League,1920,2019-10-27 Newcastle United-Wolves,Wolverhampton Wanderers,69’,1:0,Romain Saïss,,yellow_card
ENG-Premier League,1920,2019-10-27 Newcastle United-Wolves,Wolverhampton Wanderers,70’,1:0,Pedro Neto,Diogo Jota,substitute_in
ENG-Premier League,1920,2019-10-27 Newcastle United-Wolves,Wolverhampton Wanderers,73’,1:1,Jonny Castro,,goal
ENG-Premier League,1920,2019-10-27 Newcastle United-Wolves,Wolverhampton Wanderers,75’,1:1,Rúben Neves,,yellow_card
ENG-Premier League,1920,2019-10-27 Newcastle United-Wolves,Newcastle United,82’,1:1,Sean Longstaff,,red_card
ENG-Premier League,1920,2019-10-27 Newcastle United-Wolves,Wolverhampton Wanderers,84’,1:1,Rúben Vinagre,Jonny Castro,substitute_in
ENG-Premier League,1920,2019-10-27 Newcastle United-Wolves,Newcastle United,85’,1:1,Jonjo Shelvey,Joelinton,substitute_in
ENG-Premier League,1920,2019-10-27 Newcastle United-Wolves,Newcastle United,90’,1:1,Christian Atsu,Matthew Longstaff,substitute_in
ENG-Premier League,1920,2019-10-27 Newcastle United-Wolves,Newcastle United,90’,1:1,Dwight Gayle,Allan Saint-Maximin,substitute_in
ENG-Premier League,1920,2019-11-03 Everton-Tottenham Hotspur,Everton,30’,0:0,Theo Walcott,,yellow_card
ENG-Premier League,1920,2019-11-03 Everton-Tottenham Hotspur,Tottenham Hotspur,31’,0:0,Christian Eriksen,,yellow_card
ENG-Premier League,1920,2019-11-03 Everton-Tottenham Hotspur,Tottenham Hotspur,63’,0:1,Dele Alli,Son Heung-min,goal
ENG-Premier League,1920,2019-11-03 Everton-Tottenham Hotspur,Tottenham Hotspur,65’,0:1,Tanguy Ndombele,,yellow_card
ENG-Premier League,1920,2019-11-03 Everton-Tottenham Hotspur,Everton,68’,0:1,Cenk Tosun,Theo Walcott,substitute_in
ENG-Premier League,1920,2019-11-03 Everton-Tottenham Hotspur,Tottenham Hotspur,73’,0:1,Giovani Lo Celso,Tanguy Ndombele,substitute_in
ENG-Premier League,1920,2019-11-03 Everton-Tottenham Hotspur,Tottenham Hotspur,79’,0:1,Son Heung-min,,red_card
ENG-Premier League,1920,2019-11-03 Everton-Tottenham Hotspur,Everton,83’,0:1,Dominic Calvert-Lewin,Tom Davies,substitute_in
ENG-Premier League,1920,2019-11-03 Everton-Tottenham Hotspur,Everton,84’,0:1,Gylfi Sigurðsson,André Gomes,substitute_in
ENG-Premier League,1920,2019-11-03 Everton-Tottenham Hotspur,Tottenham Hotspur,88’,0:1,Juan Foyth,Serge Aurier,substitute_in
ENG-Premier League,1920,2019-11-03 Everton-Tottenham Hotspur,Tottenham Hotspur,90+12’,1:1,Ryan Sessegnon,Christian Eriksen,substitute_in
ENG-Premier League,1920,2019-11-03 Everton-Tottenham Hotspur,Everton,90+7’,1:1,Cenk Tosun,Lucas Digne,goal
ENG-Premier League,1920,2020-07-15 Manchester City-Bournemouth,Bournemouth,17’,1:0,Lloyd Kelly,,yellow_card
ENG-Premier League,1920,2020-07-15 Manchester City-Bournemouth,Manchester City,39’,2:0,Gabriel Jesus,David Silva,goal
ENG-Premier League,1920,2020-07-15 Manchester City-Bournemouth,Manchester City,46’,2:0,Eric García,Kyle Walker,substitute_in
ENG-Premier League,1920,2020-07-15 Manchester City-Bournemouth,Manchester City,46’,2:0,Raheem Sterling,Bernardo Silva,substitute_in
ENG-Premier League,1920,2020-07-15 Manchester City-Bournemouth,Manchester City,68’,2:0,Rodri,İlkay Gündoğan,substitute_in
ENG-Premier League,1920,2020-07-15 Manchester City-Bournemouth,Bournemouth,69’,2:0,David Brooks,Junior Stanislas,substitute_in
ENG-Premier League,1920,2020-07-15 Manchester City-Bournemouth,Bournemouth,69’,2:0,Callum Wilson,Dominic Solanke,substitute_in
ENG-Premier League,1920,2020-07-15 Manchester City-Bournemouth,Manchester City,6’,1:0,David Silva,,goal
ENG-Premier League,1920,2020-07-15 Manchester City-Bournemouth,Bournemouth,70’,2:0,Lewis Cook,Dan Gosling,substitute_in
ENG-Premier League,1920,2020-07-15 Manchester City-Bournemouth,Manchester City,77’,2:0,Oleksandr Zinchenko,Benjamin Mendy,substitute_in
ENG-Premier League,1920,2020-07-15 Manchester City-Bournemouth,Manchester City,77’,2:0,Riyad Mahrez,Gabriel Jesus,substitute_in
ENG-Premier League,1920,2020-07-15 Manchester City-Bournemouth,Bournemouth,77’,2:0,Harry Wilson,Joshua King,substitute_in
ENG-Premier League,1920,2020-07-15 Manchester City-Bournemouth,Bournemouth,88’,2:1,David Brooks,Callum Wilson,goal
ENG-Premier League,1920,2020-07-15 Manchester City-Bournemouth,Manchester City,90+4’,2:1,Eric García,,yellow_card
ENG-Premier League,1920,2020-07-15 Manchester City-Bournemouth,Bournemouth,90’,2:1,Sam Surridge,Philip Billing,substitute_in
ENG-Premier League,1920,2019-10-19 Crystal Palace-Manchester City,Crystal Palace,13’,0:0,Luka Milivojević,,yellow_card
ENG-Premier League,1920,2019-10-19 Crystal Palace-Manchester City,Manchester City,39’,0:1,Gabriel Jesus,Bernardo Silva,goal
ENG-Premier League,1920,2019-10-19 Crystal Palace-Manchester City,Manchester City,41’,0:2,David Silva,Raheem Sterling,goal
ENG-Premier League,1920,2019-10-19 Crystal Palace-Manchester City,Manchester City,46’,0:2,Raheem Sterling,,yellow_card
ENG-Premier League,1920,2019-10-19 Crystal Palace-Manchester City,Crystal Palace,55’,0:2,Andros Townsend,Jeffrey Schlupp,substitute_in
ENG-Premier League,1920,2019-10-19 Crystal Palace-Manchester City,Crystal Palace,76’,0:2,Christian Benteke,Luka Milivojević,substitute_in
ENG-Premier League,1920,2019-10-19 Crystal Palace-Manchester City,Manchester City,79’,0:2,John Stones,David Silva,substitute_in
ENG-Premier League,1920,2019-10-19 Crystal Palace-Manchester City,Crystal Palace,83’,0:2,Scott Dann,James Tomkins,substitute_in
ENG-Premier League,1920,2019-10-19 Crystal Palace-Manchester City,Manchester City,90+1’,0:2,Phil Foden,Kevin De Bruyne,substitute_in
ENG-Premier League,1920,2019-12-14 Liverpool-Watford,Watford,24’,0:0,Will Hughes,,yellow_card
ENG-Premier League,1920,2019-12-14 Liverpool-Watford,Liverpool,38’,1:0,Mohamed Salah,Sadio Mané,goal
ENG-Premier League,1920,2019-12-14 Liverpool-Watford,Liverpool,43’,1:0,Jordan Henderson,,yellow_card
ENG-Premier League,1920,2019-12-14 Liverpool-Watford,Liverpool,57’,1:0,James Milner,,yellow_card
ENG-Premier League,1920,2019-12-14 Liverpool-Watford,Liverpool,59’,1:0,Andrew Robertson,Georginio Wijnaldum,substitute_in
ENG-Premier League,1920,2019-12-14 Liverpool-Watford,Liverpool,70’,1:0,Alex Oxlade-Chamberlain,Xherdan Shaqiri,substitute_in
ENG-Premier League,1920,2019-12-14 Liverpool-Watford,Watford,75’,1:0,Andre Gray,Troy Deeney,substitute_in
ENG-Premier League,1920,2019-12-14 Liverpool-Watford,Watford,87’,1:0,Domingos Quina,Abdoulaye Doucouré,substitute_in
ENG-Premier League,1920,2019-12-14 Liverpool-Watford,Liverpool,88’,1:0,Divock Origi,Roberto Firmino,substitute_in
ENG-Premier League,1920,2019-12-14 Liverpool-Watford,Liverpool,90’,2:0,Mohamed Salah,Divock Origi,goal
ENG-Premier League,1920,2019-08-17 Everton-Watford,Everton,10’,1:0,Bernard,Lucas Digne,goal
ENG-Premier League,1920,2019-08-17 Everton-Watford,Everton,14’,1:0,Séamus Coleman,,yellow_card
ENG-Premier League,1920,2019-08-17 Everton-Watford,Watford,31’,1:0,Étienne Capoue,,yellow_card
ENG-Premier League,1920,2019-08-17 Everton-Watford,Everton,47’,1:0,André Gomes,,yellow_card
ENG-Premier League,1920,2019-08-17 Everton-Watford,Watford,59’,1:0,José Holebas,,yellow_card
ENG-Premier League,1920,2019-08-17 Everton-Watford,Watford,62’,1:0,Roberto Pereyra,,yellow_card
ENG-Premier League,1920,2019-08-17 Everton-Watford,Everton,63’,1:0,Theo Walcott,Richarlison,substitute_in
ENG-Premier League,1920,2019-08-17 Everton-Watford,Watford,67’,1:0,Danny Welbeck,Will Hughes,substitute_in
ENG-Premier League,1920,2019-08-17 Everton-Watford,Everton,72’,1:0,Moise Kean,Dominic Calvert-Lewin,substitute_in
ENG-Premier League,1920,2019-08-17 Everton-Watford,Everton,73’,1:0,Mason Holgate,Lucas Digne,substitute_in
ENG-Premier League,1920,2019-08-17 Everton-Watford,Watford,79’,1:0,Tom Cleverley,Gerard Deulofeu,substitute_in
ENG-Premier League,1920,2019-08-17 Everton-Watford,Watford,83’,1:0,Andre Gray,Étienne Capoue,substitute_in
ENG-Premier League,1920,2019-11-30 Newcastle United-Manchester City,Manchester City,22’,0:1,Raheem Sterling,David Silva,goal
ENG-Premier League,1920,2019-11-30 Newcastle United-Manchester City,Manchester City,24’,0:1,İlkay Gündoğan,,yellow_card
ENG-Premier League,1920,2019-11-30 Newcastle United-Manchester City,Newcastle United,25’,1:1,Jetro Willems,Miguel Almirón,goal
ENG-Premier League,1920,2019-11-30 Newcastle United-Manchester City,Manchester City,53’,1:1,Fernandinho,,yellow_card
ENG-Premier League,1920,2019-11-30 Newcastle United-Manchester City,Newcastle United,69’,1:1,Dwight Gayle,Joelinton,substitute_in
ENG-Premier League,1920,2019-11-30 Newcastle United-Manchester City,Manchester City,69’,1:1,Bernardo Silva,Riyad Mahrez,substitute_in
ENG-Premier League,1920,2019-11-30 Newcastle United-Manchester City,Manchester City,70’,1:1,Phil Foden,David Silva,substitute_in
ENG-Premier League,1920,2019-11-30 Newcastle United-Manchester City,Newcastle United,73’,1:1,Javier Manquillo,,yellow_card
ENG-Premier League,1920,2019-11-30 Newcastle United-Manchester City,Newcastle United,80’,1:1,Christian Atsu,Allan Saint-Maximin,substitute_in
ENG-Premier League,1920,2019-11-30 Newcastle United-Manchester City,Manchester City,82’,1:2,Kevin De Bruyne,,goal
ENG-Premier League,1920,2019-11-30 Newcastle United-Manchester City,Manchester City,84’,1:2,Rodri,Gabriel Jesus,substitute_in
ENG-Premier League,1920,2019-11-30 Newcastle United-Manchester City,Newcastle United,88’,2:2,Jonjo Shelvey,Christian Atsu,goal
ENG-Premier League,1920,2019-10-21 Sheffield United-Arsenal,Sheffield United,15’,0:0,John Fleck,,yellow_card
ENG-Premier League,1920,2019-10-21 Sheffield United-Arsenal,Sheffield United,30’,1:0,Lys Mousset,Jack O'Connell,goal
ENG-Premier League,1920,2019-10-21 Sheffield United-Arsenal,Arsenal,35’,1:0,Bukayo Saka,,yellow_card
ENG-Premier League,1920,2019-10-21 Sheffield United-Arsenal,Sheffield United,39’,1:0,Jack O'Connell,,yellow_card
ENG-Premier League,1920,2019-10-21 Sheffield United-Arsenal,Arsenal,46’,1:0,Dani Ceballos,Joe Willock,substitute_in
ENG-Premier League,1920,2019-10-21 Sheffield United-Arsenal,Sheffield United,56’,1:0,Billy Sharp,Lys Mousset,substitute_in
ENG-Premier League,1920,2019-10-21 Sheffield United-Arsenal,Sheffield United,66’,1:0,David McGoldrick,,yellow_card
ENG-Premier League,1920,2019-10-21 Sheffield United-Arsenal,Arsenal,67’,1:0,Sead Kolašinac,,yellow_card
ENG-Premier League,1920,2019-10-21 Sheffield United-Arsenal,Arsenal,69’,1:0,Alexandre Lacazette,Granit Xhaka,substitute_in
ENG-Premier League,1920,2019-10-21 Sheffield United-Arsenal,Sheffield United,75’,1:0,Dean Henderson,,yellow_card
ENG-Premier League,1920,2019-10-21 Sheffield United-Arsenal,Sheffield United,78’,1:0,Luke Freeman,David McGoldrick,substitute_in
ENG-Premier League,1920,2019-10-21 Sheffield United-Arsenal,Arsenal,78’,1:0,Gabriel Martinelli,Nicolas Pépé,substitute_in
ENG-Premier League,1920,2019-10-21 Sheffield United-Arsenal,Sheffield United,85’,1:0,Oliver McBurnie,Oliver Norwood,substitute_in
ENG-Premier League,1920,2019-10-21 Sheffield United-Arsenal,Arsenal,86’,1:0,Sokratis Papastathopoulos,,yellow_card
ENG-Premier League,1920,2019-10-21 Sheffield United-Arsenal,Arsenal,90+3’,1:0,Calum Chambers,,yellow_card
ENG-Premier League,1920,2019-12-28 Burnley-Manchester Utd,Burnley,23’,0:0,Phil Bardsley,,yellow_card
ENG-Premier League,1920,2019-12-28 Burnley-Manchester Utd,Manchester United,44’,0:1,Anthony Martial,Andreas Pereira,goal
ENG-Premier League,1920,2019-12-28 Burnley-Manchester Utd,Burnley,59’,0:1,Jay Rodriguez,Jeff Hendrick,substitute_in
ENG-Premier League,1920,2019-12-28 Burnley-Manchester Utd,Burnley,61’,0:1,Ben Mee,,yellow_card
ENG-Premier League,1920,2019-12-28 Burnley-Manchester Utd,Burnley,68’,0:1,Jóhann Berg Guðmundsson,Ashley Barnes,substitute_in
ENG-Premier League,1920,2019-12-28 Burnley-Manchester Utd,Burnley,71’,0:1,Charlie Taylor,,yellow_card
ENG-Premier League,1920,2019-12-28 Burnley-Manchester Utd,Manchester United,73’,0:1,Jesse Lingard,Andreas Pereira,substitute_in
ENG-Premier League,1920,2019-12-28 Burnley-Manchester Utd,Burnley,87’,0:1,Robbie Brady,Jack Cork,substitute_in
ENG-Premier League,1920,2019-12-28 Burnley-Manchester Utd,Burnley,89’,0:1,Dwight McNeil,,yellow_card
ENG-Premier League,1920,2019-12-28 Burnley-Manchester Utd,Manchester United,89’,0:1,Luke Shaw,Anthony Martial,substitute_in
ENG-Premier League,1920,2019-12-28 Burnley-Manchester Utd,Manchester United,90+2’,0:1,Brandon Williams,,yellow_card
ENG-Premier League,1920,2019-12-28 Burnley-Manchester Utd,Manchester United,90+4’,0:1,Fred,,yellow_card
ENG-Premier League,1920,2019-12-28 Burnley-Manchester Utd,Manchester United,90+4’,0:1,Jesse Lingard,,yellow_card
ENG-Premier League,1920,2019-12-28 Burnley-Manchester Utd,Manchester United,90+5’,0:2,Marcus Rashford,Daniel James,goal
ENG-Premier League,1920,2020-01-01 Arsenal-Manchester Utd,Arsenal,3’,0:0,Sead Kolašinac,,yellow_card
ENG-Premier League,1920,2020-01-01 Arsenal-Manchester Utd,Arsenal,42’,2:0,Sokratis Papastathopoulos,,goal
ENG-Premier League,1920,2020-01-01 Arsenal-Manchester Utd,Manchester United,58’,2:0,Andreas Pereira,Jesse Lingard,substitute_in
ENG-Premier League,1920,2020-01-01 Arsenal-Manchester Utd,Manchester United,58’,2:0,Mason Greenwood,Daniel James,substitute_in
ENG-Premier League,1920,2020-01-01 Arsenal-Manchester Utd,Arsenal,62’,2:0,Reiss Nelson,Nicolas Pépé,substitute_in
ENG-Premier League,1920,2020-01-01 Arsenal-Manchester Utd,Arsenal,69’,2:0,Bukayo Saka,Sead Kolašinac,substitute_in
ENG-Premier League,1920,2020-01-01 Arsenal-Manchester Utd,Manchester United,81’,2:0,Juan Mata,Nemanja Matić,substitute_in
ENG-Premier League,1920,2020-01-01 Arsenal-Manchester Utd,Arsenal,82’,2:0,Bukayo Saka,,yellow_card
ENG-Premier League,1920,2020-01-01 Arsenal-Manchester Utd,Arsenal,82’,2:0,Mattéo Guendouzi,Alexandre Lacazette,substitute_in
ENG-Premier League,1920,2020-01-01 Arsenal-Manchester Utd,Arsenal,8’,1:0,Nicolas Pépé,,goal
ENG-Premier League,1920,2019-11-25 Aston Villa-Newcastle United,Aston Villa,32’,1:0,Conor Hourihane,Jack Grealish,goal
ENG-Premier League,1920,2019-11-25 Aston Villa-Newcastle United,Newcastle United,35’,1:0,Federico Fernández,,yellow_card
ENG-Premier League,1920,2019-11-25 Aston Villa-Newcastle United,Aston Villa,36’,2:0,Anwar El Ghazi,Conor Hourihane,goal
ENG-Premier League,1920,2019-11-25 Aston Villa-Newcastle United,Newcastle United,63’,2:0,Andy Carroll,Paul Dummett,substitute_in
ENG-Premier League,1920,2019-11-25 Aston Villa-Newcastle United,Newcastle United,72’,2:0,Dwight Gayle,Joelinton,substitute_in
ENG-Premier League,1920,2019-11-25 Aston Villa-Newcastle United,Newcastle United,79’,2:0,Christian Atsu,Miguel Almirón,substitute_in
ENG-Premier League,1920,2019-11-25 Aston Villa-Newcastle United,Aston Villa,80’,2:0,Wesley Moraes,,yellow_card
ENG-Premier League,1920,2019-11-25 Aston Villa-Newcastle United,Aston Villa,90+1’,2:0,Henri Lansbury,Conor Hourihane,substitute_in
ENG-Premier League,1920,2019-10-26 Brighton-Everton,Brighton & Hove Albion,15’,1:0,Pascal Groß,,goal
ENG-Premier League,1920,2019-10-26 Brighton-Everton,Everton,20’,1:1,Adam Webster,,own_goal
ENG-Premier League,1920,2019-10-26 Brighton-Everton,Everton,30’,1:1,Gylfi Sigurðsson,Bernard,substitute_in
ENG-Premier League,1920,2019-10-26 Brighton-Everton,Brighton & Hove Albion,33’,1:1,Dale Stephens,,yellow_card
ENG-Premier League,1920,2019-10-26 Brighton-Everton,Brighton & Hove Albion,65’,1:1,Leandro Trossard,Pascal Groß,substitute_in
ENG-Premier League,1920,2019-10-26 Brighton-Everton,Brighton & Hove Albion,66’,1:1,Ezequiel Schelotto,Martín Montoya,substitute_in
ENG-Premier League,1920,2019-10-26 Brighton-Everton,Everton,72’,1:1,Dominic Calvert-Lewin,Alex Iwobi,substitute_in
ENG-Premier League,1920,2019-10-26 Brighton-Everton,Everton,72’,1:1,Fabian Delph,Theo Walcott,substitute_in
ENG-Premier League,1920,2019-10-26 Brighton-Everton,Everton,74’,1:2,Dominic Calvert-Lewin,Mason Holgate,goal
ENG-Premier League,1920,2019-10-26 Brighton-Everton,Brighton & Hove Albion,80’,2:2,Neal Maupay,,penalty_goal
ENG-Premier League,1920,2019-10-26 Brighton-Everton,Brighton & Hove Albion,80’,2:2,Glenn Murray,Aaron Connolly,substitute_in
ENG-Premier League,1920,2019-10-26 Brighton-Everton,Everton,86’,2:2,Mason Holgate,,yellow_card
ENG-Premier League,1920,2019-10-26 Brighton-Everton,Brighton & Hove Albion,90+3’,2:2,Davy Pröpper,,yellow_card
ENG-Premier League,1920,2019-10-26 Brighton-Everton,Brighton & Hove Albion,90+4’,3:2,Lucas Digne,,own_goal
ENG-Premier League,1920,2020-07-16 Everton-Aston Villa,Everton,16’,0:0,Jarrad Branthwaite,Mason Holgate,substitute_in
ENG-Premier League,1920,2020-07-16 Everton-Aston Villa,Everton,56’,0:0,Lucas Digne,,yellow_card
ENG-Premier League,1920,2020-07-16 Everton-Aston Villa,Everton,61’,0:0,Richarlison,,yellow_card
ENG-Premier League,1920,2020-07-16 Everton-Aston Villa,Everton,62’,0:0,Theo Walcott,Alex Iwobi,substitute_in
ENG-Premier League,1920,2020-07-16 Everton-Aston Villa,Everton,62’,0:0,Anthony Gordon,Bernard,substitute_in
ENG-Premier League,1920,2020-07-16 Everton-Aston Villa,Aston Villa,64’,0:0,Keinan Davis,Mbwana Samatta,substitute_in
ENG-Premier League,1920,2020-07-16 Everton-Aston Villa,Aston Villa,64’,0:0,Anwar El Ghazi,Trézéguet,substitute_in
ENG-Premier League,1920,2020-07-16 Everton-Aston Villa,Aston Villa,70’,0:0,Ahmed Elmohamady,,yellow_card
ENG-Premier League,1920,2020-07-16 Everton-Aston Villa,Aston Villa,72’,0:1,Ezri Konsa,Conor Hourihane,goal
ENG-Premier League,1920,2020-07-16 Everton-Aston Villa,Everton,73’,0:1,Gylfi Sigurðsson,Tom Davies,substitute_in
ENG-Premier League,1920,2020-07-16 Everton-Aston Villa,Everton,73’,0:1,Moise Kean,Richarlison,substitute_in
ENG-Premier League,1920,2020-07-16 Everton-Aston Villa,Everton,87’,1:1,Theo Walcott,André Gomes,goal
ENG-Premier League,1920,2020-07-08 Sheffield United-Wolves,Sheffield United,30’,0:0,Jack O'Connell,,yellow_card
ENG-Premier League,1920,2020-07-08 Sheffield United-Wolves,Sheffield United,49’,0:0,Lys Mousset,Oliver McBurnie,substitute_in
ENG-Premier League,1920,2020-07-08 Sheffield United-Wolves,Sheffield United,63’,0:0,Enda Stevens,,yellow_card
ENG-Premier League,1920,2020-07-08 Sheffield United-Wolves,Sheffield United,71’,0:0,Richairo Živković,Billy Sharp,substitute_in
ENG-Premier League,1920,2020-07-08 Sheffield United-Wolves,Wolverhampton Wanderers,79’,0:0,Leander Dendoncker,Adama Traoré,substitute_in
ENG-Premier League,1920,2020-07-08 Sheffield United-Wolves,Sheffield United,90+3’,1:0,John Egan,Oliver Norwood,goal
ENG-Premier League,1920,2019-09-21 Burnley-Norwich City,Burnley,10’,1:0,Chris Wood,Ashley Westwood,goal
ENG-Premier League,1920,2019-09-21 Burnley-Norwich City,Norwich City,13’,1:0,Moritz Leitner,Alexander Tettey,substitute_in
ENG-Premier League,1920,2019-09-21 Burnley-Norwich City,Burnley,14’,2:0,Chris Wood,Dwight McNeil,goal
ENG-Premier League,1920,2019-09-21 Burnley-Norwich City,Norwich City,33’,2:0,Ibrahim Amadou,,yellow_card
ENG-Premier League,1920,2019-09-21 Burnley-Norwich City,Norwich City,75’,2:0,Josip Drmić,Marco Stiepermann,substitute_in
ENG-Premier League,1920,2019-09-21 Burnley-Norwich City,Burnley,79’,2:0,Aaron Lennon,Dwight McNeil,substitute_in
ENG-Premier League,1920,2019-09-21 Burnley-Norwich City,Burnley,79’,2:0,Jay Rodriguez,Ashley Barnes,substitute_in
ENG-Premier League,1920,2019-09-21 Burnley-Norwich City,Burnley,90+2’,2:0,Robbie Brady,Jeff Hendrick,substitute_in
ENG-Premier League,1920,2019-09-21 Burnley-Norwich City,Norwich City,90’,2:0,Patrick Roberts,Todd Cantwell,substitute_in
ENG-Premier League,1920,2020-03-07 Sheffield United-Norwich City,Sheffield United,36’,1:0,Billy Sharp,John Lundstram,goal
ENG-Premier League,1920,2020-03-07 Sheffield United-Norwich City,Norwich City,46’,1:0,Josip Drmić,Todd Cantwell,substitute_in
ENG-Premier League,1920,2020-03-07 Sheffield United-Norwich City,Sheffield United,61’,1:0,Ben Osborn,Enda Stevens,substitute_in
ENG-Premier League,1920,2020-03-07 Sheffield United-Norwich City,Norwich City,66’,1:0,Mario Vrančić,Alexander Tettey,substitute_in
ENG-Premier League,1920,2020-03-07 Sheffield United-Norwich City,Sheffield United,71’,1:0,David McGoldrick,Billy Sharp,substitute_in
ENG-Premier League,1920,2020-03-07 Sheffield United-Norwich City,Norwich City,87’,1:0,Adam Idah,Ondrej Duda,substitute_in
ENG-Premier League,1920,2020-03-07 Sheffield United-Norwich City,Sheffield United,90’,1:0,Sander Berge,Oliver McBurnie,substitute_in
ENG-Premier League,1920,2019-12-03 Crystal Palace-Bournemouth,Crystal Palace,19’,0:0,Mamadou Sakho,,red_card
ENG-Premier League,1920,2019-12-03 Crystal Palace-Bournemouth,Crystal Palace,29’,0:0,Jeffrey Schlupp,Patrick van Aanholt,substitute_in
ENG-Premier League,1920,2019-12-03 Crystal Palace-Bournemouth,Crystal Palace,46’,0:0,James McCarthy,Andros Townsend,substitute_in
ENG-Premier League,1920,2019-12-03 Crystal Palace-Bournemouth,Bournemouth,63’,0:0,Dominic Solanke,,yellow_card
ENG-Premier League,1920,2019-12-03 Crystal Palace-Bournemouth,Bournemouth,64’,0:0,Ryan Fraser,Arnaut Danjuma,substitute_in
ENG-Premier League,1920,2019-12-03 Crystal Palace-Bournemouth,Bournemouth,64’,0:0,Simon Francis,Diego Rico,substitute_in
ENG-Premier League,1920,2019-12-03 Crystal Palace-Bournemouth,Bournemouth,68’,0:0,Jefferson Lerma,,yellow_card
ENG-Premier League,1920,2019-12-03 Crystal Palace-Bournemouth,Crystal Palace,71’,0:0,Luka Milivojević,,yellow_card
ENG-Premier League,1920,2019-12-03 Crystal Palace-Bournemouth,Crystal Palace,72’,0:0,James McCarthy,,yellow_card
ENG-Premier League,1920,2019-12-03 Crystal Palace-Bournemouth,Crystal Palace,76’,1:0,Jeffrey Schlupp,James McArthur,goal
ENG-Premier League,1920,2019-12-03 Crystal Palace-Bournemouth,Bournemouth,78’,1:0,Philip Billing,,yellow_card
ENG-Premier League,1920,2019-12-03 Crystal Palace-Bournemouth,Bournemouth,82’,1:0,Lewis Cook,Philip Billing,substitute_in
ENG-Premier League,1920,2019-12-03 Crystal Palace-Bournemouth,Crystal Palace,85’,1:0,James McArthur,,yellow_card
ENG-Premier League,1920,2020-02-22 Chelsea-Tottenham Hotspur,Chelsea,15’,1:0,Olivier Giroud,,goal
ENG-Premier League,1920,2020-02-22 Chelsea-Tottenham Hotspur,Tottenham Hotspur,23’,1:0,Harry Winks,,yellow_card
ENG-Premier League,1920,2020-02-22 Chelsea-Tottenham Hotspur,Chelsea,48’,2:0,Marcos Alonso,Ross Barkley,goal
ENG-Premier League,1920,2020-02-22 Chelsea-Tottenham Hotspur,Tottenham Hotspur,63’,2:0,Érik Lamela,Tanguy Ndombele,substitute_in
ENG-Premier League,1920,2020-02-22 Chelsea-Tottenham Hotspur,Chelsea,65’,2:0,Andreas Christensen,,yellow_card
ENG-Premier League,1920,2020-02-22 Chelsea-Tottenham Hotspur,Chelsea,71’,2:0,Tammy Abraham,Olivier Giroud,substitute_in
ENG-Premier League,1920,2020-02-22 Chelsea-Tottenham Hotspur,Chelsea,77’,2:0,Willian,Ross Barkley,substitute_in
ENG-Premier League,1920,2020-02-22 Chelsea-Tottenham Hotspur,Tottenham Hotspur,78’,2:0,Serge Aurier,Toby Alderweireld,substitute_in
ENG-Premier League,1920,2020-02-22 Chelsea-Tottenham Hotspur,Tottenham Hotspur,78’,2:0,Dele Alli,Steven Bergwijn,substitute_in
ENG-Premier League,1920,2020-02-22 Chelsea-Tottenham Hotspur,Tottenham Hotspur,81’,2:0,Giovani Lo Celso,,yellow_card
ENG-Premier League,1920,2020-02-22 Chelsea-Tottenham Hotspur,Tottenham Hotspur,89’,2:1,Antonio Rüdiger,,own_goal
ENG-Premier League,1920,2019-09-22 West Ham United-Manchester Utd,West Ham United,14’,0:0,Angelo Ogbonna,,yellow_card
ENG-Premier League,1920,2019-09-22 West Ham United-Manchester Utd,West Ham United,44’,1:0,Andriy Yarmolenko,Felipe Anderson,goal
ENG-Premier League,1920,2019-09-22 West Ham United-Manchester Utd,Manchester United,48’,1:0,Juan Mata,,yellow_card
ENG-Premier League,1920,2019-09-22 West Ham United-Manchester Utd,Manchester United,61’,1:0,Jesse Lingard,Marcus Rashford,substitute_in
ENG-Premier League,1920,2019-09-22 West Ham United-Manchester Utd,West Ham United,70’,1:0,Jack Wilshere,Felipe Anderson,substitute_in
ENG-Premier League,1920,2019-09-22 West Ham United-Manchester Utd,Manchester United,71’,1:0,Fred,Nemanja Matić,substitute_in
ENG-Premier League,1920,2019-09-22 West Ham United-Manchester Utd,West Ham United,74’,1:0,Mark Noble,,yellow_card
ENG-Premier League,1920,2019-09-22 West Ham United-Manchester Utd,West Ham United,80’,1:0,Pablo Zabaleta,Ryan Fredericks,substitute_in
ENG-Premier League,1920,2019-09-22 West Ham United-Manchester Utd,Manchester United,81’,1:0,Angel Gomes,Juan Mata,substitute_in
ENG-Premier League,1920,2019-09-22 West Ham United-Manchester Utd,Manchester United,83’,1:0,Ashley Young,,yellow_card
ENG-Premier League,1920,2019-09-22 West Ham United-Manchester Utd,West Ham United,84’,2:0,Aaron Cresswell,,goal
ENG-Premier League,1920,2019-09-22 West Ham United-Manchester Utd,West Ham United,89’,2:0,Robert Snodgrass,Andriy Yarmolenko,substitute_in
ENG-Premier League,1920,2019-08-17 Arsenal-Burnley,Arsenal,13’,1:0,Alexandre Lacazette,Dani Ceballos,goal
ENG-Premier League,1920,2019-08-17 Arsenal-Burnley,Arsenal,38’,1:0,Pierre-Emerick Aubameyang,,yellow_card
ENG-Premier League,1920,2019-08-17 Arsenal-Burnley,Burnley,43’,1:1,Ashley Barnes,,goal
ENG-Premier League,1920,2019-08-17 Arsenal-Burnley,Arsenal,46’,1:1,Nicolas Pépé,Reiss Nelson,substitute_in
ENG-Premier League,1920,2019-08-17 Arsenal-Burnley,Burnley,61’,1:1,Jay Rodriguez,Chris Wood,substitute_in
ENG-Premier League,1920,2019-08-17 Arsenal-Burnley,Arsenal,64’,2:1,Pierre-Emerick Aubameyang,Dani Ceballos,goal
ENG-Premier League,1920,2019-08-17 Arsenal-Burnley,Arsenal,71’,2:1,Sead Kolašinac,Alexandre Lacazette,substitute_in
ENG-Premier League,1920,2019-08-17 Arsenal-Burnley,Burnley,72’,2:1,Aaron Lennon,Jóhann Berg Guðmundsson,substitute_in
ENG-Premier League,1920,2019-08-17 Arsenal-Burnley,Arsenal,83’,2:1,Lucas Torreira,Dani Ceballos,substitute_in
ENG-Premier League,1920,2019-08-17 Arsenal-Burnley,Arsenal,90+1’,2:1,David Luiz,,yellow_card
ENG-Premier League,1920,2019-08-17 Arsenal-Burnley,Burnley,90+5’,2:1,Ashley Barnes,,yellow_card
ENG-Premier League,1920,2020-01-12 Aston Villa-Manchester City,Manchester City,18’,0:1,Riyad Mahrez,Sergio Agüero,goal
ENG-Premier League,1920,2020-01-12 Aston Villa-Manchester City,Manchester City,24’,0:2,Riyad Mahrez,Gabriel Jesus,goal
ENG-Premier League,1920,2020-01-12 Aston Villa-Manchester City,Manchester City,28’,0:3,Sergio Agüero,Kevin De Bruyne,goal
ENG-Premier League,1920,2020-01-12 Aston Villa-Manchester City,Manchester City,45+1’,0:4,Gabriel Jesus,Kevin De Bruyne,goal
ENG-Premier League,1920,2020-01-12 Aston Villa-Manchester City,Manchester City,50’,0:4,Fernandinho,,yellow_card
ENG-Premier League,1920,2020-01-12 Aston Villa-Manchester City,Aston Villa,53’,0:4,Anwar El Ghazi,,yellow_card
ENG-Premier League,1920,2020-01-12 Aston Villa-Manchester City,Manchester City,57’,0:5,Sergio Agüero,David Silva,goal
ENG-Premier League,1920,2020-01-12 Aston Villa-Manchester City,Manchester City,63’,0:5,Phil Foden,Kevin De Bruyne,substitute_in
ENG-Premier League,1920,2020-01-12 Aston Villa-Manchester City,Manchester City,63’,0:5,Nicolás Otamendi,Fernandinho,substitute_in
ENG-Premier League,1920,2020-01-12 Aston Villa-Manchester City,Aston Villa,65’,0:5,Marvelous Nakamba,Douglas Luiz,substitute_in
ENG-Premier League,1920,2020-01-12 Aston Villa-Manchester City,Aston Villa,71’,0:5,Trézéguet,Conor Hourihane,substitute_in
ENG-Premier League,1920,2020-01-12 Aston Villa-Manchester City,Manchester City,71’,0:5,İlkay Gündoğan,Rodri,substitute_in
ENG-Premier League,1920,2020-01-12 Aston Villa-Manchester City,Aston Villa,79’,0:5,Henri Lansbury,Danny Drinkwater,substitute_in
ENG-Premier League,1920,2020-01-12 Aston Villa-Manchester City,Aston Villa,80’,0:5,Jack Grealish,,yellow_card
ENG-Premier League,1920,2020-01-12 Aston Villa-Manchester City,Manchester City,81’,0:6,Sergio Agüero,Riyad Mahrez,goal
ENG-Premier League,1920,2020-01-12 Aston Villa-Manchester City,Aston Villa,90+1’,1:6,Anwar El Ghazi,,penalty_goal
