game_id,date,home_team,away_team,B365H,B365D,B365A,target_1x2,p_home,p_draw,p_away
697ac3ce,2018-12-27,Southampton,West Ham United,2.3,3.5,3.3,0,0.3005261924805237,0.4074148683947666,0.2920589391247097
52202784,2018-12-29,Brighton,Everton,3.25,3.4,2.14,2,0.29160160171019106,0.2876979066755576,0.4207004916142513
2cd7ca82,2018-12-29,Fulham,Huddersfield Town,2.0,3.4,3.75,2,0.44016922704433836,0.40229528251863206,0.15753549043702947
b815d126,2018-12-29,Leicester City,Cardiff City,1.55,4.0,6.0,0,0.5447580988749395,0.2915845433749452,0.16365735775011517
d72c42c6,2018-12-29,Tottenham Hotspur,Wolves,1.33,5.0,8.5,0,0.7992253176026989,0.12517540154527157,0.07559928085202955
06693984,2018-12-29,Watford,Newcastle United,1.85,3.6,4.0,1,0.4856642236819103,0.3466181660644896,0.16771761025360013
33716a25,2018-12-29,Liverpool,Arsenal,1.5,4.5,5.75,2,0.7696988789853687,0.10206909539417591,0.12823202562045535
4c4766d0,2018-12-30,Manchester Utd,Bournemouth,1.33,4.75,10.0,2,0.7411209121312873,0.1626652983244598,0.09621378954425296
060ad174,2018-12-30,Crystal Palace,Chelsea,4.75,4.0,1.66,0,0.26450715353336635,0.2688903581400886,0.46660248832654505
ac412bcf,2018-12-30,Burnley,West Ham United,3.3,3.2,2.25,2,0.2510699418268411,0.36746191302292,0.3814681451502389
75424968,2018-12-30,Southampton,Manchester City,10.0,5.25,1.3,0,0.15184584625027653,0.18891084992694301,0.6592433038227804
652ef5bb,2019-01-01,Arsenal,Fulham,1.33,5.75,9.5,2,0.6719535150292587,0.21148428554354173,0.11656219942719949
eac5074c,2019-01-01,Cardiff City,Tottenham Hotspur,7.5,4.5,1.5,0,0.14636870362535154,0.19910077170797436,0.654530524666674
6cbc15a7,2019-01-01,Everton,Leicester City,2.0,3.5,4.2,0,0.49018049035079303,0.3011843175794374,0.20863519206976963
c9e1c9f0,2019-01-02,Huddersfield Town,Burnley,2.14,3.1,4.2,0,0.2548930554591318,0.45094288537001,0.2941640591708582
9a63d65c,2019-01-02,Bournemouth,Watford,2.6,3.6,2.75,1,0.36444615890398685,0.3692565529452838,0.2662972881507294
a37a4199,2019-01-02,Chelsea,Southampton,1.28,6.5,11.0,1,0.7508798645703552,0.16936802676902715,0.07975210866061778
044d1986,2019-01-02,Wolves,Crystal Palace,2.0,3.4,4.33,0,0.49119767649346996,0.3304590304155975,0.17834329309093266
49b9ddde,2019-01-02,West Ham United,Brighton,1.95,3.75,4.0,1,0.47912525714175935,0.3080246932586818,0.21285004959955894
412fe1c7,2019-01-02,Newcastle United,Manchester Utd,6.0,4.2,1.61,0,0.13680643246735522,0.21740090194454637,0.6457926655880983
22b630df,2019-01-03,Manchester City,Liverpool,2.04,3.8,3.6,2,0.4227738380689698,0.1240072424554903,0.4532189194755399
3e57e4cd,2019-01-12,West Ham United,Arsenal,3.5,4.0,2.05,2,0.3035895314692488,0.275755480527138,0.4206549880036133
f49f5ccb,2019-01-12,Cardiff City,Huddersfield Town,2.25,3.25,3.6,1,0.5126770789890408,0.35236209664635687,0.1349608243646023
d50a51c0,2019-01-12,Brighton,Liverpool,11.0,6.0,1.3,0,0.11761229958068234,0.1884270490686303,0.6939606513506873
18b60e11,2019-01-12,Chelsea,Newcastle United,1.22,7.0,15.0,2,0.770465187152386,0.1434656104533112,0.08606920239430282
e14b5d85,2019-01-12,Crystal Palace,Watford,2.25,3.4,3.5,0,0.3862337969067461,0.3419439568343871,0.27182224625886686
fd573a6a,2019-01-12,Leicester City,Southampton,1.95,3.5,4.33,0,0.5289997870499654,0.2912369834092562,0.17976322954077836
07bf1373,2019-01-12,Burnley,Fulham,2.4,3.3,3.25,2,0.4517395426561794,0.3714210384292079,0.17683941891461274
be4ed705,2019-01-13,Everton,Bournemouth,1.75,4.0,4.8,2,0.4805252496294791,0.2982261834680901,0.22124856690243078
89a76ba1,2019-01-13,Tottenham Hotspur,Manchester Utd,2.05,3.7,3.75,0,0.5820271349800811,0.16798446847801138,0.2499883965419076
de53db7d,2019-01-14,Manchester City,Wolves,1.18,8.0,17.0,2,0.844412821063354,0.08779803473082469,0.06778914420582134
0bc77d83,2019-01-19,Wolves,Leicester City,2.37,3.2,3.4,2,0.4209025698116411,0.30807140860952315,0.27102602157883576
806cb036,2019-01-19,Manchester Utd,Brighton,1.3,5.75,12.0,2,0.761733530313226,0.14949489810119948,0.08877157158557449
6e73b274,2019-01-19,Bournemouth,West Ham United,2.37,3.7,3.0,2,0.3940857345835935,0.332221858448793,0.27369240696761343
98ecfb34,2019-01-19,Liverpool,Crystal Palace,1.2,7.5,17.0,2,0.8268039908854183,0.1109438791842868,0.06225212993029489
79bd2498,2019-01-19,Newcastle United,Cardiff City,1.95,3.4,4.5,2,0.4009059814082668,0.36913214215646417,0.229961876435269
f8283cc3,2019-01-19,Watford,Burnley,1.65,4.0,5.75,1,0.4388828516113845,0.33096087842412214,0.2301562699644934
88a05211,2019-01-19,Southampton,Everton,2.75,3.4,2.7,2,0.32086886787065444,0.3538656300689249,0.32526550206042076
edb777b6,2019-01-19,Arsenal,Chelsea,3.1,3.6,2.37,2,0.4841423416480455,0.17088979368569693,0.3449678646662576
cf851bd2,2019-01-20,Huddersfield Town,Manchester City,21.0,8.5,1.16,0,0.05359643819841319,0.16218641873046372,0.7842171430711229
10bcde09,2019-01-20,Fulham,Tottenham Hotspur,5.25,3.8,1.75,0,0.13256208709213094,0.22431814224085694,0.6431197706670121
d8569596,2019-01-29,Wolves,West Ham United,2.1,3.5,3.75,2,0.48190557376836496,0.30215648472460804,0.21593794150702705
e32699c0,2019-01-29,Manchester Utd,Burnley,1.28,6.0,12.0,1,0.7559286767163362,0.14737018201060567,0.0967011412730581
d705415d,2019-01-29,Newcastle United,Manchester City,19.0,8.0,1.18,2,0.10583821980110393,0.13428881318486943,0.7598729670140266
3f50a3f4,2019-01-29,Fulham,Brighton,2.37,3.3,3.3,2,0.32226103780547555,0.40850976954088486,0.26922919265363954
f37ab33c,2019-01-29,Arsenal,Cardiff City,1.22,7.0,15.0,2,0.7449845759444943,0.17378247981340667,0.08123294424209895
7040b46b,2019-01-29,Huddersfield Town,Everton,4.0,3.3,2.1,0,0.1641464088196964,0.44855678254203696,0.38729680863826665
61bdd34c,2019-01-30,Tottenham Hotspur,Watford,1.66,4.0,5.75,2,0.7625092744206929,0.14430533902753845,0.09318538655176853
dd91dd3f,2019-01-30,Liverpool,Leicester City,1.22,7.0,15.0,1,0.8434818204750959,0.09888284798833029,0.05763533153657371
44f162ae,2019-01-30,Bournemouth,Chelsea,5.25,4.2,1.66,2,0.32991315741765986,0.23652673201100505,0.4335601105713351
ba17c290,2019-01-30,Southampton,Crystal Palace,2.4,3.4,3.2,1,0.38037328024709377,0.36068583871643006,0.2589408810364761
1faef710,2019-02-02,Chelsea,Huddersfield Town,1.2,7.5,19.0,2,0.7494051683735781,0.196250902343093,0.05434392928332882
34c9e9bf,2019-02-02,Everton,Wolves,2.37,3.4,3.25,0,0.34586146658288,0.2774806804969155,0.37665785292020465
f0a48fd0,2019-02-02,Crystal Palace,Fulham,2.05,3.5,4.0,2,0.39849417237771323,0.36906372856619063,0.23244209905609622
98d13ff1,2019-02-02,Burnley,Southampton,2.55,3.5,2.87,1,0.42613934798435377,0.3388027237740722,0.235057928241574
6e1f303b,2019-02-02,Cardiff City,Bournemouth,3.25,3.5,2.3,2,0.2513691102122693,0.3567928959475339,0.39183799384019685
1b543fa6,2019-02-02,Brighton,Watford,2.55,3.3,3.0,1,0.3249101005078742,0.39941742013646925,0.27567247935565653
4c76b26c,2019-02-02,Tottenham Hotspur,Newcastle United,1.44,4.5,9.0,2,0.7311400964222194,0.16445817996719514,0.10440172361058554
5877794a,2019-02-03,Leicester City,Manchester Utd,3.6,3.5,2.15,0,0.24720763407930357,0.2556853161169135,0.49710704980378306
dba05e48,2019-02-03,Manchester City,Arsenal,1.33,6.0,9.0,2,0.7491275983316045,0.11246164190506086,0.13841075976333464
e695579a,2019-02-04,West Ham United,Liverpool,8.0,5.25,1.4,1,0.13974019819357422,0.16049162368647182,0.699768178119954
24faf054,2019-02-06,Everton,Manchester City,10.0,6.25,1.3,0,0.1438688860441721,0.16878747394499014,0.6873436400108378
541f34a4,2019-02-09,Watford,Everton,2.35,3.5,3.2,2,0.4144746803208994,0.3234038641459343,0.26212145553316635
0194fea4,2019-02-09,Crystal Palace,West Ham United,2.1,3.5,3.75,1,0.4316939812773331,0.3623615071277341,0.20594451159493274
2572aa9b,2019-02-09,Brighton,Burnley,2.05,3.3,4.2,0,0.33844899867520356,0.37229680820865535,0.2892541931161411
aa7aef05,2019-02-09,Fulham,Manchester Utd,5.5,4.4,1.61,0,0.16644061759931128,0.2558007377172897,0.577758644683399
99562ab3,2019-02-09,Huddersfield Town,Arsenal,5.75,4.4,1.6,0,0.11969364654390084,0.2621689676163714,0.6181373858397277
0a085d29,2019-02-09,Liverpool,Bournemouth,1.22,7.5,14.0,2,0.7946615329832545,0.12218645629993309,0.08315201071681239
2ad5c782,2019-02-09,Southampton,Cardiff City,1.75,3.9,5.0,0,0.4084789833987818,0.3699278643830492,0.221593152218169
b53789c9,2019-02-10,Tottenham Hotspur,Leicester City,1.7,3.9,5.5,2,0.7709327168766247,0.14234365562090961,0.08672362750246575
5ec57dbe,2019-02-10,Manchester City,Chelsea,1.5,4.75,7.0,2,0.7782288108384721,0.09338942226968618,0.12838176689184175
c3bbcee6,2019-02-11,Wolves,Newcastle United,1.7,3.75,5.75,1,0.5428560822221253,0.28146849794067547,0.17567541983719923
a87bd77b,2019-02-22,Cardiff City,Watford,3.1,3.4,2.45,0,0.35650829156191594,0.34733577138215516,0.2961559370559289
698db309,2019-02-22,West Ham United,Fulham,1.95,3.8,4.0,2,0.5061749695229043,0.33662226441970017,0.15720276605739555
7c5bc0fa,2019-02-23,Leicester City,Crystal Palace,2.25,3.4,3.5,0,0.4014121809837746,0.35545770520401365,0.24313011381221172
fc5c6132,2019-02-23,Newcastle United,Huddersfield Town,1.83,3.5,5.25,2,0.5464671499663273,0.350763157914597,0.10276969211907581
a4f29e38,2019-02-23,Burnley,Tottenham Hotspur,5.75,3.8,1.7,2,0.22370527278354818,0.23704864383609112,0.5392460833803606
9b38c79c,2019-02-23,Bournemouth,Wolves,2.87,3.4,2.62,1,0.3293912999668637,0.30894945937620844,0.3616592406569279
1f6dfbb4,2019-02-24,Arsenal,Southampton,1.5,4.75,7.0,2,0.6601782173917331,0.21383676756046685,0.12598501504779996
28b8b03a,2019-02-24,Manchester Utd,Liverpool,3.1,3.5,2.37,1,0.42747384605661215,0.14284526035059558,0.4296808935927923
09bb5985,2019-02-26,Newcastle United,Burnley,2.15,3.3,3.9,2,0.3623240205086208,0.3662362542359849,0.27143972525539434
86908659,2019-02-26,Leicester City,Brighton,1.9,3.5,4.6,2,0.48167800937433436,0.33340802425811134,0.1849139663675544
258dd575,2019-02-26,Cardiff City,Everton,3.75,3.4,2.15,0,0.42890188878965224,0.3240436633727709,0.24705444783757685
430439d8,2019-02-26,Huddersfield Town,Wolves,5.0,3.5,1.85,2,0.11952272747981911,0.3627637929512514,0.5177134795689295
b34f9ff8,2019-02-27,Liverpool,Watford,1.28,6.0,12.0,2,0.75324790098776,0.13819032425362823,0.1085617747586118
35dcf161,2019-02-27,Crystal Palace,Manchester Utd,3.25,3.5,2.3,0,0.2741633568954278,0.2426427741728851,0.4831938689316871
db370521,2019-02-27,Manchester City,West Ham United,1.16,9.0,19.0,2,0.8671336045069383,0.08773683340180012,0.045129562091261635
59600e66,2019-02-27,Arsenal,Bournemouth,1.44,5.0,7.5,2,0.6649255365100971,0.20989991492011056,0.12517454856979235
7ff42214,2019-02-27,Southampton,Fulham,1.9,3.7,4.33,2,0.43445520216256023,0.39554545095316973,0.16999934688427004
99ebf266,2019-02-27,Chelsea,Tottenham Hotspur,2.3,3.5,3.25,2,0.44744353815393606,0.16477864707574066,0.3877778147703233
fbfb16e5,2019-03-02,Burnley,Crystal Palace,2.8,3.3,2.75,0,0.39383309487617446,0.32271962409286736,0.2834472810309581
0e3e4be7,2019-03-02,Manchester Utd,Southampton,1.45,4.5,8.5,2,0.7385882857409835,0.18083026789684226,0.08058144636217422
e34a25b2,2019-03-02,Brighton,Huddersfield Town,1.85,3.4,5.25,2,0.3734999392074041,0.5156626151688118,0.11083744562378392
5e35e444,2019-03-02,Bournemouth,Manchester City,13.0,7.5,1.22,0,0.11128471886016812,0.1593305692876472,0.7293847118521847
72ed853c,2019-03-02,Tottenham Hotspur,Arsenal,2.05,3.7,3.75,1,0.4955003997349936,0.16831163661015192,0.3361879636548545
7d4fcb12,2019-03-02,West Ham United,Newcastle United,2.15,3.5,3.6,2,0.3700063947805641,0.3277167096561417,0.3022768955632942
2e1e02b8,2019-03-02,Wolves,Cardiff City,1.5,4.33,8.0,2,0.5690450160969122,0.2765381967516972,0.1544167871513907
7c1b902f,2019-03-03,Watford,Leicester City,2.55,3.3,3.0,2,0.45539593256125166,0.33390061740780497,0.2107034500309433
3a56d413,2019-03-03,Fulham,Chelsea,6.5,4.5,1.53,0,0.18430316290897308,0.27910079648359465,0.5365960406074323
edc35bc3,2019-03-03,Everton,Liverpool,6.0,4.2,1.61,1,0.14547422483811487,0.1654720865102745,0.6890536886516105
7c7a736a,2019-03-09,Huddersfield Town,Bournemouth,3.4,3.3,2.35,0,0.2650289846552231,0.4024462471094299,0.33252476823534693
f3bf8c42,2019-03-09,Southampton,Tottenham Hotspur,4.5,3.8,1.85,2,0.2231444722654708,0.2456649838125305,0.5311905439219987
09e7b1a1,2019-03-09,Newcastle United,Everton,2.8,3.25,2.8,2,0.409092333029414,0.30196857041026964,0.2889390965603163
81a25590,2019-03-09,Leicester City,Fulham,1.57,4.5,6.0,2,0.5251777747557138,0.341547958189014,0.13327426705527218
4fe0f757,2019-03-09,Manchester City,Watford,1.16,9.0,19.0,2,0.8604652185580245,0.0822437991106435,0.05729098233133199
1ad3de71,2019-03-09,Cardiff City,West Ham United,3.6,3.5,2.15,2,0.2613773149646044,0.37109770875422193,0.3675249762811737
64a4127a,2019-03-09,Crystal Palace,Brighton,1.83,3.6,5.0,0,0.5004944490164914,0.3416663688143983,0.1578391821691102
6a9904c8,2019-03-10,Arsenal,Manchester Utd,2.4,3.6,3.0,2,0.4490823716049566,0.17104074108231537,0.3798768873127281
e39bc237,2019-03-10,Chelsea,Wolves,1.55,4.2,7.0,1,0.6100305420022899,0.20839480230766552,0.18157465569004466
d4a6df35,2019-03-10,Liverpool,Burnley,1.16,8.5,21.0,2,0.8315522231466634,0.10721006541307869,0.06123771144025789
879fa3c2,2019-03-16,West Ham United,Huddersfield Town,1.55,4.2,7.0,2,0.5458085403526078,0.3676358371079209,0.08655562253947127
a27275d9,2019-03-16,Bournemouth,Newcastle United,2.05,3.6,3.8,1,0.36247872302823714,0.3592188140037454,0.27830246296801747
91a19d8e,2019-03-16,Burnley,Leicester City,3.1,3.4,2.45,0,0.40875481805406544,0.31527978881066254,0.27596539313527196
d8db9418,2019-03-17,Fulham,Liverpool,12.0,7.0,1.25,0,0.06347251866822684,0.18272497318588984,0.7538025081458833
537717fa,2019-03-17,Everton,Chelsea,4.0,3.8,1.95,2,0.2507613050202288,0.24209464885393683,0.5071440461258344
b5d358d9,2019-03-30,Fulham,Manchester City,21.0,11.0,1.12,0,0.04913869873269133,0.15948993202602182,0.7913713692412868
b3ee7e21,2019-03-30,Brighton,Southampton,2.55,3.2,3.1,0,0.33919334587959205,0.3947500494904084,0.2660566046299996
9de9e8e3,2019-03-30,Crystal Palace,Huddersfield Town,1.45,4.4,9.0,2,0.5514852186394217,0.3504180911207629,0.09809669023981536
1b9e6483,2019-03-30,Burnley,Wolves,3.2,3.25,2.45,2,0.3242793166054234,0.34443095088591485,0.3312897325086618
7971b1a6,2019-03-30,West Ham United,Everton,2.55,3.5,2.9,0,0.4184773544199579,0.33818166277701883,0.2433409828030233
a89c7915,2019-03-30,Leicester City,Bournemouth,1.85,3.8,4.5,2,0.4337344836353268,0.3391147021672672,0.2271508141974059
e1e4e2be,2019-03-30,Manchester Utd,Watford,1.44,4.75,8.0,2,0.7226517114852133,0.1553546928291626,0.12199359568562404
2aac7103,2019-03-31,Cardiff City,Chelsea,9.0,4.5,1.44,0,0.32941100284318736,0.26568185920593224,0.40490713795088046
ea0b32eb,2019-03-31,Liverpool,Tottenham Hotspur,1.61,4.2,6.0,2,0.7609773373378523,0.09156629760812293,0.14745636505402482
5bf58a42,2019-04-01,Arsenal,Newcastle United,1.36,5.25,9.5,2,0.6608435825249609,0.20263467463398185,0.13652174284105734
76199a18,2019-04-02,Watford,Fulham,1.72,4.0,5.0,2,0.6111347633592137,0.29068189651838894,0.09818334012239746
658e6ed1,2019-04-02,Wolves,Manchester Utd,4.0,3.6,2.0,2,0.2853970441452175,0.2197044906929683,0.4948984651618143
2b398496,2019-04-03,Manchester City,Cardiff City,1.06,17.0,34.0,2,0.908345271425941,0.0665050213877277,0.025149707186331343
e112b3a5,2019-04-03,Chelsea,Brighton,1.25,6.5,15.0,2,0.7150261651985101,0.17603405948111717,0.10893977532037268
a87fd710,2019-04-03,Tottenham Hotspur,Crystal Palace,1.45,5.0,7.5,2,0.5969160783726695,0.22472104984993616,0.1783628717773943
cb6ed621,2019-04-05,Southampton,Liverpool,9.0,5.0,1.4,0,0.11682778689739876,0.16891092275040948,0.7142612903521918
dfbc30ce,2019-04-06,Newcastle United,Crystal Palace,2.6,3.25,3.0,0,0.43571475096391293,0.34182523605721554,0.22246001297887144
c48c3132,2019-04-06,Bournemouth,Burnley,2.1,3.6,3.75,0,0.3902968515776284,0.34678190885221244,0.26292123957015917
adf9a17a,2019-04-06,Huddersfield Town,Leicester City,5.0,4.0,1.72,0,0.1215590091746121,0.4368583741426757,0.44158261668271215
2da6911d,2019-04-07,Everton,Arsenal,3.0,3.75,2.35,2,0.2543072162461601,0.25576385968411985,0.48992892406972
5c469753,2019-04-08,Chelsea,West Ham United,1.33,5.75,9.5,2,0.7192764019898286,0.16688152032014655,0.11384207769002488
e3e6e456,2019-04-12,Leicester City,Newcastle United,1.66,4.0,5.75,0,0.5553254947963874,0.28767943572024995,0.15699506948336261
a5ed2a65,2019-04-13,Manchester Utd,West Ham United,1.4,5.25,8.5,2,0.7539092933807622,0.1417081526489631,0.10438255397027463
a47ecafe,2019-04-13,Fulham,Everton,5.0,4.0,1.75,2,0.16213570781671494,0.4135681387132998,0.4242961534699852
3f70af93,2019-04-13,Burnley,Cardiff City,1.9,3.6,4.5,2,0.5281799403118953,0.32679145669789494,0.14502860299020973
eb6b53ba,2019-04-13,Brighton,Bournemouth,2.3,3.4,3.4,0,0.35612851343538526,0.3804003815475948,0.26347110501702
bbdf9192,2019-04-13,Tottenham Hotspur,Huddersfield Town,1.22,7.0,15.0,2,0.826644356235672,0.1411731769727402,0.032182466791587754
ce640b61,2019-04-13,Southampton,Wolves,2.6,3.25,3.0,2,0.3514275973879889,0.3254235709139189,0.3231488316980922
bcd4eb6f,2019-04-14,Liverpool,Chelsea,1.66,4.2,5.25,2,0.714958981486481,0.11732374408056927,0.1677172744329497
839faa70,2019-04-14,Crystal Palace,Manchester City,11.0,6.0,1.3,0,0.12213532075944886,0.16780660093067518,0.710058078309876
b3f8966d,2019-04-15,Watford,Arsenal,3.2,3.75,2.25,0,0.30113947392052903,0.24848860226793368,0.45037192381153734
b6ce8e80,2019-04-16,Brighton,Cardiff City,2.0,3.3,4.5,0,0.39545811023314853,0.3852542947645007,0.2192875950023508
deab42c4,2019-04-20,Newcastle United,Southampton,2.55,3.2,3.1,2,0.38771714019669945,0.3386939625653927,0.2735888972379078
2e2b870b,2019-04-20,West Ham United,Leicester City,3.3,3.5,2.3,1,0.31479975880587785,0.33996796460059364,0.34523227659352856
f6e97df8,2019-04-20,Wolves,Brighton,1.75,3.5,6.0,1,0.5807180807932698,0.30703282028769313,0.11224909891903719
935a3490,2019-04-20,Bournemouth,Fulham,1.65,4.4,5.25,0,0.46708786989354617,0.40988308043691896,0.12302904966953483
d0b13a22,2019-04-20,Huddersfield Town,Watford,4.4,3.9,1.85,0,0.15334740618822618,0.39320246654194063,0.45345012726983325
82b40b35,2019-04-20,Manchester City,Tottenham Hotspur,1.3,6.0,11.0,2,0.7581915202275761,0.09045052615799334,0.15135795361443055
225a548e,2019-04-21,Everton,Manchester Utd,3.25,3.5,2.3,2,0.28256199353499,0.22349129512625904,0.4939467113387509
e379285b,2019-04-21,Arsenal,Crystal Palace,1.53,4.6,6.5,0,0.7253205360893066,0.15764481819898335,0.11703464571171003
ea0a6f68,2019-04-21,Cardiff City,Liverpool,17.0,7.5,1.2,0,0.08738992681774502,0.15801470871365472,0.7545953644686001
9c5949d8,2019-04-22,Chelsea,Burnley,1.25,6.25,15.0,1,0.5841065827007885,0.226570039353133,0.18932337794607854
407914e9,2019-04-23,Tottenham Hotspur,Brighton,1.28,6.0,13.0,2,0.8218244432581262,0.12015601130586434,0.05801954543600938
704df4ec,2019-04-23,Watford,Southampton,2.25,3.5,3.4,1,0.4650678997099819,0.33774452105901576,0.19718757923100222
199f42bd,2019-04-24,Wolves,Arsenal,2.9,3.5,2.55,2,0.3142745341144504,0.24295712619284426,0.4427683396927054
9bb5c776,2019-04-24,Manchester Utd,Manchester City,7.5,5.0,1.44,0,0.2727764103632745,0.1185223159030259,0.6087012737336996
89b55cfd,2019-04-26,Liverpool,Huddersfield Town,1.07,15.0,41.0,2,0.9225032596247104,0.06518942675707914,0.012307313618210457
dad6d374,2019-04-27,Brighton,Newcastle United,2.3,3.2,3.6,1,0.2343869777411434,0.37343802794226755,0.3921749943165891
75a55372,2019-04-27,Watford,Wolves,2.62,3.3,2.9,0,0.4088977801501654,0.2732719131385185,0.3178303067113162
c78ca5a2,2019-04-27,Southampton,Bournemouth,1.9,3.9,4.1,1,0.36947138163229987,0.38634402487451325,0.24418459349318697
787eb54d,2019-04-27,Tottenham Hotspur,West Ham United,1.4,5.5,7.5,0,0.7295271505032866,0.15779949467767163,0.11267335481904173
c6e99e2a,2019-04-27,Fulham,Cardiff City,2.4,3.6,3.0,2,0.326755186413505,0.46809317792199834,0.2051516356644967
e95d670d,2019-04-27,Crystal Palace,Everton,2.62,3.5,2.8,1,0.34743654256805356,0.3273797152556616,0.3251837421762848
b7a64fc3,2019-04-28,Manchester Utd,Chelsea,2.7,3.5,2.7,1,0.5323725926662073,0.16751599475324538,0.3001114125805474
4d9c7f23,2019-04-28,Burnley,Manchester City,23.0,9.0,1.14,0,0.12740975151968376,0.1471539832038878,0.7254362652764285
373a22ae,2019-04-28,Leicester City,Arsenal,2.75,3.6,2.6,2,0.3697306100658228,0.2576895270680451,0.3725798628661322
f9a6ed1d,2019-05-03,Everton,Burnley,1.66,4.0,5.75,2,0.47436015015265853,0.2915794902106407,0.2340603596367008
11aacbe5,2019-05-04,West Ham United,Southampton,2.3,3.75,3.1,2,0.43902607983514835,0.32410127566389346,0.23687264450095827
a6d84ca8,2019-05-04,Bournemouth,Tottenham Hotspur,4.0,4.0,1.9,2,0.25381138385934154,0.31732168947475764,0.42886692666590076
0cf7f89d,2019-05-04,Wolves,Fulham,1.53,4.2,7.5,2,0.532389927764756,0.35156897657589803,0.11604109565934605
521ebfbb,2019-05-04,Cardiff City,Crystal Palace,2.6,3.75,2.7,0,0.2966602535278499,0.36563954546291877,0.33770020100923137
0faa6fe4,2019-05-04,Newcastle United,Liverpool,9.5,5.25,1.36,0,0.10247733612501657,0.12682906389282064,0.7706935999821628
3c0da213,2019-05-05,Huddersfield Town,Manchester Utd,11.0,6.0,1.3,1,0.1025909508134069,0.2605266553986763,0.6368823937879169
0fdf10d7,2019-05-05,Arsenal,Brighton,1.4,5.0,9.0,1,0.6990030634405509,0.20285989191557874,0.09813704464387028
bdf4e58c,2019-05-05,Chelsea,Watford,1.4,5.25,8.0,2,0.6711495199363043,0.17261132839484583,0.15623915166884986
7c779d41,2019-05-06,Manchester City,Leicester City,1.12,8.5,17.0,2,0.8402966477513534,0.09392782604426672,0.06577552620437999
23ad3530,2019-05-12,Crystal Palace,Bournemouth,1.9,4.2,3.8,2,0.45790210782025614,0.33331916537545425,0.2087787268042897
db4d7668,2019-05-12,Watford,West Ham United,2.25,3.75,3.2,0,0.3466274157288657,0.3309530068106077,0.32241957746052663
06832a45,2019-05-12,Southampton,Huddersfield Town,1.44,4.75,8.5,1,0.5456777114060706,0.3680280394362677,0.08629424915766172
13fb2984,2019-05-12,Brighton,Manchester City,19.0,8.5,1.16,0,0.0633898858161119,0.12427832673632506,0.8123317874475631
302b231e,2019-05-12,Burnley,Arsenal,3.25,3.8,2.2,0,0.3681001877908383,0.2918351753018543,0.34006463690730737
5713b7fd,2019-05-12,Tottenham Hotspur,Everton,2.2,3.5,3.5,1,0.5603108400299641,0.19229594587326854,0.2473932140967674
c183610d,2019-05-12,Fulham,Newcastle United,2.5,3.6,2.9,0,0.24348566919099124,0.4294759506515794,0.32703838015742936
189bbc28,2019-05-12,Leicester City,Chelsea,2.4,3.75,2.9,1,0.3073258979939424,0.23274150917995853,0.45993259282609916
63c1d6b9,2019-05-12,Liverpool,Wolves,1.3,6.0,11.0,2,0.8279547385709782,0.09912272737094169,0.07292253405808011
7308fc7b,2019-05-12,Manchester Utd,Cardiff City,1.28,6.5,11.0,0,0.7224421994411047,0.19989138845694526,0.07766641210195019
928467bd,2019-08-09,Liverpool,Norwich City,1.14,10.0,19.0,2,0.8666602580769688,0.08354460390478032,0.049795138018250876
34b99058,2019-08-10,Burnley,Southampton,2.62,3.2,2.75,2,0.43725055839843674,0.33920075155480656,0.22354869004675676
71c8a43e,2019-08-10,West Ham United,Manchester City,12.0,6.5,1.22,0,0.1580955167586026,0.1476679351164045,0.6942365481249929
38111659,2019-08-10,Watford,Brighton,1.9,3.4,4.0,0,0.5165734686304924,0.3203041981954755,0.16312233317403224
404ee5d3,2019-08-10,Tottenham Hotspur,Aston Villa,1.3,5.25,10.0,2,0.6244003630431779,0.20434851123126568,0.17125112572555634
a802f51e,2019-08-10,Crystal Palace,Everton,3.0,3.25,2.37,1,0.4438053356158731,0.31097623212889325,0.24521843225523368
bf4afd61,2019-08-11,Leicester City,Wolves,2.2,3.2,3.4,1,0.41368695579518366,0.2737679289345928,0.31254511527022366
1405a610,2019-08-11,Newcastle United,Arsenal,4.5,3.75,1.72,0,0.37475742767111553,0.2925185271497364,0.3327240451791481
d0583d0d,2019-08-11,Manchester Utd,Chelsea,2.1,3.3,3.5,2,0.48299950126523067,0.18635422045899325,0.33064627827577603
7ad0ed82,2019-08-17,Aston Villa,Bournemouth,2.3,3.4,3.1,0,0.4719403815912149,0.3206202261989945,0.20743939220979046
f35c8c3a,2019-08-17,Everton,Watford,1.72,3.8,4.75,2,0.633355898222383,0.24730337031212948,0.11934073146548745
894d0ca5,2019-08-17,Brighton,West Ham United,2.55,3.25,2.87,1,0.3001395902879568,0.3574284421373928,0.3424319675746504
ff7eda21,2019-08-17,Arsenal,Burnley,1.3,5.5,10.0,2,0.6070213332759661,0.243950823838721,0.14902784288531298
a4ba771e,2019-08-17,Manchester City,Tottenham Hotspur,1.36,5.25,8.0,1,0.8655280079329641,0.060483701096439836,0.07398829097059612
b2a48847,2019-08-17,Southampton,Liverpool,6.5,4.75,1.44,0,0.06851995379560295,0.11446111866443562,0.8170189275399615
3ea63f4b,2019-08-17,Norwich City,Newcastle United,2.25,3.3,3.3,2,0.39903316044839965,0.340708897100586,0.2602579424510144
aebf58b9,2019-08-18,Chelsea,Leicester City,1.7,3.75,5.0,1,0.6664263277341685,0.18398312003186593,0.14959055223396547
d8a7f871,2019-08-19,Wolves,Manchester Utd,3.3,3.3,2.25,1,0.3598831579834263,0.23491760821892568,0.4051992337976481
3e805eff,2019-08-23,Aston Villa,Everton,3.25,3.5,2.15,2,0.37640653069991137,0.2966931989783783,0.3269002703217103
102b241e,2019-08-24,Liverpool,Arsenal,1.5,4.6,6.0,2,0.829914219570271,0.07926286786841057,0.0908229125613184
89fbf2a3,2019-08-24,Watford,West Ham United,2.05,3.5,3.5,0,0.325517499411704,0.34762529091743866,0.32685720967085735
baece203,2019-08-24,Brighton,Southampton,2.4,3.3,3.0,0,0.3670413686566061,0.41592561286427004,0.21703301847912382
4f4fd2d8,2019-08-24,Norwich City,Chelsea,4.33,3.75,1.8,0,0.4390121349836133,0.23391264764917327,0.32707521736721346
7c1c4078,2019-08-24,Manchester Utd,Crystal Palace,1.33,5.25,9.0,0,0.6440170708777484,0.190783480898756,0.16519944822349572
7728bd7e,2019-08-25,Bournemouth,Manchester City,15.0,7.5,1.16,0,0.0961422308571127,0.13956898690426758,0.7642887822386197
16119ef2,2019-08-25,Wolves,Burnley,1.85,3.4,4.5,1,0.5329757948994097,0.274068884296648,0.1929553208039423
c224d1e8,2019-08-25,Tottenham Hotspur,Newcastle United,1.2,6.5,14.0,0,0.6986249641299417,0.18068902878764342,0.12068600708241489
af072d61,2019-08-31,Burnley,Liverpool,9.5,5.5,1.3,0,0.10082471443564218,0.1360084326603611,0.7631668529039967
533c240c,2019-08-31,Newcastle United,Watford,2.5,3.25,2.87,1,0.5431644938006651,0.31312508791988247,0.14371041827945236
3d899563,2019-08-31,Leicester City,Bournemouth,1.7,4.0,4.75,2,0.5025210267066976,0.29981209224373556,0.1976668810495668
5b9865ad,2019-08-31,Manchester City,Brighton,1.08,10.0,26.0,2,0.9230078832799146,0.05831699534525567,0.01867512137482989
bfd4d929,2019-08-31,Southampton,Manchester Utd,3.8,3.3,2.05,1,0.2612558451425047,0.2837887770365188,0.45495537782097645
164148a8,2019-08-31,West Ham United,Norwich City,1.85,3.9,3.9,2,0.5199398454845345,0.25913796827273455,0.22092218624273088
230f4fac,2019-08-31,Crystal Palace,Aston Villa,2.15,3.3,3.5,2,0.4684685513189363,0.3054201134179541,0.2261113352631097
0b6b8aaf,2019-09-01,Arsenal,Tottenham Hotspur,2.37,3.6,2.8,1,0.5665903008709607,0.17189115753478626,0.261518541594253
70303b7b,2019-09-01,Everton,Wolves,2.2,3.25,3.5,2,0.46056548685101134,0.25313318235437166,0.2863013307946171
cde24fee,2019-09-14,Liverpool,Newcastle United,1.14,8.5,17.0,2,0.8588742113707499,0.09428675426152097,0.04683903436772904
1d3bbc27,2019-09-14,Brighton,Burnley,2.15,3.3,3.5,1,0.32012471548775173,0.4034583912269436,0.2764168932853047
6d0266a1,2019-09-14,Manchester Utd,Leicester City,1.95,3.5,4.0,2,0.5298454746926888,0.2287566132907746,0.24139791201653654
1c7bccd4,2019-09-14,Norwich City,Manchester City,15.0,9.0,1.14,2,0.0831466265735593,0.09886458098913053,0.8179887924373103
1d812c17,2019-09-14,Tottenham Hotspur,Crystal Palace,1.36,5.25,8.0,2,0.5683728941432957,0.21788957495781916,0.21373753089888517
0fa0a658,2019-09-14,Wolves,Chelsea,2.9,3.3,2.5,0,0.36256979735195904,0.20905087813341997,0.428379324514621
886c59ae,2019-09-15,Bournemouth,Everton,2.9,3.5,2.4,2,0.3252918368563973,0.3188602450792856,0.3558479180643171
8257eda8,2019-09-15,Watford,Arsenal,3.6,3.6,2.0,1,0.22853818463974465,0.27597681982391276,0.4954849955363427
b26df467,2019-09-16,Aston Villa,West Ham United,2.62,3.5,2.6,1,0.3204179866067882,0.3448455143448049,0.3347364990484069
ebbb65f5,2019-09-20,Southampton,Bournemouth,2.05,3.6,3.5,0,0.37146945284679367,0.35508892218783744,0.27344162496536883
e30adc4b,2019-09-21,Leicester City,Tottenham Hotspur,2.87,3.5,2.37,2,0.28765035314108867,0.2366238389764738,0.4757258078824375
f97b0ce8,2019-09-21,Burnley,Norwich City,2.0,3.8,3.5,2,0.3534473843034119,0.3413730269274837,0.3051795887691044
4672d0d7,2019-09-21,Manchester City,Watford,1.1,11.0,21.0,2,0.918682242578353,0.06012489642789186,0.021192860993755242
966fb8b0,2019-09-21,Newcastle United,Brighton,2.5,3.2,3.0,1,0.47390744665233286,0.3471866135671152,0.178905939780552
d5fa0563,2019-09-22,Arsenal,Aston Villa,1.4,4.75,8.0,2,0.6677819816626457,0.191309681181759,0.14090833715559528
02e3ae79,2019-09-22,Chelsea,Liverpool,3.5,3.75,2.0,0,0.26837336341789114,0.12956030891767195,0.602066327664437
fe3e2bec,2019-09-22,West Ham United,Manchester Utd,3.1,3.6,2.2,2,0.34244978738477433,0.23767618045184616,0.41987403216337943
d76eb681,2019-09-22,Crystal Palace,Wolves,2.62,3.1,2.87,1,0.5082184427468908,0.24026333917557774,0.25151821807753144
4c088365,2019-09-28,Wolves,Watford,1.85,3.4,4.5,2,0.6100420748912264,0.26708879442444916,0.12286913068432441
23ec5db0,2019-09-28,Tottenham Hotspur,Southampton,1.4,4.75,8.0,2,0.6709922696496943,0.20869774613272732,0.12030998421757841
3b180c0d,2019-09-28,Crystal Palace,Norwich City,1.9,3.75,3.75,2,0.4934814900213024,0.26680360648329976,0.23971490349539792
1d4b5564,2019-09-28,Chelsea,Brighton,1.4,4.75,8.0,2,0.6967021145165523,0.2374249147404521,0.06587297074299565
37a51188,2019-09-28,Aston Villa,Burnley,2.3,3.4,3.1,1,0.41761621172320434,0.3399655689783909,0.24241821929840476
1b9f4fc3,2019-09-28,Everton,Manchester City,10.0,5.5,1.3,0,0.08372352647389958,0.09521885436390329,0.8210576191621972
704e536e,2019-09-28,Bournemouth,West Ham United,2.5,3.5,2.75,1,0.3537156365983998,0.33120192083110683,0.3150824425704934
40d77688,2019-09-29,Leicester City,Newcastle United,1.5,4.0,7.5,2,0.5850352727439234,0.24387202584560555,0.171092701410471
ce7501cd,2019-09-30,Manchester Utd,Arsenal,2.37,3.5,2.9,1,0.45573387569514423,0.1982997009862357,0.34596642331862015
23fe51bc,2019-10-05,West Ham United,Crystal Palace,1.95,3.6,3.8,0,0.4788681917597345,0.2643920622746002,0.25673974596566534
e50b8e5b,2019-10-05,Norwich City,Aston Villa,2.37,3.6,2.8,0,0.40386475384498194,0.30394073744920347,0.29219450870581465
2f9439d0,2019-10-05,Burnley,Everton,2.87,3.3,2.5,2,0.4541205319127009,0.30867312820650594,0.23720633988079304
aaed1c4e,2019-10-05,Liverpool,Leicester City,1.44,4.75,7.0,2,0.806027900663533,0.09249909461105905,0.10147300472540795
aafb2d3a,2019-10-05,Brighton,Tottenham Hotspur,3.9,3.6,1.9,2,0.1671107800220737,0.2775593129297851,0.5553299070481412
0481092b,2019-10-06,Manchester City,Wolves,1.12,9.0,21.0,0,0.8880015972083154,0.07358040371034927,0.03841799908133538
078b24d4,2019-10-06,Southampton,Chelsea,4.0,3.8,1.85,0,0.20011914879614073,0.253940437400447,0.5459404138034123
9575566f,2019-10-06,Arsenal,Bournemouth,1.44,4.75,7.0,2,0.6272191750913626,0.2120325513735848,0.16074827353505264
e4a80056,2019-10-06,Newcastle United,Manchester Utd,4.5,3.5,1.85,2,0.314481563670259,0.2768556617907931,0.4086627745389479
c17538b0,2019-10-19,Chelsea,Newcastle United,1.3,5.5,10.0,2,0.7713261935330304,0.13826282029845605,0.09041098616851355
34685c72,2019-10-19,Aston Villa,Brighton,2.35,3.4,3.0,2,0.5249330006604651,0.33515548825602465,0.13991151108351021
0fa45675,2019-10-19,Everton,West Ham United,1.95,3.75,3.75,2,0.3909266353626119,0.2931983340127328,0.31587503062465533
d71c01eb,2019-10-19,Bournemouth,Norwich City,1.72,4.2,4.2,1,0.5188350802748084,0.2924588735514898,0.18870604617370185
4df24be7,2019-10-19,Tottenham Hotspur,Watford,1.4,5.0,7.5,1,0.7156524810239051,0.19302384244938817,0.09132367652670663
3529c097,2019-10-19,Leicester City,Burnley,1.57,4.0,6.0,2,0.5271668108853452,0.28027944843541724,0.19255374067923745
f334b1dc,2019-10-19,Crystal Palace,Manchester City,12.0,7.0,1.22,0,0.18024846777015613,0.14834946555846987,0.671402066671374
644a3723,2019-10-19,Wolves,Southampton,1.8,3.6,4.5,1,0.6054458141640353,0.27035081034231895,0.12420337549364573
95c3f0c8,2019-10-20,Manchester Utd,Liverpool,5.25,3.8,1.65,1,0.1753386464067751,0.11973780065299258,0.7049235529402325
3e9712d7,2019-10-25,Southampton,Leicester City,3.1,3.4,2.3,0,0.2601712022669694,0.29830743743225546,0.44152136030077527
e0a4db2d,2019-10-26,Manchester City,Aston Villa,1.08,11.0,26.0,2,0.8403717958490489,0.09440525940507832,0.06522294474587272
082dc9ef,2019-10-26,Burnley,Chelsea,4.5,4.0,1.72,0,0.19869082973182237,0.26192764933240337,0.5393815209357744
f728ceea,2019-10-26,Brighton,Everton,2.9,3.25,2.5,2,0.27818290036426496,0.36880232227812154,0.35301477735761344
1ef8e186,2019-10-26,Watford,Bournemouth,2.15,3.6,3.25,1,0.32583835857098714,0.3792750680758772,0.29488657335313556
a31a1d67,2019-10-27,Norwich City,Manchester Utd,4.33,4.0,1.75,0,0.3435833972123602,0.25565467155710275,0.4007619312305371
16f28685,2019-10-27,Liverpool,Tottenham Hotspur,1.5,4.33,6.5,2,0.8570171572877673,0.06131527284149901,0.08166756987073368
efe2b576,2019-10-27,Newcastle United,Wolves,3.0,3.1,2.55,1,0.32482915440659044,0.2809821846214998,0.3941886609719097
077b30ff,2019-10-27,Arsenal,Crystal Palace,1.45,4.75,6.5,1,0.6350736782224005,0.1820967775390796,0.18282954423851985
ac4523c2,2019-11-02,West Ham United,Newcastle United,1.75,3.8,4.5,0,0.4974188334085154,0.3197155419834095,0.18286562460807496
0b8b7f66,2019-11-02,Watford,Chelsea,5.0,4.33,1.61,0,0.15079663977412572,0.20541769890214334,0.643785661323731
afbdd3aa,2019-11-02,Manchester City,Southampton,1.07,13.0,23.0,2,0.9471306696787609,0.041154169868204894,0.011715160453034189
21f39009,2019-11-02,Brighton,Norwich City,1.72,4.2,4.33,2,0.38657436040800836,0.39154303792730016,0.2218826016646915
2206646c,2019-11-02,Aston Villa,Liverpool,9.0,5.0,1.33,0,0.16808057279921884,0.11916728853150689,0.7127521386692742
9e35d172,2019-11-02,Bournemouth,Manchester Utd,3.25,3.6,2.15,2,0.2969261245028393,0.27892095243314163,0.42415292306401897
a3427b2c,2019-11-02,Arsenal,Wolves,1.75,3.75,4.75,1,0.605320291344907,0.17096277443195565,0.22371693422313743
25d28387,2019-11-03,Crystal Palace,Leicester City,3.5,3.4,2.1,0,0.24272735151334066,0.28700375949764284,0.4702688889890165
efe9c8f4,2019-11-03,Everton,Tottenham Hotspur,2.7,3.4,2.6,1,0.4355912310231394,0.24293509032705868,0.32147367864980203
e92f4d2c,2019-11-08,Norwich City,Watford,2.7,3.5,2.55,0,0.43037726577699675,0.35551850865310686,0.21410422556989647
8e13e609,2019-11-09,Leicester City,Arsenal,2.0,3.75,3.5,2,0.5678739039148879,0.21680897099104676,0.21531712509406536
99680077,2019-11-09,Chelsea,Crystal Palace,1.33,5.0,10.0,2,0.7467811706011874,0.14769426894422563,0.10552456045458698
553c5b11,2019-11-09,Southampton,Everton,2.9,3.3,2.45,0,0.3124689833542274,0.35333913026259967,0.334191886383173
698f846d,2019-11-09,Newcastle United,Bournemouth,2.55,3.25,2.8,2,0.43085891226870254,0.32425323014402213,0.24488785758727538
559f666e,2019-11-09,Burnley,West Ham United,2.25,3.5,3.1,2,0.4027886136489442,0.3148887965633941,0.28232258978766167
47880eb7,2019-11-10,Liverpool,Manchester City,2.5,3.6,2.62,2,0.6544428162408055,0.05996719547314017,0.2855899882860545
014bbabe,2019-11-10,Manchester Utd,Brighton,1.6,3.75,6.5,2,0.5319101727901178,0.3144513290422105,0.15363849816767167
2794f89d,2019-11-10,Wolves,Aston Villa,1.9,3.5,4.2,2,0.5075260195568481,0.2772858310064421,0.21518814943670972
d16305c7,2019-11-23,Manchester City,Chelsea,1.44,5.0,6.5,2,0.6992254766827641,0.09810940191453775,0.20266512140269816
d4aea4c0,2019-11-23,Watford,Burnley,2.3,3.4,3.1,0,0.3124673726367771,0.3957987013428619,0.2917339260203609
0b1da656,2019-11-23,Crystal Palace,Liverpool,7.5,4.75,1.4,0,0.12153720581798891,0.10532357959132613,0.7731392145906849
464461f5,2019-11-23,Everton,Norwich City,1.36,5.1,8.0,0,0.6159654639722958,0.24119318761986958,0.1428413484078346
219643bc,2019-11-23,Bournemouth,Wolves,2.75,3.3,2.6,0,0.3082842734913652,0.2927520403151141,0.3989636861935207
19a8b14e,2019-11-23,Arsenal,Southampton,1.45,4.75,6.5,1,0.7253586296148469,0.1780739294617592,0.09656744092339392
a7dc884b,2019-11-23,West Ham United,Tottenham Hotspur,4.2,4.33,1.7,0,0.39330475923224967,0.2351984925680667,0.37149674819968354
d0f6bac9,2019-11-23,Brighton,Leicester City,3.75,3.5,2.0,0,0.16794543321325503,0.34109488837888285,0.4909596784078622
f6f8808e,2019-11-25,Aston Villa,Newcastle United,2.05,3.4,3.7,2,0.3886517114193958,0.3334606139978546,0.27788767458274966
2c240ae6,2019-11-30,Liverpool,Brighton,1.18,7.0,15.0,2,0.9370117182457995,0.04357026689368522,0.01941801486051519
aa1ff9cd,2019-11-30,Chelsea,West Ham United,1.28,6.0,9.0,0,0.7818312685099309,0.13768157714375634,0.0804871543463128
f43fa290,2019-11-30,Newcastle United,Manchester City,13.0,8.0,1.16,1,0.14807100087335728,0.11633553460589238,0.7355934645207503
86428aca,2019-11-30,Burnley,Crystal Palace,2.25,3.25,3.3,0,0.5062923167510655,0.28872154290913643,0.20498614033979806
1722ba52,2019-11-30,Tottenham Hotspur,Bournemouth,1.36,5.5,7.5,2,0.6274687643808443,0.24721601646624258,0.1253152191529131
3f1fdbad,2019-11-30,Southampton,Watford,2.1,3.4,3.5,2,0.40329955465848216,0.37511754397294333,0.2215829013685745
e88d9028,2019-12-01,Manchester Utd,Aston Villa,1.45,4.5,7.0,1,0.5719041932283981,0.25780887479541137,0.17028693197619052
aa2284c2,2019-12-01,Leicester City,Everton,1.61,4.0,5.25,2,0.6489599056905638,0.21362258835327644,0.13741750595615976
39fce32e,2019-12-01,Norwich City,Arsenal,4.0,4.33,1.75,1,0.3235302152436752,0.2768829568040637,0.3995868279522611
4d718594,2019-12-03,Burnley,Manchester City,11.0,7.0,1.22,0,0.14670342257497535,0.15405401213260853,0.6992425652924161
fd541a1f,2019-12-03,Crystal Palace,Bournemouth,2.2,3.4,3.25,2,0.5464879446174011,0.2781802078567166,0.17533184752588235
614c7c1f,2019-12-04,Manchester Utd,Tottenham Hotspur,2.75,3.4,2.55,2,0.48555931794947166,0.20648513022710996,0.30795555182341827
3f316110,2019-12-04,Chelsea,Aston Villa,1.28,5.75,10.0,2,0.6975832966405534,0.17129778928118633,0.13111891407826026
8b04b0d5,2019-12-04,Leicester City,Watford,1.33,5.5,8.0,2,0.7453668976020258,0.1889124173876518,0.06572068501032245
292d0f46,2019-12-04,Wolves,West Ham United,1.75,3.7,4.75,2,0.5491473738105993,0.26181106446902497,0.18904156172037584
de0ec650,2019-12-04,Liverpool,Everton,1.36,5.0,8.5,2,0.9191496990736897,0.05408328894604963,0.026767011980260602
367829b6,2019-12-04,Southampton,Norwich City,1.72,4.0,4.2,2,0.3878430152067055,0.3534585968530949,0.25869838794019956
372828cb,2019-12-05,Arsenal,Brighton,1.57,4.33,5.5,0,0.6672754886064747,0.21784473585429837,0.11487977553922689
56da163b,2019-12-07,Tottenham Hotspur,Burnley,1.4,4.75,8.0,2,0.6511306350623316,0.21639008368503526,0.13247928125263322
b7f0ca17,2019-12-07,Bournemouth,Liverpool,7.0,5.25,1.4,0,0.06355912331665294,0.10104213213226705,0.8353987445510799
bf9c0d50,2019-12-07,Manchester City,Manchester Utd,1.3,5.5,10.0,0,0.8421837221704783,0.0745572730950178,0.08325900473450383
90976b40,2019-12-07,Watford,Crystal Palace,2.37,3.3,3.1,1,0.2608297128253709,0.31648801489517836,0.42268227227945077
1b69dd66,2019-12-07,Everton,Chelsea,3.5,3.75,2.0,2,0.27307384741134444,0.26066167217660435,0.46626448041205115
5d9f7fe3,2019-12-08,Newcastle United,Southampton,2.5,3.2,2.9,2,0.47890445894484557,0.3275401306756464,0.19355541037950796
559e812a,2019-12-08,Aston Villa,Leicester City,4.33,3.8,1.8,0,0.25468326822653736,0.2734137096392071,0.47190302213425556
daad5806,2019-12-08,Brighton,Wolves,2.62,3.1,2.87,1,0.23006916122830082,0.3380530097770321,0.43187782899466715
a48c4638,2019-12-09,West Ham United,Arsenal,3.3,4.0,2.0,0,0.3884721746127407,0.2787482486314796,0.3327795767557797
a47901a8,2019-12-14,Southampton,West Ham United,1.9,3.8,3.8,0,0.4250518720674198,0.34945436656884193,0.22549376136373825
f33bb4b3,2019-12-14,Liverpool,Watford,1.16,7.5,17.0,2,0.9437125226677154,0.0410184131753564,0.015269064156928292
b75094e0,2019-12-14,Chelsea,Bournemouth,1.25,6.0,12.0,0,0.7705119107642844,0.14371522222802446,0.08577286700769111
3b2eb152,2019-12-14,Leicester City,Norwich City,1.22,6.5,13.0,1,0.7524170596827231,0.16069779254920516,0.08688514776807178
4c3c57fa,2019-12-14,Burnley,Newcastle United,1.95,3.4,4.0,2,0.32879602509177575,0.3282738655614113,0.34293010934681295
bed05936,2019-12-15,Arsenal,Manchester City,6.0,5.25,1.44,0,0.2809199853654577,0.13009421895943224,0.58898579567511
240ac5ad,2019-12-15,Manchester Utd,Everton,1.8,3.7,4.5,1,0.6114265805594303,0.22966051377555033,0.15891290566501942
e9e002fb,2019-12-15,Wolves,Tottenham Hotspur,3.25,3.4,2.25,0,0.35167818869961304,0.27111031117094847,0.37721150012943855
1163ec4a,2019-12-16,Crystal Palace,Brighton,2.55,3.25,2.87,1,0.5496043094804515,0.27262962515568195,0.17776606536386652
e8b74ca0,2019-12-21,Bournemouth,Burnley,2.4,3.4,2.9,0,0.423896916222409,0.2925889106744688,0.2835141731031223
223124ce,2019-12-21,Norwich City,Wolves,3.75,3.8,1.9,0,0.2962763980486175,0.3173245262211364,0.38639907573024607
d50390a8,2019-12-21,Aston Villa,Southampton,2.4,3.6,2.8,0,0.4352736633210239,0.3677867303239432,0.19693960635503288
5e599d06,2019-12-21,Newcastle United,Crystal Palace,2.37,3.1,3.25,2,0.41012081434508757,0.28894338543128517,0.30093580022362726
b9d1d1a7,2019-12-21,Everton,Arsenal,2.3,3.8,2.87,1,0.40511022210074016,0.2874595198864771,0.30743025801278273
733c0243,2019-12-21,Manchester City,Leicester City,1.36,5.25,7.5,2,0.7976378293028944,0.0815850147778967,0.12077715591920891
a58df282,2019-12-22,Watford,Manchester Utd,4.33,4.0,1.75,2,0.1769634925706092,0.26424382268914287,0.5587926847402479
a1a20337,2019-12-22,Tottenham Hotspur,Chelsea,2.37,3.75,2.75,0,0.6144623806721982,0.1880173091489924,0.19752031017880947
d9a73d72,2019-12-26,Chelsea,Southampton,1.33,5.25,9.0,0,0.675145346843384,0.19846658205601697,0.12638807110059905
b3d5292f,2019-12-26,Manchester Utd,Newcastle United,1.33,5.25,9.0,2,0.5412607942658422,0.24350063206828804,0.2152385736658698
5b1ecf02,2019-12-26,Bournemouth,Arsenal,3.5,3.9,1.95,1,0.30964012187484835,0.2947656728289971,0.39559420529615436
b23c6c90,2019-12-26,Everton,Burnley,1.7,3.75,5.0,2,0.47352640185301986,0.2942455457151077,0.2322280524318725
eebe09b9,2019-12-26,Tottenham Hotspur,Brighton,1.53,4.33,6.0,2,0.6476358667018695,0.2431643066391071,0.10919982665902345
048fa915,2019-12-26,Crystal Palace,West Ham United,2.3,3.4,3.1,2,0.4750152168780354,0.3003456589999878,0.2246391241219768
4b8063da,2019-12-26,Leicester City,Liverpool,3.4,3.75,2.05,0,0.19067046007058516,0.08079417382425355,0.7285353661051613
010301bf,2019-12-26,Aston Villa,Norwich City,2.1,3.75,3.3,2,0.43683486924856674,0.33966036896702223,0.223504761784411
6defd3a2,2019-12-27,Wolves,Manchester City,8.5,5.0,1.36,2,0.18271487853090432,0.14078297604425913,0.6765021454248364
d7b72d7f,2019-12-28,Brighton,Bournemouth,1.75,3.9,4.33,2,0.3524789261528077,0.39155085782791865,0.2559702160192736
a6e8ab71,2019-12-28,Norwich City,Tottenham Hotspur,5.0,4.0,1.66,1,0.22078525484795042,0.26820920943089954,0.5110055357211499
f66bbb03,2019-12-28,Burnley,Manchester Utd,4.33,3.75,1.8,0,0.26038070877324415,0.25007090808784815,0.4895483831389077
36dc1eb8,2019-12-28,Watford,Aston Villa,1.95,3.8,3.6,2,0.35963904227503607,0.3843021653903951,0.256058792334569
1f2bd890,2019-12-28,West Ham United,Leicester City,4.0,3.9,1.83,0,0.3589022715334225,0.23771426611446403,0.40338346235211336
a8ab1213,2019-12-28,Southampton,Crystal Palace,1.95,3.6,3.8,1,0.3470604165173257,0.3187733448747983,0.3341662386078759
6edbd555,2019-12-28,Newcastle United,Everton,3.6,3.4,2.05,0,0.43034807045149037,0.28998014401057864,0.279671785537931
850e18c6,2019-12-29,Arsenal,Chelsea,2.87,3.75,2.3,0,0.4546401185397903,0.2214395058090269,0.32392037565118287
9892a4f1,2019-12-29,Liverpool,Wolves,1.25,5.75,12.0,2,0.888298494502668,0.05532051576359501,0.056380989733737084
ac409026,2020-01-01,Burnley,Aston Villa,1.75,3.8,4.33,0,0.4874917265171345,0.2927448685966181,0.21976340488624735
a7902bb1,2020-01-01,Newcastle United,Leicester City,5.0,3.8,1.66,0,0.33700400507603206,0.2534540673429161,0.4095419275810518
9b72407a,2020-01-01,Brighton,Chelsea,3.6,3.6,1.95,1,0.2439210157119108,0.28917811253507175,0.4669008717530175
5bbec2c4,2020-01-01,Norwich City,Crystal Palace,2.5,3.4,2.75,1,0.3133999989989324,0.32704821239125315,0.3595517886098144
ce2fad1e,2020-01-01,Southampton,Tottenham Hotspur,3.3,3.5,2.1,2,0.25084179925802697,0.2867045059723677,0.4624536947696054
ed58271e,2020-01-01,Manchester City,Everton,1.25,6.5,10.0,2,0.8305788980429125,0.09415302787321253,0.07526807408387486
9ae01aab,2020-01-01,West Ham United,Bournemouth,1.9,3.75,3.8,2,0.48311474407408267,0.30687513775151437,0.21001011817440288
f6b7d570,2020-01-01,Arsenal,Manchester Utd,2.55,3.6,2.62,2,0.3492258606709104,0.23700294836233637,0.41377119096675335
dc2a86e8,2020-01-01,Watford,Wolves,3.0,3.4,2.3,2,0.2919929484231425,0.2911521194086249,0.4168549321682326
d5b1eda9,2020-01-11,Wolves,Newcastle United,1.44,4.5,7.5,1,0.6387418851183586,0.21589831424695674,0.14535980063468462
db192bf5,2020-01-11,Manchester Utd,Norwich City,1.33,5.25,8.5,2,0.6427865711486102,0.23328671941112822,0.12392670944026152
bf752bf7,2020-01-11,Leicester City,Southampton,1.6,4.0,5.5,0,0.6458581746284345,0.21917060070921215,0.13497122466235323
17a5a8ef,2020-01-11,Chelsea,Burnley,1.28,5.5,11.0,2,0.6915543668330493,0.19232952799963213,0.1161161051673187
e1fdc1f9,2020-01-11,Crystal Palace,Arsenal,4.1,3.9,1.8,1,0.42664883292493155,0.25419956819059436,0.31915159888447403
39432697,2020-01-11,Tottenham Hotspur,Liverpool,4.5,4.33,1.66,0,0.14637151661011857,0.09876697458576497,0.7548615088041165
61cc2ca5,2020-01-11,Everton,Brighton,1.85,3.8,4.0,2,0.5088632000604479,0.3082369223134442,0.18289987762610788
ffb4946c,2020-01-12,Aston Villa,Manchester City,13.0,8.5,1.16,0,0.10939478607008474,0.14187054770270172,0.7487346662272135
76ce7bd8,2020-01-12,Bournemouth,Watford,2.6,3.3,2.7,0,0.2769628270762381,0.416863412833577,0.30617376009018493
d4898eac,2020-01-18,West Ham United,Everton,2.9,3.5,2.37,1,0.3533223790548369,0.3218158078134958,0.3248618131316673
e5a20f1e,2020-01-18,Newcastle United,Chelsea,6.0,4.5,1.5,2,0.25212738908464777,0.21684567292513895,0.5310269379902134
2550abdc,2020-01-18,Norwich City,Bournemouth,2.2,3.5,3.25,2,0.46609019484658054,0.3546628656452264,0.17924693950819304
9d6674f8,2020-01-18,Southampton,Wolves,2.4,3.4,3.0,0,0.4213416235692131,0.26544275156702835,0.3132156248637584
bd044bad,2020-01-18,Brighton,Aston Villa,1.66,4.0,5.0,1,0.4228294170455553,0.30665428227170183,0.27051630068274274
46697bf6,2020-01-18,Watford,Tottenham Hotspur,3.25,3.5,2.2,1,0.39363951905538824,0.3195765391373375,0.2867839418072742
4572cd0e,2020-01-18,Manchester City,Crystal Palace,1.1,11.0,19.0,1,0.8825903376749316,0.07288066050740491,0.04452900181766343
bd102a2b,2020-01-19,Burnley,Leicester City,4.33,3.75,1.83,2,0.25552769414603116,0.27814434225081597,0.46632796360315276
d2a888b6,2020-01-19,Liverpool,Manchester Utd,1.36,5.25,8.0,2,0.8703916551389339,0.05571078915685945,0.07389755570420654
38d058ad,2020-01-21,Chelsea,Arsenal,1.72,3.9,4.5,1,0.5717699302135282,0.19732042881516332,0.23090964097130853
33b8c50a,2020-01-21,Everton,Newcastle United,1.55,4.1,6.0,1,0.5352024484569774,0.23787113320129313,0.22692641834172944
3deb145e,2020-01-21,Aston Villa,Watford,2.8,3.5,2.45,2,0.31869030916831015,0.40089327335670044,0.2804164174749895
ba03a070,2020-01-21,Bournemouth,Brighton,2.87,3.4,2.45,2,0.3125595541774666,0.41493745512798474,0.27250299069454864
003ce1e3,2020-01-21,Crystal Palace,Southampton,2.7,3.25,2.7,0,0.4716490177579955,0.3016896254109335,0.22666135683107094
709e2aa4,2020-01-22,Manchester Utd,Burnley,1.36,4.75,9.0,0,0.6629056026846829,0.22233376465385055,0.1147606326614665
b36a7b4d,2020-01-22,Tottenham Hotspur,Norwich City,1.4,5.0,7.5,2,0.6397579920700781,0.22674584514680798,0.13349616278311385
354b03ac,2020-01-22,Leicester City,West Ham United,1.53,4.33,6.0,2,0.6183757967808808,0.22405727740428094,0.1575669258148381
efd768f0,2020-01-23,Wolves,Liverpool,5.75,3.8,1.61,0,0.14041137481356317,0.10476862779866397,0.7548199973877727
7b057bc1,2020-01-29,West Ham United,Liverpool,8.5,5.5,1.33,0,0.0769209085769677,0.10019015735390903,0.8228889340691232
14d877cc,2020-02-01,West Ham United,Brighton,2.6,3.3,2.75,1,0.4231297792975484,0.3818539026172046,0.19501631808524714
476d12a9,2020-02-01,Watford,Everton,2.75,3.3,2.62,0,0.33133866709702375,0.3552510794714361,0.3134102534315403
88328013,2020-02-01,Manchester Utd,Wolves,2.25,3.25,3.4,1,0.52107535963964,0.21753153124422456,0.26139310911613534
eef415ec,2020-02-01,Newcastle United,Norwich City,2.2,3.4,3.3,1,0.5090769912752535,0.3166658438034675,0.17425716492127902
ab9e9e23,2020-02-01,Liverpool,Southampton,1.25,6.0,12.0,2,0.9161017048154999,0.04898703021919397,0.03491126496530611
db21a88a,2020-02-01,Bournemouth,Aston Villa,2.1,3.6,3.3,2,0.34119165445840555,0.36501539216895784,0.29379295337263667
270dc7ba,2020-02-01,Leicester City,Chelsea,2.5,3.6,2.7,1,0.5127153950543972,0.22306788000335467,0.26421672494224807
a6b40849,2020-02-02,Burnley,Arsenal,3.6,3.6,2.0,1,0.324365661240204,0.2843955496118215,0.3912387891479745
e98d8736,2020-02-02,Tottenham Hotspur,Manchester City,5.5,4.6,1.53,2,0.22082442898896243,0.14121005868314648,0.6379655123278911
111b8b45,2020-02-08,Brighton,Watford,2.1,3.4,3.6,1,0.3311471299084255,0.3799439754429848,0.28890889464858976
4e620966,2020-02-08,Everton,Crystal Palace,1.61,3.8,6.0,2,0.5508172551356684,0.26700617580268665,0.1821765690616451
a11273b7,2020-02-14,Wolves,Leicester City,2.5,3.3,2.87,1,0.3823888810432267,0.24994875175676032,0.3676623672000129
9c238122,2020-02-15,Norwich City,Liverpool,11.0,6.25,1.25,0,0.04462135776361828,0.09341878318257334,0.8619598590538083
738ade70,2020-02-15,Southampton,Burnley,1.75,3.8,4.75,0,0.4323052583956986,0.3267950427540865,0.24089969885021487
ebfe971d,2020-02-16,Aston Villa,Tottenham Hotspur,4.0,3.8,1.85,0,0.2765929769323361,0.2891820121094507,0.43422501095821325
6ce374b0,2020-02-16,Arsenal,Newcastle United,1.4,4.75,8.0,2,0.5797538602948439,0.22077719858606457,0.19946894111909155
2619bcb9,2020-02-17,Chelsea,Manchester Utd,1.85,3.5,4.5,0,0.6147484823827579,0.1813540031061612,0.20389751451108096
bc091e86,2020-02-19,Manchester City,West Ham United,1.12,9.5,17.0,2,0.8868593037723919,0.07166737795587685,0.04147331827173128
4f00e03a,2020-02-22,Leicester City,Manchester City,4.5,4.2,1.7,0,0.2648062103474677,0.11001920353236656,0.6251745861201657
fdd364a6,2020-02-22,Chelsea,Tottenham Hotspur,1.72,4.0,4.5,2,0.4424243710512248,0.23682168341735563,0.3207539455314195
5947b8fb,2020-02-22,Crystal Palace,Newcastle United,1.95,3.4,4.2,2,0.48689362369001216,0.29258102954619747,0.22052534676379026
66823ac4,2020-02-22,Southampton,Aston Villa,1.61,4.33,5.0,2,0.4663279115540735,0.3437630223065146,0.18990906613941175
bcdc3fb0,2020-02-22,Burnley,Bournemouth,2.1,3.3,3.7,2,0.4948454586558825,0.33971413984494764,0.16544040149916994
09ec6552,2020-02-23,Wolves,Norwich City,1.5,4.2,7.0,2,0.635988422207626,0.24005173499268317,0.12395984279969087
485003ed,2020-02-23,Arsenal,Everton,2.0,3.6,3.7,2,0.45223506813187514,0.27868232981128926,0.26908260205683554
835d0c36,2020-02-23,Manchester Utd,Watford,1.6,3.9,6.0,2,0.6066664817262938,0.24279703198980124,0.15053648628390498
3aee1ba7,2020-02-24,Liverpool,West Ham United,1.16,8.0,15.0,2,0.9550099043931012,0.029761023927732236,0.015229071679166532
8edf3e12,2020-02-28,Norwich City,Leicester City,4.33,4.1,1.72,2,0.2528428845679404,0.295242322082079,0.45191479334998047
5d623dc0,2020-02-29,Newcastle United,Burnley,2.62,3.1,2.9,1,0.2941478020987159,0.3437111702255265,0.3621410276757576
57d79762,2020-02-29,Bournemouth,Chelsea,4.75,3.8,1.72,1,0.22326994472160167,0.26988450748992593,0.5068455477884724
2cb790f2,2020-02-29,West Ham United,Southampton,2.65,3.6,2.5,2,0.3442728950470755,0.3772336053980895,0.2784934995548351
4df69c15,2020-02-29,Watford,Liverpool,8.0,4.75,1.4,2,0.05182969668210833,0.07907100435381668,0.8690992989640749
aeb979e2,2020-02-29,Brighton,Crystal Palace,2.05,3.25,3.9,0,0.2910913258452929,0.41158425527774994,0.2973244188769572
ea2c2272,2020-03-01,Everton,Manchester Utd,2.5,3.25,2.9,1,0.4012500700374169,0.2617143550158216,0.3370355749467614
2475762d,2020-03-01,Tottenham Hotspur,Wolves,2.45,3.2,3.0,0,0.5058004116053936,0.2194851072044403,0.27471448119016606
a24ed8fc,2020-03-07,Liverpool,Bournemouth,1.22,6.5,13.0,2,0.9311020541167156,0.04814624374460387,0.020751702138680425
947a04e9,2020-03-07,Southampton,Newcastle United,1.61,4.1,5.25,0,0.4771332918607935,0.2924131223547169,0.2304535857844897
bf382825,2020-03-07,Arsenal,West Ham United,1.57,4.4,5.5,2,0.6124309244696151,0.24519618816283517,0.1423728873675497
1b4c17ec,2020-03-07,Burnley,Tottenham Hotspur,2.7,3.3,2.62,1,0.3638726426798632,0.26944394388242765,0.3666834134377092
7535d777,2020-03-07,Crystal Palace,Watford,2.55,3.2,2.9,2,0.4641128702562308,0.3064038634066438,0.2294832663371254
6a08610e,2020-03-07,Wolves,Brighton,1.61,3.9,5.75,1,0.6481259801245195,0.24495709302593185,0.10691692684954854
c062bff0,2020-03-08,Chelsea,Everton,1.8,3.9,4.2,2,0.5499058313666115,0.2351285753752424,0.21496559325814601
04416d35,2020-03-08,Manchester Utd,Manchester City,5.0,4.33,1.6,2,0.30237137349466686,0.14968296540717616,0.547945661098157
76f492dc,2020-03-09,Leicester City,Aston Villa,1.36,5.25,8.0,2,0.6497876079186514,0.21856646475913769,0.13164592732221095
5825b217,2020-06-17,Manchester City,Arsenal,1.36,5.25,7.5,2,0.7560706701202445,0.09513129371797996,0.14879803616177553
d659cbdf,2020-06-19,Norwich City,Southampton,2.8,3.5,2.45,0,0.4005406772699608,0.3383526249528,0.2611066977772392
973a441a,2020-06-19,Tottenham Hotspur,Manchester Utd,3.0,3.4,2.37,1,0.43150681212812053,0.21652050204461334,0.3519726858272661
1abcdcde,2020-06-20,Brighton,Arsenal,3.1,3.25,2.37,2,0.24613208633888817,0.31001006363818356,0.44385785002292827
e5f403c2,2020-06-20,Watford,Leicester City,3.6,3.5,2.05,1,0.2621323096936504,0.31776808587751976,0.4200996044288298
c4d88352,2020-06-20,Bournemouth,Crystal Palace,2.45,3.2,3.0,0,0.2868180221361149,0.3630943760537152,0.3500876018101699
6ddd148a,2020-06-20,West Ham United,Wolves,3.6,3.4,2.1,0,0.2958916388340854,0.319497217936152,0.3846111432297627
603174fb,2020-06-21,Everton,Liverpool,6.0,4.2,1.55,1,0.1446013988721747,0.10098629492356731,0.7544123062042579
827d4651,2020-06-21,Aston Villa,Chelsea,6.0,4.5,1.5,0,0.17622030934204128,0.2674329927614548,0.5563466978965038
b1d3ebde,2020-06-22,Manchester City,Burnley,1.12,9.0,15.0,2,0.8421191285158671,0.09327408313258471,0.06460678835154825
481a9a3a,2020-06-23,Leicester City,Brighton,1.6,4.0,5.75,1,0.6229647300805987,0.2341056424884242,0.14292962743097715
8fc12d99,2020-06-23,Tottenham Hotspur,West Ham United,1.66,4.0,5.0,2,0.6640057944047791,0.21793626576027364,0.11805793983494718
49724d90,2020-06-24,Norwich City,Everton,3.9,3.6,1.9,0,0.29083763451249267,0.3171063986708159,0.3920559668166914
4f61e5af,2020-06-24,Wolves,Bournemouth,1.55,4.0,6.0,2,0.6875734656492918,0.21686961729948911,0.09555691705121926
66027e20,2020-06-24,Newcastle United,Aston Villa,2.3,3.3,3.2,1,0.567980111423787,0.2879524062007035,0.14406748237550954
c486cf76,2020-06-24,Liverpool,Crystal Palace,1.22,6.5,13.0,2,0.8879648574463115,0.05453125477479063,0.05750388777889794
38757aa1,2020-06-25,Southampton,Arsenal,2.6,3.5,2.62,0,0.3606021594195402,0.27227913525216724,0.36711870532829255
bc237647,2020-06-25,Chelsea,Manchester City,4.0,4.0,1.8,2,0.26191888855931805,0.1410660233923221,0.5970150880483597
965fbb94,2020-06-25,Burnley,Watford,3.0,3.25,2.45,2,0.47123291100794523,0.3168358555995151,0.21193123339253964
b4483d72,2020-06-27,Aston Villa,Wolves,4.6,3.7,1.75,0,0.1997329199357447,0.2783322633853703,0.521934816678885
37720dc3,2020-06-28,Watford,Southampton,2.5,3.3,2.87,0,0.3677394216058117,0.3536483545249268,0.2786122238692615
d7661a5f,2020-06-29,Crystal Palace,Burnley,2.25,3.2,3.4,0,0.4802413222569331,0.2656249875677421,0.25413369017532483
be321c59,2020-06-30,Brighton,Manchester Utd,6.0,3.8,1.61,0,0.15623390313258134,0.2541164000024598,0.5896496968649588
5df18070,2020-07-01,West Ham United,Chelsea,5.5,4.33,1.57,2,0.17365917747534698,0.2382015143564182,0.5881393081682349
c2c7ebbf,2020-07-01,Everton,Leicester City,2.5,3.3,2.9,2,0.47829758753292406,0.20637420004353527,0.31532821242354064
92aaad57,2020-07-01,Bournemouth,Newcastle United,2.4,3.1,3.2,0,0.21555293944484455,0.4163280680914526,0.36811899246370294
cb52b4c8,2020-07-01,Arsenal,Norwich City,1.44,4.75,7.0,2,0.7174089056033165,0.2070667542344192,0.07552434016226445
5dffd237,2020-07-02,Manchester City,Liverpool,2.05,3.9,3.3,2,0.47352084043447706,0.06837116953876597,0.45810799002675695
ee7944f1,2020-07-04,Chelsea,Watford,1.4,4.75,8.0,2,0.7390667186614742,0.16883722572536022,0.0920960556131656
8bed0062,2020-07-04,Manchester Utd,Bournemouth,1.16,7.5,17.0,2,0.7816245557679077,0.16223193837441025,0.05614350585768216
df13ee5b,2020-07-04,Wolves,Arsenal,2.25,3.4,3.25,0,0.4489614286463744,0.2292651499636168,0.3217734213900087
aa3a3540,2020-07-04,Norwich City,Brighton,3.3,3.4,2.2,0,0.35984460193188855,0.3757005802960337,0.26445481777207774
88e800c1,2020-07-04,Leicester City,Crystal Palace,1.66,3.6,5.75,2,0.5673281076691428,0.21782216327002563,0.2148497290608316
3d549d43,2020-07-05,Newcastle United,West Ham United,2.6,3.3,2.75,1,0.5131428298009088,0.3138424167279419,0.1730147534711494
c2481cad,2020-07-05,Liverpool,Aston Villa,1.33,5.5,8.5,2,0.9407311706284153,0.03964982963818071,0.019618999733404044
260c5c31,2020-07-05,Southampton,Manchester City,8.5,6.0,1.3,2,0.12452394993632061,0.15402447587998888,0.7214515741836904
ba9fd89a,2020-07-06,Tottenham Hotspur,Everton,2.1,3.5,3.4,2,0.5120118575866771,0.22027850656292977,0.26770963585039304
a26b0a22,2020-07-07,Arsenal,Leicester City,2.3,3.5,3.0,1,0.5180518793668752,0.1842521655716878,0.29769595506143703
61407f3d,2020-07-07,Crystal Palace,Chelsea,8.5,4.5,1.4,0,0.23253042314130046,0.23239805581999762,0.5350715210387019
7e51a0cb,2020-07-07,Watford,Norwich City,1.7,3.75,5.0,2,0.4302059740257105,0.421426001279651,0.14836802469463845
426dcb15,2020-07-08,Manchester City,Newcastle United,1.12,9.0,21.0,2,0.7995737118418994,0.11123001665543154,0.08919627150266907
3296482a,2020-07-08,Brighton,Liverpool,6.0,4.33,1.53,0,0.0775557267631557,0.09958369765065615,0.8228605755861881
5c57bea6,2020-07-08,West Ham United,Burnley,2.0,3.4,3.9,0,0.37032650981359805,0.3112233509933475,0.31845013919305437
61422f26,2020-07-09,Aston Villa,Manchester Utd,9.0,5.25,1.33,0,0.11638581655400525,0.23342663386055063,0.6501875495854441
1d9de580,2020-07-09,Bournemouth,Tottenham Hotspur,5.25,3.8,1.66,1,0.19531015742004004,0.3096233940646183,0.49506644851534165
1357ee3b,2020-07-09,Everton,Southampton,2.05,3.5,3.6,1,0.48827031093099843,0.26065590101545494,0.2510737880535467
ae59ff28,2020-07-11,Watford,Newcastle United,1.8,3.6,4.5,2,0.3453263879872996,0.32220394042201145,0.33246967159068896
1f633005,2020-07-11,Norwich City,West Ham United,3.75,3.75,1.95,0,0.2556950912448703,0.47375969478944185,0.27054521396568787
a24d3d6b,2020-07-11,Brighton,Manchester City,10.0,5.5,1.28,0,0.06831940751131473,0.12408971407137188,0.8075908784173133
267d7e78,2020-07-11,Liverpool,Burnley,1.22,6.5,12.0,1,0.9073052615525856,0.054991991601771886,0.03770274684564252
6630c721,2020-07-12,Tottenham Hotspur,Arsenal,2.62,3.4,2.7,2,0.41933078869155177,0.21899128259139422,0.3616779287170541
d2adf574,2020-07-12,Bournemouth,Leicester City,5.25,3.8,1.66,2,0.19490203274586373,0.3378110331980683,0.46728693405606786
476e8583,2020-07-12,Wolves,Everton,2.05,3.3,3.8,2,0.5349642685313631,0.2096788421245072,0.25535688934412965
b30bf2e8,2020-07-12,Aston Villa,Crystal Palace,2.25,3.3,3.3,2,0.32772988528381375,0.3258798408028339,0.3463902739133524
668c9423,2020-07-13,Manchester Utd,Southampton,1.3,5.5,10.0,1,0.6542820268133406,0.214227454756914,0.1314905184297455
88d08b7b,2020-07-14,Chelsea,Norwich City,1.12,9.5,17.0,2,0.8203051659473983,0.13459169496270676,0.045103139089894946
eff6988f,2020-07-15,Manchester City,Bournemouth,1.14,8.5,17.0,2,0.871457515808079,0.09718980059992956,0.03135268359199152
21cbea56,2020-07-15,Newcastle United,Tottenham Hotspur,4.6,3.8,1.75,0,0.3217732304430904,0.2755336227334064,0.40269314682350316
a7c5d31f,2020-07-15,Burnley,Wolves,4.5,3.3,1.9,1,0.4118756664521129,0.2331042912632087,0.35502004228467837
12f95828,2020-07-15,Arsenal,Liverpool,3.8,3.8,1.9,2,0.2006975469220236,0.10213709250588046,0.697165360572096
f855bc55,2020-07-16,Everton,Aston Villa,2.0,3.5,3.75,1,0.5640967898848516,0.2703078910853352,0.16559531902981317
69a16f9d,2020-07-16,Crystal Palace,Manchester Utd,9.5,4.75,1.36,0,0.19023450761141456,0.19868592560382348,0.6110795667847619
793f900e,2020-07-16,Southampton,Brighton,2.15,3.3,3.5,1,0.6003268773455624,0.25743603725674247,0.14223708539769503
249bbdaa,2020-07-17,West Ham United,Watford,2.4,3.0,3.3,2,0.4153944151861934,0.37712071418389087,0.20748487062991566
9594e0b4,2020-07-18,Norwich City,Burnley,3.2,3.4,2.25,0,0.17773647707005594,0.3446077077529605,0.47765581517698347
d4ce66f6,2020-07-19,Tottenham Hotspur,Leicester City,2.25,3.3,3.25,2,0.564951503039585,0.2044096121283489,0.2306388848320661
bbd4160f,2020-07-19,Bournemouth,Southampton,2.4,3.6,2.8,0,0.25471473288837027,0.42202323463804137,0.32326203247358837
9defdd38,2020-07-20,Brighton,Newcastle United,1.9,3.4,4.33,1,0.34580759773528674,0.3352765772294563,0.318915825035257
70598e52,2020-07-20,Wolves,Crystal Palace,1.5,4.0,7.5,2,0.6945384088438439,0.18407553701260612,0.12138605414354989
9979847f,2020-07-21,Watford,Manchester City,8.5,5.5,1.33,0,0.07267699203978446,0.15811650107755126,0.7692065068826641
ca0b21bc,2020-07-21,Aston Villa,Arsenal,3.3,3.6,2.1,2,0.2014061252222739,0.28116782788788675,0.5174260468898393
bf25e016,2020-07-22,Manchester Utd,West Ham United,1.22,6.5,11.0,1,0.5918451282890879,0.2633887501791384,0.14476612153177376
a80ba6fe,2020-07-22,Liverpool,Chelsea,2.0,3.75,3.5,2,0.848928966850482,0.058591146922057594,0.0924798862274603
9cca4ba0,2020-07-26,Chelsea,Wolves,1.85,3.8,4.0,2,0.5803622646498241,0.21483397972316548,0.2048037556270104
a3f59c8e,2020-07-26,West Ham United,Aston Villa,3.0,3.6,2.3,1,0.4178258533416406,0.3372618748817651,0.24491227177659428
5ecaeb4b,2020-07-26,Arsenal,Watford,1.9,3.8,3.8,2,0.6765748737850169,0.22245193349035794,0.10097319272462513
d4360fcd,2020-07-26,Burnley,Brighton,2.37,3.4,3.0,0,0.6001979966147387,0.2684910702801138,0.13131093310514746
b6b1209d,2020-07-26,Newcastle United,Liverpool,7.5,5.25,1.36,0,0.09585527327543072,0.07747621399616003,0.8266685127284094
61616d45,2020-07-26,Crystal Palace,Tottenham Hotspur,6.0,4.2,1.55,1,0.23720372978318388,0.2413204059542854,0.5214758642625308
9099d1e5,2020-07-26,Manchester City,Norwich City,1.08,11.0,26.0,2,0.9246530014557078,0.06335506294323658,0.0119919356010556
2a3b8f05,2020-07-26,Everton,Bournemouth,2.25,3.7,3.0,0,0.6026835968065887,0.2688588464840894,0.12845755670932194
3873cc78,2020-07-26,Leicester City,Manchester Utd,3.25,3.5,2.2,0,0.3916599275082225,0.20745296823532602,0.4008871042564516
78495ced,2020-09-12,West Ham United,Newcastle United,2.15,3.4,3.4,0,0.49121537141592453,0.3001526264105856,0.2086320021734898
db261cb0,2020-09-12,Crystal Palace,Southampton,3.1,3.25,2.37,2,0.3208828596088984,0.2872259829368206,0.39189115745428116
bf52349b,2020-09-12,Fulham,Arsenal,6.0,4.33,1.53,0,0.20349100489622324,0.24775918748387132,0.5487498076199054
21b58926,2020-09-12,Liverpool,Leeds United,1.28,6.0,9.5,2,0.8732781780133555,0.10621588033829645,0.020505941648348062
7dd01ca9,2020-09-13,West Brom,Leicester City,3.8,3.6,1.95,0,0.28663298304706425,0.35220419706446815,0.36116281988846755
fc7f9aa1,2020-09-13,Tottenham Hotspur,Everton,1.83,3.6,4.33,0,0.611217529504329,0.23429198227068068,0.1544904882249903
9d7641eb,2020-09-14,Brighton,Chelsea,5.0,4.33,1.61,0,0.22501028428385383,0.2940534124468827,0.48093630326926345
f4835ec2,2020-09-19,Arsenal,West Ham United,1.53,4.5,5.5,2,0.5920445160193388,0.2623637259627133,0.1455917580179478
97279323,2020-09-19,Manchester Utd,Crystal Palace,1.3,5.5,9.5,0,0.6827888658643253,0.24880392135752114,0.06840721277815359
583c2b60,2020-09-19,Leeds United,Fulham,1.61,3.9,5.75,2,0.5758499426372816,0.2908077278168602,0.1333423295458581
45bd1880,2020-09-19,Everton,West Brom,1.5,4.2,6.5,2,0.6167264511080235,0.2596852780746492,0.12358827081732733
845f6a86,2020-09-20,Newcastle United,Brighton,2.6,3.1,2.87,0,0.48690094976529347,0.2979720267088957,0.2151270235258108
967efd56,2020-09-20,Southampton,Tottenham Hotspur,3.0,3.3,2.37,0,0.38453708110407425,0.2746853433609258,0.34077757553499993
c64e5792,2020-09-20,Chelsea,Liverpool,3.1,3.6,2.2,0,0.33286185094034393,0.12531196367042788,0.5418261853892281
465b25a8,2020-09-20,Leicester City,Burnley,1.61,4.0,5.5,2,0.5238707294119609,0.2518450885577778,0.22428418203026135
1c17eca3,2020-09-21,Wolves,Manchester City,6.5,4.33,1.5,0,0.17662330486990652,0.20013334289020684,0.6232433522398867
ae113c54,2020-09-26,Burnley,Southampton,3.2,3.3,2.3,0,0.49951755525300545,0.2728557145634002,0.2276267301835944
d725a16c,2020-09-26,West Brom,Chelsea,9.0,4.75,1.36,1,0.18942932102651538,0.2933557218407931,0.5172149571326915
21495573,2020-09-26,Brighton,Manchester Utd,4.75,3.75,1.72,0,0.26899382072506695,0.3063755374490101,0.42463064182592297
7387a72e,2020-09-26,Crystal Palace,Everton,3.75,3.25,2.1,0,0.3400779356202754,0.2803317758104759,0.3795902885692487
31c2a061,2020-09-27,Manchester City,Leicester City,1.28,6.0,9.5,0,0.8313205447296683,0.11838847437339681,0.05029098089693482
a223dd70,2020-09-27,West Ham United,Wolves,3.6,3.5,2.05,2,0.33442333373470384,0.25451022394192263,0.41106644232337347
002c4e89,2020-09-27,Tottenham Hotspur,Newcastle United,1.45,4.5,7.0,1,0.6653995086766327,0.2283502127574927,0.10625027856587467
6b258be0,2020-09-28,Fulham,Aston Villa,2.9,3.25,2.5,0,0.2026284515230553,0.3601540454792975,0.43721750299764717
ebe4e309,2020-09-28,Liverpool,Arsenal,1.45,4.75,6.5,2,0.8674980718149404,0.08999256374789771,0.0425093644371618
d97aa1b5,2020-10-03,Chelsea,Crystal Palace,1.4,4.75,8.0,2,0.6652817452519382,0.2292465707595376,0.10547168398852425
3cbb397e,2020-10-03,Everton,Brighton,1.72,3.75,4.8,2,0.5350276388587346,0.2809801852016409,0.18399217593962444
5ce15b58,2020-10-03,Leeds United,Manchester City,7.5,5.25,1.36,1,0.26082973814202526,0.15684848388492473,0.5823217779730501
34ba607f,2020-10-03,Newcastle United,Burnley,2.4,3.2,3.1,2,0.38337353726981377,0.31354906670851196,0.3030773960216742
cded7e69,2020-10-04,Manchester Utd,Tottenham Hotspur,1.85,3.8,4.0,0,0.5328215257671126,0.2850555748425928,0.18212289939029463
8f989671,2020-10-04,Wolves,Fulham,1.5,4.0,7.5,2,0.6586884126015977,0.2712400020086467,0.07007158538975565
14a7771b,2020-10-04,Aston Villa,Liverpool,10.0,5.5,1.3,2,0.09841461416873586,0.10807230102687398,0.7935130848043901
39864083,2020-10-04,Southampton,West Brom,1.72,3.8,4.75,2,0.5698683062471237,0.2634777646517358,0.16665392910114057
a29866ec,2020-10-04,Leicester City,West Ham United,1.61,4.2,5.25,0,0.5391404462391785,0.2794216251881426,0.181437928572679
9bd558f5,2020-10-17,Chelsea,Southampton,1.45,4.75,6.5,1,0.6388014375809666,0.22583534146655923,0.13536322095247413
e95b8546,2020-10-17,Manchester City,Arsenal,1.44,5.0,6.5,2,0.8028092012970747,0.1215337914321267,0.07565700727079866
6da04e2d,2020-10-17,Everton,Liverpool,3.75,4.2,1.83,1,0.3340307273945823,0.14931361106326602,0.5166556615421516
0b8239de,2020-10-17,Newcastle United,Manchester Utd,4.75,4.0,1.66,0,0.3927465791035361,0.22883791731170197,0.37841550358476184
7751d8c1,2020-10-18,Leicester City,Aston Villa,1.83,3.8,4.1,0,0.392198829504567,0.27013999423528,0.33766117626015296
17f0eec9,2020-10-18,Tottenham Hotspur,West Ham United,1.57,4.33,5.5,1,0.5749341550722792,0.2586586506373517,0.16640719429036913
e96818bc,2020-10-18,Crystal Palace,Brighton,2.62,3.3,2.7,1,0.4000207642215853,0.3289962413005189,0.27098299447789576
13f3ae88,2020-10-19,West Brom,Burnley,2.45,3.3,2.9,1,0.27142668181762514,0.3621321222896744,0.3664411958927005
6a2c4518,2020-10-19,Leeds United,Wolves,2.5,3.3,2.87,0,0.5299084416985069,0.2344830291106595,0.23560852919083353
873ab775,2020-10-23,Aston Villa,Leeds United,2.05,3.75,3.3,0,0.47404802068731516,0.28438053464655516,0.2415714446661295
3aaf7c62,2020-10-24,Manchester Utd,Chelsea,2.37,3.6,2.8,1,0.49854528357467154,0.27462513567923097,0.2268295807460975
8d896969,2020-10-24,Fulham,Crystal Palace,2.75,3.1,2.7,0,0.2586504144648738,0.299259877390483,0.4420897081446433
2b0c0eca,2020-10-24,West Ham United,Manchester City,8.0,5.25,1.36,1,0.22231024824487292,0.1785908824135238,0.5990988693416032
bcd3a9b4,2020-10-25,Arsenal,Leicester City,1.9,3.75,3.8,0,0.5579701323849822,0.234464285977051,0.2075655816379669
6439c025,2020-10-25,Southampton,Everton,2.75,3.4,2.55,2,0.37111027220730936,0.2535035974973552,0.37538613029533546
76661e3c,2020-10-25,Wolves,Newcastle United,1.75,3.5,5.25,1,0.5765643544059701,0.2825488517418432,0.1408867938521867
26452511,2020-10-26,Brighton,West Brom,1.7,4.0,4.75,1,0.4248967249762617,0.4189160855598999,0.15618718946383828
4931660e,2020-10-26,Burnley,Tottenham Hotspur,5.75,4.0,1.6,0,0.260125563968672,0.20612286667905888,0.5337515693522692
e1741638,2020-10-30,Wolves,Crystal Palace,2.0,3.2,4.33,2,0.5240620777573145,0.30897211800150953,0.16696580424117605
56ad8025,2020-10-31,Liverpool,West Ham United,1.36,5.25,7.5,2,0.8782963159363587,0.09317716270595161,0.02852652135768976
0f158c5c,2020-10-31,Burnley,Chelsea,6.0,4.5,1.5,0,0.31479612932288076,0.24399777302058565,0.44120609765653357
448a43ee,2020-11-01,Newcastle United,Everton,3.7,3.4,2.05,2,0.3306616023172126,0.263072856378195,0.4062655413045924
235264ac,2020-11-01,Aston Villa,Southampton,2.45,3.5,2.8,0,0.372468330412207,0.26697025709217076,0.3605614124956223
1d01ff0c,2020-11-01,Tottenham Hotspur,Brighton,1.61,4.0,5.5,2,0.6448758463613862,0.24314834365516225,0.11197580998345157
75dd1359,2020-11-01,Manchester Utd,Arsenal,2.0,3.6,3.6,0,0.6114131968253707,0.2579594958548665,0.1306273073197629
f2b91282,2020-11-02,Fulham,West Brom,2.4,3.3,3.0,2,0.3237755337499588,0.3361473064283956,0.34007715982164566
55d775ec,2020-11-02,Leeds United,Leicester City,2.5,3.6,2.62,0,0.4912893686369368,0.23580815580309186,0.2729024755599713
c23d7844,2020-11-06,Brighton,Burnley,1.85,3.5,4.33,1,0.40639540816121716,0.3932839498666344,0.20032064197214844
4117b695,2020-11-06,Southampton,Newcastle United,2.0,3.6,3.7,2,0.5318262255943904,0.26151314100051243,0.20666063340509708
ab9f408d,2020-11-07,Everton,Manchester Utd,2.9,3.5,2.37,0,0.4427833897972037,0.2329474071556402,0.32426920304715606
527aee54,2020-11-07,Crystal Palace,Leeds United,2.87,3.4,2.45,2,0.38510128162609597,0.2858518847698659,0.329046833604038
f075fddc,2020-11-07,West Ham United,Fulham,1.83,3.75,4.2,2,0.5346039098688578,0.3309381866641611,0.13445790346698105
26382194,2020-11-08,Manchester City,Liverpool,1.95,4.2,3.4,1,0.6795230041254118,0.11308493387243497,0.20739206200215332
90c0e34c,2020-11-08,West Brom,Tottenham Hotspur,7.0,4.33,1.45,0,0.13569240004064048,0.26655270824621063,0.5977548917131489
8407be08,2020-11-08,Leicester City,Wolves,2.3,3.2,3.25,2,0.505031251098355,0.2507605152646963,0.2442082336369488
90fd3597,2020-11-08,Arsenal,Aston Villa,1.65,4.1,5.0,0,0.5582064959356994,0.24585390741909866,0.19593959664520194
8a038069,2020-11-21,Tottenham Hotspur,Manchester City,4.0,4.0,1.8,2,0.5311670234083876,0.18768899005715312,0.28114398653445927
50004f43,2020-11-21,Manchester Utd,West Brom,1.3,5.5,9.5,2,0.6996070890135438,0.25743416164073524,0.042958749345720984
dbcba6c6,2020-11-21,Newcastle United,Chelsea,6.5,4.75,1.45,0,0.19292620380904005,0.20708428114153288,0.5999895150494271
dea0df40,2020-11-21,Aston Villa,Brighton,2.15,3.6,3.2,0,0.524189412657575,0.31448377039830205,0.1613268169441229
0dd6b39b,2020-11-22,Leeds United,Arsenal,3.0,3.75,2.2,1,0.4843088997313163,0.24608620924890026,0.2696048910197836
13524225,2020-11-22,Fulham,Everton,3.9,3.9,1.85,0,0.2128731477512008,0.27086663261715566,0.5162602196316436
cc230451,2020-11-22,Liverpool,Leicester City,1.85,4.0,3.8,2,0.8619721005313812,0.0980906737770312,0.03993722569158767
e5bfd125,2020-11-23,Wolves,Southampton,2.3,3.25,3.25,1,0.4180993841284969,0.2911222901746325,0.2907783256968706
1dde1d03,2020-11-23,Burnley,Crystal Palace,2.75,3.1,2.75,2,0.35060383093860004,0.3046255313976713,0.3447706376637287
0d5962be,2020-11-27,Crystal Palace,Newcastle United,2.05,3.25,3.75,0,0.4903099016538737,0.2733453669700882,0.236344731376038
31baf354,2020-11-28,Brighton,Liverpool,5.5,4.2,1.57,1,0.11298216315595495,0.17421655773203995,0.712801279112005
2069ffbc,2020-11-28,Manchester City,Burnley,1.16,7.5,16.0,2,0.8496658536146965,0.11513615585354842,0.03519799053175493
3eeb39c5,2020-11-28,Everton,Leeds United,1.95,3.8,3.6,0,0.5466234981676872,0.2748720325269733,0.17850446930533947
e0a84e7e,2020-11-29,Southampton,Manchester Utd,4.0,3.5,1.95,0,0.38268063470439884,0.25308759677185605,0.36423176852374506
58306243,2020-11-29,Chelsea,Tottenham Hotspur,2.05,3.5,3.6,1,0.5994074183130419,0.19986177098903107,0.20073081069792703
fa17687c,2020-11-29,Arsenal,Wolves,2.05,3.4,3.75,0,0.49656848356663474,0.24626479718763625,0.257166719245729
2f67603c,2020-11-30,West Ham United,Aston Villa,2.25,3.6,3.0,2,0.4457054471360436,0.2966721133756203,0.2576224394883361
ae493b10,2020-11-30,Leicester City,Fulham,1.5,4.33,6.5,0,0.6596969812158312,0.25600272504710775,0.08430029373706094
419abbc0,2020-12-05,Chelsea,Leeds United,1.5,4.5,6.0,2,0.6898237654048106,0.2027505729980843,0.10742566159710502
c2206b97,2020-12-05,West Ham United,Manchester Utd,3.6,3.6,2.0,0,0.30939002741803273,0.23459736296691178,0.4560126096150556
399c7e1c,2020-12-05,Burnley,Everton,4.0,3.5,1.9,1,0.44063401161543575,0.2831521671560904,0.276213821228474
887dfef6,2020-12-05,Manchester City,Fulham,1.1,11.0,19.0,2,0.8556645364193185,0.12255056805538973,0.02178489552529188
25249736,2020-12-06,Liverpool,Wolves,1.5,4.33,6.5,2,0.8463283654288697,0.10867551748132302,0.04499611708980722
ac9d70e3,2020-12-06,West Brom,Crystal Palace,2.87,3.2,2.55,0,0.2709223416938967,0.37673024232731966,0.3523474159787835
35abfa2f,2020-12-06,Tottenham Hotspur,Arsenal,1.95,3.6,3.8,2,0.6786970646989716,0.1936062849509732,0.12769665035005515
32356abc,2020-12-07,Brighton,Southampton,2.45,3.4,2.9,0,0.28474522595150115,0.31987458010783837,0.39538019394066054
2d36ffad,2020-12-11,Leeds United,West Ham United,2.15,3.7,3.1,0,0.5028228869585244,0.25832558912876635,0.2388515239127093
85cc70bb,2020-12-12,Manchester Utd,Manchester City,4.33,4.2,1.72,1,0.4331766397595511,0.2519203976123947,0.31490296262805423
4847e3c3,2020-12-12,Everton,Chelsea,4.33,4.2,1.7,2,0.2891853469123558,0.20688740652540794,0.5039272465622363
4a2a6f14,2020-12-12,Newcastle United,West Brom,2.45,3.2,3.0,2,0.5495668497376391,0.3191440470959907,0.13128910316637016
f809a014,2020-12-12,Wolves,Aston Villa,2.25,3.25,3.25,0,0.5449922516039046,0.3212378864582837,0.1337698619378116
9b0e267e,2020-12-13,Crystal Palace,Tottenham Hotspur,4.5,3.9,1.72,1,0.2793732735606755,0.23234019498102126,0.4882865314583033
5abb0bd1,2020-12-13,Fulham,Liverpool,9.0,5.5,1.3,1,0.048921097060662,0.09642141775964293,0.8546574851796951
e4dc55d0,2020-12-13,Arsenal,Burnley,1.53,4.2,6.25,0,0.6373746699760308,0.22520405438494498,0.13742127563902426
964e6470,2020-12-13,Leicester City,Brighton,2.0,3.5,3.8,2,0.5852489526923771,0.27800672518833675,0.1367443221192861
40b42ca1,2020-12-15,Manchester City,West Brom,1.09,11.0,21.0,1,0.8822005570872773,0.10002062453357106,0.017778818379151698
20bd0665,2020-12-15,Wolves,Chelsea,5.25,3.8,1.66,2,0.36931963625214936,0.2911202741986517,0.339560089549199
eb73d532,2020-12-16,Fulham,Brighton,2.87,3.3,2.5,1,0.3064020275731848,0.3494199077189548,0.34417806470786044
b30c816c,2020-12-16,Leicester City,Everton,2.15,3.6,3.25,0,0.5775932011314996,0.2420826003495787,0.18032419851892167
966f86fe,2020-12-16,Liverpool,Tottenham Hotspur,1.75,3.8,4.5,2,0.8349491720187294,0.10825442136693328,0.05679640661433718
0ceceee4,2020-12-16,Arsenal,Southampton,2.25,3.5,3.1,1,0.3699442731894287,0.2438637657543078,0.38619196105626347
b52c441b,2020-12-16,Leeds United,Newcastle United,1.75,4.0,4.33,2,0.43001480312646634,0.2793586812734621,0.29062651560007147
98bf02e0,2020-12-16,West Ham United,Crystal Palace,2.05,3.4,3.6,1,0.46042141808433595,0.2726254128814827,0.2669531690341814
5d89f60c,2020-12-17,Aston Villa,Burnley,1.75,3.8,4.5,1,0.5183172924921888,0.27495798628813767,0.20672472121967359
d05715a8,2020-12-19,Crystal Palace,Liverpool,6.5,4.33,1.5,0,0.15583851498594464,0.1322866289282352,0.7118748560858202
8d4a02ae,2020-12-19,Southampton,Manchester City,7.0,4.5,1.44,0,0.3805994068918186,0.20600588471336448,0.4133947083948169
3ae84056,2020-12-19,Newcastle United,Fulham,2.5,3.25,2.9,1,0.5018575154097438,0.34614436140977717,0.15199812318047903
72fa1993,2020-12-19,Everton,Arsenal,2.45,3.5,2.8,2,0.5493490672916749,0.2624459758076661,0.18820495690065897
4bbe55ff,2020-12-20,West Brom,Aston Villa,3.6,3.8,1.95,0,0.20646063280876523,0.3977790916191269,0.3957602755721079
b7ab53b3,2020-12-20,Manchester Utd,Leeds United,1.66,4.33,4.5,2,0.6419283938880306,0.2581005809080082,0.09997102520396119
56ffe356,2020-12-20,Tottenham Hotspur,Leicester City,2.05,3.5,3.6,0,0.6655352501039489,0.19906957747465384,0.13539517242139723
4e106790,2020-12-21,Burnley,Wolves,3.5,3.25,2.2,2,0.36922446570201983,0.2670950886986771,0.363680445599303
9a718e42,2020-12-21,Chelsea,West Ham United,1.44,5.0,6.25,2,0.6570402267854586,0.2098886743509084,0.13307109886363297
cf86c208,2020-12-26,Fulham,Southampton,3.2,3.3,2.3,1,0.20001063634021699,0.29183196015994795,0.5081574034998352
537b6ef8,2020-12-26,Aston Villa,Crystal Palace,1.9,3.75,3.8,2,0.5902976668346944,0.23357062322048536,0.1761317099448202
33c8b5c8,2020-12-26,Leicester City,Manchester Utd,2.9,3.6,2.3,1,0.3616959953087497,0.18593120457723813,0.4523728001140123
c5de8a0c,2020-12-26,Arsenal,Chelsea,4.0,3.6,1.9,2,0.35745199211237105,0.23255022170551004,0.4099977861821189
c1c40b30,2020-12-26,Manchester City,Newcastle United,1.11,10.0,19.0,2,0.8524092357598678,0.11180087562084888,0.035789888619283394
d54f6293,2020-12-27,Leeds United,Burnley,1.72,4.0,4.33,2,0.5680046572673334,0.24127946458714175,0.19071587814552476
7ba8c6e9,2020-12-27,West Ham United,Brighton,2.3,3.4,3.1,1,0.511459151238968,0.3068454790113688,0.18169536974966313
daa09f69,2020-12-27,Liverpool,West Brom,1.11,10.0,19.0,1,0.9319656683927101,0.0607977890764679,0.007236542530821868
f50faef3,2020-12-27,Wolves,Tottenham Hotspur,3.6,3.25,2.15,1,0.5127424941862893,0.2743047431152385,0.2129527626984722
77437741,2020-12-28,Crystal Palace,Leicester City,3.75,3.5,2.0,1,0.3112689396174318,0.26619925263186367,0.4225318077507045
ac7d1071,2020-12-28,Chelsea,Aston Villa,1.61,4.2,5.0,1,0.5977630421855167,0.2516782569650237,0.1505587008494596
7577b54b,2020-12-29,Southampton,West Ham United,2.1,3.6,3.4,1,0.5445497027394288,0.26751406101814545,0.18793623624242578
fdca0bef,2020-12-29,Brighton,Arsenal,3.25,3.5,2.2,0,0.26707160702208294,0.33694075984158284,0.3959876331363342
a8d659e4,2020-12-29,Manchester Utd,Wolves,1.53,4.2,6.25,2,0.6840212001128353,0.23687075838543023,0.07910804150173449
21f2b720,2020-12-29,West Brom,Leeds United,3.6,3.6,2.0,0,0.2326501546511443,0.3302695658826162,0.4370802794662394
385cda3f,2020-12-30,Newcastle United,Liverpool,12.0,6.0,1.25,1,0.11130691574013887,0.12655723476780162,0.7621358494920595
0ae3a66d,2021-01-01,Manchester Utd,Aston Villa,1.72,4.2,4.2,2,0.6332616183652887,0.2743052166763135,0.09243316495839773
0cd189c5,2021-01-01,Everton,West Ham United,2.1,3.5,3.5,0,0.5762210672715965,0.2520374485403281,0.17174148418807542
a56531b0,2021-01-02,West Brom,Arsenal,5.75,4.0,1.57,0,0.16265679718765,0.3206562464517285,0.5166869563606213
93463aad,2021-01-02,Tottenham Hotspur,Leeds United,1.75,4.1,4.2,2,0.554495648111722,0.23538353735700043,0.21012081453127762
abeb80b7,2021-01-02,Brighton,Wolves,2.62,3.25,2.75,1,0.27819477651677127,0.33040734952307244,0.39139787396015624
85507602,2021-01-03,Chelsea,Manchester City,3.0,3.7,2.2,0,0.43149673010295786,0.19316337304029907,0.3753398968567432
4c205b24,2021-01-03,Newcastle United,Leicester City,5.25,4.2,1.61,0,0.31200549208776035,0.2741329157798467,0.41386159213239293
d0482032,2021-01-04,Southampton,Liverpool,5.0,4.33,1.61,2,0.2472280106225372,0.17151804760369985,0.5812539417737629
2c8aa556,2021-01-12,Burnley,Manchester Utd,7.0,4.5,1.45,0,0.24733152534293992,0.21008310196976845,0.5425853726872917
8cbb9119,2021-01-12,Wolves,Everton,2.45,3.1,3.1,0,0.47390009579971837,0.3143906456997016,0.21170925850057995
9926f1f0,2021-01-13,Manchester City,Brighton,1.14,8.5,16.0,2,0.838850830276925,0.12707762877317594,0.03407154094989921
fcad17a1,2021-01-13,Tottenham Hotspur,Fulham,1.36,5.0,8.5,1,0.7252771053790166,0.2182152507011148,0.05650764391986862
0476b43a,2021-01-14,Arsenal,Crystal Palace,1.53,4.0,6.5,1,0.6233775430246903,0.23443077285112757,0.14219168412418212
714c642d,2021-01-16,Fulham,Chelsea,6.5,4.33,1.5,0,0.22425267836568183,0.24729136320433867,0.5284559584299795
1b06e352,2021-01-16,West Ham United,Burnley,1.8,3.5,4.75,2,0.515646236103681,0.28267133086963003,0.20168243302668895
85d4ec49,2021-01-16,Leicester City,Southampton,1.8,3.75,4.5,2,0.5696334365085522,0.23540388359340816,0.19496267989803956
93420516,2021-01-16,Wolves,West Brom,1.6,3.5,7.0,0,0.6728779624315876,0.2617080193358584,0.06541401823255397
ade7aac2,2021-01-16,Leeds United,Brighton,2.1,3.5,3.4,0,0.5665896147419569,0.280619110170789,0.152791275087254
7e1384ef,2021-01-17,Liverpool,Manchester Utd,1.95,3.8,3.6,1,0.7448635219256102,0.13146967690422431,0.1236668011701654
15d2f67c,2021-01-17,Manchester City,Crystal Palace,1.14,8.5,17.0,2,0.8704027580981217,0.10113694018676175,0.02846030171511643
620df215,2021-01-18,Arsenal,Newcastle United,1.4,4.5,8.0,2,0.6383962844355042,0.240406561501045,0.12119715406345083
42daddbb,2021-01-19,West Ham United,West Brom,1.57,4.2,5.5,2,0.6515130717989226,0.23883213541404108,0.1096547927870363
8467b110,2021-01-19,Leicester City,Chelsea,2.87,3.4,2.45,2,0.5573946246891376,0.221571194780816,0.22103418053004636
2a3855db,2021-01-20,Fulham,Manchester Utd,6.0,4.33,1.53,0,0.13730731489532313,0.19867761553438534,0.6640150695702915
c9710420,2021-01-20,Manchester City,Aston Villa,1.22,6.5,12.0,2,0.8333664257210049,0.12934589812677244,0.03728767615222264
787d11cc,2021-01-21,Liverpool,Burnley,1.18,7.5,15.0,0,0.8790083132388741,0.09767064191617751,0.023321044844948492
b2143993,2021-01-23,Aston Villa,Newcastle United,1.45,4.75,6.5,2,0.5946213482101681,0.2506309617786042,0.15474769001122773
aab6365d,2021-01-26,Crystal Palace,West Ham United,3.1,3.25,2.37,0,0.31596617161582624,0.3072152245526295,0.3768186038315443
831d8a36,2021-01-26,Newcastle United,Leeds United,3.9,3.8,1.85,0,0.3789203548378634,0.29922523000389634,0.3218544151582402
ac54f8a6,2021-01-26,Southampton,Arsenal,3.5,3.6,2.05,0,0.33681854631531083,0.27192014830117855,0.39126130538351056
83f7b656,2021-01-26,West Brom,Manchester City,15.0,7.5,1.18,0,0.06026221226330693,0.16527820277115507,0.774459584965538
f45d57b7,2021-01-27,Burnley,Aston Villa,3.8,3.5,1.95,2,0.3990315857507059,0.29075453709347027,0.3102138771558238
3e4ff1e0,2021-01-27,Everton,Leicester City,2.8,3.3,2.55,1,0.41739008459701,0.2497590591236107,0.3328508562793793
42eeae0e,2021-01-27,Chelsea,Wolves,1.6,4.2,5.25,1,0.6091207789447926,0.20805860694372258,0.18282061411148479
ea5464bd,2021-01-27,Brighton,Fulham,2.05,3.4,3.75,1,0.3977802867863577,0.43156790143024887,0.1706518117833935
17bac3d1,2021-01-28,Tottenham Hotspur,Liverpool,3.2,3.6,2.2,0,0.574309410272145,0.17947049049831962,0.24622009922953536
88053fb0,2021-01-30,Everton,Newcastle United,1.55,4.0,6.5,0,0.6442574000564699,0.24342699125810938,0.11231560868542079
111bd050,2021-01-30,Crystal Palace,Wolves,2.87,3.2,2.55,2,0.3710932195792562,0.29468665319369086,0.3342201272270531
d1517c30,2021-01-30,West Brom,Fulham,3.3,3.2,2.3,1,0.29833326526317433,0.44848528786805736,0.2531814468687682
0fcaaa5f,2021-01-30,Arsenal,Manchester Utd,2.8,3.5,2.45,1,0.49079106955342794,0.21580579935923652,0.29340313108733557
10d13e5b,2021-01-30,Southampton,Aston Villa,2.8,3.6,2.37,0,0.5100843094911425,0.2760574762910448,0.21385821421781273
3372f3f3,2021-01-31,Chelsea,Burnley,1.33,5.0,9.5,2,0.6186436309228123,0.2224170275500519,0.15893934152713585
e5e46ead,2021-01-31,Leicester City,Leeds United,1.8,4.0,4.2,0,0.6483780787840251,0.21338740800964584,0.13823451320632904
3de3a736,2021-01-31,West Ham United,Liverpool,4.33,4.0,1.75,0,0.364817209744015,0.18116887786912841,0.45401391238685657
4663c253,2021-01-31,Brighton,Tottenham Hotspur,3.2,3.4,2.25,2,0.24286807505438407,0.2750465070714536,0.4820854178741623
558fa672,2021-02-02,Wolves,Arsenal,3.6,3.3,2.1,2,0.3076504589772149,0.3286306310773191,0.3637189099454661
ca8297c0,2021-02-02,Newcastle United,Crystal Palace,2.8,3.2,2.6,0,0.3935199786983118,0.29597585463241677,0.3105041666692715
37a9f2fd,2021-02-02,Manchester Utd,Southampton,1.4,4.75,7.0,2,0.7024262369299309,0.22165339745855217,0.07592036561151688
a05d7ae7,2021-02-03,Burnley,Manchester City,13.0,7.0,1.2,0,0.14925489786196186,0.17218720904173165,0.6785578930963064
bd0673ed,2021-02-03,Fulham,Leicester City,4.0,3.5,1.9,0,0.19347950828875252,0.24643876194428066,0.5600817297669668
d9b96ee1,2021-02-03,Leeds United,Everton,2.5,3.5,2.7,0,0.5011502437019645,0.26305700647843216,0.2357927498196034
8f9d1856,2021-02-03,Aston Villa,West Ham United,2.2,3.4,3.25,0,0.4257577661635703,0.2686305848340046,0.3056116490024251
314c860f,2021-02-03,Liverpool,Brighton,1.33,5.25,9.0,0,0.8495584650690466,0.11922860926101499,0.031212925669938323
7d98a679,2021-02-04,Tottenham Hotspur,Chelsea,3.5,3.4,2.1,0,0.5426845822891135,0.2320199605665791,0.22529545714430727
4400251e,2021-02-06,Burnley,Brighton,3.6,3.1,2.2,1,0.39990818008897155,0.3570147410228267,0.2430770788882017
d18e21ab,2021-02-06,Fulham,West Ham United,3.6,3.5,2.05,1,0.16244648528522435,0.25754295061219523,0.5800105641025806
224bcfc4,2021-02-06,Aston Villa,Arsenal,2.62,3.5,2.6,2,0.39280300032539983,0.2691236868789675,0.3380733127956327
5313627a,2021-02-06,Newcastle United,Southampton,3.0,3.3,2.4,2,0.4814631469442883,0.2550983828318031,0.26343847022390865
6504b158,2021-02-06,Manchester Utd,Everton,1.53,4.2,6.0,1,0.7071604262906015,0.22647893452276505,0.06636063918663337
4a652b81,2021-02-07,Tottenham Hotspur,West Brom,1.45,4.5,7.0,2,0.6909645189553234,0.2263701420861153,0.08266533895856124
dca0be20,2021-02-07,Wolves,Leicester City,3.5,3.4,2.1,1,0.3506185871109048,0.31257107971158593,0.33681033317750925
e044d71d,2021-02-07,Liverpool,Manchester City,3.4,3.6,2.05,0,0.5806110931238694,0.1502697689546151,0.26911913792151554
ff2cee2b,2021-02-08,Leeds United,Crystal Palace,1.8,3.8,4.2,2,0.49475982595217377,0.26323637917047454,0.24200379487735169
34a4b546,2021-02-13,Crystal Palace,Burnley,2.37,3.1,3.2,0,0.44512392701866155,0.2892805006390484,0.2655955723422901
5d0cd646,2021-02-13,Manchester City,Tottenham Hotspur,1.28,5.75,9.5,2,0.8305899679326513,0.11560846320760465,0.053801568859744124
c7922348,2021-02-13,Brighton,Aston Villa,2.7,3.5,2.5,1,0.3571051771929516,0.35303883602623537,0.28985598678081304
666f6961,2021-02-13,Leicester City,Liverpool,3.5,3.4,2.1,2,0.4941256874153718,0.17526237971865802,0.3306119328659702
80124feb,2021-02-14,West Brom,Manchester Utd,10.0,5.5,1.3,1,0.05768144071057576,0.16136082537608487,0.7809577339133393
85624e5e,2021-02-14,Arsenal,Leeds United,1.83,3.8,4.0,2,0.5161050261135179,0.27371030861998713,0.21018466526649499
34682a95,2021-02-14,Southampton,Wolves,2.37,3.2,3.1,0,0.4360694042449542,0.2817360215363816,0.2821945742186642
46f84386,2021-02-14,Everton,Fulham,1.85,3.6,4.2,0,0.6105136849254781,0.28777030475590615,0.10171601031861567
dd033287,2021-02-15,Chelsea,Newcastle United,1.22,6.5,12.0,2,0.6744240973324575,0.21457129909789358,0.11100460356964904
6285d050,2021-02-17,Burnley,Fulham,2.75,3.2,2.7,1,0.5018629471447691,0.34931422817858626,0.14882282467664462
78270b8a,2021-02-17,Everton,Manchester City,8.5,5.5,1.33,0,0.14730585073434913,0.1435890014436597,0.7091051478219913
ae2d6f15,2021-02-19,Wolves,Leeds United,2.37,3.3,3.0,2,0.45165484207563794,0.31405857143617366,0.23428658648818831
e4ac45fb,2021-02-20,Liverpool,Everton,1.44,4.5,7.0,0,0.8347473688097751,0.11600780675245881,0.04924482443776608
9e4c8c99,2021-02-20,Southampton,Chelsea,5.0,3.8,1.7,1,0.2954293205099079,0.2653664641075466,0.43920421538254556
072e8501,2021-02-20,Burnley,West Brom,2.0,3.3,4.0,1,0.6148496946757278,0.27780187544142415,0.107348429882848
2dedf408,2021-02-21,Arsenal,Manchester City,6.5,4.33,1.5,0,0.24555655713608243,0.15129806161297446,0.6031453812509431
59222b5f,2021-02-21,West Ham United,Tottenham Hotspur,2.62,3.4,2.7,2,0.5793381006743737,0.2341754612005995,0.1864864381250267
2c6f8c0e,2021-02-21,Aston Villa,Leicester City,2.87,3.5,2.4,0,0.3381570152630383,0.2685163744214349,0.39332661031552685
401e0d48,2021-02-21,Manchester Utd,Newcastle United,1.28,5.5,10.0,2,0.7139884952485859,0.23206280458495399,0.05394870016646024
86f378b6,2021-02-22,Brighton,Crystal Palace,1.7,3.5,5.5,0,0.44352384382154814,0.3279457399513794,0.2285304162270724
6a198933,2021-02-23,Leeds United,Southampton,2.25,3.5,3.1,2,0.5196078534804898,0.25462450147452104,0.22576764504498917
70056c3b,2021-02-27,Leeds United,Aston Villa,2.15,3.6,3.2,0,0.529980251939301,0.27049701325444186,0.19952273480625715
99e5e3dc,2021-02-27,Newcastle United,Wolves,3.5,3.2,2.2,1,0.32324624070014735,0.2918979736034075,0.38485578569644513
ff18265a,2021-02-27,West Brom,Brighton,4.2,3.3,1.95,2,0.2056487518876379,0.4119758890151362,0.38237535909722586
6faa8392,2021-02-27,Manchester City,West Ham United,1.22,6.5,12.0,2,0.8442144412705223,0.10886242131491664,0.04692313741456117
2d530fe3,2021-02-28,Crystal Palace,Fulham,3.5,3.2,2.2,1,0.3939826337439087,0.3528061422018592,0.2532112240542322
88b309f1,2021-02-28,Leicester City,Arsenal,2.5,3.4,2.8,0,0.6565667484166609,0.20151306930039634,0.1419201822829429
d28c364e,2021-02-28,Tottenham Hotspur,Burnley,1.53,4.0,6.5,2,0.5968807725159904,0.23886614204170487,0.16425308544230477
9ba4df6a,2021-02-28,Chelsea,Manchester Utd,2.15,3.4,3.4,1,0.49025756521755437,0.19973127019588666,0.31001116458655903
a81e1c82,2021-03-01,Everton,Southampton,2.15,3.5,3.3,2,0.6538087421755306,0.21796293743945594,0.12822832038501342
7145e0a8,2021-03-02,Manchester City,Wolves,1.18,7.0,15.0,2,0.8693743688178446,0.09909250586282405,0.0315331253193314
aecb46ac,2021-03-03,Crystal Palace,Manchester Utd,8.0,4.75,1.4,1,0.1645934823597571,0.1787471545574782,0.6566593630827647
5e1c69aa,2021-03-03,Burnley,Leicester City,4.0,3.25,2.0,1,0.32895488773611326,0.2510138239037849,0.4200312883601019
44b3d20c,2021-03-04,Fulham,Tottenham Hotspur,4.0,3.6,1.9,0,0.21113857153273335,0.2390202237224023,0.5498412047448643
ee055741,2021-03-04,West Brom,Everton,4.33,3.6,1.83,0,0.17046377557972675,0.3040961429218955,0.5254400814983778
86920e88,2021-03-04,Liverpool,Chelsea,2.25,3.6,3.0,0,0.7300739971734803,0.15901542511034034,0.1109105777161793
db9a5ac8,2021-03-06,Burnley,Arsenal,5.5,4.0,1.61,1,0.360794979081943,0.2652803797302071,0.3739246411878499
e52c1e46,2021-03-06,Aston Villa,Wolves,2.37,3.25,3.1,1,0.4823875760571773,0.24801660662850897,0.26959581731431376
6fc64077,2021-03-06,Brighton,Leicester City,2.55,3.25,2.8,0,0.2733528516000837,0.2986896858754858,0.42795746252443057
5826a836,2021-03-07,Liverpool,Fulham,1.36,5.0,8.5,0,0.7692801046175519,0.18294100395019028,0.04777889143225779
330fc75f,2021-03-07,Tottenham Hotspur,Crystal Palace,1.45,4.5,7.0,2,0.6847420927237023,0.21651764076239394,0.09874026651390365
28ebbc70,2021-03-07,Manchester City,Manchester Utd,1.45,4.5,7.0,0,0.8623130632348777,0.09099575268839276,0.046691184076729675
a096c32f,2021-03-07,West Brom,Newcastle United,2.37,3.2,3.1,1,0.251718241992407,0.38525526629561546,0.36302649171197754
c3b4d1ba,2021-03-08,West Ham United,Leeds United,2.05,3.6,3.5,2,0.5458335341717996,0.27189909053589423,0.18226737529230624
7e4a240e,2021-03-08,Chelsea,Everton,1.53,4.0,6.5,2,0.6551199342543174,0.20079723486501397,0.14408283088066873
ba04db4f,2021-03-10,Manchester City,Southampton,1.18,7.5,15.0,2,0.8839901097320615,0.0913401663472375,0.024669723920700947
5ac8e391,2021-03-12,Newcastle United,Aston Villa,3.8,3.3,2.05,1,0.38603118734197067,0.3232851593404633,0.2906836533175659
91cce376,2021-03-13,Everton,Burnley,1.83,3.5,4.5,0,0.5725184849610511,0.2585710650833901,0.1689104499555589
279b0eb5,2021-03-13,Fulham,Manchester City,10.0,5.0,1.33,0,0.09186237977221962,0.11474288459188625,0.7933947356358941
a711769f,2021-03-13,Leeds United,Chelsea,4.75,4.0,1.7,1,0.2684665188520363,0.23613262033884583,0.4954008608091179
29954372,2021-03-13,Crystal Palace,West Brom,2.15,3.2,3.6,2,0.4398281577973345,0.36720629993360726,0.1929655422690582
b40eb9c6,2021-03-14,Southampton,Brighton,2.9,3.1,2.5,0,0.4699240473511042,0.3287848821883172,0.20129107046057848
127b8258,2021-03-14,Arsenal,Tottenham Hotspur,2.55,3.4,2.75,2,0.4238814616981965,0.23672687684482907,0.3393916614569744
05c95367,2021-03-14,Manchester Utd,West Ham United,1.83,3.6,4.33,2,0.6147964932788563,0.2550038112286012,0.13019969549254243
ad3063c2,2021-03-15,Wolves,Liverpool,4.75,3.75,1.72,0,0.42457836976424046,0.25987139605901444,0.3155502341767452
05e3dd18,2021-03-19,Fulham,Leeds United,2.37,3.4,3.0,0,0.35706925770337894,0.32960932824089983,0.31332141405572117
1daf63a9,2021-03-20,Brighton,Newcastle United,1.66,3.5,6.0,2,0.4092580173898293,0.3824429495432802,0.20829903306689057
c592a3d7,2021-03-21,West Ham United,Arsenal,2.8,3.5,2.45,1,0.44276325590304416,0.2525975473358809,0.30463919676107487
faf3633c,2021-03-21,Aston Villa,Tottenham Hotspur,2.9,3.3,2.45,0,0.32939355839947504,0.25330822114480694,0.4172982204557181
c5d6a493,2021-04-03,Chelsea,West Brom,1.22,6.0,15.0,0,0.7708685493887539,0.18456824421663687,0.04456320639460922
d798017f,2021-04-03,Leicester City,Manchester City,6.0,4.2,1.53,0,0.3378335926124871,0.1665160522737888,0.49565035511372413
562d1981,2021-04-03,Arsenal,Liverpool,3.1,3.7,2.15,0,0.5401995784055782,0.1993170284855798,0.26048339310884205
2c313b76,2021-04-04,Southampton,Burnley,2.05,3.3,3.8,2,0.38880072251507114,0.2886807334846542,0.32251854400027463
7a399858,2021-04-04,Newcastle United,Tottenham Hotspur,5.5,4.0,1.6,1,0.17008157021349884,0.23900236041088588,0.5909160693756152
a2d96ab5,2021-04-04,Aston Villa,Fulham,2.25,3.3,3.3,2,0.5025403007339261,0.3197498596446076,0.17770983962146628
de17a70e,2021-04-04,Manchester Utd,Brighton,1.61,4.0,5.5,2,0.665680767704118,0.25276480340815927,0.08155442888772271
4c2f6a7b,2021-04-05,Wolves,West Ham United,2.87,3.2,2.55,0,0.3929979224529596,0.30255717487253037,0.30444490267450997
66f16cd5,2021-04-05,Everton,Crystal Palace,1.75,3.5,5.0,1,0.5649941902587625,0.2584366401406382,0.17656916960059935
be1ee647,2021-04-09,Fulham,Wolves,2.5,3.0,3.1,0,0.3027724775948044,0.296498315073953,0.4007292073312426
20bdebdc,2021-04-10,Liverpool,Aston Villa,1.5,4.33,6.5,2,0.7877420342217336,0.15229295799190484,0.05996500778636145
54b07679,2021-04-10,Crystal Palace,Chelsea,7.0,3.8,1.53,0,0.3147821096472683,0.25200652289756914,0.43321136745516264
ad969519,2021-04-10,Manchester City,Leeds United,1.28,5.75,10.0,0,0.8763569467209041,0.097891071454423,0.02575198182467286
a51d567c,2021-04-11,Tottenham Hotspur,Manchester Utd,2.87,3.4,2.45,0,0.44898856823824435,0.22177974118515884,0.3292316905765968
06b2801a,2021-04-11,West Ham United,Leicester City,3.0,3.3,2.37,2,0.49606369625992874,0.22257377775276338,0.2813625259873078
daebaaa1,2021-04-11,Burnley,Newcastle United,2.3,3.1,3.4,0,0.5076455971403352,0.3050086438683777,0.18734575899128703
3dee3681,2021-04-12,West Brom,Southampton,3.6,3.3,2.1,2,0.24889019114239871,0.3863629650431315,0.36474684381446976
ac6ac8f8,2021-04-12,Brighton,Everton,2.25,3.3,3.3,1,0.3536032312391972,0.35691773620570794,0.28947903255509494
ebeb462d,2021-04-16,Everton,Tottenham Hotspur,3.4,3.5,2.1,1,0.4335939800471036,0.2396496678644343,0.32675635208846215
25a3b695,2021-04-17,Newcastle United,West Ham United,3.5,3.5,2.05,2,0.24452997338937824,0.23171237285459473,0.523757653756027
a19ff865,2021-04-18,Arsenal,Fulham,1.7,3.8,4.8,1,0.6656649042889087,0.2547971702263363,0.07953792548475504
3e00561f,2021-04-18,Manchester Utd,Burnley,1.33,5.25,9.0,2,0.7521365346481739,0.1941878057364236,0.0536756596154026
6c0666e6,2021-04-19,Leeds United,Liverpool,4.5,4.33,1.66,1,0.2842656276968629,0.18458202492517728,0.5311523473779598
07b4e58b,2021-04-20,Chelsea,Brighton,1.57,4.0,6.0,1,0.7068292759942264,0.206580541945007,0.08659018206076656
81a7befa,2021-04-21,Tottenham Hotspur,Southampton,1.75,3.8,4.5,2,0.6306704046079354,0.2350177357220497,0.13431185967001485
ac46a079,2021-04-21,Aston Villa,Manchester City,9.0,4.75,1.36,0,0.19361522339141382,0.16657671981551284,0.6398080567930733
be6edfdf,2021-04-22,Leicester City,West Brom,1.53,3.8,6.0,2,0.6063917300411843,0.2693588295499713,0.12424944040884432
30f36320,2021-04-23,Arsenal,Everton,2.0,3.5,3.75,0,0.5951135760678671,0.23641233293254274,0.16847409099959024
81e8aaf4,2021-04-24,Liverpool,Newcastle United,1.22,6.5,12.0,1,0.7839175715877876,0.1516832539030481,0.06439917450916427
ea1579bb,2021-04-24,West Ham United,Chelsea,4.75,3.6,1.75,0,0.4182313915374916,0.23635078808214882,0.34541782038035945
2ab535fa,2021-04-25,Aston Villa,West Brom,1.85,3.6,4.2,1,0.4864236232001287,0.3248954877373554,0.188680889062516
5656770f,2021-04-25,Wolves,Burnley,2.0,3.4,3.9,0,0.518437846373375,0.3080721424649857,0.1734900111616392
8422804d,2021-04-25,Leeds United,Manchester Utd,4.0,4.2,1.75,1,0.23975407354611153,0.17902822545452715,0.5812177009993612
b30b8887,2021-04-26,Leicester City,Crystal Palace,1.4,4.33,8.5,2,0.7379203319232923,0.18061275188703665,0.08146691618967108
c0d4f879,2021-04-30,Southampton,Leicester City,3.8,3.8,1.9,1,0.21903880069347104,0.22382467337414821,0.5571365259323808
bf22075a,2021-05-01,Crystal Palace,Manchester City,10.0,5.0,1.33,0,0.09391264299759738,0.11381458136103886,0.7922727756413638
1e2ba709,2021-05-01,Brighton,Leeds United,2.05,3.5,3.5,2,0.31118204711941644,0.33946775363252124,0.34935019924806243
44d49bd5,2021-05-01,Chelsea,Fulham,1.44,4.4,7.5,2,0.7718496250150169,0.1753333753115698,0.05281699967341336
2452619d,2021-05-01,Everton,Aston Villa,1.95,3.6,3.8,0,0.5837722573624395,0.24867794830249787,0.16754979433506256
af2c27de,2021-05-02,Newcastle United,Arsenal,3.6,3.6,2.0,0,0.3519213803381884,0.28319053260689975,0.36488808705491177
a89e62a7,2021-05-03,Burnley,West Ham United,3.1,3.6,2.2,0,0.4458091857713544,0.24918545929450564,0.3050053549341399
378a8a95,2021-05-03,West Brom,Wolves,2.9,3.2,2.5,1,0.30186828175865504,0.3643079550050945,0.33382376323625046
d93b0c17,2021-05-07,Leicester City,Newcastle United,1.4,4.75,8.0,0,0.7042483970155554,0.19436963575973107,0.10138196722471357
4eecc9bb,2021-05-08,Leeds United,Tottenham Hotspur,3.4,3.8,2.0,2,0.3191109241990783,0.22673044816290686,0.45415862763801496
b657d658,2021-05-08,Manchester City,Chelsea,1.9,3.4,4.2,0,0.8282207353009112,0.10631527959296164,0.06546398510612718
e5923f92,2021-05-08,Liverpool,Southampton,1.25,6.0,11.0,2,0.835412236393351,0.1190773133741894,0.04551045023245957
ad903480,2021-05-09,Wolves,Brighton,3.3,3.3,2.2,2,0.4248513238547526,0.3795172668778739,0.19563140926737346
c80d17ca,2021-05-09,Aston Villa,Manchester Utd,4.2,3.8,1.8,0,0.2903943753682591,0.22097599123821748,0.48862963339352355
57632a35,2021-05-09,West Ham United,Everton,2.2,3.5,3.2,0,0.5803419670253279,0.23374254304586548,0.18591548992880658
49369ed5,2021-05-09,Arsenal,West Brom,1.44,4.5,7.0,2,0.6408232599803426,0.23591811161247717,0.12325862840718022
430d879c,2021-05-10,Fulham,Burnley,2.2,3.4,3.3,0,0.2416546715387817,0.29719893843245926,0.4611463900287592
855994bf,2021-05-11,Manchester Utd,Leicester City,2.5,3.4,2.8,0,0.7077201668902005,0.20419170420489477,0.08808812890490485
5e4ec091,2021-05-11,Southampton,Crystal Palace,2.05,3.6,3.5,2,0.39620311101446726,0.2961484367700075,0.3076484522155252
51632a55,2021-05-12,Chelsea,Arsenal,1.65,4.0,5.0,0,0.6036538072667231,0.21182482065654828,0.1845213720767286
b5b24fd8,2021-05-13,Aston Villa,Everton,2.7,3.4,2.6,1,0.3979010500518972,0.27952942821558585,0.32256952173251696
9f0275a4,2021-05-13,Manchester Utd,Liverpool,3.0,3.75,2.2,0,0.5984412080871025,0.2257178749201433,0.17584091699275411
27601c16,2021-05-14,Newcastle United,Manchester City,11.0,6.0,1.25,0,0.2095574207535203,0.1783075871026586,0.6121349921438212
18d42916,2021-05-15,Burnley,Leeds United,3.2,3.75,2.1,0,0.3969141267300113,0.27970951477547684,0.32337635849451185
34739ed7,2021-05-15,Southampton,Fulham,2.0,3.6,3.6,2,0.5335463920905735,0.3202802558077397,0.14617335210168675
1a1095c2,2021-05-15,Brighton,West Ham United,2.9,3.6,2.3,1,0.30622017499309023,0.311985454630054,0.3817943703768557
7b21d5b9,2021-05-16,Crystal Palace,Aston Villa,3.0,3.6,2.25,2,0.40757723093646203,0.2915953288091782,0.30082744025435976
9059c960,2021-05-16,Tottenham Hotspur,Wolves,1.5,4.33,6.5,2,0.6083893304746777,0.2260948354678709,0.16551583405745138
6a834f6e,2021-05-16,West Brom,Liverpool,12.0,6.5,1.22,0,0.11490163451621328,0.22287812807188462,0.6622202374119022
509c9927,2021-05-18,Chelsea,Leicester City,1.7,3.75,5.0,2,0.6231336678835724,0.18399650081911761,0.19286983129731008
3b1cd656,2021-05-18,Brighton,Manchester City,7.0,4.5,1.45,2,0.1498490686170494,0.17787753703870193,0.6722733943442487
d8018048,2021-05-18,Manchester Utd,Fulham,1.28,6.0,9.0,1,0.7856393880706051,0.18734713694375085,0.027013474985644118
de4e566f,2021-05-18,Southampton,Leeds United,2.55,3.9,2.5,0,0.31654889697646543,0.2812561986220278,0.4021949044015068
33d72496,2021-05-19,Burnley,Liverpool,11.0,7.0,1.22,0,0.23993125339880406,0.182843652815251,0.5772250937859449
624e6758,2021-05-19,Crystal Palace,Arsenal,6.0,4.5,1.5,0,0.3255289078473287,0.2514762389203153,0.422994853232356
88927a77,2021-05-19,West Brom,West Ham United,5.0,4.33,1.6,0,0.22168076604617307,0.33028984424814456,0.44802938970568235
eb7bd01f,2021-05-19,Everton,Wolves,1.85,3.6,4.2,2,0.6057246154652304,0.22763459734102384,0.1666407871937458
d4273555,2021-05-19,Tottenham Hotspur,Aston Villa,1.5,4.5,6.0,0,0.6965209344983374,0.19706815405338418,0.10641091144827848
50ec33b2,2021-05-23,West Ham United,Southampton,1.65,4.0,5.0,2,0.6134751145286258,0.23478386648212055,0.15174101898925366
12d3970f,2021-05-23,Manchester City,Everton,1.44,5.0,6.5,2,0.8267484748187691,0.1300441111177949,0.04320741406343604
2c081c94,2021-05-23,Wolves,Manchester Utd,2.5,3.5,2.7,0,0.33576996251614405,0.2632749673372911,0.40095507014656473
c2fc07f0,2021-05-23,Liverpool,Crystal Palace,1.14,8.5,15.0,2,0.8425260148299608,0.11995569315893925,0.037518292011099824
0d04cd74,2021-05-23,Leicester City,Tottenham Hotspur,2.0,4.0,3.3,0,0.5658583065740825,0.21907219465487962,0.21506949877103784
9ade2b5d,2021-05-23,Leeds United,West Brom,1.4,5.25,6.5,2,0.6901717069367385,0.22415387578710805,0.0856744172761536
0143966a,2021-05-23,Aston Villa,Chelsea,6.5,4.6,1.45,2,0.34211610330021597,0.22859207736739393,0.42929181933239013
f966eee0,2021-05-23,Fulham,Newcastle United,2.05,3.8,3.3,0,0.23460818556463506,0.29891577595873625,0.46647603847662866
9f6c52f8,2021-05-23,Arsenal,Brighton,1.57,4.33,5.25,2,0.5874600474407738,0.2440227542617113,0.16851719829751483
3adf2aa7,2021-08-13,Brentford,Arsenal,4.0,3.4,1.95,2,0.247318673789676,0.2707440274006176,0.4819372988097064
c52500ad,2021-08-14,Norwich City,Liverpool,9.0,5.75,1.3,0,0.06067499323241154,0.14065437546774362,0.7986706312998448
814b563c,2021-08-14,Watford,Aston Villa,3.1,3.2,2.37,2,0.33587213628131873,0.29950697611056115,0.36462088760812
0b346a62,2021-08-14,Leicester City,Wolves,1.66,3.8,5.25,2,0.6757790899698097,0.2039920356082338,0.12022887442195641
c99ebbf5,2021-08-14,Everton,Southampton,1.9,3.5,4.0,2,0.6174238583589128,0.2438747553700294,0.1387013862710578
4eb36e37,2021-08-14,Burnley,Brighton,3.1,3.1,2.45,0,0.39350562559303864,0.2938810505015576,0.31261332390540375
e62685d4,2021-08-14,Manchester Utd,Leeds United,1.53,4.5,5.75,2,0.6045643155322747,0.2589122852436409,0.13652339922408438
6f454493,2021-08-14,Chelsea,Crystal Palace,1.25,5.75,13.0,2,0.7536216077707071,0.16921022445754275,0.07716816777175028
41091264,2021-08-15,Newcastle United,West Ham United,3.2,3.5,2.2,0,0.3169695241577291,0.2694716390938819,0.41355883674838895
ff51efc7,2021-08-15,Tottenham Hotspur,Manchester City,5.5,4.2,1.6,2,0.3204193323921138,0.16755277290785078,0.5120278947000355
94d9dac0,2021-08-21,Liverpool,Burnley,1.18,7.5,13.0,2,0.855396278954332,0.120425969184597,0.02417775186107109
c8945d11,2021-08-21,Crystal Palace,Brentford,2.55,3.2,2.87,1,0.2302958244351672,0.3068699903490225,0.4628341852158104
662d4074,2021-08-21,Aston Villa,Newcastle United,1.8,3.75,4.33,2,0.40666298672942314,0.2887216571934558,0.3046153560771209
b9064680,2021-08-21,Leeds United,Everton,2.37,3.4,3.0,1,0.5941887572545372,0.23183627829732514,0.17397496444813762
ab6db0d6,2021-08-21,Manchester City,Norwich City,1.08,11.0,26.0,2,0.922181459653084,0.06955971918457018,0.008258821162345954
072af2f8,2021-08-21,Brighton,Watford,1.7,3.5,5.75,2,0.41544135990578607,0.3693185082090914,0.2152401318851225
345b3989,2021-08-22,Southampton,Manchester Utd,5.5,4.2,1.57,1,0.20743954261910036,0.18225768347896776,0.6103027739019318
26ceb3c9,2021-08-22,Wolves,Tottenham Hotspur,3.2,3.2,2.35,0,0.31127528731630005,0.2928241548953718,0.39590055778832817
93954213,2021-08-22,Arsenal,Chelsea,4.75,3.75,1.72,0,0.4528346546289825,0.22746080557023815,0.3197045398007794
1d07228e,2021-08-23,West Ham United,Leicester City,2.5,3.5,2.75,2,0.6015147188829882,0.2115760761611781,0.18690920495583369
d81af076,2021-08-28,Newcastle United,Southampton,2.5,3.4,2.8,1,0.46054972689522405,0.3247531888704976,0.21469708423427822
8e017435,2021-08-28,West Ham United,Crystal Palace,1.55,4.0,6.5,1,0.7123185371230629,0.21809153991951483,0.0695899229574223
78c685cc,2021-08-28,Norwich City,Leicester City,4.5,3.5,1.85,0,0.16008634331394794,0.2386756239626817,0.6012380327233703
78aa75e6,2021-08-28,Liverpool,Chelsea,2.45,3.3,2.9,1,0.7558316813024942,0.14212461903000193,0.1020436996675038
a08ef96c,2021-08-28,Aston Villa,Brentford,1.95,3.6,3.8,1,0.39255934377044355,0.3193285168467163,0.2881121393828401
d4650aa2,2021-08-28,Manchester City,Arsenal,1.25,6.0,12.0,2,0.8617572607332563,0.10385283302580697,0.03438990624093663
ec8b667a,2021-08-28,Brighton,Everton,2.3,3.2,3.3,0,0.40561037460521576,0.31782609389647304,0.2765635314983112
2e5db698,2021-08-29,Burnley,Leeds United,3.1,3.5,2.25,1,0.2625335081027241,0.24355911870806732,0.49390737318920874
3cd9a733,2021-08-29,Tottenham Hotspur,Watford,1.36,4.75,9.0,2,0.7371475492371222,0.1904861113194167,0.07236633944346117
871109e6,2021-08-29,Wolves,Manchester Utd,5.0,3.5,1.75,0,0.22420685283364397,0.2333837805474184,0.5424093666189377
17e86f90,2021-09-11,Crystal Palace,Tottenham Hotspur,4.2,3.5,1.9,2,0.305475212167726,0.25616623533447686,0.4383585524977971
8dd69c8d,2021-09-11,Leicester City,Manchester City,6.0,4.0,1.57,0,0.2591187266392018,0.16883916763703724,0.5720421057237609
4ac58f71,2021-09-11,Arsenal,Norwich City,1.5,4.6,6.0,2,0.7617775287362203,0.18958951178865333,0.048632959475126504
19a03697,2021-09-11,Brentford,Brighton,2.8,3.2,2.62,0,0.42256537647331427,0.3475308171403083,0.22990380638637747
09db0909,2021-09-11,Watford,Wolves,3.4,3.2,2.25,0,0.4238950037634789,0.3251521116286201,0.25095288460790094
7794fd6c,2021-09-11,Manchester Utd,Newcastle United,1.18,7.5,15.0,2,0.7099469739090112,0.2262557218408172,0.06379730425017156
ddff1858,2021-09-11,Southampton,West Ham United,2.9,3.5,2.4,1,0.24551415500791993,0.23342102116441174,0.5210648238276683
67bbc3a5,2021-09-11,Chelsea,Aston Villa,1.28,5.5,11.0,2,0.7508054536632675,0.16550835321743806,0.08368619311929441
e6a245be,2021-09-12,Leeds United,Liverpool,4.33,4.0,1.75,0,0.359276216764774,0.207376722633369,0.4333470606018569
668b2f97,2021-09-13,Everton,Burnley,1.7,3.75,5.0,2,0.6498665019718176,0.2540379722337062,0.0960955257944761
aad7d38a,2021-09-17,Newcastle United,Leeds United,3.0,3.6,2.3,1,0.40661592657653256,0.2832123485341294,0.3101717248893381
59ef8c18,2021-09-18,Liverpool,Crystal Palace,1.2,7.0,13.0,2,0.8318299903670637,0.13067194193157305,0.03749806770136315
fd1d60f4,2021-09-18,Wolves,Brentford,1.83,3.25,5.0,0,0.3362975338697065,0.3765138993537639,0.28718856677652976
a427debc,2021-09-18,Burnley,Arsenal,3.8,3.6,1.95,0,0.3495232928720739,0.275654070554191,0.37482263657373516
57323feb,2021-09-18,Aston Villa,Everton,2.4,3.3,3.0,2,0.41070363797830844,0.25293197027201125,0.33636439174968036
1576c578,2021-09-18,Manchester City,Southampton,1.12,9.5,17.0,1,0.8892738359300818,0.09605007635100576,0.014676087718912406
835fa19c,2021-09-18,Norwich City,Watford,2.15,3.3,3.5,0,0.2670095614637922,0.36455812401326443,0.36843231452294345
723f5105,2021-09-19,Brighton,Leicester City,2.7,3.2,2.75,2,0.3910910178382164,0.3037631773458866,0.305145804815897
2daea068,2021-09-19,West Ham United,Manchester Utd,4.33,4.0,1.75,0,0.4331877659033331,0.2062804116608003,0.3605318224358666
eaf98461,2021-09-19,Tottenham Hotspur,Chelsea,5.0,3.8,1.7,0,0.4751748938324381,0.21394621108286063,0.3108788950847014
70fda3e9,2021-09-25,Watford,Newcastle United,2.2,3.4,3.3,1,0.3707912398288322,0.3558161286941618,0.27339263147700604
2d61f328,2021-09-25,Leicester City,Burnley,1.57,4.0,6.0,1,0.6547820066669366,0.23742169531541313,0.1077962980176503
87140543,2021-09-25,Brentford,Liverpool,7.0,4.5,1.45,1,0.19204113192534977,0.2222649111466321,0.5856939569280182
7c21232e,2021-09-25,Manchester Utd,Aston Villa,1.36,5.25,8.0,0,0.7178054509937493,0.2272448921906425,0.054949656815608296
6e228b2c,2021-09-25,Leeds United,West Ham United,3.0,3.6,2.25,0,0.48973409642247795,0.22243649278417021,0.2878294107933519
fc59faf7,2021-09-25,Chelsea,Manchester City,2.62,3.2,2.75,0,0.6410310507650491,0.15612979844463365,0.20283915079031722
d516ccbf,2021-09-25,Everton,Norwich City,1.61,3.8,5.75,2,0.7329380871608122,0.22287498038654993,0.0441869324526378
a2c07e97,2021-09-26,Arsenal,Tottenham Hotspur,2.15,3.3,3.5,2,0.6354655005669756,0.1985242883009582,0.16601021113206627
d99f984c,2021-09-26,Southampton,Wolves,2.62,3.2,2.8,0,0.5003536532597767,0.2891911294001592,0.21045521734006412
3d7659fc,2021-09-27,Crystal Palace,Brighton,3.1,3.2,2.45,1,0.36909078947280544,0.29936755083327987,0.33154165969391464
a6466617,2021-10-02,Chelsea,Southampton,1.36,4.75,9.0,2,0.8050415155219108,0.15127829269310422,0.04368019178498499
2129c7e9,2021-10-02,Manchester Utd,Everton,1.45,4.33,7.5,1,0.6756399927742486,0.22068901811024,0.1036709891155113
9231df9a,2021-10-02,Burnley,Norwich City,1.85,3.6,4.33,1,0.5725649581362667,0.31331957245454023,0.11411546940919305
be9d8a45,2021-10-02,Leeds United,Watford,1.7,4.0,4.75,2,0.6068590305472111,0.2623584432572751,0.13078252619551384
cdaded7b,2021-10-02,Brighton,Arsenal,3.0,3.25,2.4,1,0.3651266785653355,0.31153874574069396,0.32333457569397056
00dcbdaa,2021-10-02,Wolves,Newcastle United,1.61,4.2,5.25,2,0.40251698551765647,0.3661475782628294,0.23133543621951413
7bb0a43c,2021-10-03,Tottenham Hotspur,Aston Villa,2.1,3.6,3.4,2,0.571841402111699,0.2449029337600445,0.1832556641282566
b06fd537,2021-10-03,Crystal Palace,Leicester City,3.1,3.4,2.3,1,0.39885066860989193,0.2822881832143138,0.3188611481757943
2598b046,2021-10-03,Liverpool,Manchester City,2.87,3.5,2.4,1,0.703255952506058,0.13318100535096114,0.1635630421429809
f1eead63,2021-10-03,West Ham United,Brentford,1.75,3.75,4.75,0,0.5633334500390051,0.263969686960425,0.17269686300056983
2ce6d340,2021-10-16,Watford,Liverpool,8.5,5.5,1.33,0,0.13638274399400907,0.16198029464587915,0.7016369613601118
45502ded,2021-10-16,Leicester City,Manchester Utd,3.5,3.6,2.05,2,0.4806926677609821,0.22681405042303227,0.29249328181598566
a1668499,2021-10-16,Aston Villa,Wolves,2.15,3.25,3.5,0,0.5405176569207729,0.2712421226907648,0.18824022038846222
8bde822c,2021-10-16,Southampton,Leeds United,2.3,3.5,3.0,2,0.3734210088356425,0.2851625940655689,0.3414163970987885
55778d0d,2021-10-16,Manchester City,Burnley,1.12,9.0,19.0,2,0.8775322960197472,0.10331702728205083,0.019150676698201887
bc0a1eb5,2021-10-16,Norwich City,Brighton,3.6,3.4,2.1,1,0.17476388007843602,0.3258461564643308,0.4993899634572332
866cfb1f,2021-10-16,Brentford,Chelsea,6.5,3.8,1.57,0,0.29890982989576836,0.29586012135920925,0.40523004874502244
15871600,2021-10-17,Everton,West Ham United,2.5,3.4,2.8,0,0.5683085187895718,0.24298404812100127,0.18870743308942697
4bd69343,2021-10-17,Newcastle United,Tottenham Hotspur,3.5,3.6,2.05,0,0.3624025913985922,0.26238095634321573,0.375216452258192
0f3a1892,2021-10-18,Arsenal,Crystal Palace,1.6,3.8,6.0,1,0.6344668136374477,0.2368025265628414,0.12873065979971085
ac95a75a,2021-10-22,Arsenal,Aston Villa,1.83,3.75,4.2,2,0.6637466173609434,0.21658506072473105,0.11966832191432557
49b3afe3,2021-10-23,Leeds United,Wolves,2.4,3.4,2.87,1,0.48779425468525905,0.2515800212419507,0.2606257240727903
6985d123,2021-10-23,Everton,Watford,1.65,3.8,5.5,0,0.6989324363885256,0.21891474290643537,0.08215282070503904
d5164fbe,2021-10-23,Southampton,Burnley,1.95,3.5,3.9,1,0.5013545604181097,0.29984581764545903,0.1987996219364312
a6ff9cf9,2021-10-23,Chelsea,Norwich City,1.18,7.0,15.0,2,0.8531636886970332,0.1296992383768381,0.017137072926128784
dc93611c,2021-10-23,Brighton,Manchester City,8.0,4.75,1.4,0,0.20389759380818026,0.2113381190561103,0.5847642871357094
4d1b6f6f,2021-10-23,Crystal Palace,Newcastle United,1.9,3.6,4.0,1,0.48530815629307283,0.3166786634901292,0.1980131802167981
b886bec4,2021-10-24,Manchester Utd,Liverpool,3.1,3.6,2.2,0,0.42448631788814184,0.22655944564527275,0.34895423646658535
b5c25937,2021-10-24,Brentford,Leicester City,2.62,3.3,2.7,0,0.35808682519590224,0.30470522824685486,0.337207946557243
70c508ee,2021-10-24,West Ham United,Tottenham Hotspur,2.3,3.5,3.0,2,0.5919871708767617,0.1975529825955675,0.21045984652767083
eb6c294f,2021-10-30,Manchester City,Crystal Palace,1.14,8.0,19.0,0,0.8764667024667085,0.10131856096426285,0.022214736569028688
719b57c6,2021-10-30,Leicester City,Arsenal,2.4,3.5,2.87,0,0.5339501606379037,0.2423690031825231,0.2236808361795732
c68998b5,2021-10-30,Liverpool,Brighton,1.22,6.5,13.0,1,0.8647724669273176,0.11545950466375914,0.01976802840892315
e3521093,2021-10-30,Watford,Southampton,3.2,3.3,2.3,0,0.4040995522421774,0.36938522817892955,0.22651521957889292
49478cd2,2021-10-30,Newcastle United,Chelsea,8.5,5.0,1.36,0,0.12284278516161888,0.16730532143893437,0.7098518933994468
5a2b8c26,2021-10-30,Tottenham Hotspur,Manchester Utd,2.87,3.6,2.37,0,0.6272865171108947,0.1792820937130231,0.19343138917608224
c8915e9e,2021-10-30,Burnley,Brentford,2.6,3.3,2.75,2,0.28127184908655184,0.3193196103504724,0.3994085405629758
52daf8d4,2021-10-31,Norwich City,Leeds United,3.4,3.5,2.1,0,0.1605755829925135,0.3053592353324196,0.5340651816750668
a62478a2,2021-10-31,Aston Villa,West Ham United,2.8,3.5,2.45,0,0.42762244457619003,0.2765455754593375,0.2958319799644725
c9ad66cc,2021-11-01,Wolves,Everton,2.2,3.2,3.5,2,0.4816224042894129,0.30769173029191754,0.21068586541866963
868bd31f,2021-11-05,Southampton,Aston Villa,1.95,3.6,3.75,2,0.5100968053899375,0.26054954524570373,0.22935364936435867
316c0296,2021-11-06,Chelsea,Burnley,1.25,6.0,12.0,1,0.7867623402380823,0.16549511474392625,0.047742545017991474
5fa5be28,2021-11-06,Manchester Utd,Manchester City,4.75,4.0,1.7,0,0.5391519305372303,0.19380298131897916,0.2670450881437905
10d11999,2021-11-06,Brighton,Newcastle United,1.57,3.9,6.0,1,0.48262042536926153,0.34258560399821997,0.17479397063251847
0f029791,2021-11-06,Brentford,Norwich City,1.6,4.0,5.75,0,0.5933356989276379,0.3464827855769577,0.06018151549540425
3a2fff4d,2021-11-06,Crystal Palace,Wolves,2.45,3.2,3.0,2,0.4406078608962985,0.29717562256335833,0.26221651654034317
e0208fcf,2021-11-07,Arsenal,Watford,1.36,4.75,8.5,2,0.7172108919838887,0.21848840473150782,0.06430070328460358
224d1c99,2021-11-07,Everton,Tottenham Hotspur,3.1,3.25,2.37,1,0.5476423558701201,0.2372644812411441,0.21509316288873576
8fd004c6,2021-11-07,Leeds United,Leicester City,2.8,3.5,2.45,1,0.49955061478259677,0.24622590023903335,0.2542234849783699
63538dc7,2021-11-07,West Ham United,Liverpool,4.75,4.0,1.7,2,0.4089150249894566,0.18806333174408205,0.4030216432664614
31a03035,2021-11-20,Watford,Manchester Utd,6.5,4.75,1.45,2,0.2497606642795231,0.22385680420895884,0.5263825315115181
4bddaba4,2021-11-20,Norwich City,Southampton,3.6,3.5,2.05,2,0.19714726087361317,0.35389401404209464,0.4489587250842921
013c4797,2021-11-20,Wolves,West Ham United,3.0,3.25,2.4,2,0.3059357225156962,0.3049542693618464,0.3891100081224575
e9ea66e1,2021-11-20,Liverpool,Arsenal,1.45,4.75,6.5,2,0.788181913648549,0.1425609727081286,0.06925711364332239
88f081ac,2021-11-20,Aston Villa,Brighton,2.45,3.3,2.9,2,0.4382053964786368,0.29964586254076936,0.2621487409805938
2fd486d6,2021-11-20,Leicester City,Chelsea,4.75,3.75,1.75,0,0.35427272604505183,0.21900516093132327,0.426722113023625
e7ab34c4,2021-11-20,Burnley,Crystal Palace,2.7,3.2,2.7,1,0.3260976722561844,0.30977796687939413,0.3641243608644215
adbf56bc,2021-11-20,Newcastle United,Brentford,2.62,3.4,2.7,1,0.34098762938865146,0.32567410299574096,0.3333382676156076
bfbe7402,2021-11-21,Manchester City,Everton,1.14,8.0,19.0,2,0.8809492482467206,0.09489877484462975,0.02415197690864965
a74a684e,2021-11-21,Tottenham Hotspur,Leeds United,1.7,4.2,4.5,2,0.5691188841924582,0.2439180036016625,0.18696311220587936
aa9b882d,2021-11-27,Liverpool,Southampton,1.28,6.0,9.0,2,0.8609011594213898,0.11544850872838647,0.02365033185022389
067e0ab9,2021-11-27,Arsenal,Newcastle United,1.44,4.75,7.0,2,0.6636671341264243,0.23246753840152998,0.1038653274720457
4a7a9e3b,2021-11-27,Crystal Palace,Aston Villa,2.2,3.4,3.3,0,0.5410510998604441,0.2916953330678902,0.16725356707166572
ff3bd755,2021-11-27,Norwich City,Wolves,3.5,3.3,2.15,1,0.21119561521263025,0.321136477022425,0.46766790776494477
5d651cd7,2021-11-27,Brighton,Leeds United,2.05,3.4,3.75,1,0.3876431423819071,0.33869916603875505,0.2736576915793379
08b3c5d8,2021-11-28,Chelsea,Manchester Utd,1.57,4.0,6.0,1,0.8092466329080658,0.11924047617815689,0.07151289091377735
c2e426c8,2021-11-28,Leicester City,Watford,1.61,4.0,5.5,2,0.6144003405218317,0.2542371847708256,0.13136247470734275
c37446de,2021-11-28,Manchester City,West Ham United,1.28,5.75,10.0,2,0.8454511500288264,0.10695366974541352,0.04759518022575995
286c4c1c,2021-11-28,Brentford,Everton,2.25,3.2,3.4,2,0.4569118791948543,0.34537247350795025,0.1977156472971954
ce4d873f,2021-11-30,Newcastle United,Norwich City,1.95,3.5,3.9,1,0.5016402377515157,0.3438714267158061,0.15448833553267813
b0ab4044,2021-11-30,Leeds United,Crystal Palace,2.4,3.3,3.0,2,0.5040793644483886,0.2562223102590024,0.23969832529260907
2049300f,2021-12-01,West Ham United,Brighton,1.95,3.6,3.8,1,0.6905714083039848,0.2135572250568727,0.09587136663914243
b46554fb,2021-12-01,Everton,Liverpool,7.5,5.25,1.36,0,0.1623986218196194,0.15719409390915365,0.680407284271227
1993b7ec,2021-12-01,Aston Villa,Manchester City,9.0,5.25,1.33,0,0.2153359558396835,0.17847507455147596,0.6061889696088405
135f5959,2021-12-01,Southampton,Leicester City,2.37,3.5,2.87,1,0.3518735192692404,0.24991597544028515,0.3982105052904745
f475576b,2021-12-01,Watford,Chelsea,10.0,5.25,1.3,0,0.14542112198622434,0.2232215602565014,0.6313573177572743
a3fc2ddc,2021-12-01,Wolves,Burnley,1.85,3.5,4.33,1,0.4402046367219531,0.3429935032338444,0.21680186004420235
4323a38f,2021-12-02,Manchester Utd,Arsenal,1.95,3.75,3.75,2,0.5579257481356742,0.24879535792140828,0.19327889394291753
a80b3790,2021-12-02,Tottenham Hotspur,Brentford,1.6,4.2,5.25,2,0.5771095241452786,0.2599663056770736,0.16292417017764788
776aa8ab,2021-12-04,West Ham United,Chelsea,4.75,3.6,1.75,2,0.4555291681337958,0.21133872815062307,0.33313210371558116
11ed382d,2021-12-04,Newcastle United,Burnley,2.3,3.3,3.2,2,0.3522036465635289,0.3356659466983286,0.31213040673814235
befb6648,2021-12-04,Watford,Manchester City,12.0,7.0,1.2,0,0.13343534876718643,0.14561999350786684,0.7209446577249468
27fd5d70,2021-12-04,Southampton,Brighton,2.45,3.2,3.0,1,0.43073416689536015,0.3255456702084876,0.24372016289615223
37d61ff3,2021-12-04,Wolves,Liverpool,8.0,4.75,1.4,0,0.16262118710213977,0.18212360798213661,0.6552552049157235
49cc65ac,2021-12-05,Aston Villa,Leicester City,2.37,3.4,3.0,2,0.43538939947997063,0.2583852271529358,0.3062253733670935
78e62deb,2021-12-05,Tottenham Hotspur,Norwich City,1.36,5.0,8.5,2,0.7319598761930766,0.2228272160335957,0.04521290777332771
8d10c8d4,2021-12-05,Manchester Utd,Crystal Palace,1.5,4.33,6.5,2,0.6672375410324135,0.2543411097581163,0.0784213492094702
175160b7,2021-12-05,Leeds United,Brentford,1.95,3.6,3.8,1,0.5329330642120256,0.27242218949989877,0.1946447462880756
5fdb6c19,2021-12-06,Everton,Arsenal,3.4,3.5,2.1,2,0.39540774415889207,0.24684468215592284,0.35774757368518506
49a36a4e,2021-12-10,Brentford,Watford,2.25,3.3,3.3,2,0.4697901589815005,0.36415394843728427,0.16605589258121511
d46b4a18,2021-12-11,Manchester City,Wolves,1.14,8.0,19.0,2,0.9071442501133137,0.07836988623124287,0.01448586365544349
6a35f07c,2021-12-11,Arsenal,Southampton,1.61,4.0,5.5,2,0.682004291679855,0.23217981979003569,0.08581588853010928
6ad3036b,2021-12-11,Chelsea,Leeds United,1.25,5.75,12.0,2,0.763433638839663,0.1633847261327975,0.07318163502753955
678d7dca,2021-12-11,Liverpool,Aston Villa,1.2,7.0,13.0,2,0.8605091716740544,0.10951809884199748,0.02997272948394811
11a67612,2021-12-11,Norwich City,Manchester Utd,7.0,4.5,1.45,0,0.14859391179182296,0.22892665984973035,0.6224794283584467
02abf29a,2021-12-12,Crystal Palace,Everton,2.3,3.2,3.3,2,0.46242153196657826,0.27953235832386986,0.258046109709552
8805978d,2021-12-12,Leicester City,Newcastle United,1.66,4.1,4.75,2,0.5833683834704171,0.287184600758746,0.12944701577083678
6d236ce6,2021-12-12,Burnley,West Ham United,3.6,3.6,2.0,1,0.27733180130112844,0.23564017144956406,0.48702802724930755
c78a1d7d,2021-12-14,Norwich City,Aston Villa,3.3,3.3,2.25,0,0.20842590222388,0.3176839521864332,0.4738901455896869
5730a84c,2021-12-14,Manchester City,Leeds United,1.14,8.5,15.0,2,0.8743158704669791,0.0987930017205426,0.026891127812478363
60178542,2021-12-15,Brighton,Wolves,2.25,3.1,3.5,0,0.481603251655827,0.32440041414984316,0.1939963341943299
9ebb60f0,2021-12-15,Crystal Palace,Southampton,2.15,3.3,3.5,1,0.5603523178490006,0.2829267624076635,0.15672091974333582
3f1ff3a5,2021-12-15,Arsenal,West Ham United,2.1,3.6,3.3,2,0.6209817468464865,0.2204952422708418,0.15852301088267165
70209eb1,2021-12-16,Chelsea,Everton,1.22,6.5,13.0,1,0.838615645527508,0.12165636950718318,0.0397279849653089
5aec4772,2021-12-16,Liverpool,Newcastle United,1.12,9.0,19.0,2,0.8809820474968563,0.09980427547105031,0.019213677032093385
53b542d8,2021-12-18,Leeds United,Arsenal,3.9,3.8,1.83,0,0.36541196898436684,0.24274740291755179,0.3918406280980815
73d478fb,2021-12-19,Wolves,Chelsea,7.0,4.2,1.5,1,0.2807974532346265,0.26607713064267396,0.4531254161226996
4ac8dee4,2021-12-19,Tottenham Hotspur,Liverpool,5.25,4.75,1.53,1,0.39472139487360175,0.1986032371216656,0.4066753680047327
4d9bcee9,2021-12-19,Newcastle United,Manchester City,13.0,7.5,1.18,0,0.07105973814974345,0.10769164932328164,0.8212486125269749
61396bd8,2021-12-26,Aston Villa,Chelsea,5.25,3.8,1.65,0,0.36642658327345945,0.2404861798936838,0.39308723683285685
36a056cf,2021-12-26,West Ham United,Southampton,1.8,3.9,4.2,0,0.7156482331072583,0.18866021567457153,0.09569155121817
1f64133b,2021-12-26,Brighton,Brentford,1.9,3.4,4.2,2,0.3001469161779703,0.3540574988996018,0.34579558492242796
83ce723b,2021-12-26,Norwich City,Arsenal,8.0,4.75,1.4,0,0.08036440208021345,0.18747943716130291,0.7321561607584836
ac4560d6,2021-12-26,Tottenham Hotspur,Crystal Palace,1.72,3.8,4.75,2,0.6612917313727248,0.22786019580261452,0.11084807282466065
49e84e17,2021-12-26,Manchester City,Leicester City,1.18,7.5,13.0,2,0.866589272328606,0.10413797438852965,0.029272753282864286
f91fee43,2021-12-27,Newcastle United,Manchester Utd,6.5,4.75,1.44,1,0.24608411915067718,0.22645883072404593,0.527457050125277
59ef01ea,2021-12-28,Crystal Palace,Norwich City,1.65,3.75,5.5,2,0.614949177417738,0.285499853374657,0.09955096920760506
b56fd899,2021-12-28,Watford,West Ham United,3.4,3.6,2.1,0,0.3094009705831992,0.2783210923809823,0.4122779370358185
08d5ef01,2021-12-28,Southampton,Tottenham Hotspur,3.75,3.5,2.0,1,0.2547244773202739,0.2901591457442002,0.45511637693552587
8ad7b26f,2021-12-28,Leicester City,Liverpool,8.0,5.5,1.33,2,0.2405734694412518,0.23143878851593394,0.5279877420428142
8fbe2e12,2021-12-29,Chelsea,Brighton,1.4,4.5,7.5,1,0.6919515222354872,0.20430286682989085,0.10374561093462197
1a0df937,2021-12-29,Brentford,Manchester City,19.0,8.0,1.14,0,0.06806085922354042,0.23722670071962032,0.6947124400568392
bbfa96c9,2021-12-30,Manchester Utd,Burnley,1.36,5.0,9.0,2,0.6330680740961514,0.23102563885539315,0.1359062870484555
a9903a63,2022-01-01,Arsenal,Manchester City,5.75,4.75,1.5,0,0.23651085488225654,0.2423557405197246,0.5211334045980188
9c831c07,2022-01-01,Watford,Tottenham Hotspur,5.0,4.2,1.61,0,0.16362346246605644,0.2741734409087367,0.5622030966252068
b0b5cba6,2022-01-01,Crystal Palace,West Ham United,3.1,3.4,2.3,0,0.2759589119975305,0.3561436837578327,0.36789740424463685
dfaa1817,2022-01-02,Brentford,Aston Villa,3.0,3.3,2.4,2,0.37774359685039227,0.332349150333663,0.28990725281594476
e22bb565,2022-01-02,Everton,Brighton,2.75,3.2,2.62,0,0.39869540049762625,0.35434942591406066,0.2469551735883131
3480cc09,2022-01-02,Chelsea,Liverpool,3.1,3.5,2.25,1,0.4702459627693406,0.15836972071264965,0.37138431651800974
cff8022b,2022-01-02,Leeds United,Burnley,2.05,3.5,3.5,2,0.5214511912590366,0.27952196571367255,0.1990268430272908
8e966b52,2022-01-03,Manchester Utd,Wolves,1.53,4.33,6.0,0,0.6193385392100894,0.24629458998753628,0.13436687080237436
0859817d,2022-01-11,Southampton,Brentford,2.05,3.4,3.6,2,0.37314979118569414,0.36856589503868503,0.2582843137756208
7d53d1ea,2022-01-12,West Ham United,Norwich City,1.28,5.5,10.0,2,0.8052120488047294,0.15432606476880203,0.04046188642646852
96630936,2022-01-14,Brighton,Crystal Palace,2.05,3.3,3.8,1,0.37323817598219267,0.39711002337705237,0.229651800640755
745dc664,2022-01-15,Aston Villa,Manchester Utd,2.87,3.5,2.4,1,0.27475517099364716,0.29104434306647686,0.4342004859398758
febd7f38,2022-01-15,Manchester City,Chelsea,1.65,4.0,5.0,2,0.727291669269551,0.13646771131917634,0.13624061941127263
64dd3e3f,2022-01-15,Newcastle United,Watford,2.0,3.6,3.6,1,0.503586518915542,0.313594675973405,0.1828188051110531
4574a1a6,2022-01-15,Norwich City,Everton,3.75,3.5,2.0,2,0.19256159646639032,0.3308913101539147,0.47654709337969514
dd7b8b8b,2022-01-15,Wolves,Southampton,2.25,3.2,3.4,2,0.3883722211427522,0.3239207110987938,0.28770706775845395
62c16969,2022-01-16,West Ham United,Leeds United,1.61,4.2,5.0,0,0.6045488619612667,0.22792516041985889,0.1675259776188744
c8c457d6,2022-01-16,Liverpool,Brentford,1.3,5.5,10.0,2,0.7489803455912023,0.1722664125878234,0.07875324182097426
b4c9c369,2022-01-18,Brighton,Chelsea,4.75,3.75,1.72,1,0.23875711272160088,0.2618316494794912,0.49941123779890795
77d28549,2022-01-19,Leicester City,Tottenham Hotspur,3.0,3.5,2.3,0,0.37738687684178596,0.2746801171730019,0.34793300598521215
f7c0bd68,2022-01-19,Brentford,Manchester Utd,4.5,3.7,1.8,0,0.21940662484672557,0.35684587647524874,0.42374749867802564
5c592680,2022-01-21,Watford,Norwich City,2.0,3.5,3.75,0,0.4785777137787323,0.34057262083851164,0.18084966538275604
83bac3da,2022-01-22,Everton,Aston Villa,2.75,3.25,2.62,0,0.4326285413048812,0.2951365947942309,0.2722348639008879
9f91ec9b,2022-01-22,Brentford,Wolves,3.2,2.8,2.6,0,0.29098544151312916,0.3990618206184842,0.30995273786838656
07df6328,2022-01-22,Leeds United,Newcastle United,2.0,3.5,3.75,0,0.5992769526012177,0.2625785492486116,0.1381444981501706
7c23f694,2022-01-22,Manchester Utd,West Ham United,1.85,3.8,4.0,2,0.4677610113091154,0.2861844100398232,0.24605457865106137
9bfa5945,2022-01-22,Southampton,Manchester City,10.0,6.5,1.25,1,0.10922218630961761,0.17483871787931585,0.7159390958110666
845ec84d,2022-01-23,Arsenal,Burnley,1.36,4.75,9.0,1,0.6701802570407904,0.24526436181282424,0.08455538114638526
60ad7e25,2022-01-23,Crystal Palace,Liverpool,6.0,4.2,1.53,0,0.1547717870467374,0.19999435005481186,0.6452338628984507
29e164e3,2022-01-23,Chelsea,Tottenham Hotspur,1.61,4.2,5.0,2,0.5098687428159191,0.2382076669387169,0.25192359024536404
a28f6f69,2022-01-23,Leicester City,Brighton,2.5,3.25,2.9,1,0.47505738878444037,0.3055413671164648,0.219401244099095
5c31d723,2022-02-05,Burnley,Watford,2.2,3.25,3.5,1,0.5079115924124787,0.3138108737985165,0.1782775337890047
fde8d97d,2022-02-08,Newcastle United,Everton,2.5,3.25,2.87,2,0.43271870315774985,0.3171739299494134,0.25010736689283675
3778ac3f,2022-02-08,West Ham United,Watford,1.55,4.2,5.75,2,0.7112282009188511,0.20305516190345235,0.0857166371776965
cb262ab8,2022-02-08,Burnley,Manchester Utd,5.5,4.0,1.61,1,0.17448623177510864,0.311295906444665,0.5142178617802263
0613df22,2022-02-09,Tottenham Hotspur,Southampton,1.6,4.0,5.5,0,0.6015419812186915,0.2205917129471015,0.17786630583420693
3b077554,2022-02-09,Manchester City,Brentford,1.1,9.5,23.0,2,0.8347785065579881,0.1257055475631868,0.03951594587882508
22d9fbc9,2022-02-09,Norwich City,Crystal Palace,3.5,3.25,2.15,1,0.2526554379328853,0.40250958447403956,0.34483497759307513
f1e84229,2022-02-09,Aston Villa,Leeds United,1.8,3.8,4.2,1,0.46103115515988335,0.28505928375919437,0.25390956108092233
bf5f0f9e,2022-02-10,Wolves,Arsenal,3.5,3.2,2.2,0,0.29083471447748,0.32331687996406205,0.38584840555845784
911fa284,2022-02-10,Liverpool,Leicester City,1.25,6.5,10.0,2,0.7271514743179129,0.1573113741244188,0.11553715155766822
d15dca2c,2022-02-12,Manchester Utd,Southampton,1.6,4.0,5.5,1,0.5479689391134969,0.2675480747359634,0.18448298615053968
e04d98c4,2022-02-12,Watford,Brighton,3.5,3.3,2.05,0,0.2096736502280666,0.3584662125259618,0.4318601372459717
0a51943e,2022-02-12,Everton,Leeds United,2.25,3.5,3.0,2,0.336033381413755,0.29652451767411064,0.3674421009121344
427597d4,2022-02-12,Brentford,Crystal Palace,2.55,3.1,3.0,1,0.30522808431500065,0.4302170397281815,0.26455487595681787
522300d0,2022-02-12,Norwich City,Manchester City,15.0,8.0,1.16,0,0.04707444369808036,0.15067503403210955,0.8022505222698101
c2c20295,2022-02-13,Leicester City,West Ham United,2.9,3.5,2.3,1,0.41206266231759725,0.23160681389802448,0.35633052378437824
ee0b72dd,2022-02-13,Burnley,Liverpool,10.0,5.25,1.28,0,0.11387468260788652,0.1794783149229918,0.7066470024691215
fe93b491,2022-02-13,Tottenham Hotspur,Wolves,1.7,3.6,5.5,0,0.5361278560209278,0.2551515542145342,0.20872058976453794
59b88877,2022-02-13,Newcastle United,Aston Villa,2.7,3.3,2.62,2,0.37340013827222274,0.35880766902692746,0.26779219270084975
a1fb5fa2,2022-02-15,Manchester Utd,Brighton,1.72,3.75,4.75,2,0.49331697713037664,0.31974535100483803,0.18693767186478522
cd797899,2022-02-19,Manchester City,Tottenham Hotspur,1.28,6.0,10.0,0,0.8216956326706528,0.10213304985714552,0.07617131747220166
ddd2eed6,2022-02-19,Crystal Palace,Chelsea,5.5,3.8,1.65,0,0.18777693534533804,0.23788075951944002,0.5743423051352219
b1df8cfd,2022-02-19,Brighton,Burnley,1.66,3.5,6.0,0,0.4601952783743056,0.33539493295527,0.20440978867042436
700c9eaf,2022-02-19,Liverpool,Norwich City,1.1,9.0,23.0,2,0.8771310467410965,0.09778411300732336,0.025084840251580028
4e263347,2022-02-19,West Ham United,Newcastle United,1.7,4.0,4.75,1,0.5449432258053343,0.25412887734583745,0.20092789684882828
401c8cc8,2022-02-19,Arsenal,Brentford,1.44,4.2,8.0,2,0.588086908154474,0.30610860653581146,0.10580448530971463
28c4ee0a,2022-02-19,Aston Villa,Watford,1.65,3.6,5.75,0,0.5995728192120234,0.25732695637925224,0.14310022440872433
53cc3dbd,2022-02-19,Southampton,Everton,2.1,3.5,3.5,2,0.4811108602416006,0.2991364415693656,0.21975269818903384
63d95af6,2022-02-20,Wolves,Leicester City,2.25,3.3,3.25,2,0.4049013958289453,0.305253520878188,0.2898450832928667
002f0ff0,2022-02-20,Leeds United,Manchester Utd,3.9,3.8,1.85,0,0.2681252561557634,0.31969351897868414,0.4121812248655525
f8d646cb,2022-02-23,Burnley,Tottenham Hotspur,4.6,3.8,1.75,2,0.2685576700976055,0.3080556627282235,0.42338666717417084
daa35440,2022-02-23,Watford,Crystal Palace,3.1,3.3,2.3,0,0.2940031836551414,0.31802701348208046,0.38796980286277816
6d0f3b48,2022-02-23,Liverpool,Leeds United,1.16,8.0,15.0,2,0.8065656322657502,0.12699533231579632,0.06643903541845343
3c516ed6,2022-02-24,Arsenal,Wolves,1.65,3.8,5.5,2,0.520363604981809,0.2712905755366708,0.20834581948152012
17c79d36,2022-02-25,Southampton,Norwich City,1.53,4.33,6.0,2,0.6476118239986479,0.2488217650506944,0.1035664109506576
05d37de9,2022-02-26,Leeds United,Tottenham Hotspur,4.2,3.6,1.85,0,0.3669433779156472,0.26681014247321205,0.3662464796111408
8cabd787,2022-02-26,Brighton,Aston Villa,2.2,3.3,3.5,0,0.4120202138548715,0.32120024404898934,0.2667795420961392
fd61d442,2022-02-26,Brentford,Newcastle United,2.5,3.2,3.0,0,0.3024137550714599,0.39791473224354773,0.2996715126849922
ab729bd6,2022-02-26,Everton,Manchester City,10.0,5.75,1.28,0,0.10190950089623524,0.1619194386753884,0.7361710604283763
086dcb8d,2022-02-26,Crystal Palace,Burnley,1.9,3.6,4.0,1,0.38883353476743987,0.33924534516711846,0.2719211200654416
43737c9c,2022-02-26,Manchester Utd,Watford,1.3,5.5,9.5,1,0.7323372178521317,0.20531604164117975,0.06234674050668857
b1dcaf8d,2022-02-27,West Ham United,Wolves,2.05,3.3,3.8,2,0.49959007247013276,0.2720375836460487,0.2283723438838186
a47f5f21,2022-03-01,Burnley,Leicester City,2.9,3.4,2.4,0,0.3671173181794549,0.3194260912224694,0.3134565905980756
9ccef73f,2022-03-05,Wolves,Crystal Palace,2.3,3.1,3.4,0,0.4174352527967372,0.311966262542871,0.2705984846603917
fcb61cff,2022-03-05,Norwich City,Brentford,2.9,3.1,2.5,0,0.2410474254164052,0.4467494230326025,0.3122031515509923
02337bda,2022-03-05,Newcastle United,Brighton,2.75,3.2,2.62,2,0.4623720649008292,0.3422906390097799,0.1953372960893909
bc1944c3,2022-03-05,Liverpool,West Ham United,1.28,5.75,9.5,2,0.7689935909358266,0.13422411429399758,0.09678229477017578
1aa40463,2022-03-05,Aston Villa,Southampton,2.3,3.5,3.0,2,0.3485342637397199,0.3031859035409784,0.3482798327193017
1d777dcd,2022-03-05,Leicester City,Leeds United,1.75,4.0,4.2,2,0.607162203976642,0.22982505594733774,0.16301274007602035
926192f8,2022-03-05,Burnley,Chelsea,6.5,4.33,1.5,0,0.1774879795320748,0.2179563167887578,0.6045557036791673
2dc5b8b0,2022-03-06,Manchester City,Manchester Utd,1.4,4.75,7.5,2,0.6705117369340207,0.18811543501195682,0.14137282805402246
9d5abf8b,2022-03-06,Watford,Arsenal,6.0,4.0,1.57,0,0.13684976952590658,0.25238529830690754,0.6107649321671859
6e11eac6,2022-03-07,Tottenham Hotspur,Everton,1.57,3.8,5.75,2,0.6629968761652251,0.21179269820678276,0.12521042562799214
4371c286,2022-03-10,Norwich City,Chelsea,11.0,4.75,1.3,0,0.06378217637269099,0.19779107766535683,0.7384267459619521
2d6fb488,2022-03-10,Southampton,Newcastle United,2.0,3.75,3.5,0,0.38347847956690345,0.3178530179551836,0.2986685024779129
d0ee0e9a,2022-03-10,Wolves,Watford,1.75,3.6,4.5,2,0.5559242167649938,0.29781281691889233,0.1462629663161139
79b8fb6e,2022-03-10,Leeds United,Aston Villa,2.7,3.5,2.5,0,0.3226972844826565,0.29487511714153114,0.3824275983758124
4d3331bb,2022-03-12,Brighton,Liverpool,6.0,4.33,1.5,0,0.09077380819615535,0.20944665006898053,0.6997795417348641
9718a901,2022-03-12,Brentford,Burnley,2.15,3.2,3.6,2,0.38543779885079693,0.39179678049810424,0.22276542065109886
e5e7becb,2022-03-12,Manchester Utd,Tottenham Hotspur,2.2,3.4,3.25,2,0.379617543534411,0.28909697118093136,0.33128548528465757
9e5d1f93,2022-03-13,Everton,Wolves,2.3,3.2,3.3,0,0.28542786546010784,0.3319293220171734,0.3826428125227187
81f2f022,2022-03-13,West Ham United,Aston Villa,2.25,3.3,3.3,2,0.4731604319841933,0.2694700092663124,0.2573695587494943
b13fb9b9,2022-03-13,Leeds United,Norwich City,1.55,4.2,5.75,2,0.6264467686751738,0.25932870539528996,0.11422452592953622
47ea9ab2,2022-03-13,Arsenal,Leicester City,1.5,4.5,6.0,2,0.5749428337331547,0.22242869461799986,0.20262847164884545
2c627dd8,2022-03-13,Southampton,Watford,1.6,4.2,5.25,0,0.6201404688749916,0.24391954719171688,0.1359399839332915
0dcf103b,2022-03-13,Chelsea,Newcastle United,1.3,5.25,11.0,2,0.6726196206447986,0.20406431138126335,0.12331606797393803
f5b6f5c5,2022-03-14,Crystal Palace,Manchester City,10.0,5.0,1.33,1,0.10063144084842346,0.18327459586589878,0.7160939632856778
59b3ee40,2022-03-16,Brighton,Tottenham Hotspur,3.3,3.3,2.25,0,0.18965894038821746,0.32621097335820526,0.48413008625357723
8ef5cc6b,2022-03-16,Arsenal,Liverpool,3.5,4.0,1.9,0,0.2832866239693928,0.19734857689555033,0.5193647991350568
029e5f94,2022-03-17,Everton,Newcastle United,2.4,3.25,3.1,2,0.3097877563003326,0.3146372815124027,0.3755749621872647
1c402923,2022-03-18,Wolves,Leeds United,2.1,3.5,3.4,0,0.5095476151277003,0.29936342102956887,0.1910889638427307
0cb74761,2022-03-19,Aston Villa,Arsenal,3.0,3.3,2.4,0,0.2911632280777477,0.26275672861869465,0.44608004330355755
c8c7dd9b,2022-03-20,Leicester City,Brentford,2.15,3.4,3.4,2,0.4377415047053911,0.35483284998114467,0.20742564531346425
5fb752fa,2022-03-20,Tottenham Hotspur,West Ham United,1.72,3.8,4.75,2,0.4782921843886232,0.26791646233435834,0.2537913532770184
c0037074,2022-04-02,Chelsea,Brentford,1.33,5.0,10.0,0,0.664922807398191,0.25668857402616696,0.07838861857564207
8e05e22c,2022-04-02,Liverpool,Watford,1.12,9.5,17.0,2,0.8850506255634317,0.08881274767255404,0.026136626764014216
c294f564,2022-04-02,Burnley,Manchester City,15.0,6.5,1.2,0,0.08254973343721445,0.16720458592442045,0.7502456806383653
df69a1b2,2022-04-02,Brighton,Norwich City,1.5,4.0,7.0,1,0.524355809097733,0.34177660258443543,0.1338675883178316
abc88be4,2022-04-02,Leeds United,Southampton,2.37,3.75,2.75,1,0.4645596323592224,0.2907949003686922,0.24464546727208547
320d3dfe,2022-04-02,Wolves,Aston Villa,3.0,3.1,2.55,2,0.4120490130386934,0.31859054898338957,0.269360437977917
00863ee3,2022-04-02,Manchester Utd,Leicester City,1.5,4.5,6.0,1,0.5434754334962417,0.24909492018834048,0.20742964631541774
b22e54c4,2022-04-03,West Ham United,Everton,1.75,3.8,4.5,2,0.6527608252188521,0.20179169062758784,0.14544748415356004
6f8a2207,2022-04-03,Tottenham Hotspur,Newcastle United,1.5,4.33,6.5,2,0.6150355137089154,0.24030192906238337,0.14466255722870133
d96b144a,2022-04-04,Crystal Palace,Arsenal,4.0,3.4,1.95,2,0.23847015937691166,0.2906245361285145,0.4709053044945739
8ee025e7,2022-04-06,Burnley,Everton,2.62,3.1,2.87,2,0.4322314141904987,0.30123313806355834,0.2665354477459429
739d8264,2022-04-08,Newcastle United,Wolves,2.25,3.1,3.4,2,0.35904436153851965,0.34947627631527317,0.2914793621462072
70d15cf0,2022-04-09,Southampton,Chelsea,3.8,3.6,1.95,0,0.2238551555954216,0.21356441399742235,0.5625804304071561
f976e20a,2022-04-09,Everton,Manchester Utd,4.6,3.75,1.75,2,0.19871577445797667,0.30164330554465213,0.4996409199973712
b18deecf,2022-04-09,Watford,Leeds United,2.7,3.4,2.55,0,0.2484721019954514,0.33592869904089906,0.4155991989636496
811d471f,2022-04-09,Aston Villa,Tottenham Hotspur,3.2,3.4,2.25,0,0.19303554946236387,0.2991028115077598,0.5078616390298764
37ddcda6,2022-04-09,Arsenal,Brighton,1.61,3.8,5.75,0,0.6624449233385575,0.2277449485761307,0.10981012808531179
6bb36736,2022-04-10,Brentford,West Ham United,2.62,3.3,2.62,2,0.26819272179031906,0.40429474032857565,0.32751253788110535
816c435d,2022-04-10,Leicester City,Crystal Palace,2.37,3.3,2.9,2,0.42032072389895425,0.2946166138353466,0.2850626622656991
8574aaf3,2022-04-10,Norwich City,Burnley,2.87,3.2,2.55,2,0.23260291995908713,0.3784467082199522,0.3889503718209607
37e2fe92,2022-04-10,Manchester City,Liverpool,2.0,3.75,3.5,1,0.48409653299460564,0.1462521243472861,0.3696513426581082
3b17352d,2022-04-16,Watford,Brentford,2.7,3.3,2.55,0,0.1690385974527798,0.41135262998078254,0.4196087725664378
0b266073,2022-04-16,Tottenham Hotspur,Brighton,1.53,4.0,6.5,0,0.6340246748425625,0.27502494593507487,0.09095037922236256
5ea2687c,2022-04-16,Southampton,Arsenal,3.8,3.6,1.95,2,0.3050830980924984,0.2343785887244228,0.46053831318307875
1c3ec7cf,2022-04-16,Manchester Utd,Norwich City,1.25,6.5,10.0,2,0.676123942491833,0.24212803980112746,0.08174801770703954
f3a245c8,2022-04-17,West Ham United,Burnley,1.7,3.8,5.0,1,0.6362335800135466,0.22782733123247664,0.13593908875397673
89803b3a,2022-04-17,Newcastle United,Leicester City,2.2,3.4,3.3,2,0.3451251384284823,0.29287944474102684,0.3619954168304908
09f1bef7,2022-04-19,Liverpool,Manchester Utd,1.4,5.0,7.0,2,0.7222444715087923,0.14840800701979812,0.12934752147140943
34fd93f9,2022-04-20,Manchester City,Brighton,1.16,7.0,17.0,2,0.8178797315025808,0.12601893321923086,0.05610133527818837
cf8c0df6,2022-04-20,Chelsea,Arsenal,1.83,3.6,4.33,0,0.6870370267051118,0.19395445878741255,0.11900851450747564
46471203,2022-04-20,Everton,Leicester City,2.25,3.4,3.25,1,0.31994239057141194,0.28588307567697196,0.39417453375161604
7a668764,2022-04-20,Newcastle United,Crystal Palace,2.25,3.4,3.25,2,0.4091019198266811,0.30963817637418695,0.2812599037991319
73ef622b,2022-04-21,Burnley,Southampton,2.75,3.25,2.62,2,0.40370415301677026,0.30378957923045763,0.29250626775277216
17e5cacf,2022-04-23,Leicester City,Aston Villa,2.8,3.4,2.5,1,0.5734451238225463,0.2374221850768414,0.18913269110061226
9c939b7f,2022-04-23,Brentford,Tottenham Hotspur,4.33,3.5,1.85,1,0.22983754454527006,0.40168264965794737,0.3684798057967825
b9f7c065,2022-04-23,Arsenal,Manchester Utd,2.05,3.5,3.5,2,0.5006200707223478,0.26108319999351526,0.23829672928413687
af522ca3,2022-04-23,Manchester City,Watford,1.1,10.0,26.0,2,0.9088969417736404,0.07299326908390445,0.018109789142455226
f6a877bb,2022-04-23,Norwich City,Newcastle United,3.5,3.3,2.15,0,0.17955284046158784,0.3704209471786883,0.45002621235972373
cfcd90ed,2022-04-24,Chelsea,West Ham United,1.5,4.33,6.5,2,0.6522867932141053,0.20891326775215935,0.13879993903373533
69235d39,2022-04-24,Liverpool,Everton,1.18,7.0,15.0,2,0.8328414260400865,0.12261212778865974,0.04454644617125389
32a11932,2022-04-24,Brighton,Southampton,2.1,3.4,3.6,1,0.4254093586903511,0.31475153922672494,0.25983910208292393
99d0fee1,2022-04-24,Burnley,Wolves,2.7,3.0,2.87,2,0.32714784738935065,0.3636301855640844,0.3092219670465649
1a9f4c1e,2022-04-25,Crystal Palace,Leeds United,2.05,3.5,3.5,1,0.36708544503325524,0.3272715743709203,0.3056429805958244
39f0deaa,2022-04-28,Manchester Utd,Chelsea,3.2,3.4,2.25,1,0.3083564953373469,0.24167081233164314,0.4499726923310099
b800c4ba,2022-04-30,Wolves,Brighton,2.7,3.2,2.75,0,0.3728429927397812,0.3768003021318417,0.25035670512837715
5ce80a04,2022-04-30,Leeds United,Manchester City,8.5,6.0,1.3,0,0.11066607847384417,0.17361353293100604,0.7157203885951499
81ac72d8,2022-04-30,Watford,Burnley,2.6,3.3,2.75,0,0.23624443521100102,0.3647898463058715,0.3989657184831275
d736eab8,2022-04-30,Newcastle United,Liverpool,8.5,5.0,1.36,0,0.14741650956878763,0.20239113536824063,0.6501923550629718
bf7873f2,2022-04-30,Aston Villa,Norwich City,1.4,4.5,9.0,2,0.5836032391069358,0.29057603045832125,0.12582073043474284
d260be24,2022-04-30,Southampton,Crystal Palace,2.4,3.3,3.1,0,0.43334271329690616,0.28958712656758934,0.2770701601355044
26ff83e6,2022-05-01,Tottenham Hotspur,Leicester City,1.44,4.75,7.0,2,0.5595288535862333,0.21152278546582914,0.22894836094793752
5290c2da,2022-05-01,West Ham United,Arsenal,4.33,3.8,1.8,0,0.3424335067972003,0.2831148555828574,0.37445163761994227
4ed4a295,2022-05-01,Everton,Chelsea,5.0,3.6,1.75,2,0.17665012698653282,0.2258410112857285,0.5975088617277386
c9b4c96a,2022-05-02,Manchester Utd,Brentford,1.72,4.0,4.5,2,0.4469644993898827,0.35141623596959987,0.20161926464051735
9a93e9b2,2022-05-07,Liverpool,Tottenham Hotspur,1.4,5.0,7.0,1,0.7031653208825115,0.1426881758255739,0.15414650329191457
efa43305,2022-05-07,Brighton,Manchester Utd,2.8,3.5,2.45,2,0.25381057338689317,0.3824755702449582,0.36371385636814857
1206a1df,2022-05-07,Crystal Palace,Watford,1.65,4.0,5.0,2,0.6229330144839841,0.2628911238760367,0.11417586163997921
7c8a79d2,2022-05-07,Chelsea,Wolves,1.33,5.0,9.5,1,0.743015977696571,0.16657612070991526,0.09040790159351374
c1dc9202,2022-05-07,Burnley,Aston Villa,3.0,3.3,2.4,0,0.42943968686994427,0.31867653979914523,0.25188377333091044
74a74729,2022-05-07,Brentford,Southampton,2.15,3.5,3.3,2,0.4701001960968451,0.34092789672242263,0.18897190718073228
ef41dec1,2022-05-08,Arsenal,Leeds United,1.45,4.5,7.0,2,0.6571939196333048,0.20802561121594518,0.13478046915074993
4a972389,2022-05-08,Leicester City,Everton,2.6,3.3,2.75,0,0.535113681783938,0.2524426573029938,0.21244366091306813
a370b8d5,2022-05-08,Norwich City,West Ham United,4.5,3.8,1.75,0,0.15985045231635514,0.29593541523414224,0.5442141324495027
d1bcaf2b,2022-05-08,Manchester City,Newcastle United,1.16,7.0,17.0,2,0.8122867518776158,0.128339928361626,0.05937331976075813
1016efad,2022-05-10,Aston Villa,Liverpool,7.5,4.75,1.4,0,0.14519943077223516,0.16915379477392486,0.6856467744538399
2ae05ae6,2022-05-11,Leicester City,Norwich City,1.44,4.75,7.0,2,0.690394182009485,0.2237698185392564,0.08583599945125861
6f225dc6,2022-05-11,Leeds United,Chelsea,4.75,4.2,1.65,0,0.2562847071706805,0.23392799465559444,0.509787298173725
a93c0c92,2022-05-11,Wolves,Manchester City,11.0,6.0,1.25,0,0.06437106044975409,0.18146122460381303,0.754167714946433
948fa2e3,2022-05-11,Watford,Everton,4.2,3.6,1.83,1,0.22602994855189412,0.3329082234974819,0.44106182795062393
607d0562,2022-05-12,Tottenham Hotspur,Arsenal,2.05,3.75,3.5,2,0.4043501074128885,0.27709885518782545,0.31855103739928603
5a142f6f,2022-05-15,Watford,Leicester City,3.8,3.5,1.95,0,0.17560637093625947,0.33073453125325164,0.4936590978104889
1ca898da,2022-05-15,Leeds United,Brighton,2.62,3.5,2.62,1,0.2923542381512306,0.382330737046636,0.32531502480213337
1d0f7282,2022-05-15,Tottenham Hotspur,Burnley,1.33,5.25,9.0,2,0.6289765391221108,0.2365754945596095,0.13444796631827974
f94c5f85,2022-05-15,West Ham United,Manchester City,7.5,5.0,1.4,1,0.11073647018251113,0.1765382468905958,0.7127252829268931
d2e9e9e3,2022-05-15,Aston Villa,Crystal Palace,2.0,3.5,3.75,1,0.40764548798045785,0.28980177220420394,0.30255273981533826
7f0d5ca8,2022-05-15,Wolves,Norwich City,1.45,4.75,6.5,1,0.6173384796751386,0.2844029616000436,0.0982585587248179
1b07c16e,2022-05-15,Everton,Brentford,2.05,3.6,3.5,0,0.2932572741271204,0.39933926952650667,0.3074034563463729
a3b3a0d5,2022-05-16,Newcastle United,Arsenal,4.33,3.6,1.83,2,0.317372577576512,0.2798609590123147,0.4027664634111733
733409b2,2022-05-17,Southampton,Liverpool,7.5,5.5,1.33,0,0.09677091388872346,0.14475693715867496,0.7584721489526015
82aa061a,2022-05-19,Everton,Crystal Palace,1.9,3.4,4.33,2,0.3647592606961067,0.30898104054080805,0.32625969876308525
75d8f6e0,2022-05-19,Chelsea,Leicester City,1.4,4.75,8.0,1,0.5839793896516405,0.22731703542926296,0.1887035749190965
bc4f902e,2022-05-19,Aston Villa,Burnley,2.05,3.5,3.6,1,0.45493773969626206,0.30081803899485227,0.24424422130888573
8b0f3e28,2022-05-22,Liverpool,Wolves,1.14,8.5,15.0,2,0.85142622684384,0.10350760796961869,0.04506616518654145
076ca089,2022-05-22,Brentford,Leeds United,2.45,3.8,2.62,0,0.45377040883540243,0.3713789380273828,0.17485065313721485
df85b298,2022-05-22,Chelsea,Watford,1.18,7.5,15.0,2,0.8392663902916623,0.12138221254390692,0.03935139716443074
4100d195,2022-05-22,Arsenal,Everton,1.36,4.75,9.0,2,0.5938476737294435,0.2258567816540911,0.18029554461646546
ad4ac82b,2022-05-22,Burnley,Newcastle United,2.25,3.4,3.2,0,0.3277913463072961,0.3245465942033285,0.34766205948937545
70a81794,2022-05-22,Brighton,West Ham United,2.37,3.5,2.9,2,0.32735621644407203,0.33556960720488765,0.33707417635104037
19173099,2022-05-22,Crystal Palace,Manchester Utd,3.0,3.6,2.25,2,0.3566344791130789,0.3013576011869032,0.342007919700018
7b4b63d0,2022-05-22,Manchester City,Aston Villa,1.16,8.0,17.0,2,0.8467643164852928,0.11077908842340356,0.04245659509130365
771ecae9,2022-05-22,Norwich City,Tottenham Hotspur,9.5,6.5,1.25,0,0.0850940627157109,0.22560225661086766,0.6893036806734214
16e2761e,2022-05-22,Leicester City,Southampton,1.85,4.0,3.8,2,0.6111400561796696,0.2406108373992583,0.14824910642107203
e62f6e78,2022-08-05,Crystal Palace,Arsenal,4.2,3.6,1.85,0,0.2567927366793694,0.3371580187790819,0.4060492445415488
3a917cee,2022-08-06,Everton,Chelsea,5.5,4.0,1.61,0,0.21628641545067556,0.25558255237985994,0.5281310321694644
1ac96eb4,2022-08-06,Newcastle United,Nottingham Forest,1.66,3.8,5.25,2,0.4546208344969216,0.3477998799313379,0.1975792855717406
09d8a999,2022-08-06,Tottenham Hotspur,Southampton,1.33,5.5,8.5,2,0.7529219607532858,0.16865136321435917,0.07842667603235512
877e3193,2022-08-06,Bournemouth,Aston Villa,3.75,3.5,2.0,2,0.3192380212664604,0.3120079560775371,0.36875402265600254
82702941,2022-08-06,Leeds United,Wolves,2.25,3.4,3.2,2,0.4934765301733582,0.29589726776112274,0.2106262020655191
6713c1dc,2022-08-06,Fulham,Liverpool,11.0,6.0,1.25,1,0.0497733613951281,0.12188187372978561,0.8283447648750863
ece62baf,2022-08-07,West Ham United,Manchester City,8.0,5.0,1.36,0,0.13924091525308735,0.1732949729167701,0.6874641118301426
3249ba27,2022-08-07,Leicester City,Brentford,2.0,3.75,3.5,1,0.4444192544735268,0.3908533254595758,0.16472742006689753
8251694e,2022-08-07,Manchester Utd,Brighton,1.6,4.2,5.25,0,0.3750632572364226,0.3687609398934471,0.2561758028701304
c916a5f6,2022-08-13,Brighton,Newcastle United,2.45,3.2,3.0,1,0.34080778480030266,0.33986047262070634,0.31933174257899105
8cd71c65,2022-08-13,Aston Villa,Everton,1.8,3.5,4.75,2,0.47580260007488545,0.2828737328040776,0.241323667121037
7483b97f,2022-08-13,Arsenal,Leicester City,1.53,4.33,5.75,2,0.48205244352885607,0.2759735170480082,0.24197403942313575
04712d4e,2022-08-13,Brentford,Manchester Utd,3.75,3.5,2.0,2,0.3673254977800398,0.3176103394927734,0.3150641627271868
311d705c,2022-08-13,Manchester City,Bournemouth,1.06,13.0,29.0,2,0.8494267726260486,0.11901218576437927,0.03156104160957214
54b33a13,2022-08-13,Southampton,Leeds United,2.25,3.5,3.1,1,0.3117243466029317,0.3121455429462534,0.3761301104508148
669b1665,2022-08-13,Wolves,Fulham,2.3,3.3,3.2,1,0.49182756083938306,0.356317847434578,0.1518545917260389
b1ebeda5,2022-08-14,Nottingham Forest,West Ham United,4.2,3.6,1.85,2,0.26771090938493775,0.26927592060589733,0.463013170009165
01e57bf5,2022-08-14,Chelsea,Tottenham Hotspur,2.25,3.4,3.2,1,0.36932518413372173,0.2624861422759407,0.36818867359033763
b3c6f709,2022-08-15,Liverpool,Crystal Palace,1.18,6.75,16.0,1,0.7968981725292189,0.12888084589701132,0.07422098157376976
7f11dd9e,2022-08-20,Bournemouth,Arsenal,8.0,4.75,1.4,0,0.13626786115897124,0.24162874063899897,0.6221033982020298
a107c037,2022-08-20,Fulham,Brentford,2.45,3.4,2.9,2,0.18069200330154206,0.3644588018408921,0.45484919485756575
3f89bccf,2022-08-20,Crystal Palace,Aston Villa,2.5,3.25,2.9,2,0.4115324398798761,0.3133072384996077,0.2751603216205161
3c3cc86f,2022-08-20,Everton,Nottingham Forest,1.9,3.6,4.0,1,0.4329882918262051,0.2890726786531082,0.27793902952068666
5cc3bd0e,2022-08-20,Tottenham Hotspur,Wolves,1.4,4.75,7.5,2,0.7049574063314279,0.20725820561969957,0.08778438804887248
02efd4d1,2022-08-20,Leicester City,Southampton,1.83,4.0,4.0,0,0.616343239679683,0.25036926184242286,0.13328749847789412
b513d9fe,2022-08-21,Newcastle United,Manchester City,7.5,5.0,1.36,1,0.11256398520472527,0.19367369637986503,0.6937623184154098
a5632124,2022-08-21,Leeds United,Chelsea,5.75,4.5,1.53,2,0.23058613049595433,0.2331177221199445,0.5362961473841013
aa2a3517,2022-08-21,West Ham United,Brighton,2.3,3.4,3.1,0,0.34441251450505117,0.3551659969736244,0.30042148852132444
3c9a8f71,2022-08-22,Manchester Utd,Liverpool,5.25,4.33,1.6,2,0.15566804112729998,0.18198737951858757,0.6623445793541125
8b69fd2d,2022-08-27,Arsenal,Fulham,1.3,5.75,9.0,2,0.7062427401132112,0.21907099918276268,0.07468626070402615
3b9bbac7,2022-08-27,Manchester City,Crystal Palace,1.18,7.5,13.0,2,0.8383382791757986,0.10585039772505929,0.05581132309914219
de515487,2022-08-27,Liverpool,Bournemouth,1.1,10.0,26.0,2,0.8815653720830727,0.08540466573706788,0.03302996217985943
db59fc65,2022-08-27,Brentford,Everton,2.0,3.5,3.75,1,0.5044444465699843,0.2850786640514568,0.21047688937855882
77c70160,2022-08-27,Brighton,Leeds United,1.9,3.8,3.8,2,0.3794492234287751,0.37250031552677115,0.2480504610444538
dff99b20,2022-08-27,Southampton,Manchester Utd,4.2,4.0,1.8,0,0.3389654727146798,0.3101212598538631,0.3509132674314572
b737a3a7,2022-08-27,Chelsea,Leicester City,1.4,5.0,7.0,2,0.619868232101639,0.19405411826751012,0.18607764963085094
3c364307,2022-08-28,Nottingham Forest,Tottenham Hotspur,7.0,4.6,1.44,0,0.18335244451993743,0.22271856352512234,0.5939289919549403
15d62d04,2022-08-28,Wolves,Newcastle United,2.7,3.3,2.7,1,0.2715197300733558,0.3231426536590591,0.4053376162675852
659b9113,2022-08-28,Aston Villa,West Ham United,2.3,3.4,3.1,0,0.4121440670720949,0.27123126386582547,0.31662466906207953
e1d6440f,2022-08-30,Crystal Palace,Brentford,2.05,3.4,3.6,1,0.41786756782137197,0.2643522228020979,0.31778020937653007
361f4461,2022-08-30,Fulham,Brighton,3.1,3.3,2.3,2,0.18275544581315073,0.3543924579317403,0.462852096255109
42d294e5,2022-08-30,Leeds United,Everton,2.15,3.5,3.3,1,0.5099537632601089,0.2718546872698684,0.21819154947002276
afd303a8,2022-08-30,Southampton,Chelsea,5.25,4.0,1.61,2,0.2318244708026126,0.2471362992908354,0.521039229906552
ac6047cf,2022-08-31,Liverpool,Newcastle United,1.33,5.25,9.0,2,0.8086208863947173,0.11593494606117168,0.07544416754411105
9760b466,2022-08-31,Manchester City,Nottingham Forest,1.06,13.0,29.0,2,0.8966686110649055,0.07033816367280238,0.03299322526229214
9f221621,2022-08-31,West Ham United,Tottenham Hotspur,3.6,3.8,1.95,1,0.19062533504460913,0.24932958275986827,0.5600450821955225
cc235aad,2022-08-31,Arsenal,Aston Villa,1.45,4.5,6.0,2,0.7342549329206539,0.1865907145779756,0.07915435250137043
91b239d8,2022-08-31,Bournemouth,Wolves,3.5,3.3,2.15,1,0.30456352743430004,0.3581246290089216,0.33731184355677835
c1f25d02,2022-09-01,Leicester City,Manchester Utd,3.4,3.75,2.05,0,0.40514820624746795,0.29258432681134816,0.3022674669411839
88f9aad9,2022-09-03,Brentford,Leeds United,2.1,3.5,3.4,2,0.39170296328786414,0.29538877611071157,0.31290826060142435
073227b6,2022-09-03,Everton,Liverpool,7.0,4.75,1.4,1,0.07563021499853413,0.18352507775911858,0.7408447072423472
4ca4efa3,2022-09-03,Newcastle United,Crystal Palace,2.0,3.5,3.75,1,0.4999404758350223,0.25748208967021613,0.24257743449476152
d7642197,2022-09-03,Chelsea,West Ham United,1.55,4.5,5.5,2,0.571929003994379,0.2090981311761991,0.21897286482942188
13f50518,2022-09-03,Wolves,Southampton,2.2,3.4,3.25,2,0.36813788705238676,0.37083820815898827,0.26102390478862497
05f32555,2022-09-03,Nottingham Forest,Bournemouth,1.95,3.5,3.8,0,0.5836209208000719,0.23867711413182097,0.17770196506810715
a497b725,2022-09-03,Tottenham Hotspur,Fulham,1.5,4.5,6.5,2,0.704350435189793,0.21162912139044313,0.08402044341976385
3091f0b8,2022-09-03,Aston Villa,Manchester City,8.0,5.5,1.33,1,0.04231433157319192,0.1233134926353421,0.8343721757914659
42d5b3b1,2022-09-04,Brighton,Leicester City,1.83,3.5,4.5,2,0.45145984096986685,0.31846327627569593,0.2300768827544371
61ddafa5,2022-09-04,Manchester Utd,Arsenal,2.5,3.5,2.7,2,0.27567293630559153,0.27565928808857976,0.44866777560582866
1219daa1,2022-09-16,Aston Villa,Southampton,2.1,3.5,3.5,2,0.3879611143654853,0.29442236558656415,0.3176165200479505
d0d07e66,2022-09-16,Nottingham Forest,Fulham,2.75,3.3,2.62,0,0.49665474271389193,0.29784049835517634,0.20550475893093173
96b5cc15,2022-09-17,Wolves,Manchester City,9.5,5.0,1.33,0,0.06532466142223592,0.19276530633318212,0.741910032244582
177da679,2022-09-17,Newcastle United,Bournemouth,1.44,4.4,7.5,1,0.6389193278318942,0.20297017653549118,0.1581104956326146
99e44c16,2022-09-17,Tottenham Hotspur,Leicester City,1.45,4.5,7.0,2,0.7225685760500233,0.1662621048409472,0.11116931910902951
fd5626e6,2022-09-18,Brentford,Arsenal,4.2,3.8,1.8,0,0.27375836460802444,0.29307889333076725,0.43316274206120836
96e9dc0f,2022-09-18,Everton,West Ham United,2.9,3.25,2.5,2,0.3656102868112019,0.28188334944250365,0.35250636374629446
aefe3b90,2022-10-01,Arsenal,Tottenham Hotspur,2.05,3.75,3.3,2,0.4159552970000588,0.23273236016603654,0.3513123428339046
06d00bcb,2022-10-01,Southampton,Everton,2.15,3.4,3.4,0,0.33938255005095036,0.31950380550557395,0.34111364444347575
aadd2e80,2022-10-01,Liverpool,Brighton,1.33,5.25,8.5,1,0.7262562926815963,0.17036826723076046,0.10337544008764323
dcde1172,2022-10-01,Fulham,Newcastle United,3.0,3.4,2.37,0,0.30948732255225053,0.2950714238480311,0.39544125359971827
89ff6cd8,2022-10-01,West Ham United,Wolves,1.95,3.5,4.2,2,0.47774768718736615,0.291618119944434,0.23063419286819986
372249f3,2022-10-01,Crystal Palace,Chelsea,4.2,3.6,1.85,0,0.27470027286371224,0.24781721092183312,0.4774825162144546
f2e86b27,2022-10-01,Bournemouth,Brentford,3.3,3.4,2.2,1,0.3188235552323893,0.33312278113534843,0.34805366363226214
627d2279,2022-10-02,Leeds United,Aston Villa,2.35,3.4,3.0,1,0.45375718782757146,0.2945411808218072,0.2517016313506213
886e6108,2022-10-02,Manchester City,Manchester Utd,1.33,5.75,7.5,2,0.755236324785389,0.15175591356446774,0.09300776165014324
a7976021,2022-10-03,Leicester City,Nottingham Forest,1.75,4.0,4.33,2,0.5266216765746483,0.24995960985247945,0.2234187135728723
3eeefbc5,2022-10-08,Brighton,Tottenham Hotspur,2.8,3.4,2.5,0,0.31698051498623425,0.32494574677413196,0.3580737382396338
7dd42d3f,2022-10-08,Newcastle United,Brentford,1.83,3.8,4.2,2,0.5711413880655417,0.24459231112740523,0.18426630080705314
c83cb314,2022-10-08,Chelsea,Wolves,1.4,4.5,8.0,2,0.6951891859803856,0.18568042134576646,0.11913039267384788
864294c0,2022-10-08,Manchester City,Southampton,1.11,10.0,17.0,2,0.9060834406381688,0.0713338855597779,0.02258267380205317
7db2a40a,2022-10-08,Bournemouth,Leicester City,3.6,3.4,2.05,2,0.2931266863129596,0.32478415504537356,0.38208915864166676
5d426690,2022-10-09,Everton,Manchester Utd,3.6,3.5,2.05,0,0.28823859349269243,0.31576750399327896,0.3959939025140286
84a48413,2022-10-09,Arsenal,Liverpool,2.5,3.6,2.62,2,0.38377019010435104,0.1757791304021364,0.4404506794935125
f9563020,2022-10-09,Crystal Palace,Leeds United,2.05,3.5,3.6,2,0.4679808306535948,0.25785103240661505,0.2741681369397901
42e38f9d,2022-10-09,West Ham United,Fulham,1.72,3.8,4.75,2,0.5684226206406529,0.29201963054396035,0.1395577488153868
fb99ddf9,2022-10-10,Nottingham Forest,Aston Villa,3.3,3.4,2.2,1,0.3481717773835546,0.29097919753889756,0.3608490250775479
69409682,2022-10-14,Brentford,Brighton,3.1,3.4,2.3,2,0.3189316689605483,0.34666686442359745,0.3344014666158542
ab7f61dd,2022-10-15,Fulham,Bournemouth,1.85,3.75,4.0,1,0.3191929052489066,0.33923683814009165,0.3415702566110017
37677e58,2022-10-15,Leicester City,Crystal Palace,2.3,3.4,3.1,1,0.4078600616414123,0.2668491860417369,0.3252907523168508
c9f8e7e9,2022-10-15,Wolves,Nottingham Forest,1.7,3.75,5.0,2,0.4364731796826942,0.33755970922560635,0.22596711109169954
e42493f9,2022-10-15,Tottenham Hotspur,Everton,1.5,4.5,6.5,2,0.6789838671893732,0.17701682436039623,0.14399930845023057
7113ce7f,2022-10-16,Aston Villa,Chelsea,4.33,3.75,1.8,0,0.18421252633878335,0.22732576936432947,0.5884617042968872
92885cfc,2022-10-16,Leeds United,Arsenal,6.0,4.2,1.55,0,0.1401696332774207,0.19579545475126958,0.6640349119713097
e0b9c72c,2022-10-16,Manchester Utd,Newcastle United,1.95,3.8,3.5,1,0.39577877243299825,0.335954288237338,0.2682669393296637
2f5adfad,2022-10-16,Southampton,West Ham United,2.9,3.4,2.4,1,0.24056376974589933,0.3184278410564933,0.4410083891976073
2ed4b79f,2022-10-16,Liverpool,Manchester City,3.6,4.0,1.9,2,0.2896903100602542,0.17133720310712394,0.538972486832622
60705c6d,2022-10-18,Crystal Palace,Wolves,2.25,3.1,3.4,2,0.4688598555285104,0.29304108837353177,0.23809905609795784
4f876daa,2022-10-18,Brighton,Nottingham Forest,1.4,4.75,7.0,1,0.5339874716227798,0.306508361898963,0.1595041664782572
e6674f8d,2022-10-19,Newcastle United,Everton,1.6,3.8,5.75,2,0.6137635041000733,0.2211391037119722,0.16509739218795452
eebe78c1,2022-10-19,Manchester Utd,Tottenham Hotspur,2.45,3.5,2.75,2,0.3143014292727514,0.264342795623067,0.4213557751041816
b7a32aeb,2022-10-19,Brentford,Chelsea,4.75,3.8,1.72,1,0.22072766949566902,0.2606575362977817,0.5186147942065493
8a2bb3b6,2022-10-19,Bournemouth,Southampton,2.62,3.3,2.62,0,0.44887722093082,0.3384838064425826,0.21263897262659737
dba5c5ec,2022-10-19,Liverpool,West Ham United,1.4,5.0,7.0,2,0.7516296494750208,0.12631831399870133,0.1220520365262778
e6102606,2022-10-20,Fulham,Aston Villa,2.9,3.3,2.5,2,0.3316044520193925,0.3103775918810087,0.35801795609959886
6356af5a,2022-10-20,Leicester City,Leeds United,2.25,3.6,3.0,2,0.49298604869400253,0.2665031610956899,0.24051079021030766
f92b67c2,2022-10-22,Nottingham Forest,Liverpool,11.0,6.0,1.25,2,0.09889971049085017,0.1582095516697798,0.7428907378393699
24d23a55,2022-10-22,Everton,Crystal Palace,2.6,3.2,2.87,2,0.2969735681842659,0.29178495132907467,0.4112414804866594
cd5cd3f0,2022-10-22,Manchester City,Brighton,1.2,7.0,13.0,2,0.8126113773115775,0.12862496048545002,0.058763662202972584
7ad85c8a,2022-10-22,Chelsea,Manchester Utd,2.05,3.5,3.5,1,0.46756939122684366,0.24380193882289702,0.2886286699502593
d7b30e2b,2022-10-23,Leeds United,Fulham,2.05,3.5,3.6,0,0.4190302317617839,0.32305787415893833,0.2579118940792778
ae21490f,2022-10-23,Tottenham Hotspur,Newcastle United,2.05,3.5,3.5,0,0.538882671949403,0.22549883715438046,0.23561849089621661
d8138438,2022-10-23,Southampton,Arsenal,6.0,4.0,1.57,1,0.1491610422867884,0.22431759014332006,0.6265213675698917
8774e664,2022-10-23,Wolves,Leicester City,2.25,3.25,3.25,0,0.29489487512929974,0.37214961081407966,0.33295551405662066
7764ca02,2022-10-23,Aston Villa,Brentford,2.1,3.5,3.5,2,0.38742778473345596,0.2824500714024605,0.33012214386408345
e9d1a18b,2022-10-24,West Ham United,Bournemouth,1.55,4.0,6.0,2,0.5446077055008779,0.2621399631166613,0.1932523313824607
96f5ee84,2022-10-29,Newcastle United,Aston Villa,1.8,3.75,4.5,2,0.5877619855301415,0.24854305209082675,0.1636949623790317
b5b1e744,2022-10-29,Liverpool,Leeds United,1.3,6.0,9.0,0,0.8183448991336186,0.11156391404579315,0.07009118682058825
4be07239,2022-10-29,Crystal Palace,Southampton,1.9,3.6,4.0,2,0.48537285820167797,0.27769287008030313,0.23693427171801898
9c4402e1,2022-10-29,Fulham,Everton,2.37,3.4,3.0,1,0.35718457007404075,0.3495604256150409,0.2932550043109183
41e403d3,2022-10-29,Brentford,Wolves,2.2,3.4,3.3,1,0.4684018126569134,0.29321166554083405,0.23838652180225245
dcb3b971,2022-10-29,Bournemouth,Tottenham Hotspur,5.0,3.8,1.7,0,0.18929278108381903,0.2362354468711817,0.5744717720449993
ac6abad1,2022-10-29,Brighton,Chelsea,3.0,3.3,2.4,2,0.25822780791964917,0.27328931093247594,0.468482881147875
96b9ae4e,2022-10-29,Leicester City,Manchester City,10.0,6.5,1.25,0,0.09636543184356683,0.14427341452234152,0.7593611536340916
1b496cc1,2022-10-30,Arsenal,Nottingham Forest,1.2,7.0,12.0,2,0.7493945628312707,0.1583438602307711,0.0922615769379582
cd0f59f6,2022-10-30,Manchester Utd,West Ham United,1.66,4.0,4.8,2,0.4955185778500289,0.287002904267697,0.2174785178822741
12251835,2022-11-05,Nottingham Forest,Brentford,2.75,3.3,2.6,1,0.38885554373831005,0.28003387441304334,0.3311105818486466
6ef27b3c,2022-11-05,Manchester City,Fulham,1.11,9.5,19.0,2,0.8680783437874986,0.09434519952978304,0.0375764566827184
63975c3e,2022-11-05,Leeds United,Bournemouth,1.72,3.8,4.75,2,0.5032450587789246,0.3042550494434469,0.19249989177762847
982d16a2,2022-11-05,Wolves,Brighton,3.3,3.3,2.25,0,0.25723767644618584,0.38131409485828366,0.3614482286955305
831c73fc,2022-11-05,Everton,Leicester City,2.4,3.3,3.0,0,0.31903691141750823,0.3203829068747968,0.36058018170769496
af9dc838,2022-11-06,Chelsea,Arsenal,2.55,3.4,2.7,0,0.30606725566304854,0.23387224890842642,0.4600604954285251
6638574f,2022-11-06,Aston Villa,Manchester Utd,3.3,3.8,2.1,2,0.20926177970967427,0.2888948169669398,0.5018434033233858
57f9bcc9,2022-11-06,Southampton,Newcastle United,4.0,3.6,1.9,0,0.15623878151684792,0.28417156120860626,0.5595896572745459
2586fb04,2022-11-06,West Ham United,Crystal Palace,1.9,3.4,4.2,0,0.44685700257573213,0.2882223249242948,0.26492067249997303
2954504d,2022-11-06,Tottenham Hotspur,Liverpool,3.3,3.6,2.1,0,0.46303621087519203,0.15571854204377922,0.3812452470810287
28b60c1b,2022-11-12,Manchester City,Brentford,1.14,8.0,17.0,0,0.8588398088344118,0.09735327175186767,0.043806919413720544
54f23f03,2022-11-12,Bournemouth,Everton,2.8,3.25,2.6,2,0.3772763861279549,0.30639901411578985,0.3163245997562553
1579d34b,2022-11-12,Liverpool,Southampton,1.25,6.5,11.0,2,0.8113283550884874,0.11953272880625607,0.0691389161052566
ee827a60,2022-11-12,Nottingham Forest,Crystal Palace,3.1,3.1,2.45,2,0.31426129113790735,0.30194341719184975,0.38379529167024284
863d7a8f,2022-11-12,Wolves,Arsenal,6.0,4.2,1.55,0,0.12194390373689051,0.25966325811221397,0.6183928381508955
6e89557a,2022-11-12,West Ham United,Leicester City,2.05,3.4,3.75,0,0.3615207001029752,0.2778235353793217,0.36065576451770304
e1b3eb1b,2022-11-12,Newcastle United,Chelsea,2.35,3.4,3.0,2,0.49023546114268063,0.20384441857757865,0.30592012027974075
0030e686,2022-11-12,Tottenham Hotspur,Leeds United,1.65,4.2,4.75,2,0.6868913781240702,0.1840208474440453,0.12908777443188454
a7031cbd,2022-11-13,Brighton,Aston Villa,1.83,3.75,4.2,0,0.48733285273306776,0.3334215709329486,0.17924557633398358
af75b6b0,2022-11-13,Fulham,Manchester Utd,3.8,3.8,1.9,0,0.2324817024765774,0.2903192928064836,0.47719900471693905
3527c390,2022-12-26,Southampton,Brighton,3.3,3.5,2.15,0,0.26569013408214637,0.3667638597844559,0.3675460061333977
ab7d4465,2022-12-26,Aston Villa,Liverpool,4.75,4.0,1.7,0,0.16238554487275764,0.1754910591198665,0.6621233960073758
ef424180,2022-12-26,Everton,Wolves,2.3,3.25,3.2,0,0.4047374886561994,0.34740016050805783,0.24786235083574262
14e4f648,2022-12-26,Brentford,Tottenham Hotspur,4.0,3.6,1.91,1,0.24767539945366465,0.25697573193190154,0.4953488686144339
8e186153,2022-12-26,Leicester City,Newcastle United,3.25,3.5,2.2,0,0.2996036201596386,0.2605346247818369,0.43986175505852454
3be32b8b,2022-12-26,Arsenal,West Ham United,1.5,4.33,6.5,2,0.7522795337213907,0.15282386607596435,0.09489660020264487
bbb301a6,2022-12-26,Crystal Palace,Fulham,2.05,3.6,3.5,0,0.4728492295331547,0.3319537957362168,0.19519697473062836
d55b9033,2022-12-27,Chelsea,Bournemouth,1.3,5.5,10.0,2,0.6113822008272203,0.22750981418025273,0.1611079849925271
b860f634,2022-12-27,Manchester Utd,Nottingham Forest,1.29,5.5,11.0,2,0.5666847702381949,0.2864753561340089,0.1468398736277963
a85ef749,2022-12-28,Leeds United,Manchester City,9.5,6.0,1.29,0,0.14550656118398025,0.14719792329118908,0.7072955155248306
56acbbbe,2022-12-30,West Ham United,Brentford,2.0,3.6,3.6,0,0.40137363634387363,0.32012680705884106,0.2784995565972853
c5e4ccf5,2022-12-30,Liverpool,Leicester City,1.29,6.0,9.5,2,0.7502739095938686,0.13606615855381923,0.11365993185231218
bcfb66ff,2022-12-31,Manchester City,Everton,1.13,9.0,19.0,1,0.8952231975021028,0.07163942527719475,0.03313737722070248
a15bf99e,2022-12-31,Fulham,Southampton,1.95,3.6,3.75,2,0.49814546133119136,0.3030676904942268,0.19878684817458192
0facecde,2022-12-31,Newcastle United,Leeds United,1.45,4.5,7.0,1,0.6789566318295219,0.19882499108794774,0.12221837708253042
8ef80305,2022-12-31,Wolves,Manchester Utd,4.0,3.6,1.91,0,0.1761130341753747,0.3767776510796718,0.4471093147449535
dab2ed3a,2022-12-31,Bournemouth,Crystal Palace,2.8,3.3,2.5,0,0.3728033565089301,0.28955474396995184,0.33764189952111806
dd50a429,2022-12-31,Brighton,Arsenal,3.4,3.5,2.1,0,0.21184362753904748,0.30071715192212517,0.48743922053882743
c31cf944,2023-01-01,Nottingham Forest,Chelsea,5.0,3.8,1.7,1,0.2449136187876225,0.26927309756733914,0.48581328364503834
63e8eaf8,2023-01-01,Tottenham Hotspur,Aston Villa,1.67,4.0,5.0,0,0.6853089745523857,0.1923700637073453,0.122320961740269
af6aa183,2023-01-02,Brentford,Liverpool,5.5,4.33,1.55,2,0.1707799998871937,0.18021321262918957,0.6490067874836168
ceebd643,2023-01-03,Arsenal,Newcastle United,1.8,3.8,4.33,1,0.5752565315798508,0.20529193368093102,0.21945153473921808
c62d7632,2023-01-03,Everton,Brighton,3.5,3.5,2.1,0,0.24603542166946404,0.3154846283484361,0.4384799499820999
12e0894b,2023-01-03,Leicester City,Fulham,2.2,3.6,3.1,0,0.42797303265605513,0.29904660279555145,0.2729803645483935
63fc7f12,2023-01-03,Manchester Utd,Bournemouth,1.29,5.5,11.0,2,0.6775727585462747,0.24382235880618844,0.07860488264753669
cc17c735,2023-01-04,Southampton,Nottingham Forest,2.0,3.5,3.8,0,0.38106553553112193,0.3284916271493052,0.29044283731957293
068406dc,2023-01-04,Leeds United,West Ham United,2.6,3.5,2.6,1,0.4715805030887151,0.2542120249172716,0.27420747199401335
895a1c1f,2023-01-04,Aston Villa,Wolves,1.95,3.6,4.0,1,0.501914269506518,0.3047571104945663,0.19332861999891576
d8118454,2023-01-04,Crystal Palace,Tottenham Hotspur,3.4,3.5,2.15,0,0.28855172011923547,0.2751845093346559,0.4362637705461087
eacda90c,2023-01-05,Chelsea,Manchester City,5.0,4.0,1.67,0,0.2188570552386594,0.1481282215362077,0.6330147232251329
2902a42d,2023-01-12,Fulham,Chelsea,3.3,3.5,2.15,2,0.2711575430974464,0.2867735027795419,0.4420689541230118
ea58bf24,2023-01-13,Aston Villa,Leeds United,1.91,3.6,4.0,2,0.4632680201607837,0.2931240041810407,0.24360797565817555
3f992264,2023-01-14,Brentford,Bournemouth,1.65,4.0,5.25,2,0.6269776930456493,0.25729905584667434,0.1157232511076762
95d3b457,2023-01-14,Nottingham Forest,Leicester City,2.7,3.3,2.63,2,0.38811999466386016,0.32026960242785785,0.291610402908282
20fbd1a1,2023-01-14,Wolves,West Ham United,2.63,3.3,2.7,2,0.37164842617178845,0.3424035689379429,0.28594800489026867
f0fd7541,2023-01-14,Manchester Utd,Manchester City,4.2,3.6,1.85,2,0.2452757695314685,0.22351445916817325,0.5312097713003583
11603f7f,2023-01-14,Everton,Southampton,2.25,3.25,3.3,0,0.45813194264719753,0.31807093081084914,0.22379712654195333
cfc2a193,2023-01-14,Brighton,Liverpool,3.4,3.6,2.1,2,0.2620846075468665,0.27567380301219724,0.4622415894409363
564d2893,2023-01-15,Chelsea,Crystal Palace,1.62,4.0,5.25,2,0.5926329752784868,0.21741330760734578,0.18995371711416742
f93d11e7,2023-01-15,Newcastle United,Fulham,1.5,4.33,6.5,2,0.6042877707149804,0.2243384994424361,0.17137372984258356
4fc8b7b2,2023-01-15,Tottenham Hotspur,Arsenal,3.1,3.6,2.2,0,0.34607694014314555,0.2243821970073738,0.4295408628494806
adf46096,2023-01-18,Crystal Palace,Manchester Utd,4.5,3.6,1.8,1,0.18507403431424405,0.2769628983840727,0.5379630673016833
847f0a9c,2023-01-19,Manchester City,Tottenham Hotspur,1.36,5.0,8.5,2,0.7019014984613354,0.12518950193723796,0.17290899960142664
38c715b4,2023-01-21,Bournemouth,Nottingham Forest,2.75,3.1,2.75,1,0.2200209189482613,0.35287099964794433,0.4271080814037943
91d49468,2023-01-21,Southampton,Aston Villa,2.88,3.25,2.55,0,0.27378317810208463,0.3510544755899574,0.3751623463079579
bcbbc55f,2023-01-21,Leicester City,Brighton,3.6,3.5,2.05,1,0.26163621165271905,0.35056979362089685,0.387793994726384
7febc290,2023-01-21,Liverpool,Chelsea,1.85,3.75,4.0,1,0.6096895404555581,0.16503899589120166,0.22527146365324024
db9cdba8,2023-01-21,West Ham United,Everton,1.8,3.75,4.75,2,0.5096198935537575,0.2760693637482237,0.21431074269801884
8468f673,2023-01-21,Crystal Palace,Newcastle United,4.4,3.5,1.85,1,0.2480077233606902,0.22030519223201922,0.5316870844072905
7337f90a,2023-01-22,Manchester City,Wolves,1.2,8.0,11.0,2,0.8332596748796122,0.12136229125108605,0.04537803386930169
1b35bc71,2023-01-22,Arsenal,Manchester Utd,1.8,3.8,4.2,2,0.5495032434379213,0.1928312059990432,0.2576655505630356
f0e7d8a8,2023-01-22,Leeds United,Brentford,2.38,3.6,2.88,1,0.2754771719776153,0.306836584287884,0.41768624373450064
098cd338,2023-01-23,Fulham,Tottenham Hotspur,3.3,3.6,2.1,0,0.2485450257461188,0.28555713972272984,0.46589783453115136
c3cf244b,2023-02-03,Chelsea,Fulham,1.62,4.0,5.25,1,0.6069424372151944,0.2377536843148565,0.1553038784699492
dca5ea6c,2023-02-04,Manchester Utd,Crystal Palace,1.4,4.75,8.0,2,0.6095931319601177,0.23612247563813463,0.15428439240174768
dccc53ae,2023-02-04,Brighton,Bournemouth,1.33,5.25,8.5,2,0.6270835622091081,0.28745084958679884,0.08546558820409306
ef31dad5,2023-02-04,Brentford,Southampton,1.85,3.6,4.2,2,0.6130844201595096,0.272416633897094,0.11449894594339655
07fc721a,2023-02-04,Everton,Arsenal,8.5,4.5,1.4,2,0.09633383549358118,0.17394295213076,0.7297232123756587
34e9160c,2023-02-04,Newcastle United,West Ham United,1.6,3.8,6.0,1,0.6313702202025147,0.21847317086679888,0.15015660893068647
d67a16c8,2023-02-04,Wolves,Liverpool,4.0,3.8,1.85,2,0.1633435281818832,0.22275213028750057,0.6139043415306162
76a2a22c,2023-02-04,Aston Villa,Leicester City,1.95,3.6,3.8,0,0.49958599145653904,0.2849028939063571,0.2155111146371039
7c47cb5e,2023-02-05,Nottingham Forest,Leeds United,2.63,3.3,2.7,2,0.4632802270781843,0.30904397733715017,0.2276757955846655
8a923619,2023-02-05,Tottenham Hotspur,Manchester City,4.33,4.2,1.73,2,0.2111194644292752,0.14584717065201458,0.6430333649187102
80532a54,2023-02-08,Manchester Utd,Leeds United,1.45,5.0,6.0,1,0.6495294534675097,0.24087855314189302,0.10959199339059723
390c7b85,2023-02-11,Leicester City,Tottenham Hotspur,3.4,3.6,2.1,2,0.28377482873391974,0.24243082641449104,0.4737943448515892
8c7913ed,2023-02-11,Southampton,Wolves,2.9,3.2,2.55,0,0.28035525582168774,0.38891416645397797,0.3307305777243342
ee86dc99,2023-02-11,Fulham,Nottingham Forest,1.91,3.5,4.33,2,0.318315278655535,0.3044615535307911,0.3772231678136739
d9339e30,2023-02-11,Bournemouth,Newcastle United,6.5,4.0,1.53,1,0.1580074694287487,0.2566343036802178,0.5853582268910335
7caa56bc,2023-02-11,Arsenal,Brentford,1.44,4.75,7.0,1,0.6279923211353349,0.20983439083375632,0.1621732880309088
18dea268,2023-02-11,West Ham United,Chelsea,3.3,3.3,2.25,1,0.2969574041644661,0.2760543548432162,0.42698824099231775
5d5deba7,2023-02-11,Crystal Palace,Brighton,3.8,3.5,2.0,1,0.26704363140278875,0.3266189895005801,0.40633737909663126
18fcd595,2023-02-12,Manchester City,Aston Villa,1.25,6.5,11.0,2,0.7973857208182429,0.11572906636507252,0.08688521281668471
3386146f,2023-02-12,Leeds United,Manchester Utd,3.75,3.8,1.91,0,0.20527565052545685,0.3053738788473875,0.48935047062715564
a895ec23,2023-02-13,Liverpool,Everton,1.5,4.33,6.5,2,0.7399935479992735,0.1673403613594326,0.09266609064129386
b9da01e6,2023-02-15,Arsenal,Manchester City,2.9,3.5,2.35,0,0.37965287858908237,0.15127107466191508,0.46907604674900244
8d750d5d,2023-02-18,Chelsea,Southampton,1.4,4.75,8.5,0,0.6975394904011685,0.19510822351806756,0.10735228608076397
f6370484,2023-02-18,Brentford,Crystal Palace,1.83,3.5,4.5,1,0.508817655164089,0.2783673713754035,0.2128149734605074
67a7aee6,2023-02-18,Brighton,Fulham,1.65,3.8,5.5,0,0.4626104376559745,0.36470721631775077,0.17268234602627472
e50bfcf8,2023-02-18,Aston Villa,Arsenal,4.5,3.6,1.5,0,0.23413032331024847,0.1912528956933138,0.5746167809964378
2f909763,2023-02-18,Newcastle United,Liverpool,2.5,3.5,2.7,0,0.3802375942096718,0.1722535301912475,0.44750887559908076
7f12d9aa,2023-02-18,Nottingham Forest,Manchester City,8.5,5.5,1.3,1,0.09282395997969575,0.15526280170059445,0.7519132383197098
eaf37ab4,2023-02-18,Wolves,Bournemouth,1.67,3.6,6.0,0,0.511989105190695,0.3523612007388188,0.13564969407048622
d5f67d2e,2023-02-18,Everton,Leeds United,2.4,3.3,3.0,2,0.3618019620582503,0.32617715691416715,0.3120208810275825
d6e88163,2023-02-19,Manchester Utd,Leicester City,1.62,4.33,5.25,2,0.5187509062952397,0.29592601900187815,0.18532307470288223
aae66d3d,2023-02-19,Tottenham Hotspur,West Ham United,1.75,3.6,4.75,2,0.5584295605719832,0.23521903361369548,0.2063514058143213
b452508e,2023-02-24,Fulham,Wolves,2.5,3.2,3.0,1,0.38161935881095577,0.3439231836489435,0.2744574575401007
25436a3b,2023-02-25,Everton,Aston Villa,2.5,3.2,3.0,0,0.36411475009995437,0.3377077989281834,0.2981774509718622
9edb32a3,2023-02-25,Leeds United,Southampton,1.95,3.5,4.0,2,0.42749627032730525,0.31848471345910456,0.25401901621359013
145cc0a5,2023-02-25,Leicester City,Arsenal,4.75,4.0,1.7,0,0.24169899323507588,0.2095510873180415,0.5487499194468827
767981c6,2023-02-25,West Ham United,Nottingham Forest,1.75,3.6,5.0,2,0.38816896419564667,0.3008577535307516,0.31097328227360166
e731c1dd,2023-02-25,Bournemouth,Manchester City,10.0,5.75,1.29,0,0.06176765143331702,0.13378638538968254,0.8044459631770005
8a59c49c,2023-02-25,Crystal Palace,Liverpool,4.75,3.8,1.73,1,0.198708461542367,0.20372241520557488,0.597569123252058
8eff71b5,2023-02-26,Tottenham Hotspur,Chelsea,2.55,3.25,2.9,2,0.5310042396377068,0.2128054388620657,0.25619032150022747
705a2f3c,2023-03-01,Arsenal,Everton,1.36,4.75,10.0,2,0.796935762936523,0.13142104782363587,0.07164318923984106
5e05f5f4,2023-03-01,Liverpool,Wolves,1.5,4.75,6.0,2,0.727921894403717,0.17537414359413392,0.09670396200214905
4d14422c,2023-03-04,Southampton,Leicester City,2.75,3.3,2.6,2,0.25345936664794266,0.3168063566729731,0.42973427667908437
b33bcb97,2023-03-04,Manchester City,Newcastle United,1.45,4.5,7.0,2,0.7868367258521085,0.10514377294481986,0.10801950120307167
3e9a33fc,2023-03-04,Arsenal,Bournemouth,1.22,7.0,12.0,2,0.8219728774423214,0.12642291590796564,0.051604206649713
bf4ac62d,2023-03-04,Wolves,Tottenham Hotspur,3.3,3.4,2.2,2,0.17654320379647764,0.2870901570739191,0.5363666391296033
433a4487,2023-03-04,Aston Villa,Crystal Palace,2.05,3.3,3.8,2,0.4333849796819534,0.2703991627892228,0.2962158575288239
bee059c4,2023-03-04,Brighton,West Ham United,1.8,3.6,4.5,2,0.4046379764044885,0.3494457936840734,0.24591622991143805
59f9a78f,2023-03-04,Chelsea,Leeds United,1.62,4.0,5.5,2,0.5823759317618507,0.21942216342191537,0.198201904816234
ec770341,2023-03-05,Nottingham Forest,Everton,2.7,3.0,2.88,1,0.4985732096040962,0.29991817575189994,0.20150861464400383
756e8036,2023-03-05,Liverpool,Manchester Utd,2.38,3.6,2.88,2,0.5008546735788486,0.22709506508720642,0.2720502613339449
3dce3a24,2023-03-06,Brentford,Fulham,1.95,3.6,3.75,2,0.4685321326735926,0.2902287003621939,0.24123916696421357
d29fe1d9,2023-03-11,Crystal Palace,Manchester City,9.0,4.75,1.36,0,0.0851187307814983,0.16602098422600414,0.7488602849924976
bd5571a1,2023-03-11,Leicester City,Chelsea,3.75,3.5,1.95,0,0.32220828905260945,0.2566556557561191,0.42113605519127145
d065f9cd,2023-03-11,Tottenham Hotspur,Nottingham Forest,1.44,4.75,7.0,2,0.659931756802026,0.1870885076937482,0.1529797355042259
980f57d4,2023-03-11,Everton,Brentford,2.7,3.25,2.7,2,0.24138720912284137,0.2846287580534455,0.4739840328237131
d376dff8,2023-03-11,Bournemouth,Liverpool,7.5,5.0,1.4,2,0.06479393716290288,0.1872138075163197,0.7479922553207774
3f653d6f,2023-03-11,Leeds United,Brighton,3.75,3.6,1.95,1,0.21570435747665848,0.384450561231954,0.3998450812913877
df6f054e,2023-03-12,West Ham United,Aston Villa,2.2,3.3,3.4,1,0.37066177995880084,0.30464645159499704,0.3246917684462022
c416a3de,2023-03-12,Newcastle United,Wolves,1.65,3.75,5.5,2,0.5636813684094686,0.24830584429934063,0.18801278729119078
9cd3ca2c,2023-03-12,Manchester Utd,Southampton,1.36,5.0,9.0,1,0.6444423518826812,0.2581194941601374,0.09743815395718139
d238973c,2023-03-12,Fulham,Arsenal,6.0,4.0,1.57,0,0.13583885874087268,0.1995827793223343,0.664578361936793
d23a30cc,2023-03-15,Brighton,Crystal Palace,1.44,4.2,8.0,2,0.48896726472461366,0.3470872246408399,0.16394551063454646
a4202b5b,2023-03-15,Southampton,Brentford,2.88,3.25,2.5,0,0.28684406276407265,0.2900045069567388,0.4231514302791886
5345049a,2023-03-17,Nottingham Forest,Newcastle United,5.5,3.8,1.62,0,0.26819017557638114,0.24781841632841975,0.48399140809519914
3cb714a4,2023-03-18,Wolves,Leeds United,2.25,3.2,3.3,0,0.39878141609627926,0.3581325311558792,0.24308605274784162
7647948e,2023-03-18,Brentford,Leicester City,1.91,3.6,3.75,1,0.5675196179456474,0.2572232145399474,0.17525716751440512
bd9ec55d,2023-03-18,Southampton,Tottenham Hotspur,4.75,3.6,1.75,1,0.16244199783569224,0.2421448935276818,0.595413108636626
9453dba7,2023-03-18,Chelsea,Everton,1.5,4.2,7.5,1,0.6184257757921402,0.22973135248274737,0.15184287172511246
88981274,2023-03-18,Aston Villa,Bournemouth,1.7,3.8,5.0,2,0.5339971377503224,0.28439972089626037,0.18160314135341726
98e0de00,2023-03-19,Arsenal,Crystal Palace,1.25,5.5,15.0,2,0.7932111312982748,0.14558107019961838,0.061207798502106926
2e4383ca,2023-04-01,Arsenal,Leeds United,1.29,6.0,9.0,2,0.767514250003853,0.16260081656094086,0.06988493343520613
c14b278c,2023-04-01,Nottingham Forest,Wolves,3.0,3.1,2.55,1,0.3931366681935571,0.3484294989746497,0.2584338328317933
ead2251e,2023-04-01,Brighton,Brentford,1.67,4.0,5.0,1,0.3983954031633497,0.33359454504414876,0.2680100517925015
870fa8c9,2023-04-01,Chelsea,Aston Villa,1.67,3.8,5.25,0,0.5102679205515193,0.23664378239302633,0.25308829705545444
f64320c3,2023-04-01,Bournemouth,Fulham,2.55,3.3,2.8,2,0.32610929036186864,0.3126742856464824,0.361216423991649
ee1878a0,2023-04-01,Crystal Palace,Leicester City,2.5,3.25,2.9,2,0.40707621627964563,0.2641850330520455,0.32873875066830893
40966f45,2023-04-01,Manchester City,Liverpool,1.62,4.2,5.0,2,0.5897660853448696,0.15065993955233453,0.25957397510279584
1ed948f6,2023-04-02,Newcastle United,Manchester Utd,2.4,3.4,2.9,2,0.4896506702413248,0.23529817775960565,0.2750511519990696
42e1f38d,2023-04-02,West Ham United,Southampton,1.73,3.6,5.0,2,0.49207557207883773,0.30238994190896124,0.20553448601220115
c00d9a22,2023-04-03,Everton,Tottenham Hotspur,3.4,3.3,2.2,1,0.21070236736961598,0.24252621866872193,0.5467714139616622
95a97dc6,2023-04-04,Bournemouth,Brighton,6.0,4.2,1.53,0,0.23039467292406,0.38053318277804443,0.3890721442978956
1251d1c0,2023-04-04,Leeds United,Nottingham Forest,1.7,3.75,5.0,2,0.44857188001013626,0.3022934302909033,0.24913468969896058
f213214b,2023-04-04,Leicester City,Aston Villa,2.55,3.3,2.75,0,0.258131634722177,0.2660949511778729,0.4757734140999501
1028e683,2023-04-04,Chelsea,Liverpool,2.2,3.4,3.25,1,0.3667900984347923,0.19605890508715718,0.43715099647805056
f3e6e475,2023-04-05,Manchester Utd,Brentford,1.65,4.0,5.0,2,0.45746394066582835,0.30786646668763107,0.23466959264654053
4a87012d,2023-04-05,West Ham United,Newcastle United,3.6,3.25,2.15,0,0.2691033179569995,0.2431044347850482,0.48779224725795234
68cd68fd,2023-04-08,Aston Villa,Nottingham Forest,1.6,4.2,5.25,2,0.556248793244042,0.2590123728655409,0.1847388338904171
a5e78e89,2023-04-08,Brentford,Newcastle United,3.6,3.4,2.05,0,0.24719978063544865,0.24387031648215343,0.508929902882398
e217ed2c,2023-04-08,Manchester Utd,Everton,1.5,4.33,6.5,2,0.6044262867194513,0.25713417083160134,0.13843954244894735
0ba42648,2023-04-08,Fulham,West Ham United,2.8,3.25,2.63,0,0.35865504064338233,0.3423977485275546,0.29894721082906306
72ca7930,2023-04-08,Leicester City,Bournemouth,1.83,3.75,4.2,0,0.4578195487926515,0.3077613753103395,0.23441907589700914
b3ad7bd4,2023-04-08,Tottenham Hotspur,Brighton,2.55,3.5,2.7,2,0.44506396113365415,0.2715100407811526,0.2834259980851932
aa1fa8dc,2023-04-08,Wolves,Chelsea,4.2,3.5,1.91,2,0.2584282171223799,0.2936639743012645,0.44790780857635565
fb045117,2023-04-08,Southampton,Manchester City,11.0,6.0,1.25,0,0.05998013704684601,0.15160750978330598,0.7884123531698479
a1c39217,2023-04-09,Leeds United,Crystal Palace,2.1,3.4,3.6,0,0.4304329297293112,0.28472530520344985,0.284841765067239
f3774baa,2023-04-09,Liverpool,Arsenal,2.88,3.6,2.38,1,0.2951761464232255,0.1919753099908911,0.5128485435858834
7bbac622,2023-04-15,Aston Villa,Newcastle United,3.6,3.4,2.05,2,0.30581172188685735,0.2545960815501718,0.43959219656297094
ce8df388,2023-04-15,Manchester City,Leicester City,1.14,8.5,15.0,2,0.8958872638656225,0.07570903648689595,0.028403699647481667
18e7d354,2023-04-15,Chelsea,Brighton,2.63,3.4,2.63,0,0.44110013256037756,0.29705108715259865,0.26184878028702374
ecae749b,2023-04-15,Everton,Fulham,2.05,3.4,3.7,0,0.4629753695013009,0.30289371217833916,0.23413091832035984
b2402736,2023-04-15,Wolves,Brentford,2.45,3.1,3.0,2,0.3008171864454078,0.37995042234001153,0.3192323912145807
bfc49d95,2023-04-15,Tottenham Hotspur,Bournemouth,1.45,4.5,7.0,0,0.6724314823232701,0.19150494612043018,0.1360635715562998
67f47a1b,2023-04-15,Southampton,Crystal Palace,2.8,3.1,2.7,0,0.2517176788575228,0.2944032540112194,0.4538790671312579
3120ba0d,2023-04-16,West Ham United,Arsenal,6.0,4.2,1.55,1,0.13592778466947117,0.2356661123959101,0.6284061029346187
4ca8f9f6,2023-04-16,Nottingham Forest,Manchester Utd,5.5,4.0,1.62,0,0.19964325552648612,0.28900258186764277,0.5113541626058711
fd3d05f5,2023-04-17,Leeds United,Liverpool,4.2,4.2,1.73,0,0.17524125513165525,0.23518040720863323,0.5895783376597116
12efc7dd,2023-04-21,Arsenal,Southampton,1.2,7.0,13.0,1,0.8447615425169305,0.11034674275728523,0.0448917147257842
99bfc321,2023-04-22,Liverpool,Nottingham Forest,1.17,7.5,17.0,2,0.8088490502507493,0.12168391516243314,0.06946703458681755
25f6dcd1,2023-04-22,Crystal Palace,Everton,2.05,3.2,3.75,1,0.5682193189194747,0.26585802917420387,0.16592265190632133
b87e66b4,2023-04-22,Leicester City,Wolves,2.38,3.3,3.0,2,0.3245681737051831,0.34393341416405965,0.33149841213075715
f2d8700d,2023-04-22,Fulham,Leeds United,2.3,3.4,3.1,2,0.509657782083563,0.28591646726946085,0.20442575064697616
2b51686a,2023-04-22,Brentford,Aston Villa,2.5,3.25,2.88,1,0.293534531474037,0.2979775341904798,0.40848793433548325
dff22d13,2023-04-23,Newcastle United,Tottenham Hotspur,1.83,3.75,4.2,2,0.48489098426203014,0.20268162062995101,0.3124273951080187
3306d30f,2023-04-23,Bournemouth,West Ham United,2.88,3.2,2.55,0,0.34915842889236814,0.2979431603407683,0.35289841076686357
8b295a84,2023-04-25,Aston Villa,Fulham,1.75,4.0,4.2,2,0.5749611061255294,0.24382194775926652,0.18121694611520417
56c70cf7,2023-04-25,Leeds United,Leicester City,2.3,3.5,3.0,1,0.40120854643403886,0.298012553399735,0.3007789001662261
825c78f1,2023-04-25,Wolves,Crystal Palace,2.45,3.2,3.0,2,0.32331398041915066,0.3795834693990781,0.2971025501817711
00a73645,2023-04-26,Manchester City,Arsenal,1.55,4.5,5.25,2,0.6530309475044835,0.1366277019794648,0.21034135051605166
76db2de1,2023-04-26,Nottingham Forest,Brighton,6.0,4.2,1.53,2,0.21383599555511762,0.35355226636405024,0.43261173808083214
071b5820,2023-04-26,Chelsea,Brentford,1.7,4.0,4.75,0,0.46243178596396006,0.2832724984675775,0.25429571556846237
f2f795ae,2023-04-26,West Ham United,Liverpool,3.9,3.9,1.85,0,0.22906848036846716,0.24341042157252052,0.5275210980590123
8c9a5c5c,2023-04-27,Tottenham Hotspur,Manchester Utd,2.8,3.6,2.4,1,0.36294814197641334,0.2551291355431427,0.38192272248044395
37a741a7,2023-04-27,Everton,Newcastle United,4.75,3.6,1.73,0,0.1501799407175866,0.2476941551739703,0.6021259041084431
ccabe10f,2023-04-27,Southampton,Bournemouth,2.25,3.4,3.2,0,0.41349032738536673,0.3259743866251294,0.2605352859895038
21f920e0,2023-04-29,Brighton,Wolves,1.5,4.33,6.5,2,0.43278258053225754,0.3854181682150871,0.18179925125265536
4ec72d3b,2023-04-29,Crystal Palace,West Ham United,2.63,3.25,2.75,2,0.38683686744537876,0.31439012590139787,0.2987730066532235
3aeacbaa,2023-04-29,Brentford,Nottingham Forest,1.65,3.8,5.5,2,0.5219510728703618,0.2710698647449918,0.20697906238464645
0b0733ce,2023-04-30,Bournemouth,Leeds United,2.55,3.5,2.7,2,0.4386894200215652,0.30499575405601725,0.2563148259224175
d4d0cb2a,2023-04-30,Fulham,Manchester City,12.0,6.0,1.25,0,0.06313095664274664,0.15307056361368587,0.7837984797435674
08607696,2023-04-30,Manchester Utd,Aston Villa,1.73,3.9,4.6,2,0.4695959217810324,0.276849706286661,0.25355437193230657
b16063b6,2023-04-30,Newcastle United,Southampton,1.3,5.25,10.0,2,0.786000188253098,0.1587177497333717,0.055282062013530225
e07267b3,2023-04-30,Liverpool,Tottenham Hotspur,1.53,4.5,5.75,2,0.7104109853894353,0.1370824955069282,0.15250651910363652
95d2cc61,2023-05-01,Leicester City,Everton,2.0,3.5,3.75,1,0.4953089523903387,0.2695746525836582,0.23511639502600326
2d551ff5,2023-05-02,Arsenal,Chelsea,1.6,4.0,5.5,2,0.7110666845230973,0.16063223229850265,0.12830108317839992
24fb8eca,2023-05-03,Liverpool,Fulham,1.25,5.75,11.0,2,0.8065552547651134,0.1258459718453262,0.0675987733895605
fccab6ff,2023-05-03,Manchester City,West Ham United,1.2,7.0,13.0,2,0.8467093972615715,0.10852760256481622,0.04476300017361235
16209587,2023-05-04,Brighton,Manchester Utd,1.95,3.5,3.75,2,0.30161187214924445,0.37660302274818147,0.32178510510257413
7ee695ea,2023-05-06,Manchester City,Leeds United,1.17,8.5,15.0,2,0.9120336402992386,0.06629127889216181,0.021675080808599544
6116824f,2023-05-06,Bournemouth,Chelsea,3.3,3.5,2.15,0,0.42031646610513484,0.283300419087648,0.2963831148072171
0f1e1478,2023-05-06,Tottenham Hotspur,Crystal Palace,1.8,3.8,4.2,2,0.5342503753922317,0.2591161118756802,0.2066335127320881
6e2d1c8c,2023-05-06,Liverpool,Brentford,1.44,5.0,6.0,2,0.7069278623689822,0.16576881715947206,0.12730332047154563
217a7faf,2023-05-06,Wolves,Aston Villa,2.88,3.3,2.5,2,0.25813309298859194,0.3380022332231787,0.4038646737882293
98f0c145,2023-05-07,West Ham United,Manchester Utd,3.4,3.75,2.05,2,0.24437447473419652,0.29150452575048375,0.46412099951531965
9bb3a778,2023-05-07,Newcastle United,Arsenal,2.45,3.75,2.63,0,0.49132912609594553,0.19283364292000157,0.3158372309840528
9a5efecc,2023-05-08,Fulham,Leicester City,2.63,3.5,2.6,2,0.3954406007905809,0.33348795331039854,0.2710714458990205
bf8d9047,2023-05-08,Brighton,Everton,1.33,5.25,9.0,0,0.6081865545366584,0.2745103960146285,0.11730304944871314
23e7953f,2023-05-08,Nottingham Forest,Southampton,2.1,3.6,3.4,2,0.46767367331613363,0.3130944564533746,0.21923187023049173
f5d61382,2023-05-13,Manchester Utd,Wolves,1.36,5.0,7.5,2,0.5693530200040103,0.2869152186548882,0.1437317613411015
e05f67be,2023-05-13,Southampton,Fulham,2.75,3.3,2.5,0,0.30602558466659474,0.35523624275501364,0.3387381725783916
96ab0b45,2023-05-13,Chelsea,Nottingham Forest,1.5,4.5,6.0,1,0.5366777957204059,0.2711896484216821,0.19213255585791209
d63581e0,2023-05-13,Leeds United,Newcastle United,4.33,4.2,1.7,1,0.17378319972272527,0.2282952666552184,0.5979215336220564
362514ee,2023-05-13,Aston Villa,Tottenham Hotspur,2.25,3.6,2.9,2,0.4118603329166818,0.25258781268952235,0.3355518543937959
a4ffd11f,2023-05-13,Crystal Palace,Bournemouth,1.83,3.6,4.2,2,0.47653799853862644,0.3158701291985369,0.2075918722628365
704aa0f3,2023-05-14,Everton,Manchester City,9.0,4.75,1.36,0,0.07678303333952242,0.15086756554835334,0.7723494011121242
9a41c925,2023-05-14,Brentford,West Ham United,2.0,3.5,3.6,2,0.4128490094366691,0.3187972164712418,0.2683537740920891
dc6fb985,2023-05-14,Arsenal,Brighton,1.73,4.2,4.2,0,0.6714587544798958,0.18617950460083607,0.1423617409192681
7dd0fbd7,2023-05-15,Leicester City,Liverpool,5.25,4.33,1.57,0,0.14495263723824686,0.19534260505615794,0.6597047577055952
e265430e,2023-05-18,Newcastle United,Brighton,2.0,3.8,3.5,2,0.5340569794335823,0.27284501640429454,0.19309800416212308
9a2ea2b3,2023-05-20,Nottingham Forest,Arsenal,5.25,4.33,1.57,2,0.19233818345609505,0.20412373067276324,0.6035380858711417
ff2b58c3,2023-05-20,Wolves,Everton,2.75,3.3,2.6,1,0.3891755778676432,0.37682541897615207,0.2339990031562047
72646bde,2023-05-20,Liverpool,Aston Villa,1.45,5.0,6.25,1,0.7004687981184653,0.15831003568645627,0.14122116619507843
844f2c37,2023-05-20,Fulham,Crystal Palace,2.45,3.4,2.9,1,0.3369237152299879,0.3189478570985465,0.3441284276714655
28ebbaf2,2023-05-20,Tottenham Hotspur,Brentford,1.83,3.9,4.0,0,0.45067174130640597,0.26356615761234803,0.28576210108124606
ec496eca,2023-05-20,Bournemouth,Manchester Utd,6.0,4.75,1.5,0,0.19333610362560072,0.2891151884139629,0.5175487079604364
589e447b,2023-05-21,Manchester City,Chelsea,1.25,6.0,11.0,2,0.8577836455078762,0.0958938777778527,0.04632247671427101
017addef,2023-05-21,Brighton,Southampton,1.22,7.0,11.0,2,0.6534899857996437,0.25667264830898295,0.08983736589137345
0359c7d5,2023-05-21,West Ham United,Leeds United,2.4,3.5,2.88,2,0.5071732485458007,0.28642117814490103,0.2064055733092983
807863d8,2023-05-22,Newcastle United,Leicester City,1.36,5.5,7.0,1,0.7434729020857412,0.15776295803555748,0.0987641398787013
d4bee10d,2023-05-24,Brighton,Manchester City,4.0,4.33,1.75,1,0.1905331657111367,0.23317964622973775,0.5762871880591255
d2f2263d,2023-05-25,Manchester Utd,Chelsea,1.6,4.33,5.0,2,0.6064481962010361,0.22862502238095453,0.16492678141800934
71d5bd41,2023-05-28,Arsenal,Wolves,1.36,5.25,8.0,2,0.7293613773622732,0.1780325837940011,0.0926060388437256
ac0e65e2,2023-05-28,Aston Villa,Brighton,2.0,3.6,3.5,2,0.45934360915898265,0.27962807884695,0.26102831199406734
181fd119,2023-05-28,Crystal Palace,Nottingham Forest,1.67,4.0,5.0,1,0.4583326050503969,0.3035840963704056,0.23808329857919755
4f7b1a0d,2023-05-28,Chelsea,Newcastle United,2.9,3.5,2.38,1,0.300207958796723,0.2528464893923278,0.4469455518109492
e7e969e9,2023-05-28,Brentford,Manchester City,3.8,4.0,1.83,2,0.2060569115458992,0.20215577215376643,0.5917873163003343
94de848f,2023-05-28,Everton,Bournemouth,1.5,4.5,6.5,2,0.4630733222990196,0.27915061913301553,0.257776058567965
8e5c6ea7,2023-05-28,Southampton,Liverpool,6.5,4.75,1.44,1,0.08980845886606373,0.18806421990428737,0.7221273212296488
c9c73ddd,2023-05-28,Leeds United,Tottenham Hotspur,2.75,3.8,2.3,0,0.24481768745051127,0.2502378526742695,0.5049444598752192
64823dc9,2023-05-28,Manchester Utd,Fulham,1.5,4.33,6.0,2,0.6327113954123369,0.2508252489992351,0.11646335558842796
a96c9915,2023-05-28,Leicester City,West Ham United,1.91,3.8,3.6,2,0.3241918204582658,0.3025146438343845,0.3732935357073498
3a6836b4,2023-08-11,Burnley,Manchester City,8.0,5.5,1.33,0,0.12515084633442206,0.1920422338708354,0.6828069197947425
8ff2f8fe,2023-08-12,Newcastle United,Aston Villa,1.75,3.75,4.6,2,0.5784206079171323,0.20950146987374968,0.2120779222091179
26a7f90c,2023-08-12,Arsenal,Nottingham Forest,1.18,7.0,15.0,2,0.7310446047276735,0.1771361878838255,0.091819207388501
d6bbf293,2023-08-12,Bournemouth,West Ham United,2.7,3.4,2.55,1,0.3119780703233986,0.31595212552376634,0.3720698041528351
56a137f7,2023-08-12,Brighton,Luton Town,1.33,5.5,9.0,2,0.49112850649020423,0.3367020741743304,0.17216941933546542
15addfc7,2023-08-12,Everton,Fulham,2.2,3.4,3.3,0,0.4100797448406083,0.29878498412004334,0.29113527103934833
67ed3ba2,2023-08-13,Brentford,Tottenham Hotspur,2.75,3.4,2.45,1,0.4234729512669642,0.2755870356694098,0.30094001306362594
c18d3207,2023-08-13,Chelsea,Liverpool,2.9,3.4,2.38,1,0.2770081042788237,0.2247896822394629,0.4982022134817134
f1ecda2c,2023-08-14,Manchester Utd,Wolves,1.33,5.5,9.0,2,0.7692282453076164,0.16915142548808493,0.06162032920429868
46be83af,2023-08-19,Fulham,Brentford,2.7,3.3,2.63,0,0.28948875275781444,0.3087244164800053,0.4017868307621803
80bebdbb,2023-08-19,Liverpool,Bournemouth,1.2,7.0,13.0,2,0.8043983807268386,0.1369213751731755,0.0586802440999859
d7c606ec,2023-08-19,Wolves,Brighton,4.0,3.8,1.85,0,0.24549576505107618,0.3826739032612266,0.37183033168769725
4bb62251,2023-08-19,Tottenham Hotspur,Manchester Utd,2.8,3.6,2.38,2,0.3626756418118434,0.2789074883356254,0.3584168698525312
0b8f50a5,2023-08-19,Manchester City,Newcastle United,1.67,4.0,5.0,2,0.7043896151612374,0.16082711250483248,0.13478327233393012
959b558d,2023-08-20,Aston Villa,Everton,1.7,4.0,4.5,2,0.5047077176571402,0.26815838834268735,0.22713389400017248
44b9a07c,2023-08-20,West Ham United,Chelsea,3.75,3.5,2.0,2,0.34585036231806204,0.30860504531743455,0.34554459236450347
3b5ecd36,2023-08-21,Crystal Palace,Arsenal,5.5,4.0,1.6,0,0.22575091691628002,0.2489356813669479,0.5253134017167721
6bfb9dc0,2023-08-25,Chelsea,Luton Town,1.29,5.5,11.0,2,0.5929467049895161,0.23572493537073133,0.1713283596397526
ba68d60c,2023-08-26,Brighton,West Ham United,1.53,4.75,5.25,0,0.5426861017489452,0.2864109536397732,0.17090294461128164
70d9b1ab,2023-08-26,Manchester Utd,Nottingham Forest,1.3,6.0,8.0,2,0.6328202730355805,0.24680959480002748,0.1203701321643919
18dfee28,2023-08-26,Everton,Wolves,2.3,3.3,3.2,0,0.45357610274628685,0.297139137569335,0.24928475968437822
d8f8f8ad,2023-08-26,Arsenal,Fulham,1.2,7.0,13.0,1,0.7835233494528717,0.1465888714011597,0.06988777914596847
f49c4ad2,2023-08-26,Bournemouth,Tottenham Hotspur,3.8,3.75,1.91,0,0.18334237836176415,0.2712887665617554,0.5453688550764805
537b2b0b,2023-08-26,Brentford,Crystal Palace,2.15,3.4,3.5,1,0.5530547861983135,0.2468863280065121,0.2000588857951744
b66a7def,2023-08-27,Burnley,Aston Villa,3.4,3.4,2.15,0,0.2103863970916425,0.31256613818096934,0.4770474647273882
b31156ab,2023-08-27,Newcastle United,Liverpool,2.2,3.75,3.0,0,0.40254730659384674,0.221526088538039,0.3759266048681142
e929e225,2023-09-01,Luton Town,West Ham United,4.75,3.8,1.73,0,0.2615315370355738,0.32768917205015674,0.4107792909142694
e2946b10,2023-09-02,Brentford,Bournemouth,1.73,3.8,4.75,1,0.7180849816073697,0.17959109137019114,0.1023239270224391
f1786fb8,2023-09-02,Burnley,Tottenham Hotspur,3.6,4.0,1.85,0,0.17067641481718152,0.2777365799913291,0.5515870051914894
44e89d37,2023-09-02,Chelsea,Nottingham Forest,1.4,4.5,8.5,0,0.56561799564574,0.2508848495856428,0.18349715476861728
88066bdf,2023-09-02,Manchester City,Fulham,1.17,8.0,15.0,2,0.8927981207884079,0.0798838722204852,0.027318006991106977
4f754e0a,2023-09-02,Brighton,Newcastle United,2.5,3.8,2.55,2,0.39427190422381647,0.27511010108935363,0.3306179946868299
74125d47,2023-09-03,Arsenal,Manchester Utd,1.75,3.8,4.5,2,0.5737301431624935,0.22798319760770092,0.19828665922980562
f9436d32,2023-09-03,Crystal Palace,Wolves,1.91,3.3,4.33,2,0.5352889680725258,0.27479120864774037,0.18991982327973383
bdbc722e,2023-09-03,Liverpool,Aston Villa,1.65,4.5,4.5,2,0.6246736895138445,0.20205133805198194,0.17327497243417356
ddcf2857,2023-09-16,Manchester Utd,Brighton,2.15,4.0,2.88,0,0.5150956586597645,0.3020669408260496,0.18283740051418584
71b7e5e2,2023-09-16,Newcastle United,Brentford,1.53,4.2,6.0,2,0.5091293229486848,0.2264949989305674,0.2643756781207477
64c0a6e2,2023-09-16,West Ham United,Manchester City,7.0,4.5,1.45,0,0.14144597633503872,0.18379772272129236,0.6747563009436689
38daebd2,2023-09-16,Wolves,Liverpool,6.0,5.0,1.45,0,0.12346425187484812,0.25455294933743583,0.6219827987877161
48b1bdc7,2023-09-16,Fulham,Luton Town,1.67,3.75,5.5,2,0.49070055472546403,0.2775256690232683,0.23177377625126766
bc77340e,2023-09-16,Aston Villa,Crystal Palace,1.91,3.6,4.0,2,0.4967895057745431,0.2601922466934315,0.2430182475320253
b1278924,2023-09-17,Everton,Arsenal,6.0,4.5,1.5,0,0.10035275143022652,0.21199144720958543,0.6876558013601881
be0cbf88,2023-09-17,Bournemouth,Chelsea,4.33,3.75,1.8,1,0.23653189244780692,0.2976608606755416,0.4658072468766514
ad7ecfad,2023-09-18,Nottingham Forest,Burnley,2.2,3.5,3.25,1,0.5840006400494391,0.24408163640018493,0.17191772355037593
5dc7e234,2023-09-23,Manchester City,Nottingham Forest,1.14,8.5,15.0,2,0.8842593445346988,0.08443686006630699,0.03130379539899424
76a1421e,2023-09-23,Luton Town,Wolves,3.25,3.4,2.2,1,0.4581126066023841,0.30819506722981865,0.23369232616779728
cf0b2b19,2023-09-23,Crystal Palace,Fulham,1.91,3.4,4.2,1,0.4821373210952444,0.28039866436210614,0.23746401454264954
96681b93,2023-09-23,Brentford,Everton,1.8,3.8,4.2,0,0.6568102312298557,0.2114676071231854,0.13172216164695896
8e26793d,2023-09-23,Burnley,Manchester Utd,4.2,4.2,1.73,0,0.23499592419499493,0.2976471542826577,0.46735692152234737
90adf8b3,2023-09-24,Liverpool,West Ham United,1.4,5.0,7.0,2,0.774517314927459,0.14413491033995635,0.08134777473258467
08947a10,2023-09-24,Arsenal,Tottenham Hotspur,1.67,4.33,4.33,1,0.5850645287791962,0.21036961247811042,0.20456585874269342
5593f16c,2023-09-24,Brighton,Bournemouth,1.36,5.25,7.5,2,0.6509656093547632,0.2546128509775959,0.09442153966764087
7d2c5e05,2023-09-24,Chelsea,Aston Villa,1.91,3.75,3.8,0,0.38867334959964045,0.24488076341240575,0.36644588698795383
921d5f17,2023-09-30,Everton,Luton Town,1.57,3.8,6.5,0,0.423784347125791,0.2943760381739809,0.2818396147002281
2df9a3a1,2023-09-30,Aston Villa,Brighton,2.55,3.75,2.55,2,0.40956848084505143,0.3077980512101218,0.2826334679448268
8de4aca0,2023-09-30,Bournemouth,Arsenal,5.5,4.5,1.53,0,0.11683709431548824,0.2079759936415738,0.6751869120429379
60ce29cd,2023-09-30,Wolves,Manchester City,8.0,5.75,1.33,2,0.07132307925332812,0.19770287194009958,0.7309740488065724
ef2b7ab9,2023-09-30,Manchester Utd,Crystal Palace,1.55,4.2,5.75,0,0.6174756145302617,0.2406484424059622,0.14187594306377618
a79ff136,2023-09-30,Newcastle United,Burnley,1.3,5.75,9.0,2,0.7757033273017014,0.1546628067776506,0.06963386592064787
ec4145b4,2023-09-30,Tottenham Hotspur,Liverpool,2.9,4.0,2.15,2,0.3025731061833771,0.21682120469942245,0.4806056891172004
923467c5,2023-10-01,Nottingham Forest,Brentford,2.75,3.1,2.7,1,0.3413631291266968,0.2794044486894843,0.3792324221838189
c9787e60,2023-10-02,Fulham,Chelsea,3.6,3.5,2.05,0,0.3917436617703373,0.2992472032467915,0.3090091349828713
4f7b3f27,2023-10-03,Luton Town,Burnley,2.9,3.0,2.63,0,0.5468210570616923,0.2571827263651488,0.19599621657315902
1828106c,2023-10-07,Crystal Palace,Nottingham Forest,2.2,3.1,3.6,1,0.5264263529252129,0.25696475949143815,0.2166088875833489
5006142a,2023-10-07,Manchester Utd,Brentford,1.67,4.2,4.75,2,0.5447572299550691,0.2707567946703029,0.18448597537462794
497b9558,2023-10-07,Everton,Bournemouth,1.91,3.6,3.8,2,0.5179574324038916,0.2755906005585663,0.20645196703754204
cfd83ca3,2023-10-07,Burnley,Chelsea,4.5,3.8,1.73,0,0.2888681053275472,0.3075591824384024,0.4035727122340504
d021f28f,2023-10-07,Luton Town,Tottenham Hotspur,6.0,4.75,1.45,0,0.20161720878605455,0.24224953854841466,0.5561332526655308
3292ed35,2023-10-08,Wolves,Aston Villa,3.5,3.4,2.1,1,0.19576372291146116,0.3418672740389947,0.46236900304954415
59cd18ae,2023-10-08,Arsenal,Manchester City,2.9,3.3,2.4,2,0.43021675325388636,0.17383877185992716,0.39594447488618656
017c9ca5,2023-10-08,West Ham United,Newcastle United,3.2,3.75,2.1,1,0.22990179357080986,0.27949347149995685,0.4906047349292333
3b1ec657,2023-10-08,Brighton,Liverpool,3.0,3.8,2.2,1,0.31442041629845907,0.2665215901384023,0.41905799356313866
52781f37,2023-10-21,Brentford,Burnley,1.83,3.75,4.2,2,0.6184351342613017,0.23256456279596652,0.14900030294273173
b782a834,2023-10-21,Manchester City,Brighton,1.4,5.25,6.5,2,0.7708826088654236,0.15531158662715921,0.07380580450741725
007b352e,2023-10-21,Bournemouth,Wolves,2.38,3.4,3.0,0,0.2675187470229224,0.3589053037484586,0.3735759492286191
e747ddb3,2023-10-21,Liverpool,Everton,1.33,5.75,7.5,2,0.7090445244892452,0.1939872527878482,0.09696822272290656
21625dde,2023-10-21,Newcastle United,Crystal Palace,1.45,4.5,7.0,2,0.6619891112847993,0.20056950621304656,0.13744138250215415
d1671efa,2023-10-21,Nottingham Forest,Luton Town,1.67,3.75,5.5,1,0.4882301444669036,0.27981484622273045,0.23195500931036597
a1c336e2,2023-10-21,Chelsea,Arsenal,3.2,3.4,2.25,1,0.18923008917155124,0.2289392280917255,0.5818306827367231
7efcc598,2023-10-22,Aston Villa,West Ham United,1.85,3.6,4.0,2,0.5965916832921652,0.2186431722921678,0.18476514441566697
8c6293a3,2023-10-23,Tottenham Hotspur,Fulham,1.5,4.5,6.0,2,0.6864838433204663,0.19676585216589162,0.11675030451364199
6b0aa474,2023-10-27,Crystal Palace,Tottenham Hotspur,4.5,3.75,1.75,0,0.22398003776147218,0.27232796206564625,0.5036920001728816
c4c42d3e,2023-10-28,Bournemouth,Burnley,2.15,3.5,3.3,2,0.4059271441797569,0.3059830023131761,0.2880898535070669
b84d060a,2023-10-28,Wolves,Newcastle United,4.2,4.0,1.75,1,0.16749294843972143,0.3276573686551879,0.5048496829050907
91e3b922,2023-10-28,Chelsea,Brentford,1.65,4.0,5.25,0,0.3957713431573385,0.2770870231990371,0.3271416336436244
868a89be,2023-10-29,West Ham United,Everton,2.15,3.5,3.3,0,0.5000761006593306,0.2693025903643397,0.23062130897632974
f6bfec82,2023-10-29,Manchester Utd,Manchester City,5.0,3.8,1.67,0,0.3118294329843214,0.24231252954292729,0.4458580374727513
ee677172,2023-10-29,Aston Villa,Luton Town,1.25,6.5,9.5,2,0.714232140828832,0.18852843677474626,0.0972394223964217
79bf0c7f,2023-10-29,Liverpool,Nottingham Forest,1.29,5.75,11.0,2,0.7670811307271989,0.15274622533904408,0.08017264393375712
a0c422e9,2023-10-29,Brighton,Fulham,1.55,4.2,5.5,1,0.5635479170186034,0.2891945158921678,0.14725756708922877
8797f9a9,2023-11-04,Burnley,Crystal Palace,2.75,3.25,2.6,0,0.31018899994227395,0.30146196847483336,0.38834903158289263
31273be0,2023-11-04,Fulham,Manchester Utd,3.2,3.6,2.2,0,0.34306208021183754,0.2879979378519281,0.36893998193623434
3235dd6e,2023-11-04,Brentford,West Ham United,2.05,3.6,3.5,2,0.6054312684655736,0.22108965513817044,0.17347907639625595
6ecb53ac,2023-11-04,Everton,Brighton,3.1,3.6,2.2,1,0.3046772942497782,0.3213709152219803,0.37395179052824146
6096abaa,2023-11-04,Newcastle United,Arsenal,2.8,3.2,2.6,2,0.3661921940294713,0.23110344778424427,0.40270435818628453
e75a870b,2023-11-04,Manchester City,Bournemouth,1.1,11.0,19.0,2,0.9028230853190309,0.07615275862078415,0.02102415606018486
ac18f108,2023-11-05,Nottingham Forest,Aston Villa,4.2,3.75,1.85,2,0.17997568081544366,0.2724414724603376,0.5475828467242188
a62b97ba,2023-11-05,Luton Town,Liverpool,12.0,6.5,1.22,1,0.10372647662562379,0.20560327972743025,0.690670243646946
478e4eb3,2023-11-06,Tottenham Hotspur,Chelsea,2.0,3.75,3.5,0,0.6414730006098806,0.20975152245087597,0.14877547693924345
4b9f3f25,2023-11-11,Manchester Utd,Luton Town,1.33,5.25,9.5,2,0.6644632819302442,0.23078871273795026,0.10474800533180557
641024cf,2023-11-11,Bournemouth,Newcastle United,4.75,4.0,1.73,2,0.13094359890859902,0.241766430242865,0.6272899708485359
1634f066,2023-11-11,Wolves,Tottenham Hotspur,3.1,3.75,2.2,2,0.26535154698060615,0.3225812079466177,0.4120672450727761
a4795b68,2023-11-11,Crystal Palace,Everton,2.45,3.2,3.0,0,0.49086292734716874,0.2712247371068888,0.2379123355459425
2cb4e4dc,2023-11-11,Arsenal,Burnley,1.18,7.0,17.0,2,0.8432900579406634,0.11756315723583899,0.03914678482349765
53bb8f30,2023-11-12,Chelsea,Manchester City,5.0,3.7,1.73,1,0.12929142714285619,0.17700587635870824,0.6937026964984355
76b8e568,2023-11-12,West Ham United,Nottingham Forest,1.85,3.6,4.0,2,0.4425772333181823,0.2919894176100514,0.2654333490717663
996ee990,2023-11-12,Liverpool,Brentford,1.4,5.0,6.5,2,0.6599659634799908,0.18800897543627018,0.15202506108373887
d6a70a44,2023-11-12,Aston Villa,Fulham,1.57,4.2,5.5,2,0.6757748250143393,0.1967907282944088,0.12743444669125192
8c8f48f4,2023-11-25,Newcastle United,Chelsea,2.55,3.5,2.63,2,0.5157497160297478,0.24709194356830552,0.23715834040194653
36be5cee,2023-11-25,Nottingham Forest,Brighton,3.2,3.6,2.15,0,0.31868955108586516,0.31071022494485034,0.37060022396928444
f4805536,2023-11-25,Luton Town,Crystal Palace,3.6,3.3,2.1,2,0.32095776481252664,0.3153672189185496,0.3636750162689238
5d4a5006,2023-11-25,Manchester City,Liverpool,1.73,4.2,4.2,1,0.6542769830795027,0.15496532490202114,0.19075769201847625
36a64522,2023-11-25,Burnley,West Ham United,3.4,3.5,2.05,0,0.26285651031468815,0.3227336997965617,0.41440978988875016
626c6561,2023-11-25,Brentford,Arsenal,4.5,3.75,1.75,0,0.28386401924018034,0.2590631683147035,0.4570728124451162
83db7754,2023-11-26,Tottenham Hotspur,Aston Villa,2.3,3.8,2.8,0,0.45771535071748504,0.24356084688939847,0.29872380239311647
f82a83dd,2023-11-26,Everton,Manchester Utd,2.7,3.4,2.55,0,0.2432882611536419,0.2951269631903848,0.4615847756559733
b19cc422,2023-11-27,Fulham,Wolves,2.38,3.3,3.0,2,0.3389963238097165,0.3647282861078976,0.2962753900823858
66a1f3ac,2023-12-02,Newcastle United,Manchester Utd,1.91,3.75,3.8,2,0.48648154406799793,0.26040741479003376,0.2531110411419682
0486198b,2023-12-02,Nottingham Forest,Everton,2.75,3.25,2.6,0,0.45095521228761054,0.27733467268696443,0.27171011502542497
6e65df8e,2023-12-02,Arsenal,Wolves,1.25,5.5,12.0,2,0.7509331417216074,0.1807748611451568,0.06829199713323578
0f71f535,2023-12-02,Brentford,Luton Town,1.45,4.5,6.5,2,0.6063887632238502,0.23214548566135706,0.16146575111479278
f7fb8049,2023-12-03,West Ham United,Crystal Palace,2.0,3.5,3.8,1,0.4769983090790238,0.2791388003160712,0.24386289060490499
4b7e6f44,2023-12-03,Liverpool,Fulham,1.25,6.5,9.0,2,0.7975707801801063,0.13333671856357004,0.0690925012563238
0e39f016,2023-12-03,Manchester City,Tottenham Hotspur,1.29,6.0,9.0,1,0.8134484231901978,0.11062284812849772,0.07592872868130443
19533403,2023-12-03,Bournemouth,Aston Villa,3.4,4.0,1.95,1,0.19622716391615053,0.2746890448160288,0.5290837912678207
86b7d24f,2023-12-03,Chelsea,Brighton,1.73,4.2,4.2,2,0.4042988657870383,0.274666807326338,0.32103432688662364
a52ffb27,2023-12-05,Wolves,Burnley,1.85,3.6,4.2,2,0.3699882420262273,0.4152242079201004,0.2147875500536722
dd3a5afc,2023-12-05,Luton Town,Arsenal,17.0,7.0,1.18,0,0.1315144464252248,0.21776547155865147,0.6507200820161237
75d21da8,2023-12-06,Brighton,Brentford,1.91,3.8,3.75,2,0.40770116852156935,0.32667798018319816,0.2656208512952325
09909bf8,2023-12-06,Crystal Palace,Bournemouth,2.25,3.5,3.1,0,0.41512296346455646,0.3087399322788128,0.27613710425663074
fd5606da,2023-12-06,Fulham,Nottingham Forest,2.0,3.4,3.75,2,0.45780648365776616,0.29330875515366817,0.24888476118856578
0ad90506,2023-12-06,Aston Villa,Manchester City,4.75,4.2,1.7,2,0.27427978290660293,0.2104087218199328,0.5153114952734643
49f486f6,2023-12-06,Manchester Utd,Chelsea,2.88,3.4,2.45,2,0.5720195831416618,0.25241768904117146,0.17556272781716675
2fe9d766,2023-12-07,Everton,Newcastle United,3.25,3.25,2.25,2,0.23243178707721784,0.24972644974062422,0.5178417631821579
200af033,2023-12-07,Tottenham Hotspur,West Ham United,1.75,4.2,4.2,0,0.5919772171364637,0.2391766002981189,0.16884618256541742
8c8fdba5,2023-12-09,Wolves,Nottingham Forest,1.85,3.6,4.33,1,0.4824183533619165,0.3308054220038129,0.18677622463427065
0760a568,2023-12-09,Manchester Utd,Bournemouth,1.55,4.33,5.75,0,0.6526513059747648,0.24152238581448654,0.10582630821074861
ab18fa97,2023-12-09,Brighton,Burnley,1.5,4.75,6.0,1,0.5931347698734253,0.29524110330885955,0.11162412681771514
a1b18af3,2023-12-09,Crystal Palace,Liverpool,6.0,4.5,1.5,0,0.14257731519817615,0.20136082427690882,0.6560618605249151
8cf29e50,2023-12-09,Aston Villa,Arsenal,3.3,3.6,2.1,2,0.3827578587545729,0.20619419109756498,0.41104795014786216
d3dd23fb,2023-12-10,Fulham,West Ham United,2.38,3.5,2.9,2,0.3832544007315922,0.2974312778647355,0.3193143214036722
953b5f9b,2023-12-10,Everton,Chelsea,3.1,3.5,2.25,2,0.3940972688323274,0.25570618693358627,0.35019654423408636
be6d1aac,2023-12-10,Tottenham Hotspur,Newcastle United,2.15,3.8,3.1,2,0.4908812152408532,0.21196953365880614,0.29714925110034074
f6155857,2023-12-10,Luton Town,Manchester City,17.0,8.0,1.14,0,0.11784871214281821,0.193130805258055,0.6890204825991267
4d9f1a71,2023-12-15,Nottingham Forest,Tottenham Hotspur,4.2,4.2,1.73,0,0.19976367084040517,0.25747934821112045,0.5427569809484742
30f3e1ee,2023-12-16,Manchester City,Crystal Palace,1.18,8.0,13.0,1,0.8427159826506712,0.11286417970388239,0.04441983764544651
5db0f25b,2023-12-16,Newcastle United,Fulham,1.8,3.8,4.0,2,0.45659868496040135,0.3071634297523568,0.23623788528724193
01904d1d,2023-12-16,Burnley,Everton,3.6,3.4,2.1,0,0.21807133067870701,0.3268544227926449,0.4550742465286481
18e98d77,2023-12-17,Liverpool,Manchester Utd,1.3,6.0,8.0,1,0.7078314200901676,0.169845762468412,0.12232281744142036
5f5bc7b3,2023-12-17,West Ham United,Wolves,2.15,3.5,3.3,2,0.4187777157015057,0.326666255843895,0.2545560284545992
e3a46a4e,2023-12-17,Arsenal,Brighton,1.44,5.0,6.0,2,0.6882687374117646,0.2016846093226715,0.11004665326556393
4a3af0ab,2023-12-17,Brentford,Aston Villa,3.2,3.75,2.1,0,0.33032730876553346,0.24241251900254077,0.4272601722319258
7340be7a,2023-12-21,Crystal Palace,Brighton,3.3,3.3,2.15,1,0.3599061608150031,0.2975164632850446,0.34257737589995235
46bfb645,2023-12-23,Luton Town,Newcastle United,4.75,4.2,1.65,2,0.18297456816980467,0.24293990149770342,0.5740855303324919
bfbfbbe8,2023-12-23,Liverpool,Arsenal,2.38,3.6,2.8,1,0.5509662254886254,0.1725576606898955,0.27647611382147913
849071fe,2023-12-23,Tottenham Hotspur,Everton,1.75,4.2,4.0,2,0.5798150476297655,0.23402418917185436,0.1861607631983801
c5548935,2023-12-23,Nottingham Forest,Bournemouth,2.75,3.4,2.55,0,0.26125516612020777,0.34792613437644215,0.39081869950335
328777ed,2023-12-23,West Ham United,Manchester Utd,2.6,3.6,2.6,2,0.3596213041122264,0.2797741606554994,0.36060453523227415
7dd3c51a,2023-12-23,Fulham,Burnley,1.67,3.75,5.25,0,0.5495548662499801,0.2819732413880436,0.16847189236197638
8c0b314c,2023-12-24,Wolves,Chelsea,3.75,3.75,1.91,2,0.34577231896339516,0.33155095381990096,0.3226767272167039
83709fdf,2023-12-26,Manchester Utd,Aston Villa,2.6,3.5,2.6,2,0.42313483052507944,0.2639059703390221,0.3129591991358986
c0904954,2023-12-26,Burnley,Liverpool,6.5,5.25,1.4,0,0.11170452646006715,0.17446680102737838,0.7138286725125543
331c942d,2023-12-26,Bournemouth,Fulham,2.15,3.6,3.2,2,0.4173268708931614,0.31249303419988683,0.2701800949069517
f22a20f0,2023-12-26,Newcastle United,Nottingham Forest,1.5,4.33,5.75,0,0.7036803268827264,0.19786032063733344,0.09845935247994024
b9f69f01,2023-12-27,Everton,Manchester City,5.75,4.0,1.57,0,0.18502560628082776,0.18583572345111438,0.6291386702680579
2bfb6552,2023-12-27,Chelsea,Crystal Palace,1.67,4.0,5.0,2,0.5014458615860016,0.28280231450712445,0.21575182390687395
ea28d527,2023-12-27,Brentford,Wolves,1.95,3.5,4.2,0,0.479795193184271,0.2915497656219643,0.22865504119376479
3e2e9248,2023-12-28,Brighton,Tottenham Hotspur,2.5,3.6,2.6,2,0.3391238556484146,0.3003930690214854,0.3604830753301
ba570015,2023-12-28,Arsenal,West Ham United,1.33,5.5,7.5,0,0.7155417504499807,0.17404713413592954,0.11041111541408985
e9d5dd9b,2023-12-30,Crystal Palace,Brentford,2.2,3.3,3.4,2,0.39746814875095043,0.2827489936130853,0.3197828576359643
1aa68cba,2023-12-30,Nottingham Forest,Manchester Utd,3.2,3.6,2.15,2,0.24851975578378377,0.3023999095023689,0.44908033471384734
8e04572c,2023-12-30,Luton Town,Chelsea,6.5,4.2,1.5,0,0.33588051388113627,0.27838948916332557,0.3857299969555382
2828c5bc,2023-12-30,Aston Villa,Burnley,1.36,5.25,7.5,2,0.761671297093351,0.16557177006852675,0.07275693283812219
7dfc59ca,2023-12-30,Wolves,Everton,2.63,3.3,2.7,2,0.40470276536393146,0.35239094164668605,0.2429062929893825
6c1b6ffc,2023-12-31,Fulham,Arsenal,5.25,4.5,1.55,2,0.1815551840509788,0.24217994264518997,0.5762648733038312
3ab71352,2023-12-31,Tottenham Hotspur,Bournemouth,1.75,4.2,4.0,2,0.537380791083345,0.27259105305265574,0.19002815586399924
107b2d79,2024-01-01,Liverpool,Newcastle United,1.45,4.5,7.0,2,0.7689669195592657,0.12721592425758516,0.10381715618314907
d557afd0,2024-01-02,West Ham United,Brighton,2.45,3.75,2.75,1,0.38818991878267367,0.3117119373024352,0.30009814391489115
d62dd931,2024-01-12,Burnley,Luton Town,2.0,3.6,3.6,1,0.2956922884592904,0.33258702921921995,0.37172068232148964
dd052c34,2024-01-13,Chelsea,Fulham,1.6,4.2,5.25,2,0.4754337339695514,0.2725486342428936,0.25201763178755504
738f8c3e,2024-01-13,Newcastle United,Manchester City,5.5,4.33,1.55,0,0.2185342947890188,0.19624195263046834,0.585223752580513
904ed2f9,2024-01-14,Manchester Utd,Tottenham Hotspur,2.2,3.75,3.0,1,0.4091276622673144,0.3045945212274911,0.2862778165051945
1628c63e,2024-01-14,Everton,Aston Villa,2.8,3.5,2.45,1,0.23103379526131781,0.25287500114176426,0.516091203596918
e0a9c631,2024-01-20,Brentford,Nottingham Forest,1.91,3.6,4.0,2,0.4565857908500188,0.2918739577036425,0.2515402514463386
006fb5b5,2024-01-20,Arsenal,Crystal Palace,1.3,5.75,9.0,2,0.7080303928659122,0.1878612218736526,0.10410838526043532
9a03e25c,2024-01-21,Bournemouth,Liverpool,4.2,4.5,1.7,0,0.15218832181354436,0.17215056087790814,0.6756611173085474
35fb5bc2,2024-01-22,Brighton,Wolves,1.65,4.33,5.0,1,0.42809571924138456,0.3682896191138422,0.20361466164477315
17d24e01,2024-01-30,Fulham,Everton,2.45,3.2,3.0,1,0.4586977116443366,0.2817182457025353,0.259584042653128
d8679e54,2024-01-30,Aston Villa,Newcastle United,1.85,4.0,3.8,0,0.6457165067616659,0.183392904113463,0.17089058912487112
20a16b44,2024-01-30,Nottingham Forest,Arsenal,7.5,5.0,1.4,0,0.1398354620325737,0.2247180877423524,0.6354464502250737
381f12be,2024-01-30,Luton Town,Brighton,4.2,4.2,1.75,2,0.271772611242811,0.3137300398237932,0.41449734893339585
79ffec97,2024-01-31,Tottenham Hotspur,Brentford,1.67,4.2,4.75,2,0.6337538975607887,0.22436750163152774,0.14187860080768355
1836d9bd,2024-01-31,Liverpool,Chelsea,1.57,4.33,5.25,2,0.7693440827796924,0.13767127979814414,0.09298463742216348
d10aaae8,2024-01-31,Manchester City,Burnley,1.08,12.0,21.0,2,0.8915044875994185,0.08624568727091513,0.022249825129666286
16dc9951,2024-02-01,West Ham United,Bournemouth,2.4,3.75,2.75,1,0.5389731798678908,0.2702695329691312,0.19075728716297793
457203bc,2024-02-01,Wolves,Manchester Utd,2.63,3.6,2.55,0,0.3722131226174886,0.3222626694045242,0.30552420797798724
67cb7a4e,2024-02-03,Newcastle United,Luton Town,1.44,4.75,6.5,1,0.5770673861459629,0.24473218174990585,0.17820043210413133
a2436e30,2024-02-03,Burnley,Fulham,2.9,3.4,2.38,1,0.2921374670816842,0.30380232708577976,0.40406020583253616
689d15cf,2024-02-03,Brighton,Crystal Palace,1.7,4.0,4.75,2,0.5078964440066629,0.2904034507666838,0.20170010522665327
fd68d50e,2024-02-03,Everton,Tottenham Hotspur,3.0,3.6,2.25,1,0.23921298837444022,0.2429980685387373,0.5177889430868224
dc1428be,2024-02-04,Manchester Utd,West Ham United,1.62,4.2,5.0,2,0.5523312576222255,0.27525958049130034,0.17240916188647415
29948898,2024-02-04,Bournemouth,Nottingham Forest,1.7,4.2,4.5,1,0.45890909337802055,0.2918930194677766,0.24919788715420288
dfde4bd7,2024-02-04,Chelsea,Wolves,1.62,4.0,5.5,0,0.41096424072754734,0.3286085642376802,0.26042719503477246
99020abf,2024-02-04,Arsenal,Liverpool,2.2,3.6,3.1,2,0.3735486667795175,0.20409178376523712,0.4223595494552453
2b3630b6,2024-02-05,Brentford,Manchester City,7.0,4.75,1.4,0,0.138394068904759,0.18048806011340238,0.6811178709818386
1c53666a,2024-02-10,Nottingham Forest,Newcastle United,3.3,3.75,2.05,0,0.31390140235961483,0.24386386951815964,0.4422347281222256
00ea7906,2024-02-10,Manchester City,Everton,1.18,8.0,13.0,2,0.8695474609092341,0.09567250760804903,0.0347800314827168
c0dfccdf,2024-02-10,Tottenham Hotspur,Brighton,1.8,4.2,3.8,2,0.5546806787459672,0.25862106695648085,0.18669825429755194
29e4d6ac,2024-02-10,Liverpool,Burnley,1.17,8.0,17.0,2,0.8690782423790738,0.09900442182635039,0.0319173357945757
bf9e0d20,2024-02-10,Fulham,Bournemouth,2.38,3.5,2.8,2,0.4478967812784799,0.29241475705976505,0.259688461661755
922cd256,2024-02-10,Wolves,Brentford,2.1,3.6,3.4,0,0.499411437696064,0.30084101045314915,0.199747551850787
a1da23dc,2024-02-11,West Ham United,Arsenal,6.0,4.33,1.53,0,0.20938902490951994,0.2441473243882555,0.5464636507022246
fd36479b,2024-02-11,Aston Villa,Manchester Utd,2.15,3.75,3.1,0,0.4713282226230151,0.27945552181381705,0.24921625556316793
1206b952,2024-02-12,Crystal Palace,Chelsea,4.2,3.8,1.85,0,0.4009550173124444,0.27093897719718,0.32810600549037566
78fb7fc2,2024-02-17,Manchester City,Chelsea,1.33,5.5,8.0,1,0.835072278468315,0.11358911505286942,0.05133860647881558
d657db47,2024-02-17,Nottingham Forest,West Ham United,2.38,3.5,2.9,2,0.4969793028196835,0.23575569317305725,0.2672650040072592
083c4444,2024-02-17,Newcastle United,Bournemouth,1.83,4.2,3.75,1,0.6893666383355394,0.18991819128486936,0.12071517037959135
30193251,2024-02-17,Tottenham Hotspur,Wolves,1.53,4.75,5.25,0,0.6282515756051232,0.23671912213385995,0.13502930226101684
59631171,2024-02-17,Burnley,Arsenal,10.0,5.75,1.29,0,0.05498272692547654,0.18597863803473055,0.759038635039793
ca1e26a0,2024-02-17,Brentford,Liverpool,5.5,4.33,1.57,0,0.1537451773874978,0.20285592807487118,0.6433988945376311
796ff9f0,2024-02-17,Fulham,Aston Villa,2.9,3.75,2.2,0,0.27188968645839245,0.23995348784095938,0.4881568257006483
49523b04,2024-02-18,Luton Town,Manchester Utd,4.0,4.0,1.8,0,0.24609299080039532,0.2876868918698713,0.4662201173297334
573f2f77,2024-02-19,Everton,Crystal Palace,1.7,3.6,5.25,1,0.5028141364402728,0.25376296280969607,0.24342290075003106
af88a1aa,2024-02-20,Manchester City,Brentford,1.18,8.0,13.0,2,0.861378252027715,0.09672872673138178,0.041893021240903286
58636a1e,2024-02-21,Liverpool,Luton Town,1.2,7.0,13.0,2,0.8277877037833061,0.11648270450439145,0.05572959171230241
f6d6a212,2024-02-24,Bournemouth,Manchester City,7.0,5.25,1.4,0,0.0936598651642463,0.1411774514932825,0.7651626833424712
f61fbe36,2024-02-24,Aston Villa,Nottingham Forest,1.53,4.5,5.75,2,0.6414871409601542,0.2246979009801921,0.13381495805965357
eb7c6993,2024-02-24,Brighton,Everton,1.83,3.8,4.2,1,0.5447007814003816,0.28730948929382394,0.1679897293057945
89cd2d5e,2024-02-24,Crystal Palace,Burnley,1.95,3.5,4.0,2,0.6007067378030351,0.2515886879379872,0.14770457425897773
45f67948,2024-02-24,Manchester Utd,Fulham,1.57,4.33,5.5,0,0.6355959646218621,0.2404805349675553,0.12392350041058273
8f922133,2024-02-24,Arsenal,Newcastle United,1.36,5.25,8.0,2,0.7425606100864444,0.151018867427153,0.10642052248640267
15a04102,2024-02-26,West Ham United,Brentford,2.5,3.5,2.75,2,0.4532432681097456,0.2788002020057703,0.2679565298844841
bbae8356,2024-03-02,Newcastle United,Wolves,1.91,4.0,3.6,2,0.549143781026476,0.26824036697426945,0.18261585199925462
8812bfd9,2024-03-02,Tottenham Hotspur,Crystal Palace,1.5,4.33,6.5,2,0.5862801763818237,0.2616424577625336,0.1520773658556427
ba1992b0,2024-03-02,Brentford,Chelsea,3.1,3.75,2.15,1,0.3455946160614948,0.2987642880826741,0.35564109585583126
59f4adc0,2024-03-02,Luton Town,Aston Villa,4.33,4.2,1.73,0,0.19061680210987053,0.25160230641234116,0.5577808914777882
e9183936,2024-03-02,Everton,West Ham United,2.05,3.6,3.5,0,0.4432854869287423,0.24852986100100644,0.30818465207025114
d1a00cf0,2024-03-02,Nottingham Forest,Liverpool,6.0,4.33,1.53,0,0.10074957350412742,0.16494706629970843,0.7343033601961642
20278247,2024-03-02,Fulham,Brighton,2.55,3.6,2.63,2,0.32231512252356104,0.32794207683937526,0.3497428006370638
f7674d8b,2024-03-03,Burnley,Bournemouth,3.75,3.6,1.95,0,0.2773103635967926,0.31483321419348514,0.40785642220972224
615eff06,2024-03-03,Manchester City,Manchester Utd,1.25,5.75,11.0,2,0.7385114830176934,0.17127402840123437,0.09021448858107219
0e9002ec,2024-03-09,Arsenal,Brentford,1.22,7.0,11.0,2,0.8250604516996988,0.12158056394273895,0.05335898435756235
fd693c8e,2024-03-09,Crystal Palace,Luton Town,1.75,3.8,4.2,1,0.4899192591862253,0.2618189464119808,0.24826179440179394
b606cbde,2024-03-09,Wolves,Fulham,2.5,3.4,2.75,2,0.3633287791553797,0.358796470304411,0.27787475054020927
fede7f6e,2024-03-09,Manchester Utd,Everton,1.83,3.6,4.0,2,0.6140146684531677,0.24715039705260122,0.13883493449423107
96da3e29,2024-03-10,Liverpool,Manchester City,3.0,3.75,2.2,1,0.4887680010904541,0.15721358505058594,0.35401841385896
9ef133d6,2024-03-10,West Ham United,Burnley,1.67,4.0,4.75,1,0.6557672815090881,0.2307837268959446,0.11344899159496734
f17d9ccd,2024-03-10,Brighton,Nottingham Forest,1.8,4.0,4.0,2,0.5767090110417167,0.28053599492014075,0.14275499403814254
a32a7069,2024-03-10,Aston Villa,Tottenham Hotspur,2.38,4.0,2.6,0,0.4680181163235759,0.23820452447734325,0.29377735919908093
d4b4c06f,2024-03-11,Chelsea,Newcastle United,1.91,4.0,3.6,2,0.39930375683445934,0.2653246512258512,0.3353715919396895
a32a8157,2024-03-13,Bournemouth,Luton Town,1.5,4.75,5.75,2,0.49776475966981143,0.26870471602595014,0.23353052430423848
8a009cc4,2024-03-16,Fulham,Tottenham Hotspur,3.5,3.8,1.95,2,0.22476137954381062,0.28185011567631907,0.4933885047798703
b280b66a,2024-03-16,Burnley,Brentford,3.25,3.6,2.15,2,0.29351221333974914,0.29572689030810717,0.4107608963521436
76d09384,2024-03-16,Luton Town,Nottingham Forest,2.8,3.5,2.45,1,0.4034609918027772,0.2969534949139496,0.2995855132832732
fc356c59,2024-03-17,West Ham United,Aston Villa,2.63,3.75,2.45,1,0.39859258249209933,0.2501074973386677,0.35129992016923295
43a07892,2024-03-30,Brentford,Manchester Utd,3.0,3.8,2.2,1,0.2678952272204545,0.2784936596214971,0.4536111131580484
5f218b76,2024-03-30,Aston Villa,Wolves,1.6,4.33,5.0,2,0.6086509245765879,0.23687440656512201,0.1544746688582901
6397e2af,2024-03-30,Tottenham Hotspur,Luton Town,1.2,8.0,11.0,2,0.7297069695314599,0.1759054659853105,0.09438756448322973
791fc95a,2024-03-30,Nottingham Forest,Crystal Palace,2.2,3.3,3.4,1,0.3628642972424783,0.2922294537533569,0.3449062490041647
0eaaf0ab,2024-03-30,Bournemouth,Everton,2.2,3.6,3.2,2,0.47704958049252105,0.2510203664903242,0.2719300530171548
10600f89,2024-03-30,Newcastle United,West Ham United,1.83,4.2,3.8,2,0.5601542768043102,0.2256003765960829,0.21424534659960687
e68ec2a9,2024-03-30,Chelsea,Burnley,1.29,6.0,9.5,1,0.6868262533109927,0.20550181351761404,0.10767193317139326
76b4b194,2024-03-31,Manchester City,Arsenal,1.91,3.8,3.8,1,0.5014483922809284,0.21850059996196813,0.28005100775710345
b763b73e,2024-03-31,Liverpool,Brighton,1.36,5.5,7.5,2,0.7763063934466569,0.14944771709336863,0.07424588945997444
2600ff86,2024-04-02,West Ham United,Tottenham Hotspur,3.3,4.2,1.95,1,0.3241926583951348,0.27918159047054797,0.39662575113431725
feadec6f,2024-04-02,Burnley,Wolves,2.45,3.6,2.75,1,0.2855720701249579,0.3371263555970816,0.3773015742779604
52846bc3,2024-04-02,Newcastle United,Everton,2.0,3.75,3.5,1,0.6726149640057402,0.19596860367831978,0.13141643231594022
55996670,2024-04-02,Nottingham Forest,Fulham,2.7,3.4,2.63,2,0.2647279550728877,0.28738193330889306,0.44789011161821923
1ef36f8d,2024-04-02,Bournemouth,Crystal Palace,1.95,3.8,3.6,2,0.45413832181976005,0.2644155219345301,0.28144615624570996
ae3ba8e8,2024-04-03,Manchester City,Aston Villa,1.3,6.0,8.0,2,0.7775622341711012,0.12935969863112248,0.09307806719777624
77d7e2d6,2024-04-03,Arsenal,Luton Town,1.1,10.0,19.0,2,0.8419280800113987,0.11499256845120168,0.043079351537399654
8ec55f05,2024-04-03,Brentford,Brighton,2.38,3.8,2.75,1,0.3661298622266753,0.30370061059460346,0.3301695271787212
c6079c2f,2024-04-04,Chelsea,Manchester Utd,2.0,4.0,3.4,2,0.4209983321169949,0.2697937503804271,0.309207917502578
08114c35,2024-04-06,Luton Town,Bournemouth,3.75,3.8,1.91,2,0.24880584999965819,0.3044281132551526,0.446766036745189
a9d2819f,2024-04-06,Fulham,Newcastle United,2.38,3.8,2.8,0,0.3687174504338188,0.2547364309161208,0.3765461186500605
cc7efb48,2024-04-06,Everton,Burnley,1.65,4.0,5.25,2,0.48111406852826877,0.2794908163304844,0.23939511514124695
2047cc32,2024-04-06,Brighton,Arsenal,5.0,4.33,1.62,0,0.22320193594257615,0.2644277729458574,0.5123702911115665
fca82852,2024-04-06,Crystal Palace,Manchester City,9.5,5.25,1.33,0,0.08329728397372485,0.15007246861577764,0.7666302474104976
4f0b227b,2024-04-06,Wolves,West Ham United,2.5,3.6,2.7,0,0.3794641819290399,0.3329358743621573,0.2875999437088029
e8f307a3,2024-04-06,Aston Villa,Brentford,1.7,4.0,4.75,1,0.6128980557248641,0.228923827949648,0.158178116325488
d57ffe1a,2024-04-07,Manchester Utd,Liverpool,4.75,4.5,1.6,1,0.23861345832873365,0.24552606156852408,0.5158604801027422
7598049f,2024-04-07,Tottenham Hotspur,Nottingham Forest,1.4,5.5,6.5,2,0.6198421143759107,0.237418073643353,0.14273981198073632
c9ab1f95,2024-04-13,Burnley,Brighton,3.5,3.75,2.0,1,0.2906346475146399,0.29477480403771267,0.4145905484476474
50db3243,2024-04-13,Newcastle United,Tottenham Hotspur,2.7,4.0,2.3,2,0.45692955062703633,0.24120000170928851,0.3018704476636751
4460b6c5,2024-04-13,Nottingham Forest,Wolves,2.1,3.4,3.5,1,0.3861405579826517,0.3030255752124808,0.3108338668048676
32a8be36,2024-04-13,Bournemouth,Manchester Utd,2.4,3.9,2.6,1,0.35188953903382053,0.27288171972129593,0.37522874124488353
40128bc4,2024-04-13,Manchester City,Luton Town,1.1,11.0,19.0,2,0.8764661509263527,0.09698922186904091,0.026544627204606316
99113ef3,2024-04-14,Liverpool,Crystal Palace,1.22,7.0,12.0,0,0.8800746311985078,0.08502515648377372,0.03490021231771844
bd62891f,2024-04-14,West Ham United,Fulham,2.38,3.6,2.8,0,0.5099789388955385,0.26391648122868705,0.22610457987577445
c1739ced,2024-04-14,Arsenal,Aston Villa,1.29,5.75,10.0,0,0.7884693698831826,0.1200663300476613,0.09146430006915617
1a41ac25,2024-04-15,Chelsea,Everton,1.7,4.2,4.5,2,0.5887983675580534,0.22933062162225104,0.18187101081969556
22881ea2,2024-04-20,Wolves,Arsenal,8.5,4.5,1.4,0,0.17534392204608748,0.2545545152737169,0.5701015626801955
c98abeb4,2024-04-20,Luton Town,Brentford,3.1,3.75,2.15,0,0.2976386522350774,0.326720800391398,0.3756405473735246
6236de96,2024-04-21,Aston Villa,Bournemouth,1.85,4.0,3.6,2,0.6654454196644516,0.20078518403856516,0.1337693962969832
3025d010,2024-04-21,Everton,Nottingham Forest,2.05,3.5,3.6,2,0.3593666305964104,0.29261183649350964,0.34802153291008
9dcb5084,2024-04-21,Fulham,Liverpool,5.25,4.5,1.57,0,0.20719000549491304,0.191617699065389,0.601192295439698
6ef6966a,2024-04-21,Crystal Palace,West Ham United,2.1,3.6,3.4,2,0.3547498630467013,0.2742304269888218,0.3710197099644769
3435dfcc,2024-04-23,Arsenal,Chelsea,1.44,5.0,6.0,2,0.6017744625166699,0.2248329580495209,0.17339257943380926
ee21eba2,2024-04-24,Crystal Palace,Newcastle United,2.75,3.6,2.4,2,0.2682878737603139,0.2808107968310958,0.4509013294085904
971e0a29,2024-04-24,Everton,Liverpool,7.0,5.0,1.4,2,0.12959465360664243,0.18111458983350373,0.6892907565598538
2e209def,2024-04-24,Wolves,Bournemouth,2.7,3.6,2.5,0,0.41220936858821833,0.3176081674519538,0.2701824639598279
45bb8cac,2024-04-25,Brighton,Manchester City,6.5,5.0,1.4,0,0.11193642063159517,0.21117322025935611,0.6768903591090486
e8eb637d,2024-04-27,Manchester Utd,Burnley,1.5,4.75,5.5,1,0.6670516900917184,0.25024148380098454,0.0827068261072971
9fe4ec6e,2024-04-27,Fulham,Crystal Palace,2.1,3.5,3.5,1,0.34171924669241815,0.3176907075336908,0.3405900457738911
ba04d7d8,2024-04-27,West Ham United,Liverpool,5.5,5.0,1.5,1,0.21510699950379336,0.19319668530034528,0.5916963151958613
55d68500,2024-04-27,Wolves,Luton Town,1.95,3.8,3.6,2,0.5262368743033066,0.29879633629255464,0.1749667894041388
c813a2ae,2024-04-27,Everton,Brentford,2.3,3.5,3.0,2,0.31289906641156884,0.3219105501799403,0.36519038340849075
a88dc35f,2024-04-27,Aston Villa,Chelsea,2.15,3.8,3.0,1,0.5853024661485491,0.22237455423731073,0.19232297961414016
fa3c7491,2024-04-28,Bournemouth,Brighton,2.25,3.8,2.9,2,0.4922086816220172,0.24263746706578548,0.2651538513121974
d98c9a99,2024-04-28,Tottenham Hotspur,Arsenal,4.2,4.2,1.75,0,0.2278971703603255,0.227329640246919,0.5447731893927555
80bbb25e,2024-04-28,Nottingham Forest,Manchester City,8.0,6.0,1.3,0,0.054255905236388846,0.14652863077999212,0.7992154639836192
6b489131,2024-05-02,Chelsea,Tottenham Hotspur,2.15,3.8,3.0,2,0.46983172663287825,0.23923915165244186,0.29092912171467983
76d10c7d,2024-05-03,Luton Town,Everton,2.6,3.6,2.55,1,0.26560226649424634,0.3118491114415582,0.42254862206419547
a388fc69,2024-05-04,Brentford,Fulham,2.1,3.8,3.2,1,0.43581052380642193,0.2779883212693179,0.2862011549242601
5a9032bf,2024-05-04,Manchester City,Wolves,1.08,12.0,21.0,2,0.866566775226531,0.104970177066118,0.028463047707350937
070bf86d,2024-05-04,Burnley,Newcastle United,3.4,4.0,1.95,0,0.15586179501923242,0.26792874777082976,0.5762094572099379
00bcfc31,2024-05-04,Arsenal,Bournemouth,1.22,7.5,11.0,2,0.8079621591767839,0.12231133807769144,0.06972650274552455
08341569,2024-05-05,Liverpool,Tottenham Hotspur,1.5,5.75,5.0,2,0.7553596040809205,0.13155649119715013,0.11308390472192942
5d5f6155,2024-05-05,Brighton,Aston Villa,2.75,3.75,2.45,2,0.3267703499348004,0.29221188638384926,0.3810177636813502
f8a0189a,2024-05-05,Chelsea,West Ham United,1.65,4.5,4.5,2,0.6082160087542859,0.20913849625717298,0.18264549498854102
8c4bf9e7,2024-05-06,Crystal Palace,Manchester Utd,2.38,3.75,2.8,2,0.3567825166161136,0.2938420702182833,0.34937541316560317
17e9dbbf,2024-05-11,West Ham United,Luton Town,1.8,4.2,3.8,2,0.5188568928550074,0.2728884730209854,0.20825463412400722
16d5b6aa,2024-05-11,Wolves,Crystal Palace,2.88,3.5,2.38,0,0.24502403987926905,0.37679041545488046,0.37818554466585047
384547b8,2024-05-11,Nottingham Forest,Chelsea,3.4,3.8,2.0,0,0.18119492004192428,0.2654855211110968,0.5533195588469788
45c36efd,2024-05-11,Tottenham Hotspur,Burnley,1.36,5.75,7.0,2,0.6990058802118524,0.19075145291852325,0.11024266686962442
4e211d29,2024-05-11,Fulham,Manchester City,13.0,7.0,1.2,0,0.08930939825600845,0.16402817042990442,0.7466624313140869
e7b6ebb6,2024-05-11,Bournemouth,Brentford,1.95,4.0,3.5,0,0.35249553941046546,0.3151538873992887,0.33235057319024586
6dbd7d72,2024-05-11,Newcastle United,Brighton,1.57,4.75,4.75,1,0.6081019139153164,0.24134727578152707,0.15055081030315648
ab9827f2,2024-05-12,Manchester Utd,Arsenal,7.0,5.5,1.36,0,0.21653777655455445,0.25492730940439134,0.5285349140410541
72c0709d,2024-05-13,Aston Villa,Liverpool,4.2,4.33,1.7,1,0.34070979459265216,0.2040187876516246,0.4552714177557232
2ba17e6d,2024-05-14,Tottenham Hotspur,Manchester City,6.5,6.0,1.36,0,0.12337313449253638,0.18621552548114081,0.6904113400263229
e43e8597,2024-05-15,Manchester Utd,Newcastle United,2.75,4.0,2.3,2,0.3370071199341441,0.3156366056631405,0.3473562744027153
b42b7907,2024-05-15,Brighton,Chelsea,3.3,4.0,1.95,0,0.316395248621221,0.3204265734532856,0.3631781779254934
546e1a3d,2024-05-19,Brentford,Newcastle United,2.9,3.9,2.2,0,0.344355151555741,0.24660818329847184,0.40903666514578724
29335211,2024-05-19,Manchester City,West Ham United,1.08,12.0,21.0,2,0.885593134966766,0.08223680064793715,0.03217006438529693
0fde9d70,2024-05-19,Luton Town,Fulham,2.9,3.9,2.2,0,0.31387505663466786,0.29876388955459704,0.3873610538107351
d4823ed5,2024-05-19,Liverpool,Wolves,1.17,8.0,15.0,2,0.8340417832667409,0.11861955796656387,0.0473386587666951
7c034003,2024-05-19,Chelsea,Bournemouth,1.45,5.0,6.0,2,0.6876938865532434,0.17746362709014707,0.13484248635660945
47ecdc19,2024-05-19,Brighton,Manchester Utd,2.15,4.0,2.9,0,0.3860127539112858,0.3248059570516778,0.28918128903703644
3e33bd98,2024-05-19,Arsenal,Everton,1.18,8.0,12.0,2,0.7776392961973508,0.14597700633440533,0.07638369746824385
dafb05fe,2024-05-19,Burnley,Nottingham Forest,3.0,3.5,2.3,0,0.3215365181037372,0.30170846750188146,0.3767550143943812
c975c7a6,2024-05-19,Crystal Palace,Aston Villa,1.85,4.33,3.6,2,0.3879039501826603,0.2621408068863517,0.3499552429309881
cc5b4244,2024-08-16,Manchester Utd,Fulham,1.6,4.2,5.25,2,0.5992647648756981,0.2631657374632421,0.13756949766105972
c0e3342a,2024-08-17,Arsenal,Wolves,1.18,7.5,13.0,2,0.8926730465134051,0.08152604841283721,0.025800905073757742
71618ace,2024-08-17,Everton,Brighton,2.63,3.3,2.63,0,0.46225554436912347,0.2933734722326142,0.24437098339826227
a1d0d529,2024-08-17,Ipswich Town,Liverpool,8.5,5.5,1.33,0,0.17621177657594556,0.21453948331822714,0.6092487401058274
4efc72e4,2024-08-17,Nottingham Forest,Bournemouth,2.45,3.5,2.8,1,0.40946133848083194,0.27762251037959135,0.3129161511395767
eac7c00b,2024-08-17,West Ham United,Aston Villa,2.45,3.6,2.75,0,0.42397111221035916,0.2396335066188064,0.3363953811708344
34557647,2024-08-17,Newcastle United,Southampton,1.36,5.25,8.0,2,0.7425714157076819,0.1811362584498977,0.0762923258424205
b63822b9,2024-08-18,Brentford,Crystal Palace,2.4,3.4,2.9,2,0.22319009272972395,0.3413713172708886,0.4354385899993873
67a0c715,2024-08-18,Chelsea,Manchester City,4.1,3.9,1.8,0,0.18753944063620626,0.18733938715698858,0.6251211722068052
62eea1d6,2024-08-19,Leicester City,Tottenham Hotspur,5.0,4.33,1.62,1,0.2652493522481968,0.26501252888454363,0.4697381188672596
a24b7a43,2024-08-24,Manchester City,Ipswich Town,1.08,12.0,21.0,2,0.9061741861985133,0.07324922964822653,0.020576584153260056
1eef1717,2024-08-24,Tottenham Hotspur,Everton,1.44,4.75,6.5,2,0.6293039317633254,0.2173739292323638,0.15332213900431083
4d0079fb,2024-08-24,Fulham,Leicester City,1.8,3.75,4.2,2,0.5165321372709462,0.2620989308976673,0.22136893183138656
4692171a,2024-08-24,Aston Villa,Arsenal,4.33,3.8,1.75,0,0.29144997722390076,0.20487095112226802,0.5036790716538313
540cfb68,2024-08-24,Crystal Palace,West Ham United,2.15,3.6,3.2,0,0.5590299950168015,0.23609834301968316,0.20487166196351528
fc8ab8b2,2024-08-24,Brighton,Manchester Utd,2.5,3.7,2.63,2,0.34216510022849916,0.34294349076316505,0.31489140900833573
a641f3a0,2024-08-24,Southampton,Nottingham Forest,2.55,3.3,2.8,0,0.29290997692781595,0.3315872243256139,0.3755027987465702
e76c15c9,2024-08-25,Wolves,Chelsea,4.33,4.0,1.75,0,0.22261624126480267,0.3307481342203516,0.44663562451484573
1934f267,2024-08-25,Bournemouth,Newcastle United,2.9,3.8,2.2,1,0.2558601880076984,0.2798814903429598,0.4642583216493418
09b1742e,2024-08-25,Liverpool,Brentford,1.27,5.75,11.0,2,0.7929119303349788,0.12958141095147963,0.0775066587135417
837f0304,2024-08-31,Nottingham Forest,Wolves,2.0,3.7,3.7,1,0.5204061290154035,0.2769170041602274,0.20267686682436908
cec85838,2024-08-31,Ipswich Town,Fulham,3.0,3.5,2.3,1,0.3931423207179916,0.23962226399902598,0.3672354152829825
5af68b76,2024-08-31,Leicester City,Aston Villa,4.5,4.0,1.7,0,0.31509817304775223,0.251462781258683,0.4334390456935647
58bbe046,2024-08-31,Everton,Bournemouth,2.75,3.4,2.55,0,0.4444912233654088,0.28106689726265355,0.27444187937193776
97ce60d4,2024-08-31,West Ham United,Manchester City,7.0,5.5,1.38,0,0.0926110411584381,0.1625981681218105,0.7447907907197514
fec3438b,2024-08-31,Brentford,Southampton,1.75,3.9,4.33,2,0.5856060658865382,0.2739028673399224,0.1404910667735395
a843d023,2024-08-31,Arsenal,Brighton,1.33,5.5,8.5,1,0.7804808864759842,0.1464845173155508,0.07303459620846493
a7ab7a12,2024-09-01,Manchester Utd,Liverpool,3.7,4.2,1.85,0,0.235856822915071,0.2557650119241866,0.5083781651607424
0c994746,2024-09-01,Newcastle United,Tottenham Hotspur,2.5,4.0,2.5,2,0.4042721814866202,0.25697262443055596,0.3387551940828239
3387c2c8,2024-09-01,Chelsea,Crystal Palace,1.6,4.33,5.0,1,0.5511758210394343,0.25810229083917785,0.19072188812138788
54405f8a,2024-09-14,Manchester City,Brentford,1.18,8.0,12.0,2,0.8729067486476096,0.09433712954965418,0.03275612180273618
674bfe9e,2024-09-14,Liverpool,Nottingham Forest,1.22,6.5,12.0,0,0.817048815072975,0.12629940491762973,0.05665178000939525
fa2b1777,2024-09-14,Fulham,West Ham United,2.38,3.25,3.0,1,0.4226038889298409,0.29037665304124705,0.2870194580289121
430cce12,2024-09-14,Crystal Palace,Leicester City,1.62,4.0,5.5,1,0.5763073231955187,0.2421425524513405,0.18155012435314077
2ffa4354,2024-09-14,Brighton,Ipswich Town,1.38,5.0,7.5,1,0.5725262038660073,0.27761528579079847,0.14985851034319428
b96c3759,2024-09-14,Southampton,Manchester Utd,4.5,4.0,1.7,0,0.1625029677470988,0.29709327364427424,0.5404037586086268
456b4762,2024-09-14,Bournemouth,Chelsea,3.4,3.8,2.0,0,0.28242328698077424,0.25649079188035023,0.46108592113887553
cdb4c33b,2024-09-14,Aston Villa,Everton,1.5,4.2,6.5,2,0.682721061913436,0.18700612762021535,0.13027281046634875
17774a57,2024-09-15,Tottenham Hotspur,Arsenal,3.0,3.5,2.3,0,0.2974683553824855,0.21275473864817393,0.48977690596934065
4b01981e,2024-09-15,Wolves,Newcastle United,3.4,3.5,2.1,0,0.23076782065867715,0.31346405566709074,0.45576812367423203
4e6e1cc7,2024-09-21,Leicester City,Everton,2.45,3.4,2.88,1,0.46128439774412977,0.2772765302521732,0.2614390720036971
ce0fb1f5,2024-09-21,West Ham United,Chelsea,3.6,3.9,1.95,0,0.28361395140353657,0.2730048385953914,0.4433812100010721
e2b62260,2024-09-21,Aston Villa,Wolves,1.57,4.2,5.25,2,0.7277187880626763,0.18543564758521505,0.08684556435210852
de7298df,2024-09-21,Fulham,Newcastle United,3.0,3.4,2.4,2,0.28995166003175005,0.2614420534527623,0.44860628651548756
9511708f,2024-09-21,Tottenham Hotspur,Brentford,1.55,4.5,5.5,2,0.5728996443442825,0.246047715441911,0.18105264021380646
929e225f,2024-09-21,Crystal Palace,Manchester Utd,2.88,3.75,2.3,1,0.3441467889821354,0.3058658137651099,0.3499873972527547
948d52cc,2024-09-21,Southampton,Ipswich Town,2.25,3.5,3.2,1,0.2996660042546068,0.3204491248114663,0.3798848709339269
32a9539b,2024-09-21,Liverpool,Bournemouth,1.3,6.25,9.0,2,0.7923274170097949,0.13171817651465842,0.07595440647554673
d701a1df,2024-09-22,Brighton,Nottingham Forest,1.75,3.75,4.75,1,0.468431080191697,0.3184938016877011,0.21307511812060184
d7538020,2024-09-22,Manchester City,Arsenal,1.8,3.6,4.5,1,0.7333723546264921,0.12598013092410645,0.14064751444940152
9c4f2bcd,2024-09-28,Brentford,West Ham United,2.2,3.5,3.2,1,0.477168348940298,0.26806722688108475,0.2547644241786172
2ee60ac7,2024-09-28,Arsenal,Leicester City,1.17,8.0,15.0,2,0.8360996213640962,0.11825454659873705,0.04564583203716666
f2633f1d,2024-09-28,Wolves,Liverpool,8.0,5.75,1.33,0,0.10811944694580676,0.23220783496882483,0.6596727180853683
b4df0bca,2024-09-28,Newcastle United,Manchester City,5.25,4.33,1.6,1,0.17315759572963188,0.17308794143024384,0.6537544628401242
d47382cd,2024-09-28,Everton,Crystal Palace,2.7,3.3,2.63,2,0.3732828511915536,0.2805733836088779,0.34614376519956847
ee7d3371,2024-09-28,Nottingham Forest,Fulham,2.38,3.3,3.0,0,0.3476491481181797,0.2771202233356098,0.3752306285462106
1714cebe,2024-09-28,Chelsea,Brighton,1.73,4.2,4.2,2,0.5352140033002477,0.27303981128823474,0.19174618541151756
c4b97377,2024-09-29,Manchester Utd,Tottenham Hotspur,2.35,3.75,2.75,0,0.4083294945534389,0.2899963584776775,0.3016741469688836
ef742b9c,2024-09-29,Ipswich Town,Aston Villa,4.0,3.75,1.85,1,0.2138319891907461,0.24014821460940927,0.5460197961998446
04d2cc03,2024-09-30,Bournemouth,Southampton,1.65,4.1,5.0,2,0.5714389725405364,0.26259415072205944,0.165966876737404
d153872e,2024-10-05,Leicester City,Bournemouth,3.1,3.75,2.15,2,0.3619929849317925,0.2916785061097719,0.34632850895843564
e99a7857,2024-10-05,Everton,Newcastle United,3.2,3.6,2.2,1,0.29902941390596305,0.25005273520031024,0.45091785089372666
49ea224b,2024-10-05,Crystal Palace,Liverpool,6.0,4.5,1.5,0,0.19090905436505554,0.2044130058409126,0.6046779397940318
c6439e5b,2024-10-05,Arsenal,Southampton,1.14,9.0,17.0,2,0.8939513332619863,0.08585786809517185,0.020190798642841762
93e19c5e,2024-10-05,West Ham United,Ipswich Town,1.8,3.8,4.33,2,0.4878553989268535,0.2612723987697773,0.2508722023033694
909090f8,2024-10-05,Brentford,Wolves,2.05,3.6,3.4,2,0.4995769307537136,0.3171078155616788,0.18331525368460755
61d60f62,2024-10-05,Manchester City,Fulham,1.25,7.0,9.5,2,0.8601690393966306,0.09723615469016468,0.04259480591320474
abef5f2a,2024-10-06,Aston Villa,Manchester Utd,2.2,3.75,3.0,1,0.6318242741283554,0.19915114868507391,0.16902457718657057
b9e00aac,2024-10-06,Chelsea,Nottingham Forest,1.48,4.5,6.5,1,0.6758909042644717,0.20596251076964525,0.11814658496588293
dac142c7,2024-10-06,Brighton,Tottenham Hotspur,2.9,4.0,2.2,2,0.260222323253566,0.3210368597889012,0.41874081695753274
923bfab0,2024-10-19,Tottenham Hotspur,West Ham United,1.5,5.0,5.25,2,0.539706585970616,0.2395725952141621,0.2207208188152219
615d637e,2024-10-19,Fulham,Aston Villa,2.45,3.5,2.8,0,0.3463917856839202,0.25018822798592166,0.4034199863301581
2273e126,2024-10-19,Ipswich Town,Everton,2.38,3.3,3.0,0,0.4013380651053942,0.2994014548702499,0.29926048002435596
7f2c3291,2024-10-19,Manchester Utd,Brentford,1.7,4.2,4.5,2,0.4645640080418848,0.31904472326295297,0.21639126869516226
48081db0,2024-10-19,Newcastle United,Brighton,1.95,3.7,3.6,0,0.534023602619508,0.2731131969207635,0.19286320045972855
03d28c48,2024-10-19,Southampton,Leicester City,2.3,3.5,3.0,0,0.26999188838908805,0.32667309409679735,0.40333501751411455
01e63a1f,2024-10-19,Bournemouth,Arsenal,5.0,3.9,1.65,2,0.11700328561298923,0.17261814092588956,0.7103785734611212
90b22cd5,2024-10-20,Wolves,Manchester City,8.0,6.0,1.33,0,0.06562685253581019,0.17074152824286823,0.7636316192213216
99b4737c,2024-10-20,Liverpool,Chelsea,1.62,4.1,5.0,2,0.6752049770404447,0.17202361806654257,0.15277140489301275
5ed3894e,2024-10-21,Nottingham Forest,Crystal Palace,2.3,3.5,3.0,2,0.4030826625332072,0.28308212906085195,0.31383520840594076
292d8bc4,2024-10-25,Leicester City,Nottingham Forest,3.0,3.3,2.4,0,0.3736594731000693,0.2930398383931139,0.3333006885068169
bce300b2,2024-10-26,Aston Villa,Bournemouth,1.85,3.9,3.8,1,0.6256634213480466,0.21535868530027202,0.1589778933516814
1fb2dcde,2024-10-26,Brentford,Ipswich Town,1.65,4.33,4.75,2,0.570168508850258,0.2532528158228786,0.17657867532686333
9487e056,2024-10-26,Brighton,Wolves,1.62,4.5,4.5,1,0.6177882977471852,0.27384340066891516,0.10836830158389953
b66f6389,2024-10-26,Manchester City,Southampton,1.11,10.0,17.0,2,0.9294119176456375,0.060565756928705465,0.010022325425657078
1e5152bf,2024-10-26,Everton,Fulham,2.75,3.25,2.63,1,0.4106053933376767,0.2911877705750451,0.29820683608727816
33571b04,2024-10-27,Chelsea,Newcastle United,1.73,4.33,4.2,2,0.55160370749573,0.20631511311704184,0.24208117938722817
e995d937,2024-10-27,Crystal Palace,Tottenham Hotspur,3.9,4.0,1.83,2,0.23956859913092624,0.2976953572300363,0.4627360436390374
38c31a07,2024-10-27,West Ham United,Manchester Utd,2.88,3.75,2.3,2,0.3447970112067367,0.2928390945194972,0.3623638942737661
68aa1099,2024-10-27,Arsenal,Liverpool,2.5,3.25,2.9,1,0.5860712408001922,0.16626136862075336,0.2476673905790544
ed970fef,2024-11-02,Bournemouth,Manchester City,5.5,4.2,1.57,2,0.1172397345417512,0.1451274476229843,0.7376328178352647
7d114c70,2024-11-02,Liverpool,Brighton,1.4,5.0,7.5,2,0.7353026945474157,0.17428322005243232,0.09041408540015196
ed8f93a0,2024-11-02,Ipswich Town,Leicester City,2.25,3.5,3.1,1,0.40871204261604216,0.3174541877804653,0.2738337696034926
a4251fae,2024-11-02,Wolves,Crystal Palace,2.5,3.4,2.88,1,0.3051284203676458,0.3414338909133815,0.35343768871897274
c2505640,2024-11-02,Nottingham Forest,West Ham United,2.15,3.5,3.4,2,0.4539006904279007,0.26450759913955757,0.2815917104325416
cc960c22,2024-11-02,Newcastle United,Arsenal,3.75,3.75,1.95,2,0.31791777622363704,0.2058212517885567,0.4762609719878062
2be42fdb,2024-11-02,Southampton,Everton,2.63,3.4,2.63,2,0.16234890704875,0.3271697059048265,0.5104813870464234
8fa951f9,2024-11-03,Tottenham Hotspur,Aston Villa,1.91,4.0,3.6,2,0.4192992939181944,0.24394951009478785,0.33675119598701775
1273ae28,2024-11-03,Manchester Utd,Chelsea,2.6,3.5,2.6,1,0.39235932905690546,0.28066233511846983,0.3269783358246247
e1590847,2024-11-04,Fulham,Brentford,2.0,3.7,3.5,2,0.3822720165580778,0.3086443228278463,0.30908366061407594
737af5bf,2024-11-09,Liverpool,Aston Villa,1.42,5.25,6.5,2,0.7585589336665054,0.1354834986879634,0.10595756764553128
62aa7905,2024-11-09,Brighton,Manchester City,4.1,4.2,1.73,2,0.20056531469187186,0.21576383592545345,0.5836708493826749
dbec2d40,2024-11-09,Wolves,Southampton,1.91,3.75,3.75,2,0.43112815841921676,0.3954439266785343,0.17342791490224907
d5015ba4,2024-11-09,Crystal Palace,Fulham,2.7,3.5,2.55,0,0.39837833763637287,0.2880826795474399,0.31353898281618725
1c998ef5,2024-11-09,Brentford,Bournemouth,2.5,3.5,2.7,2,0.3522533770334573,0.3183325468670131,0.32941407609952955
a4cf40b4,2024-11-09,West Ham United,Everton,2.15,3.4,3.4,1,0.43218139404231104,0.29347707390780264,0.27434153204988637
2874d56e,2024-11-10,Chelsea,Arsenal,2.7,3.4,2.55,1,0.40483051849070506,0.20964556314304436,0.3855239183662506
f9b9c3c4,2024-11-10,Tottenham Hotspur,Ipswich Town,1.25,6.5,9.0,0,0.7111894043578516,0.18408763507436968,0.10472296056777874
35888afe,2024-11-10,Manchester Utd,Leicester City,1.38,5.5,6.5,2,0.6003965844523628,0.2635209427294823,0.13608247281815491
a41ce5c3,2024-11-10,Nottingham Forest,Newcastle United,2.7,3.3,2.7,0,0.3987549567500036,0.24389319591372105,0.3573518473362753
4708a5bf,2024-11-23,Bournemouth,Brighton,2.4,3.6,2.8,0,0.36287478863793166,0.296625240619209,0.34049997074285937
c48b896c,2024-11-23,Manchester City,Tottenham Hotspur,1.48,4.75,6.0,0,0.7918473014525214,0.1313371963278917,0.07681550221958698
bf2e07a1,2024-11-23,Aston Villa,Crystal Palace,1.62,4.0,5.5,1,0.6284582000105647,0.20679829430946406,0.16474350567997129
dd7675a7,2024-11-23,Everton,Brentford,2.45,3.4,2.88,1,0.34822272391586895,0.2984901501443027,0.35328712593982836
bb885467,2024-11-23,Leicester City,Chelsea,6.5,4.75,1.44,0,0.25268342736812477,0.24298397342242192,0.5043325992094534
0cb4129b,2024-11-23,Arsenal,Nottingham Forest,1.38,4.75,9.0,2,0.7539720191791803,0.15941512387597406,0.08661285694484559
ed24aeb8,2024-11-23,Fulham,Wolves,1.62,4.0,5.25,0,0.5110386427508716,0.3216109435914209,0.16735041365770748
eb6f8e39,2024-11-24,Southampton,Liverpool,11.0,5.75,1.27,0,0.054792211121747224,0.16013956202159052,0.7850682268566622
db1e4ea5,2024-11-24,Ipswich Town,Manchester Utd,5.25,4.0,1.62,1,0.2386089187945536,0.3193632388612232,0.44202784234422315
79f46eec,2024-11-25,Newcastle United,West Ham United,1.5,4.5,6.0,0,0.6177749948357637,0.2144398329858901,0.16778517217834624
d38c4a31,2024-11-29,Brighton,Southampton,1.38,5.0,7.5,1,0.6931409470133635,0.2378419738821666,0.06901707910446989
adfb1b89,2024-11-30,Wolves,Bournemouth,2.8,3.6,2.4,0,0.36621891252509203,0.35033458853564253,0.2834464989392654
f78bee62,2024-11-30,West Ham United,Arsenal,7.0,4.5,1.45,0,0.2235175030143502,0.22533760788785887,0.5511448890977909
f4f9a64f,2024-11-30,Brentford,Leicester City,1.65,4.2,4.75,2,0.5099289182459307,0.28825149391363286,0.20181958784043644
ddc8856c,2024-11-30,Nottingham Forest,Ipswich Town,1.7,3.8,4.75,2,0.4874238548157639,0.2715621314091428,0.24101401377509316
a4f03af0,2024-11-30,Crystal Palace,Newcastle United,2.9,3.6,2.3,1,0.34467523455716287,0.26583473436548277,0.3894900310773544
080b797b,2024-12-01,Chelsea,Aston Villa,1.7,4.1,4.5,2,0.5915862111715224,0.19423653843402078,0.21417725039445673
e6eef20f,2024-12-01,Manchester Utd,Everton,1.53,4.2,6.0,2,0.5428679084190744,0.28903982280033236,0.16809226878059327
9aaa6ed5,2024-12-01,Tottenham Hotspur,Fulham,1.7,4.5,4.1,1,0.6146182182488196,0.22031080875084652,0.1650709730003339
0bd6ad44,2024-12-01,Liverpool,Manchester City,2.1,3.6,3.3,2,0.6745183809255403,0.1204203186402476,0.20506130043421206
f7a96e82,2024-12-03,Ipswich Town,Crystal Palace,3.0,3.4,2.35,0,0.3255716531890096,0.29923213351007694,0.37519621330091346
355fd8ce,2024-12-03,Leicester City,West Ham United,2.9,3.4,2.38,2,0.32364898467157854,0.2947442740299385,0.38160674129848304
dedb0eee,2024-12-04,Manchester City,Nottingham Forest,1.36,4.75,9.0,2,0.787798627890066,0.1412552744252095,0.07094609768472453
ca898c29,2024-12-04,Newcastle United,Liverpool,4.2,4.0,1.75,1,0.2414142677330008,0.17208942372620667,0.5864963085407926
71f00b04,2024-12-04,Everton,Wolves,2.1,3.4,3.5,2,0.3999677314794371,0.3553505318838962,0.24468173663666673
e4480630,2024-12-04,Southampton,Chelsea,8.5,5.25,1.33,0,0.07876402423101989,0.21455187387740476,0.7066841018915754
9938aa27,2024-12-04,Arsenal,Manchester Utd,1.44,4.5,7.0,2,0.6878390209622702,0.19926327221442897,0.1128977068233008
c24a734b,2024-12-04,Aston Villa,Brentford,1.8,3.75,4.33,2,0.511765609071379,0.2773200196209222,0.2109143713076988
32aaf579,2024-12-05,Fulham,Brighton,2.35,3.6,2.88,2,0.388978283071527,0.30254235075202546,0.30847936617644756
c7e59a0a,2024-12-05,Bournemouth,Tottenham Hotspur,2.63,3.75,2.45,2,0.32845143209626215,0.2585821289001084,0.4129664390036295
08966ea6,2024-12-07,Manchester Utd,Nottingham Forest,1.65,3.9,5.25,0,0.5879969234712632,0.2652902313343371,0.14671284519439978
92cfde2c,2024-12-07,Aston Villa,Southampton,1.36,5.5,7.0,2,0.7999833964944305,0.14925962148037306,0.05075698202519645
1042592d,2024-12-07,Brentford,Newcastle United,2.88,3.75,2.3,2,0.34844256233395793,0.2634453002280462,0.3881121374379958
6b7fbda1,2024-12-07,Crystal Palace,Manchester City,5.5,4.2,1.57,1,0.21538104933186566,0.186523822000606,0.5980951286675282
392c7b1f,2024-12-08,Ipswich Town,Bournemouth,3.5,3.75,2.0,0,0.26106978339528253,0.29876938729920827,0.4401608293055092
038dfa98,2024-12-08,Fulham,Arsenal,5.0,4.33,1.6,1,0.20284900673330122,0.21022579464408428,0.5869251986226145
abff9b73,2024-12-08,Tottenham Hotspur,Chelsea,3.4,3.9,2.0,0,0.2929591705590726,0.2768751659048575,0.43016566353606983
7b549f8f,2024-12-08,Leicester City,Brighton,4.5,3.8,1.73,1,0.2618258567079486,0.33110470099495887,0.4070694422970926
4d72ec87,2024-12-09,West Ham United,Wolves,1.9,3.9,3.75,2,0.5467805737949623,0.2906753726443844,0.16254405356065338
32aa9e8e,2024-12-14,Arsenal,Everton,1.22,6.5,12.0,1,0.7967051784269373,0.1366903778934726,0.0666044436795901
a436996c,2024-12-14,Liverpool,Fulham,1.33,5.5,8.0,1,0.7996617037146924,0.13010644843334482,0.07023184785196293
0b6fe43f,2024-12-14,Newcastle United,Leicester City,1.3,6.0,8.5,2,0.662556955726303,0.21261477308686408,0.1248282711868329
46d52e33,2024-12-14,Wolves,Ipswich Town,1.9,3.8,3.8,0,0.39498197156212367,0.35324338609614997,0.2517746423417264
26926fd3,2024-12-14,Nottingham Forest,Aston Villa,2.63,3.3,2.7,2,0.3221126168125429,0.26424855975756517,0.41363882342989194
5f0803f7,2024-12-15,Chelsea,Brentford,1.33,6.0,7.5,2,0.6463696189609883,0.21121645206773884,0.14241392897127278
37afd6da,2024-12-15,Southampton,Tottenham Hotspur,4.33,4.5,1.67,0,0.14344800623442022,0.26639281894098327,0.5901591748245966
3d772028,2024-12-15,Manchester City,Manchester Utd,1.57,4.5,5.0,0,0.7385407674452074,0.17663158940453474,0.08482764315025801
c8314a05,2024-12-15,Brighton,Crystal Palace,1.85,3.8,3.9,0,0.47154750787545746,0.31074265990613553,0.21770983221840703
49cd674b,2024-12-16,Bournemouth,West Ham United,1.7,4.0,4.75,1,0.4976092496914114,0.2331079623765502,0.26928278793203836
1c60d037,2024-12-21,Brentford,Nottingham Forest,2.3,3.6,2.9,0,0.42841100177148017,0.271544902755973,0.3000440954725469
764fc51e,2024-12-21,Ipswich Town,Newcastle United,4.75,3.75,1.73,0,0.22140156914406553,0.2743837215803691,0.5042147092755654
04be8e87,2024-12-21,West Ham United,Brighton,2.88,3.7,2.35,1,0.43749371346511373,0.30280871065438103,0.2596975758805052
5e7aa707,2024-12-21,Crystal Palace,Arsenal,6.25,4.2,1.55,0,0.19423952157092747,0.2287548024885324,0.5770056759405401
ce9dc982,2024-12-21,Aston Villa,Manchester City,3.25,3.7,2.1,2,0.38460908455484705,0.1995243046750625,0.41586661077009035
1e1cea4c,2024-12-22,Tottenham Hotspur,Liverpool,4.5,4.0,1.73,0,0.2732192424971382,0.25878927568904214,0.4679914818138196
ecd6cb1d,2024-12-22,Leicester City,Wolves,2.55,3.4,2.7,0,0.37094390625667134,0.3712466896235866,0.25780940411974207
8381ba53,2024-12-22,Manchester Utd,Bournemouth,1.8,3.8,4.2,0,0.46309553185491353,0.3121729226436233,0.22473154550146324
de72140c,2024-12-22,Everton,Chelsea,5.0,4.2,1.62,1,0.18296651007992204,0.24282013684641,0.574213353073668
ba3fcb1e,2024-12-22,Fulham,Southampton,1.42,4.75,7.0,1,0.7527812040873734,0.18847137742704645,0.0587474184855802
8050686b,2024-12-26,Southampton,West Ham United,3.25,3.5,2.2,0,0.19132252231956837,0.31692517462454095,0.49175230305589074
1f604fbd,2024-12-26,Liverpool,Leicester City,1.08,12.0,23.0,2,0.8969067932169267,0.08524703412054185,0.017846172662531537
77bcad49,2024-12-26,Wolves,Manchester Utd,3.9,3.7,1.91,2,0.2592482989396419,0.3818512574495248,0.3589004436108333
eb738106,2024-12-26,Nottingham Forest,Tottenham Hotspur,2.3,3.75,2.88,2,0.45921492852595003,0.2480643788126548,0.2927206926613953
03d6159c,2024-12-26,Chelsea,Fulham,1.48,4.75,6.0,0,0.6533163583267226,0.2241495792070417,0.12253406246623563
87f2d794,2024-12-26,Manchester City,Everton,1.33,5.5,7.5,1,0.7915904161702509,0.1458670782954784,0.06254250553427064
9985f304,2024-12-26,Newcastle United,Aston Villa,1.91,3.8,3.75,2,0.5348872902742994,0.248131624312242,0.21698108541345867
886ca6b3,2024-12-26,Bournemouth,Crystal Palace,1.9,3.8,3.8,1,0.5264054602090509,0.2751899877445954,0.19840455204635377
668dad03,2024-12-27,Arsenal,Ipswich Town,1.14,9.0,15.0,2,0.8540284126034575,0.1153418360130154,0.030629751383527148
15b10b33,2024-12-27,Brighton,Brentford,1.62,4.33,4.75,1,0.4893351529954409,0.30166301437618837,0.20900183262837083
8bbb6d95,2024-12-29,Leicester City,Manchester City,7.5,5.5,1.36,0,0.10797623724091707,0.23148080761920709,0.6605429551398758
6d06b29c,2024-12-29,Crystal Palace,Southampton,1.57,3.9,5.5,2,0.6861550944232535,0.2266739737009394,0.0871709318758072
5fa986dc,2024-12-29,Everton,Nottingham Forest,2.6,3.2,2.8,0,0.3577201385835839,0.29839501440813987,0.3438848470082762
4b4023dc,2024-12-29,Fulham,Bournemouth,2.3,3.6,2.88,1,0.4498359848336768,0.29344174858400374,0.2567222665823195
3d2ef5b4,2024-12-29,Tottenham Hotspur,Wolves,1.6,5.0,4.2,1,0.5815316326600404,0.2684784510329565,0.14998991630700306
c1a66ac0,2024-12-29,West Ham United,Liverpool,7.0,5.0,1.4,0,0.1300460333702727,0.21870870982301968,0.6512452568067075
88073205,2024-12-30,Ipswich Town,Chelsea,6.5,4.75,1.42,2,0.1722430175743382,0.2584865458552307,0.5692704365704312
5e8340e9,2024-12-30,Aston Villa,Brighton,1.9,3.8,3.6,1,0.5138736344797801,0.30291710400799016,0.1832092615122298
8cff7a63,2024-12-30,Manchester Utd,Newcastle United,2.75,3.5,2.55,0,0.30688778888921137,0.29539142050199146,0.39772079060879734
7e6892e4,2025-01-01,Brentford,Arsenal,6.5,4.75,1.44,0,0.13079964671993766,0.2508951136856643,0.618305239594398
36fc576a,2025-01-04,Southampton,Brentford,3.0,3.4,2.4,0,0.19290661335243955,0.2878844116501176,0.5192089749974428
be247ac3,2025-01-04,Tottenham Hotspur,Newcastle United,2.88,3.8,2.25,0,0.3177545549601211,0.28823824013737925,0.3940072049024996
f5ae8d7d,2025-01-04,Aston Villa,Leicester City,1.33,5.5,8.5,2,0.7055666178853561,0.20466657717057093,0.08976680494407288
43f0c302,2025-01-04,Bournemouth,Everton,1.73,3.75,4.75,2,0.5672374709171325,0.2530783419489737,0.17968418713389384
cd9861d5,2025-01-04,Crystal Palace,Chelsea,3.8,3.75,1.91,1,0.36033264571415224,0.27246328557673166,0.36720406870911615
d7773a4c,2025-01-04,Manchester City,West Ham United,1.3,6.25,7.5,2,0.8254787872221364,0.12961269612323054,0.04490851665463294
52186da4,2025-01-04,Brighton,Arsenal,4.33,3.75,1.8,1,0.178843753453495,0.2810956070795369,0.5400606394669681
8b69ef69,2025-01-05,Fulham,Ipswich Town,1.55,4.2,5.75,1,0.5825260067201204,0.26597441504059144,0.1514995782392881
4cef863f,2025-01-05,Liverpool,Manchester Utd,1.29,6.25,8.0,1,0.852415505839666,0.110711232963325,0.03687326119700903
56c4250a,2025-01-06,Wolves,Nottingham Forest,3.3,3.2,2.3,0,0.2360403930178127,0.3658041556880562,0.398155451294131
c6168c73,2025-01-14,West Ham United,Fulham,3.0,3.4,2.38,2,0.33642978343310664,0.3096514901248106,0.3539187264420827
118f8df8,2025-01-14,Nottingham Forest,Liverpool,5.25,4.1,1.62,1,0.18582337468678325,0.23478876444928665,0.5793878608639301
fff671a9,2025-01-14,Chelsea,Bournemouth,1.48,4.75,6.0,1,0.5227136793894216,0.2501688184945065,0.22711750211607193
68c2e6b8,2025-01-14,Brentford,Manchester City,4.75,4.2,1.62,1,0.20502974258982232,0.2552800674698728,0.539690189940305
3e70b855,2025-01-15,Everton,Aston Villa,3.25,3.2,2.3,0,0.25021079717632516,0.29662372873912607,0.4531654740845486
99eb6105,2025-01-15,Leicester City,Crystal Palace,3.9,3.6,1.91,0,0.21997751888496186,0.3003821516098572,0.4796403295051809
535d70d7,2025-01-15,Newcastle United,Wolves,1.36,5.5,8.0,2,0.7003106810271392,0.22241791991496998,0.07727139905789081
ee9ce5e2,2025-01-15,Arsenal,Tottenham Hotspur,1.4,5.25,7.0,2,0.7429564242502854,0.17201055207314825,0.08503302367656639
ace86fcc,2025-01-16,Ipswich Town,Brighton,3.9,3.7,1.91,0,0.32394557113570316,0.3528684652226072,0.3231859636416897
f443a602,2025-01-16,Manchester Utd,Southampton,1.29,6.0,9.5,2,0.7425290716539072,0.20564081424876546,0.05183011409732728
03ac4a9c,2025-01-18,West Ham United,Crystal Palace,2.6,3.5,2.63,0,0.3488687524743323,0.34782743676382,0.30330381076184765
bc3ae18e,2025-01-18,Leicester City,Fulham,4.33,3.7,1.8,0,0.2636923555276156,0.3058353119085368,0.4304723325638476
99d11a39,2025-01-18,Newcastle United,Bournemouth,1.62,4.2,5.0,0,0.5992064807515838,0.23322818897961264,0.16756533026880366
1fdaaaba,2025-01-18,Arsenal,Aston Villa,1.5,4.1,7.0,1,0.7101872077072511,0.18008832843972203,0.10972446385302694
5e8445c1,2025-01-18,Brentford,Liverpool,6.5,5.0,1.42,0,0.1665443435202,0.2259066399690685,0.6075490165107315
6c829b8f,2025-01-19,Ipswich Town,Manchester City,7.5,5.25,1.36,0,0.14002339082093565,0.22231447866164128,0.6376621305174232
e0f90407,2025-01-19,Nottingham Forest,Southampton,1.38,4.75,8.0,2,0.7658775613185794,0.18050874494470082,0.053613693736719724
e9f61cb0,2025-01-19,Everton,Tottenham Hotspur,2.8,3.5,2.45,2,0.3517411156544131,0.28167632542448234,0.3665825589211047
45028d5b,2025-01-19,Manchester Utd,Brighton,2.1,3.6,3.3,0,0.4144021646869077,0.35849668867342555,0.22710114663966682
e62cfa12,2025-01-20,Chelsea,Wolves,1.36,5.75,6.5,2,0.7215002651728437,0.19372710698505063,0.08477262784210576
7d05223b,2025-01-25,Southampton,Newcastle United,6.5,5.25,1.42,0,0.10230105202815008,0.23271654221797586,0.664982405753874
bfd54040,2025-01-25,Manchester City,Chelsea,2.05,4.0,3.3,2,0.7272692371756362,0.16736210925996164,0.10536865356440221
ee59115f,2025-01-25,Liverpool,Ipswich Town,1.08,12.0,15.0,2,0.8793554354863855,0.09553928579105576,0.025105278722558733
b54aac79,2025-01-25,Brighton,Everton,1.67,3.75,5.5,0,0.5333143070736669,0.3178007926647262,0.14888490026160692
efa8ddd7,2025-01-25,Bournemouth,Nottingham Forest,2.05,3.7,3.4,2,0.44639021037844334,0.26834143372971614,0.2852683558918406
0b39252e,2025-01-25,Wolves,Arsenal,7.0,4.5,1.45,0,0.10309010657354353,0.24195429389403353,0.654955599532423
eb14e391,2025-01-26,Fulham,Manchester Utd,2.3,3.4,3.1,0,0.49884405946263466,0.28960158403670716,0.21155435650065837
bb05246c,2025-01-26,Aston Villa,West Ham United,1.53,4.33,5.75,1,0.6641994273166019,0.2145828335286243,0.1212177391547738
8226bca2,2025-01-26,Tottenham Hotspur,Leicester City,1.45,5.5,5.5,0,0.6116204530173105,0.25133530122342923,0.13704424575926016
68d6e8fe,2025-01-26,Crystal Palace,Brentford,2.05,3.75,3.3,0,0.5435728980130671,0.2553544903552438,0.20107261163168907
693ab427,2025-02-01,Wolves,Aston Villa,3.3,3.6,2.1,2,0.21261077624967548,0.29939989851121995,0.48798932523910465
1098cac0,2025-02-01,Ipswich Town,Southampton,1.95,3.6,3.8,0,0.5983788857233762,0.25923855927686057,0.14238255499976332
5ec3f48b,2025-02-01,Newcastle United,Fulham,1.7,4.0,4.75,0,0.5900951811332392,0.24945910143225067,0.16044571743451008
886603cd,2025-02-01,Bournemouth,Liverpool,4.5,4.33,1.67,0,0.23033054134256187,0.24237601577282852,0.5272934428846097
897ab235,2025-02-01,Nottingham Forest,Brighton,2.38,3.5,2.8,2,0.426111515807847,0.33252362988518325,0.24136485430696986
475670fb,2025-02-01,Everton,Leicester City,1.75,3.75,4.5,2,0.5201186424382276,0.29107747653050753,0.18880388103126486
7193a229,2025-02-02,Brentford,Tottenham Hotspur,2.1,3.9,3.2,0,0.4805634597766905,0.2831654246111208,0.2362711156121887
83dba981,2025-02-02,Manchester Utd,Crystal Palace,2.0,3.5,3.8,0,0.4280505612477546,0.3322142363540404,0.23973520239820506
2906e921,2025-02-02,Arsenal,Manchester City,1.95,3.5,4.0,2,0.5084875681731729,0.21761827066607267,0.2738941611607545
ed7df9b1,2025-02-03,Chelsea,West Ham United,1.36,4.75,8.0,2,0.6826415110282613,0.19599649344334538,0.1213619955283933
92627434,2025-02-12,Everton,Liverpool,7.5,4.5,1.44,1,0.12761163180566373,0.23237885986366427,0.6400095083306719
ed780e1d,2025-02-14,Brighton,Chelsea,2.7,3.6,2.45,2,0.3189866799223226,0.304990646157728,0.3760226739199494
79406a7e,2025-02-15,West Ham United,Brentford,2.35,3.6,2.88,0,0.38422904499167543,0.300585899612247,0.3151850553960776
35ee3617,2025-02-15,Crystal Palace,Everton,1.8,3.4,5.0,0,0.48252131664489034,0.28119863466503664,0.23628004869007307
ce3da486,2025-02-15,Southampton,Bournemouth,6.0,4.5,1.5,0,0.11212698719113065,0.25699945730095214,0.6308735555079171
06fee8c4,2025-02-15,Aston Villa,Ipswich Town,1.4,4.75,7.0,1,0.6922872792154808,0.19847933495662154,0.10923338582789764
5968d7ad,2025-02-15,Fulham,Nottingham Forest,2.2,3.4,3.3,2,0.3962270550510626,0.2874059499452138,0.31636699500372367
af8aa0dd,2025-02-15,Leicester City,Arsenal,8.5,5.0,1.33,0,0.07628124973430199,0.18484568453919256,0.7388730657265054
8c51fa01,2025-02-15,Manchester City,Newcastle United,1.95,4.2,3.3,2,0.6956807363319774,0.19240005899222648,0.11191920467579612
6a917c79,2025-02-16,Liverpool,Wolves,1.15,8.0,12.0,2,0.8405217234572514,0.12566071438458482,0.0338175621581639
09db2a2f,2025-02-16,Tottenham Hotspur,Manchester Utd,2.45,3.75,2.62,2,0.4522418952908671,0.3000786744051747,0.24767943030395817
39c7b656,2025-02-19,Aston Villa,Liverpool,3.9,4.0,1.83,1,0.27059410954455226,0.2181877042631673,0.5112181861922804
da5a149a,2025-02-21,Leicester City,Brentford,3.6,3.8,1.91,0,0.2484008228790822,0.30536236443326276,0.4462368126876552
e757bea1,2025-02-22,Southampton,Brighton,6.0,4.1,1.55,0,0.14780731814631237,0.31992937801486837,0.5322633038388191
ccdda6d3,2025-02-22,Bournemouth,Wolves,1.53,4.5,5.5,0,0.6389856493216333,0.24843996154091558,0.1125743891374512
7289bcdf,2025-02-22,Fulham,Crystal Palace,2.05,3.4,3.7,0,0.5074525498360205,0.26484793322664885,0.22769951693733062
7853cd1a,2025-02-22,Ipswich Town,Tottenham Hotspur,4.1,3.6,1.9,0,0.29167130358925114,0.2908812632617732,0.4174474331489758
5109d405,2025-02-22,Aston Villa,Chelsea,2.63,3.4,2.6,2,0.5137556195081122,0.2371381672835884,0.24910621320829945
e5b45c4d,2025-02-22,Everton,Manchester Utd,2.5,3.2,2.9,1,0.47251790687719575,0.308208649056288,0.21927344406651625
e511e91c,2025-02-22,Arsenal,West Ham United,1.27,6.0,10.0,0,0.8095508523818689,0.1427868354842536,0.047662312133877505
93caf0bc,2025-02-23,Newcastle United,Nottingham Forest,1.8,3.8,4.2,2,0.5537317212663737,0.23794155093123648,0.20832672780238976
e51a316b,2025-02-23,Manchester City,Liverpool,2.88,3.8,2.25,0,0.559746770159702,0.2179385265405893,0.22231470329970873
fade9277,2025-02-25,Brighton,Bournemouth,2.0,3.8,3.3,2,0.4357259874536897,0.31651523250227764,0.2477587800440327
0a97629a,2025-02-25,Crystal Palace,Aston Villa,2.45,3.4,2.8,2,0.43682292778317827,0.27358080189098927,0.28959627032583257
7aecfc4c,2025-02-25,Wolves,Fulham,2.63,3.3,2.63,0,0.29755900858029793,0.3537014455849381,0.34873954583476396
21d4a457,2025-02-25,Chelsea,Southampton,1.17,8.0,13.0,2,0.8154285784460963,0.13867782124819283,0.045893600305710935
1218933c,2025-02-26,Brentford,Everton,2.0,3.7,3.5,1,0.4607879623543111,0.28129619005004375,0.2579158475956451
bf6aa8ee,2025-02-26,Manchester Utd,Ipswich Town,1.53,4.33,6.0,2,0.5805332948093322,0.27784146046947167,0.14162524472119603
3b8160bd,2025-02-26,Tottenham Hotspur,Manchester City,3.25,4.0,2.0,0,0.2500329101912941,0.2509948187334001,0.49897227107530595
d4387bc1,2025-02-26,Nottingham Forest,Arsenal,3.9,3.6,1.95,1,0.23978511635569263,0.25659873854790266,0.5036161450964046
a0975f8c,2025-02-26,Liverpool,Newcastle United,1.5,4.5,5.75,2,0.7771869400478303,0.14181904831956055,0.08099401163260922
08b1b7de,2025-02-27,West Ham United,Leicester City,1.62,4.2,5.0,2,0.6335908217497112,0.22684983854551427,0.13955933970477452
d53c0405,2025-03-08,Nottingham Forest,Manchester City,4.0,3.75,1.85,2,0.25964888202967745,0.2298697000439148,0.5104814179264078
fb4bb61d,2025-03-08,Brighton,Fulham,1.95,3.6,3.75,2,0.4576238973012995,0.32614023646177503,0.21623586623692553
b1ad79e4,2025-03-08,Crystal Palace,Ipswich Town,1.45,4.75,6.25,2,0.7012895498916644,0.19280271013271377,0.10590773997562189
049341ab,2025-03-08,Liverpool,Southampton,1.1,9.0,19.0,2,0.9302691719963542,0.060364273375603995,0.009366554628041908
fb9126ab,2025-03-08,Brentford,Aston Villa,2.2,3.8,2.9,0,0.4661915245344774,0.26714578546562356,0.2666626899998991
2ac7408b,2025-03-08,Wolves,Everton,2.6,3.1,2.88,1,0.2709769360816292,0.3325643849362115,0.39645867898215936
8efec987,2025-03-09,Manchester Utd,Arsenal,5.75,3.5,1.7,1,0.20566298909667025,0.31804091099620546,0.47629609990712424
81575514,2025-03-09,Tottenham Hotspur,Bournemouth,2.7,3.9,2.35,1,0.4779471751455256,0.24596326023111845,0.27608956462335593
236640be,2025-03-09,Chelsea,Leicester City,1.18,8.0,12.0,2,0.7540908811775636,0.18168564002285548,0.0642234787995809
61ad9d6a,2025-03-10,West Ham United,Newcastle United,3.25,3.4,2.2,0,0.3819694909210762,0.28492374392447783,0.33310676515444604
f3480c01,2025-03-15,Bournemouth,Brentford,1.73,4.2,4.2,0,0.5089647252840206,0.2382599530758542,0.2527753216401251
d4bd829f,2025-03-15,Everton,West Ham United,2.05,3.2,3.9,1,0.48778658067743025,0.28785112695376763,0.2243622923688021
a44e04e9,2025-03-15,Ipswich Town,Nottingham Forest,3.75,3.5,2.0,0,0.2344212185267224,0.272941572113681,0.49263720935959654
83fc3d29,2025-03-15,Manchester City,Brighton,1.67,4.33,4.5,1,0.6640518254208552,0.22196070234210474,0.11398747223704006
eea61e7f,2025-03-15,Southampton,Wolves,3.7,3.4,2.0,0,0.19701713723011796,0.37671676419838185,0.42626609857150033
7bab156e,2025-03-16,Leicester City,Manchester Utd,4.5,3.5,1.83,0,0.23839613198852802,0.3221858012342209,0.4394180667772511
22de525d,2025-03-16,Arsenal,Chelsea,1.8,3.6,4.5,2,0.631515311548393,0.2048766040253135,0.16360808442629346
61428001,2025-03-16,Fulham,Tottenham Hotspur,2.0,3.75,3.6,2,0.4288562460705784,0.28846628142008157,0.2826774725093401
777d595c,2025-04-01,Arsenal,Fulham,1.48,4.33,7.0,2,0.7255794443442832,0.1823436355390394,0.09207692011667734
6e6e9d8b,2025-04-01,Wolves,West Ham United,2.5,3.2,2.9,2,0.34306865961616473,0.3565790782437934,0.30035226214004185
9f8a856e,2025-04-01,Nottingham Forest,Manchester Utd,2.3,3.4,3.1,2,0.4861253431220839,0.30602941707591297,0.2078452398020031
158e64b3,2025-04-02,Brighton,Aston Villa,2.05,3.8,3.25,0,0.4220805187611495,0.3378968375912636,0.24002264364758696
464a9c6c,2025-04-02,Manchester City,Leicester City,1.2,8.0,10.0,2,0.8450114689765309,0.12390709644768796,0.03108143457578107
19c54be2,2025-04-02,Bournemouth,Ipswich Town,1.36,5.25,7.5,0,0.6306920548913901,0.22117415481333141,0.1481337902952784
1c75bcda,2025-04-02,Southampton,Crystal Palace,5.75,3.8,1.62,1,0.09852302314063086,0.24524231613625647,0.6562346607231127
e202c3b7,2025-04-02,Newcastle United,Brentford,1.73,4.5,4.0,2,0.5555952232984916,0.24928115367190812,0.19512362302960026
7e2a8ebe,2025-04-02,Liverpool,Everton,1.36,5.0,8.0,2,0.7947535739770043,0.14826434641793862,0.056982079605057
33e26065,2025-04-03,Chelsea,Tottenham Hotspur,1.65,4.5,4.5,2,0.5747627959867648,0.23184980517146658,0.19338739884176862
e9cb51b4,2025-04-05,Crystal Palace,Brighton,2.35,3.6,2.8,2,0.4407875719530921,0.3098023811028184,0.24941004694408953
3812dc28,2025-04-05,West Ham United,Bournemouth,3.0,3.5,2.3,1,0.4153079402259005,0.2753888014465348,0.3093032583275647
7b024699,2025-04-05,Aston Villa,Nottingham Forest,1.95,3.6,3.7,2,0.5118153701925553,0.27278145425928735,0.21540317554815744
8a72e3dc,2025-04-05,Everton,Arsenal,5.25,3.25,1.75,1,0.21999957749180976,0.2229888467395872,0.557011575768603
b6f200da,2025-04-05,Ipswich Town,Wolves,2.7,3.25,2.63,0,0.32127275694445206,0.3630850926413607,0.31564215041418725
b34400d3,2025-04-06,Fulham,Liverpool,4.5,3.5,1.83,2,0.1824145955950463,0.22792767140185752,0.5896577330030962
f671e515,2025-04-06,Tottenham Hotspur,Southampton,1.38,5.5,6.5,2,0.681214472715266,0.22547853835542583,0.09330698892930815
53e359bb,2025-04-06,Manchester Utd,Manchester City,3.4,3.6,2.1,1,0.23135795166651607,0.3340175949641867,0.4346244533692973
5984e216,2025-04-06,Brentford,Chelsea,3.2,3.6,2.15,1,0.3320827835972885,0.28635089948161113,0.3815663169211004
d8efb6cc,2025-04-07,Leicester City,Newcastle United,6.5,4.2,1.48,0,0.15925538026961786,0.27538981051859585,0.5653548092117863
7be33a60,2025-04-12,Manchester City,Crystal Palace,1.5,4.75,5.75,2,0.687859399095737,0.19492043114226698,0.11722016976199597
6c4e0e71,2025-04-12,Brighton,Leicester City,1.29,6.0,10.0,1,0.708169904478798,0.21811355454328374,0.07371654097791824
83138c75,2025-04-12,Nottingham Forest,Everton,2.1,3.3,3.7,0,0.5249378310605444,0.266406067589992,0.20865610134946358
eb58af0b,2025-04-12,Southampton,Aston Villa,6.0,4.2,1.55,0,0.07740233297155875,0.21174628156321962,0.7108513854652216
471d2141,2025-04-12,Arsenal,Brentford,1.6,4.33,5.0,1,0.7746570441723751,0.15499563914309086,0.07034731668453395
a45626b5,2025-04-13,Chelsea,Ipswich Town,1.27,7.0,8.5,1,0.7493642689101504,0.16906258439691804,0.08157314669293163
4975981b,2025-04-13,Liverpool,West Ham United,1.3,6.0,8.0,2,0.8217725323856121,0.12905780610466694,0.04916966150972111
5a44bda9,2025-04-13,Wolves,Tottenham Hotspur,2.2,3.6,3.1,2,0.3485279065302363,0.35050038522726484,0.30097170824249886
4254acea,2025-04-13,Newcastle United,Manchester Utd,1.65,4.2,4.75,2,0.5732465103526676,0.2720970740761827,0.15465641557114962
12ecaa9f,2025-04-14,Bournemouth,Fulham,2.15,3.5,3.3,2,0.4228459915773771,0.23744266666833275,0.3397113417542902
6e87f6cf,2025-04-16,Newcastle United,Crystal Palace,1.67,3.9,5.0,2,0.6433915767581196,0.21752875319423887,0.13907967004764157
45a3960e,2025-04-19,Aston Villa,Newcastle United,2.3,3.6,2.75,2,0.460136558979275,0.2669532944672692,0.27291014655345575
8d613b28,2025-04-19,West Ham United,Southampton,1.48,4.33,6.5,1,0.7032642816979323,0.20395787752234448,0.09277784077972324
36afccb6,2025-04-19,Brentford,Brighton,2.4,3.75,2.63,2,0.42806436848293183,0.31299958564320524,0.2589360458738629
9d095ebf,2025-04-19,Crystal Palace,Bournemouth,2.45,3.6,2.63,1,0.4498031309354726,0.2758293347450712,0.27436753431945615
a95e25da,2025-04-19,Everton,Manchester City,3.7,3.6,1.91,0,0.19804332866884214,0.24498327483339116,0.5569733964977666
aaac9748,2025-04-20,Fulham,Chelsea,2.7,3.7,2.35,0,0.36475117622194436,0.2805185630303326,0.35473026074772307
2b599f1a,2025-04-20,Ipswich Town,Arsenal,8.0,4.5,1.4,0,0.10600042049168257,0.22368533623536918,0.6703142432729483
e50fd749,2025-04-20,Manchester Utd,Wolves,2.0,3.6,3.6,0,0.42565950768660243,0.3618154580292267,0.21252503428417094
0a2030a0,2025-04-20,Leicester City,Liverpool,11.0,6.25,1.22,0,0.07087915963384056,0.1747231193239132,0.7543977210422463
708743bf,2025-04-21,Tottenham Hotspur,Nottingham Forest,2.45,3.6,2.63,0,0.41994315106773006,0.2557965672433027,0.3242602816889673
3de68b91,2025-04-22,Manchester City,Aston Villa,1.8,4.1,3.9,2,0.606440597327103,0.20978451532133488,0.1837748873515621
67651145,2025-04-23,Arsenal,Crystal Palace,1.4,4.75,7.5,1,0.8068840066714352,0.13800139078488868,0.055114602543676144
e1669507,2025-04-26,Brighton,West Ham United,1.67,4.2,4.75,2,0.5253827912982786,0.28860532306720055,0.18601188563452078
9c6532bc,2025-04-26,Southampton,Fulham,5.25,4.0,1.6,0,0.1480694859440549,0.2704005053696733,0.5815300086862718
3402b61b,2025-04-26,Newcastle United,Ipswich Town,1.18,7.5,13.0,2,0.7602222220101859,0.17802418131160275,0.06175359667821143
06c5f0ab,2025-04-26,Chelsea,Everton,1.55,4.0,6.0,2,0.672965594917363,0.19123413450014845,0.13580027058248859
1ced4069,2025-04-26,Wolves,Leicester City,1.5,4.2,6.25,2,0.605900066705834,0.29001704360097247,0.10408288969319353
81b6c6b4,2025-04-27,Bournemouth,Manchester Utd,1.67,4.0,4.5,1,0.5128376048631496,0.2681023074066894,0.21906008773016106
64bc833f,2025-04-27,Liverpool,Tottenham Hotspur,1.25,6.0,11.0,2,0.8413864415207707,0.11458389386985356,0.04402966460937568
a896a308,2025-05-01,Nottingham Forest,Brentford,2.15,3.5,3.25,0,0.44846775581759873,0.30418723227689287,0.24734501190550842
6a433468,2025-05-02,Manchester City,Wolves,1.4,4.75,7.5,2,0.7364755018974993,0.19678042429660922,0.0667440738058915
ad3827f3,2025-05-03,Arsenal,Bournemouth,2.05,3.7,3.4,0,0.7742864652031456,0.15997678227555537,0.06573675252129904
e89fe486,2025-05-03,Leicester City,Southampton,2.3,3.6,2.88,2,0.4290845274697977,0.3250196295561647,0.24589584297403755
d8e391ab,2025-05-03,Aston Villa,Fulham,1.77,3.75,4.5,2,0.6358001340103633,0.22536756720929102,0.13883229878034567
b93c98b0,2025-05-03,Everton,Ipswich Town,1.45,4.33,6.5,1,0.6324301907412051,0.2340026998075707,0.13356710945122427
157740ee,2025-05-04,Chelsea,Liverpool,2.15,3.7,3.1,2,0.2923562931385046,0.23234456105833579,0.4752991458031597
70dcad6e,2025-05-04,West Ham United,Tottenham Hotspur,2.1,3.7,3.25,1,0.42904696937689635,0.2820232609486653,0.28892976967443834
e09b4b94,2025-05-04,Brighton,Newcastle United,2.88,3.7,2.3,1,0.290768773042783,0.32742706753320633,0.3818041594240107
29dbd7d1,2025-05-04,Brentford,Manchester Utd,1.65,4.1,4.75,2,0.4821142624604255,0.31461808180424716,0.20326765573532746
89cb2963,2025-05-05,Crystal Palace,Nottingham Forest,2.25,3.4,3.2,1,0.49934757173892574,0.24306363057313027,0.257588797687944
dd48659a,2025-05-10,Bournemouth,Aston Villa,2.4,3.6,2.75,0,0.3156245311298871,0.27693017109796314,0.4074452977721499
f1bf04cb,2025-05-10,Wolves,Brighton,2.7,3.5,2.5,0,0.38155858467044695,0.35891032205389733,0.25953109327565566
a637fb4e,2025-05-10,Fulham,Everton,1.82,3.4,4.5,0,0.5215926983343465,0.2526081009738967,0.22579920069175688
ea2685e0,2025-05-10,Ipswich Town,Brentford,5.0,4.0,1.65,0,0.21645771139107747,0.29508984533404,0.4884524432748826
35a46606,2025-05-10,Southampton,Manchester City,11.0,7.5,1.2,1,0.041775845301498776,0.1622451975201779,0.7959789571783233
0dc9bdd9,2025-05-11,Liverpool,Arsenal,2.0,3.6,3.6,1,0.6293442830848542,0.1781144398376447,0.19254127707750107
b409de42,2025-05-11,Newcastle United,Chelsea,2.1,3.75,3.1,2,0.4714909906638042,0.25727424581539854,0.27123476352079723
c3e242fc,2025-05-11,Nottingham Forest,Leicester City,1.33,5.25,8.0,1,0.654436400113381,0.23480937636938468,0.11075422351723438
c4548397,2025-05-11,Manchester Utd,West Ham United,1.9,3.6,4.0,0,0.4759675622526899,0.3145792768762311,0.20945316087107907
a442e11f,2025-05-11,Tottenham Hotspur,Crystal Palace,2.63,3.6,2.5,0,0.3829567654496008,0.29146905439282245,0.3255741801575767
b2651680,2025-05-16,Aston Villa,Tottenham Hotspur,1.3,6.0,8.5,2,0.7387166679812566,0.1784021256139688,0.08288120640477456
c95dd208,2025-05-16,Chelsea,Manchester Utd,1.44,5.0,6.25,2,0.6900782438655269,0.20201479419429172,0.10790696194018136
9e338dfb,2025-05-18,Everton,Southampton,1.4,4.75,7.5,2,0.6935790049076659,0.22530720018747286,0.08111379490486119
79180ca6,2025-05-18,West Ham United,Nottingham Forest,2.75,3.3,2.55,0,0.41256595678849356,0.2697428770203591,0.31769116619114735
064e6a34,2025-05-18,Brentford,Fulham,1.91,3.9,3.6,0,0.5391189913773949,0.26977442029695503,0.19110658832565
20b5a00b,2025-05-18,Leicester City,Ipswich Town,2.3,3.6,2.9,2,0.4028438409066706,0.3166606182729546,0.2804955408203749
0a51acae,2025-05-18,Arsenal,Newcastle United,1.95,3.7,3.7,2,0.618937866519394,0.1998181881508886,0.1812439453297175
1f3db37a,2025-05-19,Brighton,Liverpool,2.6,3.75,2.45,2,0.22746101955309475,0.2955902695301022,0.4769487109168031
e5e516e9,2025-05-20,Manchester City,Bournemouth,1.55,4.33,5.75,2,0.7631128028946508,0.16389673198353258,0.0729904651218167
f85454d3,2025-05-20,Crystal Palace,Wolves,2.25,3.3,3.2,2,0.5608803553172831,0.2788846642981923,0.1602349803845247
3d22336e,2025-05-25,Fulham,Manchester City,5.0,4.2,1.6,0,0.22317666561658772,0.24846634376128174,0.5283569906221305
15559cff,2025-05-25,Ipswich Town,West Ham United,3.0,3.8,2.2,0,0.2931140863746886,0.31063747739575986,0.39624843622955147
812ef8ad,2025-05-25,Wolves,Brentford,2.7,3.7,2.45,1,0.294403742246825,0.3294074836171174,0.37618877413605767
0958eb7a,2025-05-25,Liverpool,Crystal Palace,1.4,6.0,5.75,1,0.7122375589412008,0.16737767061792613,0.12038477044087308
e4bb1c35,2025-05-25,Tottenham Hotspur,Brighton,4.2,4.33,1.7,0,0.2779973514095234,0.3216276182670129,0.4003750303234637
36844e73,2025-05-25,Newcastle United,Everton,1.33,5.5,8.5,0,0.6248262258238851,0.22318700143675893,0.1519867727393559
464cbad6,2025-05-25,Nottingham Forest,Chelsea,3.0,3.75,2.2,0,0.3683409079863383,0.28185921217145854,0.3497998798422031
01d155b4,2025-05-25,Southampton,Arsenal,8.5,6.0,1.3,0,0.044761928896696,0.16959013519389884,0.7856479359094053
7ea43929,2025-05-25,Manchester Utd,Aston Villa,4.33,4.2,1.7,2,0.23896044821694304,0.2823947143807402,0.4786448374023167
1ff370e8,2025-05-25,Bournemouth,Leicester City,1.33,5.25,8.5,2,0.5755556076925193,0.2618409982391752,0.16260339406830557
a071faa8,2025-08-15,Liverpool,Bournemouth,1.3,6.0,8.5,2,0.719666216217736,0.18506923734660294,0.09526454643566103
d41bb8b3,2025-08-16,Tottenham Hotspur,Burnley,1.38,4.75,8.5,2,0.4710551551850489,0.30876376711193426,0.22018107770301684
57c49bae,2025-08-16,Brighton,Fulham,1.91,3.6,4.0,1,0.5190434953269462,0.3169290681715421,0.16402743650151178
e1058522,2025-08-16,Sunderland,West Ham United,3.25,3.4,2.25,2,0.4061808026136279,0.31663818291651286,0.2771810144698592
bbdf4739,2025-08-16,Aston Villa,Newcastle United,2.25,3.5,2.9,1,0.527979636624885,0.23323054124980958,0.23878982212530542
8613020d,2025-08-16,Wolves,Manchester City,6.25,4.75,1.45,0,0.13352207235502686,0.2814122459975948,0.5850656816473783
643d26fd,2025-08-17,Manchester Utd,Arsenal,3.6,3.6,1.95,0,0.19493972678897248,0.28149627443716085,0.5235639987738666
855f8b5e,2025-08-17,Nottingham Forest,Brentford,2.2,3.3,3.5,2,0.4430746432706182,0.27617306144774245,0.28075229528163936
2185fc64,2025-08-17,Chelsea,Crystal Palace,1.62,4.33,4.5,1,0.5025048914754665,0.2703096835330986,0.2271854249914349
0701e218,2025-08-18,Leeds United,Everton,2.38,3.3,3.0,2,0.21813432263359533,0.2988572365904591,0.48300844077594557
57b35843,2025-08-22,West Ham United,Chelsea,4.75,3.8,1.73,0,0.23248096147719333,0.28714804190695475,0.48037099661585186
e8724659,2025-08-23,Arsenal,Leeds United,1.27,6.25,9.5,2,0.8549890924063117,0.11304788716892894,0.03196302042475932
f7e2c9c7,2025-08-23,Manchester City,Tottenham Hotspur,1.48,4.5,6.25,0,0.8314941154596818,0.13033853446409355,0.038167350076224786
a515fb3a,2025-08-23,Bournemouth,Wolves,1.8,3.8,4.2,2,0.6123381703281003,0.24209985774871587,0.1455619719231839
860c7af2,2025-08-23,Brentford,Aston Villa,3.1,3.6,2.2,2,0.37205995935977515,0.2827184012550648,0.3452216393851601
4e287736,2025-08-23,Burnley,Sunderland,2.2,3.2,3.5,2,0.1556079936701206,0.3665611407676685,0.4778308655622109
0bad74e2,2025-08-24,Everton,Brighton,3.1,3.3,2.3,2,0.36680655264304546,0.3285805709722282,0.3046128763847264
fc45a8b2,2025-08-24,Fulham,Manchester Utd,3.25,3.5,2.15,1,0.4797771107401686,0.2952050749025929,0.2250178143572384
a3984be1,2025-08-24,Crystal Palace,Nottingham Forest,2.35,3.3,3.1,1,0.5026199041212589,0.2596775047049244,0.23770259117381667
2c75d21a,2025-08-25,Newcastle United,Liverpool,3.25,3.8,2.05,0,0.36575507705859356,0.23216613739435113,0.4020787855470554
bc110e0b,2025-08-30,Leeds United,Newcastle United,3.5,3.4,2.1,1,0.1859290276615525,0.28535214894673017,0.5287188233917173
3c399f5e,2025-08-30,Wolves,Everton,2.7,3.2,2.75,0,0.257500644622036,0.3359878887133248,0.4065114666646393
0e30cf4b,2025-08-30,Tottenham Hotspur,Bournemouth,1.73,4.2,4.2,0,0.30627226404583757,0.33598114527768996,0.3577465906764726
2dbd7fbd,2025-08-30,Chelsea,Fulham,1.55,4.33,5.25,2,0.6293198435136992,0.23456925487629868,0.13611090161000208
0050df89,2025-08-30,Manchester Utd,Burnley,1.33,5.25,8.0,2,0.5963292315493041,0.27541393784730234,0.1282568306033936
f03152d1,2025-08-30,Sunderland,Brentford,3.0,3.3,2.4,2,0.35335969785806143,0.33449664860273187,0.31214365353920664
b0005978,2025-08-31,Liverpool,Arsenal,2.2,3.5,3.2,2,0.5104128024635578,0.23090757237141965,0.2586796251650225
810d81e7,2025-08-31,Brighton,Manchester City,3.8,3.9,1.9,2,0.2541085414817784,0.3071672421969733,0.4387242163212484
299beb27,2025-08-31,Nottingham Forest,West Ham United,1.67,3.75,5.25,0,0.5836742753523619,0.25154249750686447,0.16478322714077362
cd51ed93,2025-08-31,Aston Villa,Crystal Palace,1.85,3.7,4.0,0,0.5018128056882756,0.24829108004417147,0.24989611426755287
a624dc89,2025-09-13,Everton,Aston Villa,2.45,3.3,2.9,1,0.42940496495799335,0.29197676210832874,0.2786182729336779
8398bbef,2025-09-13,Bournemouth,Brighton,2.35,3.5,2.9,2,0.41907962252150643,0.29067137878726207,0.2902489986912314
e3cade07,2025-09-13,Crystal Palace,Sunderland,1.65,3.75,5.75,1,0.5522623363544855,0.2916073222502496,0.15613034139526494
4fe3e679,2025-09-13,Arsenal,Nottingham Forest,1.38,5.0,8.0,2,0.7531236224125396,0.16674253934386127,0.0801338382435992
d8104c65,2025-09-13,Brentford,Chelsea,4.5,3.9,1.73,1,0.26607844493234123,0.28848586839508783,0.445435686672571
ab8543fb,2025-09-13,Fulham,Leeds United,1.91,3.5,4.0,2,0.5967858875810592,0.2519365030506687,0.15127760936827206
86c7261a,2025-09-13,West Ham United,Tottenham Hotspur,3.4,3.6,2.1,0,0.4251511009028572,0.3348185560284248,0.24003034306871796
55fbbbe6,2025-09-13,Newcastle United,Wolves,1.42,4.75,7.0,2,0.6798361782653362,0.21660053291053255,0.10356328882413139
f2b1061a,2025-09-14,Manchester City,Manchester Utd,1.75,4.0,4.2,2,0.7144714770129985,0.20695306643939432,0.07857545654760714
fed27aaa,2025-09-14,Burnley,Liverpool,8.0,5.5,1.33,0,0.0674272381186846,0.19914921452228068,0.7334235473590346
15b707b3,2025-09-20,West Ham United,Crystal Palace,2.88,3.5,2.38,0,0.2591079035174345,0.2997879505438209,0.4411041459387445
45650a33,2025-09-20,Wolves,Leeds United,2.7,3.2,2.75,0,0.45499425827762846,0.33552275164308676,0.20948299007928484
5da72d0e,2025-09-20,Liverpool,Everton,1.45,4.75,6.5,2,0.7152629874720388,0.19671124843553453,0.0880257640924268
295b388b,2025-09-20,Fulham,Brentford,2.0,3.4,3.8,2,0.40816565818268696,0.2805318902662846,0.31130245155102837
fa03feeb,2025-09-20,Brighton,Tottenham Hotspur,2.25,3.7,3.0,1,0.5263235534982412,0.3049118711222871,0.16876457537947162
e523c1cd,2025-09-20,Burnley,Nottingham Forest,3.4,3.3,2.2,1,0.22071800583217344,0.3269224980527413,0.45235949611508536
a562da13,2025-09-20,Manchester Utd,Chelsea,2.6,3.8,2.45,2,0.24394572255228966,0.3241806164122251,0.4318736610354851
f55b1b65,2025-09-21,Bournemouth,Newcastle United,2.5,3.5,2.7,1,0.4048809881343574,0.2695171939923675,0.325601817873275
4e615d10,2025-09-21,Sunderland,Aston Villa,3.4,3.5,2.1,1,0.36075734494127826,0.32388846345978567,0.3153541915989361
2045939c,2025-09-21,Arsenal,Manchester City,1.85,3.9,3.8,1,0.5468478646411035,0.22718469359595508,0.2259674417629415
116cff7d,2025-09-27,Tottenham Hotspur,Wolves,1.5,4.5,6.0,1,0.5151121987692517,0.32347730682718134,0.16141049440356692
8a5edb7f,2025-09-27,Crystal Palace,Liverpool,3.8,3.8,1.9,2,0.29509590381490736,0.23731659293766258,0.4675875032474299
b3a3df9a,2025-09-27,Chelsea,Brighton,1.85,3.8,3.8,0,0.5857351110581049,0.25213287173517007,0.16213201720672504
53db8cb5,2025-09-27,Manchester City,Burnley,1.17,7.5,15.0,2,0.8530988752641984,0.11838363438940828,0.028517490346393365
78970349,2025-09-27,Nottingham Forest,Sunderland,1.75,3.75,4.5,0,0.46741638240839856,0.31550334174659944,0.21708027584500197
d2fc69e6,2025-09-27,Leeds United,Bournemouth,3.1,3.25,2.38,1,0.21074413453300458,0.3236931161318422,0.4655627493351531
f96a49ea,2025-09-27,Brentford,Manchester Utd,3.4,3.8,2.0,2,0.4577850929922888,0.3108528052433367,0.2313621017643744
e851cb5c,2025-09-28,Newcastle United,Arsenal,3.6,3.4,2.1,0,0.3302358888117976,0.23879619990572057,0.4309679112824818
7345f259,2025-09-28,Aston Villa,Fulham,2.3,3.1,3.4,2,0.5342763635773343,0.25034376979256656,0.21537986663009903
1163f46d,2025-09-29,Everton,West Ham United,1.7,3.75,5.0,1,0.5738455403530204,0.2575319419493274,0.1686225176976522
200f4acc,2025-10-03,Bournemouth,Fulham,1.95,3.5,3.9,2,0.5061702691406009,0.25049677510754176,0.24333295575185732
780d534e,2025-10-04,Chelsea,Liverpool,2.8,3.75,2.3,2,0.3584181061975926,0.24510728293424308,0.3964746108681643
e33ea33d,2025-10-04,Manchester Utd,Sunderland,1.5,4.75,5.75,2,0.39620090543373915,0.36697161643818377,0.2368274781280771
3e588df8,2025-10-04,Leeds United,Tottenham Hotspur,2.7,3.5,2.5,0,0.32373856231066434,0.342248961104801,0.33401247658453465
266bddc6,2025-10-04,Arsenal,West Ham United,1.18,6.5,17.0,2,0.8076399137135137,0.14679084276016854,0.04556924352631784
8c0ee359,2025-10-05,Brentford,Manchester City,4.75,4.5,1.62,0,0.22336864890563043,0.27189961804545876,0.504731733048911
e33f1657,2025-10-05,Newcastle United,Nottingham Forest,1.57,4.2,5.5,2,0.608872190343505,0.2280752767859462,0.16305253287054877
1314f9fd,2025-10-05,Wolves,Brighton,3.6,3.7,2.0,1,0.22451942295766047,0.3840100858711472,0.3914704911711924
db870461,2025-10-05,Aston Villa,Burnley,1.6,4.0,5.75,2,0.7582122634903138,0.17230463875450025,0.06948309775518598
88e53add,2025-10-05,Everton,Crystal Palace,2.45,3.25,3.0,2,0.3395873298228981,0.29124108736883325,0.3691715828082687
b3ac7e40,2025-10-18,Nottingham Forest,Chelsea,3.7,3.8,1.95,0,0.298734583594892,0.26124207796240306,0.44002333844270497
1340e41a,2025-10-18,Manchester City,Everton,1.4,5.0,7.0,2,0.7260852114605078,0.1818002848962661,0.09211450364322621
94eefc1d,2025-10-18,Fulham,Arsenal,5.75,4.1,1.55,0,0.17150255541008944,0.2370136336630152,0.5914838109268954
a31356f3,2025-10-18,Burnley,Leeds United,3.25,3.25,2.25,2,0.3107853909471036,0.3571016273634802,0.33211298168941616
7c25388b,2025-10-18,Brighton,Newcastle United,2.63,3.4,2.6,2,0.3751639377193726,0.3260034445717439,0.2988326177088835
7a0ab06b,2025-10-18,Crystal Palace,Bournemouth,2.2,3.4,3.25,1,0.48454787948329114,0.27193554692770855,0.2435165735890004
fe212874,2025-10-18,Sunderland,Wolves,2.5,3.0,3.1,2,0.5101257730087418,0.332016367599949,0.1578578593913091
cbec79a5,2025-10-19,Liverpool,Manchester Utd,1.6,4.5,5.0,0,0.7212502767992149,0.19500449315526505,0.08374523004552
810c0cb9,2025-10-19,Tottenham Hotspur,Aston Villa,2.05,3.5,3.5,0,0.25355595167742023,0.3125493066964731,0.4338947416261067
3322a47b,2025-10-20,West Ham United,Brentford,2.5,3.25,2.88,0,0.30740265888686774,0.31090052836499604,0.38169681274813627
236e3e4c,2025-10-24,Leeds United,West Ham United,1.8,3.5,4.75,2,0.34967674797316195,0.3182863484750284,0.3320369035518096
0f6b6849,2025-10-25,Newcastle United,Fulham,1.62,3.9,5.5,2,0.5983596549621261,0.23633788602015313,0.16530245901772084
cfda878f,2025-10-25,Chelsea,Sunderland,1.36,4.75,9.0,0,0.6000321421271114,0.2705836675713093,0.12938419030157922
26e5ca72,2025-10-25,Brentford,Liverpool,4.1,4.2,1.75,2,0.2937207299423104,0.2598976960111361,0.4463815740465536
a190da2c,2025-10-25,Manchester Utd,Brighton,1.95,3.8,3.5,2,0.3732183002233267,0.3541961581223515,0.2725855416543219
0676a57a,2025-10-26,Bournemouth,Nottingham Forest,1.8,3.8,4.33,2,0.5900158515192104,0.24521488351200207,0.1647692649687874
2324c097,2025-10-26,Aston Villa,Manchester City,4.33,3.8,1.8,2,0.32332321881827936,0.2599405316068536,0.41673624957486716
4234aaa9,2025-10-26,Everton,Tottenham Hotspur,2.35,3.4,3.0,0,0.5171350374447437,0.27815631203717855,0.2047086505180778
28244556,2025-10-26,Wolves,Burnley,1.95,3.3,4.2,0,0.40974607268479735,0.37294254613573635,0.21731138117946644
8e08b6c9,2025-10-26,Arsenal,Crystal Palace,1.4,4.75,7.5,2,0.6996228529599626,0.18889685607237303,0.11148029096766426
96c4864b,2025-11-01,Crystal Palace,Brentford,1.91,3.6,3.9,2,0.49706616949955207,0.2619073386519695,0.24102649184847855
2e2f2939,2025-11-01,Burnley,Arsenal,10.0,6.0,1.27,0,0.07423851484013753,0.21441982711782626,0.7113416580420362
6f99be65,2025-11-01,Nottingham Forest,Manchester Utd,3.3,3.75,2.05,1,0.3391189229003184,0.32440976897665286,0.33647130812302867
40e608f4,2025-11-01,Brighton,Leeds United,1.85,3.75,4.0,2,0.6087806302360597,0.2734488713299282,0.11777049843401215
cb498e0b,2025-11-01,Tottenham Hotspur,Chelsea,2.7,3.5,2.5,0,0.23931046943255377,0.3302870740268738,0.4304024565405726
c15115cb,2025-11-01,Liverpool,Aston Villa,1.65,4.33,4.5,2,0.5957899725407313,0.2140277463885891,0.19018228107067953
03f6bccd,2025-11-01,Fulham,Wolves,1.83,3.5,4.5,2,0.5920148137555988,0.26859383320293323,0.139391353041468
55587dfc,2025-11-02,West Ham United,Newcastle United,5.25,4.0,1.62,2,0.227151520519985,0.26595568955494453,0.5068927899250704
cc77588b,2025-11-02,Manchester City,Bournemouth,1.5,4.75,5.75,2,0.6577286850126584,0.20905541436810246,0.1332159006192392
bb37daa2,2025-11-03,Sunderland,Everton,2.7,3.2,2.7,1,0.4633865593806008,0.3094552796131551,0.22715816100624409
ad74e791,2025-11-08,Tottenham Hotspur,Manchester Utd,2.63,3.6,2.5,1,0.3118675220574039,0.3581129616442001,0.3300195162983961
0e46b968,2025-11-08,Everton,Fulham,2.2,3.3,3.4,2,0.4686928092122617,0.27654005997661496,0.25476713081112334
9a904d13,2025-11-08,West Ham United,Burnley,1.91,3.5,4.0,2,0.5427184851413959,0.27883899457926786,0.17844252027933633
34884979,2025-11-08,Sunderland,Arsenal,7.5,5.0,1.38,1,0.18378420545903174,0.26930886382168284,0.5469069307192855
098d4b9c,2025-11-08,Chelsea,Wolves,1.36,4.75,8.5,2,0.7489616710302923,0.17970360811110206,0.07133472085860569
c2217a56,2025-11-09,Nottingham Forest,Leeds United,2.25,3.25,3.3,2,0.5559052828868767,0.27605226114752035,0.16804245596560294
7398b723,2025-11-09,Brentford,Newcastle United,2.8,3.5,2.45,2,0.4081314585994317,0.2785777957793952,0.3132907456211732
d6740601,2025-11-09,Crystal Palace,Brighton,2.25,3.5,3.1,1,0.5302005378378261,0.2678318901763187,0.20196757198585524
b333094b,2025-11-09,Aston Villa,Bournemouth,2.2,3.4,3.25,2,0.5329011557873533,0.2723565522752646,0.19474229193738202
a126a64c,2025-11-09,Manchester City,Liverpool,1.9,3.9,3.7,2,0.5998310224563778,0.2107636430775978,0.18940533446602445
f5c9621e,2025-11-22,Bournemouth,West Ham United,1.62,4.2,4.75,1,0.5392988799266809,0.261807663794572,0.19889345627874702
5cd7ef12,2025-11-22,Fulham,Sunderland,2.1,3.25,3.75,2,0.37914933137813633,0.331553285573886,0.2892973830479777
3ad15355,2025-11-22,Brighton,Brentford,1.91,3.6,4.0,2,0.4419109586716749,0.3052267374127176,0.2528623039156075
efd005dc,2025-11-22,Newcastle United,Manchester City,3.6,3.8,1.95,2,0.2745025678406852,0.24899943062716914,0.4764980015321456
2180fc9b,2025-11-22,Liverpool,Nottingham Forest,1.44,5.0,6.25,0,0.7041149519259141,0.19447028008775422,0.10141476798633174
43c673dd,2025-11-22,Burnley,Chelsea,6.25,4.5,1.48,0,0.10709485316942773,0.27262721735290557,0.6202779294776667
c90ed936,2025-11-22,Wolves,Crystal Palace,3.8,3.6,1.95,0,0.15144519198470807,0.30816394173260697,0.540390866282685
51a5792d,2025-11-23,Arsenal,Tottenham Hotspur,1.42,4.75,7.5,2,0.7865605732606823,0.15626925291219393,0.05717017382712383
53a69c4e,2025-11-23,Leeds United,Aston Villa,3.0,3.3,2.4,0,0.13482847471735535,0.2715352215058551,0.5936363037767896
69a9c9a3,2025-11-24,Manchester Utd,Everton,1.75,4.0,4.33,0,0.4185714036298082,0.3368196023768315,0.24460899399336022
e118da78,2025-11-29,Sunderland,Bournemouth,3.2,3.3,2.3,2,0.41935163900170097,0.30973012524142407,0.270918235756875
bfa73051,2025-11-29,Manchester City,Leeds United,1.22,6.5,12.0,2,0.8612173597931136,0.11003128138666307,0.028751358820223376
34e802eb,2025-11-29,Tottenham Hotspur,Fulham,2.2,3.3,3.3,0,0.3264682284481977,0.3302938526839639,0.3432379188678384
1e17ace9,2025-11-29,Everton,Newcastle United,2.8,3.25,2.63,0,0.4061386109647254,0.279653691405111,0.3142076976301636
5615f800,2025-11-29,Brentford,Burnley,1.45,4.5,7.0,2,0.6636831243226364,0.23490958646437554,0.10140728921298808
6857b94e,2025-11-30,Crystal Palace,Manchester Utd,2.3,3.4,3.1,0,0.5770032427753543,0.26604056257527514,0.15695619464937044
090b47a6,2025-11-30,West Ham United,Liverpool,4.33,4.33,1.67,0,0.25538166488999475,0.26287382282576005,0.48174451228424514
117c4cab,2025-11-30,Aston Villa,Wolves,1.5,4.33,6.5,2,0.7648993587103918,0.18656737492026262,0.04853326636934566
455c69b8,2025-11-30,Chelsea,Arsenal,3.4,3.3,2.2,1,0.3107511030659748,0.2695314447530504,0.4197174521809747
2d580ed7,2025-11-30,Nottingham Forest,Brighton,2.75,3.3,2.63,0,0.3579987798899731,0.328235212401742,0.3137660077082849
6e2749c6,2025-12-02,Bournemouth,Everton,2.2,3.25,3.3,0,0.49948325313762104,0.24311223036826016,0.2574045164941189
83f0391d,2025-12-02,Fulham,Manchester City,4.33,4.1,1.73,0,0.2131808750697786,0.2571788862772235,0.5296402386529978
7c5f15be,2025-12-02,Newcastle United,Tottenham Hotspur,1.83,3.8,4.1,1,0.6687718040639792,0.2216014883835448,0.10962670755247599
96d69898,2025-12-03,Brighton,Aston Villa,2.15,3.5,3.4,0,0.36590966202569014,0.32807761489329607,0.30601272308101385
9f1131fe,2025-12-03,Burnley,Crystal Palace,4.5,3.8,1.75,0,0.13963676695240593,0.2644331274139094,0.5959301056336846
576f681d,2025-12-03,Arsenal,Brentford,1.36,5.0,8.5,2,0.7292813431326081,0.17942277537685236,0.0912958814905396
6218f36c,2025-12-03,Leeds United,Chelsea,4.1,4.1,1.8,2,0.13272693884108222,0.2764154758744909,0.590857585284427
6f03844a,2025-12-03,Wolves,Nottingham Forest,3.25,3.4,2.25,0,0.23483270917208368,0.35893653216652055,0.4062307586613958
1666070b,2025-12-03,Liverpool,Sunderland,1.36,5.25,7.0,1,0.6468991844889282,0.23760064585504012,0.11550016965603159
66fee216,2025-12-04,Manchester Utd,West Ham United,1.45,5.0,6.0,1,0.4993852000536742,0.2964119791871982,0.20420282075912766
c0fc0aac,2025-12-06,Leeds United,Liverpool,3.8,4.0,1.85,1,0.13860589084552127,0.26050079175666735,0.6008933173978114
f6d068df,2025-12-06,Aston Villa,Arsenal,4.2,3.5,1.9,2,0.36257251695976533,0.2609068123137775,0.37652067072645723
c6875359,2025-12-06,Bournemouth,Chelsea,3.1,3.75,2.15,1,0.3411792553717777,0.24047593574868126,0.41834480887954106
cbe24427,2025-12-06,Everton,Nottingham Forest,2.2,3.2,3.5,2,0.47269452806571355,0.29048667297168274,0.23681879896260366
1f7cfc5f,2025-12-06,Manchester City,Sunderland,1.25,6.5,10.0,2,0.7269200254772236,0.20409216649998216,0.06898780802279421
e5ed4270,2025-12-06,Newcastle United,Burnley,1.27,6.0,9.5,2,0.779366868832623,0.1616301898747924,0.059002941292584626
9a4fd973,2025-12-06,Tottenham Hotspur,Brentford,2.3,3.5,3.0,2,0.304424201949172,0.32005938859314353,0.37551640945768433
c0ececfd,2025-12-07,Fulham,Crystal Palace,2.55,3.3,2.8,0,0.32537663135261424,0.30013812365578296,0.3744852449916029
e5c1f07b,2025-12-07,Brighton,West Ham United,1.55,4.33,5.75,1,0.5484429559317119,0.30892063125451963,0.14263641281376846
d52338cb,2025-12-08,Wolves,Manchester Utd,4.2,4.0,1.75,0,0.19478536225670276,0.3831039812336438,0.42211065650965346
33f5c26d,2025-12-13,Chelsea,Everton,1.67,3.8,5.25,2,0.5289037665274394,0.24948313453760704,0.22161309893495357
9b6b7eac,2025-12-13,Liverpool,Brighton,1.67,4.0,4.75,2,0.6308452329955025,0.2299408385893542,0.13921392841514324
993fe4a5,2025-12-13,Burnley,Fulham,4.0,3.5,1.91,0,0.20559241819187082,0.30031716079767695,0.49409042101045214
5914e624,2025-12-13,Arsenal,Wolves,1.13,8.5,21.0,2,0.8844881715887709,0.0962269361504909,0.019284892260738287
88b3c085,2025-12-14,West Ham United,Aston Villa,3.75,3.5,2.0,0,0.18350575474236216,0.26185845348141973,0.554635791776218
f0108982,2025-12-14,Sunderland,Newcastle United,3.3,3.3,2.25,2,0.33580219456983024,0.3064013289230971,0.35779647650707275
68c62e00,2025-12-14,Brentford,Leeds United,1.91,3.6,4.0,1,0.6011031568005366,0.2550096834662673,0.143887159733196
88d54a65,2025-12-14,Crystal Palace,Manchester City,3.9,3.9,1.85,0,0.2920591182067674,0.25365510330982827,0.45428577848340423
30741081,2025-12-14,Nottingham Forest,Tottenham Hotspur,2.55,3.3,2.8,2,0.47603593232933034,0.2949961024308896,0.22896796523978002
fe812068,2025-12-15,Manchester Utd,Bournemouth,1.83,4.0,3.8,1,0.4459123704439092,0.3355140739120859,0.21857355564400496
8751f2e2,2025-12-20,Brighton,Sunderland,1.67,4.0,5.25,1,0.4514823307216671,0.35499165944908234,0.1935260098292506
4972e40c,2025-12-20,Newcastle United,Chelsea,2.75,3.6,2.45,1,0.41309927123506224,0.2796492775514276,0.3072514512135103
30618752,2025-12-20,Tottenham Hotspur,Liverpool,3.5,3.75,2.0,0,0.20799359337645784,0.2633482053815325,0.5286582012420097
a105af33,2025-12-20,Leeds United,Crystal Palace,2.6,3.3,2.75,2,0.20450710116297435,0.28527032831825805,0.5102225705187676
9bf2aba0,2025-12-20,Everton,Arsenal,5.75,4.1,1.57,0,0.2335052025968488,0.2495852240612539,0.5169095733418974
f248c97b,2025-12-20,Bournemouth,Burnley,1.48,4.33,6.5,1,0.685277412790266,0.20924543493500294,0.10547715227473105
56b82593,2025-12-20,Manchester City,West Ham United,1.22,8.0,10.0,2,0.8026545059620318,0.14992838328336408,0.047417110754604155
3c79be9f,2025-12-20,Wolves,Brentford,3.5,3.6,2.05,0,0.21374166700257005,0.3564787713512044,0.4297795616462255
0da8e4de,2025-12-21,Aston Villa,Manchester Utd,2.1,3.6,3.3,2,0.6105065751270943,0.2629530768262148,0.1265403480466908
23ee8b09,2025-12-22,Fulham,Nottingham Forest,2.4,3.25,3.0,2,0.4042697771399022,0.31070442738703247,0.2850257954730654
aff462b8,2025-12-26,Manchester Utd,Newcastle United,2.55,3.6,2.6,2,0.35037145777531875,0.32662602393566526,0.32300251828901605
8f2a6c20,2025-12-27,Burnley,Everton,4.1,3.4,1.95,1,0.18612552569333674,0.2889013187777456,0.5249731555289177
424b7408,2025-12-27,West Ham United,Fulham,2.63,3.4,2.6,0,0.2946826655461574,0.30228587203091173,0.40303146242293086
512bb3b3,2025-12-27,Brentford,Bournemouth,2.25,3.6,3.0,2,0.4310353420684984,0.30169810630843397,0.26726655162306767
b329ca7b,2025-12-27,Liverpool,Wolves,1.25,6.5,10.0,2,0.8205148824613249,0.1485692634240775,0.030915854114597654
ad61fc31,2025-12-27,Arsenal,Brighton,1.42,4.75,7.0,2,0.7650052524212227,0.1653060156996711,0.06968873187910621
8d38f2e5,2025-12-27,Nottingham Forest,Manchester City,5.0,4.33,1.6,0,0.15478361292445633,0.23668320401770426,0.6085331830578394
3ddb49f0,2025-12-27,Chelsea,Aston Villa,1.83,3.9,4.0,0,0.4105228191935,0.25647457761705,0.3330026031894499
9c510880,2025-12-28,Sunderland,Leeds United,2.5,3.1,2.88,1,0.5490654477464806,0.2931947520582466,0.15773980019527284
da05abe0,2025-12-28,Crystal Palace,Tottenham Hotspur,2.25,3.25,3.2,0,0.6417917903523316,0.22282425043505552,0.13538395921261295
2ed2a547,2025-12-30,West Ham United,Brighton,3.4,3.75,2.0,1,0.31922158746387036,0.31173466773465724,0.3690437448014724
89b4ea51,2025-12-30,Arsenal,Aston Villa,1.42,4.75,7.0,2,0.6172248989990151,0.21508104001482026,0.16769406098616457
6abcb6e9,2025-12-30,Chelsea,Bournemouth,1.5,4.75,5.75,1,0.6234362589316387,0.2198969976953575,0.15666674337300382
9e232624,2025-12-30,Nottingham Forest,Everton,2.1,3.25,3.7,0,0.39253447447684775,0.2883144755982891,0.31915104992486315
bf3cb7a6,2025-12-30,Manchester Utd,Wolves,1.36,5.25,8.0,1,0.6529372133516647,0.2702130399112014,0.07684974673713385
7e8f51ca,2025-12-30,Burnley,Newcastle United,5.25,4.2,1.6,0,0.16039154122772262,0.27135860840389675,0.5682498503683807
3f843d94,2026-01-01,Sunderland,Manchester City,7.5,4.75,1.38,1,0.18676326132778653,0.2689370289981363,0.5442997096740771
560a0a6c,2026-01-01,Brentford,Tottenham Hotspur,2.1,3.6,3.2,1,0.5359769824945345,0.28316900283617774,0.18085401466928772
148c23a6,2026-01-01,Liverpool,Leeds United,1.55,4.5,5.5,1,0.7588373286801455,0.17391544320776184,0.06724722811209251
08780759,2026-01-01,Crystal Palace,Fulham,2.15,3.3,3.4,1,0.5010418796811398,0.2571488231352252,0.24180929718363503
9364f40b,2026-01-03,Wolves,West Ham United,2.5,3.3,2.88,2,0.2559252609229079,0.38061968621288633,0.36345505286420576
db124c87,2026-01-03,Bournemouth,Arsenal,6.5,4.75,1.44,0,0.18502617394919993,0.19163635334378565,0.6233374727070143
4ef85729,2026-01-03,Aston Villa,Nottingham Forest,1.75,3.9,4.5,2,0.7210424569662575,0.1942237992254278,0.08473374380831476
987e9f89,2026-01-03,Brighton,Burnley,1.48,4.33,7.0,2,0.6798746444025379,0.23847166875962944,0.08165368683783272
7ecdefc0,2026-01-04,Leeds United,Manchester Utd,2.7,3.3,2.63,1,0.2603989219439508,0.36320596977879954,0.3763951082772496
a67dd0e7,2026-01-04,Everton,Brentford,2.35,3.25,3.1,0,0.4415114349661323,0.28537985596071674,0.273108709073151
b4262b3c,2026-01-04,Newcastle United,Crystal Palace,1.7,3.9,4.75,2,0.5148998296664272,0.2581149272810343,0.22698524305253848
06bb7d71,2026-01-04,Tottenham Hotspur,Sunderland,1.8,3.6,4.5,1,0.3230672402530747,0.3509676190793152,0.3259651406676101
a5b3e9ba,2026-01-04,Fulham,Liverpool,3.8,3.75,1.91,1,0.27985244303041995,0.266382787401712,0.45376476956786815
989daed4,2026-01-04,Manchester City,Chelsea,1.6,4.75,4.5,1,0.6952263608500795,0.18560863911719788,0.1191650000327226
e0b5b423,2026-01-06,West Ham United,Nottingham Forest,2.88,3.25,2.2,0,0.3665710118873674,0.30229475248485993,0.33113423562777256
009bbc59,2026-01-07,Manchester City,Brighton,1.4,5.25,6.5,1,0.7542722188881761,0.17012599459892294,0.07560178651290105
21522578,2026-01-07,Fulham,Chelsea,3.4,3.6,2.05,2,0.3343925951291461,0.3016360229088711,0.36397138196198275
d85506f2,2026-01-07,Burnley,Manchester Utd,4.75,4.0,1.7,1,0.1800133070384239,0.31823832144489905,0.5017483715166771
460a6353,2026-01-07,Newcastle United,Leeds United,1.67,3.8,5.0,2,0.6650402734019564,0.22248727556228307,0.11247245103576059
6512ce95,2026-01-07,Everton,Wolves,1.75,3.5,5.0,1,0.5427791168953441,0.23563478269153898,0.22158610041311694
269b2844,2026-01-07,Bournemouth,Tottenham Hotspur,2.1,3.6,3.3,2,0.532575780400605,0.2560326761042168,0.2113915434951781
9c19f0b3,2026-01-07,Brentford,Sunderland,1.85,3.5,4.33,2,0.48672589341658523,0.3160560737234943,0.19721803285992048
f5a77398,2026-01-07,Crystal Palace,Aston Villa,3.1,3.3,2.3,1,0.32025899677165603,0.24160726098144047,0.43813374224690343
2b794de5,2026-01-08,Arsenal,Liverpool,1.6,4.1,5.0,1,0.671509081552694,0.19317533828439518,0.13531558016291098
185626e2,2026-01-17,Manchester Utd,Manchester City,3.7,3.8,1.91,2,0.1975148954117478,0.2984251672446791,0.5040599373435731
ad299900,2026-01-17,Chelsea,Brentford,1.73,4.0,4.75,2,0.4719439162237559,0.2673175834747579,0.2607385003014861
345215db,2026-01-17,Nottingham Forest,Arsenal,6.0,4.33,1.53,1,0.15294849342074604,0.21674971669101625,0.6303017898882377
8179bcb9,2026-01-17,Leeds United,Fulham,2.15,3.3,3.5,2,0.26507947264238507,0.30492011987576606,0.43000040748184887
f320a9c9,2026-01-17,Tottenham Hotspur,West Ham United,1.73,4.0,4.5,0,0.4269394859829659,0.33587995481373417,0.23718055920329992
fd2bfdd0,2026-01-17,Sunderland,Crystal Palace,2.75,3.1,2.75,2,0.4132585417987992,0.29690119346521393,0.28984026473598695
cf2163fd,2026-01-17,Liverpool,Burnley,1.22,6.5,11.0,1,0.8135021576125796,0.1445552438866846,0.04194259850073591
318b1da4,2026-01-18,Wolves,Newcastle United,4.75,4.0,1.7,1,0.13280973911184069,0.32230786754230545,0.544882393345854
fb95c6a0,2026-01-18,Aston Villa,Everton,1.67,3.9,5.25,0,0.6614837329388885,0.21436920894592768,0.12414705811518387
f118b5cb,2026-01-19,Brighton,Bournemouth,1.85,3.9,3.8,1,0.43554908544238985,0.32683568498316606,0.23761522957444417
accb3a02,2026-01-24,Bournemouth,Liverpool,3.75,3.8,1.9,2,0.3054961424342623,0.2519489786935344,0.4425548788722033
ebde1961,2026-01-24,Manchester City,Wolves,1.2,7.0,11.0,2,0.8395263167882612,0.12579982345665527,0.034673859755083476
c6401377,2026-01-24,Fulham,Brighton,2.6,3.4,2.7,2,0.4181677049398432,0.3022580211398705,0.27957427392028633
c4255de6,2026-01-24,Burnley,Tottenham Hotspur,3.7,3.5,2.05,1,0.2677466382543384,0.33855600303171857,0.39369735871394285
0032e7a3,2026-01-24,West Ham United,Sunderland,2.5,3.2,2.88,2,0.29325924885129534,0.34170058419733085,0.36504016695137387
776b0a40,2026-01-25,Arsenal,Manchester Utd,1.55,4.2,6.0,0,0.7444498478741004,0.1788097234958498,0.07674042863004975
fbd2a96b,2026-01-25,Newcastle United,Aston Villa,1.95,3.7,3.7,0,0.4311888147542648,0.25741124384574726,0.311399941399988
8aa8dc76,2026-01-25,Crystal Palace,Chelsea,3.5,3.8,2.0,0,0.3716263874623536,0.2657185798619383,0.36265503267570814
6f5cb4ab,2026-01-25,Brentford,Nottingham Forest,1.91,3.5,4.1,0,0.527110558862415,0.2805709088269199,0.19231853231066515
2cd65ee9,2026-01-26,Everton,Leeds United,2.5,3.25,2.9,1,0.5850709146831922,0.2591652120595262,0.15576387325728164
753e73e5,2026-01-31,Liverpool,Newcastle United,1.8,3.9,4.1,2,0.5883205457044621,0.2221815453305909,0.18949790896494706
a2d7d043,2026-01-31,Chelsea,West Ham United,1.5,4.5,6.0,2,0.6192181815311198,0.24893488942362976,0.13184692904525053
0b316a86,2026-01-31,Leeds United,Arsenal,5.75,4.2,1.55,0,0.12426247959134992,0.21869944914896278,0.6570380712596874
535a977f,2026-01-31,Wolves,Bournemouth,2.9,3.5,2.3,0,0.16124440076364885,0.3506969994220029,0.48805859981434824
3fccfdc9,2026-01-31,Brighton,Everton,1.85,3.6,4.1,1,0.423620823266511,0.3126323600960762,0.26374681663741273
291c58ad,2026-02-01,Aston Villa,Brentford,2.1,3.5,3.4,0,0.6710014773871321,0.19956658405425093,0.12943193855861695
d35c00df,2026-02-01,Manchester Utd,Fulham,1.57,4.5,5.0,2,0.4670328178656327,0.3203920788472475,0.21257510328711984
a68e5dc6,2026-02-01,Nottingham Forest,Crystal Palace,1.95,3.5,3.9,1,0.4142219923274892,0.27841081513160126,0.30736719254090955
bf964dbb,2026-02-01,Tottenham Hotspur,Manchester City,4.5,4.1,1.73,1,0.14445901697313024,0.2407910603467545,0.6147499226801153
8e2fb73d,2026-02-02,Sunderland,Burnley,1.8,3.5,4.75,2,0.6534575639182475,0.23511445813814977,0.11142797794360265
58356b12,2026-02-06,Leeds United,Nottingham Forest,2.2,3.3,3.4,2,0.31072971783351727,0.31048940160483124,0.3787808805616515
1de9b261,2026-02-07,Manchester Utd,Tottenham Hotspur,1.57,4.5,5.0,2,0.5697970866489652,0.2896902448490811,0.14051266850195374
80ab7be1,2026-02-07,Burnley,West Ham United,3.3,3.5,2.15,0,0.25199963251988017,0.32020646164436345,0.4277939058357564
d946c716,2026-02-07,Bournemouth,Aston Villa,2.7,3.5,2.5,1,0.33488338774375037,0.2635224997298838,0.4015941125263658
686d660a,2026-02-07,Arsenal,Sunderland,1.22,6.25,12.0,2,0.7345410865912342,0.1938240541760082,0.07163485923275763
a8e11f0c,2026-02-07,Wolves,Chelsea,5.0,4.0,1.67,0,0.11867435611038266,0.2919750274370937,0.5893506164525236
c576b069,2026-02-07,Newcastle United,Brentford,2.1,3.5,3.5,0,0.5261302770100854,0.22425982810390246,0.24960989488601212
488d99a3,2026-02-07,Fulham,Everton,2.1,3.25,3.75,0,0.4535927417420151,0.2658725393519592,0.2805347189060258
d16c9a31,2026-02-08,Brighton,Crystal Palace,1.95,3.5,3.9,0,0.4550112148514805,0.29590074816147793,0.24908803698704157
7fa414c3,2026-02-08,Liverpool,Manchester City,2.38,3.7,2.75,0,0.4603171842646551,0.24607526994286277,0.293607545792482
c2e2594b,2026-02-10,Chelsea,Leeds United,1.55,4.33,5.5,1,0.7095529296578987,0.20102523294344835,0.08942183739865295
5edb7f11,2026-02-10,Everton,Bournemouth,2.38,3.4,3.0,0,0.41510900421893016,0.3012675716378248,0.28362342414324504
bacd18c5,2026-02-10,Tottenham Hotspur,Newcastle United,3.2,3.6,2.2,0,0.2790054078440988,0.2796240056618232,0.44137058649407795
1c8e3956,2026-02-10,West Ham United,Manchester Utd,4.5,4.2,1.7,1,0.25816045389424574,0.3401213727638688,0.4017181733418856
d1da1b85,2026-02-11,Manchester City,Fulham,1.36,5.5,7.0,2,0.7725304932834541,0.14771467516871611,0.07975483154782981
854a0e6b,2026-02-11,Sunderland,Liverpool,4.75,3.8,1.73,0,0.3255994042836714,0.2687627687313875,0.4056378269849412
2d7aef82,2026-02-11,Crystal Palace,Burnley,1.57,4.0,6.25,0,0.6569084642425583,0.17070327999457466,0.172388255762867
aecf5052,2026-02-11,Nottingham Forest,Wolves,1.7,3.8,5.0,1,0.6443321390074276,0.24611185633643548,0.10955600465613696
0e41702d,2026-02-11,Aston Villa,Brighton,1.91,3.7,3.8,2,0.6574351332272546,0.21571827681482567,0.1268465899579198
33167c49,2026-02-12,Brentford,Arsenal,4.75,3.9,1.7,1,0.22313839564188634,0.2744072633471933,0.5024543410109205
96241478,2026-02-18,Wolves,Arsenal,11.0,5.25,1.29,1,0.06421086780882623,0.20606585755781875,0.729723274633355
be7eca24,2026-02-21,Aston Villa,Leeds United,1.85,3.6,4.33,1,0.7213506752635885,0.18550551888124606,0.09314380585516537
fefcfa2d,2026-02-21,Brentford,Brighton,2.0,3.7,3.5,0,0.5396568597528582,0.27175042902107116,0.1885927112260707
27fb98e5,2026-02-21,Chelsea,Burnley,1.22,6.5,12.0,1,0.7758530069569233,0.17152971948072152,0.05261727356235531
cd5c0387,2026-02-21,West Ham United,Bournemouth,2.5,3.7,2.63,1,0.2607891280123948,0.3218382803789907,0.41737259160861456
dfba2599,2026-02-21,Manchester City,Newcastle United,1.45,5.0,5.5,2,0.7216858159692618,0.17800141014633136,0.10031277388440688
d8c5bce1,2026-02-22,Tottenham Hotspur,Arsenal,6.0,4.0,1.57,0,0.1127384844242475,0.2109922227426074,0.6762692928331451
22326a55,2026-02-22,Sunderland,Fulham,2.7,3.25,2.7,0,0.47400137177236396,0.2881882358298231,0.23781039239781307
224feca9,2026-02-22,Crystal Palace,Wolves,1.65,4.0,5.0,2,0.597588177766922,0.19911726038637914,0.20329456184669886
6f6574df,2026-02-22,Nottingham Forest,Liverpool,4.1,3.9,1.8,0,0.256690557595911,0.2411618382103278,0.5021476041937611
11883630,2026-02-23,Everton,Manchester Utd,3.7,3.75,1.91,0,0.3858400966238432,0.3276575654158742,0.28650233796028257
0061259a,2026-02-27,Wolves,Aston Villa,4.1,3.7,1.85,2,0.11607999661932193,0.27170897418191053,0.6122110291987676
ddcde425,2026-02-28,Bournemouth,Sunderland,1.8,3.75,4.33,1,0.5544715846786955,0.25280355457886916,0.1927248607424353
f8fc799f,2026-02-28,Burnley,Brentford,4.5,3.9,1.73,0,0.18476544917765994,0.30557885779133975,0.5096556930310003
7457ff50,2026-02-28,Liverpool,West Ham United,1.42,4.75,6.5,2,0.7082894272905204,0.19970090612923722,0.0920096665802425
d29535da,2026-02-28,Newcastle United,Everton,1.7,4.0,4.75,0,0.5353473936182153,0.2310858724399929,0.23356673394179187
baf5cbeb,2026-02-28,Leeds United,Manchester City,4.75,4.33,1.62,0,0.12311824902677627,0.24369610662690003,0.6331856443463237
574b356f,2026-03-01,Fulham,Tottenham Hotspur,2.1,3.6,3.3,2,0.5834597544271904,0.2569890048468588,0.1595512407259508
061afa51,2026-03-01,Brighton,Nottingham Forest,2.0,3.6,3.5,2,0.49234338702559,0.3007476834015518,0.20690892957285822
afbe13a4,2026-03-01,Arsenal,Chelsea,1.6,3.8,5.5,2,0.6539692776234987,0.2165396824754505,0.1294910399010508
0dc41c01,2026-03-01,Manchester Utd,Crystal Palace,1.53,4.5,5.5,2,0.46907266621488886,0.3115934500922863,0.21933388369282486
86786c01,2026-03-03,Bournemouth,Brentford,2.5,3.6,2.63,1,0.44936106467665654,0.24140817033680526,0.3092307649865381
4907f8ee,2026-03-03,Everton,Burnley,1.57,4.0,6.0,2,0.6776707371580364,0.2260105890605276,0.09631867378143613
aebc568f,2026-03-03,Leeds United,Sunderland,1.85,3.4,4.33,0,0.32314798563841907,0.3398134545492317,0.3370385598123493
79e52ce5,2026-03-03,Wolves,Liverpool,5.5,4.5,1.5,2,0.10777460757235469,0.2746399262163659,0.6175854662112794
bbad5618,2026-03-04,Manchester City,Nottingham Forest,1.38,5.0,7.5,1,0.8119804581406316,0.13728898381323032,0.05073055804613811
2f844910,2026-03-04,Aston Villa,Chelsea,2.7,3.4,2.55,0,0.531284631872496,0.2280346876395718,0.24068068048793217
7710fcb8,2026-03-04,Brighton,Arsenal,4.75,4.1,1.65,0,0.19926482776172702,0.2782662288787859,0.522468943359487
a13b6a4b,2026-03-04,Fulham,West Ham United,2.0,3.5,3.7,0,0.5490152243609682,0.26851627260445005,0.18246850303458184
ef9a5f6d,2026-03-04,Newcastle United,Manchester Utd,2.63,3.5,2.6,2,0.4279370661476411,0.27890509917504225,0.29315783467731665
f4ad79f6,2026-03-05,Tottenham Hotspur,Crystal Palace,2.35,3.25,3.1,0,0.24275443511873662,0.301346510659779,0.4558990542214844
b0544110,2026-03-14,Chelsea,Newcastle United,1.8,4.2,3.8,0,0.5562802634234393,0.2418650503982286,0.20185468617833224
8c18f2a7,2026-03-14,Sunderland,Brighton,3.3,3.3,2.25,0,0.3207458172478132,0.25971550622703055,0.4195386765251562
d18bda53,2026-03-14,West Ham United,Manchester City,4.33,4.33,1.7,1,0.13794089648155058,0.2353225474701602,0.6267365560482892
07b4b588,2026-03-14,Arsenal,Everton,1.38,4.75,8.5,2,0.7377168004567471,0.17309268193306865,0.08919051761018426
2e682c02,2026-03-14,Burnley,Bournemouth,4.1,3.8,1.83,1,0.15407529404550668,0.29215345910409013,0.5537712468504032
82c4b5d5,2026-03-15,Crystal Palace,Leeds United,2.55,3.3,2.88,1,0.610002347787944,0.23213789442819427,0.15785975778386177
6126fdae,2026-03-15,Liverpool,Tottenham Hotspur,1.3,6.25,8.0,1,0.77748625217182,0.15847212749419698,0.06404162033398306
3eb865bb,2026-03-15,Manchester Utd,Aston Villa,1.73,4.0,4.5,2,0.43833370474851663,0.2894991479551882,0.27216714729629515
46ba2256,2026-03-15,Nottingham Forest,Fulham,2.2,3.4,3.3,1,0.41876401231796934,0.264334118128239,0.3169018695537916
f206e250,2026-03-16,Brentford,Wolves,1.55,4.2,5.75,1,0.6214977365272075,0.2599643746438502,0.11853788882894228
92da9022,2026-03-20,Bournemouth,Manchester Utd,3.2,3.8,2.1,1,0.3912105607304483,0.2775361721297178,0.3312532671398339
224ff314,2026-03-21,Everton,Chelsea,3.5,3.4,2.1,2,0.3710129907622849,0.2831641255303216,0.34582288370739356
fbe78f2d,2026-03-21,Leeds United,Brentford,2.45,3.5,2.88,1,0.2735435666588657,0.2823774447486326,0.4440789885925017
74a9797c,2026-03-21,Brighton,Liverpool,3.1,3.5,2.2,2,0.3228923363830396,0.31583484557316727,0.3612728180437931
2daef12e,2026-03-21,Fulham,Burnley,1.53,4.1,6.25,2,0.6543906473220686,0.21567648066909487,0.12993287200883644
99b853a8,2026-03-22,Tottenham Hotspur,Nottingham Forest,2.25,3.4,3.2,0,0.31390689603438654,0.308613028761686,0.37748007520392757
91a43688,2026-03-22,Newcastle United,Sunderland,1.67,4.0,5.0,0,0.5462716199415715,0.2806933264830275,0.17303505357540097
3d4d50ca,2026-03-22,Aston Villa,West Ham United,1.95,3.6,3.8,2,0.6518570413831867,0.20717509517995136,0.140967863436862
