league,season,game,jersey_number,player,team,is_starter,position,minutes_played
ENG-Premier League,2122,2022-02-20 Leeds United-Manchester Utd,1,Illan Meslier,Leeds United,True,GK,90
ENG-Premier League,2122,2022-02-20 Leeds United-Manchester Utd,2,Luke Ayling,Leeds United,True,RB,90
ENG-Premier League,2122,2022-02-20 Leeds United-Manchester Utd,4,Adam Forshaw,Leeds United,True,DM,90
ENG-Premier League,2122,2022-02-20 Leeds United-Manchester Utd,5,Robin Koch,Leeds United,True,DM,30
ENG-Premier League,2122,2022-02-20 Leeds United-Manchester Utd,14,Diego Llorente,Leeds United,True,CB,45
ENG-Premier League,2122,2022-02-20 Leeds United-Manchester Utd,15,Stuart Dallas,Leeds United,True,LB,90
ENG-Premier League,2122,2022-02-20 Leeds United-Manchester Utd,19,Rodrigo,Leeds United,True,FW,90
ENG-Premier League,2122,2022-02-20 Leeds United-Manchester Utd,20,Daniel James,Leeds United,True,AM,90
ENG-Premier League,2122,2022-02-20 Leeds United-Manchester Utd,21,Pascal Struijk,Leeds United,True,CB,90
ENG-Premier League,2122,2022-02-20 Leeds United-Manchester Utd,22,Jack Harrison,Leeds United,True,AM,45
ENG-Premier League,2122,2022-02-20 Leeds United-Manchester Utd,43,Mateusz Klich,Leeds United,True,AM,90
ENG-Premier League,2122,2022-02-20 Leeds United-Manchester Utd,13,Kristoffer Klaesson,Leeds United,False,,0
ENG-Premier League,2122,2022-02-20 Leeds United-Manchester Utd,3,Junior Firpo,Leeds United,False,"DF,MF",60
ENG-Premier League,2122,2022-02-20 Leeds United-Manchester Utd,10,Raphinha,Leeds United,False,"FW,MF",45
ENG-Premier League,2122,2022-02-20 Leeds United-Manchester Utd,11,Tyler Roberts,Leeds United,False,,0
ENG-Premier League,2122,2022-02-20 Leeds United-Manchester Utd,26,Lewis Bate,Leeds United,False,,0
ENG-Premier League,2122,2022-02-20 Leeds United-Manchester Utd,30,Joe Gelhardt,Leeds United,False,"FW,MF",45
ENG-Premier League,2122,2022-02-20 Leeds United-Manchester Utd,35,Charlie Cresswell,Leeds United,False,,0
ENG-Premier League,2122,2022-02-20 Leeds United-Manchester Utd,46,Jamie Shackleton,Leeds United,False,,0
ENG-Premier League,2122,2022-02-20 Leeds United-Manchester Utd,54,Nohan Kenneh,Leeds United,False,,0
ENG-Premier League,2122,2022-02-20 Leeds United-Manchester Utd,1,David de Gea,Manchester United,True,GK,90
ENG-Premier League,2122,2022-02-20 Leeds United-Manchester Utd,2,Victor Lindelöf,Manchester United,True,CB,90
ENG-Premier League,2122,2022-02-20 Leeds United-Manchester Utd,5,Harry Maguire,Manchester United,True,CB,90
ENG-Premier League,2122,2022-02-20 Leeds United-Manchester Utd,6,Paul Pogba,Manchester United,True,DM,66
ENG-Premier League,2122,2022-02-20 Leeds United-Manchester Utd,7,Cristiano Ronaldo,Manchester United,True,FW,84
ENG-Premier League,2122,2022-02-20 Leeds United-Manchester Utd,14,Jesse Lingard,Manchester United,True,AM,66
ENG-Premier League,2122,2022-02-20 Leeds United-Manchester Utd,18,Bruno Fernandes,Manchester United,True,AM,90
ENG-Premier League,2122,2022-02-20 Leeds United-Manchester Utd,23,Luke Shaw,Manchester United,True,LB,90
ENG-Premier League,2122,2022-02-20 Leeds United-Manchester Utd,25,Jadon Sancho,Manchester United,True,AM,90
ENG-Premier League,2122,2022-02-20 Leeds United-Manchester Utd,29,Aaron Wan-Bissaka,Manchester United,True,RB,90
ENG-Premier League,2122,2022-02-20 Leeds United-Manchester Utd,39,Scott McTominay,Manchester United,True,DM,90
ENG-Premier League,2122,2022-02-20 Leeds United-Manchester Utd,26,Dean Henderson,Manchester United,False,,0
ENG-Premier League,2122,2022-02-20 Leeds United-Manchester Utd,8,Juan Mata,Manchester United,False,,0
ENG-Premier League,2122,2022-02-20 Leeds United-Manchester Utd,10,Marcus Rashford,Manchester United,False,,0
ENG-Premier League,2122,2022-02-20 Leeds United-Manchester Utd,17,Fred,Manchester United,False,"FW,MF",24
ENG-Premier League,2122,2022-02-20 Leeds United-Manchester Utd,19,Raphaël Varane,Manchester United,False,"DF,MF",6
ENG-Premier League,2122,2022-02-20 Leeds United-Manchester Utd,20,Diogo Dalot,Manchester United,False,,0
ENG-Premier League,2122,2022-02-20 Leeds United-Manchester Utd,27,Alex Telles,Manchester United,False,,0
ENG-Premier League,2122,2022-02-20 Leeds United-Manchester Utd,31,Nemanja Matić,Manchester United,False,,0
ENG-Premier League,2122,2022-02-20 Leeds United-Manchester Utd,36,Anthony Elanga,Manchester United,False,"FW,MF",24
ENG-Premier League,2122,2022-04-02 Manchester Utd-Leicester City,1,David de Gea,Manchester United,True,GK,90
ENG-Premier League,2122,2022-04-02 Manchester Utd-Leicester City,5,Harry Maguire,Manchester United,True,CB,90
ENG-Premier League,2122,2022-04-02 Manchester Utd-Leicester City,6,Paul Pogba,Manchester United,True,AM,74
ENG-Premier League,2122,2022-04-02 Manchester Utd-Leicester City,17,Fred,Manchester United,True,DM,90
ENG-Premier League,2122,2022-04-02 Manchester Utd-Leicester City,18,Bruno Fernandes,Manchester United,True,FW,90
ENG-Premier League,2122,2022-04-02 Manchester Utd-Leicester City,19,Raphaël Varane,Manchester United,True,CB,90
ENG-Premier League,2122,2022-04-02 Manchester Utd-Leicester City,20,Diogo Dalot,Manchester United,True,RB,90
ENG-Premier League,2122,2022-04-02 Manchester Utd-Leicester City,23,Luke Shaw,Manchester United,True,LB,45
ENG-Premier League,2122,2022-04-02 Manchester Utd-Leicester City,25,Jadon Sancho,Manchester United,True,AM,90
ENG-Premier League,2122,2022-04-02 Manchester Utd-Leicester City,36,Anthony Elanga,Manchester United,True,AM,90
ENG-Premier League,2122,2022-04-02 Manchester Utd-Leicester City,39,Scott McTominay,Manchester United,True,DM,54
ENG-Premier League,2122,2022-04-02 Manchester Utd-Leicester City,26,Dean Henderson,Manchester United,False,,0
ENG-Premier League,2122,2022-04-02 Manchester Utd-Leicester City,2,Victor Lindelöf,Manchester United,False,,0
ENG-Premier League,2122,2022-04-02 Manchester Utd-Leicester City,4,Phil Jones,Manchester United,False,,0
ENG-Premier League,2122,2022-04-02 Manchester Utd-Leicester City,8,Juan Mata,Manchester United,False,,0
ENG-Premier League,2122,2022-04-02 Manchester Utd-Leicester City,10,Marcus Rashford,Manchester United,False,"FW,MF",36
ENG-Premier League,2122,2022-04-02 Manchester Utd-Leicester City,14,Jesse Lingard,Manchester United,False,,0
ENG-Premier League,2122,2022-04-02 Manchester Utd-Leicester City,27,Alex Telles,Manchester United,False,DF,45
ENG-Premier League,2122,2022-04-02 Manchester Utd-Leicester City,29,Aaron Wan-Bissaka,Manchester United,False,,0
ENG-Premier League,2122,2022-04-02 Manchester Utd-Leicester City,31,Nemanja Matić,Manchester United,False,MF,16
ENG-Premier League,2122,2022-04-02 Manchester Utd-Leicester City,1,Kasper Schmeichel,Leicester City,True,GK,90
ENG-Premier League,2122,2022-04-02 Manchester Utd-Leicester City,2,James Justin,Leicester City,True,RB,90
ENG-Premier League,2122,2022-04-02 Manchester Utd-Leicester City,3,Wesley Fofana,Leicester City,True,CB,90
ENG-Premier League,2122,2022-04-02 Manchester Utd-Leicester City,6,Jonny Evans,Leicester City,True,CB,63
ENG-Premier League,2122,2022-04-02 Manchester Utd-Leicester City,7,Harvey Barnes,Leicester City,True,AM,90
ENG-Premier League,2122,2022-04-02 Manchester Utd-Leicester City,8,Youri Tielemans,Leicester City,True,DM,90
ENG-Premier League,2122,2022-04-02 Manchester Utd-Leicester City,10,James Maddison,Leicester City,True,AM,90
ENG-Premier League,2122,2022-04-02 Manchester Utd-Leicester City,14,Kelechi Iheanacho,Leicester City,True,FW,89
ENG-Premier League,2122,2022-04-02 Manchester Utd-Leicester City,22,Kiernan Dewsbury-Hall,Leicester City,True,AM,90
ENG-Premier League,2122,2022-04-02 Manchester Utd-Leicester City,24,Nampalys Mendy,Leicester City,True,DM,89
ENG-Premier League,2122,2022-04-02 Manchester Utd-Leicester City,27,Timothy Castagne,Leicester City,True,LB,90
ENG-Premier League,2122,2022-04-02 Manchester Utd-Leicester City,35,Eldin Jakupović,Leicester City,False,,0
ENG-Premier League,2122,2022-04-02 Manchester Utd-Leicester City,4,Çağlar Söyüncü,Leicester City,False,,0
ENG-Premier League,2122,2022-04-02 Manchester Utd-Leicester City,11,Marc Albrighton,Leicester City,False,,0
ENG-Premier League,2122,2022-04-02 Manchester Utd-Leicester City,17,Ayoze Pérez,Leicester City,False,,0
ENG-Premier League,2122,2022-04-02 Manchester Utd-Leicester City,18,Daniel Amartey,Leicester City,False,"DF,MF",27
ENG-Premier League,2122,2022-04-02 Manchester Utd-Leicester City,20,Hamza Choudhury,Leicester City,False,"DF,MF",1
ENG-Premier League,2122,2022-04-02 Manchester Utd-Leicester City,21,Ricardo Pereira,Leicester City,False,,0
ENG-Premier League,2122,2022-04-02 Manchester Utd-Leicester City,29,Patson Daka,Leicester City,False,FW,1
ENG-Premier League,2122,2022-04-02 Manchester Utd-Leicester City,37,Ademola Lookman,Leicester City,False,,0
ENG-Premier League,2122,2021-10-02 Wolves-Newcastle United,1,José Sá,Wolverhampton Wanderers,True,GK,90
ENG-Premier League,2122,2021-10-02 Wolves-Newcastle United,5,Fernando Marçal,Wolverhampton Wanderers,True,LM,90
ENG-Premier League,2122,2021-10-02 Wolves-Newcastle United,8,Rúben Neves,Wolverhampton Wanderers,True,CM,90
ENG-Premier League,2122,2021-10-02 Wolves-Newcastle United,9,Raúl Jiménez,Wolverhampton Wanderers,True,FW,90
ENG-Premier League,2122,2021-10-02 Wolves-Newcastle United,11,Francisco Trincão,Wolverhampton Wanderers,True,FW,85
ENG-Premier League,2122,2021-10-02 Wolves-Newcastle United,16,Conor Coady,Wolverhampton Wanderers,True,CB,90
ENG-Premier League,2122,2021-10-02 Wolves-Newcastle United,22,Nélson Semedo,Wolverhampton Wanderers,True,RM,90
ENG-Premier League,2122,2021-10-02 Wolves-Newcastle United,23,Max Kilman,Wolverhampton Wanderers,True,CB,90
ENG-Premier League,2122,2021-10-02 Wolves-Newcastle United,26,Hwang Hee-chan,Wolverhampton Wanderers,True,FW,89
ENG-Premier League,2122,2021-10-02 Wolves-Newcastle United,27,Romain Saïss,Wolverhampton Wanderers,True,CB,90
ENG-Premier League,2122,2021-10-02 Wolves-Newcastle United,28,João Moutinho,Wolverhampton Wanderers,True,CM,90
ENG-Premier League,2122,2021-10-02 Wolves-Newcastle United,21,John Ruddy,Wolverhampton Wanderers,False,,0
ENG-Premier League,2122,2021-10-02 Wolves-Newcastle United,2,Ki-Jana Hoever,Wolverhampton Wanderers,False,,0
ENG-Premier League,2122,2021-10-02 Wolves-Newcastle United,3,Rayan Aït-Nouri,Wolverhampton Wanderers,False,,0
ENG-Premier League,2122,2021-10-02 Wolves-Newcastle United,10,Daniel Podence,Wolverhampton Wanderers,False,,0
ENG-Premier League,2122,2021-10-02 Wolves-Newcastle United,15,Willy Boly,Wolverhampton Wanderers,False,,0
ENG-Premier League,2122,2021-10-02 Wolves-Newcastle United,17,Fábio Silva,Wolverhampton Wanderers,False,,0
ENG-Premier League,2122,2021-10-02 Wolves-Newcastle United,32,Leander Dendoncker,Wolverhampton Wanderers,False,"DF,MF",5
ENG-Premier League,2122,2021-10-02 Wolves-Newcastle United,37,Adama Traoré,Wolverhampton Wanderers,False,"FW,MF",1
ENG-Premier League,2122,2021-10-02 Wolves-Newcastle United,39,Luke Cundle,Wolverhampton Wanderers,False,,0
ENG-Premier League,2122,2021-10-02 Wolves-Newcastle United,26,Karl Darlow,Newcastle United,True,GK,90
ENG-Premier League,2122,2021-10-02 Wolves-Newcastle United,2,Ciaran Clark,Newcastle United,True,CB,90
ENG-Premier League,2122,2021-10-02 Wolves-Newcastle United,7,Joelinton,Newcastle United,True,LW,90
ENG-Premier League,2122,2021-10-02 Wolves-Newcastle United,10,Allan Saint-Maximin,Newcastle United,True,FW,90
ENG-Premier League,2122,2021-10-02 Wolves-Newcastle United,11,Matt Ritchie,Newcastle United,True,LB,90
ENG-Premier League,2122,2021-10-02 Wolves-Newcastle United,14,Isaac Hayden,Newcastle United,True,AM,90
ENG-Premier League,2122,2021-10-02 Wolves-Newcastle United,18,Federico Fernández,Newcastle United,True,CB,90
ENG-Premier League,2122,2021-10-02 Wolves-Newcastle United,19,Javier Manquillo,Newcastle United,True,RB,69
ENG-Premier League,2122,2021-10-02 Wolves-Newcastle United,24,Miguel Almirón,Newcastle United,True,RW,76
ENG-Premier League,2122,2021-10-02 Wolves-Newcastle United,28,Joe Willock,Newcastle United,True,AM,35
ENG-Premier League,2122,2021-10-02 Wolves-Newcastle United,36,Sean Longstaff,Newcastle United,True,DM,90
ENG-Premier League,2122,2021-10-02 Wolves-Newcastle United,29,Mark Gillespie,Newcastle United,False,,0
ENG-Premier League,2122,2021-10-02 Wolves-Newcastle United,5,Fabian Schär,Newcastle United,False,,0
ENG-Premier League,2122,2021-10-02 Wolves-Newcastle United,12,Jamal Lewis,Newcastle United,False,,0
ENG-Premier League,2122,2021-10-02 Wolves-Newcastle United,16,Jeff Hendrick,Newcastle United,False,MF,55
ENG-Premier League,2122,2021-10-02 Wolves-Newcastle United,17,Emil Krafth,Newcastle United,False,,0
ENG-Premier League,2122,2021-10-02 Wolves-Newcastle United,21,Ryan Fraser,Newcastle United,False,,0
ENG-Premier League,2122,2021-10-02 Wolves-Newcastle United,23,Jacob Murphy,Newcastle United,False,"DF,FW",21
ENG-Premier League,2122,2021-10-02 Wolves-Newcastle United,32,Elliot Anderson,Newcastle United,False,,0
ENG-Premier League,2122,2021-10-02 Wolves-Newcastle United,34,Dwight Gayle,Newcastle United,False,FW,14
ENG-Premier League,2122,2021-11-20 Wolves-West Ham United,1,José Sá,Wolverhampton Wanderers,True,GK,90
ENG-Premier League,2122,2021-11-20 Wolves-West Ham United,3,Rayan Aït-Nouri,Wolverhampton Wanderers,True,DM,90
ENG-Premier League,2122,2021-11-20 Wolves-West Ham United,8,Rúben Neves,Wolverhampton Wanderers,True,DM,90
ENG-Premier League,2122,2021-11-20 Wolves-West Ham United,9,Raúl Jiménez,Wolverhampton Wanderers,True,FW,90
ENG-Premier League,2122,2021-11-20 Wolves-West Ham United,10,Daniel Podence,Wolverhampton Wanderers,True,AM,75
ENG-Premier League,2122,2021-11-20 Wolves-West Ham United,16,Conor Coady,Wolverhampton Wanderers,True,CB,90
ENG-Premier League,2122,2021-11-20 Wolves-West Ham United,22,Nélson Semedo,Wolverhampton Wanderers,True,DM,90
ENG-Premier League,2122,2021-11-20 Wolves-West Ham United,23,Max Kilman,Wolverhampton Wanderers,True,CB,90
ENG-Premier League,2122,2021-11-20 Wolves-West Ham United,26,Hwang Hee-chan,Wolverhampton Wanderers,True,AM,86
ENG-Premier League,2122,2021-11-20 Wolves-West Ham United,27,Romain Saïss,Wolverhampton Wanderers,True,CB,90
ENG-Premier League,2122,2021-11-20 Wolves-West Ham United,28,João Moutinho,Wolverhampton Wanderers,True,DM,90
ENG-Premier League,2122,2021-11-20 Wolves-West Ham United,21,John Ruddy,Wolverhampton Wanderers,False,,0
ENG-Premier League,2122,2021-11-20 Wolves-West Ham United,2,Ki-Jana Hoever,Wolverhampton Wanderers,False,,0
ENG-Premier League,2122,2021-11-20 Wolves-West Ham United,5,Fernando Marçal,Wolverhampton Wanderers,False,,0
ENG-Premier League,2122,2021-11-20 Wolves-West Ham United,11,Francisco Trincão,Wolverhampton Wanderers,False,,0
ENG-Premier League,2122,2021-11-20 Wolves-West Ham United,15,Willy Boly,Wolverhampton Wanderers,False,,0
ENG-Premier League,2122,2021-11-20 Wolves-West Ham United,17,Fábio Silva,Wolverhampton Wanderers,False,,0
ENG-Premier League,2122,2021-11-20 Wolves-West Ham United,32,Leander Dendoncker,Wolverhampton Wanderers,False,"DF,MF",4
ENG-Premier League,2122,2021-11-20 Wolves-West Ham United,37,Adama Traoré,Wolverhampton Wanderers,False,"FW,MF",15
ENG-Premier League,2122,2021-11-20 Wolves-West Ham United,39,Luke Cundle,Wolverhampton Wanderers,False,,0
ENG-Premier League,2122,2021-11-20 Wolves-West Ham United,1,Łukasz Fabiański,West Ham United,True,GK,90
ENG-Premier League,2122,2021-11-20 Wolves-West Ham United,3,Aaron Cresswell,West Ham United,True,LB,90
ENG-Premier League,2122,2021-11-20 Wolves-West Ham United,4,Kurt Zouma,West Ham United,True,CB,90
ENG-Premier League,2122,2021-11-20 Wolves-West Ham United,8,Pablo Fornals,West Ham United,True,AM,58
ENG-Premier League,2122,2021-11-20 Wolves-West Ham United,9,Michail Antonio,West Ham United,True,FW,90
ENG-Premier League,2122,2021-11-20 Wolves-West Ham United,15,Craig Dawson,West Ham United,True,CB,90
ENG-Premier League,2122,2021-11-20 Wolves-West Ham United,20,Jarrod Bowen,West Ham United,True,AM,70
ENG-Premier League,2122,2021-11-20 Wolves-West Ham United,22,Saïd Benrahma,West Ham United,True,AM,70
ENG-Premier League,2122,2021-11-20 Wolves-West Ham United,28,Tomáš Souček,West Ham United,True,DM,90
ENG-Premier League,2122,2021-11-20 Wolves-West Ham United,31,Ben Johnson,West Ham United,True,RB,90
ENG-Premier League,2122,2021-11-20 Wolves-West Ham United,41,Declan Rice,West Ham United,True,DM,90
ENG-Premier League,2122,2021-11-20 Wolves-West Ham United,13,Alphonse Areola,West Ham United,False,,0
ENG-Premier League,2122,2021-11-20 Wolves-West Ham United,5,Vladimír Coufal,West Ham United,False,,0
ENG-Premier League,2122,2021-11-20 Wolves-West Ham United,7,Andriy Yarmolenko,West Ham United,False,"FW,MF",20
ENG-Premier League,2122,2021-11-20 Wolves-West Ham United,10,Manuel Lanzini,West Ham United,False,"FW,MF",32
ENG-Premier League,2122,2021-11-20 Wolves-West Ham United,11,Nikola Vlašić,West Ham United,False,"FW,MF",20
ENG-Premier League,2122,2021-11-20 Wolves-West Ham United,16,Mark Noble,West Ham United,False,,0
ENG-Premier League,2122,2021-11-20 Wolves-West Ham United,23,Issa Diop,West Ham United,False,,0
ENG-Premier League,2122,2021-11-20 Wolves-West Ham United,26,Arthur Masuaku,West Ham United,False,,0
ENG-Premier League,2122,2021-11-20 Wolves-West Ham United,33,Alex Král,West Ham United,False,,0
ENG-Premier League,2122,2022-03-05 Newcastle United-Brighton,1,Martin Dúbravka,Newcastle United,True,GK,90
ENG-Premier League,2122,2022-03-05 Newcastle United-Brighton,5,Fabian Schär,Newcastle United,True,CB,90
ENG-Premier League,2122,2022-03-05 Newcastle United-Brighton,7,Joelinton,Newcastle United,True,CM,90
ENG-Premier League,2122,2022-03-05 Newcastle United-Brighton,8,Jonjo Shelvey,Newcastle United,True,CM,90
ENG-Premier League,2122,2022-03-05 Newcastle United-Brighton,13,Matt Targett,Newcastle United,True,LB,90
ENG-Premier League,2122,2022-03-05 Newcastle United-Brighton,17,Emil Krafth,Newcastle United,True,RB,90
ENG-Premier League,2122,2022-03-05 Newcastle United-Brighton,20,Chris Wood,Newcastle United,True,FW,90
ENG-Premier League,2122,2022-03-05 Newcastle United-Brighton,21,Ryan Fraser,Newcastle United,True,FW,78
ENG-Premier League,2122,2022-03-05 Newcastle United-Brighton,23,Jacob Murphy,Newcastle United,True,FW,63
ENG-Premier League,2122,2022-03-05 Newcastle United-Brighton,28,Joe Willock,Newcastle United,True,CM,89
ENG-Premier League,2122,2022-03-05 Newcastle United-Brighton,33,Dan Burn,Newcastle United,True,CB,90
ENG-Premier League,2122,2022-03-05 Newcastle United-Brighton,26,Karl Darlow,Newcastle United,False,,0
ENG-Premier League,2122,2022-03-05 Newcastle United-Brighton,3,Paul Dummett,Newcastle United,False,,0
ENG-Premier League,2122,2022-03-05 Newcastle United-Brighton,6,Jamaal Lascelles,Newcastle United,False,,0
ENG-Premier League,2122,2022-03-05 Newcastle United-Brighton,10,Allan Saint-Maximin,Newcastle United,False,"FW,MF",27
ENG-Premier League,2122,2022-03-05 Newcastle United-Brighton,19,Javier Manquillo,Newcastle United,False,,0
ENG-Premier League,2122,2022-03-05 Newcastle United-Brighton,24,Miguel Almirón,Newcastle United,False,,0
ENG-Premier League,2122,2022-03-05 Newcastle United-Brighton,34,Dwight Gayle,Newcastle United,False,,0
ENG-Premier League,2122,2022-03-05 Newcastle United-Brighton,36,Sean Longstaff,Newcastle United,False,MF,1
ENG-Premier League,2122,2022-03-05 Newcastle United-Brighton,39,Bruno Guimarães,Newcastle United,False,MF,12
ENG-Premier League,2122,2022-03-05 Newcastle United-Brighton,1,Robert Sánchez,Brighton & Hove Albion,True,GK,90
ENG-Premier League,2122,2022-03-05 Newcastle United-Brighton,2,Tariq Lamptey,Brighton & Hove Albion,True,FW,58
ENG-Premier League,2122,2022-03-05 Newcastle United-Brighton,3,Marc Cucurella,Brighton & Hove Albion,True,LB,90
ENG-Premier League,2122,2022-03-05 Newcastle United-Brighton,5,Lewis Dunk,Brighton & Hove Albion,True,CB,90
ENG-Premier League,2122,2022-03-05 Newcastle United-Brighton,11,Leandro Trossard,Brighton & Hove Albion,True,FW,90
ENG-Premier League,2122,2022-03-05 Newcastle United-Brighton,13,Pascal Groß,Brighton & Hove Albion,True,CM,90
ENG-Premier League,2122,2022-03-05 Newcastle United-Brighton,15,Jakub Moder,Brighton & Hove Albion,True,CM,58
ENG-Premier League,2122,2022-03-05 Newcastle United-Brighton,17,Steven Alzate,Brighton & Hove Albion,True,CM,78
ENG-Premier League,2122,2022-03-05 Newcastle United-Brighton,18,Danny Welbeck,Brighton & Hove Albion,True,FW,90
ENG-Premier League,2122,2022-03-05 Newcastle United-Brighton,24,Shane Duffy,Brighton & Hove Albion,True,CB,90
ENG-Premier League,2122,2022-03-05 Newcastle United-Brighton,34,Joël Veltman,Brighton & Hove Albion,True,RB,90
ENG-Premier League,2122,2022-03-05 Newcastle United-Brighton,23,Jason Steele,Brighton & Hove Albion,False,,0
ENG-Premier League,2122,2022-03-05 Newcastle United-Brighton,8,Yves Bissouma,Brighton & Hove Albion,False,,0
ENG-Premier League,2122,2022-03-05 Newcastle United-Brighton,9,Neal Maupay,Brighton & Hove Albion,False,"FW,MF",32
ENG-Premier League,2122,2022-03-05 Newcastle United-Brighton,10,Alexis Mac Allister,Brighton & Hove Albion,False,MF,12
ENG-Premier League,2122,2022-03-05 Newcastle United-Brighton,14,Adam Lallana,Brighton & Hove Albion,False,,0
ENG-Premier League,2122,2022-03-05 Newcastle United-Brighton,20,Solly March,Brighton & Hove Albion,False,MF,32
ENG-Premier League,2122,2022-03-05 Newcastle United-Brighton,25,Moisés Caicedo,Brighton & Hove Albion,False,,0
ENG-Premier League,2122,2022-03-05 Newcastle United-Brighton,28,Haydon Roberts,Brighton & Hove Albion,False,,0
ENG-Premier League,2122,2022-03-05 Newcastle United-Brighton,58,Evan Ferguson,Brighton & Hove Albion,False,,0
ENG-Premier League,2122,2022-03-17 Everton-Newcastle United,15,Asmir Begović,Everton,True,GK,90
ENG-Premier League,2122,2022-03-17 Everton-Newcastle United,4,Mason Holgate,Everton,True,CB,90
ENG-Premier League,2122,2022-03-17 Everton-Newcastle United,5,Michael Keane,Everton,True,CB,90
ENG-Premier League,2122,2022-03-17 Everton-Newcastle United,6,Allan,Everton,True,DM,82
ENG-Premier League,2122,2022-03-17 Everton-Newcastle United,7,Richarlison,Everton,True,FW,87
ENG-Premier League,2122,2022-03-17 Everton-Newcastle United,11,Demarai Gray,Everton,True,AM,75
ENG-Premier League,2122,2022-03-17 Everton-Newcastle United,16,Abdoulaye Doucouré,Everton,True,DM,90
ENG-Premier League,2122,2022-03-17 Everton-Newcastle United,17,Alex Iwobi,Everton,True,AM,90
ENG-Premier League,2122,2022-03-17 Everton-Newcastle United,22,Ben Godfrey,Everton,True,LB,90
ENG-Premier League,2122,2022-03-17 Everton-Newcastle United,23,Séamus Coleman,Everton,True,RB,90
ENG-Premier League,2122,2022-03-17 Everton-Newcastle United,24,Anthony Gordon,Everton,True,AM,89
ENG-Premier League,2122,2022-03-17 Everton-Newcastle United,31,Andy Lonergan,Everton,False,,0
ENG-Premier League,2122,2022-03-17 Everton-Newcastle United,53,Harry Tyrer,Everton,False,,0
ENG-Premier League,2122,2022-03-17 Everton-Newcastle United,3,Nathan Patterson,Everton,False,,0
ENG-Premier League,2122,2022-03-17 Everton-Newcastle United,9,Dominic Calvert-Lewin,Everton,False,"FW,MF",15
ENG-Premier League,2122,2022-03-17 Everton-Newcastle United,14,Andros Townsend,Everton,False,"FW,MF",1
ENG-Premier League,2122,2022-03-17 Everton-Newcastle United,19,Vitaliy Mykolenko,Everton,False,,0
ENG-Premier League,2122,2022-03-17 Everton-Newcastle United,21,André Gomes,Everton,False,MF,3
ENG-Premier League,2122,2022-03-17 Everton-Newcastle United,33,Salomón Rondón,Everton,False,,0
ENG-Premier League,2122,2022-03-17 Everton-Newcastle United,36,Dele Alli,Everton,False,,0
ENG-Premier League,2122,2022-03-17 Everton-Newcastle United,1,Martin Dúbravka,Newcastle United,True,GK,90
ENG-Premier League,2122,2022-03-17 Everton-Newcastle United,5,Fabian Schär,Newcastle United,True,CB,90
ENG-Premier League,2122,2022-03-17 Everton-Newcastle United,7,Joelinton,Newcastle United,True,CM,90
ENG-Premier League,2122,2022-03-17 Everton-Newcastle United,13,Matt Targett,Newcastle United,True,LB,90
ENG-Premier League,2122,2022-03-17 Everton-Newcastle United,17,Emil Krafth,Newcastle United,True,RB,89
ENG-Premier League,2122,2022-03-17 Everton-Newcastle United,20,Chris Wood,Newcastle United,True,FW,90
ENG-Premier League,2122,2022-03-17 Everton-Newcastle United,21,Ryan Fraser,Newcastle United,True,FW,84
ENG-Premier League,2122,2022-03-17 Everton-Newcastle United,24,Miguel Almirón,Newcastle United,True,FW,70
ENG-Premier League,2122,2022-03-17 Everton-Newcastle United,28,Joe Willock,Newcastle United,True,CM,90
ENG-Premier League,2122,2022-03-17 Everton-Newcastle United,33,Dan Burn,Newcastle United,True,CB,90
ENG-Premier League,2122,2022-03-17 Everton-Newcastle United,39,Bruno Guimarães,Newcastle United,True,CM,90
ENG-Premier League,2122,2022-03-17 Everton-Newcastle United,26,Karl Darlow,Newcastle United,False,,0
ENG-Premier League,2122,2022-03-17 Everton-Newcastle United,3,Paul Dummett,Newcastle United,False,,0
ENG-Premier League,2122,2022-03-17 Everton-Newcastle United,6,Jamaal Lascelles,Newcastle United,False,,0
ENG-Premier League,2122,2022-03-17 Everton-Newcastle United,10,Allan Saint-Maximin,Newcastle United,False,"FW,MF",20
ENG-Premier League,2122,2022-03-17 Everton-Newcastle United,11,Matt Ritchie,Newcastle United,False,,0
ENG-Premier League,2122,2022-03-17 Everton-Newcastle United,19,Javier Manquillo,Newcastle United,False,DF,1
ENG-Premier League,2122,2022-03-17 Everton-Newcastle United,23,Jacob Murphy,Newcastle United,False,"DF,FW",6
ENG-Premier League,2122,2022-03-17 Everton-Newcastle United,34,Dwight Gayle,Newcastle United,False,,0
ENG-Premier League,2122,2022-03-17 Everton-Newcastle United,36,Sean Longstaff,Newcastle United,False,,0
ENG-Premier League,2122,2021-12-12 Crystal Palace-Everton,13,Vicente Guaita,Crystal Palace,True,GK,90
ENG-Premier League,2122,2021-12-12 Crystal Palace-Everton,2,Joel Ward,Crystal Palace,True,RB,90
ENG-Premier League,2122,2021-12-12 Crystal Palace-Everton,3,Tyrick Mitchell,Crystal Palace,True,LB,89
ENG-Premier League,2122,2021-12-12 Crystal Palace-Everton,5,James Tomkins,Crystal Palace,True,CB,90
ENG-Premier League,2122,2021-12-12 Crystal Palace-Everton,6,Marc Guéhi,Crystal Palace,True,CB,90
ENG-Premier League,2122,2021-12-12 Crystal Palace-Everton,8,Cheikhou Kouyaté,Crystal Palace,True,CM,90
ENG-Premier League,2122,2021-12-12 Crystal Palace-Everton,9,Jordan Ayew,Crystal Palace,True,FW,90
ENG-Premier League,2122,2021-12-12 Crystal Palace-Everton,11,Wilfried Zaha,Crystal Palace,True,FW,90
ENG-Premier League,2122,2021-12-12 Crystal Palace-Everton,12,Will Hughes,Crystal Palace,True,CM,72
ENG-Premier League,2122,2021-12-12 Crystal Palace-Everton,22,Odsonne Édouard,Crystal Palace,True,FW,73
ENG-Premier League,2122,2021-12-12 Crystal Palace-Everton,23,Conor Gallagher,Crystal Palace,True,CM,90
ENG-Premier League,2122,2021-12-12 Crystal Palace-Everton,1,Jack Butland,Crystal Palace,False,,0
ENG-Premier League,2122,2021-12-12 Crystal Palace-Everton,7,Michael Olise,Crystal Palace,False,,0
ENG-Premier League,2122,2021-12-12 Crystal Palace-Everton,10,Eberechi Eze,Crystal Palace,False,,0
ENG-Premier League,2122,2021-12-12 Crystal Palace-Everton,14,Jean-Philippe Mateta,Crystal Palace,False,,0
ENG-Premier League,2122,2021-12-12 Crystal Palace-Everton,15,Jeffrey Schlupp,Crystal Palace,False,"DF,FW",18
ENG-Premier League,2122,2021-12-12 Crystal Palace-Everton,17,Nathaniel Clyne,Crystal Palace,False,DF,1
ENG-Premier League,2122,2021-12-12 Crystal Palace-Everton,20,Christian Benteke,Crystal Palace,False,FW,17
ENG-Premier League,2122,2021-12-12 Crystal Palace-Everton,34,Martin Kelly,Crystal Palace,False,,0
ENG-Premier League,2122,2021-12-12 Crystal Palace-Everton,44,Jaïro Riedewald,Crystal Palace,False,,0
ENG-Premier League,2122,2021-12-12 Crystal Palace-Everton,1,Jordan Pickford,Everton,True,GK,90
ENG-Premier League,2122,2021-12-12 Crystal Palace-Everton,4,Mason Holgate,Everton,True,CB,90
ENG-Premier League,2122,2021-12-12 Crystal Palace-Everton,5,Michael Keane,Everton,True,CB,90
ENG-Premier League,2122,2021-12-12 Crystal Palace-Everton,7,Richarlison,Everton,True,FW,57
ENG-Premier League,2122,2021-12-12 Crystal Palace-Everton,8,Fabian Delph,Everton,True,DM,57
ENG-Premier League,2122,2021-12-12 Crystal Palace-Everton,11,Demarai Gray,Everton,True,LW,90
ENG-Premier League,2122,2021-12-12 Crystal Palace-Everton,14,Andros Townsend,Everton,True,RW,90
ENG-Premier League,2122,2021-12-12 Crystal Palace-Everton,16,Abdoulaye Doucouré,Everton,True,AM,90
ENG-Premier League,2122,2021-12-12 Crystal Palace-Everton,21,André Gomes,Everton,True,AM,90
ENG-Premier League,2122,2021-12-12 Crystal Palace-Everton,22,Ben Godfrey,Everton,True,LB,90
ENG-Premier League,2122,2021-12-12 Crystal Palace-Everton,23,Séamus Coleman,Everton,True,RB,90
ENG-Premier League,2122,2021-12-12 Crystal Palace-Everton,15,Asmir Begović,Everton,False,,0
ENG-Premier League,2122,2021-12-12 Crystal Palace-Everton,2,Jonjoe Kenny,Everton,False,,0
ENG-Premier League,2122,2021-12-12 Crystal Palace-Everton,17,Alex Iwobi,Everton,False,,0
ENG-Premier League,2122,2021-12-12 Crystal Palace-Everton,24,Anthony Gordon,Everton,False,"FW,MF",33
ENG-Premier League,2122,2021-12-12 Crystal Palace-Everton,25,Jean-Philippe Gbamin,Everton,False,,0
ENG-Premier League,2122,2021-12-12 Crystal Palace-Everton,32,Jarrad Branthwaite,Everton,False,,0
ENG-Premier League,2122,2021-12-12 Crystal Palace-Everton,33,Salomón Rondón,Everton,False,FW,33
ENG-Premier League,2122,2021-12-12 Crystal Palace-Everton,50,Ellis Simms,Everton,False,,0
ENG-Premier League,2122,2021-12-12 Crystal Palace-Everton,62,Tyler Onyango,Everton,False,,0
ENG-Premier League,2122,2022-02-26 Leeds United-Tottenham Hotspur,1,Illan Meslier,Leeds United,True,GK,90
ENG-Premier League,2122,2022-02-26 Leeds United-Tottenham Hotspur,2,Luke Ayling,Leeds United,True,RB,90
ENG-Premier League,2122,2022-02-26 Leeds United-Tottenham Hotspur,3,Junior Firpo,Leeds United,True,LB,77
ENG-Premier League,2122,2022-02-26 Leeds United-Tottenham Hotspur,4,Adam Forshaw,Leeds United,True,AM,90
ENG-Premier League,2122,2022-02-26 Leeds United-Tottenham Hotspur,5,Robin Koch,Leeds United,True,DM,90
ENG-Premier League,2122,2022-02-26 Leeds United-Tottenham Hotspur,10,Raphinha,Leeds United,True,RW,90
ENG-Premier League,2122,2022-02-26 Leeds United-Tottenham Hotspur,14,Diego Llorente,Leeds United,True,CB,90
ENG-Premier League,2122,2022-02-26 Leeds United-Tottenham Hotspur,15,Stuart Dallas,Leeds United,True,AM,90
ENG-Premier League,2122,2022-02-26 Leeds United-Tottenham Hotspur,20,Daniel James,Leeds United,True,FW,90
ENG-Premier League,2122,2022-02-26 Leeds United-Tottenham Hotspur,21,Pascal Struijk,Leeds United,True,CB,45
ENG-Premier League,2122,2022-02-26 Leeds United-Tottenham Hotspur,22,Jack Harrison,Leeds United,True,LW,45
ENG-Premier League,2122,2022-02-26 Leeds United-Tottenham Hotspur,13,Kristoffer Klaesson,Leeds United,False,,0
ENG-Premier League,2122,2022-02-26 Leeds United-Tottenham Hotspur,11,Tyler Roberts,Leeds United,False,,0
ENG-Premier League,2122,2022-02-26 Leeds United-Tottenham Hotspur,19,Rodrigo,Leeds United,False,"FW,MF",45
ENG-Premier League,2122,2022-02-26 Leeds United-Tottenham Hotspur,30,Joe Gelhardt,Leeds United,False,,0
ENG-Premier League,2122,2022-02-26 Leeds United-Tottenham Hotspur,35,Charlie Cresswell,Leeds United,False,,0
ENG-Premier League,2122,2022-02-26 Leeds United-Tottenham Hotspur,38,Crysencio Summerville,Leeds United,False,,0
ENG-Premier League,2122,2022-02-26 Leeds United-Tottenham Hotspur,43,Mateusz Klich,Leeds United,False,MF,45
ENG-Premier League,2122,2022-02-26 Leeds United-Tottenham Hotspur,46,Jamie Shackleton,Leeds United,False,"DF,MF",13
ENG-Premier League,2122,2022-02-26 Leeds United-Tottenham Hotspur,54,Nohan Kenneh,Leeds United,False,,0
ENG-Premier League,2122,2022-02-26 Leeds United-Tottenham Hotspur,1,Hugo Lloris,Tottenham Hotspur,True,GK,90
ENG-Premier League,2122,2022-02-26 Leeds United-Tottenham Hotspur,2,Matt Doherty,Tottenham Hotspur,True,DM,90
ENG-Premier League,2122,2022-02-26 Leeds United-Tottenham Hotspur,4,Cristian Romero,Tottenham Hotspur,True,CB,90
ENG-Premier League,2122,2022-02-26 Leeds United-Tottenham Hotspur,5,Pierre Højbjerg,Tottenham Hotspur,True,DM,90
ENG-Premier League,2122,2022-02-26 Leeds United-Tottenham Hotspur,7,Son Heung-min,Tottenham Hotspur,True,AM,86
ENG-Premier League,2122,2022-02-26 Leeds United-Tottenham Hotspur,8,Harry Winks,Tottenham Hotspur,True,DM,90
ENG-Premier League,2122,2022-02-26 Leeds United-Tottenham Hotspur,10,Harry Kane,Tottenham Hotspur,True,FW,90
ENG-Premier League,2122,2022-02-26 Leeds United-Tottenham Hotspur,15,Eric Dier,Tottenham Hotspur,True,CB,90
ENG-Premier League,2122,2022-02-26 Leeds United-Tottenham Hotspur,19,Ryan Sessegnon,Tottenham Hotspur,True,DM,77
ENG-Premier League,2122,2022-02-26 Leeds United-Tottenham Hotspur,21,Dejan Kulusevski,Tottenham Hotspur,True,AM,77
ENG-Premier League,2122,2022-02-26 Leeds United-Tottenham Hotspur,33,Ben Davies,Tottenham Hotspur,True,CB,90
ENG-Premier League,2122,2022-02-26 Leeds United-Tottenham Hotspur,40,Brandon Austin,Tottenham Hotspur,False,,0
ENG-Premier League,2122,2022-02-26 Leeds United-Tottenham Hotspur,3,Sergio Reguilón,Tottenham Hotspur,False,,0
ENG-Premier League,2122,2022-02-26 Leeds United-Tottenham Hotspur,6,Davinson Sánchez,Tottenham Hotspur,False,,0
ENG-Premier League,2122,2022-02-26 Leeds United-Tottenham Hotspur,12,Emerson,Tottenham Hotspur,False,"DF,MF",13
ENG-Premier League,2122,2022-02-26 Leeds United-Tottenham Hotspur,14,Joe Rodon,Tottenham Hotspur,False,,0
ENG-Premier League,2122,2022-02-26 Leeds United-Tottenham Hotspur,23,Steven Bergwijn,Tottenham Hotspur,False,"FW,MF",13
ENG-Premier League,2122,2022-02-26 Leeds United-Tottenham Hotspur,42,Harvey White,Tottenham Hotspur,False,,0
ENG-Premier League,2122,2022-02-26 Leeds United-Tottenham Hotspur,44,Dane Scarlett,Tottenham Hotspur,False,FW,4
ENG-Premier League,2122,2022-02-26 Leeds United-Tottenham Hotspur,45,Alfie Devine,Tottenham Hotspur,False,,0
ENG-Premier League,2122,2022-02-09 Tottenham Hotspur-Southampton,1,Hugo Lloris,Tottenham Hotspur,True,GK,90
ENG-Premier League,2122,2022-02-09 Tottenham Hotspur-Southampton,3,Sergio Reguilón,Tottenham Hotspur,True,DM,82
ENG-Premier League,2122,2022-02-09 Tottenham Hotspur-Southampton,4,Cristian Romero,Tottenham Hotspur,True,CB,90
ENG-Premier League,2122,2022-02-09 Tottenham Hotspur-Southampton,5,Pierre Højbjerg,Tottenham Hotspur,True,DM,59
ENG-Premier League,2122,2022-02-09 Tottenham Hotspur-Southampton,6,Davinson Sánchez,Tottenham Hotspur,True,CB,90
ENG-Premier League,2122,2022-02-09 Tottenham Hotspur-Southampton,7,Son Heung-min,Tottenham Hotspur,True,AM,90
ENG-Premier League,2122,2022-02-09 Tottenham Hotspur-Southampton,8,Harry Winks,Tottenham Hotspur,True,DM,90
ENG-Premier League,2122,2022-02-09 Tottenham Hotspur-Southampton,10,Harry Kane,Tottenham Hotspur,True,FW,90
ENG-Premier League,2122,2022-02-09 Tottenham Hotspur-Southampton,12,Emerson,Tottenham Hotspur,True,DM,90
ENG-Premier League,2122,2022-02-09 Tottenham Hotspur-Southampton,27,Lucas Moura,Tottenham Hotspur,True,AM,75
ENG-Premier League,2122,2022-02-09 Tottenham Hotspur-Southampton,33,Ben Davies,Tottenham Hotspur,True,CB,90
ENG-Premier League,2122,2022-02-09 Tottenham Hotspur-Southampton,22,Pierluigi Gollini,Tottenham Hotspur,False,,0
ENG-Premier League,2122,2022-02-09 Tottenham Hotspur-Southampton,2,Matt Doherty,Tottenham Hotspur,False,,0
ENG-Premier League,2122,2022-02-09 Tottenham Hotspur-Southampton,14,Joe Rodon,Tottenham Hotspur,False,,0
ENG-Premier League,2122,2022-02-09 Tottenham Hotspur-Southampton,19,Ryan Sessegnon,Tottenham Hotspur,False,,0
ENG-Premier League,2122,2022-02-09 Tottenham Hotspur-Southampton,21,Dejan Kulusevski,Tottenham Hotspur,False,"FW,MF",15
ENG-Premier League,2122,2022-02-09 Tottenham Hotspur-Southampton,23,Steven Bergwijn,Tottenham Hotspur,False,"FW,MF",8
ENG-Premier League,2122,2022-02-09 Tottenham Hotspur-Southampton,30,Rodrigo Bentancur,Tottenham Hotspur,False,MF,31
ENG-Premier League,2122,2022-02-09 Tottenham Hotspur-Southampton,42,Harvey White,Tottenham Hotspur,False,,0
ENG-Premier League,2122,2022-02-09 Tottenham Hotspur-Southampton,44,Dane Scarlett,Tottenham Hotspur,False,,0
ENG-Premier League,2122,2022-02-09 Tottenham Hotspur-Southampton,44,Fraser Forster,Southampton,True,GK,90
ENG-Premier League,2122,2022-02-09 Tottenham Hotspur-Southampton,2,Kyle Walker-Peters,Southampton,True,RB,90
ENG-Premier League,2122,2022-02-09 Tottenham Hotspur-Southampton,6,Oriol Romeu,Southampton,True,CM,90
ENG-Premier League,2122,2022-02-09 Tottenham Hotspur-Southampton,8,James Ward-Prowse,Southampton,True,CM,90
ENG-Premier League,2122,2022-02-09 Tottenham Hotspur-Southampton,10,Che Adams,Southampton,True,FW,87
ENG-Premier League,2122,2022-02-09 Tottenham Hotspur-Southampton,15,Romain Perraud,Southampton,True,LB,90
ENG-Premier League,2122,2022-02-09 Tottenham Hotspur-Southampton,17,Stuart Armstrong,Southampton,True,RM,90
ENG-Premier League,2122,2022-02-09 Tottenham Hotspur-Southampton,18,Armando Broja,Southampton,True,FW,89
ENG-Premier League,2122,2022-02-09 Tottenham Hotspur-Southampton,22,Mohammed Salisu,Southampton,True,CB,90
ENG-Premier League,2122,2022-02-09 Tottenham Hotspur-Southampton,24,Mohamed Elyounoussi,Southampton,True,LM,89
ENG-Premier League,2122,2022-02-09 Tottenham Hotspur-Southampton,35,Jan Bednarek,Southampton,True,CB,90
ENG-Premier League,2122,2022-02-09 Tottenham Hotspur-Southampton,13,Willy Caballero,Southampton,False,,0
ENG-Premier League,2122,2022-02-09 Tottenham Hotspur-Southampton,5,Jack Stephens,Southampton,False,,0
ENG-Premier League,2122,2022-02-09 Tottenham Hotspur-Southampton,7,Shane Long,Southampton,False,FW,3
ENG-Premier League,2122,2022-02-09 Tottenham Hotspur-Southampton,9,Adam Armstrong,Southampton,False,,0
ENG-Premier League,2122,2022-02-09 Tottenham Hotspur-Southampton,19,Moussa Djenepo,Southampton,False,,0
ENG-Premier League,2122,2022-02-09 Tottenham Hotspur-Southampton,20,William Smallbone,Southampton,False,,0
ENG-Premier League,2122,2022-02-09 Tottenham Hotspur-Southampton,27,Ibrahima Diallo,Southampton,False,MF,1
ENG-Premier League,2122,2022-02-09 Tottenham Hotspur-Southampton,32,Theo Walcott,Southampton,False,"FW,MF",1
ENG-Premier League,2122,2022-02-09 Tottenham Hotspur-Southampton,43,Yan Valery,Southampton,False,,0
ENG-Premier League,2122,2021-11-27 Arsenal-Newcastle United,32,Aaron Ramsdale,Arsenal,True,GK,90
ENG-Premier League,2122,2021-11-27 Arsenal-Newcastle United,4,Ben White,Arsenal,True,CB,90
ENG-Premier League,2122,2021-11-27 Arsenal-Newcastle United,5,Thomas Partey,Arsenal,True,DM,84
ENG-Premier League,2122,2021-11-27 Arsenal-Newcastle United,6,Gabriel Magalhães,Arsenal,True,CB,90
ENG-Premier League,2122,2021-11-27 Arsenal-Newcastle United,7,Bukayo Saka,Arsenal,True,DM,63
ENG-Premier League,2122,2021-11-27 Arsenal-Newcastle United,8,Martin Ødegaard,Arsenal,True,AM,90
ENG-Premier League,2122,2021-11-27 Arsenal-Newcastle United,10,Emile Smith Rowe,Arsenal,True,DM,90
ENG-Premier League,2122,2021-11-27 Arsenal-Newcastle United,14,Pierre-Emerick Aubameyang,Arsenal,True,FW,75
ENG-Premier League,2122,2021-11-27 Arsenal-Newcastle United,18,Takehiro Tomiyasu,Arsenal,True,RB,90
ENG-Premier League,2122,2021-11-27 Arsenal-Newcastle United,20,Nuno Tavares,Arsenal,True,LB,90
ENG-Premier League,2122,2021-11-27 Arsenal-Newcastle United,23,Albert Sambi Lokonga,Arsenal,True,DM,90
ENG-Premier League,2122,2021-11-27 Arsenal-Newcastle United,1,Bernd Leno,Arsenal,False,,0
ENG-Premier League,2122,2021-11-27 Arsenal-Newcastle United,3,Kieran Tierney,Arsenal,False,,0
ENG-Premier League,2122,2021-11-27 Arsenal-Newcastle United,9,Alexandre Lacazette,Arsenal,False,FW,15
ENG-Premier League,2122,2021-11-27 Arsenal-Newcastle United,15,Ainsley Maitland-Niles,Arsenal,False,,0
ENG-Premier League,2122,2021-11-27 Arsenal-Newcastle United,16,Rob Holding,Arsenal,False,,0
ENG-Premier League,2122,2021-11-27 Arsenal-Newcastle United,19,Nicolas Pépé,Arsenal,False,,0
ENG-Premier League,2122,2021-11-27 Arsenal-Newcastle United,25,Mohamed Elneny,Arsenal,False,MF,6
ENG-Premier League,2122,2021-11-27 Arsenal-Newcastle United,30,Eddie Nketiah,Arsenal,False,,0
ENG-Premier League,2122,2021-11-27 Arsenal-Newcastle United,35,Gabriel Martinelli,Arsenal,False,"FW,MF",27
ENG-Premier League,2122,2021-11-27 Arsenal-Newcastle United,1,Martin Dúbravka,Newcastle United,True,GK,90
ENG-Premier League,2122,2021-11-27 Arsenal-Newcastle United,5,Fabian Schär,Newcastle United,True,CB,90
ENG-Premier League,2122,2021-11-27 Arsenal-Newcastle United,6,Jamaal Lascelles,Newcastle United,True,CB,90
ENG-Premier League,2122,2021-11-27 Arsenal-Newcastle United,7,Joelinton,Newcastle United,True,FW,66
ENG-Premier League,2122,2021-11-27 Arsenal-Newcastle United,8,Jonjo Shelvey,Newcastle United,True,CM,87
ENG-Premier League,2122,2021-11-27 Arsenal-Newcastle United,9,Callum Wilson,Newcastle United,True,FW,90
ENG-Premier League,2122,2021-11-27 Arsenal-Newcastle United,10,Allan Saint-Maximin,Newcastle United,True,LM,90
ENG-Premier League,2122,2021-11-27 Arsenal-Newcastle United,11,Matt Ritchie,Newcastle United,True,LB,66
ENG-Premier League,2122,2021-11-27 Arsenal-Newcastle United,17,Emil Krafth,Newcastle United,True,RB,90
ENG-Premier League,2122,2021-11-27 Arsenal-Newcastle United,21,Ryan Fraser,Newcastle United,True,RM,90
ENG-Premier League,2122,2021-11-27 Arsenal-Newcastle United,28,Joe Willock,Newcastle United,True,CM,90
ENG-Premier League,2122,2021-11-27 Arsenal-Newcastle United,26,Karl Darlow,Newcastle United,False,,0
ENG-Premier League,2122,2021-11-27 Arsenal-Newcastle United,2,Ciaran Clark,Newcastle United,False,,0
ENG-Premier League,2122,2021-11-27 Arsenal-Newcastle United,12,Jamal Lewis,Newcastle United,False,,0
ENG-Premier League,2122,2021-11-27 Arsenal-Newcastle United,14,Isaac Hayden,Newcastle United,False,"DF,MF",3
ENG-Premier League,2122,2021-11-27 Arsenal-Newcastle United,16,Jeff Hendrick,Newcastle United,False,,0
ENG-Premier League,2122,2021-11-27 Arsenal-Newcastle United,19,Javier Manquillo,Newcastle United,False,,0
ENG-Premier League,2122,2021-11-27 Arsenal-Newcastle United,23,Jacob Murphy,Newcastle United,False,"DF,FW",24
ENG-Premier League,2122,2021-11-27 Arsenal-Newcastle United,24,Miguel Almirón,Newcastle United,False,"FW,MF",24
ENG-Premier League,2122,2021-11-27 Arsenal-Newcastle United,36,Sean Longstaff,Newcastle United,False,,0
ENG-Premier League,2122,2021-08-21 Brighton-Watford,1,Robert Sánchez,Brighton & Hove Albion,True,GK,90
ENG-Premier League,2122,2021-08-21 Brighton-Watford,4,Adam Webster,Brighton & Hove Albion,True,CB,90
ENG-Premier League,2122,2021-08-21 Brighton-Watford,5,Lewis Dunk,Brighton & Hove Albion,True,CB,90
ENG-Premier League,2122,2021-08-21 Brighton-Watford,8,Yves Bissouma,Brighton & Hove Albion,True,DM,90
ENG-Premier League,2122,2021-08-21 Brighton-Watford,9,Neal Maupay,Brighton & Hove Albion,True,FW,45
ENG-Premier League,2122,2021-08-21 Brighton-Watford,10,Alexis Mac Allister,Brighton & Hove Albion,True,AM,90
ENG-Premier League,2122,2021-08-21 Brighton-Watford,11,Leandro Trossard,Brighton & Hove Albion,True,AM,71
ENG-Premier League,2122,2021-08-21 Brighton-Watford,13,Pascal Groß,Brighton & Hove Albion,True,DM,90
ENG-Premier League,2122,2021-08-21 Brighton-Watford,14,Adam Lallana,Brighton & Hove Albion,True,DM,79
ENG-Premier League,2122,2021-08-21 Brighton-Watford,20,Solly March,Brighton & Hove Albion,True,DM,90
ENG-Premier League,2122,2021-08-21 Brighton-Watford,24,Shane Duffy,Brighton & Hove Albion,True,CB,90
ENG-Premier League,2122,2021-08-21 Brighton-Watford,23,Jason Steele,Brighton & Hove Albion,False,,0
ENG-Premier League,2122,2021-08-21 Brighton-Watford,7,Aaron Connolly,Brighton & Hove Albion,False,"FW,MF",45
ENG-Premier League,2122,2021-08-21 Brighton-Watford,12,Enock Mwepu,Brighton & Hove Albion,False,MF,19
ENG-Premier League,2122,2021-08-21 Brighton-Watford,15,Jakub Moder,Brighton & Hove Albion,False,MF,11
ENG-Premier League,2122,2021-08-21 Brighton-Watford,17,Steven Alzate,Brighton & Hove Albion,False,,0
ENG-Premier League,2122,2021-08-21 Brighton-Watford,19,Andi Zeqiri,Brighton & Hove Albion,False,,0
ENG-Premier League,2122,2021-08-21 Brighton-Watford,25,Moisés Caicedo,Brighton & Hove Albion,False,,0
ENG-Premier League,2122,2021-08-21 Brighton-Watford,28,Haydon Roberts,Brighton & Hove Albion,False,,0
ENG-Premier League,2122,2021-08-21 Brighton-Watford,30,Taylor Richards,Brighton & Hove Albion,False,,0
ENG-Premier League,2122,2021-08-21 Brighton-Watford,26,Daniel Bachmann,Watford,True,GK,90
ENG-Premier League,2122,2021-08-21 Brighton-Watford,4,Oghenekaro Etebo,Watford,True,DM,90
ENG-Premier League,2122,2021-08-21 Brighton-Watford,5,William Troost-Ekong,Watford,True,CB,90
ENG-Premier League,2122,2021-08-21 Brighton-Watford,6,Imran Louza,Watford,True,AM,45
ENG-Premier League,2122,2021-08-21 Brighton-Watford,8,Tom Cleverley,Watford,True,AM,90
ENG-Premier League,2122,2021-08-21 Brighton-Watford,11,Adam Masina,Watford,True,LB,90
ENG-Premier League,2122,2021-08-21 Brighton-Watford,12,Ken Sema,Watford,True,LW,77
ENG-Premier League,2122,2021-08-21 Brighton-Watford,15,Craig Cathcart,Watford,True,RB,64
ENG-Premier League,2122,2021-08-21 Brighton-Watford,23,Ismaila Sarr,Watford,True,RW,90
ENG-Premier League,2122,2021-08-21 Brighton-Watford,25,Emmanuel Dennis,Watford,True,FW,90
ENG-Premier League,2122,2021-08-21 Brighton-Watford,27,Christian Kabasele,Watford,True,CB,90
ENG-Premier League,2122,2021-08-21 Brighton-Watford,1,Ben Foster,Watford,False,,0
ENG-Premier League,2122,2021-08-21 Brighton-Watford,2,Jeremy Ngakia,Watford,False,,0
ENG-Premier League,2122,2021-08-21 Brighton-Watford,3,Danny Rose,Watford,False,,0
ENG-Premier League,2122,2021-08-21 Brighton-Watford,7,Joshua King,Watford,False,"FW,MF",26
ENG-Premier League,2122,2021-08-21 Brighton-Watford,9,Troy Deeney,Watford,False,FW,13
ENG-Premier League,2122,2021-08-21 Brighton-Watford,17,Ashley Fletcher,Watford,False,,0
ENG-Premier League,2122,2021-08-21 Brighton-Watford,29,Cucho,Watford,False,"FW,MF",45
ENG-Premier League,2122,2021-08-21 Brighton-Watford,31,Francisco Sierralta,Watford,False,,0
ENG-Premier League,2122,2021-08-21 Brighton-Watford,34,Kwadwo Baah,Watford,False,,0
ENG-Premier League,2122,2022-05-22 Brentford-Leeds United,1,David Raya,Brentford,True,GK,90
ENG-Premier League,2122,2022-05-22 Brentford-Leeds United,3,Rico Henry,Brentford,True,LB,62
ENG-Premier League,2122,2022-05-22 Brentford-Leeds United,8,Mathias Jensen,Brentford,True,CM,57
ENG-Premier League,2122,2022-05-22 Brentford-Leeds United,11,Yoane Wissa,Brentford,True,FW,90
ENG-Premier League,2122,2022-05-22 Brentford-Leeds United,17,Ivan Toney,Brentford,True,FW,90
ENG-Premier League,2122,2022-05-22 Brentford-Leeds United,18,Pontus Jansson,Brentford,True,CB,90
ENG-Premier League,2122,2022-05-22 Brentford-Leeds United,19,Bryan Mbeumo,Brentford,True,FW,90
ENG-Premier League,2122,2022-05-22 Brentford-Leeds United,20,Kristoffer Ajer,Brentford,True,RB,90
ENG-Premier League,2122,2022-05-22 Brentford-Leeds United,21,Christian Eriksen,Brentford,True,CM,90
ENG-Premier League,2122,2022-05-22 Brentford-Leeds United,27,Vitaly Janelt,Brentford,True,CM,90
ENG-Premier League,2122,2022-05-22 Brentford-Leeds United,29,Mads Bech Sørensen,Brentford,True,CB,70
ENG-Premier League,2122,2022-05-22 Brentford-Leeds United,40,Álvaro Fernández,Brentford,False,,0
ENG-Premier League,2122,2022-05-22 Brentford-Leeds United,7,Sergi Canós,Brentford,False,"FW,MF",17
ENG-Premier League,2122,2022-05-22 Brentford-Leeds United,10,Josh Dasilva,Brentford,False,MF,33
ENG-Premier League,2122,2022-05-22 Brentford-Leeds United,15,Frank Onyeka,Brentford,False,,0
ENG-Premier League,2122,2022-05-22 Brentford-Leeds United,23,Julian Jeanvier,Brentford,False,,0
ENG-Premier League,2122,2022-05-22 Brentford-Leeds United,26,Shandon Baptiste,Brentford,False,MF,20
ENG-Premier League,2122,2022-05-22 Brentford-Leeds United,30,Mads Roerslev,Brentford,False,,0
ENG-Premier League,2122,2022-05-22 Brentford-Leeds United,36,Finley Stevens,Brentford,False,,0
ENG-Premier League,2122,2022-05-22 Brentford-Leeds United,43,Nathan Young-Coombes,Brentford,False,,0
ENG-Premier League,2122,2022-05-22 Brentford-Leeds United,1,Illan Meslier,Leeds United,True,GK,90
ENG-Premier League,2122,2022-05-22 Brentford-Leeds United,3,Junior Firpo,Leeds United,True,LB,90
ENG-Premier League,2122,2022-05-22 Brentford-Leeds United,5,Robin Koch,Leeds United,True,RB,90
ENG-Premier League,2122,2022-05-22 Brentford-Leeds United,6,Liam Cooper,Leeds United,True,CB,90
ENG-Premier League,2122,2022-05-22 Brentford-Leeds United,10,Raphinha,Leeds United,True,DM,90
ENG-Premier League,2122,2022-05-22 Brentford-Leeds United,14,Diego Llorente,Leeds United,True,CB,90
ENG-Premier League,2122,2022-05-22 Brentford-Leeds United,19,Rodrigo,Leeds United,True,AM,90
ENG-Premier League,2122,2022-05-22 Brentford-Leeds United,22,Jack Harrison,Leeds United,True,DM,90
ENG-Premier League,2122,2022-05-22 Brentford-Leeds United,23,Kalvin Phillips,Leeds United,True,DM,90
ENG-Premier League,2122,2022-05-22 Brentford-Leeds United,30,Joe Gelhardt,Leeds United,True,FW,70
ENG-Premier League,2122,2022-05-22 Brentford-Leeds United,42,Sam Greenwood,Leeds United,True,DM,84
ENG-Premier League,2122,2022-05-22 Brentford-Leeds United,13,Kristoffer Klaesson,Leeds United,False,,0
ENG-Premier League,2122,2022-05-22 Brentford-Leeds United,11,Tyler Roberts,Leeds United,False,,0
ENG-Premier League,2122,2022-05-22 Brentford-Leeds United,21,Pascal Struijk,Leeds United,False,DF,20
ENG-Premier League,2122,2022-05-22 Brentford-Leeds United,26,Lewis Bate,Leeds United,False,,0
ENG-Premier League,2122,2022-05-22 Brentford-Leeds United,33,Leo Fuhr Hjelde,Leeds United,False,,0
ENG-Premier League,2122,2022-05-22 Brentford-Leeds United,35,Charlie Cresswell,Leeds United,False,,0
ENG-Premier League,2122,2022-05-22 Brentford-Leeds United,43,Mateusz Klich,Leeds United,False,MF,6
ENG-Premier League,2122,2022-05-22 Brentford-Leeds United,46,Jamie Shackleton,Leeds United,False,,0
ENG-Premier League,2122,2022-05-22 Brentford-Leeds United,63,Archie Gray,Leeds United,False,,0
ENG-Premier League,2122,2022-01-22 Leeds United-Newcastle United,1,Illan Meslier,Leeds United,True,GK,90
ENG-Premier League,2122,2022-01-22 Leeds United-Newcastle United,2,Luke Ayling,Leeds United,True,RB,90
ENG-Premier League,2122,2022-01-22 Leeds United-Newcastle United,5,Robin Koch,Leeds United,True,DM,90
ENG-Premier League,2122,2022-01-22 Leeds United-Newcastle United,10,Raphinha,Leeds United,True,AM,90
ENG-Premier League,2122,2022-01-22 Leeds United-Newcastle United,14,Diego Llorente,Leeds United,True,CB,90
ENG-Premier League,2122,2022-01-22 Leeds United-Newcastle United,15,Stuart Dallas,Leeds United,True,LB,90
ENG-Premier League,2122,2022-01-22 Leeds United-Newcastle United,19,Rodrigo,Leeds United,True,AM,90
ENG-Premier League,2122,2022-01-22 Leeds United-Newcastle United,20,Daniel James,Leeds United,True,FW,70
ENG-Premier League,2122,2022-01-22 Leeds United-Newcastle United,21,Pascal Struijk,Leeds United,True,CB,90
ENG-Premier League,2122,2022-01-22 Leeds United-Newcastle United,22,Jack Harrison,Leeds United,True,AM,90
ENG-Premier League,2122,2022-01-22 Leeds United-Newcastle United,43,Mateusz Klich,Leeds United,True,DM,79
ENG-Premier League,2122,2022-01-22 Leeds United-Newcastle United,13,Kristoffer Klaesson,Leeds United,False,,0
ENG-Premier League,2122,2022-01-22 Leeds United-Newcastle United,11,Tyler Roberts,Leeds United,False,"FW,MF",20
ENG-Premier League,2122,2022-01-22 Leeds United-Newcastle United,26,Lewis Bate,Leeds United,False,,0
ENG-Premier League,2122,2022-01-22 Leeds United-Newcastle United,30,Joe Gelhardt,Leeds United,False,"FW,MF",11
ENG-Premier League,2122,2022-01-22 Leeds United-Newcastle United,33,Leo Fuhr Hjelde,Leeds United,False,,0
ENG-Premier League,2122,2022-01-22 Leeds United-Newcastle United,39,Stuart McKinstry,Leeds United,False,,0
ENG-Premier League,2122,2022-01-22 Leeds United-Newcastle United,45,Liam McCarron,Leeds United,False,,0
ENG-Premier League,2122,2022-01-22 Leeds United-Newcastle United,52,Kris Moore,Leeds United,False,,0
ENG-Premier League,2122,2022-01-22 Leeds United-Newcastle United,54,Nohan Kenneh,Leeds United,False,,0
ENG-Premier League,2122,2022-01-22 Leeds United-Newcastle United,1,Martin Dúbravka,Newcastle United,True,GK,90
ENG-Premier League,2122,2022-01-22 Leeds United-Newcastle United,3,Paul Dummett,Newcastle United,True,LB,62
ENG-Premier League,2122,2022-01-22 Leeds United-Newcastle United,5,Fabian Schär,Newcastle United,True,CB,90
ENG-Premier League,2122,2022-01-22 Leeds United-Newcastle United,6,Jamaal Lascelles,Newcastle United,True,CB,67
ENG-Premier League,2122,2022-01-22 Leeds United-Newcastle United,7,Joelinton,Newcastle United,True,CM,41
ENG-Premier League,2122,2022-01-22 Leeds United-Newcastle United,8,Jonjo Shelvey,Newcastle United,True,CM,90
ENG-Premier League,2122,2022-01-22 Leeds United-Newcastle United,10,Allan Saint-Maximin,Newcastle United,True,FW,90
ENG-Premier League,2122,2022-01-22 Leeds United-Newcastle United,15,Kieran Trippier,Newcastle United,True,RB,90
ENG-Premier League,2122,2022-01-22 Leeds United-Newcastle United,20,Chris Wood,Newcastle United,True,FW,90
ENG-Premier League,2122,2022-01-22 Leeds United-Newcastle United,21,Ryan Fraser,Newcastle United,True,FW,90
ENG-Premier League,2122,2022-01-22 Leeds United-Newcastle United,28,Joe Willock,Newcastle United,True,CM,90
ENG-Premier League,2122,2022-01-22 Leeds United-Newcastle United,26,Karl Darlow,Newcastle United,False,,0
ENG-Premier League,2122,2022-01-22 Leeds United-Newcastle United,2,Ciaran Clark,Newcastle United,False,"DF,MF",23
ENG-Premier League,2122,2022-01-22 Leeds United-Newcastle United,12,Jamal Lewis,Newcastle United,False,,0
ENG-Premier League,2122,2022-01-22 Leeds United-Newcastle United,16,Jeff Hendrick,Newcastle United,False,,0
ENG-Premier League,2122,2022-01-22 Leeds United-Newcastle United,19,Javier Manquillo,Newcastle United,False,DF,28
ENG-Premier League,2122,2022-01-22 Leeds United-Newcastle United,23,Jacob Murphy,Newcastle United,False,,0
ENG-Premier League,2122,2022-01-22 Leeds United-Newcastle United,24,Miguel Almirón,Newcastle United,False,,0
ENG-Premier League,2122,2022-01-22 Leeds United-Newcastle United,34,Dwight Gayle,Newcastle United,False,,0
ENG-Premier League,2122,2022-01-22 Leeds United-Newcastle United,36,Sean Longstaff,Newcastle United,False,MF,49
ENG-Premier League,2122,2022-01-11 Southampton-Brentford,44,Fraser Forster,Southampton,True,GK,90
ENG-Premier League,2122,2022-01-11 Southampton-Brentford,4,Lyanco,Southampton,True,CB,90
ENG-Premier League,2122,2022-01-11 Southampton-Brentford,6,Oriol Romeu,Southampton,True,CM,90
ENG-Premier League,2122,2022-01-11 Southampton-Brentford,8,James Ward-Prowse,Southampton,True,CM,90
ENG-Premier League,2122,2022-01-11 Southampton-Brentford,11,Nathan Redmond,Southampton,True,FW,64
ENG-Premier League,2122,2022-01-11 Southampton-Brentford,15,Romain Perraud,Southampton,True,LM,90
ENG-Premier League,2122,2022-01-11 Southampton-Brentford,18,Armando Broja,Southampton,True,FW,77
ENG-Premier League,2122,2022-01-11 Southampton-Brentford,22,Mohammed Salisu,Southampton,True,CB,90
ENG-Premier League,2122,2022-01-11 Southampton-Brentford,23,Nathan Tella,Southampton,True,RM,69
ENG-Premier League,2122,2022-01-11 Southampton-Brentford,27,Ibrahima Diallo,Southampton,True,CM,90
ENG-Premier League,2122,2022-01-11 Southampton-Brentford,35,Jan Bednarek,Southampton,True,CB,90
ENG-Premier League,2122,2022-01-11 Southampton-Brentford,13,Willy Caballero,Southampton,False,,0
ENG-Premier League,2122,2022-01-11 Southampton-Brentford,5,Jack Stephens,Southampton,False,,0
ENG-Premier League,2122,2022-01-11 Southampton-Brentford,7,Shane Long,Southampton,False,,0
ENG-Premier League,2122,2022-01-11 Southampton-Brentford,9,Adam Armstrong,Southampton,False,"FW,MF",13
ENG-Premier League,2122,2022-01-11 Southampton-Brentford,10,Che Adams,Southampton,False,"FW,MF",26
ENG-Premier League,2122,2022-01-11 Southampton-Brentford,16,Thierry Small,Southampton,False,,0
ENG-Premier League,2122,2022-01-11 Southampton-Brentford,17,Stuart Armstrong,Southampton,False,MF,21
ENG-Premier League,2122,2022-01-11 Southampton-Brentford,38,Dynel Simeu,Southampton,False,,0
ENG-Premier League,2122,2022-01-11 Southampton-Brentford,48,Kgagelo Chauke,Southampton,False,,0
ENG-Premier League,2122,2022-01-11 Southampton-Brentford,40,Álvaro Fernández,Brentford,True,GK,90
ENG-Premier League,2122,2022-01-11 Southampton-Brentford,5,Ethan Pinnock,Brentford,True,CB,67
ENG-Premier League,2122,2022-01-11 Southampton-Brentford,6,Christian Nørgaard,Brentford,True,CM,90
ENG-Premier League,2122,2022-01-11 Southampton-Brentford,7,Sergi Canós,Brentford,True,LM,75
ENG-Premier League,2122,2022-01-11 Southampton-Brentford,17,Ivan Toney,Brentford,True,FW,90
ENG-Premier League,2122,2022-01-11 Southampton-Brentford,18,Pontus Jansson,Brentford,True,CB,90
ENG-Premier League,2122,2022-01-11 Southampton-Brentford,19,Bryan Mbeumo,Brentford,True,FW,90
ENG-Premier League,2122,2022-01-11 Southampton-Brentford,20,Kristoffer Ajer,Brentford,True,CB,90
ENG-Premier League,2122,2022-01-11 Southampton-Brentford,26,Shandon Baptiste,Brentford,True,CM,55
ENG-Premier League,2122,2022-01-11 Southampton-Brentford,27,Vitaly Janelt,Brentford,True,CM,90
ENG-Premier League,2122,2022-01-11 Southampton-Brentford,30,Mads Roerslev,Brentford,True,RM,90
ENG-Premier League,2122,2022-01-11 Southampton-Brentford,49,Jonas Lössl,Brentford,False,,0
ENG-Premier League,2122,2022-01-11 Southampton-Brentford,2,Dominic Thompson,Brentford,False,,0
ENG-Premier League,2122,2022-01-11 Southampton-Brentford,8,Mathias Jensen,Brentford,False,MF,23
ENG-Premier League,2122,2022-01-11 Southampton-Brentford,9,Marcus Forss,Brentford,False,,0
ENG-Premier League,2122,2022-01-11 Southampton-Brentford,11,Yoane Wissa,Brentford,False,"FW,MF",35
ENG-Premier League,2122,2022-01-11 Southampton-Brentford,14,Saman Ghoddos,Brentford,False,,0
ENG-Premier League,2122,2022-01-11 Southampton-Brentford,28,Mads Bidstrup,Brentford,False,,0
ENG-Premier League,2122,2022-01-11 Southampton-Brentford,29,Mads Bech Sørensen,Brentford,False,,0
ENG-Premier League,2122,2022-01-11 Southampton-Brentford,36,Finley Stevens,Brentford,False,DF,15
ENG-Premier League,2122,2022-02-26 Crystal Palace-Burnley,1,Jack Butland,Crystal Palace,True,GK,90
ENG-Premier League,2122,2022-02-26 Crystal Palace-Burnley,3,Tyrick Mitchell,Crystal Palace,True,LB,90
ENG-Premier League,2122,2022-02-26 Crystal Palace-Burnley,4,Luka Milivojević,Crystal Palace,True,CM,59
ENG-Premier League,2122,2022-02-26 Crystal Palace-Burnley,6,Marc Guéhi,Crystal Palace,True,CB,90
ENG-Premier League,2122,2022-02-26 Crystal Palace-Burnley,7,Michael Olise,Crystal Palace,True,FW,90
ENG-Premier League,2122,2022-02-26 Crystal Palace-Burnley,11,Wilfried Zaha,Crystal Palace,True,FW,90
ENG-Premier League,2122,2022-02-26 Crystal Palace-Burnley,15,Jeffrey Schlupp,Crystal Palace,True,FW,83
ENG-Premier League,2122,2022-02-26 Crystal Palace-Burnley,16,Joachim Andersen,Crystal Palace,True,CB,90
ENG-Premier League,2122,2022-02-26 Crystal Palace-Burnley,17,Nathaniel Clyne,Crystal Palace,True,RB,90
ENG-Premier League,2122,2022-02-26 Crystal Palace-Burnley,18,James McArthur,Crystal Palace,True,CM,90
ENG-Premier League,2122,2022-02-26 Crystal Palace-Burnley,23,Conor Gallagher,Crystal Palace,True,CM,90
ENG-Premier League,2122,2022-02-26 Crystal Palace-Burnley,13,Vicente Guaita,Crystal Palace,False,,0
ENG-Premier League,2122,2022-02-26 Crystal Palace-Burnley,8,Cheikhou Kouyaté,Crystal Palace,False,"DF,MF",7
ENG-Premier League,2122,2022-02-26 Crystal Palace-Burnley,9,Jordan Ayew,Crystal Palace,False,,0
ENG-Premier League,2122,2022-02-26 Crystal Palace-Burnley,10,Eberechi Eze,Crystal Palace,False,,0
ENG-Premier League,2122,2022-02-26 Crystal Palace-Burnley,12,Will Hughes,Crystal Palace,False,,0
ENG-Premier League,2122,2022-02-26 Crystal Palace-Burnley,14,Jean-Philippe Mateta,Crystal Palace,False,FW,31
ENG-Premier League,2122,2022-02-26 Crystal Palace-Burnley,20,Christian Benteke,Crystal Palace,False,,0
ENG-Premier League,2122,2022-02-26 Crystal Palace-Burnley,22,Odsonne Édouard,Crystal Palace,False,,0
ENG-Premier League,2122,2022-02-26 Crystal Palace-Burnley,34,Martin Kelly,Crystal Palace,False,,0
ENG-Premier League,2122,2022-02-26 Crystal Palace-Burnley,1,Nick Pope,Burnley,True,GK,90
ENG-Premier League,2122,2022-02-26 Crystal Palace-Burnley,4,Jack Cork,Burnley,True,CM,59
ENG-Premier League,2122,2022-02-26 Crystal Palace-Burnley,5,James Tarkowski,Burnley,True,CB,90
ENG-Premier League,2122,2022-02-26 Crystal Palace-Burnley,6,Ben Mee,Burnley,True,CB,90
ENG-Premier League,2122,2022-02-26 Crystal Palace-Burnley,8,Josh Brownhill,Burnley,True,CM,90
ENG-Premier League,2122,2022-02-26 Crystal Palace-Burnley,9,Wout Weghorst,Burnley,True,FW,90
ENG-Premier League,2122,2022-02-26 Crystal Palace-Burnley,11,Dwight McNeil,Burnley,True,LM,90
ENG-Premier League,2122,2022-02-26 Crystal Palace-Burnley,14,Connor Roberts,Burnley,True,RB,90
ENG-Premier League,2122,2022-02-26 Crystal Palace-Burnley,17,Aaron Lennon,Burnley,True,RM,90
ENG-Premier League,2122,2022-02-26 Crystal Palace-Burnley,19,Jay Rodriguez,Burnley,True,FW,87
ENG-Premier League,2122,2022-02-26 Crystal Palace-Burnley,23,Erik Pieters,Burnley,True,LB,59
ENG-Premier League,2122,2022-02-26 Crystal Palace-Burnley,13,Wayne Hennessey,Burnley,False,,0
ENG-Premier League,2122,2022-02-26 Crystal Palace-Burnley,2,Matthew Lowton,Burnley,False,,0
ENG-Premier League,2122,2022-02-26 Crystal Palace-Burnley,3,Charlie Taylor,Burnley,False,DF,31
ENG-Premier League,2122,2022-02-26 Crystal Palace-Burnley,10,Ashley Barnes,Burnley,False,"FW,MF",3
ENG-Premier League,2122,2022-02-26 Crystal Palace-Burnley,18,Ashley Westwood,Burnley,False,MF,31
ENG-Premier League,2122,2022-02-26 Crystal Palace-Burnley,20,Maxwel Cornet,Burnley,False,,0
ENG-Premier League,2122,2022-02-26 Crystal Palace-Burnley,22,Nathan Collins,Burnley,False,,0
ENG-Premier League,2122,2022-02-26 Crystal Palace-Burnley,26,Phil Bardsley,Burnley,False,,0
ENG-Premier League,2122,2022-02-26 Crystal Palace-Burnley,28,Kevin Long,Burnley,False,,0
ENG-Premier League,2122,2021-11-28 Chelsea-Manchester Utd,16,Edouard Mendy,Chelsea,True,GK,90
ENG-Premier League,2122,2021-11-28 Chelsea-Manchester Utd,2,Antonio Rüdiger,Chelsea,True,CB,90
ENG-Premier League,2122,2021-11-28 Chelsea-Manchester Utd,3,Marcos Alonso,Chelsea,True,DM,77
ENG-Premier League,2122,2021-11-28 Chelsea-Manchester Utd,5,Jorginho,Chelsea,True,DM,90
ENG-Premier League,2122,2021-11-28 Chelsea-Manchester Utd,6,Thiago Silva,Chelsea,True,CB,90
ENG-Premier League,2122,2021-11-28 Chelsea-Manchester Utd,11,Timo Werner,Chelsea,True,FW,81
ENG-Premier League,2122,2021-11-28 Chelsea-Manchester Utd,12,Ruben Loftus-Cheek,Chelsea,True,DM,90
ENG-Premier League,2122,2021-11-28 Chelsea-Manchester Utd,14,Trevoh Chalobah,Chelsea,True,CB,90
ENG-Premier League,2122,2021-11-28 Chelsea-Manchester Utd,20,Callum Hudson-Odoi,Chelsea,True,AM,77
ENG-Premier League,2122,2021-11-28 Chelsea-Manchester Utd,22,Hakim Ziyech,Chelsea,True,AM,90
ENG-Premier League,2122,2021-11-28 Chelsea-Manchester Utd,24,Reece James,Chelsea,True,DM,90
ENG-Premier League,2122,2021-11-28 Chelsea-Manchester Utd,1,Kepa Arrizabalaga,Chelsea,False,,0
ENG-Premier League,2122,2021-11-28 Chelsea-Manchester Utd,4,Andreas Christensen,Chelsea,False,,0
ENG-Premier League,2122,2021-11-28 Chelsea-Manchester Utd,9,Romelu Lukaku,Chelsea,False,FW,9
ENG-Premier League,2122,2021-11-28 Chelsea-Manchester Utd,10,Christian Pulisic,Chelsea,False,"FW,MF",13
ENG-Premier League,2122,2021-11-28 Chelsea-Manchester Utd,17,Saúl Ñíguez,Chelsea,False,,0
ENG-Premier League,2122,2021-11-28 Chelsea-Manchester Utd,18,Ross Barkley,Chelsea,False,,0
ENG-Premier League,2122,2021-11-28 Chelsea-Manchester Utd,19,Mason Mount,Chelsea,False,MF,13
ENG-Premier League,2122,2021-11-28 Chelsea-Manchester Utd,28,César Azpilicueta,Chelsea,False,,0
ENG-Premier League,2122,2021-11-28 Chelsea-Manchester Utd,29,Kai Havertz,Chelsea,False,,0
ENG-Premier League,2122,2021-11-28 Chelsea-Manchester Utd,1,David de Gea,Manchester United,True,GK,90
ENG-Premier League,2122,2021-11-28 Chelsea-Manchester Utd,2,Victor Lindelöf,Manchester United,True,CB,90
ENG-Premier League,2122,2021-11-28 Chelsea-Manchester Utd,3,Eric Bailly,Manchester United,True,CB,90
ENG-Premier League,2122,2021-11-28 Chelsea-Manchester Utd,10,Marcus Rashford,Manchester United,True,FW,76
ENG-Premier League,2122,2021-11-28 Chelsea-Manchester Utd,17,Fred,Manchester United,True,DM,90
ENG-Premier League,2122,2021-11-28 Chelsea-Manchester Utd,18,Bruno Fernandes,Manchester United,True,AM,88
ENG-Premier League,2122,2021-11-28 Chelsea-Manchester Utd,25,Jadon Sancho,Manchester United,True,FW,63
ENG-Premier League,2122,2021-11-28 Chelsea-Manchester Utd,27,Alex Telles,Manchester United,True,LB,90
ENG-Premier League,2122,2021-11-28 Chelsea-Manchester Utd,29,Aaron Wan-Bissaka,Manchester United,True,RB,90
ENG-Premier League,2122,2021-11-28 Chelsea-Manchester Utd,31,Nemanja Matić,Manchester United,True,DM,90
ENG-Premier League,2122,2021-11-28 Chelsea-Manchester Utd,39,Scott McTominay,Manchester United,True,DM,90
ENG-Premier League,2122,2021-11-28 Chelsea-Manchester Utd,26,Dean Henderson,Manchester United,False,,0
ENG-Premier League,2122,2021-11-28 Chelsea-Manchester Utd,4,Phil Jones,Manchester United,False,,0
ENG-Premier League,2122,2021-11-28 Chelsea-Manchester Utd,7,Cristiano Ronaldo,Manchester United,False,"FW,MF",27
ENG-Premier League,2122,2021-11-28 Chelsea-Manchester Utd,8,Juan Mata,Manchester United,False,,0
ENG-Premier League,2122,2021-11-28 Chelsea-Manchester Utd,9,Anthony Martial,Manchester United,False,,0
ENG-Premier League,2122,2021-11-28 Chelsea-Manchester Utd,11,Mason Greenwood,Manchester United,False,,0
ENG-Premier League,2122,2021-11-28 Chelsea-Manchester Utd,14,Jesse Lingard,Manchester United,False,"FW,MF",14
ENG-Premier League,2122,2021-11-28 Chelsea-Manchester Utd,20,Diogo Dalot,Manchester United,False,,0
ENG-Premier League,2122,2021-11-28 Chelsea-Manchester Utd,34,Donny van de Beek,Manchester United,False,MF,2
ENG-Premier League,2122,2021-12-28 Southampton-Tottenham Hotspur,44,Fraser Forster,Southampton,True,GK,90
ENG-Premier League,2122,2021-12-28 Southampton-Tottenham Hotspur,2,Kyle Walker-Peters,Southampton,True,RB,90
ENG-Premier League,2122,2021-12-28 Southampton-Tottenham Hotspur,7,Shane Long,Southampton,True,FW,70
ENG-Premier League,2122,2021-12-28 Southampton-Tottenham Hotspur,8,James Ward-Prowse,Southampton,True,CM,90
ENG-Premier League,2122,2021-12-28 Southampton-Tottenham Hotspur,9,Adam Armstrong,Southampton,True,FW,82
ENG-Premier League,2122,2021-12-28 Southampton-Tottenham Hotspur,15,Romain Perraud,Southampton,True,LB,90
ENG-Premier League,2122,2021-12-28 Southampton-Tottenham Hotspur,17,Stuart Armstrong,Southampton,True,CM,90
ENG-Premier League,2122,2021-12-28 Southampton-Tottenham Hotspur,22,Mohammed Salisu,Southampton,True,CB,38
ENG-Premier League,2122,2021-12-28 Southampton-Tottenham Hotspur,27,Ibrahima Diallo,Southampton,True,CM,90
ENG-Premier League,2122,2021-12-28 Southampton-Tottenham Hotspur,35,Jan Bednarek,Southampton,True,CB,90
ENG-Premier League,2122,2021-12-28 Southampton-Tottenham Hotspur,43,Yan Valery,Southampton,True,CB,90
ENG-Premier League,2122,2021-12-28 Southampton-Tottenham Hotspur,13,Willy Caballero,Southampton,False,,0
ENG-Premier League,2122,2021-12-28 Southampton-Tottenham Hotspur,6,Oriol Romeu,Southampton,False,,0
ENG-Premier League,2122,2021-12-28 Southampton-Tottenham Hotspur,11,Nathan Redmond,Southampton,False,"FW,MF",8
ENG-Premier League,2122,2021-12-28 Southampton-Tottenham Hotspur,16,Thierry Small,Southampton,False,,0
ENG-Premier League,2122,2021-12-28 Southampton-Tottenham Hotspur,18,Armando Broja,Southampton,False,FW,20
ENG-Premier League,2122,2021-12-28 Southampton-Tottenham Hotspur,23,Nathan Tella,Southampton,False,,0
ENG-Premier League,2122,2021-12-28 Southampton-Tottenham Hotspur,24,Mohamed Elyounoussi,Southampton,False,,0
ENG-Premier League,2122,2021-12-28 Southampton-Tottenham Hotspur,32,Theo Walcott,Southampton,False,,0
ENG-Premier League,2122,2021-12-28 Southampton-Tottenham Hotspur,38,Dynel Simeu,Southampton,False,,0
ENG-Premier League,2122,2021-12-28 Southampton-Tottenham Hotspur,1,Hugo Lloris,Tottenham Hotspur,True,GK,90
ENG-Premier League,2122,2021-12-28 Southampton-Tottenham Hotspur,3,Sergio Reguilón,Tottenham Hotspur,True,DM,45
ENG-Premier League,2122,2021-12-28 Southampton-Tottenham Hotspur,5,Pierre Højbjerg,Tottenham Hotspur,True,DM,90
ENG-Premier League,2122,2021-12-28 Southampton-Tottenham Hotspur,6,Davinson Sánchez,Tottenham Hotspur,True,CB,90
ENG-Premier League,2122,2021-12-28 Southampton-Tottenham Hotspur,7,Son Heung-min,Tottenham Hotspur,True,AM,90
ENG-Premier League,2122,2021-12-28 Southampton-Tottenham Hotspur,8,Harry Winks,Tottenham Hotspur,True,DM,90
ENG-Premier League,2122,2021-12-28 Southampton-Tottenham Hotspur,10,Harry Kane,Tottenham Hotspur,True,FW,90
ENG-Premier League,2122,2021-12-28 Southampton-Tottenham Hotspur,12,Emerson,Tottenham Hotspur,True,DM,76
ENG-Premier League,2122,2021-12-28 Southampton-Tottenham Hotspur,15,Eric Dier,Tottenham Hotspur,True,CB,90
ENG-Premier League,2122,2021-12-28 Southampton-Tottenham Hotspur,20,Dele Alli,Tottenham Hotspur,True,AM,61
ENG-Premier League,2122,2021-12-28 Southampton-Tottenham Hotspur,33,Ben Davies,Tottenham Hotspur,True,CB,90
ENG-Premier League,2122,2021-12-28 Southampton-Tottenham Hotspur,22,Pierluigi Gollini,Tottenham Hotspur,False,,0
ENG-Premier League,2122,2021-12-28 Southampton-Tottenham Hotspur,2,Matt Doherty,Tottenham Hotspur,False,"DF,MF",45
ENG-Premier League,2122,2021-12-28 Southampton-Tottenham Hotspur,11,Bryan Gil,Tottenham Hotspur,False,"FW,MF",14
ENG-Premier League,2122,2021-12-28 Southampton-Tottenham Hotspur,14,Joe Rodon,Tottenham Hotspur,False,,0
ENG-Premier League,2122,2021-12-28 Southampton-Tottenham Hotspur,25,Japhet Tanganga,Tottenham Hotspur,False,,0
ENG-Premier League,2122,2021-12-28 Southampton-Tottenham Hotspur,27,Lucas Moura,Tottenham Hotspur,False,"FW,MF",29
ENG-Premier League,2122,2021-12-28 Southampton-Tottenham Hotspur,28,Tanguy Ndombele,Tottenham Hotspur,False,,0
ENG-Premier League,2122,2021-12-28 Southampton-Tottenham Hotspur,29,Oliver Skipp,Tottenham Hotspur,False,,0
ENG-Premier League,2122,2021-12-28 Southampton-Tottenham Hotspur,42,Harvey White,Tottenham Hotspur,False,,0
ENG-Premier League,2122,2021-09-11 Watford-Wolves,26,Daniel Bachmann,Watford,True,GK,90
ENG-Premier League,2122,2021-09-11 Watford-Wolves,2,Jeremy Ngakia,Watford,True,RB,90
ENG-Premier League,2122,2021-09-11 Watford-Wolves,3,Danny Rose,Watford,True,LB,90
ENG-Premier League,2122,2021-09-11 Watford-Wolves,4,Oghenekaro Etebo,Watford,True,DM,76
ENG-Premier League,2122,2021-09-11 Watford-Wolves,5,William Troost-Ekong,Watford,True,CB,90
ENG-Premier League,2122,2021-09-11 Watford-Wolves,7,Joshua King,Watford,True,FW,52
ENG-Premier League,2122,2021-09-11 Watford-Wolves,19,Moussa Sissoko,Watford,True,AM,90
ENG-Premier League,2122,2021-09-11 Watford-Wolves,23,Ismaila Sarr,Watford,True,RW,90
ENG-Premier League,2122,2021-09-11 Watford-Wolves,25,Emmanuel Dennis,Watford,True,LW,90
ENG-Premier League,2122,2021-09-11 Watford-Wolves,31,Francisco Sierralta,Watford,True,CB,90
ENG-Premier League,2122,2021-09-11 Watford-Wolves,33,Juraj Kucka,Watford,True,AM,90
ENG-Premier League,2122,2021-09-11 Watford-Wolves,35,Rob Elliot,Watford,False,,0
ENG-Premier League,2122,2021-09-11 Watford-Wolves,6,Imran Louza,Watford,False,,0
ENG-Premier League,2122,2021-09-11 Watford-Wolves,8,Tom Cleverley,Watford,False,,0
ENG-Premier League,2122,2021-09-11 Watford-Wolves,11,Adam Masina,Watford,False,,0
ENG-Premier League,2122,2021-09-11 Watford-Wolves,12,Ken Sema,Watford,False,"FW,MF",14
ENG-Premier League,2122,2021-09-11 Watford-Wolves,15,Craig Cathcart,Watford,False,,0
ENG-Premier League,2122,2021-09-11 Watford-Wolves,18,Ozan Tufan,Watford,False,,0
ENG-Premier League,2122,2021-09-11 Watford-Wolves,27,Christian Kabasele,Watford,False,,0
ENG-Premier League,2122,2021-09-11 Watford-Wolves,29,Cucho,Watford,False,"FW,MF",38
ENG-Premier League,2122,2021-09-11 Watford-Wolves,1,José Sá,Wolverhampton Wanderers,True,GK,90
ENG-Premier League,2122,2021-09-11 Watford-Wolves,5,Fernando Marçal,Wolverhampton Wanderers,True,LM,90
ENG-Premier League,2122,2021-09-11 Watford-Wolves,8,Rúben Neves,Wolverhampton Wanderers,True,CM,90
ENG-Premier League,2122,2021-09-11 Watford-Wolves,9,Raúl Jiménez,Wolverhampton Wanderers,True,FW,90
ENG-Premier League,2122,2021-09-11 Watford-Wolves,11,Francisco Trincão,Wolverhampton Wanderers,True,FW,62
ENG-Premier League,2122,2021-09-11 Watford-Wolves,16,Conor Coady,Wolverhampton Wanderers,True,CB,90
ENG-Premier League,2122,2021-09-11 Watford-Wolves,22,Nélson Semedo,Wolverhampton Wanderers,True,RM,90
ENG-Premier League,2122,2021-09-11 Watford-Wolves,23,Max Kilman,Wolverhampton Wanderers,True,CB,90
ENG-Premier League,2122,2021-09-11 Watford-Wolves,27,Romain Saïss,Wolverhampton Wanderers,True,CB,90
ENG-Premier League,2122,2021-09-11 Watford-Wolves,28,João Moutinho,Wolverhampton Wanderers,True,CM,90
ENG-Premier League,2122,2021-09-11 Watford-Wolves,37,Adama Traoré,Wolverhampton Wanderers,True,FW,80
ENG-Premier League,2122,2021-09-11 Watford-Wolves,21,John Ruddy,Wolverhampton Wanderers,False,,0
ENG-Premier League,2122,2021-09-11 Watford-Wolves,2,Ki-Jana Hoever,Wolverhampton Wanderers,False,,0
ENG-Premier League,2122,2021-09-11 Watford-Wolves,3,Rayan Aït-Nouri,Wolverhampton Wanderers,False,,0
ENG-Premier League,2122,2021-09-11 Watford-Wolves,10,Daniel Podence,Wolverhampton Wanderers,False,"FW,MF",10
ENG-Premier League,2122,2021-09-11 Watford-Wolves,14,Yerson Mosquera,Wolverhampton Wanderers,False,,0
ENG-Premier League,2122,2021-09-11 Watford-Wolves,15,Willy Boly,Wolverhampton Wanderers,False,,0
ENG-Premier League,2122,2021-09-11 Watford-Wolves,17,Fábio Silva,Wolverhampton Wanderers,False,,0
ENG-Premier League,2122,2021-09-11 Watford-Wolves,26,Hwang Hee-chan,Wolverhampton Wanderers,False,"FW,MF",28
ENG-Premier League,2122,2021-09-11 Watford-Wolves,32,Leander Dendoncker,Wolverhampton Wanderers,False,,0
ENG-Premier League,2122,2022-04-19 Liverpool-Manchester Utd,1,Alisson,Liverpool,True,GK,90
ENG-Premier League,2122,2022-04-19 Liverpool-Manchester Utd,3,Fabinho,Liverpool,True,CM,85
ENG-Premier League,2122,2022-04-19 Liverpool-Manchester Utd,4,Virgil van Dijk,Liverpool,True,CB,90
ENG-Premier League,2122,2022-04-19 Liverpool-Manchester Utd,6,Thiago Alcántara,Liverpool,True,CM,79
ENG-Premier League,2122,2022-04-19 Liverpool-Manchester Utd,10,Sadio Mané,Liverpool,True,FW,90
ENG-Premier League,2122,2022-04-19 Liverpool-Manchester Utd,11,Mohamed Salah,Liverpool,True,FW,90
ENG-Premier League,2122,2022-04-19 Liverpool-Manchester Utd,14,Jordan Henderson,Liverpool,True,CM,90
ENG-Premier League,2122,2022-04-19 Liverpool-Manchester Utd,23,Luis Díaz,Liverpool,True,FW,69
ENG-Premier League,2122,2022-04-19 Liverpool-Manchester Utd,26,Andrew Robertson,Liverpool,True,LB,90
ENG-Premier League,2122,2022-04-19 Liverpool-Manchester Utd,32,Joël Matip,Liverpool,True,CB,90
ENG-Premier League,2122,2022-04-19 Liverpool-Manchester Utd,66,Trent Alexander-Arnold,Liverpool,True,RB,90
ENG-Premier League,2122,2022-04-19 Liverpool-Manchester Utd,62,Caoimhín Kelleher,Liverpool,False,,0
ENG-Premier League,2122,2022-04-19 Liverpool-Manchester Utd,5,Ibrahima Konaté,Liverpool,False,,0
ENG-Premier League,2122,2022-04-19 Liverpool-Manchester Utd,7,James Milner,Liverpool,False,"DF,MF",5
ENG-Premier League,2122,2022-04-19 Liverpool-Manchester Utd,8,Naby Keïta,Liverpool,False,MF,11
ENG-Premier League,2122,2022-04-19 Liverpool-Manchester Utd,12,Joe Gomez,Liverpool,False,,0
ENG-Premier League,2122,2022-04-19 Liverpool-Manchester Utd,17,Curtis Jones,Liverpool,False,,0
ENG-Premier League,2122,2022-04-19 Liverpool-Manchester Utd,20,Diogo Jota,Liverpool,False,"FW,MF",21
ENG-Premier League,2122,2022-04-19 Liverpool-Manchester Utd,21,Kostas Tsimikas,Liverpool,False,,0
ENG-Premier League,2122,2022-04-19 Liverpool-Manchester Utd,27,Divock Origi,Liverpool,False,,0
ENG-Premier League,2122,2022-04-19 Liverpool-Manchester Utd,1,David de Gea,Manchester United,True,GK,90
ENG-Premier League,2122,2022-04-19 Liverpool-Manchester Utd,2,Victor Lindelöf,Manchester United,True,CB,90
ENG-Premier League,2122,2022-04-19 Liverpool-Manchester Utd,4,Phil Jones,Manchester United,True,CB,45
ENG-Premier League,2122,2022-04-19 Liverpool-Manchester Utd,5,Harry Maguire,Manchester United,True,CB,90
ENG-Premier League,2122,2022-04-19 Liverpool-Manchester Utd,6,Paul Pogba,Manchester United,True,DM,9
ENG-Premier League,2122,2022-04-19 Liverpool-Manchester Utd,10,Marcus Rashford,Manchester United,True,FW,90
ENG-Premier League,2122,2022-04-19 Liverpool-Manchester Utd,18,Bruno Fernandes,Manchester United,True,AM,90
ENG-Premier League,2122,2022-04-19 Liverpool-Manchester Utd,20,Diogo Dalot,Manchester United,True,DM,90
ENG-Premier League,2122,2022-04-19 Liverpool-Manchester Utd,29,Aaron Wan-Bissaka,Manchester United,True,DM,90
ENG-Premier League,2122,2022-04-19 Liverpool-Manchester Utd,31,Nemanja Matić,Manchester United,True,DM,90
ENG-Premier League,2122,2022-04-19 Liverpool-Manchester Utd,36,Anthony Elanga,Manchester United,True,AM,83
ENG-Premier League,2122,2022-04-19 Liverpool-Manchester Utd,26,Dean Henderson,Manchester United,False,,0
ENG-Premier League,2122,2022-04-19 Liverpool-Manchester Utd,3,Eric Bailly,Manchester United,False,,0
ENG-Premier League,2122,2022-04-19 Liverpool-Manchester Utd,8,Juan Mata,Manchester United,False,,0
ENG-Premier League,2122,2022-04-19 Liverpool-Manchester Utd,14,Jesse Lingard,Manchester United,False,"FW,MF",81
ENG-Premier League,2122,2022-04-19 Liverpool-Manchester Utd,25,Jadon Sancho,Manchester United,False,"FW,MF",45
ENG-Premier League,2122,2022-04-19 Liverpool-Manchester Utd,27,Alex Telles,Manchester United,False,,0
ENG-Premier League,2122,2022-04-19 Liverpool-Manchester Utd,39,Scott McTominay,Manchester United,False,,0
ENG-Premier League,2122,2022-04-19 Liverpool-Manchester Utd,46,Hannibal Mejbri,Manchester United,False,MF,7
ENG-Premier League,2122,2022-04-19 Liverpool-Manchester Utd,75,Alejandro Garnacho,Manchester United,False,,0
ENG-Premier League,2122,2022-02-12 Everton-Leeds United,1,Jordan Pickford,Everton,True,GK,90
ENG-Premier League,2122,2022-02-12 Everton-Leeds United,2,Jonjoe Kenny,Everton,True,LB,90
ENG-Premier League,2122,2022-02-12 Everton-Leeds United,4,Mason Holgate,Everton,True,CB,90
ENG-Premier League,2122,2022-02-12 Everton-Leeds United,5,Michael Keane,Everton,True,CB,90
ENG-Premier League,2122,2022-02-12 Everton-Leeds United,6,Allan,Everton,True,CM,90
ENG-Premier League,2122,2022-02-12 Everton-Leeds United,7,Richarlison,Everton,True,FW,85
ENG-Premier League,2122,2022-02-12 Everton-Leeds United,9,Dominic Calvert-Lewin,Everton,True,FW,71
ENG-Premier League,2122,2022-02-12 Everton-Leeds United,17,Alex Iwobi,Everton,True,LM,90
ENG-Premier League,2122,2022-02-12 Everton-Leeds United,23,Séamus Coleman,Everton,True,RB,90
ENG-Premier League,2122,2022-02-12 Everton-Leeds United,24,Anthony Gordon,Everton,True,RM,80
ENG-Premier League,2122,2022-02-12 Everton-Leeds United,30,Donny van de Beek,Everton,True,CM,90
ENG-Premier League,2122,2022-02-12 Everton-Leeds United,15,Asmir Begović,Everton,False,,0
ENG-Premier League,2122,2022-02-12 Everton-Leeds United,3,Nathan Patterson,Everton,False,,0
ENG-Premier League,2122,2022-02-12 Everton-Leeds United,14,Andros Townsend,Everton,False,,0
ENG-Premier League,2122,2022-02-12 Everton-Leeds United,20,Cenk Tosun,Everton,False,,0
ENG-Premier League,2122,2022-02-12 Everton-Leeds United,21,André Gomes,Everton,False,,0
ENG-Premier League,2122,2022-02-12 Everton-Leeds United,32,Jarrad Branthwaite,Everton,False,,0
ENG-Premier League,2122,2022-02-12 Everton-Leeds United,33,Salomón Rondón,Everton,False,FW,5
ENG-Premier League,2122,2022-02-12 Everton-Leeds United,34,Anwar El Ghazi,Everton,False,"FW,MF",10
ENG-Premier League,2122,2022-02-12 Everton-Leeds United,36,Dele Alli,Everton,False,"FW,MF",19
ENG-Premier League,2122,2022-02-12 Everton-Leeds United,1,Illan Meslier,Leeds United,True,GK,90
ENG-Premier League,2122,2022-02-12 Everton-Leeds United,2,Luke Ayling,Leeds United,True,RB,90
ENG-Premier League,2122,2022-02-12 Everton-Leeds United,5,Robin Koch,Leeds United,True,DM,90
ENG-Premier League,2122,2022-02-12 Everton-Leeds United,10,Raphinha,Leeds United,True,RW,45
ENG-Premier League,2122,2022-02-12 Everton-Leeds United,14,Diego Llorente,Leeds United,True,CB,90
ENG-Premier League,2122,2022-02-12 Everton-Leeds United,15,Stuart Dallas,Leeds United,True,LB,8
ENG-Premier League,2122,2022-02-12 Everton-Leeds United,19,Rodrigo,Leeds United,True,AM,90
ENG-Premier League,2122,2022-02-12 Everton-Leeds United,20,Daniel James,Leeds United,True,FW,90
ENG-Premier League,2122,2022-02-12 Everton-Leeds United,21,Pascal Struijk,Leeds United,True,CB,90
ENG-Premier League,2122,2022-02-12 Everton-Leeds United,22,Jack Harrison,Leeds United,True,LW,90
ENG-Premier League,2122,2022-02-12 Everton-Leeds United,43,Mateusz Klich,Leeds United,True,AM,45
ENG-Premier League,2122,2022-02-12 Everton-Leeds United,13,Kristoffer Klaesson,Leeds United,False,,0
ENG-Premier League,2122,2022-02-12 Everton-Leeds United,4,Adam Forshaw,Leeds United,False,MF,45
ENG-Premier League,2122,2022-02-12 Everton-Leeds United,11,Tyler Roberts,Leeds United,False,"FW,MF",45
ENG-Premier League,2122,2022-02-12 Everton-Leeds United,26,Lewis Bate,Leeds United,False,,0
ENG-Premier League,2122,2022-02-12 Everton-Leeds United,30,Joe Gelhardt,Leeds United,False,,0
ENG-Premier League,2122,2022-02-12 Everton-Leeds United,33,Leo Fuhr Hjelde,Leeds United,False,DF,82
ENG-Premier League,2122,2022-02-12 Everton-Leeds United,38,Crysencio Summerville,Leeds United,False,,0
ENG-Premier League,2122,2022-02-12 Everton-Leeds United,46,Jamie Shackleton,Leeds United,False,,0
ENG-Premier League,2122,2022-02-12 Everton-Leeds United,54,Nohan Kenneh,Leeds United,False,,0
ENG-Premier League,2122,2022-04-16 Tottenham Hotspur-Brighton,1,Hugo Lloris,Tottenham Hotspur,True,GK,90
ENG-Premier League,2122,2022-04-16 Tottenham Hotspur-Brighton,3,Sergio Reguilón,Tottenham Hotspur,True,LM,90
ENG-Premier League,2122,2022-04-16 Tottenham Hotspur-Brighton,4,Cristian Romero,Tottenham Hotspur,True,CB,90
ENG-Premier League,2122,2022-04-16 Tottenham Hotspur-Brighton,5,Pierre Højbjerg,Tottenham Hotspur,True,CM,90
ENG-Premier League,2122,2022-04-16 Tottenham Hotspur-Brighton,7,Son Heung-min,Tottenham Hotspur,True,FW,86
ENG-Premier League,2122,2022-04-16 Tottenham Hotspur-Brighton,10,Harry Kane,Tottenham Hotspur,True,FW,90
ENG-Premier League,2122,2022-04-16 Tottenham Hotspur-Brighton,12,Emerson,Tottenham Hotspur,True,RM,90
ENG-Premier League,2122,2022-04-16 Tottenham Hotspur-Brighton,15,Eric Dier,Tottenham Hotspur,True,CB,90
ENG-Premier League,2122,2022-04-16 Tottenham Hotspur-Brighton,21,Dejan Kulusevski,Tottenham Hotspur,True,FW,63
ENG-Premier League,2122,2022-04-16 Tottenham Hotspur-Brighton,30,Rodrigo Bentancur,Tottenham Hotspur,True,CM,71
ENG-Premier League,2122,2022-04-16 Tottenham Hotspur-Brighton,33,Ben Davies,Tottenham Hotspur,True,CB,90
ENG-Premier League,2122,2022-04-16 Tottenham Hotspur-Brighton,22,Pierluigi Gollini,Tottenham Hotspur,False,,0
ENG-Premier League,2122,2022-04-16 Tottenham Hotspur-Brighton,6,Davinson Sánchez,Tottenham Hotspur,False,,0
ENG-Premier League,2122,2022-04-16 Tottenham Hotspur-Brighton,8,Harry Winks,Tottenham Hotspur,False,MF,19
ENG-Premier League,2122,2022-04-16 Tottenham Hotspur-Brighton,14,Joe Rodon,Tottenham Hotspur,False,,0
ENG-Premier League,2122,2022-04-16 Tottenham Hotspur-Brighton,19,Ryan Sessegnon,Tottenham Hotspur,False,,0
ENG-Premier League,2122,2022-04-16 Tottenham Hotspur-Brighton,23,Steven Bergwijn,Tottenham Hotspur,False,"FW,MF",4
ENG-Premier League,2122,2022-04-16 Tottenham Hotspur-Brighton,27,Lucas Moura,Tottenham Hotspur,False,"FW,MF",27
ENG-Premier League,2122,2022-04-16 Tottenham Hotspur-Brighton,42,Harvey White,Tottenham Hotspur,False,,0
ENG-Premier League,2122,2022-04-16 Tottenham Hotspur-Brighton,57,Marcel Lavinier,Tottenham Hotspur,False,,0
ENG-Premier League,2122,2022-04-16 Tottenham Hotspur-Brighton,1,Robert Sánchez,Brighton & Hove Albion,True,GK,90
ENG-Premier League,2122,2022-04-16 Tottenham Hotspur-Brighton,2,Tariq Lamptey,Brighton & Hove Albion,True,RM,81
ENG-Premier League,2122,2022-04-16 Tottenham Hotspur-Brighton,3,Marc Cucurella,Brighton & Hove Albion,True,CB,90
ENG-Premier League,2122,2022-04-16 Tottenham Hotspur-Brighton,5,Lewis Dunk,Brighton & Hove Albion,True,CB,90
ENG-Premier League,2122,2022-04-16 Tottenham Hotspur-Brighton,8,Yves Bissouma,Brighton & Hove Albion,True,CM,90
ENG-Premier League,2122,2022-04-16 Tottenham Hotspur-Brighton,10,Alexis Mac Allister,Brighton & Hove Albion,True,FW,90
ENG-Premier League,2122,2022-04-16 Tottenham Hotspur-Brighton,11,Leandro Trossard,Brighton & Hove Albion,True,LM,90
ENG-Premier League,2122,2022-04-16 Tottenham Hotspur-Brighton,12,Enock Mwepu,Brighton & Hove Albion,True,FW,45
ENG-Premier League,2122,2022-04-16 Tottenham Hotspur-Brighton,13,Pascal Groß,Brighton & Hove Albion,True,CM,90
ENG-Premier League,2122,2022-04-16 Tottenham Hotspur-Brighton,25,Moisés Caicedo,Brighton & Hove Albion,True,CM,77
ENG-Premier League,2122,2022-04-16 Tottenham Hotspur-Brighton,34,Joël Veltman,Brighton & Hove Albion,True,CB,90
ENG-Premier League,2122,2022-04-16 Tottenham Hotspur-Brighton,23,Jason Steele,Brighton & Hove Albion,False,,0
ENG-Premier League,2122,2022-04-16 Tottenham Hotspur-Brighton,4,Adam Webster,Brighton & Hove Albion,False,,0
ENG-Premier League,2122,2022-04-16 Tottenham Hotspur-Brighton,9,Neal Maupay,Brighton & Hove Albion,False,,0
ENG-Premier League,2122,2022-04-16 Tottenham Hotspur-Brighton,14,Adam Lallana,Brighton & Hove Albion,False,"FW,MF",13
ENG-Premier League,2122,2022-04-16 Tottenham Hotspur-Brighton,18,Danny Welbeck,Brighton & Hove Albion,False,"FW,MF",45
ENG-Premier League,2122,2022-04-16 Tottenham Hotspur-Brighton,20,Solly March,Brighton & Hove Albion,False,MF,9
ENG-Premier League,2122,2022-04-16 Tottenham Hotspur-Brighton,57,Odeluga Offiah,Brighton & Hove Albion,False,,0
ENG-Premier League,2122,2022-04-16 Tottenham Hotspur-Brighton,58,Evan Ferguson,Brighton & Hove Albion,False,,0
ENG-Premier League,2122,2022-04-16 Tottenham Hotspur-Brighton,60,Jeremy Sarmiento,Brighton & Hove Albion,False,,0
ENG-Premier League,2122,2021-08-14 Leicester City-Wolves,1,Kasper Schmeichel,Leicester City,True,GK,90
ENG-Premier League,2122,2021-08-14 Leicester City-Wolves,4,Çağlar Söyüncü,Leicester City,True,CB,90
ENG-Premier League,2122,2021-08-14 Leicester City-Wolves,7,Harvey Barnes,Leicester City,True,AM,71
ENG-Premier League,2122,2021-08-14 Leicester City-Wolves,8,Youri Tielemans,Leicester City,True,DM,90
ENG-Premier League,2122,2021-08-14 Leicester City-Wolves,9,Jamie Vardy,Leicester City,True,FW,90
ENG-Premier League,2122,2021-08-14 Leicester City-Wolves,10,James Maddison,Leicester City,True,AM,61
ENG-Premier League,2122,2021-08-14 Leicester City-Wolves,17,Ayoze Pérez,Leicester City,True,AM,61
ENG-Premier League,2122,2021-08-14 Leicester City-Wolves,18,Daniel Amartey,Leicester City,True,CB,90
ENG-Premier League,2122,2021-08-14 Leicester City-Wolves,21,Ricardo Pereira,Leicester City,True,RB,90
ENG-Premier League,2122,2021-08-14 Leicester City-Wolves,25,Wilfred Ndidi,Leicester City,True,DM,90
ENG-Premier League,2122,2021-08-14 Leicester City-Wolves,33,Luke Thomas,Leicester City,True,LB,90
ENG-Premier League,2122,2021-08-14 Leicester City-Wolves,12,Danny Ward,Leicester City,False,,0
ENG-Premier League,2122,2021-08-14 Leicester City-Wolves,11,Marc Albrighton,Leicester City,False,,0
ENG-Premier League,2122,2021-08-14 Leicester City-Wolves,14,Kelechi Iheanacho,Leicester City,False,"FW,MF",19
ENG-Premier League,2122,2021-08-14 Leicester City-Wolves,20,Hamza Choudhury,Leicester City,False,,0
ENG-Premier League,2122,2021-08-14 Leicester City-Wolves,22,Kiernan Dewsbury-Hall,Leicester City,False,,0
ENG-Premier League,2122,2021-08-14 Leicester City-Wolves,23,Jannik Vestergaard,Leicester City,False,DF,29
ENG-Premier League,2122,2021-08-14 Leicester City-Wolves,26,Dennis Praet,Leicester City,False,,0
ENG-Premier League,2122,2021-08-14 Leicester City-Wolves,29,Patson Daka,Leicester City,False,,0
ENG-Premier League,2122,2021-08-14 Leicester City-Wolves,42,Boubakary Soumaré,Leicester City,False,MF,29
ENG-Premier League,2122,2021-08-14 Leicester City-Wolves,1,José Sá,Wolverhampton Wanderers,True,GK,90
ENG-Premier League,2122,2021-08-14 Leicester City-Wolves,2,Ki-Jana Hoever,Wolverhampton Wanderers,True,RM,90
ENG-Premier League,2122,2021-08-14 Leicester City-Wolves,5,Fernando Marçal,Wolverhampton Wanderers,True,LM,90
ENG-Premier League,2122,2021-08-14 Leicester City-Wolves,8,Rúben Neves,Wolverhampton Wanderers,True,CM,90
ENG-Premier League,2122,2021-08-14 Leicester City-Wolves,9,Raúl Jiménez,Wolverhampton Wanderers,True,FW,90
ENG-Premier League,2122,2021-08-14 Leicester City-Wolves,11,Francisco Trincão,Wolverhampton Wanderers,True,FW,85
ENG-Premier League,2122,2021-08-14 Leicester City-Wolves,16,Conor Coady,Wolverhampton Wanderers,True,CB,90
ENG-Premier League,2122,2021-08-14 Leicester City-Wolves,23,Max Kilman,Wolverhampton Wanderers,True,CB,89
ENG-Premier League,2122,2021-08-14 Leicester City-Wolves,27,Romain Saïss,Wolverhampton Wanderers,True,CB,90
ENG-Premier League,2122,2021-08-14 Leicester City-Wolves,28,João Moutinho,Wolverhampton Wanderers,True,CM,65
ENG-Premier League,2122,2021-08-14 Leicester City-Wolves,37,Adama Traoré,Wolverhampton Wanderers,True,FW,90
ENG-Premier League,2122,2021-08-14 Leicester City-Wolves,21,John Ruddy,Wolverhampton Wanderers,False,,0
ENG-Premier League,2122,2021-08-14 Leicester City-Wolves,3,Rayan Aït-Nouri,Wolverhampton Wanderers,False,,0
ENG-Premier League,2122,2021-08-14 Leicester City-Wolves,17,Fábio Silva,Wolverhampton Wanderers,False,FW,1
ENG-Premier League,2122,2021-08-14 Leicester City-Wolves,18,Morgan Gibbs-White,Wolverhampton Wanderers,False,"FW,MF",5
ENG-Premier League,2122,2021-08-14 Leicester City-Wolves,22,Nélson Semedo,Wolverhampton Wanderers,False,,0
ENG-Premier League,2122,2021-08-14 Leicester City-Wolves,32,Leander Dendoncker,Wolverhampton Wanderers,False,"DF,MF",25
ENG-Premier League,2122,2021-08-14 Leicester City-Wolves,39,Luke Cundle,Wolverhampton Wanderers,False,,0
ENG-Premier League,2122,2021-08-14 Leicester City-Wolves,75,Christian Marques,Wolverhampton Wanderers,False,,0
ENG-Premier League,2122,2021-08-14 Leicester City-Wolves,77,Chem Campbell,Wolverhampton Wanderers,False,,0
ENG-Premier League,2122,2022-03-19 Aston Villa-Arsenal,1,Emiliano Martínez,Aston Villa,True,GK,90
ENG-Premier League,2122,2022-03-19 Aston Villa-Arsenal,2,Matty Cash,Aston Villa,True,RB,90
ENG-Premier League,2122,2022-03-19 Aston Villa-Arsenal,4,Ezri Konsa,Aston Villa,True,CB,90
ENG-Premier League,2122,2022-03-19 Aston Villa-Arsenal,5,Tyrone Mings,Aston Villa,True,CB,90
ENG-Premier League,2122,2022-03-19 Aston Villa-Arsenal,6,Douglas Luiz,Aston Villa,True,CM,90
ENG-Premier League,2122,2022-03-19 Aston Villa-Arsenal,7,John McGinn,Aston Villa,True,CM,90
ENG-Premier League,2122,2022-03-19 Aston Villa-Arsenal,10,Emi Buendía,Aston Villa,True,FW,68
ENG-Premier League,2122,2022-03-19 Aston Villa-Arsenal,11,Ollie Watkins,Aston Villa,True,FW,81
ENG-Premier League,2122,2022-03-19 Aston Villa-Arsenal,18,Ashley Young,Aston Villa,True,LB,90
ENG-Premier League,2122,2022-03-19 Aston Villa-Arsenal,23,Philippe Coutinho,Aston Villa,True,FW,90
ENG-Premier League,2122,2022-03-19 Aston Villa-Arsenal,41,Jacob Ramsey,Aston Villa,True,CM,68
ENG-Premier League,2122,2022-03-19 Aston Villa-Arsenal,25,Robin Olsen,Aston Villa,False,,0
ENG-Premier League,2122,2022-03-19 Aston Villa-Arsenal,8,Morgan Sanson,Aston Villa,False,,0
ENG-Premier League,2122,2022-03-19 Aston Villa-Arsenal,15,Bertrand Traoré,Aston Villa,False,"FW,MF",22
ENG-Premier League,2122,2022-03-19 Aston Villa-Arsenal,16,Calum Chambers,Aston Villa,False,,0
ENG-Premier League,2122,2022-03-19 Aston Villa-Arsenal,20,Danny Ings,Aston Villa,False,FW,9
ENG-Premier League,2122,2022-03-19 Aston Villa-Arsenal,31,Leon Bailey,Aston Villa,False,"FW,MF",22
ENG-Premier League,2122,2022-03-19 Aston Villa-Arsenal,33,Carney Chukwuemeka,Aston Villa,False,,0
ENG-Premier League,2122,2022-03-19 Aston Villa-Arsenal,47,Tim Iroegbunam,Aston Villa,False,,0
ENG-Premier League,2122,2022-03-19 Aston Villa-Arsenal,58,Tommi O'Reilly,Aston Villa,False,,0
ENG-Premier League,2122,2022-03-19 Aston Villa-Arsenal,1,Bernd Leno,Arsenal,True,GK,90
ENG-Premier League,2122,2022-03-19 Aston Villa-Arsenal,3,Kieran Tierney,Arsenal,True,LB,90
ENG-Premier League,2122,2022-03-19 Aston Villa-Arsenal,4,Ben White,Arsenal,True,CB,90
ENG-Premier League,2122,2022-03-19 Aston Villa-Arsenal,5,Thomas Partey,Arsenal,True,CM,90
ENG-Premier League,2122,2022-03-19 Aston Villa-Arsenal,6,Gabriel Magalhães,Arsenal,True,CB,90
ENG-Premier League,2122,2022-03-19 Aston Villa-Arsenal,7,Bukayo Saka,Arsenal,True,FW,68
ENG-Premier League,2122,2022-03-19 Aston Villa-Arsenal,8,Martin Ødegaard,Arsenal,True,CM,85
ENG-Premier League,2122,2022-03-19 Aston Villa-Arsenal,9,Alexandre Lacazette,Arsenal,True,FW,77
ENG-Premier League,2122,2022-03-19 Aston Villa-Arsenal,10,Emile Smith Rowe,Arsenal,True,FW,90
ENG-Premier League,2122,2022-03-19 Aston Villa-Arsenal,17,Cédric Soares,Arsenal,True,RB,90
ENG-Premier League,2122,2022-03-19 Aston Villa-Arsenal,34,Granit Xhaka,Arsenal,True,CM,90
ENG-Premier League,2122,2022-03-19 Aston Villa-Arsenal,33,Arthur Okonkwo,Arsenal,False,,0
ENG-Premier League,2122,2022-03-19 Aston Villa-Arsenal,16,Rob Holding,Arsenal,False,DF,5
ENG-Premier League,2122,2022-03-19 Aston Villa-Arsenal,19,Nicolas Pépé,Arsenal,False,"FW,MF",22
ENG-Premier League,2122,2022-03-19 Aston Villa-Arsenal,20,Nuno Tavares,Arsenal,False,,0
ENG-Premier League,2122,2022-03-19 Aston Villa-Arsenal,23,Albert Sambi Lokonga,Arsenal,False,,0
ENG-Premier League,2122,2022-03-19 Aston Villa-Arsenal,25,Mohamed Elneny,Arsenal,False,,0
ENG-Premier League,2122,2022-03-19 Aston Villa-Arsenal,30,Eddie Nketiah,Arsenal,False,FW,13
ENG-Premier League,2122,2022-03-19 Aston Villa-Arsenal,69,Zak Swanson,Arsenal,False,,0
ENG-Premier League,2122,2022-03-19 Aston Villa-Arsenal,82,Omari Hutchinson,Arsenal,False,,0
ENG-Premier League,2122,2022-03-13 Chelsea-Newcastle United,16,Edouard Mendy,Chelsea,True,GK,90
ENG-Premier League,2122,2022-03-13 Chelsea-Newcastle United,2,Antonio Rüdiger,Chelsea,True,CB,90
ENG-Premier League,2122,2022-03-13 Chelsea-Newcastle United,4,Andreas Christensen,Chelsea,True,CB,90
ENG-Premier League,2122,2022-03-13 Chelsea-Newcastle United,5,Jorginho,Chelsea,True,CM,90
ENG-Premier League,2122,2022-03-13 Chelsea-Newcastle United,7,N'Golo Kanté,Chelsea,True,CM,90
ENG-Premier League,2122,2022-03-13 Chelsea-Newcastle United,11,Timo Werner,Chelsea,True,FW,62
ENG-Premier League,2122,2022-03-13 Chelsea-Newcastle United,14,Trevoh Chalobah,Chelsea,True,RB,90
ENG-Premier League,2122,2022-03-13 Chelsea-Newcastle United,19,Mason Mount,Chelsea,True,CM,62
ENG-Premier League,2122,2022-03-13 Chelsea-Newcastle United,22,Hakim Ziyech,Chelsea,True,FW,90
ENG-Premier League,2122,2022-03-13 Chelsea-Newcastle United,29,Kai Havertz,Chelsea,True,FW,90
ENG-Premier League,2122,2022-03-13 Chelsea-Newcastle United,31,Malang Sarr,Chelsea,True,LB,77
ENG-Premier League,2122,2022-03-13 Chelsea-Newcastle United,1,Kepa Arrizabalaga,Chelsea,False,,0
ENG-Premier League,2122,2022-03-13 Chelsea-Newcastle United,3,Marcos Alonso,Chelsea,False,,0
ENG-Premier League,2122,2022-03-13 Chelsea-Newcastle United,6,Thiago Silva,Chelsea,False,,0
ENG-Premier League,2122,2022-03-13 Chelsea-Newcastle United,8,Mateo Kovačić,Chelsea,False,MF,28
ENG-Premier League,2122,2022-03-13 Chelsea-Newcastle United,9,Romelu Lukaku,Chelsea,False,FW,28
ENG-Premier League,2122,2022-03-13 Chelsea-Newcastle United,10,Christian Pulisic,Chelsea,False,"FW,MF",13
ENG-Premier League,2122,2022-03-13 Chelsea-Newcastle United,12,Ruben Loftus-Cheek,Chelsea,False,,0
ENG-Premier League,2122,2022-03-13 Chelsea-Newcastle United,17,Saúl Ñíguez,Chelsea,False,,0
ENG-Premier League,2122,2022-03-13 Chelsea-Newcastle United,18,Ross Barkley,Chelsea,False,,0
ENG-Premier League,2122,2022-03-13 Chelsea-Newcastle United,1,Martin Dúbravka,Newcastle United,True,GK,90
ENG-Premier League,2122,2022-03-13 Chelsea-Newcastle United,5,Fabian Schär,Newcastle United,True,CB,90
ENG-Premier League,2122,2022-03-13 Chelsea-Newcastle United,6,Jamaal Lascelles,Newcastle United,True,CB,90
ENG-Premier League,2122,2022-03-13 Chelsea-Newcastle United,13,Matt Targett,Newcastle United,True,LB,90
ENG-Premier League,2122,2022-03-13 Chelsea-Newcastle United,19,Javier Manquillo,Newcastle United,True,RB,89
ENG-Premier League,2122,2022-03-13 Chelsea-Newcastle United,20,Chris Wood,Newcastle United,True,FW,90
ENG-Premier League,2122,2022-03-13 Chelsea-Newcastle United,23,Jacob Murphy,Newcastle United,True,LM,89
ENG-Premier League,2122,2022-03-13 Chelsea-Newcastle United,24,Miguel Almirón,Newcastle United,True,RM,68
ENG-Premier League,2122,2022-03-13 Chelsea-Newcastle United,33,Dan Burn,Newcastle United,True,CB,90
ENG-Premier League,2122,2022-03-13 Chelsea-Newcastle United,36,Sean Longstaff,Newcastle United,True,CM,90
ENG-Premier League,2122,2022-03-13 Chelsea-Newcastle United,39,Bruno Guimarães,Newcastle United,True,CM,90
ENG-Premier League,2122,2022-03-13 Chelsea-Newcastle United,26,Karl Darlow,Newcastle United,False,,0
ENG-Premier League,2122,2022-03-13 Chelsea-Newcastle United,29,Mark Gillespie,Newcastle United,False,,0
ENG-Premier League,2122,2022-03-13 Chelsea-Newcastle United,3,Paul Dummett,Newcastle United,False,,0
ENG-Premier League,2122,2022-03-13 Chelsea-Newcastle United,10,Allan Saint-Maximin,Newcastle United,False,"FW,MF",22
ENG-Premier League,2122,2022-03-13 Chelsea-Newcastle United,11,Matt Ritchie,Newcastle United,False,,0
ENG-Premier League,2122,2022-03-13 Chelsea-Newcastle United,17,Emil Krafth,Newcastle United,False,,0
ENG-Premier League,2122,2022-03-13 Chelsea-Newcastle United,21,Ryan Fraser,Newcastle United,False,"FW,MF",1
ENG-Premier League,2122,2022-03-13 Chelsea-Newcastle United,34,Dwight Gayle,Newcastle United,False,FW,1
ENG-Premier League,2122,2022-03-13 Chelsea-Newcastle United,50,Lucas De Bolle,Newcastle United,False,,0
ENG-Premier League,2122,2021-11-06 Brentford-Norwich City,40,Álvaro Fernández,Brentford,True,GK,90
ENG-Premier League,2122,2021-11-06 Brentford-Norwich City,3,Rico Henry,Brentford,True,LM,68
ENG-Premier League,2122,2021-11-06 Brentford-Norwich City,5,Ethan Pinnock,Brentford,True,CB,90
ENG-Premier League,2122,2021-11-06 Brentford-Norwich City,6,Christian Nørgaard,Brentford,True,CM,90
ENG-Premier League,2122,2021-11-06 Brentford-Norwich City,7,Sergi Canós,Brentford,True,RM,90
ENG-Premier League,2122,2021-11-06 Brentford-Norwich City,8,Mathias Jensen,Brentford,True,CM,90
ENG-Premier League,2122,2021-11-06 Brentford-Norwich City,17,Ivan Toney,Brentford,True,FW,90
ENG-Premier League,2122,2021-11-06 Brentford-Norwich City,18,Pontus Jansson,Brentford,True,CB,90
ENG-Premier League,2122,2021-11-06 Brentford-Norwich City,19,Bryan Mbeumo,Brentford,True,FW,90
ENG-Premier League,2122,2021-11-06 Brentford-Norwich City,22,Mathias Jørgensen,Brentford,True,CB,11
ENG-Premier League,2122,2021-11-06 Brentford-Norwich City,27,Vitaly Janelt,Brentford,True,CM,45
ENG-Premier League,2122,2021-11-06 Brentford-Norwich City,41,Matthew Cox,Brentford,False,,0
ENG-Premier League,2122,2021-11-06 Brentford-Norwich City,2,Dominic Thompson,Brentford,False,,0
ENG-Premier League,2122,2021-11-06 Brentford-Norwich City,4,Charlie Goode,Brentford,False,DF,79
ENG-Premier League,2122,2021-11-06 Brentford-Norwich City,9,Marcus Forss,Brentford,False,"FW,MF",22
ENG-Premier League,2122,2021-11-06 Brentford-Norwich City,14,Saman Ghoddos,Brentford,False,"FW,MF",45
ENG-Premier League,2122,2021-11-06 Brentford-Norwich City,15,Frank Onyeka,Brentford,False,,0
ENG-Premier League,2122,2021-11-06 Brentford-Norwich City,28,Mads Bidstrup,Brentford,False,,0
ENG-Premier League,2122,2021-11-06 Brentford-Norwich City,30,Mads Roerslev,Brentford,False,,0
ENG-Premier League,2122,2021-11-06 Brentford-Norwich City,36,Finley Stevens,Brentford,False,,0
ENG-Premier League,2122,2021-11-06 Brentford-Norwich City,1,Tim Krul,Norwich City,True,GK,90
ENG-Premier League,2122,2021-11-06 Brentford-Norwich City,2,Max Aarons,Norwich City,True,RB,90
ENG-Premier League,2122,2021-11-06 Brentford-Norwich City,4,Ben Gibson,Norwich City,True,CB,90
ENG-Premier League,2122,2021-11-06 Brentford-Norwich City,10,Kieran Dowell,Norwich City,True,RM,73
ENG-Premier League,2122,2021-11-06 Brentford-Norwich City,16,Mathias Normann,Norwich City,True,CM,90
ENG-Premier League,2122,2021-11-06 Brentford-Norwich City,17,Milot Rashica,Norwich City,True,LM,89
ENG-Premier League,2122,2021-11-06 Brentford-Norwich City,20,Pierre Lees-Melou,Norwich City,True,CM,90
ENG-Premier League,2122,2021-11-06 Brentford-Norwich City,21,Brandon Williams,Norwich City,True,LB,90
ENG-Premier League,2122,2021-11-06 Brentford-Norwich City,22,Teemu Pukki,Norwich City,True,FW,77
ENG-Premier League,2122,2021-11-06 Brentford-Norwich City,23,Kenny McLean,Norwich City,True,CM,90
ENG-Premier League,2122,2021-11-06 Brentford-Norwich City,44,Andrew Omobamidele,Norwich City,True,CB,90
ENG-Premier League,2122,2021-11-06 Brentford-Norwich City,28,Angus Gunn,Norwich City,False,,0
ENG-Premier League,2122,2021-11-06 Brentford-Norwich City,7,Lukas Rupp,Norwich City,False,,0
ENG-Premier League,2122,2021-11-06 Brentford-Norwich City,8,Billy Gilmour,Norwich City,False,,0
ENG-Premier League,2122,2021-11-06 Brentford-Norwich City,11,Przemysław Płacheta,Norwich City,False,,0
ENG-Premier League,2122,2021-11-06 Brentford-Norwich City,18,Christos Tzolis,Norwich City,False,,0
ENG-Premier League,2122,2021-11-06 Brentford-Norwich City,19,Jakob Sørensen,Norwich City,False,,0
ENG-Premier League,2122,2021-11-06 Brentford-Norwich City,24,Josh Sargent,Norwich City,False,"FW,MF",13
ENG-Premier League,2122,2021-11-06 Brentford-Norwich City,30,Dimitris Giannoulis,Norwich City,False,"DF,MF",17
ENG-Premier League,2122,2021-11-06 Brentford-Norwich City,35,Adam Idah,Norwich City,False,FW,1
ENG-Premier League,2122,2021-10-18 Arsenal-Crystal Palace,32,Aaron Ramsdale,Arsenal,True,GK,90
ENG-Premier League,2122,2021-10-18 Arsenal-Crystal Palace,3,Kieran Tierney,Arsenal,True,LB,90
ENG-Premier League,2122,2021-10-18 Arsenal-Crystal Palace,4,Ben White,Arsenal,True,CB,90
ENG-Premier League,2122,2021-10-18 Arsenal-Crystal Palace,5,Thomas Partey,Arsenal,True,DM,80
ENG-Premier League,2122,2021-10-18 Arsenal-Crystal Palace,6,Gabriel Magalhães,Arsenal,True,CB,90
ENG-Premier League,2122,2021-10-18 Arsenal-Crystal Palace,7,Bukayo Saka,Arsenal,True,AM,45
ENG-Premier League,2122,2021-10-18 Arsenal-Crystal Palace,8,Martin Ødegaard,Arsenal,True,DM,66
ENG-Premier League,2122,2021-10-18 Arsenal-Crystal Palace,10,Emile Smith Rowe,Arsenal,True,AM,90
ENG-Premier League,2122,2021-10-18 Arsenal-Crystal Palace,14,Pierre-Emerick Aubameyang,Arsenal,True,FW,90
ENG-Premier League,2122,2021-10-18 Arsenal-Crystal Palace,18,Takehiro Tomiyasu,Arsenal,True,RB,90
ENG-Premier League,2122,2021-10-18 Arsenal-Crystal Palace,19,Nicolas Pépé,Arsenal,True,AM,90
ENG-Premier League,2122,2021-10-18 Arsenal-Crystal Palace,1,Bernd Leno,Arsenal,False,,0
ENG-Premier League,2122,2021-10-18 Arsenal-Crystal Palace,9,Alexandre Lacazette,Arsenal,False,FW,24
ENG-Premier League,2122,2021-10-18 Arsenal-Crystal Palace,15,Ainsley Maitland-Niles,Arsenal,False,,0
ENG-Premier League,2122,2021-10-18 Arsenal-Crystal Palace,16,Rob Holding,Arsenal,False,,0
ENG-Premier League,2122,2021-10-18 Arsenal-Crystal Palace,17,Cédric Soares,Arsenal,False,,0
ENG-Premier League,2122,2021-10-18 Arsenal-Crystal Palace,20,Nuno Tavares,Arsenal,False,,0
ENG-Premier League,2122,2021-10-18 Arsenal-Crystal Palace,23,Albert Sambi Lokonga,Arsenal,False,MF,45
ENG-Premier League,2122,2021-10-18 Arsenal-Crystal Palace,25,Mohamed Elneny,Arsenal,False,,0
ENG-Premier League,2122,2021-10-18 Arsenal-Crystal Palace,35,Gabriel Martinelli,Arsenal,False,"FW,MF",10
ENG-Premier League,2122,2021-10-18 Arsenal-Crystal Palace,13,Vicente Guaita,Crystal Palace,True,GK,90
ENG-Premier League,2122,2021-10-18 Arsenal-Crystal Palace,2,Joel Ward,Crystal Palace,True,RB,90
ENG-Premier League,2122,2021-10-18 Arsenal-Crystal Palace,3,Tyrick Mitchell,Crystal Palace,True,LB,90
ENG-Premier League,2122,2021-10-18 Arsenal-Crystal Palace,4,Luka Milivojević,Crystal Palace,True,DM,66
ENG-Premier League,2122,2021-10-18 Arsenal-Crystal Palace,6,Marc Guéhi,Crystal Palace,True,CB,90
ENG-Premier League,2122,2021-10-18 Arsenal-Crystal Palace,9,Jordan Ayew,Crystal Palace,True,AM,70
ENG-Premier League,2122,2021-10-18 Arsenal-Crystal Palace,16,Joachim Andersen,Crystal Palace,True,CB,90
ENG-Premier League,2122,2021-10-18 Arsenal-Crystal Palace,18,James McArthur,Crystal Palace,True,DM,90
ENG-Premier League,2122,2021-10-18 Arsenal-Crystal Palace,20,Christian Benteke,Crystal Palace,True,FW,90
ENG-Premier League,2122,2021-10-18 Arsenal-Crystal Palace,22,Odsonne Édouard,Crystal Palace,True,AM,81
ENG-Premier League,2122,2021-10-18 Arsenal-Crystal Palace,23,Conor Gallagher,Crystal Palace,True,AM,90
ENG-Premier League,2122,2021-10-18 Arsenal-Crystal Palace,1,Jack Butland,Crystal Palace,False,,0
ENG-Premier League,2122,2021-10-18 Arsenal-Crystal Palace,5,James Tomkins,Crystal Palace,False,"DF,MF",9
ENG-Premier League,2122,2021-10-18 Arsenal-Crystal Palace,7,Michael Olise,Crystal Palace,False,"FW,MF",20
ENG-Premier League,2122,2021-10-18 Arsenal-Crystal Palace,8,Cheikhou Kouyaté,Crystal Palace,False,"DF,MF",24
ENG-Premier League,2122,2021-10-18 Arsenal-Crystal Palace,12,Will Hughes,Crystal Palace,False,,0
ENG-Premier League,2122,2021-10-18 Arsenal-Crystal Palace,14,Jean-Philippe Mateta,Crystal Palace,False,,0
ENG-Premier League,2122,2021-10-18 Arsenal-Crystal Palace,15,Jeffrey Schlupp,Crystal Palace,False,,0
ENG-Premier League,2122,2021-10-18 Arsenal-Crystal Palace,17,Nathaniel Clyne,Crystal Palace,False,,0
ENG-Premier League,2122,2021-10-18 Arsenal-Crystal Palace,34,Martin Kelly,Crystal Palace,False,,0
ENG-Premier League,2122,2022-05-10 Aston Villa-Liverpool,1,Emiliano Martínez,Aston Villa,True,GK,90
ENG-Premier League,2122,2022-05-10 Aston Villa-Liverpool,2,Matty Cash,Aston Villa,True,RB,90
ENG-Premier League,2122,2022-05-10 Aston Villa-Liverpool,4,Ezri Konsa,Aston Villa,True,CB,90
ENG-Premier League,2122,2022-05-10 Aston Villa-Liverpool,5,Tyrone Mings,Aston Villa,True,CB,90
ENG-Premier League,2122,2022-05-10 Aston Villa-Liverpool,6,Douglas Luiz,Aston Villa,True,DM,90
ENG-Premier League,2122,2022-05-10 Aston Villa-Liverpool,7,John McGinn,Aston Villa,True,DM,90
ENG-Premier League,2122,2022-05-10 Aston Villa-Liverpool,11,Ollie Watkins,Aston Villa,True,FW,80
ENG-Premier League,2122,2022-05-10 Aston Villa-Liverpool,19,Marvelous Nakamba,Aston Villa,True,DM,61
ENG-Premier League,2122,2022-05-10 Aston Villa-Liverpool,20,Danny Ings,Aston Villa,True,FW,90
ENG-Premier League,2122,2022-05-10 Aston Villa-Liverpool,23,Philippe Coutinho,Aston Villa,True,AM,69
ENG-Premier League,2122,2022-05-10 Aston Villa-Liverpool,27,Lucas Digne,Aston Villa,True,LB,90
ENG-Premier League,2122,2022-05-10 Aston Villa-Liverpool,25,Robin Olsen,Aston Villa,False,,0
ENG-Premier League,2122,2022-05-10 Aston Villa-Liverpool,8,Morgan Sanson,Aston Villa,False,,0
ENG-Premier League,2122,2022-05-10 Aston Villa-Liverpool,10,Emi Buendía,Aston Villa,False,"FW,MF",21
ENG-Premier League,2122,2022-05-10 Aston Villa-Liverpool,15,Bertrand Traoré,Aston Villa,False,"FW,MF",10
ENG-Premier League,2122,2022-05-10 Aston Villa-Liverpool,16,Calum Chambers,Aston Villa,False,,0
ENG-Premier League,2122,2022-05-10 Aston Villa-Liverpool,18,Ashley Young,Aston Villa,False,,0
ENG-Premier League,2122,2022-05-10 Aston Villa-Liverpool,33,Carney Chukwuemeka,Aston Villa,False,MF,29
ENG-Premier League,2122,2022-05-10 Aston Villa-Liverpool,45,Benjamin Chrisene,Aston Villa,False,,0
ENG-Premier League,2122,2022-05-10 Aston Villa-Liverpool,47,Tim Iroegbunam,Aston Villa,False,,0
ENG-Premier League,2122,2022-05-10 Aston Villa-Liverpool,1,Alisson,Liverpool,True,GK,90
ENG-Premier League,2122,2022-05-10 Aston Villa-Liverpool,3,Fabinho,Liverpool,True,CM,29
ENG-Premier League,2122,2022-05-10 Aston Villa-Liverpool,4,Virgil van Dijk,Liverpool,True,CB,90
ENG-Premier League,2122,2022-05-10 Aston Villa-Liverpool,8,Naby Keïta,Liverpool,True,CM,90
ENG-Premier League,2122,2022-05-10 Aston Villa-Liverpool,10,Sadio Mané,Liverpool,True,FW,90
ENG-Premier League,2122,2022-05-10 Aston Villa-Liverpool,17,Curtis Jones,Liverpool,True,CM,61
ENG-Premier League,2122,2022-05-10 Aston Villa-Liverpool,20,Diogo Jota,Liverpool,True,FW,90
ENG-Premier League,2122,2022-05-10 Aston Villa-Liverpool,21,Kostas Tsimikas,Liverpool,True,LB,90
ENG-Premier League,2122,2022-05-10 Aston Villa-Liverpool,23,Luis Díaz,Liverpool,True,FW,71
ENG-Premier League,2122,2022-05-10 Aston Villa-Liverpool,32,Joël Matip,Liverpool,True,CB,90
ENG-Premier League,2122,2022-05-10 Aston Villa-Liverpool,66,Trent Alexander-Arnold,Liverpool,True,RB,90
ENG-Premier League,2122,2022-05-10 Aston Villa-Liverpool,62,Caoimhín Kelleher,Liverpool,False,,0
ENG-Premier League,2122,2022-05-10 Aston Villa-Liverpool,5,Ibrahima Konaté,Liverpool,False,,0
ENG-Premier League,2122,2022-05-10 Aston Villa-Liverpool,6,Thiago Alcántara,Liverpool,False,MF,29
ENG-Premier League,2122,2022-05-10 Aston Villa-Liverpool,7,James Milner,Liverpool,False,,0
ENG-Premier League,2122,2022-05-10 Aston Villa-Liverpool,9,Roberto Firmino,Liverpool,False,,0
ENG-Premier League,2122,2022-05-10 Aston Villa-Liverpool,11,Mohamed Salah,Liverpool,False,"FW,MF",19
ENG-Premier League,2122,2022-05-10 Aston Villa-Liverpool,12,Joe Gomez,Liverpool,False,,0
ENG-Premier League,2122,2022-05-10 Aston Villa-Liverpool,14,Jordan Henderson,Liverpool,False,MF,61
ENG-Premier League,2122,2022-05-10 Aston Villa-Liverpool,27,Divock Origi,Liverpool,False,,0
ENG-Premier League,2122,2021-11-06 Brighton-Newcastle United,1,Robert Sánchez,Brighton & Hove Albion,True,GK,89
ENG-Premier League,2122,2021-11-06 Brighton-Newcastle United,2,Tariq Lamptey,Brighton & Hove Albion,True,RW,74
ENG-Premier League,2122,2021-11-06 Brighton-Newcastle United,3,Marc Cucurella,Brighton & Hove Albion,True,LB,90
ENG-Premier League,2122,2021-11-06 Brighton-Newcastle United,5,Lewis Dunk,Brighton & Hove Albion,True,CB,90
ENG-Premier League,2122,2021-11-06 Brighton-Newcastle United,8,Yves Bissouma,Brighton & Hove Albion,True,DM,90
ENG-Premier League,2122,2021-11-06 Brighton-Newcastle United,11,Leandro Trossard,Brighton & Hove Albion,True,FW,90
ENG-Premier League,2122,2021-11-06 Brighton-Newcastle United,12,Enock Mwepu,Brighton & Hove Albion,True,AM,45
ENG-Premier League,2122,2021-11-06 Brighton-Newcastle United,14,Adam Lallana,Brighton & Hove Albion,True,AM,90
ENG-Premier League,2122,2021-11-06 Brighton-Newcastle United,20,Solly March,Brighton & Hove Albion,True,LW,64
ENG-Premier League,2122,2021-11-06 Brighton-Newcastle United,24,Shane Duffy,Brighton & Hove Albion,True,CB,90
ENG-Premier League,2122,2021-11-06 Brighton-Newcastle United,34,Joël Veltman,Brighton & Hove Albion,True,RB,90
ENG-Premier League,2122,2021-11-06 Brighton-Newcastle United,23,Jason Steele,Brighton & Hove Albion,False,,0
ENG-Premier League,2122,2021-11-06 Brighton-Newcastle United,4,Adam Webster,Brighton & Hove Albion,False,DF,16
ENG-Premier League,2122,2021-11-06 Brighton-Newcastle United,9,Neal Maupay,Brighton & Hove Albion,False,"FW,MF",26
ENG-Premier League,2122,2021-11-06 Brighton-Newcastle United,10,Alexis Mac Allister,Brighton & Hove Albion,False,MF,45
ENG-Premier League,2122,2021-11-06 Brighton-Newcastle United,13,Pascal Groß,Brighton & Hove Albion,False,,0
ENG-Premier League,2122,2021-11-06 Brighton-Newcastle United,15,Jakub Moder,Brighton & Hove Albion,False,,0
ENG-Premier League,2122,2021-11-06 Brighton-Newcastle United,27,Jürgen Locadia,Brighton & Hove Albion,False,,0
ENG-Premier League,2122,2021-11-06 Brighton-Newcastle United,30,Taylor Richards,Brighton & Hove Albion,False,,0
ENG-Premier League,2122,2021-11-06 Brighton-Newcastle United,60,Jeremy Sarmiento,Brighton & Hove Albion,False,,0
ENG-Premier League,2122,2021-11-06 Brighton-Newcastle United,26,Karl Darlow,Newcastle United,True,GK,90
ENG-Premier League,2122,2021-11-06 Brighton-Newcastle United,2,Ciaran Clark,Newcastle United,True,CB,90
ENG-Premier League,2122,2021-11-06 Brighton-Newcastle United,6,Jamaal Lascelles,Newcastle United,True,CB,90
ENG-Premier League,2122,2021-11-06 Brighton-Newcastle United,8,Jonjo Shelvey,Newcastle United,True,CM,90
ENG-Premier League,2122,2021-11-06 Brighton-Newcastle United,9,Callum Wilson,Newcastle United,True,FW,90
ENG-Premier League,2122,2021-11-06 Brighton-Newcastle United,10,Allan Saint-Maximin,Newcastle United,True,LM,90
ENG-Premier League,2122,2021-11-06 Brighton-Newcastle United,11,Matt Ritchie,Newcastle United,True,LB,90
ENG-Premier League,2122,2021-11-06 Brighton-Newcastle United,14,Isaac Hayden,Newcastle United,True,CM,90
ENG-Premier League,2122,2021-11-06 Brighton-Newcastle United,17,Emil Krafth,Newcastle United,True,CB,89
ENG-Premier League,2122,2021-11-06 Brighton-Newcastle United,23,Jacob Murphy,Newcastle United,True,RB,90
ENG-Premier League,2122,2021-11-06 Brighton-Newcastle United,24,Miguel Almirón,Newcastle United,True,RM,73
ENG-Premier League,2122,2021-11-06 Brighton-Newcastle United,1,Martin Dúbravka,Newcastle United,False,,0
ENG-Premier League,2122,2021-11-06 Brighton-Newcastle United,5,Fabian Schär,Newcastle United,False,,0
ENG-Premier League,2122,2021-11-06 Brighton-Newcastle United,7,Joelinton,Newcastle United,False,"FW,MF",17
ENG-Premier League,2122,2021-11-06 Brighton-Newcastle United,12,Jamal Lewis,Newcastle United,False,,0
ENG-Premier League,2122,2021-11-06 Brighton-Newcastle United,19,Javier Manquillo,Newcastle United,False,,0
ENG-Premier League,2122,2021-11-06 Brighton-Newcastle United,21,Ryan Fraser,Newcastle United,False,,0
ENG-Premier League,2122,2021-11-06 Brighton-Newcastle United,28,Joe Willock,Newcastle United,False,,0
ENG-Premier League,2122,2021-11-06 Brighton-Newcastle United,34,Dwight Gayle,Newcastle United,False,FW,1
ENG-Premier League,2122,2021-11-06 Brighton-Newcastle United,36,Sean Longstaff,Newcastle United,False,,0
ENG-Premier League,2122,2021-12-11 Norwich City-Manchester Utd,1,Tim Krul,Norwich City,True,GK,90
ENG-Premier League,2122,2021-12-11 Norwich City-Manchester Utd,2,Max Aarons,Norwich City,True,RB,90
ENG-Premier League,2122,2021-12-11 Norwich City-Manchester Utd,5,Grant Hanley,Norwich City,True,CB,20
ENG-Premier League,2122,2021-12-11 Norwich City-Manchester Utd,7,Lukas Rupp,Norwich City,True,CM,75
ENG-Premier League,2122,2021-12-11 Norwich City-Manchester Utd,8,Billy Gilmour,Norwich City,True,CM,90
ENG-Premier League,2122,2021-12-11 Norwich City-Manchester Utd,11,Przemysław Płacheta,Norwich City,True,FW,69
ENG-Premier League,2122,2021-12-11 Norwich City-Manchester Utd,15,Ozan Kabak,Norwich City,True,CB,90
ENG-Premier League,2122,2021-12-11 Norwich City-Manchester Utd,22,Teemu Pukki,Norwich City,True,FW,90
ENG-Premier League,2122,2021-12-11 Norwich City-Manchester Utd,23,Kenny McLean,Norwich City,True,CM,90
ENG-Premier League,2122,2021-12-11 Norwich City-Manchester Utd,24,Josh Sargent,Norwich City,True,FW,90
ENG-Premier League,2122,2021-12-11 Norwich City-Manchester Utd,30,Dimitris Giannoulis,Norwich City,True,LB,90
ENG-Premier League,2122,2021-12-11 Norwich City-Manchester Utd,28,Angus Gunn,Norwich City,False,,0
ENG-Premier League,2122,2021-12-11 Norwich City-Manchester Utd,3,Sam Byram,Norwich City,False,,0
ENG-Premier League,2122,2021-12-11 Norwich City-Manchester Utd,10,Kieran Dowell,Norwich City,False,,0
ENG-Premier League,2122,2021-12-11 Norwich City-Manchester Utd,14,Todd Cantwell,Norwich City,False,MF,21
ENG-Premier League,2122,2021-12-11 Norwich City-Manchester Utd,19,Jakob Sørensen,Norwich City,False,"DF,MF",70
ENG-Premier League,2122,2021-12-11 Norwich City-Manchester Utd,20,Pierre Lees-Melou,Norwich City,False,MF,15
ENG-Premier League,2122,2021-12-11 Norwich City-Manchester Utd,26,Bali Mumba,Norwich City,False,,0
ENG-Premier League,2122,2021-12-11 Norwich City-Manchester Utd,35,Adam Idah,Norwich City,False,,0
ENG-Premier League,2122,2021-12-11 Norwich City-Manchester Utd,40,Jonathan Tomkinson,Norwich City,False,,0
ENG-Premier League,2122,2021-12-11 Norwich City-Manchester Utd,1,David de Gea,Manchester United,True,GK,90
ENG-Premier League,2122,2021-12-11 Norwich City-Manchester Utd,2,Victor Lindelöf,Manchester United,True,CB,73
ENG-Premier League,2122,2021-12-11 Norwich City-Manchester Utd,5,Harry Maguire,Manchester United,True,CB,90
ENG-Premier League,2122,2021-12-11 Norwich City-Manchester Utd,7,Cristiano Ronaldo,Manchester United,True,FW,90
ENG-Premier League,2122,2021-12-11 Norwich City-Manchester Utd,10,Marcus Rashford,Manchester United,True,FW,90
ENG-Premier League,2122,2021-12-11 Norwich City-Manchester Utd,17,Fred,Manchester United,True,CM,90
ENG-Premier League,2122,2021-12-11 Norwich City-Manchester Utd,18,Bruno Fernandes,Manchester United,True,LW,87
ENG-Premier League,2122,2021-12-11 Norwich City-Manchester Utd,20,Diogo Dalot,Manchester United,True,RB,90
ENG-Premier League,2122,2021-12-11 Norwich City-Manchester Utd,25,Jadon Sancho,Manchester United,True,RW,66
ENG-Premier League,2122,2021-12-11 Norwich City-Manchester Utd,27,Alex Telles,Manchester United,True,LB,90
ENG-Premier League,2122,2021-12-11 Norwich City-Manchester Utd,39,Scott McTominay,Manchester United,True,CM,90
ENG-Premier League,2122,2021-12-11 Norwich City-Manchester Utd,22,Tom Heaton,Manchester United,False,,0
ENG-Premier League,2122,2021-12-11 Norwich City-Manchester Utd,26,Dean Henderson,Manchester United,False,,0
ENG-Premier League,2122,2021-12-11 Norwich City-Manchester Utd,3,Eric Bailly,Manchester United,False,DF,17
ENG-Premier League,2122,2021-12-11 Norwich City-Manchester Utd,4,Phil Jones,Manchester United,False,,0
ENG-Premier League,2122,2021-12-11 Norwich City-Manchester Utd,11,Mason Greenwood,Manchester United,False,"FW,MF",24
ENG-Premier League,2122,2021-12-11 Norwich City-Manchester Utd,14,Jesse Lingard,Manchester United,False,,0
ENG-Premier League,2122,2021-12-11 Norwich City-Manchester Utd,23,Luke Shaw,Manchester United,False,,0
ENG-Premier League,2122,2021-12-11 Norwich City-Manchester Utd,34,Donny van de Beek,Manchester United,False,MF,3
ENG-Premier League,2122,2021-12-11 Norwich City-Manchester Utd,36,Anthony Elanga,Manchester United,False,,0
ENG-Premier League,2122,2021-12-04 Newcastle United-Burnley,1,Martin Dúbravka,Newcastle United,True,GK,90
ENG-Premier League,2122,2021-12-04 Newcastle United-Burnley,5,Fabian Schär,Newcastle United,True,CB,90
ENG-Premier League,2122,2021-12-04 Newcastle United-Burnley,6,Jamaal Lascelles,Newcastle United,True,CB,90
ENG-Premier League,2122,2021-12-04 Newcastle United-Burnley,7,Joelinton,Newcastle United,True,FW,90
ENG-Premier League,2122,2021-12-04 Newcastle United-Burnley,8,Jonjo Shelvey,Newcastle United,True,CM,90
ENG-Premier League,2122,2021-12-04 Newcastle United-Burnley,9,Callum Wilson,Newcastle United,True,FW,90
ENG-Premier League,2122,2021-12-04 Newcastle United-Burnley,10,Allan Saint-Maximin,Newcastle United,True,LM,89
ENG-Premier League,2122,2021-12-04 Newcastle United-Burnley,12,Jamal Lewis,Newcastle United,True,LB,90
ENG-Premier League,2122,2021-12-04 Newcastle United-Burnley,19,Javier Manquillo,Newcastle United,True,RB,90
ENG-Premier League,2122,2021-12-04 Newcastle United-Burnley,24,Miguel Almirón,Newcastle United,True,RM,84
ENG-Premier League,2122,2021-12-04 Newcastle United-Burnley,28,Joe Willock,Newcastle United,True,CM,90
ENG-Premier League,2122,2021-12-04 Newcastle United-Burnley,26,Karl Darlow,Newcastle United,False,,0
ENG-Premier League,2122,2021-12-04 Newcastle United-Burnley,11,Matt Ritchie,Newcastle United,False,,0
ENG-Premier League,2122,2021-12-04 Newcastle United-Burnley,14,Isaac Hayden,Newcastle United,False,,0
ENG-Premier League,2122,2021-12-04 Newcastle United-Burnley,16,Jeff Hendrick,Newcastle United,False,,0
ENG-Premier League,2122,2021-12-04 Newcastle United-Burnley,17,Emil Krafth,Newcastle United,False,,0
ENG-Premier League,2122,2021-12-04 Newcastle United-Burnley,18,Federico Fernández,Newcastle United,False,DF,6
ENG-Premier League,2122,2021-12-04 Newcastle United-Burnley,23,Jacob Murphy,Newcastle United,False,"DF,FW",1
ENG-Premier League,2122,2021-12-04 Newcastle United-Burnley,34,Dwight Gayle,Newcastle United,False,,0
ENG-Premier League,2122,2021-12-04 Newcastle United-Burnley,36,Sean Longstaff,Newcastle United,False,,0
ENG-Premier League,2122,2021-12-04 Newcastle United-Burnley,1,Nick Pope,Burnley,True,GK,90
ENG-Premier League,2122,2021-12-04 Newcastle United-Burnley,2,Matthew Lowton,Burnley,True,RB,74
ENG-Premier League,2122,2021-12-04 Newcastle United-Burnley,3,Charlie Taylor,Burnley,True,LB,90
ENG-Premier League,2122,2021-12-04 Newcastle United-Burnley,5,James Tarkowski,Burnley,True,CB,90
ENG-Premier League,2122,2021-12-04 Newcastle United-Burnley,7,Jóhann Berg Guðmundsson,Burnley,True,RM,79
ENG-Premier League,2122,2021-12-04 Newcastle United-Burnley,8,Josh Brownhill,Burnley,True,CM,90
ENG-Premier League,2122,2021-12-04 Newcastle United-Burnley,9,Chris Wood,Burnley,True,FW,90
ENG-Premier League,2122,2021-12-04 Newcastle United-Burnley,11,Dwight McNeil,Burnley,True,LM,90
ENG-Premier League,2122,2021-12-04 Newcastle United-Burnley,18,Ashley Westwood,Burnley,True,CM,90
ENG-Premier League,2122,2021-12-04 Newcastle United-Burnley,20,Maxwel Cornet,Burnley,True,FW,31
ENG-Premier League,2122,2021-12-04 Newcastle United-Burnley,22,Nathan Collins,Burnley,True,CB,90
ENG-Premier League,2122,2021-12-04 Newcastle United-Burnley,13,Wayne Hennessey,Burnley,False,,0
ENG-Premier League,2122,2021-12-04 Newcastle United-Burnley,4,Jack Cork,Burnley,False,,0
ENG-Premier League,2122,2021-12-04 Newcastle United-Burnley,14,Connor Roberts,Burnley,False,"DF,MF",16
ENG-Premier League,2122,2021-12-04 Newcastle United-Burnley,17,Aaron Lennon,Burnley,False,,0
ENG-Premier League,2122,2021-12-04 Newcastle United-Burnley,19,Jay Rodriguez,Burnley,False,"FW,MF",11
ENG-Premier League,2122,2021-12-04 Newcastle United-Burnley,23,Erik Pieters,Burnley,False,,0
ENG-Premier League,2122,2021-12-04 Newcastle United-Burnley,27,Matěj Vydra,Burnley,False,"FW,MF",59
ENG-Premier League,2122,2021-12-04 Newcastle United-Burnley,28,Kevin Long,Burnley,False,,0
ENG-Premier League,2122,2021-12-04 Newcastle United-Burnley,37,Bobby Thomas,Burnley,False,,0
ENG-Premier League,2122,2022-05-07 Crystal Palace-Watford,1,Jack Butland,Crystal Palace,True,GK,90
ENG-Premier League,2122,2022-05-07 Crystal Palace-Watford,2,Joel Ward,Crystal Palace,True,LB,90
ENG-Premier League,2122,2022-05-07 Crystal Palace-Watford,6,Marc Guéhi,Crystal Palace,True,CB,72
ENG-Premier League,2122,2022-05-07 Crystal Palace-Watford,7,Michael Olise,Crystal Palace,True,FW,90
ENG-Premier League,2122,2022-05-07 Crystal Palace-Watford,10,Eberechi Eze,Crystal Palace,True,CM,90
ENG-Premier League,2122,2022-05-07 Crystal Palace-Watford,11,Wilfried Zaha,Crystal Palace,True,FW,82
ENG-Premier League,2122,2022-05-07 Crystal Palace-Watford,12,Will Hughes,Crystal Palace,True,CM,90
ENG-Premier League,2122,2022-05-07 Crystal Palace-Watford,16,Joachim Andersen,Crystal Palace,True,CB,90
ENG-Premier League,2122,2022-05-07 Crystal Palace-Watford,17,Nathaniel Clyne,Crystal Palace,True,RB,90
ENG-Premier League,2122,2022-05-07 Crystal Palace-Watford,22,Odsonne Édouard,Crystal Palace,True,FW,90
ENG-Premier League,2122,2022-05-07 Crystal Palace-Watford,23,Conor Gallagher,Crystal Palace,True,CM,62
ENG-Premier League,2122,2022-05-07 Crystal Palace-Watford,19,Remi Matthews,Crystal Palace,False,,0
ENG-Premier League,2122,2022-05-07 Crystal Palace-Watford,3,Tyrick Mitchell,Crystal Palace,False,"DF,MF",18
ENG-Premier League,2122,2022-05-07 Crystal Palace-Watford,4,Luka Milivojević,Crystal Palace,False,,0
ENG-Premier League,2122,2022-05-07 Crystal Palace-Watford,5,James Tomkins,Crystal Palace,False,,0
ENG-Premier League,2122,2022-05-07 Crystal Palace-Watford,8,Cheikhou Kouyaté,Crystal Palace,False,,0
ENG-Premier League,2122,2022-05-07 Crystal Palace-Watford,9,Jordan Ayew,Crystal Palace,False,,0
ENG-Premier League,2122,2022-05-07 Crystal Palace-Watford,14,Jean-Philippe Mateta,Crystal Palace,False,FW,8
ENG-Premier League,2122,2022-05-07 Crystal Palace-Watford,15,Jeffrey Schlupp,Crystal Palace,False,"DF,FW",28
ENG-Premier League,2122,2022-05-07 Crystal Palace-Watford,20,Christian Benteke,Crystal Palace,False,,0
ENG-Premier League,2122,2022-05-07 Crystal Palace-Watford,1,Ben Foster,Watford,True,GK,90
ENG-Premier League,2122,2022-05-07 Crystal Palace-Watford,7,Joshua King,Watford,True,FW,90
ENG-Premier League,2122,2022-05-07 Crystal Palace-Watford,8,Tom Cleverley,Watford,True,CM,51
ENG-Premier League,2122,2022-05-07 Crystal Palace-Watford,14,Hassane Kamara,Watford,True,LB,68
ENG-Premier League,2122,2022-05-07 Crystal Palace-Watford,15,Craig Cathcart,Watford,True,CB,90
ENG-Premier League,2122,2022-05-07 Crystal Palace-Watford,19,Moussa Sissoko,Watford,True,CM,90
ENG-Premier League,2122,2022-05-07 Crystal Palace-Watford,21,Kiko Femenía,Watford,True,RB,90
ENG-Premier League,2122,2022-05-07 Crystal Palace-Watford,22,Samir Santos,Watford,True,CB,77
ENG-Premier League,2122,2022-05-07 Crystal Palace-Watford,23,Ismaila Sarr,Watford,True,FW,90
ENG-Premier League,2122,2022-05-07 Crystal Palace-Watford,25,Emmanuel Dennis,Watford,True,FW,72
ENG-Premier League,2122,2022-05-07 Crystal Palace-Watford,39,Edo Kayembe,Watford,True,CM,90
ENG-Premier League,2122,2022-05-07 Crystal Palace-Watford,26,Daniel Bachmann,Watford,False,,0
ENG-Premier League,2122,2022-05-07 Crystal Palace-Watford,2,Jeremy Ngakia,Watford,False,,0
ENG-Premier League,2122,2022-05-07 Crystal Palace-Watford,4,Oghenekaro Etebo,Watford,False,,0
ENG-Premier League,2122,2022-05-07 Crystal Palace-Watford,5,William Troost-Ekong,Watford,False,"DF,MF",13
ENG-Premier League,2122,2022-05-07 Crystal Palace-Watford,11,Adam Masina,Watford,False,DF,18
ENG-Premier League,2122,2022-05-07 Crystal Palace-Watford,12,Ken Sema,Watford,False,"FW,MF",39
ENG-Premier League,2122,2022-05-07 Crystal Palace-Watford,16,Dan Gosling,Watford,False,,0
ENG-Premier League,2122,2022-05-07 Crystal Palace-Watford,27,Christian Kabasele,Watford,False,,0
ENG-Premier League,2122,2022-05-07 Crystal Palace-Watford,28,Samuel Kalu,Watford,False,,0
ENG-Premier League,2122,2021-12-01 Southampton-Leicester City,1,Alex McCarthy,Southampton,True,GK,90
ENG-Premier League,2122,2021-12-01 Southampton-Leicester City,2,Kyle Walker-Peters,Southampton,True,LB,90
ENG-Premier League,2122,2021-12-01 Southampton-Leicester City,6,Oriol Romeu,Southampton,True,CM,90
ENG-Premier League,2122,2021-12-01 Southampton-Leicester City,8,James Ward-Prowse,Southampton,True,CM,90
ENG-Premier League,2122,2021-12-01 Southampton-Leicester City,9,Adam Armstrong,Southampton,True,FW,72
ENG-Premier League,2122,2021-12-01 Southampton-Leicester City,10,Che Adams,Southampton,True,FW,90
ENG-Premier League,2122,2021-12-01 Southampton-Leicester City,11,Nathan Redmond,Southampton,True,RM,90
ENG-Premier League,2122,2021-12-01 Southampton-Leicester City,21,Valentino Livramento,Southampton,True,RB,90
ENG-Premier League,2122,2021-12-01 Southampton-Leicester City,22,Mohammed Salisu,Southampton,True,CB,90
ENG-Premier League,2122,2021-12-01 Southampton-Leicester City,23,Nathan Tella,Southampton,True,LM,64
ENG-Premier League,2122,2021-12-01 Southampton-Leicester City,35,Jan Bednarek,Southampton,True,CB,84
ENG-Premier League,2122,2021-12-01 Southampton-Leicester City,44,Fraser Forster,Southampton,False,,0
ENG-Premier League,2122,2021-12-01 Southampton-Leicester City,4,Lyanco,Southampton,False,DF,6
ENG-Premier League,2122,2021-12-01 Southampton-Leicester City,7,Shane Long,Southampton,False,,0
ENG-Premier League,2122,2021-12-01 Southampton-Leicester City,15,Romain Perraud,Southampton,False,,0
ENG-Premier League,2122,2021-12-01 Southampton-Leicester City,18,Armando Broja,Southampton,False,FW,26
ENG-Premier League,2122,2021-12-01 Southampton-Leicester City,19,Moussa Djenepo,Southampton,False,,0
ENG-Premier League,2122,2021-12-01 Southampton-Leicester City,20,William Smallbone,Southampton,False,,0
ENG-Premier League,2122,2021-12-01 Southampton-Leicester City,24,Mohamed Elyounoussi,Southampton,False,"FW,MF",18
ENG-Premier League,2122,2021-12-01 Southampton-Leicester City,43,Yan Valery,Southampton,False,,0
ENG-Premier League,2122,2021-12-01 Southampton-Leicester City,1,Kasper Schmeichel,Leicester City,True,GK,90
ENG-Premier League,2122,2021-12-01 Southampton-Leicester City,4,Çağlar Söyüncü,Leicester City,True,CB,90
ENG-Premier League,2122,2021-12-01 Southampton-Leicester City,6,Jonny Evans,Leicester City,True,CB,90
ENG-Premier League,2122,2021-12-01 Southampton-Leicester City,7,Harvey Barnes,Leicester City,True,AM,74
ENG-Premier League,2122,2021-12-01 Southampton-Leicester City,9,Jamie Vardy,Leicester City,True,FW,90
ENG-Premier League,2122,2021-12-01 Southampton-Leicester City,10,James Maddison,Leicester City,True,AM,90
ENG-Premier League,2122,2021-12-01 Southampton-Leicester City,25,Wilfred Ndidi,Leicester City,True,DM,90
ENG-Premier League,2122,2021-12-01 Southampton-Leicester City,27,Timothy Castagne,Leicester City,True,RB,90
ENG-Premier League,2122,2021-12-01 Southampton-Leicester City,33,Luke Thomas,Leicester City,True,LB,90
ENG-Premier League,2122,2021-12-01 Southampton-Leicester City,37,Ademola Lookman,Leicester City,True,AM,60
ENG-Premier League,2122,2021-12-01 Southampton-Leicester City,42,Boubakary Soumaré,Leicester City,True,DM,45
ENG-Premier League,2122,2021-12-01 Southampton-Leicester City,12,Danny Ward,Leicester City,False,,0
ENG-Premier League,2122,2021-12-01 Southampton-Leicester City,11,Marc Albrighton,Leicester City,False,,0
ENG-Premier League,2122,2021-12-01 Southampton-Leicester City,14,Kelechi Iheanacho,Leicester City,False,,0
ENG-Premier League,2122,2021-12-01 Southampton-Leicester City,17,Ayoze Pérez,Leicester City,False,"FW,MF",30
ENG-Premier League,2122,2021-12-01 Southampton-Leicester City,18,Daniel Amartey,Leicester City,False,,0
ENG-Premier League,2122,2021-12-01 Southampton-Leicester City,20,Hamza Choudhury,Leicester City,False,,0
ENG-Premier League,2122,2021-12-01 Southampton-Leicester City,22,Kiernan Dewsbury-Hall,Leicester City,False,MF,45
ENG-Premier League,2122,2021-12-01 Southampton-Leicester City,23,Jannik Vestergaard,Leicester City,False,,0
ENG-Premier League,2122,2021-12-01 Southampton-Leicester City,29,Patson Daka,Leicester City,False,FW,16
ENG-Premier League,2122,2021-09-18 Manchester City-Southampton,31,Ederson,Manchester City,True,GK,90
ENG-Premier League,2122,2021-09-18 Manchester City-Southampton,2,Kyle Walker,Manchester City,True,RB,90
ENG-Premier League,2122,2021-09-18 Manchester City-Southampton,3,Rúben Dias,Manchester City,True,CB,90
ENG-Premier League,2122,2021-09-18 Manchester City-Southampton,6,Nathan Aké,Manchester City,True,CB,90
ENG-Premier League,2122,2021-09-18 Manchester City-Southampton,7,Raheem Sterling,Manchester City,True,FW,90
ENG-Premier League,2122,2021-09-18 Manchester City-Southampton,8,İlkay Gündoğan,Manchester City,True,CM,90
ENG-Premier League,2122,2021-09-18 Manchester City-Southampton,9,Gabriel Jesus,Manchester City,True,FW,66
ENG-Premier League,2122,2021-09-18 Manchester City-Southampton,10,Jack Grealish,Manchester City,True,FW,90
ENG-Premier League,2122,2021-09-18 Manchester City-Southampton,20,Bernardo Silva,Manchester City,True,CM,71
ENG-Premier League,2122,2021-09-18 Manchester City-Southampton,25,Fernandinho,Manchester City,True,CM,64
ENG-Premier League,2122,2021-09-18 Manchester City-Southampton,27,João Cancelo,Manchester City,True,LB,90
ENG-Premier League,2122,2021-09-18 Manchester City-Southampton,33,Scott Carson,Manchester City,False,,0
ENG-Premier League,2122,2021-09-18 Manchester City-Southampton,17,Kevin De Bruyne,Manchester City,False,"FW,MF",26
ENG-Premier League,2122,2021-09-18 Manchester City-Southampton,21,Ferrán Torres,Manchester City,False,,0
ENG-Premier League,2122,2021-09-18 Manchester City-Southampton,26,Riyad Mahrez,Manchester City,False,"FW,MF",24
ENG-Premier League,2122,2021-09-18 Manchester City-Southampton,47,Phil Foden,Manchester City,False,"FW,MF",19
ENG-Premier League,2122,2021-09-18 Manchester City-Southampton,79,Luke Mbete-Tatu,Manchester City,False,,0
ENG-Premier League,2122,2021-09-18 Manchester City-Southampton,80,Cole Palmer,Manchester City,False,,0
ENG-Premier League,2122,2021-09-18 Manchester City-Southampton,90,Roméo Lavia,Manchester City,False,,0
ENG-Premier League,2122,2021-09-18 Manchester City-Southampton,97,Josh Wilson-Esbrand,Manchester City,False,,0
ENG-Premier League,2122,2021-09-18 Manchester City-Southampton,1,Alex McCarthy,Southampton,True,GK,90
ENG-Premier League,2122,2021-09-18 Manchester City-Southampton,2,Kyle Walker-Peters,Southampton,True,LB,90
ENG-Premier League,2122,2021-09-18 Manchester City-Southampton,5,Jack Stephens,Southampton,True,CB,36
ENG-Premier League,2122,2021-09-18 Manchester City-Southampton,6,Oriol Romeu,Southampton,True,DM,90
ENG-Premier League,2122,2021-09-18 Manchester City-Southampton,8,James Ward-Prowse,Southampton,True,AM,90
ENG-Premier League,2122,2021-09-18 Manchester City-Southampton,9,Adam Armstrong,Southampton,True,FW,90
ENG-Premier League,2122,2021-09-18 Manchester City-Southampton,10,Che Adams,Southampton,True,AM,67
ENG-Premier League,2122,2021-09-18 Manchester City-Southampton,11,Nathan Redmond,Southampton,True,LW,90
ENG-Premier League,2122,2021-09-18 Manchester City-Southampton,21,Valentino Livramento,Southampton,True,RB,85
ENG-Premier League,2122,2021-09-18 Manchester City-Southampton,24,Mohamed Elyounoussi,Southampton,True,RW,90
ENG-Premier League,2122,2021-09-18 Manchester City-Southampton,35,Jan Bednarek,Southampton,True,CB,90
ENG-Premier League,2122,2021-09-18 Manchester City-Southampton,44,Fraser Forster,Southampton,False,,0
ENG-Premier League,2122,2021-09-18 Manchester City-Southampton,4,Lyanco,Southampton,False,,0
ENG-Premier League,2122,2021-09-18 Manchester City-Southampton,15,Romain Perraud,Southampton,False,DF,5
ENG-Premier League,2122,2021-09-18 Manchester City-Southampton,18,Armando Broja,Southampton,False,FW,23
ENG-Premier League,2122,2021-09-18 Manchester City-Southampton,19,Moussa Djenepo,Southampton,False,,0
ENG-Premier League,2122,2021-09-18 Manchester City-Southampton,22,Mohammed Salisu,Southampton,False,DF,54
ENG-Premier League,2122,2021-09-18 Manchester City-Southampton,23,Nathan Tella,Southampton,False,,0
ENG-Premier League,2122,2021-09-18 Manchester City-Southampton,27,Ibrahima Diallo,Southampton,False,,0
ENG-Premier League,2122,2021-09-18 Manchester City-Southampton,43,Yan Valery,Southampton,False,,0
ENG-Premier League,2122,2021-10-17 Everton-West Ham United,1,Jordan Pickford,Everton,True,GK,90
ENG-Premier League,2122,2021-10-17 Everton-West Ham United,5,Michael Keane,Everton,True,CB,90
ENG-Premier League,2122,2021-10-17 Everton-West Ham United,6,Allan,Everton,True,DM,90
ENG-Premier League,2122,2021-10-17 Everton-West Ham United,11,Demarai Gray,Everton,True,AM,90
ENG-Premier League,2122,2021-10-17 Everton-West Ham United,12,Lucas Digne,Everton,True,LB,90
ENG-Premier League,2122,2021-10-17 Everton-West Ham United,14,Andros Townsend,Everton,True,DM,90
ENG-Premier League,2122,2021-10-17 Everton-West Ham United,16,Abdoulaye Doucouré,Everton,True,DM,90
ENG-Premier League,2122,2021-10-17 Everton-West Ham United,17,Alex Iwobi,Everton,True,DM,78
ENG-Premier League,2122,2021-10-17 Everton-West Ham United,22,Ben Godfrey,Everton,True,CB,90
ENG-Premier League,2122,2021-10-17 Everton-West Ham United,23,Séamus Coleman,Everton,True,RB,90
ENG-Premier League,2122,2021-10-17 Everton-West Ham United,33,Salomón Rondón,Everton,True,FW,90
ENG-Premier League,2122,2021-10-17 Everton-West Ham United,15,Asmir Begović,Everton,False,,0
ENG-Premier League,2122,2021-10-17 Everton-West Ham United,53,Harry Tyrer,Everton,False,,0
ENG-Premier League,2122,2021-10-17 Everton-West Ham United,2,Jonjoe Kenny,Everton,False,,0
ENG-Premier League,2122,2021-10-17 Everton-West Ham United,4,Mason Holgate,Everton,False,,0
ENG-Premier League,2122,2021-10-17 Everton-West Ham United,13,Yerry Mina,Everton,False,,0
ENG-Premier League,2122,2021-10-17 Everton-West Ham United,24,Anthony Gordon,Everton,False,"FW,MF",12
ENG-Premier League,2122,2021-10-17 Everton-West Ham United,25,Jean-Philippe Gbamin,Everton,False,,0
ENG-Premier League,2122,2021-10-17 Everton-West Ham United,26,Tom Davies,Everton,False,,0
ENG-Premier League,2122,2021-10-17 Everton-West Ham United,61,Lewis Dobbin,Everton,False,,0
ENG-Premier League,2122,2021-10-17 Everton-West Ham United,1,Łukasz Fabiański,West Ham United,True,GK,90
ENG-Premier League,2122,2021-10-17 Everton-West Ham United,3,Aaron Cresswell,West Ham United,True,LB,90
ENG-Premier League,2122,2021-10-17 Everton-West Ham United,4,Kurt Zouma,West Ham United,True,CB,90
ENG-Premier League,2122,2021-10-17 Everton-West Ham United,8,Pablo Fornals,West Ham United,True,AM,90
ENG-Premier League,2122,2021-10-17 Everton-West Ham United,9,Michail Antonio,West Ham United,True,FW,90
ENG-Premier League,2122,2021-10-17 Everton-West Ham United,20,Jarrod Bowen,West Ham United,True,AM,89
ENG-Premier League,2122,2021-10-17 Everton-West Ham United,21,Angelo Ogbonna,West Ham United,True,CB,90
ENG-Premier League,2122,2021-10-17 Everton-West Ham United,22,Saïd Benrahma,West Ham United,True,AM,86
ENG-Premier League,2122,2021-10-17 Everton-West Ham United,28,Tomáš Souček,West Ham United,True,DM,78
ENG-Premier League,2122,2021-10-17 Everton-West Ham United,31,Ben Johnson,West Ham United,True,RB,90
ENG-Premier League,2122,2021-10-17 Everton-West Ham United,41,Declan Rice,West Ham United,True,DM,90
ENG-Premier League,2122,2021-10-17 Everton-West Ham United,13,Alphonse Areola,West Ham United,False,,0
ENG-Premier League,2122,2021-10-17 Everton-West Ham United,7,Andriy Yarmolenko,West Ham United,False,"FW,MF",1
ENG-Premier League,2122,2021-10-17 Everton-West Ham United,10,Manuel Lanzini,West Ham United,False,"FW,MF",4
ENG-Premier League,2122,2021-10-17 Everton-West Ham United,11,Nikola Vlašić,West Ham United,False,,0
ENG-Premier League,2122,2021-10-17 Everton-West Ham United,15,Craig Dawson,West Ham United,False,DF,12
ENG-Premier League,2122,2021-10-17 Everton-West Ham United,23,Issa Diop,West Ham United,False,,0
ENG-Premier League,2122,2021-10-17 Everton-West Ham United,26,Arthur Masuaku,West Ham United,False,,0
ENG-Premier League,2122,2021-10-17 Everton-West Ham United,50,Harrison Ashby,West Ham United,False,,0
ENG-Premier League,2122,2021-10-17 Everton-West Ham United,75,Jamal Baptiste,West Ham United,False,,0
ENG-Premier League,2122,2022-05-22 Leicester City-Southampton,1,Kasper Schmeichel,Leicester City,True,GK,90
ENG-Premier League,2122,2022-05-22 Leicester City-Southampton,2,James Justin,Leicester City,True,LB,90
ENG-Premier League,2122,2022-05-22 Leicester City-Southampton,3,Wesley Fofana,Leicester City,True,CB,90
ENG-Premier League,2122,2022-05-22 Leicester City-Southampton,6,Jonny Evans,Leicester City,True,CB,90
ENG-Premier League,2122,2022-05-22 Leicester City-Southampton,7,Harvey Barnes,Leicester City,True,AM,76
ENG-Premier League,2122,2022-05-22 Leicester City-Southampton,8,Youri Tielemans,Leicester City,True,DM,90
ENG-Premier League,2122,2022-05-22 Leicester City-Southampton,9,Jamie Vardy,Leicester City,True,FW,90
ENG-Premier League,2122,2022-05-22 Leicester City-Southampton,10,James Maddison,Leicester City,True,AM,81
ENG-Premier League,2122,2022-05-22 Leicester City-Southampton,22,Kiernan Dewsbury-Hall,Leicester City,True,AM,62
ENG-Premier League,2122,2022-05-22 Leicester City-Southampton,24,Nampalys Mendy,Leicester City,True,DM,90
ENG-Premier League,2122,2022-05-22 Leicester City-Southampton,27,Timothy Castagne,Leicester City,True,RB,69
ENG-Premier League,2122,2022-05-22 Leicester City-Southampton,12,Danny Ward,Leicester City,False,,0
ENG-Premier League,2122,2022-05-22 Leicester City-Southampton,4,Çağlar Söyüncü,Leicester City,False,,0
ENG-Premier League,2122,2022-05-22 Leicester City-Southampton,11,Marc Albrighton,Leicester City,False,,0
ENG-Premier League,2122,2022-05-22 Leicester City-Southampton,14,Kelechi Iheanacho,Leicester City,False,,0
ENG-Premier League,2122,2022-05-22 Leicester City-Southampton,17,Ayoze Pérez,Leicester City,False,"FW,MF",28
ENG-Premier League,2122,2022-05-22 Leicester City-Southampton,18,Daniel Amartey,Leicester City,False,"DF,MF",9
ENG-Premier League,2122,2022-05-22 Leicester City-Southampton,21,Ricardo Pereira,Leicester City,False,"DF,FW",21
ENG-Premier League,2122,2022-05-22 Leicester City-Southampton,29,Patson Daka,Leicester City,False,,0
ENG-Premier League,2122,2022-05-22 Leicester City-Southampton,37,Ademola Lookman,Leicester City,False,"FW,MF",14
ENG-Premier League,2122,2022-05-22 Leicester City-Southampton,1,Alex McCarthy,Southampton,True,GK,90
ENG-Premier League,2122,2022-05-22 Leicester City-Southampton,2,Kyle Walker-Peters,Southampton,True,RB,90
ENG-Premier League,2122,2022-05-22 Leicester City-Southampton,4,Lyanco,Southampton,True,CB,90
ENG-Premier League,2122,2022-05-22 Leicester City-Southampton,5,Jack Stephens,Southampton,True,CB,90
ENG-Premier League,2122,2022-05-22 Leicester City-Southampton,6,Oriol Romeu,Southampton,True,CM,89
ENG-Premier League,2122,2022-05-22 Leicester City-Southampton,8,James Ward-Prowse,Southampton,True,CM,90
ENG-Premier League,2122,2022-05-22 Leicester City-Southampton,9,Adam Armstrong,Southampton,True,FW,62
ENG-Premier League,2122,2022-05-22 Leicester City-Southampton,11,Nathan Redmond,Southampton,True,FW,82
ENG-Premier League,2122,2022-05-22 Leicester City-Southampton,17,Stuart Armstrong,Southampton,True,FW,90
ENG-Premier League,2122,2022-05-22 Leicester City-Southampton,22,Mohammed Salisu,Southampton,True,LB,90
ENG-Premier League,2122,2022-05-22 Leicester City-Southampton,24,Mohamed Elyounoussi,Southampton,True,CM,71
ENG-Premier League,2122,2022-05-22 Leicester City-Southampton,13,Willy Caballero,Southampton,False,,0
ENG-Premier League,2122,2022-05-22 Leicester City-Southampton,7,Shane Long,Southampton,False,FW,8
ENG-Premier League,2122,2022-05-22 Leicester City-Southampton,10,Che Adams,Southampton,False,"FW,MF",28
ENG-Premier League,2122,2022-05-22 Leicester City-Southampton,19,Moussa Djenepo,Southampton,False,"FW,MF",19
ENG-Premier League,2122,2022-05-22 Leicester City-Southampton,20,William Smallbone,Southampton,False,MF,1
ENG-Premier League,2122,2022-05-22 Leicester City-Southampton,27,Ibrahima Diallo,Southampton,False,,0
ENG-Premier League,2122,2022-05-22 Leicester City-Southampton,32,Theo Walcott,Southampton,False,,0
ENG-Premier League,2122,2022-05-22 Leicester City-Southampton,35,Jan Bednarek,Southampton,False,,0
ENG-Premier League,2122,2022-05-22 Leicester City-Southampton,43,Yan Valery,Southampton,False,,0
ENG-Premier League,2122,2021-12-05 Leeds United-Brentford,1,Illan Meslier,Leeds United,True,GK,90
ENG-Premier League,2122,2021-12-05 Leeds United-Brentford,2,Luke Ayling,Leeds United,True,CB,90
ENG-Premier League,2122,2021-12-05 Leeds United-Brentford,3,Junior Firpo,Leeds United,True,LM,67
ENG-Premier League,2122,2021-12-05 Leeds United-Brentford,4,Adam Forshaw,Leeds United,True,CM,90
ENG-Premier League,2122,2021-12-05 Leeds United-Brentford,6,Liam Cooper,Leeds United,True,CB,14
ENG-Premier League,2122,2021-12-05 Leeds United-Brentford,10,Raphinha,Leeds United,True,FW,90
ENG-Premier League,2122,2021-12-05 Leeds United-Brentford,11,Tyler Roberts,Leeds United,True,FW,90
ENG-Premier League,2122,2021-12-05 Leeds United-Brentford,14,Diego Llorente,Leeds United,True,CB,90
ENG-Premier League,2122,2021-12-05 Leeds United-Brentford,15,Stuart Dallas,Leeds United,True,RM,90
ENG-Premier League,2122,2021-12-05 Leeds United-Brentford,20,Daniel James,Leeds United,True,FW,90
ENG-Premier League,2122,2021-12-05 Leeds United-Brentford,23,Kalvin Phillips,Leeds United,True,CM,54
ENG-Premier League,2122,2021-12-05 Leeds United-Brentford,13,Kristoffer Klaesson,Leeds United,False,,0
ENG-Premier League,2122,2021-12-05 Leeds United-Brentford,9,Patrick Bamford,Leeds United,False,"FW,MF",23
ENG-Premier League,2122,2021-12-05 Leeds United-Brentford,19,Rodrigo,Leeds United,False,,0
ENG-Premier League,2122,2021-12-05 Leeds United-Brentford,22,Jack Harrison,Leeds United,False,"FW,MF",76
ENG-Premier League,2122,2021-12-05 Leeds United-Brentford,35,Charlie Cresswell,Leeds United,False,,0
ENG-Premier League,2122,2021-12-05 Leeds United-Brentford,38,Crysencio Summerville,Leeds United,False,,0
ENG-Premier League,2122,2021-12-05 Leeds United-Brentford,43,Mateusz Klich,Leeds United,False,MF,36
ENG-Premier League,2122,2021-12-05 Leeds United-Brentford,46,Jamie Shackleton,Leeds United,False,,0
ENG-Premier League,2122,2021-12-05 Leeds United-Brentford,47,Jack Jenkins,Leeds United,False,,0
ENG-Premier League,2122,2021-12-05 Leeds United-Brentford,40,Álvaro Fernández,Brentford,True,GK,90
ENG-Premier League,2122,2021-12-05 Leeds United-Brentford,3,Rico Henry,Brentford,True,LM,90
ENG-Premier League,2122,2021-12-05 Leeds United-Brentford,4,Charlie Goode,Brentford,True,CB,90
ENG-Premier League,2122,2021-12-05 Leeds United-Brentford,5,Ethan Pinnock,Brentford,True,CB,90
ENG-Premier League,2122,2021-12-05 Leeds United-Brentford,6,Christian Nørgaard,Brentford,True,CM,90
ENG-Premier League,2122,2021-12-05 Leeds United-Brentford,7,Sergi Canós,Brentford,True,FW,71
ENG-Premier League,2122,2021-12-05 Leeds United-Brentford,18,Pontus Jansson,Brentford,True,CB,90
ENG-Premier League,2122,2021-12-05 Leeds United-Brentford,19,Bryan Mbeumo,Brentford,True,FW,90
ENG-Premier League,2122,2021-12-05 Leeds United-Brentford,26,Shandon Baptiste,Brentford,True,CM,68
ENG-Premier League,2122,2021-12-05 Leeds United-Brentford,27,Vitaly Janelt,Brentford,True,CM,89
ENG-Premier League,2122,2021-12-05 Leeds United-Brentford,30,Mads Roerslev,Brentford,True,RM,90
ENG-Premier League,2122,2021-12-05 Leeds United-Brentford,41,Matthew Cox,Brentford,False,,0
ENG-Premier League,2122,2021-12-05 Leeds United-Brentford,2,Dominic Thompson,Brentford,False,,0
ENG-Premier League,2122,2021-12-05 Leeds United-Brentford,8,Mathias Jensen,Brentford,False,MF,1
ENG-Premier League,2122,2021-12-05 Leeds United-Brentford,9,Marcus Forss,Brentford,False,,0
ENG-Premier League,2122,2021-12-05 Leeds United-Brentford,11,Yoane Wissa,Brentford,False,"FW,MF",19
ENG-Premier League,2122,2021-12-05 Leeds United-Brentford,14,Saman Ghoddos,Brentford,False,,0
ENG-Premier League,2122,2021-12-05 Leeds United-Brentford,15,Frank Onyeka,Brentford,False,MF,22
ENG-Premier League,2122,2021-12-05 Leeds United-Brentford,36,Finley Stevens,Brentford,False,,0
ENG-Premier League,2122,2021-12-05 Leeds United-Brentford,43,Nathan Young-Coombes,Brentford,False,,0
ENG-Premier League,2122,2022-02-25 Southampton-Norwich City,44,Fraser Forster,Southampton,True,GK,90
ENG-Premier League,2122,2022-02-25 Southampton-Norwich City,2,Kyle Walker-Peters,Southampton,True,LB,90
ENG-Premier League,2122,2022-02-25 Southampton-Norwich City,6,Oriol Romeu,Southampton,True,CM,90
ENG-Premier League,2122,2022-02-25 Southampton-Norwich City,8,James Ward-Prowse,Southampton,True,CM,90
ENG-Premier League,2122,2022-02-25 Southampton-Norwich City,10,Che Adams,Southampton,True,FW,82
ENG-Premier League,2122,2022-02-25 Southampton-Norwich City,17,Stuart Armstrong,Southampton,True,RM,89
ENG-Premier League,2122,2022-02-25 Southampton-Norwich City,18,Armando Broja,Southampton,True,FW,80
ENG-Premier League,2122,2022-02-25 Southampton-Norwich City,21,Valentino Livramento,Southampton,True,RB,90
ENG-Premier League,2122,2022-02-25 Southampton-Norwich City,22,Mohammed Salisu,Southampton,True,CB,90
ENG-Premier League,2122,2022-02-25 Southampton-Norwich City,24,Mohamed Elyounoussi,Southampton,True,LM,90
ENG-Premier League,2122,2022-02-25 Southampton-Norwich City,35,Jan Bednarek,Southampton,True,CB,90
ENG-Premier League,2122,2022-02-25 Southampton-Norwich City,41,Harry Lewis,Southampton,False,,0
ENG-Premier League,2122,2022-02-25 Southampton-Norwich City,5,Jack Stephens,Southampton,False,DF,10
ENG-Premier League,2122,2022-02-25 Southampton-Norwich City,7,Shane Long,Southampton,False,FW,8
ENG-Premier League,2122,2022-02-25 Southampton-Norwich City,9,Adam Armstrong,Southampton,False,,0
ENG-Premier League,2122,2022-02-25 Southampton-Norwich City,15,Romain Perraud,Southampton,False,,0
ENG-Premier League,2122,2022-02-25 Southampton-Norwich City,19,Moussa Djenepo,Southampton,False,"FW,MF",1
ENG-Premier League,2122,2022-02-25 Southampton-Norwich City,27,Ibrahima Diallo,Southampton,False,,0
ENG-Premier League,2122,2022-02-25 Southampton-Norwich City,32,Theo Walcott,Southampton,False,,0
ENG-Premier League,2122,2022-02-25 Southampton-Norwich City,43,Yan Valery,Southampton,False,,0
ENG-Premier League,2122,2022-02-25 Southampton-Norwich City,28,Angus Gunn,Norwich City,True,GK,90
ENG-Premier League,2122,2022-02-25 Southampton-Norwich City,2,Max Aarons,Norwich City,True,RB,90
ENG-Premier League,2122,2022-02-25 Southampton-Norwich City,4,Ben Gibson,Norwich City,True,CB,90
ENG-Premier League,2122,2022-02-25 Southampton-Norwich City,5,Grant Hanley,Norwich City,True,CB,90
ENG-Premier League,2122,2022-02-25 Southampton-Norwich City,8,Billy Gilmour,Norwich City,True,AM,80
ENG-Premier League,2122,2022-02-25 Southampton-Norwich City,16,Mathias Normann,Norwich City,True,DM,71
ENG-Premier League,2122,2022-02-25 Southampton-Norwich City,17,Milot Rashica,Norwich City,True,LW,71
ENG-Premier League,2122,2022-02-25 Southampton-Norwich City,21,Brandon Williams,Norwich City,True,LB,90
ENG-Premier League,2122,2022-02-25 Southampton-Norwich City,22,Teemu Pukki,Norwich City,True,FW,90
ENG-Premier League,2122,2022-02-25 Southampton-Norwich City,23,Kenny McLean,Norwich City,True,AM,90
ENG-Premier League,2122,2022-02-25 Southampton-Norwich City,24,Josh Sargent,Norwich City,True,RW,90
ENG-Premier League,2122,2022-02-25 Southampton-Norwich City,1,Tim Krul,Norwich City,False,,0
ENG-Premier League,2122,2022-02-25 Southampton-Norwich City,3,Sam Byram,Norwich City,False,,0
ENG-Premier League,2122,2022-02-25 Southampton-Norwich City,6,Christoph Zimmermann,Norwich City,False,,0
ENG-Premier League,2122,2022-02-25 Southampton-Norwich City,7,Lukas Rupp,Norwich City,False,MF,19
ENG-Premier League,2122,2022-02-25 Southampton-Norwich City,10,Kieran Dowell,Norwich City,False,"FW,MF",10
ENG-Premier League,2122,2022-02-25 Southampton-Norwich City,11,Przemysław Płacheta,Norwich City,False,,0
ENG-Premier League,2122,2022-02-25 Southampton-Norwich City,20,Pierre Lees-Melou,Norwich City,False,MF,19
ENG-Premier League,2122,2022-02-25 Southampton-Norwich City,30,Dimitris Giannoulis,Norwich City,False,,0
ENG-Premier League,2122,2022-02-25 Southampton-Norwich City,46,Jonathan Rowe,Norwich City,False,,0
ENG-Premier League,2122,2022-04-23 Leicester City-Aston Villa,1,Kasper Schmeichel,Leicester City,True,GK,90
ENG-Premier League,2122,2022-04-23 Leicester City-Aston Villa,2,James Justin,Leicester City,True,RB,90
ENG-Premier League,2122,2022-04-23 Leicester City-Aston Villa,3,Wesley Fofana,Leicester City,True,CB,90
ENG-Premier League,2122,2022-04-23 Leicester City-Aston Villa,4,Çağlar Söyüncü,Leicester City,True,CB,90
ENG-Premier League,2122,2022-04-23 Leicester City-Aston Villa,8,Youri Tielemans,Leicester City,True,AM,85
ENG-Premier League,2122,2022-04-23 Leicester City-Aston Villa,10,James Maddison,Leicester City,True,RW,90
ENG-Premier League,2122,2022-04-23 Leicester City-Aston Villa,22,Kiernan Dewsbury-Hall,Leicester City,True,AM,90
ENG-Premier League,2122,2022-04-23 Leicester City-Aston Villa,24,Nampalys Mendy,Leicester City,True,DM,90
ENG-Premier League,2122,2022-04-23 Leicester City-Aston Villa,27,Timothy Castagne,Leicester City,True,LB,90
ENG-Premier League,2122,2022-04-23 Leicester City-Aston Villa,29,Patson Daka,Leicester City,True,FW,70
ENG-Premier League,2122,2022-04-23 Leicester City-Aston Villa,37,Ademola Lookman,Leicester City,True,LW,79
ENG-Premier League,2122,2022-04-23 Leicester City-Aston Villa,12,Danny Ward,Leicester City,False,,0
ENG-Premier League,2122,2022-04-23 Leicester City-Aston Villa,7,Harvey Barnes,Leicester City,False,"FW,MF",11
ENG-Premier League,2122,2022-04-23 Leicester City-Aston Villa,9,Jamie Vardy,Leicester City,False,FW,20
ENG-Premier League,2122,2022-04-23 Leicester City-Aston Villa,11,Marc Albrighton,Leicester City,False,,0
ENG-Premier League,2122,2022-04-23 Leicester City-Aston Villa,14,Kelechi Iheanacho,Leicester City,False,,0
ENG-Premier League,2122,2022-04-23 Leicester City-Aston Villa,17,Ayoze Pérez,Leicester City,False,"FW,MF",5
ENG-Premier League,2122,2022-04-23 Leicester City-Aston Villa,18,Daniel Amartey,Leicester City,False,,0
ENG-Premier League,2122,2022-04-23 Leicester City-Aston Villa,20,Hamza Choudhury,Leicester City,False,,0
ENG-Premier League,2122,2022-04-23 Leicester City-Aston Villa,21,Ricardo Pereira,Leicester City,False,,0
ENG-Premier League,2122,2022-04-23 Leicester City-Aston Villa,1,Emiliano Martínez,Aston Villa,True,GK,90
ENG-Premier League,2122,2022-04-23 Leicester City-Aston Villa,2,Matty Cash,Aston Villa,True,RB,90
ENG-Premier League,2122,2022-04-23 Leicester City-Aston Villa,4,Ezri Konsa,Aston Villa,True,CB,90
ENG-Premier League,2122,2022-04-23 Leicester City-Aston Villa,5,Tyrone Mings,Aston Villa,True,CB,90
ENG-Premier League,2122,2022-04-23 Leicester City-Aston Villa,6,Douglas Luiz,Aston Villa,True,DM,75
ENG-Premier League,2122,2022-04-23 Leicester City-Aston Villa,7,John McGinn,Aston Villa,True,DM,90
ENG-Premier League,2122,2022-04-23 Leicester City-Aston Villa,11,Ollie Watkins,Aston Villa,True,FW,90
ENG-Premier League,2122,2022-04-23 Leicester City-Aston Villa,18,Ashley Young,Aston Villa,True,LB,90
ENG-Premier League,2122,2022-04-23 Leicester City-Aston Villa,23,Philippe Coutinho,Aston Villa,True,AM,78
ENG-Premier League,2122,2022-04-23 Leicester City-Aston Villa,31,Leon Bailey,Aston Villa,True,AM,90
ENG-Premier League,2122,2022-04-23 Leicester City-Aston Villa,41,Jacob Ramsey,Aston Villa,True,DM,89
ENG-Premier League,2122,2022-04-23 Leicester City-Aston Villa,25,Robin Olsen,Aston Villa,False,,0
ENG-Premier League,2122,2022-04-23 Leicester City-Aston Villa,10,Emi Buendía,Aston Villa,False,"FW,MF",12
ENG-Premier League,2122,2022-04-23 Leicester City-Aston Villa,16,Calum Chambers,Aston Villa,False,,0
ENG-Premier League,2122,2022-04-23 Leicester City-Aston Villa,19,Marvelous Nakamba,Aston Villa,False,MF,1
ENG-Premier League,2122,2022-04-23 Leicester City-Aston Villa,20,Danny Ings,Aston Villa,False,,0
ENG-Premier League,2122,2022-04-23 Leicester City-Aston Villa,33,Carney Chukwuemeka,Aston Villa,False,,0
ENG-Premier League,2122,2022-04-23 Leicester City-Aston Villa,45,Benjamin Chrisene,Aston Villa,False,,0
ENG-Premier League,2122,2022-04-23 Leicester City-Aston Villa,47,Tim Iroegbunam,Aston Villa,False,MF,15
ENG-Premier League,2122,2022-04-23 Leicester City-Aston Villa,58,Tommi O'Reilly,Aston Villa,False,,0
ENG-Premier League,2122,2021-09-11 Crystal Palace-Tottenham Hotspur,13,Vicente Guaita,Crystal Palace,True,GK,90
ENG-Premier League,2122,2021-09-11 Crystal Palace-Tottenham Hotspur,2,Joel Ward,Crystal Palace,True,RB,90
ENG-Premier League,2122,2021-09-11 Crystal Palace-Tottenham Hotspur,3,Tyrick Mitchell,Crystal Palace,True,LB,90
ENG-Premier League,2122,2021-09-11 Crystal Palace-Tottenham Hotspur,6,Marc Guéhi,Crystal Palace,True,CB,90
ENG-Premier League,2122,2021-09-11 Crystal Palace-Tottenham Hotspur,8,Cheikhou Kouyaté,Crystal Palace,True,CM,66
ENG-Premier League,2122,2021-09-11 Crystal Palace-Tottenham Hotspur,9,Jordan Ayew,Crystal Palace,True,FW,85
ENG-Premier League,2122,2021-09-11 Crystal Palace-Tottenham Hotspur,11,Wilfried Zaha,Crystal Palace,True,FW,90
ENG-Premier League,2122,2021-09-11 Crystal Palace-Tottenham Hotspur,16,Joachim Andersen,Crystal Palace,True,CB,90
ENG-Premier League,2122,2021-09-11 Crystal Palace-Tottenham Hotspur,18,James McArthur,Crystal Palace,True,CM,90
ENG-Premier League,2122,2021-09-11 Crystal Palace-Tottenham Hotspur,20,Christian Benteke,Crystal Palace,True,FW,83
ENG-Premier League,2122,2021-09-11 Crystal Palace-Tottenham Hotspur,23,Conor Gallagher,Crystal Palace,True,CM,90
ENG-Premier League,2122,2021-09-11 Crystal Palace-Tottenham Hotspur,1,Jack Butland,Crystal Palace,False,,0
ENG-Premier League,2122,2021-09-11 Crystal Palace-Tottenham Hotspur,4,Luka Milivojević,Crystal Palace,False,MF,24
ENG-Premier League,2122,2021-09-11 Crystal Palace-Tottenham Hotspur,5,James Tomkins,Crystal Palace,False,,0
ENG-Premier League,2122,2021-09-11 Crystal Palace-Tottenham Hotspur,7,Michael Olise,Crystal Palace,False,"FW,MF",5
ENG-Premier League,2122,2021-09-11 Crystal Palace-Tottenham Hotspur,12,Will Hughes,Crystal Palace,False,,0
ENG-Premier League,2122,2021-09-11 Crystal Palace-Tottenham Hotspur,17,Nathaniel Clyne,Crystal Palace,False,,0
ENG-Premier League,2122,2021-09-11 Crystal Palace-Tottenham Hotspur,22,Odsonne Édouard,Crystal Palace,False,FW,7
ENG-Premier League,2122,2021-09-11 Crystal Palace-Tottenham Hotspur,34,Martin Kelly,Crystal Palace,False,,0
ENG-Premier League,2122,2021-09-11 Crystal Palace-Tottenham Hotspur,44,Jaïro Riedewald,Crystal Palace,False,,0
ENG-Premier League,2122,2021-09-11 Crystal Palace-Tottenham Hotspur,1,Hugo Lloris,Tottenham Hotspur,True,GK,90
ENG-Premier League,2122,2021-09-11 Crystal Palace-Tottenham Hotspur,3,Sergio Reguilón,Tottenham Hotspur,True,LB,90
ENG-Premier League,2122,2021-09-11 Crystal Palace-Tottenham Hotspur,5,Pierre Højbjerg,Tottenham Hotspur,True,DM,90
ENG-Premier League,2122,2021-09-11 Crystal Palace-Tottenham Hotspur,8,Harry Winks,Tottenham Hotspur,True,DM,59
ENG-Premier League,2122,2021-09-11 Crystal Palace-Tottenham Hotspur,10,Harry Kane,Tottenham Hotspur,True,FW,90
ENG-Premier League,2122,2021-09-11 Crystal Palace-Tottenham Hotspur,12,Emerson,Tottenham Hotspur,True,RB,90
ENG-Premier League,2122,2021-09-11 Crystal Palace-Tottenham Hotspur,15,Eric Dier,Tottenham Hotspur,True,CB,11
ENG-Premier League,2122,2021-09-11 Crystal Palace-Tottenham Hotspur,20,Dele Alli,Tottenham Hotspur,True,AM,90
ENG-Premier League,2122,2021-09-11 Crystal Palace-Tottenham Hotspur,25,Japhet Tanganga,Tottenham Hotspur,True,CB,57
ENG-Premier League,2122,2021-09-11 Crystal Palace-Tottenham Hotspur,27,Lucas Moura,Tottenham Hotspur,True,AM,90
ENG-Premier League,2122,2021-09-11 Crystal Palace-Tottenham Hotspur,29,Oliver Skipp,Tottenham Hotspur,True,DM,90
ENG-Premier League,2122,2021-09-11 Crystal Palace-Tottenham Hotspur,22,Pierluigi Gollini,Tottenham Hotspur,False,,0
ENG-Premier League,2122,2021-09-11 Crystal Palace-Tottenham Hotspur,2,Matt Doherty,Tottenham Hotspur,False,,0
ENG-Premier League,2122,2021-09-11 Crystal Palace-Tottenham Hotspur,11,Bryan Gil,Tottenham Hotspur,False,,0
ENG-Premier League,2122,2021-09-11 Crystal Palace-Tottenham Hotspur,14,Joe Rodon,Tottenham Hotspur,False,DF,79
ENG-Premier League,2122,2021-09-11 Crystal Palace-Tottenham Hotspur,28,Tanguy Ndombele,Tottenham Hotspur,False,,0
ENG-Premier League,2122,2021-09-11 Crystal Palace-Tottenham Hotspur,33,Ben Davies,Tottenham Hotspur,False,"DF,MF",31
ENG-Premier League,2122,2021-09-11 Crystal Palace-Tottenham Hotspur,44,Dane Scarlett,Tottenham Hotspur,False,,0
ENG-Premier League,2122,2021-09-11 Crystal Palace-Tottenham Hotspur,49,Tobi Omole,Tottenham Hotspur,False,,0
ENG-Premier League,2122,2021-09-11 Crystal Palace-Tottenham Hotspur,54,Dilan Markanday,Tottenham Hotspur,False,,0
ENG-Premier League,2122,2022-05-22 Crystal Palace-Manchester Utd,13,Vicente Guaita,Crystal Palace,True,GK,90
ENG-Premier League,2122,2022-05-22 Crystal Palace-Manchester Utd,2,Joel Ward,Crystal Palace,True,CB,90
ENG-Premier League,2122,2022-05-22 Crystal Palace-Manchester Utd,3,Tyrick Mitchell,Crystal Palace,True,LB,90
ENG-Premier League,2122,2022-05-22 Crystal Palace-Manchester Utd,11,Wilfried Zaha,Crystal Palace,True,AM,90
ENG-Premier League,2122,2022-05-22 Crystal Palace-Manchester Utd,12,Will Hughes,Crystal Palace,True,DM,82
ENG-Premier League,2122,2022-05-22 Crystal Palace-Manchester Utd,15,Jeffrey Schlupp,Crystal Palace,True,DM,90
ENG-Premier League,2122,2022-05-22 Crystal Palace-Manchester Utd,16,Joachim Andersen,Crystal Palace,True,CB,90
ENG-Premier League,2122,2022-05-22 Crystal Palace-Manchester Utd,17,Nathaniel Clyne,Crystal Palace,True,RB,90
ENG-Premier League,2122,2022-05-22 Crystal Palace-Manchester Utd,22,Odsonne Édouard,Crystal Palace,True,FW,78
ENG-Premier League,2122,2022-05-22 Crystal Palace-Manchester Utd,23,Conor Gallagher,Crystal Palace,True,AM,90
ENG-Premier League,2122,2022-05-22 Crystal Palace-Manchester Utd,49,Jesurun Rak Sakyi,Crystal Palace,True,AM,66
ENG-Premier League,2122,2022-05-22 Crystal Palace-Manchester Utd,1,Jack Butland,Crystal Palace,False,,0
ENG-Premier League,2122,2022-05-22 Crystal Palace-Manchester Utd,4,Luka Milivojević,Crystal Palace,False,,0
ENG-Premier League,2122,2022-05-22 Crystal Palace-Manchester Utd,8,Cheikhou Kouyaté,Crystal Palace,False,"DF,MF",24
ENG-Premier League,2122,2022-05-22 Crystal Palace-Manchester Utd,9,Jordan Ayew,Crystal Palace,False,,0
ENG-Premier League,2122,2022-05-22 Crystal Palace-Manchester Utd,10,Eberechi Eze,Crystal Palace,False,"FW,MF",12
ENG-Premier League,2122,2022-05-22 Crystal Palace-Manchester Utd,14,Jean-Philippe Mateta,Crystal Palace,False,,0
ENG-Premier League,2122,2022-05-22 Crystal Palace-Manchester Utd,18,James McArthur,Crystal Palace,False,MF,8
ENG-Premier League,2122,2022-05-22 Crystal Palace-Manchester Utd,20,Christian Benteke,Crystal Palace,False,,0
ENG-Premier League,2122,2022-05-22 Crystal Palace-Manchester Utd,34,Martin Kelly,Crystal Palace,False,,0
ENG-Premier League,2122,2022-05-22 Crystal Palace-Manchester Utd,1,David de Gea,Manchester United,True,GK,90
ENG-Premier League,2122,2022-05-22 Crystal Palace-Manchester Utd,2,Victor Lindelöf,Manchester United,True,CB,90
ENG-Premier League,2122,2022-05-22 Crystal Palace-Manchester Utd,5,Harry Maguire,Manchester United,True,CB,90
ENG-Premier League,2122,2022-05-22 Crystal Palace-Manchester Utd,17,Fred,Manchester United,True,DM,74
ENG-Premier League,2122,2022-05-22 Crystal Palace-Manchester Utd,18,Bruno Fernandes,Manchester United,True,AM,90
ENG-Premier League,2122,2022-05-22 Crystal Palace-Manchester Utd,20,Diogo Dalot,Manchester United,True,RB,78
ENG-Premier League,2122,2022-05-22 Crystal Palace-Manchester Utd,21,Edinson Cavani,Manchester United,True,FW,90
ENG-Premier League,2122,2022-05-22 Crystal Palace-Manchester Utd,27,Alex Telles,Manchester United,True,LB,90
ENG-Premier League,2122,2022-05-22 Crystal Palace-Manchester Utd,36,Anthony Elanga,Manchester United,True,AM,90
ENG-Premier League,2122,2022-05-22 Crystal Palace-Manchester Utd,39,Scott McTominay,Manchester United,True,DM,90
ENG-Premier League,2122,2022-05-22 Crystal Palace-Manchester Utd,46,Hannibal Mejbri,Manchester United,True,AM,61
ENG-Premier League,2122,2022-05-22 Crystal Palace-Manchester Utd,22,Tom Heaton,Manchester United,False,,0
ENG-Premier League,2122,2022-05-22 Crystal Palace-Manchester Utd,3,Eric Bailly,Manchester United,False,,0
ENG-Premier League,2122,2022-05-22 Crystal Palace-Manchester Utd,4,Phil Jones,Manchester United,False,,0
ENG-Premier League,2122,2022-05-22 Crystal Palace-Manchester Utd,8,Juan Mata,Manchester United,False,"FW,MF",29
ENG-Premier League,2122,2022-05-22 Crystal Palace-Manchester Utd,19,Raphaël Varane,Manchester United,False,,0
ENG-Premier League,2122,2022-05-22 Crystal Palace-Manchester Utd,47,Shola Shoretire,Manchester United,False,"FW,MF",16
ENG-Premier League,2122,2022-05-22 Crystal Palace-Manchester Utd,72,Charlie Savage,Manchester United,False,,0
ENG-Premier League,2122,2022-05-22 Crystal Palace-Manchester Utd,74,Álvaro Carreras,Manchester United,False,,0
ENG-Premier League,2122,2022-05-22 Crystal Palace-Manchester Utd,75,Alejandro Garnacho,Manchester United,False,MF,12
ENG-Premier League,2122,2021-12-01 Aston Villa-Manchester City,1,Emiliano Martínez,Aston Villa,True,GK,90
ENG-Premier League,2122,2021-12-01 Aston Villa-Manchester City,2,Matty Cash,Aston Villa,True,RB,90
ENG-Premier League,2122,2021-12-01 Aston Villa-Manchester City,3,Matt Targett,Aston Villa,True,LB,66
ENG-Premier League,2122,2021-12-01 Aston Villa-Manchester City,4,Ezri Konsa,Aston Villa,True,CB,90
ENG-Premier League,2122,2021-12-01 Aston Villa-Manchester City,5,Tyrone Mings,Aston Villa,True,CB,90
ENG-Premier League,2122,2021-12-01 Aston Villa-Manchester City,6,Douglas Luiz,Aston Villa,True,CM,90
ENG-Premier League,2122,2021-12-01 Aston Villa-Manchester City,7,John McGinn,Aston Villa,True,CM,90
ENG-Premier League,2122,2021-12-01 Aston Villa-Manchester City,10,Emi Buendía,Aston Villa,True,FW,90
ENG-Premier League,2122,2021-12-01 Aston Villa-Manchester City,11,Ollie Watkins,Aston Villa,True,FW,90
ENG-Premier League,2122,2021-12-01 Aston Villa-Manchester City,19,Marvelous Nakamba,Aston Villa,True,CM,76
ENG-Premier League,2122,2021-12-01 Aston Villa-Manchester City,31,Leon Bailey,Aston Villa,True,FW,30
ENG-Premier League,2122,2021-12-01 Aston Villa-Manchester City,12,Jed Steer,Aston Villa,False,,0
ENG-Premier League,2122,2021-12-01 Aston Villa-Manchester City,8,Morgan Sanson,Aston Villa,False,MF,14
ENG-Premier League,2122,2021-12-01 Aston Villa-Manchester City,16,Axel Tuanzebe,Aston Villa,False,,0
ENG-Premier League,2122,2021-12-01 Aston Villa-Manchester City,18,Ashley Young,Aston Villa,False,"DF,FW",60
ENG-Premier League,2122,2021-12-01 Aston Villa-Manchester City,21,Anwar El Ghazi,Aston Villa,False,,0
ENG-Premier League,2122,2021-12-01 Aston Villa-Manchester City,30,Kortney Hause,Aston Villa,False,,0
ENG-Premier League,2122,2021-12-01 Aston Villa-Manchester City,33,Carney Chukwuemeka,Aston Villa,False,MF,24
ENG-Premier League,2122,2021-12-01 Aston Villa-Manchester City,39,Keinan Davis,Aston Villa,False,,0
ENG-Premier League,2122,2021-12-01 Aston Villa-Manchester City,41,Jacob Ramsey,Aston Villa,False,,0
ENG-Premier League,2122,2021-12-01 Aston Villa-Manchester City,31,Ederson,Manchester City,True,GK,90
ENG-Premier League,2122,2021-12-01 Aston Villa-Manchester City,3,Rúben Dias,Manchester City,True,CB,90
ENG-Premier League,2122,2021-12-01 Aston Villa-Manchester City,6,Nathan Aké,Manchester City,True,CB,90
ENG-Premier League,2122,2021-12-01 Aston Villa-Manchester City,7,Raheem Sterling,Manchester City,True,FW,90
ENG-Premier League,2122,2021-12-01 Aston Villa-Manchester City,9,Gabriel Jesus,Manchester City,True,FW,86
ENG-Premier League,2122,2021-12-01 Aston Villa-Manchester City,11,Oleksandr Zinchenko,Manchester City,True,LB,90
ENG-Premier League,2122,2021-12-01 Aston Villa-Manchester City,16,Rodri,Manchester City,True,CM,90
ENG-Premier League,2122,2021-12-01 Aston Villa-Manchester City,20,Bernardo Silva,Manchester City,True,CM,90
ENG-Premier League,2122,2021-12-01 Aston Villa-Manchester City,25,Fernandinho,Manchester City,True,CM,90
ENG-Premier League,2122,2021-12-01 Aston Villa-Manchester City,26,Riyad Mahrez,Manchester City,True,FW,90
ENG-Premier League,2122,2021-12-01 Aston Villa-Manchester City,27,João Cancelo,Manchester City,True,RB,90
ENG-Premier League,2122,2021-12-01 Aston Villa-Manchester City,13,Zack Steffen,Manchester City,False,,0
ENG-Premier League,2122,2021-12-01 Aston Villa-Manchester City,33,Scott Carson,Manchester City,False,,0
ENG-Premier League,2122,2021-12-01 Aston Villa-Manchester City,10,Jack Grealish,Manchester City,False,"FW,MF",4
ENG-Premier League,2122,2021-12-01 Aston Villa-Manchester City,47,Phil Foden,Manchester City,False,,0
ENG-Premier League,2122,2021-12-01 Aston Villa-Manchester City,79,Luke Mbete-Tatu,Manchester City,False,,0
ENG-Premier League,2122,2021-12-01 Aston Villa-Manchester City,80,Cole Palmer,Manchester City,False,,0
ENG-Premier League,2122,2021-12-01 Aston Villa-Manchester City,87,James Mcatee,Manchester City,False,,0
ENG-Premier League,2122,2021-12-01 Aston Villa-Manchester City,90,Roméo Lavia,Manchester City,False,,0
ENG-Premier League,2122,2021-12-01 Aston Villa-Manchester City,97,Josh Wilson-Esbrand,Manchester City,False,,0
ENG-Premier League,2122,2021-09-11 Brentford-Brighton,1,David Raya,Brentford,True,GK,90
ENG-Premier League,2122,2021-09-11 Brentford-Brighton,3,Rico Henry,Brentford,True,LM,90
ENG-Premier League,2122,2021-09-11 Brentford-Brighton,5,Ethan Pinnock,Brentford,True,CB,90
ENG-Premier League,2122,2021-09-11 Brentford-Brighton,6,Christian Nørgaard,Brentford,True,CM,90
ENG-Premier League,2122,2021-09-11 Brentford-Brighton,7,Sergi Canós,Brentford,True,RM,60
ENG-Premier League,2122,2021-09-11 Brentford-Brighton,17,Ivan Toney,Brentford,True,FW,90
ENG-Premier League,2122,2021-09-11 Brentford-Brighton,18,Pontus Jansson,Brentford,True,CB,90
ENG-Premier League,2122,2021-09-11 Brentford-Brighton,19,Bryan Mbeumo,Brentford,True,FW,90
ENG-Premier League,2122,2021-09-11 Brentford-Brighton,20,Kristoffer Ajer,Brentford,True,CB,90
ENG-Premier League,2122,2021-09-11 Brentford-Brighton,26,Shandon Baptiste,Brentford,True,CM,74
ENG-Premier League,2122,2021-09-11 Brentford-Brighton,27,Vitaly Janelt,Brentford,True,CM,67
ENG-Premier League,2122,2021-09-11 Brentford-Brighton,40,Álvaro Fernández,Brentford,False,,0
ENG-Premier League,2122,2021-09-11 Brentford-Brighton,2,Dominic Thompson,Brentford,False,,0
ENG-Premier League,2122,2021-09-11 Brentford-Brighton,8,Mathias Jensen,Brentford,False,MF,23
ENG-Premier League,2122,2021-09-11 Brentford-Brighton,9,Marcus Forss,Brentford,False,,0
ENG-Premier League,2122,2021-09-11 Brentford-Brighton,11,Yoane Wissa,Brentford,False,,0
ENG-Premier League,2122,2021-09-11 Brentford-Brighton,14,Saman Ghoddos,Brentford,False,,0
ENG-Premier League,2122,2021-09-11 Brentford-Brighton,15,Frank Onyeka,Brentford,False,MF,16
ENG-Premier League,2122,2021-09-11 Brentford-Brighton,22,Mathias Jørgensen,Brentford,False,,0
ENG-Premier League,2122,2021-09-11 Brentford-Brighton,30,Mads Roerslev,Brentford,False,"DF,MF",30
ENG-Premier League,2122,2021-09-11 Brentford-Brighton,1,Robert Sánchez,Brighton & Hove Albion,True,GK,90
ENG-Premier League,2122,2021-09-11 Brentford-Brighton,3,Marc Cucurella,Brighton & Hove Albion,True,DM,81
ENG-Premier League,2122,2021-09-11 Brentford-Brighton,4,Adam Webster,Brighton & Hove Albion,True,CB,36
ENG-Premier League,2122,2021-09-11 Brentford-Brighton,5,Lewis Dunk,Brighton & Hove Albion,True,CB,90
ENG-Premier League,2122,2021-09-11 Brentford-Brighton,8,Yves Bissouma,Brighton & Hove Albion,True,DM,90
ENG-Premier League,2122,2021-09-11 Brentford-Brighton,9,Neal Maupay,Brighton & Hove Albion,True,FW,90
ENG-Premier League,2122,2021-09-11 Brentford-Brighton,11,Leandro Trossard,Brighton & Hove Albion,True,AM,90
ENG-Premier League,2122,2021-09-11 Brentford-Brighton,14,Adam Lallana,Brighton & Hove Albion,True,DM,90
ENG-Premier League,2122,2021-09-11 Brentford-Brighton,18,Danny Welbeck,Brighton & Hove Albion,True,FW,63
ENG-Premier League,2122,2021-09-11 Brentford-Brighton,24,Shane Duffy,Brighton & Hove Albion,True,CB,90
ENG-Premier League,2122,2021-09-11 Brentford-Brighton,34,Joël Veltman,Brighton & Hove Albion,True,DM,90
ENG-Premier League,2122,2021-09-11 Brentford-Brighton,16,Kjell Scherpen,Brighton & Hove Albion,False,,0
ENG-Premier League,2122,2021-09-11 Brentford-Brighton,23,Jason Steele,Brighton & Hove Albion,False,,0
ENG-Premier League,2122,2021-09-11 Brentford-Brighton,10,Alexis Mac Allister,Brighton & Hove Albion,False,MF,27
ENG-Premier League,2122,2021-09-11 Brentford-Brighton,15,Jakub Moder,Brighton & Hove Albion,False,MF,54
ENG-Premier League,2122,2021-09-11 Brentford-Brighton,17,Steven Alzate,Brighton & Hove Albion,False,,0
ENG-Premier League,2122,2021-09-11 Brentford-Brighton,20,Solly March,Brighton & Hove Albion,False,MF,9
ENG-Premier League,2122,2021-09-11 Brentford-Brighton,27,Jürgen Locadia,Brighton & Hove Albion,False,,0
ENG-Premier League,2122,2021-09-11 Brentford-Brighton,28,Haydon Roberts,Brighton & Hove Albion,False,,0
ENG-Premier League,2122,2021-09-11 Brentford-Brighton,30,Taylor Richards,Brighton & Hove Albion,False,,0
ENG-Premier League,2122,2021-12-29 Brentford-Manchester City,40,Álvaro Fernández,Brentford,True,GK,90
ENG-Premier League,2122,2021-12-29 Brentford-Manchester City,2,Dominic Thompson,Brentford,True,LM,81
ENG-Premier League,2122,2021-12-29 Brentford-Manchester City,5,Ethan Pinnock,Brentford,True,CB,90
ENG-Premier League,2122,2021-12-29 Brentford-Manchester City,8,Mathias Jensen,Brentford,True,CM,90
ENG-Premier League,2122,2021-12-29 Brentford-Manchester City,11,Yoane Wissa,Brentford,True,FW,68
ENG-Premier League,2122,2021-12-29 Brentford-Manchester City,15,Frank Onyeka,Brentford,True,CM,74
ENG-Premier League,2122,2021-12-29 Brentford-Manchester City,17,Ivan Toney,Brentford,True,FW,90
ENG-Premier League,2122,2021-12-29 Brentford-Manchester City,18,Pontus Jansson,Brentford,True,CB,90
ENG-Premier League,2122,2021-12-29 Brentford-Manchester City,26,Shandon Baptiste,Brentford,True,CM,90
ENG-Premier League,2122,2021-12-29 Brentford-Manchester City,29,Mads Bech Sørensen,Brentford,True,CB,90
ENG-Premier League,2122,2021-12-29 Brentford-Manchester City,30,Mads Roerslev,Brentford,True,RM,90
ENG-Premier League,2122,2021-12-29 Brentford-Manchester City,41,Matthew Cox,Brentford,False,,0
ENG-Premier League,2122,2021-12-29 Brentford-Manchester City,7,Sergi Canós,Brentford,False,"FW,MF",22
ENG-Premier League,2122,2021-12-29 Brentford-Manchester City,9,Marcus Forss,Brentford,False,,0
ENG-Premier League,2122,2021-12-29 Brentford-Manchester City,14,Saman Ghoddos,Brentford,False,"FW,MF",9
ENG-Premier League,2122,2021-12-29 Brentford-Manchester City,25,Myles Peart-Harris,Brentford,False,,0
ENG-Premier League,2122,2021-12-29 Brentford-Manchester City,28,Mads Bidstrup,Brentford,False,MF,16
ENG-Premier League,2122,2021-12-29 Brentford-Manchester City,36,Finley Stevens,Brentford,False,,0
ENG-Premier League,2122,2021-12-29 Brentford-Manchester City,31,Ederson,Manchester City,True,GK,90
ENG-Premier League,2122,2021-12-29 Brentford-Manchester City,3,Rúben Dias,Manchester City,True,CB,90
ENG-Premier League,2122,2021-12-29 Brentford-Manchester City,6,Nathan Aké,Manchester City,True,LB,90
ENG-Premier League,2122,2021-12-29 Brentford-Manchester City,9,Gabriel Jesus,Manchester City,True,FW,90
ENG-Premier League,2122,2021-12-29 Brentford-Manchester City,10,Jack Grealish,Manchester City,True,FW,90
ENG-Premier League,2122,2021-12-29 Brentford-Manchester City,14,Aymeric Laporte,Manchester City,True,CB,90
ENG-Premier League,2122,2021-12-29 Brentford-Manchester City,17,Kevin De Bruyne,Manchester City,True,CM,90
ENG-Premier League,2122,2021-12-29 Brentford-Manchester City,20,Bernardo Silva,Manchester City,True,CM,90
ENG-Premier League,2122,2021-12-29 Brentford-Manchester City,25,Fernandinho,Manchester City,True,CM,90
ENG-Premier League,2122,2021-12-29 Brentford-Manchester City,27,João Cancelo,Manchester City,True,RB,90
ENG-Premier League,2122,2021-12-29 Brentford-Manchester City,47,Phil Foden,Manchester City,True,FW,90
ENG-Premier League,2122,2021-12-29 Brentford-Manchester City,13,Zack Steffen,Manchester City,False,,0
ENG-Premier League,2122,2021-12-29 Brentford-Manchester City,33,Scott Carson,Manchester City,False,,0
ENG-Premier League,2122,2021-12-29 Brentford-Manchester City,7,Raheem Sterling,Manchester City,False,,0
ENG-Premier League,2122,2021-12-29 Brentford-Manchester City,8,İlkay Gündoğan,Manchester City,False,,0
ENG-Premier League,2122,2021-12-29 Brentford-Manchester City,11,Oleksandr Zinchenko,Manchester City,False,,0
ENG-Premier League,2122,2021-12-29 Brentford-Manchester City,26,Riyad Mahrez,Manchester City,False,,0
ENG-Premier League,2122,2021-12-29 Brentford-Manchester City,79,Luke Mbete-Tatu,Manchester City,False,,0
ENG-Premier League,2122,2021-12-29 Brentford-Manchester City,80,Cole Palmer,Manchester City,False,,0
ENG-Premier League,2122,2022-04-25 Crystal Palace-Leeds United,13,Vicente Guaita,Crystal Palace,True,GK,90
ENG-Premier League,2122,2022-04-25 Crystal Palace-Leeds United,2,Joel Ward,Crystal Palace,True,LB,90
ENG-Premier League,2122,2022-04-25 Crystal Palace-Leeds United,6,Marc Guéhi,Crystal Palace,True,CB,90
ENG-Premier League,2122,2022-04-25 Crystal Palace-Leeds United,9,Jordan Ayew,Crystal Palace,True,FW,66
ENG-Premier League,2122,2022-04-25 Crystal Palace-Leeds United,10,Eberechi Eze,Crystal Palace,True,CM,78
ENG-Premier League,2122,2022-04-25 Crystal Palace-Leeds United,11,Wilfried Zaha,Crystal Palace,True,FW,90
ENG-Premier League,2122,2022-04-25 Crystal Palace-Leeds United,14,Jean-Philippe Mateta,Crystal Palace,True,FW,83
ENG-Premier League,2122,2022-04-25 Crystal Palace-Leeds United,16,Joachim Andersen,Crystal Palace,True,CB,90
ENG-Premier League,2122,2022-04-25 Crystal Palace-Leeds United,17,Nathaniel Clyne,Crystal Palace,True,RB,90
ENG-Premier League,2122,2022-04-25 Crystal Palace-Leeds United,18,James McArthur,Crystal Palace,True,CM,90
ENG-Premier League,2122,2022-04-25 Crystal Palace-Leeds United,23,Conor Gallagher,Crystal Palace,True,CM,90
ENG-Premier League,2122,2022-04-25 Crystal Palace-Leeds United,1,Jack Butland,Crystal Palace,False,,0
ENG-Premier League,2122,2022-04-25 Crystal Palace-Leeds United,5,James Tomkins,Crystal Palace,False,,0
ENG-Premier League,2122,2022-04-25 Crystal Palace-Leeds United,7,Michael Olise,Crystal Palace,False,"FW,MF",24
ENG-Premier League,2122,2022-04-25 Crystal Palace-Leeds United,8,Cheikhou Kouyaté,Crystal Palace,False,,0
ENG-Premier League,2122,2022-04-25 Crystal Palace-Leeds United,12,Will Hughes,Crystal Palace,False,,0
ENG-Premier League,2122,2022-04-25 Crystal Palace-Leeds United,15,Jeffrey Schlupp,Crystal Palace,False,"DF,FW",12
ENG-Premier League,2122,2022-04-25 Crystal Palace-Leeds United,20,Christian Benteke,Crystal Palace,False,FW,7
ENG-Premier League,2122,2022-04-25 Crystal Palace-Leeds United,22,Odsonne Édouard,Crystal Palace,False,,0
ENG-Premier League,2122,2022-04-25 Crystal Palace-Leeds United,34,Martin Kelly,Crystal Palace,False,,0
ENG-Premier League,2122,2022-04-25 Crystal Palace-Leeds United,1,Illan Meslier,Leeds United,True,GK,90
ENG-Premier League,2122,2022-04-25 Crystal Palace-Leeds United,2,Luke Ayling,Leeds United,True,RB,90
ENG-Premier League,2122,2022-04-25 Crystal Palace-Leeds United,6,Liam Cooper,Leeds United,True,CB,90
ENG-Premier League,2122,2022-04-25 Crystal Palace-Leeds United,10,Raphinha,Leeds United,True,AM,90
ENG-Premier League,2122,2022-04-25 Crystal Palace-Leeds United,14,Diego Llorente,Leeds United,True,CB,90
ENG-Premier League,2122,2022-04-25 Crystal Palace-Leeds United,15,Stuart Dallas,Leeds United,True,LB,90
ENG-Premier League,2122,2022-04-25 Crystal Palace-Leeds United,19,Rodrigo,Leeds United,True,AM,73
ENG-Premier League,2122,2022-04-25 Crystal Palace-Leeds United,20,Daniel James,Leeds United,True,FW,58
ENG-Premier League,2122,2022-04-25 Crystal Palace-Leeds United,22,Jack Harrison,Leeds United,True,AM,90
ENG-Premier League,2122,2022-04-25 Crystal Palace-Leeds United,23,Kalvin Phillips,Leeds United,True,DM,90
ENG-Premier League,2122,2022-04-25 Crystal Palace-Leeds United,43,Mateusz Klich,Leeds United,True,DM,45
ENG-Premier League,2122,2022-04-25 Crystal Palace-Leeds United,13,Kristoffer Klaesson,Leeds United,False,,0
ENG-Premier League,2122,2022-04-25 Crystal Palace-Leeds United,3,Junior Firpo,Leeds United,False,,0
ENG-Premier League,2122,2022-04-25 Crystal Palace-Leeds United,5,Robin Koch,Leeds United,False,"DF,MF",45
ENG-Premier League,2122,2022-04-25 Crystal Palace-Leeds United,21,Pascal Struijk,Leeds United,False,,0
ENG-Premier League,2122,2022-04-25 Crystal Palace-Leeds United,26,Lewis Bate,Leeds United,False,,0
ENG-Premier League,2122,2022-04-25 Crystal Palace-Leeds United,30,Joe Gelhardt,Leeds United,False,"FW,MF",17
ENG-Premier League,2122,2022-04-25 Crystal Palace-Leeds United,35,Charlie Cresswell,Leeds United,False,,0
ENG-Premier League,2122,2022-04-25 Crystal Palace-Leeds United,42,Sam Greenwood,Leeds United,False,"FW,MF",32
ENG-Premier League,2122,2022-04-25 Crystal Palace-Leeds United,54,Nohan Kenneh,Leeds United,False,,0
ENG-Premier League,2122,2022-03-05 Aston Villa-Southampton,1,Emiliano Martínez,Aston Villa,True,GK,90
ENG-Premier League,2122,2022-03-05 Aston Villa-Southampton,2,Matty Cash,Aston Villa,True,RB,90
ENG-Premier League,2122,2022-03-05 Aston Villa-Southampton,5,Tyrone Mings,Aston Villa,True,CB,90
ENG-Premier League,2122,2022-03-05 Aston Villa-Southampton,6,Douglas Luiz,Aston Villa,True,CM,90
ENG-Premier League,2122,2022-03-05 Aston Villa-Southampton,7,John McGinn,Aston Villa,True,CM,90
ENG-Premier League,2122,2022-03-05 Aston Villa-Southampton,11,Ollie Watkins,Aston Villa,True,FW,90
ENG-Premier League,2122,2022-03-05 Aston Villa-Southampton,16,Calum Chambers,Aston Villa,True,CB,90
ENG-Premier League,2122,2022-03-05 Aston Villa-Southampton,18,Ashley Young,Aston Villa,True,LB,90
ENG-Premier League,2122,2022-03-05 Aston Villa-Southampton,20,Danny Ings,Aston Villa,True,FW,70
ENG-Premier League,2122,2022-03-05 Aston Villa-Southampton,23,Philippe Coutinho,Aston Villa,True,FW,80
ENG-Premier League,2122,2022-03-05 Aston Villa-Southampton,41,Jacob Ramsey,Aston Villa,True,CM,76
ENG-Premier League,2122,2022-03-05 Aston Villa-Southampton,25,Robin Olsen,Aston Villa,False,,0
ENG-Premier League,2122,2022-03-05 Aston Villa-Southampton,8,Morgan Sanson,Aston Villa,False,MF,20
ENG-Premier League,2122,2022-03-05 Aston Villa-Southampton,10,Emi Buendía,Aston Villa,False,"FW,MF",10
ENG-Premier League,2122,2022-03-05 Aston Villa-Southampton,15,Bertrand Traoré,Aston Villa,False,,0
ENG-Premier League,2122,2022-03-05 Aston Villa-Southampton,30,Kortney Hause,Aston Villa,False,,0
ENG-Premier League,2122,2022-03-05 Aston Villa-Southampton,31,Leon Bailey,Aston Villa,False,"FW,MF",14
ENG-Premier League,2122,2022-03-05 Aston Villa-Southampton,45,Benjamin Chrisene,Aston Villa,False,,0
ENG-Premier League,2122,2022-03-05 Aston Villa-Southampton,47,Tim Iroegbunam,Aston Villa,False,,0
ENG-Premier League,2122,2022-03-05 Aston Villa-Southampton,58,Tommi O'Reilly,Aston Villa,False,,0
ENG-Premier League,2122,2022-03-05 Aston Villa-Southampton,44,Fraser Forster,Southampton,True,GK,90
ENG-Premier League,2122,2022-03-05 Aston Villa-Southampton,5,Jack Stephens,Southampton,True,CB,90
ENG-Premier League,2122,2022-03-05 Aston Villa-Southampton,6,Oriol Romeu,Southampton,True,CM,76
ENG-Premier League,2122,2022-03-05 Aston Villa-Southampton,8,James Ward-Prowse,Southampton,True,CM,90
ENG-Premier League,2122,2022-03-05 Aston Villa-Southampton,10,Che Adams,Southampton,True,FW,90
ENG-Premier League,2122,2022-03-05 Aston Villa-Southampton,15,Romain Perraud,Southampton,True,LB,57
ENG-Premier League,2122,2022-03-05 Aston Villa-Southampton,17,Stuart Armstrong,Southampton,True,RM,90
ENG-Premier League,2122,2022-03-05 Aston Villa-Southampton,18,Armando Broja,Southampton,True,FW,90
ENG-Premier League,2122,2022-03-05 Aston Villa-Southampton,21,Valentino Livramento,Southampton,True,RB,90
ENG-Premier League,2122,2022-03-05 Aston Villa-Southampton,24,Mohamed Elyounoussi,Southampton,True,LM,45
ENG-Premier League,2122,2022-03-05 Aston Villa-Southampton,35,Jan Bednarek,Southampton,True,CB,90
ENG-Premier League,2122,2022-03-05 Aston Villa-Southampton,13,Willy Caballero,Southampton,False,,0
ENG-Premier League,2122,2022-03-05 Aston Villa-Southampton,2,Kyle Walker-Peters,Southampton,False,"DF,MF",33
ENG-Premier League,2122,2022-03-05 Aston Villa-Southampton,9,Adam Armstrong,Southampton,False,,0
ENG-Premier League,2122,2022-03-05 Aston Villa-Southampton,11,Nathan Redmond,Southampton,False,,0
ENG-Premier League,2122,2022-03-05 Aston Villa-Southampton,19,Moussa Djenepo,Southampton,False,,0
ENG-Premier League,2122,2022-03-05 Aston Villa-Southampton,20,William Smallbone,Southampton,False,,0
ENG-Premier League,2122,2022-03-05 Aston Villa-Southampton,27,Ibrahima Diallo,Southampton,False,MF,14
ENG-Premier League,2122,2022-03-05 Aston Villa-Southampton,32,Theo Walcott,Southampton,False,,0
ENG-Premier League,2122,2022-03-05 Aston Villa-Southampton,43,Yan Valery,Southampton,False,"DF,MF",45
ENG-Premier League,2122,2022-05-15 Everton-Brentford,1,Jordan Pickford,Everton,True,GK,90
ENG-Premier League,2122,2022-05-15 Everton-Brentford,4,Mason Holgate,Everton,True,CB,90
ENG-Premier League,2122,2022-05-15 Everton-Brentford,7,Richarlison,Everton,True,FW,90
ENG-Premier League,2122,2022-05-15 Everton-Brentford,9,Dominic Calvert-Lewin,Everton,True,FW,90
ENG-Premier League,2122,2022-05-15 Everton-Brentford,16,Abdoulaye Doucouré,Everton,True,CM,90
ENG-Premier League,2122,2022-05-15 Everton-Brentford,17,Alex Iwobi,Everton,True,RM,90
ENG-Premier League,2122,2022-05-15 Everton-Brentford,19,Vitaliy Mykolenko,Everton,True,LM,90
ENG-Premier League,2122,2022-05-15 Everton-Brentford,21,André Gomes,Everton,True,CM,71
ENG-Premier League,2122,2022-05-15 Everton-Brentford,23,Séamus Coleman,Everton,True,CB,83
ENG-Premier League,2122,2022-05-15 Everton-Brentford,24,Anthony Gordon,Everton,True,FW,71
ENG-Premier League,2122,2022-05-15 Everton-Brentford,32,Jarrad Branthwaite,Everton,True,CB,17
ENG-Premier League,2122,2022-05-15 Everton-Brentford,15,Asmir Begović,Everton,False,,0
ENG-Premier League,2122,2022-05-15 Everton-Brentford,2,Jonjoe Kenny,Everton,False,"DF,FW",19
ENG-Premier League,2122,2022-05-15 Everton-Brentford,6,Allan,Everton,False,,0
ENG-Premier League,2122,2022-05-15 Everton-Brentford,11,Demarai Gray,Everton,False,"FW,MF",19
ENG-Premier League,2122,2022-05-15 Everton-Brentford,26,Tom Davies,Everton,False,,0
ENG-Premier League,2122,2022-05-15 Everton-Brentford,33,Salomón Rondón,Everton,False,FW,4
ENG-Premier League,2122,2022-05-15 Everton-Brentford,36,Dele Alli,Everton,False,,0
ENG-Premier League,2122,2022-05-15 Everton-Brentford,60,Isaac Price,Everton,False,,0
ENG-Premier League,2122,2022-05-15 Everton-Brentford,64,Reece Welch,Everton,False,,0
ENG-Premier League,2122,2022-05-15 Everton-Brentford,1,David Raya,Brentford,True,GK,90
ENG-Premier League,2122,2022-05-15 Everton-Brentford,3,Rico Henry,Brentford,True,LB,90
ENG-Premier League,2122,2022-05-15 Everton-Brentford,6,Christian Nørgaard,Brentford,True,CM,90
ENG-Premier League,2122,2022-05-15 Everton-Brentford,8,Mathias Jensen,Brentford,True,CM,90
ENG-Premier League,2122,2022-05-15 Everton-Brentford,11,Yoane Wissa,Brentford,True,FW,74
ENG-Premier League,2122,2022-05-15 Everton-Brentford,17,Ivan Toney,Brentford,True,FW,90
ENG-Premier League,2122,2022-05-15 Everton-Brentford,18,Pontus Jansson,Brentford,True,CB,90
ENG-Premier League,2122,2022-05-15 Everton-Brentford,19,Bryan Mbeumo,Brentford,True,FW,90
ENG-Premier League,2122,2022-05-15 Everton-Brentford,20,Kristoffer Ajer,Brentford,True,RB,58
ENG-Premier League,2122,2022-05-15 Everton-Brentford,21,Christian Eriksen,Brentford,True,CM,90
ENG-Premier League,2122,2022-05-15 Everton-Brentford,29,Mads Bech Sørensen,Brentford,True,CB,45
ENG-Premier League,2122,2022-05-15 Everton-Brentford,49,Jonas Lössl,Brentford,False,,0
ENG-Premier League,2122,2022-05-15 Everton-Brentford,7,Sergi Canós,Brentford,False,,0
ENG-Premier League,2122,2022-05-15 Everton-Brentford,10,Josh Dasilva,Brentford,False,MF,32
ENG-Premier League,2122,2022-05-15 Everton-Brentford,23,Julian Jeanvier,Brentford,False,,0
ENG-Premier League,2122,2022-05-15 Everton-Brentford,25,Myles Peart-Harris,Brentford,False,,0
ENG-Premier League,2122,2022-05-15 Everton-Brentford,26,Shandon Baptiste,Brentford,False,,0
ENG-Premier League,2122,2022-05-15 Everton-Brentford,27,Vitaly Janelt,Brentford,False,MF,45
ENG-Premier League,2122,2022-05-15 Everton-Brentford,30,Mads Roerslev,Brentford,False,"DF,MF",16
ENG-Premier League,2122,2022-05-15 Everton-Brentford,36,Finley Stevens,Brentford,False,,0
ENG-Premier League,2122,2022-04-16 Manchester Utd-Norwich City,1,David de Gea,Manchester United,True,GK,90
ENG-Premier League,2122,2022-04-16 Manchester Utd-Norwich City,2,Victor Lindelöf,Manchester United,True,CB,90
ENG-Premier League,2122,2022-04-16 Manchester Utd-Norwich City,5,Harry Maguire,Manchester United,True,CB,90
ENG-Premier League,2122,2022-04-16 Manchester Utd-Norwich City,6,Paul Pogba,Manchester United,True,CM,73
ENG-Premier League,2122,2022-04-16 Manchester Utd-Norwich City,7,Cristiano Ronaldo,Manchester United,True,FW,90
ENG-Premier League,2122,2022-04-16 Manchester Utd-Norwich City,14,Jesse Lingard,Manchester United,True,CM,62
ENG-Premier League,2122,2022-04-16 Manchester Utd-Norwich City,18,Bruno Fernandes,Manchester United,True,CM,90
ENG-Premier League,2122,2022-04-16 Manchester Utd-Norwich City,20,Diogo Dalot,Manchester United,True,RB,90
ENG-Premier League,2122,2022-04-16 Manchester Utd-Norwich City,25,Jadon Sancho,Manchester United,True,FW,90
ENG-Premier League,2122,2022-04-16 Manchester Utd-Norwich City,27,Alex Telles,Manchester United,True,LB,73
ENG-Premier League,2122,2022-04-16 Manchester Utd-Norwich City,36,Anthony Elanga,Manchester United,True,FW,90
ENG-Premier League,2122,2022-04-16 Manchester Utd-Norwich City,26,Dean Henderson,Manchester United,False,,0
ENG-Premier League,2122,2022-04-16 Manchester Utd-Norwich City,3,Eric Bailly,Manchester United,False,,0
ENG-Premier League,2122,2022-04-16 Manchester Utd-Norwich City,4,Phil Jones,Manchester United,False,,0
ENG-Premier League,2122,2022-04-16 Manchester Utd-Norwich City,8,Juan Mata,Manchester United,False,"FW,MF",17
ENG-Premier League,2122,2022-04-16 Manchester Utd-Norwich City,10,Marcus Rashford,Manchester United,False,"FW,MF",17
ENG-Premier League,2122,2022-04-16 Manchester Utd-Norwich City,29,Aaron Wan-Bissaka,Manchester United,False,,0
ENG-Premier League,2122,2022-04-16 Manchester Utd-Norwich City,31,Nemanja Matić,Manchester United,False,MF,28
ENG-Premier League,2122,2022-04-16 Manchester Utd-Norwich City,46,Hannibal Mejbri,Manchester United,False,,0
ENG-Premier League,2122,2022-04-16 Manchester Utd-Norwich City,75,Alejandro Garnacho,Manchester United,False,,0
ENG-Premier League,2122,2022-04-16 Manchester Utd-Norwich City,1,Tim Krul,Norwich City,True,GK,90
ENG-Premier League,2122,2022-04-16 Manchester Utd-Norwich City,3,Sam Byram,Norwich City,True,RB,90
ENG-Premier League,2122,2022-04-16 Manchester Utd-Norwich City,4,Ben Gibson,Norwich City,True,CB,90
ENG-Premier League,2122,2022-04-16 Manchester Utd-Norwich City,5,Grant Hanley,Norwich City,True,CB,90
ENG-Premier League,2122,2022-04-16 Manchester Utd-Norwich City,10,Kieran Dowell,Norwich City,True,AM,73
ENG-Premier League,2122,2022-04-16 Manchester Utd-Norwich City,16,Mathias Normann,Norwich City,True,DM,90
ENG-Premier League,2122,2022-04-16 Manchester Utd-Norwich City,17,Milot Rashica,Norwich City,True,AM,90
ENG-Premier League,2122,2022-04-16 Manchester Utd-Norwich City,20,Pierre Lees-Melou,Norwich City,True,AM,81
ENG-Premier League,2122,2022-04-16 Manchester Utd-Norwich City,22,Teemu Pukki,Norwich City,True,FW,90
ENG-Premier League,2122,2022-04-16 Manchester Utd-Norwich City,23,Kenny McLean,Norwich City,True,DM,72
ENG-Premier League,2122,2022-04-16 Manchester Utd-Norwich City,30,Dimitris Giannoulis,Norwich City,True,LB,90
ENG-Premier League,2122,2022-04-16 Manchester Utd-Norwich City,28,Angus Gunn,Norwich City,False,,0
ENG-Premier League,2122,2022-04-16 Manchester Utd-Norwich City,2,Max Aarons,Norwich City,False,,0
ENG-Premier League,2122,2022-04-16 Manchester Utd-Norwich City,6,Christoph Zimmermann,Norwich City,False,,0
ENG-Premier League,2122,2022-04-16 Manchester Utd-Norwich City,7,Lukas Rupp,Norwich City,False,,0
ENG-Premier League,2122,2022-04-16 Manchester Utd-Norwich City,8,Billy Gilmour,Norwich City,False,MF,18
ENG-Premier League,2122,2022-04-16 Manchester Utd-Norwich City,11,Przemysław Płacheta,Norwich City,False,MF,17
ENG-Premier League,2122,2022-04-16 Manchester Utd-Norwich City,18,Christos Tzolis,Norwich City,False,,0
ENG-Premier League,2122,2022-04-16 Manchester Utd-Norwich City,19,Jakob Sørensen,Norwich City,False,,0
ENG-Premier League,2122,2022-04-16 Manchester Utd-Norwich City,46,Jonathan Rowe,Norwich City,False,"FW,MF",9
ENG-Premier League,2122,2022-03-18 Wolves-Leeds United,1,José Sá,Wolverhampton Wanderers,True,GK,90
ENG-Premier League,2122,2022-03-18 Wolves-Leeds United,3,Rayan Aït-Nouri,Wolverhampton Wanderers,True,DM,90
ENG-Premier League,2122,2022-03-18 Wolves-Leeds United,8,Rúben Neves,Wolverhampton Wanderers,True,DM,24
ENG-Premier League,2122,2022-03-18 Wolves-Leeds United,9,Raúl Jiménez,Wolverhampton Wanderers,True,FW,52
ENG-Premier League,2122,2022-03-18 Wolves-Leeds United,10,Daniel Podence,Wolverhampton Wanderers,True,AM,77
ENG-Premier League,2122,2022-03-18 Wolves-Leeds United,15,Willy Boly,Wolverhampton Wanderers,True,CB,90
ENG-Premier League,2122,2022-03-18 Wolves-Leeds United,16,Conor Coady,Wolverhampton Wanderers,True,CB,90
ENG-Premier League,2122,2022-03-18 Wolves-Leeds United,19,Jonny Castro,Wolverhampton Wanderers,True,DM,89
ENG-Premier League,2122,2022-03-18 Wolves-Leeds United,27,Romain Saïss,Wolverhampton Wanderers,True,CB,90
ENG-Premier League,2122,2022-03-18 Wolves-Leeds United,28,João Moutinho,Wolverhampton Wanderers,True,DM,90
ENG-Premier League,2122,2022-03-18 Wolves-Leeds United,32,Leander Dendoncker,Wolverhampton Wanderers,True,AM,89
ENG-Premier League,2122,2022-03-18 Wolves-Leeds United,21,John Ruddy,Wolverhampton Wanderers,False,,0
ENG-Premier League,2122,2022-03-18 Wolves-Leeds United,5,Fernando Marçal,Wolverhampton Wanderers,False,,0
ENG-Premier League,2122,2022-03-18 Wolves-Leeds United,11,Francisco Trincão,Wolverhampton Wanderers,False,"FW,MF",66
ENG-Premier League,2122,2022-03-18 Wolves-Leeds United,17,Fábio Silva,Wolverhampton Wanderers,False,FW,1
ENG-Premier League,2122,2022-03-18 Wolves-Leeds United,20,Chiquinho,Wolverhampton Wanderers,False,MF,1
ENG-Premier League,2122,2022-03-18 Wolves-Leeds United,23,Max Kilman,Wolverhampton Wanderers,False,,0
ENG-Premier League,2122,2022-03-18 Wolves-Leeds United,24,Toti Gomes,Wolverhampton Wanderers,False,,0
ENG-Premier League,2122,2022-03-18 Wolves-Leeds United,26,Hwang Hee-chan,Wolverhampton Wanderers,False,"FW,MF",13
ENG-Premier League,2122,2022-03-18 Wolves-Leeds United,39,Luke Cundle,Wolverhampton Wanderers,False,,0
ENG-Premier League,2122,2022-03-18 Wolves-Leeds United,1,Illan Meslier,Leeds United,True,GK,54
ENG-Premier League,2122,2022-03-18 Wolves-Leeds United,2,Luke Ayling,Leeds United,True,RB,90
ENG-Premier League,2122,2022-03-18 Wolves-Leeds United,4,Adam Forshaw,Leeds United,True,DM,90
ENG-Premier League,2122,2022-03-18 Wolves-Leeds United,9,Patrick Bamford,Leeds United,True,FW,22
ENG-Premier League,2122,2022-03-18 Wolves-Leeds United,14,Diego Llorente,Leeds United,True,CB,39
ENG-Premier League,2122,2022-03-18 Wolves-Leeds United,15,Stuart Dallas,Leeds United,True,LB,90
ENG-Premier League,2122,2022-03-18 Wolves-Leeds United,19,Rodrigo,Leeds United,True,AM,90
ENG-Premier League,2122,2022-03-18 Wolves-Leeds United,20,Daniel James,Leeds United,True,AM,90
ENG-Premier League,2122,2022-03-18 Wolves-Leeds United,21,Pascal Struijk,Leeds United,True,CB,90
ENG-Premier League,2122,2022-03-18 Wolves-Leeds United,22,Jack Harrison,Leeds United,True,AM,90
ENG-Premier League,2122,2022-03-18 Wolves-Leeds United,43,Mateusz Klich,Leeds United,True,DM,44
ENG-Premier League,2122,2022-03-18 Wolves-Leeds United,13,Kristoffer Klaesson,Leeds United,False,GK,36
ENG-Premier League,2122,2022-03-18 Wolves-Leeds United,5,Robin Koch,Leeds United,False,"DF,MF",51
ENG-Premier League,2122,2022-03-18 Wolves-Leeds United,6,Liam Cooper,Leeds United,False,,0
ENG-Premier League,2122,2022-03-18 Wolves-Leeds United,23,Kalvin Phillips,Leeds United,False,,0
ENG-Premier League,2122,2022-03-18 Wolves-Leeds United,30,Joe Gelhardt,Leeds United,False,,0
ENG-Premier League,2122,2022-03-18 Wolves-Leeds United,35,Charlie Cresswell,Leeds United,False,DF,46
ENG-Premier League,2122,2022-03-18 Wolves-Leeds United,38,Crysencio Summerville,Leeds United,False,,0
ENG-Premier League,2122,2022-03-18 Wolves-Leeds United,42,Sam Greenwood,Leeds United,False,"FW,MF",68
ENG-Premier League,2122,2022-03-18 Wolves-Leeds United,54,Nohan Kenneh,Leeds United,False,,0
ENG-Premier League,2122,2022-05-15 Leeds United-Brighton,1,Illan Meslier,Leeds United,True,GK,90
ENG-Premier League,2122,2022-05-15 Leeds United-Brighton,3,Junior Firpo,Leeds United,True,LB,82
ENG-Premier League,2122,2022-05-15 Leeds United-Brighton,5,Robin Koch,Leeds United,True,RB,67
ENG-Premier League,2122,2022-05-15 Leeds United-Brighton,6,Liam Cooper,Leeds United,True,CB,90
ENG-Premier League,2122,2022-05-15 Leeds United-Brighton,10,Raphinha,Leeds United,True,FW,90
ENG-Premier League,2122,2022-05-15 Leeds United-Brighton,14,Diego Llorente,Leeds United,True,CB,90
ENG-Premier League,2122,2022-05-15 Leeds United-Brighton,19,Rodrigo,Leeds United,True,FW,90
ENG-Premier League,2122,2022-05-15 Leeds United-Brighton,22,Jack Harrison,Leeds United,True,CM,90
ENG-Premier League,2122,2022-05-15 Leeds United-Brighton,23,Kalvin Phillips,Leeds United,True,CM,90
ENG-Premier League,2122,2022-05-15 Leeds United-Brighton,30,Joe Gelhardt,Leeds United,True,FW,90
ENG-Premier League,2122,2022-05-15 Leeds United-Brighton,43,Mateusz Klich,Leeds United,True,CM,82
ENG-Premier League,2122,2022-05-15 Leeds United-Brighton,13,Kristoffer Klaesson,Leeds United,False,,0
ENG-Premier League,2122,2022-05-15 Leeds United-Brighton,21,Pascal Struijk,Leeds United,False,DF,8
ENG-Premier League,2122,2022-05-15 Leeds United-Brighton,26,Lewis Bate,Leeds United,False,,0
ENG-Premier League,2122,2022-05-15 Leeds United-Brighton,33,Leo Fuhr Hjelde,Leeds United,False,,0
ENG-Premier League,2122,2022-05-15 Leeds United-Brighton,35,Charlie Cresswell,Leeds United,False,,0
ENG-Premier League,2122,2022-05-15 Leeds United-Brighton,42,Sam Greenwood,Leeds United,False,"FW,MF",8
ENG-Premier League,2122,2022-05-15 Leeds United-Brighton,46,Jamie Shackleton,Leeds United,False,"DF,MF",23
ENG-Premier League,2122,2022-05-15 Leeds United-Brighton,54,Nohan Kenneh,Leeds United,False,,0
ENG-Premier League,2122,2022-05-15 Leeds United-Brighton,63,Archie Gray,Leeds United,False,,0
ENG-Premier League,2122,2022-05-15 Leeds United-Brighton,1,Robert Sánchez,Brighton & Hove Albion,True,GK,90
ENG-Premier League,2122,2022-05-15 Leeds United-Brighton,3,Marc Cucurella,Brighton & Hove Albion,True,CB,90
ENG-Premier League,2122,2022-05-15 Leeds United-Brighton,5,Lewis Dunk,Brighton & Hove Albion,True,CB,90
ENG-Premier League,2122,2022-05-15 Leeds United-Brighton,8,Yves Bissouma,Brighton & Hove Albion,True,DM,90
ENG-Premier League,2122,2022-05-15 Leeds United-Brighton,10,Alexis Mac Allister,Brighton & Hove Albion,True,AM,90
ENG-Premier League,2122,2022-05-15 Leeds United-Brighton,11,Leandro Trossard,Brighton & Hove Albion,True,DM,86
ENG-Premier League,2122,2022-05-15 Leeds United-Brighton,13,Pascal Groß,Brighton & Hove Albion,True,AM,90
ENG-Premier League,2122,2022-05-15 Leeds United-Brighton,18,Danny Welbeck,Brighton & Hove Albion,True,FW,90
ENG-Premier League,2122,2022-05-15 Leeds United-Brighton,20,Solly March,Brighton & Hove Albion,True,DM,61
ENG-Premier League,2122,2022-05-15 Leeds United-Brighton,25,Moisés Caicedo,Brighton & Hove Albion,True,DM,73
ENG-Premier League,2122,2022-05-15 Leeds United-Brighton,34,Joël Veltman,Brighton & Hove Albion,True,CB,90
ENG-Premier League,2122,2022-05-15 Leeds United-Brighton,23,Jason Steele,Brighton & Hove Albion,False,,0
ENG-Premier League,2122,2022-05-15 Leeds United-Brighton,2,Tariq Lamptey,Brighton & Hove Albion,False,"DF,MF",4
ENG-Premier League,2122,2022-05-15 Leeds United-Brighton,4,Adam Webster,Brighton & Hove Albion,False,DF,29
ENG-Premier League,2122,2022-05-15 Leeds United-Brighton,9,Neal Maupay,Brighton & Hove Albion,False,,0
ENG-Premier League,2122,2022-05-15 Leeds United-Brighton,14,Adam Lallana,Brighton & Hove Albion,False,"FW,MF",17
ENG-Premier League,2122,2022-05-15 Leeds United-Brighton,17,Steven Alzate,Brighton & Hove Albion,False,,0
ENG-Premier League,2122,2022-05-15 Leeds United-Brighton,24,Shane Duffy,Brighton & Hove Albion,False,,0
ENG-Premier League,2122,2022-05-15 Leeds United-Brighton,57,Odeluga Offiah,Brighton & Hove Albion,False,,0
ENG-Premier League,2122,2022-05-15 Leeds United-Brighton,58,Evan Ferguson,Brighton & Hove Albion,False,,0
ENG-Premier League,2122,2021-08-23 West Ham United-Leicester City,1,Łukasz Fabiański,West Ham United,True,GK,90
ENG-Premier League,2122,2021-08-23 West Ham United-Leicester City,3,Aaron Cresswell,West Ham United,True,LB,90
ENG-Premier League,2122,2021-08-23 West Ham United-Leicester City,5,Vladimír Coufal,West Ham United,True,RB,90
ENG-Premier League,2122,2021-08-23 West Ham United-Leicester City,8,Pablo Fornals,West Ham United,True,AM,90
ENG-Premier League,2122,2021-08-23 West Ham United-Leicester City,9,Michail Antonio,West Ham United,True,FW,88
ENG-Premier League,2122,2021-08-23 West Ham United-Leicester City,15,Craig Dawson,West Ham United,True,CB,90
ENG-Premier League,2122,2021-08-23 West Ham United-Leicester City,20,Jarrod Bowen,West Ham United,True,AM,90
ENG-Premier League,2122,2021-08-23 West Ham United-Leicester City,21,Angelo Ogbonna,West Ham United,True,CB,90
ENG-Premier League,2122,2021-08-23 West Ham United-Leicester City,22,Saïd Benrahma,West Ham United,True,AM,87
ENG-Premier League,2122,2021-08-23 West Ham United-Leicester City,28,Tomáš Souček,West Ham United,True,DM,90
ENG-Premier League,2122,2021-08-23 West Ham United-Leicester City,41,Declan Rice,West Ham United,True,DM,90
ENG-Premier League,2122,2021-08-23 West Ham United-Leicester City,13,Alphonse Areola,West Ham United,False,,0
ENG-Premier League,2122,2021-08-23 West Ham United-Leicester City,7,Andriy Yarmolenko,West Ham United,False,"FW,MF",2
ENG-Premier League,2122,2021-08-23 West Ham United-Leicester City,10,Manuel Lanzini,West Ham United,False,,0
ENG-Premier League,2122,2021-08-23 West Ham United-Leicester City,16,Mark Noble,West Ham United,False,MF,3
ENG-Premier League,2122,2021-08-23 West Ham United-Leicester City,23,Issa Diop,West Ham United,False,,0
ENG-Premier League,2122,2021-08-23 West Ham United-Leicester City,24,Ryan Fredericks,West Ham United,False,,0
ENG-Premier League,2122,2021-08-23 West Ham United-Leicester City,31,Ben Johnson,West Ham United,False,,0
ENG-Premier League,2122,2021-08-23 West Ham United-Leicester City,54,Conor Coventry,West Ham United,False,,0
ENG-Premier League,2122,2021-08-23 West Ham United-Leicester City,75,Jamal Baptiste,West Ham United,False,,0
ENG-Premier League,2122,2021-08-23 West Ham United-Leicester City,1,Kasper Schmeichel,Leicester City,True,GK,90
ENG-Premier League,2122,2021-08-23 West Ham United-Leicester City,4,Çağlar Söyüncü,Leicester City,True,CB,90
ENG-Premier League,2122,2021-08-23 West Ham United-Leicester City,7,Harvey Barnes,Leicester City,True,AM,63
ENG-Premier League,2122,2021-08-23 West Ham United-Leicester City,8,Youri Tielemans,Leicester City,True,DM,90
ENG-Premier League,2122,2021-08-23 West Ham United-Leicester City,9,Jamie Vardy,Leicester City,True,FW,80
ENG-Premier League,2122,2021-08-23 West Ham United-Leicester City,10,James Maddison,Leicester City,True,AM,80
ENG-Premier League,2122,2021-08-23 West Ham United-Leicester City,17,Ayoze Pérez,Leicester City,True,AM,39
ENG-Premier League,2122,2021-08-23 West Ham United-Leicester City,18,Daniel Amartey,Leicester City,True,CB,90
ENG-Premier League,2122,2021-08-23 West Ham United-Leicester City,21,Ricardo Pereira,Leicester City,True,RB,90
ENG-Premier League,2122,2021-08-23 West Ham United-Leicester City,25,Wilfred Ndidi,Leicester City,True,DM,90
ENG-Premier League,2122,2021-08-23 West Ham United-Leicester City,33,Luke Thomas,Leicester City,True,LB,90
ENG-Premier League,2122,2021-08-23 West Ham United-Leicester City,12,Danny Ward,Leicester City,False,,0
ENG-Premier League,2122,2021-08-23 West Ham United-Leicester City,11,Marc Albrighton,Leicester City,False,,0
ENG-Premier League,2122,2021-08-23 West Ham United-Leicester City,14,Kelechi Iheanacho,Leicester City,False,"FW,MF",10
ENG-Premier League,2122,2021-08-23 West Ham United-Leicester City,20,Hamza Choudhury,Leicester City,False,,0
ENG-Premier League,2122,2021-08-23 West Ham United-Leicester City,22,Kiernan Dewsbury-Hall,Leicester City,False,,0
ENG-Premier League,2122,2021-08-23 West Ham United-Leicester City,26,Dennis Praet,Leicester City,False,,0
ENG-Premier League,2122,2021-08-23 West Ham United-Leicester City,27,Timothy Castagne,Leicester City,False,,0
ENG-Premier League,2122,2021-08-23 West Ham United-Leicester City,29,Patson Daka,Leicester City,False,FW,27
ENG-Premier League,2122,2021-08-23 West Ham United-Leicester City,42,Boubakary Soumaré,Leicester City,False,MF,10
ENG-Premier League,2122,2022-05-15 Tottenham Hotspur-Burnley,1,Hugo Lloris,Tottenham Hotspur,True,GK,90
ENG-Premier League,2122,2022-05-15 Tottenham Hotspur-Burnley,5,Pierre Højbjerg,Tottenham Hotspur,True,DM,90
ENG-Premier League,2122,2022-05-15 Tottenham Hotspur-Burnley,6,Davinson Sánchez,Tottenham Hotspur,True,CB,90
ENG-Premier League,2122,2022-05-15 Tottenham Hotspur-Burnley,7,Son Heung-min,Tottenham Hotspur,True,AM,90
ENG-Premier League,2122,2022-05-15 Tottenham Hotspur-Burnley,10,Harry Kane,Tottenham Hotspur,True,FW,90
ENG-Premier League,2122,2022-05-15 Tottenham Hotspur-Burnley,12,Emerson,Tottenham Hotspur,True,DM,89
ENG-Premier League,2122,2022-05-15 Tottenham Hotspur-Burnley,15,Eric Dier,Tottenham Hotspur,True,CB,90
ENG-Premier League,2122,2022-05-15 Tottenham Hotspur-Burnley,19,Ryan Sessegnon,Tottenham Hotspur,True,DM,90
ENG-Premier League,2122,2022-05-15 Tottenham Hotspur-Burnley,27,Lucas Moura,Tottenham Hotspur,True,AM,78
ENG-Premier League,2122,2022-05-15 Tottenham Hotspur-Burnley,30,Rodrigo Bentancur,Tottenham Hotspur,True,DM,90
ENG-Premier League,2122,2022-05-15 Tottenham Hotspur-Burnley,33,Ben Davies,Tottenham Hotspur,True,CB,90
ENG-Premier League,2122,2022-05-15 Tottenham Hotspur-Burnley,22,Pierluigi Gollini,Tottenham Hotspur,False,,0
ENG-Premier League,2122,2022-05-15 Tottenham Hotspur-Burnley,40,Brandon Austin,Tottenham Hotspur,False,,0
ENG-Premier League,2122,2022-05-15 Tottenham Hotspur-Burnley,8,Harry Winks,Tottenham Hotspur,False,,0
ENG-Premier League,2122,2022-05-15 Tottenham Hotspur-Burnley,14,Joe Rodon,Tottenham Hotspur,False,DF,1
ENG-Premier League,2122,2022-05-15 Tottenham Hotspur-Burnley,21,Dejan Kulusevski,Tottenham Hotspur,False,"FW,MF",12
ENG-Premier League,2122,2022-05-15 Tottenham Hotspur-Burnley,23,Steven Bergwijn,Tottenham Hotspur,False,,0
ENG-Premier League,2122,2022-05-15 Tottenham Hotspur-Burnley,42,Harvey White,Tottenham Hotspur,False,,0
ENG-Premier League,2122,2022-05-15 Tottenham Hotspur-Burnley,44,Dane Scarlett,Tottenham Hotspur,False,,0
ENG-Premier League,2122,2022-05-15 Tottenham Hotspur-Burnley,51,Matthew Craig,Tottenham Hotspur,False,,0
ENG-Premier League,2122,2022-05-15 Tottenham Hotspur-Burnley,1,Nick Pope,Burnley,True,GK,90
ENG-Premier League,2122,2022-05-15 Tottenham Hotspur-Burnley,2,Matthew Lowton,Burnley,True,CB,77
ENG-Premier League,2122,2022-05-15 Tottenham Hotspur-Burnley,3,Charlie Taylor,Burnley,True,LB,90
ENG-Premier League,2122,2022-05-15 Tottenham Hotspur-Burnley,4,Jack Cork,Burnley,True,CM,90
ENG-Premier League,2122,2022-05-15 Tottenham Hotspur-Burnley,8,Josh Brownhill,Burnley,True,CM,90
ENG-Premier League,2122,2022-05-15 Tottenham Hotspur-Burnley,10,Ashley Barnes,Burnley,True,FW,77
ENG-Premier League,2122,2022-05-15 Tottenham Hotspur-Burnley,11,Dwight McNeil,Burnley,True,CM,90
ENG-Premier League,2122,2022-05-15 Tottenham Hotspur-Burnley,14,Connor Roberts,Burnley,True,RB,90
ENG-Premier League,2122,2022-05-15 Tottenham Hotspur-Burnley,20,Maxwel Cornet,Burnley,True,FW,90
ENG-Premier League,2122,2022-05-15 Tottenham Hotspur-Burnley,22,Nathan Collins,Burnley,True,CB,90
ENG-Premier League,2122,2022-05-15 Tottenham Hotspur-Burnley,28,Kevin Long,Burnley,True,CB,90
ENG-Premier League,2122,2022-05-15 Tottenham Hotspur-Burnley,13,Wayne Hennessey,Burnley,False,,0
ENG-Premier League,2122,2022-05-15 Tottenham Hotspur-Burnley,9,Wout Weghorst,Burnley,False,FW,13
ENG-Premier League,2122,2022-05-15 Tottenham Hotspur-Burnley,17,Aaron Lennon,Burnley,False,"FW,MF",13
ENG-Premier League,2122,2022-05-15 Tottenham Hotspur-Burnley,26,Phil Bardsley,Burnley,False,,0
ENG-Premier League,2122,2022-05-15 Tottenham Hotspur-Burnley,35,Anthony Gomez Mancini,Burnley,False,,0
ENG-Premier League,2122,2022-05-15 Tottenham Hotspur-Burnley,37,Bobby Thomas,Burnley,False,,0
ENG-Premier League,2122,2022-05-15 Tottenham Hotspur-Burnley,39,Owen Dodgson,Burnley,False,,0
ENG-Premier League,2122,2022-05-15 Tottenham Hotspur-Burnley,44,Dara Costelloe,Burnley,False,,0
ENG-Premier League,2122,2022-05-15 Tottenham Hotspur-Burnley,49,Joseph McGlynn,Burnley,False,,0
ENG-Premier League,2122,2022-03-05 Leicester City-Leeds United,1,Kasper Schmeichel,Leicester City,True,GK,90
ENG-Premier League,2122,2022-03-05 Leicester City-Leeds United,4,Çağlar Söyüncü,Leicester City,True,CB,90
ENG-Premier League,2122,2022-03-05 Leicester City-Leeds United,7,Harvey Barnes,Leicester City,True,FW,90
ENG-Premier League,2122,2022-03-05 Leicester City-Leeds United,8,Youri Tielemans,Leicester City,True,CM,90
ENG-Premier League,2122,2022-03-05 Leicester City-Leeds United,9,Jamie Vardy,Leicester City,True,FW,60
ENG-Premier League,2122,2022-03-05 Leicester City-Leeds United,11,Marc Albrighton,Leicester City,True,FW,90
ENG-Premier League,2122,2022-03-05 Leicester City-Leeds United,18,Daniel Amartey,Leicester City,True,CB,90
ENG-Premier League,2122,2022-03-05 Leicester City-Leeds United,20,Hamza Choudhury,Leicester City,True,RB,60
ENG-Premier League,2122,2022-03-05 Leicester City-Leeds United,22,Kiernan Dewsbury-Hall,Leicester City,True,CM,90
ENG-Premier League,2122,2022-03-05 Leicester City-Leeds United,25,Wilfred Ndidi,Leicester City,True,CM,75
ENG-Premier League,2122,2022-03-05 Leicester City-Leeds United,33,Luke Thomas,Leicester City,True,LB,90
ENG-Premier League,2122,2022-03-05 Leicester City-Leeds United,12,Danny Ward,Leicester City,False,,0
ENG-Premier League,2122,2022-03-05 Leicester City-Leeds United,14,Kelechi Iheanacho,Leicester City,False,"FW,MF",30
ENG-Premier League,2122,2022-03-05 Leicester City-Leeds United,17,Ayoze Pérez,Leicester City,False,,0
ENG-Premier League,2122,2022-03-05 Leicester City-Leeds United,23,Jannik Vestergaard,Leicester City,False,,0
ENG-Premier League,2122,2022-03-05 Leicester City-Leeds United,24,Nampalys Mendy,Leicester City,False,MF,15
ENG-Premier League,2122,2022-03-05 Leicester City-Leeds United,29,Patson Daka,Leicester City,False,,0
ENG-Premier League,2122,2022-03-05 Leicester City-Leeds United,37,Ademola Lookman,Leicester City,False,"FW,MF",30
ENG-Premier League,2122,2022-03-05 Leicester City-Leeds United,42,Boubakary Soumaré,Leicester City,False,,0
ENG-Premier League,2122,2022-03-05 Leicester City-Leeds United,62,Lewis Brunt,Leicester City,False,,0
ENG-Premier League,2122,2022-03-05 Leicester City-Leeds United,1,Illan Meslier,Leeds United,True,GK,90
ENG-Premier League,2122,2022-03-05 Leicester City-Leeds United,2,Luke Ayling,Leeds United,True,CB,90
ENG-Premier League,2122,2022-03-05 Leicester City-Leeds United,3,Junior Firpo,Leeds United,True,LB,90
ENG-Premier League,2122,2022-03-05 Leicester City-Leeds United,5,Robin Koch,Leeds United,True,DM,90
ENG-Premier League,2122,2022-03-05 Leicester City-Leeds United,10,Raphinha,Leeds United,True,AM,90
ENG-Premier League,2122,2022-03-05 Leicester City-Leeds United,15,Stuart Dallas,Leeds United,True,RB,90
ENG-Premier League,2122,2022-03-05 Leicester City-Leeds United,19,Rodrigo,Leeds United,True,AM,62
ENG-Premier League,2122,2022-03-05 Leicester City-Leeds United,20,Daniel James,Leeds United,True,FW,90
ENG-Premier League,2122,2022-03-05 Leicester City-Leeds United,21,Pascal Struijk,Leeds United,True,CB,90
ENG-Premier League,2122,2022-03-05 Leicester City-Leeds United,22,Jack Harrison,Leeds United,True,AM,75
ENG-Premier League,2122,2022-03-05 Leicester City-Leeds United,43,Mateusz Klich,Leeds United,True,DM,69
ENG-Premier League,2122,2022-03-05 Leicester City-Leeds United,13,Kristoffer Klaesson,Leeds United,False,,0
ENG-Premier League,2122,2022-03-05 Leicester City-Leeds United,4,Adam Forshaw,Leeds United,False,MF,21
ENG-Premier League,2122,2022-03-05 Leicester City-Leeds United,9,Patrick Bamford,Leeds United,False,,0
ENG-Premier League,2122,2022-03-05 Leicester City-Leeds United,11,Tyler Roberts,Leeds United,False,"FW,MF",15
ENG-Premier League,2122,2022-03-05 Leicester City-Leeds United,30,Joe Gelhardt,Leeds United,False,"FW,MF",28
ENG-Premier League,2122,2022-03-05 Leicester City-Leeds United,35,Charlie Cresswell,Leeds United,False,,0
ENG-Premier League,2122,2022-03-05 Leicester City-Leeds United,38,Crysencio Summerville,Leeds United,False,,0
ENG-Premier League,2122,2022-03-05 Leicester City-Leeds United,42,Sam Greenwood,Leeds United,False,,0
ENG-Premier League,2122,2022-03-05 Leicester City-Leeds United,46,Jamie Shackleton,Leeds United,False,,0
ENG-Premier League,2122,2021-12-26 Brighton-Brentford,1,Robert Sánchez,Brighton & Hove Albion,True,GK,90
ENG-Premier League,2122,2021-12-26 Brighton-Brentford,2,Tariq Lamptey,Brighton & Hove Albion,True,RB,90
ENG-Premier League,2122,2021-12-26 Brighton-Brentford,3,Marc Cucurella,Brighton & Hove Albion,True,CB,90
ENG-Premier League,2122,2021-12-26 Brighton-Brentford,4,Adam Webster,Brighton & Hove Albion,True,LB,90
ENG-Premier League,2122,2021-12-26 Brighton-Brentford,9,Neal Maupay,Brighton & Hove Albion,True,FW,90
ENG-Premier League,2122,2021-12-26 Brighton-Brentford,10,Alexis Mac Allister,Brighton & Hove Albion,True,FW,84
ENG-Premier League,2122,2021-12-26 Brighton-Brentford,11,Leandro Trossard,Brighton & Hove Albion,True,FW,45
ENG-Premier League,2122,2021-12-26 Brighton-Brentford,12,Enock Mwepu,Brighton & Hove Albion,True,CM,90
ENG-Premier League,2122,2021-12-26 Brighton-Brentford,14,Adam Lallana,Brighton & Hove Albion,True,CB,84
ENG-Premier League,2122,2021-12-26 Brighton-Brentford,15,Jakub Moder,Brighton & Hove Albion,True,CM,90
ENG-Premier League,2122,2021-12-26 Brighton-Brentford,33,Dan Burn,Brighton & Hove Albion,True,DM,90
ENG-Premier League,2122,2021-12-26 Brighton-Brentford,16,Kjell Scherpen,Brighton & Hove Albion,False,,0
ENG-Premier League,2122,2021-12-26 Brighton-Brentford,13,Pascal Groß,Brighton & Hove Albion,False,"DF,MF",6
ENG-Premier League,2122,2021-12-26 Brighton-Brentford,17,Steven Alzate,Brighton & Hove Albion,False,MF,6
ENG-Premier League,2122,2021-12-26 Brighton-Brentford,18,Danny Welbeck,Brighton & Hove Albion,False,"FW,MF",45
ENG-Premier League,2122,2021-12-26 Brighton-Brentford,20,Solly March,Brighton & Hove Albion,False,,0
ENG-Premier League,2122,2021-12-26 Brighton-Brentford,30,Taylor Richards,Brighton & Hove Albion,False,,0
ENG-Premier League,2122,2021-12-26 Brighton-Brentford,42,Marc Leonard,Brighton & Hove Albion,False,,0
ENG-Premier League,2122,2021-12-26 Brighton-Brentford,55,Ed Turns,Brighton & Hove Albion,False,,0
ENG-Premier League,2122,2021-12-26 Brighton-Brentford,58,Evan Ferguson,Brighton & Hove Albion,False,,0
ENG-Premier League,2122,2021-12-26 Brighton-Brentford,40,Álvaro Fernández,Brentford,True,GK,90
ENG-Premier League,2122,2021-12-26 Brighton-Brentford,2,Dominic Thompson,Brentford,True,LM,65
ENG-Premier League,2122,2021-12-26 Brighton-Brentford,5,Ethan Pinnock,Brentford,True,CB,90
ENG-Premier League,2122,2021-12-26 Brighton-Brentford,6,Christian Nørgaard,Brentford,True,CM,90
ENG-Premier League,2122,2021-12-26 Brighton-Brentford,7,Sergi Canós,Brentford,True,RM,90
ENG-Premier League,2122,2021-12-26 Brighton-Brentford,8,Mathias Jensen,Brentford,True,CM,45
ENG-Premier League,2122,2021-12-26 Brighton-Brentford,17,Ivan Toney,Brentford,True,FW,90
ENG-Premier League,2122,2021-12-26 Brighton-Brentford,18,Pontus Jansson,Brentford,True,CB,90
ENG-Premier League,2122,2021-12-26 Brighton-Brentford,19,Bryan Mbeumo,Brentford,True,FW,40
ENG-Premier League,2122,2021-12-26 Brighton-Brentford,26,Shandon Baptiste,Brentford,True,CM,90
ENG-Premier League,2122,2021-12-26 Brighton-Brentford,29,Mads Bech Sørensen,Brentford,True,CB,90
ENG-Premier League,2122,2021-12-26 Brighton-Brentford,41,Matthew Cox,Brentford,False,,0
ENG-Premier League,2122,2021-12-26 Brighton-Brentford,9,Marcus Forss,Brentford,False,,0
ENG-Premier League,2122,2021-12-26 Brighton-Brentford,11,Yoane Wissa,Brentford,False,"FW,MF",50
ENG-Premier League,2122,2021-12-26 Brighton-Brentford,14,Saman Ghoddos,Brentford,False,"FW,MF",25
ENG-Premier League,2122,2021-12-26 Brighton-Brentford,15,Frank Onyeka,Brentford,False,MF,45
ENG-Premier League,2122,2021-12-26 Brighton-Brentford,25,Myles Peart-Harris,Brentford,False,,0
ENG-Premier League,2122,2021-12-26 Brighton-Brentford,28,Mads Bidstrup,Brentford,False,,0
ENG-Premier League,2122,2021-12-26 Brighton-Brentford,36,Finley Stevens,Brentford,False,,0
ENG-Premier League,2122,2021-12-01 West Ham United-Brighton,1,Łukasz Fabiański,West Ham United,True,GK,90
ENG-Premier League,2122,2021-12-01 West Ham United-Brighton,4,Kurt Zouma,West Ham United,True,CB,90
ENG-Premier League,2122,2021-12-01 West Ham United-Brighton,5,Vladimír Coufal,West Ham United,True,RB,90
ENG-Premier League,2122,2021-12-01 West Ham United-Brighton,8,Pablo Fornals,West Ham United,True,AM,76
ENG-Premier League,2122,2021-12-01 West Ham United-Brighton,9,Michail Antonio,West Ham United,True,FW,90
ENG-Premier League,2122,2021-12-01 West Ham United-Brighton,15,Craig Dawson,West Ham United,True,CB,90
ENG-Premier League,2122,2021-12-01 West Ham United-Brighton,20,Jarrod Bowen,West Ham United,True,AM,90
ENG-Premier League,2122,2021-12-01 West Ham United-Brighton,22,Saïd Benrahma,West Ham United,True,AM,75
ENG-Premier League,2122,2021-12-01 West Ham United-Brighton,28,Tomáš Souček,West Ham United,True,DM,90
ENG-Premier League,2122,2021-12-01 West Ham United-Brighton,31,Ben Johnson,West Ham United,True,LB,90
ENG-Premier League,2122,2021-12-01 West Ham United-Brighton,41,Declan Rice,West Ham United,True,DM,90
ENG-Premier League,2122,2021-12-01 West Ham United-Brighton,13,Alphonse Areola,West Ham United,False,,0
ENG-Premier League,2122,2021-12-01 West Ham United-Brighton,7,Andriy Yarmolenko,West Ham United,False,,0
ENG-Premier League,2122,2021-12-01 West Ham United-Brighton,10,Manuel Lanzini,West Ham United,False,"FW,MF",15
ENG-Premier League,2122,2021-12-01 West Ham United-Brighton,11,Nikola Vlašić,West Ham United,False,,0
ENG-Premier League,2122,2021-12-01 West Ham United-Brighton,16,Mark Noble,West Ham United,False,,0
ENG-Premier League,2122,2021-12-01 West Ham United-Brighton,23,Issa Diop,West Ham United,False,,0
ENG-Premier League,2122,2021-12-01 West Ham United-Brighton,26,Arthur Masuaku,West Ham United,False,"DF,MF",14
ENG-Premier League,2122,2021-12-01 West Ham United-Brighton,33,Alex Král,West Ham United,False,,0
ENG-Premier League,2122,2021-12-01 West Ham United-Brighton,64,Sonny Perkins,West Ham United,False,,0
ENG-Premier League,2122,2021-12-01 West Ham United-Brighton,1,Robert Sánchez,Brighton & Hove Albion,True,GK,90
ENG-Premier League,2122,2021-12-01 West Ham United-Brighton,3,Marc Cucurella,Brighton & Hove Albion,True,LB,90
ENG-Premier League,2122,2021-12-01 West Ham United-Brighton,4,Adam Webster,Brighton & Hove Albion,True,CB,35
ENG-Premier League,2122,2021-12-01 West Ham United-Brighton,5,Lewis Dunk,Brighton & Hove Albion,True,CB,90
ENG-Premier League,2122,2021-12-01 West Ham United-Brighton,8,Yves Bissouma,Brighton & Hove Albion,True,DM,90
ENG-Premier League,2122,2021-12-01 West Ham United-Brighton,9,Neal Maupay,Brighton & Hove Albion,True,FW,90
ENG-Premier League,2122,2021-12-01 West Ham United-Brighton,11,Leandro Trossard,Brighton & Hove Albion,True,AM,90
ENG-Premier League,2122,2021-12-01 West Ham United-Brighton,14,Adam Lallana,Brighton & Hove Albion,True,AM,90
ENG-Premier League,2122,2021-12-01 West Ham United-Brighton,15,Jakub Moder,Brighton & Hove Albion,True,DM,90
ENG-Premier League,2122,2021-12-01 West Ham United-Brighton,34,Joël Veltman,Brighton & Hove Albion,True,RB,69
ENG-Premier League,2122,2021-12-01 West Ham United-Brighton,60,Jeremy Sarmiento,Brighton & Hove Albion,True,AM,12
ENG-Premier League,2122,2021-12-01 West Ham United-Brighton,23,Jason Steele,Brighton & Hove Albion,False,,0
ENG-Premier League,2122,2021-12-01 West Ham United-Brighton,2,Tariq Lamptey,Brighton & Hove Albion,False,"DF,MF",21
ENG-Premier League,2122,2021-12-01 West Ham United-Brighton,10,Alexis Mac Allister,Brighton & Hove Albion,False,,0
ENG-Premier League,2122,2021-12-01 West Ham United-Brighton,12,Enock Mwepu,Brighton & Hove Albion,False,,0
ENG-Premier League,2122,2021-12-01 West Ham United-Brighton,13,Pascal Groß,Brighton & Hove Albion,False,,0
ENG-Premier League,2122,2021-12-01 West Ham United-Brighton,20,Solly March,Brighton & Hove Albion,False,MF,78
ENG-Premier League,2122,2021-12-01 West Ham United-Brighton,24,Shane Duffy,Brighton & Hove Albion,False,"DF,MF",55
ENG-Premier League,2122,2021-12-01 West Ham United-Brighton,27,Jürgen Locadia,Brighton & Hove Albion,False,,0
ENG-Premier League,2122,2021-12-01 West Ham United-Brighton,33,Dan Burn,Brighton & Hove Albion,False,,0
ENG-Premier League,2122,2021-10-02 Manchester Utd-Everton,1,David de Gea,Manchester United,True,GK,90
ENG-Premier League,2122,2021-10-02 Manchester Utd-Everton,2,Victor Lindelöf,Manchester United,True,CB,90
ENG-Premier League,2122,2021-10-02 Manchester Utd-Everton,9,Anthony Martial,Manchester United,True,AM,56
ENG-Premier League,2122,2021-10-02 Manchester Utd-Everton,11,Mason Greenwood,Manchester United,True,AM,90
ENG-Premier League,2122,2021-10-02 Manchester Utd-Everton,17,Fred,Manchester United,True,DM,69
ENG-Premier League,2122,2021-10-02 Manchester Utd-Everton,18,Bruno Fernandes,Manchester United,True,AM,90
ENG-Premier League,2122,2021-10-02 Manchester Utd-Everton,19,Raphaël Varane,Manchester United,True,CB,90
ENG-Premier League,2122,2021-10-02 Manchester Utd-Everton,21,Edinson Cavani,Manchester United,True,FW,56
ENG-Premier League,2122,2021-10-02 Manchester Utd-Everton,23,Luke Shaw,Manchester United,True,LB,90
ENG-Premier League,2122,2021-10-02 Manchester Utd-Everton,29,Aaron Wan-Bissaka,Manchester United,True,RB,90
ENG-Premier League,2122,2021-10-02 Manchester Utd-Everton,39,Scott McTominay,Manchester United,True,DM,90
ENG-Premier League,2122,2021-10-02 Manchester Utd-Everton,26,Dean Henderson,Manchester United,False,,0
ENG-Premier League,2122,2021-10-02 Manchester Utd-Everton,3,Eric Bailly,Manchester United,False,,0
ENG-Premier League,2122,2021-10-02 Manchester Utd-Everton,6,Paul Pogba,Manchester United,False,MF,21
ENG-Premier League,2122,2021-10-02 Manchester Utd-Everton,7,Cristiano Ronaldo,Manchester United,False,"FW,MF",34
ENG-Premier League,2122,2021-10-02 Manchester Utd-Everton,14,Jesse Lingard,Manchester United,False,,0
ENG-Premier League,2122,2021-10-02 Manchester Utd-Everton,25,Jadon Sancho,Manchester United,False,"FW,MF",34
ENG-Premier League,2122,2021-10-02 Manchester Utd-Everton,27,Alex Telles,Manchester United,False,,0
ENG-Premier League,2122,2021-10-02 Manchester Utd-Everton,31,Nemanja Matić,Manchester United,False,,0
ENG-Premier League,2122,2021-10-02 Manchester Utd-Everton,34,Donny van de Beek,Manchester United,False,,0
ENG-Premier League,2122,2021-10-02 Manchester Utd-Everton,1,Jordan Pickford,Everton,True,GK,90
ENG-Premier League,2122,2021-10-02 Manchester Utd-Everton,5,Michael Keane,Everton,True,CB,90
ENG-Premier League,2122,2021-10-02 Manchester Utd-Everton,6,Allan,Everton,True,DM,90
ENG-Premier League,2122,2021-10-02 Manchester Utd-Everton,11,Demarai Gray,Everton,True,AM,89
ENG-Premier League,2122,2021-10-02 Manchester Utd-Everton,12,Lucas Digne,Everton,True,LB,90
ENG-Premier League,2122,2021-10-02 Manchester Utd-Everton,13,Yerry Mina,Everton,True,CB,90
ENG-Premier League,2122,2021-10-02 Manchester Utd-Everton,14,Andros Townsend,Everton,True,DM,90
ENG-Premier League,2122,2021-10-02 Manchester Utd-Everton,16,Abdoulaye Doucouré,Everton,True,DM,90
ENG-Premier League,2122,2021-10-02 Manchester Utd-Everton,22,Ben Godfrey,Everton,True,RB,90
ENG-Premier League,2122,2021-10-02 Manchester Utd-Everton,24,Anthony Gordon,Everton,True,DM,71
ENG-Premier League,2122,2021-10-02 Manchester Utd-Everton,33,Salomón Rondón,Everton,True,FW,90
ENG-Premier League,2122,2021-10-02 Manchester Utd-Everton,15,Asmir Begović,Everton,False,,0
ENG-Premier League,2122,2021-10-02 Manchester Utd-Everton,31,Andy Lonergan,Everton,False,,0
ENG-Premier League,2122,2021-10-02 Manchester Utd-Everton,2,Jonjoe Kenny,Everton,False,,0
ENG-Premier League,2122,2021-10-02 Manchester Utd-Everton,4,Mason Holgate,Everton,False,,0
ENG-Premier League,2122,2021-10-02 Manchester Utd-Everton,25,Jean-Philippe Gbamin,Everton,False,,0
ENG-Premier League,2122,2021-10-02 Manchester Utd-Everton,26,Tom Davies,Everton,False,MF,19
ENG-Premier League,2122,2021-10-02 Manchester Utd-Everton,32,Jarrad Branthwaite,Everton,False,,0
ENG-Premier League,2122,2021-10-02 Manchester Utd-Everton,57,Charlie Whitaker,Everton,False,,0
ENG-Premier League,2122,2021-10-02 Manchester Utd-Everton,61,Lewis Dobbin,Everton,False,"FW,MF",1
ENG-Premier League,2122,2021-11-07 Everton-Tottenham Hotspur,1,Jordan Pickford,Everton,True,GK,90
ENG-Premier League,2122,2021-11-07 Everton-Tottenham Hotspur,5,Michael Keane,Everton,True,CB,90
ENG-Premier League,2122,2021-11-07 Everton-Tottenham Hotspur,6,Allan,Everton,True,DM,81
ENG-Premier League,2122,2021-11-07 Everton-Tottenham Hotspur,7,Richarlison,Everton,True,FW,90
ENG-Premier League,2122,2021-11-07 Everton-Tottenham Hotspur,8,Fabian Delph,Everton,True,DM,59
ENG-Premier League,2122,2021-11-07 Everton-Tottenham Hotspur,11,Demarai Gray,Everton,True,DM,89
ENG-Premier League,2122,2021-11-07 Everton-Tottenham Hotspur,12,Lucas Digne,Everton,True,LB,90
ENG-Premier League,2122,2021-11-07 Everton-Tottenham Hotspur,14,Andros Townsend,Everton,True,AM,90
ENG-Premier League,2122,2021-11-07 Everton-Tottenham Hotspur,22,Ben Godfrey,Everton,True,CB,90
ENG-Premier League,2122,2021-11-07 Everton-Tottenham Hotspur,23,Séamus Coleman,Everton,True,RB,90
ENG-Premier League,2122,2021-11-07 Everton-Tottenham Hotspur,24,Anthony Gordon,Everton,True,DM,90
ENG-Premier League,2122,2021-11-07 Everton-Tottenham Hotspur,15,Asmir Begović,Everton,False,,0
ENG-Premier League,2122,2021-11-07 Everton-Tottenham Hotspur,2,Jonjoe Kenny,Everton,False,,0
ENG-Premier League,2122,2021-11-07 Everton-Tottenham Hotspur,4,Mason Holgate,Everton,False,DF,8
ENG-Premier League,2122,2021-11-07 Everton-Tottenham Hotspur,17,Alex Iwobi,Everton,False,,0
ENG-Premier League,2122,2021-11-07 Everton-Tottenham Hotspur,20,Cenk Tosun,Everton,False,,0
ENG-Premier League,2122,2021-11-07 Everton-Tottenham Hotspur,25,Jean-Philippe Gbamin,Everton,False,"DF,MF",1
ENG-Premier League,2122,2021-11-07 Everton-Tottenham Hotspur,26,Tom Davies,Everton,False,MF,31
ENG-Premier League,2122,2021-11-07 Everton-Tottenham Hotspur,32,Jarrad Branthwaite,Everton,False,,0
ENG-Premier League,2122,2021-11-07 Everton-Tottenham Hotspur,33,Salomón Rondón,Everton,False,,0
ENG-Premier League,2122,2021-11-07 Everton-Tottenham Hotspur,1,Hugo Lloris,Tottenham Hotspur,True,GK,90
ENG-Premier League,2122,2021-11-07 Everton-Tottenham Hotspur,3,Sergio Reguilón,Tottenham Hotspur,True,DM,70
ENG-Premier League,2122,2021-11-07 Everton-Tottenham Hotspur,4,Cristian Romero,Tottenham Hotspur,True,CB,90
ENG-Premier League,2122,2021-11-07 Everton-Tottenham Hotspur,5,Pierre Højbjerg,Tottenham Hotspur,True,DM,90
ENG-Premier League,2122,2021-11-07 Everton-Tottenham Hotspur,7,Son Heung-min,Tottenham Hotspur,True,AM,84
ENG-Premier League,2122,2021-11-07 Everton-Tottenham Hotspur,10,Harry Kane,Tottenham Hotspur,True,FW,90
ENG-Premier League,2122,2021-11-07 Everton-Tottenham Hotspur,12,Emerson,Tottenham Hotspur,True,DM,90
ENG-Premier League,2122,2021-11-07 Everton-Tottenham Hotspur,15,Eric Dier,Tottenham Hotspur,True,CB,90
ENG-Premier League,2122,2021-11-07 Everton-Tottenham Hotspur,27,Lucas Moura,Tottenham Hotspur,True,AM,70
ENG-Premier League,2122,2021-11-07 Everton-Tottenham Hotspur,29,Oliver Skipp,Tottenham Hotspur,True,DM,90
ENG-Premier League,2122,2021-11-07 Everton-Tottenham Hotspur,33,Ben Davies,Tottenham Hotspur,True,CB,90
ENG-Premier League,2122,2021-11-07 Everton-Tottenham Hotspur,22,Pierluigi Gollini,Tottenham Hotspur,False,,0
ENG-Premier League,2122,2021-11-07 Everton-Tottenham Hotspur,2,Matt Doherty,Tottenham Hotspur,False,"DF,MF",20
ENG-Premier League,2122,2021-11-07 Everton-Tottenham Hotspur,6,Davinson Sánchez,Tottenham Hotspur,False,,0
ENG-Premier League,2122,2021-11-07 Everton-Tottenham Hotspur,8,Harry Winks,Tottenham Hotspur,False,,0
ENG-Premier League,2122,2021-11-07 Everton-Tottenham Hotspur,18,Giovani Lo Celso,Tottenham Hotspur,False,"FW,MF",20
ENG-Premier League,2122,2021-11-07 Everton-Tottenham Hotspur,20,Dele Alli,Tottenham Hotspur,False,,0
ENG-Premier League,2122,2021-11-07 Everton-Tottenham Hotspur,23,Steven Bergwijn,Tottenham Hotspur,False,,0
ENG-Premier League,2122,2021-11-07 Everton-Tottenham Hotspur,25,Japhet Tanganga,Tottenham Hotspur,False,,0
ENG-Premier League,2122,2021-11-07 Everton-Tottenham Hotspur,28,Tanguy Ndombele,Tottenham Hotspur,False,MF,6
ENG-Premier League,2122,2022-02-09 Norwich City-Crystal Palace,28,Angus Gunn,Norwich City,True,GK,90
ENG-Premier League,2122,2022-02-09 Norwich City-Crystal Palace,2,Max Aarons,Norwich City,True,RB,90
ENG-Premier League,2122,2022-02-09 Norwich City-Crystal Palace,4,Ben Gibson,Norwich City,True,CB,90
ENG-Premier League,2122,2022-02-09 Norwich City-Crystal Palace,5,Grant Hanley,Norwich City,True,CB,90
ENG-Premier League,2122,2022-02-09 Norwich City-Crystal Palace,11,Przemysław Płacheta,Norwich City,True,RM,63
ENG-Premier League,2122,2022-02-09 Norwich City-Crystal Palace,17,Milot Rashica,Norwich City,True,LM,90
ENG-Premier League,2122,2022-02-09 Norwich City-Crystal Palace,20,Pierre Lees-Melou,Norwich City,True,CM,73
ENG-Premier League,2122,2022-02-09 Norwich City-Crystal Palace,21,Brandon Williams,Norwich City,True,LB,90
ENG-Premier League,2122,2022-02-09 Norwich City-Crystal Palace,22,Teemu Pukki,Norwich City,True,FW,90
ENG-Premier League,2122,2022-02-09 Norwich City-Crystal Palace,23,Kenny McLean,Norwich City,True,CM,90
ENG-Premier League,2122,2022-02-09 Norwich City-Crystal Palace,35,Adam Idah,Norwich City,True,FW,83
ENG-Premier League,2122,2022-02-09 Norwich City-Crystal Palace,33,Michael McGovern,Norwich City,False,,0
ENG-Premier League,2122,2022-02-09 Norwich City-Crystal Palace,3,Sam Byram,Norwich City,False,,0
ENG-Premier League,2122,2022-02-09 Norwich City-Crystal Palace,6,Christoph Zimmermann,Norwich City,False,,0
ENG-Premier League,2122,2022-02-09 Norwich City-Crystal Palace,8,Billy Gilmour,Norwich City,False,MF,27
ENG-Premier League,2122,2022-02-09 Norwich City-Crystal Palace,10,Kieran Dowell,Norwich City,False,,0
ENG-Premier League,2122,2022-02-09 Norwich City-Crystal Palace,16,Mathias Normann,Norwich City,False,"DF,MF",17
ENG-Premier League,2122,2022-02-09 Norwich City-Crystal Palace,18,Christos Tzolis,Norwich City,False,,0
ENG-Premier League,2122,2022-02-09 Norwich City-Crystal Palace,30,Dimitris Giannoulis,Norwich City,False,,0
ENG-Premier League,2122,2022-02-09 Norwich City-Crystal Palace,46,Jonathan Rowe,Norwich City,False,"FW,MF",7
ENG-Premier League,2122,2022-02-09 Norwich City-Crystal Palace,13,Vicente Guaita,Crystal Palace,True,GK,90
ENG-Premier League,2122,2022-02-09 Norwich City-Crystal Palace,2,Joel Ward,Crystal Palace,True,RB,90
ENG-Premier League,2122,2022-02-09 Norwich City-Crystal Palace,3,Tyrick Mitchell,Crystal Palace,True,LB,90
ENG-Premier League,2122,2022-02-09 Norwich City-Crystal Palace,6,Marc Guéhi,Crystal Palace,True,CB,90
ENG-Premier League,2122,2022-02-09 Norwich City-Crystal Palace,7,Michael Olise,Crystal Palace,True,FW,69
ENG-Premier League,2122,2022-02-09 Norwich City-Crystal Palace,11,Wilfried Zaha,Crystal Palace,True,FW,90
ENG-Premier League,2122,2022-02-09 Norwich City-Crystal Palace,12,Will Hughes,Crystal Palace,True,CM,90
ENG-Premier League,2122,2022-02-09 Norwich City-Crystal Palace,14,Jean-Philippe Mateta,Crystal Palace,True,FW,79
ENG-Premier League,2122,2022-02-09 Norwich City-Crystal Palace,15,Jeffrey Schlupp,Crystal Palace,True,CM,79
ENG-Premier League,2122,2022-02-09 Norwich City-Crystal Palace,16,Joachim Andersen,Crystal Palace,True,CB,90
ENG-Premier League,2122,2022-02-09 Norwich City-Crystal Palace,23,Conor Gallagher,Crystal Palace,True,CM,90
ENG-Premier League,2122,2022-02-09 Norwich City-Crystal Palace,1,Jack Butland,Crystal Palace,False,,0
ENG-Premier League,2122,2022-02-09 Norwich City-Crystal Palace,4,Luka Milivojević,Crystal Palace,False,,0
ENG-Premier League,2122,2022-02-09 Norwich City-Crystal Palace,5,James Tomkins,Crystal Palace,False,,0
ENG-Premier League,2122,2022-02-09 Norwich City-Crystal Palace,9,Jordan Ayew,Crystal Palace,False,"FW,MF",21
ENG-Premier League,2122,2022-02-09 Norwich City-Crystal Palace,10,Eberechi Eze,Crystal Palace,False,"FW,MF",11
ENG-Premier League,2122,2022-02-09 Norwich City-Crystal Palace,17,Nathaniel Clyne,Crystal Palace,False,,0
ENG-Premier League,2122,2022-02-09 Norwich City-Crystal Palace,18,James McArthur,Crystal Palace,False,,0
ENG-Premier League,2122,2022-02-09 Norwich City-Crystal Palace,20,Christian Benteke,Crystal Palace,False,,0
ENG-Premier League,2122,2022-02-09 Norwich City-Crystal Palace,22,Odsonne Édouard,Crystal Palace,False,FW,11
ENG-Premier League,2122,2021-10-03 Liverpool-Manchester City,1,Alisson,Liverpool,True,GK,90
ENG-Premier League,2122,2021-10-03 Liverpool-Manchester City,3,Fabinho,Liverpool,True,CM,90
ENG-Premier League,2122,2021-10-03 Liverpool-Manchester City,4,Virgil van Dijk,Liverpool,True,CB,90
ENG-Premier League,2122,2021-10-03 Liverpool-Manchester City,7,James Milner,Liverpool,True,RB,77
ENG-Premier League,2122,2021-10-03 Liverpool-Manchester City,10,Sadio Mané,Liverpool,True,FW,90
ENG-Premier League,2122,2021-10-03 Liverpool-Manchester City,11,Mohamed Salah,Liverpool,True,FW,90
ENG-Premier League,2122,2021-10-03 Liverpool-Manchester City,14,Jordan Henderson,Liverpool,True,CM,90
ENG-Premier League,2122,2021-10-03 Liverpool-Manchester City,17,Curtis Jones,Liverpool,True,CM,90
ENG-Premier League,2122,2021-10-03 Liverpool-Manchester City,20,Diogo Jota,Liverpool,True,FW,67
ENG-Premier League,2122,2021-10-03 Liverpool-Manchester City,26,Andrew Robertson,Liverpool,True,LB,90
ENG-Premier League,2122,2021-10-03 Liverpool-Manchester City,32,Joël Matip,Liverpool,True,CB,90
ENG-Premier League,2122,2021-10-03 Liverpool-Manchester City,62,Caoimhín Kelleher,Liverpool,False,,0
ENG-Premier League,2122,2021-10-03 Liverpool-Manchester City,5,Ibrahima Konaté,Liverpool,False,,0
ENG-Premier League,2122,2021-10-03 Liverpool-Manchester City,8,Naby Keïta,Liverpool,False,,0
ENG-Premier League,2122,2021-10-03 Liverpool-Manchester City,9,Roberto Firmino,Liverpool,False,"FW,MF",23
ENG-Premier League,2122,2021-10-03 Liverpool-Manchester City,12,Joe Gomez,Liverpool,False,DF,13
ENG-Premier League,2122,2021-10-03 Liverpool-Manchester City,15,Alex Oxlade-Chamberlain,Liverpool,False,,0
ENG-Premier League,2122,2021-10-03 Liverpool-Manchester City,18,Takumi Minamino,Liverpool,False,,0
ENG-Premier League,2122,2021-10-03 Liverpool-Manchester City,21,Kostas Tsimikas,Liverpool,False,,0
ENG-Premier League,2122,2021-10-03 Liverpool-Manchester City,76,Neco Williams,Liverpool,False,,0
ENG-Premier League,2122,2021-10-03 Liverpool-Manchester City,31,Ederson,Manchester City,True,GK,90
ENG-Premier League,2122,2021-10-03 Liverpool-Manchester City,2,Kyle Walker,Manchester City,True,RB,90
ENG-Premier League,2122,2021-10-03 Liverpool-Manchester City,3,Rúben Dias,Manchester City,True,CB,90
ENG-Premier League,2122,2021-10-03 Liverpool-Manchester City,9,Gabriel Jesus,Manchester City,True,FW,90
ENG-Premier League,2122,2021-10-03 Liverpool-Manchester City,10,Jack Grealish,Manchester City,True,FW,65
ENG-Premier League,2122,2021-10-03 Liverpool-Manchester City,14,Aymeric Laporte,Manchester City,True,CB,90
ENG-Premier League,2122,2021-10-03 Liverpool-Manchester City,16,Rodri,Manchester City,True,CM,90
ENG-Premier League,2122,2021-10-03 Liverpool-Manchester City,17,Kevin De Bruyne,Manchester City,True,CM,90
ENG-Premier League,2122,2021-10-03 Liverpool-Manchester City,20,Bernardo Silva,Manchester City,True,CM,90
ENG-Premier League,2122,2021-10-03 Liverpool-Manchester City,27,João Cancelo,Manchester City,True,LB,90
ENG-Premier League,2122,2021-10-03 Liverpool-Manchester City,47,Phil Foden,Manchester City,True,FW,90
ENG-Premier League,2122,2021-10-03 Liverpool-Manchester City,13,Zack Steffen,Manchester City,False,,0
ENG-Premier League,2122,2021-10-03 Liverpool-Manchester City,33,Scott Carson,Manchester City,False,,0
ENG-Premier League,2122,2021-10-03 Liverpool-Manchester City,5,John Stones,Manchester City,False,,0
ENG-Premier League,2122,2021-10-03 Liverpool-Manchester City,6,Nathan Aké,Manchester City,False,,0
ENG-Premier League,2122,2021-10-03 Liverpool-Manchester City,7,Raheem Sterling,Manchester City,False,"FW,MF",25
ENG-Premier League,2122,2021-10-03 Liverpool-Manchester City,21,Ferrán Torres,Manchester City,False,,0
ENG-Premier League,2122,2021-10-03 Liverpool-Manchester City,25,Fernandinho,Manchester City,False,,0
ENG-Premier League,2122,2021-10-03 Liverpool-Manchester City,26,Riyad Mahrez,Manchester City,False,,0
ENG-Premier League,2122,2021-10-03 Liverpool-Manchester City,80,Cole Palmer,Manchester City,False,,0
ENG-Premier League,2122,2021-08-22 Wolves-Tottenham Hotspur,1,José Sá,Wolverhampton Wanderers,True,GK,90
ENG-Premier League,2122,2021-08-22 Wolves-Tottenham Hotspur,5,Fernando Marçal,Wolverhampton Wanderers,True,LM,90
ENG-Premier League,2122,2021-08-22 Wolves-Tottenham Hotspur,8,Rúben Neves,Wolverhampton Wanderers,True,CM,90
ENG-Premier League,2122,2021-08-22 Wolves-Tottenham Hotspur,9,Raúl Jiménez,Wolverhampton Wanderers,True,FW,90
ENG-Premier League,2122,2021-08-22 Wolves-Tottenham Hotspur,11,Francisco Trincão,Wolverhampton Wanderers,True,FW,83
ENG-Premier League,2122,2021-08-22 Wolves-Tottenham Hotspur,16,Conor Coady,Wolverhampton Wanderers,True,CB,90
ENG-Premier League,2122,2021-08-22 Wolves-Tottenham Hotspur,22,Nélson Semedo,Wolverhampton Wanderers,True,RM,90
ENG-Premier League,2122,2021-08-22 Wolves-Tottenham Hotspur,23,Max Kilman,Wolverhampton Wanderers,True,CB,90
ENG-Premier League,2122,2021-08-22 Wolves-Tottenham Hotspur,27,Romain Saïss,Wolverhampton Wanderers,True,CB,83
ENG-Premier League,2122,2021-08-22 Wolves-Tottenham Hotspur,28,João Moutinho,Wolverhampton Wanderers,True,CM,71
ENG-Premier League,2122,2021-08-22 Wolves-Tottenham Hotspur,37,Adama Traoré,Wolverhampton Wanderers,True,FW,90
ENG-Premier League,2122,2021-08-22 Wolves-Tottenham Hotspur,21,John Ruddy,Wolverhampton Wanderers,False,,0
ENG-Premier League,2122,2021-08-22 Wolves-Tottenham Hotspur,2,Ki-Jana Hoever,Wolverhampton Wanderers,False,,0
ENG-Premier League,2122,2021-08-22 Wolves-Tottenham Hotspur,3,Rayan Aït-Nouri,Wolverhampton Wanderers,False,"DF,MF",7
ENG-Premier League,2122,2021-08-22 Wolves-Tottenham Hotspur,17,Fábio Silva,Wolverhampton Wanderers,False,FW,7
ENG-Premier League,2122,2021-08-22 Wolves-Tottenham Hotspur,18,Morgan Gibbs-White,Wolverhampton Wanderers,False,,0
ENG-Premier League,2122,2021-08-22 Wolves-Tottenham Hotspur,32,Leander Dendoncker,Wolverhampton Wanderers,False,"DF,MF",19
ENG-Premier League,2122,2021-08-22 Wolves-Tottenham Hotspur,39,Luke Cundle,Wolverhampton Wanderers,False,,0
ENG-Premier League,2122,2021-08-22 Wolves-Tottenham Hotspur,75,Christian Marques,Wolverhampton Wanderers,False,,0
ENG-Premier League,2122,2021-08-22 Wolves-Tottenham Hotspur,77,Chem Campbell,Wolverhampton Wanderers,False,,0
ENG-Premier League,2122,2021-08-22 Wolves-Tottenham Hotspur,1,Hugo Lloris,Tottenham Hotspur,True,GK,90
ENG-Premier League,2122,2021-08-22 Wolves-Tottenham Hotspur,3,Sergio Reguilón,Tottenham Hotspur,True,LB,90
ENG-Premier League,2122,2021-08-22 Wolves-Tottenham Hotspur,5,Pierre Højbjerg,Tottenham Hotspur,True,CM,90
ENG-Premier League,2122,2021-08-22 Wolves-Tottenham Hotspur,6,Davinson Sánchez,Tottenham Hotspur,True,CB,90
ENG-Premier League,2122,2021-08-22 Wolves-Tottenham Hotspur,7,Son Heung-min,Tottenham Hotspur,True,FW,71
ENG-Premier League,2122,2021-08-22 Wolves-Tottenham Hotspur,15,Eric Dier,Tottenham Hotspur,True,CB,90
ENG-Premier League,2122,2021-08-22 Wolves-Tottenham Hotspur,20,Dele Alli,Tottenham Hotspur,True,CM,90
ENG-Premier League,2122,2021-08-22 Wolves-Tottenham Hotspur,23,Steven Bergwijn,Tottenham Hotspur,True,FW,89
ENG-Premier League,2122,2021-08-22 Wolves-Tottenham Hotspur,25,Japhet Tanganga,Tottenham Hotspur,True,RB,90
ENG-Premier League,2122,2021-08-22 Wolves-Tottenham Hotspur,27,Lucas Moura,Tottenham Hotspur,True,FW,66
ENG-Premier League,2122,2021-08-22 Wolves-Tottenham Hotspur,29,Oliver Skipp,Tottenham Hotspur,True,CM,90
ENG-Premier League,2122,2021-08-22 Wolves-Tottenham Hotspur,22,Pierluigi Gollini,Tottenham Hotspur,False,,0
ENG-Premier League,2122,2021-08-22 Wolves-Tottenham Hotspur,2,Matt Doherty,Tottenham Hotspur,False,,0
ENG-Premier League,2122,2021-08-22 Wolves-Tottenham Hotspur,8,Harry Winks,Tottenham Hotspur,False,MF,1
ENG-Premier League,2122,2021-08-22 Wolves-Tottenham Hotspur,10,Harry Kane,Tottenham Hotspur,False,FW,19
ENG-Premier League,2122,2021-08-22 Wolves-Tottenham Hotspur,11,Bryan Gil,Tottenham Hotspur,False,,0
ENG-Premier League,2122,2021-08-22 Wolves-Tottenham Hotspur,18,Giovani Lo Celso,Tottenham Hotspur,False,"FW,MF",24
ENG-Premier League,2122,2021-08-22 Wolves-Tottenham Hotspur,19,Ryan Sessegnon,Tottenham Hotspur,False,,0
ENG-Premier League,2122,2021-08-22 Wolves-Tottenham Hotspur,33,Ben Davies,Tottenham Hotspur,False,,0
ENG-Premier League,2122,2021-08-22 Wolves-Tottenham Hotspur,44,Dane Scarlett,Tottenham Hotspur,False,,0
ENG-Premier League,2122,2022-05-01 Tottenham Hotspur-Leicester City,1,Hugo Lloris,Tottenham Hotspur,True,GK,90
ENG-Premier League,2122,2022-05-01 Tottenham Hotspur-Leicester City,4,Cristian Romero,Tottenham Hotspur,True,CB,90
ENG-Premier League,2122,2022-05-01 Tottenham Hotspur-Leicester City,5,Pierre Højbjerg,Tottenham Hotspur,True,CM,90
ENG-Premier League,2122,2022-05-01 Tottenham Hotspur-Leicester City,7,Son Heung-min,Tottenham Hotspur,True,FW,81
ENG-Premier League,2122,2022-05-01 Tottenham Hotspur-Leicester City,10,Harry Kane,Tottenham Hotspur,True,FW,90
ENG-Premier League,2122,2022-05-01 Tottenham Hotspur-Leicester City,12,Emerson,Tottenham Hotspur,True,RM,90
ENG-Premier League,2122,2022-05-01 Tottenham Hotspur-Leicester City,15,Eric Dier,Tottenham Hotspur,True,CB,90
ENG-Premier League,2122,2022-05-01 Tottenham Hotspur-Leicester City,19,Ryan Sessegnon,Tottenham Hotspur,True,LM,90
ENG-Premier League,2122,2022-05-01 Tottenham Hotspur-Leicester City,27,Lucas Moura,Tottenham Hotspur,True,FW,54
ENG-Premier League,2122,2022-05-01 Tottenham Hotspur-Leicester City,30,Rodrigo Bentancur,Tottenham Hotspur,True,CM,81
ENG-Premier League,2122,2022-05-01 Tottenham Hotspur-Leicester City,33,Ben Davies,Tottenham Hotspur,True,CB,90
ENG-Premier League,2122,2022-05-01 Tottenham Hotspur-Leicester City,22,Pierluigi Gollini,Tottenham Hotspur,False,,0
ENG-Premier League,2122,2022-05-01 Tottenham Hotspur-Leicester City,6,Davinson Sánchez,Tottenham Hotspur,False,,0
ENG-Premier League,2122,2022-05-01 Tottenham Hotspur-Leicester City,8,Harry Winks,Tottenham Hotspur,False,MF,9
ENG-Premier League,2122,2022-05-01 Tottenham Hotspur-Leicester City,14,Joe Rodon,Tottenham Hotspur,False,,0
ENG-Premier League,2122,2022-05-01 Tottenham Hotspur-Leicester City,21,Dejan Kulusevski,Tottenham Hotspur,False,"FW,MF",36
ENG-Premier League,2122,2022-05-01 Tottenham Hotspur-Leicester City,23,Steven Bergwijn,Tottenham Hotspur,False,"FW,MF",9
ENG-Premier League,2122,2022-05-01 Tottenham Hotspur-Leicester City,42,Harvey White,Tottenham Hotspur,False,,0
ENG-Premier League,2122,2022-05-01 Tottenham Hotspur-Leicester City,44,Dane Scarlett,Tottenham Hotspur,False,,0
ENG-Premier League,2122,2022-05-01 Tottenham Hotspur-Leicester City,51,Matthew Craig,Tottenham Hotspur,False,,0
ENG-Premier League,2122,2022-05-01 Tottenham Hotspur-Leicester City,1,Kasper Schmeichel,Leicester City,True,GK,90
ENG-Premier League,2122,2022-05-01 Tottenham Hotspur-Leicester City,4,Çağlar Söyüncü,Leicester City,True,CB,90
ENG-Premier League,2122,2022-05-01 Tottenham Hotspur-Leicester City,11,Marc Albrighton,Leicester City,True,RM,90
ENG-Premier League,2122,2022-05-01 Tottenham Hotspur-Leicester City,14,Kelechi Iheanacho,Leicester City,True,FW,90
ENG-Premier League,2122,2022-05-01 Tottenham Hotspur-Leicester City,17,Ayoze Pérez,Leicester City,True,CM,75
ENG-Premier League,2122,2022-05-01 Tottenham Hotspur-Leicester City,18,Daniel Amartey,Leicester City,True,CB,90
ENG-Premier League,2122,2022-05-01 Tottenham Hotspur-Leicester City,24,Nampalys Mendy,Leicester City,True,CM,90
ENG-Premier League,2122,2022-05-01 Tottenham Hotspur-Leicester City,27,Timothy Castagne,Leicester City,True,CB,90
ENG-Premier League,2122,2022-05-01 Tottenham Hotspur-Leicester City,29,Patson Daka,Leicester City,True,FW,66
ENG-Premier League,2122,2022-05-01 Tottenham Hotspur-Leicester City,33,Luke Thomas,Leicester City,True,LM,90
ENG-Premier League,2122,2022-05-01 Tottenham Hotspur-Leicester City,42,Boubakary Soumaré,Leicester City,True,CM,66
ENG-Premier League,2122,2022-05-01 Tottenham Hotspur-Leicester City,12,Danny Ward,Leicester City,False,,0
ENG-Premier League,2122,2022-05-01 Tottenham Hotspur-Leicester City,2,James Justin,Leicester City,False,,0
ENG-Premier League,2122,2022-05-01 Tottenham Hotspur-Leicester City,3,Wesley Fofana,Leicester City,False,,0
ENG-Premier League,2122,2022-05-01 Tottenham Hotspur-Leicester City,7,Harvey Barnes,Leicester City,False,,0
ENG-Premier League,2122,2022-05-01 Tottenham Hotspur-Leicester City,8,Youri Tielemans,Leicester City,False,MF,15
ENG-Premier League,2122,2022-05-01 Tottenham Hotspur-Leicester City,9,Jamie Vardy,Leicester City,False,FW,24
ENG-Premier League,2122,2022-05-01 Tottenham Hotspur-Leicester City,20,Hamza Choudhury,Leicester City,False,,0
ENG-Premier League,2122,2022-05-01 Tottenham Hotspur-Leicester City,37,Ademola Lookman,Leicester City,False,,0
ENG-Premier League,2122,2022-05-01 Tottenham Hotspur-Leicester City,62,Lewis Brunt,Leicester City,False,"DF,MF",24
ENG-Premier League,2122,2021-12-04 Southampton-Brighton,1,Alex McCarthy,Southampton,True,GK,90
ENG-Premier League,2122,2021-12-04 Southampton-Brighton,2,Kyle Walker-Peters,Southampton,True,LB,90
ENG-Premier League,2122,2021-12-04 Southampton-Brighton,4,Lyanco,Southampton,True,CB,90
ENG-Premier League,2122,2021-12-04 Southampton-Brighton,6,Oriol Romeu,Southampton,True,CM,90
ENG-Premier League,2122,2021-12-04 Southampton-Brighton,8,James Ward-Prowse,Southampton,True,CM,90
ENG-Premier League,2122,2021-12-04 Southampton-Brighton,10,Che Adams,Southampton,True,FW,90
ENG-Premier League,2122,2021-12-04 Southampton-Brighton,11,Nathan Redmond,Southampton,True,RM,90
ENG-Premier League,2122,2021-12-04 Southampton-Brighton,18,Armando Broja,Southampton,True,FW,80
ENG-Premier League,2122,2021-12-04 Southampton-Brighton,21,Valentino Livramento,Southampton,True,RB,90
ENG-Premier League,2122,2021-12-04 Southampton-Brighton,22,Mohammed Salisu,Southampton,True,CB,90
ENG-Premier League,2122,2021-12-04 Southampton-Brighton,23,Nathan Tella,Southampton,True,LM,83
ENG-Premier League,2122,2021-12-04 Southampton-Brighton,41,Harry Lewis,Southampton,False,,0
ENG-Premier League,2122,2021-12-04 Southampton-Brighton,5,Jack Stephens,Southampton,False,,0
ENG-Premier League,2122,2021-12-04 Southampton-Brighton,7,Shane Long,Southampton,False,,0
ENG-Premier League,2122,2021-12-04 Southampton-Brighton,9,Adam Armstrong,Southampton,False,"FW,MF",10
ENG-Premier League,2122,2021-12-04 Southampton-Brighton,15,Romain Perraud,Southampton,False,,0
ENG-Premier League,2122,2021-12-04 Southampton-Brighton,20,William Smallbone,Southampton,False,,0
ENG-Premier League,2122,2021-12-04 Southampton-Brighton,24,Mohamed Elyounoussi,Southampton,False,"FW,MF",7
ENG-Premier League,2122,2021-12-04 Southampton-Brighton,27,Ibrahima Diallo,Southampton,False,,0
ENG-Premier League,2122,2021-12-04 Southampton-Brighton,32,Theo Walcott,Southampton,False,,0
ENG-Premier League,2122,2021-12-04 Southampton-Brighton,1,Robert Sánchez,Brighton & Hove Albion,True,GK,90
ENG-Premier League,2122,2021-12-04 Southampton-Brighton,2,Tariq Lamptey,Brighton & Hove Albion,True,RM,62
ENG-Premier League,2122,2021-12-04 Southampton-Brighton,3,Marc Cucurella,Brighton & Hove Albion,True,LM,90
ENG-Premier League,2122,2021-12-04 Southampton-Brighton,8,Yves Bissouma,Brighton & Hove Albion,True,CM,90
ENG-Premier League,2122,2021-12-04 Southampton-Brighton,9,Neal Maupay,Brighton & Hove Albion,True,FW,90
ENG-Premier League,2122,2021-12-04 Southampton-Brighton,11,Leandro Trossard,Brighton & Hove Albion,True,FW,90
ENG-Premier League,2122,2021-12-04 Southampton-Brighton,12,Enock Mwepu,Brighton & Hove Albion,True,CM,90
ENG-Premier League,2122,2021-12-04 Southampton-Brighton,13,Pascal Groß,Brighton & Hove Albion,True,CM,54
ENG-Premier League,2122,2021-12-04 Southampton-Brighton,24,Shane Duffy,Brighton & Hove Albion,True,CB,90
ENG-Premier League,2122,2021-12-04 Southampton-Brighton,33,Dan Burn,Brighton & Hove Albion,True,CB,90
ENG-Premier League,2122,2021-12-04 Southampton-Brighton,34,Joël Veltman,Brighton & Hove Albion,True,CB,77
ENG-Premier League,2122,2021-12-04 Southampton-Brighton,16,Kjell Scherpen,Brighton & Hove Albion,False,,0
ENG-Premier League,2122,2021-12-04 Southampton-Brighton,23,Jason Steele,Brighton & Hove Albion,False,,0
ENG-Premier League,2122,2021-12-04 Southampton-Brighton,7,Aaron Connolly,Brighton & Hove Albion,False,"FW,MF",36
ENG-Premier League,2122,2021-12-04 Southampton-Brighton,10,Alexis Mac Allister,Brighton & Hove Albion,False,,0
ENG-Premier League,2122,2021-12-04 Southampton-Brighton,15,Jakub Moder,Brighton & Hove Albion,False,MF,13
ENG-Premier League,2122,2021-12-04 Southampton-Brighton,20,Solly March,Brighton & Hove Albion,False,MF,28
ENG-Premier League,2122,2021-12-04 Southampton-Brighton,27,Jürgen Locadia,Brighton & Hove Albion,False,,0
ENG-Premier League,2122,2021-12-04 Southampton-Brighton,28,Haydon Roberts,Brighton & Hove Albion,False,,0
ENG-Premier League,2122,2021-12-04 Southampton-Brighton,30,Taylor Richards,Brighton & Hove Albion,False,,0
ENG-Premier League,2122,2021-11-28 Brentford-Everton,40,Álvaro Fernández,Brentford,True,GK,90
ENG-Premier League,2122,2021-11-28 Brentford-Everton,3,Rico Henry,Brentford,True,LM,76
ENG-Premier League,2122,2021-11-28 Brentford-Everton,4,Charlie Goode,Brentford,True,CB,90
ENG-Premier League,2122,2021-11-28 Brentford-Everton,5,Ethan Pinnock,Brentford,True,CB,90
ENG-Premier League,2122,2021-11-28 Brentford-Everton,6,Christian Nørgaard,Brentford,True,CM,69
ENG-Premier League,2122,2021-11-28 Brentford-Everton,7,Sergi Canós,Brentford,True,RM,86
ENG-Premier League,2122,2021-11-28 Brentford-Everton,15,Frank Onyeka,Brentford,True,CM,90
ENG-Premier League,2122,2021-11-28 Brentford-Everton,17,Ivan Toney,Brentford,True,FW,90
ENG-Premier League,2122,2021-11-28 Brentford-Everton,18,Pontus Jansson,Brentford,True,CB,90
ENG-Premier League,2122,2021-11-28 Brentford-Everton,19,Bryan Mbeumo,Brentford,True,FW,90
ENG-Premier League,2122,2021-11-28 Brentford-Everton,27,Vitaly Janelt,Brentford,True,CM,90
ENG-Premier League,2122,2021-11-28 Brentford-Everton,41,Matthew Cox,Brentford,False,,0
ENG-Premier League,2122,2021-11-28 Brentford-Everton,2,Dominic Thompson,Brentford,False,,0
ENG-Premier League,2122,2021-11-28 Brentford-Everton,8,Mathias Jensen,Brentford,False,,0
ENG-Premier League,2122,2021-11-28 Brentford-Everton,9,Marcus Forss,Brentford,False,,0
ENG-Premier League,2122,2021-11-28 Brentford-Everton,11,Yoane Wissa,Brentford,False,"FW,MF",4
ENG-Premier League,2122,2021-11-28 Brentford-Everton,14,Saman Ghoddos,Brentford,False,,0
ENG-Premier League,2122,2021-11-28 Brentford-Everton,26,Shandon Baptiste,Brentford,False,MF,21
ENG-Premier League,2122,2021-11-28 Brentford-Everton,29,Mads Bech Sørensen,Brentford,False,,0
ENG-Premier League,2122,2021-11-28 Brentford-Everton,30,Mads Roerslev,Brentford,False,"DF,MF",14
ENG-Premier League,2122,2021-11-28 Brentford-Everton,1,Jordan Pickford,Everton,True,GK,90
ENG-Premier League,2122,2021-11-28 Brentford-Everton,5,Michael Keane,Everton,True,CB,90
ENG-Premier League,2122,2021-11-28 Brentford-Everton,6,Allan,Everton,True,DM,90
ENG-Premier League,2122,2021-11-28 Brentford-Everton,12,Lucas Digne,Everton,True,LB,90
ENG-Premier League,2122,2021-11-28 Brentford-Everton,14,Andros Townsend,Everton,True,DM,69
ENG-Premier League,2122,2021-11-28 Brentford-Everton,16,Abdoulaye Doucouré,Everton,True,DM,90
ENG-Premier League,2122,2021-11-28 Brentford-Everton,17,Alex Iwobi,Everton,True,AM,90
ENG-Premier League,2122,2021-11-28 Brentford-Everton,22,Ben Godfrey,Everton,True,CB,90
ENG-Premier League,2122,2021-11-28 Brentford-Everton,23,Séamus Coleman,Everton,True,RB,90
ENG-Premier League,2122,2021-11-28 Brentford-Everton,24,Anthony Gordon,Everton,True,DM,90
ENG-Premier League,2122,2021-11-28 Brentford-Everton,33,Salomón Rondón,Everton,True,FW,90
ENG-Premier League,2122,2021-11-28 Brentford-Everton,15,Asmir Begović,Everton,False,,0
ENG-Premier League,2122,2021-11-28 Brentford-Everton,2,Jonjoe Kenny,Everton,False,,0
ENG-Premier League,2122,2021-11-28 Brentford-Everton,8,Fabian Delph,Everton,False,,0
ENG-Premier League,2122,2021-11-28 Brentford-Everton,11,Demarai Gray,Everton,False,"FW,MF",21
ENG-Premier League,2122,2021-11-28 Brentford-Everton,20,Cenk Tosun,Everton,False,,0
ENG-Premier League,2122,2021-11-28 Brentford-Everton,25,Jean-Philippe Gbamin,Everton,False,,0
ENG-Premier League,2122,2021-11-28 Brentford-Everton,32,Jarrad Branthwaite,Everton,False,,0
ENG-Premier League,2122,2021-11-28 Brentford-Everton,50,Ellis Simms,Everton,False,,0
ENG-Premier League,2122,2021-11-28 Brentford-Everton,61,Lewis Dobbin,Everton,False,,0
ENG-Premier League,2122,2022-02-19 Aston Villa-Watford,1,Emiliano Martínez,Aston Villa,True,GK,90
ENG-Premier League,2122,2022-02-19 Aston Villa-Watford,2,Matty Cash,Aston Villa,True,RB,64
ENG-Premier League,2122,2022-02-19 Aston Villa-Watford,5,Tyrone Mings,Aston Villa,True,CB,90
ENG-Premier League,2122,2022-02-19 Aston Villa-Watford,6,Douglas Luiz,Aston Villa,True,CM,57
ENG-Premier League,2122,2022-02-19 Aston Villa-Watford,7,John McGinn,Aston Villa,True,CM,90
ENG-Premier League,2122,2022-02-19 Aston Villa-Watford,10,Emi Buendía,Aston Villa,True,FW,70
ENG-Premier League,2122,2022-02-19 Aston Villa-Watford,16,Calum Chambers,Aston Villa,True,CB,90
ENG-Premier League,2122,2022-02-19 Aston Villa-Watford,20,Danny Ings,Aston Villa,True,FW,90
ENG-Premier League,2122,2022-02-19 Aston Villa-Watford,23,Philippe Coutinho,Aston Villa,True,FW,90
ENG-Premier League,2122,2022-02-19 Aston Villa-Watford,27,Lucas Digne,Aston Villa,True,LB,90
ENG-Premier League,2122,2022-02-19 Aston Villa-Watford,41,Jacob Ramsey,Aston Villa,True,CM,90
ENG-Premier League,2122,2022-02-19 Aston Villa-Watford,25,Robin Olsen,Aston Villa,False,,0
ENG-Premier League,2122,2022-02-19 Aston Villa-Watford,8,Morgan Sanson,Aston Villa,False,,0
ENG-Premier League,2122,2022-02-19 Aston Villa-Watford,11,Ollie Watkins,Aston Villa,False,"FW,MF",33
ENG-Premier League,2122,2022-02-19 Aston Villa-Watford,18,Ashley Young,Aston Villa,False,"DF,FW",26
ENG-Premier League,2122,2022-02-19 Aston Villa-Watford,30,Kortney Hause,Aston Villa,False,,0
ENG-Premier League,2122,2022-02-19 Aston Villa-Watford,31,Leon Bailey,Aston Villa,False,"FW,MF",20
ENG-Premier League,2122,2022-02-19 Aston Villa-Watford,33,Carney Chukwuemeka,Aston Villa,False,,0
ENG-Premier League,2122,2022-02-19 Aston Villa-Watford,45,Benjamin Chrisene,Aston Villa,False,,0
ENG-Premier League,2122,2022-02-19 Aston Villa-Watford,47,Tim Iroegbunam,Aston Villa,False,,0
ENG-Premier League,2122,2022-02-19 Aston Villa-Watford,1,Ben Foster,Watford,True,GK,90
ENG-Premier League,2122,2022-02-19 Aston Villa-Watford,6,Imran Louza,Watford,True,CM,90
ENG-Premier League,2122,2022-02-19 Aston Villa-Watford,7,Joshua King,Watford,True,FW,90
ENG-Premier League,2122,2022-02-19 Aston Villa-Watford,8,Tom Cleverley,Watford,True,LM,90
ENG-Premier League,2122,2022-02-19 Aston Villa-Watford,14,Hassane Kamara,Watford,True,LB,90
ENG-Premier League,2122,2022-02-19 Aston Villa-Watford,15,Craig Cathcart,Watford,True,CB,90
ENG-Premier League,2122,2022-02-19 Aston Villa-Watford,19,Moussa Sissoko,Watford,True,CM,90
ENG-Premier League,2122,2022-02-19 Aston Villa-Watford,21,Kiko Femenía,Watford,True,RB,90
ENG-Premier League,2122,2022-02-19 Aston Villa-Watford,22,Samir Santos,Watford,True,CB,89
ENG-Premier League,2122,2022-02-19 Aston Villa-Watford,23,Ismaila Sarr,Watford,True,RM,89
ENG-Premier League,2122,2022-02-19 Aston Villa-Watford,25,Emmanuel Dennis,Watford,True,FW,85
ENG-Premier League,2122,2022-02-19 Aston Villa-Watford,26,Daniel Bachmann,Watford,False,,0
ENG-Premier League,2122,2022-02-19 Aston Villa-Watford,2,Jeremy Ngakia,Watford,False,,0
ENG-Premier League,2122,2022-02-19 Aston Villa-Watford,5,William Troost-Ekong,Watford,False,,0
ENG-Premier League,2122,2022-02-19 Aston Villa-Watford,11,Adam Masina,Watford,False,,0
ENG-Premier League,2122,2022-02-19 Aston Villa-Watford,12,Ken Sema,Watford,False,"FW,MF",5
ENG-Premier League,2122,2022-02-19 Aston Villa-Watford,27,Christian Kabasele,Watford,False,DF,1
ENG-Premier League,2122,2022-02-19 Aston Villa-Watford,28,Samuel Kalu,Watford,False,,0
ENG-Premier League,2122,2022-02-19 Aston Villa-Watford,29,Cucho,Watford,False,"FW,MF",1
ENG-Premier League,2122,2022-02-19 Aston Villa-Watford,39,Edo Kayembe,Watford,False,,0
ENG-Premier League,2122,2022-01-23 Chelsea-Tottenham Hotspur,1,Kepa Arrizabalaga,Chelsea,True,GK,90
ENG-Premier League,2122,2022-01-23 Chelsea-Tottenham Hotspur,2,Antonio Rüdiger,Chelsea,True,CB,90
ENG-Premier League,2122,2022-01-23 Chelsea-Tottenham Hotspur,5,Jorginho,Chelsea,True,DM,72
ENG-Premier League,2122,2022-01-23 Chelsea-Tottenham Hotspur,6,Thiago Silva,Chelsea,True,CB,90
ENG-Premier League,2122,2022-01-23 Chelsea-Tottenham Hotspur,8,Mateo Kovačić,Chelsea,True,AM,90
ENG-Premier League,2122,2022-01-23 Chelsea-Tottenham Hotspur,9,Romelu Lukaku,Chelsea,True,FW,90
ENG-Premier League,2122,2022-01-23 Chelsea-Tottenham Hotspur,19,Mason Mount,Chelsea,True,AM,90
ENG-Premier League,2122,2022-01-23 Chelsea-Tottenham Hotspur,20,Callum Hudson-Odoi,Chelsea,True,LW,86
ENG-Premier League,2122,2022-01-23 Chelsea-Tottenham Hotspur,22,Hakim Ziyech,Chelsea,True,RW,89
ENG-Premier League,2122,2022-01-23 Chelsea-Tottenham Hotspur,28,César Azpilicueta,Chelsea,True,RB,90
ENG-Premier League,2122,2022-01-23 Chelsea-Tottenham Hotspur,31,Malang Sarr,Chelsea,True,LB,90
ENG-Premier League,2122,2022-01-23 Chelsea-Tottenham Hotspur,13,Marcus Bettinelli,Chelsea,False,,0
ENG-Premier League,2122,2022-01-23 Chelsea-Tottenham Hotspur,3,Marcos Alonso,Chelsea,False,"DF,MF",4
ENG-Premier League,2122,2022-01-23 Chelsea-Tottenham Hotspur,7,N'Golo Kanté,Chelsea,False,MF,18
ENG-Premier League,2122,2022-01-23 Chelsea-Tottenham Hotspur,10,Christian Pulisic,Chelsea,False,,0
ENG-Premier League,2122,2022-01-23 Chelsea-Tottenham Hotspur,11,Timo Werner,Chelsea,False,,0
ENG-Premier League,2122,2022-01-23 Chelsea-Tottenham Hotspur,14,Trevoh Chalobah,Chelsea,False,,0
ENG-Premier League,2122,2022-01-23 Chelsea-Tottenham Hotspur,17,Saúl Ñíguez,Chelsea,False,MF,1
ENG-Premier League,2122,2022-01-23 Chelsea-Tottenham Hotspur,18,Ross Barkley,Chelsea,False,,0
ENG-Premier League,2122,2022-01-23 Chelsea-Tottenham Hotspur,29,Kai Havertz,Chelsea,False,,0
ENG-Premier League,2122,2022-01-23 Chelsea-Tottenham Hotspur,1,Hugo Lloris,Tottenham Hotspur,True,GK,90
ENG-Premier League,2122,2022-01-23 Chelsea-Tottenham Hotspur,2,Matt Doherty,Tottenham Hotspur,True,RM,90
ENG-Premier League,2122,2022-01-23 Chelsea-Tottenham Hotspur,5,Pierre Højbjerg,Tottenham Hotspur,True,CM,90
ENG-Premier League,2122,2022-01-23 Chelsea-Tottenham Hotspur,6,Davinson Sánchez,Tottenham Hotspur,True,CB,90
ENG-Premier League,2122,2022-01-23 Chelsea-Tottenham Hotspur,8,Harry Winks,Tottenham Hotspur,True,CM,88
ENG-Premier League,2122,2022-01-23 Chelsea-Tottenham Hotspur,10,Harry Kane,Tottenham Hotspur,True,FW,90
ENG-Premier League,2122,2022-01-23 Chelsea-Tottenham Hotspur,15,Eric Dier,Tottenham Hotspur,True,CB,90
ENG-Premier League,2122,2022-01-23 Chelsea-Tottenham Hotspur,19,Ryan Sessegnon,Tottenham Hotspur,True,LM,55
ENG-Premier League,2122,2022-01-23 Chelsea-Tottenham Hotspur,23,Steven Bergwijn,Tottenham Hotspur,True,FW,90
ENG-Premier League,2122,2022-01-23 Chelsea-Tottenham Hotspur,25,Japhet Tanganga,Tottenham Hotspur,True,RB,55
ENG-Premier League,2122,2022-01-23 Chelsea-Tottenham Hotspur,33,Ben Davies,Tottenham Hotspur,True,LB,90
ENG-Premier League,2122,2022-01-23 Chelsea-Tottenham Hotspur,22,Pierluigi Gollini,Tottenham Hotspur,False,,0
ENG-Premier League,2122,2022-01-23 Chelsea-Tottenham Hotspur,3,Sergio Reguilón,Tottenham Hotspur,False,,0
ENG-Premier League,2122,2022-01-23 Chelsea-Tottenham Hotspur,11,Bryan Gil,Tottenham Hotspur,False,"FW,MF",2
ENG-Premier League,2122,2022-01-23 Chelsea-Tottenham Hotspur,12,Emerson,Tottenham Hotspur,False,,0
ENG-Premier League,2122,2022-01-23 Chelsea-Tottenham Hotspur,14,Joe Rodon,Tottenham Hotspur,False,,0
ENG-Premier League,2122,2022-01-23 Chelsea-Tottenham Hotspur,27,Lucas Moura,Tottenham Hotspur,False,"FW,MF",35
ENG-Premier League,2122,2022-01-23 Chelsea-Tottenham Hotspur,29,Oliver Skipp,Tottenham Hotspur,False,MF,35
ENG-Premier League,2122,2022-01-23 Chelsea-Tottenham Hotspur,42,Harvey White,Tottenham Hotspur,False,,0
ENG-Premier League,2122,2022-01-23 Chelsea-Tottenham Hotspur,44,Dane Scarlett,Tottenham Hotspur,False,,0
ENG-Premier League,2122,2022-05-11 Leicester City-Norwich City,1,Kasper Schmeichel,Leicester City,True,GK,90
ENG-Premier League,2122,2022-05-11 Leicester City-Norwich City,2,James Justin,Leicester City,True,LB,90
ENG-Premier League,2122,2022-05-11 Leicester City-Norwich City,6,Jonny Evans,Leicester City,True,CB,90
ENG-Premier League,2122,2022-05-11 Leicester City-Norwich City,7,Harvey Barnes,Leicester City,True,AM,90
ENG-Premier League,2122,2022-05-11 Leicester City-Norwich City,8,Youri Tielemans,Leicester City,True,DM,90
ENG-Premier League,2122,2022-05-11 Leicester City-Norwich City,9,Jamie Vardy,Leicester City,True,FW,90
ENG-Premier League,2122,2022-05-11 Leicester City-Norwich City,10,James Maddison,Leicester City,True,AM,90
ENG-Premier League,2122,2022-05-11 Leicester City-Norwich City,18,Daniel Amartey,Leicester City,True,CB,90
ENG-Premier League,2122,2022-05-11 Leicester City-Norwich City,22,Kiernan Dewsbury-Hall,Leicester City,True,DM,90
ENG-Premier League,2122,2022-05-11 Leicester City-Norwich City,27,Timothy Castagne,Leicester City,True,RB,90
ENG-Premier League,2122,2022-05-11 Leicester City-Norwich City,37,Ademola Lookman,Leicester City,True,AM,45
ENG-Premier League,2122,2022-05-11 Leicester City-Norwich City,12,Danny Ward,Leicester City,False,,0
ENG-Premier League,2122,2022-05-11 Leicester City-Norwich City,4,Çağlar Söyüncü,Leicester City,False,,0
ENG-Premier League,2122,2022-05-11 Leicester City-Norwich City,11,Marc Albrighton,Leicester City,False,,0
ENG-Premier League,2122,2022-05-11 Leicester City-Norwich City,14,Kelechi Iheanacho,Leicester City,False,,0
ENG-Premier League,2122,2022-05-11 Leicester City-Norwich City,17,Ayoze Pérez,Leicester City,False,,0
ENG-Premier League,2122,2022-05-11 Leicester City-Norwich City,24,Nampalys Mendy,Leicester City,False,MF,45
ENG-Premier League,2122,2022-05-11 Leicester City-Norwich City,29,Patson Daka,Leicester City,False,,0
ENG-Premier League,2122,2022-05-11 Leicester City-Norwich City,33,Luke Thomas,Leicester City,False,,0
ENG-Premier League,2122,2022-05-11 Leicester City-Norwich City,28,Angus Gunn,Norwich City,True,GK,90
ENG-Premier League,2122,2022-05-11 Leicester City-Norwich City,2,Max Aarons,Norwich City,True,RB,90
ENG-Premier League,2122,2022-05-11 Leicester City-Norwich City,3,Sam Byram,Norwich City,True,CB,90
ENG-Premier League,2122,2022-05-11 Leicester City-Norwich City,5,Grant Hanley,Norwich City,True,CB,90
ENG-Premier League,2122,2022-05-11 Leicester City-Norwich City,7,Lukas Rupp,Norwich City,True,AM,57
ENG-Premier League,2122,2022-05-11 Leicester City-Norwich City,8,Billy Gilmour,Norwich City,True,AM,90
ENG-Premier League,2122,2022-05-11 Leicester City-Norwich City,17,Milot Rashica,Norwich City,True,LW,66
ENG-Premier League,2122,2022-05-11 Leicester City-Norwich City,20,Pierre Lees-Melou,Norwich City,True,DM,90
ENG-Premier League,2122,2022-05-11 Leicester City-Norwich City,22,Teemu Pukki,Norwich City,True,FW,90
ENG-Premier League,2122,2022-05-11 Leicester City-Norwich City,30,Dimitris Giannoulis,Norwich City,True,LB,90
ENG-Premier League,2122,2022-05-11 Leicester City-Norwich City,45,Tony Springett,Norwich City,True,RW,66
ENG-Premier League,2122,2022-05-11 Leicester City-Norwich City,1,Tim Krul,Norwich City,False,,0
ENG-Premier League,2122,2022-05-11 Leicester City-Norwich City,4,Ben Gibson,Norwich City,False,,0
ENG-Premier League,2122,2022-05-11 Leicester City-Norwich City,10,Kieran Dowell,Norwich City,False,,0
ENG-Premier League,2122,2022-05-11 Leicester City-Norwich City,11,Przemysław Płacheta,Norwich City,False,MF,24
ENG-Premier League,2122,2022-05-11 Leicester City-Norwich City,18,Christos Tzolis,Norwich City,False,,0
ENG-Premier League,2122,2022-05-11 Leicester City-Norwich City,19,Jakob Sørensen,Norwich City,False,"DF,MF",33
ENG-Premier League,2122,2022-05-11 Leicester City-Norwich City,21,Brandon Williams,Norwich City,False,,0
ENG-Premier League,2122,2022-05-11 Leicester City-Norwich City,42,Liam Gibbs,Norwich City,False,,0
ENG-Premier League,2122,2022-05-11 Leicester City-Norwich City,46,Jonathan Rowe,Norwich City,False,"FW,MF",24
ENG-Premier League,2122,2022-03-13 Southampton-Watford,44,Fraser Forster,Southampton,True,GK,90
ENG-Premier League,2122,2022-03-13 Southampton-Watford,2,Kyle Walker-Peters,Southampton,True,RB,90
ENG-Premier League,2122,2022-03-13 Southampton-Watford,6,Oriol Romeu,Southampton,True,CM,73
ENG-Premier League,2122,2022-03-13 Southampton-Watford,8,James Ward-Prowse,Southampton,True,CM,90
ENG-Premier League,2122,2022-03-13 Southampton-Watford,10,Che Adams,Southampton,True,FW,90
ENG-Premier League,2122,2022-03-13 Southampton-Watford,15,Romain Perraud,Southampton,True,LB,90
ENG-Premier League,2122,2022-03-13 Southampton-Watford,17,Stuart Armstrong,Southampton,True,RM,90
ENG-Premier League,2122,2022-03-13 Southampton-Watford,20,William Smallbone,Southampton,True,FW,45
ENG-Premier League,2122,2022-03-13 Southampton-Watford,22,Mohammed Salisu,Southampton,True,CB,90
ENG-Premier League,2122,2022-03-13 Southampton-Watford,24,Mohamed Elyounoussi,Southampton,True,LM,90
ENG-Premier League,2122,2022-03-13 Southampton-Watford,35,Jan Bednarek,Southampton,True,CB,90
ENG-Premier League,2122,2022-03-13 Southampton-Watford,13,Willy Caballero,Southampton,False,,0
ENG-Premier League,2122,2022-03-13 Southampton-Watford,5,Jack Stephens,Southampton,False,,0
ENG-Premier League,2122,2022-03-13 Southampton-Watford,7,Shane Long,Southampton,False,FW,1
ENG-Premier League,2122,2022-03-13 Southampton-Watford,9,Adam Armstrong,Southampton,False,,0
ENG-Premier League,2122,2022-03-13 Southampton-Watford,11,Nathan Redmond,Southampton,False,"FW,MF",17
ENG-Premier League,2122,2022-03-13 Southampton-Watford,18,Armando Broja,Southampton,False,FW,44
ENG-Premier League,2122,2022-03-13 Southampton-Watford,27,Ibrahima Diallo,Southampton,False,,0
ENG-Premier League,2122,2022-03-13 Southampton-Watford,32,Theo Walcott,Southampton,False,,0
ENG-Premier League,2122,2022-03-13 Southampton-Watford,43,Yan Valery,Southampton,False,,0
ENG-Premier League,2122,2022-03-13 Southampton-Watford,1,Ben Foster,Watford,True,GK,90
ENG-Premier League,2122,2022-03-13 Southampton-Watford,6,Imran Louza,Watford,True,CM,90
ENG-Premier League,2122,2022-03-13 Southampton-Watford,10,João Pedro,Watford,True,FW,90
ENG-Premier League,2122,2022-03-13 Southampton-Watford,14,Hassane Kamara,Watford,True,LB,90
ENG-Premier League,2122,2022-03-13 Southampton-Watford,19,Moussa Sissoko,Watford,True,CM,90
ENG-Premier League,2122,2022-03-13 Southampton-Watford,21,Kiko Femenía,Watford,True,RB,89
ENG-Premier League,2122,2022-03-13 Southampton-Watford,22,Samir Santos,Watford,True,CB,90
ENG-Premier League,2122,2022-03-13 Southampton-Watford,25,Emmanuel Dennis,Watford,True,FW,86
ENG-Premier League,2122,2022-03-13 Southampton-Watford,27,Christian Kabasele,Watford,True,CB,90
ENG-Premier League,2122,2022-03-13 Southampton-Watford,29,Cucho,Watford,True,FW,89
ENG-Premier League,2122,2022-03-13 Southampton-Watford,33,Juraj Kucka,Watford,True,CM,90
ENG-Premier League,2122,2022-03-13 Southampton-Watford,26,Daniel Bachmann,Watford,False,,0
ENG-Premier League,2122,2022-03-13 Southampton-Watford,5,William Troost-Ekong,Watford,False,,0
ENG-Premier League,2122,2022-03-13 Southampton-Watford,7,Joshua King,Watford,False,"FW,MF",4
ENG-Premier League,2122,2022-03-13 Southampton-Watford,8,Tom Cleverley,Watford,False,,0
ENG-Premier League,2122,2022-03-13 Southampton-Watford,11,Adam Masina,Watford,False,,0
ENG-Premier League,2122,2022-03-13 Southampton-Watford,12,Ken Sema,Watford,False,"FW,MF",1
ENG-Premier League,2122,2022-03-13 Southampton-Watford,15,Craig Cathcart,Watford,False,DF,1
ENG-Premier League,2122,2022-03-13 Southampton-Watford,28,Samuel Kalu,Watford,False,,0
ENG-Premier League,2122,2022-03-13 Southampton-Watford,39,Edo Kayembe,Watford,False,,0
ENG-Premier League,2122,2021-10-16 Watford-Liverpool,1,Ben Foster,Watford,True,GK,90
ENG-Premier League,2122,2021-10-16 Watford-Liverpool,3,Danny Rose,Watford,True,LB,90
ENG-Premier League,2122,2021-10-16 Watford-Liverpool,5,William Troost-Ekong,Watford,True,CB,90
ENG-Premier League,2122,2021-10-16 Watford-Liverpool,11,Adam Masina,Watford,True,LM,45
ENG-Premier League,2122,2021-10-16 Watford-Liverpool,15,Craig Cathcart,Watford,True,CB,90
ENG-Premier League,2122,2021-10-16 Watford-Liverpool,19,Moussa Sissoko,Watford,True,CM,90
ENG-Premier League,2122,2021-10-16 Watford-Liverpool,21,Kiko Femenía,Watford,True,RB,55
ENG-Premier League,2122,2021-10-16 Watford-Liverpool,23,Ismaila Sarr,Watford,True,FW,90
ENG-Premier League,2122,2021-10-16 Watford-Liverpool,25,Emmanuel Dennis,Watford,True,RM,68
ENG-Premier League,2122,2021-10-16 Watford-Liverpool,29,Cucho,Watford,True,FW,90
ENG-Premier League,2122,2021-10-16 Watford-Liverpool,33,Juraj Kucka,Watford,True,CM,90
ENG-Premier League,2122,2021-10-16 Watford-Liverpool,26,Daniel Bachmann,Watford,False,,0
ENG-Premier League,2122,2021-10-16 Watford-Liverpool,2,Jeremy Ngakia,Watford,False,"DF,MF",35
ENG-Premier League,2122,2021-10-16 Watford-Liverpool,6,Imran Louza,Watford,False,,0
ENG-Premier League,2122,2021-10-16 Watford-Liverpool,8,Tom Cleverley,Watford,False,MF,45
ENG-Premier League,2122,2021-10-16 Watford-Liverpool,10,João Pedro,Watford,False,"FW,MF",22
ENG-Premier League,2122,2021-10-16 Watford-Liverpool,12,Ken Sema,Watford,False,,0
ENG-Premier League,2122,2021-10-16 Watford-Liverpool,16,Dan Gosling,Watford,False,,0
ENG-Premier League,2122,2021-10-16 Watford-Liverpool,17,Ashley Fletcher,Watford,False,,0
ENG-Premier League,2122,2021-10-16 Watford-Liverpool,18,Ozan Tufan,Watford,False,,0
ENG-Premier League,2122,2021-10-16 Watford-Liverpool,62,Caoimhín Kelleher,Liverpool,True,GK,90
ENG-Premier League,2122,2021-10-16 Watford-Liverpool,4,Virgil van Dijk,Liverpool,True,CB,90
ENG-Premier League,2122,2021-10-16 Watford-Liverpool,7,James Milner,Liverpool,True,CM,82
ENG-Premier League,2122,2021-10-16 Watford-Liverpool,8,Naby Keïta,Liverpool,True,CM,90
ENG-Premier League,2122,2021-10-16 Watford-Liverpool,9,Roberto Firmino,Liverpool,True,FW,90
ENG-Premier League,2122,2021-10-16 Watford-Liverpool,10,Sadio Mané,Liverpool,True,FW,90
ENG-Premier League,2122,2021-10-16 Watford-Liverpool,11,Mohamed Salah,Liverpool,True,FW,90
ENG-Premier League,2122,2021-10-16 Watford-Liverpool,14,Jordan Henderson,Liverpool,True,CM,90
ENG-Premier League,2122,2021-10-16 Watford-Liverpool,26,Andrew Robertson,Liverpool,True,LB,63
ENG-Premier League,2122,2021-10-16 Watford-Liverpool,32,Joël Matip,Liverpool,True,CB,90
ENG-Premier League,2122,2021-10-16 Watford-Liverpool,66,Trent Alexander-Arnold,Liverpool,True,RB,64
ENG-Premier League,2122,2021-10-16 Watford-Liverpool,13,Adrián,Liverpool,False,,0
ENG-Premier League,2122,2021-10-16 Watford-Liverpool,5,Ibrahima Konaté,Liverpool,False,,0
ENG-Premier League,2122,2021-10-16 Watford-Liverpool,12,Joe Gomez,Liverpool,False,,0
ENG-Premier League,2122,2021-10-16 Watford-Liverpool,15,Alex Oxlade-Chamberlain,Liverpool,False,"FW,MF",26
ENG-Premier League,2122,2021-10-16 Watford-Liverpool,18,Takumi Minamino,Liverpool,False,,0
ENG-Premier League,2122,2021-10-16 Watford-Liverpool,20,Diogo Jota,Liverpool,False,,0
ENG-Premier League,2122,2021-10-16 Watford-Liverpool,21,Kostas Tsimikas,Liverpool,False,DF,27
ENG-Premier League,2122,2021-10-16 Watford-Liverpool,27,Divock Origi,Liverpool,False,,0
ENG-Premier League,2122,2021-10-16 Watford-Liverpool,76,Neco Williams,Liverpool,False,"DF,MF",8
ENG-Premier League,2122,2021-09-25 Leicester City-Burnley,1,Kasper Schmeichel,Leicester City,True,GK,90
ENG-Premier League,2122,2021-09-25 Leicester City-Burnley,4,Çağlar Söyüncü,Leicester City,True,CB,90
ENG-Premier League,2122,2021-09-25 Leicester City-Burnley,5,Ryan Bertrand,Leicester City,True,LB,90
ENG-Premier League,2122,2021-09-25 Leicester City-Burnley,7,Harvey Barnes,Leicester City,True,FW,90
ENG-Premier League,2122,2021-09-25 Leicester City-Burnley,8,Youri Tielemans,Leicester City,True,CM,90
ENG-Premier League,2122,2021-09-25 Leicester City-Burnley,9,Jamie Vardy,Leicester City,True,FW,90
ENG-Premier League,2122,2021-09-25 Leicester City-Burnley,21,Ricardo Pereira,Leicester City,True,RB,45
ENG-Premier League,2122,2021-09-25 Leicester City-Burnley,23,Jannik Vestergaard,Leicester City,True,CB,90
ENG-Premier League,2122,2021-09-25 Leicester City-Burnley,25,Wilfred Ndidi,Leicester City,True,CM,90
ENG-Premier League,2122,2021-09-25 Leicester City-Burnley,37,Ademola Lookman,Leicester City,True,FW,77
ENG-Premier League,2122,2021-09-25 Leicester City-Burnley,42,Boubakary Soumaré,Leicester City,True,CM,61
ENG-Premier League,2122,2021-09-25 Leicester City-Burnley,12,Danny Ward,Leicester City,False,,0
ENG-Premier League,2122,2021-09-25 Leicester City-Burnley,6,Jonny Evans,Leicester City,False,,0
ENG-Premier League,2122,2021-09-25 Leicester City-Burnley,10,James Maddison,Leicester City,False,"FW,MF",13
ENG-Premier League,2122,2021-09-25 Leicester City-Burnley,11,Marc Albrighton,Leicester City,False,,0
ENG-Premier League,2122,2021-09-25 Leicester City-Burnley,14,Kelechi Iheanacho,Leicester City,False,"FW,MF",29
ENG-Premier League,2122,2021-09-25 Leicester City-Burnley,17,Ayoze Pérez,Leicester City,False,,0
ENG-Premier League,2122,2021-09-25 Leicester City-Burnley,22,Kiernan Dewsbury-Hall,Leicester City,False,,0
ENG-Premier League,2122,2021-09-25 Leicester City-Burnley,27,Timothy Castagne,Leicester City,False,"DF,MF",45
ENG-Premier League,2122,2021-09-25 Leicester City-Burnley,29,Patson Daka,Leicester City,False,,0
ENG-Premier League,2122,2021-09-25 Leicester City-Burnley,1,Nick Pope,Burnley,True,GK,90
ENG-Premier League,2122,2021-09-25 Leicester City-Burnley,2,Matthew Lowton,Burnley,True,RB,90
ENG-Premier League,2122,2021-09-25 Leicester City-Burnley,3,Charlie Taylor,Burnley,True,LB,90
ENG-Premier League,2122,2021-09-25 Leicester City-Burnley,5,James Tarkowski,Burnley,True,CB,90
ENG-Premier League,2122,2021-09-25 Leicester City-Burnley,6,Ben Mee,Burnley,True,CB,90
ENG-Premier League,2122,2021-09-25 Leicester City-Burnley,8,Josh Brownhill,Burnley,True,CM,90
ENG-Premier League,2122,2021-09-25 Leicester City-Burnley,9,Chris Wood,Burnley,True,FW,90
ENG-Premier League,2122,2021-09-25 Leicester City-Burnley,11,Dwight McNeil,Burnley,True,RM,86
ENG-Premier League,2122,2021-09-25 Leicester City-Burnley,18,Ashley Westwood,Burnley,True,CM,90
ENG-Premier League,2122,2021-09-25 Leicester City-Burnley,20,Maxwel Cornet,Burnley,True,LM,44
ENG-Premier League,2122,2021-09-25 Leicester City-Burnley,27,Matěj Vydra,Burnley,True,FW,74
ENG-Premier League,2122,2021-09-25 Leicester City-Burnley,13,Wayne Hennessey,Burnley,False,,0
ENG-Premier League,2122,2021-09-25 Leicester City-Burnley,4,Jack Cork,Burnley,False,,0
ENG-Premier League,2122,2021-09-25 Leicester City-Burnley,7,Jóhann Berg Guðmundsson,Burnley,False,"FW,MF",46
ENG-Premier League,2122,2021-09-25 Leicester City-Burnley,10,Ashley Barnes,Burnley,False,"FW,MF",16
ENG-Premier League,2122,2021-09-25 Leicester City-Burnley,17,Aaron Lennon,Burnley,False,"FW,MF",4
ENG-Premier League,2122,2021-09-25 Leicester City-Burnley,22,Nathan Collins,Burnley,False,,0
ENG-Premier League,2122,2021-09-25 Leicester City-Burnley,23,Erik Pieters,Burnley,False,,0
ENG-Premier League,2122,2021-09-25 Leicester City-Burnley,26,Phil Bardsley,Burnley,False,,0
ENG-Premier League,2122,2021-09-25 Leicester City-Burnley,37,Bobby Thomas,Burnley,False,,0
ENG-Premier League,2122,2022-03-10 Southampton-Newcastle United,44,Fraser Forster,Southampton,True,GK,90
ENG-Premier League,2122,2022-03-10 Southampton-Newcastle United,2,Kyle Walker-Peters,Southampton,True,LB,90
ENG-Premier League,2122,2022-03-10 Southampton-Newcastle United,6,Oriol Romeu,Southampton,True,CM,78
ENG-Premier League,2122,2022-03-10 Southampton-Newcastle United,8,James Ward-Prowse,Southampton,True,CM,90
ENG-Premier League,2122,2022-03-10 Southampton-Newcastle United,10,Che Adams,Southampton,True,FW,90
ENG-Premier League,2122,2022-03-10 Southampton-Newcastle United,17,Stuart Armstrong,Southampton,True,RM,90
ENG-Premier League,2122,2022-03-10 Southampton-Newcastle United,18,Armando Broja,Southampton,True,FW,72
ENG-Premier League,2122,2022-03-10 Southampton-Newcastle United,21,Valentino Livramento,Southampton,True,RB,90
ENG-Premier League,2122,2022-03-10 Southampton-Newcastle United,22,Mohammed Salisu,Southampton,True,CB,90
ENG-Premier League,2122,2022-03-10 Southampton-Newcastle United,24,Mohamed Elyounoussi,Southampton,True,LM,84
ENG-Premier League,2122,2022-03-10 Southampton-Newcastle United,35,Jan Bednarek,Southampton,True,CB,90
ENG-Premier League,2122,2022-03-10 Southampton-Newcastle United,13,Willy Caballero,Southampton,False,,0
ENG-Premier League,2122,2022-03-10 Southampton-Newcastle United,5,Jack Stephens,Southampton,False,,0
ENG-Premier League,2122,2022-03-10 Southampton-Newcastle United,7,Shane Long,Southampton,False,FW,12
ENG-Premier League,2122,2022-03-10 Southampton-Newcastle United,9,Adam Armstrong,Southampton,False,"FW,MF",18
ENG-Premier League,2122,2022-03-10 Southampton-Newcastle United,15,Romain Perraud,Southampton,False,,0
ENG-Premier League,2122,2022-03-10 Southampton-Newcastle United,19,Moussa Djenepo,Southampton,False,"FW,MF",6
ENG-Premier League,2122,2022-03-10 Southampton-Newcastle United,20,William Smallbone,Southampton,False,,0
ENG-Premier League,2122,2022-03-10 Southampton-Newcastle United,27,Ibrahima Diallo,Southampton,False,,0
ENG-Premier League,2122,2022-03-10 Southampton-Newcastle United,43,Yan Valery,Southampton,False,,0
ENG-Premier League,2122,2022-03-10 Southampton-Newcastle United,1,Martin Dúbravka,Newcastle United,True,GK,90
ENG-Premier League,2122,2022-03-10 Southampton-Newcastle United,5,Fabian Schär,Newcastle United,True,CB,90
ENG-Premier League,2122,2022-03-10 Southampton-Newcastle United,8,Jonjo Shelvey,Newcastle United,True,CM,90
ENG-Premier League,2122,2022-03-10 Southampton-Newcastle United,13,Matt Targett,Newcastle United,True,LB,90
ENG-Premier League,2122,2022-03-10 Southampton-Newcastle United,17,Emil Krafth,Newcastle United,True,RB,89
ENG-Premier League,2122,2022-03-10 Southampton-Newcastle United,20,Chris Wood,Newcastle United,True,FW,90
ENG-Premier League,2122,2022-03-10 Southampton-Newcastle United,21,Ryan Fraser,Newcastle United,True,FW,84
ENG-Premier League,2122,2022-03-10 Southampton-Newcastle United,23,Jacob Murphy,Newcastle United,True,FW,90
ENG-Premier League,2122,2022-03-10 Southampton-Newcastle United,28,Joe Willock,Newcastle United,True,CM,90
ENG-Premier League,2122,2022-03-10 Southampton-Newcastle United,33,Dan Burn,Newcastle United,True,CB,90
ENG-Premier League,2122,2022-03-10 Southampton-Newcastle United,39,Bruno Guimarães,Newcastle United,True,CM,66
ENG-Premier League,2122,2022-03-10 Southampton-Newcastle United,26,Karl Darlow,Newcastle United,False,,0
ENG-Premier League,2122,2022-03-10 Southampton-Newcastle United,3,Paul Dummett,Newcastle United,False,,0
ENG-Premier League,2122,2022-03-10 Southampton-Newcastle United,6,Jamaal Lascelles,Newcastle United,False,,0
ENG-Premier League,2122,2022-03-10 Southampton-Newcastle United,11,Matt Ritchie,Newcastle United,False,,0
ENG-Premier League,2122,2022-03-10 Southampton-Newcastle United,19,Javier Manquillo,Newcastle United,False,DF,1
ENG-Premier League,2122,2022-03-10 Southampton-Newcastle United,24,Miguel Almirón,Newcastle United,False,"FW,MF",6
ENG-Premier League,2122,2022-03-10 Southampton-Newcastle United,34,Dwight Gayle,Newcastle United,False,,0
ENG-Premier League,2122,2022-03-10 Southampton-Newcastle United,36,Sean Longstaff,Newcastle United,False,MF,24
ENG-Premier League,2122,2022-03-10 Southampton-Newcastle United,50,Lucas De Bolle,Newcastle United,False,,0
ENG-Premier League,2122,2021-09-19 West Ham United-Manchester Utd,1,Łukasz Fabiański,West Ham United,True,GK,90
ENG-Premier League,2122,2021-09-19 West Ham United-Manchester Utd,3,Aaron Cresswell,West Ham United,True,LB,90
ENG-Premier League,2122,2021-09-19 West Ham United-Manchester Utd,4,Kurt Zouma,West Ham United,True,CB,90
ENG-Premier League,2122,2021-09-19 West Ham United-Manchester Utd,5,Vladimír Coufal,West Ham United,True,RB,90
ENG-Premier League,2122,2021-09-19 West Ham United-Manchester Utd,8,Pablo Fornals,West Ham United,True,RM,90
ENG-Premier League,2122,2021-09-19 West Ham United-Manchester Utd,11,Nikola Vlašić,West Ham United,True,LM,67
ENG-Premier League,2122,2021-09-19 West Ham United-Manchester Utd,20,Jarrod Bowen,West Ham United,True,FW,89
ENG-Premier League,2122,2021-09-19 West Ham United-Manchester Utd,21,Angelo Ogbonna,West Ham United,True,CB,90
ENG-Premier League,2122,2021-09-19 West Ham United-Manchester Utd,22,Saïd Benrahma,West Ham United,True,FW,87
ENG-Premier League,2122,2021-09-19 West Ham United-Manchester Utd,28,Tomáš Souček,West Ham United,True,CM,90
ENG-Premier League,2122,2021-09-19 West Ham United-Manchester Utd,41,Declan Rice,West Ham United,True,CM,90
ENG-Premier League,2122,2021-09-19 West Ham United-Manchester Utd,13,Alphonse Areola,West Ham United,False,,0
ENG-Premier League,2122,2021-09-19 West Ham United-Manchester Utd,7,Andriy Yarmolenko,West Ham United,False,"FW,MF",23
ENG-Premier League,2122,2021-09-19 West Ham United-Manchester Utd,10,Manuel Lanzini,West Ham United,False,"FW,MF",3
ENG-Premier League,2122,2021-09-19 West Ham United-Manchester Utd,15,Craig Dawson,West Ham United,False,,0
ENG-Premier League,2122,2021-09-19 West Ham United-Manchester Utd,16,Mark Noble,West Ham United,False,MF,1
ENG-Premier League,2122,2021-09-19 West Ham United-Manchester Utd,23,Issa Diop,West Ham United,False,,0
ENG-Premier League,2122,2021-09-19 West Ham United-Manchester Utd,24,Ryan Fredericks,West Ham United,False,,0
ENG-Premier League,2122,2021-09-19 West Ham United-Manchester Utd,26,Arthur Masuaku,West Ham United,False,,0
ENG-Premier League,2122,2021-09-19 West Ham United-Manchester Utd,33,Alex Král,West Ham United,False,,0
ENG-Premier League,2122,2021-09-19 West Ham United-Manchester Utd,1,David de Gea,Manchester United,True,GK,90
ENG-Premier League,2122,2021-09-19 West Ham United-Manchester Utd,5,Harry Maguire,Manchester United,True,CB,90
ENG-Premier League,2122,2021-09-19 West Ham United-Manchester Utd,6,Paul Pogba,Manchester United,True,AM,72
ENG-Premier League,2122,2021-09-19 West Ham United-Manchester Utd,7,Cristiano Ronaldo,Manchester United,True,FW,90
ENG-Premier League,2122,2021-09-19 West Ham United-Manchester Utd,11,Mason Greenwood,Manchester United,True,AM,72
ENG-Premier League,2122,2021-09-19 West Ham United-Manchester Utd,17,Fred,Manchester United,True,DM,87
ENG-Premier League,2122,2021-09-19 West Ham United-Manchester Utd,18,Bruno Fernandes,Manchester United,True,AM,90
ENG-Premier League,2122,2021-09-19 West Ham United-Manchester Utd,19,Raphaël Varane,Manchester United,True,CB,90
ENG-Premier League,2122,2021-09-19 West Ham United-Manchester Utd,23,Luke Shaw,Manchester United,True,LB,90
ENG-Premier League,2122,2021-09-19 West Ham United-Manchester Utd,29,Aaron Wan-Bissaka,Manchester United,True,RB,90
ENG-Premier League,2122,2021-09-19 West Ham United-Manchester Utd,39,Scott McTominay,Manchester United,True,DM,90
ENG-Premier League,2122,2021-09-19 West Ham United-Manchester Utd,22,Tom Heaton,Manchester United,False,,0
ENG-Premier League,2122,2021-09-19 West Ham United-Manchester Utd,3,Eric Bailly,Manchester United,False,,0
ENG-Premier League,2122,2021-09-19 West Ham United-Manchester Utd,8,Juan Mata,Manchester United,False,,0
ENG-Premier League,2122,2021-09-19 West Ham United-Manchester Utd,9,Anthony Martial,Manchester United,False,,0
ENG-Premier League,2122,2021-09-19 West Ham United-Manchester Utd,14,Jesse Lingard,Manchester United,False,"FW,MF",18
ENG-Premier League,2122,2021-09-19 West Ham United-Manchester Utd,20,Diogo Dalot,Manchester United,False,,0
ENG-Premier League,2122,2021-09-19 West Ham United-Manchester Utd,25,Jadon Sancho,Manchester United,False,"FW,MF",18
ENG-Premier League,2122,2021-09-19 West Ham United-Manchester Utd,31,Nemanja Matić,Manchester United,False,MF,3
ENG-Premier League,2122,2021-09-19 West Ham United-Manchester Utd,34,Donny van de Beek,Manchester United,False,,0
ENG-Premier League,2122,2022-03-06 Manchester City-Manchester Utd,31,Ederson,Manchester City,True,GK,90
ENG-Premier League,2122,2022-03-06 Manchester City-Manchester Utd,2,Kyle Walker,Manchester City,True,RB,90
ENG-Premier League,2122,2022-03-06 Manchester City-Manchester Utd,5,John Stones,Manchester City,True,CB,90
ENG-Premier League,2122,2022-03-06 Manchester City-Manchester Utd,10,Jack Grealish,Manchester City,True,FW,90
ENG-Premier League,2122,2022-03-06 Manchester City-Manchester Utd,14,Aymeric Laporte,Manchester City,True,CB,90
ENG-Premier League,2122,2022-03-06 Manchester City-Manchester Utd,16,Rodri,Manchester City,True,CM,90
ENG-Premier League,2122,2022-03-06 Manchester City-Manchester Utd,17,Kevin De Bruyne,Manchester City,True,CM,79
ENG-Premier League,2122,2022-03-06 Manchester City-Manchester Utd,20,Bernardo Silva,Manchester City,True,CM,90
ENG-Premier League,2122,2022-03-06 Manchester City-Manchester Utd,26,Riyad Mahrez,Manchester City,True,FW,90
ENG-Premier League,2122,2022-03-06 Manchester City-Manchester Utd,27,João Cancelo,Manchester City,True,LB,90
ENG-Premier League,2122,2022-03-06 Manchester City-Manchester Utd,47,Phil Foden,Manchester City,True,FW,90
ENG-Premier League,2122,2022-03-06 Manchester City-Manchester Utd,33,Scott Carson,Manchester City,False,,0
ENG-Premier League,2122,2022-03-06 Manchester City-Manchester Utd,7,Raheem Sterling,Manchester City,False,,0
ENG-Premier League,2122,2022-03-06 Manchester City-Manchester Utd,8,İlkay Gündoğan,Manchester City,False,MF,11
ENG-Premier League,2122,2022-03-06 Manchester City-Manchester Utd,9,Gabriel Jesus,Manchester City,False,,0
ENG-Premier League,2122,2022-03-06 Manchester City-Manchester Utd,11,Oleksandr Zinchenko,Manchester City,False,,0
ENG-Premier League,2122,2022-03-06 Manchester City-Manchester Utd,25,Fernandinho,Manchester City,False,,0
ENG-Premier League,2122,2022-03-06 Manchester City-Manchester Utd,48,Liam Delap,Manchester City,False,,0
ENG-Premier League,2122,2022-03-06 Manchester City-Manchester Utd,79,Luke Mbete-Tatu,Manchester City,False,,0
ENG-Premier League,2122,2022-03-06 Manchester City-Manchester Utd,87,James Mcatee,Manchester City,False,,0
ENG-Premier League,2122,2022-03-06 Manchester City-Manchester Utd,1,David de Gea,Manchester United,True,GK,90
ENG-Premier League,2122,2022-03-06 Manchester City-Manchester Utd,2,Victor Lindelöf,Manchester United,True,CB,90
ENG-Premier League,2122,2022-03-06 Manchester City-Manchester Utd,5,Harry Maguire,Manchester United,True,CB,90
ENG-Premier League,2122,2022-03-06 Manchester City-Manchester Utd,6,Paul Pogba,Manchester United,True,AM,63
ENG-Premier League,2122,2022-03-06 Manchester City-Manchester Utd,17,Fred,Manchester United,True,DM,90
ENG-Premier League,2122,2022-03-06 Manchester City-Manchester Utd,18,Bruno Fernandes,Manchester United,True,FW,90
ENG-Premier League,2122,2022-03-06 Manchester City-Manchester Utd,25,Jadon Sancho,Manchester United,True,AM,90
ENG-Premier League,2122,2022-03-06 Manchester City-Manchester Utd,27,Alex Telles,Manchester United,True,LB,90
ENG-Premier League,2122,2022-03-06 Manchester City-Manchester Utd,29,Aaron Wan-Bissaka,Manchester United,True,RB,90
ENG-Premier League,2122,2022-03-06 Manchester City-Manchester Utd,36,Anthony Elanga,Manchester United,True,AM,63
ENG-Premier League,2122,2022-03-06 Manchester City-Manchester Utd,39,Scott McTominay,Manchester United,True,DM,90
ENG-Premier League,2122,2022-03-06 Manchester City-Manchester Utd,26,Dean Henderson,Manchester United,False,,0
ENG-Premier League,2122,2022-03-06 Manchester City-Manchester Utd,3,Eric Bailly,Manchester United,False,,0
ENG-Premier League,2122,2022-03-06 Manchester City-Manchester Utd,4,Phil Jones,Manchester United,False,,0
ENG-Premier League,2122,2022-03-06 Manchester City-Manchester Utd,8,Juan Mata,Manchester United,False,,0
ENG-Premier League,2122,2022-03-06 Manchester City-Manchester Utd,10,Marcus Rashford,Manchester United,False,"FW,MF",27
ENG-Premier League,2122,2022-03-06 Manchester City-Manchester Utd,14,Jesse Lingard,Manchester United,False,"FW,MF",27
ENG-Premier League,2122,2022-03-06 Manchester City-Manchester Utd,20,Diogo Dalot,Manchester United,False,,0
ENG-Premier League,2122,2022-03-06 Manchester City-Manchester Utd,31,Nemanja Matić,Manchester United,False,,0
ENG-Premier League,2122,2022-03-06 Manchester City-Manchester Utd,46,Hannibal Mejbri,Manchester United,False,,0
ENG-Premier League,2122,2021-08-29 Burnley-Leeds United,1,Nick Pope,Burnley,True,GK,90
ENG-Premier League,2122,2021-08-29 Burnley-Leeds United,2,Matthew Lowton,Burnley,True,RB,90
ENG-Premier League,2122,2021-08-29 Burnley-Leeds United,3,Charlie Taylor,Burnley,True,LB,90
ENG-Premier League,2122,2021-08-29 Burnley-Leeds United,5,James Tarkowski,Burnley,True,CB,90
ENG-Premier League,2122,2021-08-29 Burnley-Leeds United,6,Ben Mee,Burnley,True,CB,90
ENG-Premier League,2122,2021-08-29 Burnley-Leeds United,7,Jóhann Berg Guðmundsson,Burnley,True,RM,62
ENG-Premier League,2122,2021-08-29 Burnley-Leeds United,8,Josh Brownhill,Burnley,True,CM,90
ENG-Premier League,2122,2021-08-29 Burnley-Leeds United,9,Chris Wood,Burnley,True,FW,90
ENG-Premier League,2122,2021-08-29 Burnley-Leeds United,10,Ashley Barnes,Burnley,True,FW,78
ENG-Premier League,2122,2021-08-29 Burnley-Leeds United,11,Dwight McNeil,Burnley,True,LM,90
ENG-Premier League,2122,2021-08-29 Burnley-Leeds United,18,Ashley Westwood,Burnley,True,CM,90
ENG-Premier League,2122,2021-08-29 Burnley-Leeds United,13,Wayne Hennessey,Burnley,False,,0
ENG-Premier League,2122,2021-08-29 Burnley-Leeds United,4,Jack Cork,Burnley,False,,0
ENG-Premier League,2122,2021-08-29 Burnley-Leeds United,17,Aaron Lennon,Burnley,False,"FW,MF",28
ENG-Premier League,2122,2021-08-29 Burnley-Leeds United,19,Jay Rodriguez,Burnley,False,,0
ENG-Premier League,2122,2021-08-29 Burnley-Leeds United,22,Nathan Collins,Burnley,False,,0
ENG-Premier League,2122,2021-08-29 Burnley-Leeds United,23,Erik Pieters,Burnley,False,,0
ENG-Premier League,2122,2021-08-29 Burnley-Leeds United,26,Phil Bardsley,Burnley,False,,0
ENG-Premier League,2122,2021-08-29 Burnley-Leeds United,27,Matěj Vydra,Burnley,False,"FW,MF",12
ENG-Premier League,2122,2021-08-29 Burnley-Leeds United,37,Bobby Thomas,Burnley,False,,0
ENG-Premier League,2122,2021-08-29 Burnley-Leeds United,1,Illan Meslier,Leeds United,True,GK,90
ENG-Premier League,2122,2021-08-29 Burnley-Leeds United,2,Luke Ayling,Leeds United,True,"DF,MF",90
ENG-Premier League,2122,2021-08-29 Burnley-Leeds United,6,Liam Cooper,Leeds United,True,DF,90
ENG-Premier League,2122,2021-08-29 Burnley-Leeds United,9,Patrick Bamford,Leeds United,True,"FW,MF",90
ENG-Premier League,2122,2021-08-29 Burnley-Leeds United,10,Raphinha,Leeds United,True,"FW,MF",90
ENG-Premier League,2122,2021-08-29 Burnley-Leeds United,14,Diego Llorente,Leeds United,True,DF,64
ENG-Premier League,2122,2021-08-29 Burnley-Leeds United,15,Stuart Dallas,Leeds United,True,"DF,FW",90
ENG-Premier League,2122,2021-08-29 Burnley-Leeds United,19,Rodrigo,Leeds United,True,"FW,MF",72
ENG-Premier League,2122,2021-08-29 Burnley-Leeds United,21,Pascal Struijk,Leeds United,True,DF,90
ENG-Premier League,2122,2021-08-29 Burnley-Leeds United,22,Jack Harrison,Leeds United,True,"FW,MF",90
ENG-Premier League,2122,2021-08-29 Burnley-Leeds United,23,Kalvin Phillips,Leeds United,True,"DF,MF",90
ENG-Premier League,2122,2021-08-29 Burnley-Leeds United,13,Kristoffer Klaesson,Leeds United,False,,0
ENG-Premier League,2122,2021-08-29 Burnley-Leeds United,4,Adam Forshaw,Leeds United,False,,0
ENG-Premier League,2122,2021-08-29 Burnley-Leeds United,11,Tyler Roberts,Leeds United,False,"FW,MF",18
ENG-Premier League,2122,2021-08-29 Burnley-Leeds United,17,Hélder Costa,Leeds United,False,,0
ENG-Premier League,2122,2021-08-29 Burnley-Leeds United,30,Joe Gelhardt,Leeds United,False,,0
ENG-Premier League,2122,2021-08-29 Burnley-Leeds United,35,Charlie Cresswell,Leeds United,False,,0
ENG-Premier League,2122,2021-08-29 Burnley-Leeds United,38,Crysencio Summerville,Leeds United,False,,0
ENG-Premier League,2122,2021-08-29 Burnley-Leeds United,45,Liam McCarron,Leeds United,False,,0
ENG-Premier League,2122,2021-08-29 Burnley-Leeds United,46,Jamie Shackleton,Leeds United,False,"DF,MF",26
ENG-Premier League,2122,2021-11-20 Leicester City-Chelsea,1,Kasper Schmeichel,Leicester City,True,GK,90
ENG-Premier League,2122,2021-11-20 Leicester City-Chelsea,4,Çağlar Söyüncü,Leicester City,True,CB,90
ENG-Premier League,2122,2021-11-20 Leicester City-Chelsea,6,Jonny Evans,Leicester City,True,CB,90
ENG-Premier League,2122,2021-11-20 Leicester City-Chelsea,7,Harvey Barnes,Leicester City,True,FW,45
ENG-Premier League,2122,2021-11-20 Leicester City-Chelsea,9,Jamie Vardy,Leicester City,True,FW,90
ENG-Premier League,2122,2021-11-20 Leicester City-Chelsea,11,Marc Albrighton,Leicester City,True,RM,90
ENG-Premier League,2122,2021-11-20 Leicester City-Chelsea,18,Daniel Amartey,Leicester City,True,CB,90
ENG-Premier League,2122,2021-11-20 Leicester City-Chelsea,25,Wilfred Ndidi,Leicester City,True,CM,90
ENG-Premier League,2122,2021-11-20 Leicester City-Chelsea,27,Timothy Castagne,Leicester City,True,LM,90
ENG-Premier League,2122,2021-11-20 Leicester City-Chelsea,37,Ademola Lookman,Leicester City,True,FW,45
ENG-Premier League,2122,2021-11-20 Leicester City-Chelsea,42,Boubakary Soumaré,Leicester City,True,CM,74
ENG-Premier League,2122,2021-11-20 Leicester City-Chelsea,12,Danny Ward,Leicester City,False,,0
ENG-Premier League,2122,2021-11-20 Leicester City-Chelsea,5,Ryan Bertrand,Leicester City,False,,0
ENG-Premier League,2122,2021-11-20 Leicester City-Chelsea,10,James Maddison,Leicester City,False,"FW,MF",45
ENG-Premier League,2122,2021-11-20 Leicester City-Chelsea,14,Kelechi Iheanacho,Leicester City,False,"FW,MF",45
ENG-Premier League,2122,2021-11-20 Leicester City-Chelsea,17,Ayoze Pérez,Leicester City,False,,0
ENG-Premier League,2122,2021-11-20 Leicester City-Chelsea,20,Hamza Choudhury,Leicester City,False,,0
ENG-Premier League,2122,2021-11-20 Leicester City-Chelsea,22,Kiernan Dewsbury-Hall,Leicester City,False,MF,16
ENG-Premier League,2122,2021-11-20 Leicester City-Chelsea,23,Jannik Vestergaard,Leicester City,False,,0
ENG-Premier League,2122,2021-11-20 Leicester City-Chelsea,29,Patson Daka,Leicester City,False,,0
ENG-Premier League,2122,2021-11-20 Leicester City-Chelsea,16,Edouard Mendy,Chelsea,True,GK,90
ENG-Premier League,2122,2021-11-20 Leicester City-Chelsea,2,Antonio Rüdiger,Chelsea,True,CB,90
ENG-Premier League,2122,2021-11-20 Leicester City-Chelsea,5,Jorginho,Chelsea,True,DM,76
ENG-Premier League,2122,2021-11-20 Leicester City-Chelsea,6,Thiago Silva,Chelsea,True,CB,90
ENG-Premier League,2122,2021-11-20 Leicester City-Chelsea,7,N'Golo Kanté,Chelsea,True,DM,90
ENG-Premier League,2122,2021-11-20 Leicester City-Chelsea,14,Trevoh Chalobah,Chelsea,True,CB,90
ENG-Premier League,2122,2021-11-20 Leicester City-Chelsea,19,Mason Mount,Chelsea,True,AM,61
ENG-Premier League,2122,2021-11-20 Leicester City-Chelsea,20,Callum Hudson-Odoi,Chelsea,True,AM,90
ENG-Premier League,2122,2021-11-20 Leicester City-Chelsea,21,Ben Chilwell,Chelsea,True,DM,90
ENG-Premier League,2122,2021-11-20 Leicester City-Chelsea,24,Reece James,Chelsea,True,DM,90
ENG-Premier League,2122,2021-11-20 Leicester City-Chelsea,29,Kai Havertz,Chelsea,True,FW,61
ENG-Premier League,2122,2021-11-20 Leicester City-Chelsea,1,Kepa Arrizabalaga,Chelsea,False,,0
ENG-Premier League,2122,2021-11-20 Leicester City-Chelsea,3,Marcos Alonso,Chelsea,False,,0
ENG-Premier League,2122,2021-11-20 Leicester City-Chelsea,4,Andreas Christensen,Chelsea,False,,0
ENG-Premier League,2122,2021-11-20 Leicester City-Chelsea,10,Christian Pulisic,Chelsea,False,"FW,MF",29
ENG-Premier League,2122,2021-11-20 Leicester City-Chelsea,11,Timo Werner,Chelsea,False,,0
ENG-Premier League,2122,2021-11-20 Leicester City-Chelsea,12,Ruben Loftus-Cheek,Chelsea,False,MF,14
ENG-Premier League,2122,2021-11-20 Leicester City-Chelsea,18,Ross Barkley,Chelsea,False,,0
ENG-Premier League,2122,2021-11-20 Leicester City-Chelsea,22,Hakim Ziyech,Chelsea,False,"FW,MF",29
ENG-Premier League,2122,2021-11-20 Leicester City-Chelsea,28,César Azpilicueta,Chelsea,False,,0
ENG-Premier League,2122,2021-11-06 Chelsea-Burnley,16,Edouard Mendy,Chelsea,True,GK,90
ENG-Premier League,2122,2021-11-06 Chelsea-Burnley,2,Antonio Rüdiger,Chelsea,True,CB,90
ENG-Premier League,2122,2021-11-06 Chelsea-Burnley,4,Andreas Christensen,Chelsea,True,CB,90
ENG-Premier League,2122,2021-11-06 Chelsea-Burnley,5,Jorginho,Chelsea,True,DM,90
ENG-Premier League,2122,2021-11-06 Chelsea-Burnley,6,Thiago Silva,Chelsea,True,CB,90
ENG-Premier League,2122,2021-11-06 Chelsea-Burnley,7,N'Golo Kanté,Chelsea,True,DM,84
ENG-Premier League,2122,2021-11-06 Chelsea-Burnley,18,Ross Barkley,Chelsea,True,AM,72
ENG-Premier League,2122,2021-11-06 Chelsea-Burnley,20,Callum Hudson-Odoi,Chelsea,True,FW,84
ENG-Premier League,2122,2021-11-06 Chelsea-Burnley,21,Ben Chilwell,Chelsea,True,DM,90
ENG-Premier League,2122,2021-11-06 Chelsea-Burnley,24,Reece James,Chelsea,True,DM,90
ENG-Premier League,2122,2021-11-06 Chelsea-Burnley,29,Kai Havertz,Chelsea,True,FW,90
ENG-Premier League,2122,2021-11-06 Chelsea-Burnley,1,Kepa Arrizabalaga,Chelsea,False,,0
ENG-Premier League,2122,2021-11-06 Chelsea-Burnley,10,Christian Pulisic,Chelsea,False,"FW,MF",6
ENG-Premier League,2122,2021-11-06 Chelsea-Burnley,12,Ruben Loftus-Cheek,Chelsea,False,MF,18
ENG-Premier League,2122,2021-11-06 Chelsea-Burnley,14,Trevoh Chalobah,Chelsea,False,,0
ENG-Premier League,2122,2021-11-06 Chelsea-Burnley,17,Saúl Ñíguez,Chelsea,False,,0
ENG-Premier League,2122,2021-11-06 Chelsea-Burnley,19,Mason Mount,Chelsea,False,MF,6
ENG-Premier League,2122,2021-11-06 Chelsea-Burnley,22,Hakim Ziyech,Chelsea,False,,0
ENG-Premier League,2122,2021-11-06 Chelsea-Burnley,28,César Azpilicueta,Chelsea,False,,0
ENG-Premier League,2122,2021-11-06 Chelsea-Burnley,31,Malang Sarr,Chelsea,False,,0
ENG-Premier League,2122,2021-11-06 Chelsea-Burnley,1,Nick Pope,Burnley,True,GK,90
ENG-Premier League,2122,2021-11-06 Chelsea-Burnley,2,Matthew Lowton,Burnley,True,RB,90
ENG-Premier League,2122,2021-11-06 Chelsea-Burnley,3,Charlie Taylor,Burnley,True,LB,90
ENG-Premier League,2122,2021-11-06 Chelsea-Burnley,5,James Tarkowski,Burnley,True,CB,90
ENG-Premier League,2122,2021-11-06 Chelsea-Burnley,6,Ben Mee,Burnley,True,CB,90
ENG-Premier League,2122,2021-11-06 Chelsea-Burnley,7,Jóhann Berg Guðmundsson,Burnley,True,RM,69
ENG-Premier League,2122,2021-11-06 Chelsea-Burnley,8,Josh Brownhill,Burnley,True,CM,90
ENG-Premier League,2122,2021-11-06 Chelsea-Burnley,9,Chris Wood,Burnley,True,FW,60
ENG-Premier League,2122,2021-11-06 Chelsea-Burnley,11,Dwight McNeil,Burnley,True,LM,90
ENG-Premier League,2122,2021-11-06 Chelsea-Burnley,18,Ashley Westwood,Burnley,True,CM,90
ENG-Premier League,2122,2021-11-06 Chelsea-Burnley,20,Maxwel Cornet,Burnley,True,FW,87
ENG-Premier League,2122,2021-11-06 Chelsea-Burnley,13,Wayne Hennessey,Burnley,False,,0
ENG-Premier League,2122,2021-11-06 Chelsea-Burnley,4,Jack Cork,Burnley,False,,0
ENG-Premier League,2122,2021-11-06 Chelsea-Burnley,10,Ashley Barnes,Burnley,False,,0
ENG-Premier League,2122,2021-11-06 Chelsea-Burnley,14,Connor Roberts,Burnley,False,,0
ENG-Premier League,2122,2021-11-06 Chelsea-Burnley,19,Jay Rodriguez,Burnley,False,"FW,MF",30
ENG-Premier League,2122,2021-11-06 Chelsea-Burnley,22,Nathan Collins,Burnley,False,,0
ENG-Premier League,2122,2021-11-06 Chelsea-Burnley,23,Erik Pieters,Burnley,False,"DF,MF",3
ENG-Premier League,2122,2021-11-06 Chelsea-Burnley,27,Matěj Vydra,Burnley,False,"FW,MF",21
ENG-Premier League,2122,2021-11-06 Chelsea-Burnley,28,Kevin Long,Burnley,False,,0
ENG-Premier League,2122,2021-11-20 Watford-Manchester Utd,1,Ben Foster,Watford,True,GK,90
ENG-Premier League,2122,2021-11-20 Watford-Manchester Utd,6,Imran Louza,Watford,True,AM,76
ENG-Premier League,2122,2021-11-20 Watford-Manchester Utd,7,Joshua King,Watford,True,FW,90
ENG-Premier League,2122,2021-11-20 Watford-Manchester Utd,8,Tom Cleverley,Watford,True,AM,90
ENG-Premier League,2122,2021-11-20 Watford-Manchester Utd,11,Adam Masina,Watford,True,LB,90
ENG-Premier League,2122,2021-11-20 Watford-Manchester Utd,13,Nicolas Nkoulou,Watford,True,CB,63
ENG-Premier League,2122,2021-11-20 Watford-Manchester Utd,15,Craig Cathcart,Watford,True,CB,90
ENG-Premier League,2122,2021-11-20 Watford-Manchester Utd,19,Moussa Sissoko,Watford,True,DM,90
ENG-Premier League,2122,2021-11-20 Watford-Manchester Utd,21,Kiko Femenía,Watford,True,RB,90
ENG-Premier League,2122,2021-11-20 Watford-Manchester Utd,23,Ismaila Sarr,Watford,True,RW,67
ENG-Premier League,2122,2021-11-20 Watford-Manchester Utd,25,Emmanuel Dennis,Watford,True,LW,90
ENG-Premier League,2122,2021-11-20 Watford-Manchester Utd,26,Daniel Bachmann,Watford,False,,0
ENG-Premier League,2122,2021-11-20 Watford-Manchester Utd,2,Jeremy Ngakia,Watford,False,,0
ENG-Premier League,2122,2021-11-20 Watford-Manchester Utd,3,Danny Rose,Watford,False,,0
ENG-Premier League,2122,2021-11-20 Watford-Manchester Utd,5,William Troost-Ekong,Watford,False,"DF,MF",27
ENG-Premier League,2122,2021-11-20 Watford-Manchester Utd,10,João Pedro,Watford,False,"FW,MF",14
ENG-Premier League,2122,2021-11-20 Watford-Manchester Utd,16,Dan Gosling,Watford,False,,0
ENG-Premier League,2122,2021-11-20 Watford-Manchester Utd,17,Ashley Fletcher,Watford,False,,0
ENG-Premier League,2122,2021-11-20 Watford-Manchester Utd,18,Ozan Tufan,Watford,False,,0
ENG-Premier League,2122,2021-11-20 Watford-Manchester Utd,29,Cucho,Watford,False,"FW,MF",23
ENG-Premier League,2122,2021-11-20 Watford-Manchester Utd,1,David de Gea,Manchester United,True,GK,90
ENG-Premier League,2122,2021-11-20 Watford-Manchester Utd,2,Victor Lindelöf,Manchester United,True,CB,90
ENG-Premier League,2122,2021-11-20 Watford-Manchester Utd,5,Harry Maguire,Manchester United,True,CB,68
ENG-Premier League,2122,2021-11-20 Watford-Manchester Utd,7,Cristiano Ronaldo,Manchester United,True,FW,90
ENG-Premier League,2122,2021-11-20 Watford-Manchester Utd,10,Marcus Rashford,Manchester United,True,AM,45
ENG-Premier League,2122,2021-11-20 Watford-Manchester Utd,18,Bruno Fernandes,Manchester United,True,AM,90
ENG-Premier League,2122,2021-11-20 Watford-Manchester Utd,23,Luke Shaw,Manchester United,True,LB,84
ENG-Premier League,2122,2021-11-20 Watford-Manchester Utd,25,Jadon Sancho,Manchester United,True,AM,89
ENG-Premier League,2122,2021-11-20 Watford-Manchester Utd,29,Aaron Wan-Bissaka,Manchester United,True,RB,90
ENG-Premier League,2122,2021-11-20 Watford-Manchester Utd,31,Nemanja Matić,Manchester United,True,DM,90
ENG-Premier League,2122,2021-11-20 Watford-Manchester Utd,39,Scott McTominay,Manchester United,True,DM,45
ENG-Premier League,2122,2021-11-20 Watford-Manchester Utd,22,Tom Heaton,Manchester United,False,,0
ENG-Premier League,2122,2021-11-20 Watford-Manchester Utd,3,Eric Bailly,Manchester United,False,,0
ENG-Premier League,2122,2021-11-20 Watford-Manchester Utd,8,Juan Mata,Manchester United,False,,0
ENG-Premier League,2122,2021-11-20 Watford-Manchester Utd,9,Anthony Martial,Manchester United,False,"FW,MF",45
ENG-Premier League,2122,2021-11-20 Watford-Manchester Utd,14,Jesse Lingard,Manchester United,False,"FW,MF",1
ENG-Premier League,2122,2021-11-20 Watford-Manchester Utd,17,Fred,Manchester United,False,,0
ENG-Premier League,2122,2021-11-20 Watford-Manchester Utd,20,Diogo Dalot,Manchester United,False,"DF,MF",6
ENG-Premier League,2122,2021-11-20 Watford-Manchester Utd,27,Alex Telles,Manchester United,False,,0
ENG-Premier League,2122,2021-11-20 Watford-Manchester Utd,34,Donny van de Beek,Manchester United,False,MF,45
ENG-Premier League,2122,2022-04-02 Wolves-Aston Villa,1,José Sá,Wolverhampton Wanderers,True,GK,90
ENG-Premier League,2122,2022-04-02 Wolves-Aston Villa,5,Fernando Marçal,Wolverhampton Wanderers,True,DM,90
ENG-Premier League,2122,2022-04-02 Wolves-Aston Villa,10,Daniel Podence,Wolverhampton Wanderers,True,AM,67
ENG-Premier League,2122,2022-04-02 Wolves-Aston Villa,11,Francisco Trincão,Wolverhampton Wanderers,True,AM,74
ENG-Premier League,2122,2022-04-02 Wolves-Aston Villa,15,Willy Boly,Wolverhampton Wanderers,True,CB,90
ENG-Premier League,2122,2022-04-02 Wolves-Aston Villa,16,Conor Coady,Wolverhampton Wanderers,True,CB,90
ENG-Premier League,2122,2022-04-02 Wolves-Aston Villa,17,Fábio Silva,Wolverhampton Wanderers,True,FW,89
ENG-Premier League,2122,2022-04-02 Wolves-Aston Villa,19,Jonny Castro,Wolverhampton Wanderers,True,DM,90
ENG-Premier League,2122,2022-04-02 Wolves-Aston Villa,23,Max Kilman,Wolverhampton Wanderers,True,CB,90
ENG-Premier League,2122,2022-04-02 Wolves-Aston Villa,28,João Moutinho,Wolverhampton Wanderers,True,DM,90
ENG-Premier League,2122,2022-04-02 Wolves-Aston Villa,32,Leander Dendoncker,Wolverhampton Wanderers,True,DM,90
ENG-Premier League,2122,2022-04-02 Wolves-Aston Villa,21,John Ruddy,Wolverhampton Wanderers,False,,0
ENG-Premier League,2122,2022-04-02 Wolves-Aston Villa,3,Rayan Aït-Nouri,Wolverhampton Wanderers,False,,0
ENG-Premier League,2122,2022-04-02 Wolves-Aston Villa,7,Pedro Neto,Wolverhampton Wanderers,False,"FW,MF",16
ENG-Premier League,2122,2022-04-02 Wolves-Aston Villa,20,Chiquinho,Wolverhampton Wanderers,False,MF,1
ENG-Premier League,2122,2022-04-02 Wolves-Aston Villa,22,Nélson Semedo,Wolverhampton Wanderers,False,,0
ENG-Premier League,2122,2022-04-02 Wolves-Aston Villa,24,Toti Gomes,Wolverhampton Wanderers,False,,0
ENG-Premier League,2122,2022-04-02 Wolves-Aston Villa,26,Hwang Hee-chan,Wolverhampton Wanderers,False,"FW,MF",23
ENG-Premier League,2122,2022-04-02 Wolves-Aston Villa,27,Romain Saïss,Wolverhampton Wanderers,False,,0
ENG-Premier League,2122,2022-04-02 Wolves-Aston Villa,39,Luke Cundle,Wolverhampton Wanderers,False,,0
ENG-Premier League,2122,2022-04-02 Wolves-Aston Villa,1,Emiliano Martínez,Aston Villa,True,GK,90
ENG-Premier League,2122,2022-04-02 Wolves-Aston Villa,2,Matty Cash,Aston Villa,True,RB,90
ENG-Premier League,2122,2022-04-02 Wolves-Aston Villa,4,Ezri Konsa,Aston Villa,True,CB,90
ENG-Premier League,2122,2022-04-02 Wolves-Aston Villa,5,Tyrone Mings,Aston Villa,True,CB,90
ENG-Premier League,2122,2022-04-02 Wolves-Aston Villa,7,John McGinn,Aston Villa,True,DM,90
ENG-Premier League,2122,2022-04-02 Wolves-Aston Villa,8,Morgan Sanson,Aston Villa,True,DM,71
ENG-Premier League,2122,2022-04-02 Wolves-Aston Villa,11,Ollie Watkins,Aston Villa,True,FW,90
ENG-Premier League,2122,2022-04-02 Wolves-Aston Villa,23,Philippe Coutinho,Aston Villa,True,AM,73
ENG-Premier League,2122,2022-04-02 Wolves-Aston Villa,27,Lucas Digne,Aston Villa,True,LB,12
ENG-Premier League,2122,2022-04-02 Wolves-Aston Villa,31,Leon Bailey,Aston Villa,True,FW,90
ENG-Premier League,2122,2022-04-02 Wolves-Aston Villa,41,Jacob Ramsey,Aston Villa,True,DM,90
ENG-Premier League,2122,2022-04-02 Wolves-Aston Villa,25,Robin Olsen,Aston Villa,False,,0
ENG-Premier League,2122,2022-04-02 Wolves-Aston Villa,6,Douglas Luiz,Aston Villa,False,MF,19
ENG-Premier League,2122,2022-04-02 Wolves-Aston Villa,10,Emi Buendía,Aston Villa,False,"FW,MF",17
ENG-Premier League,2122,2022-04-02 Wolves-Aston Villa,15,Bertrand Traoré,Aston Villa,False,,0
ENG-Premier League,2122,2022-04-02 Wolves-Aston Villa,16,Calum Chambers,Aston Villa,False,,0
ENG-Premier League,2122,2022-04-02 Wolves-Aston Villa,18,Ashley Young,Aston Villa,False,"DF,FW",78
ENG-Premier League,2122,2022-04-02 Wolves-Aston Villa,33,Carney Chukwuemeka,Aston Villa,False,,0
ENG-Premier League,2122,2022-04-02 Wolves-Aston Villa,47,Tim Iroegbunam,Aston Villa,False,,0
ENG-Premier League,2122,2022-04-24 Brighton-Southampton,1,Robert Sánchez,Brighton & Hove Albion,True,GK,90
ENG-Premier League,2122,2022-04-24 Brighton-Southampton,3,Marc Cucurella,Brighton & Hove Albion,True,LB,90
ENG-Premier League,2122,2022-04-24 Brighton-Southampton,4,Adam Webster,Brighton & Hove Albion,True,CB,60
ENG-Premier League,2122,2022-04-24 Brighton-Southampton,5,Lewis Dunk,Brighton & Hove Albion,True,CB,90
ENG-Premier League,2122,2022-04-24 Brighton-Southampton,9,Neal Maupay,Brighton & Hove Albion,True,FW,84
ENG-Premier League,2122,2022-04-24 Brighton-Southampton,10,Alexis Mac Allister,Brighton & Hove Albion,True,DM,90
ENG-Premier League,2122,2022-04-24 Brighton-Southampton,11,Leandro Trossard,Brighton & Hove Albion,True,AM,90
ENG-Premier League,2122,2022-04-24 Brighton-Southampton,12,Enock Mwepu,Brighton & Hove Albion,True,DM,60
ENG-Premier League,2122,2022-04-24 Brighton-Southampton,18,Danny Welbeck,Brighton & Hove Albion,True,FW,90
ENG-Premier League,2122,2022-04-24 Brighton-Southampton,25,Moisés Caicedo,Brighton & Hove Albion,True,DM,90
ENG-Premier League,2122,2022-04-24 Brighton-Southampton,34,Joël Veltman,Brighton & Hove Albion,True,RB,90
ENG-Premier League,2122,2022-04-24 Brighton-Southampton,23,Jason Steele,Brighton & Hove Albion,False,,0
ENG-Premier League,2122,2022-04-24 Brighton-Southampton,13,Pascal Groß,Brighton & Hove Albion,False,"DF,MF",30
ENG-Premier League,2122,2022-04-24 Brighton-Southampton,14,Adam Lallana,Brighton & Hove Albion,False,,0
ENG-Premier League,2122,2022-04-24 Brighton-Southampton,17,Steven Alzate,Brighton & Hove Albion,False,,0
ENG-Premier League,2122,2022-04-24 Brighton-Southampton,20,Solly March,Brighton & Hove Albion,False,MF,30
ENG-Premier League,2122,2022-04-24 Brighton-Southampton,24,Shane Duffy,Brighton & Hove Albion,False,,0
ENG-Premier League,2122,2022-04-24 Brighton-Southampton,57,Odeluga Offiah,Brighton & Hove Albion,False,,0
ENG-Premier League,2122,2022-04-24 Brighton-Southampton,58,Evan Ferguson,Brighton & Hove Albion,False,,0
ENG-Premier League,2122,2022-04-24 Brighton-Southampton,60,Jeremy Sarmiento,Brighton & Hove Albion,False,MF,6
ENG-Premier League,2122,2022-04-24 Brighton-Southampton,44,Fraser Forster,Southampton,True,GK,90
ENG-Premier League,2122,2022-04-24 Brighton-Southampton,2,Kyle Walker-Peters,Southampton,True,LB,90
ENG-Premier League,2122,2022-04-24 Brighton-Southampton,6,Oriol Romeu,Southampton,True,CM,90
ENG-Premier League,2122,2022-04-24 Brighton-Southampton,7,Shane Long,Southampton,True,FW,78
ENG-Premier League,2122,2022-04-24 Brighton-Southampton,8,James Ward-Prowse,Southampton,True,CM,90
ENG-Premier League,2122,2022-04-24 Brighton-Southampton,10,Che Adams,Southampton,True,FW,90
ENG-Premier League,2122,2022-04-24 Brighton-Southampton,11,Nathan Redmond,Southampton,True,RM,90
ENG-Premier League,2122,2022-04-24 Brighton-Southampton,21,Valentino Livramento,Southampton,True,RB,36
ENG-Premier League,2122,2022-04-24 Brighton-Southampton,22,Mohammed Salisu,Southampton,True,CB,90
ENG-Premier League,2122,2022-04-24 Brighton-Southampton,23,Nathan Tella,Southampton,True,LM,65
ENG-Premier League,2122,2022-04-24 Brighton-Southampton,35,Jan Bednarek,Southampton,True,CB,90
ENG-Premier League,2122,2022-04-24 Brighton-Southampton,13,Willy Caballero,Southampton,False,,0
ENG-Premier League,2122,2022-04-24 Brighton-Southampton,4,Lyanco,Southampton,False,,0
ENG-Premier League,2122,2022-04-24 Brighton-Southampton,9,Adam Armstrong,Southampton,False,,0
ENG-Premier League,2122,2022-04-24 Brighton-Southampton,15,Romain Perraud,Southampton,False,DF,54
ENG-Premier League,2122,2022-04-24 Brighton-Southampton,17,Stuart Armstrong,Southampton,False,MF,25
ENG-Premier League,2122,2022-04-24 Brighton-Southampton,18,Armando Broja,Southampton,False,FW,12
ENG-Premier League,2122,2022-04-24 Brighton-Southampton,24,Mohamed Elyounoussi,Southampton,False,,0
ENG-Premier League,2122,2022-04-24 Brighton-Southampton,27,Ibrahima Diallo,Southampton,False,,0
ENG-Premier League,2122,2022-04-24 Brighton-Southampton,43,Yan Valery,Southampton,False,,0
ENG-Premier League,2122,2021-08-22 Southampton-Manchester Utd,1,Alex McCarthy,Southampton,True,GK,90
ENG-Premier League,2122,2021-08-22 Southampton-Manchester Utd,5,Jack Stephens,Southampton,True,CB,90
ENG-Premier League,2122,2021-08-22 Southampton-Manchester Utd,6,Oriol Romeu,Southampton,True,CM,90
ENG-Premier League,2122,2021-08-22 Southampton-Manchester Utd,8,James Ward-Prowse,Southampton,True,CM,90
ENG-Premier League,2122,2021-08-22 Southampton-Manchester Utd,9,Adam Armstrong,Southampton,True,FW,90
ENG-Premier League,2122,2021-08-22 Southampton-Manchester Utd,10,Che Adams,Southampton,True,FW,90
ENG-Premier League,2122,2021-08-22 Southampton-Manchester Utd,15,Romain Perraud,Southampton,True,LB,78
ENG-Premier League,2122,2021-08-22 Southampton-Manchester Utd,19,Moussa Djenepo,Southampton,True,LM,69
ENG-Premier League,2122,2021-08-22 Southampton-Manchester Utd,21,Valentino Livramento,Southampton,True,RB,90
ENG-Premier League,2122,2021-08-22 Southampton-Manchester Utd,22,Mohammed Salisu,Southampton,True,CB,90
ENG-Premier League,2122,2021-08-22 Southampton-Manchester Utd,32,Theo Walcott,Southampton,True,RM,45
ENG-Premier League,2122,2021-08-22 Southampton-Manchester Utd,44,Fraser Forster,Southampton,False,,0
ENG-Premier League,2122,2021-08-22 Southampton-Manchester Utd,2,Kyle Walker-Peters,Southampton,False,"DF,MF",12
ENG-Premier League,2122,2021-08-22 Southampton-Manchester Utd,7,Shane Long,Southampton,False,,0
ENG-Premier League,2122,2021-08-22 Southampton-Manchester Utd,11,Nathan Redmond,Southampton,False,,0
ENG-Premier League,2122,2021-08-22 Southampton-Manchester Utd,23,Nathan Tella,Southampton,False,,0
ENG-Premier League,2122,2021-08-22 Southampton-Manchester Utd,24,Mohamed Elyounoussi,Southampton,False,,0
ENG-Premier League,2122,2021-08-22 Southampton-Manchester Utd,27,Ibrahima Diallo,Southampton,False,MF,21
ENG-Premier League,2122,2021-08-22 Southampton-Manchester Utd,35,Jan Bednarek,Southampton,False,DF,45
ENG-Premier League,2122,2021-08-22 Southampton-Manchester Utd,43,Yan Valery,Southampton,False,,0
ENG-Premier League,2122,2021-08-22 Southampton-Manchester Utd,1,David de Gea,Manchester United,True,GK,90
ENG-Premier League,2122,2021-08-22 Southampton-Manchester Utd,2,Victor Lindelöf,Manchester United,True,CB,90
ENG-Premier League,2122,2021-08-22 Southampton-Manchester Utd,5,Harry Maguire,Manchester United,True,CB,90
ENG-Premier League,2122,2021-08-22 Southampton-Manchester Utd,6,Paul Pogba,Manchester United,True,AM,90
ENG-Premier League,2122,2021-08-22 Southampton-Manchester Utd,9,Anthony Martial,Manchester United,True,FW,58
ENG-Premier League,2122,2021-08-22 Southampton-Manchester Utd,11,Mason Greenwood,Manchester United,True,AM,90
ENG-Premier League,2122,2021-08-22 Southampton-Manchester Utd,17,Fred,Manchester United,True,DM,75
ENG-Premier League,2122,2021-08-22 Southampton-Manchester Utd,18,Bruno Fernandes,Manchester United,True,AM,90
ENG-Premier League,2122,2021-08-22 Southampton-Manchester Utd,23,Luke Shaw,Manchester United,True,LB,90
ENG-Premier League,2122,2021-08-22 Southampton-Manchester Utd,29,Aaron Wan-Bissaka,Manchester United,True,RB,90
ENG-Premier League,2122,2021-08-22 Southampton-Manchester Utd,31,Nemanja Matić,Manchester United,True,DM,85
ENG-Premier League,2122,2021-08-22 Southampton-Manchester Utd,22,Tom Heaton,Manchester United,False,,0
ENG-Premier League,2122,2021-08-22 Southampton-Manchester Utd,8,Juan Mata,Manchester United,False,,0
ENG-Premier League,2122,2021-08-22 Southampton-Manchester Utd,14,Jesse Lingard,Manchester United,False,"FW,MF",5
ENG-Premier League,2122,2021-08-22 Southampton-Manchester Utd,19,Raphaël Varane,Manchester United,False,,0
ENG-Premier League,2122,2021-08-22 Southampton-Manchester Utd,20,Diogo Dalot,Manchester United,False,,0
ENG-Premier League,2122,2021-08-22 Southampton-Manchester Utd,21,Daniel James,Manchester United,False,,0
ENG-Premier League,2122,2021-08-22 Southampton-Manchester Utd,25,Jadon Sancho,Manchester United,False,"FW,MF",32
ENG-Premier League,2122,2021-08-22 Southampton-Manchester Utd,34,Donny van de Beek,Manchester United,False,,0
ENG-Premier League,2122,2021-08-22 Southampton-Manchester Utd,39,Scott McTominay,Manchester United,False,MF,15
ENG-Premier League,2122,2022-01-02 Chelsea-Liverpool,16,Edouard Mendy,Chelsea,True,GK,90
ENG-Premier League,2122,2022-01-02 Chelsea-Liverpool,2,Antonio Rüdiger,Chelsea,True,CB,90
ENG-Premier League,2122,2022-01-02 Chelsea-Liverpool,3,Marcos Alonso,Chelsea,True,DM,90
ENG-Premier League,2122,2022-01-02 Chelsea-Liverpool,6,Thiago Silva,Chelsea,True,CB,90
ENG-Premier League,2122,2022-01-02 Chelsea-Liverpool,7,N'Golo Kanté,Chelsea,True,DM,90
ENG-Premier League,2122,2022-01-02 Chelsea-Liverpool,8,Mateo Kovačić,Chelsea,True,DM,90
ENG-Premier League,2122,2022-01-02 Chelsea-Liverpool,10,Christian Pulisic,Chelsea,True,AM,90
ENG-Premier League,2122,2022-01-02 Chelsea-Liverpool,14,Trevoh Chalobah,Chelsea,True,CB,69
ENG-Premier League,2122,2022-01-02 Chelsea-Liverpool,19,Mason Mount,Chelsea,True,AM,90
ENG-Premier League,2122,2022-01-02 Chelsea-Liverpool,28,César Azpilicueta,Chelsea,True,DM,90
ENG-Premier League,2122,2022-01-02 Chelsea-Liverpool,29,Kai Havertz,Chelsea,True,FW,78
ENG-Premier League,2122,2022-01-02 Chelsea-Liverpool,1,Kepa Arrizabalaga,Chelsea,False,,0
ENG-Premier League,2122,2022-01-02 Chelsea-Liverpool,5,Jorginho,Chelsea,False,MF,21
ENG-Premier League,2122,2022-01-02 Chelsea-Liverpool,17,Saúl Ñíguez,Chelsea,False,,0
ENG-Premier League,2122,2022-01-02 Chelsea-Liverpool,18,Ross Barkley,Chelsea,False,,0
ENG-Premier League,2122,2022-01-02 Chelsea-Liverpool,20,Callum Hudson-Odoi,Chelsea,False,"FW,MF",12
ENG-Premier League,2122,2022-01-02 Chelsea-Liverpool,22,Hakim Ziyech,Chelsea,False,,0
ENG-Premier League,2122,2022-01-02 Chelsea-Liverpool,31,Malang Sarr,Chelsea,False,,0
ENG-Premier League,2122,2022-01-02 Chelsea-Liverpool,68,Harvey Vale,Chelsea,False,,0
ENG-Premier League,2122,2022-01-02 Chelsea-Liverpool,75,Lewis Hall,Chelsea,False,,0
ENG-Premier League,2122,2022-01-02 Chelsea-Liverpool,62,Caoimhín Kelleher,Liverpool,True,GK,90
ENG-Premier League,2122,2022-01-02 Chelsea-Liverpool,3,Fabinho,Liverpool,True,CM,90
ENG-Premier League,2122,2022-01-02 Chelsea-Liverpool,4,Virgil van Dijk,Liverpool,True,CB,90
ENG-Premier League,2122,2022-01-02 Chelsea-Liverpool,5,Ibrahima Konaté,Liverpool,True,CB,90
ENG-Premier League,2122,2022-01-02 Chelsea-Liverpool,7,James Milner,Liverpool,True,CM,68
ENG-Premier League,2122,2022-01-02 Chelsea-Liverpool,10,Sadio Mané,Liverpool,True,FW,89
ENG-Premier League,2122,2022-01-02 Chelsea-Liverpool,11,Mohamed Salah,Liverpool,True,FW,90
ENG-Premier League,2122,2022-01-02 Chelsea-Liverpool,14,Jordan Henderson,Liverpool,True,CM,90
ENG-Premier League,2122,2022-01-02 Chelsea-Liverpool,20,Diogo Jota,Liverpool,True,FW,68
ENG-Premier League,2122,2022-01-02 Chelsea-Liverpool,21,Kostas Tsimikas,Liverpool,True,LB,90
ENG-Premier League,2122,2022-01-02 Chelsea-Liverpool,66,Trent Alexander-Arnold,Liverpool,True,RB,90
ENG-Premier League,2122,2022-01-02 Chelsea-Liverpool,13,Adrián,Liverpool,False,,0
ENG-Premier League,2122,2022-01-02 Chelsea-Liverpool,97,Marcelo Pitaluga,Liverpool,False,,0
ENG-Premier League,2122,2022-01-02 Chelsea-Liverpool,8,Naby Keïta,Liverpool,False,MF,22
ENG-Premier League,2122,2022-01-02 Chelsea-Liverpool,12,Joe Gomez,Liverpool,False,,0
ENG-Premier League,2122,2022-01-02 Chelsea-Liverpool,15,Alex Oxlade-Chamberlain,Liverpool,False,"FW,MF",22
ENG-Premier League,2122,2022-01-02 Chelsea-Liverpool,17,Curtis Jones,Liverpool,False,"FW,MF",1
ENG-Premier League,2122,2022-01-02 Chelsea-Liverpool,63,Owen Beck,Liverpool,False,,0
ENG-Premier League,2122,2022-01-02 Chelsea-Liverpool,76,Neco Williams,Liverpool,False,,0
ENG-Premier League,2122,2022-01-02 Chelsea-Liverpool,80,Tyler Morton,Liverpool,False,,0
ENG-Premier League,2122,2022-04-20 Manchester City-Brighton,31,Ederson,Manchester City,True,GK,90
ENG-Premier League,2122,2022-04-20 Manchester City-Brighton,5,John Stones,Manchester City,True,CB,76
ENG-Premier League,2122,2022-04-20 Manchester City-Brighton,6,Nathan Aké,Manchester City,True,LB,45
ENG-Premier League,2122,2022-04-20 Manchester City-Brighton,8,İlkay Gündoğan,Manchester City,True,CM,90
ENG-Premier League,2122,2022-04-20 Manchester City-Brighton,14,Aymeric Laporte,Manchester City,True,CB,90
ENG-Premier League,2122,2022-04-20 Manchester City-Brighton,16,Rodri,Manchester City,True,CM,90
ENG-Premier League,2122,2022-04-20 Manchester City-Brighton,17,Kevin De Bruyne,Manchester City,True,CM,82
ENG-Premier League,2122,2022-04-20 Manchester City-Brighton,20,Bernardo Silva,Manchester City,True,FW,90
ENG-Premier League,2122,2022-04-20 Manchester City-Brighton,26,Riyad Mahrez,Manchester City,True,FW,90
ENG-Premier League,2122,2022-04-20 Manchester City-Brighton,27,João Cancelo,Manchester City,True,RB,90
ENG-Premier League,2122,2022-04-20 Manchester City-Brighton,47,Phil Foden,Manchester City,True,FW,90
ENG-Premier League,2122,2022-04-20 Manchester City-Brighton,13,Zack Steffen,Manchester City,False,,0
ENG-Premier League,2122,2022-04-20 Manchester City-Brighton,3,Rúben Dias,Manchester City,False,"DF,MF",45
ENG-Premier League,2122,2022-04-20 Manchester City-Brighton,7,Raheem Sterling,Manchester City,False,,0
ENG-Premier League,2122,2022-04-20 Manchester City-Brighton,9,Gabriel Jesus,Manchester City,False,"FW,MF",8
ENG-Premier League,2122,2022-04-20 Manchester City-Brighton,10,Jack Grealish,Manchester City,False,,0
ENG-Premier League,2122,2022-04-20 Manchester City-Brighton,11,Oleksandr Zinchenko,Manchester City,False,"DF,MF",14
ENG-Premier League,2122,2022-04-20 Manchester City-Brighton,25,Fernandinho,Manchester City,False,,0
ENG-Premier League,2122,2022-04-20 Manchester City-Brighton,80,Cole Palmer,Manchester City,False,,0
ENG-Premier League,2122,2022-04-20 Manchester City-Brighton,90,Roméo Lavia,Manchester City,False,,0
ENG-Premier League,2122,2022-04-20 Manchester City-Brighton,1,Robert Sánchez,Brighton & Hove Albion,True,GK,90
ENG-Premier League,2122,2022-04-20 Manchester City-Brighton,2,Tariq Lamptey,Brighton & Hove Albion,True,RM,60
ENG-Premier League,2122,2022-04-20 Manchester City-Brighton,3,Marc Cucurella,Brighton & Hove Albion,True,CB,90
ENG-Premier League,2122,2022-04-20 Manchester City-Brighton,5,Lewis Dunk,Brighton & Hove Albion,True,CB,90
ENG-Premier League,2122,2022-04-20 Manchester City-Brighton,10,Alexis Mac Allister,Brighton & Hove Albion,True,CM,90
ENG-Premier League,2122,2022-04-20 Manchester City-Brighton,12,Enock Mwepu,Brighton & Hove Albion,True,CM,90
ENG-Premier League,2122,2022-04-20 Manchester City-Brighton,13,Pascal Groß,Brighton & Hove Albion,True,FW,90
ENG-Premier League,2122,2022-04-20 Manchester City-Brighton,18,Danny Welbeck,Brighton & Hove Albion,True,FW,76
ENG-Premier League,2122,2022-04-20 Manchester City-Brighton,20,Solly March,Brighton & Hove Albion,True,LM,90
ENG-Premier League,2122,2022-04-20 Manchester City-Brighton,25,Moisés Caicedo,Brighton & Hove Albion,True,CM,72
ENG-Premier League,2122,2022-04-20 Manchester City-Brighton,34,Joël Veltman,Brighton & Hove Albion,True,CB,90
ENG-Premier League,2122,2022-04-20 Manchester City-Brighton,23,Jason Steele,Brighton & Hove Albion,False,,0
ENG-Premier League,2122,2022-04-20 Manchester City-Brighton,38,Tom McGill,Brighton & Hove Albion,False,,0
ENG-Premier League,2122,2022-04-20 Manchester City-Brighton,4,Adam Webster,Brighton & Hove Albion,False,DF,30
ENG-Premier League,2122,2022-04-20 Manchester City-Brighton,9,Neal Maupay,Brighton & Hove Albion,False,"FW,MF",14
ENG-Premier League,2122,2022-04-20 Manchester City-Brighton,14,Adam Lallana,Brighton & Hove Albion,False,,0
ENG-Premier League,2122,2022-04-20 Manchester City-Brighton,42,Marc Leonard,Brighton & Hove Albion,False,,0
ENG-Premier League,2122,2022-04-20 Manchester City-Brighton,57,Odeluga Offiah,Brighton & Hove Albion,False,,0
ENG-Premier League,2122,2022-04-20 Manchester City-Brighton,58,Evan Ferguson,Brighton & Hove Albion,False,,0
ENG-Premier League,2122,2022-04-20 Manchester City-Brighton,60,Jeremy Sarmiento,Brighton & Hove Albion,False,MF,18
ENG-Premier League,2122,2021-12-26 West Ham United-Southampton,1,Łukasz Fabiański,West Ham United,True,GK,90
ENG-Premier League,2122,2021-12-26 West Ham United-Southampton,5,Vladimír Coufal,West Ham United,True,RB,90
ENG-Premier League,2122,2021-12-26 West Ham United-Southampton,8,Pablo Fornals,West Ham United,True,AM,45
ENG-Premier League,2122,2021-12-26 West Ham United-Southampton,11,Nikola Vlašić,West Ham United,True,AM,45
ENG-Premier League,2122,2021-12-26 West Ham United-Southampton,15,Craig Dawson,West Ham United,True,CB,90
ENG-Premier League,2122,2021-12-26 West Ham United-Southampton,20,Jarrod Bowen,West Ham United,True,FW,90
ENG-Premier League,2122,2021-12-26 West Ham United-Southampton,22,Saïd Benrahma,West Ham United,True,AM,80
ENG-Premier League,2122,2021-12-26 West Ham United-Southampton,23,Issa Diop,West Ham United,True,CB,90
ENG-Premier League,2122,2021-12-26 West Ham United-Southampton,26,Arthur Masuaku,West Ham United,True,LB,90
ENG-Premier League,2122,2021-12-26 West Ham United-Southampton,28,Tomáš Souček,West Ham United,True,DM,90
ENG-Premier League,2122,2021-12-26 West Ham United-Southampton,41,Declan Rice,West Ham United,True,DM,90
ENG-Premier League,2122,2021-12-26 West Ham United-Southampton,13,Alphonse Areola,West Ham United,False,,0
ENG-Premier League,2122,2021-12-26 West Ham United-Southampton,7,Andriy Yarmolenko,West Ham United,False,"FW,MF",10
ENG-Premier League,2122,2021-12-26 West Ham United-Southampton,9,Michail Antonio,West Ham United,False,"FW,MF",45
ENG-Premier League,2122,2021-12-26 West Ham United-Southampton,10,Manuel Lanzini,West Ham United,False,"FW,MF",45
ENG-Premier League,2122,2021-12-26 West Ham United-Southampton,16,Mark Noble,West Ham United,False,,0
ENG-Premier League,2122,2021-12-26 West Ham United-Southampton,24,Ryan Fredericks,West Ham United,False,,0
ENG-Premier League,2122,2021-12-26 West Ham United-Southampton,31,Ben Johnson,West Ham United,False,,0
ENG-Premier League,2122,2021-12-26 West Ham United-Southampton,33,Alex Král,West Ham United,False,,0
ENG-Premier League,2122,2021-12-26 West Ham United-Southampton,50,Harrison Ashby,West Ham United,False,,0
ENG-Premier League,2122,2021-12-26 West Ham United-Southampton,44,Fraser Forster,Southampton,True,GK,90
ENG-Premier League,2122,2021-12-26 West Ham United-Southampton,2,Kyle Walker-Peters,Southampton,True,LB,90
ENG-Premier League,2122,2021-12-26 West Ham United-Southampton,6,Oriol Romeu,Southampton,True,DM,89
ENG-Premier League,2122,2021-12-26 West Ham United-Southampton,8,James Ward-Prowse,Southampton,True,AM,90
ENG-Premier League,2122,2021-12-26 West Ham United-Southampton,11,Nathan Redmond,Southampton,True,RW,90
ENG-Premier League,2122,2021-12-26 West Ham United-Southampton,18,Armando Broja,Southampton,True,FW,80
ENG-Premier League,2122,2021-12-26 West Ham United-Southampton,21,Valentino Livramento,Southampton,True,RB,90
ENG-Premier League,2122,2021-12-26 West Ham United-Southampton,22,Mohammed Salisu,Southampton,True,CB,90
ENG-Premier League,2122,2021-12-26 West Ham United-Southampton,24,Mohamed Elyounoussi,Southampton,True,AM,90
ENG-Premier League,2122,2021-12-26 West Ham United-Southampton,32,Theo Walcott,Southampton,True,LW,88
ENG-Premier League,2122,2021-12-26 West Ham United-Southampton,35,Jan Bednarek,Southampton,True,CB,90
ENG-Premier League,2122,2021-12-26 West Ham United-Southampton,13,Willy Caballero,Southampton,False,,0
ENG-Premier League,2122,2021-12-26 West Ham United-Southampton,7,Shane Long,Southampton,False,,0
ENG-Premier League,2122,2021-12-26 West Ham United-Southampton,9,Adam Armstrong,Southampton,False,,0
ENG-Premier League,2122,2021-12-26 West Ham United-Southampton,10,Che Adams,Southampton,False,"FW,MF",10
ENG-Premier League,2122,2021-12-26 West Ham United-Southampton,15,Romain Perraud,Southampton,False,,0
ENG-Premier League,2122,2021-12-26 West Ham United-Southampton,17,Stuart Armstrong,Southampton,False,MF,2
ENG-Premier League,2122,2021-12-26 West Ham United-Southampton,27,Ibrahima Diallo,Southampton,False,MF,1
ENG-Premier League,2122,2021-12-26 West Ham United-Southampton,38,Dynel Simeu,Southampton,False,,0
ENG-Premier League,2122,2021-12-26 West Ham United-Southampton,43,Yan Valery,Southampton,False,,0
ENG-Premier League,2122,2022-02-08 West Ham United-Watford,1,Łukasz Fabiański,West Ham United,True,GK,90
ENG-Premier League,2122,2022-02-08 West Ham United-Watford,3,Aaron Cresswell,West Ham United,True,LB,90
ENG-Premier League,2122,2022-02-08 West Ham United-Watford,4,Kurt Zouma,West Ham United,True,CB,90
ENG-Premier League,2122,2022-02-08 West Ham United-Watford,5,Vladimír Coufal,West Ham United,True,RB,90
ENG-Premier League,2122,2022-02-08 West Ham United-Watford,8,Pablo Fornals,West Ham United,True,AM,90
ENG-Premier League,2122,2022-02-08 West Ham United-Watford,9,Michail Antonio,West Ham United,True,FW,90
ENG-Premier League,2122,2022-02-08 West Ham United-Watford,15,Craig Dawson,West Ham United,True,CB,90
ENG-Premier League,2122,2022-02-08 West Ham United-Watford,20,Jarrod Bowen,West Ham United,True,AM,90
ENG-Premier League,2122,2022-02-08 West Ham United-Watford,22,Saïd Benrahma,West Ham United,True,AM,59
ENG-Premier League,2122,2022-02-08 West Ham United-Watford,28,Tomáš Souček,West Ham United,True,DM,90
ENG-Premier League,2122,2022-02-08 West Ham United-Watford,41,Declan Rice,West Ham United,True,DM,90
ENG-Premier League,2122,2022-02-08 West Ham United-Watford,13,Alphonse Areola,West Ham United,False,,0
ENG-Premier League,2122,2022-02-08 West Ham United-Watford,7,Andriy Yarmolenko,West Ham United,False,,0
ENG-Premier League,2122,2022-02-08 West Ham United-Watford,10,Manuel Lanzini,West Ham United,False,"FW,MF",31
ENG-Premier League,2122,2022-02-08 West Ham United-Watford,11,Nikola Vlašić,West Ham United,False,,0
ENG-Premier League,2122,2022-02-08 West Ham United-Watford,16,Mark Noble,West Ham United,False,,0
ENG-Premier League,2122,2022-02-08 West Ham United-Watford,23,Issa Diop,West Ham United,False,,0
ENG-Premier League,2122,2022-02-08 West Ham United-Watford,24,Ryan Fredericks,West Ham United,False,,0
ENG-Premier League,2122,2022-02-08 West Ham United-Watford,31,Ben Johnson,West Ham United,False,,0
ENG-Premier League,2122,2022-02-08 West Ham United-Watford,33,Alex Král,West Ham United,False,,0
ENG-Premier League,2122,2022-02-08 West Ham United-Watford,1,Ben Foster,Watford,True,GK,90
ENG-Premier League,2122,2022-02-08 West Ham United-Watford,7,Joshua King,Watford,True,FW,90
ENG-Premier League,2122,2022-02-08 West Ham United-Watford,8,Tom Cleverley,Watford,True,LM,76
ENG-Premier League,2122,2022-02-08 West Ham United-Watford,14,Hassane Kamara,Watford,True,LB,90
ENG-Premier League,2122,2022-02-08 West Ham United-Watford,15,Craig Cathcart,Watford,True,CB,90
ENG-Premier League,2122,2022-02-08 West Ham United-Watford,19,Moussa Sissoko,Watford,True,CM,90
ENG-Premier League,2122,2022-02-08 West Ham United-Watford,21,Kiko Femenía,Watford,True,RB,77
ENG-Premier League,2122,2022-02-08 West Ham United-Watford,22,Samir Santos,Watford,True,CB,90
ENG-Premier League,2122,2022-02-08 West Ham United-Watford,25,Emmanuel Dennis,Watford,True,FW,90
ENG-Premier League,2122,2022-02-08 West Ham United-Watford,33,Juraj Kucka,Watford,True,RM,90
ENG-Premier League,2122,2022-02-08 West Ham United-Watford,39,Edo Kayembe,Watford,True,CM,76
ENG-Premier League,2122,2022-02-08 West Ham United-Watford,26,Daniel Bachmann,Watford,False,,0
ENG-Premier League,2122,2022-02-08 West Ham United-Watford,2,Jeremy Ngakia,Watford,False,"DF,MF",13
ENG-Premier League,2122,2022-02-08 West Ham United-Watford,6,Imran Louza,Watford,False,MF,14
ENG-Premier League,2122,2022-02-08 West Ham United-Watford,10,João Pedro,Watford,False,"FW,MF",14
ENG-Premier League,2122,2022-02-08 West Ham United-Watford,11,Adam Masina,Watford,False,,0
ENG-Premier League,2122,2022-02-08 West Ham United-Watford,12,Ken Sema,Watford,False,,0
ENG-Premier League,2122,2022-02-08 West Ham United-Watford,27,Christian Kabasele,Watford,False,,0
ENG-Premier League,2122,2022-02-08 West Ham United-Watford,28,Samuel Kalu,Watford,False,,0
ENG-Premier League,2122,2022-02-08 West Ham United-Watford,29,Cucho,Watford,False,,0
ENG-Premier League,2122,2021-12-04 Wolves-Liverpool,1,José Sá,Wolverhampton Wanderers,True,GK,90
ENG-Premier League,2122,2021-12-04 Wolves-Liverpool,3,Rayan Aït-Nouri,Wolverhampton Wanderers,True,LM,89
ENG-Premier League,2122,2021-12-04 Wolves-Liverpool,8,Rúben Neves,Wolverhampton Wanderers,True,CM,90
ENG-Premier League,2122,2021-12-04 Wolves-Liverpool,9,Raúl Jiménez,Wolverhampton Wanderers,True,FW,90
ENG-Premier League,2122,2021-12-04 Wolves-Liverpool,16,Conor Coady,Wolverhampton Wanderers,True,CB,90
ENG-Premier League,2122,2021-12-04 Wolves-Liverpool,22,Nélson Semedo,Wolverhampton Wanderers,True,RM,90
ENG-Premier League,2122,2021-12-04 Wolves-Liverpool,23,Max Kilman,Wolverhampton Wanderers,True,CB,90
ENG-Premier League,2122,2021-12-04 Wolves-Liverpool,26,Hwang Hee-chan,Wolverhampton Wanderers,True,FW,78
ENG-Premier League,2122,2021-12-04 Wolves-Liverpool,27,Romain Saïss,Wolverhampton Wanderers,True,CB,90
ENG-Premier League,2122,2021-12-04 Wolves-Liverpool,32,Leander Dendoncker,Wolverhampton Wanderers,True,CM,90
ENG-Premier League,2122,2021-12-04 Wolves-Liverpool,37,Adama Traoré,Wolverhampton Wanderers,True,FW,88
ENG-Premier League,2122,2021-12-04 Wolves-Liverpool,21,John Ruddy,Wolverhampton Wanderers,False,,0
ENG-Premier League,2122,2021-12-04 Wolves-Liverpool,2,Ki-Jana Hoever,Wolverhampton Wanderers,False,"DF,MF",1
ENG-Premier League,2122,2021-12-04 Wolves-Liverpool,10,Daniel Podence,Wolverhampton Wanderers,False,,0
ENG-Premier League,2122,2021-12-04 Wolves-Liverpool,11,Francisco Trincão,Wolverhampton Wanderers,False,"FW,MF",2
ENG-Premier League,2122,2021-12-04 Wolves-Liverpool,17,Fábio Silva,Wolverhampton Wanderers,False,,0
ENG-Premier League,2122,2021-12-04 Wolves-Liverpool,28,João Moutinho,Wolverhampton Wanderers,False,MF,12
ENG-Premier League,2122,2021-12-04 Wolves-Liverpool,39,Luke Cundle,Wolverhampton Wanderers,False,,0
ENG-Premier League,2122,2021-12-04 Wolves-Liverpool,64,Hugo Bueno,Wolverhampton Wanderers,False,,0
ENG-Premier League,2122,2021-12-04 Wolves-Liverpool,77,Chem Campbell,Wolverhampton Wanderers,False,,0
ENG-Premier League,2122,2021-12-04 Wolves-Liverpool,1,Alisson,Liverpool,True,GK,90
ENG-Premier League,2122,2021-12-04 Wolves-Liverpool,3,Fabinho,Liverpool,True,CM,90
ENG-Premier League,2122,2021-12-04 Wolves-Liverpool,4,Virgil van Dijk,Liverpool,True,CB,90
ENG-Premier League,2122,2021-12-04 Wolves-Liverpool,6,Thiago Alcántara,Liverpool,True,CM,90
ENG-Premier League,2122,2021-12-04 Wolves-Liverpool,10,Sadio Mané,Liverpool,True,FW,90
ENG-Premier League,2122,2021-12-04 Wolves-Liverpool,11,Mohamed Salah,Liverpool,True,FW,89
ENG-Premier League,2122,2021-12-04 Wolves-Liverpool,14,Jordan Henderson,Liverpool,True,CM,67
ENG-Premier League,2122,2021-12-04 Wolves-Liverpool,20,Diogo Jota,Liverpool,True,FW,81
ENG-Premier League,2122,2021-12-04 Wolves-Liverpool,26,Andrew Robertson,Liverpool,True,LB,90
ENG-Premier League,2122,2021-12-04 Wolves-Liverpool,32,Joël Matip,Liverpool,True,CB,90
ENG-Premier League,2122,2021-12-04 Wolves-Liverpool,66,Trent Alexander-Arnold,Liverpool,True,RB,90
ENG-Premier League,2122,2021-12-04 Wolves-Liverpool,62,Caoimhín Kelleher,Liverpool,False,,0
ENG-Premier League,2122,2021-12-04 Wolves-Liverpool,5,Ibrahima Konaté,Liverpool,False,,0
ENG-Premier League,2122,2021-12-04 Wolves-Liverpool,7,James Milner,Liverpool,False,"DF,MF",1
ENG-Premier League,2122,2021-12-04 Wolves-Liverpool,15,Alex Oxlade-Chamberlain,Liverpool,False,"FW,MF",9
ENG-Premier League,2122,2021-12-04 Wolves-Liverpool,18,Takumi Minamino,Liverpool,False,,0
ENG-Premier League,2122,2021-12-04 Wolves-Liverpool,21,Kostas Tsimikas,Liverpool,False,,0
ENG-Premier League,2122,2021-12-04 Wolves-Liverpool,27,Divock Origi,Liverpool,False,"FW,MF",23
ENG-Premier League,2122,2021-12-04 Wolves-Liverpool,47,Nathaniel Phillips,Liverpool,False,,0
ENG-Premier League,2122,2021-12-04 Wolves-Liverpool,76,Neco Williams,Liverpool,False,,0
ENG-Premier League,2122,2022-04-09 Arsenal-Brighton,32,Aaron Ramsdale,Arsenal,True,GK,90
ENG-Premier League,2122,2022-04-09 Arsenal-Brighton,4,Ben White,Arsenal,True,CB,90
ENG-Premier League,2122,2022-04-09 Arsenal-Brighton,6,Gabriel Magalhães,Arsenal,True,CB,90
ENG-Premier League,2122,2022-04-09 Arsenal-Brighton,7,Bukayo Saka,Arsenal,True,FW,90
ENG-Premier League,2122,2022-04-09 Arsenal-Brighton,8,Martin Ødegaard,Arsenal,True,CM,90
ENG-Premier League,2122,2022-04-09 Arsenal-Brighton,9,Alexandre Lacazette,Arsenal,True,FW,90
ENG-Premier League,2122,2022-04-09 Arsenal-Brighton,10,Emile Smith Rowe,Arsenal,True,CM,61
ENG-Premier League,2122,2022-04-09 Arsenal-Brighton,17,Cédric Soares,Arsenal,True,RB,90
ENG-Premier League,2122,2022-04-09 Arsenal-Brighton,23,Albert Sambi Lokonga,Arsenal,True,CM,90
ENG-Premier League,2122,2022-04-09 Arsenal-Brighton,34,Granit Xhaka,Arsenal,True,LB,90
ENG-Premier League,2122,2022-04-09 Arsenal-Brighton,35,Gabriel Martinelli,Arsenal,True,FW,73
ENG-Premier League,2122,2022-04-09 Arsenal-Brighton,1,Bernd Leno,Arsenal,False,,0
ENG-Premier League,2122,2022-04-09 Arsenal-Brighton,16,Rob Holding,Arsenal,False,,0
ENG-Premier League,2122,2022-04-09 Arsenal-Brighton,19,Nicolas Pépé,Arsenal,False,"FW,MF",17
ENG-Premier League,2122,2022-04-09 Arsenal-Brighton,20,Nuno Tavares,Arsenal,False,,0
ENG-Premier League,2122,2022-04-09 Arsenal-Brighton,25,Mohamed Elneny,Arsenal,False,,0
ENG-Premier League,2122,2022-04-09 Arsenal-Brighton,30,Eddie Nketiah,Arsenal,False,FW,29
ENG-Premier League,2122,2022-04-09 Arsenal-Brighton,38,Miguel Azeez,Arsenal,False,,0
ENG-Premier League,2122,2022-04-09 Arsenal-Brighton,69,Zak Swanson,Arsenal,False,,0
ENG-Premier League,2122,2022-04-09 Arsenal-Brighton,82,Omari Hutchinson,Arsenal,False,,0
ENG-Premier League,2122,2022-04-09 Arsenal-Brighton,1,Robert Sánchez,Brighton & Hove Albion,True,GK,90
ENG-Premier League,2122,2022-04-09 Arsenal-Brighton,3,Marc Cucurella,Brighton & Hove Albion,True,CB,90
ENG-Premier League,2122,2022-04-09 Arsenal-Brighton,5,Lewis Dunk,Brighton & Hove Albion,True,CB,90
ENG-Premier League,2122,2022-04-09 Arsenal-Brighton,8,Yves Bissouma,Brighton & Hove Albion,True,CM,73
ENG-Premier League,2122,2022-04-09 Arsenal-Brighton,10,Alexis Mac Allister,Brighton & Hove Albion,True,FW,90
ENG-Premier League,2122,2022-04-09 Arsenal-Brighton,11,Leandro Trossard,Brighton & Hove Albion,True,LM,84
ENG-Premier League,2122,2022-04-09 Arsenal-Brighton,12,Enock Mwepu,Brighton & Hove Albion,True,CM,76
ENG-Premier League,2122,2022-04-09 Arsenal-Brighton,13,Pascal Groß,Brighton & Hove Albion,True,RM,90
ENG-Premier League,2122,2022-04-09 Arsenal-Brighton,18,Danny Welbeck,Brighton & Hove Albion,True,FW,90
ENG-Premier League,2122,2022-04-09 Arsenal-Brighton,25,Moisés Caicedo,Brighton & Hove Albion,True,CM,90
ENG-Premier League,2122,2022-04-09 Arsenal-Brighton,34,Joël Veltman,Brighton & Hove Albion,True,CB,90
ENG-Premier League,2122,2022-04-09 Arsenal-Brighton,23,Jason Steele,Brighton & Hove Albion,False,,0
ENG-Premier League,2122,2022-04-09 Arsenal-Brighton,2,Tariq Lamptey,Brighton & Hove Albion,False,"DF,MF",14
ENG-Premier League,2122,2022-04-09 Arsenal-Brighton,4,Adam Webster,Brighton & Hove Albion,False,DF,6
ENG-Premier League,2122,2022-04-09 Arsenal-Brighton,9,Neal Maupay,Brighton & Hove Albion,False,,0
ENG-Premier League,2122,2022-04-09 Arsenal-Brighton,14,Adam Lallana,Brighton & Hove Albion,False,"FW,MF",17
ENG-Premier League,2122,2022-04-09 Arsenal-Brighton,17,Steven Alzate,Brighton & Hove Albion,False,,0
ENG-Premier League,2122,2022-04-09 Arsenal-Brighton,20,Solly March,Brighton & Hove Albion,False,,0
ENG-Premier League,2122,2022-04-09 Arsenal-Brighton,57,Odeluga Offiah,Brighton & Hove Albion,False,,0
ENG-Premier League,2122,2022-04-09 Arsenal-Brighton,60,Jeremy Sarmiento,Brighton & Hove Albion,False,,0
