game,season,date,home_team,away_team,referee,home_rest,home_last5_pts,home_last5_gf,home_last5_ga,home_hist_gf,away_rest,away_last5_pts,away_last5_gf,away_last5_ga,away_hist_gf,referee_avg_cards_history,h2h_total_goals,home_goals,away_goals,total_goals,btts,total_cards,result_1x2
2017-08-19 Stoke City-Arsenal,1718,2017-08-19,Stoke City,Arsenal,Andre Marriner,7.0,0.0,0.0,1.0,0.0,8.0,3.0,4.0,3.0,4.0,4.0,2.85,1.0,0.0,1.0,0,0.0,2.0
2017-08-19 Southampton-West Ham United,1718,2017-08-19,Southampton,West Ham United,Lee Mason,7.0,1.0,0.0,0.0,0.0,6.0,0.0,0.0,4.0,0.0,5.229605263157895,2.85,3.0,2.0,5.0,1,3.0,2.0
2017-08-19 Liverpool-Crystal Palace,1718,2017-08-19,Liverpool,Crystal Palace,Kevin Friend,7.0,1.0,3.0,3.0,3.0,7.0,0.0,0.0,3.0,0.0,5.229605263157895,2.85,1.0,0.0,1.0,0,4.0,2.0
2017-08-19 Bournemouth-Watford,1718,2017-08-19,Bournemouth,Watford,Roger East,7.0,0.0,0.0,1.0,0.0,7.0,1.0,3.0,3.0,3.0,5.229605263157895,2.85,0.0,2.0,2.0,0,4.0,0.0
2017-08-19 Burnley-West Brom,1718,2017-08-19,Burnley,West Brom,Martin Atkinson,7.0,3.0,3.0,2.0,3.0,7.0,3.0,1.0,0.0,1.0,4.0,2.85,0.0,1.0,1.0,0,2.0,0.0
2017-08-19 Swansea City-Manchester Utd,1718,2017-08-19,Swansea City,Manchester Utd,Jonathan Moss,7.0,1.0,0.0,0.0,0.0,6.0,3.0,4.0,0.0,4.0,4.0,2.85,0.0,4.0,4.0,0,2.0,0.0
2017-08-19 Leicester City-Brighton,1718,2017-08-19,Leicester City,Brighton,Lee Probert,8.0,0.0,3.0,4.0,3.0,7.0,0.0,0.0,2.0,0.0,5.229605263157895,2.85,2.0,0.0,2.0,0,1.0,2.0
2017-08-20 Huddersfield Town-Newcastle United,1718,2017-08-20,Huddersfield Town,Newcastle United,Craig Pawson,8.0,3.0,3.0,0.0,3.0,7.0,0.0,0.0,2.0,0.0,8.0,2.85,1.0,0.0,1.0,0,7.0,2.0
2017-08-20 Tottenham Hotspur-Chelsea,1718,2017-08-20,Tottenham Hotspur,Chelsea,Anthony Taylor,7.0,3.0,2.0,0.0,2.0,8.0,0.0,2.0,3.0,2.0,3.0,2.85,1.0,2.0,3.0,1,7.0,0.0
2017-08-21 Manchester City-Everton,1718,2017-08-21,Manchester City,Everton,Robert Madley,9.0,3.0,2.0,0.0,2.0,9.0,3.0,1.0,0.0,1.0,4.0,2.85,1.0,1.0,2.0,1,5.0,1.0
2017-08-26 Watford-Brighton,1718,2017-08-26,Watford,Brighton,Graham Scott,7.0,4.0,2.5,1.5,2.5,7.0,0.0,0.0,2.0,0.0,5.229605263157895,2.85,0.0,0.0,0.0,0,2.0,1.0
2017-08-26 Manchester Utd-Leicester City,1718,2017-08-26,Manchester Utd,Leicester City,Michael Oliver,7.0,6.0,4.0,0.0,4.0,7.0,3.0,2.5,2.0,2.5,2.0,2.85,2.0,0.0,2.0,0,3.0,2.0
2017-08-26 Newcastle United-West Ham United,1718,2017-08-26,Newcastle United,West Ham United,Niel Swarbrick,6.0,0.0,0.0,1.5,0.0,7.0,0.0,1.0,3.5,1.0,2.0,2.85,3.0,0.0,3.0,0,4.0,2.0
2017-08-26 Crystal Palace-Swansea City,1718,2017-08-26,Crystal Palace,Swansea City,Andre Marriner,7.0,0.0,0.0,2.0,0.0,7.0,1.0,0.0,2.0,0.0,2.0,2.85,0.0,2.0,2.0,0,5.0,0.0
2017-08-26 Bournemouth-Manchester City,1718,2017-08-26,Bournemouth,Manchester City,Mike Dean,7.0,0.0,0.0,1.5,0.0,5.0,4.0,1.5,0.5,1.5,1.0,2.85,1.0,2.0,3.0,1,10.0,0.0
2017-08-26 Huddersfield Town-Southampton,1718,2017-08-26,Huddersfield Town,Southampton,Stuart Attwell,6.0,6.0,2.0,0.0,2.0,7.0,4.0,1.5,1.0,1.5,5.229605263157895,2.85,0.0,0.0,0.0,0,1.0,1.0
2017-08-27 Chelsea-Everton,1718,2017-08-27,Chelsea,Everton,Jonathan Moss,7.0,3.0,2.0,2.0,2.0,6.0,4.0,1.0,0.5,1.0,3.0,2.85,2.0,0.0,2.0,0,4.0,2.0
2017-08-27 West Brom-Stoke City,1718,2017-08-27,West Brom,Stoke City,Anthony Taylor,8.0,6.0,1.0,0.0,1.0,8.0,3.0,0.5,0.5,0.5,5.0,2.85,1.0,1.0,2.0,1,4.0,1.0
2017-08-27 Liverpool-Arsenal,1718,2017-08-27,Liverpool,Arsenal,Craig Pawson,8.0,4.0,2.0,1.5,2.0,8.0,3.0,2.0,2.0,2.0,7.5,2.85,4.0,0.0,4.0,0,6.0,2.0
2017-08-27 Tottenham Hotspur-Burnley,1718,2017-08-27,Tottenham Hotspur,Burnley,Lee Mason,7.0,3.0,1.5,1.0,1.5,8.0,3.0,1.5,1.5,1.5,3.0,2.85,1.0,1.0,2.0,1,0.0,1.0
2017-09-09 Everton-Tottenham Hotspur,1718,2017-09-09,Everton,Tottenham Hotspur,Graham Scott,13.0,4.0,0.6666666666666666,1.0,0.6666666666666666,13.0,4.0,1.3333333333333333,1.0,1.3333333333333333,2.0,2.85,0.0,3.0,3.0,0,4.0,0.0
2017-09-09 Stoke City-Manchester Utd,1718,2017-09-09,Stoke City,Manchester Utd,Niel Swarbrick,13.0,4.0,0.6666666666666666,0.6666666666666666,0.6666666666666666,14.0,9.0,3.3333333333333335,0.0,3.3333333333333335,3.0,2.85,2.0,2.0,4.0,1,0.0,1.0
2017-09-09 Southampton-Watford,1718,2017-09-09,Southampton,Watford,Lee Probert,14.0,5.0,1.0,0.6666666666666666,1.0,14.0,5.0,1.6666666666666667,1.0,1.6666666666666667,1.0,2.85,0.0,2.0,2.0,0,0.0,0.0
2017-09-09 Leicester City-Chelsea,1718,2017-09-09,Leicester City,Chelsea,Lee Mason,14.0,3.0,1.6666666666666667,2.0,1.6666666666666667,13.0,6.0,2.0,1.3333333333333333,2.0,1.5,2.85,1.0,2.0,3.0,1,1.0,0.0
2017-09-09 Brighton-West Brom,1718,2017-09-09,Brighton,West Brom,Chris Kavanagh,14.0,1.0,0.0,1.3333333333333333,0.0,13.0,7.0,1.0,0.3333333333333333,1.0,5.229605263157895,2.85,3.0,1.0,4.0,1,2.0,2.0
2017-09-09 Arsenal-Bournemouth,1718,2017-09-09,Arsenal,Bournemouth,Anthony Taylor,13.0,3.0,1.3333333333333333,2.6666666666666665,1.3333333333333333,14.0,0.0,0.3333333333333333,1.6666666666666667,0.3333333333333333,4.666666666666667,2.85,3.0,0.0,3.0,0,1.0,2.0
2017-09-09 Manchester City-Liverpool,1718,2017-09-09,Manchester City,Liverpool,Jonathan Moss,14.0,7.0,1.6666666666666667,0.6666666666666666,1.6666666666666667,13.0,7.0,2.6666666666666665,1.0,2.6666666666666665,3.3333333333333335,2.85,5.0,0.0,5.0,0,5.0,2.0
2017-09-10 Burnley-Crystal Palace,1718,2017-09-10,Burnley,Crystal Palace,Michael Oliver,14.0,4.0,1.3333333333333333,1.3333333333333333,1.3333333333333333,15.0,0.0,0.0,2.0,0.0,2.5,2.85,1.0,0.0,1.0,0,2.0,2.0
2017-09-10 Swansea City-Newcastle United,1718,2017-09-10,Swansea City,Newcastle United,Mike Jones,15.0,4.0,0.6666666666666666,1.3333333333333333,0.6666666666666666,15.0,3.0,1.0,1.0,1.0,3.0,2.85,0.0,1.0,1.0,0,5.0,0.0
2017-09-11 West Ham United-Huddersfield Town,1718,2017-09-11,West Ham United,Huddersfield Town,Kevin Friend,16.0,0.0,0.6666666666666666,3.3333333333333335,0.6666666666666666,16.0,7.0,1.3333333333333333,0.0,1.3333333333333333,4.0,2.85,2.0,0.0,2.0,0,3.0,2.0
2017-09-15 Bournemouth-Brighton,1718,2017-09-15,Bournemouth,Brighton,Craig Pawson,6.0,0.0,0.25,2.0,0.25,6.0,4.0,0.75,1.25,0.75,7.0,2.85,2.0,1.0,3.0,1,0.0,2.0
2017-09-16 Watford-Manchester City,1718,2017-09-16,Watford,Manchester City,Anthony Taylor,7.0,8.0,1.75,0.75,1.75,7.0,10.0,2.5,0.5,2.5,3.75,2.85,0.0,6.0,6.0,0,2.0,0.0
2017-09-16 Tottenham Hotspur-Swansea City,1718,2017-09-16,Tottenham Hotspur,Swansea City,Mike Dean,7.0,7.0,1.75,0.75,1.75,6.0,4.0,0.5,1.25,0.5,5.5,2.85,0.0,0.0,0.0,0,4.0,1.0
2017-09-16 Newcastle United-Stoke City,1718,2017-09-16,Newcastle United,Stoke City,Stuart Attwell,6.0,6.0,1.0,0.75,1.0,7.0,5.0,1.0,1.0,1.0,1.0,2.85,2.0,1.0,3.0,1,4.0,2.0
2017-09-16 West Brom-West Ham United,1718,2017-09-16,West Brom,West Ham United,Paul Tierney,7.0,7.0,1.0,1.0,1.0,5.0,3.0,1.0,2.5,1.0,5.229605263157895,2.85,0.0,0.0,0.0,0,4.0,1.0
2017-09-16 Huddersfield Town-Leicester City,1718,2017-09-16,Huddersfield Town,Leicester City,Jonathan Moss,5.0,7.0,1.0,0.5,1.0,7.0,3.0,1.5,2.0,1.5,3.75,2.85,1.0,1.0,2.0,1,2.0,1.0
2017-09-16 Crystal Palace-Southampton,1718,2017-09-16,Crystal Palace,Southampton,Robert Madley,6.0,0.0,0.0,1.75,0.0,7.0,5.0,0.75,1.0,0.75,4.5,2.85,0.0,1.0,1.0,0,6.0,0.0
2017-09-16 Liverpool-Burnley,1718,2017-09-16,Liverpool,Burnley,Roger East,7.0,7.0,2.0,2.0,2.0,6.0,7.0,1.25,1.0,1.25,4.0,2.85,1.0,1.0,2.0,1,3.0,1.0
2017-09-17 Chelsea-Arsenal,1718,2017-09-17,Chelsea,Arsenal,Michael Oliver,8.0,9.0,2.0,1.25,2.0,8.0,6.0,1.75,2.0,1.75,2.3333333333333335,2.85,0.0,0.0,0.0,0,6.0,1.0
2017-09-17 Manchester Utd-Everton,1718,2017-09-17,Manchester Utd,Everton,Andre Marriner,8.0,10.0,3.0,0.5,3.0,8.0,4.0,0.5,1.5,0.5,3.0,2.85,4.0,0.0,4.0,0,2.0,2.0
2017-09-23 Stoke City-Chelsea,1718,2017-09-23,Stoke City,Chelsea,Mike Dean,7.0,5.0,1.0,1.2,1.0,6.0,10.0,1.6,1.0,1.6,5.0,2.85,0.0,4.0,4.0,0,4.0,0.0
2017-09-23 Southampton-Manchester Utd,1718,2017-09-23,Southampton,Manchester Utd,Craig Pawson,7.0,8.0,0.8,0.8,0.8,6.0,13.0,3.2,0.4,3.2,5.25,2.85,0.0,1.0,1.0,0,5.0,0.0
2017-09-23 Manchester City-Crystal Palace,1718,2017-09-23,Manchester City,Crystal Palace,Niel Swarbrick,7.0,13.0,3.2,0.4,3.2,7.0,0.0,0.0,1.6,0.0,2.0,2.85,5.0,0.0,5.0,0,4.0,2.0
2017-09-23 Leicester City-Liverpool,1718,2017-09-23,Leicester City,Liverpool,Anthony Taylor,7.0,4.0,1.4,1.8,1.4,7.0,8.0,1.8,1.8,1.8,3.4,2.85,2.0,3.0,5.0,1,6.0,0.0
2017-09-23 Burnley-Huddersfield Town,1718,2017-09-23,Burnley,Huddersfield Town,Chris Kavanagh,7.0,8.0,1.2,1.0,1.2,7.0,8.0,1.0,0.6,1.0,2.0,2.85,0.0,0.0,0.0,0,5.0,1.0
2017-09-23 West Ham United-Tottenham Hotspur,1718,2017-09-23,West Ham United,Tottenham Hotspur,Michael Oliver,7.0,4.0,0.8,2.0,0.8,7.0,8.0,1.4,0.6,1.4,3.25,2.85,2.0,3.0,5.0,1,7.0,0.0
2017-09-23 Everton-Bournemouth,1718,2017-09-23,Everton,Bournemouth,Martin Atkinson,6.0,4.0,0.4,2.0,0.4,8.0,3.0,0.6,1.8,0.6,3.0,2.85,2.0,1.0,3.0,1,4.0,2.0
2017-09-23 Swansea City-Watford,1718,2017-09-23,Swansea City,Watford,Lee Mason,7.0,5.0,0.4,1.0,0.4,7.0,8.0,1.4,1.8,1.4,1.3333333333333333,2.85,1.0,2.0,3.0,1,4.0,0.0
2017-09-24 Brighton-Newcastle United,1718,2017-09-24,Brighton,Newcastle United,Andre Marriner,9.0,4.0,0.8,1.4,0.8,8.0,9.0,1.2,0.8,1.2,2.75,2.85,1.0,0.0,1.0,0,3.0,2.0
2017-09-25 Arsenal-West Brom,1718,2017-09-25,Arsenal,West Brom,Robert Madley,8.0,7.0,1.4,1.6,1.4,9.0,8.0,0.8,0.8,0.8,5.0,2.85,2.0,0.0,2.0,0,5.0,2.0
2017-09-30 Chelsea-Manchester City,1718,2017-09-30,Chelsea,Manchester City,Martin Atkinson,7.0,13.0,2.0,0.4,2.0,7.0,13.0,3.8,0.4,3.5,3.3333333333333335,2.85,0.0,1.0,1.0,0,2.0,0.0
2017-09-30 Huddersfield Town-Tottenham Hotspur,1718,2017-09-30,Huddersfield Town,Tottenham Hotspur,Niel Swarbrick,7.0,6.0,0.4,0.6,0.8333333333333334,7.0,8.0,1.6,1.0,1.6666666666666667,2.5,2.85,0.0,4.0,4.0,0,2.0,0.0
2017-09-30 Bournemouth-Leicester City,1718,2017-09-30,Bournemouth,Leicester City,Graham Scott,7.0,3.0,0.8,2.0,0.6666666666666666,7.0,4.0,1.2,1.6,1.5,3.0,2.85,0.0,0.0,0.0,0,1.0,1.0
2017-09-30 Manchester Utd-Crystal Palace,1718,2017-09-30,Manchester Utd,Crystal Palace,Mike Dean,7.0,13.0,2.6,0.4,2.8333333333333335,7.0,0.0,0.0,2.0,0.0,4.75,2.85,4.0,0.0,4.0,0,0.0,2.0
2017-09-30 Stoke City-Southampton,1718,2017-09-30,Stoke City,Southampton,Mike Jones,7.0,5.0,1.0,1.8,0.8333333333333334,7.0,7.0,0.8,1.0,0.6666666666666666,4.0,2.85,2.0,1.0,3.0,1,3.0,2.0
2017-09-30 West Brom-Watford,1718,2017-09-30,West Brom,Watford,Michael Oliver,5.0,5.0,0.6,1.2,0.6666666666666666,7.0,10.0,1.2,1.4,1.5,4.0,2.85,2.0,2.0,4.0,1,3.0,1.0
2017-09-30 West Ham United-Swansea City,1718,2017-09-30,West Ham United,Swansea City,Roger East,7.0,4.0,1.2,1.8,1.0,7.0,4.0,0.6,1.4,0.5,3.5,2.85,1.0,0.0,1.0,0,5.0,2.0
2017-10-01 Newcastle United-Liverpool,1718,2017-10-01,Newcastle United,Liverpool,Craig Pawson,7.0,9.0,1.2,0.6,1.0,8.0,10.0,1.8,1.6,2.0,5.2,2.85,1.0,1.0,2.0,1,2.0,1.0
2017-10-01 Everton-Burnley,1718,2017-10-01,Everton,Burnley,Jonathan Moss,8.0,4.0,0.6,2.2,0.6666666666666666,8.0,6.0,0.6,0.6,1.0,3.4,2.85,0.0,1.0,1.0,0,4.0,0.0
2017-10-01 Arsenal-Brighton,1718,2017-10-01,Arsenal,Brighton,Kevin Friend,6.0,7.0,1.0,1.0,1.5,7.0,7.0,1.0,1.0,0.8333333333333334,3.5,2.85,2.0,0.0,2.0,0,2.0,2.0
2017-10-14 Liverpool-Manchester Utd,1718,2017-10-14,Liverpool,Manchester Utd,Martin Atkinson,13.0,8.0,1.8,1.8,1.8571428571428572,14.0,13.0,2.6,0.4,3.0,3.0,2.85,0.0,0.0,0.0,0,2.0,1.0
2017-10-14 Burnley-West Ham United,1718,2017-10-14,Burnley,West Ham United,Stuart Attwell,13.0,9.0,0.8,0.4,1.0,14.0,7.0,1.0,1.2,1.0,2.5,2.85,1.0,1.0,2.0,1,5.0,1.0
2017-10-14 Crystal Palace-Chelsea,1718,2017-10-14,Crystal Palace,Chelsea,Andre Marriner,14.0,0.0,0.0,2.6,0.0,14.0,10.0,1.6,0.4,1.7142857142857142,2.8,2.85,2.0,1.0,3.0,1,3.0,2.0
2017-10-14 Manchester City-Stoke City,1718,2017-10-14,Manchester City,Stoke City,Craig Pawson,14.0,15.0,3.8,0.2,3.142857142857143,14.0,5.0,1.2,2.0,1.0,4.666666666666667,2.85,7.0,2.0,9.0,1,1.0,2.0
2017-10-14 Swansea City-Huddersfield Town,1718,2017-10-14,Swansea City,Huddersfield Town,Paul Tierney,14.0,4.0,0.6,0.8,0.42857142857142855,14.0,3.0,0.2,1.4,0.7142857142857143,4.0,2.85,2.0,0.0,2.0,0,6.0,2.0
2017-10-14 Tottenham Hotspur-Bournemouth,1718,2017-10-14,Tottenham Hotspur,Bournemouth,Robert Madley,14.0,11.0,2.2,0.6,2.0,14.0,4.0,0.8,1.6,0.5714285714285714,5.0,2.85,1.0,0.0,1.0,0,4.0,2.0
2017-10-14 Watford-Arsenal,1718,2017-10-14,Watford,Arsenal,Niel Swarbrick,14.0,8.0,1.2,1.8,1.5714285714285714,13.0,10.0,1.4,0.8,1.5714285714285714,2.4,2.85,2.0,1.0,3.0,1,1.0,2.0
2017-10-15 Brighton-Everton,1718,2017-10-15,Brighton,Everton,Michael Oliver,14.0,7.0,1.0,1.0,0.7142857142857143,14.0,3.0,0.4,2.2,0.5714285714285714,3.8333333333333335,2.85,1.0,1.0,2.0,1,5.0,1.0
2017-10-15 Southampton-Newcastle United,1718,2017-10-15,Southampton,Newcastle United,Kevin Friend,15.0,4.0,0.4,1.0,0.7142857142857143,14.0,10.0,1.4,0.6,1.0,3.0,2.85,2.0,2.0,4.0,1,3.0,1.0
2017-10-16 Leicester City-West Brom,1718,2017-10-16,Leicester City,West Brom,Mike Dean,16.0,2.0,0.8,1.6,1.2857142857142858,16.0,3.0,0.8,1.6,0.8571428571428571,3.8,2.85,1.0,1.0,2.0,1,4.0,1.0
2017-10-20 West Ham United-Brighton,1718,2017-10-20,West Ham United,Brighton,Martin Atkinson,6.0,8.0,1.2,0.8,1.0,5.0,7.0,1.2,1.2,0.75,2.8,2.85,0.0,3.0,3.0,0,1.0,0.0
2017-10-21 Chelsea-Watford,1718,2017-10-21,Chelsea,Watford,Jonathan Moss,7.0,7.0,1.4,0.8,1.625,7.0,10.0,1.6,2.0,1.625,3.5,2.85,4.0,2.0,6.0,1,5.0,2.0
2017-10-21 Huddersfield Town-Manchester Utd,1718,2017-10-21,Huddersfield Town,Manchester Utd,Lee Mason,7.0,2.0,0.2,1.8,0.625,7.0,11.0,2.2,0.4,2.625,2.0,2.85,2.0,1.0,3.0,1,6.0,2.0
2017-10-21 Manchester City-Burnley,1718,2017-10-21,Manchester City,Burnley,Roger East,7.0,15.0,4.8,0.4,3.625,7.0,9.0,0.8,0.4,1.0,4.0,2.85,3.0,0.0,3.0,0,5.0,2.0
2017-10-21 Newcastle United-Crystal Palace,1718,2017-10-21,Newcastle United,Crystal Palace,Stuart Attwell,6.0,8.0,1.2,1.0,1.125,7.0,3.0,0.4,2.4,0.25,3.3333333333333335,2.85,1.0,0.0,1.0,0,6.0,2.0
2017-10-21 Stoke City-Bournemouth,1718,2017-10-21,Stoke City,Bournemouth,Lee Probert,7.0,4.0,1.4,3.2,1.125,7.0,4.0,0.6,1.4,0.5,0.5,2.85,1.0,2.0,3.0,1,1.0,0.0
2017-10-21 Swansea City-Leicester City,1718,2017-10-21,Swansea City,Leicester City,Michael Oliver,7.0,4.0,0.6,0.8,0.625,5.0,3.0,1.0,1.4,1.25,4.0,2.85,1.0,2.0,3.0,1,1.0,0.0
2017-10-21 Southampton-West Brom,1718,2017-10-21,Southampton,West Brom,Graham Scott,6.0,4.0,0.8,1.4,0.875,5.0,3.0,0.8,1.6,0.875,2.3333333333333335,2.85,1.0,0.0,1.0,0,1.0,2.0
2017-10-22 Everton-Arsenal,1718,2017-10-22,Everton,Arsenal,Craig Pawson,7.0,4.0,0.6,2.0,0.625,8.0,10.0,1.6,0.4,1.5,4.142857142857143,2.85,2.0,5.0,7.0,1,3.0,0.0
2017-10-22 Tottenham Hotspur-Liverpool,1718,2017-10-22,Tottenham Hotspur,Liverpool,Andre Marriner,8.0,13.0,2.2,0.4,1.875,8.0,6.0,1.0,1.8,1.625,2.8333333333333335,2.85,4.0,1.0,5.0,1,1.0,2.0
2017-10-28 West Brom-Manchester City,1718,2017-10-28,West Brom,Manchester City,Mike Jones,7.0,3.0,0.6,1.2,0.7777777777777778,7.0,15.0,4.4,0.4,3.5555555555555554,3.6666666666666665,2.85,2.0,3.0,5.0,1,5.0,0.0
2017-10-28 Bournemouth-Chelsea,1718,2017-10-28,Bournemouth,Chelsea,Craig Pawson,7.0,7.0,1.0,1.0,0.6666666666666666,7.0,7.0,1.8,1.0,1.8888888888888888,4.0,2.85,0.0,1.0,1.0,0,2.0,0.0
2017-10-28 Watford-Stoke City,1718,2017-10-28,Watford,Stoke City,Michael Oliver,7.0,7.0,1.6,2.8,1.6666666666666667,7.0,3.0,1.2,3.2,1.1111111111111112,3.625,2.85,0.0,1.0,1.0,0,8.0,0.0
2017-10-28 Crystal Palace-West Ham United,1718,2017-10-28,Crystal Palace,West Ham United,Robert Madley,7.0,3.0,0.4,2.4,0.2222222222222222,8.0,5.0,0.8,1.4,0.8888888888888888,4.8,2.85,2.0,2.0,4.0,1,3.0,1.0
2017-10-28 Liverpool-Huddersfield Town,1718,2017-10-28,Liverpool,Huddersfield Town,Kevin Friend,6.0,6.0,1.2,1.6,1.5555555555555556,7.0,5.0,0.6,1.6,0.7777777777777778,3.0,2.85,3.0,0.0,3.0,0,1.0,2.0
2017-10-28 Arsenal-Swansea City,1718,2017-10-28,Arsenal,Swansea City,Lee Mason,6.0,10.0,2.0,0.8,1.8888888888888888,7.0,4.0,0.8,1.0,0.6666666666666666,2.8,2.85,2.0,1.0,3.0,1,0.0,2.0
2017-10-28 Manchester Utd-Tottenham Hotspur,1718,2017-10-28,Manchester Utd,Tottenham Hotspur,Jonathan Moss,7.0,10.0,2.0,0.4,2.4444444444444446,6.0,13.0,2.4,0.6,2.111111111111111,3.7142857142857144,2.85,1.0,0.0,1.0,0,1.0,2.0
2017-10-29 Brighton-Southampton,1718,2017-10-29,Brighton,Southampton,Niel Swarbrick,9.0,7.0,1.2,1.0,1.0,8.0,7.0,1.0,1.0,0.8888888888888888,2.1666666666666665,2.85,1.0,1.0,2.0,1,4.0,1.0
2017-10-29 Leicester City-Everton,1718,2017-10-29,Leicester City,Everton,Andre Marriner,8.0,6.0,1.2,1.2,1.3333333333333333,7.0,4.0,1.0,2.4,0.7777777777777778,2.5714285714285716,2.85,2.0,0.0,2.0,0,2.0,2.0
2017-10-30 Burnley-Newcastle United,1718,2017-10-30,Burnley,Newcastle United,Mike Dean,9.0,6.0,0.6,1.0,0.8888888888888888,9.0,8.0,1.2,1.0,1.1111111111111112,3.8333333333333335,2.85,1.0,0.0,1.0,0,3.0,2.0
2017-11-04 West Ham United-Liverpool,1718,2017-11-04,West Ham United,Liverpool,Niel Swarbrick,7.0,5.0,1.2,1.8,1.0,7.0,8.0,1.6,1.4,1.7,2.4285714285714284,2.85,1.0,4.0,5.0,1,3.0,0.0
2017-11-04 Swansea City-Brighton,1718,2017-11-04,Swansea City,Brighton,Mike Dean,7.0,3.0,1.0,1.4,0.7,6.0,8.0,1.2,0.8,1.0,3.7142857142857144,2.85,0.0,1.0,1.0,0,3.0,0.0
2017-11-04 Southampton-Burnley,1718,2017-11-04,Southampton,Burnley,Lee Probert,6.0,5.0,1.0,1.2,0.9,5.0,8.0,0.6,0.8,0.9,0.6666666666666666,2.85,0.0,1.0,1.0,0,0.0,0.0
2017-11-04 Huddersfield Town-West Brom,1718,2017-11-04,Huddersfield Town,West Brom,Roger East,7.0,4.0,0.4,2.0,0.7,7.0,2.0,1.0,1.8,0.9,4.25,2.85,1.0,0.0,1.0,0,6.0,2.0
2017-11-04 Stoke City-Leicester City,1718,2017-11-04,Stoke City,Leicester City,Robert Madley,7.0,6.0,1.2,2.8,1.1,6.0,8.0,1.4,1.0,1.4,4.5,2.85,2.0,2.0,4.0,1,0.0,1.0
2017-11-04 Newcastle United-Bournemouth,1718,2017-11-04,Newcastle United,Bournemouth,Paul Tierney,5.0,5.0,0.8,1.0,1.0,7.0,4.0,0.6,1.0,0.6,5.0,2.85,0.0,1.0,1.0,0,4.0,0.0
2017-11-05 Tottenham Hotspur-Crystal Palace,1718,2017-11-05,Tottenham Hotspur,Crystal Palace,Kevin Friend,8.0,12.0,2.4,0.8,1.9,8.0,4.0,0.8,2.6,0.4,2.6,2.85,1.0,0.0,1.0,0,2.0,2.0
2017-11-05 Manchester City-Arsenal,1718,2017-11-05,Manchester City,Arsenal,Michael Oliver,8.0,15.0,3.8,0.8,3.5,8.0,12.0,2.4,1.0,1.9,4.111111111111111,2.85,3.0,1.0,4.0,1,7.0,2.0
2017-11-05 Chelsea-Manchester Utd,1718,2017-11-05,Chelsea,Manchester Utd,Anthony Taylor,8.0,9.0,2.0,1.0,1.8,8.0,10.0,1.4,0.4,2.3,3.8333333333333335,2.85,1.0,0.0,1.0,0,4.0,2.0
2017-11-05 Everton-Watford,1718,2017-11-05,Everton,Watford,Graham Scott,7.0,4.0,1.0,2.0,0.7,8.0,7.0,1.6,1.8,1.5,2.0,2.85,3.0,2.0,5.0,1,2.0,2.0
2017-11-18 Liverpool-Southampton,1718,2017-11-18,Liverpool,Southampton,Mike Jones,14.0,8.0,1.8,1.2,1.9090909090909092,14.0,5.0,1.0,1.2,0.8181818181818182,4.0,2.85,3.0,0.0,3.0,0,2.0,2.0
2017-11-18 Manchester Utd-Newcastle United,1718,2017-11-18,Manchester Utd,Newcastle United,Craig Pawson,13.0,7.0,1.2,0.6,2.090909090909091,14.0,5.0,0.8,1.0,0.9090909090909091,3.7777777777777777,2.85,4.0,1.0,5.0,1,2.0,2.0
2017-11-18 West Brom-Chelsea,1718,2017-11-18,West Brom,Chelsea,Jonathan Moss,14.0,2.0,1.0,1.6,0.8181818181818182,13.0,9.0,1.4,1.0,1.7272727272727273,3.375,2.85,0.0,4.0,4.0,0,5.0,0.0
2017-11-18 Leicester City-Manchester City,1718,2017-11-18,Leicester City,Manchester City,Graham Scott,14.0,9.0,1.4,0.8,1.4545454545454546,13.0,15.0,3.4,1.0,3.4545454545454546,2.0,2.85,0.0,2.0,2.0,0,2.0,0.0
2017-11-18 Crystal Palace-Everton,1718,2017-11-18,Crystal Palace,Everton,Anthony Taylor,13.0,4.0,0.8,1.8,0.36363636363636365,13.0,4.0,1.2,2.2,0.9090909090909091,3.857142857142857,2.85,2.0,2.0,4.0,1,5.0,1.0
2017-11-18 Burnley-Swansea City,1718,2017-11-18,Burnley,Swansea City,Martin Atkinson,14.0,10.0,0.8,0.8,0.9090909090909091,14.0,3.0,0.8,1.2,0.6363636363636364,2.5,2.85,2.0,0.0,2.0,0,2.0,2.0
2017-11-18 Bournemouth-Huddersfield Town,1718,2017-11-18,Bournemouth,Huddersfield Town,Lee Probert,14.0,7.0,0.6,0.6,0.6363636363636364,14.0,6.0,0.6,2.0,0.7272727272727273,0.5,2.85,4.0,0.0,4.0,0,6.0,2.0
2017-11-18 Arsenal-Tottenham Hotspur,1718,2017-11-18,Arsenal,Tottenham Hotspur,Mike Dean,13.0,9.0,2.2,1.6,1.8181818181818181,13.0,12.0,2.0,0.4,1.8181818181818181,3.625,2.85,2.0,0.0,2.0,0,5.0,2.0
2017-11-19 Watford-West Ham United,1718,2017-11-19,Watford,West Ham United,Andre Marriner,14.0,4.0,1.6,2.2,1.5454545454545454,15.0,5.0,1.0,2.0,1.0,2.5,2.85,2.0,0.0,2.0,0,5.0,2.0
2017-11-20 Brighton-Stoke City,1718,2017-11-20,Brighton,Stoke City,Lee Mason,16.0,8.0,1.2,0.8,1.0,16.0,7.0,1.6,2.4,1.1818181818181819,2.3333333333333335,2.85,2.0,2.0,4.0,1,1.0,1.0
2017-11-24 West Ham United-Leicester City,1718,2017-11-24,West Ham United,Leicester City,Martin Atkinson,5.0,2.0,0.8,2.4,0.9166666666666666,6.0,8.0,1.4,1.2,1.3333333333333333,2.4285714285714284,2.85,1.0,1.0,2.0,1,2.0,1.0
2017-11-25 Liverpool-Chelsea,1718,2017-11-25,Liverpool,Chelsea,Michael Oliver,7.0,10.0,2.2,1.0,2.0,7.0,12.0,2.2,0.8,1.9166666666666667,4.4,2.85,1.0,1.0,2.0,1,0.0,1.0
2017-11-25 Tottenham Hotspur-West Brom,1718,2017-11-25,Tottenham Hotspur,West Brom,Mike Jones,7.0,9.0,1.2,0.8,1.6666666666666667,7.0,1.0,0.6,2.0,0.75,3.6,2.85,1.0,1.0,2.0,1,5.0,1.0
2017-11-25 Swansea City-Bournemouth,1718,2017-11-25,Swansea City,Bournemouth,Stuart Attwell,7.0,3.0,0.8,1.4,0.5833333333333334,7.0,9.0,1.4,0.6,0.9166666666666666,4.0,2.85,0.0,0.0,0.0,0,6.0,1.0
2017-11-25 Manchester Utd-Brighton,1718,2017-11-25,Manchester Utd,Brighton,Niel Swarbrick,7.0,7.0,1.2,0.8,2.25,5.0,9.0,1.6,0.8,1.0833333333333333,2.5,2.85,1.0,0.0,1.0,0,2.0,2.0
2017-11-25 Crystal Palace-Stoke City,1718,2017-11-25,Crystal Palace,Stoke City,Mike Dean,7.0,5.0,1.2,1.4,0.5,5.0,5.0,1.6,2.6,1.25,3.7777777777777777,2.85,2.0,1.0,3.0,1,2.0,2.0
2017-11-25 Newcastle United-Watford,1718,2017-11-25,Newcastle United,Watford,Chris Kavanagh,7.0,4.0,0.8,1.6,0.9166666666666666,6.0,6.0,1.6,1.8,1.5833333333333333,3.5,2.85,0.0,3.0,3.0,0,3.0,0.0
2017-11-26 Southampton-Everton,1718,2017-11-26,Southampton,Everton,Kevin Friend,8.0,5.0,0.8,1.4,0.75,8.0,5.0,1.6,2.4,1.0,2.5,2.85,4.0,1.0,5.0,1,0.0,2.0
2017-11-26 Burnley-Arsenal,1718,2017-11-26,Burnley,Arsenal,Lee Mason,8.0,10.0,1.0,0.8,1.0,8.0,9.0,2.2,1.6,1.8333333333333333,2.142857142857143,2.85,0.0,1.0,1.0,0,2.0,0.0
2017-11-26 Huddersfield Town-Manchester City,1718,2017-11-26,Huddersfield Town,Manchester City,Craig Pawson,8.0,6.0,0.6,2.0,0.6666666666666666,8.0,15.0,3.6,1.0,3.3333333333333335,3.6,2.85,1.0,2.0,3.0,1,6.0,0.0
2017-11-28 Watford-Manchester Utd,1718,2017-11-28,Watford,Manchester Utd,Jonathan Moss,3.0,6.0,1.8,1.6,1.6923076923076923,3.0,9.0,1.4,0.8,2.1538461538461537,3.5555555555555554,2.85,2.0,4.0,6.0,1,3.0,0.0
2017-11-28 Brighton-Crystal Palace,1718,2017-11-28,Brighton,Crystal Palace,Andre Marriner,3.0,8.0,1.4,0.8,1.0,3.0,5.0,1.2,1.4,0.6153846153846154,2.7777777777777777,2.85,0.0,0.0,0.0,0,2.0,1.0
2017-11-28 Leicester City-Tottenham Hotspur,1718,2017-11-28,Leicester City,Tottenham Hotspur,Anthony Taylor,4.0,8.0,1.4,1.2,1.3076923076923077,3.0,7.0,1.2,1.0,1.6153846153846154,4.0,2.85,2.0,1.0,3.0,1,3.0,2.0
2017-11-28 West Brom-Newcastle United,1718,2017-11-28,West Brom,Newcastle United,Lee Probert,3.0,1.0,0.6,2.0,0.7692307692307693,3.0,3.0,0.4,1.8,0.8461538461538461,1.6,2.85,2.0,2.0,4.0,1,0.0,1.0
2017-11-29 Stoke City-Liverpool,1718,2017-11-29,Stoke City,Liverpool,Martin Atkinson,4.0,5.0,1.4,1.6,1.2307692307692308,4.0,10.0,2.4,1.2,1.9230769230769231,2.375,2.85,0.0,3.0,3.0,0,6.0,0.0
2017-11-29 Manchester City-Southampton,1718,2017-11-29,Manchester City,Southampton,Paul Tierney,3.0,15.0,2.6,0.8,3.230769230769231,3.0,7.0,1.2,1.2,1.0,4.666666666666667,2.85,2.0,1.0,3.0,1,2.0,2.0
2017-11-29 Everton-West Ham United,1718,2017-11-29,Everton,West Ham United,Michael Oliver,3.0,4.0,1.6,3.0,1.0,5.0,2.0,0.8,2.4,0.9230769230769231,4.0,2.85,4.0,0.0,4.0,0,3.0,2.0
2017-11-29 Chelsea-Swansea City,1718,2017-11-29,Chelsea,Swansea City,Niel Swarbrick,4.0,13.0,2.2,0.6,1.8461538461538463,4.0,1.0,0.4,1.4,0.5384615384615384,2.4444444444444446,2.85,1.0,0.0,1.0,0,1.0,2.0
2017-11-29 Bournemouth-Burnley,1718,2017-11-29,Bournemouth,Burnley,Roger East,4.0,10.0,1.4,0.4,0.8461538461538461,3.0,9.0,0.8,0.8,0.9230769230769231,4.6,2.85,1.0,2.0,3.0,1,1.0,0.0
2017-11-29 Arsenal-Huddersfield Town,1718,2017-11-29,Arsenal,Huddersfield Town,Graham Scott,3.0,12.0,2.2,1.2,1.7692307692307692,3.0,6.0,0.8,2.0,0.6923076923076923,2.0,2.85,5.0,0.0,5.0,0,1.0,2.0
2017-12-02 West Brom-Crystal Palace,1718,2017-12-02,West Brom,Crystal Palace,Michael Oliver,4.0,2.0,1.0,2.2,0.8571428571428571,4.0,6.0,1.2,1.2,0.5714285714285714,3.9166666666666665,2.85,0.0,0.0,0.0,0,4.0,1.0
2017-12-02 Watford-Tottenham Hotspur,1718,2017-12-02,Watford,Tottenham Hotspur,Martin Atkinson,4.0,6.0,1.8,1.6,1.7142857142857142,4.0,4.0,0.6,1.2,1.5714285714285714,2.7777777777777777,2.85,1.0,1.0,2.0,1,6.0,1.0
2017-12-02 Stoke City-Swansea City,1718,2017-12-02,Stoke City,Swansea City,Craig Pawson,3.0,5.0,1.2,1.8,1.1428571428571428,3.0,1.0,0.2,1.2,0.5,3.8181818181818183,2.85,2.0,1.0,3.0,1,2.0,2.0
2017-12-02 Arsenal-Manchester Utd,1718,2017-12-02,Arsenal,Manchester Utd,Andre Marriner,3.0,12.0,2.2,0.8,2.0,4.0,12.0,2.0,0.8,2.2857142857142856,2.7,2.85,1.0,3.0,4.0,1,6.0,0.0
2017-12-02 Everton-Huddersfield Town,1718,2017-12-02,Everton,Huddersfield Town,Chris Kavanagh,3.0,7.0,2.0,2.0,1.2142857142857142,3.0,3.0,0.4,2.8,0.6428571428571429,3.3333333333333335,2.85,2.0,0.0,2.0,0,3.0,2.0
2017-12-02 Brighton-Liverpool,1718,2017-12-02,Brighton,Liverpool,Graham Scott,4.0,6.0,0.8,0.8,0.9285714285714286,3.0,13.0,2.8,0.4,2.0,1.8571428571428572,2.85,1.0,5.0,6.0,1,1.0,0.0
2017-12-02 Chelsea-Newcastle United,1718,2017-12-02,Chelsea,Newcastle United,Kevin Friend,3.0,13.0,1.6,0.2,1.7857142857142858,4.0,1.0,0.6,2.2,0.9285714285714286,2.142857142857143,2.85,3.0,1.0,4.0,1,1.0,2.0
2017-12-02 Leicester City-Burnley,1718,2017-12-02,Leicester City,Burnley,Paul Tierney,4.0,8.0,1.4,1.2,1.3571428571428572,3.0,12.0,1.2,0.4,1.0,4.0,2.85,1.0,0.0,1.0,0,2.0,2.0
2017-12-03 Bournemouth-Southampton,1718,2017-12-03,Bournemouth,Southampton,Jonathan Moss,4.0,7.0,1.2,0.6,0.8571428571428571,4.0,4.0,1.2,1.6,1.0,3.5,2.85,1.0,1.0,2.0,1,3.0,1.0
2017-12-03 Manchester City-West Ham United,1718,2017-12-03,Manchester City,West Ham United,Mike Dean,4.0,15.0,2.4,1.0,3.142857142857143,4.0,2.0,0.8,2.6,0.8571428571428571,3.6,2.85,2.0,1.0,3.0,1,4.0,2.0
2017-12-09 Newcastle United-Leicester City,1718,2017-12-09,Newcastle United,Leicester City,Niel Swarbrick,7.0,1.0,0.8,2.6,0.9333333333333333,7.0,8.0,1.2,1.2,1.3333333333333333,2.3,2.85,2.0,3.0,5.0,1,3.0,0.0
2017-12-09 West Ham United-Chelsea,1718,2017-12-09,West Ham United,Chelsea,Anthony Taylor,6.0,1.0,0.6,2.6,0.8666666666666667,7.0,13.0,2.0,0.4,1.8666666666666667,3.888888888888889,2.85,1.0,0.0,1.0,0,7.0,2.0
2017-12-09 Burnley-Watford,1718,2017-12-09,Burnley,Watford,Lee Probert,7.0,9.0,1.0,0.6,0.9333333333333333,7.0,7.0,2.0,1.6,1.6666666666666667,1.3333333333333333,2.85,1.0,0.0,1.0,0,2.0,2.0
2017-12-09 Crystal Palace-Bournemouth,1718,2017-12-09,Crystal Palace,Bournemouth,Kevin Friend,7.0,6.0,0.8,0.8,0.5333333333333333,6.0,8.0,1.4,0.6,0.8666666666666667,2.0,2.85,2.0,2.0,4.0,1,7.0,1.0
2017-12-09 Huddersfield Town-Brighton,1718,2017-12-09,Huddersfield Town,Brighton,Stuart Attwell,7.0,3.0,0.4,2.6,0.6,7.0,5.0,0.8,1.6,0.9333333333333333,4.4,2.85,2.0,0.0,2.0,0,0.0,2.0
2017-12-09 Swansea City-West Brom,1718,2017-12-09,Swansea City,West Brom,Mike Dean,7.0,1.0,0.2,1.2,0.5333333333333333,7.0,3.0,0.6,1.6,0.8,3.6363636363636362,2.85,1.0,0.0,1.0,0,7.0,2.0
2017-12-09 Tottenham Hotspur-Stoke City,1718,2017-12-09,Tottenham Hotspur,Stoke City,Roger East,7.0,5.0,0.8,1.2,1.5333333333333334,7.0,5.0,1.4,2.0,1.2,4.0,2.85,5.0,1.0,6.0,1,1.0,2.0
2017-12-10 Manchester Utd-Manchester City,1718,2017-12-10,Manchester Utd,Manchester City,Michael Oliver,8.0,12.0,2.4,1.0,2.3333333333333335,7.0,15.0,2.2,0.8,3.066666666666667,3.923076923076923,2.85,1.0,2.0,3.0,1,6.0,0.0
2017-12-10 Liverpool-Everton,1718,2017-12-10,Liverpool,Everton,Craig Pawson,8.0,13.0,3.2,0.6,2.2,8.0,10.0,2.4,1.6,1.2666666666666666,3.6666666666666665,2.85,1.0,1.0,2.0,1,4.0,1.0
2017-12-10 Southampton-Arsenal,1718,2017-12-10,Southampton,Arsenal,Robert Madley,7.0,4.0,1.2,1.6,1.0,8.0,9.0,2.0,1.2,1.9333333333333333,3.857142857142857,2.85,1.0,1.0,2.0,1,4.0,1.0
2017-12-12 Burnley-Stoke City,1718,2017-12-12,Burnley,Stoke City,Mike Jones,3.0,9.0,1.0,0.6,0.9375,3.0,4.0,1.2,2.6,1.1875,3.8333333333333335,2.85,1.0,0.0,1.0,0,0.0,2.0
2017-12-12 Crystal Palace-Watford,1718,2017-12-12,Crystal Palace,Watford,Lee Mason,3.0,7.0,1.2,1.0,0.625,3.0,7.0,1.6,1.2,1.5625,2.125,2.85,2.0,1.0,3.0,1,4.0,2.0
2017-12-12 Huddersfield Town-Chelsea,1718,2017-12-12,Huddersfield Town,Chelsea,Andre Marriner,3.0,3.0,0.6,2.6,0.6875,3.0,10.0,1.8,0.6,1.75,3.0,2.85,1.0,3.0,4.0,1,0.0,0.0
2017-12-13 Tottenham Hotspur-Brighton,1718,2017-12-13,Tottenham Hotspur,Brighton,Robert Madley,4.0,5.0,1.6,1.4,1.75,4.0,2.0,0.6,2.0,0.875,3.875,2.85,2.0,0.0,2.0,0,2.0,2.0
2017-12-13 Manchester Utd-Bournemouth,1718,2017-12-13,Manchester Utd,Bournemouth,Graham Scott,3.0,12.0,2.6,1.2,2.25,4.0,6.0,1.6,1.0,0.9375,1.75,2.85,1.0,0.0,1.0,0,3.0,2.0
2017-12-13 Liverpool-West Brom,1718,2017-12-13,Liverpool,West Brom,Paul Tierney,3.0,11.0,2.6,0.6,2.125,4.0,3.0,0.6,1.6,0.75,3.6,2.85,0.0,0.0,0.0,0,2.0,1.0
2017-12-13 West Ham United-Arsenal,1718,2017-12-13,West Ham United,Arsenal,Jonathan Moss,4.0,4.0,0.6,1.8,0.875,3.0,10.0,2.0,0.8,1.875,3.4545454545454546,2.85,0.0,0.0,0.0,0,2.0,1.0
2017-12-13 Southampton-Leicester City,1718,2017-12-13,Southampton,Leicester City,Chris Kavanagh,3.0,5.0,1.4,1.6,1.0,4.0,10.0,1.4,1.2,1.4375,3.25,2.85,1.0,4.0,5.0,1,1.0,0.0
2017-12-13 Newcastle United-Everton,1718,2017-12-13,Newcastle United,Everton,Martin Atkinson,4.0,1.0,1.2,3.0,1.0,3.0,8.0,2.0,1.4,1.25,3.1,2.85,0.0,1.0,1.0,0,4.0,0.0
2017-12-13 Swansea City-Manchester City,1718,2017-12-13,Swansea City,Manchester City,Anthony Taylor,4.0,4.0,0.4,1.0,0.5625,3.0,15.0,2.0,0.8,3.0,4.2,2.85,0.0,4.0,4.0,0,0.0,0.0
2017-12-16 Leicester City-Crystal Palace,1718,2017-12-16,Leicester City,Crystal Palace,Martin Atkinson,3.0,13.0,2.2,1.0,1.588235294117647,4.0,9.0,1.2,0.8,0.7058823529411765,3.1818181818181817,2.85,0.0,3.0,3.0,0,5.0,0.0
2017-12-16 Arsenal-Newcastle United,1718,2017-12-16,Arsenal,Newcastle United,Stuart Attwell,3.0,8.0,1.6,0.8,1.7647058823529411,3.0,1.0,1.0,2.4,0.9411764705882353,3.6666666666666665,2.85,1.0,0.0,1.0,0,3.0,2.0
2017-12-16 Brighton-Burnley,1718,2017-12-16,Brighton,Burnley,Chris Kavanagh,3.0,1.0,0.2,2.0,0.8235294117647058,4.0,9.0,0.8,0.6,0.9411764705882353,2.8,2.85,0.0,0.0,0.0,0,6.0,1.0
2017-12-16 Chelsea-Southampton,1718,2017-12-16,Chelsea,Southampton,Roger East,4.0,10.0,1.6,0.8,1.8235294117647058,3.0,5.0,1.6,1.8,1.0,3.5714285714285716,2.85,1.0,0.0,1.0,0,4.0,2.0
2017-12-16 Watford-Huddersfield Town,1718,2017-12-16,Watford,Huddersfield Town,Michael Oliver,4.0,4.0,1.4,1.6,1.5294117647058822,4.0,3.0,0.8,2.4,0.7058823529411765,4.071428571428571,2.85,1.0,4.0,5.0,1,5.0,0.0
2017-12-16 Stoke City-West Ham United,1718,2017-12-16,Stoke City,West Ham United,Graham Scott,4.0,3.0,0.8,2.4,1.1176470588235294,3.0,5.0,0.6,1.4,0.8235294117647058,1.8888888888888888,2.85,0.0,3.0,3.0,0,3.0,0.0
2017-12-16 Manchester City-Tottenham Hotspur,1718,2017-12-16,Manchester City,Tottenham Hotspur,Craig Pawson,3.0,15.0,2.4,0.8,3.0588235294117645,3.0,8.0,2.0,1.0,1.7647058823529411,3.6923076923076925,2.85,4.0,1.0,5.0,1,6.0,2.0
2017-12-17 Bournemouth-Liverpool,1718,2017-12-17,Bournemouth,Liverpool,Andre Marriner,4.0,3.0,0.8,1.2,0.8823529411764706,4.0,9.0,2.0,0.6,2.0,2.75,2.85,0.0,4.0,4.0,0,2.0,0.0
2017-12-17 West Brom-Manchester Utd,1718,2017-12-17,West Brom,Manchester Utd,Anthony Taylor,4.0,4.0,0.6,0.8,0.7058823529411765,4.0,12.0,2.0,1.0,2.176470588235294,3.8181818181818183,2.85,1.0,2.0,3.0,1,4.0,0.0
2017-12-18 Everton-Swansea City,1718,2017-12-18,Everton,Swansea City,Jonathan Moss,5.0,10.0,1.8,1.0,1.2352941176470589,5.0,4.0,0.4,1.4,0.5294117647058824,3.3333333333333335,2.85,3.0,1.0,4.0,1,5.0,2.0
2017-12-22 Arsenal-Liverpool,1718,2017-12-22,Arsenal,Liverpool,Martin Atkinson,6.0,8.0,1.6,0.8,1.7222222222222223,5.0,11.0,2.6,0.4,2.111111111111111,3.3333333333333335,4.0,3.0,3.0,6.0,1,1.0,1.0
2017-12-23 Burnley-Tottenham Hotspur,1718,2017-12-23,Burnley,Tottenham Hotspur,Michael Oliver,7.0,10.0,0.8,0.4,0.8888888888888888,7.0,7.0,2.0,1.6,1.7222222222222223,4.133333333333334,2.0,0.0,3.0,3.0,0,3.0,0.0
2017-12-23 West Ham United-Newcastle United,1718,2017-12-23,West Ham United,Newcastle United,Lee Mason,7.0,7.0,1.0,1.2,0.9444444444444444,7.0,1.0,1.0,2.0,0.8888888888888888,2.3333333333333335,3.0,2.0,3.0,5.0,1,2.0,0.0
2017-12-23 Leicester City-Manchester Utd,1718,2017-12-23,Leicester City,Manchester Utd,Jonathan Moss,7.0,12.0,2.0,1.4,1.5,6.0,12.0,2.2,1.2,2.1666666666666665,3.4615384615384617,2.0,2.0,2.0,4.0,1,5.0,1.0
2017-12-23 Stoke City-West Brom,1718,2017-12-23,Stoke City,West Brom,Niel Swarbrick,7.0,3.0,0.6,2.6,1.0555555555555556,6.0,3.0,0.6,1.0,0.7222222222222222,2.3636363636363638,2.0,3.0,1.0,4.0,1,1.0,2.0
2017-12-23 Swansea City-Crystal Palace,1718,2017-12-23,Swansea City,Crystal Palace,Craig Pawson,5.0,3.0,0.6,2.0,0.5555555555555556,7.0,9.0,1.4,0.6,0.8333333333333334,3.857142857142857,2.0,1.0,1.0,2.0,1,5.0,1.0
2017-12-23 Southampton-Huddersfield Town,1718,2017-12-23,Southampton,Huddersfield Town,Lee Probert,7.0,2.0,0.8,1.8,0.9444444444444444,7.0,6.0,1.4,2.2,0.8888888888888888,1.4285714285714286,0.0,1.0,1.0,2.0,1,3.0,1.0
2017-12-23 Manchester City-Bournemouth,1718,2017-12-23,Manchester City,Bournemouth,Mike Jones,7.0,15.0,2.8,0.8,3.111111111111111,6.0,2.0,0.8,2.0,0.8333333333333334,3.2857142857142856,3.0,4.0,0.0,4.0,0,1.0,2.0
2017-12-23 Brighton-Watford,1718,2017-12-23,Brighton,Watford,Paul Tierney,7.0,2.0,0.2,1.8,0.7777777777777778,7.0,1.0,1.0,2.4,1.5,3.3333333333333335,0.0,1.0,0.0,1.0,0,0.0,2.0
2017-12-23 Everton-Chelsea,1718,2017-12-23,Everton,Chelsea,Robert Madley,5.0,13.0,2.2,0.4,1.3333333333333333,7.0,12.0,1.6,0.6,1.7777777777777777,3.6666666666666665,2.0,0.0,0.0,0.0,0,3.0,1.0
2017-12-26 Tottenham Hotspur-Southampton,1718,2017-12-26,Tottenham Hotspur,Southampton,Graham Scott,3.0,10.0,2.4,1.2,1.7894736842105263,3.0,3.0,0.8,1.6,0.9473684210526315,2.0,2.85,5.0,2.0,7.0,1,2.0,2.0
2017-12-26 Bournemouth-West Ham United,1718,2017-12-26,Bournemouth,West Ham United,Stuart Attwell,3.0,2.0,0.6,2.4,0.7894736842105263,3.0,7.0,1.4,1.0,1.0,3.5714285714285716,2.85,3.0,3.0,6.0,1,7.0,1.0
2017-12-26 Chelsea-Brighton,1718,2017-12-26,Chelsea,Brighton,Mike Dean,3.0,10.0,1.4,0.6,1.6842105263157894,3.0,4.0,0.4,1.8,0.7894736842105263,3.9166666666666665,2.85,2.0,0.0,2.0,0,1.0,2.0
2017-12-26 Huddersfield Town-Stoke City,1718,2017-12-26,Huddersfield Town,Stoke City,Anthony Taylor,3.0,7.0,1.6,1.4,0.8947368421052632,3.0,6.0,1.2,2.2,1.1578947368421053,3.8333333333333335,2.85,1.0,1.0,2.0,1,6.0,1.0
2017-12-26 Manchester Utd-Burnley,1718,2017-12-26,Manchester Utd,Burnley,Martin Atkinson,3.0,10.0,1.8,1.2,2.1578947368421053,3.0,7.0,0.4,0.8,0.8421052631578947,3.1538461538461537,2.85,2.0,2.0,4.0,1,10.0,1.0
2017-12-26 Watford-Leicester City,1718,2017-12-26,Watford,Leicester City,Chris Kavanagh,3.0,1.0,0.6,1.8,1.4210526315789473,3.0,10.0,2.0,1.6,1.5263157894736843,3.3333333333333335,2.85,2.0,1.0,3.0,1,6.0,2.0
2017-12-26 West Brom-Everton,1718,2017-12-26,West Brom,Everton,Roger East,3.0,2.0,0.4,1.2,0.7368421052631579,3.0,11.0,1.4,0.4,1.263157894736842,3.625,2.85,0.0,0.0,0.0,0,2.0,1.0
2017-12-26 Liverpool-Swansea City,1718,2017-12-26,Liverpool,Swansea City,Kevin Friend,4.0,9.0,2.6,1.0,2.1578947368421053,3.0,4.0,0.8,2.0,0.5789473684210527,2.5555555555555554,2.85,5.0,0.0,5.0,0,1.0,2.0
2017-12-27 Newcastle United-Manchester City,1718,2017-12-27,Newcastle United,Manchester City,Andre Marriner,4.0,3.0,1.2,2.0,1.0,4.0,15.0,3.2,0.6,3.1578947368421053,2.6923076923076925,2.85,0.0,1.0,1.0,0,1.0,0.0
2017-12-28 Crystal Palace-Arsenal,1718,2017-12-28,Crystal Palace,Arsenal,Michael Oliver,5.0,9.0,1.6,0.8,0.8421052631578947,6.0,6.0,1.2,1.4,1.7894736842105263,4.0625,2.85,2.0,3.0,5.0,1,2.0,0.0
2017-12-30 Bournemouth-Everton,1718,2017-12-30,Bournemouth,Everton,Lee Probert,4.0,2.0,1.0,2.8,0.9,4.0,9.0,1.0,0.4,1.2,1.625,3.0,2.0,1.0,3.0,1,0.0,2.0
2017-12-30 Chelsea-Stoke City,1718,2017-12-30,Chelsea,Stoke City,Kevin Friend,4.0,10.0,1.2,0.4,1.7,4.0,4.0,1.0,2.2,1.15,2.4,4.0,5.0,0.0,5.0,0,2.0,2.0
2017-12-30 Huddersfield Town-Burnley,1718,2017-12-30,Huddersfield Town,Burnley,Paul Tierney,4.0,8.0,1.8,1.2,0.9,4.0,8.0,0.8,1.0,0.9,2.857142857142857,0.0,0.0,0.0,0.0,0,3.0,1.0
2017-12-30 Liverpool-Leicester City,1718,2017-12-30,Liverpool,Leicester City,Niel Swarbrick,4.0,9.0,2.6,0.8,2.3,4.0,7.0,2.0,2.0,1.5,2.25,5.0,2.0,1.0,3.0,1,5.0,2.0
2017-12-30 Newcastle United-Brighton,1718,2017-12-30,Newcastle United,Brighton,Anthony Taylor,3.0,3.0,1.0,1.6,0.95,4.0,4.0,0.2,1.2,0.75,4.0,1.0,0.0,0.0,0.0,0,4.0,1.0
2017-12-30 Watford-Swansea City,1718,2017-12-30,Watford,Swansea City,Martin Atkinson,4.0,3.0,0.8,1.8,1.45,4.0,4.0,0.6,2.6,0.55,3.642857142857143,3.0,1.0,2.0,3.0,1,6.0,0.0
2017-12-30 Manchester Utd-Southampton,1718,2017-12-30,Manchester Utd,Southampton,Craig Pawson,4.0,8.0,1.6,1.4,2.15,4.0,2.0,1.0,2.4,1.0,3.933333333333333,1.0,0.0,0.0,0.0,0,6.0,1.0
2017-12-31 Crystal Palace-Manchester City,1718,2017-12-31,Crystal Palace,Manchester City,Jonathan Moss,3.0,8.0,2.0,1.4,0.9,4.0,15.0,3.0,0.4,3.05,3.5714285714285716,5.0,0.0,0.0,0.0,0,9.0,1.0
2017-12-31 West Brom-Arsenal,1718,2017-12-31,West Brom,Arsenal,Mike Dean,5.0,2.0,0.4,1.2,0.7,3.0,9.0,1.6,1.2,1.85,3.6923076923076925,2.0,1.0,1.0,2.0,1,6.0,1.0
2018-01-01 Everton-Manchester Utd,1718,2018-01-01,Everton,Manchester Utd,Andre Marriner,2.0,8.0,1.0,0.6,1.1904761904761905,2.0,9.0,1.4,1.0,2.0476190476190474,2.5714285714285716,4.0,0.0,2.0,2.0,0,2.0,0.0
2018-01-01 Stoke City-Newcastle United,1718,2018-01-01,Stoke City,Newcastle United,Chris Kavanagh,2.0,4.0,0.8,2.2,1.0952380952380953,2.0,4.0,0.6,1.0,0.9047619047619048,3.7142857142857144,3.0,0.0,1.0,1.0,0,4.0,0.0
2018-01-01 Brighton-Bournemouth,1718,2018-01-01,Brighton,Bournemouth,Michael Oliver,2.0,5.0,0.2,0.8,0.7142857142857143,2.0,4.0,1.0,2.6,0.9523809523809523,3.9411764705882355,3.0,2.0,2.0,4.0,1,3.0,1.0
2018-01-01 Burnley-Liverpool,1718,2018-01-01,Burnley,Liverpool,Roger East,2.0,6.0,0.6,1.0,0.8571428571428571,2.0,11.0,2.8,0.8,2.2857142857142856,3.4444444444444446,2.0,1.0,2.0,3.0,1,0.0,0.0
2018-01-01 Leicester City-Huddersfield Town,1718,2018-01-01,Leicester City,Huddersfield Town,Graham Scott,2.0,4.0,1.6,2.0,1.4761904761904763,2.0,6.0,1.4,1.2,0.8571428571428571,2.0,2.0,3.0,0.0,3.0,0,2.0,2.0
2018-01-02 Southampton-Crystal Palace,1718,2018-01-02,Southampton,Crystal Palace,Stuart Attwell,3.0,2.0,0.8,2.2,0.9523809523809523,2.0,8.0,1.6,1.0,0.8571428571428571,4.0,1.0,1.0,2.0,3.0,1,1.0,0.0
2018-01-02 Swansea City-Tottenham Hotspur,1718,2018-01-02,Swansea City,Tottenham Hotspur,Robert Madley,3.0,4.0,0.8,2.8,0.6190476190476191,7.0,12.0,3.2,1.4,1.95,3.6,0.0,0.0,2.0,2.0,0,4.0,0.0
2018-01-02 West Ham United-West Brom,1718,2018-01-02,West Ham United,West Brom,Mike Jones,7.0,8.0,1.8,1.2,1.1,2.0,3.0,0.6,1.2,0.7142857142857143,3.0,0.0,2.0,1.0,3.0,1,5.0,2.0
2018-01-02 Manchester City-Watford,1718,2018-01-02,Manchester City,Watford,Lee Mason,2.0,13.0,2.6,0.2,2.9047619047619047,3.0,3.0,1.0,2.0,1.4285714285714286,2.3,6.0,3.0,1.0,4.0,1,2.0,2.0
2018-01-03 Arsenal-Chelsea,1718,2018-01-03,Arsenal,Chelsea,Anthony Taylor,3.0,9.0,1.6,1.2,1.8095238095238095,4.0,13.0,2.2,0.2,1.8571428571428572,4.0,0.0,2.0,2.0,4.0,1,5.0,1.0
2018-01-04 Tottenham Hotspur-West Ham United,1718,2018-01-04,Tottenham Hotspur,West Ham United,Mike Dean,2.0,12.0,2.6,1.2,1.9523809523809523,2.0,8.0,2.0,1.4,1.1428571428571428,3.857142857142857,5.0,1.0,1.0,2.0,1,2.0,1.0
2018-01-13 Tottenham Hotspur-Everton,1718,2018-01-13,Tottenham Hotspur,Everton,Craig Pawson,9.0,10.0,2.4,1.4,1.9090909090909092,12.0,5.0,0.8,1.0,1.1363636363636365,4.0625,3.0,4.0,0.0,4.0,0,2.0,2.0
2018-01-13 West Brom-Brighton,1718,2018-01-13,West Brom,Brighton,Martin Atkinson,11.0,2.0,0.8,1.6,0.7272727272727273,12.0,6.0,0.6,0.8,0.7727272727272727,3.8,4.0,2.0,0.0,2.0,0,0.0,2.0
2018-01-13 Watford-Southampton,1718,2018-01-13,Watford,Southampton,Roger East,11.0,3.0,1.0,2.2,1.4090909090909092,11.0,2.0,0.8,1.8,0.9545454545454546,3.1,2.0,2.0,2.0,4.0,1,5.0,1.0
2018-01-13 Huddersfield Town-West Ham United,1718,2018-01-13,Huddersfield Town,West Ham United,Jonathan Moss,12.0,6.0,1.2,1.2,0.8181818181818182,9.0,8.0,2.2,1.6,1.1363636363636365,3.933333333333333,2.0,1.0,4.0,5.0,1,2.0,0.0
2018-01-13 Crystal Palace-Burnley,1718,2018-01-13,Crystal Palace,Burnley,Michael Oliver,11.0,8.0,1.6,1.0,0.9090909090909091,12.0,3.0,0.6,1.4,0.8636363636363636,3.888888888888889,1.0,1.0,0.0,1.0,0,3.0,2.0
2018-01-13 Chelsea-Leicester City,1718,2018-01-13,Chelsea,Leicester City,Mike Jones,10.0,11.0,2.0,0.4,1.8636363636363635,12.0,4.0,1.4,1.8,1.5454545454545454,3.2222222222222223,3.0,0.0,0.0,0.0,0,5.0,1.0
2018-01-13 Newcastle United-Swansea City,1718,2018-01-13,Newcastle United,Swansea City,Graham Scott,12.0,7.0,0.8,0.8,0.9090909090909091,11.0,4.0,0.8,2.4,0.5909090909090909,2.0,1.0,1.0,1.0,2.0,1,3.0,1.0
2018-01-14 Bournemouth-Arsenal,1718,2018-01-14,Bournemouth,Arsenal,Kevin Friend,13.0,5.0,1.4,2.8,1.0,11.0,9.0,2.0,1.6,1.8181818181818181,2.3636363636363638,3.0,2.0,1.0,3.0,1,4.0,2.0
2018-01-14 Liverpool-Manchester City,1718,2018-01-14,Liverpool,Manchester City,Andre Marriner,13.0,13.0,3.2,1.0,2.272727272727273,12.0,13.0,2.4,0.4,2.909090909090909,2.533333333333333,5.0,4.0,3.0,7.0,1,5.0,2.0
2018-01-15 Manchester Utd-Stoke City,1718,2018-01-15,Manchester Utd,Stoke City,Anthony Taylor,14.0,9.0,1.6,1.0,2.0454545454545454,14.0,4.0,0.8,2.2,1.0454545454545454,4.066666666666666,4.0,3.0,0.0,3.0,0,3.0,2.0
2018-01-20 Stoke City-Huddersfield Town,1718,2018-01-20,Stoke City,Huddersfield Town,Michael Oliver,5.0,4.0,0.8,2.2,1.0,7.0,3.0,0.6,1.8,0.8260869565217391,3.8421052631578947,2.0,2.0,0.0,2.0,0,2.0,2.0
2018-01-20 Manchester City-Newcastle United,1718,2018-01-20,Manchester City,Newcastle United,Paul Tierney,6.0,10.0,2.2,1.0,2.9130434782608696,7.0,8.0,1.0,0.8,0.9130434782608695,2.875,1.0,3.0,1.0,4.0,1,1.0,2.0
2018-01-20 West Ham United-Bournemouth,1718,2018-01-20,West Ham United,Bournemouth,Martin Atkinson,7.0,8.0,2.4,1.8,1.2608695652173914,6.0,8.0,1.8,2.2,1.0434782608695652,3.5625,6.0,1.0,1.0,2.0,1,4.0,1.0
2018-01-20 Leicester City-Watford,1718,2018-01-20,Leicester City,Watford,Lee Probert,7.0,5.0,1.4,1.2,1.4782608695652173,7.0,4.0,1.2,1.8,1.434782608695652,1.4444444444444444,3.0,2.0,0.0,2.0,0,0.0,2.0
2018-01-20 Burnley-Manchester Utd,1718,2018-01-20,Burnley,Manchester Utd,Mike Dean,7.0,2.0,0.6,1.6,0.8260869565217391,5.0,9.0,1.8,0.8,2.0869565217391304,3.7333333333333334,4.0,0.0,1.0,1.0,0,6.0,0.0
2018-01-20 Arsenal-Crystal Palace,1718,2018-01-20,Arsenal,Crystal Palace,Chris Kavanagh,6.0,6.0,2.0,2.0,1.7826086956521738,7.0,8.0,1.2,1.0,0.9130434782608695,3.75,5.0,4.0,1.0,5.0,1,0.0,2.0
2018-01-20 Brighton-Chelsea,1718,2018-01-20,Brighton,Chelsea,Jonathan Moss,7.0,5.0,0.6,1.2,0.7391304347826086,7.0,9.0,1.8,0.4,1.7826086956521738,3.8125,2.0,0.0,4.0,4.0,0,3.0,0.0
2018-01-20 Everton-West Brom,1718,2018-01-20,Everton,West Brom,Stuart Attwell,7.0,2.0,0.2,1.6,1.0869565217391304,7.0,5.0,1.0,1.2,0.782608695652174,3.6666666666666665,0.0,1.0,1.0,2.0,1,3.0,1.0
2018-01-21 Southampton-Tottenham Hotspur,1718,2018-01-21,Southampton,Tottenham Hotspur,Kevin Friend,8.0,3.0,1.2,2.0,1.0,8.0,13.0,3.0,0.6,2.0,2.5,7.0,1.0,1.0,2.0,1,5.0,1.0
2018-01-22 Swansea City-Liverpool,1718,2018-01-22,Swansea City,Liverpool,Niel Swarbrick,9.0,5.0,0.8,2.0,0.6086956521739131,8.0,13.0,3.2,1.6,2.347826086956522,2.4615384615384617,5.0,1.0,0.0,1.0,0,2.0,2.0
2018-01-30 Swansea City-Arsenal,1718,2018-01-30,Swansea City,Arsenal,Lee Mason,8.0,7.0,0.8,1.8,0.625,10.0,8.0,2.2,1.6,1.875,2.272727272727273,3.0,3.0,1.0,4.0,1,3.0,2.0
2018-01-30 West Ham United-Crystal Palace,1718,2018-01-30,West Ham United,Crystal Palace,Niel Swarbrick,10.0,9.0,2.2,1.4,1.25,10.0,7.0,1.2,1.6,0.9166666666666666,2.4285714285714284,4.0,1.0,1.0,2.0,1,4.0,1.0
2018-01-30 Huddersfield Town-Liverpool,1718,2018-01-30,Huddersfield Town,Liverpool,Kevin Friend,10.0,2.0,0.4,2.0,0.7916666666666666,8.0,12.0,2.6,1.2,2.25,2.6923076923076925,3.0,0.0,3.0,3.0,0,0.0,0.0
2018-01-31 Chelsea-Bournemouth,1718,2018-01-31,Chelsea,Bournemouth,Lee Probert,11.0,11.0,2.6,0.4,1.875,11.0,9.0,2.0,1.6,1.0416666666666667,1.3,1.0,0.0,3.0,3.0,0,1.0,0.0
2018-01-31 Everton-Leicester City,1718,2018-01-31,Everton,Leicester City,Chris Kavanagh,11.0,2.0,0.4,1.8,1.0833333333333333,11.0,7.0,1.4,0.8,1.5,3.3333333333333335,2.0,2.0,1.0,3.0,1,2.0,2.0
2018-01-31 Newcastle United-Burnley,1718,2018-01-31,Newcastle United,Burnley,Simon Hooper,11.0,5.0,0.6,1.0,0.9166666666666666,11.0,2.0,0.6,1.2,0.7916666666666666,5.229605263157895,1.0,1.0,1.0,2.0,1,3.0,1.0
2018-01-31 Southampton-Brighton,1718,2018-01-31,Southampton,Brighton,Mike Dean,10.0,3.0,1.2,2.0,1.0,11.0,2.0,0.4,2.0,0.7083333333333334,3.875,2.0,1.0,1.0,2.0,1,4.0,1.0
2018-01-31 Manchester City-West Brom,1718,2018-01-31,Manchester City,West Brom,Robert Madley,11.0,10.0,2.0,1.2,2.9166666666666665,11.0,6.0,1.0,0.8,0.7916666666666666,3.6363636363636362,5.0,3.0,0.0,3.0,0,4.0,2.0
2018-01-31 Stoke City-Watford,1718,2018-01-31,Stoke City,Watford,Jonathan Moss,11.0,4.0,0.6,2.0,1.0416666666666667,11.0,4.0,1.2,2.0,1.375,3.764705882352941,1.0,0.0,0.0,0.0,0,7.0,1.0
2018-01-31 Tottenham Hotspur-Manchester Utd,1718,2018-01-31,Tottenham Hotspur,Manchester Utd,Andre Marriner,10.0,11.0,2.6,0.8,1.9583333333333333,11.0,11.0,1.6,0.4,2.0416666666666665,2.6875,1.0,2.0,0.0,2.0,0,4.0,2.0
2018-02-03 Arsenal-Everton,1718,2018-02-03,Arsenal,Everton,Niel Swarbrick,4.0,5.0,1.8,1.8,1.84,3.0,4.0,0.8,2.0,1.12,2.533333333333333,7.0,5.0,1.0,6.0,1,2.0,2.0
2018-02-03 Manchester Utd-Huddersfield Town,1718,2018-02-03,Manchester Utd,Huddersfield Town,Stuart Attwell,3.0,10.0,1.2,0.4,1.96,4.0,1.0,0.2,2.4,0.76,3.6,3.0,2.0,0.0,2.0,0,6.0,2.0
2018-02-03 Leicester City-Swansea City,1718,2018-02-03,Leicester City,Swansea City,Anthony Taylor,3.0,7.0,1.4,0.8,1.48,4.0,10.0,1.4,1.0,0.72,4.0,3.0,1.0,1.0,2.0,1,1.0,1.0
2018-02-03 West Brom-Southampton,1718,2018-02-03,West Brom,Southampton,Michael Oliver,3.0,5.0,1.0,1.4,0.76,3.0,4.0,1.0,1.2,1.0,3.75,1.0,2.0,3.0,5.0,1,3.0,0.0
2018-02-03 Bournemouth-Stoke City,1718,2018-02-03,Bournemouth,Stoke City,Paul Tierney,3.0,11.0,2.0,1.0,1.12,3.0,4.0,0.4,1.8,1.0,2.6666666666666665,3.0,2.0,1.0,3.0,1,5.0,2.0
2018-02-03 Brighton-West Ham United,1718,2018-02-03,Brighton,West Ham United,Roger East,3.0,3.0,0.6,1.8,0.72,4.0,9.0,1.8,1.0,1.24,3.272727272727273,3.0,3.0,1.0,4.0,1,4.0,2.0
2018-02-03 Burnley-Manchester City,1718,2018-02-03,Burnley,Manchester City,Martin Atkinson,3.0,2.0,0.4,1.0,0.8,3.0,10.0,2.4,1.2,2.92,3.588235294117647,3.0,1.0,1.0,2.0,1,5.0,1.0
2018-02-04 Crystal Palace-Newcastle United,1718,2018-02-04,Crystal Palace,Newcastle United,Andre Marriner,5.0,8.0,1.0,1.2,0.92,4.0,6.0,0.8,1.0,0.92,2.764705882352941,1.0,1.0,1.0,2.0,1,2.0,1.0
2018-02-04 Liverpool-Tottenham Hotspur,1718,2018-02-04,Liverpool,Tottenham Hotspur,Jonathan Moss,5.0,12.0,2.2,1.2,2.28,4.0,11.0,2.0,0.4,1.96,3.9444444444444446,5.0,2.0,2.0,4.0,1,4.0,1.0
2018-02-05 Watford-Chelsea,1718,2018-02-05,Watford,Chelsea,Mike Dean,5.0,2.0,0.8,1.8,1.32,5.0,8.0,2.2,1.0,1.8,3.8823529411764706,6.0,4.0,1.0,5.0,1,5.0,2.0
2018-02-10 West Ham United-Watford,1718,2018-02-10,West Ham United,Watford,Graham Scott,7.0,6.0,1.6,1.4,1.2307692307692308,5.0,5.0,1.4,1.6,1.4230769230769231,2.076923076923077,2.0,2.0,0.0,2.0,0,2.0,2.0
2018-02-10 Swansea City-Burnley,1718,2018-02-10,Swansea City,Burnley,Andre Marriner,7.0,8.0,1.2,1.0,0.7307692307692307,7.0,2.0,0.6,1.2,0.8076923076923077,2.7222222222222223,2.0,1.0,0.0,1.0,0,3.0,2.0
2018-02-10 Manchester City-Leicester City,1718,2018-02-10,Manchester City,Leicester City,Mike Jones,7.0,10.0,2.6,1.4,2.8461538461538463,7.0,8.0,1.4,0.6,1.4615384615384615,3.4,2.0,5.0,1.0,6.0,1,5.0,2.0
2018-02-10 Everton-Crystal Palace,1718,2018-02-10,Everton,Crystal Palace,Jonathan Moss,7.0,4.0,0.8,2.6,1.1153846153846154,6.0,8.0,1.2,1.4,0.9230769230769231,3.9473684210526314,4.0,3.0,1.0,4.0,1,2.0,2.0
2018-02-10 Tottenham Hotspur-Arsenal,1718,2018-02-10,Tottenham Hotspur,Arsenal,Anthony Taylor,6.0,9.0,2.0,0.8,1.9615384615384615,7.0,7.0,2.6,1.8,1.9615384615384615,3.823529411764706,2.0,1.0,0.0,1.0,0,3.0,2.0
2018-02-10 Stoke City-Brighton,1718,2018-02-10,Stoke City,Brighton,Robert Madley,7.0,4.0,0.6,1.2,1.0,7.0,5.0,1.2,2.0,0.8076923076923077,3.6666666666666665,4.0,1.0,1.0,2.0,1,0.0,1.0
2018-02-11 Huddersfield Town-Bournemouth,1718,2018-02-11,Huddersfield Town,Bournemouth,Michael Oliver,8.0,0.0,0.2,2.8,0.7307692307692307,8.0,11.0,2.0,1.0,1.1538461538461537,3.7142857142857144,4.0,4.0,1.0,5.0,1,3.0,2.0
2018-02-11 Newcastle United-Manchester Utd,1718,2018-02-11,Newcastle United,Manchester Utd,Craig Pawson,7.0,6.0,1.0,1.2,0.9230769230769231,8.0,12.0,1.6,0.4,1.9615384615384615,3.9411764705882355,5.0,1.0,0.0,1.0,0,2.0,2.0
2018-02-11 Southampton-Liverpool,1718,2018-02-11,Southampton,Liverpool,Martin Atkinson,8.0,6.0,1.6,1.6,1.0769230769230769,7.0,10.0,2.2,1.4,2.269230769230769,3.6666666666666665,3.0,0.0,2.0,2.0,0,3.0,0.0
2018-02-12 Chelsea-West Brom,1718,2018-02-12,Chelsea,West Brom,Lee Mason,7.0,5.0,1.4,1.8,1.7692307692307692,9.0,4.0,1.2,1.8,0.8076923076923077,2.3333333333333335,4.0,3.0,0.0,3.0,0,2.0,2.0
2018-02-24 West Brom-Huddersfield Town,1718,2018-02-24,West Brom,Huddersfield Town,Jonathan Moss,12.0,4.0,1.0,2.0,0.7777777777777778,13.0,3.0,1.0,2.4,0.8518518518518519,3.85,1.0,1.0,2.0,3.0,1,2.0,0.0
2018-02-24 Leicester City-Stoke City,1718,2018-02-24,Leicester City,Stoke City,Michael Oliver,14.0,5.0,1.0,1.6,1.4444444444444444,14.0,5.0,0.8,1.2,1.0,3.6818181818181817,4.0,1.0,1.0,2.0,1,4.0,1.0
2018-02-24 Bournemouth-Newcastle United,1718,2018-02-24,Bournemouth,Newcastle United,Roger East,13.0,10.0,1.8,1.4,1.1481481481481481,13.0,6.0,1.0,1.2,0.9259259259259259,3.3333333333333335,1.0,2.0,2.0,4.0,1,5.0,1.0
2018-02-24 Brighton-Swansea City,1718,2018-02-24,Brighton,Swansea City,Mike Dean,14.0,5.0,1.0,1.8,0.8148148148148148,14.0,11.0,1.4,0.6,0.7407407407407407,3.9444444444444446,1.0,4.0,1.0,5.0,1,1.0,2.0
2018-02-24 Burnley-Southampton,1718,2018-02-24,Burnley,Southampton,Robert Madley,14.0,2.0,0.4,1.0,0.7777777777777778,13.0,6.0,1.4,1.6,1.037037037037037,3.3846153846153846,1.0,1.0,1.0,2.0,1,1.0,1.0
2018-02-24 Liverpool-West Ham United,1718,2018-02-24,Liverpool,West Ham United,Stuart Attwell,13.0,10.0,2.2,1.2,2.259259259259259,14.0,8.0,1.8,1.2,1.2592592592592593,3.8181818181818183,5.0,4.0,1.0,5.0,1,2.0,2.0
2018-02-24 Watford-Everton,1718,2018-02-24,Watford,Everton,Anthony Taylor,14.0,5.0,1.2,1.4,1.3703703703703705,14.0,7.0,1.4,2.4,1.1851851851851851,3.7777777777777777,5.0,1.0,0.0,1.0,0,4.0,2.0
2018-02-25 Crystal Palace-Tottenham Hotspur,1718,2018-02-25,Crystal Palace,Tottenham Hotspur,Kevin Friend,15.0,5.0,1.0,1.8,0.9259259259259259,15.0,11.0,2.0,0.6,1.9259259259259258,2.5,1.0,0.0,1.0,1.0,0,1.0,0.0
2018-02-25 Manchester Utd-Chelsea,1718,2018-02-25,Manchester Utd,Chelsea,Martin Atkinson,14.0,9.0,1.2,0.6,1.8888888888888888,13.0,7.0,1.6,1.4,1.8148148148148149,3.6315789473684212,1.0,2.0,1.0,3.0,1,4.0,2.0
2018-03-01 Arsenal-Manchester City,1718,2018-03-01,Arsenal,Manchester City,Andre Marriner,19.0,6.0,2.2,1.6,1.8888888888888888,19.0,10.0,3.0,1.4,2.925925925925926,2.736842105263158,4.0,0.0,3.0,3.0,0,2.0,0.0
2018-03-03 Burnley-Everton,1718,2018-03-03,Burnley,Everton,Chris Kavanagh,7.0,3.0,0.6,1.0,0.7857142857142857,7.0,7.0,1.4,1.8,1.1428571428571428,3.2,1.0,2.0,1.0,3.0,1,3.0,2.0
2018-03-03 Leicester City-Bournemouth,1718,2018-03-03,Leicester City,Bournemouth,Lee Probert,7.0,5.0,1.2,1.8,1.4285714285714286,7.0,8.0,1.8,1.6,1.1785714285714286,1.2727272727272727,0.0,1.0,1.0,2.0,1,3.0,1.0
2018-03-03 Southampton-Stoke City,1718,2018-03-03,Southampton,Stoke City,Anthony Taylor,7.0,6.0,1.2,1.4,1.0357142857142858,7.0,6.0,1.0,0.8,1.0,3.789473684210526,3.0,0.0,0.0,0.0,0,1.0,1.0
2018-03-03 Swansea City-West Ham United,1718,2018-03-03,Swansea City,West Ham United,Martin Atkinson,7.0,10.0,1.4,1.2,0.75,7.0,5.0,1.2,1.8,1.25,3.65,1.0,4.0,1.0,5.0,1,3.0,2.0
2018-03-03 Tottenham Hotspur-Huddersfield Town,1718,2018-03-03,Tottenham Hotspur,Huddersfield Town,Kevin Friend,6.0,11.0,1.4,0.6,1.8928571428571428,7.0,6.0,1.2,1.8,0.8928571428571429,2.4,4.0,2.0,0.0,2.0,0,2.0,2.0
2018-03-03 Watford-West Brom,1718,2018-03-03,Watford,West Brom,Paul Tierney,7.0,7.0,1.0,1.0,1.3571428571428572,7.0,1.0,0.8,2.4,0.7857142857142857,2.9,4.0,1.0,0.0,1.0,0,2.0,2.0
2018-03-03 Liverpool-Newcastle United,1718,2018-03-03,Liverpool,Newcastle United,Graham Scott,7.0,10.0,2.2,0.8,2.3214285714285716,7.0,6.0,1.2,1.4,0.9642857142857143,2.0714285714285716,2.0,2.0,0.0,2.0,0,0.0,2.0
2018-03-04 Brighton-Arsenal,1718,2018-03-04,Brighton,Arsenal,Stuart Attwell,8.0,8.0,1.8,1.6,0.9285714285714286,3.0,6.0,2.0,1.8,1.8214285714285714,3.6666666666666665,2.0,2.0,1.0,3.0,1,6.0,2.0
2018-03-04 Manchester City-Chelsea,1718,2018-03-04,Manchester City,Chelsea,Michael Oliver,3.0,13.0,3.0,0.6,2.9285714285714284,7.0,6.0,1.8,1.8,1.7857142857142858,3.6956521739130435,1.0,1.0,0.0,1.0,0,3.0,2.0
2018-03-05 Crystal Palace-Manchester Utd,1718,2018-03-05,Crystal Palace,Manchester Utd,Niel Swarbrick,8.0,2.0,0.8,2.0,0.8928571428571429,8.0,9.0,1.0,0.8,1.8928571428571428,2.5,4.0,2.0,3.0,5.0,1,4.0,0.0
2018-03-10 Chelsea-Crystal Palace,1718,2018-03-10,Chelsea,Crystal Palace,Anthony Taylor,6.0,3.0,1.0,2.0,1.7241379310344827,5.0,2.0,1.0,1.8,0.9310344827586207,3.65,3.0,2.0,1.0,3.0,1,3.0,2.0
2018-03-10 West Ham United-Burnley,1718,2018-03-10,West Ham United,Burnley,Lee Mason,7.0,4.0,1.2,2.4,1.2413793103448276,7.0,6.0,1.0,1.0,0.8275862068965517,2.3076923076923075,2.0,0.0,3.0,3.0,0,4.0,0.0
2018-03-10 West Brom-Leicester City,1718,2018-03-10,West Brom,Leicester City,Robert Madley,7.0,0.0,0.6,2.4,0.7586206896551724,7.0,3.0,1.0,2.0,1.4137931034482758,3.2142857142857144,2.0,1.0,4.0,5.0,1,4.0,0.0
2018-03-10 Manchester Utd-Liverpool,1718,2018-03-10,Manchester Utd,Liverpool,Craig Pawson,5.0,9.0,1.4,1.2,1.9310344827586208,7.0,13.0,2.6,0.6,2.310344827586207,3.8333333333333335,0.0,2.0,1.0,3.0,1,3.0,2.0
2018-03-10 Huddersfield Town-Swansea City,1718,2018-03-10,Huddersfield Town,Swansea City,Michael Oliver,7.0,6.0,1.2,1.8,0.8620689655172413,7.0,10.0,2.0,1.4,0.8620689655172413,3.6666666666666665,2.0,0.0,0.0,0.0,0,6.0,1.0
2018-03-10 Everton-Brighton,1718,2018-03-10,Everton,Brighton,Roger East,7.0,6.0,1.4,2.0,1.1379310344827587,6.0,11.0,2.2,1.0,0.9655172413793104,3.4615384615384617,2.0,2.0,0.0,2.0,0,2.0,2.0
2018-03-10 Newcastle United-Southampton,1718,2018-03-10,Newcastle United,Southampton,Andre Marriner,7.0,6.0,1.0,1.2,0.9310344827586207,7.0,6.0,1.0,1.2,1.0,2.7,4.0,3.0,0.0,3.0,0,2.0,2.0
2018-03-11 Arsenal-Watford,1718,2018-03-11,Arsenal,Watford,Martin Atkinson,7.0,3.0,1.4,2.0,1.793103448275862,8.0,10.0,1.2,0.6,1.3448275862068966,3.619047619047619,3.0,3.0,0.0,3.0,0,3.0,2.0
2018-03-11 Bournemouth-Tottenham Hotspur,1718,2018-03-11,Bournemouth,Tottenham Hotspur,Mike Dean,8.0,8.0,1.8,1.6,1.1724137931034482,8.0,13.0,1.6,0.4,1.896551724137931,3.789473684210526,1.0,1.0,4.0,5.0,1,2.0,0.0
2018-03-12 Stoke City-Manchester City,1718,2018-03-12,Stoke City,Manchester City,Jonathan Moss,9.0,4.0,0.6,0.8,0.9655172413793104,8.0,13.0,2.6,0.4,2.8620689655172415,3.761904761904762,9.0,0.0,2.0,2.0,0,1.0,0.0
2018-03-17 Stoke City-Everton,1718,2018-03-17,Stoke City,Everton,Martin Atkinson,5.0,3.0,0.6,1.2,0.9333333333333333,7.0,6.0,1.4,1.8,1.1666666666666667,3.590909090909091,1.0,1.0,2.0,3.0,1,3.0,0.0
2018-03-17 Liverpool-Watford,1718,2018-03-17,Liverpool,Watford,Anthony Taylor,7.0,10.0,2.2,1.0,2.2666666666666666,6.0,9.0,1.2,1.2,1.3,3.619047619047619,6.0,5.0,0.0,5.0,0,1.0,2.0
2018-03-17 Bournemouth-West Brom,1718,2018-03-17,Bournemouth,West Brom,Graham Scott,6.0,5.0,1.4,2.4,1.1666666666666667,7.0,0.0,0.8,2.6,0.7666666666666667,1.9333333333333333,1.0,2.0,1.0,3.0,1,3.0,2.0
2018-03-17 Huddersfield Town-Crystal Palace,1718,2018-03-17,Huddersfield Town,Crystal Palace,Mike Dean,7.0,7.0,1.2,1.2,0.8333333333333334,7.0,1.0,1.0,2.0,0.9333333333333333,3.7,3.0,0.0,2.0,2.0,0,5.0,0.0
2018-03-31 Crystal Palace-Liverpool,1718,2018-03-31,Crystal Palace,Liverpool,Niel Swarbrick,14.0,3.0,1.2,1.8,0.967741935483871,14.0,12.0,2.8,0.6,2.3548387096774195,2.588235294117647,1.0,1.0,2.0,3.0,1,4.0,0.0
2018-03-31 Brighton-Leicester City,1718,2018-03-31,Brighton,Leicester City,Chris Kavanagh,21.0,10.0,2.0,1.2,0.9333333333333333,21.0,6.0,1.6,1.8,1.5,3.1818181818181817,2.0,0.0,2.0,2.0,0,7.0,0.0
2018-03-31 Manchester Utd-Swansea City,1718,2018-03-31,Manchester Utd,Swansea City,Robert Madley,21.0,12.0,1.8,1.0,1.9333333333333333,21.0,8.0,1.4,1.2,0.8333333333333334,3.2666666666666666,4.0,2.0,0.0,2.0,0,0.0,2.0
2018-03-31 Newcastle United-Huddersfield Town,1718,2018-03-31,Newcastle United,Huddersfield Town,Martin Atkinson,21.0,8.0,1.4,1.0,1.0,14.0,7.0,1.2,1.2,0.8064516129032258,3.5652173913043477,1.0,1.0,0.0,1.0,0,5.0,2.0
2018-03-31 Watford-Bournemouth,1718,2018-03-31,Watford,Bournemouth,Andy Madley,14.0,6.0,0.4,2.0,1.2580645161290323,14.0,5.0,1.4,2.4,1.1935483870967742,5.229605263157895,2.0,2.0,2.0,4.0,1,4.0,1.0
2018-03-31 West Brom-Burnley,1718,2018-03-31,West Brom,Burnley,Lee Probert,14.0,0.0,0.6,2.4,0.7741935483870968,21.0,8.0,1.4,0.8,0.9,1.4166666666666667,1.0,1.0,2.0,3.0,1,4.0,0.0
2018-03-31 West Ham United-Southampton,1718,2018-03-31,West Ham United,Southampton,Jonathan Moss,21.0,3.0,1.0,2.8,1.2,21.0,5.0,0.8,1.6,0.9666666666666667,3.6363636363636362,5.0,3.0,0.0,3.0,0,3.0,2.0
2018-03-31 Everton-Manchester City,1718,2018-03-31,Everton,Manchester City,Paul Tierney,14.0,9.0,1.6,1.0,1.1935483870967742,19.0,13.0,2.4,0.4,2.8333333333333335,2.8181818181818183,2.0,1.0,3.0,4.0,1,0.0,0.0
2018-04-01 Arsenal-Stoke City,1718,2018-04-01,Arsenal,Stoke City,Craig Pawson,21.0,6.0,1.8,1.4,1.8333333333333333,15.0,3.0,0.6,1.2,0.9354838709677419,3.789473684210526,1.0,3.0,0.0,3.0,0,3.0,2.0
2018-04-01 Chelsea-Tottenham Hotspur,1718,2018-04-01,Chelsea,Tottenham Hotspur,Andre Marriner,22.0,6.0,1.4,1.6,1.7333333333333334,21.0,13.0,2.0,0.6,1.9666666666666666,2.6666666666666665,3.0,1.0,3.0,4.0,1,1.0,0.0
2018-04-07 Manchester City-Manchester Utd,1718,2018-04-07,Manchester City,Manchester Utd,Martin Atkinson,7.0,15.0,2.8,0.4,2.838709677419355,7.0,12.0,1.8,1.0,1.935483870967742,3.625,3.0,2.0,3.0,5.0,1,9.0,0.0
2018-04-07 West Brom-Swansea City,1718,2018-04-07,West Brom,Swansea City,Roger East,7.0,0.0,0.8,2.2,0.78125,7.0,7.0,1.2,1.4,0.8064516129032258,3.357142857142857,1.0,1.0,1.0,2.0,1,5.0,1.0
2018-04-07 Watford-Burnley,1718,2018-04-07,Watford,Burnley,Paul Tierney,7.0,7.0,0.8,2.0,1.28125,7.0,10.0,1.6,0.8,0.9354838709677419,2.5833333333333335,1.0,1.0,2.0,3.0,1,4.0,0.0
2018-04-07 Stoke City-Tottenham Hotspur,1718,2018-04-07,Stoke City,Tottenham Hotspur,Graham Scott,6.0,2.0,0.4,1.6,0.90625,6.0,15.0,2.2,0.4,2.0,2.0,6.0,1.0,2.0,3.0,1,7.0,0.0
2018-04-07 Everton-Liverpool,1718,2018-04-07,Everton,Liverpool,Michael Oliver,7.0,6.0,1.2,1.4,1.1875,7.0,12.0,2.8,0.8,2.34375,3.76,2.0,0.0,0.0,0.0,0,0.0,1.0
2018-04-07 Brighton-Huddersfield Town,1718,2018-04-07,Brighton,Huddersfield Town,Anthony Taylor,7.0,7.0,1.4,1.4,0.9032258064516129,7.0,4.0,0.4,1.2,0.78125,3.5,2.0,1.0,1.0,2.0,1,2.0,1.0
2018-04-07 Bournemouth-Crystal Palace,1718,2018-04-07,Bournemouth,Crystal Palace,Jonathan Moss,7.0,6.0,1.6,2.0,1.21875,7.0,3.0,1.2,1.6,0.96875,3.608695652173913,4.0,2.0,2.0,4.0,1,4.0,1.0
2018-04-07 Leicester City-Newcastle United,1718,2018-04-07,Leicester City,Newcastle United,Stuart Attwell,7.0,8.0,1.8,1.6,1.5161290322580645,7.0,10.0,1.4,0.8,1.0,3.8461538461538463,5.0,1.0,2.0,3.0,1,4.0,0.0
2018-04-08 Arsenal-Southampton,1718,2018-04-08,Arsenal,Southampton,Andre Marriner,7.0,6.0,1.4,1.2,1.8709677419354838,8.0,2.0,0.2,1.8,0.9354838709677419,2.590909090909091,2.0,3.0,2.0,5.0,1,5.0,2.0
2018-04-08 Chelsea-West Ham United,1718,2018-04-08,Chelsea,West Ham United,Kevin Friend,7.0,6.0,1.4,1.4,1.7096774193548387,8.0,6.0,1.4,2.2,1.2580645161290323,2.375,1.0,1.0,1.0,2.0,1,1.0,1.0
2018-04-14 Liverpool-Bournemouth,1718,2018-04-14,Liverpool,Bournemouth,Chris Kavanagh,7.0,10.0,2.0,0.6,2.272727272727273,7.0,6.0,1.6,2.0,1.2424242424242424,3.5,4.0,3.0,0.0,3.0,0,2.0,2.0
2018-04-14 Tottenham Hotspur-Manchester City,1718,2018-04-14,Tottenham Hotspur,Manchester City,Jonathan Moss,7.0,15.0,2.4,0.6,2.0,7.0,12.0,2.2,0.8,2.8125,3.625,5.0,1.0,3.0,4.0,1,7.0,0.0
2018-04-14 Swansea City-Everton,1718,2018-04-14,Swansea City,Everton,Lee Mason,7.0,5.0,1.2,1.6,0.8125,7.0,7.0,1.2,1.2,1.1515151515151516,2.4285714285714284,4.0,1.0,1.0,2.0,1,2.0,1.0
2018-04-14 Burnley-Leicester City,1718,2018-04-14,Burnley,Leicester City,Martin Atkinson,7.0,13.0,2.0,0.8,0.96875,7.0,8.0,1.8,1.0,1.5,3.84,1.0,2.0,1.0,3.0,1,3.0,2.0
2018-04-14 Crystal Palace-Brighton,1718,2018-04-14,Crystal Palace,Brighton,Andre Marriner,7.0,4.0,1.6,1.8,1.0,7.0,7.0,1.4,1.4,0.90625,2.6956521739130435,0.0,3.0,2.0,5.0,1,5.0,2.0
2018-04-14 Huddersfield Town-Watford,1718,2018-04-14,Huddersfield Town,Watford,Craig Pawson,7.0,2.0,0.2,1.2,0.7878787878787878,7.0,4.0,0.8,2.4,1.2727272727272727,3.75,5.0,1.0,0.0,1.0,0,4.0,2.0
2018-04-14 Southampton-Chelsea,1718,2018-04-14,Southampton,Chelsea,Mike Dean,6.0,2.0,0.6,2.0,0.96875,6.0,4.0,1.0,1.6,1.6875,3.761904761904762,1.0,2.0,3.0,5.0,1,8.0,0.0
2018-04-15 Newcastle United-Arsenal,1718,2018-04-15,Newcastle United,Arsenal,Anthony Taylor,8.0,10.0,1.6,1.0,1.03125,7.0,9.0,2.0,1.4,1.90625,3.4347826086956523,1.0,2.0,1.0,3.0,1,1.0,2.0
2018-04-15 Manchester Utd-West Brom,1718,2018-04-15,Manchester Utd,West Brom,Paul Tierney,8.0,15.0,2.4,1.2,1.96875,8.0,1.0,0.8,2.0,0.7878787878787878,2.6923076923076925,3.0,0.0,1.0,1.0,0,2.0,0.0
2018-04-16 West Ham United-Stoke City,1718,2018-04-16,West Ham United,Stoke City,Michael Oliver,8.0,4.0,1.2,2.4,1.25,9.0,1.0,0.4,1.8,0.9090909090909091,3.6153846153846154,3.0,1.0,1.0,2.0,1,5.0,1.0
2018-04-17 Brighton-Tottenham Hotspur,1718,2018-04-17,Brighton,Tottenham Hotspur,Kevin Friend,3.0,4.0,1.0,1.8,0.9393939393939394,3.0,12.0,2.4,1.2,1.9696969696969697,2.2941176470588234,2.0,1.0,1.0,2.0,1,1.0,1.0
2018-04-18 Bournemouth-Manchester Utd,1718,2018-04-18,Bournemouth,Manchester Utd,Graham Scott,4.0,5.0,1.4,2.4,1.2058823529411764,3.0,12.0,2.0,1.2,1.9090909090909092,2.2941176470588234,1.0,0.0,2.0,2.0,0,4.0,0.0
2018-04-19 Leicester City-Southampton,1718,2018-04-19,Leicester City,Southampton,Roger East,5.0,7.0,1.8,1.2,1.4848484848484849,5.0,1.0,0.8,2.4,1.0,3.466666666666667,5.0,0.0,0.0,0.0,0,0.0,1.0
2018-04-19 Burnley-Chelsea,1718,2018-04-19,Burnley,Chelsea,Robert Madley,5.0,15.0,2.2,0.8,1.0,5.0,7.0,1.4,1.6,1.7272727272727273,3.0625,5.0,1.0,2.0,3.0,1,1.0,0.0
2018-04-21 West Brom-Liverpool,1718,2018-04-21,West Brom,Liverpool,Stuart Attwell,6.0,4.0,1.0,1.8,0.7941176470588235,7.0,10.0,2.2,0.6,2.2941176470588234,3.857142857142857,0.0,2.0,2.0,4.0,1,1.0,1.0
2018-04-21 Watford-Crystal Palace,1718,2018-04-21,Watford,Crystal Palace,Chris Kavanagh,7.0,1.0,0.6,2.6,1.2352941176470589,7.0,7.0,1.8,1.6,1.0588235294117647,3.3846153846153846,3.0,0.0,0.0,0.0,0,8.0,1.0
2018-04-22 Arsenal-West Ham United,1718,2018-04-22,Arsenal,West Ham United,Lee Mason,7.0,9.0,2.2,1.2,1.878787878787879,6.0,5.0,1.2,1.8,1.2424242424242424,2.4,0.0,4.0,1.0,5.0,1,5.0,2.0
2018-04-22 Stoke City-Burnley,1718,2018-04-22,Stoke City,Burnley,Mike Dean,6.0,1.0,0.6,2.0,0.9117647058823529,3.0,12.0,2.0,1.0,1.0,3.9545454545454546,1.0,1.0,1.0,2.0,1,3.0,1.0
2018-04-22 Manchester City-Swansea City,1718,2018-04-22,Manchester City,Swansea City,Craig Pawson,8.0,12.0,2.2,1.0,2.8181818181818183,8.0,6.0,1.2,1.0,0.8181818181818182,3.761904761904762,4.0,5.0,0.0,5.0,0,1.0,2.0
2018-04-23 Everton-Newcastle United,1718,2018-04-23,Everton,Newcastle United,Robert Madley,9.0,8.0,1.2,1.0,1.1470588235294117,8.0,12.0,1.6,0.8,1.0606060606060606,2.9411764705882355,1.0,1.0,0.0,1.0,0,3.0,2.0
2018-04-28 Newcastle United-West Brom,1718,2018-04-28,Newcastle United,West Brom,David Coote,5.0,12.0,1.6,0.6,1.0294117647058822,7.0,5.0,1.2,1.4,0.8285714285714286,5.229605263157895,4.0,0.0,1.0,1.0,0,4.0,0.0
2018-04-28 Swansea City-Chelsea,1718,2018-04-28,Swansea City,Chelsea,Jonathan Moss,6.0,3.0,0.4,1.8,0.7941176470588235,9.0,10.0,1.8,1.6,1.7352941176470589,3.76,1.0,0.0,1.0,1.0,0,2.0,0.0
2018-04-28 Huddersfield Town-Everton,1718,2018-04-28,Huddersfield Town,Everton,Lee Probert,14.0,5.0,0.4,0.8,0.7941176470588235,5.0,8.0,1.0,1.0,1.1428571428571428,1.6153846153846154,2.0,0.0,2.0,2.0,0,1.0,0.0
2018-04-28 Southampton-Bournemouth,1718,2018-04-28,Southampton,Bournemouth,Anthony Taylor,9.0,1.0,0.8,2.4,0.9705882352941176,10.0,5.0,1.2,2.0,1.1714285714285715,3.3333333333333335,2.0,2.0,1.0,3.0,1,6.0,2.0
2018-04-28 Burnley-Brighton,1718,2018-04-28,Burnley,Brighton,Roger East,6.0,10.0,1.6,1.2,1.0,11.0,2.0,0.8,1.8,0.9411764705882353,3.25,0.0,0.0,0.0,0.0,0,2.0,1.0
2018-04-28 Liverpool-Stoke City,1718,2018-04-28,Liverpool,Stoke City,Andre Marriner,7.0,11.0,2.4,0.6,2.2857142857142856,6.0,2.0,0.8,1.8,0.9142857142857143,2.7916666666666665,3.0,0.0,0.0,0.0,0,3.0,1.0
2018-04-28 Crystal Palace-Leicester City,1718,2018-04-28,Crystal Palace,Leicester City,Mike Dean,7.0,8.0,1.6,1.2,1.0285714285714285,9.0,7.0,1.6,1.0,1.4411764705882353,3.9130434782608696,3.0,5.0,0.0,5.0,0,3.0,2.0
2018-04-29 West Ham United-Manchester City,1718,2018-04-29,West Ham United,Manchester City,Niel Swarbrick,7.0,5.0,1.2,1.8,1.2352941176470589,7.0,12.0,3.0,1.0,2.8823529411764706,2.6666666666666665,3.0,1.0,4.0,5.0,1,1.0,0.0
2018-04-29 Manchester Utd-Arsenal,1718,2018-04-29,Manchester Utd,Arsenal,Kevin Friend,11.0,12.0,1.8,0.8,1.911764705882353,7.0,12.0,2.8,1.0,1.9411764705882353,2.2222222222222223,4.0,2.0,1.0,3.0,1,1.0,2.0
2018-04-30 Tottenham Hotspur-Watford,1718,2018-04-30,Tottenham Hotspur,Watford,Michael Oliver,13.0,10.0,2.2,1.4,1.9411764705882353,9.0,2.0,0.6,2.0,1.2,3.6666666666666665,2.0,2.0,0.0,2.0,0,1.0,2.0
2018-05-04 Brighton-Manchester Utd,1718,2018-05-04,Brighton,Manchester Utd,Craig Pawson,6.0,3.0,0.8,1.4,0.9142857142857143,5.0,12.0,1.8,0.8,1.9142857142857144,3.6363636363636362,1.0,1.0,0.0,1.0,0,2.0,2.0
2018-05-05 Everton-Southampton,1718,2018-05-05,Everton,Southampton,Jonathan Moss,7.0,8.0,1.0,0.8,1.1666666666666667,7.0,4.0,1.2,2.0,1.0,3.6923076923076925,5.0,1.0,1.0,2.0,1,7.0,1.0
2018-05-05 Watford-Newcastle United,1718,2018-05-05,Watford,Newcastle United,Roger East,5.0,2.0,0.6,1.4,1.1666666666666667,7.0,9.0,1.0,0.8,1.0,3.176470588235294,3.0,2.0,1.0,3.0,1,3.0,2.0
2018-05-05 West Brom-Tottenham Hotspur,1718,2018-05-05,West Brom,Tottenham Hotspur,Mike Jones,7.0,8.0,1.2,1.0,0.8333333333333334,5.0,10.0,1.8,1.2,1.9428571428571428,3.5454545454545454,2.0,1.0,0.0,1.0,0,5.0,2.0
2018-05-05 Bournemouth-Swansea City,1718,2018-05-05,Bournemouth,Swansea City,Kevin Friend,7.0,2.0,1.0,2.2,1.1666666666666667,7.0,2.0,0.4,2.0,0.7714285714285715,2.1578947368421053,0.0,1.0,0.0,1.0,0,5.0,2.0
2018-05-05 Stoke City-Crystal Palace,1718,2018-05-05,Stoke City,Crystal Palace,Martin Atkinson,7.0,3.0,0.6,1.4,0.8888888888888888,7.0,8.0,2.2,1.2,1.1388888888888888,3.8076923076923075,3.0,1.0,2.0,3.0,1,7.0,0.0
2018-05-05 Leicester City-West Ham United,1718,2018-05-05,Leicester City,West Ham United,Chris Kavanagh,7.0,4.0,0.8,1.8,1.4,6.0,5.0,1.4,2.0,1.2285714285714286,3.7142857142857144,2.0,0.0,2.0,2.0,0,3.0,0.0
2018-05-06 Manchester City-Huddersfield Town,1718,2018-05-06,Manchester City,Huddersfield Town,Mike Dean,7.0,12.0,3.4,1.2,2.914285714285714,8.0,4.0,0.4,1.2,0.7714285714285715,3.875,3.0,0.0,0.0,0.0,0,3.0,1.0
2018-05-06 Arsenal-Burnley,1718,2018-05-06,Arsenal,Burnley,Andre Marriner,7.0,9.0,2.4,1.4,1.9142857142857144,8.0,8.0,1.2,1.0,0.9722222222222222,2.8,1.0,5.0,0.0,5.0,0,1.0,2.0
2018-05-06 Chelsea-Liverpool,1718,2018-05-06,Chelsea,Liverpool,Anthony Taylor,8.0,10.0,1.6,1.4,1.7142857142857142,8.0,9.0,1.4,0.6,2.2222222222222223,3.44,2.0,1.0,0.0,1.0,0,5.0,2.0
2018-05-08 Swansea City-Southampton,1718,2018-05-08,Swansea City,Southampton,Michael Oliver,3.0,2.0,0.4,1.8,0.75,3.0,5.0,1.4,1.6,1.0,3.5714285714285716,0.0,0.0,1.0,1.0,0,3.0,0.0
2018-05-09 Chelsea-Huddersfield Town,1718,2018-05-09,Chelsea,Huddersfield Town,Lee Mason,3.0,13.0,1.6,0.8,1.6944444444444444,3.0,5.0,0.4,0.8,0.75,2.5625,4.0,1.0,1.0,2.0,1,1.0,1.0
2018-05-09 Leicester City-Arsenal,1718,2018-05-09,Leicester City,Arsenal,Graham Scott,4.0,1.0,0.4,2.2,1.3611111111111112,3.0,9.0,2.8,1.4,2.0,2.388888888888889,7.0,3.0,1.0,4.0,1,5.0,2.0
2018-05-09 Manchester City-Brighton,1718,2018-05-09,Manchester City,Brighton,Paul Tierney,3.0,10.0,2.8,1.0,2.8333333333333335,5.0,6.0,1.0,1.0,0.9166666666666666,2.642857142857143,2.0,3.0,1.0,4.0,1,1.0,2.0
2018-05-09 Tottenham Hotspur-Newcastle United,1718,2018-05-09,Tottenham Hotspur,Newcastle United,Niel Swarbrick,4.0,7.0,1.2,1.2,1.8888888888888888,4.0,6.0,1.0,1.2,1.0,2.5789473684210527,2.0,1.0,0.0,1.0,0,5.0,2.0
2018-05-10 West Ham United-Manchester Utd,1718,2018-05-10,West Ham United,Manchester Utd,Jonathan Moss,5.0,5.0,1.2,2.0,1.25,6.0,9.0,1.4,1.0,1.8611111111111112,3.814814814814815,4.0,0.0,0.0,0.0,0,2.0,1.0
2018-05-13 Tottenham Hotspur-Leicester City,1718,2018-05-13,Tottenham Hotspur,Leicester City,Craig Pawson,4.0,7.0,1.0,1.0,1.864864864864865,4.0,4.0,0.8,2.0,1.4054054054054055,3.5652173913043477,3.0,5.0,4.0,9.0,1,3.0,2.0
2018-05-13 Swansea City-Stoke City,1718,2018-05-13,Swansea City,Stoke City,Anthony Taylor,5.0,1.0,0.2,1.8,0.7297297297297297,8.0,3.0,0.8,1.2,0.8918918918918919,3.5,3.0,1.0,2.0,3.0,1,3.0,0.0
2018-05-13 West Ham United-Everton,1718,2018-05-13,West Ham United,Everton,Graham Scott,3.0,5.0,1.0,1.8,1.2162162162162162,8.0,9.0,1.0,0.4,1.162162162162162,2.526315789473684,4.0,3.0,1.0,4.0,1,1.0,2.0
2018-05-13 Newcastle United-Chelsea,1718,2018-05-13,Newcastle United,Chelsea,Martin Atkinson,4.0,3.0,0.6,1.2,0.972972972972973,4.0,13.0,1.6,0.8,1.6756756756756757,3.925925925925926,4.0,3.0,0.0,3.0,0,1.0,2.0
2018-05-13 Southampton-Manchester City,1718,2018-05-13,Southampton,Manchester City,Andre Marriner,5.0,8.0,1.2,1.0,1.0,4.0,13.0,3.0,0.6,2.8378378378378377,2.730769230769231,3.0,0.0,1.0,1.0,0,5.0,0.0
2018-05-13 Liverpool-Brighton,1718,2018-05-13,Liverpool,Brighton,Kevin Friend,7.0,6.0,1.0,0.6,2.1621621621621623,4.0,5.0,1.0,1.4,0.918918918918919,2.3,6.0,4.0,0.0,4.0,0,0.0,2.0
2018-05-13 Burnley-Bournemouth,1718,2018-05-13,Burnley,Bournemouth,Paul Tierney,7.0,5.0,0.8,1.8,0.9459459459459459,8.0,4.0,0.8,1.8,1.162162162162162,2.533333333333333,3.0,1.0,2.0,3.0,1,0.0,0.0
2018-05-13 Crystal Palace-West Brom,1718,2018-05-13,Crystal Palace,West Brom,Jonathan Moss,8.0,11.0,2.4,1.0,1.162162162162162,8.0,11.0,1.2,0.6,0.8378378378378378,3.75,0.0,2.0,0.0,2.0,0,5.0,2.0
2018-05-13 Manchester Utd-Watford,1718,2018-05-13,Manchester Utd,Watford,Lee Mason,3.0,7.0,0.8,0.6,1.8108108108108107,8.0,4.0,0.6,1.2,1.1891891891891893,2.4705882352941178,6.0,1.0,0.0,1.0,0,4.0,2.0
2018-05-13 Huddersfield Town-Arsenal,1718,2018-05-13,Huddersfield Town,Arsenal,Michael Oliver,4.0,6.0,0.6,0.8,0.7567567567567568,4.0,6.0,2.4,1.6,1.972972972972973,3.5517241379310347,5.0,0.0,1.0,1.0,0,1.0,0.0
2018-08-10 Manchester Utd-Leicester City,1819,2018-08-10,Manchester Utd,Leicester City,Andre Marriner,89.0,10.0,1.0,0.4,1.7894736842105263,89.0,4.0,1.4,2.6,1.4736842105263157,2.814814814814815,3.0,2.0,1.0,3.0,1,3.0,2.0
2018-08-11 Newcastle United-Tottenham Hotspur,1819,2018-08-11,Newcastle United,Tottenham Hotspur,Martin Atkinson,90.0,3.0,0.8,1.0,1.0263157894736843,90.0,10.0,1.8,1.2,1.9473684210526316,3.8214285714285716,1.5,1.0,2.0,3.0,1,4.0,0.0
2018-08-11 Huddersfield Town-Chelsea,1819,2018-08-11,Huddersfield Town,Chelsea,Chris Kavanagh,90.0,5.0,0.4,0.8,0.7368421052631579,90.0,10.0,1.0,1.0,1.631578947368421,3.6666666666666665,3.0,0.0,3.0,3.0,0,3.0,0.0
2018-08-11 Watford-Brighton,1819,2018-08-11,Watford,Brighton,Jonathan Moss,90.0,4.0,0.4,1.0,1.1578947368421053,90.0,5.0,0.6,1.6,0.8947368421052632,3.793103448275862,0.5,2.0,0.0,2.0,0,4.0,2.0
2018-08-12 Southampton-Burnley,1819,2018-08-12,Southampton,Burnley,Graham Scott,91.0,8.0,0.8,0.6,0.9736842105263158,91.0,2.0,0.6,2.0,0.9473684210526315,2.45,1.5,0.0,0.0,0.0,0,1.0,1.0
2018-08-12 Liverpool-West Ham United,1819,2018-08-12,Liverpool,West Ham United,Anthony Taylor,91.0,8.0,1.8,0.6,2.210526315789474,91.0,7.0,1.4,1.8,1.263157894736842,3.4814814814814814,5.0,4.0,0.0,4.0,0,3.0,2.0
2018-08-12 Arsenal-Manchester City,1819,2018-08-12,Arsenal,Manchester City,Michael Oliver,91.0,9.0,2.4,1.2,1.9473684210526316,91.0,13.0,2.6,0.4,2.789473684210526,3.466666666666667,3.5,0.0,2.0,2.0,0,4.0,0.0
2018-08-18 Chelsea-Arsenal,1819,2018-08-18,Chelsea,Arsenal,Martin Atkinson,7.0,10.0,1.2,0.8,1.6666666666666667,6.0,6.0,1.6,1.4,1.8974358974358974,3.8275862068965516,2.0,3.0,2.0,5.0,1,2.0,2.0
2018-08-18 West Ham United-Bournemouth,1819,2018-08-18,West Ham United,Bournemouth,Stuart Attwell,6.0,7.0,1.2,1.8,1.2307692307692308,7.0,9.0,1.2,1.0,1.205128205128205,3.6666666666666665,4.0,1.0,2.0,3.0,1,8.0,0.0
2018-08-18 Tottenham Hotspur-Fulham,1819,2018-08-18,Tottenham Hotspur,Fulham,Anthony Taylor,7.0,12.0,2.0,1.2,1.9487179487179487,7.0,0.0,0.0,2.0,0.0,3.4642857142857144,2.85,3.0,1.0,4.0,1,0.0,2.0
2018-08-18 Cardiff City-Newcastle United,1819,2018-08-18,Cardiff City,Newcastle United,Craig Pawson,7.0,0.0,0.0,2.0,0.0,7.0,3.0,1.0,1.2,1.0256410256410255,3.48,2.85,0.0,0.0,0.0,0,5.0,1.0
2018-08-18 Everton-Southampton,1819,2018-08-18,Everton,Southampton,Lee Mason,7.0,8.0,1.4,1.2,1.1794871794871795,6.0,8.0,0.8,0.6,0.9487179487179487,2.5555555555555554,3.5,2.0,1.0,3.0,1,5.0,2.0
2018-08-18 Leicester City-Wolves,1819,2018-08-18,Leicester City,Wolves,Mike Dean,8.0,3.0,1.6,3.0,1.4615384615384615,7.0,1.0,2.0,2.0,2.0,3.8076923076923075,2.85,2.0,0.0,2.0,0,4.0,2.0
2018-08-19 Manchester City-Huddersfield Town,1819,2018-08-19,Manchester City,Huddersfield Town,Andre Marriner,7.0,13.0,2.0,0.4,2.769230769230769,8.0,2.0,0.2,1.4,0.717948717948718,2.8214285714285716,1.5,6.0,1.0,7.0,1,2.0,2.0
2018-08-19 Burnley-Watford,1819,2018-08-19,Burnley,Watford,Paul Tierney,7.0,3.0,0.4,1.6,0.9230769230769231,8.0,7.0,0.8,0.8,1.1794871794871795,2.375,2.0,1.0,3.0,4.0,1,3.0,0.0
2018-08-19 Brighton-Manchester Utd,1819,2018-08-19,Brighton,Manchester Utd,Kevin Friend,8.0,4.0,0.4,1.8,0.8717948717948718,9.0,10.0,1.0,0.6,1.794871794871795,2.1818181818181817,1.0,3.0,2.0,5.0,1,2.0,2.0
2018-08-20 Crystal Palace-Liverpool,1819,2018-08-20,Crystal Palace,Liverpool,Michael Oliver,9.0,13.0,2.2,0.2,1.205128205128205,8.0,8.0,2.0,0.6,2.2564102564102564,3.4838709677419355,2.0,0.0,2.0,2.0,0,3.0,0.0
2018-08-25 Southampton-Leicester City,1819,2018-08-25,Southampton,Leicester City,Jonathan Moss,7.0,5.0,0.6,0.8,0.95,7.0,6.0,2.0,2.0,1.475,3.8,2.5,1.0,2.0,3.0,1,3.0,0.0
2018-08-25 Liverpool-Brighton,1819,2018-08-25,Liverpool,Brighton,Chris Kavanagh,5.0,10.0,2.0,0.2,2.25,6.0,6.0,1.0,2.2,0.925,3.625,5.0,1.0,0.0,1.0,0,2.0,2.0
2018-08-25 Huddersfield Town-Cardiff City,1819,2018-08-25,Huddersfield Town,Cardiff City,Michael Oliver,6.0,2.0,0.4,2.2,0.725,7.0,1.0,0.0,1.0,0.0,3.46875,2.85,0.0,0.0,0.0,0,2.0,1.0
2018-08-25 Wolves-Manchester City,1819,2018-08-25,Wolves,Manchester City,Martin Atkinson,7.0,1.0,1.0,2.0,1.0,6.0,13.0,2.4,0.4,2.85,3.7666666666666666,2.85,1.0,1.0,2.0,1,3.0,1.0
2018-08-25 Arsenal-West Ham United,1819,2018-08-25,Arsenal,West Ham United,Graham Scott,7.0,6.0,1.8,1.6,1.9,7.0,7.0,1.2,1.4,1.225,2.380952380952381,2.5,3.0,1.0,4.0,1,4.0,2.0
2018-08-25 Bournemouth-Everton,1819,2018-08-25,Bournemouth,Everton,Lee Probert,7.0,12.0,1.6,0.8,1.225,7.0,8.0,1.6,1.4,1.2,1.5714285714285714,3.0,2.0,2.0,4.0,1,5.0,1.0
2018-08-26 Watford-Crystal Palace,1819,2018-08-26,Watford,Crystal Palace,Anthony Taylor,7.0,9.0,1.4,1.0,1.225,6.0,12.0,2.2,0.6,1.175,3.3448275862068964,1.5,2.0,1.0,3.0,1,6.0,2.0
2018-08-26 Fulham-Burnley,1819,2018-08-26,Fulham,Burnley,David Coote,8.0,0.0,0.5,2.5,0.5,7.0,2.0,0.4,2.0,0.925,4.0,2.85,4.0,2.0,6.0,1,3.0,2.0
2018-08-26 Newcastle United-Chelsea,1819,2018-08-26,Newcastle United,Chelsea,Paul Tierney,8.0,4.0,1.0,1.0,1.0,8.0,10.0,1.6,1.2,1.7,2.411764705882353,3.5,1.0,2.0,3.0,1,4.0,0.0
2018-08-27 Manchester Utd-Tottenham Hotspur,1819,2018-08-27,Manchester Utd,Tottenham Hotspur,Craig Pawson,8.0,7.0,1.0,1.0,1.8,9.0,12.0,2.2,1.4,1.975,3.5384615384615383,1.5,0.0,3.0,3.0,0,5.0,0.0
2018-09-01 Leicester City-Liverpool,1819,2018-09-01,Leicester City,Liverpool,Paul Tierney,7.0,9.0,2.4,1.8,1.4878048780487805,7.0,12.0,2.2,0.2,2.2195121951219514,2.5,4.0,1.0,2.0,3.0,1,5.0,0.0
2018-09-01 Brighton-Fulham,1819,2018-09-01,Brighton,Fulham,Lee Probert,7.0,3.0,0.8,2.4,0.9024390243902439,6.0,3.0,1.6666666666666667,2.3333333333333335,1.6666666666666667,1.8,2.85,2.0,2.0,4.0,1,6.0,1.0
2018-09-01 Chelsea-Bournemouth,1819,2018-09-01,Chelsea,Bournemouth,Lee Mason,6.0,10.0,1.8,1.4,1.7073170731707317,7.0,13.0,1.8,0.8,1.2439024390243902,2.6842105263157894,2.0,2.0,0.0,2.0,0,4.0,2.0
2018-09-01 Crystal Palace-Southampton,1819,2018-09-01,Crystal Palace,Southampton,Martin Atkinson,6.0,9.0,1.4,1.0,1.170731707317073,7.0,4.0,0.6,1.0,0.9512195121951219,3.7419354838709675,2.0,0.0,2.0,2.0,0,2.0,0.0
2018-09-01 Everton-Huddersfield Town,1819,2018-09-01,Everton,Huddersfield Town,Stuart Attwell,7.0,6.0,1.6,1.8,1.2195121951219512,7.0,2.0,0.4,2.2,0.7073170731707317,3.9375,2.0,1.0,1.0,2.0,1,6.0,1.0
2018-09-01 West Ham United-Wolves,1819,2018-09-01,West Ham United,Wolves,Chris Kavanagh,7.0,4.0,1.0,2.0,1.2195121951219512,7.0,2.0,1.0,1.6666666666666667,1.0,3.5294117647058822,2.85,0.0,1.0,1.0,0,3.0,0.0
2018-09-01 Manchester City-Newcastle United,1819,2018-09-01,Manchester City,Newcastle United,Kevin Friend,7.0,13.0,2.6,0.6,2.8048780487804876,6.0,4.0,1.0,1.0,1.0,2.1739130434782608,2.5,2.0,1.0,3.0,1,0.0,2.0
2018-09-02 Burnley-Manchester Utd,1819,2018-09-02,Burnley,Manchester Utd,Jonathan Moss,7.0,1.0,0.8,2.8,0.9512195121951219,6.0,7.0,1.0,1.4,1.7560975609756098,3.774193548387097,2.5,0.0,2.0,2.0,0,6.0,0.0
2018-09-02 Cardiff City-Arsenal,1819,2018-09-02,Cardiff City,Arsenal,Anthony Taylor,8.0,2.0,0.0,0.6666666666666666,0.0,8.0,6.0,1.4,1.8,1.9268292682926829,3.433333333333333,2.85,2.0,3.0,5.0,1,7.0,0.0
2018-09-02 Watford-Tottenham Hotspur,1819,2018-09-02,Watford,Tottenham Hotspur,Andre Marriner,7.0,12.0,1.8,0.8,1.2439024390243902,6.0,15.0,2.8,1.2,2.0,2.793103448275862,2.0,2.0,1.0,3.0,1,3.0,2.0
2018-09-15 Newcastle United-Arsenal,1819,2018-09-15,Newcastle United,Arsenal,Lee Probert,14.0,4.0,1.2,1.2,1.0,13.0,9.0,1.8,1.6,1.9523809523809523,2.0625,2.0,1.0,2.0,3.0,1,0.0,0.0
2018-09-15 Watford-Manchester Utd,1819,2018-09-15,Watford,Manchester Utd,Mike Dean,13.0,12.0,1.8,0.8,1.2619047619047619,13.0,9.0,1.4,1.4,1.7619047619047619,3.814814814814815,3.5,1.0,2.0,3.0,1,4.0,0.0
2018-09-15 Manchester City-Fulham,1819,2018-09-15,Manchester City,Fulham,Stuart Attwell,14.0,13.0,2.4,0.6,2.7857142857142856,14.0,4.0,1.75,2.25,1.75,4.0588235294117645,2.85,3.0,0.0,3.0,0,0.0,2.0
2018-09-15 Huddersfield Town-Crystal Palace,1819,2018-09-15,Huddersfield Town,Crystal Palace,Lee Mason,14.0,2.0,0.4,2.2,0.7142857142857143,14.0,6.0,1.0,1.2,1.1428571428571428,2.75,2.5,0.0,1.0,1.0,0,3.0,0.0
2018-09-15 Chelsea-Cardiff City,1819,2018-09-15,Chelsea,Cardiff City,Jonathan Moss,14.0,12.0,2.0,1.2,1.7142857142857142,13.0,2.0,0.5,1.25,0.5,3.84375,2.85,4.0,1.0,5.0,1,0.0,2.0
2018-09-15 Bournemouth-Leicester City,1819,2018-09-15,Bournemouth,Leicester City,Craig Pawson,14.0,10.0,1.6,1.2,1.2142857142857142,14.0,6.0,2.0,2.0,1.4761904761904763,3.5925925925925926,1.0,4.0,2.0,6.0,1,6.0,2.0
2018-09-15 Tottenham Hotspur-Liverpool,1819,2018-09-15,Tottenham Hotspur,Liverpool,Michael Oliver,13.0,12.0,2.8,1.6,1.9761904761904763,14.0,15.0,2.6,0.2,2.2142857142857144,3.4242424242424243,4.5,1.0,2.0,3.0,1,0.0,0.0
2018-09-16 Wolves-Burnley,1819,2018-09-16,Wolves,Burnley,Andre Marriner,15.0,5.0,1.0,1.25,1.0,14.0,1.0,0.8,2.2,0.9285714285714286,2.8,2.85,1.0,0.0,1.0,0,6.0,2.0
2018-09-16 Everton-West Ham United,1819,2018-09-16,Everton,West Ham United,Martin Atkinson,15.0,6.0,1.6,1.8,1.2142857142857142,15.0,3.0,1.0,2.2,1.1904761904761905,3.6875,4.0,1.0,3.0,4.0,1,7.0,0.0
2018-09-17 Southampton-Brighton,1819,2018-09-17,Southampton,Brighton,Anthony Taylor,16.0,4.0,0.8,1.0,0.9761904761904762,16.0,4.0,1.0,2.2,0.9285714285714286,3.5483870967741935,2.0,2.0,2.0,4.0,1,5.0,1.0
2018-09-22 Brighton-Tottenham Hotspur,1819,2018-09-22,Brighton,Tottenham Hotspur,Chris Kavanagh,5.0,5.0,1.4,1.8,0.9534883720930233,7.0,9.0,2.0,1.2,1.9534883720930232,3.5,2.0,1.0,2.0,3.0,1,3.0,0.0
2018-09-22 Manchester Utd-Wolves,1819,2018-09-22,Manchester Utd,Wolves,Kevin Friend,7.0,9.0,1.6,1.6,1.7674418604651163,6.0,8.0,1.0,1.0,1.0,2.0833333333333335,2.85,1.0,1.0,2.0,1,2.0,1.0
2018-09-22 Liverpool-Southampton,1819,2018-09-22,Liverpool,Southampton,Paul Tierney,7.0,15.0,2.2,0.4,2.2093023255813953,5.0,5.0,1.2,1.2,1.0,2.6315789473684212,2.5,3.0,0.0,3.0,0,2.0,2.0
2018-09-22 Leicester City-Huddersfield Town,1819,2018-09-22,Leicester City,Huddersfield Town,David Coote,7.0,6.0,1.6,1.8,1.4883720930232558,7.0,2.0,0.4,2.2,0.6976744186046512,3.5,2.5,3.0,1.0,4.0,1,3.0,2.0
2018-09-22 Crystal Palace-Newcastle United,1819,2018-09-22,Crystal Palace,Newcastle United,Andre Marriner,7.0,6.0,0.8,1.2,1.1395348837209303,7.0,1.0,0.8,1.6,1.0,2.903225806451613,1.5,0.0,0.0,0.0,0,2.0,1.0
2018-09-22 Cardiff City-Manchester City,1819,2018-09-22,Cardiff City,Manchester City,Michael Oliver,7.0,2.0,0.6,1.8,0.6,7.0,13.0,2.8,0.6,2.7906976744186047,3.323529411764706,2.85,0.0,5.0,5.0,0,2.0,0.0
2018-09-22 Burnley-Bournemouth,1819,2018-09-22,Burnley,Bournemouth,Anthony Taylor,6.0,1.0,0.6,2.0,0.9069767441860465,7.0,10.0,2.0,1.4,1.2790697674418605,3.59375,3.0,4.0,0.0,4.0,0,2.0,2.0
2018-09-22 Fulham-Watford,1819,2018-09-22,Fulham,Watford,Martin Atkinson,7.0,4.0,1.4,2.4,1.4,7.0,12.0,2.0,1.0,1.255813953488372,3.787878787878788,2.85,1.0,1.0,2.0,1,3.0,1.0
2018-09-23 West Ham United-Chelsea,1819,2018-09-23,West Ham United,Chelsea,Mike Dean,7.0,3.0,1.0,2.2,1.2325581395348837,8.0,15.0,2.8,0.8,1.7674418604651163,3.8214285714285716,1.5,0.0,0.0,0.0,0,3.0,1.0
2018-09-23 Arsenal-Everton,1819,2018-09-23,Arsenal,Everton,Jonathan Moss,8.0,9.0,2.0,1.8,1.9534883720930232,7.0,6.0,1.6,1.8,1.2093023255813953,3.727272727272727,6.5,2.0,0.0,2.0,0,3.0,2.0
2018-09-29 Chelsea-Liverpool,1819,2018-09-29,Chelsea,Liverpool,Andre Marriner,6.0,13.0,2.2,0.8,1.7272727272727273,7.0,15.0,2.0,0.4,2.227272727272727,2.875,1.5,1.0,1.0,2.0,1,2.0,1.0
2018-09-29 Newcastle United-Leicester City,1819,2018-09-29,Newcastle United,Leicester City,Simon Hooper,7.0,2.0,0.6,1.2,0.9772727272727273,7.0,9.0,2.0,1.6,1.5227272727272727,3.0,4.0,0.0,2.0,2.0,0,0.0,0.0
2018-09-29 Manchester City-Brighton,1819,2018-09-29,Manchester City,Brighton,Lee Mason,7.0,13.0,3.4,0.6,2.840909090909091,7.0,5.0,1.6,1.8,0.9545454545454546,2.761904761904762,3.0,2.0,0.0,2.0,0,3.0,2.0
2018-09-29 Wolves-Southampton,1819,2018-09-29,Wolves,Southampton,Stuart Attwell,7.0,8.0,0.8,0.8,1.0,7.0,4.0,1.2,1.8,0.9772727272727273,3.8333333333333335,2.85,2.0,0.0,2.0,0,4.0,2.0
2018-09-29 Everton-Fulham,1819,2018-09-29,Everton,Fulham,Roger East,6.0,5.0,1.2,1.8,1.1818181818181819,7.0,5.0,1.6,2.2,1.3333333333333333,3.1666666666666665,2.85,3.0,0.0,3.0,0,3.0,2.0
2018-09-29 Arsenal-Watford,1819,2018-09-29,Arsenal,Watford,Anthony Taylor,6.0,12.0,2.4,1.4,1.9545454545454546,7.0,10.0,1.8,1.2,1.25,3.5454545454545454,3.0,2.0,0.0,2.0,0,4.0,2.0
2018-09-29 Huddersfield Town-Tottenham Hotspur,1819,2018-09-29,Huddersfield Town,Tottenham Hotspur,Craig Pawson,7.0,2.0,0.6,2.2,0.7045454545454546,7.0,9.0,2.0,1.2,1.9545454545454546,3.6785714285714284,3.0,0.0,2.0,2.0,0,4.0,0.0
2018-09-29 West Ham United-Manchester Utd,1819,2018-09-29,West Ham United,Manchester Utd,Michael Oliver,6.0,4.0,1.0,1.4,1.2045454545454546,7.0,7.0,1.4,1.6,1.75,3.2857142857142856,2.0,3.0,1.0,4.0,1,1.0,2.0
2018-09-30 Cardiff City-Burnley,1819,2018-09-30,Cardiff City,Burnley,Martin Atkinson,8.0,2.0,0.6,2.4,0.5,8.0,3.0,1.4,2.0,0.9772727272727273,3.764705882352941,2.85,1.0,2.0,3.0,1,4.0,0.0
2018-10-01 Bournemouth-Crystal Palace,1819,2018-10-01,Bournemouth,Crystal Palace,Mike Dean,9.0,7.0,1.6,2.2,1.25,9.0,4.0,0.4,1.2,1.1136363636363635,3.793103448275862,4.0,2.0,1.0,3.0,1,7.0,2.0
2018-10-05 Brighton-West Ham United,1819,2018-10-05,Brighton,West Ham United,Kevin Friend,6.0,2.0,1.0,1.8,0.9333333333333333,6.0,7.0,1.4,1.2,1.2444444444444445,2.08,3.5,1.0,0.0,1.0,0,5.0,2.0
2018-10-06 Watford-Bournemouth,1819,2018-10-06,Watford,Bournemouth,Jonathan Moss,7.0,7.0,1.2,1.4,1.2222222222222223,5.0,7.0,1.6,2.2,1.2666666666666666,3.7058823529411766,3.0,0.0,4.0,4.0,0,5.0,0.0
2018-10-06 Tottenham Hotspur-Cardiff City,1819,2018-10-06,Tottenham Hotspur,Cardiff City,Mike Dean,7.0,9.0,1.8,1.0,1.9555555555555555,6.0,1.0,0.8,2.8,0.5714285714285714,3.9,2.85,1.0,0.0,1.0,0,5.0,2.0
2018-10-06 Manchester Utd-Newcastle United,1819,2018-10-06,Manchester Utd,Newcastle United,Anthony Taylor,7.0,7.0,1.2,1.6,1.7333333333333334,7.0,1.0,0.6,1.6,0.9555555555555556,3.5588235294117645,3.0,3.0,2.0,5.0,1,4.0,2.0
2018-10-06 Crystal Palace-Wolves,1819,2018-10-06,Crystal Palace,Wolves,Michael Oliver,5.0,4.0,0.6,1.2,1.1111111111111112,7.0,11.0,1.2,0.4,1.1428571428571428,3.2222222222222223,2.85,0.0,1.0,1.0,0,7.0,0.0
2018-10-06 Burnley-Huddersfield Town,1819,2018-10-06,Burnley,Huddersfield Town,Chris Kavanagh,6.0,6.0,1.6,1.6,1.0,7.0,2.0,0.4,1.4,0.6888888888888889,3.473684210526316,0.0,1.0,1.0,2.0,1,4.0,1.0
2018-10-06 Leicester City-Everton,1819,2018-10-06,Leicester City,Everton,Andre Marriner,7.0,9.0,2.0,1.6,1.5333333333333334,7.0,5.0,1.4,1.6,1.2222222222222223,2.8484848484848486,2.5,1.0,2.0,3.0,1,4.0,0.0
2018-10-07 Fulham-Arsenal,1819,2018-10-07,Fulham,Arsenal,Paul Tierney,8.0,5.0,1.4,2.2,1.1428571428571428,8.0,15.0,2.4,0.8,1.9555555555555555,2.6,2.85,1.0,5.0,6.0,1,2.0,0.0
2018-10-07 Southampton-Chelsea,1819,2018-10-07,Southampton,Chelsea,Craig Pawson,8.0,4.0,1.0,1.8,0.9555555555555556,8.0,11.0,1.8,0.6,1.711111111111111,3.689655172413793,3.0,0.0,3.0,3.0,0,6.0,0.0
2018-10-07 Liverpool-Manchester City,1819,2018-10-07,Liverpool,Manchester City,Martin Atkinson,8.0,13.0,1.8,0.6,2.2,8.0,13.0,2.6,0.4,2.8222222222222224,3.7714285714285714,6.0,0.0,0.0,0.0,0,4.0,1.0
2018-10-20 Huddersfield Town-Liverpool,1819,2018-10-20,Huddersfield Town,Liverpool,Michael Oliver,14.0,2.0,0.6,1.6,0.6956521739130435,13.0,11.0,1.6,0.6,2.152173913043478,3.324324324324324,3.0,0.0,1.0,1.0,0,2.0,0.0
2018-10-20 Chelsea-Manchester Utd,1819,2018-10-20,Chelsea,Manchester Utd,Mike Dean,13.0,11.0,2.0,0.4,1.7391304347826086,14.0,10.0,1.8,1.4,1.7608695652173914,3.935483870967742,2.0,2.0,2.0,4.0,1,7.0,1.0
2018-10-20 Bournemouth-Southampton,1819,2018-10-20,Bournemouth,Southampton,Lee Probert,14.0,9.0,2.0,1.8,1.326086956521739,13.0,4.0,0.8,2.0,0.9347826086956522,1.9411764705882353,2.5,0.0,0.0,0.0,0,3.0,1.0
2018-10-20 Cardiff City-Fulham,1819,2018-10-20,Cardiff City,Fulham,Kevin Friend,14.0,0.0,0.8,3.0,0.5,13.0,2.0,0.8,2.8,1.125,2.1923076923076925,2.85,4.0,2.0,6.0,1,6.0,2.0
2018-10-20 Manchester City-Burnley,1819,2018-10-20,Manchester City,Burnley,Jonathan Moss,13.0,13.0,2.4,0.2,2.760869565217391,14.0,7.0,1.4,1.0,1.0,3.742857142857143,2.5,5.0,0.0,5.0,0,4.0,2.0
2018-10-20 Newcastle United-Brighton,1819,2018-10-20,Newcastle United,Brighton,Andre Marriner,14.0,1.0,0.8,1.8,0.9782608695652174,15.0,5.0,1.2,1.6,0.9347826086956522,2.8823529411764706,0.5,0.0,1.0,1.0,0,2.0,0.0
2018-10-20 West Ham United-Tottenham Hotspur,1819,2018-10-20,West Ham United,Tottenham Hotspur,Martin Atkinson,15.0,7.0,1.2,0.8,1.2173913043478262,14.0,9.0,1.4,1.0,1.934782608695652,3.7777777777777777,3.5,0.0,1.0,1.0,0,3.0,0.0
2018-10-20 Wolves-Watford,1819,2018-10-20,Wolves,Watford,Lee Mason,14.0,13.0,1.2,0.2,1.125,14.0,4.0,0.8,2.0,1.1956521739130435,2.772727272727273,2.85,0.0,2.0,2.0,0,4.0,0.0
2018-10-21 Everton-Crystal Palace,1819,2018-10-21,Everton,Crystal Palace,Anthony Taylor,15.0,7.0,1.4,1.4,1.2391304347826086,15.0,4.0,0.4,1.0,1.0869565217391304,3.5714285714285716,4.0,2.0,0.0,2.0,0,3.0,2.0
2018-10-22 Arsenal-Leicester City,1819,2018-10-22,Arsenal,Leicester City,Chris Kavanagh,15.0,15.0,2.8,0.8,2.0217391304347827,16.0,6.0,1.8,1.8,1.5217391304347827,3.5,5.5,3.0,1.0,4.0,1,4.0,2.0
2018-10-27 Watford-Huddersfield Town,1819,2018-10-27,Watford,Huddersfield Town,Mike Dean,7.0,4.0,0.8,1.8,1.2127659574468086,7.0,1.0,0.4,1.6,0.6808510638297872,4.03125,3.0,3.0,0.0,3.0,0,3.0,2.0
2018-10-27 Leicester City-West Ham United,1819,2018-10-27,Leicester City,West Ham United,Michael Oliver,5.0,6.0,1.8,2.0,1.5106382978723405,7.0,7.0,1.2,0.8,1.1914893617021276,3.289473684210526,2.0,1.0,1.0,2.0,1,3.0,1.0
2018-10-27 Southampton-Newcastle United,1819,2018-10-27,Southampton,Newcastle United,Chris Kavanagh,7.0,2.0,0.4,2.0,0.9148936170212766,7.0,1.0,0.6,1.6,0.9574468085106383,3.5238095238095237,3.5,0.0,0.0,0.0,0,1.0,1.0
2018-10-27 Fulham-Bournemouth,1819,2018-10-27,Fulham,Bournemouth,Andre Marriner,7.0,1.0,0.8,3.2,1.2222222222222223,7.0,10.0,2.0,1.4,1.297872340425532,2.857142857142857,2.85,0.0,3.0,3.0,0,4.0,0.0
2018-10-27 Brighton-Wolves,1819,2018-10-27,Brighton,Wolves,Anthony Taylor,7.0,7.0,1.0,1.2,0.9361702127659575,7.0,10.0,1.0,0.6,1.0,3.5555555555555554,2.85,1.0,0.0,1.0,0,3.0,2.0
2018-10-27 Liverpool-Cardiff City,1819,2018-10-27,Liverpool,Cardiff City,Stuart Attwell,7.0,11.0,1.4,0.4,2.127659574468085,7.0,3.0,1.2,2.8,0.8888888888888888,3.8421052631578947,2.85,4.0,1.0,5.0,1,0.0,2.0
2018-10-28 Burnley-Chelsea,1819,2018-10-28,Burnley,Chelsea,Craig Pawson,8.0,7.0,1.4,1.6,0.9787234042553191,8.0,9.0,2.0,0.8,1.7446808510638299,3.7666666666666666,4.0,0.0,4.0,4.0,0,6.0,0.0
2018-10-28 Crystal Palace-Arsenal,1819,2018-10-28,Crystal Palace,Arsenal,Martin Atkinson,7.0,4.0,0.4,1.0,1.0638297872340425,6.0,15.0,2.8,0.6,2.0425531914893615,3.7567567567567566,5.0,2.0,2.0,4.0,1,3.0,1.0
2018-10-28 Manchester Utd-Everton,1819,2018-10-28,Manchester Utd,Everton,Jonathan Moss,8.0,8.0,1.8,1.8,1.7659574468085106,7.0,9.0,1.6,1.2,1.2553191489361701,3.75,3.0,2.0,1.0,3.0,1,3.0,2.0
2018-10-29 Tottenham Hotspur-Manchester City,1819,2018-10-29,Tottenham Hotspur,Manchester City,Kevin Friend,9.0,12.0,1.4,0.6,1.9148936170212767,9.0,13.0,3.0,0.0,2.8085106382978724,2.3333333333333335,4.5,0.0,1.0,1.0,0,4.0,0.0
2018-11-03 Bournemouth-Manchester Utd,1819,2018-11-03,Bournemouth,Manchester Utd,Paul Tierney,7.0,10.0,1.8,1.0,1.3333333333333333,6.0,8.0,1.8,1.8,1.7708333333333333,2.5714285714285716,1.5,1.0,2.0,3.0,1,7.0,0.0
2018-11-03 Cardiff City-Leicester City,1819,2018-11-03,Cardiff City,Leicester City,Lee Probert,7.0,3.0,1.2,2.8,0.9,7.0,7.0,1.6,1.4,1.5,2.0,2.85,0.0,1.0,1.0,0,4.0,0.0
2018-11-03 Everton-Brighton,1819,2018-11-03,Everton,Brighton,David Coote,6.0,9.0,1.6,1.0,1.25,7.0,9.0,0.8,0.8,0.9375,3.3333333333333335,2.0,3.0,1.0,4.0,1,1.0,2.0
2018-11-03 Newcastle United-Watford,1819,2018-11-03,Newcastle United,Watford,Craig Pawson,7.0,2.0,0.4,1.2,0.9375,7.0,7.0,1.2,1.4,1.25,3.838709677419355,3.0,1.0,0.0,1.0,0,6.0,2.0
2018-11-03 West Ham United-Burnley,1819,2018-11-03,West Ham United,Burnley,Roger East,7.0,5.0,0.8,0.8,1.1875,6.0,7.0,1.4,2.2,0.9583333333333334,3.1578947368421053,2.5,4.0,2.0,6.0,1,5.0,2.0
2018-11-03 Arsenal-Liverpool,1819,2018-11-03,Arsenal,Liverpool,Andre Marriner,6.0,13.0,2.8,0.8,2.0416666666666665,7.0,11.0,1.8,0.4,2.1666666666666665,2.888888888888889,5.0,1.0,1.0,2.0,1,2.0,1.0
2018-11-03 Wolves-Tottenham Hotspur,1819,2018-11-03,Wolves,Tottenham Hotspur,Mike Dean,7.0,7.0,0.8,0.8,0.9,5.0,12.0,1.2,0.4,1.875,4.0,2.85,2.0,3.0,5.0,1,3.0,0.0
2018-11-04 Manchester City-Southampton,1819,2018-11-04,Manchester City,Southampton,Lee Mason,6.0,13.0,2.6,0.0,2.7708333333333335,8.0,2.0,0.0,1.6,0.8958333333333334,2.8260869565217392,2.0,6.0,1.0,7.0,1,2.0,2.0
2018-11-04 Chelsea-Crystal Palace,1819,2018-11-04,Chelsea,Crystal Palace,Michael Oliver,7.0,9.0,2.0,0.6,1.7916666666666667,7.0,2.0,0.6,1.4,1.0833333333333333,3.282051282051282,3.0,3.0,1.0,4.0,1,1.0,2.0
2018-11-05 Huddersfield Town-Fulham,1819,2018-11-05,Huddersfield Town,Fulham,Anthony Taylor,9.0,1.0,0.4,2.0,0.6666666666666666,9.0,1.0,0.8,3.2,1.1,3.5405405405405403,2.85,1.0,0.0,1.0,0,3.0,2.0
2018-11-10 Southampton-Watford,1819,2018-11-10,Southampton,Watford,Simon Hooper,6.0,2.0,0.2,2.2,0.8979591836734694,7.0,6.0,1.0,1.4,1.2244897959183674,1.5,3.0,1.0,1.0,2.0,1,5.0,1.0
2018-11-10 Newcastle United-Bournemouth,1819,2018-11-10,Newcastle United,Bournemouth,Lee Probert,7.0,4.0,0.6,1.2,0.9387755102040817,7.0,10.0,2.0,0.6,1.3265306122448979,2.1052631578947367,2.5,2.0,1.0,3.0,1,3.0,2.0
2018-11-10 Crystal Palace-Tottenham Hotspur,1819,2018-11-10,Crystal Palace,Tottenham Hotspur,Jonathan Moss,6.0,1.0,0.8,2.0,1.0816326530612246,7.0,12.0,1.4,0.6,1.8979591836734695,3.72972972972973,1.0,0.0,1.0,1.0,0,2.0,0.0
2018-11-10 Huddersfield Town-West Ham United,1819,2018-11-10,Huddersfield Town,West Ham United,Chris Kavanagh,5.0,4.0,0.4,1.4,0.673469387755102,7.0,7.0,1.6,1.2,1.2448979591836735,3.409090909090909,3.5,1.0,1.0,2.0,1,2.0,1.0
2018-11-10 Cardiff City-Brighton,1819,2018-11-10,Cardiff City,Brighton,Martin Atkinson,7.0,3.0,1.2,2.0,0.8181818181818182,7.0,9.0,0.8,1.0,0.9387755102040817,3.736842105263158,2.85,2.0,1.0,3.0,1,4.0,2.0
2018-11-10 Leicester City-Burnley,1819,2018-11-10,Leicester City,Burnley,Mike Dean,7.0,7.0,1.2,1.2,1.489795918367347,7.0,4.0,1.0,3.0,0.9795918367346939,3.9705882352941178,2.0,0.0,0.0,0.0,0,2.0,1.0
2018-11-11 Manchester City-Manchester Utd,1819,2018-11-11,Manchester City,Manchester Utd,Anthony Taylor,7.0,13.0,2.8,0.2,2.836734693877551,8.0,10.0,2.0,1.8,1.7755102040816326,3.526315789473684,4.0,3.0,1.0,4.0,1,2.0,2.0
2018-11-11 Arsenal-Wolves,1819,2018-11-11,Arsenal,Wolves,Stuart Attwell,8.0,11.0,2.6,1.0,2.020408163265306,8.0,6.0,1.0,1.2,1.0,3.65,2.85,1.0,1.0,2.0,1,4.0,1.0
2018-11-11 Liverpool-Fulham,1819,2018-11-11,Liverpool,Fulham,Paul Tierney,8.0,9.0,1.4,0.6,2.142857142857143,6.0,0.0,0.6,3.2,1.0,2.772727272727273,2.85,2.0,0.0,2.0,0,2.0,2.0
2018-11-11 Chelsea-Everton,1819,2018-11-11,Chelsea,Everton,Kevin Friend,7.0,11.0,2.6,0.8,1.816326530612245,8.0,12.0,2.2,0.8,1.2857142857142858,2.392857142857143,1.0,0.0,0.0,0.0,0,7.0,1.0
2018-11-24 West Ham United-Manchester City,1819,2018-11-24,West Ham United,Manchester City,Andre Marriner,14.0,5.0,1.2,1.2,1.24,13.0,13.0,3.0,0.4,2.84,2.864864864864865,4.0,0.0,4.0,4.0,0,0.0,0.0
2018-11-24 Brighton-Leicester City,1819,2018-11-24,Brighton,Leicester City,Chris Kavanagh,14.0,9.0,1.0,1.0,0.94,14.0,5.0,0.8,1.2,1.46,3.347826086956522,2.0,1.0,1.0,2.0,1,5.0,1.0
2018-11-24 Everton-Cardiff City,1819,2018-11-24,Everton,Cardiff City,Paul Tierney,13.0,10.0,1.6,0.8,1.26,14.0,6.0,1.4,1.8,0.9166666666666666,2.739130434782609,2.85,1.0,0.0,1.0,0,3.0,2.0
2018-11-24 Fulham-Southampton,1819,2018-11-24,Fulham,Southampton,Michael Oliver,13.0,0.0,0.6,3.0,0.9166666666666666,14.0,3.0,0.4,2.0,0.9,3.225,2.85,3.0,2.0,5.0,1,5.0,2.0
2018-11-24 Manchester Utd-Crystal Palace,1819,2018-11-24,Manchester Utd,Crystal Palace,Lee Mason,13.0,10.0,2.0,1.8,1.76,14.0,1.0,0.6,1.8,1.06,2.7916666666666665,4.5,0.0,0.0,0.0,0,3.0,1.0
2018-11-24 Watford-Liverpool,1819,2018-11-24,Watford,Liverpool,Jonathan Moss,14.0,7.0,1.2,1.2,1.22,13.0,11.0,1.6,0.4,2.14,3.6842105263157894,5.5,0.0,3.0,3.0,0,1.0,0.0
2018-11-24 Tottenham Hotspur-Chelsea,1819,2018-11-24,Tottenham Hotspur,Chelsea,Martin Atkinson,14.0,12.0,1.2,0.6,1.88,13.0,11.0,2.4,0.6,1.78,3.7435897435897436,3.5,3.0,1.0,4.0,1,3.0,2.0
2018-11-25 Wolves-Huddersfield Town,1819,2018-11-25,Wolves,Huddersfield Town,Kevin Friend,14.0,4.0,0.8,1.4,1.0,15.0,5.0,0.6,1.2,0.68,2.5517241379310347,2.85,0.0,2.0,2.0,0,3.0,0.0
2018-11-25 Bournemouth-Arsenal,1819,2018-11-25,Bournemouth,Arsenal,Craig Pawson,15.0,7.0,1.8,0.8,1.32,14.0,9.0,2.4,1.2,2.0,3.90625,3.0,1.0,2.0,3.0,1,3.0,0.0
2018-11-26 Burnley-Newcastle United,1819,2018-11-26,Burnley,Newcastle United,Anthony Taylor,16.0,2.0,0.6,2.8,0.96,16.0,7.0,1.0,1.0,0.96,3.4871794871794872,1.5,1.0,2.0,3.0,1,1.0,0.0
2018-11-30 Cardiff City-Wolves,1819,2018-11-30,Cardiff City,Wolves,Andre Marriner,6.0,6.0,1.4,1.8,0.8461538461538461,5.0,1.0,0.6,1.8,0.9230769230769231,2.789473684210526,2.85,2.0,1.0,3.0,1,3.0,2.0
2018-12-01 Southampton-Manchester Utd,1819,2018-12-01,Southampton,Manchester Utd,Kevin Friend,7.0,3.0,0.8,2.0,0.9215686274509803,7.0,8.0,1.4,1.4,1.7254901960784315,2.566666666666667,0.5,2.0,2.0,4.0,1,8.0,1.0
2018-12-01 Crystal Palace-Burnley,1819,2018-12-01,Crystal Palace,Burnley,Lee Probert,7.0,2.0,0.6,1.6,1.0392156862745099,5.0,1.0,0.6,3.0,0.9607843137254902,2.15,1.0,2.0,0.0,2.0,0,2.0,2.0
2018-12-01 Huddersfield Town-Brighton,1819,2018-12-01,Huddersfield Town,Brighton,Michael Oliver,6.0,7.0,0.8,1.0,0.7058823529411765,7.0,7.0,1.0,1.2,0.9411764705882353,3.268292682926829,2.0,1.0,2.0,3.0,1,3.0,0.0
2018-12-01 Leicester City-Watford,1819,2018-12-01,Leicester City,Watford,Graham Scott,7.0,6.0,0.8,1.0,1.4509803921568627,7.0,7.0,1.2,1.0,1.196078431372549,2.4545454545454546,2.5,2.0,0.0,2.0,0,4.0,2.0
2018-12-01 Manchester City-Bournemouth,1819,2018-12-01,Manchester City,Bournemouth,Stuart Attwell,7.0,15.0,3.8,0.4,2.8627450980392157,6.0,4.0,1.2,1.2,1.3137254901960784,3.6666666666666665,3.5,3.0,1.0,4.0,1,0.0,2.0
2018-12-01 Newcastle United-West Ham United,1819,2018-12-01,Newcastle United,West Ham United,Paul Tierney,5.0,10.0,1.0,0.6,0.9803921568627451,7.0,5.0,1.2,1.8,1.2156862745098038,2.75,4.0,0.0,3.0,3.0,0,6.0,0.0
2018-12-02 Liverpool-Everton,1819,2018-12-02,Liverpool,Everton,Chris Kavanagh,8.0,13.0,2.2,0.4,2.156862745098039,8.0,10.0,1.4,0.6,1.2549019607843137,3.4166666666666665,1.0,1.0,0.0,1.0,0,5.0,2.0
2018-12-02 Arsenal-Tottenham Hotspur,1819,2018-12-02,Arsenal,Tottenham Hotspur,Mike Dean,7.0,9.0,1.8,1.2,2.0,8.0,12.0,1.6,0.8,1.9019607843137254,3.914285714285714,1.5,4.0,2.0,6.0,1,7.0,2.0
2018-12-02 Chelsea-Fulham,1819,2018-12-02,Chelsea,Fulham,Craig Pawson,8.0,8.0,2.0,1.2,1.7647058823529411,8.0,3.0,1.0,2.4,1.0769230769230769,3.878787878787879,2.85,2.0,0.0,2.0,0,3.0,2.0
2018-12-04 Bournemouth-Huddersfield Town,1819,2018-12-04,Bournemouth,Huddersfield Town,Roger East,3.0,3.0,1.4,1.8,1.3076923076923077,3.0,7.0,1.0,1.2,0.7115384615384616,3.25,4.5,2.0,1.0,3.0,1,6.0,2.0
2018-12-04 Brighton-Crystal Palace,1819,2018-12-04,Brighton,Crystal Palace,Kevin Friend,3.0,7.0,1.2,1.4,0.9615384615384616,3.0,5.0,1.0,1.2,1.0576923076923077,2.7419354838709675,2.5,3.0,1.0,4.0,1,6.0,2.0
2018-12-04 West Ham United-Cardiff City,1819,2018-12-04,West Ham United,Cardiff City,Graham Scott,3.0,8.0,1.8,1.6,1.25,4.0,6.0,1.0,1.6,0.9285714285714286,2.5217391304347827,2.85,3.0,1.0,4.0,1,3.0,2.0
2018-12-04 Watford-Manchester City,1819,2018-12-04,Watford,Manchester City,Paul Tierney,3.0,4.0,0.8,1.4,1.1730769230769231,3.0,15.0,3.4,0.6,2.8653846153846154,2.88,5.0,1.0,2.0,3.0,1,1.0,0.0
2018-12-05 Manchester Utd-Arsenal,1819,2018-12-05,Manchester Utd,Arsenal,Andre Marriner,4.0,8.0,1.4,1.4,1.7307692307692308,3.0,9.0,2.0,1.4,2.0384615384615383,2.7948717948717947,3.5,2.0,2.0,4.0,1,6.0,1.0
2018-12-05 Burnley-Liverpool,1819,2018-12-05,Burnley,Liverpool,Stuart Attwell,4.0,1.0,0.6,2.4,0.9423076923076923,3.0,13.0,2.2,0.4,2.1346153846153846,3.5,2.5,1.0,3.0,4.0,1,1.0,0.0
2018-12-05 Everton-Newcastle United,1819,2018-12-05,Everton,Newcastle United,Lee Mason,3.0,7.0,1.0,0.8,1.2307692307692308,4.0,10.0,1.0,1.0,0.9615384615384616,2.8,1.0,1.0,1.0,2.0,1,5.0,1.0
2018-12-05 Fulham-Leicester City,1819,2018-12-05,Fulham,Leicester City,David Coote,3.0,3.0,0.6,2.0,1.0,4.0,9.0,1.0,0.4,1.4615384615384615,2.75,2.85,1.0,1.0,2.0,1,0.0,1.0
2018-12-05 Wolves-Chelsea,1819,2018-12-05,Wolves,Chelsea,Jonathan Moss,5.0,1.0,0.8,1.8,0.9285714285714286,3.0,10.0,2.0,0.8,1.7692307692307692,3.6153846153846154,2.85,2.0,1.0,3.0,1,8.0,2.0
2018-12-05 Tottenham Hotspur-Southampton,1819,2018-12-05,Tottenham Hotspur,Southampton,Anthony Taylor,3.0,9.0,1.8,1.6,1.9038461538461537,4.0,3.0,1.2,2.4,0.9423076923076923,3.425,4.5,3.0,1.0,4.0,1,0.0,2.0
2018-12-08 Chelsea-Manchester City,1819,2018-12-08,Chelsea,Manchester City,Michael Oliver,3.0,7.0,1.4,1.2,1.7547169811320755,4.0,15.0,3.6,0.8,2.849056603773585,3.261904761904762,1.0,2.0,0.0,2.0,0,2.0,2.0
2018-12-08 West Ham United-Crystal Palace,1819,2018-12-08,West Ham United,Crystal Palace,Anthony Taylor,4.0,10.0,2.2,1.6,1.2830188679245282,4.0,4.0,0.8,1.4,1.0566037735849056,3.341463414634146,3.0,3.0,2.0,5.0,1,2.0,2.0
2018-12-08 Manchester Utd-Fulham,1819,2018-12-08,Manchester Utd,Fulham,Lee Probert,3.0,6.0,1.4,1.6,1.7358490566037736,3.0,4.0,0.8,1.6,1.0,2.142857142857143,2.85,4.0,1.0,5.0,1,3.0,2.0
2018-12-08 Bournemouth-Liverpool,1819,2018-12-08,Bournemouth,Liverpool,Lee Mason,4.0,3.0,1.2,2.0,1.320754716981132,3.0,13.0,2.0,0.4,2.150943396226415,2.8846153846153846,3.5,0.0,4.0,4.0,0,3.0,0.0
2018-12-08 Burnley-Brighton,1819,2018-12-08,Burnley,Brighton,Martin Atkinson,3.0,1.0,0.8,2.2,0.9433962264150944,4.0,7.0,1.6,1.6,1.0,3.725,0.0,1.0,0.0,1.0,0,2.0,2.0
2018-12-08 Arsenal-Huddersfield Town,1819,2018-12-08,Arsenal,Huddersfield Town,Paul Tierney,3.0,9.0,2.0,1.4,2.0377358490566038,4.0,7.0,1.2,1.0,0.7169811320754716,2.8076923076923075,3.0,1.0,0.0,1.0,0,9.0,2.0
2018-12-08 Leicester City-Tottenham Hotspur,1819,2018-12-08,Leicester City,Tottenham Hotspur,Craig Pawson,3.0,9.0,1.0,0.4,1.4528301886792452,3.0,12.0,2.4,1.6,1.9245283018867925,3.8529411764705883,6.0,0.0,2.0,2.0,0,4.0,0.0
2018-12-08 Cardiff City-Southampton,1819,2018-12-08,Cardiff City,Southampton,Jonathan Moss,4.0,6.0,1.0,1.4,0.9333333333333333,3.0,2.0,1.4,3.0,0.9433962264150944,3.725,2.85,1.0,0.0,1.0,0,4.0,2.0
2018-12-09 Newcastle United-Wolves,1819,2018-12-09,Newcastle United,Wolves,Mike Dean,4.0,10.0,1.2,1.2,0.9622641509433962,4.0,4.0,1.2,1.8,1.0,4.0,2.85,1.0,2.0,3.0,1,8.0,0.0
2018-12-10 Everton-Watford,1819,2018-12-10,Everton,Watford,Kevin Friend,5.0,8.0,1.0,0.6,1.2264150943396226,6.0,1.0,0.4,1.8,1.169811320754717,2.84375,3.0,2.0,2.0,4.0,1,3.0,1.0
2018-12-15 Wolves-Bournemouth,1819,2018-12-15,Wolves,Bournemouth,Simon Hooper,6.0,7.0,1.2,1.4,1.0625,7.0,3.0,1.0,2.4,1.2962962962962963,2.6666666666666665,2.85,2.0,0.0,2.0,0,3.0,2.0
2018-12-15 Fulham-West Ham United,1819,2018-12-15,Fulham,West Ham United,Mike Dean,7.0,4.0,1.0,2.2,1.0,7.0,10.0,2.0,1.6,1.3148148148148149,4.108108108108108,2.85,0.0,2.0,2.0,0,3.0,0.0
2018-12-15 Watford-Cardiff City,1819,2018-12-15,Watford,Cardiff City,Andy Madley,5.0,2.0,0.8,2.0,1.1851851851851851,7.0,9.0,1.2,1.2,0.9375,4.0,2.85,3.0,2.0,5.0,1,0.0,2.0
2018-12-15 Crystal Palace-Leicester City,1819,2018-12-15,Crystal Palace,Leicester City,Michael Oliver,7.0,4.0,1.0,1.4,1.0740740740740742,7.0,6.0,0.8,0.8,1.4259259259259258,3.2325581395348837,4.0,1.0,0.0,1.0,0,3.0,2.0
2018-12-15 Huddersfield Town-Newcastle United,1819,2018-12-15,Huddersfield Town,Newcastle United,Anthony Taylor,7.0,4.0,1.0,1.2,0.7037037037037037,6.0,7.0,1.2,1.6,0.9629629629629629,3.3095238095238093,1.0,0.0,1.0,1.0,0,2.0,0.0
2018-12-15 Manchester City-Everton,1819,2018-12-15,Manchester City,Everton,Craig Pawson,7.0,12.0,2.4,1.0,2.7962962962962963,5.0,6.0,0.8,0.8,1.2407407407407407,3.857142857142857,3.0,3.0,1.0,4.0,1,3.0,2.0
2018-12-15 Tottenham Hotspur-Burnley,1819,2018-12-15,Tottenham Hotspur,Burnley,Graham Scott,7.0,12.0,2.2,1.2,1.9259259259259258,7.0,4.0,0.6,1.4,0.9444444444444444,2.5416666666666665,2.5,1.0,0.0,1.0,0,2.0,2.0
2018-12-16 Brighton-Chelsea,1819,2018-12-16,Brighton,Chelsea,Stuart Attwell,8.0,7.0,1.4,1.2,0.9814814814814815,8.0,7.0,1.2,1.0,1.7592592592592593,3.391304347826087,3.0,1.0,2.0,3.0,1,4.0,0.0
2018-12-16 Southampton-Arsenal,1819,2018-12-16,Southampton,Arsenal,Chris Kavanagh,8.0,2.0,1.2,2.0,0.9259259259259259,8.0,11.0,2.0,1.2,2.0185185185185186,3.48,3.5,3.0,2.0,5.0,1,4.0,2.0
2018-12-16 Liverpool-Manchester Utd,1819,2018-12-16,Liverpool,Manchester Utd,Martin Atkinson,8.0,15.0,2.6,0.2,2.185185185185185,8.0,6.0,1.8,1.6,1.7777777777777777,3.682926829268293,1.5,3.0,1.0,4.0,1,2.0,2.0
2018-12-21 Wolves-Liverpool,1819,2018-12-21,Wolves,Liverpool,Craig Pawson,6.0,9.0,1.4,1.2,1.1176470588235294,5.0,15.0,2.8,0.4,2.2,3.8333333333333335,2.85,0.0,2.0,2.0,0,0.0,0.0
2018-12-22 Cardiff City-Manchester Utd,1819,2018-12-22,Cardiff City,Manchester Utd,Michael Oliver,7.0,6.0,1.2,1.6,1.0,6.0,6.0,1.8,1.6,1.7636363636363637,3.227272727272727,2.85,1.0,5.0,6.0,1,3.0,0.0
2018-12-22 West Ham United-Watford,1819,2018-12-22,West Ham United,Watford,Lee Mason,7.0,12.0,2.2,1.4,1.3272727272727274,7.0,4.0,1.2,2.2,1.2181818181818183,2.888888888888889,2.0,0.0,2.0,2.0,0,5.0,0.0
2018-12-22 Newcastle United-Fulham,1819,2018-12-22,Newcastle United,Fulham,Martin Atkinson,7.0,7.0,1.0,1.4,0.9636363636363636,7.0,4.0,1.0,2.2,0.9411764705882353,3.642857142857143,2.85,0.0,0.0,0.0,0,3.0,1.0
2018-12-22 Manchester City-Crystal Palace,1819,2018-12-22,Manchester City,Crystal Palace,Andre Marriner,7.0,12.0,2.4,1.0,2.8,7.0,7.0,1.2,1.2,1.0727272727272728,2.875,2.5,2.0,3.0,5.0,1,4.0,0.0
2018-12-22 Bournemouth-Brighton,1819,2018-12-22,Bournemouth,Brighton,Mike Dean,7.0,3.0,0.8,2.4,1.2727272727272727,6.0,7.0,1.4,1.2,0.9818181818181818,4.078947368421052,3.5,2.0,0.0,2.0,0,3.0,2.0
2018-12-22 Chelsea-Leicester City,1819,2018-12-22,Chelsea,Leicester City,Lee Probert,6.0,9.0,1.6,1.2,1.7636363636363637,7.0,5.0,0.8,1.0,1.4,2.1818181818181817,1.5,0.0,1.0,1.0,0,2.0,0.0
2018-12-22 Arsenal-Burnley,1819,2018-12-22,Arsenal,Burnley,Kevin Friend,6.0,10.0,2.2,1.6,2.018181818181818,7.0,3.0,0.6,1.6,0.9272727272727272,2.8484848484848486,3.0,3.0,1.0,4.0,1,7.0,2.0
2018-12-22 Huddersfield Town-Southampton,1819,2018-12-22,Huddersfield Town,Southampton,Stuart Attwell,7.0,3.0,0.8,1.2,0.6909090909090909,6.0,4.0,1.6,2.2,0.9636363636363636,3.4166666666666665,1.0,1.0,3.0,4.0,1,5.0,0.0
2018-12-23 Everton-Tottenham Hotspur,1819,2018-12-23,Everton,Tottenham Hotspur,Paul Tierney,8.0,5.0,1.0,1.4,1.2363636363636363,8.0,12.0,2.2,1.2,1.9090909090909092,3.037037037037037,3.5,2.0,6.0,8.0,1,2.0,0.0
2018-12-26 Tottenham Hotspur-Bournemouth,1819,2018-12-26,Tottenham Hotspur,Bournemouth,Chris Kavanagh,3.0,12.0,2.8,1.4,1.9821428571428572,4.0,6.0,1.0,2.0,1.2857142857142858,3.5,3.0,5.0,0.0,5.0,0,3.0,2.0
2018-12-26 Manchester Utd-Huddersfield Town,1819,2018-12-26,Manchester Utd,Huddersfield Town,Jonathan Moss,4.0,8.0,2.8,1.8,1.8214285714285714,4.0,0.0,0.6,1.8,0.6964285714285714,3.731707317073171,2.5,3.0,1.0,4.0,1,2.0,2.0
2018-12-26 Brighton-Arsenal,1819,2018-12-26,Brighton,Arsenal,Anthony Taylor,4.0,6.0,1.2,1.4,0.9642857142857143,4.0,10.0,2.4,1.6,2.0357142857142856,3.2790697674418605,2.5,1.0,1.0,2.0,1,3.0,1.0
2018-12-26 Watford-Chelsea,1819,2018-12-26,Watford,Chelsea,Martin Atkinson,4.0,7.0,1.6,1.6,1.2321428571428572,4.0,9.0,1.4,0.8,1.7321428571428572,3.627906976744186,5.5,1.0,2.0,3.0,1,1.0,0.0
2018-12-26 Liverpool-Newcastle United,1819,2018-12-26,Liverpool,Newcastle United,Graham Scott,5.0,15.0,2.6,0.4,2.1964285714285716,4.0,5.0,0.6,1.2,0.9464285714285714,2.52,2.0,4.0,0.0,4.0,0,0.0,2.0
2018-12-26 Crystal Palace-Cardiff City,1819,2018-12-26,Crystal Palace,Cardiff City,Lee Probert,4.0,9.0,1.8,1.6,1.1071428571428572,4.0,6.0,1.4,2.4,1.0,2.1739130434782608,2.85,0.0,0.0,0.0,0,3.0,1.0
2018-12-26 Burnley-Everton,1819,2018-12-26,Burnley,Everton,Michael Oliver,4.0,3.0,0.6,1.8,0.9285714285714286,3.0,2.0,1.2,2.6,1.25,3.2222222222222223,2.0,1.0,5.0,6.0,1,6.0,0.0
2018-12-26 Fulham-Wolves,1819,2018-12-26,Fulham,Wolves,Andre Marriner,4.0,2.0,0.4,1.8,0.8888888888888888,5.0,9.0,1.4,1.2,1.0555555555555556,2.902439024390244,2.85,1.0,1.0,2.0,1,3.0,1.0
2018-12-26 Leicester City-Manchester City,1819,2018-12-26,Leicester City,Manchester City,Mike Dean,4.0,7.0,0.8,0.8,1.3928571428571428,4.0,9.0,2.0,1.6,2.7857142857142856,4.051282051282051,4.0,2.0,1.0,3.0,1,5.0,2.0
2018-12-27 Southampton-West Ham United,1819,2018-12-27,Southampton,West Ham United,Craig Pawson,5.0,7.0,1.8,1.8,1.0,5.0,12.0,2.2,1.0,1.3035714285714286,3.72972972972973,4.0,1.0,2.0,3.0,1,2.0,0.0
2018-12-29 Liverpool-Arsenal,1819,2018-12-29,Liverpool,Arsenal,Michael Oliver,3.0,15.0,3.2,0.4,2.2280701754385963,3.0,8.0,1.8,1.4,2.017543859649123,3.282608695652174,4.0,5.0,1.0,6.0,1,3.0,2.0
2018-12-29 Tottenham Hotspur-Wolves,1819,2018-12-29,Tottenham Hotspur,Wolves,Stuart Attwell,3.0,15.0,3.4,0.6,2.0350877192982457,3.0,10.0,1.4,1.0,1.0526315789473684,3.48,5.0,1.0,3.0,4.0,1,5.0,0.0
2018-12-29 Watford-Newcastle United,1819,2018-12-29,Watford,Newcastle United,Roger East,3.0,7.0,1.8,1.6,1.2280701754385965,3.0,5.0,0.6,1.4,0.9298245614035088,3.380952380952381,2.3333333333333335,1.0,1.0,2.0,1,3.0,1.0
2018-12-29 Fulham-Huddersfield Town,1819,2018-12-29,Fulham,Huddersfield Town,Kevin Friend,3.0,3.0,0.6,1.6,0.8947368421052632,3.0,0.0,0.6,2.0,0.7017543859649122,2.9705882352941178,1.0,1.0,0.0,1.0,0,4.0,2.0
2018-12-29 Brighton-Everton,1819,2018-12-29,Brighton,Everton,Andy Madley,3.0,4.0,1.0,1.4,0.9649122807017544,3.0,5.0,2.2,2.6,1.3157894736842106,2.0,2.6666666666666665,1.0,0.0,1.0,0,2.0,2.0
2018-12-29 Leicester City-Cardiff City,1819,2018-12-29,Leicester City,Cardiff City,Simon Hooper,3.0,7.0,0.8,1.0,1.4035087719298245,3.0,4.0,1.0,2.2,0.9473684210526315,2.75,1.0,0.0,1.0,1.0,0,2.0,0.0
2018-12-30 Crystal Palace-Chelsea,1819,2018-12-30,Crystal Palace,Chelsea,Craig Pawson,4.0,7.0,1.4,1.6,1.087719298245614,4.0,9.0,1.4,1.0,1.736842105263158,3.6842105263157894,3.3333333333333335,0.0,1.0,1.0,0,1.0,0.0
2018-12-30 Burnley-West Ham United,1819,2018-12-30,Burnley,West Ham United,David Coote,4.0,3.0,0.8,2.4,0.9298245614035088,3.0,12.0,2.0,1.2,1.3157894736842106,2.2,3.6666666666666665,2.0,0.0,2.0,0,5.0,2.0
2018-12-30 Southampton-Manchester City,1819,2018-12-30,Southampton,Manchester City,Paul Tierney,3.0,6.0,1.6,1.8,1.0,4.0,6.0,1.6,1.8,2.754385964912281,3.0,3.6666666666666665,1.0,3.0,4.0,1,6.0,0.0
2018-12-30 Manchester Utd-Bournemouth,1819,2018-12-30,Manchester Utd,Bournemouth,Lee Mason,4.0,10.0,3.0,1.6,1.8421052631578947,4.0,6.0,0.8,2.4,1.263157894736842,2.9642857142857144,2.0,4.0,1.0,5.0,1,3.0,2.0
2019-01-01 Everton-Leicester City,1819,2019-01-01,Everton,Leicester City,Martin Atkinson,3.0,4.0,2.0,2.6,1.293103448275862,3.0,6.0,0.6,1.0,1.3793103448275863,3.5681818181818183,2.6666666666666665,0.0,1.0,1.0,0,4.0,0.0
2019-01-01 Arsenal-Fulham,1819,2019-01-01,Arsenal,Fulham,Graham Scott,3.0,7.0,1.6,2.0,2.0,3.0,5.0,0.6,1.4,0.9,2.423076923076923,6.0,4.0,1.0,5.0,1,1.0,2.0
2019-01-01 Cardiff City-Tottenham Hotspur,1819,2019-01-01,Cardiff City,Tottenham Hotspur,Kevin Friend,3.0,7.0,1.0,1.6,0.95,3.0,12.0,3.0,1.0,2.0172413793103448,3.0,1.0,0.0,3.0,3.0,0,1.0,0.0
2019-01-02 Wolves-Crystal Palace,1819,2019-01-02,Wolves,Crystal Palace,Roger East,4.0,10.0,1.6,1.0,1.15,3.0,7.0,1.2,1.2,1.0689655172413792,3.3636363636363638,1.0,0.0,2.0,2.0,0,5.0,0.0
2019-01-02 West Ham United-Brighton,1819,2019-01-02,West Ham United,Brighton,Chris Kavanagh,3.0,9.0,1.4,1.4,1.293103448275862,4.0,4.0,0.6,1.2,0.9655172413793104,3.4814814814814814,2.6666666666666665,2.0,2.0,4.0,1,1.0,1.0
2019-01-02 Newcastle United-Manchester Utd,1819,2019-01-02,Newcastle United,Manchester Utd,Andre Marriner,4.0,5.0,0.6,1.4,0.9310344827586207,3.0,12.0,3.4,1.4,1.8793103448275863,2.9047619047619047,3.6666666666666665,0.0,2.0,2.0,0,3.0,0.0
2019-01-02 Chelsea-Southampton,1819,2019-01-02,Chelsea,Southampton,Jonathan Moss,3.0,12.0,1.4,0.6,1.7241379310344827,3.0,6.0,1.6,1.8,1.0,3.6904761904761907,3.0,0.0,0.0,0.0,0,3.0,1.0
2019-01-02 Bournemouth-Watford,1819,2019-01-02,Bournemouth,Watford,David Coote,3.0,3.0,0.6,3.0,1.2586206896551724,4.0,8.0,1.8,1.4,1.2241379310344827,2.6666666666666665,3.3333333333333335,3.0,3.0,6.0,1,5.0,1.0
2019-01-02 Huddersfield Town-Burnley,1819,2019-01-02,Huddersfield Town,Burnley,Mike Dean,4.0,0.0,0.4,1.8,0.6896551724137931,3.0,6.0,1.0,1.8,0.9482758620689655,4.075,0.6666666666666666,1.0,2.0,3.0,1,6.0,0.0
2019-01-03 Manchester City-Liverpool,1819,2019-01-03,Manchester City,Liverpool,Anthony Taylor,4.0,6.0,1.8,1.8,2.7586206896551726,5.0,15.0,3.6,0.4,2.2758620689655173,3.272727272727273,4.0,2.0,1.0,3.0,1,6.0,2.0
2019-01-12 West Ham United-Arsenal,1819,2019-01-12,West Ham United,Arsenal,Jonathan Moss,10.0,7.0,1.2,1.4,1.305084745762712,11.0,7.0,2.2,2.2,2.0338983050847457,3.6744186046511627,3.0,1.0,0.0,1.0,0,2.0,2.0
2019-01-12 Brighton-Liverpool,1819,2019-01-12,Brighton,Liverpool,Kevin Friend,10.0,5.0,1.0,1.4,0.9830508474576272,9.0,12.0,3.0,0.8,2.2542372881355934,2.9444444444444446,3.6666666666666665,0.0,1.0,1.0,0,0.0,0.0
2019-01-12 Burnley-Fulham,1819,2019-01-12,Burnley,Fulham,Martin Atkinson,10.0,6.0,1.2,2.0,0.9661016949152542,11.0,5.0,0.6,1.4,0.9047619047619048,3.577777777777778,6.0,2.0,1.0,3.0,1,3.0,2.0
2019-01-12 Cardiff City-Huddersfield Town,1819,2019-01-12,Cardiff City,Huddersfield Town,Lee Mason,11.0,4.0,0.8,2.2,0.9047619047619048,10.0,0.0,0.6,2.0,0.6949152542372882,2.9655172413793105,0.0,0.0,0.0,0.0,0,4.0,1.0
2019-01-12 Crystal Palace-Watford,1819,2019-01-12,Crystal Palace,Watford,Paul Tierney,10.0,10.0,1.2,0.6,1.0847457627118644,10.0,8.0,2.0,1.6,1.2542372881355932,3.103448275862069,2.0,1.0,2.0,3.0,1,5.0,0.0
2019-01-12 Leicester City-Southampton,1819,2019-01-12,Leicester City,Southampton,Michael Oliver,11.0,9.0,0.8,0.6,1.3728813559322033,10.0,7.0,1.6,1.6,0.9830508474576272,3.276595744680851,2.6666666666666665,1.0,2.0,3.0,1,4.0,0.0
2019-01-12 Chelsea-Newcastle United,1819,2019-01-12,Chelsea,Newcastle United,Chris Kavanagh,10.0,10.0,1.0,0.6,1.694915254237288,10.0,5.0,0.4,1.4,0.9152542372881356,3.392857142857143,3.3333333333333335,2.0,1.0,3.0,1,2.0,2.0
2019-01-13 Tottenham Hotspur-Manchester Utd,1819,2019-01-13,Tottenham Hotspur,Manchester Utd,Mike Dean,12.0,12.0,3.2,1.0,2.0338983050847457,11.0,12.0,3.0,1.2,1.88135593220339,4.121951219512195,2.0,0.0,1.0,1.0,0,3.0,0.0
2019-01-13 Everton-Bournemouth,1819,2019-01-13,Everton,Bournemouth,Anthony Taylor,12.0,3.0,1.6,2.4,1.271186440677966,11.0,4.0,1.2,2.8,1.2881355932203389,3.3333333333333335,3.3333333333333335,2.0,0.0,2.0,0,5.0,2.0
2019-01-14 Manchester City-Wolves,1819,2019-01-14,Manchester City,Wolves,Craig Pawson,11.0,9.0,2.2,1.6,2.7457627118644066,12.0,7.0,1.2,1.2,1.0952380952380953,3.6153846153846154,2.0,3.0,0.0,3.0,0,2.0,2.0
2019-01-19 Wolves-Leicester City,1819,2019-01-19,Wolves,Leicester City,Chris Kavanagh,5.0,4.0,0.8,1.8,1.0454545454545454,7.0,9.0,1.0,0.8,1.3666666666666667,3.3448275862068964,2.0,4.0,3.0,7.0,1,6.0,2.0
2019-01-19 Bournemouth-West Ham United,1819,2019-01-19,Bournemouth,West Ham United,Simon Hooper,6.0,4.0,1.2,2.8,1.2666666666666666,7.0,7.0,1.0,1.4,1.3,2.6,3.6666666666666665,2.0,0.0,2.0,0,1.0,2.0
2019-01-19 Liverpool-Crystal Palace,1819,2019-01-19,Liverpool,Crystal Palace,Jonathan Moss,7.0,12.0,2.6,0.6,2.2333333333333334,7.0,7.0,1.2,1.0,1.0833333333333333,3.6363636363636362,2.0,4.0,3.0,7.0,1,2.0,2.0
2019-01-19 Manchester Utd-Brighton,1819,2019-01-19,Manchester Utd,Brighton,Paul Tierney,6.0,15.0,3.0,0.6,1.8666666666666667,7.0,5.0,0.8,1.2,0.9666666666666667,3.1666666666666665,2.3333333333333335,2.0,1.0,3.0,1,1.0,2.0
2019-01-19 Newcastle United-Cardiff City,1819,2019-01-19,Newcastle United,Cardiff City,Stuart Attwell,7.0,2.0,0.4,1.8,0.9166666666666666,7.0,5.0,0.4,1.6,0.8636363636363636,3.5384615384615383,0.0,3.0,0.0,3.0,0,1.0,2.0
2019-01-19 Southampton-Everton,1819,2019-01-19,Southampton,Everton,Graham Scott,7.0,7.0,1.4,1.4,1.0,6.0,6.0,1.8,1.8,1.2833333333333334,2.3703703703703702,3.3333333333333335,2.0,1.0,3.0,1,3.0,2.0
2019-01-19 Watford-Burnley,1819,2019-01-19,Watford,Burnley,Michael Oliver,7.0,8.0,1.8,1.4,1.2666666666666666,7.0,9.0,1.6,2.0,0.9833333333333333,3.2916666666666665,2.6666666666666665,0.0,0.0,0.0,0,3.0,1.0
2019-01-19 Arsenal-Chelsea,1819,2019-01-19,Arsenal,Chelsea,Anthony Taylor,7.0,7.0,1.8,1.8,2.0,7.0,10.0,1.0,0.6,1.7,3.369565217391304,3.0,2.0,0.0,2.0,0,2.0,2.0
2019-01-20 Huddersfield Town-Manchester City,1819,2019-01-20,Huddersfield Town,Manchester City,Andre Marriner,8.0,1.0,0.6,1.8,0.6833333333333333,6.0,9.0,2.2,1.4,2.75,2.9069767441860463,3.3333333333333335,0.0,3.0,3.0,0,4.0,0.0
2019-01-20 Fulham-Tottenham Hotspur,1819,2019-01-20,Fulham,Tottenham Hotspur,Craig Pawson,8.0,5.0,0.8,1.4,0.9090909090909091,7.0,9.0,3.0,1.2,2.0,3.575,4.0,1.0,2.0,3.0,1,5.0,0.0
2019-01-29 Newcastle United-Manchester City,1819,2019-01-29,Newcastle United,Manchester City,Paul Tierney,10.0,4.0,1.0,1.8,0.9508196721311475,9.0,12.0,2.4,0.8,2.7540983606557377,3.096774193548387,2.6666666666666665,2.0,1.0,3.0,1,5.0,2.0
2019-01-29 Manchester Utd-Burnley,1819,2019-01-29,Manchester Utd,Burnley,Jonathan Moss,10.0,15.0,2.4,0.6,1.8688524590163935,10.0,10.0,1.4,1.4,0.9672131147540983,3.6,2.3333333333333335,2.0,2.0,4.0,1,4.0,1.0
2019-01-29 Wolves-West Ham United,1819,2019-01-29,Wolves,West Ham United,David Coote,10.0,7.0,1.6,2.0,1.173913043478261,10.0,7.0,1.0,1.4,1.278688524590164,3.0,1.0,3.0,0.0,3.0,0,5.0,2.0
2019-01-29 Fulham-Brighton,1819,2019-01-29,Fulham,Brighton,Lee Probert,9.0,4.0,1.0,1.8,0.9130434782608695,10.0,5.0,1.0,1.2,0.9672131147540983,2.2083333333333335,4.0,4.0,2.0,6.0,1,5.0,2.0
2019-01-29 Arsenal-Cardiff City,1819,2019-01-29,Arsenal,Cardiff City,Mike Dean,10.0,7.0,1.6,1.6,2.0,10.0,5.0,0.2,1.2,0.8260869565217391,4.095238095238095,5.0,2.0,1.0,3.0,1,6.0,2.0
2019-01-29 Huddersfield Town-Everton,1819,2019-01-29,Huddersfield Town,Everton,Stuart Attwell,9.0,1.0,0.4,1.8,0.6721311475409836,10.0,6.0,1.6,1.0,1.278688524590164,3.4444444444444446,2.0,0.0,1.0,1.0,0,6.0,0.0
2019-01-30 Bournemouth-Chelsea,1819,2019-01-30,Bournemouth,Chelsea,Roger East,11.0,4.0,1.2,2.8,1.278688524590164,11.0,10.0,1.0,0.8,1.6721311475409837,3.4347826086956523,2.0,4.0,0.0,4.0,0,1.0,2.0
2019-01-30 Southampton-Crystal Palace,1819,2019-01-30,Southampton,Crystal Palace,Andre Marriner,11.0,7.0,1.2,1.4,1.0163934426229508,11.0,4.0,1.2,1.4,1.1147540983606556,2.9318181818181817,2.0,1.0,1.0,2.0,1,5.0,1.0
2019-01-30 Liverpool-Leicester City,1819,2019-01-30,Liverpool,Leicester City,Martin Atkinson,11.0,12.0,3.0,1.2,2.262295081967213,11.0,6.0,1.4,1.6,1.3934426229508197,3.5652173913043477,3.6666666666666665,1.0,1.0,2.0,1,4.0,1.0
2019-01-30 Tottenham Hotspur-Watford,1819,2019-01-30,Tottenham Hotspur,Watford,Graham Scott,10.0,9.0,2.2,1.0,2.0,11.0,6.0,1.4,1.4,1.2459016393442623,2.392857142857143,2.3333333333333335,2.0,1.0,3.0,1,4.0,2.0
2019-02-02 Chelsea-Huddersfield Town,1819,2019-02-02,Chelsea,Huddersfield Town,Paul Tierney,3.0,7.0,0.6,1.4,1.6451612903225807,4.0,1.0,0.2,1.4,0.6612903225806451,3.15625,3.0,5.0,0.0,5.0,0,0.0,2.0
2019-02-02 Cardiff City-Bournemouth,1819,2019-02-02,Cardiff City,Bournemouth,Jonathan Moss,4.0,4.0,0.4,1.6,0.8333333333333334,3.0,7.0,2.0,1.8,1.3225806451612903,3.608695652173913,2.0,2.0,0.0,2.0,0,3.0,2.0
2019-02-02 Everton-Wolves,1819,2019-02-02,Everton,Wolves,Lee Mason,4.0,6.0,0.8,0.8,1.2741935483870968,4.0,9.0,2.0,1.8,1.25,3.0,4.0,1.0,3.0,4.0,1,4.0,0.0
2019-02-02 Crystal Palace-Fulham,1819,2019-02-02,Crystal Palace,Fulham,Michael Oliver,3.0,4.0,1.4,1.6,1.1129032258064515,4.0,6.0,1.6,2.0,1.0416666666666667,3.2857142857142856,2.0,2.0,0.0,2.0,0,5.0,2.0
2019-02-02 Brighton-Watford,1819,2019-02-02,Brighton,Watford,Simon Hooper,4.0,4.0,1.2,1.8,0.9838709677419355,3.0,6.0,1.4,1.4,1.2419354838709677,2.3333333333333335,1.0,0.0,0.0,0.0,0,1.0,1.0
2019-02-02 Tottenham Hotspur-Newcastle United,1819,2019-02-02,Tottenham Hotspur,Newcastle United,Andre Marriner,3.0,9.0,1.6,1.2,2.0,4.0,7.0,1.4,1.2,0.967741935483871,2.977777777777778,2.0,1.0,0.0,1.0,0,1.0,2.0
2019-02-02 Burnley-Southampton,1819,2019-02-02,Burnley,Southampton,Anthony Taylor,4.0,11.0,1.6,0.8,0.9838709677419355,3.0,8.0,1.2,1.2,1.0161290322580645,3.3404255319148937,1.0,1.0,1.0,2.0,1,4.0,1.0
2019-02-03 Leicester City-Manchester Utd,1819,2019-02-03,Leicester City,Manchester Utd,Mike Dean,4.0,4.0,1.2,1.6,1.3870967741935485,5.0,13.0,2.2,0.8,1.8709677419354838,4.1395348837209305,3.0,0.0,1.0,1.0,0,8.0,0.0
2019-02-03 Manchester City-Arsenal,1819,2019-02-03,Manchester City,Arsenal,Martin Atkinson,5.0,12.0,2.4,0.8,2.725806451612903,5.0,9.0,1.8,1.6,2.0,3.574468085106383,3.0,3.0,1.0,4.0,1,2.0,2.0
2019-02-04 West Ham United-Liverpool,1819,2019-02-04,West Ham United,Liverpool,Kevin Friend,6.0,4.0,0.6,1.8,1.2580645161290323,5.0,10.0,2.4,1.4,2.2419354838709675,2.864864864864865,4.666666666666667,1.0,1.0,2.0,1,2.0,1.0
2019-02-06 Everton-Manchester City,1819,2019-02-06,Everton,Manchester City,Craig Pawson,4.0,6.0,1.0,1.2,1.2698412698412698,3.0,12.0,2.4,0.8,2.7301587301587302,3.6097560975609757,3.3333333333333335,0.0,2.0,2.0,0,2.0,0.0
2019-02-09 Brighton-Burnley,1819,2019-02-09,Brighton,Burnley,Stuart Attwell,7.0,2.0,1.0,1.8,0.9682539682539683,7.0,9.0,1.4,1.0,0.9841269841269841,3.5357142857142856,0.3333333333333333,1.0,3.0,4.0,1,2.0,0.0
2019-02-09 Watford-Everton,1819,2019-02-09,Watford,Everton,Lee Probert,7.0,6.0,1.2,1.2,1.2222222222222223,3.0,6.0,1.0,1.4,1.25,2.32,3.3333333333333335,1.0,0.0,1.0,0,3.0,2.0
2019-02-09 Liverpool-Bournemouth,1819,2019-02-09,Liverpool,Bournemouth,Anthony Taylor,5.0,8.0,1.6,1.4,2.2222222222222223,7.0,7.0,1.8,1.4,1.3015873015873016,3.3541666666666665,3.6666666666666665,3.0,0.0,3.0,0,4.0,2.0
2019-02-09 Southampton-Cardiff City,1819,2019-02-09,Southampton,Cardiff City,Martin Atkinson,7.0,9.0,1.2,0.8,1.0158730158730158,7.0,4.0,0.6,1.6,0.88,3.5416666666666665,1.0,1.0,2.0,3.0,1,6.0,0.0
2019-02-09 Crystal Palace-West Ham United,1819,2019-02-09,Crystal Palace,West Ham United,Craig Pawson,7.0,7.0,1.8,1.4,1.126984126984127,5.0,5.0,0.8,1.6,1.253968253968254,3.5714285714285716,3.6666666666666665,1.0,1.0,2.0,1,3.0,1.0
2019-02-09 Fulham-Manchester Utd,1819,2019-02-09,Fulham,Manchester Utd,Paul Tierney,7.0,3.0,1.4,2.4,1.0,6.0,13.0,1.6,0.6,1.8571428571428572,3.0606060606060606,5.0,0.0,3.0,3.0,0,5.0,0.0
2019-02-09 Huddersfield Town-Arsenal,1819,2019-02-09,Huddersfield Town,Arsenal,Jonathan Moss,7.0,1.0,0.2,2.2,0.6507936507936508,6.0,9.0,1.8,1.2,1.9841269841269842,3.595744680851064,2.3333333333333335,1.0,2.0,3.0,1,5.0,0.0
2019-02-10 Tottenham Hotspur-Leicester City,1819,2019-02-10,Tottenham Hotspur,Leicester City,Michael Oliver,8.0,12.0,1.6,0.6,1.9841269841269842,7.0,4.0,1.2,1.6,1.3650793650793651,3.32,4.666666666666667,3.0,1.0,4.0,1,4.0,2.0
2019-02-10 Manchester City-Chelsea,1819,2019-02-10,Manchester City,Chelsea,Mike Dean,4.0,12.0,2.4,0.6,2.71875,8.0,7.0,1.4,1.4,1.6984126984126984,4.2272727272727275,1.3333333333333333,6.0,0.0,6.0,0,3.0,2.0
2019-02-11 Wolves-Newcastle United,1819,2019-02-11,Wolves,Newcastle United,Graham Scott,9.0,9.0,2.0,1.8,1.32,9.0,6.0,1.2,1.2,0.9523809523809523,2.4482758620689653,3.0,1.0,1.0,2.0,1,4.0,1.0
2019-02-22 Cardiff City-Watford,1819,2019-02-22,Cardiff City,Watford,Simon Hooper,13.0,7.0,1.0,1.2,0.9230769230769231,13.0,8.0,0.8,0.6,1.21875,2.142857142857143,5.0,1.0,5.0,6.0,1,3.0,0.0
2019-02-22 West Ham United-Fulham,1819,2019-02-22,West Ham United,Fulham,Lee Mason,13.0,5.0,0.6,1.4,1.25,13.0,3.0,1.2,2.2,0.9615384615384616,3.032258064516129,2.0,3.0,1.0,4.0,1,2.0,2.0
2019-02-23 Leicester City-Crystal Palace,1819,2019-02-23,Leicester City,Crystal Palace,Anthony Taylor,13.0,1.0,1.2,2.2,1.359375,14.0,5.0,1.6,1.6,1.125,3.36734693877551,3.0,1.0,4.0,5.0,1,3.0,0.0
2019-02-23 Newcastle United-Huddersfield Town,1819,2019-02-23,Newcastle United,Huddersfield Town,Kevin Friend,12.0,7.0,1.4,1.0,0.953125,14.0,1.0,0.2,2.2,0.65625,2.8421052631578947,1.0,2.0,0.0,2.0,0,3.0,2.0
2019-02-23 Bournemouth-Wolves,1819,2019-02-23,Bournemouth,Wolves,Roger East,14.0,6.0,1.2,1.4,1.28125,12.0,10.0,2.2,1.6,1.3076923076923077,3.3333333333333335,2.0,1.0,1.0,2.0,1,10.0,1.0
2019-02-23 Burnley-Tottenham Hotspur,1819,2019-02-23,Burnley,Tottenham Hotspur,Mike Dean,14.0,9.0,1.6,1.0,1.015625,13.0,12.0,1.6,0.8,2.0,4.2,2.0,2.0,1.0,3.0,1,4.0,2.0
2019-02-24 Arsenal-Southampton,1819,2019-02-24,Arsenal,Southampton,Graham Scott,15.0,9.0,1.4,1.2,1.984375,15.0,8.0,1.4,1.2,1.015625,2.5,4.0,2.0,0.0,2.0,0,0.0,2.0
2019-02-24 Manchester Utd-Liverpool,1819,2019-02-24,Manchester Utd,Liverpool,Michael Oliver,15.0,13.0,1.8,0.6,1.875,15.0,11.0,2.0,1.0,2.234375,3.3333333333333335,2.3333333333333335,0.0,0.0,0.0,0,4.0,1.0
2019-02-26 Cardiff City-Everton,1819,2019-02-26,Cardiff City,Everton,Kevin Friend,4.0,6.0,1.2,2.2,0.9259259259259259,17.0,3.0,0.6,1.6,1.2307692307692308,2.8461538461538463,1.0,0.0,3.0,3.0,0,4.0,0.0
2019-02-26 Huddersfield Town-Wolves,1819,2019-02-26,Huddersfield Town,Wolves,David Coote,3.0,0.0,0.2,2.6,0.6461538461538462,3.0,11.0,2.4,1.2,1.2962962962962963,3.25,2.0,1.0,0.0,1.0,0,4.0,2.0
2019-02-26 Leicester City-Brighton,1819,2019-02-26,Leicester City,Brighton,Lee Probert,3.0,1.0,1.2,2.6,1.353846153846154,17.0,1.0,0.8,2.0,0.96875,2.3461538461538463,2.0,2.0,1.0,3.0,1,2.0,2.0
2019-02-26 Newcastle United-Burnley,1819,2019-02-26,Newcastle United,Burnley,Craig Pawson,3.0,10.0,1.6,0.6,0.9692307692307692,3.0,9.0,1.6,1.0,1.0307692307692307,3.558139534883721,2.0,2.0,0.0,2.0,0,4.0,2.0
2019-02-27 Crystal Palace-Manchester Utd,1819,2019-02-27,Crystal Palace,Manchester Utd,Martin Atkinson,4.0,8.0,2.2,1.4,1.1692307692307693,3.0,11.0,1.6,0.6,1.8461538461538463,3.5918367346938775,3.0,1.0,3.0,4.0,1,5.0,0.0
2019-02-27 Chelsea-Tottenham Hotspur,1819,2019-02-27,Chelsea,Tottenham Hotspur,Andre Marriner,17.0,6.0,1.4,2.6,1.671875,4.0,12.0,1.8,1.0,1.9846153846153847,2.9347826086956523,3.6666666666666665,2.0,0.0,2.0,0,2.0,2.0
2019-02-27 Liverpool-Watford,1819,2019-02-27,Liverpool,Watford,Graham Scott,3.0,9.0,1.8,1.0,2.2,5.0,8.0,1.4,0.6,1.2769230769230768,2.4193548387096775,4.666666666666667,5.0,0.0,5.0,0,2.0,2.0
2019-02-27 Arsenal-Bournemouth,1819,2019-02-27,Arsenal,Bournemouth,Chris Kavanagh,3.0,12.0,1.8,1.0,1.9846153846153847,4.0,7.0,1.4,1.2,1.2769230769230768,3.433333333333333,3.0,5.0,1.0,6.0,1,4.0,2.0
2019-02-27 Southampton-Fulham,1819,2019-02-27,Southampton,Fulham,Anthony Taylor,3.0,5.0,1.0,1.4,1.0,5.0,3.0,1.2,2.4,0.9629629629629629,3.36,5.0,2.0,0.0,2.0,0,1.0,2.0
2019-02-27 Manchester City-West Ham United,1819,2019-02-27,Manchester City,West Ham United,Stuart Attwell,17.0,12.0,3.0,0.6,2.769230769230769,5.0,5.0,1.0,1.6,1.2769230769230768,3.4827586206896552,4.0,1.0,0.0,1.0,0,2.0,2.0
2019-03-02 Wolves-Cardiff City,1819,2019-03-02,Wolves,Cardiff City,Andre Marriner,4.0,8.0,1.6,0.8,1.25,4.0,6.0,1.2,2.2,0.8928571428571429,2.9148936170212765,3.0,2.0,0.0,2.0,0,3.0,2.0
2019-03-02 West Ham United-Newcastle United,1819,2019-03-02,West Ham United,Newcastle United,Chris Kavanagh,3.0,5.0,1.0,1.4,1.2575757575757576,4.0,10.0,1.4,0.6,0.9848484848484849,3.4516129032258065,3.6666666666666665,2.0,0.0,2.0,0,7.0,2.0
2019-03-02 Manchester Utd-Southampton,1819,2019-03-02,Manchester Utd,Southampton,Stuart Attwell,3.0,11.0,1.8,0.6,1.8636363636363635,3.0,5.0,1.0,1.2,1.0151515151515151,3.433333333333333,1.6666666666666667,3.0,2.0,5.0,1,3.0,2.0
2019-03-02 Tottenham Hotspur-Arsenal,1819,2019-03-02,Tottenham Hotspur,Arsenal,Anthony Taylor,3.0,9.0,1.4,1.2,1.9545454545454546,3.0,12.0,2.4,1.2,2.0303030303030303,3.3137254901960786,3.0,1.0,1.0,2.0,1,6.0,1.0
2019-03-02 Brighton-Huddersfield Town,1819,2019-03-02,Brighton,Huddersfield Town,Mike Dean,4.0,1.0,1.0,2.2,0.9692307692307692,4.0,3.0,0.4,2.0,0.6515151515151515,4.195652173913044,2.3333333333333335,1.0,0.0,1.0,0,4.0,2.0
2019-03-02 Burnley-Crystal Palace,1819,2019-03-02,Burnley,Crystal Palace,Lee Probert,4.0,8.0,1.6,1.4,1.0151515151515151,3.0,8.0,1.8,1.2,1.1666666666666667,2.3333333333333335,1.3333333333333333,1.0,3.0,4.0,1,3.0,0.0
2019-03-02 Bournemouth-Manchester City,1819,2019-03-02,Bournemouth,Manchester City,Kevin Friend,3.0,4.0,1.2,2.2,1.2727272727272727,3.0,12.0,2.6,0.6,2.742424242424242,2.875,3.6666666666666665,0.0,1.0,1.0,0,3.0,0.0
2019-03-03 Watford-Leicester City,1819,2019-03-03,Watford,Leicester City,Jonathan Moss,4.0,7.0,1.4,1.6,1.2575757575757576,5.0,4.0,1.0,2.0,1.3636363636363635,3.625,2.3333333333333335,2.0,1.0,3.0,1,6.0,2.0
2019-03-03 Fulham-Chelsea,1819,2019-03-03,Fulham,Chelsea,Graham Scott,4.0,3.0,1.0,2.4,0.9285714285714286,4.0,6.0,1.4,2.4,1.676923076923077,2.40625,2.0,1.0,2.0,3.0,1,3.0,0.0
2019-03-03 Everton-Liverpool,1819,2019-03-03,Everton,Liverpool,Martin Atkinson,5.0,6.0,1.0,1.2,1.2575757575757576,4.0,9.0,2.0,0.4,2.242424242424242,3.62,1.0,0.0,0.0,0.0,0,3.0,1.0
2019-03-09 Southampton-Tottenham Hotspur,1819,2019-03-09,Southampton,Tottenham Hotspur,Kevin Friend,7.0,4.0,1.2,1.6,1.0298507462686568,7.0,7.0,1.2,1.2,1.9402985074626866,2.8780487804878048,4.333333333333333,2.0,1.0,3.0,1,6.0,2.0
2019-03-09 Crystal Palace-Brighton,1819,2019-03-09,Crystal Palace,Brighton,Craig Pawson,7.0,10.0,2.2,1.2,1.1940298507462686,7.0,4.0,1.0,1.8,0.9696969696969697,3.5681818181818183,3.0,1.0,2.0,3.0,1,6.0,0.0
2019-03-09 Cardiff City-West Ham United,1819,2019-03-09,Cardiff City,West Ham United,Graham Scott,7.0,6.0,1.0,2.2,0.8620689655172413,7.0,8.0,1.4,0.8,1.2686567164179106,2.4242424242424243,4.0,2.0,0.0,2.0,0,3.0,2.0
2019-03-09 Huddersfield Town-Bournemouth,1819,2019-03-09,Huddersfield Town,Bournemouth,Anthony Taylor,7.0,3.0,0.4,2.0,0.6417910447761194,7.0,1.0,0.4,2.4,1.2537313432835822,3.3653846153846154,4.0,0.0,2.0,2.0,0,4.0,0.0
2019-03-09 Leicester City-Fulham,1819,2019-03-09,Leicester City,Fulham,David Coote,6.0,3.0,1.0,2.2,1.3582089552238805,6.0,0.0,0.4,2.4,0.9310344827586207,3.3333333333333335,2.0,3.0,1.0,4.0,1,2.0,2.0
2019-03-09 Newcastle United-Everton,1819,2019-03-09,Newcastle United,Everton,Lee Mason,7.0,7.0,1.0,0.8,0.9701492537313433,6.0,4.0,0.8,1.2,1.2388059701492538,3.0,1.3333333333333333,3.0,2.0,5.0,1,4.0,2.0
2019-03-09 Manchester City-Watford,1819,2019-03-09,Manchester City,Watford,Paul Tierney,7.0,15.0,2.6,0.2,2.716417910447761,6.0,10.0,1.6,1.4,1.2686567164179106,3.1176470588235294,4.333333333333333,3.0,1.0,4.0,1,2.0,2.0
2019-03-10 Arsenal-Manchester Utd,1819,2019-03-10,Arsenal,Manchester Utd,Jonathan Moss,8.0,10.0,2.2,1.2,2.014925373134328,8.0,13.0,2.0,0.6,1.8805970149253732,3.673469387755102,3.6666666666666665,2.0,0.0,2.0,0,4.0,2.0
2019-03-10 Liverpool-Burnley,1819,2019-03-10,Liverpool,Burnley,Andre Marriner,7.0,9.0,1.8,0.2,2.208955223880597,8.0,7.0,1.4,1.6,1.0149253731343284,2.9166666666666665,3.0,4.0,2.0,6.0,1,2.0,2.0
2019-03-10 Chelsea-Wolves,1819,2019-03-10,Chelsea,Wolves,Michael Oliver,7.0,9.0,1.8,2.2,1.6818181818181819,8.0,8.0,1.4,0.8,1.2758620689655173,3.3461538461538463,3.0,1.0,1.0,2.0,1,5.0,1.0
2019-03-16 Bournemouth-Newcastle United,1819,2019-03-16,Bournemouth,Newcastle United,Mike Dean,7.0,4.0,0.8,2.0,1.2647058823529411,7.0,10.0,1.6,1.0,1.0,4.191489361702128,2.6666666666666665,2.0,2.0,4.0,1,5.0,1.0
2019-03-16 Burnley-Leicester City,1819,2019-03-16,Burnley,Leicester City,Michael Oliver,6.0,6.0,1.6,2.2,1.0294117647058822,7.0,6.0,1.6,2.2,1.3823529411764706,3.3773584905660377,1.3333333333333333,1.0,2.0,3.0,1,3.0,0.0
2019-03-16 West Ham United-Huddersfield Town,1819,2019-03-16,West Ham United,Huddersfield Town,Jonathan Moss,7.0,7.0,1.2,1.0,1.25,7.0,3.0,0.4,1.4,0.6323529411764706,3.68,3.0,4.0,3.0,7.0,1,2.0,2.0
2019-03-17 Everton-Chelsea,1819,2019-03-17,Everton,Chelsea,Anthony Taylor,8.0,4.0,1.0,1.2,1.25,7.0,10.0,2.0,1.6,1.671641791044776,3.3773584905660377,0.6666666666666666,2.0,0.0,2.0,0,3.0,2.0
2019-03-17 Fulham-Liverpool,1819,2019-03-17,Fulham,Liverpool,Craig Pawson,8.0,0.0,0.6,2.6,0.9333333333333333,7.0,11.0,2.4,0.4,2.235294117647059,3.6222222222222222,2.0,1.0,2.0,3.0,1,3.0,0.0
2019-03-30 Manchester Utd-Watford,1819,2019-03-30,Manchester Utd,Watford,Stuart Attwell,20.0,10.0,1.8,1.0,1.8529411764705883,21.0,9.0,1.8,2.0,1.2647058823529411,3.4193548387096775,3.3333333333333335,2.0,1.0,3.0,1,3.0,2.0
2019-03-30 Burnley-Wolves,1819,2019-03-30,Burnley,Wolves,Chris Kavanagh,14.0,3.0,1.2,2.4,1.0289855072463767,20.0,6.0,1.0,0.8,1.2666666666666666,3.5625,1.0,2.0,0.0,2.0,0,2.0,2.0
2019-03-30 West Ham United-Everton,1819,2019-03-30,West Ham United,Everton,Paul Tierney,14.0,9.0,1.8,1.4,1.289855072463768,13.0,7.0,1.4,0.8,1.2608695652173914,3.085714285714286,4.0,0.0,2.0,2.0,0,2.0,0.0
2019-03-30 Leicester City-Bournemouth,1819,2019-03-30,Leicester City,Bournemouth,Lee Mason,14.0,9.0,1.8,1.8,1.391304347826087,14.0,5.0,1.2,1.8,1.2753623188405796,3.0303030303030303,2.6666666666666665,2.0,0.0,2.0,0,2.0,2.0
2019-03-30 Brighton-Southampton,1819,2019-03-30,Brighton,Southampton,Michael Oliver,21.0,7.0,1.0,1.2,0.9850746268656716,21.0,6.0,1.4,1.6,1.0441176470588236,3.3703703703703702,2.6666666666666665,0.0,1.0,1.0,0,3.0,0.0
2019-03-30 Fulham-Manchester City,1819,2019-03-30,Fulham,Manchester City,Kevin Friend,13.0,0.0,0.8,2.4,0.9354838709677419,21.0,15.0,2.6,0.2,2.7205882352941178,2.9523809523809526,3.0,0.0,2.0,2.0,0,2.0,0.0
2019-03-30 Crystal Palace-Huddersfield Town,1819,2019-03-30,Crystal Palace,Huddersfield Town,Lee Probert,21.0,7.0,2.0,1.6,1.1911764705882353,14.0,3.0,0.8,1.8,0.6666666666666666,2.357142857142857,2.0,2.0,0.0,2.0,0,0.0,2.0
2019-03-31 Cardiff City-Chelsea,1819,2019-03-31,Cardiff City,Chelsea,Craig Pawson,22.0,6.0,1.0,2.2,0.9,14.0,7.0,1.0,2.0,1.6470588235294117,3.608695652173913,5.0,1.0,2.0,3.0,1,5.0,0.0
2019-03-31 Liverpool-Tottenham Hotspur,1819,2019-03-31,Liverpool,Tottenham Hotspur,Martin Atkinson,14.0,11.0,2.2,0.6,2.2318840579710146,22.0,4.0,1.2,1.6,1.9264705882352942,3.607843137254902,4.0,2.0,1.0,3.0,1,1.0,2.0
2019-04-01 Arsenal-Newcastle United,1819,2019-04-01,Arsenal,Newcastle United,Anthony Taylor,22.0,13.0,2.4,0.6,2.014705882352941,16.0,10.0,1.8,1.2,1.0144927536231885,3.3703703703703702,2.3333333333333335,2.0,0.0,2.0,0,2.0,2.0
2019-04-02 Watford-Fulham,1819,2019-04-02,Watford,Fulham,Roger East,3.0,6.0,1.8,2.4,1.2608695652173914,3.0,0.0,0.6,2.2,0.90625,3.6,2.0,4.0,1.0,5.0,1,5.0,2.0
2019-04-02 Wolves-Manchester Utd,1819,2019-04-02,Wolves,Manchester Utd,Mike Dean,3.0,5.0,0.8,1.0,1.2258064516129032,3.0,10.0,1.6,1.2,1.855072463768116,4.208333333333333,2.0,2.0,1.0,3.0,1,4.0,2.0
2019-04-03 Tottenham Hotspur-Crystal Palace,1819,2019-04-03,Tottenham Hotspur,Crystal Palace,Andre Marriner,3.0,1.0,0.8,1.8,1.9130434782608696,4.0,9.0,2.2,1.4,1.2028985507246377,2.8979591836734695,1.0,2.0,0.0,2.0,0,1.0,2.0
2019-04-03 Manchester City-Cardiff City,1819,2019-04-03,Manchester City,Cardiff City,Jonathan Moss,4.0,15.0,2.6,0.2,2.710144927536232,3.0,3.0,0.8,2.4,0.9032258064516129,3.6470588235294117,5.0,2.0,0.0,2.0,0,3.0,2.0
2019-04-03 Chelsea-Brighton,1819,2019-04-03,Chelsea,Brighton,Graham Scott,3.0,10.0,1.4,1.0,1.6521739130434783,4.0,6.0,1.0,1.4,0.9705882352941176,2.4411764705882355,3.0,3.0,0.0,3.0,0,0.0,2.0
2019-04-05 Southampton-Liverpool,1819,2019-04-05,Southampton,Liverpool,Paul Tierney,6.0,9.0,1.4,1.2,1.0434782608695652,5.0,13.0,2.6,0.8,2.2285714285714286,3.0555555555555554,2.6666666666666665,1.0,3.0,4.0,1,6.0,0.0
2019-04-06 Bournemouth-Burnley,1819,2019-04-06,Bournemouth,Burnley,Martin Atkinson,7.0,4.0,1.0,2.0,1.2571428571428571,7.0,3.0,1.2,2.2,1.042857142857143,3.5576923076923075,3.3333333333333335,1.0,3.0,4.0,1,5.0,0.0
2019-04-06 Huddersfield Town-Leicester City,1819,2019-04-06,Huddersfield Town,Leicester City,David Coote,7.0,3.0,0.8,1.8,0.6571428571428571,7.0,12.0,2.0,1.0,1.4,3.2,3.0,1.0,4.0,5.0,1,3.0,0.0
2019-04-06 Newcastle United-Crystal Palace,1819,2019-04-06,Newcastle United,Crystal Palace,Stuart Attwell,5.0,7.0,1.4,1.6,1.0,3.0,6.0,1.4,1.6,1.1857142857142857,3.40625,1.0,0.0,1.0,1.0,0,3.0,0.0
2019-04-07 Everton-Arsenal,1819,2019-04-07,Everton,Arsenal,Kevin Friend,8.0,10.0,1.8,0.6,1.2714285714285714,6.0,13.0,2.4,0.4,2.0144927536231885,2.9302325581395348,5.0,1.0,0.0,1.0,0,5.0,2.0
2019-04-08 Chelsea-West Ham United,1819,2019-04-08,Chelsea,West Ham United,Chris Kavanagh,5.0,10.0,1.6,1.0,1.6714285714285715,9.0,6.0,1.2,1.6,1.2714285714285714,3.515151515151515,1.0,2.0,0.0,2.0,0,3.0,2.0
2019-04-12 Leicester City-Newcastle United,1819,2019-04-12,Leicester City,Newcastle United,Chris Kavanagh,6.0,12.0,2.4,1.0,1.4366197183098592,6.0,4.0,1.0,1.8,0.9859154929577465,3.5,3.3333333333333335,0.0,1.0,1.0,0,5.0,0.0
2019-04-13 Fulham-Everton,1819,2019-04-13,Fulham,Everton,Lee Probert,11.0,0.0,0.8,2.6,0.9090909090909091,6.0,10.0,1.4,0.6,1.267605633802817,2.2758620689655173,3.0,2.0,0.0,2.0,0,3.0,2.0
2019-04-13 Southampton-Wolves,1819,2019-04-13,Southampton,Wolves,Jonathan Moss,8.0,9.0,1.6,1.4,1.042857142857143,11.0,7.0,1.0,1.0,1.25,3.6346153846153846,2.0,3.0,1.0,4.0,1,4.0,2.0
2019-04-13 Manchester Utd-West Ham United,1819,2019-04-13,Manchester Utd,West Ham United,Graham Scott,11.0,9.0,1.8,1.6,1.8428571428571427,5.0,6.0,1.2,1.8,1.2535211267605635,2.3714285714285714,2.6666666666666665,2.0,1.0,3.0,1,2.0,2.0
2019-04-13 Burnley-Cardiff City,1819,2019-04-13,Burnley,Cardiff City,Mike Dean,7.0,6.0,1.8,2.0,1.0704225352112675,10.0,3.0,0.6,1.8,0.875,4.204081632653061,3.0,2.0,0.0,2.0,0,6.0,2.0
2019-04-13 Tottenham Hotspur-Huddersfield Town,1819,2019-04-13,Tottenham Hotspur,Huddersfield Town,Lee Mason,10.0,4.0,1.0,1.4,1.9142857142857144,7.0,0.0,0.8,2.6,0.6619718309859155,3.0,2.6666666666666665,4.0,0.0,4.0,0,4.0,2.0
2019-04-13 Brighton-Bournemouth,1819,2019-04-13,Brighton,Bournemouth,Kevin Friend,10.0,6.0,0.8,1.4,0.9565217391304348,7.0,4.0,1.0,1.6,1.2535211267605635,2.977272727272727,3.0,0.0,5.0,5.0,0,7.0,0.0
2019-04-14 Crystal Palace-Manchester City,1819,2019-04-14,Crystal Palace,Manchester City,Martin Atkinson,8.0,9.0,1.4,1.0,1.1830985915492958,11.0,15.0,1.8,0.2,2.7,3.5849056603773586,3.3333333333333335,1.0,3.0,4.0,1,0.0,0.0
2019-04-14 Liverpool-Chelsea,1819,2019-04-14,Liverpool,Chelsea,Michael Oliver,9.0,13.0,2.2,1.0,2.23943661971831,6.0,10.0,1.6,0.8,1.676056338028169,3.3636363636363638,1.6666666666666667,2.0,0.0,2.0,0,1.0,2.0
2019-04-15 Watford-Arsenal,1819,2019-04-15,Watford,Arsenal,Craig Pawson,13.0,6.0,1.6,2.4,1.3,8.0,10.0,2.0,0.6,1.9857142857142858,3.6382978723404253,2.6666666666666665,0.0,1.0,1.0,0,3.0,0.0
2019-04-16 Brighton-Cardiff City,1819,2019-04-16,Brighton,Cardiff City,Andre Marriner,3.0,6.0,0.6,2.0,0.9428571428571428,3.0,3.0,0.6,1.6,0.8484848484848485,2.86,3.0,0.0,2.0,2.0,0,1.0,0.0
2019-04-20 Wolves-Brighton,1819,2019-04-20,Wolves,Brighton,Craig Pawson,7.0,7.0,1.2,1.4,1.2424242424242424,4.0,3.0,0.4,2.4,0.9295774647887324,3.625,1.0,0.0,0.0,0.0,0,1.0,1.0
2019-04-20 West Ham United-Leicester City,1819,2019-04-20,West Ham United,Leicester City,Lee Probert,7.0,3.0,1.0,2.2,1.25,8.0,12.0,2.2,0.8,1.4166666666666667,2.3,2.0,2.0,2.0,4.0,1,2.0,1.0
2019-04-20 Newcastle United-Southampton,1819,2019-04-20,Newcastle United,Southampton,Anthony Taylor,8.0,7.0,1.2,1.4,0.9861111111111112,7.0,9.0,1.8,1.6,1.0704225352112675,3.3454545454545452,2.3333333333333335,3.0,1.0,4.0,1,2.0,2.0
2019-04-20 Bournemouth-Fulham,1819,2019-04-20,Bournemouth,Fulham,David Coote,7.0,7.0,2.0,1.4,1.3055555555555556,7.0,3.0,1.0,2.2,0.9411764705882353,3.1818181818181817,3.0,0.0,1.0,1.0,0,4.0,0.0
2019-04-20 Manchester City-Tottenham Hotspur,1819,2019-04-20,Manchester City,Tottenham Hotspur,Michael Oliver,6.0,15.0,2.2,0.4,2.704225352112676,7.0,7.0,1.8,1.0,1.943661971830986,3.3214285714285716,3.3333333333333335,1.0,0.0,1.0,0,3.0,2.0
2019-04-20 Huddersfield Town-Watford,1819,2019-04-20,Huddersfield Town,Watford,Roger East,7.0,0.0,0.8,3.2,0.6527777777777778,5.0,6.0,1.6,1.6,1.2816901408450705,3.6538461538461537,3.0,1.0,2.0,3.0,1,4.0,0.0
2019-04-21 Everton-Manchester Utd,1819,2019-04-21,Everton,Manchester Utd,Paul Tierney,8.0,9.0,1.4,1.0,1.25,8.0,9.0,1.6,1.6,1.8450704225352113,3.135135135135135,3.0,4.0,0.0,4.0,0,2.0,2.0
2019-04-21 Arsenal-Crystal Palace,1819,2019-04-21,Arsenal,Crystal Palace,Jonathan Moss,6.0,10.0,1.2,0.4,1.971830985915493,7.0,6.0,1.0,1.4,1.1805555555555556,3.641509433962264,4.666666666666667,2.0,3.0,5.0,1,5.0,0.0
2019-04-21 Cardiff City-Liverpool,1819,2019-04-21,Cardiff City,Liverpool,Martin Atkinson,5.0,6.0,1.0,1.2,0.8823529411764706,7.0,15.0,2.6,1.0,2.236111111111111,3.5185185185185186,5.0,0.0,2.0,2.0,0,2.0,0.0
2019-04-22 Chelsea-Burnley,1819,2019-04-22,Chelsea,Burnley,Kevin Friend,8.0,9.0,1.4,1.0,1.6527777777777777,9.0,9.0,2.0,1.4,1.0833333333333333,3.066666666666667,4.0,2.0,2.0,4.0,1,3.0,1.0
2019-04-23 Tottenham Hotspur-Brighton,1819,2019-04-23,Tottenham Hotspur,Brighton,Chris Kavanagh,3.0,6.0,1.6,1.0,1.9166666666666667,3.0,1.0,0.0,2.2,0.9166666666666666,3.5428571428571427,2.3333333333333335,1.0,0.0,1.0,0,3.0,2.0
2019-04-23 Watford-Southampton,1819,2019-04-23,Watford,Southampton,Mike Dean,3.0,6.0,1.6,1.6,1.2916666666666667,3.0,9.0,1.6,1.6,1.0694444444444444,4.24,2.6666666666666665,1.0,1.0,2.0,1,7.0,1.0
2019-04-24 Wolves-Arsenal,1819,2019-04-24,Wolves,Arsenal,Stuart Attwell,4.0,5.0,0.8,1.4,1.2058823529411764,3.0,9.0,1.4,0.8,1.9722222222222223,3.393939393939394,2.0,3.0,1.0,4.0,1,5.0,2.0
2019-04-24 Manchester Utd-Manchester City,1819,2019-04-24,Manchester Utd,Manchester City,Andre Marriner,3.0,6.0,1.0,2.0,1.8194444444444444,4.0,15.0,2.2,0.4,2.6805555555555554,2.823529411764706,4.0,0.0,2.0,2.0,0,4.0,0.0
2019-04-26 Liverpool-Huddersfield Town,1819,2019-04-26,Liverpool,Huddersfield Town,Kevin Friend,5.0,15.0,2.2,0.6,2.232876712328767,6.0,0.0,1.0,3.2,0.6575342465753424,3.0652173913043477,2.3333333333333335,5.0,0.0,5.0,0,0.0,2.0
2019-04-27 Watford-Wolves,1819,2019-04-27,Watford,Wolves,Simon Hooper,4.0,7.0,1.6,1.2,1.2876712328767124,3.0,7.0,1.2,1.4,1.2571428571428571,2.25,2.0,1.0,2.0,3.0,1,5.0,0.0
2019-04-27 Brighton-Newcastle United,1819,2019-04-27,Brighton,Newcastle United,Mike Dean,4.0,1.0,0.0,2.2,0.9041095890410958,7.0,7.0,1.2,1.2,1.0136986301369864,4.294117647058823,0.6666666666666666,1.0,1.0,2.0,1,5.0,1.0
2019-04-27 Southampton-Bournemouth,1819,2019-04-27,Southampton,Bournemouth,Graham Scott,4.0,7.0,1.4,1.6,1.0684931506849316,7.0,4.0,1.6,1.6,1.2876712328767124,2.361111111111111,1.6666666666666667,3.0,3.0,6.0,1,3.0,1.0
2019-04-27 Tottenham Hotspur-West Ham United,1819,2019-04-27,Tottenham Hotspur,West Ham United,Anthony Taylor,4.0,9.0,1.6,0.6,1.904109589041096,7.0,4.0,1.4,2.2,1.2602739726027397,3.3214285714285716,2.6666666666666665,0.0,1.0,1.0,0,2.0,0.0
2019-04-27 Crystal Palace-Everton,1819,2019-04-27,Crystal Palace,Everton,Lee Mason,6.0,9.0,1.4,1.4,1.2054794520547945,6.0,12.0,1.8,0.4,1.2876712328767124,3.0285714285714285,3.3333333333333335,0.0,0.0,0.0,0,2.0,1.0
2019-04-27 Fulham-Cardiff City,1819,2019-04-27,Fulham,Cardiff City,Chris Kavanagh,7.0,6.0,1.0,1.6,0.9428571428571428,6.0,3.0,0.6,1.6,0.8571428571428571,3.5277777777777777,6.0,1.0,0.0,1.0,0,0.0,2.0
2019-04-28 Leicester City-Arsenal,1819,2019-04-28,Leicester City,Arsenal,Michael Oliver,8.0,10.0,2.0,1.0,1.4246575342465753,4.0,6.0,1.2,1.4,1.9589041095890412,3.3157894736842106,5.0,3.0,0.0,3.0,0,5.0,2.0
2019-04-28 Burnley-Manchester City,1819,2019-04-28,Burnley,Manchester City,Paul Tierney,6.0,10.0,2.0,1.0,1.095890410958904,4.0,15.0,2.0,0.2,2.671232876712329,3.1052631578947367,3.3333333333333335,0.0,1.0,1.0,0,2.0,0.0
2019-04-28 Manchester Utd-Chelsea,1819,2019-04-28,Manchester Utd,Chelsea,Martin Atkinson,4.0,6.0,1.0,2.0,1.7945205479452055,6.0,10.0,1.8,1.0,1.6575342465753424,3.4909090909090907,2.6666666666666665,1.0,1.0,2.0,1,5.0,1.0
2019-05-03 Everton-Burnley,1819,2019-05-03,Everton,Burnley,Chris Kavanagh,6.0,10.0,1.4,0.4,1.2702702702702702,5.0,10.0,1.8,0.8,1.0810810810810811,3.4324324324324325,3.3333333333333335,2.0,0.0,2.0,0,2.0,2.0
2019-05-04 Newcastle United-Liverpool,1819,2019-05-04,Newcastle United,Liverpool,Andre Marriner,7.0,7.0,1.0,1.0,1.0135135135135136,8.0,15.0,2.8,0.4,2.27027027027027,2.8461538461538463,2.6666666666666665,2.0,3.0,5.0,1,2.0,0.0
2019-05-04 Wolves-Fulham,1819,2019-05-04,Wolves,Fulham,Jonathan Moss,7.0,10.0,1.6,1.2,1.2777777777777777,7.0,9.0,1.0,1.2,0.9444444444444444,3.6666666666666665,2.0,1.0,0.0,1.0,0,4.0,2.0
2019-05-04 Cardiff City-Crystal Palace,1819,2019-05-04,Cardiff City,Crystal Palace,Michael Oliver,7.0,3.0,0.4,1.4,0.8333333333333334,7.0,7.0,1.0,1.4,1.1891891891891893,3.3448275862068964,0.0,2.0,3.0,5.0,1,0.0,0.0
2019-05-04 Bournemouth-Tottenham Hotspur,1819,2019-05-04,Bournemouth,Tottenham Hotspur,Craig Pawson,7.0,4.0,1.8,1.8,1.3108108108108107,7.0,9.0,1.4,0.4,1.8783783783783783,3.5714285714285716,3.6666666666666665,1.0,0.0,1.0,0,8.0,2.0
2019-05-04 West Ham United-Southampton,1819,2019-05-04,West Ham United,Southampton,Stuart Attwell,7.0,4.0,0.8,1.6,1.2567567567567568,7.0,5.0,1.8,2.2,1.0945945945945945,3.4411764705882355,3.6666666666666665,3.0,0.0,3.0,0,2.0,2.0
2019-05-05 Chelsea-Watford,1819,2019-05-05,Chelsea,Watford,Paul Tierney,7.0,8.0,1.6,1.0,1.6486486486486487,8.0,7.0,1.6,1.2,1.2837837837837838,3.076923076923077,4.666666666666667,3.0,0.0,3.0,0,1.0,2.0
2019-05-05 Huddersfield Town-Manchester Utd,1819,2019-05-05,Huddersfield Town,Manchester Utd,Lee Mason,9.0,0.0,0.4,3.4,0.6486486486486487,7.0,4.0,0.8,2.0,1.7837837837837838,3.0,3.0,1.0,1.0,2.0,1,2.0,1.0
2019-05-05 Arsenal-Brighton,1819,2019-05-05,Arsenal,Brighton,Anthony Taylor,7.0,3.0,0.8,2.0,1.9324324324324325,8.0,2.0,0.2,1.8,0.9054054054054054,3.2982456140350878,2.3333333333333335,1.0,1.0,2.0,1,7.0,1.0
2019-05-06 Manchester City-Leicester City,1819,2019-05-06,Manchester City,Leicester City,Mike Dean,8.0,15.0,1.8,0.2,2.6486486486486487,8.0,10.0,2.2,0.8,1.445945945945946,4.3076923076923075,3.6666666666666665,1.0,0.0,1.0,0,5.0,2.0
2019-05-12 Southampton-Huddersfield Town,1819,2019-05-12,Southampton,Huddersfield Town,Lee Probert,8.0,5.0,1.6,2.2,1.08,7.0,1.0,0.6,3.2,0.6533333333333333,2.2903225806451615,2.0,1.0,1.0,2.0,1,1.0,1.0
2019-05-12 Watford-West Ham United,1819,2019-05-12,Watford,West Ham United,Chris Kavanagh,7.0,4.0,0.8,1.6,1.2666666666666666,8.0,7.0,1.4,1.2,1.28,3.3947368421052633,2.0,1.0,4.0,5.0,1,2.0,0.0
2019-05-12 Tottenham Hotspur-Everton,1819,2019-05-12,Tottenham Hotspur,Everton,Andre Marriner,8.0,6.0,1.0,0.6,1.8533333333333333,9.0,10.0,1.4,0.4,1.28,2.830188679245283,5.0,2.0,2.0,4.0,1,2.0,1.0
2019-05-12 Liverpool-Wolves,1819,2019-05-12,Liverpool,Wolves,Martin Atkinson,8.0,15.0,3.0,0.6,2.28,8.0,10.0,1.4,1.0,1.2702702702702702,3.517857142857143,2.0,2.0,0.0,2.0,0,2.0,2.0
2019-05-12 Manchester Utd-Cardiff City,1819,2019-05-12,Manchester Utd,Cardiff City,Jonathan Moss,7.0,5.0,0.8,1.8,1.7733333333333334,8.0,3.0,0.8,1.6,0.8648648648648649,3.672727272727273,6.0,0.0,2.0,2.0,0,6.0,0.0
2019-05-12 Fulham-Newcastle United,1819,2019-05-12,Fulham,Newcastle United,Kevin Friend,8.0,9.0,1.0,1.0,0.918918918918919,8.0,7.0,1.4,1.2,1.0266666666666666,3.0,0.0,0.0,4.0,4.0,0,1.0,0.0
2019-05-12 Brighton-Manchester City,1819,2019-05-12,Brighton,Manchester City,Michael Oliver,7.0,3.0,0.4,1.0,0.9066666666666666,6.0,15.0,1.6,0.2,2.6266666666666665,3.288135593220339,2.6666666666666665,1.0,4.0,5.0,1,0.0,0.0
2019-05-12 Burnley-Arsenal,1819,2019-05-12,Burnley,Arsenal,Mike Dean,9.0,7.0,1.4,1.2,1.0666666666666667,7.0,4.0,1.0,2.0,1.92,4.320754716981132,3.3333333333333335,1.0,3.0,4.0,1,6.0,0.0
2019-05-12 Leicester City-Chelsea,1819,2019-05-12,Leicester City,Chelsea,Anthony Taylor,6.0,7.0,1.8,1.0,1.4266666666666667,7.0,8.0,1.6,1.0,1.6666666666666667,3.3620689655172415,1.3333333333333333,0.0,0.0,0.0,0,1.0,1.0
2019-05-12 Crystal Palace-Bournemouth,1819,2019-05-12,Crystal Palace,Bournemouth,Roger East,8.0,10.0,1.6,1.4,1.2133333333333334,8.0,7.0,2.0,1.4,1.3066666666666666,3.6666666666666665,3.6666666666666665,5.0,3.0,8.0,1,3.0,2.0
2019-08-10 West Ham United-Manchester City,1920,2019-08-10,West Ham United,Manchester City,Mike Dean,90.0,10.0,2.2,1.0,1.3157894736842106,90.0,15.0,1.8,0.2,2.6447368421052633,4.351851851851852,3.25,0.0,5.0,5.0,0,4.0,0.0
2019-08-10 Burnley-Southampton,1920,2019-08-10,Burnley,Southampton,Graham Scott,90.0,4.0,1.0,1.6,1.0657894736842106,90.0,3.0,1.2,2.2,1.0789473684210527,2.3783783783783785,1.25,3.0,0.0,3.0,0,0.0,2.0
2019-08-10 Crystal Palace-Everton,1920,2019-08-10,Crystal Palace,Everton,Jonathan Moss,90.0,10.0,2.4,2.0,1.263157894736842,90.0,8.0,1.6,0.8,1.2894736842105263,3.7142857142857144,2.5,0.0,0.0,0.0,0,4.0,1.0
2019-08-10 Watford-Brighton,1920,2019-08-10,Watford,Brighton,Craig Pawson,90.0,4.0,1.0,2.2,1.263157894736842,90.0,3.0,0.6,1.4,0.9078947368421053,3.66,0.75,0.0,3.0,3.0,0,1.0,0.0
2019-08-11 Newcastle United-Arsenal,1920,2019-08-11,Newcastle United,Arsenal,Martin Atkinson,91.0,10.0,2.2,1.0,1.0657894736842106,91.0,4.0,1.4,2.2,1.9342105263157894,3.491228070175439,2.25,0.0,1.0,1.0,0,4.0,0.0
2019-08-11 Manchester Utd-Chelsea,1920,2019-08-11,Manchester Utd,Chelsea,Anthony Taylor,91.0,2.0,0.4,2.0,1.75,91.0,6.0,1.2,1.0,1.644736842105263,3.3220338983050848,2.5,4.0,0.0,4.0,0,7.0,2.0
2019-08-11 Leicester City-Wolves,1920,2019-08-11,Leicester City,Wolves,Andre Marriner,91.0,5.0,1.0,0.8,1.4078947368421053,91.0,10.0,1.2,0.8,1.236842105263158,2.814814814814815,4.5,0.0,0.0,0.0,0,2.0,1.0
2019-08-17 Arsenal-Burnley,1920,2019-08-17,Arsenal,Burnley,Mike Dean,6.0,7.0,1.2,1.6,1.922077922077922,7.0,4.0,1.2,1.6,1.0909090909090908,4.345454545454546,3.5,2.0,1.0,3.0,1,3.0,2.0
2019-08-17 Aston Villa-Bournemouth,1920,2019-08-17,Aston Villa,Bournemouth,Martin Atkinson,7.0,0.0,1.0,3.0,1.0,7.0,5.0,1.6,2.0,1.3246753246753247,3.5,2.85,1.0,2.0,3.0,1,2.0,0.0
2019-08-17 Brighton-West Ham United,1920,2019-08-17,Brighton,West Ham United,Anthony Taylor,7.0,5.0,1.2,1.4,0.935064935064935,7.0,10.0,2.0,1.6,1.2987012987012987,3.3833333333333333,3.0,1.0,1.0,2.0,1,2.0,1.0
2019-08-17 Everton-Watford,1920,2019-08-17,Everton,Watford,Lee Mason,7.0,9.0,1.6,0.4,1.2727272727272727,7.0,1.0,0.6,2.6,1.2467532467532467,2.972972972972973,2.75,1.0,0.0,1.0,0,5.0,2.0
2019-08-17 Norwich City-Newcastle United,1920,2019-08-17,Norwich City,Newcastle United,Stuart Attwell,8.0,0.0,1.0,4.0,1.0,6.0,7.0,2.0,1.2,1.051948051948052,3.4,2.85,3.0,1.0,4.0,1,4.0,2.0
2019-08-17 Southampton-Liverpool,1920,2019-08-17,Southampton,Liverpool,Andre Marriner,7.0,3.0,1.0,2.2,1.0649350649350648,8.0,15.0,3.2,0.6,2.2987012987012987,2.8,3.0,1.0,2.0,3.0,1,3.0,0.0
2019-08-17 Manchester City-Tottenham Hotspur,1920,2019-08-17,Manchester City,Tottenham Hotspur,Michael Oliver,7.0,15.0,2.6,0.2,2.675324675324675,7.0,7.0,1.2,1.0,1.87012987012987,3.2131147540983607,2.75,2.0,2.0,4.0,1,1.0,1.0
2019-08-18 Chelsea-Leicester City,1920,2019-08-18,Chelsea,Leicester City,Oliver Langford,7.0,6.0,1.2,1.4,1.6233766233766234,7.0,6.0,1.0,0.6,1.3896103896103895,5.229605263157895,1.0,1.0,1.0,2.0,1,1.0,1.0
2019-08-18 Sheffield United-Crystal Palace,1920,2019-08-18,Sheffield United,Crystal Palace,David Coote,8.0,1.0,1.0,1.0,1.0,8.0,11.0,2.2,1.4,1.2467532467532467,3.25,2.85,1.0,0.0,1.0,0,4.0,2.0
2019-08-19 Wolves-Manchester Utd,1920,2019-08-19,Wolves,Manchester Utd,Jonathan Moss,8.0,10.0,1.2,0.8,1.205128205128205,8.0,5.0,1.2,1.2,1.7792207792207793,3.719298245614035,2.5,1.0,1.0,2.0,1,4.0,1.0
2019-08-23 Aston Villa-Everton,1920,2019-08-23,Aston Villa,Everton,Michael Oliver,6.0,0.0,1.0,2.5,1.0,6.0,9.0,1.0,0.4,1.2692307692307692,3.1774193548387095,2.85,2.0,0.0,2.0,0,5.0,2.0
2019-08-24 Norwich City-Chelsea,1920,2019-08-24,Norwich City,Chelsea,Martin Atkinson,7.0,3.0,2.0,2.5,2.0,6.0,6.0,1.0,1.2,1.6153846153846154,3.4745762711864407,2.85,2.0,3.0,5.0,1,2.0,0.0
2019-08-24 Brighton-Southampton,1920,2019-08-24,Brighton,Southampton,Kevin Friend,7.0,6.0,1.4,1.4,0.9358974358974359,7.0,2.0,1.0,2.4,1.064102564102564,2.9591836734693877,2.25,0.0,2.0,2.0,0,5.0,0.0
2019-08-24 Manchester Utd-Crystal Palace,1920,2019-08-24,Manchester Utd,Crystal Palace,Paul Tierney,5.0,6.0,1.4,1.0,1.7692307692307692,6.0,8.0,1.6,1.2,1.2307692307692308,3.025,3.25,1.0,2.0,3.0,1,6.0,0.0
2019-08-24 Sheffield United-Leicester City,1920,2019-08-24,Sheffield United,Leicester City,Andy Madley,6.0,4.0,1.0,0.5,1.0,6.0,6.0,0.8,0.4,1.3846153846153846,2.0,2.85,1.0,2.0,3.0,1,1.0,0.0
2019-08-24 Watford-West Ham United,1920,2019-08-24,Watford,West Ham United,Chris Kavanagh,7.0,0.0,0.4,2.6,1.2307692307692308,7.0,10.0,1.8,1.4,1.294871794871795,3.3,2.75,1.0,3.0,4.0,1,2.0,0.0
2019-08-24 Liverpool-Arsenal,1920,2019-08-24,Liverpool,Arsenal,Anthony Taylor,7.0,15.0,3.2,0.8,2.2948717948717947,7.0,10.0,1.4,1.2,1.9230769230769231,3.360655737704918,4.5,3.0,1.0,4.0,1,2.0,2.0
2019-08-25 Bournemouth-Manchester City,1920,2019-08-25,Bournemouth,Manchester City,Andre Marriner,8.0,8.0,2.0,2.0,1.3333333333333333,8.0,13.0,2.6,0.6,2.6666666666666665,2.8035714285714284,3.0,1.0,3.0,4.0,1,4.0,0.0
2019-08-25 Tottenham Hotspur-Newcastle United,1920,2019-08-25,Tottenham Hotspur,Newcastle United,Mike Dean,8.0,5.0,1.4,1.4,1.8717948717948718,8.0,4.0,1.6,1.6,1.0512820512820513,4.321428571428571,1.75,0.0,1.0,1.0,0,4.0,0.0
2019-08-25 Wolves-Burnley,1920,2019-08-25,Wolves,Burnley,Craig Pawson,6.0,8.0,0.8,0.8,1.2,8.0,3.0,1.0,1.6,1.0897435897435896,3.607843137254902,1.5,1.0,1.0,2.0,1,2.0,1.0
2019-08-31 Burnley-Liverpool,1920,2019-08-31,Burnley,Liverpool,Chris Kavanagh,6.0,4.0,1.2,1.6,1.0886075949367089,7.0,15.0,2.8,1.0,2.3037974683544302,3.268292682926829,3.75,0.0,3.0,3.0,0,0.0,0.0
2019-08-31 West Ham United-Norwich City,1920,2019-08-31,West Ham United,Norwich City,Paul Tierney,7.0,10.0,2.2,1.6,1.3164556962025316,7.0,3.0,2.0,2.6666666666666665,2.0,3.097560975609756,2.85,2.0,0.0,2.0,0,3.0,2.0
2019-08-31 Newcastle United-Watford,1920,2019-08-31,Newcastle United,Watford,Graham Scott,6.0,6.0,1.6,1.4,1.0506329113924051,7.0,0.0,0.4,2.8,1.2278481012658229,2.3157894736842106,2.25,1.0,1.0,2.0,1,5.0,1.0
2019-08-31 Manchester City-Brighton,1920,2019-08-31,Manchester City,Brighton,Jonathan Moss,6.0,13.0,3.0,0.8,2.670886075949367,7.0,5.0,1.2,1.6,0.9240506329113924,3.7241379310344827,3.25,4.0,0.0,4.0,0,2.0,2.0
2019-08-31 Chelsea-Sheffield United,1920,2019-08-31,Chelsea,Sheffield United,Stuart Attwell,7.0,8.0,1.4,1.4,1.6329113924050633,7.0,4.0,1.0,1.0,1.0,3.4166666666666665,2.85,2.0,2.0,4.0,1,1.0,1.0
2019-08-31 Crystal Palace-Aston Villa,1920,2019-08-31,Crystal Palace,Aston Villa,Kevin Friend,7.0,10.0,2.0,1.4,1.240506329113924,8.0,3.0,1.3333333333333333,1.6666666666666667,1.3333333333333333,3.0,2.85,1.0,0.0,1.0,0,7.0,2.0
2019-08-31 Southampton-Manchester Utd,1920,2019-08-31,Southampton,Manchester Utd,Mike Dean,7.0,4.0,0.8,1.8,1.0759493670886076,7.0,5.0,1.4,1.2,1.759493670886076,4.315789473684211,2.5,1.0,1.0,2.0,1,4.0,1.0
2019-08-31 Leicester City-Bournemouth,1920,2019-08-31,Leicester City,Bournemouth,Peter Bankes,7.0,6.0,0.6,0.6,1.3924050632911393,6.0,7.0,1.6,2.0,1.3291139240506329,5.229605263157895,2.5,3.0,1.0,4.0,1,4.0,2.0
2019-09-01 Everton-Wolves,1920,2019-09-01,Everton,Wolves,Anthony Taylor,9.0,8.0,1.0,0.8,1.2531645569620253,7.0,6.0,0.6,0.8,1.1951219512195121,3.338709677419355,4.0,3.0,2.0,5.0,1,6.0,2.0
2019-09-01 Arsenal-Tottenham Hotspur,1920,2019-09-01,Arsenal,Tottenham Hotspur,Martin Atkinson,8.0,10.0,1.6,1.2,1.9113924050632911,7.0,5.0,1.4,1.4,1.8481012658227849,3.45,2.75,2.0,2.0,4.0,1,8.0,1.0
2019-09-14 Wolves-Chelsea,1920,2019-09-14,Wolves,Chelsea,Graham Scott,13.0,3.0,0.8,1.4,1.2142857142857142,14.0,6.0,1.2,1.8,1.6375,2.3846153846153846,2.5,2.0,5.0,7.0,1,3.0,0.0
2019-09-14 Norwich City-Manchester City,1920,2019-09-14,Norwich City,Manchester City,Kevin Friend,14.0,3.0,1.5,2.5,1.5,14.0,13.0,3.6,0.8,2.6875,3.0784313725490198,2.85,3.0,2.0,5.0,1,4.0,2.0
2019-09-14 Tottenham Hotspur-Crystal Palace,1920,2019-09-14,Tottenham Hotspur,Crystal Palace,Craig Pawson,13.0,6.0,1.8,1.6,1.85,14.0,10.0,1.6,1.0,1.2375,3.576923076923077,1.25,4.0,0.0,4.0,0,7.0,2.0
2019-09-14 Sheffield United-Southampton,1920,2019-09-14,Sheffield United,Southampton,Lee Mason,14.0,5.0,1.25,1.25,1.25,14.0,5.0,1.0,1.4,1.075,3.026315789473684,2.85,0.0,1.0,1.0,0,3.0,0.0
2019-09-14 Manchester Utd-Leicester City,1920,2019-09-14,Manchester Utd,Leicester City,Martin Atkinson,14.0,5.0,1.4,1.2,1.75,14.0,9.0,1.2,0.6,1.4125,3.5245901639344264,2.5,1.0,0.0,1.0,0,3.0,2.0
2019-09-14 Brighton-Burnley,1920,2019-09-14,Brighton,Burnley,Michael Oliver,14.0,4.0,1.0,2.2,0.9125,14.0,4.0,1.2,1.8,1.075,3.2063492063492065,1.25,1.0,1.0,2.0,1,2.0,1.0
2019-09-14 Liverpool-Newcastle United,1920,2019-09-14,Liverpool,Newcastle United,Andre Marriner,14.0,15.0,2.8,0.6,2.3125,14.0,7.0,1.4,1.0,1.05,2.824561403508772,3.25,3.0,1.0,4.0,1,0.0,2.0
2019-09-15 Bournemouth-Everton,1920,2019-09-15,Bournemouth,Everton,Paul Tierney,15.0,4.0,1.6,2.6,1.325,14.0,8.0,1.2,1.2,1.275,3.0952380952380953,3.0,3.0,1.0,4.0,1,4.0,2.0
2019-09-15 Watford-Arsenal,1920,2019-09-15,Watford,Arsenal,Anthony Taylor,15.0,1.0,0.6,2.4,1.225,14.0,10.0,1.8,1.4,1.9125,3.380952380952381,2.25,2.0,2.0,4.0,1,6.0,1.0
2019-09-16 Aston Villa-West Ham United,1920,2019-09-16,Aston Villa,West Ham United,Mike Dean,16.0,3.0,1.0,1.5,1.0,16.0,10.0,2.0,1.6,1.325,4.310344827586207,2.85,0.0,0.0,0.0,0,4.0,1.0
2019-09-20 Southampton-Bournemouth,1920,2019-09-20,Southampton,Bournemouth,Chris Kavanagh,6.0,7.0,1.0,1.2,1.0740740740740742,5.0,7.0,1.6,1.8,1.345679012345679,3.1904761904761907,2.75,1.0,3.0,4.0,1,4.0,0.0
2019-09-21 Newcastle United-Brighton,1920,2019-09-21,Newcastle United,Brighton,Martin Atkinson,7.0,4.0,0.8,1.6,1.0493827160493827,7.0,5.0,1.0,1.6,0.9135802469135802,3.5161290322580645,1.0,0.0,0.0,0.0,0,3.0,1.0
2019-09-21 Manchester City-Watford,1920,2019-09-21,Manchester City,Watford,Mike Dean,7.0,10.0,3.2,1.2,2.6790123456790123,6.0,2.0,0.8,2.0,1.2345679012345678,4.305084745762712,4.25,8.0,0.0,8.0,0,4.0,2.0
2019-09-21 Everton-Sheffield United,1920,2019-09-21,Everton,Sheffield United,Simon Hooper,6.0,7.0,1.0,1.4,1.271604938271605,7.0,5.0,1.0,1.2,1.0,2.5555555555555554,2.85,0.0,2.0,2.0,0,4.0,0.0
2019-09-21 Burnley-Norwich City,1920,2019-09-21,Burnley,Norwich City,David Coote,7.0,5.0,1.2,1.4,1.0740740740740742,7.0,6.0,1.8,2.4,1.8,3.3076923076923075,2.85,2.0,0.0,2.0,0,1.0,2.0
2019-09-21 Leicester City-Tottenham Hotspur,1920,2019-09-21,Leicester City,Tottenham Hotspur,Paul Tierney,7.0,8.0,1.2,0.8,1.3950617283950617,7.0,8.0,2.2,1.2,1.876543209876543,3.116279069767442,4.5,2.0,1.0,3.0,1,3.0,2.0
2019-09-22 Crystal Palace-Wolves,1920,2019-09-22,Crystal Palace,Wolves,Stuart Attwell,8.0,7.0,0.6,1.2,1.2222222222222223,8.0,3.0,1.2,2.0,1.2325581395348837,3.3513513513513513,1.5,1.0,1.0,2.0,1,4.0,1.0
2019-09-22 West Ham United-Manchester Utd,1920,2019-09-22,West Ham United,Manchester Utd,Anthony Taylor,6.0,8.0,1.2,1.4,1.308641975308642,8.0,8.0,1.6,0.8,1.7407407407407407,3.421875,2.75,2.0,0.0,2.0,0,4.0,2.0
2019-09-22 Arsenal-Aston Villa,1920,2019-09-22,Arsenal,Aston Villa,Jonathan Moss,7.0,8.0,1.6,1.6,1.9135802469135803,6.0,4.0,0.8,1.2,0.8,3.694915254237288,2.85,3.0,2.0,5.0,1,7.0,2.0
2019-09-22 Chelsea-Liverpool,1920,2019-09-22,Chelsea,Liverpool,Michael Oliver,8.0,8.0,2.2,2.2,1.6790123456790123,8.0,15.0,3.0,0.8,2.3209876543209877,3.1875,1.75,1.0,2.0,3.0,1,6.0,0.0
2019-09-28 Everton-Manchester City,1920,2019-09-28,Everton,Manchester City,Michael Oliver,7.0,6.0,1.0,1.8,1.2560975609756098,7.0,10.0,3.8,1.2,2.7439024390243905,3.230769230769231,3.0,1.0,3.0,4.0,1,4.0,0.0
2019-09-28 Wolves-Watford,1920,2019-09-28,Wolves,Watford,Paul Tierney,6.0,3.0,1.4,2.2,1.2272727272727273,7.0,2.0,0.8,3.0,1.2195121951219512,3.1136363636363638,2.5,2.0,0.0,2.0,0,1.0,2.0
2019-09-28 Crystal Palace-Norwich City,1920,2019-09-28,Crystal Palace,Norwich City,Jonathan Moss,6.0,7.0,0.8,1.4,1.2195121951219512,7.0,6.0,1.6,2.0,1.5,3.75,2.85,2.0,0.0,2.0,0,4.0,2.0
2019-09-28 Tottenham Hotspur-Southampton,1920,2019-09-28,Tottenham Hotspur,Southampton,Graham Scott,7.0,5.0,1.8,1.4,1.8658536585365855,8.0,7.0,1.2,1.2,1.0731707317073171,2.4,4.0,2.0,1.0,3.0,1,3.0,2.0
2019-09-28 Bournemouth-West Ham United,1920,2019-09-28,Bournemouth,West Ham United,Stuart Attwell,8.0,9.0,2.0,1.8,1.3658536585365855,6.0,11.0,1.6,0.4,1.3170731707317074,3.3684210526315788,3.25,2.0,2.0,4.0,1,4.0,1.0
2019-09-28 Chelsea-Brighton,1920,2019-09-28,Chelsea,Brighton,Chris Kavanagh,6.0,8.0,2.4,1.8,1.670731707317073,7.0,3.0,0.4,1.6,0.9024390243902439,3.2093023255813953,3.0,2.0,0.0,2.0,0,5.0,2.0
2019-09-28 Aston Villa-Burnley,1920,2019-09-28,Aston Villa,Burnley,Lee Mason,6.0,4.0,1.0,1.2,1.0,7.0,5.0,1.0,1.4,1.0853658536585367,3.0256410256410255,2.85,2.0,2.0,4.0,1,5.0,1.0
2019-09-28 Sheffield United-Liverpool,1920,2019-09-28,Sheffield United,Liverpool,Anthony Taylor,7.0,7.0,1.2,1.0,1.1666666666666667,6.0,15.0,2.6,0.8,2.317073170731707,3.4307692307692306,2.85,0.0,1.0,1.0,0,2.0,0.0
2019-09-29 Leicester City-Newcastle United,1920,2019-09-29,Leicester City,Newcastle United,Craig Pawson,8.0,10.0,1.6,1.0,1.4024390243902438,8.0,5.0,0.8,1.4,1.0365853658536586,3.641509433962264,2.75,5.0,0.0,5.0,0,3.0,2.0
2019-09-30 Manchester Utd-Arsenal,1920,2019-09-30,Manchester Utd,Arsenal,Kevin Friend,8.0,5.0,0.8,1.2,1.7195121951219512,8.0,8.0,2.0,2.0,1.9268292682926829,3.0961538461538463,3.25,1.0,1.0,2.0,1,6.0,1.0
2019-10-05 Watford-Sheffield United,1920,2019-10-05,Watford,Sheffield United,Andre Marriner,7.0,2.0,0.8,3.2,1.2048192771084338,7.0,4.0,1.0,1.2,1.0,2.7758620689655173,2.85,0.0,0.0,0.0,0,2.0,1.0
2019-10-05 Norwich City-Aston Villa,1920,2019-10-05,Norwich City,Aston Villa,Andy Madley,7.0,3.0,1.0,2.2,1.2857142857142858,7.0,5.0,1.2,1.2,1.1428571428571428,1.75,2.85,1.0,5.0,6.0,1,4.0,0.0
2019-10-05 West Ham United-Crystal Palace,1920,2019-10-05,West Ham United,Crystal Palace,Michael Oliver,7.0,11.0,1.8,0.6,1.3253012048192772,7.0,10.0,1.2,1.2,1.2289156626506024,3.242424242424242,3.25,1.0,2.0,3.0,1,5.0,0.0
2019-10-05 Burnley-Everton,1920,2019-10-05,Burnley,Everton,Graham Scott,7.0,6.0,1.2,1.4,1.0963855421686748,7.0,3.0,1.0,2.4,1.2530120481927711,2.4146341463414633,3.0,1.0,0.0,1.0,0,4.0,2.0
2019-10-05 Brighton-Tottenham Hotspur,1920,2019-10-05,Brighton,Tottenham Hotspur,Jonathan Moss,7.0,2.0,0.2,1.8,0.891566265060241,7.0,7.0,1.8,1.2,1.8674698795180722,3.7540983606557377,2.0,3.0,0.0,3.0,0,3.0,2.0
2019-10-05 Liverpool-Leicester City,1920,2019-10-05,Liverpool,Leicester City,Chris Kavanagh,7.0,15.0,2.4,0.6,2.3012048192771086,6.0,12.0,2.4,0.8,1.4457831325301205,3.25,3.25,2.0,1.0,3.0,1,5.0,2.0
2019-10-06 Arsenal-Bournemouth,1920,2019-10-06,Arsenal,Bournemouth,Martin Atkinson,6.0,6.0,1.8,2.0,1.9156626506024097,8.0,7.0,2.0,2.0,1.3734939759036144,3.507936507936508,3.75,1.0,0.0,1.0,0,3.0,2.0
2019-10-06 Manchester City-Wolves,1920,2019-10-06,Manchester City,Wolves,Craig Pawson,8.0,12.0,4.0,1.0,2.746987951807229,8.0,5.0,1.6,2.0,1.2444444444444445,3.6296296296296298,2.5,0.0,2.0,2.0,0,7.0,0.0
2019-10-06 Southampton-Chelsea,1920,2019-10-06,Southampton,Chelsea,Paul Tierney,8.0,7.0,1.2,1.2,1.072289156626506,8.0,10.0,2.6,1.6,1.6746987951807228,3.066666666666667,2.25,1.0,4.0,5.0,1,1.0,0.0
2019-10-06 Newcastle United-Manchester Utd,1920,2019-10-06,Newcastle United,Manchester Utd,Mike Dean,7.0,5.0,0.6,1.8,1.0240963855421688,6.0,5.0,0.8,1.2,1.7108433734939759,4.3,3.25,1.0,0.0,1.0,0,6.0,2.0
2019-10-19 Wolves-Southampton,1920,2019-10-19,Wolves,Southampton,Peter Bankes,13.0,7.0,1.8,1.8,1.2608695652173914,13.0,4.0,1.0,2.0,1.0714285714285714,4.0,3.0,1.0,1.0,2.0,1,5.0,1.0
2019-10-19 Everton-West Ham United,1920,2019-10-19,Everton,West Ham United,Paul Tierney,14.0,3.0,1.0,2.2,1.2380952380952381,14.0,8.0,1.4,0.8,1.3214285714285714,3.0217391304347827,3.5,2.0,0.0,2.0,0,4.0,2.0
2019-10-19 Aston Villa-Brighton,1920,2019-10-19,Aston Villa,Brighton,David Coote,14.0,5.0,1.8,1.4,1.625,14.0,5.0,0.8,1.4,0.9166666666666666,3.142857142857143,2.85,2.0,1.0,3.0,1,4.0,2.0
2019-10-19 Bournemouth-Norwich City,1920,2019-10-19,Bournemouth,Norwich City,Lee Mason,13.0,7.0,1.8,1.6,1.3571428571428572,14.0,3.0,0.8,2.6,1.25,3.075,2.85,0.0,0.0,0.0,0,4.0,1.0
2019-10-19 Chelsea-Newcastle United,1920,2019-10-19,Chelsea,Newcastle United,Andre Marriner,13.0,10.0,2.8,1.4,1.7023809523809523,13.0,5.0,0.6,1.8,1.0238095238095237,2.76271186440678,3.25,1.0,0.0,1.0,0,3.0,2.0
2019-10-19 Leicester City-Burnley,1920,2019-10-19,Leicester City,Burnley,Jonathan Moss,14.0,9.0,2.2,1.0,1.4404761904761905,14.0,8.0,1.2,1.2,1.0952380952380953,3.7419354838709675,1.75,2.0,1.0,3.0,1,3.0,2.0
2019-10-19 Tottenham Hotspur-Watford,1920,2019-10-19,Tottenham Hotspur,Watford,Chris Kavanagh,14.0,7.0,1.8,1.6,1.8452380952380953,14.0,3.0,0.6,2.6,1.1904761904761905,3.2888888888888888,2.5,1.0,1.0,2.0,1,7.0,1.0
2019-10-19 Crystal Palace-Manchester City,1920,2019-10-19,Crystal Palace,Manchester City,Anthony Taylor,14.0,10.0,1.2,1.2,1.2380952380952381,13.0,9.0,3.4,1.2,2.7142857142857144,3.409090909090909,3.5,0.0,2.0,2.0,0,2.0,0.0
2019-10-20 Manchester Utd-Liverpool,1920,2019-10-20,Manchester Utd,Liverpool,Martin Atkinson,14.0,5.0,0.6,1.0,1.6904761904761905,15.0,15.0,2.2,0.6,2.2976190476190474,3.5,1.75,1.0,1.0,2.0,1,1.0,1.0
2019-10-21 Sheffield United-Arsenal,1920,2019-10-21,Sheffield United,Arsenal,Mike Dean,16.0,5.0,0.8,0.8,0.875,15.0,9.0,1.8,1.4,1.9047619047619047,4.327868852459017,2.85,1.0,0.0,1.0,0,8.0,2.0
2019-10-25 Southampton-Leicester City,1920,2019-10-25,Southampton,Leicester City,Andre Marriner,6.0,4.0,1.0,2.0,1.0705882352941176,6.0,9.0,2.0,1.0,1.4470588235294117,2.7666666666666666,2.75,0.0,9.0,9.0,0,1.0,0.0
2019-10-26 Manchester City-Aston Villa,1920,2019-10-26,Manchester City,Aston Villa,Graham Scott,7.0,9.0,3.0,1.2,2.7058823529411766,7.0,8.0,2.2,1.4,1.6666666666666667,2.4523809523809526,2.85,3.0,0.0,3.0,0,3.0,2.0
2019-10-26 Brighton-Everton,1920,2019-10-26,Brighton,Everton,Andy Madley,7.0,5.0,1.0,1.0,0.9176470588235294,7.0,3.0,0.8,1.8,1.2470588235294118,2.2,2.25,3.0,2.0,5.0,1,3.0,2.0
2019-10-26 Watford-Bournemouth,1920,2019-10-26,Watford,Bournemouth,Mike Dean,7.0,3.0,0.6,2.6,1.188235294117647,7.0,8.0,1.6,1.0,1.3411764705882352,4.387096774193548,4.0,0.0,0.0,0.0,0,8.0,1.0
2019-10-26 West Ham United-Sheffield United,1920,2019-10-26,West Ham United,Sheffield United,David Coote,7.0,5.0,1.0,1.2,1.3058823529411765,5.0,7.0,0.6,0.4,0.8888888888888888,3.2,2.85,1.0,1.0,2.0,1,4.0,1.0
2019-10-26 Burnley-Chelsea,1920,2019-10-26,Burnley,Chelsea,Michael Oliver,7.0,8.0,1.4,1.0,1.0941176470588236,7.0,12.0,2.6,1.0,1.6941176470588235,3.2686567164179103,4.0,2.0,4.0,6.0,1,5.0,0.0
2019-10-27 Newcastle United-Wolves,1920,2019-10-27,Newcastle United,Wolves,Kevin Friend,8.0,4.0,0.4,1.8,1.011764705882353,8.0,8.0,1.6,1.4,1.2553191489361701,3.150943396226415,2.5,1.0,1.0,2.0,1,5.0,1.0
2019-10-27 Arsenal-Crystal Palace,1920,2019-10-27,Arsenal,Crystal Palace,Martin Atkinson,6.0,8.0,1.4,1.2,1.8823529411764706,8.0,7.0,1.0,1.6,1.223529411764706,3.4615384615384617,4.75,2.0,2.0,4.0,1,2.0,1.0
2019-10-27 Liverpool-Tottenham Hotspur,1920,2019-10-27,Liverpool,Tottenham Hotspur,Anthony Taylor,7.0,13.0,1.8,0.8,2.2823529411764705,8.0,7.0,1.6,1.4,1.8352941176470587,3.388059701492537,3.75,2.0,1.0,3.0,1,6.0,2.0
2019-10-27 Norwich City-Manchester Utd,1920,2019-10-27,Norwich City,Manchester Utd,Stuart Attwell,8.0,4.0,0.8,2.2,1.1111111111111112,7.0,5.0,0.6,1.0,1.6823529411764706,3.3846153846153846,2.85,1.0,3.0,4.0,1,4.0,0.0
2019-11-02 Watford-Chelsea,1920,2019-11-02,Watford,Chelsea,Anthony Taylor,7.0,3.0,0.2,2.2,1.1744186046511629,7.0,12.0,2.4,1.0,1.7209302325581395,3.426470588235294,4.25,1.0,2.0,3.0,1,6.0,0.0
2019-11-02 West Ham United-Newcastle United,1920,2019-11-02,West Ham United,Newcastle United,Stuart Attwell,7.0,5.0,1.2,1.4,1.302325581395349,6.0,5.0,0.4,1.4,1.0116279069767442,3.4,3.25,2.0,3.0,5.0,1,3.0,0.0
2019-11-02 Sheffield United-Burnley,1920,2019-11-02,Sheffield United,Burnley,Simon Hooper,7.0,8.0,0.8,0.4,0.9,7.0,7.0,1.6,1.6,1.1046511627906976,2.7,2.85,3.0,0.0,3.0,0,3.0,2.0
2019-11-02 Manchester City-Southampton,1920,2019-11-02,Manchester City,Southampton,Lee Mason,7.0,12.0,3.2,0.6,2.7093023255813953,8.0,1.0,0.8,3.8,1.058139534883721,3.097560975609756,3.75,2.0,1.0,3.0,1,4.0,2.0
2019-11-02 Aston Villa-Liverpool,1920,2019-11-02,Aston Villa,Liverpool,Jonathan Moss,7.0,7.0,2.2,2.0,1.5,6.0,13.0,1.6,0.8,2.2790697674418605,3.7301587301587302,2.85,1.0,2.0,3.0,1,3.0,0.0
2019-11-02 Arsenal-Wolves,1920,2019-11-02,Arsenal,Wolves,Michael Oliver,6.0,8.0,1.4,1.2,1.8837209302325582,6.0,9.0,1.4,0.6,1.25,3.2941176470588234,3.0,1.0,1.0,2.0,1,2.0,1.0
2019-11-02 Bournemouth-Manchester Utd,1920,2019-11-02,Bournemouth,Manchester Utd,Chris Kavanagh,7.0,6.0,1.0,0.8,1.3255813953488371,6.0,5.0,1.0,1.2,1.697674418604651,3.369565217391304,2.75,1.0,0.0,1.0,0,7.0,2.0
2019-11-02 Brighton-Norwich City,1920,2019-11-02,Brighton,Norwich City,Kevin Friend,7.0,7.0,1.4,1.2,0.9418604651162791,6.0,1.0,0.4,2.4,1.1,3.185185185185185,2.85,2.0,0.0,2.0,0,1.0,2.0
2019-11-03 Crystal Palace-Leicester City,1920,2019-11-03,Crystal Palace,Leicester City,Paul Tierney,7.0,8.0,1.4,1.2,1.2325581395348837,9.0,12.0,3.8,0.8,1.5348837209302326,3.0425531914893615,3.5,0.0,2.0,2.0,0,4.0,0.0
2019-11-03 Everton-Tottenham Hotspur,1920,2019-11-03,Everton,Tottenham Hotspur,Martin Atkinson,8.0,3.0,1.0,1.8,1.255813953488372,7.0,4.0,1.0,1.8,1.8255813953488371,3.4393939393939394,4.75,1.0,1.0,2.0,1,4.0,1.0
2019-11-08 Norwich City-Watford,1920,2019-11-08,Norwich City,Watford,Andre Marriner,6.0,1.0,0.4,2.4,1.0,6.0,3.0,0.4,1.0,1.1724137931034482,2.737704918032787,2.85,0.0,2.0,2.0,0,4.0,0.0
2019-11-09 Tottenham Hotspur-Sheffield United,1920,2019-11-09,Tottenham Hotspur,Sheffield United,Graham Scott,6.0,5.0,1.0,1.6,1.8160919540229885,7.0,8.0,1.0,0.4,1.0909090909090908,2.4651162790697674,2.85,1.0,1.0,2.0,1,4.0,1.0
2019-11-09 Leicester City-Arsenal,1920,2019-11-09,Leicester City,Arsenal,Chris Kavanagh,6.0,12.0,3.8,0.6,1.5402298850574712,7.0,6.0,1.0,1.0,1.8735632183908046,3.4468085106382977,4.5,2.0,0.0,2.0,0,2.0,2.0
2019-11-09 Southampton-Everton,1920,2019-11-09,Southampton,Everton,Paul Tierney,7.0,1.0,0.8,3.6,1.0574712643678161,6.0,4.0,1.2,1.6,1.2528735632183907,3.0625,3.25,1.0,2.0,3.0,1,2.0,0.0
2019-11-09 Chelsea-Crystal Palace,1920,2019-11-09,Chelsea,Crystal Palace,Mike Dean,7.0,15.0,2.6,0.8,1.7241379310344827,6.0,7.0,1.2,1.4,1.2183908045977012,4.444444444444445,2.75,2.0,0.0,2.0,0,5.0,2.0
2019-11-09 Burnley-West Ham United,1920,2019-11-09,Burnley,West Ham United,Kevin Friend,7.0,4.0,1.2,2.2,1.0919540229885059,7.0,2.0,1.2,2.0,1.3103448275862069,3.1454545454545455,3.25,3.0,0.0,3.0,0,3.0,2.0
2019-11-09 Newcastle United-Bournemouth,1920,2019-11-09,Newcastle United,Bournemouth,Martin Atkinson,7.0,7.0,1.0,1.8,1.0344827586206897,7.0,6.0,0.6,0.6,1.3218390804597702,3.4477611940298507,3.0,2.0,1.0,3.0,1,2.0,2.0
2019-11-10 Manchester Utd-Brighton,1920,2019-11-10,Manchester Utd,Brighton,Jonathan Moss,8.0,5.0,1.0,1.0,1.6781609195402298,8.0,9.0,1.8,1.2,0.9540229885057471,3.71875,2.5,3.0,1.0,4.0,1,7.0,2.0
2019-11-10 Wolves-Aston Villa,1920,2019-11-10,Wolves,Aston Villa,Anthony Taylor,8.0,9.0,1.4,0.6,1.2448979591836735,8.0,7.0,2.0,1.8,1.4545454545454546,3.463768115942029,2.85,2.0,1.0,3.0,1,7.0,2.0
2019-11-10 Liverpool-Manchester City,1920,2019-11-10,Liverpool,Manchester City,Michael Oliver,8.0,13.0,1.6,0.8,2.2758620689655173,8.0,12.0,2.0,0.8,2.7011494252873565,3.2753623188405796,3.75,3.0,1.0,4.0,1,2.0,2.0
2019-11-23 Manchester City-Chelsea,1920,2019-11-23,Manchester City,Chelsea,Martin Atkinson,13.0,9.0,1.6,1.2,2.6818181818181817,14.0,15.0,2.6,0.8,1.7272727272727273,3.426470588235294,2.5,2.0,1.0,3.0,1,2.0,2.0
2019-11-23 Watford-Burnley,1920,2019-11-23,Watford,Burnley,Paul Tierney,15.0,6.0,0.8,0.6,1.1818181818181819,14.0,6.0,1.4,1.8,1.1136363636363635,3.0408163265306123,2.0,0.0,3.0,3.0,0,4.0,0.0
2019-11-23 Everton-Norwich City,1920,2019-11-23,Everton,Norwich City,Anthony Taylor,14.0,7.0,1.4,1.2,1.2613636363636365,15.0,1.0,0.4,2.4,0.9166666666666666,3.5142857142857142,2.85,0.0,2.0,2.0,0,8.0,0.0
2019-11-23 Crystal Palace-Liverpool,1920,2019-11-23,Crystal Palace,Liverpool,Kevin Friend,14.0,4.0,0.8,1.8,1.2045454545454546,13.0,13.0,2.0,1.0,2.284090909090909,3.142857142857143,3.25,1.0,2.0,3.0,1,1.0,0.0
2019-11-23 Brighton-Leicester City,1920,2019-11-23,Brighton,Leicester City,Mike Dean,13.0,9.0,2.0,1.4,0.9545454545454546,14.0,12.0,3.2,0.6,1.5454545454545454,4.453125,2.25,0.0,2.0,2.0,0,2.0,0.0
2019-11-23 Arsenal-Southampton,1920,2019-11-23,Arsenal,Southampton,Stuart Attwell,14.0,5.0,0.8,1.2,1.8522727272727273,14.0,1.0,0.8,3.6,1.0568181818181819,3.3902439024390243,3.5,2.0,2.0,4.0,1,8.0,1.0
2019-11-23 West Ham United-Tottenham Hotspur,1920,2019-11-23,West Ham United,Tottenham Hotspur,Michael Oliver,14.0,1.0,0.8,2.2,1.2954545454545454,14.0,3.0,0.8,1.6,1.8068181818181819,3.257142857142857,2.25,2.0,3.0,5.0,1,5.0,0.0
2019-11-23 Bournemouth-Wolves,1920,2019-11-23,Bournemouth,Wolves,Simon Hooper,14.0,5.0,0.4,0.6,1.3181818181818181,13.0,9.0,1.4,0.8,1.26,2.727272727272727,2.0,1.0,2.0,3.0,1,4.0,0.0
2019-11-24 Sheffield United-Manchester Utd,1920,2019-11-24,Sheffield United,Manchester Utd,Andre Marriner,15.0,9.0,1.2,0.4,1.0833333333333333,14.0,7.0,1.4,1.0,1.6931818181818181,2.7580645161290325,2.85,3.0,3.0,6.0,1,3.0,1.0
2019-11-25 Aston Villa-Newcastle United,1920,2019-11-25,Aston Villa,Newcastle United,Lee Mason,15.0,6.0,1.8,1.8,1.4166666666666667,16.0,10.0,1.4,1.0,1.0454545454545454,3.119047619047619,2.85,2.0,0.0,2.0,0,2.0,2.0
2019-11-30 Southampton-Watford,1920,2019-11-30,Southampton,Watford,Michael Oliver,7.0,2.0,1.0,3.2,1.0674157303370786,7.0,5.0,0.8,1.2,1.1685393258426966,3.2816901408450705,2.5,2.0,1.0,3.0,1,1.0,2.0
2019-11-30 Liverpool-Brighton,1920,2019-11-30,Liverpool,Brighton,Martin Atkinson,7.0,13.0,2.0,1.0,2.2808988764044944,7.0,6.0,1.4,1.8,0.9438202247191011,3.4057971014492754,3.0,2.0,1.0,3.0,1,1.0,2.0
2019-11-30 Tottenham Hotspur-Bournemouth,1920,2019-11-30,Tottenham Hotspur,Bournemouth,Lee Mason,7.0,6.0,1.4,1.4,1.8202247191011236,7.0,5.0,0.6,0.8,1.3146067415730338,3.0930232558139537,3.0,3.0,2.0,5.0,1,2.0,2.0
2019-11-30 Burnley-Crystal Palace,1920,2019-11-30,Burnley,Crystal Palace,Peter Bankes,7.0,6.0,1.8,1.8,1.1348314606741574,7.0,1.0,0.6,2.0,1.202247191011236,4.5,2.0,0.0,2.0,2.0,0,2.0,0.0
2019-11-30 Newcastle United-Manchester City,1920,2019-11-30,Newcastle United,Manchester City,Chris Kavanagh,5.0,7.0,1.2,1.4,1.0337078651685394,7.0,12.0,2.0,1.0,2.6741573033707864,3.4166666666666665,2.75,2.0,2.0,4.0,1,3.0,1.0
2019-11-30 Chelsea-West Ham United,1920,2019-11-30,Chelsea,West Ham United,Jonathan Moss,7.0,12.0,2.0,1.0,1.7191011235955056,7.0,1.0,1.0,2.4,1.303370786516854,3.769230769230769,1.25,0.0,1.0,1.0,0,3.0,0.0
2019-12-01 Norwich City-Arsenal,1920,2019-12-01,Norwich City,Arsenal,Paul Tierney,8.0,4.0,0.6,1.4,1.0,8.0,3.0,1.0,1.6,1.853932584269663,3.06,2.85,2.0,2.0,4.0,1,3.0,1.0
2019-12-01 Wolves-Sheffield United,1920,2019-12-01,Wolves,Sheffield United,David Coote,8.0,9.0,1.4,1.0,1.2745098039215685,7.0,9.0,1.8,1.0,1.2307692307692308,3.25,2.85,1.0,1.0,2.0,1,6.0,1.0
2019-12-01 Leicester City-Everton,1920,2019-12-01,Leicester City,Everton,Graham Scott,8.0,15.0,3.4,0.2,1.550561797752809,8.0,7.0,1.4,1.4,1.247191011235955,2.5,2.25,2.0,1.0,3.0,1,1.0,2.0
2019-12-01 Manchester Utd-Aston Villa,1920,2019-12-01,Manchester Utd,Aston Villa,Craig Pawson,7.0,8.0,2.0,1.4,1.7078651685393258,6.0,6.0,1.2,1.6,1.4615384615384615,3.690909090909091,2.85,2.0,2.0,4.0,1,5.0,1.0
2019-12-03 Crystal Palace-Bournemouth,1920,2019-12-03,Crystal Palace,Bournemouth,Anthony Taylor,3.0,4.0,1.0,1.6,1.211111111111111,3.0,4.0,1.0,1.4,1.3222222222222222,3.5774647887323945,4.75,1.0,0.0,1.0,0,7.0,2.0
2019-12-03 Burnley-Manchester City,1920,2019-12-03,Burnley,Manchester City,Jonathan Moss,3.0,6.0,1.6,1.8,1.1222222222222222,3.0,10.0,2.0,1.4,2.6666666666666665,3.757575757575758,2.75,1.0,4.0,5.0,1,2.0,0.0
2019-12-04 Liverpool-Everton,1920,2019-12-04,Liverpool,Everton,Mike Dean,4.0,15.0,2.2,1.0,2.2777777777777777,3.0,4.0,1.2,1.8,1.2444444444444445,4.415384615384616,0.75,5.0,2.0,7.0,1,3.0,2.0
2019-12-04 Wolves-West Ham United,1920,2019-12-04,Wolves,West Ham United,Andre Marriner,3.0,9.0,1.4,1.0,1.2692307692307692,4.0,4.0,1.2,2.0,1.3,2.761904761904762,2.0,2.0,0.0,2.0,0,3.0,2.0
2019-12-04 Southampton-Norwich City,1920,2019-12-04,Southampton,Norwich City,Kevin Friend,4.0,4.0,1.2,3.2,1.0777777777777777,3.0,4.0,1.0,1.8,1.0714285714285714,3.1052631578947367,2.85,2.0,1.0,3.0,1,2.0,2.0
2019-12-04 Manchester Utd-Tottenham Hotspur,1920,2019-12-04,Manchester Utd,Tottenham Hotspur,Paul Tierney,3.0,8.0,2.2,1.6,1.711111111111111,4.0,8.0,1.8,1.6,1.8333333333333333,3.0588235294117645,1.75,2.0,1.0,3.0,1,1.0,2.0
2019-12-04 Chelsea-Aston Villa,1920,2019-12-04,Chelsea,Aston Villa,Chris Kavanagh,4.0,9.0,1.8,1.2,1.7,3.0,4.0,1.2,1.8,1.5,3.4081632653061225,2.85,2.0,1.0,3.0,1,3.0,2.0
2019-12-04 Leicester City-Watford,1920,2019-12-04,Leicester City,Watford,Craig Pawson,3.0,15.0,3.4,0.2,1.5555555555555556,4.0,4.0,0.8,1.4,1.1666666666666667,3.7142857142857144,2.5,2.0,0.0,2.0,0,5.0,2.0
2019-12-05 Sheffield United-Newcastle United,1920,2019-12-05,Sheffield United,Newcastle United,Stuart Attwell,4.0,7.0,1.8,1.2,1.2142857142857142,5.0,8.0,1.6,1.6,1.0444444444444445,3.5,2.85,0.0,2.0,2.0,0,2.0,0.0
2019-12-05 Arsenal-Brighton,1920,2019-12-05,Arsenal,Brighton,Graham Scott,4.0,4.0,1.4,1.8,1.8555555555555556,5.0,6.0,1.4,1.8,0.9444444444444444,2.466666666666667,2.25,1.0,2.0,3.0,1,4.0,0.0
2019-12-07 Everton-Chelsea,1920,2019-12-07,Everton,Chelsea,Craig Pawson,3.0,4.0,1.2,2.2,1.2527472527472527,3.0,9.0,1.4,1.0,1.7032967032967032,3.736842105263158,1.0,3.0,1.0,4.0,1,3.0,2.0
2019-12-07 Bournemouth-Liverpool,1920,2019-12-07,Bournemouth,Liverpool,Chris Kavanagh,4.0,3.0,1.0,1.6,1.3076923076923077,3.0,15.0,2.8,1.2,2.3076923076923075,3.4,3.5,0.0,3.0,3.0,0,1.0,0.0
2019-12-07 Tottenham Hotspur-Burnley,1920,2019-12-07,Tottenham Hotspur,Burnley,Kevin Friend,3.0,8.0,1.8,1.6,1.8241758241758241,4.0,6.0,1.4,1.8,1.120879120879121,3.086206896551724,2.25,5.0,0.0,5.0,0,2.0,2.0
2019-12-07 Watford-Crystal Palace,1920,2019-12-07,Watford,Crystal Palace,Martin Atkinson,3.0,3.0,0.8,1.8,1.1538461538461537,4.0,6.0,0.8,1.2,1.2087912087912087,3.3714285714285714,2.25,0.0,0.0,0.0,0,6.0,1.0
2019-12-07 Manchester City-Manchester Utd,1920,2019-12-07,Manchester City,Manchester Utd,Anthony Taylor,4.0,10.0,2.2,1.6,2.681318681318681,3.0,8.0,2.0,1.6,1.7142857142857142,3.625,3.5,1.0,2.0,3.0,1,5.0,0.0
2019-12-08 Brighton-Wolves,1920,2019-12-08,Brighton,Wolves,Jonathan Moss,3.0,6.0,1.2,1.6,0.9560439560439561,4.0,11.0,1.6,0.8,1.2830188679245282,3.7313432835820897,0.5,2.0,2.0,4.0,1,3.0,1.0
2019-12-08 Norwich City-Sheffield United,1920,2019-12-08,Norwich City,Sheffield United,Simon Hooper,4.0,4.0,1.0,1.6,1.0666666666666667,3.0,6.0,1.6,1.4,1.1333333333333333,2.8333333333333335,2.85,1.0,2.0,3.0,1,4.0,0.0
2019-12-08 Aston Villa-Leicester City,1920,2019-12-08,Aston Villa,Leicester City,Michael Oliver,4.0,4.0,1.4,1.6,1.4666666666666666,4.0,15.0,2.0,0.2,1.5604395604395604,3.25,2.85,1.0,4.0,5.0,1,8.0,0.0
2019-12-08 Newcastle United-Southampton,1920,2019-12-08,Newcastle United,Southampton,David Coote,3.0,10.0,1.8,1.4,1.054945054945055,4.0,7.0,1.6,1.6,1.0879120879120878,3.411764705882353,2.75,2.0,1.0,3.0,1,4.0,2.0
2019-12-09 West Ham United-Arsenal,1920,2019-12-09,West Ham United,Arsenal,Mike Dean,5.0,3.0,1.0,2.2,1.2857142857142858,4.0,3.0,1.2,1.8,1.8461538461538463,4.393939393939394,2.5,1.0,3.0,4.0,1,2.0,0.0
2019-12-14 Liverpool-Watford,1920,2019-12-14,Liverpool,Watford,Andre Marriner,7.0,15.0,3.0,1.0,2.3152173913043477,7.0,4.0,0.6,1.4,1.141304347826087,2.765625,4.75,2.0,0.0,2.0,0,3.0,2.0
2019-12-14 Burnley-Newcastle United,1920,2019-12-14,Burnley,Newcastle United,Tim Robinson,7.0,6.0,1.4,2.2,1.108695652173913,6.0,10.0,1.6,1.2,1.065217391304348,5.229605263157895,2.0,1.0,0.0,1.0,0,2.0,2.0
2019-12-14 Chelsea-Bournemouth,1920,2019-12-14,Chelsea,Bournemouth,Graham Scott,7.0,6.0,1.2,1.4,1.6956521739130435,7.0,0.0,0.8,2.2,1.2934782608695652,2.5,2.5,0.0,1.0,1.0,0,3.0,0.0
2019-12-14 Leicester City-Norwich City,1920,2019-12-14,Leicester City,Norwich City,Andy Madley,6.0,15.0,2.4,0.4,1.5869565217391304,6.0,4.0,1.2,1.6,1.0625,2.3333333333333335,2.85,1.0,1.0,2.0,1,5.0,1.0
2019-12-14 Sheffield United-Aston Villa,1920,2019-12-14,Sheffield United,Aston Villa,Peter Bankes,6.0,6.0,1.4,1.6,1.1875,6.0,4.0,1.4,2.0,1.4375,3.6666666666666665,2.85,2.0,0.0,2.0,0,4.0,2.0
2019-12-14 Southampton-West Ham United,1920,2019-12-14,Southampton,West Ham United,Martin Atkinson,6.0,7.0,1.6,1.6,1.0869565217391304,5.0,3.0,0.8,2.2,1.2826086956521738,3.408450704225352,3.5,0.0,1.0,1.0,0,4.0,0.0
2019-12-15 Arsenal-Manchester City,1920,2019-12-15,Arsenal,Manchester City,Paul Tierney,6.0,5.0,1.6,1.8,1.858695652173913,8.0,7.0,2.0,1.8,2.6630434782608696,3.019230769230769,3.25,0.0,3.0,3.0,0,5.0,0.0
2019-12-15 Wolves-Tottenham Hotspur,1920,2019-12-15,Wolves,Tottenham Hotspur,Stuart Attwell,7.0,11.0,1.8,1.0,1.2962962962962963,8.0,10.0,2.6,1.4,1.858695652173913,3.4651162790697674,4.5,1.0,2.0,3.0,1,8.0,0.0
2019-12-15 Manchester Utd-Everton,1920,2019-12-15,Manchester Utd,Everton,Michael Oliver,8.0,11.0,2.4,1.6,1.7173913043478262,8.0,6.0,1.6,2.2,1.2717391304347827,3.315068493150685,3.25,1.0,1.0,2.0,1,3.0,1.0
2019-12-16 Crystal Palace-Brighton,1920,2019-12-16,Crystal Palace,Brighton,Craig Pawson,9.0,7.0,0.8,0.8,1.1956521739130435,8.0,4.0,1.2,2.0,0.967391304347826,3.7241379310344827,3.0,1.0,1.0,2.0,1,2.0,1.0
2019-12-21 Everton-Arsenal,1920,2019-12-21,Everton,Arsenal,Kevin Friend,6.0,4.0,1.4,2.2,1.2688172043010753,6.0,5.0,1.6,2.0,1.8387096774193548,3.0677966101694913,4.0,0.0,0.0,0.0,0,5.0,1.0
2019-12-21 Aston Villa-Southampton,1920,2019-12-21,Aston Villa,Southampton,Craig Pawson,7.0,4.0,1.2,2.0,1.3529411764705883,7.0,7.0,1.4,1.4,1.075268817204301,3.694915254237288,2.85,1.0,3.0,4.0,1,3.0,0.0
2019-12-21 Bournemouth-Burnley,1920,2019-12-21,Bournemouth,Burnley,Martin Atkinson,7.0,3.0,0.8,1.8,1.2903225806451613,7.0,6.0,1.0,2.2,1.10752688172043,3.4166666666666665,3.5,0.0,1.0,1.0,0,6.0,0.0
2019-12-21 Brighton-Sheffield United,1920,2019-12-21,Brighton,Sheffield United,Robert Jones,5.0,5.0,1.2,1.6,0.967741935483871,7.0,8.0,1.6,1.4,1.2352941176470589,5.229605263157895,2.85,0.0,1.0,1.0,0,4.0,0.0
2019-12-21 Newcastle United-Crystal Palace,1920,2019-12-21,Newcastle United,Crystal Palace,Simon Hooper,7.0,7.0,1.2,1.2,1.053763440860215,5.0,8.0,1.0,0.6,1.1935483870967742,2.923076923076923,1.0,1.0,0.0,1.0,0,2.0,2.0
2019-12-21 Norwich City-Wolves,1920,2019-12-21,Norwich City,Wolves,Peter Bankes,7.0,5.0,1.4,1.4,1.0588235294117647,6.0,8.0,1.6,1.2,1.290909090909091,3.75,2.85,1.0,2.0,3.0,1,6.0,0.0
2019-12-21 Manchester City-Leicester City,1920,2019-12-21,Manchester City,Leicester City,Mike Dean,6.0,10.0,2.4,1.2,2.6666666666666665,7.0,13.0,2.2,0.6,1.5806451612903225,4.358208955223881,3.0,3.0,1.0,4.0,1,4.0,2.0
2019-12-22 Watford-Manchester Utd,1920,2019-12-22,Watford,Manchester Utd,Lee Mason,8.0,1.0,0.2,1.8,1.1290322580645162,7.0,9.0,2.0,1.6,1.7096774193548387,3.0681818181818183,3.25,2.0,0.0,2.0,0,4.0,2.0
2019-12-22 Tottenham Hotspur-Chelsea,1920,2019-12-22,Tottenham Hotspur,Chelsea,Anthony Taylor,7.0,12.0,2.8,1.4,1.8602150537634408,8.0,3.0,0.8,1.6,1.6774193548387097,3.643835616438356,3.25,0.0,2.0,2.0,0,8.0,0.0
2019-12-26 Manchester Utd-Newcastle United,1920,2019-12-26,Manchester Utd,Newcastle United,Kevin Friend,4.0,8.0,1.4,1.4,1.6914893617021276,5.0,10.0,1.4,0.8,1.053191489361702,3.1,2.8,4.0,1.0,5.0,1,4.0,2.0
2019-12-26 Sheffield United-Watford,1920,2019-12-26,Sheffield United,Watford,David Coote,5.0,10.0,1.2,0.8,1.2222222222222223,4.0,4.0,0.6,1.2,1.1382978723404256,3.4444444444444446,0.0,1.0,1.0,2.0,1,3.0,1.0
2019-12-26 Leicester City-Liverpool,1920,2019-12-26,Leicester City,Liverpool,Michael Oliver,5.0,10.0,2.0,1.2,1.574468085106383,12.0,15.0,2.8,0.8,2.3118279569892475,3.310810810810811,3.2,0.0,4.0,4.0,0,2.0,0.0
2019-12-26 Crystal Palace-West Ham United,1920,2019-12-26,Crystal Palace,West Ham United,Andre Marriner,5.0,8.0,0.8,0.4,1.1808510638297873,12.0,6.0,1.0,1.6,1.2795698924731183,2.769230769230769,3.2,2.0,1.0,3.0,1,2.0,2.0
2019-12-26 Everton-Burnley,1920,2019-12-26,Everton,Burnley,Anthony Taylor,5.0,5.0,1.4,1.8,1.2553191489361701,5.0,6.0,0.6,2.2,1.1063829787234043,3.7027027027027026,2.6,1.0,0.0,1.0,0,0.0,2.0
2019-12-26 Chelsea-Southampton,1920,2019-12-26,Chelsea,Southampton,Jonathan Moss,4.0,6.0,1.0,1.2,1.6808510638297873,5.0,9.0,1.6,1.2,1.0957446808510638,3.7205882352941178,2.8,0.0,2.0,2.0,0,5.0,0.0
2019-12-26 Bournemouth-Arsenal,1920,2019-12-26,Bournemouth,Arsenal,Stuart Attwell,5.0,3.0,0.6,1.6,1.2765957446808511,5.0,5.0,1.2,1.6,1.8191489361702127,3.5681818181818183,3.2,1.0,1.0,2.0,1,8.0,1.0
2019-12-26 Aston Villa-Norwich City,1920,2019-12-26,Aston Villa,Norwich City,Chris Kavanagh,5.0,1.0,1.0,2.6,1.3333333333333333,5.0,2.0,1.2,1.8,1.0555555555555556,3.3529411764705883,6.0,1.0,0.0,1.0,0,5.0,2.0
2019-12-26 Tottenham Hotspur-Brighton,1920,2019-12-26,Tottenham Hotspur,Brighton,Graham Scott,4.0,9.0,2.2,1.4,1.8404255319148937,5.0,5.0,1.2,1.4,0.9574468085106383,2.5106382978723403,2.2,2.0,1.0,3.0,1,6.0,2.0
2019-12-27 Wolves-Manchester City,1920,2019-12-27,Wolves,Manchester City,Martin Atkinson,6.0,8.0,1.6,1.2,1.3035714285714286,6.0,10.0,2.6,1.2,2.6702127659574466,3.452054794520548,2.3333333333333335,3.0,2.0,5.0,1,2.0,2.0
2019-12-28 Burnley-Manchester Utd,1920,2019-12-28,Burnley,Manchester Utd,Mike Dean,2.0,6.0,0.6,2.0,1.0947368421052632,2.0,10.0,1.8,1.2,1.7157894736842105,4.352941176470588,2.75,0.0,2.0,2.0,0,7.0,0.0
2019-12-28 West Ham United-Leicester City,1920,2019-12-28,West Ham United,Leicester City,David Coote,2.0,6.0,0.8,1.4,1.2765957446808511,2.0,7.0,1.6,1.8,1.5578947368421052,3.4210526315789473,2.5,1.0,2.0,3.0,1,5.0,0.0
2019-12-28 Watford-Aston Villa,1920,2019-12-28,Watford,Aston Villa,Simon Hooper,2.0,5.0,0.6,1.0,1.1368421052631579,2.0,3.0,0.8,2.2,1.3157894736842106,2.857142857142857,2.85,3.0,0.0,3.0,0,5.0,2.0
2019-12-28 Norwich City-Tottenham Hotspur,1920,2019-12-28,Norwich City,Tottenham Hotspur,Kevin Friend,2.0,1.0,0.8,1.6,1.0,2.0,9.0,2.0,1.2,1.8421052631578947,3.1147540983606556,2.85,2.0,2.0,4.0,1,6.0,1.0
2019-12-28 Newcastle United-Everton,1920,2019-12-28,Newcastle United,Everton,Lee Mason,2.0,9.0,1.2,1.2,1.0526315789473684,2.0,8.0,1.4,1.4,1.2526315789473683,3.088888888888889,2.25,1.0,2.0,3.0,1,4.0,0.0
2019-12-28 Brighton-Bournemouth,1920,2019-12-28,Brighton,Bournemouth,Paul Tierney,2.0,5.0,1.2,1.4,0.9578947368421052,2.0,4.0,0.4,1.2,1.2736842105263158,3.056603773584906,3.5,2.0,0.0,2.0,0,2.0,2.0
2019-12-28 Southampton-Crystal Palace,1920,2019-12-28,Southampton,Crystal Palace,Andy Madley,2.0,9.0,1.6,1.0,1.105263157894737,2.0,8.0,0.8,0.6,1.1894736842105262,2.7142857142857144,2.0,1.0,1.0,2.0,1,3.0,1.0
2019-12-29 Arsenal-Chelsea,1920,2019-12-29,Arsenal,Chelsea,Craig Pawson,3.0,5.0,1.0,1.4,1.8105263157894738,3.0,6.0,1.0,1.4,1.6631578947368422,3.683333333333333,2.75,1.0,2.0,3.0,1,9.0,0.0
2019-12-29 Liverpool-Wolves,1920,2019-12-29,Liverpool,Wolves,Anthony Taylor,3.0,15.0,3.2,0.6,2.3297872340425534,2.0,10.0,2.0,1.4,1.3333333333333333,3.6533333333333333,2.0,1.0,0.0,1.0,0,1.0,2.0
2019-12-29 Manchester City-Sheffield United,1920,2019-12-29,Manchester City,Sheffield United,Chris Kavanagh,2.0,9.0,2.6,1.4,2.663157894736842,3.0,10.0,1.2,0.8,1.2105263157894737,3.3846153846153846,2.85,2.0,0.0,2.0,0,2.0,2.0
2020-01-01 Manchester City-Everton,1920,2020-01-01,Manchester City,Everton,Andre Marriner,3.0,9.0,2.2,1.2,2.65625,4.0,11.0,1.4,0.6,1.2604166666666667,2.757575757575758,3.2,2.0,1.0,3.0,1,4.0,2.0
2020-01-01 West Ham United-Bournemouth,1920,2020-01-01,West Ham United,Bournemouth,Graham Scott,4.0,3.0,0.8,1.8,1.2736842105263158,4.0,4.0,0.4,1.4,1.2604166666666667,2.5833333333333335,3.4,4.0,0.0,4.0,0,3.0,2.0
2020-01-01 Norwich City-Crystal Palace,1920,2020-01-01,Norwich City,Crystal Palace,Jonathan Moss,4.0,2.0,1.0,1.6,1.05,4.0,6.0,0.8,0.8,1.1875,3.739130434782609,2.0,1.0,1.0,2.0,1,5.0,1.0
2020-01-01 Watford-Wolves,1920,2020-01-01,Watford,Wolves,Andy Madley,4.0,8.0,1.2,0.6,1.15625,3.0,7.0,1.6,1.6,1.3103448275862069,2.75,2.3333333333333335,2.0,1.0,3.0,1,5.0,2.0
2020-01-01 Arsenal-Manchester Utd,1920,2020-01-01,Arsenal,Manchester Utd,Chris Kavanagh,3.0,5.0,1.0,1.4,1.8020833333333333,4.0,10.0,1.8,1.0,1.71875,3.358490566037736,3.0,2.0,0.0,2.0,0,2.0,2.0
2020-01-01 Newcastle United-Leicester City,1920,2020-01-01,Newcastle United,Leicester City,Martin Atkinson,4.0,6.0,1.0,1.6,1.0520833333333333,4.0,7.0,1.6,2.0,1.5625,3.4324324324324325,3.2,0.0,3.0,3.0,0,2.0,0.0
2020-01-01 Burnley-Aston Villa,1920,2020-01-01,Burnley,Aston Villa,Michael Oliver,4.0,6.0,0.4,1.6,1.0833333333333333,4.0,3.0,0.6,2.4,1.25,3.2933333333333334,4.0,1.0,2.0,3.0,1,2.0,0.0
2020-01-01 Brighton-Chelsea,1920,2020-01-01,Brighton,Chelsea,Stuart Attwell,4.0,5.0,1.2,1.2,0.96875,3.0,6.0,1.0,1.4,1.6666666666666667,3.6666666666666665,2.8,1.0,1.0,2.0,1,5.0,1.0
2020-01-01 Southampton-Tottenham Hotspur,1920,2020-01-01,Southampton,Tottenham Hotspur,Mike Dean,4.0,7.0,1.4,1.0,1.1041666666666667,4.0,10.0,2.2,1.2,1.84375,4.391304347826087,3.8,1.0,0.0,1.0,0,7.0,2.0
2020-01-02 Liverpool-Sheffield United,1920,2020-01-02,Liverpool,Sheffield United,Paul Tierney,4.0,15.0,3.0,0.4,2.3157894736842106,4.0,10.0,1.2,0.8,1.15,3.037037037037037,1.0,2.0,0.0,2.0,0,0.0,2.0
2020-01-10 Sheffield United-West Ham United,1920,2020-01-10,Sheffield United,West Ham United,Michael Oliver,8.0,7.0,0.8,1.0,1.0952380952380953,9.0,6.0,1.6,1.4,1.3020833333333333,3.276315789473684,2.0,1.0,0.0,1.0,0,1.0,2.0
2020-01-11 Crystal Palace-Arsenal,1920,2020-01-11,Crystal Palace,Arsenal,Paul Tierney,10.0,6.0,1.0,1.0,1.1855670103092784,10.0,5.0,0.8,1.2,1.8041237113402062,2.981818181818182,4.6,1.0,1.0,2.0,1,6.0,1.0
2020-01-11 Chelsea-Burnley,1920,2020-01-11,Chelsea,Burnley,Kevin Friend,10.0,7.0,1.0,1.0,1.6597938144329898,10.0,6.0,0.6,1.0,1.0824742268041236,3.161290322580645,4.4,3.0,0.0,3.0,0,3.0,2.0
2020-01-11 Everton-Brighton,1920,2020-01-11,Everton,Brighton,David Coote,10.0,8.0,1.0,0.8,1.2577319587628866,10.0,5.0,1.0,1.0,0.9690721649484536,3.5,2.8,1.0,0.0,1.0,0,3.0,2.0
2020-01-11 Leicester City-Southampton,1920,2020-01-11,Leicester City,Southampton,Lee Mason,10.0,7.0,1.4,1.8,1.577319587628866,10.0,10.0,1.4,0.6,1.1030927835051547,3.108695652173913,4.0,1.0,2.0,3.0,1,3.0,0.0
2020-01-11 Manchester Utd-Norwich City,1920,2020-01-11,Manchester Utd,Norwich City,Anthony Taylor,10.0,7.0,1.4,1.2,1.7010309278350515,10.0,3.0,1.0,1.4,1.0476190476190477,3.6184210526315788,4.0,4.0,0.0,4.0,0,0.0,2.0
2020-01-11 Wolves-Newcastle United,1920,2020-01-11,Wolves,Newcastle United,Peter Bankes,10.0,6.0,1.4,1.6,1.305084745762712,10.0,3.0,0.6,2.0,1.041237113402062,4.2,2.3333333333333335,1.0,1.0,2.0,1,3.0,1.0
2020-01-11 Tottenham Hotspur-Liverpool,1920,2020-01-11,Tottenham Hotspur,Liverpool,Martin Atkinson,10.0,7.0,1.2,1.4,1.824742268041237,9.0,15.0,2.4,0.0,2.3125,3.4133333333333336,3.6,0.0,1.0,1.0,0,2.0,0.0
2020-01-12 Aston Villa-Manchester City,1920,2020-01-12,Aston Villa,Manchester City,Jonathan Moss,11.0,6.0,0.8,1.8,1.2857142857142858,11.0,12.0,2.4,1.0,2.649484536082474,3.757142857142857,3.0,1.0,6.0,7.0,1,3.0,0.0
2020-01-12 Bournemouth-Watford,1920,2020-01-12,Bournemouth,Watford,Mike Dean,11.0,4.0,0.4,1.6,1.2474226804123711,11.0,10.0,1.6,0.8,1.1649484536082475,4.428571428571429,3.2,0.0,3.0,3.0,0,2.0,0.0
2020-01-18 Watford-Tottenham Hotspur,1920,2020-01-18,Watford,Tottenham Hotspur,Michael Oliver,6.0,13.0,2.2,0.4,1.183673469387755,7.0,4.0,0.8,1.4,1.8061224489795917,3.2467532467532467,2.4,0.0,0.0,0.0,0,5.0,1.0
2020-01-18 Arsenal-Sheffield United,1920,2020-01-18,Arsenal,Sheffield United,Mike Dean,7.0,6.0,1.0,0.8,1.7959183673469388,8.0,7.0,0.6,1.0,1.0909090909090908,4.394366197183099,1.0,1.0,1.0,2.0,1,3.0,1.0
2020-01-18 Brighton-Aston Villa,1920,2020-01-18,Brighton,Aston Villa,Andy Madley,7.0,4.0,0.8,1.0,0.9591836734693877,6.0,6.0,1.0,2.6,1.2727272727272727,3.0,3.0,1.0,1.0,2.0,1,6.0,1.0
2020-01-18 Manchester City-Crystal Palace,1920,2020-01-18,Manchester City,Crystal Palace,Graham Scott,6.0,12.0,3.0,1.2,2.683673469387755,7.0,6.0,1.0,1.0,1.183673469387755,2.5918367346938775,3.2,2.0,2.0,4.0,1,3.0,1.0
2020-01-18 Norwich City-Bournemouth,1920,2020-01-18,Norwich City,Bournemouth,Paul Tierney,7.0,2.0,0.8,2.0,1.0,6.0,1.0,0.2,2.2,1.2346938775510203,3.0357142857142856,0.0,1.0,0.0,1.0,0,6.0,2.0
2020-01-18 Southampton-Wolves,1920,2020-01-18,Southampton,Wolves,Darren England,7.0,13.0,1.8,0.6,1.1122448979591837,7.0,7.0,1.4,1.4,1.3,5.229605263157895,2.6666666666666665,2.0,3.0,5.0,1,3.0,0.0
2020-01-18 West Ham United-Everton,1920,2020-01-18,West Ham United,Everton,Andre Marriner,8.0,6.0,1.4,1.0,1.288659793814433,7.0,10.0,1.0,0.6,1.2551020408163265,2.7761194029850746,3.2,1.0,1.0,2.0,1,1.0,1.0
2020-01-18 Newcastle United-Chelsea,1920,2020-01-18,Newcastle United,Chelsea,Chris Kavanagh,7.0,4.0,0.8,2.0,1.0408163265306123,7.0,10.0,1.6,0.8,1.6734693877551021,3.3333333333333335,2.8,1.0,0.0,1.0,0,2.0,2.0
2020-01-19 Burnley-Leicester City,1920,2020-01-19,Burnley,Leicester City,Anthony Taylor,8.0,3.0,0.4,1.6,1.0714285714285714,8.0,6.0,1.4,2.0,1.5714285714285714,3.5714285714285716,2.0,2.0,1.0,3.0,1,1.0,2.0
2020-01-19 Liverpool-Manchester Utd,1920,2020-01-19,Liverpool,Manchester Utd,Craig Pawson,8.0,15.0,2.0,0.0,2.2989690721649483,8.0,9.0,2.0,1.0,1.7244897959183674,3.7704918032786887,1.8,2.0,0.0,2.0,0,4.0,2.0
2020-01-21 Chelsea-Arsenal,1920,2020-01-21,Chelsea,Arsenal,Stuart Attwell,3.0,7.0,1.2,1.0,1.6565656565656566,3.0,6.0,1.2,1.0,1.7878787878787878,3.6956521739130435,2.8,2.0,2.0,4.0,1,4.0,1.0
2020-01-21 Sheffield United-Manchester City,1920,2020-01-21,Sheffield United,Manchester City,Lee Mason,3.0,5.0,0.6,1.2,1.0869565217391304,3.0,10.0,2.8,1.4,2.676767676767677,3.106382978723404,2.0,0.0,1.0,1.0,0,7.0,0.0
2020-01-21 Everton-Newcastle United,1920,2020-01-21,Everton,Newcastle United,Simon Hooper,3.0,10.0,1.2,0.8,1.2525252525252526,3.0,4.0,0.8,2.0,1.0404040404040404,3.0,2.4,2.0,2.0,4.0,1,2.0,1.0
2020-01-21 Aston Villa-Watford,1920,2020-01-21,Aston Villa,Watford,Martin Atkinson,3.0,7.0,1.0,2.2,1.2608695652173914,3.0,11.0,1.8,0.4,1.1717171717171717,3.3947368421052633,3.0,2.0,1.0,3.0,1,4.0,2.0
2020-01-21 Bournemouth-Brighton,1920,2020-01-21,Bournemouth,Brighton,Kevin Friend,3.0,1.0,0.2,2.2,1.2222222222222223,3.0,5.0,1.0,1.0,0.9595959595959596,3.1587301587301586,3.2,3.0,1.0,4.0,1,2.0,2.0
2020-01-21 Crystal Palace-Southampton,1920,2020-01-21,Crystal Palace,Southampton,Andre Marriner,3.0,7.0,1.4,1.2,1.1919191919191918,3.0,10.0,1.6,1.0,1.121212121212121,2.75,2.0,0.0,2.0,2.0,0,3.0,0.0
2020-01-22 Leicester City-West Ham United,1920,2020-01-22,Leicester City,West Ham United,David Coote,3.0,6.0,1.4,1.8,1.5656565656565657,4.0,4.0,1.4,1.2,1.2857142857142858,3.4761904761904763,2.6,4.0,1.0,5.0,1,2.0,2.0
2020-01-22 Tottenham Hotspur-Norwich City,1920,2020-01-22,Tottenham Hotspur,Norwich City,Chris Kavanagh,4.0,5.0,0.8,1.0,1.7878787878787878,4.0,5.0,0.8,1.6,1.0,3.309090909090909,4.0,2.0,1.0,3.0,1,1.0,2.0
2020-01-22 Manchester Utd-Burnley,1920,2020-01-22,Manchester Utd,Burnley,Jonathan Moss,3.0,9.0,2.0,1.0,1.707070707070707,3.0,3.0,0.6,1.8,1.0808080808080809,3.7464788732394365,2.6,0.0,2.0,2.0,0,2.0,0.0
2020-01-23 Wolves-Liverpool,1920,2020-01-23,Wolves,Liverpool,Michael Oliver,5.0,7.0,1.6,1.6,1.3278688524590163,4.0,15.0,2.0,0.0,2.295918367346939,3.269230769230769,1.6666666666666667,1.0,2.0,3.0,1,1.0,0.0
2020-01-29 West Ham United-Liverpool,1920,2020-01-29,West Ham United,Liverpool,Jonathan Moss,7.0,4.0,1.4,1.6,1.2828282828282829,6.0,15.0,1.6,0.2,2.292929292929293,3.7222222222222223,4.0,0.0,2.0,2.0,0,2.0,0.0
2020-02-01 Manchester Utd-Wolves,1920,2020-02-01,Manchester Utd,Wolves,Paul Tierney,10.0,6.0,1.2,1.2,1.69,9.0,4.0,1.2,1.6,1.3225806451612903,3.087719298245614,2.3333333333333335,0.0,0.0,0.0,0,5.0,1.0
2020-02-01 West Ham United-Brighton,1920,2020-02-01,West Ham United,Brighton,Michael Oliver,3.0,4.0,1.2,1.6,1.27,11.0,5.0,1.0,1.2,0.96,3.240506329113924,2.8,3.0,3.0,6.0,1,2.0,1.0
2020-02-01 Watford-Everton,1920,2020-02-01,Watford,Everton,Craig Pawson,11.0,10.0,1.8,0.6,1.17,11.0,8.0,1.4,1.2,1.26,3.774193548387097,2.4,2.0,3.0,5.0,1,5.0,0.0
2020-02-01 Newcastle United-Norwich City,1920,2020-02-01,Newcastle United,Norwich City,Martin Atkinson,11.0,5.0,1.0,1.6,1.05,10.0,5.0,1.0,1.8,1.0,3.4025974025974026,4.0,0.0,0.0,0.0,0,3.0,1.0
2020-02-01 Crystal Palace-Sheffield United,1920,2020-02-01,Crystal Palace,Sheffield United,Andy Madley,11.0,4.0,1.0,1.4,1.18,11.0,4.0,0.4,1.2,1.0416666666666667,3.3,1.0,0.0,1.0,1.0,0,5.0,0.0
2020-02-01 Bournemouth-Aston Villa,1920,2020-02-01,Bournemouth,Aston Villa,Anthony Taylor,11.0,3.0,0.6,2.2,1.24,11.0,7.0,1.2,2.4,1.2916666666666667,3.5384615384615383,3.0,2.0,1.0,3.0,1,5.0,2.0
2020-02-01 Leicester City-Chelsea,1920,2020-02-01,Leicester City,Chelsea,Lee Mason,10.0,9.0,2.2,1.2,1.59,11.0,8.0,1.6,1.0,1.66,3.1875,1.2,2.0,2.0,4.0,1,4.0,1.0
2020-02-01 Liverpool-Southampton,1920,2020-02-01,Liverpool,Southampton,Kevin Friend,3.0,15.0,1.8,0.2,2.29,11.0,10.0,1.6,1.0,1.13,3.140625,3.0,4.0,0.0,4.0,0,2.0,2.0
2020-02-02 Burnley-Arsenal,1920,2020-02-02,Burnley,Arsenal,Chris Kavanagh,11.0,6.0,1.0,1.6,1.09,12.0,6.0,1.4,1.2,1.79,3.267857142857143,3.4,0.0,0.0,0.0,0,4.0,1.0
2020-02-02 Tottenham Hotspur-Manchester City,1920,2020-02-02,Tottenham Hotspur,Manchester City,Mike Dean,11.0,5.0,0.8,1.0,1.79,12.0,13.0,2.6,0.8,2.66,4.375,3.0,2.0,0.0,2.0,0,6.0,2.0
2020-02-08 Everton-Crystal Palace,1920,2020-02-08,Everton,Crystal Palace,David Coote,7.0,8.0,1.6,1.4,1.2772277227722773,7.0,3.0,0.8,1.4,1.1683168316831682,3.409090909090909,2.0,3.0,1.0,4.0,1,1.0,2.0
2020-02-08 Brighton-Watford,1920,2020-02-08,Brighton,Watford,Kevin Friend,7.0,3.0,1.2,1.8,0.9801980198019802,7.0,7.0,1.6,1.2,1.1782178217821782,3.123076923076923,1.2,1.0,1.0,2.0,1,4.0,1.0
2020-02-09 Sheffield United-Bournemouth,1920,2020-02-09,Sheffield United,Bournemouth,Jonathan Moss,8.0,7.0,0.6,0.8,1.04,8.0,6.0,1.0,2.0,1.2475247524752475,3.6986301369863015,2.0,2.0,1.0,3.0,1,5.0,2.0
2020-02-14 Wolves-Leicester City,1920,2020-02-14,Wolves,Leicester City,Mike Dean,13.0,5.0,1.2,1.4,1.3015873015873016,13.0,7.0,2.2,1.4,1.5940594059405941,4.397260273972603,3.0,0.0,0.0,0.0,0,5.0,1.0
2020-02-15 Norwich City-Liverpool,1920,2020-02-15,Norwich City,Liverpool,Stuart Attwell,14.0,5.0,0.6,1.4,0.96,14.0,15.0,2.2,0.2,2.3069306930693068,3.702127659574468,5.0,0.0,1.0,1.0,0,3.0,0.0
2020-02-15 Southampton-Burnley,1920,2020-02-15,Southampton,Burnley,Simon Hooper,14.0,9.0,1.4,1.6,1.118811881188119,13.0,7.0,1.0,1.2,1.0792079207920793,2.9375,1.6,1.0,2.0,3.0,1,4.0,0.0
2020-02-16 Aston Villa-Tottenham Hotspur,1920,2020-02-16,Aston Villa,Tottenham Hotspur,Martin Atkinson,15.0,7.0,1.4,2.2,1.28,14.0,7.0,0.8,0.6,1.7920792079207921,3.3974358974358974,4.0,2.0,3.0,5.0,1,2.0,0.0
2020-02-16 Arsenal-Newcastle United,1920,2020-02-16,Arsenal,Newcastle United,Lee Mason,14.0,7.0,1.2,0.8,1.7722772277227723,15.0,6.0,0.8,1.2,1.0396039603960396,3.204081632653061,2.0,4.0,0.0,4.0,0,2.0,2.0
2020-02-17 Chelsea-Manchester Utd,1920,2020-02-17,Chelsea,Manchester Utd,Anthony Taylor,16.0,6.0,1.6,1.2,1.6633663366336633,16.0,4.0,0.8,1.2,1.6732673267326732,3.5569620253164556,2.8,0.0,2.0,2.0,0,7.0,0.0
2020-02-19 Manchester City-West Ham United,1920,2020-02-19,Manchester City,West Ham United,Kevin Friend,17.0,10.0,2.2,1.2,2.633663366336634,18.0,2.0,1.0,2.2,1.2871287128712872,3.1363636363636362,3.6,2.0,0.0,2.0,0,1.0,2.0
2020-02-22 Southampton-Aston Villa,1920,2020-02-22,Southampton,Aston Villa,Craig Pawson,7.0,6.0,1.4,2.0,1.1176470588235294,6.0,4.0,1.4,2.6,1.3076923076923077,3.7936507936507935,4.0,2.0,0.0,2.0,0,5.0,2.0
2020-02-22 Sheffield United-Brighton,1920,2020-02-22,Sheffield United,Brighton,Graham Scott,13.0,10.0,1.0,0.6,1.0769230769230769,14.0,3.0,1.2,1.8,0.9803921568627451,2.6,1.0,1.0,1.0,2.0,1,2.0,1.0
2020-02-22 Leicester City-Manchester City,1920,2020-02-22,Leicester City,Manchester City,Paul Tierney,8.0,5.0,1.6,1.4,1.5784313725490196,3.0,10.0,2.2,1.0,2.627450980392157,3.1206896551724137,3.2,0.0,1.0,1.0,0,0.0,0.0
2020-02-22 Burnley-Bournemouth,1920,2020-02-22,Burnley,Bournemouth,Mike Dean,7.0,10.0,1.2,1.0,1.088235294117647,13.0,6.0,1.2,1.6,1.2450980392156863,4.405405405405405,3.0,3.0,0.0,3.0,0,7.0,2.0
2020-02-22 Chelsea-Tottenham Hotspur,1920,2020-02-22,Chelsea,Tottenham Hotspur,Michael Oliver,5.0,5.0,1.4,1.4,1.6470588235294117,6.0,10.0,1.4,0.8,1.803921568627451,3.225,3.0,2.0,1.0,3.0,1,3.0,2.0
2020-02-22 Crystal Palace-Newcastle United,1920,2020-02-22,Crystal Palace,Newcastle United,Peter Bankes,14.0,2.0,0.8,1.8,1.1666666666666667,6.0,6.0,0.8,1.4,1.0294117647058822,4.0,1.0,1.0,0.0,1.0,0,9.0,2.0
2020-02-23 Manchester Utd-Watford,1920,2020-02-23,Manchester Utd,Watford,Martin Atkinson,6.0,7.0,1.2,0.8,1.6764705882352942,15.0,5.0,1.4,1.2,1.1764705882352942,3.3797468354430378,3.0,3.0,0.0,3.0,0,1.0,2.0
2020-02-23 Wolves-Norwich City,1920,2020-02-23,Wolves,Norwich City,Chris Kavanagh,9.0,6.0,1.0,1.0,1.28125,8.0,4.0,0.4,1.4,0.9230769230769231,3.280701754385965,3.0,3.0,0.0,3.0,0,5.0,2.0
2020-02-23 Arsenal-Everton,1920,2020-02-23,Arsenal,Everton,Stuart Attwell,7.0,7.0,1.6,0.8,1.7941176470588236,15.0,11.0,2.0,1.2,1.2941176470588236,3.6875,3.2,3.0,2.0,5.0,1,4.0,2.0
2020-02-24 Liverpool-West Ham United,1920,2020-02-24,Liverpool,West Ham United,Jonathan Moss,9.0,15.0,2.2,0.2,2.2941176470588234,5.0,2.0,1.0,2.4,1.2745098039215685,3.7162162162162162,3.6,3.0,2.0,5.0,1,3.0,2.0
2020-02-28 Norwich City-Leicester City,1920,2020-02-28,Norwich City,Leicester City,Craig Pawson,5.0,4.0,0.4,1.2,0.8888888888888888,6.0,5.0,1.4,1.2,1.5631067961165048,3.8125,2.0,1.0,0.0,1.0,0,3.0,2.0
2020-02-29 West Ham United-Southampton,1920,2020-02-29,West Ham United,Southampton,Anthony Taylor,5.0,1.0,1.2,2.8,1.2815533980582525,7.0,6.0,1.4,1.8,1.1262135922330097,3.6,3.0,3.0,1.0,4.0,1,2.0,2.0
2020-02-29 Brighton-Crystal Palace,1920,2020-02-29,Brighton,Crystal Palace,Martin Atkinson,7.0,4.0,1.4,1.8,0.9805825242718447,7.0,4.0,0.8,1.6,1.1650485436893203,3.35,2.8,0.0,1.0,1.0,0,3.0,0.0
2020-02-29 Bournemouth-Chelsea,1920,2020-02-29,Bournemouth,Chelsea,Andre Marriner,7.0,6.0,1.2,1.6,1.233009708737864,7.0,5.0,1.2,1.6,1.6504854368932038,2.753623188405797,2.2,2.0,2.0,4.0,1,4.0,1.0
2020-02-29 Newcastle United-Burnley,1920,2020-02-29,Newcastle United,Burnley,Andy Madley,7.0,5.0,0.6,1.4,1.0194174757281553,7.0,13.0,1.8,0.4,1.1067961165048543,3.4545454545454546,1.8,0.0,0.0,0.0,0,7.0,1.0
2020-02-29 Watford-Liverpool,1920,2020-02-29,Watford,Liverpool,Michael Oliver,6.0,2.0,0.8,1.8,1.1650485436893203,5.0,15.0,2.4,0.6,2.3009708737864076,3.2222222222222223,4.2,3.0,0.0,3.0,0,0.0,2.0
2020-03-01 Tottenham Hotspur-Wolves,1920,2020-03-01,Tottenham Hotspur,Wolves,Stuart Attwell,8.0,10.0,1.6,1.0,1.796116504854369,7.0,8.0,1.4,0.8,1.3076923076923077,3.693877551020408,4.0,2.0,3.0,5.0,1,5.0,0.0
2020-03-01 Everton-Manchester Utd,1920,2020-03-01,Everton,Manchester Utd,Chris Kavanagh,7.0,8.0,2.2,1.8,1.3009708737864079,7.0,7.0,1.0,0.8,1.6893203883495145,3.310344827586207,3.0,1.0,1.0,2.0,1,7.0,1.0
2020-03-07 Burnley-Tottenham Hotspur,1920,2020-03-07,Burnley,Tottenham Hotspur,Jonathan Moss,7.0,11.0,1.4,0.2,1.0961538461538463,6.0,9.0,2.0,1.6,1.7980769230769231,3.7066666666666666,2.8,1.0,1.0,2.0,1,9.0,1.0
2020-03-07 Wolves-Brighton,1920,2020-03-07,Wolves,Brighton,Andre Marriner,6.0,8.0,1.4,0.8,1.3333333333333333,7.0,3.0,1.2,1.8,0.9711538461538461,2.7714285714285714,1.6666666666666667,0.0,0.0,0.0,0,4.0,1.0
2020-03-07 Southampton-Newcastle United,1920,2020-03-07,Southampton,Newcastle United,Graham Scott,7.0,6.0,1.2,1.8,1.125,7.0,3.0,0.4,1.4,1.0096153846153846,2.588235294117647,2.8,0.0,1.0,1.0,0,4.0,0.0
2020-03-07 Arsenal-West Ham United,1920,2020-03-07,Arsenal,West Ham United,Martin Atkinson,13.0,9.0,2.0,1.0,1.8058252427184467,7.0,4.0,1.6,2.2,1.2980769230769231,3.345679012345679,2.8,1.0,0.0,1.0,0,3.0,2.0
2020-03-07 Crystal Palace-Watford,1920,2020-03-07,Crystal Palace,Watford,Anthony Taylor,7.0,6.0,0.6,1.2,1.1634615384615385,7.0,4.0,1.4,1.8,1.1826923076923077,3.580246913580247,1.8,1.0,0.0,1.0,0,8.0,2.0
2020-03-07 Sheffield United-Norwich City,1920,2020-03-07,Sheffield United,Norwich City,Simon Hooper,14.0,8.0,1.0,0.8,1.0740740740740742,8.0,4.0,0.4,1.2,0.8928571428571429,3.0,3.0,1.0,0.0,1.0,0,0.0,2.0
2020-03-07 Liverpool-Bournemouth,1920,2020-03-07,Liverpool,Bournemouth,Paul Tierney,7.0,12.0,2.0,1.0,2.2788461538461537,7.0,7.0,1.6,1.8,1.2403846153846154,3.0677966101694913,3.4,2.0,1.0,3.0,1,1.0,2.0
2020-03-08 Chelsea-Everton,1920,2020-03-08,Chelsea,Everton,Kevin Friend,8.0,6.0,1.6,1.8,1.6538461538461537,7.0,8.0,2.2,1.8,1.2980769230769231,3.1044776119402986,1.6,4.0,0.0,4.0,0,3.0,2.0
2020-03-08 Manchester Utd-Manchester City,1920,2020-03-08,Manchester Utd,Manchester City,Mike Dean,7.0,8.0,1.2,0.6,1.6826923076923077,15.0,10.0,1.2,0.8,2.6116504854368934,4.44,3.4,2.0,0.0,2.0,0,6.0,2.0
2020-03-09 Leicester City-Aston Villa,1920,2020-03-09,Leicester City,Aston Villa,Michael Oliver,10.0,5.0,1.2,1.0,1.5480769230769231,16.0,4.0,1.2,1.8,1.2592592592592593,3.182926829268293,5.0,4.0,0.0,4.0,0,3.0,2.0
2020-06-17 Aston Villa-Sheffield United,1920,2020-06-17,Aston Villa,Sheffield United,Michael Oliver,100.0,3.0,1.0,2.4,1.2142857142857142,102.0,10.0,1.0,0.6,1.0714285714285714,3.180722891566265,2.0,0.0,0.0,0.0,0,2.0,1.0
2020-06-17 Manchester City-Arsenal,1920,2020-06-17,Manchester City,Arsenal,Anthony Taylor,101.0,9.0,0.8,0.8,2.5865384615384617,102.0,11.0,2.0,0.8,1.7980769230769231,3.6341463414634148,3.2,3.0,0.0,3.0,0,3.0,2.0
2020-06-19 Norwich City-Southampton,1920,2020-06-19,Norwich City,Southampton,Kevin Friend,104.0,4.0,0.2,1.0,0.8620689655172413,104.0,3.0,0.8,2.0,1.1142857142857143,3.1029411764705883,3.0,0.0,3.0,3.0,0,2.0,0.0
2020-06-19 Tottenham Hotspur-Manchester Utd,1920,2020-06-19,Tottenham Hotspur,Manchester Utd,Jonathan Moss,104.0,7.0,1.8,1.6,1.7904761904761906,103.0,11.0,1.6,0.2,1.6857142857142857,3.776315789473684,2.0,1.0,1.0,2.0,1,1.0,1.0
2020-06-20 Bournemouth-Crystal Palace,1920,2020-06-20,Bournemouth,Crystal Palace,Stuart Attwell,105.0,4.0,1.2,2.0,1.2380952380952381,105.0,9.0,0.8,0.8,1.161904761904762,3.72,4.0,0.0,2.0,2.0,0,5.0,0.0
2020-06-20 West Ham United-Wolves,1920,2020-06-20,West Ham United,Wolves,Anthony Taylor,105.0,4.0,1.6,2.0,1.2857142857142858,105.0,9.0,1.2,0.4,1.3134328358208955,3.6265060240963853,2.0,0.0,2.0,2.0,0,2.0,0.0
2020-06-20 Brighton-Arsenal,1920,2020-06-20,Brighton,Arsenal,Martin Atkinson,105.0,4.0,1.0,1.2,0.9619047619047619,3.0,10.0,1.6,1.0,1.7809523809523808,3.341463414634146,2.4,2.0,1.0,3.0,1,3.0,2.0
2020-06-20 Watford-Leicester City,1920,2020-06-20,Watford,Leicester City,Craig Pawson,105.0,4.0,1.2,1.6,1.1714285714285715,103.0,5.0,1.2,0.8,1.5714285714285714,3.8,2.4,1.0,1.0,2.0,1,1.0,1.0
2020-06-21 Newcastle United-Sheffield United,1920,2020-06-21,Newcastle United,Sheffield United,David Coote,106.0,5.0,0.2,1.0,1.0095238095238095,4.0,11.0,1.0,0.4,1.0344827586206897,3.3043478260869565,2.0,3.0,0.0,3.0,0,3.0,2.0
2020-06-21 Aston Villa-Chelsea,1920,2020-06-21,Aston Villa,Chelsea,Paul Tierney,4.0,1.0,0.6,2.2,1.1724137931034482,105.0,8.0,2.0,1.4,1.6761904761904762,3.033333333333333,3.0,1.0,2.0,3.0,1,3.0,0.0
2020-06-21 Everton-Liverpool,1920,2020-06-21,Everton,Liverpool,Mike Dean,105.0,7.0,1.8,2.2,1.2857142857142858,106.0,12.0,2.0,1.2,2.276190476190476,4.4605263157894735,2.0,0.0,0.0,0.0,0,4.0,1.0
2020-06-22 Manchester City-Burnley,1920,2020-06-22,Manchester City,Burnley,Andre Marriner,5.0,9.0,1.2,0.8,2.5904761904761906,107.0,9.0,1.2,0.4,1.0952380952380953,2.788732394366197,3.2,5.0,0.0,5.0,0,2.0,2.0
2020-06-23 Leicester City-Brighton,1920,2020-06-23,Leicester City,Brighton,Lee Mason,3.0,5.0,1.0,0.6,1.5660377358490567,3.0,6.0,0.8,0.8,0.9716981132075472,3.18,2.2,0.0,0.0,0.0,0,4.0,1.0
2020-06-23 Tottenham Hotspur-West Ham United,1920,2020-06-23,Tottenham Hotspur,West Ham United,Craig Pawson,4.0,5.0,1.6,1.8,1.7830188679245282,3.0,3.0,1.0,1.8,1.2735849056603774,3.757575757575758,2.8,2.0,0.0,2.0,0,4.0,2.0
2020-06-24 Liverpool-Crystal Palace,1920,2020-06-24,Liverpool,Crystal Palace,Martin Atkinson,3.0,10.0,1.2,1.2,2.2547169811320753,4.0,12.0,1.2,0.6,1.169811320754717,3.3373493975903616,3.2,4.0,0.0,4.0,0,0.0,2.0
2020-06-24 Wolves-Bournemouth,1920,2020-06-24,Wolves,Bournemouth,Michael Oliver,4.0,11.0,1.6,0.4,1.3235294117647058,4.0,1.0,0.8,2.2,1.2264150943396226,3.1666666666666665,2.3333333333333335,1.0,0.0,1.0,0,6.0,2.0
2020-06-24 Norwich City-Everton,1920,2020-06-24,Norwich City,Everton,Andy Madley,5.0,3.0,0.2,1.6,0.8333333333333334,3.0,5.0,1.2,1.8,1.2735849056603774,3.75,2.0,0.0,1.0,1.0,0,1.0,0.0
2020-06-24 Newcastle United-Aston Villa,1920,2020-06-24,Newcastle United,Aston Villa,Chris Kavanagh,3.0,7.0,0.8,1.0,1.028301886792453,3.0,1.0,0.6,2.2,1.1666666666666667,3.3728813559322033,2.0,1.0,1.0,2.0,1,4.0,1.0
2020-06-24 Manchester Utd-Sheffield United,1920,2020-06-24,Manchester Utd,Sheffield United,Anthony Taylor,5.0,11.0,1.8,0.4,1.679245283018868,3.0,8.0,0.8,1.0,1.0,3.607142857142857,6.0,3.0,0.0,3.0,0,1.0,2.0
2020-06-25 Burnley-Watford,1920,2020-06-25,Burnley,Watford,Mike Dean,3.0,8.0,1.2,1.4,1.0849056603773586,5.0,5.0,1.0,1.2,1.169811320754717,4.454545454545454,2.2,1.0,0.0,1.0,0,1.0,2.0
2020-06-25 Southampton-Arsenal,1920,2020-06-25,Southampton,Arsenal,Graham Scott,6.0,6.0,1.4,1.2,1.1320754716981132,5.0,9.0,1.8,1.4,1.7735849056603774,2.6153846153846154,3.6,0.0,2.0,2.0,0,3.0,0.0
2020-06-25 Chelsea-Manchester City,1920,2020-06-25,Chelsea,Manchester City,Stuart Attwell,4.0,10.0,2.0,1.2,1.679245283018868,3.0,12.0,2.2,0.4,2.6132075471698113,3.7450980392156863,2.6,2.0,1.0,3.0,1,3.0,2.0
2020-06-27 Aston Villa-Wolves,1920,2020-06-27,Aston Villa,Wolves,Craig Pawson,3.0,2.0,0.4,1.8,1.1612903225806452,3.0,13.0,1.8,0.4,1.318840579710145,3.7611940298507465,3.0,0.0,1.0,1.0,0,2.0,0.0
2020-06-28 Watford-Southampton,1920,2020-06-28,Watford,Southampton,Michael Oliver,3.0,4.0,0.8,1.2,1.158878504672897,3.0,6.0,1.2,1.2,1.1214953271028036,3.2,2.6,1.0,3.0,4.0,1,3.0,0.0
2020-06-29 Crystal Palace-Burnley,1920,2020-06-29,Crystal Palace,Burnley,Simon Hooper,5.0,12.0,1.0,0.8,1.158878504672897,4.0,8.0,1.0,1.2,1.0841121495327102,2.8333333333333335,2.0,0.0,1.0,1.0,0,2.0,0.0
2020-06-30 Brighton-Manchester Utd,1920,2020-06-30,Brighton,Manchester Utd,Andre Marriner,7.0,6.0,0.6,0.6,0.9626168224299065,6.0,11.0,2.0,0.4,1.691588785046729,2.7777777777777777,2.8,0.0,3.0,3.0,0,1.0,0.0
2020-07-01 West Ham United-Chelsea,1920,2020-07-01,West Ham United,Chelsea,Martin Atkinson,8.0,3.0,1.0,1.8,1.2616822429906542,6.0,13.0,2.4,1.0,1.6822429906542056,3.2976190476190474,1.2,3.0,2.0,5.0,1,3.0,2.0
2020-07-01 Everton-Leicester City,1920,2020-07-01,Everton,Leicester City,David Coote,7.0,5.0,0.8,1.6,1.2710280373831775,8.0,5.0,1.0,0.6,1.5514018691588785,3.2916666666666665,2.4,2.0,1.0,3.0,1,2.0,2.0
2020-07-01 Bournemouth-Newcastle United,1920,2020-07-01,Bournemouth,Newcastle United,Kevin Friend,7.0,1.0,0.6,2.0,1.2149532710280373,7.0,8.0,1.0,0.4,1.02803738317757,3.0869565217391304,3.0,1.0,4.0,5.0,1,2.0,0.0
2020-07-01 Arsenal-Norwich City,1920,2020-07-01,Arsenal,Norwich City,Peter Bankes,6.0,9.0,1.4,1.4,1.7757009345794392,7.0,3.0,0.2,1.6,0.8064516129032258,4.714285714285714,4.0,4.0,0.0,4.0,0,5.0,2.0
2020-07-02 Sheffield United-Tottenham Hotspur,1920,2020-07-02,Sheffield United,Tottenham Hotspur,Chris Kavanagh,8.0,5.0,0.4,1.4,0.967741935483871,9.0,5.0,1.4,1.4,1.7850467289719627,3.3833333333333333,2.0,3.0,1.0,4.0,1,2.0,2.0
2020-07-02 Manchester City-Liverpool,1920,2020-07-02,Manchester City,Liverpool,Anthony Taylor,7.0,9.0,2.0,0.8,2.5981308411214954,8.0,10.0,1.8,1.2,2.2710280373831777,3.5764705882352943,3.8,4.0,0.0,4.0,0,4.0,2.0
2020-07-04 Norwich City-Brighton,1920,2020-07-04,Norwich City,Brighton,Stuart Attwell,3.0,3.0,0.2,1.8,0.78125,4.0,5.0,0.4,1.0,0.9537037037037037,3.730769230769231,2.0,0.0,1.0,1.0,0,4.0,0.0
2020-07-04 Leicester City-Crystal Palace,1920,2020-07-04,Leicester City,Crystal Palace,Jonathan Moss,3.0,5.0,1.2,0.8,1.5462962962962963,5.0,9.0,0.8,1.0,1.1481481481481481,3.74025974025974,3.2,3.0,0.0,3.0,0,3.0,2.0
2020-07-04 Manchester Utd-Bournemouth,1920,2020-07-04,Manchester Utd,Bournemouth,Mike Dean,4.0,11.0,2.0,0.4,1.7037037037037037,3.0,1.0,0.8,2.2,1.212962962962963,4.410256410256411,2.4,5.0,2.0,7.0,1,1.0,2.0
2020-07-04 Wolves-Arsenal,1920,2020-07-04,Wolves,Arsenal,Michael Oliver,7.0,13.0,1.4,0.4,1.3142857142857143,3.0,9.0,1.6,1.0,1.7962962962962963,3.197674418604651,2.6666666666666665,0.0,2.0,2.0,0,6.0,0.0
2020-07-04 Chelsea-Watford,1920,2020-07-04,Chelsea,Watford,Kevin Friend,3.0,10.0,2.4,1.4,1.6851851851851851,6.0,4.0,1.0,1.2,1.1574074074074074,3.0714285714285716,4.0,3.0,0.0,3.0,0,2.0,2.0
2020-07-05 Liverpool-Aston Villa,1920,2020-07-05,Liverpool,Aston Villa,Paul Tierney,3.0,7.0,1.2,1.6,2.25,8.0,2.0,0.4,1.6,1.125,3.0327868852459017,3.0,2.0,0.0,2.0,0,2.0,2.0
2020-07-05 Southampton-Manchester City,1920,2020-07-05,Southampton,Manchester City,Andre Marriner,7.0,6.0,1.4,1.4,1.1388888888888888,3.0,9.0,2.6,0.8,2.611111111111111,2.7534246575342465,3.6,1.0,0.0,1.0,0,3.0,2.0
2020-07-05 Newcastle United-West Ham United,1920,2020-07-05,Newcastle United,West Ham United,Craig Pawson,4.0,11.0,1.8,0.4,1.0555555555555556,4.0,6.0,1.2,1.6,1.2777777777777777,3.735294117647059,3.6,2.0,2.0,4.0,1,1.0,1.0
2020-07-05 Burnley-Sheffield United,1920,2020-07-05,Burnley,Sheffield United,Peter Bankes,6.0,8.0,0.6,1.2,1.0833333333333333,3.0,7.0,0.8,1.4,1.03125,4.75,3.0,1.0,1.0,2.0,1,0.0,1.0
2020-07-06 Tottenham Hotspur-Everton,1920,2020-07-06,Tottenham Hotspur,Everton,Graham Scott,4.0,5.0,1.4,1.6,1.7777777777777777,5.0,8.0,0.8,1.2,1.2777777777777777,2.6226415094339623,4.2,1.0,0.0,1.0,0,5.0,2.0
2020-07-07 Crystal Palace-Chelsea,1920,2020-07-07,Crystal Palace,Chelsea,David Coote,3.0,6.0,0.6,1.6,1.1376146788990826,3.0,12.0,2.6,1.0,1.6972477064220184,3.24,2.6,2.0,3.0,5.0,1,1.0,0.0
2020-07-07 Watford-Norwich City,1920,2020-07-07,Watford,Norwich City,Anthony Taylor,3.0,1.0,0.4,1.8,1.146788990825688,3.0,0.0,0.0,2.0,0.7575757575757576,3.5813953488372094,2.0,2.0,1.0,3.0,1,6.0,2.0
2020-07-07 Arsenal-Leicester City,1920,2020-07-07,Arsenal,Leicester City,Chris Kavanagh,3.0,9.0,1.8,1.0,1.798165137614679,3.0,8.0,1.8,0.6,1.5596330275229358,3.360655737704918,4.0,1.0,1.0,2.0,1,2.0,1.0
2020-07-08 Brighton-Liverpool,1920,2020-07-08,Brighton,Liverpool,Craig Pawson,4.0,8.0,0.6,0.8,0.9541284403669725,3.0,10.0,1.6,1.0,2.2477064220183487,3.6956521739130435,3.0,1.0,3.0,4.0,1,5.0,0.0
2020-07-08 Manchester City-Newcastle United,1920,2020-07-08,Manchester City,Newcastle United,Andy Madley,3.0,9.0,2.6,0.6,2.5871559633027523,3.0,11.0,2.2,0.8,1.0642201834862386,3.5384615384615383,3.0,5.0,0.0,5.0,0,0.0,2.0
2020-07-08 Sheffield United-Wolves,1920,2020-07-08,Sheffield United,Wolves,Martin Atkinson,3.0,5.0,0.8,1.6,1.0303030303030303,4.0,10.0,0.8,0.4,1.295774647887324,3.2941176470588234,2.0,1.0,0.0,1.0,0,2.0,2.0
2020-07-08 West Ham United-Burnley,1920,2020-07-08,West Ham United,Burnley,Michael Oliver,3.0,4.0,1.0,1.8,1.2844036697247707,3.0,8.0,0.8,1.4,1.0825688073394495,3.2298850574712645,3.2,0.0,1.0,1.0,0,2.0,0.0
2020-07-09 Aston Villa-Manchester Utd,1920,2020-07-09,Aston Villa,Manchester Utd,Jonathan Moss,4.0,2.0,0.4,1.2,1.0909090909090908,5.0,13.0,2.8,0.6,1.7339449541284404,3.730769230769231,4.0,0.0,3.0,3.0,0,5.0,0.0
2020-07-09 Everton-Southampton,1920,2020-07-09,Everton,Southampton,Lee Mason,3.0,7.0,0.6,1.2,1.2660550458715596,4.0,9.0,1.4,0.8,1.1376146788990826,3.196078431372549,3.2,1.0,1.0,2.0,1,6.0,1.0
2020-07-09 Bournemouth-Tottenham Hotspur,1920,2020-07-09,Bournemouth,Tottenham Hotspur,Paul Tierney,5.0,0.0,0.8,2.8,1.2201834862385321,3.0,8.0,1.2,1.0,1.7706422018348624,3.0161290322580645,3.4,0.0,0.0,0.0,0,5.0,1.0
2020-07-11 Brighton-Manchester City,1920,2020-07-11,Brighton,Manchester City,Graham Scott,3.0,7.0,0.8,1.4,0.9545454545454546,3.0,9.0,3.0,0.6,2.609090909090909,2.6666666666666665,3.4,0.0,5.0,5.0,0,1.0,0.0
2020-07-11 Norwich City-West Ham United,1920,2020-07-11,Norwich City,West Ham United,Kevin Friend,4.0,0.0,0.2,2.2,0.7647058823529411,3.0,4.0,1.0,1.8,1.2727272727272727,3.056338028169014,2.0,0.0,4.0,4.0,0,1.0,0.0
2020-07-11 Watford-Newcastle United,1920,2020-07-11,Watford,Newcastle United,Craig Pawson,4.0,4.0,0.8,1.8,1.1545454545454545,3.0,8.0,2.0,1.8,1.0545454545454545,3.7142857142857144,2.2,2.0,1.0,3.0,1,5.0,2.0
2020-07-11 Liverpool-Burnley,1920,2020-07-11,Liverpool,Burnley,David Coote,3.0,10.0,1.8,1.0,2.2545454545454544,3.0,10.0,0.8,1.2,1.0818181818181818,3.1538461538461537,3.6,1.0,1.0,2.0,1,3.0,1.0
2020-07-11 Sheffield United-Chelsea,1920,2020-07-11,Sheffield United,Chelsea,Andre Marriner,3.0,7.0,1.0,1.6,1.0294117647058822,4.0,12.0,2.4,1.4,1.709090909090909,2.7567567567567566,4.0,3.0,0.0,3.0,0,1.0,2.0
2020-07-12 Aston Villa-Crystal Palace,1920,2020-07-12,Aston Villa,Crystal Palace,Martin Atkinson,3.0,1.0,0.4,1.8,1.0588235294117647,5.0,3.0,0.8,2.2,1.1454545454545455,3.2790697674418605,1.0,2.0,0.0,2.0,0,7.0,2.0
2020-07-12 Tottenham Hotspur-Arsenal,1920,2020-07-12,Tottenham Hotspur,Arsenal,Michael Oliver,3.0,8.0,1.0,0.8,1.7545454545454546,5.0,10.0,2.0,0.6,1.790909090909091,3.215909090909091,3.0,2.0,1.0,3.0,1,8.0,2.0
2020-07-12 Wolves-Everton,1920,2020-07-12,Wolves,Everton,Anthony Taylor,4.0,9.0,0.8,0.6,1.2777777777777777,3.0,8.0,0.8,0.6,1.2636363636363637,3.6091954022988504,4.333333333333333,3.0,0.0,3.0,0,2.0,2.0
2020-07-12 Bournemouth-Leicester City,1920,2020-07-12,Bournemouth,Leicester City,Stuart Attwell,3.0,1.0,0.6,2.4,1.209090909090909,5.0,6.0,1.2,0.8,1.5545454545454545,3.7358490566037736,2.8,4.0,1.0,5.0,1,4.0,2.0
2020-07-13 Manchester Utd-Southampton,1920,2020-07-13,Manchester Utd,Southampton,Chris Kavanagh,4.0,13.0,3.0,0.6,1.7454545454545454,4.0,10.0,1.6,0.8,1.1363636363636365,3.338709677419355,2.4,2.0,2.0,4.0,1,4.0,1.0
2020-07-14 Chelsea-Norwich City,1920,2020-07-14,Chelsea,Norwich City,Jonathan Moss,3.0,9.0,2.0,1.8,1.6936936936936937,3.0,0.0,0.2,2.4,0.7428571428571429,3.7468354430379747,5.0,1.0,0.0,1.0,0,4.0,2.0
2020-07-15 Burnley-Wolves,1920,2020-07-15,Burnley,Wolves,Mike Dean,4.0,11.0,1.0,0.4,1.0810810810810811,3.0,9.0,1.0,0.6,1.3013698630136987,4.367088607594937,1.6666666666666667,1.0,1.0,2.0,1,0.0,1.0
2020-07-15 Manchester City-Bournemouth,1920,2020-07-15,Manchester City,Bournemouth,Lee Mason,4.0,9.0,3.0,0.6,2.630630630630631,3.0,4.0,1.4,2.2,1.2342342342342343,3.25,3.2,2.0,1.0,3.0,1,2.0,2.0
2020-07-15 Newcastle United-Tottenham Hotspur,1920,2020-07-15,Newcastle United,Tottenham Hotspur,David Coote,4.0,5.0,1.6,2.2,1.054054054054054,3.0,10.0,1.2,0.8,1.7567567567567568,3.1481481481481484,1.6,1.0,3.0,4.0,1,5.0,0.0
2020-07-15 Arsenal-Liverpool,1920,2020-07-15,Arsenal,Liverpool,Paul Tierney,3.0,10.0,2.0,0.6,1.7837837837837838,4.0,10.0,2.0,1.2,2.2432432432432434,3.0476190476190474,4.4,2.0,1.0,3.0,1,4.0,2.0
2020-07-16 Crystal Palace-Manchester Utd,1920,2020-07-16,Crystal Palace,Manchester Utd,Graham Scott,4.0,0.0,0.4,2.6,1.135135135135135,3.0,13.0,3.2,0.8,1.7477477477477477,2.6363636363636362,3.2,0.0,2.0,2.0,0,3.0,0.0
2020-07-16 Southampton-Brighton,1920,2020-07-16,Southampton,Brighton,Andre Marriner,3.0,8.0,1.4,1.2,1.1441441441441442,5.0,4.0,0.4,2.2,0.9459459459459459,2.7333333333333334,2.2,1.0,1.0,2.0,1,1.0,1.0
2020-07-16 Everton-Aston Villa,1920,2020-07-16,Everton,Aston Villa,Anthony Taylor,4.0,7.0,0.8,1.2,1.2522522522522523,4.0,4.0,0.6,1.4,1.0857142857142856,3.590909090909091,2.0,1.0,1.0,2.0,1,3.0,1.0
2020-07-16 Leicester City-Sheffield United,1920,2020-07-16,Leicester City,Sheffield United,Michael Oliver,4.0,5.0,1.2,1.4,1.5495495495495495,5.0,10.0,1.6,1.0,1.0857142857142856,3.269662921348315,3.0,2.0,0.0,2.0,0,3.0,2.0
2020-07-17 West Ham United-Watford,1920,2020-07-17,West Ham United,Watford,Martin Atkinson,6.0,7.0,1.8,1.4,1.2972972972972974,6.0,6.0,1.0,1.8,1.162162162162162,3.32183908045977,3.0,3.0,1.0,4.0,1,2.0,2.0
2020-07-18 Norwich City-Burnley,1920,2020-07-18,Norwich City,Burnley,Kevin Friend,4.0,0.0,0.2,2.4,0.7222222222222222,3.0,9.0,1.0,0.6,1.0803571428571428,3.0277777777777777,2.0,0.0,2.0,2.0,0,2.0,0.0
2020-07-19 Bournemouth-Southampton,1920,2020-07-19,Bournemouth,Southampton,Craig Pawson,4.0,4.0,1.6,2.4,1.2321428571428572,3.0,9.0,1.6,1.0,1.1428571428571428,3.732394366197183,3.0,0.0,2.0,2.0,0,4.0,0.0
2020-07-19 Tottenham Hotspur-Leicester City,1920,2020-07-19,Tottenham Hotspur,Leicester City,Anthony Taylor,4.0,10.0,1.4,1.0,1.7678571428571428,3.0,7.0,1.6,1.4,1.5535714285714286,3.5842696629213484,4.2,3.0,0.0,3.0,0,3.0,2.0
2020-07-20 Brighton-Newcastle United,1920,2020-07-20,Brighton,Newcastle United,Simon Hooper,4.0,4.0,0.6,2.4,0.9464285714285714,5.0,4.0,1.6,2.6,1.0535714285714286,2.789473684210526,0.8,0.0,0.0,0.0,0,6.0,1.0
2020-07-20 Sheffield United-Everton,1920,2020-07-20,Sheffield United,Everton,Stuart Attwell,4.0,10.0,1.6,0.8,1.0555555555555556,4.0,5.0,0.8,1.4,1.25,3.740740740740741,2.0,0.0,1.0,1.0,0,4.0,0.0
2020-07-20 Wolves-Crystal Palace,1920,2020-07-20,Wolves,Crystal Palace,Peter Bankes,5.0,7.0,1.0,0.8,1.2972972972972974,4.0,0.0,0.4,2.2,1.125,4.222222222222222,1.6666666666666667,2.0,0.0,2.0,0,3.0,2.0
2020-07-21 Watford-Manchester City,1920,2020-07-21,Watford,Manchester City,Michael Oliver,4.0,6.0,1.2,2.2,1.1607142857142858,6.0,12.0,3.2,0.4,2.625,3.2666666666666666,5.0,0.0,4.0,4.0,0,2.0,0.0
2020-07-21 Aston Villa-Arsenal,1920,2020-07-21,Aston Villa,Arsenal,Chris Kavanagh,5.0,4.0,0.6,1.4,1.0833333333333333,6.0,10.0,2.0,0.8,1.7857142857142858,3.3492063492063493,5.0,1.0,0.0,1.0,0,6.0,2.0
2020-07-22 Liverpool-Chelsea,1920,2020-07-22,Liverpool,Chelsea,Andre Marriner,7.0,7.0,1.4,1.6,2.232142857142857,8.0,9.0,1.8,1.6,1.6875,2.710526315789474,2.0,5.0,3.0,8.0,1,1.0,2.0
2020-07-22 Manchester Utd-West Ham United,1920,2020-07-22,Manchester Utd,West Ham United,Paul Tierney,6.0,13.0,3.0,0.8,1.75,5.0,10.0,2.4,1.2,1.3125,3.0625,2.6,1.0,1.0,2.0,1,4.0,1.0
2020-07-26 Manchester City-Norwich City,1920,2020-07-26,Manchester City,Norwich City,Craig Pawson,5.0,12.0,3.2,0.4,2.6371681415929205,8.0,0.0,0.2,2.0,0.7027027027027027,3.736111111111111,5.0,5.0,0.0,5.0,0,2.0,2.0
2020-07-26 Leicester City-Manchester Utd,1920,2020-07-26,Leicester City,Manchester Utd,Martin Atkinson,7.0,7.0,1.4,1.6,1.5398230088495575,4.0,11.0,2.6,1.0,1.7433628318584071,3.3068181818181817,2.2,0.0,2.0,2.0,0,7.0,0.0
2020-07-26 Southampton-Sheffield United,1920,2020-07-26,Southampton,Sheffield United,Peter Bankes,7.0,9.0,1.4,0.8,1.1504424778761062,6.0,7.0,1.0,0.8,1.027027027027027,4.1,1.0,3.0,1.0,4.0,1,1.0,2.0
2020-07-26 Newcastle United-Liverpool,1920,2020-07-26,Newcastle United,Liverpool,Anthony Taylor,6.0,2.0,0.8,2.4,1.0442477876106195,4.0,10.0,2.4,1.4,2.256637168141593,3.577777777777778,3.4,1.0,3.0,4.0,1,1.0,0.0
2020-07-26 West Ham United-Aston Villa,1920,2020-07-26,West Ham United,Aston Villa,Michael Oliver,4.0,8.0,2.0,1.0,1.3097345132743363,5.0,7.0,0.8,1.2,1.0810810810810811,3.2527472527472527,0.0,1.0,1.0,2.0,1,3.0,1.0
2020-07-26 Everton-Bournemouth,1920,2020-07-26,Everton,Bournemouth,Chris Kavanagh,6.0,5.0,0.6,1.2,1.247787610619469,7.0,4.0,1.4,2.0,1.2212389380530972,3.390625,3.2,1.0,3.0,4.0,1,1.0,0.0
2020-07-26 Chelsea-Wolves,1920,2020-07-26,Chelsea,Wolves,Stuart Attwell,4.0,9.0,2.0,2.0,1.6991150442477876,6.0,7.0,1.2,0.8,1.3066666666666666,3.7454545454545456,4.0,2.0,0.0,2.0,0,5.0,2.0
2020-07-26 Burnley-Brighton,1920,2020-07-26,Burnley,Brighton,Jonathan Moss,8.0,9.0,1.2,0.6,1.0884955752212389,6.0,5.0,0.6,1.8,0.9380530973451328,3.75,1.4,1.0,2.0,3.0,1,3.0,0.0
2020-07-26 Arsenal-Watford,1920,2020-07-26,Arsenal,Watford,Mike Dean,5.0,7.0,1.2,1.0,1.7699115044247788,5.0,6.0,1.0,2.4,1.1504424778761062,4.3125,2.6,3.0,2.0,5.0,1,6.0,2.0
2020-07-26 Crystal Palace-Tottenham Hotspur,1920,2020-07-26,Crystal Palace,Tottenham Hotspur,Andre Marriner,6.0,0.0,0.4,2.4,1.1150442477876106,7.0,13.0,1.8,0.4,1.7787610619469028,2.688311688311688,1.8,1.0,1.0,2.0,1,5.0,1.0
2020-09-12 Fulham-Arsenal,2021,2020-09-12,Fulham,Arsenal,Chris Kavanagh,489.0,9.0,0.8,1.0,0.8947368421052632,48.0,7.0,1.4,1.4,1.780701754385965,3.353846153846154,5.5,0.0,3.0,3.0,0,4.0,0.0
2020-09-12 Crystal Palace-Southampton,2021,2020-09-12,Crystal Palace,Southampton,Jonathan Moss,48.0,1.0,0.6,2.0,1.1140350877192982,48.0,9.0,1.8,1.0,1.1666666666666667,3.740740740740741,2.0,1.0,0.0,1.0,0,3.0,2.0
2020-09-12 West Ham United-Newcastle United,2021,2020-09-12,West Ham United,Newcastle United,Stuart Attwell,48.0,8.0,1.8,0.8,1.3070175438596492,48.0,1.0,0.6,2.6,1.043859649122807,3.767857142857143,3.6666666666666665,0.0,2.0,2.0,0,4.0,0.0
2020-09-13 West Brom-Leicester City,2021,2020-09-13,West Brom,Leicester City,Anthony Taylor,854.0,10.0,1.0,0.8,0.8157894736842105,49.0,4.0,0.8,2.0,1.5263157894736843,3.5494505494505493,3.5,0.0,3.0,3.0,0,2.0,0.0
2020-09-13 Tottenham Hotspur-Everton,2021,2020-09-13,Tottenham Hotspur,Everton,Martin Atkinson,49.0,11.0,1.8,0.6,1.7719298245614035,49.0,5.0,0.8,1.6,1.2456140350877194,3.348314606741573,3.6666666666666665,0.0,1.0,1.0,0,1.0,0.0
2020-09-14 Brighton-Chelsea,2021,2020-09-14,Brighton,Chelsea,Craig Pawson,50.0,5.0,0.8,2.0,0.9473684210526315,50.0,9.0,1.8,2.0,1.7017543859649122,3.712328767123288,2.6666666666666665,1.0,3.0,4.0,1,1.0,0.0
2020-09-14 Sheffield United-Wolves,2021,2020-09-14,Sheffield United,Wolves,Mike Dean,50.0,6.0,1.0,1.2,1.0263157894736843,50.0,7.0,1.2,0.8,1.2894736842105263,4.333333333333333,1.5,0.0,2.0,2.0,0,3.0,0.0
2020-09-19 Everton-West Brom,2021,2020-09-19,Everton,West Brom,Mike Dean,6.0,7.0,0.8,1.4,1.2434782608695651,6.0,7.0,0.8,1.4,0.7948717948717948,4.317073170731708,1.0,5.0,2.0,7.0,1,2.0,2.0
2020-09-19 Leeds United-Fulham,2021,2020-09-19,Leeds United,Fulham,Anthony Taylor,7.0,0.0,3.0,4.0,3.0,7.0,6.0,0.4,1.6,0.8717948717948718,3.532608695652174,2.85,4.0,3.0,7.0,1,3.0,2.0
2020-09-19 Manchester Utd-Crystal Palace,2021,2020-09-19,Manchester Utd,Crystal Palace,Martin Atkinson,55.0,11.0,2.0,0.6,1.7456140350877194,7.0,4.0,0.4,1.4,1.1130434782608696,3.3222222222222224,3.0,1.0,3.0,4.0,1,3.0,0.0
2020-09-19 Arsenal-West Ham United,2021,2020-09-19,Arsenal,West Ham United,Michael Oliver,7.0,9.0,1.8,1.2,1.791304347826087,7.0,8.0,1.8,1.0,1.2956521739130435,3.225806451612903,2.5,2.0,1.0,3.0,1,1.0,2.0
2020-09-20 Southampton-Tottenham Hotspur,2021,2020-09-20,Southampton,Tottenham Hotspur,David Coote,8.0,8.0,1.6,1.0,1.1565217391304348,7.0,10.0,1.8,0.8,1.7565217391304349,3.2142857142857144,3.3333333333333335,2.0,5.0,7.0,1,7.0,0.0
2020-09-20 Newcastle United-Brighton,2021,2020-09-20,Newcastle United,Brighton,Kevin Friend,8.0,4.0,1.0,1.6,1.0521739130434782,6.0,5.0,0.8,2.0,0.9478260869565217,3.0136986301369864,0.6666666666666666,0.0,3.0,3.0,0,4.0,0.0
2020-09-20 Chelsea-Liverpool,2021,2020-09-20,Chelsea,Liverpool,Paul Tierney,6.0,9.0,1.8,1.8,1.7130434782608697,8.0,10.0,2.8,2.0,2.2782608695652176,3.076923076923077,3.0,0.0,2.0,2.0,0,1.0,0.0
2020-09-20 Leicester City-Burnley,2021,2020-09-20,Leicester City,Burnley,Lee Mason,7.0,6.0,1.2,1.8,1.5391304347826087,56.0,8.0,1.2,0.8,1.087719298245614,3.2264150943396226,2.1666666666666665,4.0,2.0,6.0,1,3.0,2.0
2020-09-21 Aston Villa-Sheffield United,2021,2020-09-21,Aston Villa,Sheffield United,Graham Scott,57.0,8.0,1.0,1.0,1.0789473684210527,7.0,3.0,0.8,1.6,1.0,2.642857142857143,1.0,1.0,0.0,1.0,0,5.0,2.0
2020-09-21 Wolves-Manchester City,2021,2020-09-21,Wolves,Manchester City,Andre Marriner,7.0,10.0,1.6,0.6,1.2987012987012987,57.0,15.0,4.2,0.2,2.6578947368421053,2.717948717948718,3.0,1.0,3.0,4.0,1,3.0,0.0
2020-09-26 Burnley-Southampton,2021,2020-09-26,Burnley,Southampton,Andre Marriner,6.0,5.0,1.4,1.6,1.0956521739130434,6.0,7.0,1.6,1.6,1.1637931034482758,2.721518987341772,1.8333333333333333,0.0,1.0,1.0,0,1.0,0.0
2020-09-26 West Brom-Chelsea,2021,2020-09-26,West Brom,Chelsea,Jonathan Moss,7.0,6.0,0.8,2.0,0.825,6.0,9.0,1.8,1.6,1.6982758620689655,3.731707317073171,3.5,3.0,3.0,6.0,1,4.0,1.0
2020-09-26 Crystal Palace-Everton,2021,2020-09-26,Crystal Palace,Everton,Kevin Friend,7.0,7.0,1.0,1.2,1.1293103448275863,7.0,10.0,1.8,1.2,1.2758620689655173,3.027027027027027,2.3333333333333335,1.0,2.0,3.0,1,4.0,0.0
2020-09-26 Brighton-Manchester Utd,2021,2020-09-26,Brighton,Manchester Utd,Chris Kavanagh,6.0,8.0,1.4,1.0,0.9655172413793104,7.0,8.0,1.6,1.2,1.7391304347826086,3.3636363636363638,2.8333333333333335,2.0,3.0,5.0,1,6.0,0.0
2020-09-27 Sheffield United-Leeds United,2021,2020-09-27,Sheffield United,Leeds United,Paul Tierney,6.0,0.0,0.2,1.8,0.975,8.0,3.0,3.5,3.5,3.5,3.0454545454545454,2.85,0.0,1.0,1.0,0,3.0,0.0
2020-09-27 Tottenham Hotspur-Newcastle United,2021,2020-09-27,Tottenham Hotspur,Newcastle United,Peter Bankes,7.0,10.0,2.4,1.0,1.7844827586206897,7.0,4.0,0.8,1.8,1.043103448275862,3.8181818181818183,2.0,1.0,1.0,2.0,1,5.0,1.0
2020-09-27 Manchester City-Leicester City,2021,2020-09-27,Manchester City,Leicester City,Michael Oliver,6.0,15.0,3.8,0.4,2.6608695652173915,7.0,9.0,1.8,1.4,1.5603448275862069,3.202127659574468,2.8333333333333335,2.0,5.0,7.0,1,4.0,0.0
2020-09-27 West Ham United-Wolves,2021,2020-09-27,West Ham United,Wolves,Martin Atkinson,8.0,5.0,1.2,1.4,1.293103448275862,6.0,7.0,1.2,1.2,1.294871794871795,3.318681318681319,2.0,4.0,0.0,4.0,0,1.0,2.0
2020-09-28 Fulham-Aston Villa,2021,2020-09-28,Fulham,Aston Villa,Stuart Attwell,9.0,3.0,0.8,2.4,0.925,7.0,11.0,1.2,0.4,1.0769230769230769,3.7719298245614037,2.85,0.0,3.0,3.0,0,9.0,0.0
2020-09-28 Liverpool-Arsenal,2021,2020-09-28,Liverpool,Arsenal,Craig Pawson,8.0,12.0,3.0,1.8,2.2758620689655173,9.0,12.0,2.0,1.0,1.793103448275862,3.675675675675676,4.166666666666667,3.0,1.0,4.0,1,4.0,2.0
2020-10-03 Chelsea-Crystal Palace,2021,2020-10-03,Chelsea,Crystal Palace,Michael Oliver,7.0,7.0,2.2,2.2,1.7094017094017093,7.0,7.0,1.2,1.2,1.1282051282051282,3.210526315789474,3.0,4.0,0.0,4.0,0,2.0,2.0
2020-10-03 Everton-Brighton,2021,2020-10-03,Everton,Brighton,Simon Hooper,7.0,12.0,2.0,1.2,1.2820512820512822,7.0,7.0,1.6,1.4,0.9743589743589743,2.95,2.5,4.0,2.0,6.0,1,1.0,2.0
2020-10-03 Leeds United-Manchester City,2021,2020-10-03,Leeds United,Manchester City,Mike Dean,6.0,6.0,2.6666666666666665,2.3333333333333335,2.6666666666666665,6.0,12.0,3.2,1.4,2.6551724137931036,4.289156626506024,2.85,1.0,1.0,2.0,1,3.0,1.0
2020-10-03 Newcastle United-Burnley,2021,2020-10-03,Newcastle United,Burnley,David Coote,6.0,5.0,0.8,1.4,1.0427350427350428,7.0,4.0,1.2,1.6,1.0862068965517242,3.3448275862068964,1.5,3.0,1.0,4.0,1,5.0,2.0
2020-10-04 Aston Villa-Liverpool,2021,2020-10-04,Aston Villa,Liverpool,Martin Atkinson,6.0,11.0,1.4,0.4,1.125,6.0,15.0,3.4,1.6,2.282051282051282,3.2934782608695654,2.5,7.0,2.0,9.0,1,3.0,2.0
2020-10-04 Manchester Utd-Tottenham Hotspur,2021,2020-10-04,Manchester Utd,Tottenham Hotspur,Anthony Taylor,8.0,10.0,1.8,1.2,1.75,7.0,8.0,2.0,1.0,1.7777777777777777,3.5268817204301075,2.0,1.0,6.0,7.0,1,4.0,0.0
2020-10-04 Wolves-Fulham,2021,2020-10-04,Wolves,Fulham,Darren England,7.0,6.0,1.0,1.8,1.2784810126582278,6.0,0.0,0.6,3.0,0.9024390243902439,3.0,1.5,1.0,0.0,1.0,0,2.0,2.0
2020-10-04 Leicester City-West Ham United,2021,2020-10-04,Leicester City,West Ham United,Andy Madley,7.0,9.0,2.4,1.8,1.5897435897435896,7.0,5.0,1.4,1.2,1.3162393162393162,3.2857142857142856,3.0,0.0,3.0,3.0,0,4.0,0.0
2020-10-04 Southampton-West Brom,2021,2020-10-04,Southampton,West Brom,Chris Kavanagh,8.0,9.0,1.6,1.4,1.1623931623931625,8.0,4.0,1.2,2.6,0.8780487804878049,3.4029850746268657,3.0,2.0,0.0,2.0,0,3.0,2.0
2020-10-04 Arsenal-Sheffield United,2021,2020-10-04,Arsenal,Sheffield United,Lee Mason,6.0,9.0,1.8,1.4,1.7863247863247864,7.0,0.0,0.2,1.6,0.9512195121951219,3.2222222222222223,1.5,2.0,1.0,3.0,1,1.0,2.0
2020-10-17 Everton-Liverpool,2021,2020-10-17,Everton,Liverpool,Michael Oliver,14.0,12.0,2.6,1.6,1.305084745762712,13.0,12.0,2.8,2.4,2.2796610169491527,3.1979166666666665,1.6666666666666667,2.0,2.0,4.0,1,6.0,1.0
2020-10-17 Chelsea-Southampton,2021,2020-10-17,Chelsea,Southampton,Peter Bankes,14.0,10.0,2.4,1.2,1.728813559322034,13.0,9.0,1.6,1.4,1.1694915254237288,3.9166666666666665,2.6666666666666665,3.0,3.0,6.0,1,2.0,1.0
2020-10-17 Manchester City-Arsenal,2021,2020-10-17,Manchester City,Arsenal,Chris Kavanagh,14.0,10.0,3.0,1.4,2.641025641025641,13.0,12.0,2.2,1.4,1.7881355932203389,3.3970588235294117,3.1666666666666665,1.0,0.0,1.0,0,5.0,2.0
2020-10-17 Newcastle United-Manchester Utd,2021,2020-10-17,Newcastle United,Manchester Utd,Craig Pawson,14.0,7.0,1.4,1.6,1.0593220338983051,13.0,7.0,1.6,2.4,1.7435897435897436,3.68,3.1666666666666665,1.0,4.0,5.0,1,2.0,0.0
2020-10-18 Leicester City-Aston Villa,2021,2020-10-18,Leicester City,Aston Villa,Jonathan Moss,14.0,9.0,2.4,1.8,1.576271186440678,14.0,13.0,2.6,0.6,1.2682926829268293,3.7349397590361444,4.5,0.0,1.0,1.0,0,7.0,0.0
2020-10-18 Tottenham Hotspur-West Ham United,2021,2020-10-18,Tottenham Hotspur,West Ham United,Paul Tierney,14.0,8.0,2.6,1.2,1.8135593220338984,14.0,7.0,1.8,1.0,1.3305084745762712,3.044776119402985,2.6666666666666665,3.0,3.0,6.0,1,5.0,1.0
2020-10-18 Crystal Palace-Brighton,2021,2020-10-18,Crystal Palace,Brighton,Stuart Attwell,15.0,7.0,1.2,1.6,1.11864406779661,15.0,6.0,2.0,2.2,0.9830508474576272,3.8620689655172415,2.5,1.0,1.0,2.0,1,6.0,1.0
2020-10-18 Sheffield United-Fulham,2021,2020-10-18,Sheffield United,Fulham,Andre Marriner,14.0,0.0,0.4,1.8,0.9523809523809523,14.0,0.0,0.6,3.0,0.8809523809523809,2.7,2.85,1.0,1.0,2.0,1,2.0,1.0
2020-10-19 West Brom-Burnley,2021,2020-10-19,West Brom,Burnley,Anthony Taylor,15.0,1.0,1.0,3.0,0.8571428571428571,16.0,3.0,1.2,2.0,1.0854700854700854,3.5319148936170213,2.0,0.0,0.0,0.0,0,4.0,1.0
2020-10-19 Leeds United-Wolves,2021,2020-10-19,Leeds United,Wolves,David Coote,16.0,7.0,2.25,2.0,2.25,15.0,6.0,0.8,1.8,1.275,3.4,2.85,0.0,1.0,1.0,0,3.0,0.0
2020-10-23 Aston Villa-Leeds United,2021,2020-10-23,Aston Villa,Leeds United,Paul Tierney,5.0,13.0,2.6,0.6,1.2619047619047619,4.0,7.0,1.8,1.8,1.8,3.073529411764706,2.85,0.0,3.0,3.0,0,4.0,0.0
2020-10-24 West Ham United-Manchester City,2021,2020-10-24,West Ham United,Manchester City,Anthony Taylor,6.0,7.0,2.2,1.4,1.3445378151260505,7.0,10.0,2.4,1.4,2.6271186440677967,3.536842105263158,3.3333333333333335,1.0,1.0,2.0,1,2.0,1.0
2020-10-24 Fulham-Crystal Palace,2021,2020-10-24,Fulham,Crystal Palace,Graham Scott,6.0,1.0,0.8,2.4,0.8837209302325582,6.0,7.0,1.2,1.6,1.1176470588235294,2.6842105263157894,2.0,1.0,2.0,3.0,1,2.0,0.0
2020-10-24 Manchester Utd-Chelsea,2021,2020-10-24,Manchester Utd,Chelsea,Martin Atkinson,7.0,9.0,2.2,2.4,1.7627118644067796,7.0,8.0,2.6,1.8,1.7394957983193278,3.2903225806451615,2.6666666666666665,0.0,0.0,0.0,0,4.0,1.0
2020-10-24 Liverpool-Sheffield United,2021,2020-10-24,Liverpool,Sheffield United,Mike Dean,7.0,10.0,2.6,2.6,2.277310924369748,6.0,1.0,0.4,1.4,0.9534883720930233,4.273809523809524,1.5,2.0,1.0,3.0,1,3.0,2.0
2020-10-25 Wolves-Newcastle United,2021,2020-10-25,Wolves,Newcastle United,Lee Mason,6.0,9.0,1.0,1.4,1.271604938271605,8.0,7.0,1.4,1.8,1.0588235294117647,3.1818181818181817,2.25,1.0,1.0,2.0,1,1.0,1.0
2020-10-25 Arsenal-Leicester City,2021,2020-10-25,Arsenal,Leicester City,Craig Pawson,8.0,9.0,1.6,1.2,1.773109243697479,7.0,9.0,2.4,1.6,1.5630252100840336,3.6578947368421053,3.6666666666666665,0.0,1.0,1.0,0,8.0,0.0
2020-10-25 Southampton-Everton,2021,2020-10-25,Southampton,Everton,Kevin Friend,8.0,7.0,1.6,1.8,1.184873949579832,8.0,13.0,2.8,1.4,1.3109243697478992,3.04,3.0,2.0,0.0,2.0,0,4.0,2.0
2020-10-26 Brighton-West Brom,2021,2020-10-26,Brighton,West Brom,Jonathan Moss,8.0,4.0,1.8,2.2,0.9831932773109243,7.0,2.0,1.0,2.6,0.8372093023255814,3.7738095238095237,3.0,1.0,1.0,2.0,1,2.0,1.0
2020-10-26 Burnley-Tottenham Hotspur,2021,2020-10-26,Burnley,Tottenham Hotspur,Michael Oliver,7.0,1.0,0.8,2.0,1.076271186440678,8.0,8.0,3.0,1.6,1.8235294117647058,3.2268041237113403,2.6666666666666665,0.0,1.0,1.0,0,2.0,0.0
2020-10-30 Wolves-Crystal Palace,2021,2020-10-30,Wolves,Crystal Palace,Martin Atkinson,5.0,7.0,0.8,1.6,1.2682926829268293,6.0,7.0,1.4,1.8,1.125,3.297872340425532,1.75,2.0,0.0,2.0,0,3.0,2.0
2020-10-31 Sheffield United-Manchester City,2021,2020-10-31,Sheffield United,Manchester City,Michael Oliver,7.0,1.0,0.6,1.4,0.9545454545454546,7.0,8.0,1.6,1.6,2.6134453781512605,3.2142857142857144,1.5,0.0,1.0,1.0,0,0.0,0.0
2020-10-31 Burnley-Chelsea,2021,2020-10-31,Burnley,Chelsea,David Coote,5.0,1.0,0.6,1.8,1.0672268907563025,7.0,6.0,2.0,1.6,1.725,3.3870967741935485,4.166666666666667,0.0,3.0,3.0,0,1.0,0.0
2020-10-31 Liverpool-West Ham United,2021,2020-10-31,Liverpool,West Ham United,Kevin Friend,7.0,10.0,2.2,2.2,2.275,7.0,8.0,2.4,1.2,1.3416666666666666,3.0526315789473686,3.8333333333333335,2.0,1.0,3.0,1,1.0,2.0
2020-11-01 Manchester Utd-Arsenal,2021,2020-11-01,Manchester Utd,Arsenal,Mike Dean,8.0,7.0,1.8,2.4,1.7478991596638656,7.0,6.0,1.0,1.4,1.7583333333333333,4.258823529411765,2.8333333333333335,0.0,1.0,1.0,0,6.0,0.0
2020-11-01 Aston Villa-Southampton,2021,2020-11-01,Aston Villa,Southampton,Darren England,9.0,12.0,2.4,1.0,1.2325581395348837,7.0,10.0,2.0,1.6,1.1916666666666667,2.5,3.0,3.0,4.0,7.0,1,3.0,0.0
2020-11-01 Newcastle United-Everton,2021,2020-11-01,Newcastle United,Everton,Stuart Attwell,7.0,5.0,1.2,2.0,1.0583333333333333,7.0,10.0,2.6,1.8,1.3,3.8983050847457625,2.6666666666666665,2.0,1.0,3.0,1,6.0,2.0
2020-11-01 Tottenham Hotspur-Brighton,2021,2020-11-01,Tottenham Hotspur,Brighton,Graham Scott,6.0,11.0,3.2,1.4,1.8166666666666667,6.0,5.0,1.8,1.8,0.9833333333333333,2.6724137931034484,2.3333333333333335,2.0,1.0,3.0,1,3.0,2.0
2020-11-02 Leeds United-Leicester City,2021,2020-11-02,Leeds United,Leicester City,Andre Marriner,10.0,10.0,1.8,1.0,2.0,8.0,9.0,2.0,1.6,1.5583333333333333,2.691358024691358,2.85,1.0,4.0,5.0,1,2.0,0.0
2020-11-02 Fulham-West Brom,2021,2020-11-02,Fulham,West Brom,Simon Hooper,9.0,1.0,1.0,2.2,0.8863636363636364,7.0,3.0,1.2,2.2,0.8409090909090909,2.857142857142857,2.85,2.0,0.0,2.0,0,5.0,2.0
2020-11-06 Brighton-Burnley,2021,2020-11-06,Brighton,Burnley,Mike Dean,5.0,2.0,1.4,2.2,0.9834710743801653,6.0,1.0,0.2,1.6,1.0583333333333333,4.27906976744186,1.6666666666666667,0.0,0.0,0.0,0,1.0,1.0
2020-11-06 Southampton-Newcastle United,2021,2020-11-06,Southampton,Newcastle United,Peter Bankes,5.0,13.0,2.4,1.2,1.2148760330578512,5.0,8.0,1.6,1.6,1.0661157024793388,3.769230769230769,2.5,2.0,0.0,2.0,0,3.0,2.0
2020-11-07 Everton-Manchester Utd,2021,2020-11-07,Everton,Manchester Utd,Paul Tierney,6.0,7.0,1.8,1.8,1.2975206611570247,6.0,7.0,1.6,2.0,1.7333333333333334,3.0869565217391304,2.8333333333333335,1.0,3.0,4.0,1,6.0,0.0
2020-11-07 Crystal Palace-Leeds United,2021,2020-11-07,Crystal Palace,Leeds United,Chris Kavanagh,8.0,4.0,0.8,2.0,1.115702479338843,5.0,7.0,1.2,1.2,1.8571428571428572,3.420289855072464,2.85,4.0,1.0,5.0,1,2.0,2.0
2020-11-07 Chelsea-Sheffield United,2021,2020-11-07,Chelsea,Sheffield United,Jonathan Moss,7.0,9.0,2.6,1.2,1.7355371900826446,7.0,1.0,0.6,1.4,0.9333333333333333,3.7529411764705882,3.5,4.0,1.0,5.0,1,2.0,2.0
2020-11-07 West Ham United-Fulham,2021,2020-11-07,West Ham United,Fulham,Robert Jones,7.0,8.0,2.4,1.2,1.3388429752066116,5.0,4.0,0.8,1.4,0.9111111111111111,4.0,3.0,1.0,0.0,1.0,0,4.0,2.0
2020-11-08 Arsenal-Aston Villa,2021,2020-11-08,Arsenal,Aston Villa,Martin Atkinson,7.0,6.0,0.8,1.2,1.7520661157024793,7.0,9.0,2.8,1.8,1.2727272727272727,3.294736842105263,3.0,0.0,3.0,3.0,0,0.0,0.0
2020-11-08 West Brom-Tottenham Hotspur,2021,2020-11-08,West Brom,Tottenham Hotspur,Andy Madley,6.0,3.0,0.8,1.6,0.8222222222222222,7.0,11.0,2.6,1.2,1.8181818181818181,3.3333333333333335,1.5,0.0,1.0,1.0,0,1.0,0.0
2020-11-08 Leicester City-Wolves,2021,2020-11-08,Leicester City,Wolves,Anthony Taylor,6.0,9.0,2.0,1.4,1.578512396694215,9.0,10.0,1.0,1.0,1.2771084337349397,3.5208333333333335,2.25,1.0,0.0,1.0,0,5.0,2.0
2020-11-08 Manchester City-Liverpool,2021,2020-11-08,Manchester City,Liverpool,Craig Pawson,8.0,8.0,1.2,1.4,2.6,8.0,10.0,2.2,2.4,2.272727272727273,3.7142857142857144,3.8333333333333335,1.0,1.0,2.0,1,4.0,1.0
2020-11-21 Manchester Utd-West Brom,2021,2020-11-21,Manchester Utd,West Brom,David Coote,14.0,7.0,1.6,1.8,1.743801652892562,13.0,2.0,0.2,1.2,0.8043478260869565,3.3125,2.0,1.0,0.0,1.0,0,2.0,2.0
2020-11-21 Tottenham Hotspur-Manchester City,2021,2020-11-21,Tottenham Hotspur,Manchester City,Mike Dean,13.0,13.0,2.6,1.0,1.8114754098360655,13.0,9.0,1.0,0.6,2.5867768595041323,4.241379310344827,2.8333333333333335,2.0,0.0,2.0,0,4.0,2.0
2020-11-21 Newcastle United-Chelsea,2021,2020-11-21,Newcastle United,Chelsea,Craig Pawson,15.0,7.0,1.4,1.8,1.0573770491803278,14.0,11.0,2.8,0.8,1.7540983606557377,3.717948717948718,2.5,0.0,2.0,2.0,0,2.0,0.0
2020-11-21 Aston Villa-Brighton,2021,2020-11-21,Aston Villa,Brighton,Michael Oliver,13.0,9.0,2.8,1.8,1.3111111111111111,15.0,3.0,1.0,1.6,0.9754098360655737,3.1818181818181817,2.5,1.0,2.0,3.0,1,4.0,0.0
2020-11-22 Fulham-Everton,2021,2020-11-22,Fulham,Everton,Andy Madley,15.0,4.0,0.8,1.0,0.8913043478260869,15.0,4.0,1.6,2.2,1.2950819672131149,3.1875,2.5,2.0,3.0,5.0,1,2.0,0.0
2020-11-22 Sheffield United-West Ham United,2021,2020-11-22,Sheffield United,West Ham United,Martin Atkinson,15.0,1.0,0.8,2.0,0.9347826086956522,15.0,8.0,1.8,1.2,1.3360655737704918,3.2604166666666665,1.5,0.0,1.0,1.0,0,0.0,0.0
2020-11-22 Leeds United-Arsenal,2021,2020-11-22,Leeds United,Arsenal,Anthony Taylor,15.0,4.0,1.2,2.0,1.75,14.0,6.0,0.6,1.2,1.7377049180327868,3.536082474226804,2.85,0.0,0.0,0.0,0,4.0,1.0
2020-11-22 Liverpool-Leicester City,2021,2020-11-22,Liverpool,Leicester City,Chris Kavanagh,14.0,8.0,1.8,2.4,2.262295081967213,14.0,9.0,1.2,1.0,1.5737704918032787,3.4,3.3333333333333335,3.0,0.0,3.0,0,2.0,2.0
2020-11-23 Wolves-Southampton,2021,2020-11-23,Wolves,Southampton,Andre Marriner,15.0,10.0,1.0,0.4,1.2619047619047619,17.0,13.0,2.6,1.2,1.221311475409836,2.682926829268293,3.25,1.0,1.0,2.0,1,2.0,1.0
2020-11-23 Burnley-Crystal Palace,2021,2020-11-23,Burnley,Crystal Palace,Kevin Friend,17.0,2.0,0.2,1.4,1.0495867768595042,16.0,7.0,1.4,1.8,1.139344262295082,3.0259740259740258,1.8333333333333333,1.0,0.0,1.0,0,2.0,2.0
2020-11-27 Crystal Palace-Newcastle United,2021,2020-11-27,Crystal Palace,Newcastle United,Graham Scott,4.0,7.0,1.4,1.2,1.1300813008130082,6.0,4.0,0.8,2.0,1.048780487804878,2.6779661016949152,1.0,0.0,2.0,2.0,0,4.0,0.0
2020-11-28 West Brom-Sheffield United,2021,2020-11-28,West Brom,Sheffield United,Mike Dean,7.0,2.0,0.2,1.0,0.7872340425531915,6.0,1.0,0.6,1.8,0.9148936170212766,4.238636363636363,2.85,1.0,0.0,1.0,0,5.0,2.0
2020-11-28 Everton-Leeds United,2021,2020-11-28,Everton,Leeds United,Chris Kavanagh,6.0,4.0,1.4,2.2,1.3089430894308942,6.0,4.0,1.0,1.8,1.5555555555555556,3.380281690140845,2.85,0.0,1.0,1.0,0,3.0,0.0
2020-11-28 Brighton-Liverpool,2021,2020-11-28,Brighton,Liverpool,Stuart Attwell,7.0,6.0,1.0,1.0,0.983739837398374,6.0,11.0,2.0,1.0,2.268292682926829,3.933333333333333,3.1666666666666665,1.0,1.0,2.0,1,3.0,1.0
2020-11-28 Manchester City-Burnley,2021,2020-11-28,Manchester City,Burnley,Lee Mason,7.0,8.0,0.8,0.8,2.5655737704918034,5.0,5.0,0.2,0.8,1.0491803278688525,3.142857142857143,3.5,5.0,0.0,5.0,0,0.0,2.0
2020-11-29 Southampton-Manchester Utd,2021,2020-11-29,Southampton,Manchester Utd,Jonathan Moss,6.0,11.0,2.4,1.4,1.2195121951219512,8.0,10.0,1.6,0.6,1.7377049180327868,3.7325581395348837,2.6666666666666665,2.0,3.0,5.0,1,1.0,0.0
2020-11-29 Chelsea-Tottenham Hotspur,2021,2020-11-29,Chelsea,Tottenham Hotspur,Paul Tierney,8.0,11.0,2.4,0.8,1.7560975609756098,8.0,13.0,1.8,0.8,1.8130081300813008,3.1285714285714286,3.0,0.0,0.0,0.0,0,6.0,1.0
2020-11-29 Arsenal-Wolves,2021,2020-11-29,Arsenal,Wolves,Michael Oliver,7.0,4.0,0.2,1.0,1.7235772357723578,6.0,8.0,1.0,0.6,1.2588235294117647,3.19,2.5,1.0,2.0,3.0,1,7.0,0.0
2020-11-30 Leicester City-Fulham,2021,2020-11-30,Leicester City,Fulham,Simon Hooper,8.0,9.0,1.2,1.0,1.5609756097560976,8.0,4.0,1.2,1.4,0.9148936170212766,2.9545454545454546,3.0,1.0,2.0,3.0,1,2.0,0.0
2020-11-30 West Ham United-Aston Villa,2021,2020-11-30,West Ham United,Aston Villa,Peter Bankes,8.0,8.0,1.4,1.2,1.3333333333333333,9.0,6.0,1.6,1.8,1.3043478260869565,3.7142857142857144,1.0,2.0,1.0,3.0,1,2.0,2.0
2020-12-05 Burnley-Everton,2021,2020-12-05,Burnley,Everton,Anthony Taylor,7.0,4.0,0.2,1.8,1.0406504065040652,7.0,3.0,1.0,2.0,1.2983870967741935,3.5408163265306123,2.3333333333333335,1.0,1.0,2.0,1,0.0,1.0
2020-12-05 Manchester City-Fulham,2021,2020-12-05,Manchester City,Fulham,Jonathan Moss,7.0,8.0,1.6,0.8,2.5853658536585367,5.0,6.0,1.4,1.4,0.9375,3.7011494252873565,2.5,2.0,0.0,2.0,0,0.0,2.0
2020-12-05 West Ham United-Manchester Utd,2021,2020-12-05,West Ham United,Manchester Utd,Andre Marriner,5.0,10.0,1.2,0.8,1.3387096774193548,6.0,10.0,1.4,0.8,1.7479674796747968,2.674698795180723,2.5,1.0,3.0,4.0,1,0.0,0.0
2020-12-05 Chelsea-Leeds United,2021,2020-12-05,Chelsea,Leeds United,Kevin Friend,6.0,11.0,1.8,0.2,1.7419354838709677,7.0,7.0,1.2,1.6,1.5,3.0128205128205128,2.85,3.0,1.0,4.0,1,2.0,2.0
2020-12-06 Liverpool-Wolves,2021,2020-12-06,Liverpool,Wolves,Craig Pawson,8.0,11.0,1.8,0.8,2.2580645161290325,7.0,8.0,1.2,0.8,1.2674418604651163,3.6962025316455698,2.0,4.0,0.0,4.0,0,2.0,2.0
2020-12-06 Tottenham Hotspur-Arsenal,2021,2020-12-06,Tottenham Hotspur,Arsenal,Martin Atkinson,7.0,13.0,1.2,0.2,1.7983870967741935,7.0,4.0,0.4,1.2,1.717741935483871,3.2268041237113403,3.0,2.0,0.0,2.0,0,3.0,2.0
2020-12-06 West Brom-Crystal Palace,2021,2020-12-06,West Brom,Crystal Palace,Paul Tierney,8.0,4.0,0.4,1.0,0.7916666666666666,9.0,6.0,1.2,1.4,1.1209677419354838,3.1690140845070425,1.0,1.0,5.0,6.0,1,5.0,0.0
2020-12-06 Sheffield United-Leicester City,2021,2020-12-06,Sheffield United,Leicester City,Stuart Attwell,8.0,0.0,0.4,1.8,0.8958333333333334,6.0,9.0,1.4,1.2,1.5564516129032258,3.918032786885246,2.5,1.0,2.0,3.0,1,4.0,0.0
2020-12-07 Brighton-Southampton,2021,2020-12-07,Brighton,Southampton,David Coote,9.0,6.0,1.0,1.0,0.9838709677419355,8.0,10.0,2.2,1.4,1.2258064516129032,3.272727272727273,2.1666666666666665,1.0,2.0,3.0,1,6.0,0.0
2020-12-11 Leeds United-West Ham United,2021,2020-12-11,Leeds United,West Ham United,Michael Oliver,6.0,4.0,0.8,2.2,1.4545454545454546,6.0,9.0,1.2,1.2,1.336,3.227722772277228,2.85,1.0,2.0,3.0,1,3.0,0.0
2020-12-12 Wolves-Aston Villa,2021,2020-12-12,Wolves,Aston Villa,Mike Dean,6.0,7.0,1.0,1.4,1.2528735632183907,12.0,3.0,1.6,2.2,1.297872340425532,4.247191011235955,2.0,0.0,1.0,1.0,0,9.0,0.0
2020-12-12 Newcastle United-West Brom,2021,2020-12-12,Newcastle United,West Brom,Darren England,15.0,7.0,1.0,1.2,1.0564516129032258,6.0,3.0,0.4,1.8,0.7959183673469388,2.6666666666666665,2.5,2.0,1.0,3.0,1,5.0,2.0
2020-12-12 Manchester Utd-Manchester City,2021,2020-12-12,Manchester Utd,Manchester City,Chris Kavanagh,7.0,12.0,2.0,1.0,1.7580645161290323,7.0,10.0,1.8,0.6,2.5806451612903225,3.375,3.1666666666666665,0.0,0.0,0.0,0,2.0,1.0
2020-12-12 Everton-Chelsea,2021,2020-12-12,Everton,Chelsea,Jonathan Moss,7.0,4.0,1.2,1.8,1.296,7.0,13.0,2.4,0.4,1.752,3.659090909090909,2.0,1.0,0.0,1.0,0,5.0,2.0
2020-12-13 Leicester City-Brighton,2021,2020-12-13,Leicester City,Brighton,Martin Atkinson,7.0,9.0,1.6,1.4,1.56,6.0,5.0,1.0,1.2,0.984,3.2244897959183674,1.8333333333333333,3.0,0.0,3.0,0,3.0,2.0
2020-12-13 Arsenal-Burnley,2021,2020-12-13,Arsenal,Burnley,Graham Scott,7.0,4.0,0.4,1.4,1.704,8.0,5.0,0.4,1.8,1.0403225806451613,2.7,2.8333333333333335,0.0,1.0,1.0,0,4.0,0.0
2020-12-13 Crystal Palace-Tottenham Hotspur,2021,2020-12-13,Crystal Palace,Tottenham Hotspur,Kevin Friend,7.0,6.0,1.8,1.4,1.152,7.0,13.0,1.4,0.2,1.8,3.0,1.8333333333333333,1.0,1.0,2.0,1,2.0,1.0
2020-12-13 Southampton-Sheffield United,2021,2020-12-13,Southampton,Sheffield United,Andy Madley,6.0,10.0,2.2,1.6,1.232,7.0,0.0,0.4,1.8,0.8979591836734694,3.1176470588235294,2.5,3.0,0.0,3.0,0,1.0,2.0
2020-12-13 Fulham-Liverpool,2021,2020-12-13,Fulham,Liverpool,Andre Marriner,8.0,6.0,1.2,1.4,0.9183673469387755,7.0,11.0,2.2,0.6,2.272,2.642857142857143,2.5,1.0,1.0,2.0,1,4.0,1.0
2020-12-15 Wolves-Chelsea,2021,2020-12-15,Wolves,Chelsea,Stuart Attwell,3.0,4.0,0.6,1.6,1.2386363636363635,3.0,10.0,1.8,0.6,1.7380952380952381,3.9193548387096775,3.5,2.0,1.0,3.0,1,4.0,2.0
2020-12-15 Manchester City-West Brom,2021,2020-12-15,Manchester City,West Brom,Peter Bankes,3.0,8.0,1.6,0.6,2.56,3.0,3.0,0.6,1.8,0.8,3.6,4.0,1.0,1.0,2.0,1,5.0,1.0
2020-12-16 West Ham United-Crystal Palace,2021,2020-12-16,West Ham United,Crystal Palace,David Coote,5.0,12.0,1.4,1.0,1.3412698412698412,3.0,7.0,2.0,1.2,1.1507936507936507,3.3529411764705883,3.1666666666666665,1.0,1.0,2.0,1,2.0,1.0
2020-12-16 Fulham-Brighton,2021,2020-12-16,Fulham,Brighton,Robert Jones,3.0,4.0,1.0,1.6,0.92,3.0,5.0,0.8,1.4,0.9761904761904762,4.0,5.0,0.0,0.0,0.0,0,1.0,1.0
2020-12-16 Liverpool-Tottenham Hotspur,2021,2020-12-16,Liverpool,Tottenham Hotspur,Anthony Taylor,3.0,9.0,2.0,0.6,2.261904761904762,3.0,11.0,1.2,0.2,1.7936507936507937,3.505050505050505,3.1666666666666665,2.0,1.0,3.0,1,2.0,2.0
2020-12-16 Leeds United-Newcastle United,2021,2020-12-16,Leeds United,Newcastle United,Simon Hooper,5.0,4.0,0.8,1.8,1.4166666666666667,4.0,9.0,1.2,1.2,1.064,2.9130434782608696,2.85,5.0,2.0,7.0,1,4.0,2.0
2020-12-16 Arsenal-Southampton,2021,2020-12-16,Arsenal,Southampton,Paul Tierney,3.0,1.0,0.2,1.6,1.6904761904761905,3.0,10.0,2.0,1.0,1.246031746031746,3.1944444444444446,3.3333333333333335,1.0,1.0,2.0,1,5.0,1.0
2020-12-16 Leicester City-Everton,2021,2020-12-16,Leicester City,Everton,Lee Mason,3.0,9.0,1.4,1.2,1.5714285714285714,4.0,7.0,1.2,1.4,1.2936507936507937,3.087719298245614,2.5,0.0,2.0,2.0,0,5.0,0.0
2020-12-17 Aston Villa-Burnley,2021,2020-12-17,Aston Villa,Burnley,Craig Pawson,5.0,6.0,1.8,1.6,1.2916666666666667,4.0,8.0,0.6,1.2,1.04,3.675,3.5,0.0,0.0,0.0,0,2.0,1.0
2020-12-17 Sheffield United-Manchester Utd,2021,2020-12-17,Sheffield United,Manchester Utd,Michael Oliver,4.0,0.0,0.4,2.2,0.88,5.0,13.0,2.0,0.8,1.744,3.2254901960784315,4.5,2.0,3.0,5.0,1,5.0,0.0
2020-12-19 Newcastle United-Fulham,2021,2020-12-19,Newcastle United,Fulham,Graham Scott,3.0,6.0,1.2,2.0,1.0714285714285714,3.0,5.0,1.0,1.4,0.9019607843137255,2.721311475409836,2.0,1.0,1.0,2.0,1,5.0,1.0
2020-12-19 Crystal Palace-Liverpool,2021,2020-12-19,Crystal Palace,Liverpool,Jonathan Moss,3.0,5.0,1.4,1.2,1.1496062992125984,3.0,11.0,2.2,0.6,2.2598425196850394,3.6741573033707864,3.3333333333333335,0.0,7.0,7.0,0,1.0,0.0
2020-12-19 Southampton-Manchester City,2021,2020-12-19,Southampton,Manchester City,Mike Dean,3.0,8.0,1.8,1.2,1.2440944881889764,4.0,8.0,1.6,0.6,2.5476190476190474,4.3,3.1666666666666665,0.0,1.0,1.0,0,4.0,0.0
2020-12-19 Everton-Arsenal,2021,2020-12-19,Everton,Arsenal,Andre Marriner,3.0,10.0,1.4,0.8,1.2992125984251968,3.0,2.0,0.4,1.2,1.68503937007874,2.6588235294117646,3.5,2.0,1.0,3.0,1,4.0,2.0
2020-12-20 Tottenham Hotspur-Leicester City,2021,2020-12-20,Tottenham Hotspur,Leicester City,Craig Pawson,4.0,8.0,1.2,0.6,1.7874015748031495,4.0,6.0,1.2,1.6,1.5590551181102361,3.654320987654321,4.0,0.0,2.0,2.0,0,4.0,0.0
2020-12-20 Manchester Utd-Leeds United,2021,2020-12-20,Manchester Utd,Leeds United,Anthony Taylor,3.0,13.0,2.0,1.0,1.753968253968254,4.0,7.0,1.6,1.4,1.6923076923076923,3.49,2.85,6.0,2.0,8.0,1,1.0,2.0
2020-12-20 Brighton-Sheffield United,2021,2020-12-20,Brighton,Sheffield United,Peter Bankes,4.0,5.0,0.8,1.4,0.968503937007874,3.0,0.0,0.6,2.0,0.9019607843137255,3.6875,1.5,1.0,1.0,2.0,1,7.0,1.0
2020-12-20 West Brom-Aston Villa,2021,2020-12-20,West Brom,Aston Villa,Martin Atkinson,5.0,4.0,0.8,1.8,0.803921568627451,3.0,7.0,1.2,0.8,1.2653061224489797,3.2222222222222223,2.85,0.0,3.0,3.0,0,4.0,0.0
2020-12-21 Chelsea-West Ham United,2021,2020-12-21,Chelsea,West Ham United,Chris Kavanagh,6.0,7.0,1.2,0.8,1.7322834645669292,5.0,10.0,1.4,1.2,1.3385826771653544,3.356164383561644,1.8333333333333333,3.0,0.0,3.0,0,0.0,2.0
2020-12-21 Burnley-Wolves,2021,2020-12-21,Burnley,Wolves,Lee Mason,4.0,8.0,0.6,1.2,1.0317460317460319,6.0,7.0,1.0,1.6,1.247191011235955,3.1206896551724137,1.75,2.0,1.0,3.0,1,3.0,2.0
2020-12-26 Sheffield United-Everton,2021,2020-12-26,Sheffield United,Everton,David Coote,6.0,1.0,0.8,2.0,0.9038461538461539,7.0,10.0,1.2,0.6,1.3046875,3.3142857142857145,1.5,0.0,1.0,1.0,0,6.0,0.0
2020-12-26 Manchester City-Newcastle United,2021,2020-12-26,Manchester City,Newcastle United,Andre Marriner,7.0,11.0,1.8,0.2,2.5354330708661417,7.0,7.0,1.4,1.8,1.0708661417322836,2.6744186046511627,3.3333333333333335,2.0,0.0,2.0,0,4.0,2.0
2020-12-26 Arsenal-Chelsea,2021,2020-12-26,Arsenal,Chelsea,Michael Oliver,7.0,1.0,0.6,1.6,1.6796875,5.0,7.0,1.4,0.8,1.7421875,3.2427184466019416,3.0,3.0,1.0,4.0,1,3.0,2.0
2020-12-26 Leicester City-Manchester Utd,2021,2020-12-26,Leicester City,Manchester Utd,Mike Dean,6.0,9.0,1.6,1.0,1.5625,6.0,13.0,3.0,1.4,1.7874015748031495,4.2967032967032965,2.1666666666666665,2.0,2.0,4.0,1,3.0,1.0
2020-12-26 Aston Villa-Crystal Palace,2021,2020-12-26,Aston Villa,Crystal Palace,Anthony Taylor,6.0,7.0,1.2,0.8,1.3,7.0,5.0,1.4,2.4,1.140625,3.4653465346534653,1.5,3.0,0.0,3.0,0,6.0,2.0
2020-12-26 Fulham-Southampton,2021,2020-12-26,Fulham,Southampton,Darren England,7.0,6.0,0.8,1.0,0.9038461538461539,7.0,7.0,1.6,1.2,1.234375,3.25,3.5,0.0,0.0,0.0,0,2.0,1.0
2020-12-27 Leeds United-Burnley,2021,2020-12-27,Leeds United,Burnley,Robert Jones,7.0,6.0,2.0,2.6,1.7142857142857142,6.0,8.0,0.8,1.4,1.0393700787401574,3.0,2.85,1.0,0.0,1.0,0,3.0,2.0
2020-12-27 West Ham United-Brighton,2021,2020-12-27,West Ham United,Brighton,Simon Hooper,6.0,7.0,1.2,1.8,1.328125,7.0,3.0,0.6,1.4,0.96875,2.9583333333333335,3.3333333333333335,2.0,2.0,4.0,1,0.0,1.0
2020-12-27 Liverpool-West Brom,2021,2020-12-27,Liverpool,West Brom,Kevin Friend,8.0,11.0,3.0,0.6,2.296875,7.0,4.0,0.8,2.2,0.7884615384615384,2.9875,2.0,1.0,1.0,2.0,1,1.0,1.0
2020-12-27 Wolves-Tottenham Hotspur,2021,2020-12-27,Wolves,Tottenham Hotspur,Paul Tierney,6.0,6.0,1.0,1.8,1.2444444444444445,7.0,5.0,0.8,1.0,1.7734375,3.219178082191781,4.25,1.0,1.0,2.0,1,5.0,1.0
2020-12-28 Crystal Palace-Leicester City,2021,2020-12-28,Crystal Palace,Leicester City,Graham Scott,2.0,5.0,1.4,2.6,1.1317829457364341,2.0,10.0,1.8,1.0,1.565891472868217,2.7580645161290325,3.1666666666666665,1.0,1.0,2.0,1,1.0,1.0
2020-12-28 Chelsea-Aston Villa,2021,2020-12-28,Chelsea,Aston Villa,Stuart Attwell,2.0,6.0,1.6,1.4,1.7364341085271318,2.0,10.0,1.6,0.4,1.3333333333333333,3.9206349206349205,3.0,1.0,1.0,2.0,1,4.0,1.0
2020-12-29 Manchester Utd-Wolves,2021,2020-12-29,Manchester Utd,Wolves,Jonathan Moss,3.0,11.0,2.8,1.4,1.7890625,2.0,4.0,0.8,1.8,1.2417582417582418,3.6444444444444444,1.75,1.0,0.0,1.0,0,2.0,2.0
2020-12-29 West Brom-Leeds United,2021,2020-12-29,West Brom,Leeds United,Lee Mason,2.0,2.0,0.8,2.4,0.7924528301886793,2.0,6.0,2.0,2.6,1.6666666666666667,3.1186440677966103,2.85,0.0,5.0,5.0,0,1.0,0.0
2020-12-29 Brighton-Arsenal,2021,2020-12-29,Brighton,Arsenal,Martin Atkinson,2.0,3.0,0.8,1.6,0.9767441860465116,3.0,4.0,1.0,1.4,1.689922480620155,3.23,2.5,0.0,1.0,1.0,0,2.0,0.0
2020-12-29 Burnley-Sheffield United,2021,2020-12-29,Burnley,Sheffield United,Chris Kavanagh,2.0,8.0,0.8,0.6,1.03125,3.0,1.0,0.8,2.0,0.8867924528301887,3.310810810810811,2.5,1.0,0.0,1.0,0,3.0,2.0
2020-12-29 Southampton-West Ham United,2021,2020-12-29,Southampton,West Ham United,Andy Madley,3.0,8.0,1.2,0.6,1.2248062015503876,2.0,5.0,1.2,2.0,1.3333333333333333,3.0,3.1666666666666665,0.0,0.0,0.0,0,4.0,1.0
2020-12-30 Newcastle United-Liverpool,2021,2020-12-30,Newcastle United,Liverpool,Paul Tierney,4.0,7.0,1.4,1.8,1.0625,3.0,11.0,3.0,0.6,2.2868217054263567,3.2432432432432434,3.5,0.0,0.0,0.0,0,5.0,1.0
2021-01-01 Manchester Utd-Aston Villa,2021,2021-01-01,Manchester Utd,Aston Villa,Michael Oliver,3.0,11.0,2.4,1.2,1.7829457364341086,4.0,11.0,1.6,0.2,1.3269230769230769,3.2403846153846154,3.5,2.0,1.0,3.0,1,4.0,2.0
2021-01-01 Everton-West Ham United,2021,2021-01-01,Everton,West Ham United,Kevin Friend,6.0,13.0,1.4,0.4,1.302325581395349,3.0,6.0,1.0,1.4,1.323076923076923,2.962962962962963,3.0,0.0,1.0,1.0,0,2.0,0.0
2021-01-02 Brighton-Wolves,2021,2021-01-02,Brighton,Wolves,Andy Madley,4.0,3.0,0.6,1.4,0.9692307692307692,4.0,4.0,0.8,1.2,1.2282608695652173,3.0526315789473686,1.25,3.0,3.0,6.0,1,3.0,1.0
2021-01-02 West Brom-Arsenal,2021,2021-01-02,West Brom,Arsenal,Martin Atkinson,4.0,2.0,0.6,2.4,0.7777777777777778,4.0,7.0,1.2,1.0,1.6846153846153846,3.217821782178218,2.0,0.0,4.0,4.0,0,3.0,0.0
2021-01-02 Tottenham Hotspur-Leeds United,2021,2021-01-02,Tottenham Hotspur,Leeds United,David Coote,6.0,5.0,1.0,1.2,1.7674418604651163,4.0,9.0,2.8,2.0,1.875,3.388888888888889,2.85,3.0,0.0,3.0,0,4.0,2.0
2021-01-02 Crystal Palace-Sheffield United,2021,2021-01-02,Crystal Palace,Sheffield United,Stuart Attwell,5.0,3.0,0.6,2.6,1.1307692307692307,4.0,1.0,0.6,1.8,0.8703703703703703,3.921875,1.0,2.0,0.0,2.0,0,4.0,2.0
2021-01-03 Newcastle United-Leicester City,2021,2021-01-03,Newcastle United,Leicester City,Robert Jones,4.0,5.0,1.0,1.8,1.054263565891473,6.0,8.0,1.6,1.0,1.5615384615384615,3.0,3.1666666666666665,1.0,2.0,3.0,1,2.0,0.0
2021-01-03 Chelsea-Manchester City,2021,2021-01-03,Chelsea,Manchester City,Anthony Taylor,6.0,4.0,1.2,1.4,1.7307692307692308,8.0,11.0,1.2,0.2,2.53125,3.4901960784313726,2.6666666666666665,1.0,3.0,4.0,1,4.0,0.0
2021-01-04 Southampton-Liverpool,2021,2021-01-04,Southampton,Liverpool,Andre Marriner,6.0,6.0,0.8,0.4,1.2153846153846153,5.0,9.0,2.2,0.6,2.269230769230769,2.689655172413793,3.1666666666666665,1.0,0.0,1.0,0,4.0,2.0
2021-01-12 Sheffield United-Newcastle United,2021,2021-01-12,Sheffield United,Newcastle United,Andy Madley,10.0,1.0,0.6,1.6,0.8545454545454545,9.0,2.0,0.8,2.0,1.0538461538461539,3.05,2.5,1.0,0.0,1.0,0,6.0,2.0
2021-01-12 Burnley-Manchester Utd,2021,2021-01-12,Burnley,Manchester Utd,Kevin Friend,14.0,10.0,0.8,0.4,1.0310077519379846,11.0,13.0,2.8,1.4,1.7846153846153847,2.951219512195122,2.5,0.0,1.0,1.0,0,3.0,0.0
2021-01-12 Wolves-Everton,2021,2021-01-12,Wolves,Everton,Martin Atkinson,10.0,5.0,1.4,1.6,1.2473118279569892,11.0,12.0,1.2,0.4,1.2923076923076924,3.215686274509804,4.0,1.0,2.0,3.0,1,4.0,0.0
2021-01-13 Manchester City-Brighton,2021,2021-01-13,Manchester City,Brighton,Darren England,10.0,11.0,1.4,0.4,2.5348837209302326,11.0,4.0,1.2,1.4,0.9847328244274809,3.0,3.6666666666666665,1.0,0.0,1.0,0,2.0,2.0
2021-01-13 Tottenham Hotspur-Fulham,2021,2021-01-13,Tottenham Hotspur,Fulham,Paul Tierney,11.0,5.0,1.2,1.2,1.7769230769230768,18.0,4.0,0.4,0.8,0.8867924528301887,3.2666666666666666,3.5,1.0,1.0,2.0,1,3.0,1.0
2021-01-14 Arsenal-Crystal Palace,2021,2021-01-14,Arsenal,Crystal Palace,Andre Marriner,12.0,10.0,2.0,0.8,1.702290076335878,12.0,5.0,0.8,2.4,1.1374045801526718,2.7045454545454546,4.166666666666667,0.0,0.0,0.0,0,2.0,1.0
2021-01-16 Wolves-West Brom,2021,2021-01-16,Wolves,West Brom,Michael Oliver,4.0,2.0,1.2,1.8,1.2446808510638299,14.0,2.0,0.4,2.8,0.7636363636363637,3.2476190476190476,2.85,2.0,3.0,5.0,1,3.0,0.0
2021-01-16 Leeds United-Brighton,2021,2021-01-16,Leeds United,Brighton,Kevin Friend,14.0,9.0,2.6,2.2,1.7647058823529411,3.0,3.0,1.2,1.6,0.9772727272727273,2.9518072289156625,2.85,0.0,1.0,1.0,0,2.0,0.0
2021-01-16 West Ham United-Burnley,2021,2021-01-16,West Ham United,Burnley,Chris Kavanagh,15.0,6.0,0.8,1.2,1.3206106870229009,4.0,7.0,0.6,0.6,1.023076923076923,3.3066666666666666,2.8333333333333335,1.0,0.0,1.0,0,3.0,2.0
2021-01-16 Fulham-Chelsea,2021,2021-01-16,Fulham,Chelsea,Peter Bankes,3.0,5.0,0.6,0.6,0.8888888888888888,13.0,4.0,1.4,1.8,1.7251908396946565,3.8823529411764706,2.5,0.0,1.0,1.0,0,6.0,0.0
2021-01-16 Leicester City-Southampton,2021,2021-01-16,Leicester City,Southampton,Stuart Attwell,13.0,8.0,1.4,1.2,1.5648854961832062,12.0,6.0,0.4,0.4,1.213740458015267,3.923076923076923,3.8333333333333335,2.0,0.0,2.0,0,4.0,2.0
2021-01-17 Sheffield United-Tottenham Hotspur,2021,2021-01-17,Sheffield United,Tottenham Hotspur,Andre Marriner,5.0,4.0,0.4,1.0,0.8571428571428571,4.0,5.0,1.2,1.2,1.7709923664122138,2.696629213483146,3.0,1.0,3.0,4.0,1,4.0,0.0
2021-01-17 Liverpool-Manchester Utd,2021,2021-01-17,Liverpool,Manchester Utd,Paul Tierney,13.0,8.0,2.0,0.6,2.2519083969465647,5.0,13.0,2.4,1.0,1.7786259541984732,3.263157894736842,1.8333333333333333,0.0,0.0,0.0,0,3.0,1.0
2021-01-17 Manchester City-Crystal Palace,2021,2021-01-17,Manchester City,Crystal Palace,Lee Mason,4.0,13.0,1.6,0.4,2.523076923076923,3.0,5.0,0.6,2.2,1.128787878787879,3.0833333333333335,3.3333333333333335,4.0,0.0,4.0,0,0.0,2.0
2021-01-18 Arsenal-Newcastle United,2021,2021-01-18,Arsenal,Newcastle United,David Coote,4.0,10.0,1.8,0.6,1.6893939393939394,6.0,2.0,0.4,1.2,1.0458015267175573,3.4054054054054053,2.3333333333333335,3.0,0.0,3.0,0,0.0,2.0
2021-01-19 West Ham United-West Brom,2021,2021-01-19,West Ham United,West Brom,Graham Scott,3.0,8.0,0.8,1.0,1.3181818181818181,3.0,4.0,0.8,3.0,0.8035714285714286,2.7301587301587302,1.5,2.0,1.0,3.0,1,1.0,2.0
2021-01-19 Leicester City-Chelsea,2021,2021-01-19,Leicester City,Chelsea,Craig Pawson,3.0,11.0,1.8,0.8,1.5681818181818181,3.0,7.0,1.4,1.4,1.7196969696969697,3.658536585365854,1.6666666666666667,2.0,0.0,2.0,0,4.0,2.0
2021-01-20 Fulham-Manchester Utd,2021,2021-01-20,Fulham,Manchester Utd,Martin Atkinson,4.0,4.0,0.4,0.6,0.8727272727272727,3.0,11.0,1.2,0.6,1.7651515151515151,3.2233009708737863,4.0,1.0,2.0,3.0,1,4.0,0.0
2021-01-20 Manchester City-Aston Villa,2021,2021-01-20,Manchester City,Aston Villa,Jonathan Moss,3.0,15.0,2.2,0.2,2.5343511450381677,19.0,8.0,1.6,0.6,1.320754716981132,3.6263736263736264,5.0,2.0,0.0,2.0,0,2.0,2.0
2021-01-21 Liverpool-Burnley,2021,2021-01-21,Liverpool,Burnley,Mike Dean,4.0,6.0,1.6,0.4,2.234848484848485,5.0,6.0,0.6,0.8,1.015267175572519,4.282608695652174,3.3333333333333335,0.0,1.0,1.0,0,3.0,0.0
2021-01-23 Aston Villa-Newcastle United,2021,2021-01-23,Aston Villa,Newcastle United,Simon Hooper,3.0,7.0,1.6,1.0,1.2962962962962963,5.0,1.0,0.2,1.6,1.0378787878787878,2.84,2.0,2.0,0.0,2.0,0,3.0,2.0
2021-01-26 Crystal Palace-West Ham United,2021,2021-01-26,Crystal Palace,West Ham United,Stuart Attwell,9.0,5.0,0.6,1.6,1.1203007518796992,7.0,11.0,1.2,0.6,1.3233082706766917,3.9242424242424243,3.0,2.0,3.0,5.0,1,0.0,0.0
2021-01-26 Newcastle United-Leeds United,2021,2021-01-26,Newcastle United,Leeds United,Anthony Taylor,3.0,1.0,0.2,1.6,1.0300751879699248,10.0,6.0,1.6,2.0,1.6666666666666667,3.495145631067961,7.0,1.0,2.0,3.0,1,4.0,0.0
2021-01-26 Southampton-Arsenal,2021,2021-01-26,Southampton,Arsenal,Kevin Friend,10.0,5.0,0.2,0.6,1.2045454545454546,8.0,13.0,2.2,0.2,1.699248120300752,2.9404761904761907,3.142857142857143,1.0,3.0,4.0,1,3.0,0.0
2021-01-26 West Brom-Manchester City,2021,2021-01-26,West Brom,Manchester City,Chris Kavanagh,7.0,4.0,1.0,2.8,0.8070175438596491,6.0,15.0,2.4,0.2,2.5303030303030303,3.3026315789473686,3.3333333333333335,0.0,5.0,5.0,0,2.0,0.0
2021-01-27 Burnley-Aston Villa,2021,2021-01-27,Burnley,Aston Villa,Paul Tierney,6.0,6.0,0.4,0.6,1.0151515151515151,4.0,7.0,1.4,1.0,1.309090909090909,3.25974025974026,2.3333333333333335,3.0,2.0,5.0,1,1.0,2.0
2021-01-27 Chelsea-Wolves,2021,2021-01-27,Chelsea,Wolves,Andy Madley,8.0,4.0,0.8,1.8,1.7067669172932332,11.0,2.0,1.4,2.0,1.2526315789473683,3.1904761904761907,3.4,0.0,0.0,0.0,0,2.0,1.0
2021-01-27 Brighton-Fulham,2021,2021-01-27,Brighton,Fulham,Craig Pawson,11.0,5.0,1.2,1.4,0.9774436090225563,7.0,3.0,0.6,1.0,0.875,3.6626506024096384,3.3333333333333335,0.0,0.0,0.0,0,3.0,1.0
2021-01-27 Everton-Leicester City,2021,2021-01-27,Everton,Leicester City,Mike Dean,15.0,12.0,1.4,0.6,1.297709923664122,8.0,11.0,1.8,0.8,1.5714285714285714,4.268817204301075,2.4285714285714284,1.0,1.0,2.0,1,2.0,1.0
2021-01-27 Manchester Utd-Sheffield United,2021,2021-01-27,Manchester Utd,Sheffield United,Peter Bankes,7.0,13.0,1.2,0.4,1.7669172932330828,10.0,3.0,0.4,1.4,0.8596491228070176,4.0,4.666666666666667,1.0,2.0,3.0,1,2.0,0.0
2021-01-28 Tottenham Hotspur-Liverpool,2021,2021-01-28,Tottenham Hotspur,Liverpool,Martin Atkinson,11.0,8.0,1.6,1.0,1.7803030303030303,7.0,3.0,0.2,0.6,2.218045112781955,3.230769230769231,3.142857142857143,1.0,3.0,4.0,1,3.0,0.0
2021-01-30 Southampton-Aston Villa,2021,2021-01-30,Southampton,Aston Villa,Lee Mason,4.0,5.0,0.4,1.0,1.2030075187969924,3.0,4.0,1.2,1.6,1.3214285714285714,3.0327868852459017,4.333333333333333,0.0,1.0,1.0,0,1.0,0.0
2021-01-30 Arsenal-Manchester Utd,2021,2021-01-30,Arsenal,Manchester Utd,Michael Oliver,4.0,13.0,2.2,0.2,1.708955223880597,3.0,10.0,1.2,0.8,1.7611940298507462,3.2452830188679247,2.5714285714285716,0.0,0.0,0.0,0,4.0,1.0
2021-01-30 West Brom-Fulham,2021,2021-01-30,West Brom,Fulham,Anthony Taylor,4.0,3.0,0.8,3.6,0.7931034482758621,3.0,3.0,0.4,0.8,0.8596491228070176,3.5,2.0,2.0,2.0,4.0,1,1.0,1.0
2021-01-30 Everton-Newcastle United,2021,2021-01-30,Everton,Newcastle United,Stuart Attwell,3.0,10.0,1.2,0.8,1.2954545454545454,4.0,0.0,0.4,2.0,1.0298507462686568,3.8656716417910446,2.7142857142857144,0.0,2.0,2.0,0,7.0,0.0
2021-01-30 Crystal Palace-Wolves,2021,2021-01-30,Crystal Palace,Wolves,Simon Hooper,4.0,5.0,1.0,1.6,1.126865671641791,3.0,2.0,1.2,1.8,1.2395833333333333,2.8461538461538463,1.8,1.0,0.0,1.0,0,3.0,2.0
2021-01-30 Manchester City-Sheffield United,2021,2021-01-30,Manchester City,Sheffield United,David Coote,4.0,15.0,3.0,0.2,2.5488721804511276,3.0,6.0,0.8,1.4,0.8793103448275862,3.3157894736842106,1.3333333333333333,1.0,0.0,1.0,0,3.0,2.0
2021-01-31 Brighton-Tottenham Hotspur,2021,2021-01-31,Brighton,Tottenham Hotspur,Peter Bankes,4.0,5.0,0.8,1.0,0.9701492537313433,3.0,8.0,1.8,1.2,1.7744360902255638,3.8947368421052633,2.4285714285714284,1.0,0.0,1.0,0,3.0,2.0
2021-01-31 Chelsea-Burnley,2021,2021-01-31,Chelsea,Burnley,Graham Scott,4.0,5.0,0.6,1.2,1.6940298507462686,4.0,9.0,1.0,0.8,1.0300751879699248,2.703125,4.0,2.0,0.0,2.0,0,1.0,2.0
2021-01-31 Leicester City-Leeds United,2021,2021-01-31,Leicester City,Leeds United,Chris Kavanagh,4.0,11.0,1.6,0.6,1.5671641791044777,5.0,9.0,1.6,1.0,1.6842105263157894,3.2857142857142856,5.0,1.0,3.0,4.0,1,3.0,0.0
2021-01-31 West Ham United-Liverpool,2021,2021-01-31,West Ham United,Liverpool,Jonathan Moss,5.0,13.0,1.4,0.6,1.335820895522388,3.0,5.0,0.6,0.6,2.2238805970149254,3.608695652173913,3.7142857142857144,1.0,3.0,4.0,1,2.0,0.0
2021-02-02 Newcastle United-Crystal Palace,2021,2021-02-02,Newcastle United,Crystal Palace,Darren England,3.0,3.0,0.6,1.6,1.037037037037037,3.0,7.0,1.0,1.4,1.125925925925926,2.8333333333333335,1.1428571428571428,1.0,2.0,3.0,1,4.0,0.0
2021-02-02 Manchester Utd-Southampton,2021,2021-02-02,Manchester Utd,Southampton,Mike Dean,3.0,8.0,0.8,0.6,1.7481481481481482,3.0,4.0,0.4,1.2,1.1940298507462686,4.24468085106383,3.0,9.0,0.0,9.0,0,7.0,2.0
2021-02-02 Sheffield United-West Brom,2021,2021-02-02,Sheffield United,West Brom,Paul Tierney,3.0,6.0,0.8,1.4,0.864406779661017,3.0,4.0,1.2,3.0,0.8135593220338984,3.230769230769231,1.0,2.0,1.0,3.0,1,3.0,2.0
2021-02-02 Wolves-Arsenal,2021,2021-02-02,Wolves,Arsenal,Craig Pawson,3.0,2.0,1.2,1.8,1.2268041237113403,3.0,11.0,2.0,0.2,1.6962962962962962,3.6547619047619047,2.6,2.0,1.0,3.0,1,7.0,2.0
2021-02-03 Burnley-Manchester City,2021,2021-02-03,Burnley,Manchester City,Martin Atkinson,3.0,6.0,0.8,1.2,1.0223880597014925,4.0,15.0,2.6,0.0,2.537313432835821,3.2285714285714286,3.7142857142857144,0.0,2.0,2.0,0,3.0,0.0
2021-02-03 Fulham-Leicester City,2021,2021-02-03,Fulham,Leicester City,Robert Jones,4.0,3.0,0.8,1.2,0.8793103448275862,3.0,10.0,1.6,1.0,1.5629629629629629,2.8,3.0,0.0,2.0,2.0,0,4.0,0.0
2021-02-03 Leeds United-Everton,2021,2021-02-03,Leeds United,Everton,Michael Oliver,3.0,9.0,2.0,1.2,1.75,4.0,7.0,0.8,1.0,1.2857142857142858,3.2523364485981308,1.0,1.0,2.0,3.0,1,5.0,0.0
2021-02-03 Aston Villa-West Ham United,2021,2021-02-03,Aston Villa,West Ham United,Andy Madley,4.0,6.0,1.2,1.4,1.3157894736842106,3.0,12.0,1.6,1.2,1.3333333333333333,3.1363636363636362,1.6666666666666667,1.0,3.0,4.0,1,2.0,0.0
2021-02-03 Liverpool-Brighton,2021,2021-02-03,Liverpool,Brighton,Kevin Friend,3.0,7.0,1.2,0.8,2.22962962962963,3.0,8.0,1.0,0.8,0.9703703703703703,2.9411764705882355,3.0,0.0,1.0,1.0,0,1.0,0.0
2021-02-04 Tottenham Hotspur-Chelsea,2021,2021-02-04,Tottenham Hotspur,Chelsea,Andre Marriner,4.0,7.0,1.6,1.2,1.7611940298507462,4.0,7.0,0.8,1.0,1.6962962962962962,2.7111111111111112,2.5714285714285716,0.0,1.0,1.0,0,5.0,0.0
2021-02-06 Fulham-West Ham United,2021,2021-02-06,Fulham,West Ham United,Mike Dean,3.0,2.0,0.6,1.4,0.864406779661017,3.0,12.0,2.0,1.4,1.3455882352941178,4.273684210526316,2.3333333333333335,0.0,0.0,0.0,0,5.0,1.0
2021-02-06 Manchester Utd-Everton,2021,2021-02-06,Manchester Utd,Everton,Jonathan Moss,4.0,8.0,2.4,0.6,1.8014705882352942,3.0,7.0,1.0,1.2,1.291044776119403,3.5913978494623655,3.0,3.0,3.0,6.0,1,3.0,1.0
2021-02-06 Burnley-Brighton,2021,2021-02-06,Burnley,Brighton,Anthony Taylor,3.0,6.0,0.8,1.4,1.0148148148148148,3.0,10.0,0.6,0.2,0.9705882352941176,3.4761904761904763,1.4285714285714286,1.0,1.0,2.0,1,2.0,1.0
2021-02-06 Aston Villa-Arsenal,2021,2021-02-06,Aston Villa,Arsenal,Chris Kavanagh,3.0,6.0,1.2,1.6,1.3103448275862069,4.0,8.0,1.4,0.6,1.6911764705882353,3.282051282051282,3.0,1.0,0.0,1.0,0,5.0,2.0
2021-02-06 Newcastle United-Southampton,2021,2021-02-06,Newcastle United,Southampton,Craig Pawson,4.0,3.0,0.8,1.8,1.036764705882353,4.0,3.0,0.4,3.0,1.1851851851851851,3.6941176470588237,2.4285714285714284,3.0,2.0,5.0,1,4.0,2.0
2021-02-07 Tottenham Hotspur-West Brom,2021,2021-02-07,Tottenham Hotspur,West Brom,Stuart Attwell,3.0,4.0,1.0,1.4,1.7481481481481482,5.0,4.0,1.4,2.6,0.8166666666666667,3.911764705882353,1.3333333333333333,2.0,0.0,2.0,0,3.0,2.0
2021-02-07 Wolves-Leicester City,2021,2021-02-07,Wolves,Leicester City,Martin Atkinson,5.0,4.0,1.0,1.4,1.2346938775510203,4.0,10.0,1.6,0.8,1.5661764705882353,3.2264150943396226,2.0,0.0,0.0,0.0,0,4.0,1.0
2021-02-07 Liverpool-Manchester City,2021,2021-02-07,Liverpool,Manchester City,Michael Oliver,4.0,7.0,1.2,0.8,2.213235294117647,4.0,15.0,2.8,0.0,2.533333333333333,3.2685185185185186,3.5714285714285716,1.0,4.0,5.0,1,3.0,0.0
2021-02-07 Sheffield United-Chelsea,2021,2021-02-07,Sheffield United,Chelsea,Kevin Friend,5.0,9.0,1.2,1.2,0.8833333333333333,3.0,10.0,0.8,0.4,1.6911764705882353,2.9186046511627906,4.0,1.0,2.0,3.0,1,1.0,0.0
2021-02-08 Leeds United-Crystal Palace,2021,2021-02-08,Leeds United,Crystal Palace,Andre Marriner,5.0,6.0,1.2,1.6,1.7142857142857142,6.0,7.0,1.0,1.6,1.1323529411764706,2.7362637362637363,5.0,2.0,0.0,2.0,0,2.0,2.0
2021-02-13 Manchester City-Tottenham Hotspur,2021,2021-02-13,Manchester City,Tottenham Hotspur,Paul Tierney,6.0,15.0,2.8,0.2,2.5441176470588234,6.0,6.0,1.2,1.2,1.75,3.2278481012658227,2.7142857142857144,3.0,0.0,3.0,0,4.0,2.0
2021-02-13 Brighton-Aston Villa,2021,2021-02-13,Brighton,Aston Villa,Darren England,7.0,11.0,0.8,0.2,0.9708029197080292,7.0,9.0,1.4,1.2,1.305084745762712,3.0,2.6666666666666665,0.0,0.0,0.0,0,5.0,1.0
2021-02-13 Leicester City-Liverpool,2021,2021-02-13,Leicester City,Liverpool,Anthony Taylor,6.0,8.0,1.2,0.8,1.5547445255474452,6.0,6.0,1.4,1.6,2.204379562043796,3.4622641509433962,3.2857142857142856,3.0,1.0,4.0,1,3.0,2.0
2021-02-13 Crystal Palace-Burnley,2021,2021-02-13,Crystal Palace,Burnley,Michael Oliver,5.0,6.0,1.0,2.0,1.1240875912408759,7.0,7.0,1.0,1.4,1.0147058823529411,3.2660550458715596,1.7142857142857142,0.0,3.0,3.0,0,0.0,0.0
2021-02-14 Everton-Fulham,2021,2021-02-14,Everton,Fulham,Andy Madley,8.0,8.0,1.6,1.6,1.3037037037037038,8.0,3.0,0.6,1.2,0.85,3.0869565217391304,3.3333333333333335,0.0,2.0,2.0,0,2.0,0.0
2021-02-14 Arsenal-Leeds United,2021,2021-02-14,Arsenal,Leeds United,Stuart Attwell,8.0,7.0,1.4,0.8,1.6788321167883211,6.0,9.0,1.6,1.0,1.7272727272727273,3.898550724637681,0.0,4.0,2.0,6.0,1,2.0,2.0
2021-02-14 West Brom-Manchester Utd,2021,2021-02-14,West Brom,Manchester Utd,Craig Pawson,7.0,1.0,0.8,2.6,0.8032786885245902,8.0,8.0,3.0,1.2,1.8102189781021898,3.697674418604651,1.6666666666666667,1.0,1.0,2.0,1,5.0,1.0
2021-02-14 Southampton-Wolves,2021,2021-02-14,Southampton,Wolves,Graham Scott,8.0,0.0,0.6,3.6,1.1911764705882353,7.0,5.0,0.8,1.0,1.2222222222222223,2.6769230769230767,3.0,1.0,2.0,3.0,1,4.0,0.0
2021-02-15 West Ham United-Sheffield United,2021,2021-02-15,West Ham United,Sheffield United,Simon Hooper,9.0,10.0,1.8,1.4,1.3357664233576643,8.0,6.0,1.2,1.6,0.8852459016393442,2.8518518518518516,1.3333333333333333,3.0,0.0,3.0,0,2.0,2.0
2021-02-15 Chelsea-Newcastle United,2021,2021-02-15,Chelsea,Newcastle United,Peter Bankes,8.0,10.0,1.0,0.6,1.6934306569343065,9.0,6.0,1.4,1.6,1.051094890510949,3.85,2.4285714285714284,2.0,0.0,2.0,0,0.0,2.0
2021-02-17 Burnley-Fulham,2021,2021-02-17,Burnley,Fulham,Jonathan Moss,4.0,7.0,1.4,1.4,1.0291970802919708,3.0,6.0,0.8,0.8,0.8688524590163934,3.5851063829787235,4.5,1.0,1.0,2.0,1,2.0,1.0
2021-02-17 Everton-Manchester City,2021,2021-02-17,Everton,Manchester City,Andre Marriner,3.0,5.0,1.2,1.8,1.2941176470588236,4.0,15.0,3.0,0.2,2.5474452554744524,2.7282608695652173,3.1666666666666665,1.0,3.0,4.0,1,3.0,0.0
2021-02-19 Wolves-Leeds United,2021,2021-02-19,Wolves,Leeds United,David Coote,5.0,8.0,0.8,0.6,1.23,5.0,9.0,2.0,1.6,1.7391304347826086,3.3076923076923075,1.0,1.0,0.0,1.0,0,1.0,2.0
2021-02-20 Southampton-Chelsea,2021,2021-02-20,Southampton,Chelsea,Anthony Taylor,6.0,0.0,0.8,3.6,1.1897810218978102,5.0,13.0,1.4,0.2,1.6956521739130435,3.457943925233645,3.142857142857143,1.0,1.0,2.0,1,2.0,1.0
2021-02-20 Burnley-West Brom,2021,2021-02-20,Burnley,West Brom,Mike Dean,3.0,5.0,1.0,1.2,1.0289855072463767,6.0,2.0,0.8,2.4,0.8064516129032258,4.28125,1.3333333333333333,0.0,0.0,0.0,0,4.0,1.0
2021-02-20 Liverpool-Everton,2021,2021-02-20,Liverpool,Everton,Chris Kavanagh,7.0,6.0,1.6,2.0,2.1956521739130435,3.0,4.0,1.2,2.2,1.2919708029197081,3.3037974683544302,2.0,0.0,2.0,2.0,0,3.0,0.0
2021-02-20 Fulham-Sheffield United,2021,2021-02-20,Fulham,Sheffield United,Martin Atkinson,3.0,6.0,1.0,1.0,0.8709677419354839,5.0,6.0,1.0,1.6,0.8709677419354839,3.2336448598130842,2.0,1.0,0.0,1.0,0,3.0,2.0
2021-02-21 Manchester Utd-Newcastle United,2021,2021-02-21,Manchester Utd,Newcastle United,Paul Tierney,7.0,6.0,2.8,1.2,1.8043478260869565,6.0,6.0,1.4,1.6,1.0434782608695652,3.2375,3.4285714285714284,3.0,1.0,4.0,1,3.0,2.0
2021-02-21 Arsenal-Manchester City,2021,2021-02-21,Arsenal,Manchester City,Jonathan Moss,7.0,7.0,1.6,1.2,1.6956521739130435,4.0,15.0,2.6,0.4,2.550724637681159,3.568421052631579,2.857142857142857,0.0,1.0,1.0,0,4.0,0.0
2021-02-21 West Ham United-Tottenham Hotspur,2021,2021-02-21,West Ham United,Tottenham Hotspur,Craig Pawson,6.0,10.0,2.0,1.2,1.3478260869565217,8.0,3.0,0.6,1.6,1.7372262773722629,3.7126436781609193,3.142857142857143,2.0,1.0,3.0,1,7.0,2.0
2021-02-21 Aston Villa-Leicester City,2021,2021-02-21,Aston Villa,Leicester City,Michael Oliver,8.0,7.0,1.0,1.2,1.2833333333333334,8.0,8.0,1.4,1.0,1.565217391304348,3.2363636363636363,3.3333333333333335,1.0,2.0,3.0,1,3.0,0.0
2021-02-22 Brighton-Crystal Palace,2021,2021-02-22,Brighton,Crystal Palace,Kevin Friend,9.0,9.0,0.6,0.2,0.9637681159420289,9.0,6.0,1.0,1.8,1.1159420289855073,2.896551724137931,2.4285714285714284,1.0,2.0,3.0,1,2.0,0.0
2021-02-23 Leeds United-Southampton,2021,2021-02-23,Leeds United,Southampton,Andre Marriner,4.0,6.0,1.6,1.6,1.6666666666666667,3.0,1.0,0.8,3.2,1.1884057971014492,2.7311827956989245,2.85,3.0,0.0,3.0,0,3.0,2.0
2021-02-27 Manchester City-West Ham United,2021,2021-02-27,Manchester City,West Ham United,Michael Oliver,6.0,15.0,2.6,0.4,2.539568345323741,6.0,10.0,1.8,1.0,1.3525179856115108,3.234234234234234,3.142857142857143,2.0,1.0,3.0,1,2.0,2.0
2021-02-27 West Brom-Brighton,2021,2021-02-27,West Brom,Brighton,Lee Mason,7.0,3.0,0.8,1.4,0.7936507936507936,5.0,8.0,0.8,0.6,0.9640287769784173,3.0,2.6666666666666665,1.0,0.0,1.0,0,0.0,2.0
2021-02-27 Leeds United-Aston Villa,2021,2021-02-27,Leeds United,Aston Villa,Peter Bankes,4.0,6.0,1.6,1.4,1.72,6.0,7.0,0.8,1.0,1.278688524590164,3.6666666666666665,3.0,0.0,1.0,1.0,0,5.0,0.0
2021-02-27 Newcastle United-Wolves,2021,2021-02-27,Newcastle United,Wolves,Mike Dean,6.0,6.0,1.4,1.8,1.0431654676258992,8.0,10.0,1.0,0.6,1.2277227722772277,4.278350515463917,2.2,1.0,1.0,2.0,1,2.0,1.0
2021-02-28 Chelsea-Manchester Utd,2021,2021-02-28,Chelsea,Manchester Utd,Stuart Attwell,8.0,13.0,1.6,0.4,1.6906474820143884,7.0,9.0,3.2,1.0,1.8129496402877698,3.8714285714285714,2.2857142857142856,0.0,0.0,0.0,0,3.0,1.0
2021-02-28 Sheffield United-Liverpool,2021,2021-02-28,Sheffield United,Liverpool,Jonathan Moss,8.0,3.0,0.6,1.6,0.8571428571428571,8.0,3.0,1.0,2.2,2.179856115107914,3.5729166666666665,2.0,0.0,2.0,2.0,0,0.0,0.0
2021-02-28 Tottenham Hotspur-Burnley,2021,2021-02-28,Tottenham Hotspur,Burnley,Kevin Friend,7.0,3.0,0.6,1.4,1.7318840579710144,8.0,6.0,1.0,0.8,1.0215827338129497,2.8863636363636362,2.4285714285714284,4.0,0.0,4.0,0,0.0,2.0
2021-02-28 Leicester City-Arsenal,2021,2021-02-28,Leicester City,Arsenal,Paul Tierney,7.0,10.0,1.6,1.0,1.5683453237410072,7.0,4.0,1.0,1.2,1.683453237410072,3.234567901234568,3.2857142857142856,1.0,3.0,4.0,1,3.0,0.0
2021-02-28 Crystal Palace-Fulham,2021,2021-02-28,Crystal Palace,Fulham,Anthony Taylor,6.0,9.0,1.0,1.4,1.1223021582733812,8.0,8.0,0.8,0.6,0.873015873015873,3.4444444444444446,2.3333333333333335,0.0,0.0,0.0,0,2.0,1.0
2021-03-01 Everton-Southampton,2021,2021-03-01,Everton,Southampton,Martin Atkinson,9.0,7.0,1.6,1.8,1.2971014492753623,6.0,1.0,0.8,3.6,1.1798561151079137,3.2314814814814814,2.857142857142857,1.0,0.0,1.0,0,2.0,2.0
2021-03-02 Manchester City-Wolves,2021,2021-03-02,Manchester City,Wolves,Chris Kavanagh,3.0,15.0,2.6,0.6,2.5357142857142856,3.0,11.0,1.2,0.6,1.2254901960784315,3.3,3.2,4.0,1.0,5.0,1,1.0,2.0
2021-03-03 Burnley-Leicester City,2021,2021-03-03,Burnley,Leicester City,Andy Madley,3.0,6.0,1.0,1.2,1.0142857142857142,3.0,10.0,1.6,1.0,1.5642857142857143,3.0416666666666665,2.7142857142857144,1.0,1.0,2.0,1,2.0,1.0
2021-03-03 Sheffield United-Aston Villa,2021,2021-03-03,Sheffield United,Aston Villa,Robert Jones,3.0,3.0,0.6,1.8,0.84375,4.0,7.0,0.8,1.0,1.2741935483870968,3.0,1.0,1.0,0.0,1.0,0,2.0,2.0
2021-03-03 Crystal Palace-Manchester Utd,2021,2021-03-03,Crystal Palace,Manchester Utd,Andre Marriner,3.0,7.0,0.8,1.4,1.1142857142857143,3.0,9.0,3.2,1.0,1.8,2.734042553191489,3.142857142857143,0.0,0.0,0.0,0,1.0,1.0
2021-03-04 Fulham-Tottenham Hotspur,2021,2021-03-04,Fulham,Tottenham Hotspur,David Coote,4.0,9.0,0.8,0.2,0.859375,4.0,6.0,1.4,1.2,1.7482014388489209,3.25,3.0,0.0,1.0,1.0,0,3.0,0.0
2021-03-04 West Brom-Everton,2021,2021-03-04,West Brom,Everton,Darren England,5.0,5.0,0.6,1.0,0.796875,3.0,7.0,1.4,1.6,1.2949640287769784,3.25,3.0,0.0,1.0,1.0,0,4.0,0.0
2021-03-04 Liverpool-Chelsea,2021,2021-03-04,Liverpool,Chelsea,Martin Atkinson,4.0,3.0,0.8,2.0,2.1785714285714284,4.0,11.0,1.2,0.4,1.6785714285714286,3.220183486238532,2.857142857142857,0.0,1.0,1.0,0,0.0,0.0
2021-03-06 Brighton-Leicester City,2021,2021-03-06,Brighton,Leicester City,Michael Oliver,7.0,5.0,0.6,0.8,0.9571428571428572,3.0,8.0,1.4,1.2,1.5602836879432624,3.2232142857142856,2.0,1.0,2.0,3.0,1,1.0,0.0
2021-03-06 Aston Villa-Wolves,2021,2021-03-06,Aston Villa,Wolves,Andy Madley,3.0,7.0,0.6,0.6,1.253968253968254,4.0,8.0,1.0,1.2,1.2233009708737863,3.0,1.6666666666666667,0.0,0.0,0.0,0,1.0,1.0
2021-03-06 Burnley-Arsenal,2021,2021-03-06,Burnley,Arsenal,Andre Marriner,3.0,6.0,1.0,1.2,1.0141843971631206,6.0,6.0,1.6,1.4,1.6928571428571428,2.7157894736842105,2.5714285714285716,1.0,1.0,2.0,1,2.0,1.0
2021-03-06 Sheffield United-Southampton,2021,2021-03-06,Sheffield United,Southampton,Paul Tierney,3.0,3.0,0.4,1.6,0.8461538461538461,5.0,1.0,0.8,2.0,1.1714285714285715,3.231707317073171,2.6666666666666665,0.0,2.0,2.0,0,7.0,0.0
2021-03-07 West Brom-Newcastle United,2021,2021-03-07,West Brom,Newcastle United,Martin Atkinson,3.0,5.0,0.4,0.8,0.7846153846153846,8.0,4.0,1.2,2.0,1.042857142857143,3.190909090909091,2.6666666666666665,0.0,0.0,0.0,0,0.0,1.0
2021-03-07 Liverpool-Fulham,2021,2021-03-07,Liverpool,Fulham,Kevin Friend,3.0,3.0,0.8,2.0,2.1631205673758864,3.0,8.0,0.8,0.4,0.8461538461538461,2.853932584269663,2.3333333333333335,0.0,1.0,1.0,0,5.0,0.0
2021-03-07 Manchester City-Manchester Utd,2021,2021-03-07,Manchester City,Manchester Utd,Anthony Taylor,5.0,15.0,2.6,0.6,2.5460992907801416,4.0,7.0,1.4,1.0,1.7872340425531914,3.4311926605504586,2.7142857142857144,0.0,2.0,2.0,0,3.0,0.0
2021-03-07 Tottenham Hotspur-Crystal Palace,2021,2021-03-07,Tottenham Hotspur,Crystal Palace,Stuart Attwell,3.0,9.0,1.6,1.0,1.7428571428571429,4.0,5.0,0.4,1.2,1.1063829787234043,3.859154929577465,1.8571428571428572,4.0,1.0,5.0,1,5.0,2.0
2021-03-08 West Ham United-Leeds United,2021,2021-03-08,West Ham United,Leeds United,Mike Dean,9.0,10.0,1.8,0.8,1.35,9.0,6.0,1.4,1.2,1.6538461538461537,4.255102040816326,3.0,2.0,0.0,2.0,0,2.0,2.0
2021-03-08 Chelsea-Everton,2021,2021-03-08,Chelsea,Everton,David Coote,4.0,11.0,1.2,0.4,1.673758865248227,4.0,9.0,1.0,1.0,1.292857142857143,3.2439024390243905,1.8571428571428572,2.0,0.0,2.0,0,3.0,2.0
2021-03-10 Manchester City-Southampton,2021,2021-03-10,Manchester City,Southampton,Jonathan Moss,3.0,12.0,2.0,1.0,2.528169014084507,4.0,4.0,0.8,1.4,1.177304964539007,3.536082474226804,2.857142857142857,5.0,2.0,7.0,1,1.0,2.0
2021-03-12 Newcastle United-Aston Villa,2021,2021-03-12,Newcastle United,Aston Villa,Paul Tierney,5.0,5.0,1.0,1.6,1.0354609929078014,6.0,5.0,0.4,0.6,1.234375,3.2771084337349397,2.0,1.0,1.0,2.0,1,5.0,1.0
2021-03-13 Fulham-Manchester City,2021,2021-03-13,Fulham,Manchester City,Andre Marriner,6.0,8.0,0.6,0.4,0.8484848484848485,3.0,12.0,2.4,1.2,2.5454545454545454,2.7083333333333335,2.3333333333333335,0.0,3.0,3.0,0,0.0,0.0
2021-03-13 Everton-Burnley,2021,2021-03-13,Everton,Burnley,Jonathan Moss,5.0,9.0,1.0,1.0,1.2836879432624113,7.0,4.0,0.6,1.4,1.0140845070422535,3.510204081632653,2.2857142857142856,1.0,2.0,3.0,1,4.0,0.0
2021-03-13 Crystal Palace-West Brom,2021,2021-03-13,Crystal Palace,West Brom,Simon Hooper,6.0,5.0,0.6,1.6,1.1056338028169015,6.0,6.0,0.4,0.4,0.7727272727272727,2.8214285714285716,2.6666666666666665,1.0,0.0,1.0,0,4.0,2.0
2021-03-13 Leeds United-Chelsea,2021,2021-03-13,Leeds United,Chelsea,Kevin Friend,5.0,3.0,1.0,1.6,1.5925925925925926,5.0,11.0,1.2,0.2,1.676056338028169,2.8777777777777778,4.0,0.0,0.0,0.0,0,3.0,1.0
2021-03-14 Southampton-Brighton,2021,2021-03-14,Southampton,Brighton,Stuart Attwell,4.0,4.0,1.0,2.0,1.1830985915492958,8.0,2.0,0.6,1.2,0.9574468085106383,3.875,2.2857142857142856,1.0,2.0,3.0,1,0.0,0.0
2021-03-14 Leicester City-Sheffield United,2021,2021-03-14,Leicester City,Sheffield United,Peter Bankes,8.0,10.0,1.8,1.4,1.5633802816901408,8.0,3.0,0.2,1.6,0.8333333333333334,3.727272727272727,2.6666666666666665,5.0,0.0,5.0,0,2.0,2.0
2021-03-14 Arsenal-Tottenham Hotspur,2021,2021-03-14,Arsenal,Tottenham Hotspur,Michael Oliver,8.0,7.0,1.6,1.2,1.6879432624113475,7.0,9.0,2.0,1.2,1.7588652482269505,3.2035398230088497,2.857142857142857,2.0,1.0,3.0,1,4.0,2.0
2021-03-14 Manchester Utd-West Ham United,2021,2021-03-14,Manchester Utd,West Ham United,Martin Atkinson,7.0,9.0,1.2,0.4,1.7887323943661972,6.0,10.0,1.6,0.6,1.3546099290780143,3.1621621621621623,2.7142857142857144,1.0,0.0,1.0,0,4.0,2.0
2021-03-15 Wolves-Liverpool,2021,2021-03-15,Wolves,Liverpool,Craig Pawson,9.0,8.0,1.0,1.2,1.2115384615384615,8.0,3.0,0.6,1.4,2.147887323943662,3.75,2.4,0.0,1.0,1.0,0,3.0,0.0
2021-03-19 Fulham-Leeds United,2021,2021-03-19,Fulham,Leeds United,David Coote,6.0,7.0,0.4,0.8,0.835820895522388,6.0,4.0,0.6,0.8,1.5357142857142858,3.238095238095238,7.0,1.0,2.0,3.0,1,4.0,0.0
2021-03-20 Brighton-Newcastle United,2021,2021-03-20,Brighton,Newcastle United,Anthony Taylor,6.0,4.0,0.8,1.2,0.9647887323943662,8.0,3.0,0.6,1.4,1.0352112676056338,3.4272727272727272,1.0,3.0,0.0,3.0,0,1.0,2.0
2021-03-21 West Ham United-Arsenal,2021,2021-03-21,West Ham United,Arsenal,Jonathan Moss,7.0,9.0,1.6,0.8,1.3450704225352113,7.0,10.0,2.0,1.2,1.6901408450704225,3.515151515151515,2.5714285714285716,3.0,3.0,6.0,1,4.0,1.0
2021-03-21 Aston Villa-Tottenham Hotspur,2021,2021-03-21,Aston Villa,Tottenham Hotspur,Mike Dean,9.0,5.0,0.6,0.8,1.2307692307692308,7.0,9.0,2.2,1.0,1.7535211267605635,4.232323232323233,4.5,0.0,2.0,2.0,0,5.0,0.0
2021-04-03 Arsenal-Liverpool,2021,2021-04-03,Arsenal,Liverpool,Stuart Attwell,13.0,8.0,1.8,1.4,1.6993006993006994,19.0,6.0,0.6,0.8,2.13986013986014,3.8219178082191783,4.142857142857143,0.0,3.0,3.0,0,2.0,0.0
2021-04-03 Leicester City-Manchester City,2021,2021-04-03,Leicester City,Manchester City,Anthony Taylor,20.0,10.0,2.2,1.2,1.5874125874125875,21.0,12.0,2.8,1.2,2.548611111111111,3.4054054054054053,3.4285714285714284,0.0,2.0,2.0,0,5.0,0.0
2021-04-03 Chelsea-West Brom,2021,2021-04-03,Chelsea,West Brom,David Coote,21.0,9.0,0.8,0.2,1.6643356643356644,21.0,5.0,0.2,0.4,0.7611940298507462,3.255813953488372,4.333333333333333,2.0,5.0,7.0,1,3.0,0.0
2021-04-03 Leeds United-Sheffield United,2021,2021-04-03,Leeds United,Sheffield United,Graham Scott,15.0,7.0,1.0,0.8,1.5517241379310345,20.0,3.0,0.2,2.0,0.8208955223880597,2.696969696969697,1.0,2.0,1.0,3.0,1,3.0,2.0
2021-04-04 Southampton-Burnley,2021,2021-04-04,Southampton,Burnley,Andre Marriner,21.0,3.0,1.0,2.2,1.1818181818181819,22.0,6.0,0.8,1.4,1.020979020979021,2.6804123711340204,1.7142857142857142,3.0,2.0,5.0,1,0.0,2.0
2021-04-04 Newcastle United-Tottenham Hotspur,2021,2021-04-04,Newcastle United,Tottenham Hotspur,Craig Pawson,15.0,3.0,0.6,1.6,1.027972027972028,14.0,12.0,2.4,0.6,1.7552447552447552,3.741573033707865,2.0,2.0,2.0,4.0,1,5.0,1.0
2021-04-04 Aston Villa-Fulham,2021,2021-04-04,Aston Villa,Fulham,Andy Madley,14.0,5.0,0.4,0.8,1.2121212121212122,16.0,4.0,0.4,1.2,0.8382352941176471,2.923076923076923,3.0,3.0,1.0,4.0,1,3.0,2.0
2021-04-04 Manchester Utd-Brighton,2021,2021-04-04,Manchester Utd,Brighton,Mike Dean,21.0,11.0,1.2,0.2,1.7832167832167831,15.0,6.0,1.4,1.2,0.9790209790209791,4.24,3.142857142857143,2.0,1.0,3.0,1,4.0,2.0
2021-04-05 Everton-Crystal Palace,2021,2021-04-05,Everton,Crystal Palace,Kevin Friend,23.0,9.0,1.0,0.8,1.2816901408450705,23.0,8.0,0.8,1.0,1.1048951048951048,2.879120879120879,2.4285714285714284,1.0,1.0,2.0,1,2.0,1.0
2021-04-05 Wolves-West Ham United,2021,2021-04-05,Wolves,West Ham United,Michael Oliver,21.0,5.0,0.6,1.2,1.2,15.0,7.0,1.6,1.4,1.3566433566433567,3.210526315789474,2.4,2.0,3.0,5.0,1,5.0,0.0
2021-04-09 Fulham-Wolves,2021,2021-04-09,Fulham,Wolves,Jonathan Moss,5.0,3.0,0.6,1.8,0.8405797101449275,4.0,2.0,0.8,1.8,1.2075471698113207,3.52,1.3333333333333333,0.0,1.0,1.0,0,0.0,0.0
2021-04-10 Crystal Palace-Chelsea,2021,2021-04-10,Crystal Palace,Chelsea,Michael Oliver,5.0,6.0,0.6,1.0,1.1041666666666667,7.0,8.0,1.0,1.0,1.6666666666666667,3.226086956521739,3.142857142857143,1.0,4.0,5.0,1,1.0,0.0
2021-04-10 Manchester City-Leeds United,2021,2021-04-10,Manchester City,Leeds United,Andre Marriner,7.0,12.0,2.8,1.0,2.5448275862068965,7.0,7.0,0.8,1.0,1.5666666666666667,2.6530612244897958,2.0,1.0,2.0,3.0,1,5.0,0.0
2021-04-10 Liverpool-Aston Villa,2021,2021-04-10,Liverpool,Aston Villa,Paul Tierney,7.0,9.0,1.2,0.4,2.1458333333333335,6.0,5.0,0.8,1.0,1.2388059701492538,3.2976190476190474,4.666666666666667,2.0,1.0,3.0,1,6.0,2.0
2021-04-11 Burnley-Newcastle United,2021,2021-04-11,Burnley,Newcastle United,Anthony Taylor,7.0,5.0,1.2,2.0,1.0277777777777777,7.0,4.0,0.8,1.4,1.0347222222222223,3.419642857142857,1.8571428571428572,1.0,2.0,3.0,1,1.0,0.0
2021-04-11 West Ham United-Leicester City,2021,2021-04-11,West Ham United,Leicester City,Mike Dean,6.0,7.0,1.8,1.6,1.3680555555555556,8.0,7.0,1.8,1.4,1.5763888888888888,4.237623762376238,3.0,3.0,2.0,5.0,1,6.0,2.0
2021-04-11 Tottenham Hotspur-Manchester Utd,2021,2021-04-11,Tottenham Hotspur,Manchester Utd,Chris Kavanagh,7.0,10.0,2.0,1.0,1.7569444444444444,7.0,11.0,1.0,0.2,1.7847222222222223,3.271604938271605,2.7142857142857144,1.0,3.0,4.0,1,6.0,0.0
2021-04-11 Sheffield United-Arsenal,2021,2021-04-11,Sheffield United,Arsenal,Peter Bankes,8.0,3.0,0.4,2.2,0.8235294117647058,8.0,8.0,1.8,1.8,1.6875,3.652173913043478,2.0,0.0,3.0,3.0,0,2.0,0.0
2021-04-12 West Brom-Southampton,2021,2021-04-12,West Brom,Southampton,Simon Hooper,9.0,7.0,1.2,0.8,0.8235294117647058,8.0,6.0,1.6,2.0,1.1944444444444444,2.8620689655172415,2.6666666666666665,3.0,0.0,3.0,0,1.0,2.0
2021-04-12 Brighton-Everton,2021,2021-04-12,Brighton,Everton,Darren England,8.0,6.0,1.4,1.2,0.9791666666666666,7.0,7.0,0.8,1.0,1.2797202797202798,3.3333333333333335,3.0,0.0,0.0,0.0,0,3.0,1.0
2021-04-16 Everton-Tottenham Hotspur,2021,2021-04-16,Everton,Tottenham Hotspur,Michael Oliver,4.0,5.0,0.6,1.0,1.2708333333333333,5.0,7.0,2.0,1.6,1.7517241379310344,3.206896551724138,3.2857142857142856,2.0,2.0,4.0,1,2.0,1.0
2021-04-17 Wolves-Sheffield United,2021,2021-04-17,Wolves,Sheffield United,Robert Jones,8.0,4.0,0.8,1.6,1.205607476635514,6.0,3.0,0.4,2.4,0.8115942028985508,2.857142857142857,1.6666666666666667,1.0,0.0,1.0,0,3.0,2.0
2021-04-17 Newcastle United-West Ham United,2021,2021-04-17,Newcastle United,West Ham United,Kevin Friend,6.0,6.0,1.0,1.4,1.0413793103448277,6.0,10.0,2.2,1.6,1.3793103448275863,2.869565217391304,3.4285714285714284,3.0,2.0,5.0,1,3.0,2.0
2021-04-18 Manchester Utd-Burnley,2021,2021-04-18,Manchester Utd,Burnley,Jonathan Moss,7.0,13.0,1.6,0.4,1.793103448275862,7.0,5.0,1.4,1.6,1.0275862068965518,3.485148514851485,2.2857142857142856,3.0,1.0,4.0,1,3.0,2.0
2021-04-18 Arsenal-Fulham,2021,2021-04-18,Arsenal,Fulham,Craig Pawson,7.0,8.0,1.8,1.6,1.696551724137931,9.0,3.0,0.6,1.8,0.8285714285714286,3.7555555555555555,4.666666666666667,1.0,1.0,2.0,1,3.0,1.0
2021-04-19 Leeds United-Liverpool,2021,2021-04-19,Leeds United,Liverpool,Anthony Taylor,9.0,10.0,1.2,1.0,1.5806451612903225,9.0,9.0,1.2,0.6,2.1448275862068966,3.398230088495575,7.0,1.0,1.0,2.0,1,3.0,1.0
2021-04-20 Chelsea-Brighton,2021,2021-04-20,Chelsea,Brighton,Stuart Attwell,10.0,10.0,1.8,1.2,1.6827586206896552,8.0,7.0,1.4,1.0,0.9724137931034482,3.7972972972972974,2.857142857142857,0.0,0.0,0.0,0,3.0,1.0
2021-04-21 Tottenham Hotspur-Southampton,2021,2021-04-21,Tottenham Hotspur,Southampton,David Coote,5.0,5.0,1.6,1.8,1.7534246575342465,9.0,6.0,1.6,2.4,1.186206896551724,3.25,3.857142857142857,2.0,1.0,3.0,1,3.0,2.0
2021-04-21 Aston Villa-Manchester City,2021,2021-04-21,Aston Villa,Manchester City,Peter Bankes,11.0,5.0,1.0,1.2,1.2352941176470589,11.0,9.0,2.2,1.2,2.5342465753424657,3.5833333333333335,4.0,1.0,2.0,3.0,1,3.0,0.0
2021-04-22 Leicester City-West Brom,2021,2021-04-22,Leicester City,West Brom,Andy Madley,11.0,7.0,2.0,1.4,1.5793103448275863,10.0,7.0,1.6,0.8,0.855072463768116,2.925925925925926,3.3333333333333335,3.0,0.0,3.0,0,2.0,2.0
2021-04-23 Arsenal-Everton,2021,2021-04-23,Arsenal,Everton,Jonathan Moss,5.0,8.0,1.8,1.6,1.6917808219178083,7.0,3.0,0.8,1.4,1.2758620689655173,3.480392156862745,3.4285714285714284,0.0,1.0,1.0,0,4.0,0.0
2021-04-24 West Ham United-Chelsea,2021,2021-04-24,West Ham United,Chelsea,Chris Kavanagh,7.0,7.0,2.2,2.2,1.3835616438356164,4.0,8.0,1.6,1.2,1.6712328767123288,3.3048780487804876,2.0,0.0,1.0,1.0,0,5.0,0.0
2021-04-24 Sheffield United-Brighton,2021,2021-04-24,Sheffield United,Brighton,Kevin Friend,7.0,0.0,0.2,2.6,0.8,4.0,8.0,1.2,0.6,0.9657534246575342,2.870967741935484,1.6666666666666667,1.0,0.0,1.0,0,3.0,2.0
2021-04-24 Liverpool-Newcastle United,2021,2021-04-24,Liverpool,Newcastle United,Andre Marriner,5.0,10.0,1.4,0.6,2.136986301369863,7.0,8.0,1.6,1.8,1.0547945205479452,2.676767676767677,3.0,1.0,1.0,2.0,1,3.0,1.0
2021-04-25 Aston Villa-West Brom,2021,2021-04-25,Aston Villa,West Brom,Stuart Attwell,4.0,4.0,1.2,1.6,1.2318840579710144,3.0,7.0,1.6,1.2,0.8428571428571429,3.7866666666666666,3.0,2.0,2.0,4.0,1,2.0,1.0
2021-04-25 Wolves-Burnley,2021,2021-04-25,Wolves,Burnley,Darren England,8.0,7.0,0.8,0.8,1.2037037037037037,7.0,4.0,1.4,2.0,1.0273972602739727,3.3,2.0,0.0,4.0,4.0,0,3.0,0.0
2021-04-25 Leeds United-Manchester Utd,2021,2021-04-25,Leeds United,Manchester Utd,Craig Pawson,6.0,11.0,1.4,0.8,1.5625,7.0,15.0,2.2,0.6,1.8013698630136987,3.7472527472527473,8.0,0.0,0.0,0.0,0,5.0,1.0
2021-04-26 Leicester City-Crystal Palace,2021,2021-04-26,Leicester City,Crystal Palace,Graham Scott,4.0,9.0,2.4,1.2,1.5890410958904109,16.0,5.0,0.8,1.8,1.103448275862069,2.701492537313433,3.0,2.0,1.0,3.0,1,1.0,2.0
2021-04-30 Southampton-Leicester City,2021,2021-04-30,Southampton,Leicester City,Robert Jones,9.0,3.0,1.4,2.8,1.1849315068493151,4.0,9.0,2.4,1.2,1.5918367346938775,2.875,3.5714285714285716,1.0,1.0,2.0,1,2.0,1.0
2021-05-01 Crystal Palace-Manchester City,2021,2021-05-01,Crystal Palace,Manchester City,David Coote,5.0,4.0,1.0,2.2,1.1027397260273972,10.0,12.0,2.6,1.0,2.5306122448979593,3.2444444444444445,3.4285714285714284,0.0,2.0,2.0,0,2.0,0.0
2021-05-01 Brighton-Leeds United,2021,2021-05-01,Brighton,Leeds United,Chris Kavanagh,7.0,5.0,0.8,0.6,0.9591836734693877,6.0,11.0,1.4,0.8,1.5151515151515151,3.325301204819277,1.0,2.0,0.0,2.0,0,2.0,2.0
2021-05-01 Chelsea-Fulham,2021,2021-05-01,Chelsea,Fulham,Kevin Friend,7.0,8.0,1.4,1.2,1.6666666666666667,13.0,1.0,0.6,2.0,0.8309859154929577,2.872340425531915,2.0,2.0,0.0,2.0,0,2.0,2.0
2021-05-01 Everton-Aston Villa,2021,2021-05-01,Everton,Aston Villa,Simon Hooper,8.0,6.0,1.0,1.0,1.273972602739726,6.0,4.0,1.4,1.8,1.2428571428571429,2.8,2.0,1.0,2.0,3.0,1,2.0,0.0
2021-05-02 Tottenham Hotspur-Sheffield United,2021,2021-05-02,Tottenham Hotspur,Sheffield United,Andre Marriner,11.0,8.0,1.8,1.6,1.7551020408163265,8.0,3.0,0.4,2.2,0.8028169014084507,2.68,3.3333333333333335,4.0,0.0,4.0,0,2.0,2.0
2021-05-02 Newcastle United-Arsenal,2021,2021-05-02,Newcastle United,Arsenal,Mike Dean,8.0,8.0,1.6,1.8,1.054421768707483,9.0,5.0,1.4,1.6,1.6802721088435375,4.254901960784314,2.4285714285714284,0.0,2.0,2.0,0,4.0,0.0
2021-05-03 Burnley-West Ham United,2021,2021-05-03,Burnley,West Ham United,Anthony Taylor,8.0,6.0,2.0,1.8,1.0476190476190477,9.0,7.0,2.2,2.2,1.3741496598639455,3.3947368421052633,2.5714285714285716,1.0,2.0,3.0,1,3.0,0.0
2021-05-03 West Brom-Wolves,2021,2021-05-03,West Brom,Wolves,Paul Tierney,8.0,7.0,2.0,1.6,0.8591549295774648,8.0,6.0,0.8,1.6,1.1926605504587156,3.3294117647058825,5.0,1.0,1.0,2.0,1,2.0,1.0
2021-05-07 Leicester City-Newcastle United,2021,2021-05-07,Leicester City,Newcastle United,Darren England,7.0,7.0,1.6,1.4,1.587837837837838,5.0,8.0,1.6,1.6,1.0472972972972974,3.272727272727273,3.142857142857143,2.0,4.0,6.0,1,2.0,0.0
2021-05-08 Liverpool-Southampton,2021,2021-05-08,Liverpool,Southampton,Kevin Friend,14.0,11.0,1.6,0.6,2.129251700680272,8.0,4.0,1.2,2.0,1.183673469387755,2.863157894736842,2.857142857142857,2.0,0.0,2.0,0,1.0,2.0
2021-05-08 Leeds United-Tottenham Hotspur,2021,2021-05-08,Leeds United,Tottenham Hotspur,Michael Oliver,7.0,8.0,1.0,1.0,1.4705882352941178,6.0,8.0,2.2,1.6,1.7702702702702702,3.1965811965811968,3.0,3.0,1.0,4.0,1,3.0,2.0
2021-05-08 Sheffield United-Crystal Palace,2021,2021-05-08,Sheffield United,Crystal Palace,Simon Hooper,6.0,3.0,0.4,2.0,0.7916666666666666,7.0,4.0,0.8,1.8,1.0952380952380953,2.774193548387097,1.3333333333333333,0.0,2.0,2.0,0,2.0,0.0
2021-05-08 Manchester City-Chelsea,2021,2021-05-08,Manchester City,Chelsea,Anthony Taylor,7.0,12.0,2.0,0.6,2.527027027027027,7.0,10.0,1.8,1.2,1.6689189189189189,3.391304347826087,2.857142857142857,1.0,2.0,3.0,1,2.0,0.0
2021-05-09 West Ham United-Everton,2021,2021-05-09,West Ham United,Everton,Stuart Attwell,6.0,9.0,2.0,1.8,1.3783783783783783,8.0,6.0,1.0,1.0,1.272108843537415,3.763157894736842,2.7142857142857144,0.0,1.0,1.0,0,3.0,0.0
2021-05-09 Arsenal-West Brom,2021,2021-05-09,Arsenal,West Brom,Peter Bankes,7.0,7.0,1.2,1.0,1.6824324324324325,6.0,8.0,2.2,1.6,0.8611111111111112,3.56,2.6666666666666665,3.0,1.0,4.0,1,3.0,2.0
2021-05-09 Wolves-Brighton,2021,2021-05-09,Wolves,Brighton,Jonathan Moss,6.0,7.0,1.0,1.6,1.190909090909091,8.0,5.0,0.6,0.6,0.9662162162162162,3.4854368932038833,2.2,2.0,1.0,3.0,1,6.0,2.0
2021-05-09 Aston Villa-Manchester Utd,2021,2021-05-09,Aston Villa,Manchester Utd,Chris Kavanagh,8.0,7.0,1.8,1.6,1.2535211267605635,14.0,13.0,1.8,0.6,1.7891156462585034,3.3095238095238093,3.3333333333333335,1.0,3.0,4.0,1,3.0,0.0
2021-05-10 Fulham-Burnley,2021,2021-05-10,Fulham,Burnley,David Coote,9.0,1.0,0.6,1.8,0.8194444444444444,7.0,3.0,1.8,2.0,1.0472972972972974,3.217391304347826,3.6666666666666665,0.0,2.0,2.0,0,2.0,0.0
2021-05-11 Southampton-Crystal Palace,2021,2021-05-11,Southampton,Crystal Palace,Andy Madley,3.0,4.0,1.0,2.0,1.1756756756756757,3.0,4.0,1.0,1.8,1.1013513513513513,2.892857142857143,1.8571428571428572,3.0,1.0,4.0,1,5.0,2.0
2021-05-11 Manchester Utd-Leicester City,2021,2021-05-11,Manchester Utd,Leicester City,Craig Pawson,2.0,13.0,2.2,0.8,1.7972972972972974,4.0,7.0,2.0,1.8,1.5906040268456376,3.760869565217391,2.4285714285714284,1.0,2.0,3.0,1,0.0,0.0
2021-05-12 Chelsea-Arsenal,2021,2021-05-12,Chelsea,Arsenal,Andre Marriner,4.0,13.0,1.8,0.4,1.6711409395973154,3.0,10.0,1.8,0.6,1.691275167785235,2.6732673267326734,3.142857142857143,0.0,1.0,1.0,0,1.0,0.0
2021-05-13 Aston Villa-Everton,2021,2021-05-13,Aston Villa,Everton,Martin Atkinson,4.0,4.0,1.4,2.0,1.25,4.0,8.0,1.0,0.8,1.2702702702702702,3.169642857142857,2.3333333333333335,0.0,0.0,0.0,0,3.0,1.0
2021-05-13 Manchester Utd-Liverpool,2021,2021-05-13,Manchester Utd,Liverpool,Anthony Taylor,2.0,10.0,2.0,1.0,1.7919463087248322,5.0,11.0,1.8,0.6,2.1283783783783785,3.3793103448275863,1.5714285714285714,2.0,4.0,6.0,1,3.0,0.0
2021-05-14 Newcastle United-Manchester City,2021,2021-05-14,Newcastle United,Manchester City,Kevin Friend,7.0,10.0,2.0,1.6,1.0671140939597314,6.0,9.0,1.6,1.0,2.5167785234899327,2.84375,3.142857142857143,3.0,4.0,7.0,1,4.0,0.0
2021-05-15 Burnley-Leeds United,2021,2021-05-15,Burnley,Leeds United,Graham Scott,5.0,6.0,1.8,1.4,1.0536912751677852,7.0,8.0,1.2,1.0,1.5142857142857142,2.676470588235294,1.0,0.0,4.0,4.0,0,2.0,0.0
2021-05-15 Southampton-Fulham,2021,2021-05-15,Southampton,Fulham,Craig Pawson,4.0,4.0,1.0,1.8,1.1879194630872483,5.0,1.0,0.4,1.8,0.8082191780821918,3.7204301075268815,2.3333333333333335,3.0,1.0,4.0,1,1.0,2.0
2021-05-15 Brighton-West Ham United,2021,2021-05-15,Brighton,West Ham United,Andre Marriner,6.0,5.0,0.6,0.6,0.9664429530201343,6.0,6.0,1.4,1.6,1.3691275167785235,2.656862745098039,3.4285714285714284,1.0,1.0,2.0,1,1.0,1.0
2021-05-16 Crystal Palace-Aston Villa,2021,2021-05-16,Crystal Palace,Aston Villa,David Coote,5.0,3.0,1.0,2.2,1.1006711409395973,3.0,5.0,1.2,1.6,1.2328767123287672,3.1914893617021276,2.0,3.0,2.0,5.0,1,5.0,2.0
2021-05-16 Tottenham Hotspur-Wolves,2021,2021-05-16,Tottenham Hotspur,Wolves,Martin Atkinson,8.0,7.0,2.0,1.8,1.7651006711409396,7.0,10.0,1.0,1.2,1.1981981981981982,3.168141592920354,3.8,2.0,0.0,2.0,0,1.0,2.0
2021-05-16 West Brom-Liverpool,2021,2021-05-16,West Brom,Liverpool,Mike Dean,7.0,5.0,1.4,1.8,0.863013698630137,3.0,11.0,2.0,1.0,2.140939597315436,4.252427184466019,2.0,1.0,2.0,3.0,1,0.0,0.0
2021-05-16 Everton-Sheffield United,2021,2021-05-16,Everton,Sheffield United,Jonathan Moss,3.0,8.0,1.0,0.8,1.261744966442953,8.0,3.0,0.2,2.0,0.7808219178082192,3.5096153846153846,1.3333333333333333,0.0,1.0,1.0,0,4.0,0.0
2021-05-18 Manchester Utd-Fulham,2021,2021-05-18,Manchester Utd,Fulham,Lee Mason,5.0,7.0,1.8,1.6,1.7933333333333332,3.0,1.0,0.4,1.8,0.8108108108108109,2.9523809523809526,3.6666666666666665,1.0,1.0,2.0,1,5.0,1.0
2021-05-18 Southampton-Leeds United,2021,2021-05-18,Southampton,Leeds United,Peter Bankes,3.0,7.0,1.6,1.4,1.2,3.0,8.0,1.6,0.8,1.5833333333333333,3.5384615384615383,3.0,0.0,2.0,2.0,0,3.0,0.0
2021-05-18 Brighton-Manchester City,2021,2021-05-18,Brighton,Manchester City,Stuart Attwell,3.0,5.0,0.8,0.8,0.9666666666666667,4.0,9.0,2.0,1.6,2.526666666666667,3.7532467532467533,3.2857142857142856,3.0,2.0,5.0,1,7.0,2.0
2021-05-18 Chelsea-Leicester City,2021,2021-05-18,Chelsea,Leicester City,Mike Dean,6.0,10.0,1.0,0.4,1.66,7.0,10.0,2.0,1.4,1.5933333333333333,4.211538461538462,1.7142857142857142,2.0,1.0,3.0,1,7.0,2.0
2021-05-19 Burnley-Liverpool,2021,2021-05-19,Burnley,Liverpool,Chris Kavanagh,4.0,6.0,1.6,1.8,1.0466666666666666,3.0,11.0,2.0,1.0,2.14,3.3058823529411763,3.0,0.0,3.0,3.0,0,0.0,0.0
2021-05-19 Crystal Palace-Arsenal,2021,2021-05-19,Crystal Palace,Arsenal,Anthony Taylor,3.0,6.0,1.4,1.8,1.1133333333333333,7.0,10.0,1.4,0.6,1.6866666666666668,3.376068376068376,3.5714285714285716,1.0,3.0,4.0,1,3.0,0.0
2021-05-19 West Brom-West Ham United,2021,2021-05-19,West Brom,West Ham United,Michael Oliver,3.0,2.0,1.0,2.2,0.8648648648648649,4.0,4.0,1.0,1.4,1.3666666666666667,3.194915254237288,2.0,1.0,3.0,4.0,1,4.0,0.0
2021-05-19 Newcastle United-Sheffield United,2021,2021-05-19,Newcastle United,Sheffield United,Robert Jones,5.0,7.0,2.2,2.2,1.08,3.0,6.0,0.4,1.4,0.7837837837837838,2.7777777777777777,2.0,1.0,0.0,1.0,0,2.0,2.0
2021-05-19 Everton-Wolves,2021,2021-05-19,Everton,Wolves,Andy Madley,3.0,7.0,0.6,0.6,1.2533333333333334,3.0,7.0,0.8,1.6,1.1875,2.9655172413793105,3.8,1.0,0.0,1.0,0,2.0,2.0
2021-05-19 Tottenham Hotspur-Aston Villa,2021,2021-05-19,Tottenham Hotspur,Aston Villa,Craig Pawson,3.0,10.0,2.2,1.2,1.7666666666666666,3.0,5.0,1.4,1.8,1.2432432432432432,3.6914893617021276,3.6666666666666665,1.0,2.0,3.0,1,2.0,0.0
2021-05-23 Sheffield United-Burnley,2021,2021-05-23,Sheffield United,Burnley,Kevin Friend,4.0,6.0,0.4,1.4,0.7733333333333333,4.0,6.0,1.4,1.8,1.0397350993377483,2.8556701030927836,2.0,1.0,0.0,1.0,0,4.0,2.0
2021-05-23 Manchester City-Everton,2021,2021-05-23,Manchester City,Everton,Michael Oliver,5.0,9.0,2.2,1.8,2.5231788079470197,4.0,7.0,0.6,0.6,1.2516556291390728,3.2016806722689077,3.2857142857142856,5.0,0.0,5.0,0,4.0,2.0
2021-05-23 West Ham United-Southampton,2021,2021-05-23,West Ham United,Southampton,Martin Atkinson,4.0,7.0,1.2,1.0,1.3774834437086092,5.0,7.0,1.4,1.4,1.1920529801324504,3.1491228070175437,2.7142857142857144,3.0,0.0,3.0,0,3.0,2.0
2021-05-23 Liverpool-Crystal Palace,2021,2021-05-23,Liverpool,Crystal Palace,Craig Pawson,4.0,13.0,2.4,0.8,2.1456953642384105,4.0,6.0,1.4,2.0,1.1125827814569536,3.6736842105263157,3.857142857142857,2.0,0.0,2.0,0,4.0,2.0
2021-05-23 Wolves-Manchester Utd,2021,2021-05-23,Wolves,Manchester Utd,Mike Dean,4.0,4.0,0.6,1.8,1.176991150442478,5.0,5.0,1.4,1.6,1.7880794701986755,4.238095238095238,1.6,1.0,2.0,3.0,1,5.0,0.0
2021-05-23 Leeds United-West Brom,2021,2021-05-23,Leeds United,West Brom,David Coote,5.0,10.0,1.8,0.6,1.5945945945945945,4.0,2.0,1.2,2.2,0.8666666666666667,3.2291666666666665,5.0,3.0,1.0,4.0,1,3.0,2.0
2021-05-23 Fulham-Newcastle United,2021,2021-05-23,Fulham,Newcastle United,Chris Kavanagh,5.0,2.0,0.6,1.8,0.8133333333333334,4.0,7.0,1.8,1.8,1.0794701986754967,3.2674418604651163,2.0,0.0,2.0,2.0,0,1.0,0.0
2021-05-23 Aston Villa-Chelsea,2021,2021-05-23,Aston Villa,Chelsea,Stuart Attwell,4.0,7.0,1.4,1.6,1.2533333333333334,5.0,12.0,1.4,0.6,1.6622516556291391,3.7948717948717947,2.6666666666666665,2.0,1.0,3.0,1,8.0,2.0
2021-05-23 Arsenal-Brighton,2021,2021-05-23,Arsenal,Brighton,Jonathan Moss,4.0,12.0,1.8,0.6,1.695364238410596,5.0,7.0,1.4,1.2,0.9801324503311258,3.5142857142857142,2.2857142857142856,2.0,0.0,2.0,0,0.0,2.0
2021-05-23 Leicester City-Tottenham Hotspur,2021,2021-05-23,Leicester City,Tottenham Hotspur,Anthony Taylor,5.0,7.0,1.6,1.8,1.5894039735099337,4.0,9.0,2.0,1.2,1.7615894039735098,3.3728813559322033,3.7142857142857144,2.0,4.0,6.0,1,2.0,0.0
2021-08-14 Norwich City-Liverpool,2122,2021-08-14,Norwich City,Liverpool,Andre Marriner,384.0,0.0,0.2,2.8,0.6842105263157895,83.0,15.0,2.6,0.6,2.1447368421052633,2.6407766990291264,3.0,0.0,3.0,3.0,0,2.0,0.0
2021-08-14 Leicester City-Wolves,2122,2021-08-14,Leicester City,Wolves,Craig Pawson,83.0,4.0,1.6,2.4,1.5921052631578947,83.0,4.0,0.8,1.4,1.1754385964912282,3.6770833333333335,1.6666666666666667,1.0,0.0,1.0,0,6.0,2.0
2021-08-14 Everton-Southampton,2122,2021-08-14,Everton,Southampton,Andy Madley,83.0,7.0,0.4,1.2,1.243421052631579,83.0,6.0,1.2,1.8,1.1842105263157894,2.933333333333333,2.625,3.0,1.0,4.0,1,2.0,2.0
2021-08-14 Watford-Aston Villa,2122,2021-08-14,Watford,Aston Villa,Mike Dean,384.0,6.0,1.4,2.4,1.1578947368421053,83.0,7.0,1.4,1.6,1.263157894736842,4.245283018867925,3.0,3.0,2.0,5.0,1,4.0,2.0
2021-08-14 Burnley-Brighton,2122,2021-08-14,Burnley,Brighton,David Coote,83.0,3.0,0.6,2.0,1.0328947368421053,83.0,7.0,1.4,1.4,0.9736842105263158,3.2244897959183674,1.5,1.0,2.0,3.0,1,3.0,0.0
2021-08-14 Manchester Utd-Leeds United,2122,2021-08-14,Manchester Utd,Leeds United,Paul Tierney,83.0,7.0,1.8,1.8,1.7894736842105263,83.0,12.0,2.4,0.8,1.631578947368421,3.313953488372093,4.0,5.0,1.0,6.0,1,3.0,2.0
2021-08-14 Chelsea-Crystal Palace,2122,2021-08-14,Chelsea,Crystal Palace,Jonathan Moss,83.0,9.0,1.4,1.0,1.6578947368421053,83.0,6.0,1.4,2.0,1.105263157894737,3.481132075471698,3.375,3.0,0.0,3.0,0,0.0,2.0
2021-08-15 Newcastle United-West Ham United,2122,2021-08-15,Newcastle United,West Ham United,Martin Atkinson,84.0,9.0,2.0,1.6,1.0855263157894737,84.0,10.0,1.8,0.8,1.388157894736842,3.1478260869565218,3.625,2.0,4.0,6.0,1,1.0,0.0
2021-08-15 Tottenham Hotspur-Manchester City,2122,2021-08-15,Tottenham Hotspur,Manchester City,Anthony Taylor,84.0,9.0,2.4,1.4,1.7763157894736843,84.0,9.0,2.8,1.6,2.539473684210526,3.361344537815126,2.75,1.0,0.0,1.0,0,3.0,2.0
2021-08-21 Liverpool-Burnley,2122,2021-08-21,Liverpool,Burnley,Mike Dean,7.0,15.0,2.8,0.6,2.150326797385621,7.0,3.0,0.6,2.0,1.0326797385620916,4.242990654205608,3.0,2.0,0.0,2.0,0,0.0,2.0
2021-08-21 Aston Villa-Newcastle United,2122,2021-08-21,Aston Villa,Newcastle United,David Coote,7.0,7.0,1.6,1.6,1.2727272727272727,6.0,9.0,2.4,2.0,1.091503267973856,3.22,2.0,2.0,0.0,2.0,0,7.0,2.0
2021-08-21 Crystal Palace-Brentford,2122,2021-08-21,Crystal Palace,Brentford,Martin Atkinson,7.0,3.0,1.0,2.6,1.0980392156862746,8.0,3.0,2.0,0.0,2.0,3.1293103448275863,2.85,0.0,0.0,0.0,0,4.0,1.0
2021-08-21 Leeds United-Everton,2122,2021-08-21,Leeds United,Everton,Darren England,7.0,12.0,2.6,1.4,1.6153846153846154,7.0,7.0,0.8,1.4,1.2549019607843137,3.1666666666666665,2.0,2.0,2.0,4.0,1,6.0,1.0
2021-08-21 Manchester City-Norwich City,2122,2021-08-21,Manchester City,Norwich City,Graham Scott,6.0,6.0,2.4,1.8,2.522875816993464,7.0,0.0,0.0,3.0,0.6666666666666666,2.6666666666666665,5.0,5.0,0.0,5.0,0,1.0,2.0
2021-08-21 Brighton-Watford,2122,2021-08-21,Brighton,Watford,Anthony Taylor,7.0,7.0,1.4,1.6,0.9803921568627451,7.0,6.0,1.6,2.6,1.173913043478261,3.3583333333333334,1.3333333333333333,2.0,0.0,2.0,0,8.0,2.0
2021-08-22 Wolves-Tottenham Hotspur,2122,2021-08-22,Wolves,Tottenham Hotspur,Stuart Attwell,8.0,3.0,0.6,1.4,1.1652173913043478,7.0,9.0,1.8,1.4,1.7712418300653594,3.848101265822785,3.5,0.0,1.0,1.0,0,10.0,0.0
2021-08-22 Southampton-Manchester Utd,2122,2021-08-22,Southampton,Manchester Utd,Craig Pawson,8.0,6.0,1.4,2.0,1.1830065359477124,8.0,7.0,2.2,1.8,1.8104575163398693,3.7010309278350517,3.75,1.0,1.0,2.0,1,10.0,1.0
2021-08-22 Arsenal-Chelsea,2122,2021-08-22,Arsenal,Chelsea,Paul Tierney,9.0,12.0,1.8,0.8,1.6862745098039216,8.0,9.0,1.6,1.0,1.6666666666666667,3.310344827586207,2.875,0.0,2.0,2.0,0,3.0,0.0
2021-08-23 West Ham United-Leicester City,2122,2021-08-23,West Ham United,Leicester City,Michael Oliver,8.0,10.0,2.2,1.0,1.4052287581699345,9.0,6.0,1.6,2.2,1.588235294117647,3.1818181818181817,3.25,4.0,1.0,5.0,1,4.0,2.0
2021-08-28 Manchester City-Arsenal,2122,2021-08-28,Manchester City,Arsenal,Martin Atkinson,7.0,9.0,3.2,1.4,2.538961038961039,6.0,9.0,1.2,1.0,1.6753246753246753,3.1367521367521367,2.625,5.0,0.0,5.0,0,4.0,2.0
2021-08-28 Aston Villa-Brentford,2122,2021-08-28,Aston Villa,Brentford,Peter Bankes,7.0,9.0,2.0,1.6,1.2820512820512822,7.0,4.0,1.0,0.0,1.0,3.5185185185185186,2.85,1.0,1.0,2.0,1,6.0,1.0
2021-08-28 Brighton-Everton,2122,2021-08-28,Brighton,Everton,Jonathan Moss,7.0,10.0,1.6,1.2,0.987012987012987,7.0,7.0,1.2,1.8,1.2597402597402598,3.4485981308411215,2.625,0.0,2.0,2.0,0,3.0,0.0
2021-08-28 Newcastle United-Southampton,2122,2021-08-28,Newcastle United,Southampton,Paul Tierney,7.0,6.0,1.6,2.0,1.0844155844155845,6.0,4.0,1.0,2.0,1.1818181818181819,3.3068181818181817,2.75,2.0,2.0,4.0,1,6.0,1.0
2021-08-28 Norwich City-Leicester City,2122,2021-08-28,Norwich City,Leicester City,Robert Jones,7.0,0.0,0.0,3.2,0.65,5.0,6.0,1.4,2.2,1.5844155844155845,2.7,1.5,1.0,2.0,3.0,1,3.0,0.0
2021-08-28 West Ham United-Crystal Palace,2122,2021-08-28,West Ham United,Crystal Palace,Stuart Attwell,5.0,13.0,3.0,1.0,1.422077922077922,7.0,4.0,0.8,2.0,1.0909090909090908,3.925,3.25,2.0,2.0,4.0,1,1.0,1.0
2021-08-28 Liverpool-Chelsea,2122,2021-08-28,Liverpool,Chelsea,Anthony Taylor,7.0,15.0,2.4,0.2,2.1493506493506493,6.0,9.0,1.6,0.8,1.6688311688311688,3.396694214876033,2.625,1.0,1.0,2.0,1,3.0,1.0
2021-08-29 Burnley-Leeds United,2122,2021-08-29,Burnley,Leeds United,Michael Oliver,8.0,0.0,0.2,2.4,1.025974025974026,8.0,10.0,2.4,1.6,1.625,3.1885245901639343,2.5,1.0,1.0,2.0,1,14.0,1.0
2021-08-29 Tottenham Hotspur-Watford,2122,2021-08-29,Tottenham Hotspur,Watford,Andre Marriner,7.0,12.0,1.8,0.8,1.7662337662337662,8.0,3.0,1.2,2.8,1.1637931034482758,2.6346153846153846,2.0,1.0,0.0,1.0,0,6.0,2.0
2021-08-29 Wolves-Manchester Utd,2122,2021-08-29,Wolves,Manchester Utd,Mike Dean,7.0,0.0,0.2,1.4,1.1551724137931034,7.0,8.0,2.2,1.6,1.8051948051948052,4.203703703703703,1.8333333333333333,0.0,1.0,1.0,0,7.0,0.0
2021-09-11 Chelsea-Aston Villa,2122,2021-09-11,Chelsea,Aston Villa,Stuart Attwell,14.0,10.0,1.8,0.8,1.664516129032258,14.0,10.0,1.8,1.2,1.2784810126582278,3.888888888888889,2.75,3.0,0.0,3.0,0,5.0,2.0
2021-09-11 Watford-Wolves,2122,2021-09-11,Watford,Wolves,Peter Bankes,13.0,3.0,1.0,2.4,1.1538461538461537,13.0,0.0,0.2,1.2,1.1452991452991452,3.607142857142857,2.5,0.0,2.0,2.0,0,12.0,0.0
2021-09-11 Southampton-West Ham United,2122,2021-09-11,Southampton,West Ham United,David Coote,14.0,2.0,0.8,2.2,1.1870967741935483,14.0,13.0,3.2,1.2,1.4258064516129032,3.2941176470588234,2.75,0.0,0.0,0.0,0,5.0,1.0
2021-09-11 Manchester Utd-Newcastle United,2122,2021-09-11,Manchester Utd,Newcastle United,Anthony Taylor,13.0,11.0,2.0,0.8,1.8,14.0,7.0,1.4,1.6,1.0903225806451613,3.3934426229508197,3.5,4.0,1.0,5.0,1,1.0,2.0
2021-09-11 Arsenal-Norwich City,2122,2021-09-11,Arsenal,Norwich City,Michael Oliver,14.0,6.0,1.0,2.0,1.664516129032258,14.0,0.0,0.2,3.4,0.6585365853658537,3.2764227642276422,4.0,1.0,0.0,1.0,0,4.0,2.0
2021-09-11 Brentford-Brighton,2122,2021-09-11,Brentford,Brighton,Graham Scott,14.0,5.0,1.0,0.3333333333333333,1.0,14.0,9.0,1.4,1.4,0.9806451612903225,2.642857142857143,2.85,0.0,1.0,1.0,0,10.0,0.0
2021-09-11 Crystal Palace-Tottenham Hotspur,2122,2021-09-11,Crystal Palace,Tottenham Hotspur,Jonathan Moss,14.0,2.0,0.6,2.0,1.096774193548387,13.0,12.0,1.6,0.8,1.761290322580645,3.4444444444444446,2.25,3.0,0.0,3.0,0,8.0,2.0
2021-09-11 Leicester City-Manchester City,2122,2021-09-11,Leicester City,Manchester City,Paul Tierney,14.0,6.0,1.4,2.2,1.5870967741935484,14.0,9.0,3.4,0.8,2.554838709677419,3.337078651685393,3.25,0.0,1.0,1.0,0,3.0,0.0
2021-09-12 Leeds United-Liverpool,2122,2021-09-12,Leeds United,Liverpool,Craig Pawson,14.0,8.0,1.8,1.8,1.6097560975609757,15.0,13.0,2.2,0.2,2.141935483870968,3.7653061224489797,4.5,0.0,3.0,3.0,0,4.0,0.0
2021-09-13 Everton-Burnley,2122,2021-09-13,Everton,Burnley,Martin Atkinson,16.0,10.0,1.6,1.6,1.264516129032258,15.0,1.0,0.4,1.8,1.0258064516129033,3.1440677966101696,2.375,3.0,1.0,4.0,1,2.0,2.0
2021-09-17 Newcastle United-Leeds United,2122,2021-09-17,Newcastle United,Leeds United,Mike Dean,6.0,4.0,1.4,2.4,1.0897435897435896,5.0,5.0,1.4,2.4,1.5714285714285714,4.229357798165138,5.0,1.0,1.0,2.0,1,4.0,1.0
2021-09-18 Norwich City-Watford,2122,2021-09-18,Norwich City,Watford,Robert Jones,7.0,0.0,0.2,3.2,0.6428571428571429,7.0,3.0,1.0,2.0,1.1440677966101696,2.727272727272727,2.5,1.0,3.0,4.0,1,2.0,0.0
2021-09-18 Aston Villa-Everton,2122,2021-09-18,Aston Villa,Everton,Craig Pawson,7.0,7.0,1.4,1.6,1.2625,5.0,10.0,2.0,1.8,1.2756410256410255,3.7676767676767677,1.75,3.0,0.0,3.0,0,2.0,2.0
2021-09-18 Manchester City-Southampton,2122,2021-09-18,Manchester City,Southampton,Jonathan Moss,7.0,12.0,3.2,0.2,2.5448717948717947,7.0,3.0,0.8,1.8,1.1794871794871795,3.4862385321100917,3.375,0.0,0.0,0.0,0,4.0,1.0
2021-09-18 Wolves-Brentford,2122,2021-09-18,Wolves,Brentford,Darren England,7.0,3.0,0.6,1.0,1.152542372881356,7.0,5.0,0.75,0.5,0.75,3.3846153846153846,2.85,0.0,2.0,2.0,0,7.0,0.0
2021-09-18 Burnley-Arsenal,2122,2021-09-18,Burnley,Arsenal,Anthony Taylor,5.0,1.0,0.6,1.8,1.0256410256410255,7.0,6.0,0.6,1.8,1.6602564102564104,3.3739837398373984,2.5,0.0,1.0,1.0,0,3.0,0.0
2021-09-18 Liverpool-Crystal Palace,2122,2021-09-18,Liverpool,Crystal Palace,Andy Madley,6.0,13.0,2.2,0.2,2.1474358974358974,7.0,5.0,1.0,1.4,1.108974358974359,2.903225806451613,3.625,3.0,0.0,3.0,0,4.0,2.0
2021-09-19 Brighton-Leicester City,2122,2021-09-19,Brighton,Leicester City,Stuart Attwell,8.0,9.0,1.0,1.0,0.9807692307692307,8.0,6.0,1.2,2.0,1.5769230769230769,3.902439024390244,2.125,2.0,1.0,3.0,1,3.0,2.0
2021-09-19 West Ham United-Manchester Utd,2122,2021-09-19,West Ham United,Manchester Utd,Martin Atkinson,8.0,11.0,2.6,1.0,1.4166666666666667,8.0,13.0,2.6,0.8,1.814102564102564,3.134453781512605,2.5,1.0,2.0,3.0,1,0.0,0.0
2021-09-19 Tottenham Hotspur-Chelsea,2122,2021-09-19,Tottenham Hotspur,Chelsea,Paul Tierney,8.0,12.0,1.4,1.0,1.75,8.0,10.0,2.0,0.6,1.6730769230769231,3.3333333333333335,2.375,0.0,3.0,3.0,0,1.0,0.0
2021-09-25 Watford-Newcastle United,2122,2021-09-25,Watford,Newcastle United,Jarred Gillett,7.0,6.0,1.2,1.6,1.1596638655462186,8.0,2.0,1.2,2.6,1.089171974522293,5.229605263157895,2.3333333333333335,1.0,1.0,2.0,1,7.0,1.0
2021-09-25 Leicester City-Burnley,2122,2021-09-25,Leicester City,Burnley,Chris Kavanagh,6.0,6.0,1.0,1.6,1.5732484076433122,7.0,1.0,0.6,1.8,1.019108280254777,3.2413793103448274,2.625,2.0,2.0,4.0,1,12.0,1.0
2021-09-25 Leeds United-West Ham United,2122,2021-09-25,Leeds United,West Ham United,Kevin Friend,8.0,3.0,1.0,2.4,1.558139534883721,6.0,8.0,2.2,1.4,1.414012738853503,2.86734693877551,2.5,1.0,2.0,3.0,1,5.0,0.0
2021-09-25 Brentford-Liverpool,2122,2021-09-25,Brentford,Liverpool,Stuart Attwell,7.0,8.0,1.0,0.4,1.0,7.0,13.0,2.4,0.2,2.1528662420382165,3.891566265060241,2.85,3.0,3.0,6.0,1,2.0,1.0
2021-09-25 Manchester Utd-Aston Villa,2122,2021-09-25,Manchester Utd,Aston Villa,Mike Dean,6.0,13.0,2.6,0.8,1.8152866242038217,7.0,7.0,1.6,1.4,1.2839506172839505,4.2272727272727275,3.5,0.0,1.0,1.0,0,4.0,0.0
2021-09-25 Chelsea-Manchester City,2122,2021-09-25,Chelsea,Manchester City,Michael Oliver,6.0,13.0,2.4,0.2,1.6815286624203822,7.0,10.0,2.2,0.2,2.5286624203821657,3.282258064516129,2.875,0.0,1.0,1.0,0,5.0,0.0
2021-09-25 Everton-Norwich City,2122,2021-09-25,Everton,Norwich City,David Coote,7.0,10.0,2.0,1.4,1.267515923566879,7.0,0.0,0.4,2.8,0.6511627906976745,3.326923076923077,1.5,2.0,0.0,2.0,0,5.0,2.0
2021-09-26 Southampton-Wolves,2122,2021-09-26,Southampton,Wolves,Andy Madley,8.0,4.0,0.8,1.2,1.1719745222929936,8.0,3.0,0.4,1.0,1.1428571428571428,2.9375,3.0,0.0,1.0,1.0,0,0.0,0.0
2021-09-26 Arsenal-Tottenham Hotspur,2122,2021-09-26,Arsenal,Tottenham Hotspur,Craig Pawson,8.0,6.0,0.4,1.8,1.6560509554140128,7.0,9.0,0.6,1.2,1.7388535031847134,3.75,2.875,3.0,1.0,4.0,1,3.0,2.0
2021-09-27 Crystal Palace-Brighton,2122,2021-09-27,Crystal Palace,Brighton,Andre Marriner,9.0,5.0,1.0,1.6,1.1019108280254777,8.0,12.0,1.4,0.8,0.9872611464968153,2.6666666666666665,2.5,1.0,1.0,2.0,1,6.0,1.0
2021-10-02 Manchester Utd-Everton,2122,2021-10-02,Manchester Utd,Everton,Michael Oliver,7.0,10.0,1.6,0.8,1.8037974683544304,7.0,10.0,1.8,1.2,1.2721518987341771,3.296,3.375,1.0,1.0,2.0,1,4.0,1.0
2021-10-02 Burnley-Norwich City,2122,2021-10-02,Burnley,Norwich City,Kevin Friend,7.0,2.0,0.8,1.8,1.0253164556962024,7.0,0.0,0.4,2.6,0.6363636363636364,2.888888888888889,2.0,0.0,0.0,0.0,0,7.0,1.0
2021-10-02 Chelsea-Southampton,2122,2021-10-02,Chelsea,Southampton,Martin Atkinson,7.0,10.0,1.8,0.4,1.6708860759493671,6.0,4.0,0.6,0.8,1.1645569620253164,3.1083333333333334,3.0,3.0,1.0,4.0,1,5.0,2.0
2021-10-02 Leeds United-Watford,2122,2021-10-02,Leeds United,Watford,Simon Hooper,7.0,3.0,1.0,1.8,1.5454545454545454,7.0,4.0,0.8,1.4,1.1583333333333334,2.75,2.85,1.0,0.0,1.0,0,3.0,2.0
2021-10-02 Wolves-Newcastle United,2122,2021-10-02,Wolves,Newcastle United,Graham Scott,6.0,6.0,0.6,0.8,1.1416666666666666,7.0,3.0,1.0,2.0,1.0886075949367089,2.7464788732394365,2.1666666666666665,2.0,1.0,3.0,1,4.0,2.0
2021-10-02 Brighton-Arsenal,2122,2021-10-02,Brighton,Arsenal,Jonathan Moss,5.0,10.0,1.2,0.8,0.9873417721518988,6.0,9.0,1.0,1.6,1.6645569620253164,3.4909090909090907,2.25,0.0,0.0,0.0,0,3.0,1.0
2021-10-03 Liverpool-Manchester City,2122,2021-10-03,Liverpool,Manchester City,Paul Tierney,8.0,11.0,2.4,0.8,2.1582278481012658,8.0,13.0,2.4,0.0,2.518987341772152,3.3076923076923075,3.75,2.0,2.0,4.0,1,12.0,1.0
2021-10-03 West Ham United-Brentford,2122,2021-10-03,West Ham United,Brentford,Peter Bankes,8.0,8.0,1.8,1.2,1.4177215189873418,8.0,6.0,1.2,1.0,1.3333333333333333,3.896551724137931,2.85,1.0,2.0,3.0,1,5.0,0.0
2021-10-03 Crystal Palace-Leicester City,2122,2021-10-03,Crystal Palace,Leicester City,Anthony Taylor,6.0,6.0,1.2,1.2,1.1012658227848102,8.0,4.0,1.2,2.0,1.5759493670886076,3.370967741935484,3.0,2.0,2.0,4.0,1,5.0,1.0
2021-10-03 Tottenham Hotspur-Aston Villa,2122,2021-10-03,Tottenham Hotspur,Aston Villa,Chris Kavanagh,7.0,6.0,0.6,1.8,1.7341772151898733,8.0,10.0,1.4,0.8,1.2804878048780488,3.340909090909091,3.5,2.0,1.0,3.0,1,3.0,2.0
2021-10-16 Watford-Liverpool,2122,2021-10-16,Watford,Liverpool,Jonathan Moss,14.0,4.0,0.8,1.2,1.1487603305785123,13.0,9.0,2.4,1.2,2.157232704402516,3.4864864864864864,4.0,0.0,5.0,5.0,0,0.0,0.0
2021-10-16 Aston Villa-Wolves,2122,2021-10-16,Aston Villa,Wolves,Michael Oliver,13.0,7.0,1.2,1.2,1.2771084337349397,14.0,9.0,1.0,0.8,1.1487603305785123,3.3015873015873014,1.25,2.0,3.0,5.0,1,4.0,0.0
2021-10-16 Leicester City-Manchester Utd,2122,2021-10-16,Leicester City,Manchester Utd,Craig Pawson,13.0,5.0,1.4,1.6,1.578616352201258,14.0,10.0,1.6,0.8,1.79874213836478,3.742574257425743,2.5,4.0,2.0,6.0,1,3.0,2.0
2021-10-16 Manchester City-Burnley,2122,2021-10-16,Manchester City,Burnley,Martin Atkinson,13.0,11.0,1.8,0.4,2.5157232704402515,14.0,3.0,0.8,1.4,1.0188679245283019,3.12396694214876,3.5,2.0,0.0,2.0,0,1.0,2.0
2021-10-16 Norwich City-Brighton,2122,2021-10-16,Norwich City,Brighton,Peter Bankes,14.0,1.0,0.4,1.6,0.6222222222222222,14.0,8.0,0.8,0.8,0.9811320754716981,3.933333333333333,1.5,0.0,0.0,0.0,0,8.0,1.0
2021-10-16 Southampton-Leeds United,2122,2021-10-16,Southampton,Leeds United,David Coote,14.0,3.0,0.6,1.2,1.1635220125786163,14.0,5.0,0.8,1.4,1.5333333333333334,3.358490566037736,2.5,1.0,0.0,1.0,0,5.0,2.0
2021-10-16 Brentford-Chelsea,2122,2021-10-16,Brentford,Chelsea,Anthony Taylor,13.0,8.0,1.6,1.2,1.4285714285714286,14.0,10.0,2.0,0.6,1.679245283018868,3.384,2.85,0.0,1.0,1.0,0,2.0,0.0
2021-10-17 Newcastle United-Tottenham Hotspur,2122,2021-10-17,Newcastle United,Tottenham Hotspur,Andre Marriner,15.0,3.0,1.2,2.0,1.0880503144654088,14.0,6.0,0.8,2.0,1.7358490566037736,2.69811320754717,2.25,2.0,3.0,5.0,1,6.0,0.0
2021-10-17 Everton-West Ham United,2122,2021-10-17,Everton,West Ham United,Stuart Attwell,15.0,10.0,1.6,1.0,1.270440251572327,14.0,5.0,1.2,1.4,1.4150943396226414,3.869047619047619,2.5,0.0,1.0,1.0,0,4.0,0.0
2021-10-18 Arsenal-Crystal Palace,2122,2021-10-18,Arsenal,Crystal Palace,Mike Dean,16.0,10.0,1.0,1.2,1.6540880503144655,15.0,6.0,1.6,1.6,1.1069182389937107,4.225225225225225,3.625,2.0,2.0,4.0,1,4.0,1.0
2021-10-22 Arsenal-Aston Villa,2122,2021-10-22,Arsenal,Aston Villa,Craig Pawson,4.0,11.0,1.4,0.6,1.65625,6.0,6.0,1.4,1.6,1.2857142857142858,3.735294117647059,2.5,3.0,1.0,4.0,1,7.0,2.0
2021-10-23 Southampton-Burnley,2122,2021-10-23,Southampton,Burnley,Chris Kavanagh,7.0,5.0,0.4,0.8,1.1625,7.0,2.0,0.6,1.6,1.0125,3.337078651685393,2.125,2.0,2.0,4.0,1,4.0,1.0
2021-10-23 Leeds United-Wolves,2122,2021-10-23,Leeds United,Wolves,Robert Jones,7.0,4.0,0.6,1.4,1.5,7.0,12.0,1.6,1.0,1.1639344262295082,2.6666666666666665,1.0,1.0,1.0,2.0,1,5.0,1.0
2021-10-23 Brighton-Manchester City,2122,2021-10-23,Brighton,Manchester City,Kevin Friend,7.0,9.0,0.8,0.4,0.975,7.0,11.0,1.2,0.4,2.5125,2.93,3.5,1.0,4.0,5.0,1,5.0,0.0
2021-10-23 Crystal Palace-Newcastle United,2122,2021-10-23,Crystal Palace,Newcastle United,Darren England,5.0,6.0,1.6,1.6,1.1125,6.0,2.0,1.2,2.2,1.09375,3.642857142857143,1.375,1.0,1.0,2.0,1,7.0,1.0
2021-10-23 Chelsea-Norwich City,2122,2021-10-23,Chelsea,Norwich City,Andy Madley,7.0,12.0,2.0,0.4,1.675,7.0,2.0,0.2,1.2,0.6086956521739131,2.8484848484848486,3.0,7.0,0.0,7.0,0,3.0,2.0
2021-10-23 Everton-Watford,2122,2021-10-23,Everton,Watford,Graham Scott,6.0,7.0,1.2,1.2,1.2625,7.0,4.0,0.8,2.0,1.139344262295082,2.763888888888889,2.8333333333333335,2.0,5.0,7.0,1,7.0,0.0
2021-10-24 West Ham United-Tottenham Hotspur,2122,2021-10-24,West Ham United,Tottenham Hotspur,Paul Tierney,7.0,7.0,1.0,1.0,1.4125,7.0,6.0,1.2,2.4,1.74375,3.402173913043478,3.125,1.0,0.0,1.0,0,3.0,2.0
2021-10-24 Manchester Utd-Liverpool,2122,2021-10-24,Manchester Utd,Liverpool,Anthony Taylor,8.0,7.0,1.8,1.6,1.8,8.0,11.0,3.2,1.0,2.175,3.373015873015873,2.125,0.0,5.0,5.0,0,7.0,0.0
2021-10-24 Brentford-Leicester City,2122,2021-10-24,Brentford,Leicester City,Simon Hooper,8.0,7.0,1.4,1.2,1.25,8.0,5.0,1.8,1.8,1.59375,2.757575757575758,2.85,1.0,2.0,3.0,1,2.0,0.0
2021-10-30 Leicester City-Arsenal,2122,2021-10-30,Leicester City,Arsenal,Michael Oliver,6.0,8.0,2.2,1.8,1.5962732919254659,8.0,11.0,1.8,0.8,1.6645962732919255,3.3070866141732282,3.375,0.0,2.0,2.0,0,2.0,0.0
2021-10-30 Burnley-Brentford,2122,2021-10-30,Burnley,Brentford,Jonathan Moss,7.0,3.0,0.8,1.4,1.0186335403726707,6.0,7.0,1.6,1.4,1.2222222222222223,3.455357142857143,2.85,3.0,1.0,4.0,1,2.0,2.0
2021-10-30 Liverpool-Brighton,2122,2021-10-30,Liverpool,Brighton,Mike Dean,6.0,11.0,3.6,1.0,2.1925465838509317,7.0,6.0,0.8,1.2,0.9751552795031055,4.223214285714286,2.75,2.0,2.0,4.0,1,4.0,1.0
2021-10-30 Manchester City-Crystal Palace,2122,2021-10-30,Manchester City,Crystal Palace,Andre Marriner,7.0,11.0,1.8,0.6,2.5217391304347827,7.0,4.0,1.2,1.8,1.1118012422360248,2.7289719626168223,3.25,0.0,2.0,2.0,0,6.0,0.0
2021-10-30 Newcastle United-Chelsea,2122,2021-10-30,Newcastle United,Chelsea,Paul Tierney,7.0,3.0,1.2,1.6,1.093167701863354,7.0,12.0,2.8,0.4,1.7080745341614907,3.3978494623655915,2.375,0.0,3.0,3.0,0,5.0,0.0
2021-10-30 Watford-Southampton,2122,2021-10-30,Watford,Southampton,Peter Bankes,7.0,7.0,1.8,2.0,1.170731707317073,7.0,5.0,0.8,1.2,1.1677018633540373,4.064516129032258,2.8333333333333335,0.0,1.0,1.0,0,4.0,0.0
2021-10-30 Tottenham Hotspur-Manchester Utd,2122,2021-10-30,Tottenham Hotspur,Manchester Utd,Stuart Attwell,6.0,6.0,1.2,2.0,1.7329192546583851,6.0,4.0,1.0,2.4,1.7888198757763976,3.8705882352941177,2.875,0.0,3.0,3.0,0,5.0,0.0
2021-10-31 Norwich City-Leeds United,2122,2021-10-31,Norwich City,Leeds United,Anthony Taylor,8.0,2.0,0.2,2.4,0.5957446808510638,8.0,5.0,0.8,1.0,1.4893617021276595,3.4015748031496065,2.85,1.0,2.0,3.0,1,5.0,0.0
2021-10-31 Aston Villa-West Ham United,2122,2021-10-31,Aston Villa,West Ham United,Chris Kavanagh,9.0,6.0,1.6,1.6,1.2823529411764707,7.0,9.0,1.2,1.0,1.4099378881987579,3.3444444444444446,2.25,1.0,4.0,5.0,1,4.0,0.0
2021-11-01 Wolves-Everton,2122,2021-11-01,Wolves,Everton,Martin Atkinson,9.0,10.0,1.4,1.2,1.1626016260162602,9.0,4.0,1.0,2.0,1.2670807453416149,3.1065573770491803,3.3333333333333335,2.0,1.0,3.0,1,2.0,2.0
2021-11-05 Southampton-Aston Villa,2122,2021-11-05,Southampton,Aston Villa,Andy Madley,6.0,7.0,1.0,1.2,1.1666666666666667,5.0,3.0,1.2,2.4,1.2790697674418605,2.8529411764705883,3.5,1.0,0.0,1.0,0,4.0,2.0
2021-11-06 Crystal Palace-Wolves,2122,2021-11-06,Crystal Palace,Wolves,Graham Scott,7.0,7.0,1.6,1.2,1.117283950617284,5.0,13.0,1.8,1.0,1.1693548387096775,2.8219178082191783,1.6666666666666667,2.0,0.0,2.0,0,3.0,2.0
2021-11-06 Chelsea-Burnley,2122,2021-11-06,Chelsea,Burnley,Andre Marriner,7.0,12.0,2.8,0.4,1.7160493827160495,7.0,6.0,1.4,1.4,1.0308641975308641,2.759259259259259,3.75,1.0,1.0,2.0,1,10.0,1.0
2021-11-06 Manchester Utd-Manchester City,2122,2021-11-06,Manchester Utd,Manchester City,Michael Oliver,7.0,4.0,1.2,2.2,1.7962962962962963,7.0,10.0,1.8,1.0,2.506172839506173,3.296875,2.625,0.0,2.0,2.0,0,3.0,0.0
2021-11-06 Brighton-Newcastle United,2122,2021-11-06,Brighton,Newcastle United,David Coote,7.0,4.0,0.8,1.4,0.9814814814814815,7.0,2.0,1.0,2.0,1.0864197530864197,3.388888888888889,1.25,1.0,1.0,2.0,1,16.0,1.0
2021-11-06 Brentford-Norwich City,2122,2021-11-06,Brentford,Norwich City,Jarred Gillett,7.0,4.0,1.4,2.0,1.2,6.0,2.0,0.2,2.2,0.6041666666666666,7.0,2.85,1.0,2.0,3.0,1,10.0,0.0
2021-11-07 Leeds United-Leicester City,2122,2021-11-07,Leeds United,Leicester City,Darren England,7.0,7.0,1.0,1.0,1.5,8.0,8.0,2.0,1.8,1.5864197530864197,3.8666666666666667,4.5,1.0,1.0,2.0,1,2.0,1.0
2021-11-07 West Ham United-Liverpool,2122,2021-11-07,West Ham United,Liverpool,Craig Pawson,7.0,12.0,1.8,0.8,1.4259259259259258,8.0,9.0,3.4,1.4,2.191358024691358,3.766990291262136,3.75,3.0,2.0,5.0,1,2.0,2.0
2021-11-07 Arsenal-Watford,2122,2021-11-07,Arsenal,Watford,Kevin Friend,8.0,11.0,2.0,0.8,1.6666666666666667,8.0,4.0,1.2,2.0,1.1612903225806452,2.9504950495049505,3.0,1.0,0.0,1.0,0,7.0,2.0
2021-11-07 Everton-Tottenham Hotspur,2122,2021-11-07,Everton,Tottenham Hotspur,Chris Kavanagh,6.0,4.0,1.2,1.8,1.2654320987654322,8.0,6.0,1.2,2.0,1.7222222222222223,3.3516483516483517,3.375,0.0,0.0,0.0,0,14.0,1.0
2021-11-20 Liverpool-Arsenal,2122,2021-11-20,Liverpool,Arsenal,Michael Oliver,13.0,8.0,3.2,1.4,2.1901840490797544,13.0,11.0,1.6,0.6,1.6625766871165644,3.294573643410853,4.0,4.0,0.0,4.0,0,2.0,2.0
2021-11-20 Watford-Manchester Utd,2122,2021-11-20,Watford,Manchester Utd,Jonathan Moss,13.0,3.0,1.0,2.0,1.152,14.0,4.0,1.2,2.4,1.7852760736196318,3.4424778761061945,3.0,4.0,1.0,5.0,1,8.0,2.0
2021-11-20 Wolves-West Ham United,2122,2021-11-20,Wolves,West Ham United,Mike Dean,14.0,10.0,1.6,1.4,1.16,13.0,12.0,2.0,1.0,1.4355828220858895,4.221238938053097,2.8333333333333335,1.0,0.0,1.0,0,4.0,2.0
2021-11-20 Norwich City-Southampton,2122,2021-11-20,Norwich City,Southampton,Martin Atkinson,14.0,5.0,0.6,2.0,0.6326530612244898,15.0,10.0,1.2,1.0,1.165644171779141,3.097560975609756,3.0,2.0,1.0,3.0,1,5.0,2.0
2021-11-20 Leicester City-Chelsea,2122,2021-11-20,Leicester City,Chelsea,Paul Tierney,13.0,8.0,1.8,1.6,1.5828220858895705,14.0,13.0,3.0,0.4,1.7116564417177915,3.4148936170212765,1.875,0.0,3.0,3.0,0,8.0,0.0
2021-11-20 Burnley-Crystal Palace,2122,2021-11-20,Burnley,Crystal Palace,Simon Hooper,14.0,6.0,1.2,1.2,1.030674846625767,14.0,9.0,1.8,1.0,1.1226993865030674,2.735294117647059,1.875,3.0,3.0,6.0,1,5.0,1.0
2021-11-20 Aston Villa-Brighton,2122,2021-11-20,Aston Villa,Brighton,Anthony Taylor,15.0,0.0,1.0,2.6,1.264367816091954,14.0,4.0,0.8,1.4,0.9815950920245399,3.4140625,2.0,2.0,0.0,2.0,0,6.0,2.0
2021-11-20 Newcastle United-Brentford,2122,2021-11-20,Newcastle United,Brentford,Robert Jones,14.0,2.0,1.0,2.0,1.0858895705521472,14.0,3.0,1.0,1.8,1.1818181818181819,2.8461538461538463,2.85,3.0,3.0,6.0,1,4.0,1.0
2021-11-21 Manchester City-Everton,2122,2021-11-21,Manchester City,Everton,Stuart Attwell,15.0,10.0,2.0,1.0,2.503067484662577,14.0,2.0,0.8,1.8,1.2576687116564418,3.883720930232558,3.5,3.0,0.0,3.0,0,2.0,2.0
2021-11-21 Tottenham Hotspur-Leeds United,2122,2021-11-21,Tottenham Hotspur,Leeds United,Andre Marriner,14.0,7.0,1.0,1.4,1.7116564417177915,14.0,8.0,1.0,0.8,1.489795918367347,2.8256880733944953,3.5,2.0,1.0,3.0,1,5.0,2.0
2021-11-27 Arsenal-Newcastle United,2122,2021-11-27,Arsenal,Newcastle United,Stuart Attwell,7.0,10.0,1.6,1.4,1.6524390243902438,7.0,3.0,1.4,2.2,1.0975609756097562,3.8620689655172415,2.375,2.0,0.0,2.0,0,8.0,2.0
2021-11-27 Crystal Palace-Aston Villa,2122,2021-11-27,Crystal Palace,Aston Villa,Michael Salisbury,7.0,9.0,2.0,1.2,1.1341463414634145,7.0,3.0,1.2,2.2,1.2727272727272727,5.229605263157895,2.75,1.0,2.0,3.0,1,6.0,0.0
2021-11-27 Liverpool-Southampton,2122,2021-11-27,Liverpool,Southampton,Andre Marriner,7.0,10.0,3.6,1.0,2.201219512195122,7.0,10.0,1.2,0.8,1.1646341463414633,2.8454545454545452,2.75,4.0,0.0,4.0,0,1.0,2.0
2021-11-27 Norwich City-Wolves,2122,2021-11-27,Norwich City,Wolves,Simon Hooper,7.0,7.0,1.0,2.2,0.66,7.0,10.0,1.4,1.2,1.1587301587301588,2.8,3.0,0.0,0.0,0.0,0,4.0,1.0
2021-11-27 Brighton-Leeds United,2122,2021-11-27,Brighton,Leeds United,Craig Pawson,7.0,3.0,0.8,1.8,0.975609756097561,6.0,5.0,1.0,1.2,1.48,3.75,1.5,0.0,0.0,0.0,0,4.0,1.0
2021-11-28 Brentford-Everton,2122,2021-11-28,Brentford,Everton,Darren England,8.0,1.0,1.2,2.2,1.3333333333333333,7.0,1.0,0.6,2.2,1.25,3.75,2.85,1.0,0.0,1.0,0,14.0,2.0
2021-11-28 Leicester City-Watford,2122,2021-11-28,Leicester City,Watford,Andy Madley,8.0,7.0,1.4,1.8,1.5731707317073171,8.0,6.0,1.8,2.0,1.1746031746031746,2.8857142857142857,2.3333333333333335,4.0,2.0,6.0,1,0.0,2.0
2021-11-28 Manchester City-West Ham United,2122,2021-11-28,Manchester City,West Ham United,Michael Oliver,7.0,12.0,2.2,0.6,2.5060975609756095,8.0,12.0,1.8,0.8,1.4268292682926829,3.2846153846153845,3.125,2.0,1.0,3.0,1,2.0,2.0
2021-11-28 Chelsea-Manchester Utd,2122,2021-11-28,Chelsea,Manchester Utd,Anthony Taylor,8.0,13.0,3.0,0.2,1.7195121951219512,8.0,3.0,1.2,3.0,1.7804878048780488,3.434108527131783,2.0,1.0,1.0,2.0,1,14.0,1.0
2021-11-30 Newcastle United-Norwich City,2122,2021-11-30,Newcastle United,Norwich City,Andy Madley,3.0,3.0,1.0,2.0,1.0909090909090908,3.0,7.0,1.0,2.2,0.6470588235294118,2.8055555555555554,2.0,1.0,1.0,2.0,1,1.0,1.0
2021-11-30 Leeds United-Crystal Palace,2122,2021-11-30,Leeds United,Crystal Palace,Kevin Friend,3.0,6.0,1.0,1.0,1.4509803921568627,3.0,8.0,1.8,1.2,1.1333333333333333,2.9901960784313726,3.5,1.0,0.0,1.0,0,8.0,2.0
2021-12-01 Everton-Liverpool,2122,2021-12-01,Everton,Liverpool,Paul Tierney,3.0,1.0,0.6,2.2,1.2424242424242424,4.0,10.0,3.4,1.0,2.212121212121212,3.463157894736842,2.0,1.0,4.0,5.0,1,7.0,0.0
2021-12-01 Wolves-Burnley,2122,2021-12-01,Wolves,Burnley,John Brooks,4.0,8.0,0.8,0.8,1.1496062992125984,11.0,6.0,1.8,1.8,1.0426829268292683,5.229605263157895,2.3333333333333335,0.0,0.0,0.0,0,5.0,1.0
2021-12-01 Aston Villa-Manchester City,2122,2021-12-01,Aston Villa,Manchester City,Mike Dean,4.0,6.0,1.2,1.8,1.2808988764044944,3.0,12.0,2.2,0.8,2.503030303030303,4.219298245614035,3.75,1.0,2.0,3.0,1,0.0,0.0
2021-12-01 Watford-Chelsea,2122,2021-12-01,Watford,Chelsea,David Coote,3.0,6.0,2.2,1.8,1.1811023622047243,3.0,11.0,3.0,0.4,1.715151515151515,3.618181818181818,3.8333333333333335,1.0,2.0,3.0,1,7.0,0.0
2021-12-01 West Ham United-Brighton,2122,2021-12-01,West Ham United,Brighton,Chris Kavanagh,3.0,9.0,1.8,1.2,1.4242424242424243,4.0,3.0,0.8,1.8,0.9696969696969697,3.467391304347826,3.25,1.0,1.0,2.0,1,4.0,1.0
2021-12-01 Southampton-Leicester City,2122,2021-12-01,Southampton,Leicester City,Robert Jones,4.0,7.0,1.0,1.6,1.1575757575757575,3.0,7.0,1.4,1.8,1.587878787878788,2.9285714285714284,3.375,2.0,2.0,4.0,1,8.0,1.0
2021-12-02 Tottenham Hotspur-Brentford,2122,2021-12-02,Tottenham Hotspur,Brentford,Jonathan Moss,11.0,7.0,1.0,1.4,1.7134146341463414,4.0,4.0,1.4,2.0,1.3076923076923077,3.482456140350877,2.85,2.0,0.0,2.0,0,0.0,2.0
2021-12-02 Manchester Utd-Arsenal,2122,2021-12-02,Manchester Utd,Arsenal,Martin Atkinson,4.0,4.0,1.0,2.4,1.7757575757575759,5.0,12.0,1.6,1.0,1.6545454545454545,3.1129032258064515,2.25,3.0,2.0,5.0,1,1.0,2.0
2021-12-04 West Ham United-Chelsea,2122,2021-12-04,West Ham United,Chelsea,Andre Marriner,3.0,7.0,1.8,1.4,1.4216867469879517,3.0,11.0,2.0,0.6,1.716867469879518,2.828828828828829,1.875,3.0,2.0,5.0,1,4.0,2.0
2021-12-04 Newcastle United-Burnley,2122,2021-12-04,Newcastle United,Burnley,Paul Tierney,4.0,3.0,1.0,2.0,1.0903614457831325,3.0,7.0,1.8,1.4,1.0363636363636364,3.5,2.0,1.0,0.0,1.0,0,4.0,2.0
2021-12-04 Southampton-Brighton,2122,2021-12-04,Southampton,Brighton,Anthony Taylor,3.0,7.0,1.0,1.6,1.1626506024096386,3.0,4.0,0.8,1.2,0.9698795180722891,3.5153846153846153,2.375,1.0,1.0,2.0,1,12.0,1.0
2021-12-04 Wolves-Liverpool,2122,2021-12-04,Wolves,Liverpool,Chris Kavanagh,3.0,8.0,0.6,0.6,1.140625,3.0,10.0,3.2,1.2,2.2228915662650603,3.4731182795698925,2.1666666666666665,0.0,1.0,1.0,0,8.0,0.0
2021-12-04 Watford-Manchester City,2122,2021-12-04,Watford,Manchester City,Simon Hooper,3.0,3.0,1.4,1.8,1.1796875,3.0,12.0,1.8,0.8,2.5,2.8333333333333335,4.833333333333333,1.0,3.0,4.0,1,3.0,0.0
2021-12-05 Aston Villa-Leicester City,2122,2021-12-05,Aston Villa,Leicester City,Michael Oliver,4.0,6.0,1.2,1.6,1.2777777777777777,4.0,5.0,1.4,2.0,1.5903614457831325,3.2748091603053435,3.25,2.0,1.0,3.0,1,2.0,2.0
2021-12-05 Tottenham Hotspur-Norwich City,2122,2021-12-05,Tottenham Hotspur,Norwich City,Jarred Gillett,3.0,7.0,0.8,1.0,1.715151515151515,5.0,8.0,1.2,1.0,0.6538461538461539,8.5,3.5,3.0,0.0,3.0,0,3.0,2.0
2021-12-05 Leeds United-Brentford,2122,2021-12-05,Leeds United,Brentford,David Coote,5.0,8.0,1.0,0.8,1.4423076923076923,3.0,4.0,1.2,2.0,1.2142857142857142,3.6785714285714284,2.85,2.0,2.0,4.0,1,16.0,1.0
2021-12-05 Manchester Utd-Crystal Palace,2122,2021-12-05,Manchester Utd,Crystal Palace,Craig Pawson,3.0,7.0,1.6,1.8,1.783132530120482,5.0,7.0,1.6,1.2,1.1265060240963856,3.7523809523809524,2.75,1.0,0.0,1.0,0,4.0,2.0
2021-12-06 Everton-Arsenal,2122,2021-12-06,Everton,Arsenal,Mike Dean,5.0,1.0,0.4,2.0,1.2409638554216869,4.0,9.0,1.4,1.4,1.6566265060240963,4.182608695652174,3.125,2.0,1.0,3.0,1,4.0,2.0
2021-12-10 Brentford-Watford,2122,2021-12-10,Brentford,Watford,Michael Oliver,5.0,5.0,1.4,1.8,1.2666666666666666,6.0,3.0,1.6,2.2,1.178294573643411,3.265151515151515,2.85,2.0,1.0,3.0,1,4.0,2.0
2021-12-11 Norwich City-Manchester Utd,2122,2021-12-11,Norwich City,Manchester Utd,Darren England,6.0,8.0,1.0,1.2,0.6415094339622641,6.0,7.0,1.2,1.8,1.778443113772455,4.352941176470588,4.0,0.0,1.0,1.0,0,4.0,0.0
2021-12-11 Manchester City-Wolves,2122,2021-12-11,Manchester City,Wolves,Jonathan Moss,7.0,15.0,2.4,0.6,2.502994011976048,7.0,5.0,0.2,0.6,1.1317829457364341,3.4521739130434783,3.5,1.0,0.0,1.0,0,6.0,2.0
2021-12-11 Arsenal-Southampton,2122,2021-12-11,Arsenal,Southampton,Jarred Gillett,5.0,6.0,1.2,1.8,1.652694610778443,7.0,5.0,1.0,1.8,1.1616766467065869,6.666666666666667,3.25,3.0,0.0,3.0,0,2.0,2.0
2021-12-11 Chelsea-Leeds United,2122,2021-12-11,Chelsea,Leeds United,Chris Kavanagh,7.0,8.0,1.8,1.2,1.718562874251497,6.0,6.0,1.0,1.0,1.4528301886792452,3.521276595744681,2.0,3.0,2.0,5.0,1,7.0,2.0
2021-12-11 Liverpool-Aston Villa,2122,2021-12-11,Liverpool,Aston Villa,Stuart Attwell,7.0,12.0,3.0,0.8,2.215568862275449,6.0,9.0,1.4,1.0,1.2857142857142858,3.909090909090909,4.25,1.0,0.0,1.0,0,3.0,2.0
2021-12-12 Leicester City-Newcastle United,2122,2021-12-12,Leicester City,Newcastle United,Peter Bankes,7.0,5.0,1.6,2.0,1.5868263473053892,8.0,6.0,1.2,1.4,1.089820359281437,4.0625,3.5,4.0,0.0,4.0,0,5.0,2.0
2021-12-12 Crystal Palace-Everton,2122,2021-12-12,Crystal Palace,Everton,Andy Madley,7.0,4.0,1.2,1.4,1.1197604790419162,6.0,4.0,0.6,1.8,1.2455089820359282,2.7567567567567566,2.375,3.0,1.0,4.0,1,4.0,2.0
2021-12-12 Burnley-West Ham United,2122,2021-12-12,Burnley,West Ham United,Graham Scott,8.0,6.0,1.4,1.2,1.0301204819277108,8.0,7.0,1.6,1.6,1.4311377245508983,2.824324324324324,2.625,0.0,0.0,0.0,0,3.0,1.0
2021-12-14 Norwich City-Aston Villa,2122,2021-12-14,Norwich City,Aston Villa,David Coote,3.0,5.0,0.6,1.2,0.6296296296296297,3.0,9.0,1.4,1.0,1.2717391304347827,3.8947368421052633,3.5,0.0,2.0,2.0,0,4.0,0.0
2021-12-14 Manchester City-Leeds United,2122,2021-12-14,Manchester City,Leeds United,Paul Tierney,3.0,15.0,2.2,0.6,2.494047619047619,3.0,5.0,1.2,1.4,1.462962962962963,3.5051546391752577,2.5,7.0,0.0,7.0,0,2.0,2.0
2021-12-15 Brighton-Wolves,2122,2021-12-15,Brighton,Wolves,Tony Harrington,11.0,4.0,0.6,1.0,0.9700598802395209,4.0,5.0,0.2,0.4,1.123076923076923,5.229605263157895,2.3333333333333335,0.0,1.0,1.0,0,2.0,0.0
2021-12-15 Crystal Palace-Southampton,2122,2021-12-15,Crystal Palace,Southampton,Simon Hooper,3.0,4.0,1.4,1.6,1.130952380952381,4.0,2.0,0.8,2.4,1.1547619047619047,2.8378378378378377,2.125,2.0,2.0,4.0,1,6.0,1.0
2021-12-15 Arsenal-West Ham United,2122,2021-12-15,Arsenal,West Ham United,Anthony Taylor,4.0,6.0,1.6,1.8,1.6607142857142858,3.0,5.0,1.0,1.2,1.4226190476190477,3.5801526717557253,3.0,2.0,0.0,2.0,0,3.0,2.0
2021-12-16 Chelsea-Everton,2122,2021-12-16,Chelsea,Everton,Michael Oliver,5.0,10.0,2.2,1.4,1.7261904761904763,4.0,3.0,0.8,2.4,1.244047619047619,3.2706766917293235,1.875,1.0,1.0,2.0,1,5.0,1.0
2021-12-16 Liverpool-Newcastle United,2122,2021-12-16,Liverpool,Newcastle United,Mike Dean,5.0,15.0,2.8,0.2,2.2083333333333335,4.0,5.0,1.0,2.0,1.0833333333333333,4.181034482758621,2.875,3.0,1.0,4.0,1,4.0,2.0
2021-12-18 Leeds United-Arsenal,2122,2021-12-18,Leeds United,Arsenal,Andre Marriner,4.0,5.0,1.0,2.4,1.4363636363636363,3.0,9.0,2.0,1.0,1.6627218934911243,2.8392857142857144,3.0,1.0,4.0,5.0,1,4.0,0.0
2021-12-19 Tottenham Hotspur-Liverpool,2122,2021-12-19,Tottenham Hotspur,Liverpool,Paul Tierney,14.0,10.0,1.4,0.8,1.7228915662650603,3.0,15.0,2.6,0.4,2.21301775147929,3.489795918367347,3.25,2.0,2.0,4.0,1,9.0,1.0
2021-12-19 Wolves-Chelsea,2122,2021-12-19,Wolves,Chelsea,David Coote,4.0,5.0,0.2,0.4,1.1221374045801527,3.0,8.0,1.8,1.6,1.7218934911242603,3.896551724137931,2.8333333333333335,0.0,0.0,0.0,0,2.0,1.0
2021-12-19 Newcastle United-Manchester City,2122,2021-12-19,Newcastle United,Manchester City,Martin Atkinson,3.0,4.0,0.6,2.0,1.0828402366863905,5.0,15.0,3.0,0.6,2.5207100591715976,3.096,3.625,0.0,4.0,4.0,0,3.0,0.0
2021-12-26 Brighton-Brentford,2122,2021-12-26,Brighton,Brentford,Darren England,11.0,3.0,0.4,1.0,0.9642857142857143,16.0,8.0,1.6,1.6,1.3125,4.333333333333333,1.0,2.0,0.0,2.0,0,8.0,2.0
2021-12-26 Aston Villa-Chelsea,2122,2021-12-26,Aston Villa,Chelsea,Martin Atkinson,12.0,9.0,1.4,1.0,1.2795698924731183,7.0,8.0,1.6,1.4,1.7117647058823529,3.0952380952380953,2.8,1.0,3.0,4.0,1,4.0,0.0
2021-12-26 West Ham United-Southampton,2122,2021-12-26,West Ham United,Southampton,Kevin Friend,11.0,5.0,1.0,1.4,1.4142011834319526,11.0,3.0,1.0,2.4,1.1597633136094674,3.0388349514563107,2.4444444444444446,2.0,3.0,5.0,1,12.0,0.0
2021-12-26 Manchester City-Leicester City,2122,2021-12-26,Manchester City,Leicester City,Chris Kavanagh,7.0,15.0,3.4,0.4,2.5294117647058822,14.0,7.0,2.2,1.8,1.6011904761904763,3.557894736842105,3.0,6.0,3.0,9.0,1,3.0,2.0
2021-12-26 Norwich City-Arsenal,2122,2021-12-26,Norwich City,Arsenal,Graham Scott,12.0,2.0,0.2,1.4,0.6181818181818182,8.0,9.0,2.4,1.2,1.6764705882352942,2.8266666666666667,3.0,0.0,5.0,5.0,0,3.0,0.0
2021-12-26 Tottenham Hotspur-Crystal Palace,2122,2021-12-26,Tottenham Hotspur,Crystal Palace,Jonathan Moss,7.0,11.0,1.8,0.6,1.7245508982035929,11.0,4.0,1.2,1.4,1.136094674556213,3.4741379310344827,2.3333333333333335,3.0,0.0,3.0,0,3.0,2.0
2021-12-27 Newcastle United-Manchester Utd,2122,2021-12-27,Newcastle United,Manchester Utd,Craig Pawson,8.0,4.0,0.6,2.4,1.076470588235294,16.0,10.0,1.4,1.4,1.7738095238095237,3.7547169811320753,3.6666666666666665,1.0,1.0,2.0,1,6.0,1.0
2021-12-28 Watford-West Ham United,2122,2021-12-28,Watford,West Ham United,Darren England,18.0,3.0,1.8,2.4,1.176923076923077,2.0,5.0,1.2,1.6,1.4176470588235295,4.526315789473684,3.1666666666666665,1.0,4.0,5.0,1,1.0,0.0
2021-12-28 Crystal Palace-Norwich City,2122,2021-12-28,Crystal Palace,Norwich City,Paul Tierney,2.0,4.0,1.0,1.6,1.1294117647058823,2.0,1.0,0.2,2.4,0.6071428571428571,3.5454545454545454,2.0,3.0,0.0,3.0,0,3.0,2.0
2021-12-28 Southampton-Tottenham Hotspur,2122,2021-12-28,Southampton,Tottenham Hotspur,Anthony Taylor,2.0,6.0,1.6,2.0,1.1705882352941177,2.0,13.0,2.4,0.6,1.7321428571428572,3.5757575757575757,3.75,1.0,1.0,2.0,1,10.0,1.0
2021-12-28 Leicester City-Liverpool,2122,2021-12-28,Leicester City,Liverpool,Michael Oliver,2.0,7.0,2.8,2.4,1.6094674556213018,9.0,13.0,2.2,0.8,2.211764705882353,3.283582089552239,3.375,1.0,0.0,1.0,0,1.0,2.0
2021-12-29 Chelsea-Brighton,2122,2021-12-29,Chelsea,Brighton,Mike Dean,3.0,8.0,1.8,1.4,1.719298245614035,3.0,6.0,0.8,0.6,0.9704142011834319,4.17948717948718,2.5,1.0,1.0,2.0,1,5.0,1.0
2021-12-29 Brentford-Manchester City,2122,2021-12-29,Brentford,Manchester City,David Coote,3.0,7.0,1.0,1.4,1.2352941176470589,3.0,15.0,4.2,0.8,2.5497076023391814,3.864406779661017,2.85,0.0,1.0,1.0,0,0.0,0.0
2021-12-30 Manchester Utd-Burnley,2122,2021-12-30,Manchester Utd,Burnley,Jonathan Moss,3.0,11.0,1.4,0.8,1.7692307692307692,18.0,4.0,0.8,1.0,1.0239520958083832,3.47008547008547,2.5,3.0,1.0,4.0,1,0.0,2.0
2022-01-01 Crystal Palace-West Ham United,2122,2022-01-01,Crystal Palace,West Ham United,Darren England,4.0,7.0,1.6,1.4,1.1403508771929824,4.0,7.0,1.8,1.6,1.432748538011696,4.35,3.3333333333333335,2.0,3.0,5.0,1,2.0,0.0
2022-01-01 Watford-Tottenham Hotspur,2122,2022-01-01,Watford,Tottenham Hotspur,Robert Jones,4.0,0.0,1.2,3.0,1.1755725190839694,4.0,11.0,2.2,0.6,1.727810650887574,3.2666666666666666,1.8571428571428572,0.0,1.0,1.0,0,1.0,0.0
2022-01-01 Arsenal-Manchester City,2122,2022-01-01,Arsenal,Manchester City,Stuart Attwell,6.0,12.0,3.0,0.6,1.695906432748538,3.0,15.0,3.8,0.6,2.5406976744186047,3.898876404494382,2.888888888888889,1.0,2.0,3.0,1,6.0,0.0
2022-01-02 Brentford-Aston Villa,2122,2022-01-02,Brentford,Aston Villa,Craig Pawson,4.0,4.0,0.8,1.6,1.1666666666666667,7.0,6.0,1.2,1.4,1.2765957446808511,3.7757009345794392,2.0,2.0,1.0,3.0,1,4.0,2.0
2022-01-02 Everton-Brighton,2122,2022-01-02,Everton,Brighton,John Brooks,17.0,4.0,1.0,2.0,1.242603550295858,4.0,6.0,1.0,0.8,0.9705882352941176,5.0,2.5555555555555554,2.0,3.0,5.0,1,2.0,0.0
2022-01-02 Leeds United-Burnley,2122,2022-01-02,Leeds United,Burnley,Paul Tierney,15.0,4.0,1.2,3.2,1.4285714285714286,3.0,3.0,0.8,1.4,1.0238095238095237,3.54,2.3333333333333335,3.0,1.0,4.0,1,3.0,2.0
2022-01-02 Chelsea-Liverpool,2122,2022-01-02,Chelsea,Liverpool,Anthony Taylor,4.0,9.0,1.6,1.0,1.7151162790697674,5.0,10.0,1.4,0.8,2.198830409356725,3.6240601503759398,2.5555555555555554,2.0,2.0,4.0,1,6.0,1.0
2022-01-03 Manchester Utd-Wolves,2122,2022-01-03,Manchester Utd,Wolves,Mike Dean,4.0,13.0,1.8,0.8,1.776470588235294,15.0,5.0,0.2,0.4,1.1136363636363635,4.186440677966102,1.7142857142857142,0.0,1.0,1.0,0,4.0,0.0
2022-01-11 Southampton-Brentford,2122,2022-01-11,Southampton,Brentford,Stuart Attwell,14.0,6.0,1.4,1.8,1.1695906432748537,9.0,7.0,1.2,1.4,1.2105263157894737,3.922222222222222,2.85,4.0,1.0,5.0,1,2.0,2.0
2022-01-12 West Ham United-Norwich City,2122,2022-01-12,West Ham United,Norwich City,Simon Hooper,11.0,7.0,1.8,1.6,1.441860465116279,15.0,0.0,0.0,2.8,0.5964912280701754,2.9210526315789473,3.0,2.0,0.0,2.0,0,0.0,2.0
2022-01-14 Brighton-Crystal Palace,2122,2022-01-14,Brighton,Crystal Palace,Robert Jones,12.0,8.0,1.4,1.0,0.9824561403508771,13.0,7.0,2.0,1.8,1.1453488372093024,3.125,2.4444444444444446,1.0,1.0,2.0,1,2.0,1.0
2022-01-15 Aston Villa-Manchester Utd,2122,2022-01-15,Aston Villa,Manchester Utd,David Coote,13.0,6.0,1.2,1.4,1.2736842105263158,12.0,10.0,1.2,0.6,1.7660818713450293,3.8,3.0,2.0,2.0,4.0,1,3.0,1.0
2022-01-15 Wolves-Southampton,2122,2022-01-15,Wolves,Southampton,Michael Salisbury,12.0,7.0,0.4,0.4,1.112781954887218,4.0,8.0,2.0,1.8,1.186046511627907,6.0,2.7142857142857144,3.0,1.0,4.0,1,5.0,2.0
2022-01-15 Newcastle United-Watford,2122,2022-01-15,Newcastle United,Watford,Paul Tierney,19.0,4.0,0.6,2.4,1.0760233918128654,14.0,0.0,0.8,2.4,1.1666666666666667,3.5346534653465347,2.2857142857142856,1.0,1.0,2.0,1,5.0,1.0
2022-01-15 Manchester City-Chelsea,2122,2022-01-15,Manchester City,Chelsea,Craig Pawson,14.0,15.0,4.0,0.8,2.53757225433526,13.0,7.0,1.4,1.0,1.716763005780347,3.7777777777777777,2.6666666666666665,1.0,0.0,1.0,0,2.0,2.0
2022-01-15 Norwich City-Everton,2122,2022-01-15,Norwich City,Everton,Andy Madley,3.0,0.0,0.0,2.6,0.5862068965517241,13.0,4.0,1.4,2.4,1.2470588235294118,2.789473684210526,1.6666666666666667,2.0,1.0,3.0,1,4.0,2.0
2022-01-16 Liverpool-Brentford,2122,2022-01-16,Liverpool,Brentford,Jonathan Moss,14.0,8.0,1.6,1.2,2.197674418604651,5.0,6.0,1.0,1.8,1.2,3.440677966101695,6.0,3.0,0.0,3.0,0,1.0,2.0
2022-01-16 West Ham United-Leeds United,2122,2022-01-16,West Ham United,Leeds United,Mike Dean,4.0,9.0,2.2,1.6,1.4450867052023122,14.0,4.0,1.6,3.4,1.456140350877193,4.184873949579832,2.6666666666666665,2.0,3.0,5.0,1,5.0,0.0
2022-01-18 Brighton-Chelsea,2122,2022-01-18,Brighton,Chelsea,Kevin Friend,4.0,8.0,1.4,1.0,0.9825581395348837,3.0,6.0,1.2,1.0,1.706896551724138,3.125,2.4444444444444446,1.0,1.0,2.0,1,3.0,1.0
2022-01-19 Leicester City-Tottenham Hotspur,2122,2022-01-19,Leicester City,Tottenham Hotspur,Jonathan Moss,22.0,7.0,2.2,2.0,1.6058823529411765,18.0,11.0,2.0,0.6,1.723529411764706,3.4201680672268906,4.0,2.0,3.0,5.0,1,3.0,0.0
2022-01-19 Brentford-Manchester Utd,2122,2022-01-19,Brentford,Manchester Utd,Andre Marriner,3.0,3.0,0.6,2.2,1.1428571428571428,4.0,8.0,1.4,1.0,1.7674418604651163,2.849557522123894,2.85,1.0,3.0,4.0,1,0.0,0.0
2022-01-21 Watford-Norwich City,2122,2022-01-21,Watford,Norwich City,Mike Dean,6.0,1.0,0.8,2.2,1.1654135338345866,6.0,3.0,0.4,2.6,0.6101694915254238,4.191666666666666,3.0,0.0,3.0,3.0,0,2.0,0.0
2022-01-22 Southampton-Manchester City,2122,2022-01-22,Southampton,Manchester City,Simon Hooper,7.0,8.0,2.2,1.8,1.1849710982658959,7.0,15.0,2.8,0.8,2.528735632183908,2.8461538461538463,3.0,1.0,1.0,2.0,1,3.0,1.0
2022-01-22 Manchester Utd-West Ham United,2122,2022-01-22,Manchester Utd,West Ham United,Jonathan Moss,3.0,8.0,1.8,1.2,1.7745664739884393,6.0,9.0,2.6,1.8,1.4482758620689655,3.4166666666666665,2.5555555555555554,1.0,0.0,1.0,0,2.0,2.0
2022-01-22 Leeds United-Newcastle United,2122,2022-01-22,Leeds United,Newcastle United,Chris Kavanagh,6.0,6.0,1.8,3.4,1.4827586206896552,7.0,2.0,0.6,2.6,1.0755813953488371,3.5520833333333335,4.0,0.0,1.0,1.0,0,12.0,0.0
2022-01-22 Brentford-Wolves,2122,2022-01-22,Brentford,Wolves,Peter Bankes,3.0,3.0,0.8,2.4,1.1363636363636365,7.0,10.0,1.0,0.4,1.126865671641791,4.090909090909091,2.0,1.0,2.0,3.0,1,5.0,0.0
2022-01-22 Everton-Aston Villa,2122,2022-01-22,Everton,Aston Villa,Craig Pawson,7.0,4.0,1.4,2.0,1.2456140350877194,7.0,4.0,1.2,1.6,1.28125,3.761467889908257,2.0,0.0,1.0,1.0,0,9.0,0.0
2022-01-23 Arsenal-Burnley,2122,2022-01-23,Arsenal,Burnley,David Coote,22.0,12.0,3.0,0.6,1.691860465116279,21.0,2.0,0.4,1.4,1.0236686390532543,3.7868852459016393,2.3333333333333335,0.0,0.0,0.0,0,2.0,1.0
2022-01-23 Crystal Palace-Liverpool,2122,2022-01-23,Crystal Palace,Liverpool,Kevin Friend,9.0,5.0,1.6,1.8,1.1445086705202312,7.0,8.0,2.0,1.2,2.2023121387283235,3.123809523809524,3.5555555555555554,1.0,3.0,4.0,1,5.0,0.0
2022-01-23 Leicester City-Brighton,2122,2022-01-23,Leicester City,Brighton,Martin Atkinson,4.0,6.0,2.2,2.2,1.608187134502924,5.0,9.0,1.6,1.0,0.9826589595375722,3.1023622047244093,2.2222222222222223,1.0,1.0,2.0,1,1.0,1.0
2022-01-23 Chelsea-Tottenham Hotspur,2122,2022-01-23,Chelsea,Tottenham Hotspur,Paul Tierney,5.0,6.0,1.4,1.2,1.7028571428571428,4.0,11.0,2.0,1.0,1.7309941520467835,3.549019607843137,2.4444444444444446,2.0,0.0,2.0,0,6.0,2.0
2022-02-05 Burnley-Watford,2122,2022-02-05,Burnley,Watford,Craig Pawson,13.0,2.0,0.4,1.4,1.0176470588235293,15.0,1.0,0.6,2.2,1.1567164179104477,3.809090909090909,2.0,0.0,0.0,0.0,0,3.0,1.0
2022-02-08 Newcastle United-Everton,2122,2022-02-08,Newcastle United,Everton,Anthony Taylor,17.0,5.0,0.8,1.8,1.0751445086705202,17.0,1.0,1.0,2.0,1.2383720930232558,3.6417910447761193,2.625,3.0,1.0,4.0,1,5.0,2.0
2022-02-08 West Ham United-Watford,2122,2022-02-08,West Ham United,Watford,Martin Atkinson,17.0,9.0,2.2,1.4,1.44,3.0,2.0,0.4,1.8,1.1481481481481481,3.0859375,3.4285714285714284,1.0,0.0,1.0,0,2.0,2.0
2022-02-08 Burnley-Manchester Utd,2122,2022-02-08,Burnley,Manchester Utd,Mike Dean,3.0,3.0,0.4,1.2,1.0116959064327486,17.0,10.0,1.8,1.0,1.7701149425287357,4.1735537190082646,2.6666666666666665,1.0,1.0,2.0,1,3.0,1.0
2022-02-09 Aston Villa-Leeds United,2122,2022-02-09,Aston Villa,Leeds United,Jarred Gillett,18.0,7.0,1.4,1.4,1.2783505154639174,18.0,6.0,1.4,3.0,1.4576271186440677,5.5,2.0,3.0,3.0,6.0,1,5.0,1.0
2022-02-09 Tottenham Hotspur-Southampton,2122,2022-02-09,Tottenham Hotspur,Southampton,David Coote,17.0,10.0,1.6,1.0,1.7209302325581395,18.0,8.0,2.0,1.6,1.1839080459770115,3.7580645161290325,3.5555555555555554,2.0,3.0,5.0,1,10.0,0.0
2022-02-09 Norwich City-Crystal Palace,2122,2022-02-09,Norwich City,Crystal Palace,Paul Tierney,19.0,6.0,1.0,2.2,0.65,17.0,4.0,1.4,2.0,1.1436781609195403,3.5728155339805827,2.3333333333333335,1.0,1.0,2.0,1,6.0,1.0
2022-02-09 Manchester City-Brentford,2122,2022-02-09,Manchester City,Brentford,Darren England,18.0,13.0,2.2,1.0,2.52,18.0,3.0,1.0,2.6,1.1304347826086956,4.238095238095238,1.0,2.0,0.0,2.0,0,0.0,2.0
2022-02-10 Liverpool-Leicester City,2122,2022-02-10,Liverpool,Leicester City,Chris Kavanagh,18.0,8.0,2.0,1.2,2.206896551724138,18.0,7.0,2.2,2.0,1.6046511627906976,3.6391752577319587,3.111111111111111,2.0,0.0,2.0,0,1.0,2.0
2022-02-10 Wolves-Arsenal,2122,2022-02-10,Wolves,Arsenal,Michael Oliver,19.0,13.0,1.4,0.4,1.1333333333333333,18.0,10.0,2.4,0.6,1.6820809248554913,3.2666666666666666,2.6666666666666665,0.0,1.0,1.0,0,6.0,0.0
2022-02-12 Manchester Utd-Southampton,2122,2022-02-12,Manchester Utd,Southampton,Stuart Attwell,4.0,8.0,1.4,1.0,1.7657142857142858,3.0,8.0,2.0,1.6,1.1942857142857144,3.901098901098901,3.5555555555555554,1.0,1.0,2.0,1,4.0,1.0
2022-02-12 Brentford-Crystal Palace,2122,2022-02-12,Brentford,Crystal Palace,Simon Hooper,3.0,0.0,0.6,2.8,1.0833333333333333,3.0,5.0,1.6,1.6,1.1428571428571428,2.85,0.0,0.0,0.0,0.0,0,1.0,1.0
2022-02-12 Everton-Leeds United,2122,2022-02-12,Everton,Leeds United,Graham Scott,4.0,1.0,1.0,2.0,1.2369942196531791,3.0,7.0,2.0,2.2,1.4833333333333334,2.8289473684210527,2.6666666666666665,3.0,0.0,3.0,0,4.0,2.0
2022-02-12 Watford-Brighton,2122,2022-02-12,Watford,Brighton,Jonathan Moss,4.0,2.0,0.2,1.2,1.1397058823529411,20.0,7.0,1.4,1.2,0.9827586206896551,3.4049586776859506,1.4285714285714286,0.0,2.0,2.0,0,5.0,0.0
2022-02-12 Norwich City-Manchester City,2122,2022-02-12,Norwich City,Manchester City,Andre Marriner,3.0,7.0,1.2,1.4,0.6557377049180327,3.0,13.0,1.4,0.4,2.5170454545454546,2.824561403508772,5.0,0.0,4.0,4.0,0,2.0,0.0
2022-02-13 Leicester City-West Ham United,2122,2022-02-13,Leicester City,West Ham United,Michael Oliver,3.0,4.0,1.4,2.4,1.5953757225433527,5.0,9.0,1.6,1.2,1.4375,3.286764705882353,3.4444444444444446,2.0,2.0,4.0,1,3.0,1.0
2022-02-13 Tottenham Hotspur-Wolves,2122,2022-02-13,Tottenham Hotspur,Wolves,Kevin Friend,4.0,7.0,1.4,1.6,1.722543352601156,3.0,10.0,1.2,0.6,1.125,3.141509433962264,3.142857142857143,0.0,2.0,2.0,0,4.0,0.0
2022-02-13 Newcastle United-Aston Villa,2122,2022-02-13,Newcastle United,Aston Villa,Craig Pawson,5.0,8.0,1.2,1.4,1.0862068965517242,4.0,5.0,1.6,2.0,1.2959183673469388,3.8018018018018016,2.0,1.0,0.0,1.0,0,7.0,2.0
2022-02-13 Burnley-Liverpool,2122,2022-02-13,Burnley,Liverpool,Martin Atkinson,5.0,3.0,0.6,1.4,1.0116279069767442,3.0,10.0,2.0,0.8,2.2057142857142855,3.0775193798449614,2.888888888888889,0.0,1.0,1.0,0,1.0,0.0
2022-02-15 Manchester Utd-Brighton,2122,2022-02-15,Manchester Utd,Brighton,Peter Bankes,3.0,9.0,1.6,1.0,1.7613636363636365,3.0,9.0,1.6,1.0,0.9885714285714285,4.117647058823529,3.125,2.0,0.0,2.0,0,5.0,2.0
2022-02-19 Southampton-Everton,2122,2022-02-19,Southampton,Everton,Andy Madley,7.0,8.0,2.0,1.6,1.1931818181818181,7.0,3.0,1.4,1.8,1.2471264367816093,2.8205128205128207,2.7777777777777777,2.0,0.0,2.0,0,2.0,2.0
2022-02-19 Liverpool-Norwich City,2122,2022-02-19,Liverpool,Norwich City,Mike Dean,6.0,13.0,2.2,0.6,2.1988636363636362,7.0,7.0,1.2,1.6,0.6451612903225806,4.163934426229508,3.0,3.0,1.0,4.0,1,1.0,2.0
2022-02-19 Crystal Palace-Chelsea,2122,2022-02-19,Crystal Palace,Chelsea,David Coote,7.0,3.0,1.0,1.6,1.1363636363636365,27.0,6.0,1.2,1.0,1.7045454545454546,3.857142857142857,3.3333333333333335,0.0,1.0,1.0,0,4.0,0.0
2022-02-19 Manchester City-Tottenham Hotspur,2122,2022-02-19,Manchester City,Tottenham Hotspur,Anthony Taylor,7.0,13.0,2.0,0.4,2.5254237288135593,6.0,6.0,1.2,1.8,1.7126436781609196,3.651851851851852,2.5555555555555554,2.0,3.0,5.0,1,3.0,0.0
2022-02-19 Aston Villa-Watford,2122,2022-02-19,Aston Villa,Watford,Robert Jones,6.0,5.0,1.4,1.6,1.2828282828282829,7.0,2.0,0.2,1.4,1.1313868613138687,3.0588235294117645,3.6666666666666665,0.0,1.0,1.0,0,6.0,0.0
2022-02-19 Arsenal-Brentford,2122,2022-02-19,Arsenal,Brentford,Jonathan Moss,9.0,10.0,2.2,0.6,1.6781609195402298,7.0,1.0,0.4,2.0,1.04,3.418032786885246,2.0,2.0,1.0,3.0,1,0.0,2.0
2022-02-19 West Ham United-Newcastle United,2122,2022-02-19,West Ham United,Newcastle United,Chris Kavanagh,6.0,7.0,1.4,1.2,1.4406779661016949,6.0,11.0,1.4,0.6,1.0857142857142856,3.6122448979591835,3.888888888888889,1.0,1.0,2.0,1,6.0,1.0
2022-02-19 Brighton-Burnley,2122,2022-02-19,Brighton,Burnley,Kevin Friend,4.0,6.0,1.0,1.0,0.9829545454545454,6.0,3.0,0.4,1.0,1.0057803468208093,3.149532710280374,1.6666666666666667,0.0,3.0,3.0,0,5.0,0.0
2022-02-20 Leeds United-Manchester Utd,2122,2022-02-20,Leeds United,Manchester Utd,Paul Tierney,8.0,7.0,1.8,2.0,1.459016393442623,5.0,11.0,1.6,0.6,1.7627118644067796,3.5961538461538463,4.666666666666667,2.0,4.0,6.0,1,18.0,0.0
2022-02-20 Wolves-Leicester City,2122,2022-02-20,Wolves,Leicester City,Craig Pawson,7.0,12.0,1.6,0.6,1.1313868613138687,7.0,5.0,1.2,1.6,1.5977011494252873,3.830357142857143,1.5714285714285714,2.0,1.0,3.0,1,8.0,2.0
2022-02-23 Burnley-Tottenham Hotspur,2122,2022-02-23,Burnley,Tottenham Hotspur,Graham Scott,4.0,6.0,0.8,0.4,1.0172413793103448,4.0,6.0,1.6,2.2,1.72,2.844155844155844,2.625,1.0,0.0,1.0,0,0.0,2.0
2022-02-23 Watford-Crystal Palace,2122,2022-02-23,Watford,Crystal Palace,Andre Marriner,4.0,4.0,0.2,1.2,1.1304347826086956,4.0,3.0,0.6,1.2,1.1299435028248588,2.8173913043478263,1.6666666666666667,1.0,4.0,5.0,1,3.0,0.0
2022-02-23 Liverpool-Leeds United,2122,2022-02-23,Liverpool,Leeds United,Michael Oliver,4.0,15.0,2.4,0.4,2.2033898305084745,3.0,4.0,1.6,2.6,1.467741935483871,3.2846715328467155,4.0,6.0,0.0,6.0,0,0.0,2.0
2022-02-24 Arsenal-Wolves,2122,2022-02-24,Arsenal,Wolves,Martin Atkinson,5.0,10.0,1.8,0.6,1.68,4.0,12.0,1.8,0.8,1.1376811594202898,3.0615384615384613,2.4285714285714284,2.0,1.0,3.0,1,2.0,2.0
2022-02-25 Southampton-Norwich City,2122,2022-02-25,Southampton,Norwich City,Simon Hooper,6.0,8.0,1.6,1.4,1.1977401129943503,6.0,7.0,1.4,1.8,0.6507936507936508,2.8048780487804876,3.0,2.0,0.0,2.0,0,6.0,2.0
2022-02-26 Everton-Manchester City,2122,2022-02-26,Everton,Manchester City,Paul Tierney,7.0,3.0,1.0,1.6,1.24,7.0,10.0,2.0,0.8,2.5224719101123596,3.7333333333333334,3.4444444444444446,0.0,1.0,1.0,0,5.0,0.0
2022-02-26 Crystal Palace-Burnley,2122,2022-02-26,Crystal Palace,Burnley,Jonathan Moss,3.0,5.0,1.2,1.2,1.146067415730337,3.0,8.0,1.0,0.4,1.0171428571428571,3.3902439024390243,2.3333333333333335,1.0,1.0,2.0,1,4.0,1.0
2022-02-26 Manchester Utd-Watford,2122,2022-02-26,Manchester Utd,Watford,Kevin Friend,6.0,11.0,1.8,0.8,1.7752808988764044,3.0,4.0,0.4,1.4,1.129496402877698,3.1666666666666665,3.2857142857142856,0.0,0.0,0.0,0,0.0,1.0
2022-02-26 Brentford-Newcastle United,2122,2022-02-26,Brentford,Newcastle United,Mike Dean,7.0,1.0,0.6,1.8,1.0384615384615385,7.0,11.0,1.4,0.6,1.0852272727272727,4.138211382113822,6.0,0.0,2.0,2.0,0,5.0,0.0
2022-02-26 Brighton-Aston Villa,2122,2022-02-26,Brighton,Aston Villa,John Brooks,7.0,5.0,0.8,1.4,0.9774011299435028,7.0,5.0,1.2,1.4,1.27,3.5,2.0,0.0,2.0,2.0,0,9.0,0.0
2022-02-26 Leeds United-Tottenham Hotspur,2122,2022-02-26,Leeds United,Tottenham Hotspur,Craig Pawson,3.0,1.0,1.0,3.4,1.4444444444444444,3.0,3.0,1.0,2.0,1.7102272727272727,3.8672566371681416,3.3333333333333335,0.0,4.0,4.0,0,12.0,0.0
2022-02-27 West Ham United-Wolves,2122,2022-02-27,West Ham United,Wolves,Anthony Taylor,8.0,5.0,1.2,1.4,1.4382022471910112,3.0,9.0,1.4,1.0,1.1366906474820144,3.6470588235294117,2.5714285714285716,1.0,0.0,1.0,0,1.0,2.0
2022-03-01 Burnley-Leicester City,2122,2022-03-01,Burnley,Leicester City,Chris Kavanagh,3.0,8.0,1.2,0.6,1.0170454545454546,9.0,2.0,1.2,2.0,1.5942857142857143,3.6363636363636362,2.7777777777777777,0.0,2.0,2.0,0,2.0,0.0
2022-03-05 Wolves-Crystal Palace,2122,2022-03-05,Wolves,Crystal Palace,Andy Madley,6.0,6.0,1.0,1.0,1.1285714285714286,7.0,6.0,1.2,0.8,1.1452513966480447,2.8,1.7142857142857142,0.0,2.0,2.0,0,3.0,0.0
2022-03-05 Norwich City-Brentford,2122,2022-03-05,Norwich City,Brentford,Anthony Taylor,8.0,4.0,1.0,2.0,0.640625,7.0,1.0,0.4,1.6,1.0,3.627737226277372,3.0,1.0,3.0,4.0,1,7.0,0.0
2022-03-05 Newcastle United-Brighton,2122,2022-03-05,Newcastle United,Brighton,Martin Atkinson,7.0,13.0,1.6,0.4,1.0903954802259888,7.0,4.0,0.6,1.6,0.9719101123595506,3.053435114503817,1.3333333333333333,2.0,1.0,3.0,1,4.0,2.0
2022-03-05 Liverpool-West Ham United,2122,2022-03-05,Liverpool,West Ham United,Jonathan Moss,10.0,15.0,3.0,0.4,2.2247191011235956,6.0,8.0,1.0,0.8,1.4357541899441342,3.3951612903225805,3.888888888888889,1.0,0.0,1.0,0,3.0,2.0
2022-03-05 Aston Villa-Southampton,2122,2022-03-05,Aston Villa,Southampton,Peter Bankes,7.0,7.0,1.2,1.0,1.2772277227722773,8.0,11.0,1.8,0.8,1.202247191011236,4.142857142857143,3.0,4.0,0.0,4.0,0,4.0,2.0
2022-03-05 Leicester City-Leeds United,2122,2022-03-05,Leicester City,Leeds United,David Coote,4.0,5.0,1.2,1.4,1.5965909090909092,7.0,1.0,1.0,4.0,1.421875,3.859375,3.6666666666666665,1.0,0.0,1.0,0,6.0,2.0
2022-03-05 Burnley-Chelsea,2122,2022-03-05,Burnley,Chelsea,Andre Marriner,4.0,7.0,1.0,0.8,1.0112994350282485,14.0,8.0,1.2,0.8,1.7005649717514124,2.8189655172413794,3.5555555555555554,0.0,4.0,4.0,0,2.0,0.0
2022-03-06 Watford-Arsenal,2122,2022-03-06,Watford,Arsenal,Craig Pawson,8.0,4.0,0.4,1.4,1.1214285714285714,10.0,10.0,1.2,0.8,1.6818181818181819,3.93859649122807,2.7142857142857144,2.0,3.0,5.0,1,3.0,0.0
2022-03-06 Manchester City-Manchester Utd,2122,2022-03-06,Manchester City,Manchester Utd,Michael Oliver,8.0,10.0,2.0,0.8,2.5139664804469275,8.0,9.0,1.6,0.8,1.76536312849162,3.260869565217391,2.5555555555555554,4.0,1.0,5.0,1,2.0,2.0
2022-03-07 Tottenham Hotspur-Everton,2122,2022-03-07,Tottenham Hotspur,Everton,Stuart Attwell,9.0,6.0,1.8,1.6,1.7231638418079096,9.0,3.0,0.8,1.4,1.2329545454545454,3.902173913043478,3.0,5.0,0.0,5.0,0,2.0,2.0
2022-03-10 Norwich City-Chelsea,2122,2022-03-10,Norwich City,Chelsea,Martin Atkinson,5.0,1.0,0.6,2.6,0.6461538461538462,5.0,10.0,1.6,0.4,1.7134831460674158,3.0606060606060606,4.333333333333333,1.0,3.0,4.0,1,0.0,0.0
2022-03-10 Southampton-Newcastle United,2122,2022-03-10,Southampton,Newcastle United,Kevin Friend,5.0,10.0,1.6,1.4,1.1955307262569832,5.0,13.0,1.8,0.6,1.095505617977528,3.1376146788990824,2.888888888888889,1.0,2.0,3.0,1,4.0,0.0
2022-03-10 Wolves-Watford,2122,2022-03-10,Wolves,Watford,Darren England,5.0,6.0,1.0,1.2,1.1205673758865249,4.0,4.0,0.8,1.8,1.127659574468085,4.045454545454546,2.4,4.0,0.0,4.0,0,4.0,2.0
2022-03-10 Leeds United-Aston Villa,2122,2022-03-10,Leeds United,Aston Villa,Simon Hooper,5.0,0.0,0.4,3.6,1.4,5.0,7.0,1.8,1.0,1.303921568627451,2.880952380952381,3.3333333333333335,0.0,3.0,3.0,0,8.0,0.0
2022-03-12 Brighton-Liverpool,2122,2022-03-12,Brighton,Liverpool,Mike Dean,7.0,3.0,0.6,1.8,0.9720670391061452,7.0,15.0,2.6,0.2,2.217877094972067,4.145161290322581,2.888888888888889,0.0,2.0,2.0,0,4.0,0.0
2022-03-12 Brentford-Burnley,2122,2022-03-12,Brentford,Burnley,Paul Tierney,7.0,4.0,0.8,1.4,1.0714285714285714,7.0,7.0,1.0,1.4,1.0056179775280898,3.7452830188679247,4.0,2.0,0.0,2.0,0,3.0,2.0
2022-03-12 Manchester Utd-Tottenham Hotspur,2122,2022-03-12,Manchester Utd,Tottenham Hotspur,Jonathan Moss,6.0,8.0,1.6,1.4,1.761111111111111,5.0,9.0,2.4,1.0,1.7415730337078652,3.392,2.888888888888889,3.0,2.0,5.0,1,3.0,2.0
2022-03-13 West Ham United-Aston Villa,2122,2022-03-13,West Ham United,Aston Villa,Jarred Gillett,8.0,8.0,1.0,0.8,1.4277777777777778,3.0,9.0,1.8,0.4,1.3203883495145632,5.4,2.8,2.0,1.0,3.0,1,1.0,2.0
2022-03-13 Southampton-Watford,2122,2022-03-13,Southampton,Watford,Graham Scott,3.0,7.0,1.2,1.4,1.1944444444444444,3.0,4.0,0.8,2.2,1.119718309859155,2.8076923076923075,2.5714285714285716,1.0,2.0,3.0,1,10.0,0.0
2022-03-13 Arsenal-Leicester City,2122,2022-03-13,Arsenal,Leicester City,Anthony Taylor,7.0,13.0,1.6,0.8,1.689265536723164,8.0,7.0,1.2,1.2,1.5932203389830508,3.652173913043478,3.2222222222222223,2.0,0.0,2.0,0,3.0,2.0
2022-03-13 Everton-Wolves,2122,2022-03-13,Everton,Wolves,Michael Oliver,6.0,3.0,0.8,2.2,1.2259887005649717,3.0,6.0,1.4,1.2,1.1408450704225352,3.2517985611510793,3.2857142857142856,0.0,1.0,1.0,0,4.0,0.0
2022-03-13 Chelsea-Newcastle United,2122,2022-03-13,Chelsea,Newcastle United,David Coote,3.0,13.0,2.2,0.4,1.7206703910614525,3.0,13.0,1.6,0.6,1.100558659217877,3.8923076923076922,2.4444444444444446,1.0,0.0,1.0,0,14.0,2.0
2022-03-13 Leeds United-Norwich City,2122,2022-03-13,Leeds United,Norwich City,Stuart Attwell,3.0,0.0,0.4,3.6,1.378787878787879,3.0,0.0,0.6,3.0,0.6515151515151515,3.881720430107527,3.0,2.0,1.0,3.0,1,4.0,2.0
2022-03-14 Crystal Palace-Manchester City,2122,2022-03-14,Crystal Palace,Manchester City,Martin Atkinson,9.0,8.0,1.4,0.6,1.15,8.0,12.0,2.6,0.8,2.522222222222222,3.037593984962406,3.111111111111111,0.0,0.0,0.0,0,4.0,1.0
2022-03-16 Brighton-Tottenham Hotspur,2122,2022-03-16,Brighton,Tottenham Hotspur,Robert Jones,4.0,0.0,0.2,2.2,0.9666666666666667,4.0,9.0,2.8,1.2,1.7430167597765363,3.2222222222222223,2.25,0.0,2.0,2.0,0,4.0,0.0
2022-03-16 Arsenal-Liverpool,2122,2022-03-16,Arsenal,Liverpool,Andre Marriner,3.0,15.0,2.0,0.8,1.6910112359550562,4.0,15.0,2.6,0.2,2.216666666666667,2.8119658119658117,4.0,0.0,2.0,2.0,0,1.0,0.0
2022-03-17 Everton-Newcastle United,2122,2022-03-17,Everton,Newcastle United,Craig Pawson,4.0,3.0,0.6,1.8,1.2191011235955056,4.0,10.0,1.4,0.8,1.0944444444444446,3.9304347826086956,2.7777777777777777,1.0,0.0,1.0,0,8.0,2.0
2022-03-18 Wolves-Leeds United,2122,2022-03-18,Wolves,Leeds United,Kevin Friend,5.0,6.0,1.2,1.0,1.1398601398601398,5.0,3.0,0.4,3.0,1.3880597014925373,3.1454545454545455,1.3333333333333333,2.0,3.0,5.0,1,14.0,0.0
2022-03-19 Aston Villa-Arsenal,2122,2022-03-19,Aston Villa,Arsenal,Andy Madley,6.0,9.0,2.0,0.6,1.3173076923076923,3.0,12.0,1.8,1.2,1.681564245810056,2.8048780487804876,2.8,0.0,1.0,1.0,0,12.0,0.0
2022-03-20 Tottenham Hotspur-West Ham United,2122,2022-03-20,Tottenham Hotspur,West Ham United,Anthony Taylor,4.0,9.0,2.6,0.8,1.7444444444444445,7.0,8.0,1.2,1.0,1.430939226519337,3.647482014388489,2.888888888888889,3.0,1.0,4.0,1,1.0,2.0
2022-03-20 Leicester City-Brentford,2122,2022-03-20,Leicester City,Brentford,Darren England,7.0,7.0,1.2,1.2,1.5842696629213484,8.0,7.0,1.2,1.0,1.103448275862069,4.043478260869565,3.0,2.0,1.0,3.0,1,3.0,2.0
2022-04-02 Liverpool-Watford,2122,2022-04-02,Liverpool,Watford,Stuart Attwell,17.0,15.0,2.8,0.2,2.2154696132596685,20.0,4.0,1.0,2.4,1.1258741258741258,3.882978723404255,4.142857142857143,2.0,0.0,2.0,0,2.0,2.0
2022-04-02 Brighton-Norwich City,2122,2022-04-02,Brighton,Norwich City,Simon Hooper,17.0,0.0,0.2,2.2,0.9613259668508287,20.0,0.0,0.8,2.6,0.6567164179104478,3.0,1.0,0.0,0.0,0.0,0,2.0,1.0
2022-04-02 Burnley-Manchester City,2122,2022-04-02,Burnley,Manchester City,Craig Pawson,21.0,4.0,0.4,1.8,1.0,19.0,10.0,2.2,0.8,2.5082872928176796,3.9655172413793105,3.3333333333333335,0.0,2.0,2.0,0,1.0,0.0
2022-04-02 Chelsea-Brentford,2122,2022-04-02,Chelsea,Brentford,Andy Madley,20.0,15.0,2.2,0.2,1.7166666666666666,13.0,6.0,1.4,1.4,1.1,3.0238095238095237,1.0,1.0,4.0,5.0,1,0.0,0.0
2022-04-02 Leeds United-Southampton,2122,2022-04-02,Leeds United,Southampton,Anthony Taylor,15.0,6.0,1.0,2.2,1.411764705882353,20.0,6.0,1.2,1.6,1.1933701657458564,3.6285714285714286,2.0,1.0,1.0,2.0,1,2.0,1.0
2022-04-02 Wolves-Aston Villa,2122,2022-04-02,Wolves,Aston Villa,Darren England,15.0,6.0,1.4,1.2,1.1458333333333333,14.0,9.0,2.0,0.6,1.3047619047619048,4.0,2.0,2.0,1.0,3.0,1,14.0,2.0
2022-04-02 Manchester Utd-Leicester City,2122,2022-04-02,Manchester Utd,Leicester City,Andre Marriner,21.0,10.0,2.0,1.6,1.7679558011049723,13.0,9.0,1.2,1.0,1.5865921787709498,2.7966101694915255,2.888888888888889,1.0,1.0,2.0,1,8.0,1.0
2022-04-03 West Ham United-Everton,2122,2022-04-03,West Ham United,Everton,Michael Oliver,14.0,7.0,1.0,1.2,1.4285714285714286,17.0,3.0,0.2,1.8,1.217877094972067,3.257142857142857,2.3333333333333335,2.0,1.0,3.0,1,4.0,2.0
2022-04-03 Tottenham Hotspur-Newcastle United,2122,2022-04-03,Tottenham Hotspur,Newcastle United,Martin Atkinson,14.0,12.0,3.2,0.8,1.7513812154696133,17.0,9.0,1.2,0.8,1.0883977900552486,3.044776119402985,2.5555555555555554,5.0,1.0,6.0,1,5.0,2.0
2022-04-04 Crystal Palace-Arsenal,2122,2022-04-04,Crystal Palace,Arsenal,Paul Tierney,21.0,8.0,1.4,0.6,1.143646408839779,16.0,12.0,1.6,1.0,1.6777777777777778,3.7383177570093458,3.6666666666666665,3.0,0.0,3.0,0,2.0,2.0
2022-04-06 Burnley-Everton,2122,2022-04-06,Burnley,Everton,Mike Dean,4.0,1.0,0.2,2.2,0.9944444444444445,3.0,3.0,0.4,1.8,1.2166666666666666,4.144,2.5555555555555554,3.0,2.0,5.0,1,4.0,2.0
2022-04-08 Newcastle United-Wolves,2122,2022-04-08,Newcastle United,Wolves,Peter Bankes,5.0,6.0,1.0,1.8,1.0879120879120878,6.0,9.0,1.8,1.2,1.1517241379310346,4.138888888888889,2.2857142857142856,1.0,0.0,1.0,0,2.0,2.0
2022-04-09 Everton-Manchester Utd,2122,2022-04-09,Everton,Manchester Utd,Jonathan Moss,3.0,3.0,0.8,2.2,1.2209944751381216,7.0,8.0,1.8,1.8,1.7637362637362637,3.388888888888889,3.2222222222222223,1.0,0.0,1.0,0,4.0,2.0
2022-04-09 Arsenal-Brighton,2122,2022-04-09,Arsenal,Brighton,David Coote,5.0,9.0,1.2,1.4,1.6685082872928176,7.0,1.0,0.2,1.6,0.9560439560439561,4.045454545454546,2.0,1.0,2.0,3.0,1,14.0,0.0
2022-04-09 Southampton-Chelsea,2122,2022-04-09,Southampton,Chelsea,Kevin Friend,7.0,4.0,1.0,1.8,1.1923076923076923,7.0,12.0,2.0,1.0,1.712707182320442,3.2432432432432434,3.111111111111111,0.0,6.0,6.0,0,1.0,0.0
2022-04-09 Watford-Leeds United,2122,2022-04-09,Watford,Leeds United,Andre Marriner,7.0,4.0,0.8,2.0,1.1180555555555556,7.0,7.0,1.2,1.6,1.4057971014492754,2.8403361344537816,1.0,0.0,3.0,3.0,0,2.0,0.0
2022-04-09 Aston Villa-Tottenham Hotspur,2122,2022-04-09,Aston Villa,Tottenham Hotspur,Graham Scott,7.0,6.0,1.8,1.0,1.3018867924528301,6.0,12.0,3.4,1.0,1.7692307692307692,2.8987341772151898,3.4,0.0,4.0,4.0,0,5.0,0.0
2022-04-10 Brentford-West Ham United,2122,2022-04-10,Brentford,West Ham United,Martin Atkinson,8.0,9.0,2.0,1.2,1.1935483870967742,7.0,9.0,1.2,1.2,1.4316939890710383,3.0592592592592593,3.0,2.0,0.0,2.0,0,0.0,2.0
2022-04-10 Leicester City-Crystal Palace,2122,2022-04-10,Leicester City,Crystal Palace,Robert Jones,8.0,10.0,1.2,0.8,1.5833333333333333,6.0,11.0,2.0,0.4,1.1538461538461537,3.263157894736842,3.111111111111111,2.0,1.0,3.0,1,2.0,2.0
2022-04-10 Norwich City-Burnley,2122,2022-04-10,Norwich City,Burnley,Michael Oliver,8.0,1.0,0.6,2.0,0.6470588235294118,4.0,3.0,0.6,2.4,1.0055248618784531,3.2624113475177303,1.3333333333333333,2.0,0.0,2.0,0,2.0,2.0
2022-04-10 Manchester City-Liverpool,2122,2022-04-10,Manchester City,Liverpool,Anthony Taylor,8.0,10.0,1.8,0.8,2.5054945054945055,8.0,15.0,2.6,0.0,2.2142857142857144,3.617021276595745,3.7777777777777777,2.0,2.0,4.0,1,5.0,1.0
2022-04-16 Watford-Brentford,2122,2022-04-16,Watford,Brentford,Simon Hooper,7.0,3.0,0.8,2.6,1.110344827586207,6.0,12.0,2.4,0.8,1.21875,2.977272727272727,3.0,1.0,2.0,3.0,1,3.0,0.0
2022-04-16 Southampton-Arsenal,2122,2022-04-16,Southampton,Arsenal,Peter Bankes,7.0,1.0,0.6,3.0,1.185792349726776,7.0,6.0,0.8,1.4,1.664835164835165,4.081081081081081,3.2222222222222223,1.0,0.0,1.0,0,3.0,2.0
2022-04-16 Tottenham Hotspur-Brighton,2122,2022-04-16,Tottenham Hotspur,Brighton,Craig Pawson,7.0,12.0,3.2,1.0,1.7814207650273224,7.0,4.0,0.6,1.4,0.9617486338797814,3.9401709401709404,2.2222222222222223,0.0,1.0,1.0,0,12.0,0.0
2022-04-16 Manchester Utd-Norwich City,2122,2022-04-16,Manchester Utd,Norwich City,Andy Madley,7.0,5.0,1.0,1.6,1.7540983606557377,6.0,4.0,1.0,1.6,0.6666666666666666,2.953488372093023,3.0,3.0,2.0,5.0,1,0.0,2.0
2022-04-17 Newcastle United-Leicester City,2122,2022-04-17,Newcastle United,Leicester City,Jarred Gillett,9.0,6.0,0.8,1.6,1.0874316939890711,7.0,10.0,1.2,1.0,1.5856353591160222,4.666666666666667,3.5555555555555554,2.0,1.0,3.0,1,4.0,2.0
2022-04-17 West Ham United-Burnley,2122,2022-04-17,West Ham United,Burnley,Paul Tierney,7.0,6.0,1.0,1.6,1.423913043478261,7.0,3.0,0.6,2.4,1.0,3.7222222222222223,2.3333333333333335,1.0,1.0,2.0,1,4.0,1.0
2022-04-19 Liverpool-Manchester Utd,2122,2022-04-19,Liverpool,Manchester Utd,Martin Atkinson,9.0,13.0,1.8,0.4,2.2131147540983607,3.0,7.0,1.6,2.0,1.7608695652173914,3.036764705882353,2.4444444444444446,4.0,0.0,4.0,0,6.0,2.0
2022-04-20 Chelsea-Arsenal,2122,2022-04-20,Chelsea,Arsenal,Jonathan Moss,11.0,12.0,3.0,1.0,1.7362637362637363,4.0,3.0,0.4,1.6,1.6557377049180328,3.393700787401575,2.7777777777777777,2.0,4.0,6.0,1,4.0,0.0
2022-04-20 Everton-Leicester City,2122,2022-04-20,Everton,Leicester City,David Coote,11.0,6.0,1.0,1.2,1.2197802197802199,3.0,7.0,1.2,1.4,1.5824175824175823,4.1940298507462686,2.375,1.0,1.0,2.0,1,6.0,1.0
2022-04-20 Newcastle United-Crystal Palace,2122,2022-04-20,Newcastle United,Crystal Palace,Tony Harrington,3.0,6.0,0.8,1.6,1.0923913043478262,10.0,8.0,1.4,0.6,1.1530054644808743,2.0,1.4444444444444444,1.0,0.0,1.0,0,2.0,2.0
2022-04-20 Manchester City-Brighton,2122,2022-04-20,Manchester City,Brighton,Mike Dean,10.0,11.0,1.8,0.6,2.5027322404371586,4.0,7.0,0.6,1.0,0.9619565217391305,4.142857142857143,3.6666666666666665,3.0,0.0,3.0,0,6.0,2.0
2022-04-21 Burnley-Southampton,2122,2022-04-21,Burnley,Southampton,Stuart Attwell,4.0,4.0,0.8,1.8,1.0,5.0,4.0,0.8,2.2,1.184782608695652,3.863157894736842,2.3333333333333335,2.0,0.0,2.0,0,4.0,2.0
2022-04-23 Norwich City-Newcastle United,2122,2022-04-23,Norwich City,Newcastle United,Chris Kavanagh,7.0,4.0,1.2,1.6,0.6857142857142857,3.0,9.0,1.0,1.4,1.0918918918918918,3.62,2.0,0.0,3.0,3.0,0,2.0,0.0
2022-04-23 Manchester City-Watford,2122,2022-04-23,Manchester City,Watford,Kevin Friend,3.0,11.0,2.2,0.6,2.505434782608696,7.0,3.0,0.6,2.4,1.1095890410958904,3.2232142857142856,4.714285714285714,5.0,1.0,6.0,1,1.0,2.0
2022-04-23 Brentford-Tottenham Hotspur,2122,2022-04-23,Brentford,Tottenham Hotspur,Martin Atkinson,7.0,12.0,2.2,0.8,1.2424242424242424,7.0,12.0,2.8,0.6,1.7717391304347827,3.0583941605839415,2.0,0.0,0.0,0.0,0,3.0,1.0
2022-04-23 Arsenal-Manchester Utd,2122,2022-04-23,Arsenal,Manchester Utd,Craig Pawson,3.0,6.0,1.2,1.6,1.6684782608695652,4.0,7.0,1.4,2.0,1.7513513513513514,4.008474576271187,2.5555555555555554,3.0,1.0,4.0,1,7.0,2.0
2022-04-23 Leicester City-Aston Villa,2122,2022-04-23,Leicester City,Aston Villa,Andy Madley,3.0,8.0,1.4,1.2,1.5792349726775956,14.0,3.0,1.0,1.8,1.2897196261682242,2.8863636363636362,3.2,0.0,0.0,0.0,0,10.0,1.0
2022-04-24 Brighton-Southampton,2122,2022-04-24,Brighton,Southampton,Robert Jones,4.0,7.0,0.6,1.2,0.9567567567567568,3.0,4.0,0.6,2.2,1.1783783783783783,3.2,2.3333333333333335,2.0,2.0,4.0,1,2.0,1.0
2022-04-24 Burnley-Wolves,2122,2022-04-24,Burnley,Wolves,Anthony Taylor,3.0,7.0,1.2,1.4,1.0054347826086956,16.0,9.0,1.8,1.0,1.143835616438356,3.6267605633802815,2.0,1.0,0.0,1.0,0,4.0,2.0
2022-04-24 Chelsea-West Ham United,2122,2022-04-24,Chelsea,West Ham United,Michael Oliver,4.0,9.0,2.6,1.8,1.7377049180327868,7.0,7.0,1.2,1.6,1.4216216216216215,3.2535211267605635,2.2222222222222223,1.0,0.0,1.0,0,2.0,2.0
2022-04-24 Liverpool-Everton,2122,2022-04-24,Liverpool,Everton,Stuart Attwell,5.0,13.0,2.4,0.4,2.222826086956522,4.0,7.0,1.2,1.2,1.2185792349726776,3.8645833333333335,2.3333333333333335,2.0,0.0,2.0,0,7.0,2.0
2022-04-25 Crystal Palace-Leeds United,2122,2022-04-25,Crystal Palace,Leeds United,Darren England,5.0,7.0,1.2,0.6,1.1467391304347827,16.0,10.0,1.8,1.4,1.4285714285714286,4.4,2.6666666666666665,0.0,0.0,0.0,0,8.0,1.0
2022-04-28 Manchester Utd-Chelsea,2122,2022-04-28,Manchester Utd,Chelsea,Mike Dean,5.0,4.0,1.0,2.2,1.7473118279569892,4.0,9.0,2.2,1.6,1.733695652173913,4.15748031496063,2.0,1.0,1.0,2.0,1,0.0,1.0
2022-04-30 Watford-Burnley,2122,2022-04-30,Watford,Burnley,Craig Pawson,7.0,3.0,0.8,2.6,1.1088435374149659,6.0,10.0,1.4,1.0,1.0054054054054054,4.033613445378151,1.7142857142857142,1.0,2.0,3.0,1,3.0,0.0
2022-04-30 Southampton-Crystal Palace,2122,2022-04-30,Southampton,Crystal Palace,Jarred Gillett,6.0,5.0,0.8,2.2,1.1827956989247312,5.0,5.0,0.8,0.6,1.1405405405405404,4.571428571428571,2.3333333333333335,1.0,2.0,3.0,1,4.0,0.0
2022-04-30 Leeds United-Manchester City,2122,2022-04-30,Leeds United,Manchester City,Paul Tierney,5.0,11.0,1.8,0.8,1.408450704225352,7.0,11.0,2.4,0.6,2.518918918918919,3.7247706422018347,4.0,0.0,4.0,4.0,0,3.0,0.0
2022-04-30 Newcastle United-Liverpool,2122,2022-04-30,Newcastle United,Liverpool,Andre Marriner,7.0,12.0,1.6,1.2,1.1021505376344085,6.0,13.0,2.4,0.4,2.2216216216216216,2.8333333333333335,3.0,0.0,1.0,1.0,0,4.0,0.0
2022-04-30 Aston Villa-Norwich City,2122,2022-04-30,Aston Villa,Norwich City,John Brooks,7.0,1.0,0.4,1.8,1.2777777777777777,7.0,4.0,1.0,1.6,0.676056338028169,5.333333333333333,3.0,2.0,0.0,2.0,0,5.0,2.0
2022-04-30 Wolves-Brighton,2122,2022-04-30,Wolves,Brighton,Simon Hooper,6.0,6.0,1.0,1.2,1.1360544217687074,6.0,8.0,1.0,1.2,0.9623655913978495,2.977777777777778,2.142857142857143,0.0,3.0,3.0,0,3.0,0.0
2022-05-01 Everton-Chelsea,2122,2022-05-01,Everton,Chelsea,Kevin Friend,7.0,4.0,1.0,1.6,1.2119565217391304,3.0,7.0,2.2,1.8,1.7297297297297298,3.2035398230088497,1.8888888888888888,1.0,0.0,1.0,0,8.0,2.0
2022-05-01 Tottenham Hotspur-Leicester City,2122,2022-05-01,Tottenham Hotspur,Leicester City,Jonathan Moss,8.0,10.0,2.4,0.6,1.7621621621621621,8.0,6.0,1.0,1.0,1.5706521739130435,3.3984375,4.111111111111111,3.0,1.0,4.0,1,10.0,2.0
2022-05-01 West Ham United-Arsenal,2122,2022-05-01,West Ham United,Arsenal,Mike Dean,7.0,4.0,0.8,1.6,1.413978494623656,8.0,6.0,1.6,1.8,1.6756756756756757,4.125,2.888888888888889,1.0,2.0,3.0,1,4.0,0.0
2022-05-02 Manchester Utd-Brentford,2122,2022-05-02,Manchester Utd,Brentford,Chris Kavanagh,4.0,4.0,1.0,2.2,1.7433155080213905,9.0,10.0,1.8,0.8,1.2058823529411764,3.603960396039604,4.0,3.0,0.0,3.0,0,1.0,2.0
2022-05-07 Brentford-Southampton,2122,2022-05-07,Brentford,Southampton,Michael Salisbury,5.0,10.0,1.6,1.0,1.1714285714285715,7.0,4.0,0.8,2.4,1.1818181818181819,5.5,5.0,3.0,0.0,3.0,0,1.0,2.0
2022-05-07 Burnley-Aston Villa,2122,2022-05-07,Burnley,Aston Villa,David Coote,7.0,10.0,1.2,0.8,1.010752688172043,7.0,4.0,0.6,1.4,1.2844036697247707,4.220588235294118,3.0,1.0,3.0,4.0,1,3.0,0.0
2022-05-07 Chelsea-Wolves,2122,2022-05-07,Chelsea,Wolves,Peter Bankes,6.0,7.0,2.0,1.2,1.7204301075268817,7.0,3.0,0.8,1.8,1.1283783783783783,4.052631578947368,2.4285714285714284,2.0,2.0,4.0,1,4.0,1.0
2022-05-07 Crystal Palace-Watford,2122,2022-05-07,Crystal Palace,Watford,Graham Scott,7.0,7.0,1.2,0.8,1.1451612903225807,7.0,0.0,0.6,2.8,1.1081081081081081,2.925,2.142857142857143,1.0,0.0,1.0,0,8.0,2.0
2022-05-07 Brighton-Manchester Utd,2122,2022-05-07,Brighton,Manchester Utd,Andy Madley,7.0,10.0,1.6,1.2,0.9732620320855615,5.0,7.0,1.6,2.0,1.75,3.0444444444444443,3.0,4.0,0.0,4.0,0,2.0,2.0
2022-05-07 Liverpool-Tottenham Hotspur,2122,2022-05-07,Liverpool,Tottenham Hotspur,Michael Oliver,7.0,13.0,2.2,0.4,2.21505376344086,6.0,10.0,2.4,0.6,1.7688172043010753,3.2447552447552446,3.3333333333333335,1.0,1.0,2.0,1,5.0,1.0
2022-05-08 Norwich City-West Ham United,2122,2022-05-08,Norwich City,West Ham United,Robert Jones,8.0,4.0,0.8,1.6,0.6666666666666666,7.0,4.0,0.8,1.4,1.411764705882353,3.142857142857143,2.6666666666666665,0.0,4.0,4.0,0,2.0,0.0
2022-05-08 Manchester City-Newcastle United,2122,2022-05-08,Manchester City,Newcastle United,Stuart Attwell,8.0,13.0,3.2,0.6,2.5268817204301075,8.0,12.0,1.4,0.4,1.0962566844919786,3.8969072164948453,3.6666666666666665,5.0,0.0,5.0,0,4.0,2.0
2022-05-08 Leicester City-Everton,2122,2022-05-08,Leicester City,Everton,Craig Pawson,7.0,5.0,1.0,1.4,1.5675675675675675,7.0,7.0,1.0,1.2,1.2108108108108109,4.025,2.3333333333333335,1.0,2.0,3.0,1,3.0,0.0
2022-05-08 Arsenal-Leeds United,2122,2022-05-08,Arsenal,Leeds United,Chris Kavanagh,7.0,9.0,2.0,1.4,1.6774193548387097,8.0,8.0,1.4,1.4,1.3888888888888888,3.5784313725490198,3.6666666666666665,2.0,1.0,3.0,1,5.0,2.0
2022-05-10 Aston Villa-Liverpool,2122,2022-05-10,Aston Villa,Liverpool,Jonathan Moss,3.0,7.0,1.2,1.4,1.3,3.0,11.0,2.0,0.6,2.2085561497326203,3.449612403100775,3.6,1.0,2.0,3.0,1,0.0,0.0
2022-05-11 Leeds United-Chelsea,2122,2022-05-11,Leeds United,Chelsea,Anthony Taylor,3.0,5.0,1.0,1.4,1.3835616438356164,4.0,5.0,1.2,1.6,1.7219251336898396,3.629370629370629,3.0,0.0,3.0,3.0,0,2.0,0.0
2022-05-11 Leicester City-Norwich City,2122,2022-05-11,Leicester City,Norwich City,Simon Hooper,3.0,2.0,0.8,1.6,1.564516129032258,3.0,3.0,0.8,2.4,0.6575342465753424,2.9782608695652173,2.0,3.0,0.0,3.0,0,0.0,2.0
2022-05-11 Watford-Everton,2122,2022-05-11,Watford,Everton,Mike Dean,4.0,0.0,0.6,2.6,1.1006711409395973,3.0,10.0,1.0,0.8,1.2150537634408602,4.124031007751938,3.4285714285714284,0.0,0.0,0.0,0,3.0,1.0
2022-05-11 Wolves-Manchester City,2122,2022-05-11,Wolves,Manchester City,Martin Atkinson,4.0,4.0,0.8,1.6,1.1342281879194631,3.0,13.0,3.8,0.6,2.5401069518716577,3.0579710144927534,3.142857142857143,1.0,5.0,6.0,1,1.0,0.0
2022-05-12 Tottenham Hotspur-Arsenal,2122,2022-05-12,Tottenham Hotspur,Arsenal,Paul Tierney,5.0,8.0,1.6,0.6,1.7647058823529411,4.0,12.0,2.2,1.2,1.679144385026738,3.7181818181818183,3.0,3.0,0.0,3.0,0,5.0,2.0
2022-05-15 West Ham United-Manchester City,2122,2022-05-15,West Ham United,Manchester City,Anthony Taylor,7.0,4.0,1.2,1.2,1.425531914893617,4.0,15.0,4.4,0.4,2.5531914893617023,3.6180555555555554,3.111111111111111,2.0,2.0,4.0,1,4.0,1.0
2022-05-15 Everton-Brentford,2122,2022-05-15,Everton,Brentford,Michael Oliver,4.0,8.0,0.8,0.8,1.2085561497326203,8.0,10.0,1.4,0.8,1.2222222222222223,3.2569444444444446,1.0,2.0,3.0,5.0,1,10.0,0.0
2022-05-15 Wolves-Norwich City,2122,2022-05-15,Wolves,Norwich City,Tony Harrington,4.0,1.0,0.6,2.4,1.1333333333333333,4.0,0.0,0.4,3.0,0.6486486486486487,2.0,2.0,1.0,1.0,2.0,1,3.0,1.0
2022-05-15 Leeds United-Brighton,2122,2022-05-15,Leeds United,Brighton,Mike Dean,4.0,4.0,0.8,1.8,1.364864864864865,8.0,10.0,2.0,1.0,0.9893617021276596,4.115384615384615,1.0,1.0,1.0,2.0,1,10.0,1.0
2022-05-15 Aston Villa-Crystal Palace,2122,2022-05-15,Aston Villa,Crystal Palace,Chris Kavanagh,5.0,7.0,1.2,1.4,1.2972972972972974,8.0,7.0,0.8,0.8,1.1443850267379678,3.592233009708738,2.8,1.0,1.0,2.0,1,4.0,1.0
2022-05-15 Tottenham Hotspur-Burnley,2122,2022-05-15,Tottenham Hotspur,Burnley,Kevin Friend,3.0,8.0,1.4,0.6,1.7712765957446808,8.0,10.0,1.4,1.0,1.0106951871657754,3.245614035087719,2.4444444444444446,1.0,0.0,1.0,0,10.0,2.0
2022-05-15 Watford-Leicester City,2122,2022-05-15,Watford,Leicester City,Jarred Gillett,4.0,1.0,0.6,2.0,1.0933333333333333,4.0,5.0,1.2,1.2,1.572192513368984,4.5,2.857142857142857,1.0,5.0,6.0,1,1.0,0.0
2022-05-16 Newcastle United-Arsenal,2122,2022-05-16,Newcastle United,Arsenal,Darren England,8.0,9.0,1.2,1.4,1.0904255319148937,4.0,12.0,2.2,1.6,1.6702127659574468,4.538461538461538,2.3333333333333335,2.0,0.0,2.0,0,3.0,2.0
2022-05-17 Southampton-Liverpool,2122,2022-05-17,Southampton,Liverpool,Martin Atkinson,10.0,4.0,0.8,1.8,1.175531914893617,7.0,13.0,2.0,0.4,2.2074468085106385,3.0431654676258995,2.888888888888889,1.0,2.0,3.0,1,2.0,0.0
2022-05-19 Chelsea-Leicester City,2122,2022-05-19,Chelsea,Leicester City,Stuart Attwell,8.0,8.0,1.4,0.8,1.7287234042553192,4.0,7.0,2.0,1.2,1.5904255319148937,3.8979591836734695,2.0,1.0,1.0,2.0,1,5.0,1.0
2022-05-19 Everton-Crystal Palace,2122,2022-05-19,Everton,Crystal Palace,Anthony Taylor,4.0,7.0,1.0,1.2,1.2127659574468086,4.0,8.0,0.8,0.6,1.1436170212765957,3.6206896551724137,2.5555555555555554,3.0,2.0,5.0,1,5.0,2.0
2022-05-19 Aston Villa-Burnley,2122,2022-05-19,Aston Villa,Burnley,Paul Tierney,4.0,8.0,1.4,0.8,1.2946428571428572,4.0,9.0,1.2,1.0,1.0053191489361701,3.72972972972973,3.2,1.0,1.0,2.0,1,2.0,1.0
2022-05-22 Liverpool-Wolves,2122,2022-05-22,Liverpool,Wolves,Anthony Taylor,5.0,13.0,1.6,0.6,2.2063492063492065,7.0,2.0,0.8,2.4,1.1324503311258278,3.6301369863013697,2.0,3.0,1.0,4.0,1,1.0,2.0
2022-05-22 Leicester City-Southampton,2122,2022-05-22,Leicester City,Southampton,Jonathan Moss,3.0,7.0,2.2,1.4,1.5873015873015872,5.0,1.0,0.8,2.2,1.1746031746031746,3.423076923076923,3.4444444444444446,4.0,1.0,5.0,1,2.0,2.0
2022-05-22 Norwich City-Tottenham Hotspur,2122,2022-05-22,Norwich City,Tottenham Hotspur,Chris Kavanagh,7.0,1.0,0.2,2.6,0.6533333333333333,7.0,11.0,1.6,0.4,1.7671957671957672,3.5961538461538463,3.3333333333333335,0.0,5.0,5.0,0,4.0,0.0
2022-05-22 Manchester City-Aston Villa,2122,2022-05-22,Manchester City,Aston Villa,Michael Oliver,7.0,13.0,4.2,0.8,2.5502645502645502,3.0,8.0,1.6,1.0,1.2920353982300885,3.303448275862069,3.6,3.0,2.0,5.0,1,2.0,2.0
2022-05-22 Crystal Palace-Manchester Utd,2122,2022-05-22,Crystal Palace,Manchester Utd,Martin Atkinson,3.0,8.0,1.2,1.0,1.1481481481481481,15.0,4.0,1.0,2.4,1.7407407407407407,3.0357142857142856,2.5555555555555554,1.0,0.0,1.0,0,12.0,2.0
2022-05-22 Chelsea-Watford,2122,2022-05-22,Chelsea,Watford,Mike Dean,3.0,6.0,1.4,1.0,1.7248677248677249,7.0,1.0,0.6,2.6,1.0927152317880795,4.1603053435114505,3.7142857142857144,2.0,1.0,3.0,1,0.0,2.0
2022-05-22 Burnley-Newcastle United,2122,2022-05-22,Burnley,Newcastle United,Craig Pawson,3.0,7.0,1.0,1.2,1.0052910052910053,6.0,9.0,1.2,1.2,1.0952380952380953,4.016528925619835,1.8888888888888888,1.0,2.0,3.0,1,1.0,0.0
2022-05-22 Brighton-West Ham United,2122,2022-05-22,Brighton,West Ham United,Kevin Friend,7.0,8.0,2.0,1.2,0.9894179894179894,7.0,5.0,1.6,1.2,1.4285714285714286,3.3043478260869565,3.111111111111111,3.0,1.0,4.0,1,2.0,2.0
2022-05-22 Brentford-Leeds United,2122,2022-05-22,Brentford,Leeds United,Paul Tierney,7.0,10.0,1.6,1.2,1.2702702702702702,7.0,2.0,0.4,2.0,1.36,3.7142857142857144,4.0,1.0,2.0,3.0,1,8.0,0.0
2022-05-22 Arsenal-Everton,2122,2022-05-22,Arsenal,Everton,Andre Marriner,6.0,9.0,1.4,1.6,1.6613756613756614,3.0,10.0,1.6,1.2,1.2222222222222223,2.84297520661157,3.111111111111111,5.0,1.0,6.0,1,0.0,2.0
2022-08-05 Crystal Palace-Arsenal,2223,2022-08-05,Crystal Palace,Arsenal,Anthony Taylor,75.0,10.0,1.4,1.0,1.1473684210526316,75.0,9.0,1.8,1.6,1.6789473684210525,3.6122448979591835,3.6,0.0,2.0,2.0,0,6.0,0.0
2022-08-06 Tottenham Hotspur-Southampton,2223,2022-08-06,Tottenham Hotspur,Southampton,Andre Marriner,76.0,13.0,2.6,0.4,1.7842105263157895,76.0,1.0,1.0,2.6,1.1736842105263159,2.819672131147541,3.7,4.0,1.0,5.0,1,6.0,2.0
2022-08-06 Everton-Chelsea,2223,2022-08-06,Everton,Chelsea,Craig Pawson,76.0,7.0,1.6,2.2,1.2210526315789474,76.0,8.0,1.6,1.0,1.7263157894736842,3.9918032786885247,1.8,0.0,1.0,1.0,0,10.0,0.0
2022-08-06 Bournemouth-Aston Villa,2223,2022-08-06,Bournemouth,Aston Villa,Peter Bankes,741.0,7.0,1.6,1.2,1.236842105263158,76.0,5.0,1.6,1.6,1.2982456140350878,4.051282051282051,3.0,2.0,0.0,2.0,0,12.0,2.0
2022-08-06 Fulham-Liverpool,2223,2022-08-06,Fulham,Liverpool,Andy Madley,440.0,1.0,0.4,2.0,0.8026315789473685,76.0,13.0,1.8,0.8,2.210526315789474,3.0217391304347827,2.0,2.0,2.0,4.0,1,4.0,1.0
2022-08-06 Leeds United-Wolves,2223,2022-08-06,Leeds United,Wolves,Robert Jones,76.0,4.0,0.8,2.2,1.368421052631579,76.0,2.0,1.0,2.8,1.131578947368421,3.090909090909091,2.25,2.0,1.0,3.0,1,4.0,2.0
2022-08-07 Leicester City-Brentford,2223,2022-08-07,Leicester City,Brentford,Jarred Gillett,77.0,10.0,2.8,1.0,1.6,77.0,7.0,1.4,1.4,1.263157894736842,4.111111111111111,3.0,2.0,2.0,4.0,1,0.0,1.0
2022-08-07 Manchester Utd-Brighton,2223,2022-08-07,Manchester Utd,Brighton,Paul Tierney,77.0,4.0,1.0,1.8,1.731578947368421,77.0,11.0,2.6,0.8,1.0,3.752212389380531,3.1,1.0,2.0,3.0,1,10.0,0.0
2022-08-07 West Ham United-Manchester City,2223,2022-08-07,West Ham United,Manchester City,Michael Oliver,77.0,4.0,1.6,1.6,1.4263157894736842,77.0,13.0,3.8,1.0,2.5526315789473686,3.2945205479452055,3.2,0.0,2.0,2.0,0,2.0,0.0
2022-08-13 Wolves-Fulham,2223,2022-08-13,Wolves,Fulham,John Brooks,7.0,2.0,1.2,2.6,1.130718954248366,7.0,2.0,0.8,2.0,0.8181818181818182,5.25,1.25,0.0,0.0,0.0,0,12.0,1.0
2022-08-13 Aston Villa-Everton,2223,2022-08-13,Aston Villa,Everton,Michael Oliver,7.0,2.0,1.0,1.8,1.2869565217391303,7.0,4.0,1.2,2.2,1.2146596858638743,3.2857142857142856,1.8333333333333333,2.0,1.0,3.0,1,10.0,2.0
2022-08-13 Arsenal-Leicester City,2223,2022-08-13,Arsenal,Leicester City,Darren England,8.0,9.0,1.8,1.4,1.6806282722513088,6.0,11.0,3.0,1.0,1.6020942408376964,4.481481481481482,3.1,4.0,2.0,6.0,1,4.0,2.0
2022-08-13 Brighton-Newcastle United,2223,2022-08-13,Brighton,Newcastle United,Graham Scott,6.0,13.0,2.6,0.6,1.0052356020942408,7.0,9.0,1.2,1.4,1.1047120418848169,2.9876543209876543,1.5,0.0,0.0,0.0,0,10.0,1.0
2022-08-13 Manchester City-Bournemouth,2223,2022-08-13,Manchester City,Bournemouth,David Coote,6.0,13.0,3.4,1.0,2.549738219895288,7.0,9.0,2.0,1.2,1.2434782608695651,4.202898550724638,3.1666666666666665,4.0,0.0,4.0,0,6.0,2.0
2022-08-13 Southampton-Leeds United,2223,2022-08-13,Southampton,Leeds United,Tony Harrington,7.0,0.0,0.8,3.0,1.1727748691099475,7.0,7.0,1.2,1.6,1.3766233766233766,2.3333333333333335,2.0,2.0,2.0,4.0,1,8.0,1.0
2022-08-13 Brentford-Manchester Utd,2223,2022-08-13,Brentford,Manchester Utd,Stuart Attwell,6.0,7.0,1.8,1.8,1.2820512820512822,6.0,4.0,1.0,1.6,1.7277486910994764,3.909090909090909,3.5,4.0,0.0,4.0,0,8.0,2.0
2022-08-14 Chelsea-Tottenham Hotspur,2223,2022-08-14,Chelsea,Tottenham Hotspur,Anthony Taylor,8.0,11.0,1.8,0.8,1.7225130890052356,8.0,13.0,2.8,0.4,1.7958115183246073,3.6283783783783785,2.4,2.0,2.0,4.0,1,6.0,1.0
2022-08-14 Nottingham Forest-West Ham United,2223,2022-08-14,Nottingham Forest,West Ham United,Robert Jones,8.0,0.0,0.0,2.0,0.0,7.0,4.0,1.6,1.8,1.418848167539267,3.130434782608696,2.85,1.0,0.0,1.0,0,10.0,2.0
2022-08-15 Liverpool-Crystal Palace,2223,2022-08-15,Liverpool,Crystal Palace,Paul Tierney,9.0,11.0,2.0,1.2,2.2094240837696337,10.0,7.0,1.0,1.2,1.1413612565445026,3.807017543859649,3.6,1.0,1.0,2.0,1,14.0,1.0
2022-08-20 Tottenham Hotspur-Wolves,2223,2022-08-20,Tottenham Hotspur,Wolves,Simon Hooper,6.0,13.0,3.0,0.6,1.796875,7.0,2.0,0.8,2.2,1.1233766233766234,2.9791666666666665,3.0,1.0,0.0,1.0,0,8.0,2.0
2022-08-20 Crystal Palace-Aston Villa,2223,2022-08-20,Crystal Palace,Aston Villa,Andy Madley,5.0,5.0,1.0,1.4,1.140625,7.0,5.0,1.2,1.6,1.293103448275862,3.0425531914893615,2.6666666666666665,3.0,1.0,4.0,1,6.0,2.0
2022-08-20 Everton-Nottingham Forest,2223,2022-08-20,Everton,Nottingham Forest,Andre Marriner,7.0,3.0,1.4,2.6,1.2135416666666667,6.0,3.0,0.5,1.0,0.5,2.845528455284553,2.85,1.0,1.0,2.0,1,10.0,1.0
2022-08-20 Fulham-Brentford,2223,2022-08-20,Fulham,Brentford,Peter Bankes,7.0,3.0,0.8,1.6,0.8076923076923077,7.0,10.0,2.6,1.2,1.35,4.25,2.85,3.0,2.0,5.0,1,10.0,2.0
2022-08-20 Leicester City-Southampton,2223,2022-08-20,Leicester City,Southampton,Michael Salisbury,7.0,8.0,2.8,1.8,1.6041666666666667,7.0,1.0,1.0,3.0,1.1770833333333333,4.0,3.6,1.0,2.0,3.0,1,10.0,0.0
2022-08-20 Bournemouth-Arsenal,2223,2022-08-20,Bournemouth,Arsenal,Craig Pawson,7.0,6.0,1.2,1.8,1.2327586206896552,7.0,9.0,2.2,1.6,1.6927083333333333,4.040650406504065,3.0,0.0,3.0,3.0,0,6.0,0.0
2022-08-21 West Ham United-Brighton,2223,2022-08-21,West Ham United,Brighton,Anthony Taylor,7.0,4.0,1.4,1.6,1.4114583333333333,8.0,11.0,2.0,0.6,1.0,3.6442953020134228,3.2,0.0,2.0,2.0,0,4.0,0.0
2022-08-21 Leeds United-Chelsea,2223,2022-08-21,Leeds United,Chelsea,Stuart Attwell,8.0,8.0,1.4,1.6,1.3846153846153846,7.0,11.0,1.8,0.8,1.7239583333333333,3.95,3.0,3.0,0.0,3.0,0,4.0,2.0
2022-08-21 Newcastle United-Manchester City,2223,2022-08-21,Newcastle United,Manchester City,Jarred Gillett,8.0,10.0,1.2,1.2,1.0989583333333333,8.0,13.0,3.2,1.0,2.5572916666666665,3.7,3.8,3.0,3.0,6.0,1,12.0,1.0
2022-08-22 Manchester Utd-Liverpool,2223,2022-08-22,Manchester Utd,Liverpool,Michael Oliver,9.0,3.0,0.8,2.2,1.71875,7.0,11.0,2.0,1.2,2.203125,3.331081081081081,2.6,2.0,1.0,3.0,1,8.0,2.0
2022-08-27 Southampton-Manchester Utd,2223,2022-08-27,Southampton,Manchester Utd,Andy Madley,7.0,4.0,1.4,2.6,1.1813471502590673,5.0,3.0,0.6,2.4,1.7202072538860103,3.1041666666666665,3.4,0.0,1.0,1.0,0,6.0,0.0
2022-08-27 Brentford-Everton,2223,2022-08-27,Brentford,Everton,John Brooks,7.0,7.0,2.4,1.8,1.3658536585365855,7.0,4.0,1.2,2.2,1.2124352331606219,6.6,3.0,1.0,1.0,2.0,1,8.0,1.0
2022-08-27 Brighton-Leeds United,2223,2022-08-27,Brighton,Leeds United,Michael Salisbury,6.0,11.0,1.6,0.6,1.005181347150259,6.0,11.0,2.0,1.0,1.4050632911392404,5.5,1.25,1.0,0.0,1.0,0,10.0,2.0
2022-08-27 Chelsea-Leicester City,2223,2022-08-27,Chelsea,Leicester City,Paul Tierney,6.0,8.0,1.2,1.4,1.7150259067357514,7.0,5.0,2.0,2.0,1.6010362694300517,3.8956521739130436,2.0,2.0,1.0,3.0,1,8.0,2.0
2022-08-27 Liverpool-Bournemouth,2223,2022-08-27,Liverpool,Bournemouth,Stuart Attwell,5.0,8.0,1.8,1.4,2.1968911917098444,7.0,6.0,1.0,2.0,1.2222222222222223,3.9504950495049505,3.3333333333333335,9.0,0.0,9.0,0,2.0,2.0
2022-08-27 Manchester City-Crystal Palace,2223,2022-08-27,Manchester City,Crystal Palace,Darren England,6.0,11.0,2.8,1.4,2.5595854922279795,7.0,7.0,1.4,1.4,1.150259067357513,4.464285714285714,2.8,4.0,2.0,6.0,1,6.0,2.0
2022-08-27 Arsenal-Fulham,2223,2022-08-27,Arsenal,Fulham,Jarred Gillett,7.0,12.0,2.8,1.0,1.6994818652849741,7.0,6.0,1.2,1.4,0.8354430379746836,4.454545454545454,4.0,2.0,1.0,3.0,1,10.0,2.0
2022-08-28 Wolves-Newcastle United,2223,2022-08-28,Wolves,Newcastle United,Peter Bankes,8.0,2.0,0.6,1.4,1.1161290322580646,7.0,11.0,1.8,0.8,1.1088082901554404,4.390243902439025,2.125,1.0,1.0,2.0,1,6.0,1.0
2022-08-28 Nottingham Forest-Tottenham Hotspur,2223,2022-08-28,Nottingham Forest,Tottenham Hotspur,Craig Pawson,8.0,4.0,0.6666666666666666,1.0,0.6666666666666666,8.0,13.0,2.6,0.6,1.7927461139896372,4.056451612903226,2.85,0.0,2.0,2.0,0,14.0,0.0
2022-08-28 Aston Villa-West Ham United,2223,2022-08-28,Aston Villa,West Ham United,David Coote,8.0,4.0,1.2,2.0,1.2905982905982907,7.0,1.0,0.6,2.0,1.4041450777202074,4.228571428571429,2.8333333333333335,0.0,1.0,1.0,0,4.0,0.0
2022-08-30 Leeds United-Everton,2223,2022-08-30,Leeds United,Everton,Darren England,3.0,10.0,1.8,1.0,1.3875,3.0,2.0,0.8,2.0,1.211340206185567,4.517241379310345,2.75,1.0,1.0,2.0,1,12.0,1.0
2022-08-30 Southampton-Chelsea,2223,2022-08-30,Southampton,Chelsea,Michael Oliver,3.0,4.0,1.2,2.4,1.175257731958763,3.0,10.0,1.4,1.4,1.7164948453608246,3.3624161073825505,3.4,2.0,1.0,3.0,1,6.0,2.0
2022-08-30 Fulham-Brighton,2223,2022-08-30,Fulham,Brighton,Thomas Bramall,3.0,5.0,1.2,1.6,0.8375,3.0,13.0,1.6,0.4,1.0051546391752577,5.229605263157895,2.5,2.0,1.0,3.0,1,6.0,2.0
2022-08-30 Crystal Palace-Brentford,2223,2022-08-30,Crystal Palace,Brentford,Simon Hooper,3.0,7.0,1.4,1.6,1.1546391752577319,3.0,5.0,2.0,1.6,1.3571428571428572,3.0816326530612246,0.0,1.0,1.0,2.0,1,6.0,1.0
2022-08-31 Arsenal-Aston Villa,2223,2022-08-31,Arsenal,Aston Villa,Robert Jones,4.0,15.0,3.2,0.8,1.7010309278350515,3.0,3.0,1.0,2.0,1.2796610169491525,3.4166666666666665,2.5,2.0,1.0,3.0,1,10.0,2.0
2022-08-31 Bournemouth-Wolves,2223,2022-08-31,Bournemouth,Wolves,Anthony Taylor,4.0,6.0,1.0,3.4,1.2118644067796611,3.0,2.0,0.6,1.4,1.1153846153846154,3.6466666666666665,2.0,0.0,0.0,0.0,0,6.0,1.0
2022-08-31 Manchester City-Nottingham Forest,2223,2022-08-31,Manchester City,Nottingham Forest,Paul Tierney,4.0,13.0,3.2,1.4,2.5670103092783507,3.0,4.0,0.5,1.25,0.5,3.9310344827586206,2.85,6.0,0.0,6.0,0,2.0,2.0
2022-08-31 West Ham United-Tottenham Hotspur,2223,2022-08-31,West Ham United,Tottenham Hotspur,Peter Bankes,3.0,3.0,0.4,1.6,1.402061855670103,3.0,13.0,2.8,0.6,1.7938144329896908,4.428571428571429,3.0,1.0,1.0,2.0,1,14.0,1.0
2022-08-31 Liverpool-Newcastle United,2223,2022-08-31,Liverpool,Newcastle United,Andre Marriner,4.0,8.0,3.2,1.2,2.231958762886598,3.0,9.0,1.6,1.0,1.1082474226804124,2.903225806451613,2.8,2.0,1.0,3.0,1,4.0,2.0
2022-09-01 Leicester City-Manchester Utd,2223,2022-09-01,Leicester City,Manchester Utd,Craig Pawson,5.0,4.0,2.0,2.2,1.597938144329897,5.0,6.0,0.8,1.6,1.7164948453608246,4.136,2.8,0.0,1.0,1.0,0,8.0,0.0
2022-09-03 Aston Villa-Manchester City,2223,2022-09-03,Aston Villa,Manchester City,Simon Hooper,3.0,3.0,0.8,1.8,1.2773109243697478,3.0,13.0,3.8,1.0,2.5846153846153848,3.14,3.8333333333333335,1.0,1.0,2.0,1,4.0,1.0
2022-09-03 Wolves-Southampton,2223,2022-09-03,Wolves,Southampton,John Brooks,3.0,3.0,0.4,0.8,1.10828025477707,4.0,7.0,1.4,1.8,1.1794871794871795,6.833333333333333,2.875,1.0,0.0,1.0,0,12.0,2.0
2022-09-03 Tottenham Hotspur-Fulham,2223,2022-09-03,Tottenham Hotspur,Fulham,Stuart Attwell,3.0,11.0,2.0,0.8,1.7897435897435898,4.0,8.0,1.6,1.4,0.8518518518518519,3.9313725490196076,2.5,2.0,1.0,3.0,1,14.0,2.0
2022-09-03 Nottingham Forest-Bournemouth,2223,2022-09-03,Nottingham Forest,Bournemouth,Michael Oliver,3.0,4.0,0.4,2.2,0.4,3.0,4.0,0.4,3.2,1.2016806722689075,3.38,2.85,2.0,3.0,5.0,1,6.0,0.0
2022-09-03 Newcastle United-Crystal Palace,2223,2022-09-03,Newcastle United,Crystal Palace,Michael Salisbury,3.0,6.0,1.4,1.2,1.1076923076923078,4.0,5.0,1.4,1.8,1.1538461538461537,6.4,1.4,0.0,0.0,0.0,0,6.0,1.0
2022-09-03 Chelsea-West Ham United,2223,2022-09-03,Chelsea,West Ham United,Andy Madley,4.0,7.0,1.2,1.6,1.7128205128205127,3.0,4.0,0.4,1.2,1.4,3.163265306122449,2.1,2.0,1.0,3.0,1,12.0,2.0
2022-09-03 Brentford-Leeds United,2223,2022-09-03,Brentford,Leeds United,Robert Jones,4.0,6.0,2.0,1.4,1.3488372093023255,4.0,8.0,1.6,1.0,1.382716049382716,3.68,3.5,5.0,2.0,7.0,1,8.0,2.0
2022-09-03 Everton-Liverpool,2223,2022-09-03,Everton,Liverpool,Anthony Taylor,4.0,3.0,0.8,1.2,1.2102564102564102,3.0,8.0,3.0,1.2,2.230769230769231,3.662251655629139,2.3,0.0,0.0,0.0,0,8.0,1.0
2022-09-04 Brighton-Leicester City,2223,2022-09-04,Brighton,Leicester City,Tony Harrington,5.0,10.0,1.2,0.6,1.005128205128205,3.0,1.0,1.2,2.2,1.5897435897435896,3.75,2.2,5.0,2.0,7.0,1,4.0,2.0
2022-09-04 Manchester Utd-Arsenal,2223,2022-09-04,Manchester Utd,Arsenal,Paul Tierney,3.0,9.0,1.0,1.4,1.7128205128205127,4.0,15.0,2.6,0.8,1.7025641025641025,3.9145299145299144,2.7,3.0,1.0,4.0,1,12.0,2.0
2022-09-16 Aston Villa-Southampton,2223,2022-09-16,Aston Villa,Southampton,Tony Harrington,13.0,4.0,1.0,1.6,1.275,13.0,7.0,1.2,1.2,1.1734693877551021,3.8,3.1666666666666665,1.0,0.0,1.0,0,8.0,2.0
2022-09-16 Nottingham Forest-Fulham,2223,2022-09-16,Nottingham Forest,Fulham,Jarred Gillett,13.0,4.0,0.8,2.4,0.6666666666666666,13.0,7.0,1.4,1.4,0.8536585365853658,4.916666666666667,2.85,2.0,3.0,5.0,1,12.0,0.0
2022-09-17 Wolves-Manchester City,2223,2022-09-17,Wolves,Manchester City,Anthony Taylor,14.0,6.0,0.4,0.4,1.1075949367088607,14.0,11.0,3.6,1.2,2.576530612244898,3.6907894736842106,3.5,0.0,3.0,3.0,0,8.0,0.0
2022-09-17 Newcastle United-Bournemouth,2223,2022-09-17,Newcastle United,Bournemouth,Craig Pawson,14.0,4.0,1.0,1.2,1.1020408163265305,14.0,4.0,0.6,3.6,1.2166666666666666,4.166666666666667,3.3333333333333335,1.0,1.0,2.0,1,8.0,1.0
2022-09-17 Tottenham Hotspur-Leicester City,2223,2022-09-17,Tottenham Hotspur,Leicester City,Simon Hooper,14.0,11.0,1.6,0.8,1.7908163265306123,13.0,0.0,1.2,2.8,1.5918367346938775,3.156862745098039,4.1,6.0,2.0,8.0,1,6.0,2.0
2022-09-18 Everton-West Ham United,2223,2022-09-18,Everton,West Ham United,Michael Oliver,15.0,4.0,0.8,1.0,1.2040816326530612,15.0,4.0,0.6,1.2,1.3979591836734695,3.3973509933774833,2.4,1.0,0.0,1.0,0,8.0,2.0
2022-09-18 Brentford-Arsenal,2223,2022-09-18,Brentford,Arsenal,David Coote,15.0,8.0,2.6,1.4,1.4318181818181819,14.0,12.0,2.4,1.4,1.6989795918367347,4.225352112676056,2.5,0.0,3.0,3.0,0,4.0,0.0
2022-10-01 Arsenal-Tottenham Hotspur,2223,2022-10-01,Arsenal,Tottenham Hotspur,Anthony Taylor,13.0,12.0,2.2,1.0,1.7055837563451777,14.0,13.0,2.4,0.8,1.8121827411167513,3.718954248366013,3.0,3.0,1.0,4.0,1,8.0,2.0
2022-10-01 Bournemouth-Brentford,2223,2022-10-01,Bournemouth,Brentford,Thomas Bramall,14.0,5.0,0.8,3.0,1.2148760330578512,13.0,5.0,1.8,2.0,1.4,6.0,2.85,0.0,0.0,0.0,0,6.0,1.0
2022-10-01 Crystal Palace-Chelsea,2223,2022-10-01,Crystal Palace,Chelsea,Chris Kavanagh,28.0,6.0,1.4,1.4,1.1479591836734695,28.0,7.0,1.4,1.8,1.7142857142857142,3.6,3.1,1.0,2.0,3.0,1,8.0,0.0
2022-10-01 Fulham-Newcastle United,2223,2022-10-01,Fulham,Newcastle United,Darren England,15.0,9.0,2.0,1.8,0.8795180722891566,14.0,4.0,1.2,1.4,1.101522842639594,4.766666666666667,2.0,1.0,4.0,5.0,1,6.0,0.0
2022-10-01 Liverpool-Brighton,2223,2022-10-01,Liverpool,Brighton,Andy Madley,28.0,8.0,2.6,0.8,2.2193877551020407,27.0,10.0,1.8,0.8,1.0255102040816326,3.34,2.8,3.0,3.0,6.0,1,4.0,1.0
2022-10-01 Southampton-Everton,2223,2022-10-01,Southampton,Everton,Andre Marriner,15.0,6.0,0.8,1.0,1.16751269035533,13.0,7.0,0.8,0.6,1.2030456852791878,2.912,2.7,1.0,2.0,3.0,1,8.0,0.0
2022-10-01 West Ham United-Wolves,2223,2022-10-01,West Ham United,Wolves,Paul Tierney,13.0,4.0,0.6,1.2,1.3908629441624365,14.0,5.0,0.4,1.0,1.10062893081761,3.983050847457627,2.375,2.0,0.0,2.0,0,8.0,2.0
2022-10-02 Manchester City-Manchester Utd,2223,2022-10-02,Manchester City,Manchester Utd,Michael Oliver,15.0,11.0,3.4,1.2,2.5786802030456855,28.0,12.0,1.4,1.2,1.719387755102041,3.4276315789473686,2.8,6.0,3.0,9.0,1,6.0,2.0
2022-10-02 Leeds United-Aston Villa,2223,2022-10-02,Leeds United,Aston Villa,Stuart Attwell,29.0,5.0,1.6,1.8,1.3902439024390243,16.0,4.0,0.8,1.4,1.2727272727272727,4.029126213592233,3.25,0.0,0.0,0.0,0,12.0,1.0
2022-10-03 Leicester City-Nottingham Forest,2223,2022-10-03,Leicester City,Nottingham Forest,Robert Jones,16.0,0.0,1.2,3.2,1.5939086294416243,17.0,1.0,1.0,3.0,0.8571428571428571,3.8461538461538463,2.85,4.0,0.0,4.0,0,12.0,2.0
2022-10-08 Bournemouth-Leicester City,2223,2022-10-08,Bournemouth,Leicester City,Michael Salisbury,7.0,6.0,0.8,2.4,1.2049180327868851,5.0,3.0,1.8,2.8,1.606060606060606,6.333333333333333,3.1666666666666665,2.0,1.0,3.0,1,6.0,2.0
2022-10-08 Chelsea-Wolves,2223,2022-10-08,Chelsea,Wolves,Simon Hooper,7.0,9.0,1.4,1.6,1.715736040609137,7.0,5.0,0.4,1.2,1.09375,3.2115384615384617,2.625,3.0,0.0,3.0,0,4.0,2.0
2022-10-08 Manchester City-Southampton,2223,2022-10-08,Manchester City,Southampton,Andy Madley,6.0,13.0,4.0,1.2,2.595959595959596,7.0,3.0,0.6,1.2,1.1666666666666667,3.3529411764705883,2.9,4.0,0.0,4.0,0,2.0,2.0
2022-10-08 Newcastle United-Brentford,2223,2022-10-08,Newcastle United,Brentford,John Brooks,7.0,6.0,1.4,1.0,1.1161616161616161,7.0,6.0,1.4,1.4,1.3695652173913044,7.571428571428571,4.0,5.0,1.0,6.0,1,2.0,2.0
2022-10-08 Brighton-Tottenham Hotspur,2223,2022-10-08,Brighton,Tottenham Hotspur,Tony Harrington,7.0,10.0,2.4,1.4,1.0355329949238579,7.0,10.0,2.4,1.4,1.8080808080808082,4.5,2.1,0.0,1.0,1.0,0,6.0,0.0
2022-10-09 Crystal Palace-Leeds United,2223,2022-10-09,Crystal Palace,Leeds United,Paul Tierney,8.0,5.0,1.4,1.6,1.1472081218274113,7.0,5.0,1.2,1.4,1.3734939759036144,4.016806722689076,2.0,2.0,1.0,3.0,1,12.0,2.0
2022-10-09 West Ham United-Fulham,2223,2022-10-09,West Ham United,Fulham,Chris Kavanagh,8.0,7.0,1.0,0.8,1.393939393939394,8.0,6.0,1.6,2.2,0.8809523809523809,3.641509433962264,1.75,3.0,1.0,4.0,1,8.0,2.0
2022-10-09 Arsenal-Liverpool,2223,2022-10-09,Arsenal,Liverpool,Michael Oliver,8.0,12.0,2.2,1.2,1.7121212121212122,8.0,8.0,3.0,1.2,2.2233502538071064,3.4444444444444446,3.8,3.0,2.0,5.0,1,6.0,2.0
2022-10-09 Everton-Manchester Utd,2223,2022-10-09,Everton,Manchester Utd,David Coote,8.0,9.0,1.0,0.6,1.207070707070707,7.0,12.0,2.0,1.6,1.7258883248730965,4.222222222222222,3.0,1.0,2.0,3.0,1,6.0,0.0
2022-10-10 Nottingham Forest-Aston Villa,2223,2022-10-10,Nottingham Forest,Aston Villa,Anthony Taylor,7.0,0.0,0.8,3.6,0.75,8.0,5.0,0.6,0.8,1.2622950819672132,3.7467532467532467,2.85,1.0,1.0,2.0,1,12.0,1.0
2022-10-14 Brentford-Brighton,2223,2022-10-14,Brentford,Brighton,Michael Salisbury,6.0,5.0,1.4,2.2,1.3617021276595744,6.0,7.0,2.0,1.6,1.0303030303030303,6.285714285714286,1.5,2.0,0.0,2.0,0,8.0,2.0
2022-10-15 Tottenham Hotspur-Everton,2223,2022-10-15,Tottenham Hotspur,Everton,Paul Tierney,7.0,10.0,2.2,1.4,1.8040201005025125,6.0,8.0,1.0,0.8,1.2060301507537687,4.083333333333333,3.2,2.0,0.0,2.0,0,10.0,2.0
2022-10-15 Wolves-Nottingham Forest,2223,2022-10-15,Wolves,Nottingham Forest,Thomas Bramall,7.0,4.0,0.2,1.6,1.0869565217391304,5.0,1.0,1.0,3.4,0.7777777777777778,6.0,2.85,1.0,0.0,1.0,0,8.0,2.0
2022-10-15 Leicester City-Crystal Palace,2223,2022-10-15,Leicester City,Crystal Palace,Andy Madley,7.0,3.0,1.8,2.8,1.6030150753768844,6.0,5.0,1.2,1.6,1.1515151515151516,3.326923076923077,3.1,0.0,0.0,0.0,0,8.0,1.0
2022-10-15 Fulham-Bournemouth,2223,2022-10-15,Fulham,Bournemouth,Graham Scott,6.0,6.0,1.6,2.4,0.8823529411764706,7.0,9.0,1.2,0.8,1.2113821138211383,3.073170731707317,2.0,2.0,2.0,4.0,1,4.0,1.0
2022-10-16 Aston Villa-Chelsea,2223,2022-10-16,Aston Villa,Chelsea,Robert Jones,6.0,6.0,0.8,0.8,1.2601626016260163,8.0,12.0,2.0,1.0,1.7222222222222223,4.148148148148148,3.0,0.0,2.0,2.0,0,6.0,0.0
2022-10-16 Leeds United-Arsenal,2223,2022-10-16,Leeds United,Arsenal,Chris Kavanagh,7.0,2.0,0.8,1.8,1.369047619047619,7.0,12.0,2.4,1.4,1.7185929648241205,3.682242990654206,3.5,0.0,1.0,1.0,0,4.0,0.0
2022-10-16 Manchester Utd-Newcastle United,2223,2022-10-16,Manchester Utd,Newcastle United,Craig Pawson,7.0,12.0,2.0,1.6,1.7272727272727273,8.0,8.0,2.2,1.0,1.135678391959799,4.196850393700787,3.5,0.0,0.0,0.0,0,8.0,1.0
2022-10-16 Southampton-West Ham United,2223,2022-10-16,Southampton,West Ham United,Peter Bankes,8.0,3.0,0.6,1.8,1.1608040201005025,7.0,7.0,1.4,1.0,1.4020100502512562,4.651162790697675,2.7,1.0,1.0,2.0,1,4.0,1.0
2022-10-16 Liverpool-Manchester City,2223,2022-10-16,Liverpool,Manchester City,Anthony Taylor,7.0,8.0,3.2,1.4,2.2222222222222223,8.0,13.0,4.0,0.8,2.6030150753768844,3.8,3.8,1.0,0.0,1.0,0,8.0,2.0
2022-10-18 Brighton-Nottingham Forest,2223,2022-10-18,Brighton,Nottingham Forest,Darren England,4.0,4.0,1.8,2.0,1.0251256281407035,3.0,1.0,1.0,2.4,0.7,4.806451612903226,2.85,0.0,0.0,0.0,0,8.0,1.0
2022-10-18 Crystal Palace-Wolves,2223,2022-10-18,Crystal Palace,Wolves,David Coote,3.0,6.0,0.8,0.8,1.1457286432160805,3.0,6.0,0.4,1.6,1.0864197530864197,4.2465753424657535,1.75,2.0,1.0,3.0,1,8.0,2.0
2022-10-19 Brentford-Chelsea,2223,2022-10-19,Brentford,Chelsea,Jarred Gillett,5.0,7.0,1.6,2.0,1.375,3.0,12.0,2.0,0.8,1.7236180904522613,5.461538461538462,3.0,0.0,0.0,0.0,0,0.0,1.0
2022-10-19 Manchester Utd-Tottenham Hotspur,2223,2022-10-19,Manchester Utd,Tottenham Hotspur,Simon Hooper,3.0,10.0,1.8,1.6,1.7185929648241205,4.0,12.0,2.4,1.2,1.805,3.2264150943396226,3.1,2.0,0.0,2.0,0,2.0,2.0
2022-10-19 Newcastle United-Everton,2223,2022-10-19,Newcastle United,Everton,Tony Harrington,3.0,9.0,2.0,0.6,1.13,4.0,7.0,0.8,1.0,1.2,4.714285714285714,2.6,1.0,0.0,1.0,0,12.0,2.0
2022-10-19 Bournemouth-Southampton,2223,2022-10-19,Bournemouth,Southampton,John Brooks,4.0,9.0,1.6,1.2,1.217741935483871,3.0,1.0,0.4,1.8,1.16,6.875,2.8333333333333335,0.0,1.0,1.0,0,8.0,0.0
2022-10-19 Liverpool-West Ham United,2223,2022-10-19,Liverpool,West Ham United,Stuart Attwell,3.0,8.0,1.6,1.4,2.2160804020100504,3.0,7.0,1.4,1.0,1.4,4.105769230769231,3.6,1.0,0.0,1.0,0,0.0,2.0
2022-10-20 Fulham-Aston Villa,2223,2022-10-20,Fulham,Aston Villa,Michael Oliver,5.0,4.0,1.6,2.6,0.8953488372093024,4.0,6.0,0.6,0.8,1.25,3.461038961038961,3.5,3.0,0.0,3.0,0,6.0,2.0
2022-10-20 Leicester City-Leeds United,2223,2022-10-20,Leicester City,Leeds United,Peter Bankes,5.0,4.0,1.8,2.6,1.595,4.0,2.0,0.8,1.8,1.3529411764705883,4.636363636363637,3.0,2.0,0.0,2.0,0,6.0,2.0
2022-10-22 Manchester City-Brighton,2223,2022-10-22,Manchester City,Brighton,Craig Pawson,6.0,10.0,2.8,1.0,2.59,4.0,5.0,1.6,1.6,1.02,4.2265625,3.6,3.0,1.0,4.0,1,8.0,2.0
2022-10-22 Nottingham Forest-Liverpool,2223,2022-10-22,Nottingham Forest,Liverpool,Paul Tierney,4.0,2.0,0.6,1.8,0.6363636363636364,3.0,8.0,1.4,1.2,2.21,4.132231404958677,2.85,1.0,0.0,1.0,0,6.0,2.0
2022-10-22 Everton-Crystal Palace,2223,2022-10-22,Everton,Crystal Palace,Simon Hooper,3.0,6.0,0.8,1.2,1.1940298507462686,4.0,8.0,1.0,0.8,1.15,3.2037037037037037,2.8,3.0,0.0,3.0,0,14.0,2.0
2022-10-22 Chelsea-Manchester Utd,2223,2022-10-22,Chelsea,Manchester Utd,Stuart Attwell,3.0,13.0,1.8,0.4,1.715,3.0,10.0,2.0,1.6,1.72,4.066666666666666,2.0,1.0,1.0,2.0,1,10.0,1.0
2022-10-23 Tottenham Hotspur-Newcastle United,2223,2022-10-23,Tottenham Hotspur,Newcastle United,Jarred Gillett,4.0,9.0,2.0,1.4,1.7960199004975124,4.0,11.0,2.2,0.6,1.1293532338308458,5.071428571428571,2.9,1.0,2.0,3.0,1,12.0,0.0
2022-10-23 Wolves-Leicester City,2223,2022-10-23,Wolves,Leicester City,Michael Oliver,5.0,3.0,0.4,2.0,1.0858895705521472,3.0,7.0,1.8,1.6,1.5970149253731343,3.47741935483871,1.75,0.0,4.0,4.0,0,6.0,0.0
2022-10-23 Leeds United-Fulham,2223,2022-10-23,Leeds United,Fulham,Anthony Taylor,3.0,1.0,0.6,2.0,1.3372093023255813,3.0,7.0,2.0,2.2,0.9195402298850575,3.826923076923077,5.0,2.0,3.0,5.0,1,4.0,0.0
2022-10-23 Aston Villa-Brentford,2223,2022-10-23,Aston Villa,Brentford,Darren England,3.0,5.0,0.4,1.2,1.24,4.0,5.0,0.6,1.6,1.346938775510204,4.90625,2.5,4.0,0.0,4.0,0,2.0,2.0
2022-10-23 Southampton-Arsenal,2223,2022-10-23,Southampton,Arsenal,Robert Jones,4.0,4.0,0.6,1.6,1.1592039800995024,7.0,12.0,2.2,1.2,1.715,4.214285714285714,3.0,1.0,1.0,2.0,1,6.0,1.0
2022-10-24 West Ham United-Bournemouth,2223,2022-10-24,West Ham United,Bournemouth,David Coote,5.0,7.0,1.2,0.8,1.3930348258706469,5.0,6.0,1.0,1.0,1.208,4.297297297297297,3.5,2.0,0.0,2.0,0,4.0,2.0
2022-10-29 Fulham-Everton,2223,2022-10-29,Fulham,Everton,John Brooks,6.0,7.0,2.0,2.2,0.9431818181818182,7.0,6.0,1.2,1.2,1.202970297029703,7.0,3.0,0.0,0.0,0.0,0,6.0,1.0
2022-10-29 Liverpool-Leeds United,2223,2022-10-29,Liverpool,Leeds United,Michael Oliver,7.0,7.0,1.4,1.4,2.199004975124378,6.0,1.0,0.6,1.6,1.3448275862068966,3.4935897435897436,4.5,1.0,2.0,3.0,1,2.0,0.0
2022-10-29 Crystal Palace-Southampton,2223,2022-10-29,Crystal Palace,Southampton,Michael Salisbury,7.0,7.0,1.0,1.4,1.144278606965174,6.0,5.0,0.8,1.6,1.1584158415841583,6.5,2.4,1.0,0.0,1.0,0,12.0,2.0
2022-10-29 Newcastle United-Aston Villa,2223,2022-10-29,Newcastle United,Aston Villa,Paul Tierney,6.0,13.0,2.4,0.6,1.1336633663366336,6.0,5.0,1.0,1.2,1.2619047619047619,4.147540983606557,1.8333333333333333,4.0,0.0,4.0,0,4.0,2.0
2022-10-29 Brentford-Wolves,2223,2022-10-29,Brentford,Wolves,Robert Madley,6.0,5.0,0.6,1.8,1.32,6.0,3.0,0.4,2.2,1.079268292682927,2.9444444444444446,2.5,1.0,1.0,2.0,1,14.0,1.0
2022-10-29 Bournemouth-Tottenham Hotspur,2223,2022-10-29,Bournemouth,Tottenham Hotspur,Anthony Taylor,5.0,5.0,0.8,1.2,1.1984126984126984,6.0,6.0,1.0,1.4,1.7920792079207921,3.828025477707006,2.8333333333333335,2.0,3.0,5.0,1,6.0,0.0
2022-10-29 Leicester City-Manchester City,2223,2022-10-29,Leicester City,Manchester City,Robert Jones,6.0,10.0,2.2,0.4,1.608910891089109,7.0,12.0,3.2,1.0,2.5920398009950247,4.275862068965517,3.6,0.0,1.0,1.0,0,0.0,0.0
2022-10-29 Brighton-Chelsea,2223,2022-10-29,Brighton,Chelsea,Andy Madley,7.0,2.0,0.8,1.8,1.0199004975124377,7.0,11.0,1.6,0.4,1.7114427860696517,3.4150943396226414,2.4,4.0,1.0,5.0,1,6.0,2.0
2022-10-30 Arsenal-Nottingham Forest,2223,2022-10-30,Arsenal,Nottingham Forest,Simon Hooper,7.0,13.0,2.2,0.8,1.7114427860696517,8.0,5.0,0.4,1.2,0.6666666666666666,3.4,2.85,5.0,0.0,5.0,0,2.0,2.0
2022-10-30 Manchester Utd-West Ham United,2223,2022-10-30,Manchester Utd,West Ham United,Chris Kavanagh,8.0,8.0,1.6,1.6,1.7164179104477613,6.0,10.0,1.6,0.6,1.396039603960396,3.685185185185185,2.4,1.0,0.0,1.0,0,8.0,2.0
2022-11-05 Wolves-Brighton,2223,2022-11-05,Wolves,Brighton,Graham Scott,7.0,4.0,0.6,2.0,1.0787878787878789,7.0,4.0,1.0,1.4,1.0346534653465347,3.0843373493975905,2.25,2.0,3.0,5.0,1,6.0,0.0
2022-11-05 Leeds United-Bournemouth,2223,2022-11-05,Leeds United,Bournemouth,Tony Harrington,7.0,3.0,1.0,1.8,1.3522727272727273,7.0,4.0,1.2,1.8,1.204724409448819,5.625,2.85,4.0,3.0,7.0,1,8.0,2.0
2022-11-05 Manchester City-Fulham,2223,2022-11-05,Manchester City,Fulham,Darren England,7.0,12.0,2.8,1.0,2.5841584158415842,7.0,8.0,1.8,1.4,0.9325842696629213,4.818181818181818,2.5,2.0,1.0,3.0,1,14.0,2.0
2022-11-05 Nottingham Forest-Brentford,2223,2022-11-05,Nottingham Forest,Brentford,Andre Marriner,6.0,5.0,0.4,1.4,0.6153846153846154,7.0,5.0,0.8,2.0,1.3137254901960784,2.9523809523809526,2.85,2.0,2.0,4.0,1,8.0,1.0
2022-11-05 Everton-Leicester City,2223,2022-11-05,Everton,Leicester City,David Coote,7.0,4.0,0.8,1.0,1.1970443349753694,7.0,7.0,1.4,0.6,1.6009852216748768,4.293333333333333,2.4,0.0,2.0,2.0,0,0.0,0.0
2022-11-06 Tottenham Hotspur-Liverpool,2223,2022-11-06,Tottenham Hotspur,Liverpool,Andy Madley,8.0,9.0,1.4,1.2,1.7980295566502462,8.0,6.0,1.0,1.2,2.1930693069306932,3.462962962962963,3.2,1.0,2.0,3.0,1,0.0,0.0
2022-11-06 Southampton-Newcastle United,2223,2022-11-06,Southampton,Newcastle United,Stuart Attwell,8.0,5.0,0.6,1.4,1.1527093596059113,8.0,13.0,2.4,0.4,1.1477832512315271,4.122641509433962,2.9,1.0,4.0,5.0,1,2.0,0.0
2022-11-06 West Ham United-Crystal Palace,2223,2022-11-06,West Ham United,Crystal Palace,Paul Tierney,7.0,7.0,1.2,0.8,1.3891625615763548,8.0,10.0,1.0,1.0,1.1435643564356435,4.146341463414634,3.5,1.0,2.0,3.0,1,4.0,0.0
2022-11-06 Chelsea-Arsenal,2223,2022-11-06,Chelsea,Arsenal,Michael Oliver,8.0,8.0,1.4,1.0,1.7079207920792079,7.0,13.0,2.6,0.8,1.7277227722772277,3.484076433121019,3.1,0.0,1.0,1.0,0,14.0,0.0
2022-11-06 Aston Villa-Manchester Utd,2223,2022-11-06,Aston Villa,Manchester Utd,Anthony Taylor,8.0,4.0,1.0,2.0,1.2519685039370079,7.0,11.0,1.2,0.4,1.7128712871287128,3.8417721518987342,3.1666666666666665,3.0,1.0,4.0,1,12.0,2.0
2022-11-12 Wolves-Arsenal,2223,2022-11-12,Wolves,Arsenal,Stuart Attwell,7.0,4.0,1.0,2.0,1.0843373493975903,6.0,13.0,2.2,0.6,1.7241379310344827,4.102803738317757,2.5,0.0,2.0,2.0,0,10.0,0.0
2022-11-12 Newcastle United-Chelsea,2223,2022-11-12,Newcastle United,Chelsea,Robert Jones,6.0,13.0,2.2,0.4,1.161764705882353,6.0,5.0,0.8,1.2,1.6995073891625616,4.133333333333334,2.3,1.0,0.0,1.0,0,12.0,2.0
2022-11-12 West Ham United-Leicester City,2223,2022-11-12,West Ham United,Leicester City,Jarred Gillett,6.0,4.0,0.8,1.0,1.3872549019607843,7.0,10.0,1.6,0.2,1.6029411764705883,5.533333333333333,3.5,0.0,2.0,2.0,0,8.0,0.0
2022-11-12 Tottenham Hotspur-Leeds United,2223,2022-11-12,Tottenham Hotspur,Leeds United,Michael Salisbury,6.0,6.0,1.4,1.6,1.7941176470588236,7.0,6.0,1.6,2.0,1.3820224719101124,7.111111111111111,3.5,4.0,3.0,7.0,1,6.0,2.0
2022-11-12 Bournemouth-Everton,2223,2022-11-12,Bournemouth,Everton,Craig Pawson,7.0,1.0,1.4,2.4,1.21875,7.0,4.0,0.6,1.0,1.1911764705882353,4.255813953488372,3.3333333333333335,3.0,0.0,3.0,0,4.0,2.0
2022-11-12 Liverpool-Southampton,2223,2022-11-12,Liverpool,Southampton,Simon Hooper,6.0,9.0,1.0,0.8,2.1921182266009853,6.0,5.0,0.8,1.4,1.1519607843137254,3.375,2.9,3.0,1.0,4.0,1,4.0,2.0
2022-11-12 Nottingham Forest-Crystal Palace,2223,2022-11-12,Nottingham Forest,Crystal Palace,John Brooks,7.0,5.0,0.6,1.6,0.7142857142857143,6.0,10.0,1.0,1.0,1.1477832512315271,6.9,2.85,1.0,0.0,1.0,0,10.0,2.0
2022-11-12 Manchester City-Brentford,2223,2022-11-12,Manchester City,Brentford,Peter Bankes,7.0,12.0,2.0,0.6,2.58128078817734,7.0,6.0,1.0,1.4,1.3269230769230769,4.666666666666667,1.5,1.0,2.0,3.0,1,8.0,0.0
2022-11-13 Brighton-Aston Villa,2223,2022-11-13,Brighton,Aston Villa,Chris Kavanagh,8.0,7.0,1.6,1.6,1.0443349753694582,7.0,6.0,1.4,2.0,1.265625,3.7247706422018347,2.0,1.0,2.0,3.0,1,18.0,0.0
2022-11-13 Fulham-Manchester Utd,2223,2022-11-13,Fulham,Manchester Utd,Paul Tierney,8.0,8.0,1.8,1.2,0.9333333333333333,7.0,8.0,1.0,0.8,1.70935960591133,4.145161290322581,3.25,1.0,2.0,3.0,1,4.0,0.0
2022-12-26 Aston Villa-Liverpool,2223,2022-12-26,Aston Villa,Liverpool,Paul Tierney,43.0,9.0,1.8,1.8,1.2713178294573644,44.0,9.0,1.4,1.0,2.196078431372549,4.144,3.5,1.0,3.0,4.0,1,0.0,0.0
2022-12-26 Arsenal-West Ham United,2223,2022-12-26,Arsenal,West Ham United,Michael Oliver,44.0,13.0,2.0,0.2,1.7254901960784315,44.0,3.0,0.6,1.2,1.3804878048780487,3.550632911392405,2.9,3.0,1.0,4.0,1,4.0,2.0
2022-12-26 Leicester City-Newcastle United,2223,2022-12-26,Leicester City,Newcastle United,Jarred Gillett,44.0,12.0,2.0,0.2,1.604878048780488,44.0,15.0,2.4,0.4,1.1609756097560975,5.6875,3.5,0.0,3.0,3.0,0,0.0,0.0
2022-12-26 Southampton-Brighton,2223,2022-12-26,Southampton,Brighton,Robert Jones,44.0,4.0,0.8,1.8,1.1512195121951219,43.0,7.0,1.8,1.6,1.0441176470588236,4.387096774193548,2.5,1.0,3.0,4.0,1,6.0,0.0
2022-12-26 Crystal Palace-Fulham,2223,2022-12-26,Crystal Palace,Fulham,Andy Madley,44.0,9.0,1.0,1.2,1.142156862745098,43.0,7.0,1.6,1.2,0.9340659340659341,3.4,1.75,0.0,3.0,3.0,0,4.0,0.0
2022-12-26 Brentford-Tottenham Hotspur,2223,2022-12-26,Brentford,Tottenham Hotspur,David Coote,44.0,6.0,1.0,1.6,1.3396226415094339,44.0,6.0,1.8,2.2,1.8048780487804879,4.2368421052631575,1.0,2.0,2.0,4.0,1,8.0,1.0
2022-12-26 Everton-Wolves,2223,2022-12-26,Everton,Wolves,Craig Pawson,44.0,4.0,0.6,1.2,1.1853658536585365,44.0,1.0,0.8,2.4,1.0778443113772456,4.253846153846154,3.0,1.0,2.0,3.0,1,14.0,0.0
2022-12-27 Chelsea-Bournemouth,2223,2022-12-27,Chelsea,Bournemouth,Simon Hooper,45.0,2.0,0.4,1.4,1.6911764705882353,45.0,3.0,1.6,2.0,1.2325581395348837,3.3859649122807016,2.5,2.0,0.0,2.0,0,0.0,2.0
2022-12-27 Manchester Utd-Nottingham Forest,2223,2022-12-27,Manchester Utd,Nottingham Forest,Anthony Taylor,44.0,10.0,1.4,1.0,1.7107843137254901,45.0,8.0,0.8,1.4,0.7333333333333333,3.893081761006289,2.85,3.0,0.0,3.0,0,8.0,2.0
2022-12-28 Leeds United-Manchester City,2223,2022-12-28,Leeds United,Manchester City,Stuart Attwell,46.0,6.0,2.2,2.6,1.4,46.0,9.0,1.4,1.0,2.573529411764706,4.157407407407407,4.0,1.0,3.0,4.0,1,12.0,0.0
2022-12-30 West Ham United-Brentford,2223,2022-12-30,West Ham United,Brentford,Darren England,4.0,3.0,0.8,1.6,1.3786407766990292,4.0,6.0,1.4,2.0,1.3518518518518519,5.088235294117647,2.5,0.0,2.0,2.0,0,2.0,0.0
2022-12-30 Liverpool-Leicester City,2223,2022-12-30,Liverpool,Leicester City,Craig Pawson,4.0,9.0,1.8,1.2,2.2,4.0,9.0,1.6,0.8,1.5970873786407767,4.32824427480916,3.0,2.0,1.0,3.0,1,2.0,2.0
2022-12-31 Manchester City-Everton,2223,2022-12-31,Manchester City,Everton,Andy Madley,3.0,12.0,2.0,1.0,2.575609756097561,5.0,4.0,0.8,1.4,1.1844660194174756,3.4107142857142856,3.2,1.0,1.0,2.0,1,14.0,1.0
2022-12-31 Newcastle United-Leeds United,2223,2022-12-31,Newcastle United,Leeds United,Simon Hooper,5.0,15.0,2.8,0.4,1.1699029126213591,3.0,6.0,2.4,2.8,1.3956043956043955,3.3275862068965516,3.25,0.0,0.0,0.0,0,16.0,1.0
2022-12-31 Brighton-Arsenal,2223,2022-12-31,Brighton,Arsenal,Anthony Taylor,5.0,9.0,2.4,1.8,1.053658536585366,5.0,13.0,2.4,0.4,1.7317073170731707,3.91875,2.1,2.0,4.0,6.0,1,12.0,0.0
2022-12-31 Fulham-Southampton,2223,2022-12-31,Fulham,Southampton,Graham Scott,5.0,7.0,1.6,1.2,0.9565217391304348,5.0,1.0,0.8,2.4,1.1504854368932038,3.119047619047619,2.75,2.0,1.0,3.0,1,2.0,2.0
2022-12-31 Wolves-Manchester Utd,2223,2022-12-31,Wolves,Manchester Utd,Robert Jones,5.0,4.0,1.0,2.2,1.0833333333333333,4.0,10.0,1.6,1.0,1.7170731707317073,4.4375,1.625,0.0,1.0,1.0,0,8.0,0.0
2022-12-31 Bournemouth-Crystal Palace,2223,2022-12-31,Bournemouth,Crystal Palace,Andre Marriner,4.0,3.0,1.6,2.2,1.2230769230769232,5.0,6.0,0.6,1.6,1.1365853658536584,2.9921259842519685,3.6666666666666665,0.0,2.0,2.0,0,10.0,0.0
2023-01-01 Tottenham Hotspur-Aston Villa,2223,2023-01-01,Tottenham Hotspur,Aston Villa,John Brooks,6.0,7.0,2.2,2.2,1.8058252427184467,6.0,9.0,2.0,1.8,1.2692307692307692,7.181818181818182,3.5,0.0,2.0,2.0,0,14.0,0.0
2023-01-01 Nottingham Forest-Chelsea,2223,2023-01-01,Nottingham Forest,Chelsea,Peter Bankes,5.0,7.0,0.8,2.0,0.6875,5.0,4.0,0.8,1.4,1.6926829268292682,4.739130434782608,2.85,1.0,1.0,2.0,1,8.0,1.0
2023-01-02 Brentford-Liverpool,2223,2023-01-02,Brentford,Liverpool,Stuart Attwell,3.0,9.0,1.8,1.2,1.3636363636363635,3.0,12.0,2.2,1.2,2.1990291262135924,4.229357798165138,4.5,3.0,1.0,4.0,1,8.0,2.0
2023-01-03 Leicester City-Fulham,2223,2023-01-03,Leicester City,Fulham,Darren Bond,4.0,6.0,1.0,1.2,1.5942028985507246,3.0,7.0,1.4,1.0,0.967741935483871,5.229605263157895,2.75,0.0,1.0,1.0,0,16.0,0.0
2023-01-03 Manchester Utd-Bournemouth,2223,2023-01-03,Manchester Utd,Bournemouth,Michael Salisbury,3.0,12.0,1.6,0.8,1.7135922330097086,3.0,3.0,1.6,2.2,1.213740458015267,7.0,3.1666666666666665,3.0,0.0,3.0,0,6.0,2.0
2023-01-03 Arsenal-Newcastle United,2223,2023-01-03,Arsenal,Newcastle United,Andy Madley,3.0,15.0,3.0,0.6,1.7427184466019416,3.0,13.0,2.4,0.2,1.1642512077294687,3.5964912280701755,2.3,0.0,0.0,0.0,0,18.0,1.0
2023-01-03 Everton-Brighton,2223,2023-01-03,Everton,Brighton,Andre Marriner,3.0,2.0,0.4,1.6,1.183574879227053,3.0,9.0,2.6,2.0,1.058252427184466,3.046875,2.8,1.0,4.0,5.0,1,8.0,0.0
2023-01-04 Southampton-Nottingham Forest,2223,2023-01-04,Southampton,Nottingham Forest,Thomas Bramall,4.0,0.0,0.8,2.6,1.1497584541062802,3.0,5.0,0.8,2.2,0.7058823529411765,6.666666666666667,2.85,0.0,1.0,1.0,0,8.0,0.0
2023-01-04 Leeds United-West Ham United,2223,2023-01-04,Leeds United,West Ham United,David Coote,4.0,7.0,2.0,2.2,1.3804347826086956,5.0,0.0,0.4,2.0,1.3719806763285025,4.285714285714286,3.25,2.0,2.0,4.0,1,8.0,1.0
2023-01-04 Aston Villa-Wolves,2223,2023-01-04,Aston Villa,Wolves,Jarred Gillett,3.0,9.0,1.6,1.8,1.2748091603053435,4.0,4.0,1.0,1.6,1.0769230769230769,5.352941176470588,2.1666666666666665,1.0,1.0,2.0,1,8.0,1.0
2023-01-04 Crystal Palace-Tottenham Hotspur,2223,2023-01-04,Crystal Palace,Tottenham Hotspur,Michael Oliver,4.0,9.0,1.0,1.0,1.1407766990291262,3.0,7.0,2.0,2.2,1.7971014492753623,3.5534591194968552,2.4,0.0,4.0,4.0,0,6.0,0.0
2023-01-05 Chelsea-Manchester City,2223,2023-01-05,Chelsea,Manchester City,Paul Tierney,4.0,4.0,0.8,1.4,1.6893203883495145,5.0,10.0,1.6,1.0,2.5679611650485437,4.111111111111111,2.5,0.0,1.0,1.0,0,4.0,0.0
2023-01-12 Fulham-Chelsea,2223,2023-01-12,Fulham,Chelsea,David Coote,9.0,9.0,1.6,1.0,0.9680851063829787,7.0,4.0,0.6,0.8,1.681159420289855,4.333333333333333,2.0,2.0,1.0,3.0,1,16.0,2.0
2023-01-13 Aston Villa-Leeds United,2223,2023-01-13,Aston Villa,Leeds United,Michael Oliver,9.0,10.0,1.8,1.2,1.2727272727272727,9.0,5.0,2.0,2.4,1.3870967741935485,3.56875,2.6,2.0,1.0,3.0,1,8.0,2.0
2023-01-14 Wolves-West Ham United,2223,2023-01-14,Wolves,West Ham United,Simon Hooper,10.0,4.0,1.0,1.6,1.076470588235294,10.0,1.0,0.8,2.2,1.375,3.542372881355932,2.3333333333333335,1.0,0.0,1.0,0,4.0,2.0
2023-01-14 Nottingham Forest-Leicester City,2223,2023-01-14,Nottingham Forest,Leicester City,Paul Tierney,10.0,8.0,1.0,1.2,0.7222222222222222,11.0,6.0,1.0,1.2,1.5865384615384615,4.110236220472441,4.0,2.0,0.0,2.0,0,6.0,2.0
2023-01-14 Brentford-Bournemouth,2223,2023-01-14,Brentford,Bournemouth,Jarred Gillett,12.0,11.0,2.2,1.2,1.3928571428571428,11.0,3.0,1.2,2.2,1.2045454545454546,5.5,0.0,2.0,0.0,2.0,0,4.0,2.0
2023-01-14 Brighton-Liverpool,2223,2023-01-14,Brighton,Liverpool,Darren England,11.0,9.0,2.6,2.0,1.0724637681159421,12.0,12.0,2.2,1.4,2.1932367149758454,5.0,3.090909090909091,3.0,0.0,3.0,0,8.0,2.0
2023-01-14 Manchester Utd-Manchester City,2223,2023-01-14,Manchester Utd,Manchester City,Stuart Attwell,11.0,12.0,2.0,0.8,1.7198067632850242,9.0,10.0,1.6,1.0,2.5603864734299515,4.263636363636364,3.3636363636363638,2.0,1.0,3.0,1,6.0,2.0
2023-01-14 Everton-Southampton,2223,2023-01-14,Everton,Southampton,John Brooks,11.0,1.0,0.6,2.4,1.1826923076923077,10.0,0.0,0.8,2.6,1.1442307692307692,7.75,2.727272727272727,1.0,2.0,3.0,1,6.0,0.0
2023-01-15 Tottenham Hotspur-Arsenal,2223,2023-01-15,Tottenham Hotspur,Arsenal,Craig Pawson,11.0,7.0,2.2,1.8,1.8076923076923077,12.0,13.0,2.0,0.6,1.7342995169082125,4.3106060606060606,3.090909090909091,0.0,2.0,2.0,0,12.0,0.0
2023-01-15 Chelsea-Crystal Palace,2223,2023-01-15,Chelsea,Crystal Palace,Peter Bankes,3.0,4.0,0.8,1.0,1.6778846153846154,11.0,6.0,0.8,1.8,1.1352657004830917,4.808510638297872,3.090909090909091,1.0,0.0,1.0,0,14.0,2.0
2023-01-15 Newcastle United-Fulham,2223,2023-01-15,Newcastle United,Fulham,Robert Jones,12.0,11.0,1.6,0.2,1.1586538461538463,3.0,12.0,1.8,0.8,0.9789473684210527,4.545454545454546,2.6,1.0,0.0,1.0,0,8.0,2.0
2023-01-18 Crystal Palace-Manchester Utd,2223,2023-01-18,Crystal Palace,Manchester Utd,Robert Jones,3.0,3.0,0.4,1.8,1.1298076923076923,4.0,15.0,2.2,0.4,1.7211538461538463,4.647058823529412,2.4,1.0,1.0,2.0,1,6.0,1.0
2023-01-19 Manchester City-Tottenham Hotspur,2223,2023-01-19,Manchester City,Tottenham Hotspur,Simon Hooper,5.0,7.0,1.4,1.2,2.5528846153846154,4.0,7.0,2.0,1.8,1.799043062200957,3.55,2.8,4.0,2.0,6.0,1,6.0,2.0
2023-01-21 Liverpool-Chelsea,2223,2023-01-21,Liverpool,Chelsea,Michael Oliver,7.0,9.0,1.8,1.8,2.1826923076923075,6.0,7.0,1.0,0.8,1.674641148325359,3.5962732919254656,2.7,0.0,0.0,0.0,0,8.0,1.0
2023-01-21 Bournemouth-Nottingham Forest,2223,2023-01-21,Bournemouth,Nottingham Forest,Andy Madley,7.0,3.0,0.6,1.8,1.1954887218045114,7.0,10.0,1.0,0.8,0.7894736842105263,3.8448275862068964,5.0,1.0,1.0,2.0,1,6.0,1.0
2023-01-21 Leicester City-Brighton,2223,2023-01-21,Leicester City,Brighton,Thomas Bramall,7.0,3.0,0.6,1.6,1.5789473684210527,7.0,9.0,2.6,1.6,1.0817307692307692,7.0,2.6363636363636362,2.0,2.0,4.0,1,2.0,1.0
2023-01-21 Southampton-Aston Villa,2223,2023-01-21,Southampton,Aston Villa,Michael Salisbury,7.0,3.0,1.0,2.0,1.1483253588516746,8.0,10.0,1.6,1.2,1.2781954887218046,6.909090909090909,2.857142857142857,0.0,1.0,1.0,0,6.0,0.0
2023-01-21 West Ham United-Everton,2223,2023-01-21,West Ham United,Everton,Stuart Attwell,7.0,1.0,0.6,2.0,1.368421052631579,7.0,1.0,0.8,2.4,1.1818181818181819,4.2792792792792795,2.272727272727273,2.0,0.0,2.0,0,4.0,2.0
2023-01-21 Crystal Palace-Newcastle United,2223,2023-01-21,Crystal Palace,Newcastle United,Craig Pawson,3.0,4.0,0.6,1.8,1.1291866028708133,6.0,11.0,1.0,0.0,1.1578947368421053,4.368421052631579,1.2727272727272727,0.0,0.0,0.0,0,12.0,1.0
2023-01-22 Leeds United-Brentford,2223,2023-01-22,Leeds United,Brentford,Peter Bankes,9.0,2.0,1.4,2.2,1.3829787234042554,8.0,13.0,2.2,0.8,1.4035087719298245,5.0,4.666666666666667,0.0,0.0,0.0,0,8.0,1.0
2023-01-22 Manchester City-Wolves,2223,2023-01-22,Manchester City,Wolves,David Coote,3.0,10.0,2.0,1.2,2.5598086124401913,8.0,7.0,0.8,1.0,1.0760233918128654,4.481012658227848,3.4444444444444446,3.0,0.0,3.0,0,6.0,2.0
2023-01-22 Arsenal-Manchester Utd,2223,2023-01-22,Arsenal,Manchester Utd,Anthony Taylor,7.0,13.0,2.2,0.6,1.7355769230769231,4.0,13.0,2.0,0.4,1.7177033492822966,3.968944099378882,2.8181818181818183,3.0,2.0,5.0,1,6.0,2.0
2023-01-23 Fulham-Tottenham Hotspur,2223,2023-01-23,Fulham,Tottenham Hotspur,Paul Tierney,8.0,12.0,1.6,0.6,0.96875,4.0,4.0,1.6,2.0,1.8,4.125,2.6,0.0,1.0,1.0,0,8.0,0.0
2023-02-03 Chelsea-Fulham,2223,2023-02-03,Chelsea,Fulham,Stuart Attwell,13.0,5.0,0.6,0.8,1.6666666666666667,11.0,9.0,1.0,0.8,0.9587628865979382,4.276785714285714,2.2,0.0,0.0,0.0,0,10.0,1.0
2023-02-04 Everton-Arsenal,2223,2023-02-04,Everton,Arsenal,David Coote,14.0,1.0,0.8,2.2,1.1761904761904762,13.0,13.0,2.4,1.0,1.7416267942583732,4.5,3.4,1.0,0.0,1.0,0,10.0,2.0
2023-02-04 Aston Villa-Leicester City,2223,2023-02-04,Aston Villa,Leicester City,Darren England,14.0,10.0,1.4,1.0,1.2761194029850746,14.0,1.0,0.6,2.0,1.5809523809523809,5.083333333333333,2.6666666666666665,2.0,4.0,6.0,1,6.0,0.0
2023-02-04 Brentford-Southampton,2223,2023-02-04,Brentford,Southampton,Darren Bond,13.0,11.0,1.8,0.6,1.3793103448275863,14.0,3.0,0.8,1.6,1.1428571428571428,16.0,4.0,3.0,0.0,3.0,0,6.0,2.0
2023-02-04 Brighton-Bournemouth,2223,2023-02-04,Brighton,Bournemouth,Craig Pawson,14.0,10.0,2.8,1.6,1.0861244019138756,14.0,1.0,0.2,2.0,1.1940298507462686,4.425373134328358,3.3333333333333335,1.0,0.0,1.0,0,8.0,2.0
2023-02-04 Manchester Utd-Crystal Palace,2223,2023-02-04,Manchester Utd,Crystal Palace,Andre Marriner,13.0,10.0,1.8,1.0,1.7190476190476192,14.0,5.0,0.6,1.2,1.1238095238095238,3.0852713178294575,2.3636363636363638,2.0,1.0,3.0,1,8.0,2.0
2023-02-04 Wolves-Liverpool,2223,2023-02-04,Wolves,Liverpool,Paul Tierney,13.0,7.0,0.8,1.2,1.069767441860465,14.0,7.0,1.2,1.6,2.172248803827751,4.155038759689923,2.25,3.0,0.0,3.0,0,4.0,2.0
2023-02-04 Newcastle United-West Ham United,2223,2023-02-04,Newcastle United,West Ham United,Peter Bankes,14.0,9.0,0.8,0.0,1.1523809523809523,14.0,4.0,1.0,1.6,1.3714285714285714,5.061224489795919,3.7,1.0,1.0,2.0,1,6.0,1.0
2023-02-05 Nottingham Forest-Leeds United,2223,2023-02-05,Nottingham Forest,Leeds United,Robert Jones,15.0,8.0,1.0,1.0,0.8,14.0,3.0,0.8,1.4,1.368421052631579,4.685714285714286,2.85,1.0,0.0,1.0,0,12.0,2.0
2023-02-05 Tottenham Hotspur-Manchester City,2223,2023-02-05,Tottenham Hotspur,Manchester City,Andy Madley,13.0,6.0,1.4,1.6,1.7962085308056872,14.0,10.0,2.0,1.0,2.5619047619047617,3.8813559322033897,3.090909090909091,1.0,0.0,1.0,0,12.0,2.0
2023-02-08 Manchester Utd-Leeds United,2223,2023-02-08,Manchester Utd,Leeds United,Simon Hooper,4.0,10.0,2.0,1.2,1.7203791469194314,3.0,3.0,0.6,1.0,1.3541666666666667,3.5901639344262297,5.0,2.0,2.0,4.0,1,8.0,1.0
2023-02-11 Bournemouth-Newcastle United,2223,2023-02-11,Bournemouth,Newcastle United,Stuart Attwell,7.0,1.0,0.2,1.8,1.1851851851851851,7.0,7.0,0.4,0.2,1.1516587677725119,4.327433628318584,3.142857142857143,1.0,1.0,2.0,1,10.0,1.0
2023-02-11 Southampton-Wolves,2223,2023-02-11,Southampton,Wolves,Jarred Gillett,7.0,3.0,0.6,1.6,1.1374407582938388,7.0,7.0,1.0,1.0,1.0809248554913296,5.421052631578948,2.6666666666666665,1.0,2.0,3.0,1,10.0,0.0
2023-02-11 Leicester City-Tottenham Hotspur,2223,2023-02-11,Leicester City,Tottenham Hotspur,Michael Salisbury,7.0,4.0,1.4,1.8,1.5924170616113744,6.0,9.0,1.6,1.2,1.7924528301886793,6.833333333333333,4.454545454545454,4.0,1.0,5.0,1,14.0,2.0
2023-02-11 West Ham United-Chelsea,2223,2023-02-11,West Ham United,Chelsea,Craig Pawson,7.0,5.0,1.0,1.2,1.3696682464454977,8.0,5.0,0.4,0.6,1.6587677725118484,4.451851851851852,2.1818181818181817,1.0,1.0,2.0,1,4.0,1.0
2023-02-11 Crystal Palace-Brighton,2223,2023-02-11,Crystal Palace,Brighton,Michael Oliver,7.0,2.0,0.4,1.6,1.1232227488151658,7.0,10.0,2.4,1.4,1.0857142857142856,3.623456790123457,2.4,1.0,1.0,2.0,1,10.0,1.0
2023-02-11 Arsenal-Brentford,2223,2023-02-11,Arsenal,Brentford,Peter Bankes,7.0,10.0,1.8,1.0,1.7333333333333334,7.0,13.0,2.0,0.2,1.4067796610169492,5.08,2.6666666666666665,1.0,1.0,2.0,1,4.0,1.0
2023-02-11 Fulham-Nottingham Forest,2223,2023-02-11,Fulham,Nottingham Forest,Andy Madley,8.0,7.0,0.6,0.6,0.9489795918367347,6.0,11.0,1.2,0.4,0.8095238095238095,4.016666666666667,5.0,2.0,0.0,2.0,0,2.0,2.0
2023-02-12 Leeds United-Manchester Utd,2223,2023-02-12,Leeds United,Manchester Utd,Paul Tierney,4.0,3.0,1.0,1.4,1.3608247422680413,4.0,8.0,1.8,1.6,1.721698113207547,4.153846153846154,4.8,0.0,2.0,2.0,0,6.0,0.0
2023-02-12 Manchester City-Aston Villa,2223,2023-02-12,Manchester City,Aston Villa,Robert Jones,7.0,9.0,1.8,1.0,2.5497630331753554,8.0,10.0,1.6,1.2,1.2814814814814814,4.888888888888889,3.5714285714285716,3.0,1.0,4.0,1,6.0,2.0
2023-02-13 Liverpool-Everton,2223,2023-02-13,Liverpool,Everton,Simon Hooper,9.0,4.0,0.6,2.0,2.1619047619047618,9.0,4.0,0.8,1.8,1.1753554502369667,3.661290322580645,2.090909090909091,2.0,0.0,2.0,0,8.0,2.0
2023-02-15 Arsenal-Manchester City,2223,2023-02-15,Arsenal,Manchester City,Anthony Taylor,4.0,8.0,1.2,0.8,1.7298578199052133,3.0,9.0,2.2,1.2,2.55188679245283,3.9814814814814814,2.9,1.0,3.0,4.0,1,12.0,0.0
2023-02-18 Newcastle United-Liverpool,2223,2023-02-18,Newcastle United,Liverpool,Anthony Taylor,7.0,7.0,0.6,0.4,1.150943396226415,5.0,4.0,0.6,1.8,2.161137440758294,4.030674846625767,2.8181818181818183,0.0,2.0,2.0,0,6.0,0.0
2023-02-18 Wolves-Bournemouth,2223,2023-02-18,Wolves,Bournemouth,Michael Salisbury,7.0,10.0,1.4,1.0,1.0862068965517242,7.0,2.0,0.4,1.6,1.1838235294117647,7.384615384615385,1.6,0.0,1.0,1.0,0,12.0,0.0
2023-02-18 Nottingham Forest-Manchester City,2223,2023-02-18,Nottingham Forest,Manchester City,Graham Scott,7.0,10.0,1.0,0.6,0.7727272727272727,3.0,12.0,2.6,1.0,2.5539906103286385,3.1058823529411765,6.0,1.0,1.0,2.0,1,2.0,1.0
2023-02-18 Everton-Leeds United,2223,2023-02-18,Everton,Leeds United,Andy Madley,5.0,3.0,0.6,2.0,1.169811320754717,6.0,2.0,0.6,1.4,1.346938775510204,3.9836065573770494,2.6,1.0,0.0,1.0,0,10.0,2.0
2023-02-18 Chelsea-Southampton,2223,2023-02-18,Chelsea,Southampton,David Coote,7.0,6.0,0.6,0.6,1.6556603773584906,7.0,3.0,0.6,1.6,1.1367924528301887,4.567901234567901,3.3636363636363638,0.0,1.0,1.0,0,18.0,0.0
2023-02-18 Brentford-Crystal Palace,2223,2023-02-18,Brentford,Crystal Palace,Paul Tierney,7.0,11.0,1.8,0.4,1.4,7.0,3.0,0.6,1.0,1.1226415094339623,4.1679389312977095,0.6666666666666666,1.0,1.0,2.0,1,8.0,1.0
2023-02-18 Aston Villa-Arsenal,2223,2023-02-18,Aston Villa,Arsenal,Simon Hooper,6.0,7.0,1.4,1.8,1.2794117647058822,3.0,7.0,1.4,1.4,1.7264150943396226,3.7301587301587302,2.5714285714285716,2.0,4.0,6.0,1,6.0,0.0
2023-02-18 Brighton-Fulham,2223,2023-02-18,Brighton,Fulham,Darren England,7.0,11.0,2.2,0.8,1.085308056872038,7.0,7.0,0.8,0.6,0.9595959595959596,5.108108108108108,2.6,0.0,1.0,1.0,0,10.0,0.0
2023-02-19 Manchester Utd-Leicester City,2223,2023-02-19,Manchester Utd,Leicester City,Stuart Attwell,7.0,8.0,1.8,1.4,1.7230046948356808,8.0,7.0,2.0,1.6,1.6037735849056605,4.37719298245614,2.6363636363636362,3.0,0.0,3.0,0,4.0,2.0
2023-02-19 Tottenham Hotspur-West Ham United,2223,2023-02-19,Tottenham Hotspur,West Ham United,Michael Oliver,8.0,6.0,1.0,2.0,1.7887323943661972,8.0,6.0,1.2,1.0,1.3679245283018868,3.6625766871165646,2.909090909090909,2.0,0.0,2.0,0,6.0,2.0
2023-02-24 Fulham-Wolves,2223,2023-02-24,Fulham,Wolves,Michael Oliver,6.0,7.0,0.6,0.4,0.96,6.0,9.0,1.2,1.0,1.08,3.676829268292683,1.0,1.0,1.0,2.0,1,4.0,1.0
2023-02-25 Bournemouth-Manchester City,2223,2023-02-25,Bournemouth,Manchester City,Paul Tierney,7.0,5.0,0.6,1.0,1.1824817518248176,7.0,10.0,2.0,0.8,2.546728971962617,4.196969696969697,3.2857142857142856,1.0,4.0,5.0,1,8.0,0.0
2023-02-25 Crystal Palace-Liverpool,2223,2023-02-25,Crystal Palace,Liverpool,Darren England,7.0,4.0,0.8,1.0,1.1220657276995305,7.0,7.0,0.8,1.2,2.160377358490566,5.2368421052631575,3.4545454545454546,0.0,0.0,0.0,0,14.0,1.0
2023-02-25 West Ham United-Nottingham Forest,2223,2023-02-25,West Ham United,Nottingham Forest,Jarred Gillett,6.0,5.0,0.8,1.0,1.3615023474178405,7.0,8.0,1.0,0.8,0.782608695652174,5.65,1.0,4.0,0.0,4.0,0,0.0,2.0
2023-02-25 Everton-Aston Villa,2223,2023-02-25,Everton,Aston Villa,Anthony Taylor,7.0,6.0,0.6,1.2,1.1690140845070423,7.0,6.0,1.6,2.4,1.2846715328467153,4.0426829268292686,2.0,0.0,2.0,2.0,0,6.0,0.0
2023-02-25 Leeds United-Southampton,2223,2023-02-25,Leeds United,Southampton,Peter Bankes,7.0,2.0,0.4,1.2,1.3333333333333333,7.0,6.0,0.8,1.4,1.136150234741784,5.0588235294117645,2.4,1.0,0.0,1.0,0,12.0,2.0
2023-02-25 Leicester City-Arsenal,2223,2023-02-25,Leicester City,Arsenal,Craig Pawson,6.0,7.0,2.0,2.0,1.596244131455399,7.0,7.0,1.8,1.8,1.7370892018779343,4.448529411764706,3.3636363636363638,0.0,1.0,1.0,0,2.0,0.0
2023-02-26 Tottenham Hotspur-Chelsea,2223,2023-02-26,Tottenham Hotspur,Chelsea,Stuart Attwell,7.0,9.0,1.4,1.6,1.7897196261682242,8.0,6.0,0.4,0.4,1.647887323943662,4.373913043478261,2.5454545454545454,2.0,0.0,2.0,0,10.0,2.0
2023-03-01 Arsenal-Everton,2223,2023-03-01,Arsenal,Everton,Michael Oliver,4.0,7.0,1.4,1.4,1.733644859813084,4.0,6.0,0.4,1.2,1.1635514018691588,3.6787878787878787,3.1818181818181817,4.0,0.0,4.0,0,4.0,2.0
2023-03-01 Liverpool-Wolves,2223,2023-03-01,Liverpool,Wolves,Paul Tierney,4.0,8.0,0.8,0.6,2.1502347417840375,5.0,7.0,1.2,1.2,1.0795454545454546,4.225563909774436,2.3333333333333335,2.0,0.0,2.0,0,10.0,2.0
2023-03-04 Wolves-Tottenham Hotspur,2223,2023-03-04,Wolves,Tottenham Hotspur,Tim Robinson,3.0,7.0,1.2,1.0,1.073446327683616,6.0,12.0,1.4,0.8,1.7906976744186047,2.0,2.7777777777777777,1.0,0.0,1.0,0,4.0,2.0
2023-03-04 Chelsea-Leeds United,2223,2023-03-04,Chelsea,Leeds United,Michael Oliver,6.0,3.0,0.2,0.8,1.6401869158878504,7.0,4.0,0.6,1.2,1.33,3.680722891566265,3.0,1.0,0.0,1.0,0,4.0,2.0
2023-03-04 Brighton-West Ham United,2223,2023-03-04,Brighton,West Ham United,Stuart Attwell,14.0,8.0,1.4,0.8,1.080188679245283,7.0,8.0,1.6,0.8,1.3738317757009346,4.422413793103448,3.090909090909091,4.0,0.0,4.0,0,6.0,2.0
2023-03-04 Southampton-Leicester City,2223,2023-03-04,Southampton,Leicester City,Robert Jones,7.0,3.0,0.4,1.4,1.1308411214953271,7.0,7.0,2.0,1.8,1.588785046728972,4.918918918918919,3.5454545454545454,1.0,0.0,1.0,0,12.0,2.0
2023-03-04 Arsenal-Bournemouth,2223,2023-03-04,Arsenal,Bournemouth,Chris Kavanagh,3.0,10.0,2.2,1.2,1.744186046511628,7.0,5.0,0.8,1.4,1.181159420289855,3.8545454545454545,3.0,3.0,2.0,5.0,1,4.0,2.0
2023-03-04 Manchester City-Newcastle United,2223,2023-03-04,Manchester City,Newcastle United,Simon Hooper,7.0,10.0,2.2,1.0,2.5534883720930233,14.0,6.0,0.6,0.8,1.1455399061032865,3.765625,4.0,2.0,0.0,2.0,0,12.0,2.0
2023-03-04 Aston Villa-Crystal Palace,2223,2023-03-04,Aston Villa,Crystal Palace,Craig Pawson,7.0,6.0,1.6,2.2,1.289855072463768,7.0,4.0,0.6,0.8,1.1168224299065421,4.430656934306569,2.857142857142857,1.0,0.0,1.0,0,12.0,2.0
2023-03-05 Nottingham Forest-Everton,2223,2023-03-05,Nottingham Forest,Everton,John Brooks,8.0,5.0,0.6,1.6,0.75,4.0,6.0,0.4,1.6,1.158139534883721,7.615384615384615,2.0,2.0,2.0,4.0,1,16.0,1.0
2023-03-05 Liverpool-Manchester Utd,2223,2023-03-05,Liverpool,Manchester Utd,Andy Madley,4.0,10.0,1.2,0.6,2.149532710280374,14.0,10.0,2.2,1.2,1.7289719626168225,4.080645161290323,2.6363636363636362,7.0,0.0,7.0,0,10.0,2.0
2023-03-06 Brentford-Fulham,2223,2023-03-06,Brentford,Fulham,Anthony Taylor,16.0,9.0,1.4,0.4,1.3934426229508197,10.0,8.0,0.8,0.4,0.9603960396039604,4.054545454545455,5.0,3.0,2.0,5.0,1,6.0,2.0
2023-03-11 Bournemouth-Liverpool,2223,2023-03-11,Bournemouth,Liverpool,John Brooks,7.0,4.0,1.0,1.8,1.1870503597122302,6.0,13.0,2.6,0.0,2.172093023255814,8.214285714285714,4.142857142857143,1.0,0.0,1.0,0,6.0,2.0
2023-03-11 Everton-Brentford,2223,2023-03-11,Everton,Brentford,Simon Hooper,6.0,4.0,0.6,2.0,1.162037037037037,5.0,9.0,1.6,0.8,1.4193548387096775,3.8923076923076922,2.6666666666666665,1.0,0.0,1.0,0,6.0,2.0
2023-03-11 Leeds United-Brighton,2223,2023-03-11,Leeds United,Brighton,Paul Tierney,7.0,4.0,0.6,1.2,1.316831683168317,7.0,8.0,1.6,0.8,1.0938967136150235,4.268656716417911,1.2,2.0,2.0,4.0,1,4.0,1.0
2023-03-11 Leicester City-Chelsea,2223,2023-03-11,Leicester City,Chelsea,Andre Marriner,7.0,6.0,1.6,1.6,1.5813953488372092,7.0,5.0,0.4,0.8,1.6372093023255814,3.123076923076923,2.090909090909091,1.0,3.0,4.0,1,8.0,0.0
2023-03-11 Tottenham Hotspur-Nottingham Forest,2223,2023-03-11,Tottenham Hotspur,Nottingham Forest,Craig Pawson,7.0,9.0,1.2,1.0,1.7824074074074074,6.0,5.0,0.8,1.8,0.8,4.4855072463768115,2.0,3.0,1.0,4.0,1,8.0,2.0
2023-03-11 Crystal Palace-Manchester City,2223,2023-03-11,Crystal Palace,Manchester City,Robert Jones,7.0,3.0,0.6,1.0,1.1116279069767443,7.0,13.0,2.6,0.8,2.550925925925926,5.105263157894737,3.090909090909091,0.0,1.0,1.0,0,8.0,0.0
2023-03-12 Newcastle United-Wolves,2223,2023-03-12,Newcastle United,Wolves,Andy Madley,8.0,3.0,0.4,1.2,1.1401869158878504,8.0,7.0,0.8,1.0,1.0730337078651686,4.174603174603175,2.111111111111111,2.0,1.0,3.0,1,6.0,2.0
2023-03-12 West Ham United-Aston Villa,2223,2023-03-12,West Ham United,Aston Villa,Chris Kavanagh,8.0,5.0,1.2,1.6,1.3674418604651162,8.0,6.0,1.6,2.2,1.2877697841726619,3.855855855855856,2.5714285714285716,1.0,1.0,2.0,1,2.0,1.0
2023-03-12 Fulham-Arsenal,2223,2023-03-12,Fulham,Arsenal,David Coote,6.0,8.0,1.2,0.8,0.9705882352941176,8.0,12.0,2.6,1.4,1.75,4.7317073170731705,3.8,0.0,3.0,3.0,0,2.0,0.0
2023-03-12 Manchester Utd-Southampton,2223,2023-03-12,Manchester Utd,Southampton,Anthony Taylor,7.0,10.0,1.8,2.0,1.7209302325581395,8.0,6.0,0.6,1.2,1.130232558139535,4.066265060240964,3.1818181818181817,0.0,0.0,0.0,0,6.0,1.0
2023-03-15 Brighton-Crystal Palace,2223,2023-03-15,Brighton,Crystal Palace,Peter Bankes,4.0,8.0,1.6,0.8,1.0981308411214954,4.0,3.0,0.4,0.8,1.1064814814814814,5.1923076923076925,2.3636363636363638,1.0,0.0,1.0,0,6.0,2.0
2023-03-15 Southampton-Brentford,2223,2023-03-15,Southampton,Brentford,Michael Salisbury,3.0,7.0,0.6,0.6,1.125,4.0,8.0,1.6,1.0,1.3968253968253967,7.714285714285714,3.6666666666666665,0.0,2.0,2.0,0,6.0,0.0
2023-03-17 Nottingham Forest-Newcastle United,2223,2023-03-17,Nottingham Forest,Newcastle United,Paul Tierney,6.0,2.0,0.8,2.4,0.8076923076923077,5.0,5.0,0.8,1.4,1.1441860465116278,4.266666666666667,2.0,1.0,2.0,3.0,1,12.0,0.0
2023-03-18 Chelsea-Everton,2223,2023-03-18,Chelsea,Everton,Darren England,7.0,7.0,1.0,1.0,1.6435185185185186,7.0,7.0,0.8,1.6,1.1612903225806452,5.461538461538462,1.7272727272727273,2.0,2.0,4.0,1,8.0,1.0
2023-03-18 Aston Villa-Bournemouth,2223,2023-03-18,Aston Villa,Bournemouth,Robert Jones,6.0,7.0,1.4,1.6,1.2857142857142858,7.0,7.0,1.2,1.6,1.1857142857142857,5.17948717948718,2.6666666666666665,3.0,0.0,3.0,0,10.0,2.0
2023-03-18 Brentford-Leicester City,2223,2023-03-18,Brentford,Leicester City,Darren Bond,3.0,8.0,1.4,1.0,1.40625,7.0,3.0,1.0,1.8,1.5787037037037037,11.0,3.3333333333333335,1.0,1.0,2.0,1,8.0,1.0
2023-03-18 Southampton-Tottenham Hotspur,2223,2023-03-18,Southampton,Tottenham Hotspur,Simon Hooper,3.0,7.0,0.4,0.6,1.119815668202765,7.0,9.0,1.6,1.2,1.7880184331797235,3.9242424242424243,3.8181818181818183,3.0,3.0,6.0,1,4.0,1.0
2023-03-18 Wolves-Leeds United,2223,2023-03-18,Wolves,Leeds United,Michael Salisbury,6.0,4.0,0.6,1.2,1.0726256983240223,7.0,4.0,0.6,1.2,1.3235294117647058,7.6,2.4,2.0,4.0,6.0,1,20.0,0.0
2023-03-19 Arsenal-Crystal Palace,2223,2023-03-19,Arsenal,Crystal Palace,Stuart Attwell,7.0,15.0,3.0,0.8,1.7557603686635945,4.0,2.0,0.2,0.8,1.1013824884792627,4.435897435897436,3.4545454545454546,4.0,1.0,5.0,1,2.0,2.0
2023-04-01 Manchester City-Liverpool,2223,2023-04-01,Manchester City,Liverpool,Simon Hooper,21.0,13.0,2.2,0.6,2.543778801843318,21.0,10.0,2.2,0.2,2.162037037037037,3.925373134328358,3.5454545454545454,4.0,1.0,5.0,1,4.0,2.0
2023-04-01 Arsenal-Leeds United,2223,2023-04-01,Arsenal,Leeds United,Darren England,13.0,15.0,3.0,0.6,1.7660550458715596,14.0,7.0,1.4,1.2,1.3495145631067962,5.525,3.0,4.0,1.0,5.0,1,4.0,2.0
2023-04-01 Bournemouth-Fulham,2223,2023-04-01,Bournemouth,Fulham,Peter Bankes,14.0,6.0,1.0,2.0,1.177304964539007,20.0,7.0,1.2,1.4,0.9611650485436893,5.2075471698113205,2.6666666666666665,2.0,1.0,3.0,1,10.0,2.0
2023-04-01 Brighton-Brentford,2223,2023-04-01,Brighton,Brentford,Michael Oliver,17.0,8.0,1.6,0.8,1.0976744186046512,14.0,8.0,1.4,1.0,1.4,3.682634730538922,1.6666666666666667,3.0,3.0,6.0,1,4.0,1.0
2023-04-01 Crystal Palace-Leicester City,2223,2023-04-01,Crystal Palace,Leicester City,Tim Robinson,13.0,1.0,0.2,1.4,1.1009174311926606,14.0,1.0,0.4,1.8,1.576036866359447,3.0,2.8181818181818183,2.0,1.0,3.0,1,14.0,2.0
2023-04-01 Nottingham Forest-Wolves,2223,2023-04-01,Nottingham Forest,Wolves,Chris Kavanagh,15.0,2.0,1.0,2.4,0.8148148148148148,14.0,4.0,1.0,1.8,1.0777777777777777,3.8392857142857144,1.0,1.0,1.0,2.0,1,16.0,1.0
2023-04-01 Chelsea-Aston Villa,2223,2023-04-01,Chelsea,Aston Villa,Andy Madley,14.0,7.0,1.2,1.2,1.6451612903225807,14.0,10.0,1.8,1.0,1.297872340425532,4.203125,2.857142857142857,0.0,2.0,2.0,0,12.0,0.0
2023-04-02 West Ham United-Southampton,2223,2023-04-02,West Ham United,Southampton,Paul Tierney,21.0,5.0,1.2,1.6,1.3657407407407407,15.0,5.0,0.8,1.2,1.128440366972477,4.323529411764706,2.6363636363636362,1.0,0.0,1.0,0,4.0,2.0
2023-04-02 Newcastle United-Manchester Utd,2223,2023-04-02,Newcastle United,Manchester Utd,Stuart Attwell,16.0,7.0,1.0,1.4,1.1481481481481481,21.0,8.0,1.4,1.8,1.712962962962963,4.415254237288136,3.1818181818181817,2.0,0.0,2.0,0,0.0,2.0
2023-04-03 Everton-Tottenham Hotspur,2223,2023-04-03,Everton,Tottenham Hotspur,David Coote,16.0,5.0,1.0,2.0,1.165137614678899,16.0,10.0,2.0,1.0,1.7935779816513762,4.698795180722891,3.090909090909091,1.0,1.0,2.0,1,10.0,1.0
2023-04-04 Bournemouth-Brighton,2223,2023-04-04,Bournemouth,Brighton,Darren Bond,3.0,6.0,1.2,2.2,1.1830985915492958,3.0,8.0,2.0,1.2,1.1064814814814814,10.0,3.0,0.0,2.0,2.0,0,4.0,0.0
2023-04-04 Leeds United-Nottingham Forest,2223,2023-04-04,Leeds United,Nottingham Forest,Robert Jones,3.0,7.0,1.6,1.8,1.3461538461538463,3.0,2.0,1.0,2.4,0.8214285714285714,5.3,1.0,2.0,1.0,3.0,1,10.0,2.0
2023-04-04 Leicester City-Aston Villa,2223,2023-04-04,Leicester City,Aston Villa,Graham Scott,3.0,1.0,0.6,1.6,1.573394495412844,3.0,13.0,1.8,0.2,1.3028169014084507,3.0930232558139537,3.142857142857143,1.0,2.0,3.0,1,6.0,0.0
2023-04-04 Chelsea-Liverpool,2223,2023-04-04,Chelsea,Liverpool,Anthony Taylor,3.0,7.0,1.2,1.4,1.6376146788990826,3.0,7.0,2.0,1.0,2.1566820276497696,4.077844311377246,2.4545454545454546,0.0,0.0,0.0,0,10.0,1.0
2023-04-05 Manchester Utd-Brentford,2223,2023-04-05,Manchester Utd,Brentford,John Brooks,3.0,7.0,1.0,1.8,1.705069124423963,4.0,8.0,1.8,1.4,1.4242424242424243,8.066666666666666,3.6666666666666665,1.0,0.0,1.0,0,10.0,2.0
2023-04-05 West Ham United-Newcastle United,2223,2023-04-05,West Ham United,Newcastle United,Craig Pawson,3.0,7.0,1.2,1.4,1.3640552995391706,3.0,9.0,1.2,1.2,1.152073732718894,4.510791366906475,3.5454545454545454,1.0,5.0,6.0,1,6.0,0.0
2023-04-08 Southampton-Manchester City,2223,2023-04-08,Southampton,Manchester City,Robert Jones,6.0,5.0,0.8,1.2,1.1232876712328768,7.0,13.0,2.4,0.6,2.55045871559633,5.414634146341464,3.0,1.0,4.0,5.0,1,4.0,0.0
2023-04-08 Wolves-Chelsea,2223,2023-04-08,Wolves,Chelsea,Peter Bankes,7.0,4.0,1.0,1.8,1.0773480662983426,4.0,8.0,1.2,1.0,1.63013698630137,5.296296296296297,2.6666666666666665,1.0,0.0,1.0,0,14.0,2.0
2023-04-08 Tottenham Hotspur-Brighton,2223,2023-04-08,Tottenham Hotspur,Brighton,Stuart Attwell,5.0,8.0,1.8,1.2,1.7899543378995433,4.0,11.0,2.4,1.0,1.1105990783410138,4.378151260504202,2.0,2.0,1.0,3.0,1,8.0,2.0
2023-04-08 Leicester City-Bournemouth,2223,2023-04-08,Leicester City,Bournemouth,David Coote,4.0,1.0,0.8,1.8,1.5707762557077625,4.0,6.0,1.0,1.8,1.1748251748251748,4.761904761904762,3.142857142857143,0.0,1.0,1.0,0,6.0,0.0
2023-04-08 Fulham-West Ham United,2223,2023-04-08,Fulham,West Ham United,Jarred Gillett,7.0,4.0,1.0,1.8,0.9615384615384616,3.0,7.0,1.4,2.0,1.3623853211009174,5.380952380952381,2.2,0.0,1.0,1.0,0,4.0,0.0
2023-04-08 Brentford-Newcastle United,2223,2023-04-08,Brentford,Newcastle United,Chris Kavanagh,3.0,5.0,1.2,1.2,1.4029850746268657,3.0,12.0,2.2,1.0,1.1697247706422018,3.9469026548672566,4.666666666666667,1.0,2.0,3.0,1,4.0,0.0
2023-04-08 Aston Villa-Nottingham Forest,2223,2023-04-08,Aston Villa,Nottingham Forest,Anthony Taylor,4.0,13.0,1.8,0.4,1.3076923076923077,4.0,2.0,1.2,2.0,0.8275862068965517,4.113095238095238,2.0,2.0,0.0,2.0,0,14.0,2.0
2023-04-08 Manchester Utd-Everton,2223,2023-04-08,Manchester Utd,Everton,Michael Oliver,3.0,7.0,0.8,1.8,1.701834862385321,5.0,6.0,1.2,1.8,1.1643835616438356,3.6845238095238093,3.0,2.0,0.0,2.0,0,0.0,2.0
2023-04-09 Leeds United-Crystal Palace,2223,2023-04-09,Leeds United,Crystal Palace,Simon Hooper,5.0,7.0,1.8,2.0,1.3523809523809525,8.0,3.0,0.6,1.6,1.1050228310502284,3.926470588235294,2.2,1.0,5.0,6.0,1,8.0,0.0
2023-04-09 Liverpool-Arsenal,2223,2023-04-09,Liverpool,Arsenal,Paul Tierney,5.0,7.0,2.0,1.0,2.146788990825688,8.0,15.0,3.6,0.8,1.7762557077625571,4.321167883211679,3.909090909090909,2.0,2.0,4.0,1,16.0,1.0
2023-04-15 Wolves-Brentford,2223,2023-04-15,Wolves,Brentford,Paul Tierney,7.0,7.0,1.2,1.4,1.0769230769230769,7.0,5.0,1.4,1.4,1.3970588235294117,4.405797101449275,2.3333333333333335,2.0,0.0,2.0,0,4.0,2.0
2023-04-15 Tottenham Hotspur-Bournemouth,2223,2023-04-15,Tottenham Hotspur,Bournemouth,Andy Madley,7.0,8.0,1.8,1.4,1.790909090909091,7.0,9.0,0.8,1.2,1.1736111111111112,4.323076923076923,3.142857142857143,2.0,3.0,5.0,1,6.0,0.0
2023-04-15 Southampton-Crystal Palace,2223,2023-04-15,Southampton,Crystal Palace,Michael Oliver,7.0,2.0,0.8,2.0,1.1227272727272728,6.0,6.0,1.6,1.6,1.1227272727272728,3.662721893491124,2.272727272727273,0.0,2.0,2.0,0,8.0,0.0
2023-04-15 Manchester City-Leicester City,2223,2023-04-15,Manchester City,Leicester City,Darren England,7.0,15.0,3.0,0.6,2.557077625570776,7.0,1.0,0.8,1.8,1.5636363636363637,5.487804878048781,3.3636363636363638,3.0,1.0,4.0,1,4.0,2.0
2023-04-15 Chelsea-Brighton,2223,2023-04-15,Chelsea,Brighton,Robert Jones,7.0,5.0,1.0,1.2,1.6227272727272728,7.0,8.0,1.8,1.4,1.110091743119266,5.380952380952381,2.6363636363636362,1.0,2.0,3.0,1,8.0,0.0
2023-04-15 Aston Villa-Newcastle United,2223,2023-04-15,Aston Villa,Newcastle United,John Brooks,7.0,13.0,2.0,0.4,1.3125,7.0,15.0,2.6,0.8,1.17351598173516,8.1875,2.142857142857143,3.0,0.0,3.0,0,4.0,2.0
2023-04-15 Everton-Fulham,2223,2023-04-15,Everton,Fulham,Anthony Taylor,7.0,6.0,1.2,1.4,1.1590909090909092,7.0,1.0,0.8,2.0,0.9523809523809523,4.171597633136095,2.4,1.0,3.0,4.0,1,10.0,0.0
2023-04-16 West Ham United-Arsenal,2223,2023-04-16,West Ham United,Arsenal,David Coote,8.0,7.0,0.8,2.0,1.360730593607306,7.0,13.0,3.2,1.2,1.7772727272727273,4.776470588235294,3.0,2.0,2.0,4.0,1,6.0,1.0
2023-04-16 Nottingham Forest-Manchester Utd,2223,2023-04-16,Nottingham Forest,Manchester Utd,Simon Hooper,8.0,1.0,0.8,2.0,0.8,8.0,7.0,0.6,1.8,1.7031963470319635,3.9855072463768115,3.0,0.0,2.0,2.0,0,8.0,0.0
2023-04-17 Leeds United-Liverpool,2223,2023-04-17,Leeds United,Liverpool,Craig Pawson,8.0,7.0,2.0,2.8,1.349056603773585,8.0,5.0,2.0,1.4,2.146118721461187,4.521428571428571,4.2,1.0,6.0,7.0,1,2.0,0.0
2023-04-21 Arsenal-Southampton,2223,2023-04-21,Arsenal,Southampton,Simon Hooper,5.0,11.0,3.0,1.2,1.7782805429864252,6.0,1.0,0.8,2.4,1.1176470588235294,4.042857142857143,2.909090909090909,3.0,3.0,6.0,1,12.0,1.0
2023-04-22 Fulham-Leeds United,2223,2023-04-22,Fulham,Leeds United,Peter Bankes,7.0,3.0,1.2,2.0,0.9716981132075472,5.0,6.0,1.8,3.6,1.3457943925233644,5.454545454545454,5.0,2.0,1.0,3.0,1,10.0,2.0
2023-04-22 Brentford-Aston Villa,2223,2023-04-22,Brentford,Aston Villa,Michael Salisbury,7.0,2.0,1.0,1.8,1.3768115942028984,7.0,15.0,2.4,0.2,1.3241379310344827,8.375,3.0,1.0,1.0,2.0,1,10.0,1.0
2023-04-22 Crystal Palace-Everton,2223,2023-04-22,Crystal Palace,Everton,John Brooks,7.0,9.0,2.0,1.4,1.1266968325791855,7.0,5.0,1.0,1.6,1.158371040723982,7.9411764705882355,2.8181818181818183,0.0,0.0,0.0,0,6.0,1.0
2023-04-22 Leicester City-Wolves,2223,2023-04-22,Leicester City,Wolves,Andy Madley,7.0,1.0,0.8,1.8,1.5610859728506787,7.0,7.0,1.4,1.4,1.0819672131147542,4.348484848484849,2.0,2.0,1.0,3.0,1,8.0,2.0
2023-04-22 Liverpool-Nottingham Forest,2223,2023-04-22,Liverpool,Nottingham Forest,Michael Oliver,5.0,5.0,1.8,1.6,2.1636363636363636,6.0,1.0,0.6,1.8,0.7741935483870968,3.6882352941176473,1.0,3.0,2.0,5.0,1,2.0,2.0
2023-04-23 Newcastle United-Tottenham Hotspur,2223,2023-04-23,Newcastle United,Tottenham Hotspur,David Coote,8.0,12.0,2.2,1.2,1.1681818181818182,8.0,8.0,2.2,1.8,1.7918552036199096,4.790697674418604,2.909090909090909,6.0,1.0,7.0,1,6.0,2.0
2023-04-23 Bournemouth-West Ham United,2223,2023-04-23,Bournemouth,West Ham United,Anthony Taylor,8.0,9.0,1.2,1.6,1.186206896551724,7.0,8.0,1.2,1.6,1.3636363636363635,4.205882352941177,3.2857142857142856,0.0,4.0,4.0,0,6.0,0.0
2023-04-25 Wolves-Crystal Palace,2223,2023-04-25,Wolves,Crystal Palace,Robert Jones,3.0,7.0,1.4,1.4,1.0815217391304348,3.0,10.0,2.0,1.2,1.1216216216216217,5.441860465116279,1.8888888888888888,2.0,0.0,2.0,0,18.0,2.0
2023-04-25 Aston Villa-Fulham,2223,2023-04-25,Aston Villa,Fulham,Thomas Bramall,3.0,13.0,2.0,0.4,1.321917808219178,3.0,6.0,1.2,1.6,0.9813084112149533,6.0,3.3333333333333335,1.0,0.0,1.0,0,10.0,2.0
2023-04-25 Leeds United-Leicester City,2223,2023-04-25,Leeds United,Leicester City,Paul Tierney,3.0,3.0,1.2,3.6,1.3425925925925926,3.0,3.0,1.0,1.8,1.563063063063063,4.402877697841727,2.8,1.0,1.0,2.0,1,12.0,1.0
2023-04-26 Nottingham Forest-Brighton,2223,2023-04-26,Nottingham Forest,Brighton,Jarred Gillett,4.0,1.0,0.8,2.0,0.8125,11.0,10.0,1.8,1.2,1.1141552511415524,5.318181818181818,0.0,3.0,1.0,4.0,1,4.0,2.0
2023-04-26 Chelsea-Brentford,2223,2023-04-26,Chelsea,Brentford,Andy Madley,11.0,2.0,0.6,1.4,1.6199095022624435,4.0,2.0,1.0,1.8,1.3714285714285714,4.402985074626866,2.0,0.0,2.0,2.0,0,6.0,0.0
2023-04-26 West Ham United-Liverpool,2223,2023-04-26,West Ham United,Liverpool,Chris Kavanagh,3.0,10.0,1.8,1.4,1.3755656108597285,4.0,8.0,2.4,1.8,2.167420814479638,3.9473684210526314,3.3636363636363638,1.0,2.0,3.0,1,0.0,0.0
2023-04-26 Manchester City-Arsenal,2223,2023-04-26,Manchester City,Arsenal,Michael Oliver,11.0,15.0,2.8,0.6,2.559090909090909,5.0,9.0,3.0,1.8,1.7837837837837838,3.6783625730994154,3.0,4.0,1.0,5.0,1,8.0,2.0
2023-04-27 Everton-Newcastle United,2223,2023-04-27,Everton,Newcastle United,Andre Marriner,5.0,3.0,0.8,1.6,1.1531531531531531,4.0,12.0,3.0,1.2,1.1900452488687783,3.1603053435114505,2.4545454545454546,1.0,4.0,5.0,1,6.0,0.0
2023-04-27 Southampton-Bournemouth,2223,2023-04-27,Southampton,Bournemouth,Darren England,6.0,2.0,1.4,2.6,1.1261261261261262,4.0,9.0,1.2,1.8,1.178082191780822,5.4523809523809526,2.5714285714285716,0.0,1.0,1.0,0,6.0,0.0
2023-04-27 Tottenham Hotspur-Manchester Utd,2223,2023-04-27,Tottenham Hotspur,Manchester Utd,Anthony Taylor,4.0,5.0,1.8,2.8,1.7882882882882882,11.0,10.0,1.0,0.4,1.7045454545454546,4.216374269005848,3.0,2.0,2.0,4.0,1,6.0,1.0
2023-04-29 Brighton-Wolves,2223,2023-04-29,Brighton,Wolves,David Coote,3.0,7.0,1.8,1.8,1.1136363636363635,4.0,10.0,1.4,0.6,1.0864864864864865,4.804597701149425,2.5555555555555554,6.0,0.0,6.0,0,4.0,2.0
2023-04-29 Brentford-Nottingham Forest,2223,2023-04-29,Brentford,Nottingham Forest,Peter Bankes,3.0,4.0,0.8,1.2,1.380281690140845,3.0,3.0,1.2,2.0,0.8787878787878788,5.535714285714286,4.0,2.0,1.0,3.0,1,6.0,2.0
2023-04-29 Crystal Palace-West Ham United,2223,2023-04-29,Crystal Palace,West Ham United,Craig Pawson,4.0,10.0,1.8,0.8,1.116591928251121,3.0,7.0,1.8,1.8,1.3738738738738738,4.50354609929078,3.4545454545454546,4.0,3.0,7.0,1,6.0,2.0
2023-04-30 Bournemouth-Leeds United,2223,2023-04-30,Bournemouth,Leeds United,Chris Kavanagh,3.0,9.0,1.0,1.6,1.1768707482993197,5.0,4.0,1.2,3.0,1.3394495412844036,3.9130434782608696,7.0,4.0,1.0,5.0,1,2.0,2.0
2023-04-30 Fulham-Manchester City,2223,2023-04-30,Fulham,Manchester City,Simon Hooper,5.0,6.0,1.2,1.2,0.9722222222222222,4.0,15.0,3.2,0.8,2.565610859728507,4.154929577464789,2.6,1.0,2.0,3.0,1,8.0,0.0
2023-04-30 Manchester Utd-Aston Villa,2223,2023-04-30,Manchester Utd,Aston Villa,Jarred Gillett,3.0,10.0,1.4,0.8,1.7058823529411764,5.0,13.0,1.8,0.4,1.3197278911564625,5.260869565217392,3.2857142857142856,1.0,0.0,1.0,0,4.0,2.0
2023-04-30 Newcastle United-Southampton,2223,2023-04-30,Newcastle United,Southampton,Anthony Taylor,3.0,12.0,3.4,1.4,1.2027027027027026,3.0,1.0,0.8,2.2,1.1210762331838564,4.226744186046512,3.090909090909091,3.0,1.0,4.0,1,10.0,2.0
2023-04-30 Liverpool-Tottenham Hotspur,2223,2023-04-30,Liverpool,Tottenham Hotspur,Paul Tierney,4.0,11.0,2.6,1.2,2.1666666666666665,3.0,5.0,1.6,2.6,1.789237668161435,4.457142857142857,3.1818181818181817,4.0,3.0,7.0,1,10.0,2.0
2023-05-01 Leicester City-Everton,2223,2023-05-01,Leicester City,Everton,Michael Oliver,6.0,4.0,1.0,1.6,1.5605381165919283,4.0,2.0,0.6,2.0,1.1524663677130045,3.703488372093023,2.3636363636363638,2.0,2.0,4.0,1,10.0,1.0
2023-05-02 Arsenal-Chelsea,2223,2023-05-02,Arsenal,Chelsea,Robert Jones,6.0,6.0,2.4,2.4,1.7802690582959642,6.0,1.0,0.2,1.4,1.6126126126126126,5.7272727272727275,2.909090909090909,3.0,1.0,4.0,1,4.0,2.0
2023-05-03 Liverpool-Fulham,2223,2023-05-03,Liverpool,Fulham,Stuart Attwell,3.0,13.0,3.4,1.8,2.1748878923766815,3.0,6.0,1.2,1.2,0.9724770642201835,4.408333333333333,2.4,1.0,0.0,1.0,0,0.0,2.0
2023-05-03 Manchester City-West Ham United,2223,2023-05-03,Manchester City,West Ham United,John Brooks,3.0,15.0,3.4,1.0,2.563063063063063,4.0,7.0,2.2,1.6,1.3811659192825112,7.833333333333333,3.090909090909091,3.0,0.0,3.0,0,2.0,2.0
2023-05-04 Brighton-Manchester Utd,2223,2023-05-04,Brighton,Manchester Utd,Andre Marriner,5.0,9.0,2.4,1.2,1.1357466063348416,4.0,13.0,1.6,0.4,1.7027027027027026,3.1818181818181817,3.090909090909091,1.0,0.0,1.0,0,16.0,2.0
2023-05-06 Liverpool-Brentford,2223,2023-05-06,Liverpool,Brentford,Anthony Taylor,3.0,15.0,3.2,1.4,2.169642857142857,7.0,7.0,1.2,1.2,1.3888888888888888,4.2601156069364166,4.333333333333333,1.0,0.0,1.0,0,12.0,2.0
2023-05-06 Wolves-Aston Villa,2223,2023-05-06,Wolves,Aston Villa,Stuart Attwell,7.0,9.0,1.2,1.6,1.0806451612903225,6.0,10.0,1.4,0.4,1.3108108108108107,4.371900826446281,2.142857142857143,1.0,0.0,1.0,0,12.0,2.0
2023-05-06 Bournemouth-Chelsea,2223,2023-05-06,Bournemouth,Chelsea,John Brooks,6.0,12.0,1.8,1.4,1.195945945945946,4.0,1.0,0.4,1.6,1.609865470852018,7.526315789473684,2.4285714285714284,1.0,3.0,4.0,1,8.0,0.0
2023-05-06 Manchester City-Leeds United,2223,2023-05-06,Manchester City,Leeds United,Andy Madley,3.0,15.0,3.2,0.8,2.5650224215246635,6.0,1.0,1.0,3.6,1.3363636363636364,4.426470588235294,4.0,2.0,1.0,3.0,1,6.0,2.0
2023-05-06 Tottenham Hotspur-Crystal Palace,2223,2023-05-06,Tottenham Hotspur,Crystal Palace,Darren England,6.0,4.0,2.0,3.2,1.7946428571428572,7.0,10.0,2.2,1.2,1.1294642857142858,5.465116279069767,2.5454545454545454,1.0,0.0,1.0,0,16.0,2.0
2023-05-07 Newcastle United-Arsenal,2223,2023-05-07,Newcastle United,Arsenal,Chris Kavanagh,7.0,12.0,3.0,1.4,1.210762331838565,5.0,6.0,2.2,2.4,1.7857142857142858,3.896551724137931,2.090909090909091,0.0,2.0,2.0,0,6.0,0.0
2023-05-07 West Ham United-Manchester Utd,2223,2023-05-07,West Ham United,Manchester Utd,Peter Bankes,4.0,4.0,2.0,2.2,1.375,3.0,10.0,1.4,0.6,1.695067264573991,5.543859649122807,2.272727272727273,1.0,0.0,1.0,0,4.0,2.0
2023-05-08 Fulham-Leicester City,2223,2023-05-08,Fulham,Leicester City,Robert Jones,5.0,6.0,1.2,1.2,0.9636363636363636,7.0,5.0,1.2,1.6,1.5625,5.688888888888889,2.4,5.0,3.0,8.0,1,6.0,2.0
2023-05-08 Brighton-Everton,2223,2023-05-08,Brighton,Everton,Simon Hooper,4.0,9.0,2.2,1.2,1.135135135135135,7.0,2.0,0.8,2.2,1.15625,4.208333333333333,3.0,1.0,5.0,6.0,1,12.0,0.0
2023-05-08 Nottingham Forest-Southampton,2223,2023-05-08,Nottingham Forest,Southampton,Michael Oliver,9.0,3.0,1.2,2.0,0.8823529411764706,8.0,1.0,1.0,2.6,1.1205357142857142,3.739884393063584,1.0,4.0,3.0,7.0,1,2.0,2.0
2023-05-13 Manchester Utd-Wolves,2223,2023-05-13,Manchester Utd,Wolves,John Brooks,6.0,7.0,1.0,0.8,1.6875,7.0,9.0,1.2,1.6,1.0802139037433156,7.55,1.5555555555555556,2.0,0.0,2.0,0,10.0,2.0
2023-05-13 Southampton-Fulham,2223,2023-05-13,Southampton,Fulham,Thomas Bramall,5.0,1.0,1.4,2.6,1.1288888888888888,5.0,6.0,1.6,1.6,1.0,6.666666666666667,2.8,0.0,2.0,2.0,0,4.0,0.0
2023-05-13 Crystal Palace-Bournemouth,2223,2023-05-13,Crystal Palace,Bournemouth,Michael Salisbury,7.0,7.0,1.2,1.2,1.1244444444444444,7.0,9.0,1.8,2.0,1.1946308724832215,8.470588235294118,3.4285714285714284,2.0,0.0,2.0,0,4.0,2.0
2023-05-13 Aston Villa-Tottenham Hotspur,2223,2023-05-13,Aston Villa,Tottenham Hotspur,Peter Bankes,7.0,7.0,1.0,0.6,1.3020134228187918,7.0,4.0,1.8,3.0,1.791111111111111,5.517241379310345,3.2857142857142856,2.0,1.0,3.0,1,12.0,2.0
2023-05-13 Leeds United-Newcastle United,2223,2023-05-13,Leeds United,Newcastle United,Simon Hooper,7.0,1.0,1.0,3.0,1.3333333333333333,6.0,9.0,2.6,1.6,1.2053571428571428,4.315068493150685,2.6,2.0,2.0,4.0,1,14.0,1.0
2023-05-13 Chelsea-Nottingham Forest,2223,2023-05-13,Chelsea,Nottingham Forest,Paul Tierney,7.0,3.0,1.0,1.8,1.6160714285714286,5.0,6.0,2.0,2.2,0.9714285714285714,4.49645390070922,2.0,2.0,2.0,4.0,1,8.0,1.0
2023-05-14 Brentford-West Ham United,2223,2023-05-14,Brentford,West Ham United,Michael Oliver,8.0,7.0,1.0,1.0,1.36986301369863,7.0,6.0,1.8,1.8,1.3733333333333333,3.7298850574712645,2.3333333333333335,2.0,0.0,2.0,0,2.0,2.0
2023-05-14 Everton-Manchester City,2223,2023-05-14,Everton,Manchester City,Anthony Taylor,6.0,5.0,1.8,2.0,1.1733333333333333,8.0,15.0,2.8,0.8,2.5625,4.304597701149425,3.090909090909091,0.0,3.0,3.0,0,2.0,0.0
2023-05-14 Arsenal-Brighton,2223,2023-05-14,Arsenal,Brighton,Andy Madley,7.0,8.0,2.2,2.0,1.7866666666666666,6.0,9.0,2.2,1.8,1.1345291479820627,4.449275362318841,2.4545454545454546,0.0,3.0,3.0,0,6.0,0.0
2023-05-15 Leicester City-Liverpool,2223,2023-05-15,Leicester City,Liverpool,Craig Pawson,7.0,5.0,1.8,2.4,1.568888888888889,9.0,15.0,2.2,1.2,2.1644444444444444,4.514084507042254,3.0,0.0,3.0,3.0,0,6.0,0.0
2023-05-18 Newcastle United-Brighton,2223,2023-05-18,Newcastle United,Brighton,Robert Jones,5.0,10.0,3.0,1.4,1.208888888888889,4.0,9.0,2.4,1.6,1.1428571428571428,5.695652173913044,1.3636363636363635,4.0,1.0,5.0,1,12.0,2.0
2023-05-20 Fulham-Crystal Palace,2223,2023-05-20,Fulham,Crystal Palace,Joshua Smith,7.0,6.0,1.6,1.4,1.0089285714285714,7.0,7.0,1.2,1.2,1.1283185840707965,5.229605263157895,2.0,2.0,2.0,4.0,1,6.0,1.0
2023-05-20 Nottingham Forest-Arsenal,2223,2023-05-20,Nottingham Forest,Arsenal,Anthony Taylor,7.0,7.0,2.4,2.2,1.0,6.0,7.0,1.8,2.2,1.7787610619469028,4.291428571428572,5.0,1.0,0.0,1.0,0,10.0,2.0
2023-05-20 Wolves-Everton,2223,2023-05-20,Wolves,Everton,David Coote,7.0,6.0,0.8,2.0,1.074468085106383,6.0,5.0,1.6,2.0,1.168141592920354,4.795454545454546,3.0,1.0,1.0,2.0,1,12.0,1.0
2023-05-20 Bournemouth-Manchester Utd,2223,2023-05-20,Bournemouth,Manchester Utd,Chris Kavanagh,7.0,6.0,1.2,2.0,1.1866666666666668,7.0,7.0,1.0,0.8,1.6888888888888889,3.9145299145299144,3.142857142857143,0.0,1.0,1.0,0,2.0,0.0
2023-05-20 Tottenham Hotspur-Brentford,2223,2023-05-20,Tottenham Hotspur,Brentford,Jarred Gillett,7.0,4.0,1.6,2.8,1.7876106194690264,6.0,10.0,1.4,0.6,1.3783783783783783,5.208333333333333,2.0,1.0,3.0,4.0,1,4.0,0.0
2023-05-20 Liverpool-Aston Villa,2223,2023-05-20,Liverpool,Aston Villa,John Brooks,5.0,15.0,2.2,0.8,2.168141592920354,7.0,7.0,0.8,0.8,1.3066666666666666,7.666666666666667,3.5714285714285716,1.0,1.0,2.0,1,16.0,1.0
2023-05-21 West Ham United-Leeds United,2223,2023-05-21,West Ham United,Leeds United,Peter Bankes,7.0,3.0,1.0,2.2,1.3672566371681416,8.0,2.0,1.2,2.2,1.3392857142857142,5.627118644067797,3.4,3.0,1.0,4.0,1,8.0,2.0
2023-05-21 Brighton-Southampton,2223,2023-05-21,Brighton,Southampton,Paul Tierney,3.0,9.0,2.4,1.8,1.1422222222222222,8.0,1.0,1.4,2.6,1.1238938053097345,4.52112676056338,2.6363636363636362,3.0,1.0,4.0,1,14.0,2.0
2023-05-21 Manchester City-Chelsea,2223,2023-05-21,Manchester City,Chelsea,Michael Oliver,7.0,15.0,2.8,0.6,2.5644444444444443,8.0,4.0,1.4,2.0,1.6177777777777778,3.72,2.3636363636363638,1.0,0.0,1.0,0,4.0,2.0
2023-05-22 Newcastle United-Leicester City,2223,2023-05-22,Newcastle United,Leicester City,Andre Marriner,4.0,10.0,2.6,1.4,1.2212389380530972,7.0,5.0,1.6,2.4,1.5619469026548674,3.2781954887218046,3.4545454545454546,0.0,0.0,0.0,0,4.0,1.0
2023-05-24 Brighton-Manchester City,2223,2023-05-24,Brighton,Manchester City,Simon Hooper,3.0,9.0,1.8,2.0,1.1504424778761062,3.0,15.0,2.2,0.4,2.5575221238938055,4.445945945945946,3.6363636363636362,1.0,1.0,2.0,1,6.0,1.0
2023-05-25 Manchester Utd-Chelsea,2223,2023-05-25,Manchester Utd,Chelsea,Stuart Attwell,5.0,9.0,0.8,0.4,1.6858407079646018,4.0,4.0,1.2,1.8,1.6106194690265487,4.434426229508197,2.0,4.0,1.0,5.0,1,4.0,2.0
2023-05-28 Southampton-Liverpool,2223,2023-05-28,Southampton,Liverpool,Darren England,7.0,0.0,1.0,2.6,1.1233480176211454,8.0,13.0,2.0,0.8,2.1629955947136565,5.704545454545454,3.0,4.0,4.0,8.0,1,4.0,1.0
2023-05-28 Leeds United-Tottenham Hotspur,2223,2023-05-28,Leeds United,Tottenham Hotspur,Anthony Taylor,7.0,2.0,1.2,2.4,1.336283185840708,8.0,4.0,1.6,2.2,1.7841409691629957,4.323863636363637,4.2,1.0,4.0,5.0,1,6.0,0.0
2023-05-28 Manchester Utd-Fulham,2223,2023-05-28,Manchester Utd,Fulham,Robert Jones,3.0,9.0,1.4,0.6,1.696035242290749,8.0,7.0,2.0,1.6,1.0176991150442478,5.829787234042553,3.2,2.0,1.0,3.0,1,6.0,2.0
2023-05-28 Everton-Bournemouth,2223,2023-05-28,Everton,Bournemouth,Stuart Attwell,8.0,5.0,1.8,2.2,1.1674008810572687,8.0,6.0,1.2,1.4,1.1788079470198676,4.430894308943089,3.2857142857142856,1.0,0.0,1.0,0,8.0,2.0
2023-05-28 Leicester City-West Ham United,2223,2023-05-28,Leicester City,West Ham United,Simon Hooper,6.0,3.0,1.2,2.2,1.5550660792951543,7.0,6.0,1.4,2.0,1.3744493392070485,4.466666666666667,3.3636363636363638,2.0,1.0,3.0,1,4.0,2.0
2023-05-28 Chelsea-Newcastle United,2223,2023-05-28,Chelsea,Newcastle United,Jarred Gillett,3.0,4.0,1.4,2.2,1.6079295154185023,6.0,8.0,1.8,1.2,1.2158590308370043,5.16,2.1818181818181817,1.0,1.0,2.0,1,0.0,1.0
2023-05-28 Brentford-Manchester City,2223,2023-05-28,Brentford,Manchester City,John Brooks,8.0,12.0,1.8,0.6,1.4,4.0,13.0,2.0,0.4,2.550660792951542,8.045454545454545,2.0,1.0,0.0,1.0,0,8.0,2.0
2023-05-28 Aston Villa-Brighton,2223,2023-05-28,Aston Villa,Brighton,David Coote,8.0,7.0,0.8,0.8,1.304635761589404,4.0,7.0,1.8,2.2,1.1497797356828194,4.876404494382022,2.142857142857143,2.0,1.0,3.0,1,16.0,2.0
2023-05-28 Arsenal-Wolves,2223,2023-05-28,Arsenal,Wolves,Andre Marriner,8.0,6.0,1.2,1.8,1.7709251101321586,8.0,7.0,0.8,1.8,1.0740740740740742,3.283582089552239,2.4444444444444446,5.0,0.0,5.0,0,0.0,2.0
2023-05-28 Crystal Palace-Nottingham Forest,2223,2023-05-28,Crystal Palace,Nottingham Forest,Thomas Bramall,8.0,7.0,1.6,1.6,1.13215859030837,8.0,10.0,2.2,1.6,1.0,6.285714285714286,1.0,1.0,1.0,2.0,1,4.0,1.0
2023-08-11 Burnley-Manchester City,2324,2023-08-11,Burnley,Manchester City,Craig Pawson,446.0,4.0,1.0,1.6,1.0052631578947369,75.0,10.0,1.4,0.6,2.539473684210526,4.524475524475524,3.2,0.0,3.0,3.0,0,2.0,0.0
2023-08-12 Sheffield United-Crystal Palace,2324,2023-08-12,Sheffield United,Crystal Palace,John Brooks,811.0,6.0,0.4,1.4,0.7763157894736842,76.0,8.0,1.8,1.4,1.131578947368421,8.043478260869565,1.5,0.0,1.0,1.0,0,6.0,0.0
2023-08-12 Everton-Fulham,2324,2023-08-12,Everton,Fulham,Stuart Attwell,76.0,8.0,1.8,1.4,1.1666666666666667,76.0,7.0,2.0,1.6,1.0175438596491229,4.459677419354839,2.6666666666666665,0.0,1.0,1.0,0,4.0,0.0
2023-08-12 Newcastle United-Aston Villa,2324,2023-08-12,Newcastle United,Aston Villa,Andy Madley,76.0,6.0,1.4,1.2,1.2149122807017543,76.0,7.0,1.0,1.0,1.3092105263157894,4.4714285714285715,2.25,5.0,1.0,6.0,1,16.0,2.0
2023-08-12 Bournemouth-West Ham United,2324,2023-08-12,Bournemouth,West Ham United,Peter Bankes,76.0,3.0,1.0,1.6,1.1710526315789473,76.0,6.0,1.0,1.6,1.3728070175438596,5.666666666666667,3.375,1.0,1.0,2.0,1,10.0,1.0
2023-08-12 Arsenal-Nottingham Forest,2324,2023-08-12,Arsenal,Nottingham Forest,Michael Oliver,76.0,9.0,2.0,1.0,1.7850877192982457,76.0,8.0,1.8,1.6,1.0,3.721590909090909,3.0,2.0,1.0,3.0,1,8.0,2.0
2023-08-13 Brentford-Tottenham Hotspur,2324,2023-08-13,Brentford,Tottenham Hotspur,Robert Jones,77.0,12.0,1.6,0.6,1.394736842105263,77.0,6.0,2.0,2.0,1.793859649122807,5.833333333333333,2.5,2.0,2.0,4.0,1,10.0,1.0
2023-08-13 Chelsea-Liverpool,2324,2023-08-13,Chelsea,Liverpool,Anthony Taylor,77.0,5.0,1.4,1.8,1.605263157894737,77.0,11.0,2.0,1.0,2.1710526315789473,4.333333333333333,2.25,1.0,1.0,2.0,1,12.0,1.0
2023-08-14 Manchester Utd-Wolves,2324,2023-08-14,Manchester Utd,Wolves,Simon Hooper,78.0,12.0,1.8,0.6,1.6973684210526316,78.0,4.0,0.4,2.8,1.068421052631579,4.4605263157894735,1.6,1.0,0.0,1.0,0,10.0,2.0
2023-08-18 Nottingham Forest-Sheffield United,2324,2023-08-18,Nottingham Forest,Sheffield United,Peter Bankes,6.0,8.0,1.8,1.6,1.0,6.0,6.0,0.4,0.8,0.7662337662337663,5.737704918032787,2.85,2.0,1.0,3.0,1,10.0,2.0
2023-08-19 Fulham-Brentford,2324,2023-08-19,Fulham,Brentford,Darren Bond,7.0,10.0,2.2,1.4,1.017391304347826,6.0,10.0,1.6,0.8,1.4025974025974026,8.5,5.0,0.0,3.0,3.0,0,10.0,0.0
2023-08-19 Liverpool-Bournemouth,2324,2023-08-19,Liverpool,Bournemouth,Thomas Bramall,6.0,9.0,2.0,1.2,2.165938864628821,7.0,1.0,0.4,1.6,1.1699346405228759,6.0,3.75,3.0,1.0,4.0,1,10.0,2.0
2023-08-19 Wolves-Brighton,2324,2023-08-19,Wolves,Brighton,Andy Madley,5.0,4.0,0.4,1.8,1.0628272251308901,7.0,7.0,2.0,1.8,1.1615720524017468,4.633802816901408,2.9,1.0,4.0,5.0,1,20.0,0.0
2023-08-19 Tottenham Hotspur-Manchester Utd,2324,2023-08-19,Tottenham Hotspur,Manchester Utd,Michael Oliver,6.0,7.0,1.8,1.6,1.794759825327511,5.0,15.0,2.0,0.4,1.6943231441048034,3.7457627118644066,3.0833333333333335,2.0,0.0,2.0,0,8.0,2.0
2023-08-19 Manchester City-Newcastle United,2324,2023-08-19,Manchester City,Newcastle United,Robert Jones,8.0,10.0,1.6,0.4,2.541484716157205,7.0,9.0,2.4,1.0,1.2314410480349345,5.918367346938775,3.8333333333333335,1.0,0.0,1.0,0,12.0,2.0
2023-08-20 Aston Villa-Everton,2324,2023-08-20,Aston Villa,Everton,Anthony Taylor,8.0,7.0,1.2,1.8,1.3071895424836601,8.0,7.0,1.4,1.2,1.1615720524017468,4.376404494382022,2.0,4.0,0.0,4.0,0,14.0,2.0
2023-08-20 West Ham United-Chelsea,2324,2023-08-20,West Ham United,Chelsea,John Brooks,8.0,7.0,1.2,1.2,1.3711790393013101,7.0,3.0,1.0,1.8,1.6026200873362446,7.958333333333333,2.1666666666666665,3.0,1.0,4.0,1,12.0,2.0
2023-08-21 Crystal Palace-Arsenal,2324,2023-08-21,Crystal Palace,Arsenal,David Coote,9.0,8.0,1.2,0.8,1.1310043668122272,9.0,9.0,1.8,1.0,1.7860262008733625,5.032967032967033,3.5833333333333335,0.0,1.0,1.0,0,8.0,0.0
2023-08-25 Chelsea-Luton Town,2324,2023-08-25,Chelsea,Luton Town,Robert Jones,5.0,2.0,0.8,2.0,1.6,13.0,0.0,1.0,4.0,1.0,6.04,2.85,3.0,0.0,3.0,0,10.0,2.0
2023-08-26 Bournemouth-Tottenham Hotspur,2324,2023-08-26,Bournemouth,Tottenham Hotspur,Tim Robinson,7.0,1.0,0.4,1.6,1.1688311688311688,7.0,7.0,2.0,1.6,1.7956521739130435,6.666666666666667,3.375,0.0,2.0,2.0,0,8.0,0.0
2023-08-26 Arsenal-Fulham,2324,2023-08-26,Arsenal,Fulham,Paul Tierney,5.0,9.0,1.6,1.0,1.7826086956521738,7.0,7.0,1.2,1.4,1.0086206896551724,4.5874125874125875,3.6666666666666665,2.0,2.0,4.0,1,10.0,1.0
2023-08-26 Brentford-Crystal Palace,2324,2023-08-26,Brentford,Crystal Palace,Peter Bankes,7.0,13.0,2.2,0.6,1.4230769230769231,5.0,8.0,1.2,0.8,1.126086956521739,5.806451612903226,1.0,1.0,1.0,2.0,1,0.0,1.0
2023-08-26 Everton-Wolves,2324,2023-08-26,Everton,Wolves,Craig Pawson,6.0,4.0,0.4,1.8,1.1565217391304348,7.0,1.0,0.4,2.6,1.0625,4.506944444444445,2.9,0.0,1.0,1.0,0,14.0,0.0
2023-08-26 Manchester Utd-Nottingham Forest,2324,2023-08-26,Manchester Utd,Nottingham Forest,Stuart Attwell,7.0,12.0,1.6,0.8,1.6869565217391305,8.0,8.0,1.4,1.2,1.025,4.456,2.5,3.0,2.0,5.0,1,18.0,2.0
2023-08-26 Brighton-West Ham United,2324,2023-08-26,Brighton,West Ham United,Anthony Taylor,7.0,10.0,2.6,1.2,1.173913043478261,6.0,7.0,1.6,1.4,1.3782608695652174,4.430167597765363,3.1666666666666665,1.0,3.0,4.0,1,8.0,0.0
2023-08-27 Burnley-Aston Villa,2324,2023-08-27,Burnley,Aston Villa,Michael Salisbury,16.0,1.0,0.6,2.0,1.0,7.0,10.0,2.0,1.6,1.3246753246753247,8.222222222222221,3.0,1.0,3.0,4.0,1,4.0,0.0
2023-08-27 Sheffield United-Manchester City,2324,2023-08-27,Sheffield United,Manchester City,Jarred Gillett,9.0,6.0,0.6,0.8,0.7692307692307693,8.0,10.0,1.2,0.4,2.534782608695652,4.961538461538462,1.25,1.0,2.0,3.0,1,8.0,0.0
2023-08-27 Newcastle United-Liverpool,2324,2023-08-27,Newcastle United,Liverpool,John Brooks,8.0,8.0,2.0,0.8,1.2260869565217392,8.0,9.0,2.4,1.4,2.1695652173913045,8.12,2.75,1.0,2.0,3.0,1,8.0,0.0
2023-09-01 Luton Town-West Ham United,2324,2023-09-01,Luton Town,West Ham United,Paul Tierney,7.0,0.0,0.5,3.5,0.5,6.0,10.0,2.2,1.2,1.3852813852813852,4.625,2.85,1.0,2.0,3.0,1,4.0,0.0
2023-09-02 Brighton-Newcastle United,2324,2023-09-02,Brighton,Newcastle United,Stuart Attwell,7.0,7.0,2.2,1.6,1.173160173160173,6.0,5.0,1.4,1.0,1.225108225108225,4.563492063492063,1.6666666666666667,3.0,1.0,4.0,1,16.0,2.0
2023-09-02 Manchester City-Fulham,2324,2023-09-02,Manchester City,Fulham,Michael Oliver,6.0,10.0,1.4,0.6,2.5324675324675323,7.0,5.0,1.2,1.8,1.017094017094017,3.769662921348315,2.6666666666666665,5.0,1.0,6.0,1,12.0,2.0
2023-09-02 Chelsea-Nottingham Forest,2324,2023-09-02,Chelsea,Nottingham Forest,Tim Robinson,8.0,5.0,1.4,1.8,1.606060606060606,7.0,7.0,1.4,1.4,1.048780487804878,7.0,3.0,0.0,1.0,1.0,0,14.0,0.0
2023-09-02 Sheffield United-Everton,2324,2023-09-02,Sheffield United,Everton,Andy Madley,6.0,3.0,0.6,1.2,0.7721518987341772,7.0,4.0,0.4,1.4,1.1515151515151516,4.847222222222222,1.25,2.0,2.0,4.0,1,6.0,1.0
2023-09-02 Brentford-Bournemouth,2324,2023-09-02,Brentford,Bournemouth,Robert Madley,7.0,11.0,2.0,0.8,1.4177215189873418,7.0,1.0,0.4,1.6,1.1612903225806452,3.526315789473684,1.0,2.0,2.0,4.0,1,6.0,1.0
2023-09-02 Burnley-Tottenham Hotspur,2324,2023-09-02,Burnley,Tottenham Hotspur,Darren England,6.0,1.0,0.6,2.0,1.0,7.0,10.0,2.2,1.2,1.7965367965367964,5.666666666666667,2.3,2.0,5.0,7.0,1,14.0,0.0
2023-09-03 Crystal Palace-Wolves,2324,2023-09-03,Crystal Palace,Wolves,Robert Jones,8.0,6.0,1.0,1.0,1.1255411255411256,8.0,4.0,0.6,2.2,1.0621761658031088,6.117647058823529,1.9,3.0,2.0,5.0,1,8.0,2.0
2023-09-03 Liverpool-Aston Villa,2324,2023-09-03,Liverpool,Aston Villa,Simon Hooper,7.0,9.0,2.2,1.6,2.168831168831169,7.0,10.0,2.2,1.6,1.335483870967742,4.532467532467533,3.375,3.0,0.0,3.0,0,2.0,2.0
2023-09-03 Arsenal-Manchester Utd,2324,2023-09-03,Arsenal,Manchester Utd,Anthony Taylor,8.0,10.0,2.0,0.8,1.7835497835497836,8.0,12.0,2.0,1.2,1.6926406926406927,4.45,3.0,3.0,1.0,4.0,1,10.0,2.0
2023-09-16 West Ham United-Manchester City,2324,2023-09-16,West Ham United,Manchester City,Andy Madley,15.0,10.0,2.0,1.2,1.3879310344827587,14.0,12.0,2.2,0.6,2.543103448275862,4.863013698630137,3.0833333333333335,1.0,3.0,4.0,1,10.0,0.0
2023-09-16 Newcastle United-Brentford,2324,2023-09-16,Newcastle United,Brentford,Craig Pawson,14.0,4.0,1.6,1.6,1.2241379310344827,14.0,9.0,1.8,1.0,1.425,4.572413793103448,4.25,1.0,0.0,1.0,0,16.0,2.0
2023-09-16 Tottenham Hotspur-Sheffield United,2324,2023-09-16,Tottenham Hotspur,Sheffield United,Peter Bankes,14.0,13.0,3.0,1.0,1.8103448275862069,14.0,4.0,1.0,1.4,0.7875,5.714285714285714,3.5,2.0,1.0,3.0,1,24.0,2.0
2023-09-16 Fulham-Luton Town,2324,2023-09-16,Fulham,Luton Town,Michael Salisbury,14.0,4.0,1.0,2.4,1.0169491525423728,15.0,0.0,0.6666666666666666,3.0,0.6666666666666666,8.0,2.85,1.0,0.0,1.0,0,8.0,2.0
2023-09-16 Aston Villa-Crystal Palace,2324,2023-09-16,Aston Villa,Crystal Palace,Darren England,13.0,9.0,2.0,2.0,1.3269230769230769,13.0,8.0,1.2,1.0,1.1336206896551724,5.8478260869565215,2.625,3.0,1.0,4.0,1,16.0,2.0
2023-09-16 Wolves-Liverpool,2324,2023-09-16,Wolves,Liverpool,Michael Oliver,13.0,3.0,0.8,2.6,1.0670103092783505,13.0,11.0,2.6,1.4,2.1724137931034484,3.815642458100559,2.3,1.0,3.0,4.0,1,8.0,0.0
2023-09-16 Manchester Utd-Brighton,2324,2023-09-16,Manchester Utd,Brighton,Jarred Gillett,13.0,9.0,1.4,1.6,1.6896551724137931,14.0,9.0,2.6,1.6,1.1810344827586208,5.074074074074074,2.9166666666666665,1.0,3.0,4.0,1,8.0,0.0
2023-09-17 Bournemouth-Chelsea,2324,2023-09-17,Bournemouth,Chelsea,David Coote,15.0,2.0,0.8,1.8,1.1666666666666667,15.0,5.0,1.2,1.2,1.5991379310344827,5.065217391304348,2.625,0.0,0.0,0.0,0,12.0,1.0
2023-09-17 Everton-Arsenal,2324,2023-09-17,Everton,Arsenal,Simon Hooper,15.0,4.0,0.6,1.6,1.1551724137931034,14.0,13.0,2.6,0.8,1.7887931034482758,4.5,3.25,0.0,1.0,1.0,0,4.0,0.0
2023-09-18 Nottingham Forest-Burnley,2324,2023-09-18,Nottingham Forest,Burnley,Robert Jones,16.0,7.0,1.4,1.4,1.0476190476190477,16.0,1.0,1.0,2.8,1.005181347150259,6.153846153846154,2.85,1.0,1.0,2.0,1,12.0,1.0
2023-09-23 Brentford-Everton,2324,2023-09-23,Brentford,Everton,Michael Oliver,7.0,6.0,1.6,1.2,1.4074074074074074,6.0,1.0,0.4,1.8,1.150214592274678,3.838888888888889,2.25,1.0,3.0,4.0,1,8.0,0.0
2023-09-23 Crystal Palace-Fulham,2324,2023-09-23,Crystal Palace,Fulham,Paul Tierney,7.0,7.0,1.2,1.4,1.1330472103004292,7.0,7.0,1.0,2.0,1.0168067226890756,4.620689655172414,2.3333333333333335,0.0,0.0,0.0,0,10.0,1.0
2023-09-23 Luton Town-Wolves,2324,2023-09-23,Luton Town,Wolves,Joshua Smith,7.0,0.0,0.5,2.5,0.5,7.0,3.0,1.0,2.2,1.0666666666666667,6.0,2.85,1.0,1.0,2.0,1,6.0,1.0
2023-09-23 Manchester City-Nottingham Forest,2324,2023-09-23,Manchester City,Nottingham Forest,Anthony Taylor,7.0,15.0,2.8,0.6,2.5450643776824036,5.0,7.0,1.4,1.4,1.0465116279069768,4.480662983425415,4.0,2.0,0.0,2.0,0,22.0,2.0
2023-09-23 Burnley-Manchester Utd,2324,2023-09-23,Burnley,Manchester Utd,Tony Harrington,5.0,1.0,1.0,2.8,1.0051546391752577,7.0,6.0,1.2,2.0,1.6866952789699572,5.888888888888889,2.6,0.0,1.0,1.0,0,6.0,0.0
2023-09-24 Arsenal-Tottenham Hotspur,2324,2023-09-24,Arsenal,Tottenham Hotspur,Robert Jones,7.0,13.0,1.8,0.8,1.7854077253218885,8.0,13.0,2.6,1.0,1.8111587982832618,6.264150943396227,3.0,2.0,2.0,4.0,1,14.0,1.0
2023-09-24 Brighton-Bournemouth,2324,2023-09-24,Brighton,Bournemouth,John Brooks,8.0,12.0,3.0,1.4,1.1888412017167382,7.0,3.0,0.8,1.6,1.1592356687898089,8.115384615384615,2.875,3.0,1.0,4.0,1,12.0,2.0
2023-09-24 Chelsea-Aston Villa,2324,2023-09-24,Chelsea,Aston Villa,Jarred Gillett,7.0,5.0,1.0,1.0,1.592274678111588,8.0,9.0,2.2,2.0,1.3375796178343948,5.178571428571429,2.75,0.0,1.0,1.0,0,12.0,0.0
2023-09-24 Liverpool-West Ham United,2324,2023-09-24,Liverpool,West Ham United,Chris Kavanagh,8.0,13.0,2.4,0.8,2.1759656652360513,8.0,10.0,2.0,1.4,1.386266094420601,3.8983050847457625,3.3333333333333335,3.0,1.0,4.0,1,4.0,2.0
2023-09-24 Sheffield United-Newcastle United,2324,2023-09-24,Sheffield United,Newcastle United,Stuart Attwell,8.0,1.0,1.0,1.8,0.7901234567901234,8.0,6.0,1.6,1.4,1.2231759656652361,4.653543307086614,1.75,0.0,8.0,8.0,0,8.0,0.0
2023-09-30 Wolves-Manchester City,2324,2023-09-30,Wolves,Manchester City,Craig Pawson,7.0,4.0,1.2,2.2,1.066326530612245,7.0,15.0,2.6,0.6,2.5427350427350426,4.6506849315068495,3.4,2.0,1.0,3.0,1,18.0,2.0
2023-09-30 West Ham United-Sheffield United,2324,2023-09-30,West Ham United,Sheffield United,Graham Scott,6.0,9.0,2.0,1.8,1.3846153846153846,6.0,1.0,1.0,3.2,0.7804878048780488,3.1264367816091956,1.75,2.0,0.0,2.0,0,4.0,2.0
2023-09-30 Tottenham Hotspur-Liverpool,2324,2023-09-30,Tottenham Hotspur,Liverpool,Simon Hooper,6.0,13.0,2.6,1.0,1.811965811965812,6.0,15.0,2.8,0.8,2.1794871794871793,4.493670886075949,3.5,2.0,1.0,3.0,1,22.0,2.0
2023-09-30 Newcastle United-Burnley,2324,2023-09-30,Newcastle United,Burnley,Thomas Bramall,6.0,6.0,2.2,1.2,1.2521367521367521,7.0,1.0,0.8,2.6,1.0,6.444444444444445,2.0,2.0,0.0,2.0,0,8.0,2.0
2023-09-30 Manchester Utd-Crystal Palace,2324,2023-09-30,Manchester Utd,Crystal Palace,Chris Kavanagh,7.0,6.0,1.2,2.0,1.6837606837606838,7.0,5.0,1.0,1.4,1.1282051282051282,3.899159663865546,2.4166666666666665,0.0,1.0,1.0,0,10.0,0.0
2023-09-30 Everton-Luton Town,2324,2023-09-30,Everton,Luton Town,Anthony Taylor,7.0,4.0,1.0,1.8,1.1581196581196582,7.0,1.0,0.6,2.2,0.6,4.576923076923077,2.85,1.0,2.0,3.0,1,2.0,0.0
2023-09-30 Bournemouth-Arsenal,2324,2023-09-30,Bournemouth,Arsenal,Michael Salisbury,6.0,2.0,0.8,2.0,1.1582278481012658,6.0,11.0,1.8,1.0,1.7863247863247864,8.0,3.25,0.0,4.0,4.0,0,2.0,0.0
2023-09-30 Aston Villa-Brighton,2324,2023-09-30,Aston Villa,Brighton,Andy Madley,6.0,12.0,2.2,1.0,1.3354430379746836,6.0,12.0,2.8,1.4,1.1965811965811965,4.9324324324324325,2.25,6.0,1.0,7.0,1,16.0,2.0
2023-10-01 Nottingham Forest-Brentford,2324,2023-10-01,Nottingham Forest,Brentford,Paul Tierney,8.0,7.0,1.2,1.4,1.0227272727272727,8.0,5.0,1.4,1.4,1.4024390243902438,4.657534246575342,3.5,1.0,1.0,2.0,1,8.0,1.0
2023-10-02 Fulham-Chelsea,2324,2023-10-02,Fulham,Chelsea,Tim Robinson,9.0,5.0,0.8,2.0,1.0083333333333333,8.0,4.0,0.8,1.0,1.5854700854700854,8.4,1.8333333333333333,0.0,2.0,2.0,0,10.0,0.0
2023-10-03 Luton Town-Burnley,2324,2023-10-03,Luton Town,Burnley,Peter Bankes,3.0,4.0,0.8,1.6,0.8333333333333334,3.0,1.0,0.8,2.4,0.9948979591836735,6.0,2.85,1.0,2.0,3.0,1,12.0,0.0
2023-10-07 Crystal Palace-Nottingham Forest,2324,2023-10-07,Crystal Palace,Nottingham Forest,Craig Pawson,7.0,8.0,1.2,1.2,1.127659574468085,6.0,5.0,1.0,1.4,1.0222222222222221,4.741496598639456,1.5,0.0,0.0,0.0,0,2.0,1.0
2023-10-07 Manchester Utd-Brentford,2324,2023-10-07,Manchester Utd,Brentford,Andy Madley,7.0,6.0,1.2,1.8,1.676595744680851,6.0,3.0,1.0,1.6,1.3975903614457832,5.08,3.0,2.0,1.0,3.0,1,10.0,2.0
2023-10-07 Fulham-Sheffield United,2324,2023-10-07,Fulham,Sheffield United,Samuel Barrott,5.0,5.0,0.8,1.8,1.0,7.0,1.0,0.8,3.2,0.7710843373493976,5.229605263157895,1.5,3.0,1.0,4.0,1,6.0,2.0
2023-10-07 Burnley-Chelsea,2324,2023-10-07,Burnley,Chelsea,Stuart Attwell,4.0,4.0,1.0,2.0,1.0,5.0,7.0,1.0,0.4,1.5872340425531914,4.6796875,3.6,1.0,4.0,5.0,1,12.0,0.0
2023-10-07 Luton Town-Tottenham Hotspur,2324,2023-10-07,Luton Town,Tottenham Hotspur,John Brooks,4.0,4.0,1.0,1.4,0.8571428571428571,7.0,13.0,2.6,1.2,1.8127659574468085,8.25925925925926,2.85,0.0,1.0,1.0,0,8.0,0.0
2023-10-07 Everton-Bournemouth,2324,2023-10-07,Everton,Bournemouth,David Coote,7.0,4.0,1.2,1.4,1.1574468085106382,7.0,2.0,0.6,2.2,1.150943396226415,5.139784946236559,3.0,3.0,0.0,3.0,0,6.0,2.0
2023-10-08 Brighton-Liverpool,2324,2023-10-08,Brighton,Liverpool,Anthony Taylor,8.0,9.0,2.2,2.4,1.195744680851064,8.0,12.0,2.4,1.0,2.174468085106383,4.562841530054645,3.0833333333333335,2.0,2.0,4.0,1,6.0,1.0
2023-10-08 West Ham United-Newcastle United,2324,2023-10-08,West Ham United,Newcastle United,Peter Bankes,8.0,9.0,1.8,1.6,1.3872340425531915,8.0,9.0,2.6,1.0,1.2553191489361701,6.092307692307692,3.75,2.0,2.0,4.0,1,12.0,1.0
2023-10-08 Wolves-Aston Villa,2324,2023-10-08,Wolves,Aston Villa,Robert Jones,8.0,7.0,1.4,1.6,1.0710659898477157,8.0,12.0,2.6,1.2,1.3647798742138364,6.407407407407407,2.0,1.0,1.0,2.0,1,10.0,1.0
2023-10-08 Arsenal-Manchester City,2324,2023-10-08,Arsenal,Manchester City,Michael Oliver,8.0,11.0,2.4,1.0,1.7957446808510638,8.0,12.0,2.6,1.0,2.5361702127659576,3.861878453038674,3.1666666666666665,1.0,0.0,1.0,0,10.0,2.0
2023-10-21 Nottingham Forest-Luton Town,2324,2023-10-21,Nottingham Forest,Luton Town,Samuel Barrott,14.0,6.0,0.6,0.8,1.0,14.0,4.0,0.8,1.2,0.75,6.0,2.85,2.0,2.0,4.0,1,6.0,1.0
2023-10-21 Chelsea-Arsenal,2324,2023-10-21,Chelsea,Arsenal,Chris Kavanagh,14.0,7.0,1.2,0.6,1.597457627118644,13.0,13.0,2.2,0.6,1.7923728813559323,3.95,3.0,2.0,2.0,4.0,1,12.0,1.0
2023-10-21 Newcastle United-Crystal Palace,2324,2023-10-21,Newcastle United,Crystal Palace,Tim Robinson,13.0,10.0,2.8,1.0,1.2584745762711864,14.0,8.0,1.0,1.0,1.1228813559322033,8.666666666666666,1.1666666666666667,4.0,0.0,4.0,0,10.0,2.0
2023-10-21 Sheffield United-Manchester Utd,2324,2023-10-21,Sheffield United,Manchester Utd,Michael Oliver,14.0,1.0,0.8,3.4,0.7738095238095238,14.0,6.0,1.0,1.6,1.6779661016949152,3.8956043956043955,4.25,1.0,2.0,3.0,1,8.0,0.0
2023-10-21 Brentford-Burnley,2324,2023-10-21,Brentford,Burnley,Joshua Smith,14.0,2.0,1.0,1.8,1.3928571428571428,14.0,4.0,0.8,1.8,1.0,6.0,3.0,3.0,0.0,3.0,0,16.0,2.0
2023-10-21 Bournemouth-Wolves,2324,2023-10-21,Bournemouth,Wolves,Paul Tierney,14.0,2.0,0.6,2.4,1.14375,13.0,5.0,1.4,1.8,1.0707070707070707,4.680272108843537,1.5,1.0,2.0,3.0,1,18.0,0.0
2023-10-21 Liverpool-Everton,2324,2023-10-21,Liverpool,Everton,Craig Pawson,13.0,10.0,2.4,1.2,2.1737288135593222,14.0,7.0,1.8,1.2,1.1652542372881356,4.722972972972973,2.0833333333333335,2.0,0.0,2.0,0,6.0,2.0
2023-10-21 Manchester City-Brighton,2324,2023-10-21,Manchester City,Brighton,Robert Jones,13.0,9.0,2.2,1.0,2.5254237288135593,13.0,10.0,2.4,2.2,1.1991525423728813,6.472727272727273,3.5,2.0,1.0,3.0,1,10.0,2.0
2023-10-22 Aston Villa-West Ham United,2324,2023-10-22,Aston Villa,West Ham United,David Coote,14.0,10.0,2.2,1.2,1.3625,14.0,7.0,1.6,1.8,1.3898305084745763,5.148936170212766,2.5,4.0,1.0,5.0,1,2.0,2.0
2023-10-23 Tottenham Hotspur-Fulham,2324,2023-10-23,Tottenham Hotspur,Fulham,Anthony Taylor,16.0,13.0,2.4,1.2,1.8093220338983051,16.0,7.0,1.0,1.6,1.0163934426229508,4.570652173913044,2.3333333333333335,2.0,0.0,2.0,0,4.0,2.0
2023-10-27 Crystal Palace-Tottenham Hotspur,2324,2023-10-27,Crystal Palace,Tottenham Hotspur,Andy Madley,6.0,5.0,0.4,1.4,1.1181434599156117,4.0,13.0,1.8,0.8,1.8101265822784811,5.144736842105263,2.4166666666666665,1.0,2.0,3.0,1,6.0,0.0
2023-10-28 Chelsea-Brentford,2324,2023-10-28,Chelsea,Brentford,Simon Hooper,7.0,8.0,1.6,0.8,1.59915611814346,7.0,4.0,1.2,1.4,1.411764705882353,4.7125,2.0,0.0,2.0,2.0,0,10.0,0.0
2023-10-28 Arsenal-Sheffield United,2324,2023-10-28,Arsenal,Sheffield United,Tim Robinson,7.0,11.0,2.0,0.8,1.7932489451476794,7.0,0.0,0.6,3.4,0.7764705882352941,8.857142857142858,2.25,5.0,0.0,5.0,0,6.0,2.0
2023-10-28 Bournemouth-Burnley,2324,2023-10-28,Bournemouth,Burnley,Samuel Barrott,7.0,1.0,0.4,2.4,1.1428571428571428,7.0,3.0,0.6,2.2,0.9949748743718593,6.0,3.0,2.0,1.0,3.0,1,10.0,2.0
2023-10-28 Wolves-Newcastle United,2324,2023-10-28,Wolves,Newcastle United,Anthony Taylor,7.0,8.0,1.4,1.4,1.0753768844221105,7.0,13.0,3.4,0.4,1.270042194092827,4.5675675675675675,2.2,2.0,2.0,4.0,1,10.0,1.0
2023-10-29 West Ham United-Everton,2324,2023-10-29,West Ham United,Everton,Stuart Attwell,7.0,4.0,1.4,2.4,1.3881856540084387,8.0,6.0,1.4,1.2,1.160337552742616,4.736434108527132,2.25,0.0,1.0,1.0,0,10.0,0.0
2023-10-29 Aston Villa-Luton Town,2324,2023-10-29,Aston Villa,Luton Town,John Brooks,7.0,13.0,3.0,0.8,1.3788819875776397,8.0,5.0,1.2,1.4,0.8888888888888888,8.25,2.85,3.0,1.0,4.0,1,10.0,2.0
2023-10-29 Brighton-Fulham,2324,2023-10-29,Brighton,Fulham,Michael Salisbury,8.0,7.0,2.0,2.4,1.1983122362869199,6.0,7.0,0.8,1.0,1.008130081300813,7.714285714285714,2.3333333333333335,1.0,1.0,2.0,1,6.0,1.0
2023-10-29 Liverpool-Nottingham Forest,2324,2023-10-29,Liverpool,Nottingham Forest,Chris Kavanagh,8.0,10.0,2.2,1.2,2.172995780590717,8.0,4.0,0.8,1.2,1.0212765957446808,4.016528925619835,3.0,3.0,0.0,3.0,0,10.0,2.0
2023-10-29 Manchester Utd-Manchester City,2324,2023-10-29,Manchester Utd,Manchester City,Paul Tierney,8.0,9.0,1.2,1.2,1.6793248945147679,8.0,9.0,1.6,1.0,2.523206751054852,4.77027027027027,3.3333333333333335,0.0,3.0,3.0,0,10.0,0.0
2023-11-04 Newcastle United-Arsenal,2324,2023-11-04,Newcastle United,Arsenal,Stuart Attwell,7.0,11.0,3.6,0.8,1.273109243697479,7.0,11.0,2.8,0.8,1.8067226890756303,4.776923076923077,2.0833333333333335,1.0,0.0,1.0,0,12.0,2.0
2023-11-04 Sheffield United-Wolves,2324,2023-11-04,Sheffield United,Wolves,Robert Jones,7.0,0.0,0.4,4.0,0.7674418604651163,7.0,9.0,1.6,1.2,1.08,6.535714285714286,1.5,2.0,1.0,3.0,1,10.0,2.0
2023-11-04 Manchester City-Bournemouth,2324,2023-11-04,Manchester City,Bournemouth,Craig Pawson,6.0,9.0,1.6,0.8,2.5252100840336134,7.0,3.0,0.8,2.6,1.1481481481481481,4.731543624161074,3.5,6.0,1.0,7.0,1,2.0,2.0
2023-11-04 Fulham-Manchester Utd,2324,2023-11-04,Fulham,Manchester Utd,John Brooks,6.0,5.0,0.8,1.2,1.0080645161290323,6.0,9.0,1.0,1.2,1.6722689075630253,8.310344827586206,3.1666666666666665,0.0,1.0,1.0,0,14.0,0.0
2023-11-04 Burnley-Crystal Palace,2324,2023-11-04,Burnley,Crystal Palace,Peter Bankes,7.0,3.0,0.8,2.4,0.995,8.0,5.0,0.4,1.2,1.1176470588235294,6.181818181818182,2.3,0.0,2.0,2.0,0,10.0,0.0
2023-11-04 Brentford-West Ham United,2324,2023-11-04,Brentford,West Ham United,Thomas Bramall,7.0,7.0,1.6,1.2,1.4186046511627908,6.0,4.0,1.2,2.0,1.3823529411764706,6.6,2.25,3.0,2.0,5.0,1,10.0,2.0
2023-11-04 Everton-Brighton,2324,2023-11-04,Everton,Brighton,Tim Robinson,6.0,9.0,1.6,1.0,1.1596638655462186,6.0,5.0,1.6,2.4,1.1974789915966386,8.5,3.25,1.0,1.0,2.0,1,12.0,1.0
2023-11-05 Nottingham Forest-Aston Villa,2324,2023-11-05,Nottingham Forest,Aston Villa,Jarred Gillett,7.0,3.0,0.6,1.6,1.0,7.0,13.0,3.0,0.8,1.3888888888888888,5.413793103448276,2.0,2.0,0.0,2.0,0,4.0,2.0
2023-11-05 Luton Town-Liverpool,2324,2023-11-05,Luton Town,Liverpool,Andy Madley,7.0,4.0,1.2,1.8,0.9,7.0,10.0,2.2,1.0,2.176470588235294,5.1558441558441555,2.85,1.0,1.0,2.0,1,4.0,1.0
2023-11-06 Tottenham Hotspur-Chelsea,2324,2023-11-06,Tottenham Hotspur,Chelsea,Michael Oliver,10.0,13.0,1.8,0.8,1.8109243697478992,9.0,7.0,1.6,1.2,1.5924369747899159,3.918032786885246,2.5,1.0,4.0,5.0,1,16.0,0.0
2023-11-11 Bournemouth-Newcastle United,2324,2023-11-11,Bournemouth,Newcastle United,Chris Kavanagh,7.0,3.0,0.8,3.2,1.147239263803681,7.0,11.0,2.2,0.8,1.2719665271966527,4.065573770491803,3.0,2.0,0.0,2.0,0,6.0,2.0
2023-11-11 Crystal Palace-Everton,2324,2023-11-11,Crystal Palace,Everton,Samuel Barrott,7.0,7.0,0.8,1.2,1.1213389121338913,7.0,7.0,1.2,1.0,1.1589958158995817,7.333333333333333,2.5833333333333335,2.0,3.0,5.0,1,10.0,0.0
2023-11-11 Manchester Utd-Luton Town,2324,2023-11-11,Manchester Utd,Luton Town,Graham Scott,7.0,9.0,1.0,1.2,1.6694560669456067,6.0,2.0,1.0,1.8,0.9090909090909091,3.1363636363636362,2.85,1.0,0.0,1.0,0,4.0,2.0
2023-11-11 Wolves-Tottenham Hotspur,2324,2023-11-11,Wolves,Tottenham Hotspur,Tim Robinson,7.0,8.0,1.6,1.4,1.0796019900497513,5.0,12.0,1.6,1.2,1.8075313807531381,8.88888888888889,2.6,2.0,1.0,3.0,1,14.0,2.0
2023-11-11 Arsenal-Burnley,2324,2023-11-11,Arsenal,Burnley,Michael Oliver,7.0,10.0,2.4,0.6,1.799163179916318,7.0,3.0,0.8,2.4,0.9900497512437811,3.983695652173913,2.1,3.0,1.0,4.0,1,4.0,2.0
2023-11-12 Aston Villa-Fulham,2324,2023-11-12,Aston Villa,Fulham,Simon Hooper,7.0,10.0,2.8,1.2,1.3803680981595092,8.0,4.0,0.8,1.4,1.0,4.777777777777778,2.75,3.0,1.0,4.0,1,14.0,2.0
2023-11-12 Brighton-Sheffield United,2324,2023-11-12,Brighton,Sheffield United,John Brooks,8.0,3.0,1.2,2.4,1.1966527196652719,8.0,3.0,0.8,2.6,0.7816091954022989,8.5,1.5,1.0,1.0,2.0,1,12.0,1.0
2023-11-12 Liverpool-Brentford,2324,2023-11-12,Liverpool,Brentford,Paul Tierney,7.0,8.0,1.8,1.0,2.1715481171548117,8.0,10.0,2.0,1.0,1.4367816091954022,4.805369127516778,3.5,3.0,0.0,3.0,0,6.0,2.0
2023-11-12 West Ham United-Nottingham Forest,2324,2023-11-12,West Ham United,Nottingham Forest,Michael Salisbury,8.0,4.0,1.4,2.0,1.3849372384937237,7.0,6.0,1.0,1.2,1.0204081632653061,7.636363636363637,2.5,3.0,2.0,5.0,1,8.0,2.0
2023-11-12 Chelsea-Manchester City,2324,2023-11-12,Chelsea,Manchester City,Anthony Taylor,6.0,10.0,2.4,1.2,1.602510460251046,8.0,9.0,2.4,1.0,2.5397489539748954,4.596774193548387,2.25,4.0,4.0,8.0,1,16.0,1.0
2023-11-25 Nottingham Forest-Brighton,2324,2023-11-25,Nottingham Forest,Brighton,Anthony Taylor,13.0,5.0,1.2,1.6,1.04,13.0,4.0,1.2,1.4,1.1958333333333333,4.657754010695188,2.0,2.0,3.0,5.0,1,16.0,0.0
2023-11-25 Brentford-Arsenal,2324,2023-11-25,Brentford,Arsenal,Tim Robinson,13.0,9.0,1.8,1.4,1.4204545454545454,14.0,10.0,2.2,0.8,1.8041666666666667,9.4,2.5,0.0,1.0,1.0,0,4.0,0.0
2023-11-25 Sheffield United-Bournemouth,2324,2023-11-25,Sheffield United,Bournemouth,Andy Madley,13.0,4.0,1.0,2.4,0.7840909090909091,14.0,6.0,1.2,2.4,1.1524390243902438,5.141025641025641,2.5,1.0,3.0,4.0,1,10.0,0.0
2023-11-25 Newcastle United-Chelsea,2324,2023-11-25,Newcastle United,Chelsea,Simon Hooper,14.0,8.0,1.8,1.2,1.2666666666666666,13.0,8.0,2.8,2.0,1.6125,4.890243902439025,2.1666666666666665,4.0,1.0,5.0,1,18.0,2.0
2023-11-25 Luton Town-Crystal Palace,2324,2023-11-25,Luton Town,Crystal Palace,Jarred Gillett,14.0,2.0,0.8,1.6,0.8333333333333334,14.0,4.0,1.0,1.8,1.125,5.366666666666666,2.85,2.0,1.0,3.0,1,14.0,2.0
2023-11-25 Burnley-West Ham United,2324,2023-11-25,Burnley,West Ham United,Samuel Barrott,14.0,0.0,0.6,2.8,0.9900990099009901,13.0,4.0,1.6,2.4,1.3916666666666666,8.0,2.3,1.0,2.0,3.0,1,8.0,0.0
2023-11-25 Manchester City-Liverpool,2324,2023-11-25,Manchester City,Liverpool,Chris Kavanagh,13.0,10.0,3.0,1.4,2.5458333333333334,13.0,11.0,2.2,0.6,2.175,4.08130081300813,3.6666666666666665,1.0,1.0,2.0,1,8.0,1.0
2023-11-26 Tottenham Hotspur-Aston Villa,2324,2023-11-26,Tottenham Hotspur,Aston Villa,Robert Jones,15.0,9.0,1.4,1.4,1.8041666666666667,14.0,10.0,2.2,1.2,1.3902439024390243,6.5964912280701755,3.25,1.0,2.0,3.0,1,8.0,0.0
2023-11-26 Everton-Manchester Utd,2324,2023-11-26,Everton,Manchester Utd,John Brooks,15.0,10.0,1.6,1.0,1.1666666666666667,15.0,12.0,1.2,1.0,1.6666666666666667,8.612903225806452,2.9166666666666665,0.0,3.0,3.0,0,6.0,0.0
2023-11-27 Fulham-Wolves,2324,2023-11-27,Fulham,Wolves,Michael Salisbury,15.0,4.0,1.0,1.6,1.0,16.0,8.0,1.6,1.4,1.0841584158415842,7.6521739130434785,1.1666666666666667,3.0,2.0,5.0,1,8.0,2.0
2023-12-02 Arsenal-Wolves,2324,2023-12-02,Arsenal,Wolves,Peter Bankes,7.0,10.0,2.2,0.8,1.8008298755186722,5.0,7.0,1.8,1.8,1.0886699507389161,6.2388059701492535,2.7,2.0,1.0,3.0,1,6.0,2.0
2023-12-02 Brentford-Luton Town,2324,2023-12-02,Brentford,Luton Town,Anthony Taylor,7.0,9.0,1.6,1.2,1.404494382022472,7.0,5.0,1.2,1.6,0.9230769230769231,4.718085106382978,2.85,3.0,1.0,4.0,1,6.0,2.0
2023-12-02 Burnley-Sheffield United,2324,2023-12-02,Burnley,Sheffield United,Chris Kavanagh,7.0,0.0,0.6,2.4,0.9901477832512315,7.0,4.0,1.0,2.4,0.7865168539325843,4.112903225806452,1.75,5.0,0.0,5.0,0,16.0,2.0
2023-12-02 Nottingham Forest-Everton,2324,2023-12-02,Nottingham Forest,Everton,Paul Tierney,7.0,4.0,1.6,2.2,1.0588235294117647,6.0,7.0,1.0,1.6,1.161825726141079,4.8133333333333335,3.0,0.0,1.0,1.0,0,2.0,0.0
2023-12-02 Newcastle United-Manchester Utd,2324,2023-12-02,Newcastle United,Manchester Utd,Robert Jones,7.0,10.0,2.2,1.0,1.2780082987551866,6.0,12.0,1.4,0.8,1.6721991701244814,6.620689655172414,3.0833333333333335,1.0,0.0,1.0,0,6.0,2.0
2023-12-03 Manchester City-Tottenham Hotspur,2324,2023-12-03,Manchester City,Tottenham Hotspur,Simon Hooper,8.0,11.0,3.2,1.4,2.5394190871369293,7.0,6.0,1.4,1.8,1.8008298755186722,5.048192771084337,2.9166666666666665,3.0,3.0,6.0,1,16.0,1.0
2023-12-03 West Ham United-Crystal Palace,2324,2023-12-03,West Ham United,Crystal Palace,Michael Oliver,8.0,6.0,1.6,2.2,1.3941908713692945,8.0,3.0,1.2,2.2,1.1244813278008299,3.983783783783784,3.75,1.0,1.0,2.0,1,4.0,1.0
2023-12-03 Chelsea-Brighton,2324,2023-12-03,Chelsea,Brighton,Craig Pawson,8.0,5.0,2.2,2.6,1.6099585062240664,8.0,6.0,1.4,1.4,1.2033195020746887,4.713333333333333,2.6666666666666665,3.0,2.0,5.0,1,18.0,2.0
2023-12-03 Bournemouth-Aston Villa,2324,2023-12-03,Bournemouth,Aston Villa,Thomas Bramall,8.0,9.0,1.8,2.0,1.1636363636363636,7.0,12.0,2.4,1.2,1.393939393939394,6.909090909090909,2.75,2.0,2.0,4.0,1,16.0,1.0
2023-12-03 Liverpool-Fulham,2324,2023-12-03,Liverpool,Fulham,Stuart Attwell,8.0,11.0,2.0,0.4,2.1701244813278007,6.0,4.0,1.0,1.8,1.015748031496063,4.8320610687022905,2.1666666666666665,4.0,3.0,7.0,1,0.0,2.0
2023-12-05 Wolves-Burnley,2324,2023-12-05,Wolves,Burnley,Jarred Gillett,3.0,4.0,1.6,2.0,1.088235294117647,3.0,3.0,1.6,1.8,1.0098039215686274,5.645161290322581,1.875,1.0,0.0,1.0,0,12.0,2.0
2023-12-05 Luton Town-Arsenal,2324,2023-12-05,Luton Town,Arsenal,Samuel Barrott,3.0,4.0,1.0,1.8,0.9285714285714286,3.0,12.0,2.2,0.6,1.8016528925619835,8.0,2.85,3.0,4.0,7.0,1,6.0,0.0
2023-12-06 Manchester Utd-Chelsea,2324,2023-12-06,Manchester Utd,Chelsea,Chris Kavanagh,4.0,9.0,1.0,0.8,1.665289256198347,3.0,7.0,2.4,2.6,1.615702479338843,4.208,2.25,2.0,1.0,3.0,1,8.0,2.0
2023-12-06 Brighton-Brentford,2324,2023-12-06,Brighton,Brentford,Peter Bankes,3.0,6.0,1.6,1.6,1.2066115702479339,4.0,9.0,1.6,1.4,1.4222222222222223,6.235294117647059,2.75,2.0,1.0,3.0,1,8.0,2.0
2023-12-06 Crystal Palace-Bournemouth,2324,2023-12-06,Crystal Palace,Bournemouth,Craig Pawson,3.0,4.0,1.4,1.6,1.1239669421487604,3.0,10.0,2.0,2.0,1.1686746987951808,4.801324503311259,3.25,0.0,2.0,2.0,0,8.0,0.0
2023-12-06 Fulham-Nottingham Forest,2324,2023-12-06,Fulham,Nottingham Forest,Joshua Smith,3.0,4.0,1.6,2.2,1.03125,4.0,3.0,1.2,2.0,1.0384615384615385,9.333333333333334,3.5,5.0,0.0,5.0,0,2.0,2.0
2023-12-06 Sheffield United-Liverpool,2324,2023-12-06,Sheffield United,Liverpool,Simon Hooper,4.0,4.0,0.8,3.0,0.7777777777777778,3.0,11.0,2.4,1.0,2.177685950413223,5.178571428571429,2.0,0.0,2.0,2.0,0,10.0,0.0
2023-12-06 Aston Villa-Manchester City,2324,2023-12-06,Aston Villa,Manchester City,John Brooks,3.0,10.0,2.0,1.4,1.3975903614457832,3.0,9.0,3.4,1.8,2.541322314049587,8.53125,3.625,1.0,0.0,1.0,0,8.0,2.0
2023-12-07 Tottenham Hotspur-West Ham United,2324,2023-12-07,Tottenham Hotspur,West Ham United,Michael Salisbury,4.0,4.0,1.6,2.4,1.8057851239669422,4.0,7.0,1.6,1.6,1.3925619834710743,7.666666666666667,2.8333333333333335,1.0,2.0,3.0,1,12.0,0.0
2023-12-07 Everton-Newcastle United,2324,2023-12-07,Everton,Newcastle United,Tim Robinson,5.0,10.0,1.2,1.2,1.1611570247933884,5.0,10.0,1.6,1.0,1.2768595041322315,8.909090909090908,2.6666666666666665,3.0,0.0,3.0,0,6.0,2.0
2023-12-09 Crystal Palace-Liverpool,2324,2023-12-09,Crystal Palace,Liverpool,Andy Madley,3.0,4.0,1.2,1.6,1.1193415637860082,3.0,11.0,2.2,1.0,2.1769547325102883,5.2025316455696204,3.1666666666666665,1.0,2.0,3.0,1,16.0,0.0
2023-12-09 Brighton-Burnley,2324,2023-12-09,Brighton,Burnley,Simon Hooper,3.0,8.0,1.8,1.6,1.2098765432098766,4.0,3.0,1.4,1.6,1.0048780487804878,5.235294117647059,1.8,1.0,1.0,2.0,1,8.0,1.0
2023-12-09 Manchester Utd-Bournemouth,2324,2023-12-09,Manchester Utd,Bournemouth,Peter Bankes,3.0,12.0,1.4,0.4,1.6666666666666667,3.0,10.0,2.0,1.8,1.1736526946107784,6.260869565217392,2.875,0.0,3.0,3.0,0,8.0,0.0
2023-12-09 Sheffield United-Brentford,2324,2023-12-09,Sheffield United,Brentford,Stuart Attwell,3.0,4.0,0.8,2.4,0.7692307692307693,3.0,6.0,1.4,1.8,1.4175824175824177,4.795454545454546,2.85,1.0,0.0,1.0,0,12.0,2.0
2023-12-09 Wolves-Nottingham Forest,2324,2023-12-09,Wolves,Nottingham Forest,Samuel Barrott,4.0,6.0,1.4,1.6,1.0878048780487806,3.0,3.0,1.2,2.4,1.0188679245283019,7.666666666666667,1.5,1.0,1.0,2.0,1,2.0,1.0
2023-12-09 Aston Villa-Arsenal,2324,2023-12-09,Aston Villa,Arsenal,Jarred Gillett,3.0,10.0,1.6,1.2,1.3952095808383234,4.0,12.0,2.0,1.2,1.8106995884773662,5.84375,3.0,1.0,0.0,1.0,0,12.0,2.0
2023-12-10 Fulham-West Ham United,2324,2023-12-10,Fulham,West Ham United,Paul Tierney,4.0,6.0,2.4,2.0,1.062015503875969,3.0,10.0,2.0,1.6,1.3950617283950617,4.7947019867549665,2.0,5.0,0.0,5.0,0,6.0,2.0
2023-12-10 Luton Town-Manchester City,2324,2023-12-10,Luton Town,Manchester City,Tim Robinson,5.0,4.0,1.4,2.0,1.0666666666666667,4.0,6.0,2.8,2.0,2.5308641975308643,8.666666666666666,2.85,1.0,2.0,3.0,1,6.0,0.0
2023-12-10 Everton-Chelsea,2324,2023-12-10,Everton,Chelsea,Michael Oliver,3.0,10.0,1.6,1.2,1.168724279835391,4.0,7.0,2.6,2.6,1.6131687242798354,3.9838709677419355,1.9166666666666667,2.0,0.0,2.0,0,8.0,2.0
2023-12-10 Tottenham Hotspur-Newcastle United,2324,2023-12-10,Tottenham Hotspur,Newcastle United,Chris Kavanagh,3.0,1.0,1.4,2.6,1.8024691358024691,3.0,9.0,1.2,1.2,1.271604938271605,4.238095238095238,3.25,4.0,1.0,5.0,1,8.0,2.0
2023-12-15 Nottingham Forest-Tottenham Hotspur,2324,2023-12-15,Nottingham Forest,Tottenham Hotspur,Jarred Gillett,6.0,1.0,1.0,2.6,1.0185185185185186,5.0,4.0,2.0,2.0,1.8114754098360655,6.03030303030303,3.0,0.0,2.0,2.0,0,14.0,0.0
2023-12-16 Chelsea-Sheffield United,2324,2023-12-16,Chelsea,Sheffield United,Andy Madley,6.0,4.0,1.8,2.8,1.6065573770491803,7.0,4.0,0.6,2.2,0.7717391304347826,5.3375,3.75,2.0,0.0,2.0,0,8.0,2.0
2023-12-16 Manchester City-Crystal Palace,2324,2023-12-16,Manchester City,Crystal Palace,Paul Tierney,6.0,6.0,2.0,2.0,2.528688524590164,7.0,1.0,1.0,2.0,1.1188524590163935,4.802631578947368,2.9166666666666665,2.0,2.0,4.0,1,4.0,1.0
2023-12-16 Newcastle United-Fulham,2324,2023-12-16,Newcastle United,Fulham,Samuel Barrott,6.0,6.0,1.2,2.0,1.2704918032786885,6.0,9.0,3.4,1.8,1.0923076923076922,6.857142857142857,2.3333333333333335,3.0,0.0,3.0,0,6.0,2.0
2023-12-16 Burnley-Everton,2324,2023-12-16,Burnley,Everton,Anthony Taylor,7.0,4.0,1.6,1.4,1.0048543689320388,6.0,12.0,1.8,1.0,1.1721311475409837,4.724867724867725,2.8,0.0,2.0,2.0,0,2.0,0.0
2023-12-17 Arsenal-Brighton,2324,2023-12-17,Arsenal,Brighton,Tim Robinson,8.0,12.0,2.0,1.2,1.8032786885245902,8.0,8.0,1.8,1.6,1.209016393442623,8.461538461538462,2.5,2.0,0.0,2.0,0,8.0,2.0
2023-12-17 Brentford-Aston Villa,2324,2023-12-17,Brentford,Aston Villa,David Coote,8.0,3.0,0.8,1.6,1.4021739130434783,8.0,13.0,1.8,0.8,1.3928571428571428,5.11578947368421,2.75,1.0,2.0,3.0,1,24.0,0.0
2023-12-17 West Ham United-Wolves,2324,2023-12-17,West Ham United,Wolves,Chris Kavanagh,7.0,10.0,1.6,2.0,1.389344262295082,8.0,7.0,1.4,1.4,1.087378640776699,4.267716535433071,2.2,3.0,0.0,3.0,0,8.0,2.0
2023-12-17 Liverpool-Manchester Utd,2324,2023-12-17,Liverpool,Manchester Utd,Michael Oliver,8.0,13.0,2.4,1.0,2.1762295081967213,8.0,9.0,1.2,1.0,1.6598360655737705,4.005347593582887,3.0,0.0,0.0,0.0,0,14.0,1.0
2023-12-21 Crystal Palace-Brighton,2324,2023-12-21,Crystal Palace,Brighton,John Brooks,5.0,2.0,1.0,1.8,1.1224489795918366,4.0,7.0,1.6,1.8,1.2040816326530612,8.515151515151516,2.25,1.0,1.0,2.0,1,14.0,1.0
2023-12-22 Aston Villa-Sheffield United,2324,2023-12-22,Aston Villa,Sheffield United,Anthony Taylor,5.0,13.0,1.6,0.8,1.3964497041420119,6.0,3.0,0.4,2.4,0.7634408602150538,4.7105263157894735,1.0,1.0,1.0,2.0,1,12.0,1.0
2023-12-23 West Ham United-Manchester Utd,2324,2023-12-23,West Ham United,Manchester Utd,Simon Hooper,6.0,10.0,1.6,1.6,1.3959183673469389,6.0,7.0,1.0,1.0,1.653061224489796,5.267441860465116,2.1666666666666665,2.0,0.0,2.0,0,10.0,2.0
2023-12-23 Fulham-Burnley,2324,2023-12-23,Fulham,Burnley,Rebecca Welch,7.0,9.0,3.2,1.8,1.083969465648855,7.0,4.0,1.4,1.2,1.0,5.229605263157895,3.25,0.0,2.0,2.0,0,6.0,0.0
2023-12-23 Luton Town-Newcastle United,2324,2023-12-23,Luton Town,Newcastle United,Darren England,13.0,3.0,1.4,2.2,1.0625,7.0,9.0,1.8,1.6,1.2775510204081633,6.0638297872340425,2.85,1.0,0.0,1.0,0,8.0,2.0
2023-12-23 Nottingham Forest-Bournemouth,2324,2023-12-23,Nottingham Forest,Bournemouth,Robert Jones,8.0,1.0,0.6,2.4,1.0,14.0,13.0,2.4,0.6,1.1845238095238095,6.610169491525424,3.5,2.0,3.0,5.0,1,8.0,0.0
2023-12-23 Tottenham Hotspur-Everton,2324,2023-12-23,Tottenham Hotspur,Everton,Stuart Attwell,8.0,7.0,2.2,1.6,1.8122448979591836,7.0,12.0,1.6,0.6,1.1755102040816328,4.849624060150376,3.0,2.0,1.0,3.0,1,10.0,2.0
2023-12-23 Liverpool-Arsenal,2324,2023-12-23,Liverpool,Arsenal,Chris Kavanagh,6.0,11.0,1.8,1.0,2.16734693877551,6.0,12.0,1.8,1.0,1.8040816326530613,4.296875,3.9166666666666665,1.0,1.0,2.0,1,14.0,1.0
2023-12-24 Wolves-Chelsea,2324,2023-12-24,Wolves,Chelsea,David Coote,7.0,4.0,1.0,1.8,1.0821256038647342,8.0,6.0,1.4,2.0,1.6081632653061224,5.3125,2.5,2.0,1.0,3.0,1,18.0,2.0
2023-12-26 Burnley-Liverpool,2324,2023-12-26,Burnley,Liverpool,Paul Tierney,3.0,7.0,1.6,0.8,1.0048076923076923,3.0,11.0,1.8,1.0,2.16260162601626,4.7973856209150325,2.7,0.0,2.0,2.0,0,6.0,0.0
2023-12-26 Sheffield United-Luton Town,2324,2023-12-26,Sheffield United,Luton Town,Samuel Allison,4.0,4.0,0.4,2.0,0.7659574468085106,3.0,6.0,1.6,2.0,1.0588235294117647,5.229605263157895,2.85,2.0,3.0,5.0,1,10.0,0.0
2023-12-26 Manchester Utd-Aston Villa,2324,2023-12-26,Manchester Utd,Aston Villa,Craig Pawson,3.0,4.0,0.4,1.4,1.646341463414634,4.0,11.0,1.4,0.8,1.3941176470588235,4.822368421052632,3.0,3.0,2.0,5.0,1,8.0,2.0
2023-12-26 Newcastle United-Nottingham Forest,2324,2023-12-26,Newcastle United,Nottingham Forest,Chris Kavanagh,3.0,6.0,1.0,1.6,1.2723577235772359,3.0,1.0,0.6,2.4,1.0178571428571428,4.372093023255814,2.5,1.0,3.0,4.0,1,12.0,0.0
2023-12-26 Bournemouth-Fulham,2324,2023-12-26,Bournemouth,Fulham,Tim Robinson,3.0,13.0,2.6,1.0,1.1952662721893492,3.0,6.0,2.6,1.8,1.0757575757575757,8.428571428571429,2.75,3.0,0.0,3.0,0,4.0,2.0
2023-12-27 Everton-Manchester City,2324,2023-12-27,Everton,Manchester City,John Brooks,4.0,12.0,1.8,0.4,1.1747967479674797,11.0,6.0,1.6,1.6,2.526530612244898,8.676470588235293,3.0833333333333335,1.0,3.0,4.0,1,12.0,0.0
2023-12-27 Chelsea-Crystal Palace,2324,2023-12-27,Chelsea,Crystal Palace,Michael Salisbury,3.0,6.0,1.4,1.6,1.6056910569105691,6.0,3.0,1.0,1.6,1.1219512195121952,7.84,2.9166666666666665,2.0,1.0,3.0,1,10.0,2.0
2023-12-27 Brentford-Wolves,2324,2023-12-27,Brentford,Wolves,Andy Madley,10.0,3.0,1.0,1.4,1.3978494623655915,3.0,7.0,1.0,1.4,1.0865384615384615,5.37037037037037,2.25,1.0,4.0,5.0,1,4.0,0.0
2023-12-28 Brighton-Tottenham Hotspur,2324,2023-12-28,Brighton,Tottenham Hotspur,Jarred Gillett,7.0,5.0,1.2,1.6,1.2032520325203253,5.0,10.0,2.4,1.4,1.8130081300813008,6.264705882352941,2.0833333333333335,4.0,2.0,6.0,1,10.0,2.0
2023-12-28 Arsenal-West Ham United,2324,2023-12-28,Arsenal,West Ham United,Michael Oliver,5.0,10.0,1.8,1.2,1.8008130081300813,5.0,10.0,1.6,1.4,1.3983739837398375,4.058510638297872,3.0833333333333335,0.0,2.0,2.0,0,4.0,0.0
2023-12-30 Luton Town-Chelsea,2324,2023-12-30,Luton Town,Chelsea,Paul Tierney,4.0,6.0,1.8,2.2,1.1666666666666667,3.0,6.0,1.2,1.4,1.6072874493927125,4.805194805194805,3.0,2.0,3.0,5.0,1,8.0,0.0
2023-12-30 Aston Villa-Burnley,2324,2023-12-30,Aston Villa,Burnley,Stuart Attwell,4.0,10.0,1.4,1.0,1.3976608187134503,4.0,4.0,0.6,1.2,1.0,4.888059701492537,3.142857142857143,3.0,2.0,5.0,1,12.0,2.0
2023-12-30 Crystal Palace-Brentford,2324,2023-12-30,Crystal Palace,Brentford,Robert Jones,3.0,2.0,1.0,1.8,1.1214574898785425,3.0,3.0,1.2,2.0,1.3936170212765957,6.633333333333334,1.2,3.0,1.0,4.0,1,2.0,2.0
2023-12-30 Manchester City-Sheffield United,2324,2023-12-30,Manchester City,Sheffield United,David Coote,3.0,8.0,2.0,1.6,2.5284552845528454,4.0,4.0,0.8,1.6,0.7789473684210526,5.443298969072165,1.6,2.0,0.0,2.0,0,4.0,2.0
2023-12-30 Wolves-Everton,2324,2023-12-30,Wolves,Everton,Thomas Bramall,3.0,10.0,1.6,1.2,1.1004784688995215,3.0,9.0,1.8,1.0,1.174089068825911,7.666666666666667,2.727272727272727,3.0,0.0,3.0,0,10.0,2.0
2023-12-30 Nottingham Forest-Manchester Utd,2324,2023-12-30,Nottingham Forest,Manchester Utd,Tim Robinson,4.0,4.0,1.2,2.4,1.0526315789473684,4.0,7.0,1.0,1.6,1.6518218623481782,8.133333333333333,3.3333333333333335,2.0,1.0,3.0,1,12.0,2.0
2023-12-31 Tottenham Hotspur-Bournemouth,2324,2023-12-31,Tottenham Hotspur,Bournemouth,Simon Hooper,3.0,9.0,2.2,1.6,1.8137651821862348,5.0,13.0,2.6,0.8,1.2058823529411764,5.32183908045977,3.2222222222222223,3.0,1.0,4.0,1,10.0,2.0
2023-12-31 Fulham-Arsenal,2324,2023-12-31,Fulham,Arsenal,Joshua Smith,5.0,6.0,2.0,1.6,1.0676691729323309,3.0,7.0,1.4,1.4,1.7935222672064777,7.5,3.7142857142857144,2.0,1.0,3.0,1,10.0,2.0
2024-01-01 Liverpool-Newcastle United,2324,2024-01-01,Liverpool,Newcastle United,Anthony Taylor,6.0,11.0,1.4,0.4,2.161943319838057,6.0,3.0,1.0,2.2,1.271255060728745,4.7486910994764395,2.769230769230769,4.0,2.0,6.0,1,16.0,2.0
2024-01-02 West Ham United-Brighton,2324,2024-01-02,West Ham United,Brighton,Samuel Barrott,5.0,12.0,1.8,1.2,1.4008097165991902,5.0,8.0,1.6,1.4,1.214574898785425,6.75,3.230769230769231,0.0,0.0,0.0,0,2.0,1.0
2024-01-12 Burnley-Luton Town,2324,2024-01-12,Burnley,Luton Town,Tony Harrington,13.0,4.0,1.0,1.6,1.0047619047619047,13.0,6.0,2.0,2.2,1.2105263157894737,5.9,3.0,1.0,1.0,2.0,1,2.0,1.0
2024-01-13 Chelsea-Fulham,2324,2024-01-13,Chelsea,Fulham,Anthony Taylor,14.0,9.0,1.6,1.4,1.6129032258064515,13.0,6.0,1.4,1.8,1.0746268656716418,4.807291666666667,1.8571428571428572,1.0,0.0,1.0,0,12.0,2.0
2024-01-13 Newcastle United-Manchester City,2324,2024-01-13,Newcastle United,Manchester City,Chris Kavanagh,12.0,3.0,1.4,2.4,1.2741935483870968,14.0,10.0,1.8,1.0,2.526315789473684,4.430769230769231,3.6153846153846154,2.0,3.0,5.0,1,6.0,0.0
2024-01-14 Everton-Aston Villa,2324,2024-01-14,Everton,Aston Villa,David Coote,15.0,6.0,1.2,1.6,1.1693548387096775,15.0,10.0,1.8,1.4,1.4069767441860466,5.428571428571429,2.2222222222222223,0.0,0.0,0.0,0,10.0,1.0
2024-01-14 Manchester Utd-Tottenham Hotspur,2324,2024-01-14,Manchester Utd,Tottenham Hotspur,John Brooks,15.0,4.0,0.8,1.8,1.6491935483870968,14.0,12.0,2.6,1.4,1.8185483870967742,8.771428571428572,3.0,2.0,2.0,4.0,1,6.0,1.0
2024-01-20 Arsenal-Crystal Palace,2324,2024-01-20,Arsenal,Crystal Palace,Paul Tierney,20.0,4.0,0.8,1.2,1.7903225806451613,21.0,5.0,1.6,1.6,1.1290322580645162,4.825806451612904,3.3846153846153846,5.0,0.0,5.0,0,0.0,2.0
2024-01-20 Brentford-Nottingham Forest,2324,2024-01-20,Brentford,Nottingham Forest,Darren England,21.0,0.0,0.8,2.4,1.3894736842105264,21.0,7.0,1.6,1.6,1.0689655172413792,6.104166666666667,3.0,3.0,2.0,5.0,1,8.0,2.0
2024-01-21 Sheffield United-West Ham United,2324,2024-01-21,Sheffield United,West Ham United,Michael Salisbury,22.0,4.0,0.8,1.6,0.7708333333333334,19.0,10.0,1.4,1.0,1.3951612903225807,7.923076923076923,1.8,2.0,2.0,4.0,1,12.0,1.0
2024-01-21 Bournemouth-Liverpool,2324,2024-01-21,Bournemouth,Liverpool,Andy Madley,21.0,12.0,2.4,1.0,1.2046783625730995,20.0,11.0,1.8,0.8,2.1693548387096775,5.353658536585366,3.7777777777777777,0.0,4.0,4.0,0,6.0,0.0
2024-01-22 Brighton-Wolves,2324,2024-01-22,Brighton,Wolves,Craig Pawson,20.0,6.0,1.2,1.2,1.2096774193548387,23.0,10.0,2.0,1.2,1.1095238095238096,4.8431372549019605,3.090909090909091,0.0,0.0,0.0,0,10.0,1.0
2024-01-30 Nottingham Forest-Arsenal,2324,2024-01-30,Nottingham Forest,Arsenal,Simon Hooper,10.0,6.0,1.8,2.0,1.0847457627118644,10.0,7.0,1.8,1.0,1.8032128514056225,5.375,3.0,1.0,2.0,3.0,1,2.0,0.0
2024-01-30 Fulham-Everton,2324,2024-01-30,Fulham,Everton,Thomas Bramall,17.0,3.0,0.4,2.0,1.0666666666666667,16.0,4.0,0.8,1.6,1.1646586345381527,7.846153846153846,2.4285714285714284,0.0,0.0,0.0,0,6.0,1.0
2024-01-30 Luton Town-Brighton,2324,2024-01-30,Luton Town,Brighton,Robert Jones,18.0,7.0,1.6,1.6,1.2,8.0,6.0,1.0,1.0,1.2048192771084338,6.557377049180328,5.0,4.0,0.0,4.0,0,8.0,2.0
2024-01-30 Crystal Palace-Sheffield United,2324,2024-01-30,Crystal Palace,Sheffield United,Tony Harrington,10.0,5.0,1.4,2.2,1.1244979919678715,9.0,2.0,1.0,2.0,0.7835051546391752,5.545454545454546,1.4,3.0,2.0,5.0,1,10.0,2.0
2024-01-30 Aston Villa-Newcastle United,2324,2024-01-30,Aston Villa,Newcastle United,John Brooks,16.0,8.0,1.6,1.4,1.3988439306358382,17.0,3.0,1.6,2.2,1.2771084337349397,8.694444444444445,2.6666666666666665,1.0,3.0,4.0,1,10.0,0.0
2024-01-31 Manchester City-Burnley,2324,2024-01-31,Manchester City,Burnley,Samuel Barrott,18.0,13.0,2.4,1.2,2.528225806451613,19.0,4.0,1.0,1.6,1.004739336492891,6.222222222222222,3.1818181818181817,3.0,1.0,4.0,1,8.0,2.0
2024-01-31 Tottenham Hotspur-Brentford,2324,2024-01-31,Tottenham Hotspur,Brentford,David Coote,17.0,10.0,2.2,1.6,1.819277108433735,11.0,3.0,1.2,2.4,1.40625,5.474747474747475,2.8,3.0,2.0,5.0,1,10.0,2.0
2024-01-31 Liverpool-Chelsea,2324,2024-01-31,Liverpool,Chelsea,Paul Tierney,10.0,11.0,2.2,0.6,2.176706827309237,18.0,12.0,1.8,1.0,1.6104417670682731,4.794871794871795,2.230769230769231,4.0,1.0,5.0,1,12.0,2.0
2024-02-01 West Ham United-Bournemouth,2324,2024-02-01,West Ham United,Bournemouth,Tim Robinson,11.0,11.0,1.8,0.4,1.3975903614457832,11.0,9.0,2.0,1.8,1.197674418604651,8.375,3.2222222222222223,1.0,1.0,2.0,1,8.0,1.0
2024-02-01 Wolves-Manchester Utd,2324,2024-02-01,Wolves,Manchester Utd,Jarred Gillett,10.0,10.0,1.8,1.0,1.1042654028436019,18.0,5.0,1.2,1.6,1.6506024096385543,6.371428571428571,1.5454545454545454,3.0,4.0,7.0,1,14.0,0.0
2024-02-03 Sheffield United-Aston Villa,2324,2024-02-03,Sheffield United,Aston Villa,Paul Tierney,4.0,2.0,1.4,2.2,0.7959183673469388,4.0,5.0,1.4,1.8,1.396551724137931,4.840764331210191,1.2,0.0,5.0,5.0,0,2.0,0.0
2024-02-03 Newcastle United-Luton Town,2324,2024-02-03,Newcastle United,Luton Town,Thomas Bramall,4.0,3.0,1.6,2.4,1.284,4.0,10.0,2.2,1.2,1.3333333333333333,7.714285714285714,1.0,4.0,4.0,8.0,1,8.0,1.0
2024-02-03 Brighton-Crystal Palace,2324,2024-02-03,Brighton,Crystal Palace,Simon Hooper,4.0,6.0,1.0,1.4,1.2,4.0,7.0,1.6,2.2,1.132,5.337078651685394,2.230769230769231,4.0,1.0,5.0,1,8.0,2.0
2024-02-03 Everton-Tottenham Hotspur,2324,2024-02-03,Everton,Tottenham Hotspur,Michael Oliver,4.0,2.0,0.4,1.6,1.16,3.0,10.0,2.4,2.0,1.824,4.058201058201059,3.0,2.0,2.0,4.0,1,6.0,1.0
2024-02-03 Burnley-Fulham,2324,2024-02-03,Burnley,Fulham,Darren Bond,3.0,4.0,1.2,1.8,1.0047169811320755,4.0,4.0,0.4,1.4,1.0588235294117647,8.8,3.0,2.0,2.0,4.0,1,8.0,1.0
2024-02-04 Bournemouth-Nottingham Forest,2324,2024-02-04,Bournemouth,Nottingham Forest,Rebecca Welch,3.0,7.0,1.6,2.0,1.1965317919075145,5.0,6.0,2.0,2.0,1.0833333333333333,6.0,4.0,1.0,1.0,2.0,1,12.0,1.0
2024-02-04 Chelsea-Wolves,2324,2024-02-04,Chelsea,Wolves,Tim Robinson,4.0,9.0,1.6,1.8,1.608,3.0,10.0,2.4,1.2,1.1132075471698113,8.352941176470589,2.5454545454545454,2.0,4.0,6.0,1,10.0,0.0
2024-02-04 Manchester Utd-West Ham United,2324,2024-02-04,Manchester Utd,West Ham United,Andy Madley,3.0,7.0,2.0,2.2,1.66,3.0,9.0,1.4,0.6,1.396,5.36144578313253,2.1538461538461537,3.0,0.0,3.0,0,2.0,2.0
2024-02-04 Arsenal-Liverpool,2324,2024-02-04,Arsenal,Liverpool,Anthony Taylor,5.0,7.0,1.8,1.2,1.804,4.0,13.0,3.0,0.8,2.184,4.844559585492228,3.769230769230769,3.0,1.0,4.0,1,18.0,2.0
2024-02-05 Brentford-Manchester City,2324,2024-02-05,Brentford,Manchester City,Jarred Gillett,5.0,3.0,1.6,2.8,1.4123711340206186,5.0,13.0,2.6,1.2,2.5301204819277108,6.583333333333333,1.75,1.0,3.0,4.0,1,2.0,0.0
2024-02-10 Wolves-Brentford,2324,2024-02-10,Wolves,Brentford,Simon Hooper,6.0,10.0,2.8,1.4,1.1267605633802817,5.0,3.0,1.6,3.0,1.4081632653061225,5.366666666666666,2.8,0.0,2.0,2.0,0,10.0,0.0
2024-02-10 Nottingham Forest-Newcastle United,2324,2024-02-10,Nottingham Forest,Newcastle United,Anthony Taylor,6.0,7.0,1.8,1.6,1.0819672131147542,7.0,4.0,2.4,3.0,1.294820717131474,4.912371134020619,3.0,2.0,3.0,5.0,1,6.0,0.0
2024-02-10 Luton Town-Sheffield United,2324,2024-02-10,Luton Town,Sheffield United,Chris Kavanagh,7.0,8.0,2.8,2.0,1.4545454545454546,7.0,1.0,1.2,3.0,0.7878787878787878,4.442748091603053,5.0,1.0,3.0,4.0,1,6.0,0.0
2024-02-10 Tottenham Hotspur-Brighton,2324,2024-02-10,Tottenham Hotspur,Brighton,Samuel Barrott,7.0,8.0,2.4,2.2,1.8247011952191234,7.0,8.0,1.6,1.4,1.2111553784860558,6.4,2.3846153846153846,2.0,1.0,3.0,1,10.0,2.0
2024-02-10 Fulham-Bournemouth,2324,2024-02-10,Fulham,Bournemouth,Darren England,7.0,5.0,0.8,1.4,1.0656934306569343,6.0,5.0,1.2,1.8,1.1954022988505748,6.142857142857143,2.8,3.0,1.0,4.0,1,6.0,2.0
2024-02-10 Manchester City-Everton,2324,2024-02-10,Manchester City,Everton,John Brooks,5.0,15.0,2.8,1.0,2.532,7.0,3.0,0.6,1.6,1.1633466135458168,8.72972972972973,3.1538461538461537,2.0,0.0,2.0,0,4.0,2.0
2024-02-10 Liverpool-Burnley,2324,2024-02-10,Liverpool,Burnley,Tim Robinson,6.0,12.0,3.0,1.2,2.1792828685258963,7.0,2.0,1.2,2.2,1.0093896713615023,8.444444444444445,2.6363636363636362,3.0,1.0,4.0,1,10.0,2.0
2024-02-11 West Ham United-Arsenal,2324,2024-02-11,West Ham United,Arsenal,Craig Pawson,7.0,6.0,1.0,1.2,1.3904382470119523,7.0,9.0,2.2,1.2,1.8087649402390438,4.876623376623376,3.0,0.0,6.0,6.0,0,8.0,0.0
2024-02-11 Aston Villa-Manchester Utd,2324,2024-02-11,Aston Villa,Manchester Utd,Robert Jones,8.0,7.0,2.2,1.6,1.417142857142857,7.0,10.0,2.6,1.8,1.6653386454183268,6.580645161290323,3.2222222222222223,1.0,2.0,3.0,1,10.0,0.0
2024-02-12 Crystal Palace-Chelsea,2324,2024-02-12,Crystal Palace,Chelsea,Michael Oliver,9.0,6.0,1.6,2.8,1.1314741035856575,8.0,9.0,1.8,2.2,1.6095617529880477,4.068421052631579,2.923076923076923,1.0,3.0,4.0,1,8.0,0.0
2024-02-17 Newcastle United-Bournemouth,2324,2024-02-17,Newcastle United,Bournemouth,Michael Salisbury,7.0,7.0,2.8,2.8,1.3015873015873016,7.0,2.0,0.8,2.4,1.1942857142857144,8.074074074074074,2.888888888888889,2.0,2.0,4.0,1,8.0,1.0
2024-02-17 Manchester City-Chelsea,2324,2024-02-17,Manchester City,Chelsea,Andy Madley,7.0,15.0,2.6,0.8,2.5298804780876494,5.0,9.0,2.0,2.2,1.6150793650793651,5.321428571428571,2.6923076923076925,1.0,1.0,2.0,1,8.0,1.0
2024-02-17 Tottenham Hotspur-Wolves,2324,2024-02-17,Tottenham Hotspur,Wolves,Anthony Taylor,7.0,11.0,2.4,1.6,1.8253968253968254,7.0,7.0,2.0,1.6,1.1214953271028036,4.917948717948718,2.6363636363636362,1.0,2.0,3.0,1,2.0,0.0
2024-02-17 Nottingham Forest-West Ham United,2324,2024-02-17,Nottingham Forest,West Ham United,Thomas Bramall,7.0,4.0,1.6,2.0,1.096774193548387,6.0,3.0,0.6,2.4,1.3849206349206349,7.733333333333333,3.3333333333333335,2.0,0.0,2.0,0,18.0,2.0
2024-02-17 Fulham-Aston Villa,2324,2024-02-17,Fulham,Aston Villa,Lewis Smith,7.0,8.0,1.4,1.0,1.0797101449275361,6.0,7.0,2.0,1.4,1.4147727272727273,5.229605263157895,3.0,1.0,2.0,3.0,1,14.0,0.0
2024-02-17 Burnley-Arsenal,2324,2024-02-17,Burnley,Arsenal,Jarred Gillett,7.0,2.0,1.4,2.4,1.0093457943925233,6.0,12.0,3.4,0.8,1.8253968253968254,6.45945945945946,2.272727272727273,0.0,5.0,5.0,0,6.0,0.0
2024-02-17 Brentford-Liverpool,2324,2024-02-17,Brentford,Liverpool,Michael Oliver,7.0,6.0,1.8,2.2,1.4141414141414141,7.0,12.0,3.2,1.4,2.1825396825396823,4.0890052356020945,3.4,1.0,4.0,5.0,1,6.0,0.0
2024-02-18 Sheffield United-Brighton,2324,2024-02-18,Sheffield United,Brighton,Stuart Attwell,8.0,4.0,1.4,2.6,0.81,8.0,5.0,1.0,1.4,1.2103174603174602,4.940740740740741,1.6,0.0,5.0,5.0,0,12.0,0.0
2024-02-18 Luton Town-Manchester Utd,2324,2024-02-18,Luton Town,Manchester Utd,David Coote,8.0,5.0,2.4,2.2,1.434782608695652,7.0,10.0,2.4,1.6,1.6666666666666667,5.52,1.0,1.0,2.0,3.0,1,16.0,0.0
2024-02-19 Everton-Crystal Palace,2324,2024-02-19,Everton,Crystal Palace,Paul Tierney,9.0,3.0,0.4,1.4,1.1587301587301588,7.0,6.0,1.6,3.0,1.130952380952381,4.822784810126582,2.769230769230769,1.0,1.0,2.0,1,4.0,1.0
2024-02-20 Manchester City-Brentford,2324,2024-02-20,Manchester City,Brentford,Darren England,3.0,13.0,2.4,1.0,2.5238095238095237,3.0,6.0,1.8,2.4,1.41,6.14,2.2,1.0,0.0,1.0,0,12.0,2.0
2024-02-21 Liverpool-Luton Town,2324,2024-02-21,Liverpool,Luton Town,Andy Madley,4.0,12.0,3.2,1.2,2.1897233201581026,3.0,5.0,2.2,2.0,1.4166666666666667,5.352941176470588,2.0,4.0,1.0,5.0,1,10.0,2.0
2024-02-24 Arsenal-Newcastle United,2324,2024-02-24,Arsenal,Newcastle United,Paul Tierney,7.0,15.0,4.2,0.4,1.8379446640316206,7.0,8.0,2.8,2.4,1.3043478260869565,4.817610062893082,2.0,4.0,1.0,5.0,1,2.0,2.0
2024-02-24 Manchester Utd-Fulham,2324,2024-02-24,Manchester Utd,Fulham,Michael Oliver,6.0,13.0,2.6,1.4,1.66798418972332,7.0,5.0,1.2,1.2,1.079136690647482,4.098958333333333,2.857142857142857,1.0,2.0,3.0,1,14.0,0.0
2024-02-24 Bournemouth-Manchester City,2324,2024-02-24,Bournemouth,Manchester City,Jarred Gillett,7.0,3.0,1.0,2.2,1.1988636363636365,4.0,13.0,2.0,0.6,2.5177865612648223,6.447368421052632,3.888888888888889,0.0,1.0,1.0,0,8.0,0.0
2024-02-24 Brighton-Everton,2324,2024-02-24,Brighton,Everton,Tony Harrington,6.0,7.0,2.0,1.4,1.225296442687747,5.0,4.0,0.6,1.0,1.158102766798419,5.916666666666667,3.1538461538461537,1.0,1.0,2.0,1,12.0,1.0
2024-02-24 Aston Villa-Nottingham Forest,2324,2024-02-24,Aston Villa,Nottingham Forest,Samuel Barrott,7.0,7.0,1.8,1.2,1.4180790960451977,7.0,4.0,1.6,1.8,1.1111111111111112,6.7272727272727275,2.0,4.0,2.0,6.0,1,6.0,2.0
2024-02-24 Crystal Palace-Burnley,2324,2024-02-24,Crystal Palace,Burnley,Lewis Smith,5.0,4.0,1.2,3.0,1.1304347826086956,7.0,2.0,1.0,2.8,1.0046511627906978,14.0,2.272727272727273,3.0,0.0,3.0,0,10.0,2.0
2024-02-25 Wolves-Sheffield United,2324,2024-02-25,Wolves,Sheffield United,Darren Bond,8.0,7.0,1.8,1.8,1.1255813953488372,7.0,4.0,1.4,3.2,0.801980198019802,8.666666666666666,1.8,1.0,0.0,1.0,0,6.0,2.0
2024-02-26 West Ham United-Brentford,2324,2024-02-26,West Ham United,Brentford,Simon Hooper,9.0,2.0,0.6,2.8,1.3794466403162056,6.0,3.0,1.2,2.2,1.396039603960396,5.417582417582418,2.8,4.0,2.0,6.0,1,6.0,2.0
2024-03-02 Brentford-Chelsea,2324,2024-03-02,Brentford,Chelsea,Jarred Gillett,5.0,3.0,1.2,2.4,1.4019607843137254,14.0,7.0,1.6,2.0,1.6126482213438735,6.487179487179487,2.0,2.0,2.0,4.0,1,8.0,1.0
2024-03-02 Everton-West Ham United,2324,2024-03-02,Everton,West Ham United,Craig Pawson,7.0,4.0,0.8,1.2,1.1574803149606299,5.0,4.0,1.0,2.8,1.389763779527559,4.896774193548387,2.1538461538461537,1.0,3.0,4.0,1,6.0,0.0
2024-03-02 Fulham-Brighton,2324,2024-03-02,Fulham,Brighton,Simon Hooper,7.0,8.0,1.6,1.2,1.0857142857142856,7.0,7.0,2.2,1.6,1.2244094488188977,5.423913043478261,2.2857142857142856,3.0,0.0,3.0,0,6.0,2.0
2024-03-02 Newcastle United-Wolves,2324,2024-03-02,Newcastle United,Wolves,Tim Robinson,7.0,8.0,2.6,2.6,1.3031496062992125,6.0,9.0,2.0,1.8,1.125,8.526315789473685,2.3636363636363638,3.0,0.0,3.0,0,2.0,2.0
2024-03-02 Nottingham Forest-Liverpool,2324,2024-03-02,Nottingham Forest,Liverpool,Paul Tierney,7.0,4.0,1.6,2.0,1.125,10.0,12.0,3.2,1.4,2.1968503937007875,4.8,3.0,0.0,1.0,1.0,0,10.0,0.0
2024-03-02 Tottenham Hotspur-Crystal Palace,2324,2024-03-02,Tottenham Hotspur,Crystal Palace,John Brooks,14.0,8.0,2.0,1.8,1.8221343873517786,7.0,7.0,1.8,2.0,1.1377952755905512,8.605263157894736,2.4615384615384617,3.0,1.0,4.0,1,6.0,2.0
2024-03-02 Luton Town-Aston Villa,2324,2024-03-02,Luton Town,Aston Villa,Michael Oliver,10.0,4.0,2.2,2.6,1.4,7.0,9.0,2.6,1.6,1.4325842696629214,4.150259067357513,4.0,2.0,3.0,5.0,1,10.0,0.0
2024-03-03 Manchester City-Manchester Utd,2324,2024-03-03,Manchester City,Manchester Utd,Andy Madley,8.0,13.0,1.6,0.4,2.5118110236220472,8.0,12.0,2.4,1.4,1.6653543307086613,5.406976744186046,3.3076923076923075,3.0,1.0,4.0,1,2.0,2.0
2024-03-03 Burnley-Bournemouth,2324,2024-03-03,Burnley,Bournemouth,David Coote,8.0,1.0,0.8,3.2,1.0,8.0,3.0,1.0,1.6,1.192090395480226,5.623762376237623,3.0,0.0,2.0,2.0,0,12.0,0.0
2024-03-04 Sheffield United-Arsenal,2324,2024-03-04,Sheffield United,Arsenal,Samuel Barrott,8.0,3.0,1.0,3.0,0.7941176470588235,9.0,15.0,4.0,0.6,1.8464566929133859,6.666666666666667,2.8,0.0,6.0,6.0,0,2.0,0.0
2024-03-09 Manchester Utd-Everton,2324,2024-03-09,Manchester Utd,Everton,Simon Hooper,6.0,9.0,1.8,1.4,1.6627450980392158,7.0,3.0,1.0,1.8,1.1568627450980393,5.43010752688172,2.923076923076923,2.0,0.0,2.0,0,6.0,2.0
2024-03-09 Bournemouth-Sheffield United,2324,2024-03-09,Bournemouth,Sheffield United,Anthony Taylor,6.0,5.0,1.2,1.4,1.196629213483146,5.0,3.0,0.6,3.6,0.7864077669902912,4.903061224489796,3.0,2.0,2.0,4.0,1,16.0,1.0
2024-03-09 Crystal Palace-Luton Town,2324,2024-03-09,Crystal Palace,Luton Town,Sunny Singh,7.0,4.0,1.4,2.2,1.1372549019607843,7.0,1.0,1.8,3.2,1.4230769230769231,5.229605263157895,3.0,1.0,1.0,2.0,1,10.0,1.0
2024-03-09 Wolves-Fulham,2324,2024-03-09,Wolves,Fulham,Tony Harrington,7.0,9.0,1.4,1.6,1.119815668202765,7.0,10.0,2.2,1.2,1.099290780141844,6.384615384615385,1.7142857142857142,2.0,1.0,3.0,1,8.0,2.0
2024-03-09 Arsenal-Brentford,2324,2024-03-09,Arsenal,Brentford,Robert Jones,5.0,15.0,4.8,0.4,1.8627450980392157,7.0,4.0,1.4,2.2,1.4077669902912622,6.634920634920635,2.2,2.0,1.0,3.0,1,12.0,2.0
2024-03-10 Aston Villa-Tottenham Hotspur,2324,2024-03-10,Aston Villa,Tottenham Hotspur,Chris Kavanagh,8.0,12.0,3.0,1.4,1.441340782122905,8.0,10.0,2.2,1.6,1.8267716535433072,4.454545454545454,3.2222222222222223,0.0,4.0,4.0,0,6.0,0.0
2024-03-10 Brighton-Nottingham Forest,2324,2024-03-10,Brighton,Nottingham Forest,Michael Salisbury,8.0,7.0,2.2,1.4,1.219607843137255,8.0,4.0,1.4,1.8,1.1076923076923078,8.071428571428571,3.0,1.0,0.0,1.0,0,16.0,2.0
2024-03-10 West Ham United-Burnley,2324,2024-03-10,West Ham United,Burnley,Darren England,8.0,6.0,1.4,2.8,1.396078431372549,7.0,1.0,0.6,3.0,0.9953917050691244,6.254901960784314,2.3636363636363638,2.0,2.0,4.0,1,12.0,1.0
2024-03-10 Liverpool-Manchester City,2324,2024-03-10,Liverpool,Manchester City,Michael Oliver,8.0,12.0,2.6,1.2,2.1921568627450982,7.0,13.0,1.6,0.4,2.5137254901960784,4.180412371134021,3.5384615384615383,1.0,1.0,2.0,1,6.0,1.0
2024-03-11 Chelsea-Newcastle United,2324,2024-03-11,Chelsea,Newcastle United,John Brooks,9.0,5.0,1.8,2.4,1.6141732283464567,9.0,8.0,2.6,2.4,1.3098039215686275,8.538461538461538,2.3846153846153846,3.0,2.0,5.0,1,8.0,2.0
2024-03-13 Bournemouth-Luton Town,2324,2024-03-13,Bournemouth,Luton Town,Samuel Allison,4.0,5.0,1.4,1.6,1.2011173184357542,4.0,1.0,1.2,2.6,1.4074074074074074,10.0,2.85,4.0,3.0,7.0,1,6.0,2.0
2024-03-16 Fulham-Tottenham Hotspur,2324,2024-03-16,Fulham,Tottenham Hotspur,Robert Jones,7.0,9.0,2.0,1.2,1.0985915492957747,6.0,10.0,2.4,1.2,1.8352941176470587,6.71875,2.2857142857142856,3.0,0.0,3.0,0,10.0,2.0
2024-03-16 Burnley-Brentford,2324,2024-03-16,Burnley,Brentford,Darren Bond,6.0,1.0,0.6,3.0,1.0,7.0,1.0,1.2,2.6,1.4038461538461537,8.285714285714286,3.0,2.0,1.0,3.0,1,14.0,2.0
2024-03-16 Luton Town-Nottingham Forest,2324,2024-03-16,Luton Town,Nottingham Forest,Darren England,3.0,1.0,1.6,2.8,1.4642857142857142,6.0,3.0,1.2,1.8,1.0909090909090908,6.365384615384615,4.0,1.0,1.0,2.0,1,6.0,1.0
2024-03-17 West Ham United-Aston Villa,2324,2024-03-17,West Ham United,Aston Villa,Jarred Gillett,7.0,7.0,1.8,2.6,1.3984375,7.0,9.0,2.0,2.2,1.4333333333333333,6.525,2.7777777777777777,1.0,1.0,2.0,1,12.0,1.0
2024-03-30 Newcastle United-West Ham United,2324,2024-03-30,Newcastle United,West Ham United,Robert Jones,19.0,7.0,2.2,2.2,1.3125,13.0,8.0,2.0,1.6,1.3968871595330739,6.769230769230769,3.769230769230769,4.0,3.0,7.0,1,6.0,2.0
2024-03-30 Bournemouth-Everton,2324,2024-03-30,Bournemouth,Everton,Samuel Barrott,17.0,8.0,2.0,1.6,1.2166666666666666,21.0,2.0,0.6,1.8,1.15234375,6.3076923076923075,3.0,2.0,1.0,3.0,1,6.0,2.0
2024-03-30 Chelsea-Burnley,2324,2024-03-30,Chelsea,Burnley,Darren England,19.0,8.0,2.2,2.0,1.619607843137255,14.0,4.0,0.8,2.6,1.004566210045662,6.3584905660377355,3.727272727272727,2.0,2.0,4.0,1,10.0,1.0
2024-03-30 Nottingham Forest-Crystal Palace,2324,2024-03-30,Nottingham Forest,Crystal Palace,Chris Kavanagh,14.0,4.0,1.0,1.4,1.0895522388059702,21.0,5.0,1.4,1.6,1.13671875,4.466165413533835,1.0,1.0,1.0,2.0,1,4.0,1.0
2024-03-30 Sheffield United-Fulham,2324,2024-03-30,Sheffield United,Fulham,Tim Robinson,21.0,4.0,1.0,3.0,0.7980769230769231,14.0,9.0,2.0,1.0,1.1118881118881119,8.2,2.3333333333333335,3.0,3.0,6.0,1,10.0,1.0
2024-03-30 Tottenham Hotspur-Luton Town,2324,2024-03-30,Tottenham Hotspur,Luton Town,Jarred Gillett,14.0,9.0,2.0,1.4,1.828125,14.0,2.0,1.6,2.6,1.4482758620689655,6.658536585365853,1.0,2.0,1.0,3.0,1,12.0,2.0
2024-03-30 Aston Villa-Wolves,2324,2024-03-30,Aston Villa,Wolves,Paul Tierney,13.0,10.0,2.0,2.0,1.430939226519337,21.0,9.0,1.0,1.4,1.1238532110091743,4.832298136645963,2.0,2.0,0.0,2.0,0,14.0,2.0
2024-03-30 Brentford-Manchester Utd,2324,2024-03-30,Brentford,Manchester Utd,Simon Hooper,14.0,1.0,1.2,2.2,1.4,21.0,9.0,1.6,1.4,1.6640625,5.4361702127659575,3.0,1.0,1.0,2.0,1,10.0,1.0
2024-03-31 Liverpool-Brighton,2324,2024-03-31,Liverpool,Brighton,David Coote,21.0,13.0,2.6,0.8,2.1875,21.0,7.0,1.6,1.2,1.21875,5.686274509803922,3.1538461538461537,2.0,1.0,3.0,1,16.0,2.0
2024-03-31 Manchester City-Arsenal,2324,2024-03-31,Manchester City,Arsenal,Anthony Taylor,21.0,11.0,1.4,0.6,2.5078125,22.0,15.0,4.6,0.4,1.86328125,4.959390862944162,3.0,0.0,0.0,0.0,0,4.0,1.0
2024-04-02 West Ham United-Tottenham Hotspur,2324,2024-04-02,West Ham United,Tottenham Hotspur,John Brooks,3.0,8.0,2.6,2.0,1.4031007751937985,3.0,9.0,2.0,1.4,1.828793774319066,8.525,2.8461538461538463,1.0,1.0,2.0,1,10.0,1.0
2024-04-02 Burnley-Wolves,2324,2024-04-02,Burnley,Wolves,Thomas Bramall,3.0,5.0,1.2,2.0,1.009090909090909,3.0,9.0,1.0,1.4,1.1187214611872147,8.375,1.7777777777777777,1.0,1.0,2.0,1,4.0,1.0
2024-04-02 Newcastle United-Everton,2324,2024-04-02,Newcastle United,Everton,Tony Harrington,3.0,7.0,2.4,2.4,1.3229571984435797,3.0,2.0,0.8,1.8,1.1517509727626458,6.5,2.6923076923076925,1.0,1.0,2.0,1,6.0,1.0
2024-04-02 Nottingham Forest-Fulham,2324,2024-04-02,Nottingham Forest,Fulham,Michael Oliver,3.0,2.0,0.8,1.6,1.088235294117647,3.0,10.0,2.4,1.2,1.125,4.18974358974359,4.0,3.0,1.0,4.0,1,2.0,2.0
2024-04-02 Bournemouth-Crystal Palace,2324,2024-04-02,Bournemouth,Crystal Palace,Graham Scott,3.0,10.0,2.0,1.4,1.2209944751381216,3.0,6.0,1.4,1.2,1.1361867704280155,3.146067415730337,3.111111111111111,1.0,0.0,1.0,0,10.0,2.0
2024-04-03 Arsenal-Luton Town,2324,2024-04-03,Arsenal,Luton Town,Craig Pawson,3.0,13.0,3.4,0.4,1.8560311284046693,4.0,2.0,1.6,2.2,1.4333333333333333,4.903846153846154,7.0,2.0,0.0,2.0,0,4.0,2.0
2024-04-03 Brentford-Brighton,2324,2024-04-03,Brentford,Brighton,Andy Madley,4.0,2.0,1.4,2.2,1.3962264150943395,3.0,7.0,1.6,1.2,1.2178988326848248,5.367816091954023,2.8,0.0,0.0,0.0,0,4.0,1.0
2024-04-03 Manchester City-Aston Villa,2324,2024-04-03,Manchester City,Aston Villa,Darren England,3.0,11.0,1.2,0.4,2.498054474708171,4.0,10.0,2.0,1.8,1.434065934065934,6.425925925925926,3.3333333333333335,4.0,1.0,5.0,1,6.0,2.0
2024-04-04 Liverpool-Sheffield United,2324,2024-04-04,Liverpool,Sheffield United,Stuart Attwell,4.0,13.0,2.4,0.8,2.186770428015564,5.0,2.0,1.0,3.4,0.819047619047619,4.992647058823529,2.0,3.0,1.0,4.0,1,2.0,2.0
2024-04-04 Chelsea-Manchester Utd,2324,2024-04-04,Chelsea,Manchester Utd,Jarred Gillett,5.0,9.0,2.2,1.6,1.62109375,5.0,7.0,1.4,1.4,1.66147859922179,6.785714285714286,2.3076923076923075,4.0,3.0,7.0,1,8.0,2.0
2024-04-06 Wolves-West Ham United,2324,2024-04-06,Wolves,West Ham United,Tony Harrington,4.0,7.0,0.8,1.4,1.1181818181818182,4.0,6.0,2.0,1.8,1.4015444015444016,6.466666666666667,2.272727272727273,1.0,2.0,3.0,1,14.0,0.0
2024-04-06 Brighton-Arsenal,2324,2024-04-06,Brighton,Arsenal,John Brooks,3.0,5.0,0.6,1.2,1.2131782945736433,3.0,13.0,2.8,0.4,1.8565891472868217,8.560975609756097,2.4615384615384617,0.0,3.0,3.0,0,6.0,0.0
2024-04-06 Luton Town-Bournemouth,2324,2024-04-06,Luton Town,Bournemouth,Andy Madley,3.0,2.0,1.2,2.0,1.3870967741935485,4.0,13.0,2.2,1.2,1.2197802197802199,5.3522727272727275,7.0,2.0,1.0,3.0,1,0.0,2.0
2024-04-06 Aston Villa-Brentford,2324,2024-04-06,Aston Villa,Brentford,Michael Salisbury,3.0,7.0,1.4,2.2,1.4316939890710383,3.0,3.0,1.0,1.4,1.3831775700934579,8.344827586206897,2.8,3.0,3.0,6.0,1,8.0,1.0
2024-04-06 Everton-Burnley,2324,2024-04-06,Everton,Burnley,Michael Oliver,4.0,2.0,0.8,1.8,1.1511627906976745,4.0,6.0,1.4,1.6,1.009049773755656,4.178571428571429,2.727272727272727,1.0,0.0,1.0,0,8.0,2.0
2024-04-06 Crystal Palace-Manchester City,2324,2024-04-06,Crystal Palace,Manchester City,Paul Tierney,4.0,5.0,1.2,1.2,1.1317829457364341,3.0,11.0,1.8,0.6,2.503875968992248,4.888888888888889,3.0,2.0,4.0,6.0,1,4.0,0.0
2024-04-06 Fulham-Newcastle United,2324,2024-04-06,Fulham,Newcastle United,Samuel Allison,4.0,7.0,2.2,1.6,1.1241379310344828,4.0,7.0,2.2,2.2,1.321705426356589,8.0,2.4285714285714284,0.0,1.0,1.0,0,6.0,0.0
2024-04-07 Manchester Utd-Liverpool,2324,2024-04-07,Manchester Utd,Liverpool,Anthony Taylor,3.0,4.0,1.6,2.0,1.6666666666666667,3.0,13.0,2.2,0.8,2.189922480620155,4.954545454545454,2.769230769230769,2.0,2.0,4.0,1,14.0,1.0
2024-04-07 Sheffield United-Chelsea,2324,2024-04-07,Sheffield United,Chelsea,Robert Jones,3.0,2.0,1.2,3.0,0.8207547169811321,3.0,9.0,2.4,2.0,1.6303501945525292,6.757575757575758,3.4,2.0,2.0,4.0,1,12.0,1.0
2024-04-07 Tottenham Hotspur-Nottingham Forest,2324,2024-04-07,Tottenham Hotspur,Nottingham Forest,Simon Hooper,5.0,10.0,2.0,1.2,1.8255813953488371,5.0,5.0,1.0,1.0,1.1159420289855073,5.484210526315789,2.6666666666666665,3.0,1.0,4.0,1,12.0,2.0
2024-04-13 Bournemouth-Manchester Utd,2324,2024-04-13,Bournemouth,Manchester Utd,Tony Harrington,7.0,10.0,2.0,1.6,1.2185792349726776,6.0,5.0,1.8,2.0,1.667953667953668,6.9375,2.888888888888889,2.0,2.0,4.0,1,8.0,1.0
2024-04-13 Manchester City-Luton Town,2324,2024-04-13,Manchester City,Luton Town,John Brooks,7.0,11.0,2.4,1.0,2.5096525096525095,7.0,4.0,1.4,2.0,1.40625,8.5,3.0,5.0,1.0,6.0,1,2.0,2.0
2024-04-13 Nottingham Forest-Wolves,2324,2024-04-13,Nottingham Forest,Wolves,Craig Pawson,6.0,5.0,1.2,1.4,1.1142857142857143,7.0,4.0,0.8,1.8,1.1176470588235294,4.898089171974522,1.6666666666666667,2.0,2.0,4.0,1,10.0,1.0
2024-04-13 Brentford-Sheffield United,2324,2024-04-13,Brentford,Sheffield United,Samuel Barrott,7.0,3.0,1.2,1.6,1.3981481481481481,6.0,3.0,1.6,3.2,0.8317757009345794,6.285714285714286,1.0,2.0,0.0,2.0,0,8.0,2.0
2024-04-13 Newcastle United-Tottenham Hotspur,2324,2024-04-13,Newcastle United,Tottenham Hotspur,Tim Robinson,7.0,10.0,2.2,1.4,1.3204633204633205,6.0,10.0,2.0,1.2,1.83011583011583,8.285714285714286,3.3846153846153846,4.0,0.0,4.0,0,8.0,2.0
2024-04-13 Burnley-Brighton,2324,2024-04-13,Burnley,Brighton,Simon Hooper,7.0,6.0,1.4,1.4,1.0045045045045045,7.0,4.0,0.4,1.6,1.2084942084942085,5.552083333333333,1.8181818181818181,1.0,1.0,2.0,1,6.0,1.0
2024-04-14 Liverpool-Crystal Palace,2324,2024-04-14,Liverpool,Crystal Palace,Chris Kavanagh,7.0,11.0,1.8,1.0,2.189189189189189,8.0,2.0,1.0,2.0,1.135135135135135,4.462686567164179,3.1538461538461537,0.0,1.0,1.0,0,4.0,0.0
2024-04-14 West Ham United-Fulham,2324,2024-04-14,West Ham United,Fulham,Stuart Attwell,8.0,6.0,1.8,1.8,1.4038461538461537,8.0,4.0,1.6,1.8,1.1164383561643836,4.970802919708029,2.4285714285714284,0.0,2.0,2.0,0,6.0,0.0
2024-04-14 Arsenal-Aston Villa,2324,2024-04-14,Arsenal,Aston Villa,David Coote,8.0,13.0,2.6,0.2,1.861003861003861,8.0,5.0,1.4,2.4,1.440217391304348,5.786407766990291,2.7777777777777777,0.0,2.0,2.0,0,8.0,0.0
2024-04-15 Chelsea-Everton,2324,2024-04-15,Chelsea,Everton,Paul Tierney,8.0,9.0,2.6,2.2,1.6317829457364341,9.0,4.0,0.8,1.6,1.1505791505791505,4.883435582822086,1.9230769230769231,6.0,0.0,6.0,0,10.0,2.0
2024-04-20 Luton Town-Brentford,2324,2024-04-20,Luton Town,Brentford,Jarred Gillett,7.0,4.0,1.0,2.2,1.393939393939394,7.0,6.0,1.4,1.2,1.4036697247706422,6.813953488372093,4.0,1.0,5.0,6.0,1,6.0,0.0
2024-04-20 Sheffield United-Burnley,2324,2024-04-20,Sheffield United,Burnley,Andy Madley,7.0,3.0,1.6,2.4,0.8240740740740741,7.0,6.0,1.2,1.2,1.0044843049327354,5.292134831460674,2.4,1.0,4.0,5.0,1,2.0,0.0
2024-04-20 Wolves-Arsenal,2324,2024-04-20,Wolves,Arsenal,Paul Tierney,7.0,5.0,1.2,1.6,1.1216216216216217,6.0,10.0,1.4,0.6,1.853846153846154,4.914634146341464,2.727272727272727,0.0,2.0,2.0,0,10.0,0.0
2024-04-21 Crystal Palace-West Ham United,2324,2024-04-21,Crystal Palace,West Ham United,Graham Scott,7.0,5.0,1.0,1.4,1.1346153846153846,7.0,5.0,1.4,1.8,1.3984674329501916,3.2222222222222223,3.6153846153846154,5.0,2.0,7.0,1,10.0,2.0
2024-04-21 Fulham-Liverpool,2324,2024-04-21,Fulham,Liverpool,Craig Pawson,7.0,7.0,1.8,1.4,1.1224489795918366,7.0,8.0,1.6,1.2,2.1807692307692306,4.930379746835443,2.857142857142857,1.0,3.0,4.0,1,6.0,0.0
2024-04-21 Aston Villa-Bournemouth,2324,2024-04-21,Aston Villa,Bournemouth,Tim Robinson,7.0,8.0,1.8,1.6,1.4432432432432432,8.0,10.0,2.0,1.6,1.2228260869565217,8.272727272727273,3.0,3.0,1.0,4.0,1,8.0,2.0
2024-04-21 Everton-Nottingham Forest,2324,2024-04-21,Everton,Nottingham Forest,Anthony Taylor,6.0,4.0,0.6,2.2,1.146153846153846,8.0,6.0,1.6,1.6,1.1267605633802817,5.0,2.3333333333333335,2.0,0.0,2.0,0,12.0,2.0
2024-04-23 Arsenal-Chelsea,2324,2024-04-23,Arsenal,Chelsea,Simon Hooper,3.0,10.0,1.4,0.4,1.8544061302681993,8.0,11.0,3.4,1.8,1.6486486486486487,5.556701030927835,3.076923076923077,5.0,0.0,5.0,0,8.0,2.0
2024-04-24 Wolves-Bournemouth,2324,2024-04-24,Wolves,Bournemouth,Stuart Attwell,4.0,2.0,0.8,1.8,1.116591928251121,3.0,7.0,1.4,1.6,1.2216216216216216,4.978260869565218,1.7142857142857142,0.0,1.0,1.0,0,12.0,0.0
2024-04-24 Crystal Palace-Newcastle United,2324,2024-04-24,Crystal Palace,Newcastle United,Thomas Bramall,3.0,7.0,1.8,1.6,1.1494252873563218,11.0,10.0,2.4,1.4,1.3307692307692307,8.117647058823529,1.3846153846153846,2.0,0.0,2.0,0,12.0,2.0
2024-04-24 Everton-Liverpool,2324,2024-04-24,Everton,Liverpool,Andy Madley,3.0,7.0,1.0,1.8,1.1494252873563218,3.0,10.0,2.0,1.2,2.1839080459770117,5.2555555555555555,2.076923076923077,2.0,0.0,2.0,0,6.0,2.0
2024-04-24 Manchester Utd-Sheffield United,2324,2024-04-24,Manchester Utd,Sheffield United,Michael Salisbury,11.0,6.0,2.0,1.8,1.6692307692307693,4.0,2.0,1.4,2.8,0.8256880733944955,8.333333333333334,4.0,4.0,2.0,6.0,1,2.0,2.0
2024-04-25 Brighton-Manchester City,2324,2024-04-25,Brighton,Manchester City,Jarred Gillett,12.0,5.0,0.6,1.2,1.2076923076923076,12.0,11.0,2.8,1.0,2.519230769230769,6.795454545454546,3.4615384615384617,0.0,4.0,4.0,0,4.0,0.0
2024-04-27 Newcastle United-Sheffield United,2324,2024-04-27,Newcastle United,Sheffield United,Tony Harrington,3.0,10.0,2.0,1.2,1.3256704980842913,3.0,1.0,1.2,3.0,0.8363636363636363,7.0,3.0,5.0,1.0,6.0,1,0.0,2.0
2024-04-27 Aston Villa-Chelsea,2324,2024-04-27,Aston Villa,Chelsea,Craig Pawson,6.0,10.0,2.2,1.6,1.4516129032258065,4.0,8.0,2.8,2.4,1.6423076923076922,4.937106918238993,2.5555555555555554,2.0,2.0,4.0,1,16.0,1.0
2024-04-27 Everton-Brentford,2324,2024-04-27,Everton,Brentford,Darren England,3.0,10.0,1.2,1.4,1.1526717557251909,7.0,9.0,2.2,1.0,1.4363636363636363,6.418181818181818,2.6,1.0,0.0,1.0,0,6.0,2.0
2024-04-27 Wolves-Luton Town,2324,2024-04-27,Wolves,Luton Town,David Coote,3.0,2.0,0.8,1.6,1.1116071428571428,7.0,3.0,1.0,3.0,1.3823529411764706,5.8076923076923075,2.0,2.0,1.0,3.0,1,8.0,2.0
2024-04-27 Manchester Utd-Burnley,2324,2024-04-27,Manchester Utd,Burnley,John Brooks,3.0,6.0,2.4,2.2,1.6781609195402298,7.0,6.0,1.6,1.2,1.0178571428571428,8.348837209302326,2.4545454545454546,1.0,1.0,2.0,1,8.0,1.0
2024-04-27 Fulham-Crystal Palace,2324,2024-04-27,Fulham,Crystal Palace,Stuart Attwell,6.0,4.0,1.4,2.0,1.1216216216216217,3.0,9.0,2.0,1.4,1.1526717557251909,5.028776978417266,2.0,1.0,1.0,2.0,1,4.0,1.0
2024-04-27 West Ham United-Liverpool,2324,2024-04-27,West Ham United,Liverpool,Anthony Taylor,6.0,4.0,1.6,2.6,1.400763358778626,3.0,7.0,1.6,1.4,2.1755725190839694,5.035,3.3846153846153846,2.0,2.0,4.0,1,4.0,1.0
2024-04-28 Bournemouth-Brighton,2324,2024-04-28,Bournemouth,Brighton,Paul Tierney,4.0,7.0,1.2,1.4,1.2204301075268817,3.0,2.0,0.4,2.0,1.2030651340996168,4.945454545454545,3.0,3.0,0.0,3.0,0,8.0,2.0
2024-04-28 Tottenham Hotspur-Arsenal,2324,2024-04-28,Tottenham Hotspur,Arsenal,Michael Oliver,15.0,7.0,1.2,2.0,1.823076923076923,5.0,12.0,2.4,0.4,1.866412213740458,4.197969543147208,3.076923076923077,2.0,3.0,5.0,1,6.0,0.0
2024-04-28 Nottingham Forest-Manchester City,2324,2024-04-28,Nottingham Forest,Manchester City,Simon Hooper,7.0,5.0,1.4,1.8,1.1111111111111112,3.0,13.0,3.4,0.8,2.524904214559387,5.581632653061225,3.3333333333333335,0.0,2.0,2.0,0,0.0,0.0
2024-05-02 Chelsea-Tottenham Hotspur,2324,2024-05-02,Chelsea,Tottenham Hotspur,Robert Jones,5.0,8.0,2.8,2.4,1.6436781609195403,4.0,7.0,1.6,2.0,1.8237547892720307,6.835820895522388,2.6923076923076925,2.0,0.0,2.0,0,2.0,2.0
2024-05-03 Luton Town-Everton,2324,2024-05-03,Luton Town,Everton,Tim Robinson,6.0,3.0,1.0,3.0,1.3714285714285714,6.0,12.0,1.2,1.2,1.1520912547528517,8.26086956521739,3.0,1.0,1.0,2.0,1,8.0,1.0
2024-05-04 Brentford-Fulham,2324,2024-05-04,Brentford,Fulham,Graham Scott,7.0,8.0,2.0,1.0,1.4234234234234233,7.0,4.0,1.0,1.6,1.1208053691275168,3.2967032967032965,4.333333333333333,0.0,0.0,0.0,0,4.0,1.0
2024-05-04 Manchester City-Wolves,2324,2024-05-04,Manchester City,Wolves,Craig Pawson,6.0,15.0,3.8,0.8,2.5229007633587788,7.0,4.0,1.0,1.6,1.1155555555555556,5.00625,3.3636363636363638,5.0,1.0,6.0,1,8.0,2.0
2024-05-04 Sheffield United-Nottingham Forest,2324,2024-05-04,Sheffield United,Nottingham Forest,Chris Kavanagh,7.0,1.0,1.2,3.4,0.8378378378378378,6.0,4.0,1.2,2.0,1.095890410958904,4.45925925925926,3.0,1.0,3.0,4.0,1,4.0,0.0
2024-05-04 Arsenal-Bournemouth,2324,2024-05-04,Arsenal,Bournemouth,David Coote,6.0,12.0,2.6,0.8,1.870722433460076,6.0,7.0,1.6,1.4,1.2299465240641712,5.828571428571428,3.3333333333333335,3.0,0.0,3.0,0,10.0,2.0
2024-05-04 Burnley-Newcastle United,2324,2024-05-04,Burnley,Newcastle United,Anthony Taylor,7.0,6.0,1.4,1.0,1.0177777777777777,7.0,10.0,2.2,0.8,1.3396946564885497,5.029850746268656,2.0,1.0,4.0,5.0,1,8.0,0.0
2024-05-05 Brighton-Aston Villa,2324,2024-05-05,Brighton,Aston Villa,Robert Jones,7.0,2.0,0.2,2.2,1.1984732824427482,8.0,8.0,2.2,2.0,1.4545454545454546,6.764705882352941,2.7777777777777777,1.0,0.0,1.0,0,6.0,2.0
2024-05-05 Chelsea-West Ham United,2324,2024-05-05,Chelsea,West Ham United,Andy Madley,3.0,8.0,2.4,1.8,1.6450381679389312,8.0,5.0,1.4,2.2,1.403041825095057,5.263736263736264,2.3076923076923075,5.0,0.0,5.0,0,8.0,2.0
2024-05-05 Liverpool-Tottenham Hotspur,2324,2024-05-05,Liverpool,Tottenham Hotspur,Paul Tierney,8.0,5.0,1.4,1.6,2.1749049429657794,3.0,4.0,1.2,2.2,1.816793893129771,4.963855421686747,3.4615384615384617,4.0,2.0,6.0,1,10.0,2.0
2024-05-06 Crystal Palace-Manchester Utd,2324,2024-05-06,Crystal Palace,Manchester Utd,Jarred Gillett,9.0,10.0,2.2,1.4,1.1520912547528517,9.0,6.0,2.4,2.2,1.6755725190839694,6.733333333333333,2.3076923076923075,4.0,0.0,4.0,0,4.0,2.0
2024-05-11 Fulham-Manchester City,2324,2024-05-11,Fulham,Manchester City,Anthony Taylor,7.0,5.0,0.8,1.0,1.1133333333333333,7.0,15.0,4.0,0.8,2.532319391634981,5.044554455445544,3.142857142857143,0.0,4.0,4.0,0,4.0,0.0
2024-05-11 Bournemouth-Brentford,2324,2024-05-11,Bournemouth,Brentford,Matt Donohue,7.0,7.0,1.4,1.6,1.2234042553191489,7.0,8.0,2.0,1.0,1.4107142857142858,5.229605263157895,2.0,1.0,2.0,3.0,1,8.0,0.0
2024-05-11 Everton-Sheffield United,2324,2024-05-11,Everton,Sheffield United,Stuart Attwell,8.0,10.0,1.2,1.4,1.1515151515151516,7.0,0.0,1.0,3.6,0.8392857142857143,5.021428571428571,1.8,1.0,0.0,1.0,0,6.0,2.0
2024-05-11 Newcastle United-Brighton,2324,2024-05-11,Newcastle United,Brighton,Darren England,7.0,12.0,2.8,0.8,1.349809885931559,6.0,4.0,0.4,2.2,1.1977186311787071,6.410714285714286,1.8461538461538463,1.0,1.0,2.0,1,14.0,1.0
2024-05-11 Tottenham Hotspur-Burnley,2324,2024-05-11,Tottenham Hotspur,Burnley,Jarred Gillett,6.0,3.0,1.4,2.8,1.817490494296578,7.0,5.0,1.4,1.6,1.0176991150442478,6.673913043478261,2.727272727272727,2.0,1.0,3.0,1,16.0,2.0
2024-05-11 West Ham United-Luton Town,2324,2024-05-11,West Ham United,Luton Town,Michael Oliver,6.0,4.0,1.2,3.0,1.3977272727272727,8.0,4.0,1.2,2.8,1.3611111111111112,4.207070707070707,3.0,3.0,1.0,4.0,1,8.0,2.0
2024-05-11 Wolves-Crystal Palace,2324,2024-05-11,Wolves,Crystal Palace,Thomas Bramall,7.0,4.0,1.0,2.2,1.1150442477876106,5.0,13.0,2.6,0.6,1.1628787878787878,8.333333333333334,2.1818181818181817,1.0,3.0,4.0,1,12.0,0.0
2024-05-11 Nottingham Forest-Chelsea,2324,2024-05-11,Nottingham Forest,Chelsea,Tony Harrington,7.0,4.0,1.2,2.0,1.1216216216216217,6.0,10.0,3.0,1.4,1.6577946768060836,6.611111111111111,2.3333333333333335,2.0,3.0,5.0,1,10.0,0.0
2024-05-12 Manchester Utd-Arsenal,2324,2024-05-12,Manchester Utd,Arsenal,Paul Tierney,6.0,6.0,1.8,2.2,1.6692015209125475,8.0,12.0,2.6,0.8,1.875,4.994011976047904,3.076923076923077,0.0,1.0,1.0,0,4.0,0.0
2024-05-13 Aston Villa-Liverpool,2324,2024-05-13,Aston Villa,Liverpool,Simon Hooper,8.0,8.0,2.0,1.4,1.446808510638298,8.0,7.0,1.8,1.6,2.1818181818181817,5.525252525252525,3.3333333333333335,3.0,3.0,6.0,1,4.0,1.0
2024-05-14 Tottenham Hotspur-Manchester City,2324,2024-05-14,Tottenham Hotspur,Manchester City,Chris Kavanagh,3.0,3.0,1.2,2.8,1.8181818181818181,3.0,15.0,4.0,0.4,2.537878787878788,4.455882352941177,3.1538461538461537,0.0,2.0,2.0,0,12.0,0.0
2024-05-15 Manchester Utd-Newcastle United,2324,2024-05-15,Manchester Utd,Newcastle United,Robert Jones,3.0,5.0,1.4,2.0,1.6628787878787878,4.0,10.0,2.8,1.0,1.3484848484848484,6.753623188405797,2.923076923076923,3.0,2.0,5.0,1,12.0,2.0
2024-05-15 Brighton-Chelsea,2324,2024-05-15,Brighton,Chelsea,Michael Salisbury,4.0,5.0,0.6,1.8,1.196969696969697,4.0,10.0,2.4,1.8,1.6628787878787878,8.129032258064516,2.8461538461538463,1.0,2.0,3.0,1,10.0,0.0
2024-05-19 Sheffield United-Tottenham Hotspur,2324,2024-05-19,Sheffield United,Tottenham Hotspur,Andy Madley,8.0,0.0,1.0,3.4,0.831858407079646,5.0,3.0,1.2,2.4,1.8113207547169812,5.293478260869565,3.4,0.0,3.0,3.0,0,4.0,0.0
2024-05-19 Liverpool-Wolves,2324,2024-05-19,Liverpool,Wolves,Chris Kavanagh,6.0,8.0,2.4,2.0,2.1849056603773587,8.0,3.0,0.8,2.4,1.1145374449339207,4.510948905109489,2.4545454545454546,2.0,0.0,2.0,0,6.0,2.0
2024-05-19 Manchester City-West Ham United,2324,2024-05-19,Manchester City,West Ham United,John Brooks,5.0,15.0,3.4,0.2,2.5358490566037735,8.0,4.0,1.4,3.0,1.4037735849056603,8.340909090909092,3.1538461538461537,3.0,1.0,4.0,1,2.0,2.0
2024-05-19 Crystal Palace-Aston Villa,2324,2024-05-19,Crystal Palace,Aston Villa,Darren Bond,8.0,13.0,3.0,0.8,1.169811320754717,6.0,8.0,2.0,1.4,1.4550264550264551,9.0,2.7777777777777777,5.0,0.0,5.0,0,10.0,2.0
2024-05-19 Luton Town-Fulham,2324,2024-05-19,Luton Town,Fulham,Matt Donohue,8.0,1.0,1.0,3.2,1.3513513513513513,8.0,5.0,0.8,1.6,1.1059602649006623,8.0,1.0,2.0,4.0,6.0,1,18.0,0.0
2024-05-19 Burnley-Nottingham Forest,2324,2024-05-19,Burnley,Nottingham Forest,Graham Scott,8.0,5.0,1.6,1.8,1.0176211453744493,8.0,4.0,1.4,2.0,1.1333333333333333,3.3043478260869565,2.0,1.0,2.0,3.0,1,2.0,0.0
2024-05-19 Brighton-Manchester Utd,2324,2024-05-19,Brighton,Manchester Utd,Craig Pawson,4.0,4.0,0.6,2.0,1.1962264150943396,4.0,7.0,1.6,2.0,1.6679245283018869,5.024844720496894,3.0,0.0,2.0,2.0,0,8.0,0.0
2024-05-19 Brentford-Newcastle United,2324,2024-05-19,Brentford,Newcastle United,Simon Hooper,8.0,10.0,1.8,0.6,1.415929203539823,4.0,7.0,2.4,1.6,1.350943396226415,5.51,3.6,2.0,4.0,6.0,1,16.0,0.0
2024-05-19 Arsenal-Everton,2324,2024-05-19,Arsenal,Everton,Michael Oliver,7.0,15.0,2.8,0.4,1.8716981132075472,8.0,13.0,1.4,0.2,1.150943396226415,4.226130653266332,3.076923076923077,2.0,1.0,3.0,1,14.0,2.0
2024-05-19 Chelsea-Bournemouth,2324,2024-05-19,Chelsea,Bournemouth,Anthony Taylor,4.0,13.0,2.8,1.0,1.6641509433962265,8.0,6.0,1.2,1.6,1.2222222222222223,5.039408866995074,2.3333333333333335,2.0,1.0,3.0,1,10.0,2.0
2024-08-16 Manchester Utd-Fulham,2425,2024-08-16,Manchester Utd,Fulham,Robert Jones,89.0,7.0,1.2,1.6,1.669172932330827,89.0,5.0,1.2,2.0,1.125,6.828571428571428,2.875,1.0,0.0,1.0,0,10.0,2.0
2024-08-17 Nottingham Forest-Bournemouth,2425,2024-08-17,Nottingham Forest,Bournemouth,Michael Oliver,90.0,6.0,1.4,1.8,1.144736842105263,90.0,6.0,1.2,1.4,1.2210526315789474,4.275,3.5,1.0,1.0,2.0,1,8.0,1.0
2024-08-17 Newcastle United-Southampton,2425,2024-08-17,Newcastle United,Southampton,Craig Pawson,90.0,10.0,3.2,1.6,1.3609022556390977,447.0,1.0,1.8,3.2,1.1359649122807018,5.04320987654321,3.1666666666666665,1.0,0.0,1.0,0,14.0,2.0
2024-08-17 West Ham United-Aston Villa,2425,2024-08-17,West Ham United,Aston Villa,Tony Harrington,90.0,4.0,1.6,3.2,1.4022556390977443,90.0,5.0,1.6,2.4,1.4473684210526316,6.7894736842105265,2.7,1.0,2.0,3.0,1,6.0,0.0
2024-08-17 Arsenal-Wolves,2425,2024-08-17,Arsenal,Wolves,Jarred Gillett,90.0,15.0,2.8,0.6,1.8721804511278195,90.0,3.0,0.8,2.4,1.1096491228070176,6.872340425531915,2.6666666666666665,2.0,0.0,2.0,0,8.0,2.0
2024-08-17 Everton-Brighton,2425,2024-08-17,Everton,Brighton,Simon Hooper,90.0,10.0,1.2,0.6,1.150375939849624,90.0,4.0,0.6,1.6,1.1917293233082706,5.6138613861386135,3.0714285714285716,0.0,3.0,3.0,0,6.0,0.0
2024-08-18 Brentford-Crystal Palace,2425,2024-08-18,Brentford,Crystal Palace,Samuel Barrott,91.0,7.0,1.8,1.4,1.4210526315789473,91.0,13.0,3.0,0.4,1.1842105263157894,6.4,1.6666666666666667,2.0,1.0,3.0,1,12.0,2.0
2024-08-18 Chelsea-Manchester City,2425,2024-08-18,Chelsea,Manchester City,Anthony Taylor,91.0,15.0,2.8,0.8,1.6654135338345866,91.0,15.0,3.2,0.4,2.537593984962406,5.063725490196078,2.642857142857143,0.0,2.0,2.0,0,4.0,0.0
2024-08-19 Leicester City-Tottenham Hotspur,2425,2024-08-19,Leicester City,Tottenham Hotspur,Chris Kavanagh,449.0,5.0,1.4,2.2,1.5570175438596492,92.0,6.0,1.4,1.8,1.8157894736842106,4.521739130434782,4.5,1.0,1.0,2.0,1,4.0,1.0
2024-08-24 Aston Villa-Arsenal,2425,2024-08-24,Aston Villa,Arsenal,Michael Oliver,7.0,5.0,1.4,2.4,1.450261780104712,7.0,15.0,2.2,0.6,1.8726591760299625,4.293532338308458,2.7,0.0,2.0,2.0,0,8.0,0.0
2024-08-24 Brighton-Manchester Utd,2425,2024-08-24,Brighton,Manchester Utd,Craig Pawson,7.0,7.0,1.2,1.0,1.198501872659176,8.0,9.0,1.2,1.4,1.6666666666666667,5.098159509202454,2.9285714285714284,2.0,1.0,3.0,1,6.0,2.0
2024-08-24 Crystal Palace-West Ham United,2425,2024-08-24,Crystal Palace,West Ham United,Robert Jones,6.0,10.0,2.8,0.8,1.1835205992509363,7.0,4.0,1.4,2.6,1.400749063670412,6.873239436619718,3.857142857142857,0.0,2.0,2.0,0,4.0,0.0
2024-08-24 Fulham-Leicester City,2425,2024-08-24,Fulham,Leicester City,Darren Bond,8.0,5.0,1.0,1.6,1.1176470588235294,5.0,5.0,1.2,2.0,1.554585152838428,9.11111111111111,3.3333333333333335,2.0,1.0,3.0,1,8.0,2.0
2024-08-24 Manchester City-Ipswich Town,2425,2024-08-24,Manchester City,Ipswich Town,Samuel Allison,6.0,15.0,3.2,0.4,2.5355805243445695,7.0,0.0,0.0,2.0,0.0,7.333333333333333,2.85,4.0,1.0,5.0,1,10.0,2.0
2024-08-24 Southampton-Nottingham Forest,2425,2024-08-24,Southampton,Nottingham Forest,Samuel Barrott,7.0,1.0,1.6,2.8,1.1310043668122272,7.0,7.0,1.6,1.6,1.1428571428571428,6.75,4.0,0.0,1.0,1.0,0,12.0,0.0
2024-08-24 Tottenham Hotspur-Everton,2425,2024-08-24,Tottenham Hotspur,Everton,Anthony Taylor,5.0,7.0,1.6,1.6,1.8127340823970037,7.0,7.0,0.8,1.2,1.146067415730337,5.058536585365854,3.0714285714285716,4.0,0.0,4.0,0,0.0,2.0
2024-08-25 Wolves-Chelsea,2425,2024-08-25,Wolves,Chelsea,Darren England,8.0,3.0,0.8,2.6,1.1048034934497817,7.0,12.0,2.4,1.2,1.6591760299625469,6.543859649122807,2.8333333333333335,2.0,6.0,8.0,1,10.0,0.0
2024-08-25 Liverpool-Brentford,2425,2024-08-25,Liverpool,Brentford,Stuart Attwell,8.0,11.0,2.6,1.4,2.183520599250936,7.0,7.0,1.2,1.4,1.4260869565217391,5.028368794326241,3.6666666666666665,2.0,0.0,2.0,0,10.0,2.0
2024-08-25 Bournemouth-Newcastle United,2425,2024-08-25,Bournemouth,Newcastle United,David Coote,8.0,4.0,1.2,1.6,1.219895287958115,8.0,10.0,2.4,1.4,1.3595505617977528,5.867924528301887,3.0,1.0,1.0,2.0,1,8.0,1.0
2024-08-31 Arsenal-Brighton,2425,2024-08-31,Arsenal,Brighton,Chris Kavanagh,7.0,15.0,2.0,0.2,1.873134328358209,7.0,7.0,1.4,1.2,1.2014925373134329,4.517985611510792,2.5,1.0,1.0,2.0,1,12.0,1.0
2024-08-31 Brentford-Southampton,2425,2024-08-31,Brentford,Southampton,Joshua Smith,6.0,7.0,1.2,1.6,1.4137931034482758,7.0,1.0,1.0,2.2,1.126086956521739,8.0,3.25,3.0,1.0,4.0,1,6.0,2.0
2024-08-31 Everton-Bournemouth,2425,2024-08-31,Everton,Bournemouth,Stuart Attwell,7.0,4.0,0.6,2.0,1.1417910447761195,6.0,2.0,0.8,1.8,1.21875,5.063380281690141,3.0,2.0,3.0,5.0,1,6.0,0.0
2024-08-31 Ipswich Town-Fulham,2425,2024-08-31,Ipswich Town,Fulham,Lewis Smith,7.0,0.0,0.5,3.0,0.5,7.0,7.0,1.2,1.6,1.1233766233766234,12.0,2.85,1.0,1.0,2.0,1,10.0,1.0
2024-08-31 Leicester City-Aston Villa,2425,2024-08-31,Leicester City,Aston Villa,David Coote,7.0,5.0,0.8,1.4,1.5521739130434782,7.0,4.0,1.0,2.4,1.4427083333333333,5.88785046728972,3.125,1.0,2.0,3.0,1,18.0,0.0
2024-08-31 Nottingham Forest-Wolves,2425,2024-08-31,Nottingham Forest,Wolves,Simon Hooper,7.0,10.0,1.8,1.2,1.141025641025641,6.0,0.0,0.8,3.6,1.108695652173913,5.617647058823529,2.25,1.0,1.0,2.0,1,14.0,1.0
2024-08-31 West Ham United-Manchester City,2425,2024-08-31,West Ham United,Manchester City,Michael Oliver,7.0,6.0,1.4,2.2,1.4029850746268657,7.0,15.0,3.0,0.4,2.541044776119403,4.311881188118812,3.2142857142857144,1.0,3.0,4.0,1,10.0,0.0
2024-09-01 Manchester Utd-Liverpool,2425,2024-09-01,Manchester Utd,Liverpool,Anthony Taylor,8.0,9.0,1.4,1.0,1.664179104477612,7.0,13.0,2.6,1.0,2.1828358208955225,5.033980582524272,2.857142857142857,0.0,3.0,3.0,0,10.0,0.0
2024-09-01 Chelsea-Crystal Palace,2425,2024-09-01,Chelsea,Crystal Palace,Jarred Gillett,7.0,12.0,2.6,1.6,1.6753731343283582,8.0,9.0,2.6,1.0,1.1791044776119404,6.895833333333333,3.0,1.0,1.0,2.0,1,12.0,1.0
2024-09-01 Newcastle United-Tottenham Hotspur,2425,2024-09-01,Newcastle United,Tottenham Hotspur,Robert Jones,7.0,8.0,1.8,1.4,1.3582089552238805,8.0,10.0,2.0,0.8,1.8208955223880596,6.833333333333333,3.4285714285714284,2.0,1.0,3.0,1,16.0,2.0
2024-09-14 Bournemouth-Chelsea,2425,2024-09-14,Bournemouth,Chelsea,Anthony Taylor,14.0,5.0,1.4,1.6,1.2279792746113989,13.0,10.0,2.2,1.4,1.6728624535315986,5.057971014492754,2.4,0.0,1.0,1.0,0,28.0,0.0
2024-09-14 Aston Villa-Everton,2425,2024-09-14,Aston Villa,Everton,Craig Pawson,14.0,7.0,1.4,2.4,1.4455958549222798,14.0,3.0,0.8,2.4,1.1449814126394051,5.103658536585366,2.0,3.0,2.0,5.0,1,10.0,2.0
2024-09-14 Manchester City-Brentford,2425,2024-09-14,Manchester City,Brentford,Darren Bond,14.0,15.0,2.8,0.6,2.54275092936803,14.0,9.0,1.8,1.8,1.4273504273504274,9.0,2.0,2.0,1.0,3.0,1,8.0,2.0
2024-09-14 Liverpool-Nottingham Forest,2425,2024-09-14,Liverpool,Nottingham Forest,Michael Oliver,13.0,13.0,2.4,0.6,2.1858736059479553,14.0,8.0,1.4,1.2,1.139240506329114,4.3399014778325125,2.5,0.0,1.0,1.0,0,16.0,0.0
2024-09-14 Brighton-Ipswich Town,2425,2024-09-14,Brighton,Ipswich Town,Samuel Barrott,14.0,7.0,1.4,1.2,1.2007434944237918,14.0,1.0,0.6666666666666666,2.3333333333333335,0.6666666666666666,7.0588235294117645,2.85,0.0,0.0,0.0,0,14.0,1.0
2024-09-14 Crystal Palace-Leicester City,2425,2024-09-14,Crystal Palace,Leicester City,Tony Harrington,13.0,7.0,2.0,1.2,1.178438661710037,14.0,5.0,1.0,1.2,1.5497835497835497,6.75,2.8333333333333335,2.0,2.0,4.0,1,6.0,1.0
2024-09-14 Southampton-Manchester Utd,2425,2024-09-14,Southampton,Manchester Utd,Stuart Attwell,14.0,1.0,1.2,2.4,1.1255411255411256,13.0,9.0,1.4,1.4,1.657992565055762,5.06993006993007,2.9166666666666665,0.0,3.0,3.0,0,12.0,0.0
2024-09-14 Fulham-West Ham United,2425,2024-09-14,Fulham,West Ham United,Tim Robinson,14.0,7.0,1.4,1.8,1.1225806451612903,14.0,6.0,1.6,1.8,1.4014869888475836,8.24,2.375,1.0,1.0,2.0,1,10.0,1.0
2024-09-15 Wolves-Newcastle United,2425,2024-09-15,Wolves,Newcastle United,Chris Kavanagh,15.0,1.0,0.8,2.8,1.1082251082251082,14.0,10.0,2.0,1.4,1.3605947955390334,4.571428571428571,2.4166666666666665,1.0,2.0,3.0,1,12.0,0.0
2024-09-15 Tottenham Hotspur-Arsenal,2425,2024-09-15,Tottenham Hotspur,Arsenal,Jarred Gillett,14.0,7.0,1.8,1.0,1.8178438661710037,15.0,13.0,1.6,0.4,1.8698884758364311,7.0,3.2142857142857144,0.0,1.0,1.0,0,16.0,0.0
2024-09-21 Tottenham Hotspur-Brentford,2425,2024-09-21,Tottenham Hotspur,Brentford,John Brooks,6.0,7.0,1.8,0.8,1.8111111111111111,7.0,6.0,1.6,2.0,1.423728813559322,8.2,3.1666666666666665,3.0,1.0,4.0,1,8.0,2.0
2024-09-21 Southampton-Ipswich Town,2425,2024-09-21,Southampton,Ipswich Town,Samuel Allison,7.0,1.0,1.0,2.4,1.1206896551724137,7.0,2.0,0.5,1.75,0.5,8.0,2.85,1.0,1.0,2.0,1,16.0,1.0
2024-09-21 Crystal Palace-Manchester Utd,2425,2024-09-21,Crystal Palace,Manchester Utd,David Coote,7.0,5.0,1.8,1.4,1.1814814814814816,7.0,9.0,1.4,1.0,1.662962962962963,6.0,2.4285714285714284,0.0,0.0,0.0,0,10.0,1.0
2024-09-21 Liverpool-Bournemouth,2425,2024-09-21,Liverpool,Bournemouth,Tony Harrington,7.0,12.0,1.8,0.2,2.1777777777777776,7.0,5.0,1.2,1.4,1.2216494845360826,6.714285714285714,3.8,3.0,0.0,3.0,0,10.0,2.0
2024-09-21 Leicester City-Everton,2425,2024-09-21,Leicester City,Everton,Darren England,7.0,5.0,1.4,1.6,1.5517241379310345,7.0,0.0,1.0,3.0,1.1481481481481481,6.603448275862069,2.5,1.0,1.0,2.0,1,6.0,1.0
2024-09-21 Fulham-Newcastle United,2425,2024-09-21,Fulham,Newcastle United,Peter Bankes,7.0,8.0,1.6,1.2,1.1217948717948718,6.0,13.0,2.0,1.0,1.362962962962963,6.285714285714286,2.25,3.0,1.0,4.0,1,12.0,2.0
2024-09-21 Aston Villa-Wolves,2425,2024-09-21,Aston Villa,Wolves,Tim Robinson,7.0,9.0,1.4,2.2,1.4536082474226804,6.0,1.0,0.8,2.6,1.1077586206896552,8.307692307692308,2.0,3.0,1.0,4.0,1,18.0,2.0
2024-09-21 West Ham United-Chelsea,2425,2024-09-21,West Ham United,Chelsea,Samuel Barrott,7.0,4.0,1.2,1.8,1.4,7.0,10.0,2.0,1.2,1.6703703703703703,7.444444444444445,2.5,0.0,3.0,3.0,0,14.0,0.0
2024-09-22 Brighton-Nottingham Forest,2425,2024-09-22,Brighton,Nottingham Forest,Robert Jones,8.0,8.0,1.2,0.8,1.1962962962962962,8.0,11.0,1.2,0.6,1.1375,6.958904109589041,2.5,2.0,2.0,4.0,1,16.0,1.0
2024-09-22 Manchester City-Arsenal,2425,2024-09-22,Manchester City,Arsenal,Michael Oliver,8.0,15.0,2.8,0.8,2.5407407407407407,7.0,13.0,1.6,0.4,1.8666666666666667,4.397058823529412,2.7857142857142856,2.0,2.0,4.0,1,16.0,1.0
2024-09-28 Nottingham Forest-Fulham,2425,2024-09-28,Nottingham Forest,Fulham,Joshua Smith,6.0,9.0,1.2,0.8,1.1481481481481481,7.0,8.0,1.4,1.0,1.1337579617834395,7.666666666666667,4.0,0.0,1.0,1.0,0,12.0,0.0
2024-09-28 Everton-Crystal Palace,2425,2024-09-28,Everton,Crystal Palace,Andy Madley,7.0,1.0,1.0,2.8,1.1476014760147601,7.0,3.0,0.8,1.4,1.1771217712177122,5.279569892473118,2.7142857142857144,2.0,1.0,3.0,1,4.0,2.0
2024-09-28 Chelsea-Brighton,2425,2024-09-28,Chelsea,Brighton,Peter Bankes,7.0,10.0,2.2,1.0,1.6752767527675276,6.0,9.0,1.6,0.8,1.1992619926199262,6.366197183098592,2.857142857142857,4.0,2.0,6.0,1,10.0,2.0
2024-09-28 Wolves-Liverpool,2425,2024-09-28,Wolves,Liverpool,Anthony Taylor,7.0,1.0,1.0,2.8,1.1072961373390557,7.0,12.0,2.0,0.2,2.180811808118081,5.168269230769231,2.4166666666666665,1.0,2.0,3.0,1,10.0,0.0
2024-09-28 Arsenal-Leicester City,2425,2024-09-28,Arsenal,Leicester City,Samuel Barrott,6.0,11.0,1.6,0.6,1.867158671586716,7.0,3.0,1.2,1.6,1.5493562231759657,7.7894736842105265,3.1666666666666665,4.0,2.0,6.0,1,12.0,2.0
2024-09-28 Newcastle United-Manchester City,2425,2024-09-28,Newcastle United,Manchester City,Jarred Gillett,7.0,10.0,1.4,1.2,1.3616236162361623,6.0,13.0,2.6,1.0,2.5387453874538743,7.18,3.7142857142857144,1.0,1.0,2.0,1,16.0,1.0
2024-09-28 Brentford-West Ham United,2425,2024-09-28,Brentford,West Ham United,Simon Hooper,7.0,6.0,1.4,1.8,1.4201680672268908,7.0,4.0,1.0,1.8,1.3948339483394834,5.699029126213592,3.3333333333333335,1.0,1.0,2.0,1,10.0,1.0
2024-09-29 Ipswich Town-Aston Villa,2425,2024-09-29,Ipswich Town,Aston Villa,Stuart Attwell,8.0,3.0,0.6,1.6,0.6,8.0,12.0,2.0,1.4,1.4615384615384615,5.118055555555555,2.85,2.0,2.0,4.0,1,10.0,1.0
2024-09-29 Manchester Utd-Tottenham Hotspur,2425,2024-09-29,Manchester Utd,Tottenham Hotspur,Chris Kavanagh,8.0,7.0,1.0,1.0,1.6568265682656826,8.0,7.0,1.8,1.0,1.8154981549815499,4.624113475177305,3.0714285714285716,0.0,3.0,3.0,0,18.0,0.0
2024-09-30 Bournemouth-Southampton,2425,2024-09-30,Bournemouth,Southampton,Michael Oliver,9.0,5.0,1.0,1.6,1.2153846153846153,9.0,1.0,0.4,1.8,1.1201716738197425,4.453658536585366,2.375,3.0,1.0,4.0,1,14.0,2.0
2024-10-05 Everton-Newcastle United,2425,2024-10-05,Everton,Newcastle United,Craig Pawson,7.0,4.0,1.4,2.4,1.150735294117647,7.0,8.0,1.4,1.4,1.3602941176470589,5.133333333333334,2.642857142857143,0.0,0.0,0.0,0,6.0,1.0
2024-10-05 Crystal Palace-Liverpool,2425,2024-10-05,Crystal Palace,Liverpool,Simon Hooper,7.0,3.0,0.8,1.4,1.1764705882352942,7.0,12.0,2.0,0.4,2.1801470588235294,5.740384615384615,3.0,0.0,1.0,1.0,0,12.0,0.0
2024-10-05 Arsenal-Southampton,2425,2024-10-05,Arsenal,Southampton,Tony Harrington,7.0,11.0,2.0,1.0,1.875,5.0,1.0,0.6,2.2,1.1196581196581197,6.863636363636363,3.1666666666666665,3.0,1.0,4.0,1,6.0,2.0
2024-10-05 Brentford-Wolves,2425,2024-10-05,Brentford,Wolves,Andy Madley,7.0,4.0,1.2,1.8,1.4166666666666667,7.0,1.0,1.2,2.8,1.106837606837607,5.26595744680851,2.6666666666666665,5.0,3.0,8.0,1,10.0,2.0
2024-10-05 Leicester City-Bournemouth,2425,2024-10-05,Leicester City,Bournemouth,Darren Bond,7.0,2.0,1.4,2.2,1.5512820512820513,5.0,7.0,1.4,1.6,1.2244897959183674,8.909090909090908,2.875,1.0,0.0,1.0,0,10.0,2.0
2024-10-05 Manchester City-Fulham,2425,2024-10-05,Manchester City,Fulham,Peter Bankes,7.0,11.0,2.4,1.2,2.5330882352941178,7.0,11.0,1.6,0.8,1.1329113924050633,6.416666666666667,3.25,3.0,2.0,5.0,1,6.0,2.0
2024-10-05 West Ham United-Ipswich Town,2425,2024-10-05,West Ham United,Ipswich Town,Anthony Taylor,7.0,5.0,1.0,1.6,1.3933823529411764,6.0,4.0,1.0,1.6,0.8333333333333334,5.1913875598086126,2.85,4.0,1.0,5.0,1,2.0,2.0
2024-10-06 Brighton-Tottenham Hotspur,2425,2024-10-06,Brighton,Tottenham Hotspur,David Coote,8.0,6.0,1.4,1.6,1.2022058823529411,7.0,9.0,2.2,0.8,1.8198529411764706,6.036697247706422,2.4285714285714284,3.0,2.0,5.0,1,8.0,2.0
2024-10-06 Chelsea-Nottingham Forest,2425,2024-10-06,Chelsea,Nottingham Forest,Chris Kavanagh,8.0,13.0,3.0,1.0,1.6838235294117647,8.0,8.0,1.0,0.8,1.1341463414634145,4.71830985915493,3.0,1.0,1.0,2.0,1,18.0,1.0
2024-10-06 Aston Villa-Manchester Utd,2425,2024-10-06,Aston Villa,Manchester Utd,Robert Jones,7.0,10.0,2.0,1.6,1.4642857142857142,7.0,4.0,0.8,1.6,1.650735294117647,7.081081081081081,3.2,0.0,0.0,0.0,0,12.0,1.0
2024-10-19 Tottenham Hotspur-West Ham United,2425,2024-10-19,Tottenham Hotspur,West Ham United,Andy Madley,13.0,6.0,1.8,1.4,1.8205128205128205,14.0,5.0,1.4,1.8,1.4029304029304028,5.315789473684211,2.7857142857142856,4.0,1.0,5.0,1,10.0,2.0
2024-10-19 Fulham-Aston Villa,2425,2024-10-19,Fulham,Aston Villa,Darren England,14.0,8.0,1.6,1.2,1.1383647798742138,13.0,11.0,2.0,1.2,1.4568527918781726,6.593220338983051,3.0,1.0,3.0,4.0,1,16.0,0.0
2024-10-19 Ipswich Town-Everton,2425,2024-10-19,Ipswich Town,Everton,Michael Oliver,14.0,4.0,1.0,1.6,0.8571428571428571,14.0,5.0,1.4,1.6,1.1465201465201464,4.5,2.85,0.0,2.0,2.0,0,4.0,0.0
2024-10-19 Manchester Utd-Brentford,2425,2024-10-19,Manchester Utd,Brentford,Samuel Barrott,13.0,5.0,0.6,1.2,1.6446886446886446,14.0,7.0,2.2,2.0,1.4462809917355373,8.0,2.8333333333333335,2.0,1.0,3.0,1,8.0,2.0
2024-10-19 Newcastle United-Brighton,2425,2024-10-19,Newcastle United,Brighton,Peter Bankes,14.0,8.0,1.2,1.2,1.3553113553113554,13.0,6.0,1.6,1.8,1.2087912087912087,6.410958904109589,1.8571428571428572,0.0,1.0,1.0,0,8.0,0.0
2024-10-19 Southampton-Leicester City,2425,2024-10-19,Southampton,Leicester City,Anthony Taylor,14.0,1.0,0.8,2.6,1.1191489361702127,14.0,5.0,1.4,1.8,1.548936170212766,5.1761904761904765,3.3333333333333335,2.0,3.0,5.0,1,18.0,0.0
2024-10-19 Bournemouth-Arsenal,2425,2024-10-19,Bournemouth,Arsenal,Robert Jones,14.0,6.0,1.2,1.6,1.218274111675127,14.0,11.0,2.2,1.2,1.879120879120879,7.1466666666666665,3.3,2.0,0.0,2.0,0,6.0,2.0
2024-10-20 Wolves-Manchester City,2425,2024-10-20,Wolves,Manchester City,Chris Kavanagh,15.0,1.0,1.4,2.6,1.1148936170212767,15.0,11.0,2.2,1.4,2.5347985347985347,4.811188811188811,3.5833333333333335,1.0,2.0,3.0,1,10.0,0.0
2024-10-20 Liverpool-Chelsea,2425,2024-10-20,Liverpool,Chelsea,John Brooks,15.0,12.0,1.8,0.4,2.1758241758241756,14.0,11.0,2.0,0.8,1.6813186813186813,8.195652173913043,2.4285714285714284,2.0,1.0,3.0,1,14.0,2.0
2024-10-21 Nottingham Forest-Crystal Palace,2425,2024-10-21,Nottingham Forest,Crystal Palace,Tim Robinson,15.0,6.0,1.0,1.0,1.1325301204819278,16.0,3.0,0.8,1.2,1.1721611721611722,8.666666666666666,1.25,1.0,0.0,1.0,0,10.0,2.0
2024-10-25 Leicester City-Nottingham Forest,2425,2024-10-25,Leicester City,Nottingham Forest,Craig Pawson,6.0,8.0,1.8,1.8,1.555084745762712,4.0,8.0,1.0,0.8,1.130952380952381,5.13855421686747,3.0,1.0,3.0,4.0,1,16.0,0.0
2024-10-26 Aston Villa-Bournemouth,2425,2024-10-26,Aston Villa,Bournemouth,Chris Kavanagh,7.0,11.0,2.2,1.2,1.4646464646464648,7.0,6.0,1.0,1.2,1.2222222222222223,4.847222222222222,3.1666666666666665,1.0,1.0,2.0,1,26.0,1.0
2024-10-26 Brentford-Ipswich Town,2425,2024-10-26,Brentford,Ipswich Town,Lewis Smith,7.0,4.0,1.8,2.2,1.4426229508196722,7.0,3.0,0.8,1.8,0.75,11.333333333333334,2.85,4.0,3.0,7.0,1,4.0,2.0
2024-10-26 Brighton-Wolves,2425,2024-10-26,Brighton,Wolves,Michael Oliver,7.0,8.0,1.6,1.6,1.2080291970802919,6.0,0.0,1.4,2.8,1.1144067796610169,4.497584541062802,2.8333333333333335,2.0,2.0,4.0,1,12.0,1.0
2024-10-26 Manchester City-Southampton,2425,2024-10-26,Manchester City,Southampton,Tony Harrington,6.0,11.0,2.0,1.4,2.5328467153284673,7.0,1.0,1.0,2.6,1.1228813559322033,6.826086956521739,3.1666666666666665,1.0,0.0,1.0,0,8.0,2.0
2024-10-26 Everton-Fulham,2425,2024-10-26,Everton,Fulham,John Brooks,7.0,8.0,1.4,1.0,1.1496350364963503,7.0,7.0,1.6,1.6,1.1375,8.319148936170214,2.125,1.0,1.0,2.0,1,2.0,1.0
2024-10-27 Chelsea-Newcastle United,2425,2024-10-27,Chelsea,Newcastle United,Simon Hooper,7.0,10.0,2.0,1.0,1.6788321167883211,8.0,5.0,0.8,1.2,1.3503649635036497,5.8,2.5714285714285716,2.0,1.0,3.0,1,18.0,2.0
2024-10-27 Crystal Palace-Tottenham Hotspur,2425,2024-10-27,Crystal Palace,Tottenham Hotspur,Darren Bond,6.0,2.0,0.6,1.2,1.167883211678832,8.0,9.0,2.4,1.2,1.8284671532846715,9.0,2.5714285714285716,1.0,0.0,1.0,0,16.0,2.0
2024-10-27 West Ham United-Manchester Utd,2425,2024-10-27,West Ham United,Manchester Utd,David Coote,8.0,5.0,1.4,2.0,1.4014598540145986,8.0,8.0,1.0,0.8,1.645985401459854,6.054545454545455,2.2142857142857144,2.0,1.0,3.0,1,12.0,2.0
2024-10-27 Arsenal-Liverpool,2425,2024-10-27,Arsenal,Liverpool,Anthony Taylor,8.0,10.0,2.0,1.4,1.8722627737226278,7.0,12.0,1.6,0.6,2.1751824817518246,5.23696682464455,3.7857142857142856,2.0,2.0,4.0,1,8.0,1.0
2024-11-02 Wolves-Crystal Palace,2425,2024-11-02,Wolves,Crystal Palace,Anthony Taylor,7.0,1.0,1.6,2.8,1.1181434599156117,6.0,4.0,0.4,0.8,1.1672727272727272,5.25,2.3333333333333335,2.0,2.0,4.0,1,6.0,1.0
2024-11-02 Southampton-Everton,2425,2024-11-02,Southampton,Everton,Andy Madley,7.0,1.0,1.0,2.2,1.1181434599156117,7.0,9.0,1.2,0.6,1.1490909090909092,5.364583333333333,2.75,1.0,0.0,1.0,0,12.0,2.0
2024-11-02 Nottingham Forest-West Ham United,2425,2024-11-02,Nottingham Forest,West Ham United,Peter Bankes,8.0,8.0,1.4,1.0,1.1529411764705881,6.0,7.0,1.6,2.0,1.4036363636363636,6.4324324324324325,3.0,3.0,0.0,3.0,0,8.0,2.0
2024-11-02 Newcastle United-Arsenal,2425,2024-11-02,Newcastle United,Arsenal,John Brooks,6.0,2.0,0.6,1.4,1.3490909090909091,6.0,8.0,2.2,1.8,1.8727272727272728,8.1875,2.2142857142857144,1.0,0.0,1.0,0,16.0,2.0
2024-11-02 Ipswich Town-Leicester City,2425,2024-11-02,Ipswich Town,Leicester City,Tim Robinson,7.0,2.0,1.4,2.6,1.0,8.0,7.0,1.6,2.0,1.5527426160337552,8.714285714285714,2.85,1.0,1.0,2.0,1,14.0,1.0
2024-11-02 Bournemouth-Manchester City,2425,2024-11-02,Bournemouth,Manchester City,Michael Oliver,7.0,7.0,1.2,1.2,1.221105527638191,7.0,11.0,1.8,1.2,2.5272727272727273,4.533653846153846,3.6,2.0,1.0,3.0,1,6.0,2.0
2024-11-02 Liverpool-Brighton,2425,2024-11-02,Liverpool,Brighton,Tony Harrington,6.0,13.0,2.0,0.8,2.1745454545454543,7.0,8.0,2.0,2.0,1.210909090909091,6.875,3.142857142857143,2.0,1.0,3.0,1,4.0,2.0
2024-11-03 Tottenham Hotspur-Aston Villa,2425,2024-11-03,Tottenham Hotspur,Aston Villa,Craig Pawson,7.0,9.0,2.4,1.2,1.8218181818181818,8.0,9.0,1.8,1.0,1.4623115577889447,5.203592814371257,3.3,4.0,1.0,5.0,1,4.0,2.0
2024-11-03 Manchester Utd-Chelsea,2425,2024-11-03,Manchester Utd,Chelsea,Robert Jones,7.0,5.0,0.6,1.2,1.6436363636363636,7.0,10.0,2.2,1.2,1.68,7.131578947368421,2.642857142857143,1.0,1.0,2.0,1,16.0,1.0
2024-11-04 Fulham-Brentford,2425,2024-11-04,Fulham,Brentford,Stuart Attwell,9.0,7.0,1.6,1.6,1.1366459627329193,9.0,7.0,2.4,2.4,1.4634146341463414,5.151724137931034,3.25,2.0,1.0,3.0,1,6.0,2.0
2024-11-09 Liverpool-Aston Villa,2425,2024-11-09,Liverpool,Aston Villa,David Coote,7.0,13.0,1.8,1.0,2.1739130434782608,6.0,6.0,1.4,1.6,1.46,6.108108108108108,3.6,2.0,0.0,2.0,0,6.0,2.0
2024-11-09 Brighton-Manchester City,2425,2024-11-09,Brighton,Manchester City,Samuel Barrott,7.0,7.0,1.8,2.0,1.210144927536232,7.0,10.0,1.6,1.2,2.5217391304347827,8.0,3.5,2.0,1.0,3.0,1,12.0,2.0
2024-11-09 Wolves-Southampton,2425,2024-11-09,Wolves,Southampton,Thomas Bramall,7.0,2.0,1.8,2.6,1.1218487394957983,7.0,3.0,1.0,2.0,1.1176470588235294,8.526315789473685,2.7,2.0,0.0,2.0,0,10.0,2.0
2024-11-09 Crystal Palace-Fulham,2425,2024-11-09,Crystal Palace,Fulham,Michael Salisbury,7.0,4.0,0.8,1.2,1.1702898550724639,5.0,7.0,1.4,1.6,1.1419753086419753,8.1875,2.0,0.0,2.0,2.0,0,6.0,0.0
2024-11-09 Brentford-Bournemouth,2425,2024-11-09,Brentford,Bournemouth,Darren Bond,5.0,7.0,2.4,2.2,1.4596774193548387,7.0,10.0,1.6,0.8,1.225,9.538461538461538,2.25,3.0,2.0,5.0,1,12.0,2.0
2024-11-09 West Ham United-Everton,2425,2024-11-09,West Ham United,Everton,Stuart Attwell,7.0,7.0,1.6,2.0,1.3985507246376812,7.0,8.0,1.0,0.6,1.144927536231884,5.157534246575342,2.2857142857142856,0.0,0.0,0.0,0,6.0,1.0
2024-11-10 Manchester Utd-Leicester City,2425,2024-11-10,Manchester Utd,Leicester City,Peter Bankes,7.0,5.0,0.8,1.4,1.641304347826087,8.0,7.0,1.6,2.0,1.550420168067227,6.453333333333333,2.6666666666666665,3.0,0.0,3.0,0,2.0,2.0
2024-11-10 Nottingham Forest-Newcastle United,2425,2024-11-10,Nottingham Forest,Newcastle United,Anthony Taylor,8.0,10.0,1.6,0.6,1.1744186046511629,8.0,5.0,0.6,0.8,1.3478260869565217,5.253521126760563,3.5,1.0,3.0,4.0,1,4.0,0.0
2024-11-10 Tottenham Hotspur-Ipswich Town,2425,2024-11-10,Tottenham Hotspur,Ipswich Town,Darren England,7.0,9.0,2.6,1.2,1.8297101449275361,8.0,2.0,1.4,2.6,1.0,6.75,2.85,1.0,2.0,3.0,1,12.0,0.0
2024-11-10 Chelsea-Arsenal,2425,2024-11-10,Chelsea,Arsenal,Michael Oliver,7.0,8.0,1.8,1.4,1.6775362318840579,8.0,7.0,1.8,1.6,1.8659420289855073,4.54066985645933,3.2142857142857144,1.0,1.0,2.0,1,12.0,1.0
2024-11-23 Everton-Brentford,2425,2024-11-23,Everton,Brentford,Chris Kavanagh,14.0,6.0,0.6,0.4,1.1407942238267148,14.0,9.0,2.8,2.4,1.472,4.993103448275862,2.3333333333333335,0.0,0.0,0.0,0,2.0,1.0
2024-11-23 Manchester City-Tottenham Hotspur,2425,2024-11-23,Manchester City,Tottenham Hotspur,John Brooks,14.0,9.0,1.6,1.4,2.5162454873646207,13.0,6.0,2.2,1.6,1.8267148014440433,8.346938775510203,3.0714285714285716,0.0,4.0,4.0,0,12.0,0.0
2024-11-23 Bournemouth-Brighton,2425,2024-11-23,Bournemouth,Brighton,Stuart Attwell,14.0,7.0,1.4,1.2,1.228855721393035,14.0,10.0,1.8,1.4,1.2129963898916967,5.163265306122449,3.0,1.0,2.0,3.0,1,10.0,0.0
2024-11-23 Fulham-Wolves,2425,2024-11-23,Fulham,Wolves,Robert Jones,14.0,7.0,1.6,1.6,1.147239263803681,14.0,5.0,2.0,2.2,1.1255230125523012,7.246753246753247,1.875,1.0,4.0,5.0,1,6.0,0.0
2024-11-23 Arsenal-Nottingham Forest,2425,2024-11-23,Arsenal,Nottingham Forest,Simon Hooper,13.0,5.0,1.2,1.4,1.8628158844765343,13.0,10.0,1.8,1.0,1.1724137931034482,5.915094339622642,3.0,3.0,0.0,3.0,0,10.0,2.0
2024-11-23 Aston Villa-Crystal Palace,2425,2024-11-23,Aston Villa,Crystal Palace,Tim Robinson,14.0,5.0,1.0,1.6,1.4527363184079602,14.0,4.0,0.6,1.2,1.1660649819494584,8.89655172413793,3.0,2.0,2.0,4.0,1,10.0,1.0
2024-11-23 Leicester City-Chelsea,2425,2024-11-23,Leicester City,Chelsea,Andy Madley,13.0,7.0,1.2,1.8,1.5439330543933054,13.0,6.0,1.2,1.2,1.6750902527075813,5.43298969072165,2.25,1.0,2.0,3.0,1,14.0,0.0
2024-11-24 Southampton-Liverpool,2425,2024-11-24,Southampton,Liverpool,Samuel Barrott,15.0,3.0,0.8,1.8,1.112970711297071,15.0,13.0,1.8,0.8,2.1732851985559565,8.181818181818182,3.4166666666666665,2.0,3.0,5.0,1,14.0,0.0
2024-11-24 Ipswich Town-Manchester Utd,2425,2024-11-24,Ipswich Town,Manchester Utd,Anthony Taylor,14.0,4.0,1.4,2.4,1.0909090909090908,14.0,8.0,1.4,0.8,1.6462093862815885,5.247663551401869,2.85,1.0,1.0,2.0,1,0.0,1.0
2024-11-25 Newcastle United-West Ham United,2425,2024-11-25,Newcastle United,West Ham United,Craig Pawson,15.0,7.0,1.0,0.8,1.3537906137184115,16.0,7.0,1.4,1.8,1.3935018050541517,5.196428571428571,4.0,0.0,2.0,2.0,0,2.0,0.0
2024-11-29 Brighton-Southampton,2425,2024-11-29,Brighton,Southampton,Robert Jones,6.0,10.0,1.6,1.2,1.2158273381294964,5.0,3.0,1.0,1.8,1.1166666666666667,7.230769230769231,2.75,1.0,1.0,2.0,1,12.0,1.0
2024-11-30 Wolves-Bournemouth,2425,2024-11-30,Wolves,Bournemouth,Peter Bankes,7.0,8.0,2.2,1.4,1.1375,7.0,7.0,1.6,1.4,1.2277227722772277,6.394736842105263,1.625,2.0,4.0,6.0,1,12.0,0.0
2024-11-30 Nottingham Forest-Ipswich Town,2425,2024-11-30,Nottingham Forest,Ipswich Town,Tony Harrington,7.0,9.0,1.6,1.4,1.1590909090909092,6.0,5.0,1.4,1.8,1.0833333333333333,6.76,2.85,1.0,0.0,1.0,0,8.0,2.0
2024-11-30 West Ham United-Arsenal,2425,2024-11-30,West Ham United,Arsenal,Anthony Taylor,5.0,7.0,1.0,1.6,1.39568345323741,7.0,5.0,1.2,1.2,1.8669064748201438,5.223255813953489,3.2142857142857144,2.0,5.0,7.0,1,10.0,0.0
2024-11-30 Brentford-Leicester City,2425,2024-11-30,Brentford,Leicester City,Michael Oliver,7.0,7.0,1.8,1.8,1.4603174603174602,7.0,4.0,1.2,2.2,1.5416666666666667,4.576190476190476,3.0,4.0,1.0,5.0,1,4.0,2.0
2024-11-30 Crystal Palace-Newcastle United,2425,2024-11-30,Crystal Palace,Newcastle United,Darren England,7.0,5.0,1.0,1.4,1.169064748201439,5.0,6.0,1.0,1.2,1.3489208633093526,6.836065573770492,1.4285714285714286,1.0,1.0,2.0,1,12.0,1.0
2024-12-01 Chelsea-Aston Villa,2425,2024-12-01,Chelsea,Aston Villa,Stuart Attwell,8.0,8.0,1.4,1.2,1.6762589928057554,8.0,5.0,1.4,2.0,1.4554455445544554,5.195945945945946,2.7,3.0,0.0,3.0,0,8.0,2.0
2024-12-01 Manchester Utd-Everton,2425,2024-12-01,Manchester Utd,Everton,John Brooks,7.0,8.0,1.6,1.0,1.643884892086331,8.0,6.0,0.6,0.4,1.1366906474820144,8.42,2.857142857142857,4.0,0.0,4.0,0,10.0,2.0
2024-12-01 Tottenham Hotspur-Fulham,2425,2024-12-01,Tottenham Hotspur,Fulham,Darren Bond,8.0,9.0,2.6,1.0,1.8345323741007193,8.0,7.0,1.4,1.8,1.146341463414634,9.714285714285714,2.375,1.0,1.0,2.0,1,4.0,1.0
2024-12-01 Liverpool-Manchester City,2425,2024-12-01,Liverpool,Manchester City,Chris Kavanagh,7.0,13.0,2.2,1.2,2.176258992805755,8.0,6.0,1.0,1.8,2.5071942446043165,4.972602739726027,3.4285714285714284,2.0,0.0,2.0,0,8.0,2.0
2024-12-03 Ipswich Town-Crystal Palace,2425,2024-12-03,Ipswich Town,Crystal Palace,Craig Pawson,3.0,5.0,1.4,1.6,1.0,3.0,6.0,1.2,1.4,1.168458781362007,5.177514792899408,2.85,0.0,1.0,1.0,0,12.0,0.0
2024-12-03 Leicester City-West Ham United,2425,2024-12-03,Leicester City,West Ham United,Joshua Smith,3.0,1.0,0.8,2.6,1.5394190871369295,3.0,7.0,1.2,1.8,1.3978494623655915,8.285714285714286,3.3333333333333335,3.0,1.0,4.0,1,8.0,2.0
2024-12-04 Arsenal-Manchester Utd,2425,2024-12-04,Arsenal,Manchester Utd,Samuel Barrott,4.0,8.0,2.2,1.2,1.8781362007168458,3.0,8.0,2.0,0.8,1.6523297491039426,8.434782608695652,2.9285714285714284,2.0,0.0,2.0,0,8.0,2.0
2024-12-04 Everton-Wolves,2425,2024-12-04,Everton,Wolves,Michael Salisbury,3.0,3.0,0.2,1.2,1.1326164874551972,4.0,8.0,2.4,1.8,1.1410788381742738,8.121212121212121,2.75,4.0,0.0,4.0,0,4.0,2.0
2024-12-04 Manchester City-Nottingham Forest,2425,2024-12-04,Manchester City,Nottingham Forest,Michael Oliver,3.0,3.0,0.6,2.0,2.4982078853046596,4.0,9.0,1.6,1.4,1.1573033707865168,4.57345971563981,3.0,3.0,0.0,3.0,0,12.0,2.0
2024-12-04 Newcastle United-Liverpool,2425,2024-12-04,Newcastle United,Liverpool,Andy Madley,4.0,7.0,1.2,1.2,1.3476702508960574,3.0,13.0,2.2,1.0,2.175627240143369,5.520408163265306,3.0,3.0,3.0,6.0,1,14.0,1.0
2024-12-04 Southampton-Chelsea,2425,2024-12-04,Southampton,Chelsea,Tony Harrington,5.0,4.0,0.8,1.4,1.116182572614108,3.0,11.0,1.8,0.8,1.6810035842293907,6.8076923076923075,3.1666666666666665,1.0,5.0,6.0,1,4.0,0.0
2024-12-04 Aston Villa-Brentford,2425,2024-12-04,Aston Villa,Brentford,Lewis Smith,3.0,2.0,0.8,2.4,1.4482758620689655,4.0,10.0,2.4,1.6,1.4803149606299213,9.5,3.3333333333333335,3.0,1.0,4.0,1,8.0,2.0
2024-12-05 Bournemouth-Tottenham Hotspur,2425,2024-12-05,Bournemouth,Tottenham Hotspur,Simon Hooper,5.0,7.0,2.0,1.8,1.2413793103448276,4.0,7.0,2.0,1.0,1.831541218637993,5.953271028037383,3.3,1.0,0.0,1.0,0,8.0,2.0
2024-12-05 Fulham-Brighton,2425,2024-12-05,Fulham,Brighton,Peter Bankes,4.0,8.0,1.4,1.4,1.1454545454545455,6.0,8.0,1.6,1.4,1.2150537634408602,6.467532467532467,2.375,3.0,1.0,4.0,1,8.0,2.0
2024-12-07 Aston Villa-Southampton,2425,2024-12-07,Aston Villa,Southampton,Darren Bond,3.0,4.0,1.2,2.4,1.4558823529411764,3.0,4.0,1.0,2.2,1.115702479338843,9.333333333333334,2.625,1.0,0.0,1.0,0,8.0,2.0
2024-12-07 Brentford-Newcastle United,2425,2024-12-07,Brentford,Newcastle United,Simon Hooper,3.0,7.0,1.8,1.6,1.4765625,3.0,8.0,1.6,1.4,1.3535714285714286,5.972222222222222,4.0,4.0,2.0,6.0,1,6.0,2.0
2024-12-07 Crystal Palace-Manchester City,2425,2024-12-07,Crystal Palace,Manchester City,Robert Jones,4.0,6.0,1.2,1.4,1.167857142857143,3.0,3.0,1.0,2.0,2.5,7.291139240506329,3.2142857142857144,2.0,2.0,4.0,1,4.0,1.0
2024-12-07 Manchester Utd-Nottingham Forest,2425,2024-12-07,Manchester Utd,Nottingham Forest,Darren England,3.0,8.0,1.8,0.8,1.6464285714285714,3.0,6.0,1.0,1.8,1.1444444444444444,6.919354838709677,3.25,2.0,3.0,5.0,1,4.0,0.0
2024-12-08 Fulham-Arsenal,2425,2024-12-08,Fulham,Arsenal,Chris Kavanagh,3.0,10.0,1.8,1.4,1.1566265060240963,4.0,10.0,2.2,0.8,1.8785714285714286,4.993197278911564,3.625,1.0,1.0,2.0,1,12.0,1.0
2024-12-08 Ipswich Town-Bournemouth,2425,2024-12-08,Ipswich Town,Bournemouth,Michael Salisbury,5.0,5.0,0.8,1.0,0.9285714285714286,3.0,9.0,2.0,1.6,1.2401960784313726,8.0,2.85,1.0,2.0,3.0,1,6.0,0.0
2024-12-08 Leicester City-Brighton,2425,2024-12-08,Leicester City,Brighton,Stuart Attwell,5.0,4.0,1.2,2.2,1.5454545454545454,3.0,7.0,1.4,1.6,1.2142857142857142,5.214765100671141,2.75,2.0,2.0,4.0,1,6.0,1.0
2024-12-08 Tottenham Hotspur-Chelsea,2425,2024-12-08,Tottenham Hotspur,Chelsea,Anthony Taylor,3.0,7.0,2.0,1.0,1.825,4.0,11.0,2.4,0.8,1.6928571428571428,5.24537037037037,2.642857142857143,3.0,4.0,7.0,1,10.0,0.0
2024-12-09 West Ham United-Wolves,2425,2024-12-09,West Ham United,Wolves,John Brooks,6.0,4.0,1.0,2.2,1.3964285714285714,5.0,7.0,2.0,2.2,1.1363636363636365,8.450980392156863,2.3333333333333335,2.0,1.0,3.0,1,18.0,2.0
2024-12-14 Nottingham Forest-Aston Villa,2425,2024-12-14,Nottingham Forest,Aston Villa,Samuel Barrott,7.0,6.0,1.0,2.2,1.164835164835165,7.0,7.0,1.2,1.6,1.4536585365853658,8.416666666666666,3.0,2.0,1.0,3.0,1,2.0,2.0
2024-12-14 Wolves-Ipswich Town,2425,2024-12-14,Wolves,Ipswich Town,Simon Hooper,5.0,6.0,1.8,2.2,1.1358024691358024,6.0,4.0,0.8,1.2,0.9333333333333333,5.972477064220183,2.85,1.0,2.0,3.0,1,8.0,0.0
2024-12-14 Arsenal-Everton,2425,2024-12-14,Arsenal,Everton,Craig Pawson,6.0,11.0,2.4,0.8,1.8754448398576513,10.0,5.0,0.8,1.0,1.1428571428571428,5.2176470588235295,3.0714285714285716,0.0,0.0,0.0,0,6.0,1.0
2024-12-14 Liverpool-Fulham,2425,2024-12-14,Liverpool,Fulham,Tony Harrington,10.0,13.0,2.4,1.2,2.1785714285714284,6.0,8.0,1.6,1.4,1.155688622754491,6.703703703703703,3.0,2.0,2.0,4.0,1,16.0,1.0
2024-12-14 Newcastle United-Leicester City,2425,2024-12-14,Newcastle United,Leicester City,Thomas Bramall,7.0,5.0,1.8,2.2,1.3558718861209964,6.0,4.0,1.4,2.4,1.5473251028806585,8.6,3.1666666666666665,4.0,0.0,4.0,0,12.0,2.0
2024-12-15 Brighton-Crystal Palace,2425,2024-12-15,Brighton,Crystal Palace,Michael Oliver,7.0,8.0,1.6,1.6,1.217081850533808,8.0,6.0,1.2,1.4,1.1708185053380782,4.6084905660377355,2.4285714285714284,1.0,3.0,4.0,1,10.0,0.0
2024-12-15 Manchester City-Manchester Utd,2425,2024-12-15,Manchester City,Manchester Utd,Anthony Taylor,8.0,4.0,1.2,2.0,2.498220640569395,8.0,7.0,2.0,1.2,1.6476868327402134,5.267281105990784,3.357142857142857,1.0,2.0,3.0,1,4.0,0.0
2024-12-15 Chelsea-Brentford,2425,2024-12-15,Chelsea,Brentford,Peter Bankes,7.0,13.0,3.0,1.2,1.701067615658363,8.0,10.0,2.4,1.6,1.496124031007752,6.487179487179487,2.3333333333333335,2.0,1.0,3.0,1,6.0,2.0
2024-12-15 Southampton-Tottenham Hotspur,2425,2024-12-15,Southampton,Tottenham Hotspur,Darren England,8.0,1.0,0.8,2.4,1.1111111111111112,7.0,4.0,1.8,1.6,1.8291814946619218,6.873015873015873,4.0,0.0,5.0,5.0,0,8.0,0.0
2024-12-16 Bournemouth-West Ham United,2425,2024-12-16,Bournemouth,West Ham United,Chris Kavanagh,8.0,9.0,2.0,1.6,1.2439024390243902,7.0,7.0,1.4,1.8,1.398576512455516,5.04054054054054,3.1,1.0,1.0,2.0,1,4.0,1.0
2024-12-21 Crystal Palace-Arsenal,2425,2024-12-21,Crystal Palace,Arsenal,Simon Hooper,6.0,9.0,1.8,1.2,1.177304964539007,7.0,11.0,2.2,0.6,1.8687943262411348,5.990909090909091,3.5,1.0,5.0,6.0,1,8.0,0.0
2024-12-21 West Ham United-Brighton,2425,2024-12-21,West Ham United,Brighton,Robert Jones,5.0,7.0,1.6,2.0,1.3971631205673758,6.0,5.0,1.4,2.0,1.2163120567375887,7.25,3.0,1.0,1.0,2.0,1,8.0,1.0
2024-12-21 Aston Villa-Manchester City,2425,2024-12-21,Aston Villa,Manchester City,Peter Bankes,7.0,7.0,1.4,1.6,1.4514563106796117,6.0,4.0,1.2,2.0,2.49290780141844,6.481012658227848,3.5,2.0,1.0,3.0,1,12.0,2.0
2024-12-21 Brentford-Nottingham Forest,2425,2024-12-21,Brentford,Nottingham Forest,Michael Oliver,6.0,7.0,2.0,1.6,1.4923076923076923,7.0,9.0,1.2,1.8,1.173913043478261,4.633802816901408,3.5,0.0,2.0,2.0,0,14.0,0.0
2024-12-21 Ipswich Town-Newcastle United,2425,2024-12-21,Ipswich Town,Newcastle United,Stuart Attwell,7.0,4.0,0.8,1.2,1.0,7.0,5.0,2.0,2.0,1.3652482269503545,5.22,2.85,0.0,4.0,4.0,0,4.0,0.0
2024-12-22 Everton-Chelsea,2425,2024-12-22,Everton,Chelsea,Chris Kavanagh,8.0,6.0,0.8,0.8,1.1387900355871887,7.0,15.0,3.2,1.2,1.702127659574468,5.033557046979865,2.2142857142857144,0.0,0.0,0.0,0,10.0,1.0
2024-12-22 Fulham-Southampton,2425,2024-12-22,Fulham,Southampton,Tim Robinson,8.0,6.0,1.6,1.8,1.1607142857142858,7.0,1.0,0.8,3.0,1.1065573770491803,8.933333333333334,2.6666666666666665,0.0,0.0,0.0,0,8.0,1.0
2024-12-22 Leicester City-Wolves,2425,2024-12-22,Leicester City,Wolves,Anthony Taylor,8.0,4.0,1.4,2.6,1.540983606557377,8.0,3.0,1.6,2.6,1.1352459016393444,5.261467889908257,2.1,0.0,3.0,3.0,0,4.0,0.0
2024-12-22 Manchester Utd-Bournemouth,2425,2024-12-22,Manchester Utd,Bournemouth,Craig Pawson,7.0,7.0,1.8,1.4,1.648936170212766,6.0,10.0,1.8,1.2,1.2427184466019416,5.222222222222222,3.0,0.0,3.0,3.0,0,8.0,0.0
2024-12-22 Tottenham Hotspur-Liverpool,2425,2024-12-22,Tottenham Hotspur,Liverpool,Samuel Barrott,7.0,7.0,2.6,1.2,1.8404255319148937,8.0,11.0,2.4,1.4,2.1779359430604983,8.16,3.642857142857143,3.0,6.0,9.0,1,6.0,0.0
2024-12-26 Liverpool-Leicester City,2425,2024-12-26,Liverpool,Leicester City,Darren Bond,4.0,11.0,3.2,2.0,2.1914893617021276,4.0,4.0,1.2,2.8,1.5346938775510204,9.25,3.0,3.0,1.0,4.0,1,10.0,2.0
2024-12-26 Wolves-Manchester Utd,2425,2024-12-26,Wolves,Manchester Utd,Tony Harrington,4.0,3.0,1.4,2.4,1.1428571428571428,4.0,6.0,1.6,1.8,1.6431095406360423,7.035714285714286,2.0,2.0,0.0,2.0,0,10.0,2.0
2024-12-26 Southampton-West Ham United,2425,2024-12-26,Southampton,West Ham United,Lewis Smith,4.0,2.0,0.4,2.4,1.1020408163265305,5.0,5.0,1.4,2.2,1.3957597173144876,9.2,2.5,0.0,1.0,1.0,0,6.0,0.0
2024-12-26 Nottingham Forest-Tottenham Hotspur,2425,2024-12-26,Nottingham Forest,Tottenham Hotspur,Craig Pawson,5.0,12.0,1.6,1.2,1.1827956989247312,4.0,4.0,2.4,2.4,1.8445229681978799,5.238372093023256,3.0,1.0,0.0,1.0,0,12.0,2.0
2024-12-26 Chelsea-Fulham,2425,2024-12-26,Chelsea,Fulham,Samuel Barrott,4.0,13.0,2.8,1.0,1.696113074204947,4.0,7.0,1.4,1.0,1.1538461538461537,8.076923076923077,1.75,1.0,2.0,3.0,1,8.0,0.0
2024-12-26 Bournemouth-Crystal Palace,2425,2024-12-26,Bournemouth,Crystal Palace,Thomas Bramall,4.0,13.0,2.2,0.8,1.251207729468599,5.0,8.0,1.6,1.8,1.176678445229682,8.761904761904763,2.9,0.0,0.0,0.0,0,8.0,1.0
2024-12-26 Manchester City-Everton,2425,2024-12-26,Manchester City,Everton,Simon Hooper,5.0,4.0,1.4,1.6,2.487632508833922,4.0,6.0,0.8,0.8,1.1347517730496455,6.009009009009009,3.0714285714285716,1.0,1.0,2.0,1,10.0,1.0
2024-12-26 Newcastle United-Aston Villa,2425,2024-12-26,Newcastle United,Aston Villa,Anthony Taylor,5.0,8.0,2.8,1.6,1.3745583038869258,5.0,9.0,1.4,1.4,1.4541062801932367,5.255707762557078,2.8,3.0,0.0,3.0,0,8.0,2.0
2024-12-27 Brighton-Brentford,2425,2024-12-27,Brighton,Brentford,Andy Madley,6.0,3.0,1.2,2.0,1.215547703180212,6.0,6.0,2.0,2.0,1.4809160305343512,5.606060606060606,2.3333333333333335,0.0,0.0,0.0,0,4.0,1.0
2024-12-27 Arsenal-Ipswich Town,2425,2024-12-27,Arsenal,Ipswich Town,Darren England,6.0,11.0,2.6,0.8,1.8798586572438163,6.0,3.0,0.6,1.8,0.9411764705882353,6.890625,2.85,1.0,0.0,1.0,0,4.0,2.0
2024-12-29 Tottenham Hotspur-Wolves,2425,2024-12-29,Tottenham Hotspur,Wolves,Chris Kavanagh,3.0,3.0,2.2,2.4,1.8380281690140845,3.0,6.0,1.4,1.6,1.146341463414634,5.066666666666666,2.6666666666666665,2.0,2.0,4.0,1,6.0,1.0
2024-12-29 Fulham-Bournemouth,2425,2024-12-29,Fulham,Bournemouth,Robert Jones,3.0,9.0,1.6,1.0,1.1588235294117648,3.0,11.0,1.4,0.4,1.2451923076923077,7.2592592592592595,3.0,2.0,2.0,4.0,1,8.0,1.0
2024-12-29 West Ham United-Liverpool,2425,2024-12-29,West Ham United,Liverpool,Anthony Taylor,3.0,8.0,1.2,1.2,1.3943661971830985,3.0,11.0,3.2,1.8,2.1943462897526502,5.2681818181818185,3.4285714285714284,0.0,5.0,5.0,0,0.0,0.0
2024-12-29 Crystal Palace-Southampton,2425,2024-12-29,Crystal Palace,Southampton,Michael Salisbury,3.0,8.0,1.4,1.6,1.1725352112676057,3.0,1.0,0.2,2.4,1.0975609756097562,7.942857142857143,2.25,2.0,1.0,3.0,1,10.0,2.0
2024-12-29 Leicester City-Manchester City,2425,2024-12-29,Leicester City,Manchester City,Michael Oliver,3.0,4.0,1.2,2.6,1.532520325203252,3.0,5.0,1.6,1.4,2.482394366197183,4.677570093457944,3.4166666666666665,0.0,2.0,2.0,0,6.0,0.0
2024-12-29 Everton-Nottingham Forest,2425,2024-12-29,Everton,Nottingham Forest,Tony Harrington,3.0,6.0,1.0,1.0,1.1342756183745584,3.0,12.0,1.6,1.2,1.1808510638297873,7.137931034482759,2.25,0.0,2.0,2.0,0,10.0,0.0
2024-12-30 Ipswich Town-Chelsea,2425,2024-12-30,Ipswich Town,Chelsea,John Brooks,3.0,3.0,0.6,1.8,0.8888888888888888,4.0,10.0,2.4,1.4,1.693661971830986,8.634615384615385,2.85,2.0,0.0,2.0,0,16.0,2.0
2024-12-30 Manchester Utd-Newcastle United,2425,2024-12-30,Manchester Utd,Newcastle United,Simon Hooper,4.0,3.0,0.8,2.2,1.6373239436619718,4.0,10.0,3.2,1.4,1.380281690140845,6.044642857142857,3.0714285714285716,0.0,2.0,2.0,0,4.0,0.0
2024-12-30 Aston Villa-Brighton,2425,2024-12-30,Aston Villa,Brighton,Craig Pawson,4.0,9.0,1.4,1.4,1.4471153846153846,3.0,3.0,1.0,1.8,1.2112676056338028,5.277456647398844,2.6,2.0,2.0,4.0,1,10.0,1.0
2025-01-01 Brentford-Arsenal,2425,2025-01-01,Brentford,Arsenal,Peter Bankes,5.0,4.0,1.2,1.8,1.4696969696969697,5.0,11.0,1.8,0.4,1.8767605633802817,6.55,2.3333333333333335,1.0,3.0,4.0,1,6.0,0.0
2025-01-04 Tottenham Hotspur-Newcastle United,2425,2025-01-04,Tottenham Hotspur,Newcastle United,Andy Madley,6.0,4.0,2.6,2.6,1.8385964912280701,5.0,12.0,3.0,0.8,1.3824561403508773,5.59,3.4,1.0,2.0,3.0,1,10.0,0.0
2025-01-04 Aston Villa-Leicester City,2425,2025-01-04,Aston Villa,Leicester City,Jarred Gillett,5.0,7.0,1.2,1.6,1.4497607655502391,6.0,1.0,0.6,2.8,1.5263157894736843,7.352941176470588,3.111111111111111,2.0,1.0,3.0,1,2.0,2.0
2025-01-04 Bournemouth-Everton,2425,2025-01-04,Bournemouth,Everton,John Brooks,6.0,9.0,1.6,0.8,1.2488038277511961,6.0,6.0,1.0,0.6,1.130281690140845,8.773584905660377,3.1818181818181817,1.0,0.0,1.0,0,8.0,2.0
2025-01-04 Crystal Palace-Chelsea,2425,2025-01-04,Crystal Palace,Chelsea,Tim Robinson,6.0,8.0,1.6,1.8,1.1754385964912282,5.0,7.0,1.4,1.6,1.687719298245614,8.903225806451612,2.933333333333333,1.0,1.0,2.0,1,4.0,1.0
2025-01-04 Manchester City-West Ham United,2425,2025-01-04,Manchester City,West Ham United,Michael Salisbury,6.0,5.0,1.4,1.4,2.480701754385965,6.0,8.0,1.0,1.6,1.3894736842105264,8.0,3.2666666666666666,4.0,1.0,5.0,1,6.0,2.0
2025-01-04 Southampton-Brentford,2425,2025-01-04,Southampton,Brentford,Stuart Attwell,6.0,1.0,0.2,1.8,1.097165991902834,3.0,4.0,1.2,1.8,1.4661654135338347,5.211920529801325,3.4,0.0,5.0,5.0,0,4.0,0.0
2025-01-04 Brighton-Arsenal,2425,2025-01-04,Brighton,Arsenal,Anthony Taylor,5.0,4.0,1.2,1.6,1.2140350877192982,3.0,11.0,2.0,0.6,1.880701754385965,5.244343891402715,2.466666666666667,1.0,1.0,2.0,1,10.0,1.0
2025-01-05 Liverpool-Manchester Utd,2425,2025-01-05,Liverpool,Manchester Utd,Michael Oliver,7.0,11.0,3.8,1.8,2.204225352112676,6.0,3.0,0.8,2.2,1.631578947368421,4.683720930232558,2.8666666666666667,2.0,2.0,4.0,1,12.0,1.0
2025-01-05 Fulham-Ipswich Town,2425,2025-01-05,Fulham,Ipswich Town,Darren Bond,7.0,7.0,1.4,1.2,1.1637426900584795,6.0,6.0,1.0,1.6,0.9473684210526315,9.294117647058824,2.0,2.0,2.0,4.0,1,12.0,1.0
2025-01-06 Wolves-Nottingham Forest,2425,2025-01-06,Wolves,Nottingham Forest,Peter Bankes,8.0,7.0,1.8,1.2,1.1497975708502024,8.0,15.0,2.0,0.6,1.1894736842105262,6.54320987654321,2.2,0.0,3.0,3.0,0,6.0,0.0
2025-01-14 Brentford-Manchester City,2425,2025-01-14,Brentford,Manchester City,Anthony Taylor,10.0,4.0,1.4,1.4,1.492537313432836,10.0,7.0,1.8,1.2,2.486013986013986,5.2657657657657655,2.142857142857143,2.0,2.0,4.0,1,0.0,1.0
2025-01-14 Chelsea-Bournemouth,2425,2025-01-14,Chelsea,Bournemouth,Robert Jones,10.0,5.0,0.8,1.2,1.6853146853146854,10.0,9.0,1.4,0.6,1.2476190476190476,7.2682926829268295,2.272727272727273,2.0,2.0,4.0,1,10.0,1.0
2025-01-14 West Ham United-Fulham,2425,2025-01-14,West Ham United,Fulham,Craig Pawson,10.0,5.0,0.8,2.2,1.3881118881118881,9.0,7.0,1.6,1.4,1.1686046511627908,5.304597701149425,2.3333333333333335,3.0,2.0,5.0,1,12.0,2.0
2025-01-14 Nottingham Forest-Liverpool,2425,2025-01-14,Nottingham Forest,Liverpool,Chris Kavanagh,8.0,15.0,2.0,0.2,1.2083333333333333,9.0,11.0,3.6,1.6,2.2035087719298247,5.072847682119205,2.2,1.0,1.0,2.0,1,6.0,1.0
2025-01-15 Everton-Aston Villa,2425,2025-01-15,Everton,Aston Villa,Samuel Barrott,11.0,3.0,0.2,0.8,1.1263157894736842,11.0,7.0,1.4,1.8,1.4523809523809523,8.074074074074074,2.272727272727273,0.0,1.0,1.0,0,6.0,0.0
2025-01-15 Leicester City-Crystal Palace,2425,2025-01-15,Leicester City,Crystal Palace,Andy Madley,11.0,0.0,0.4,2.8,1.5241935483870968,11.0,8.0,1.4,1.6,1.1748251748251748,5.633663366336633,2.923076923076923,0.0,2.0,2.0,0,0.0,0.0
2025-01-15 Newcastle United-Wolves,2425,2025-01-15,Newcastle United,Wolves,Darren England,11.0,15.0,3.0,0.2,1.3846153846153846,9.0,7.0,1.6,1.4,1.1451612903225807,6.846153846153846,2.4615384615384617,3.0,0.0,3.0,0,4.0,2.0
2025-01-15 Arsenal-Tottenham Hotspur,2425,2025-01-15,Arsenal,Tottenham Hotspur,Simon Hooper,11.0,11.0,2.0,0.6,1.8776223776223777,11.0,4.0,2.2,2.2,1.8356643356643356,6.0265486725663715,3.066666666666667,2.0,1.0,3.0,1,8.0,2.0
2025-01-16 Manchester Utd-Southampton,2425,2025-01-16,Manchester Utd,Southampton,John Brooks,11.0,4.0,0.8,2.0,1.632867132867133,12.0,1.0,0.2,2.6,1.092741935483871,8.75925925925926,2.923076923076923,3.0,1.0,4.0,1,8.0,2.0
2025-01-16 Ipswich Town-Brighton,2425,2025-01-16,Ipswich Town,Brighton,Tony Harrington,11.0,7.0,1.2,1.6,1.0,12.0,4.0,1.0,1.4,1.2132867132867133,7.233333333333333,0.0,0.0,2.0,2.0,0,8.0,0.0
2025-01-18 Newcastle United-Bournemouth,2425,2025-01-18,Newcastle United,Bournemouth,Stuart Attwell,3.0,15.0,2.8,0.2,1.3902439024390243,4.0,9.0,1.6,0.8,1.2511848341232228,5.203947368421052,2.909090909090909,1.0,4.0,5.0,1,14.0,0.0
2025-01-18 Brentford-Liverpool,2425,2025-01-18,Brentford,Liverpool,Andy Madley,4.0,5.0,1.6,1.4,1.4962962962962962,4.0,11.0,3.4,1.4,2.199300699300699,5.578431372549019,3.4285714285714284,0.0,2.0,2.0,0,10.0,0.0
2025-01-18 Leicester City-Fulham,2425,2025-01-18,Leicester City,Fulham,Michael Salisbury,3.0,0.0,0.4,2.4,1.5180722891566265,4.0,6.0,1.6,1.6,1.1734104046242775,7.945945945945946,3.2857142857142856,0.0,2.0,2.0,0,8.0,0.0
2025-01-18 West Ham United-Crystal Palace,2425,2025-01-18,West Ham United,Crystal Palace,Thomas Bramall,4.0,7.0,1.2,2.4,1.3937282229965158,3.0,8.0,1.2,1.4,1.1777003484320558,8.727272727272727,3.7333333333333334,0.0,2.0,2.0,0,4.0,0.0
2025-01-18 Arsenal-Aston Villa,2425,2025-01-18,Arsenal,Aston Villa,Chris Kavanagh,3.0,13.0,2.4,0.8,1.8780487804878048,3.0,10.0,1.4,1.4,1.4502369668246446,5.078947368421052,2.6363636363636362,2.0,2.0,4.0,1,10.0,1.0
2025-01-19 Everton-Tottenham Hotspur,2425,2025-01-19,Everton,Tottenham Hotspur,Darren England,4.0,2.0,0.2,1.0,1.1223776223776223,4.0,1.0,1.4,2.6,1.8327526132404182,6.803030303030303,3.1333333333333333,3.0,2.0,5.0,1,6.0,2.0
2025-01-19 Manchester Utd-Brighton,2425,2025-01-19,Manchester Utd,Brighton,Peter Bankes,3.0,4.0,1.0,2.0,1.637630662020906,3.0,7.0,1.2,0.8,1.21602787456446,6.536585365853658,2.933333333333333,1.0,3.0,4.0,1,12.0,0.0
2025-01-19 Nottingham Forest-Southampton,2425,2025-01-19,Nottingham Forest,Southampton,Anthony Taylor,5.0,13.0,1.8,0.2,1.2061855670103092,3.0,1.0,0.4,2.2,1.0923694779116466,5.242152466367713,3.0,3.0,2.0,5.0,1,8.0,2.0
2025-01-19 Ipswich Town-Manchester City,2425,2025-01-19,Ipswich Town,Manchester City,Samuel Barrott,3.0,4.0,0.8,1.8,0.9523809523809523,5.0,8.0,2.0,1.2,2.484320557491289,8.0,5.0,0.0,6.0,6.0,0,2.0,0.0
2025-01-20 Chelsea-Wolves,2425,2025-01-20,Chelsea,Wolves,Simon Hooper,6.0,3.0,0.8,1.4,1.6864111498257839,5.0,7.0,1.4,1.6,1.140562248995984,6.043859649122807,3.230769230769231,3.0,1.0,4.0,1,12.0,2.0
2025-01-25 Manchester City-Chelsea,2425,2025-01-25,Manchester City,Chelsea,John Brooks,6.0,11.0,3.0,0.8,2.4965277777777777,5.0,5.0,1.4,1.6,1.6909722222222223,8.745454545454546,2.6,3.0,1.0,4.0,1,10.0,2.0
2025-01-25 Wolves-Arsenal,2425,2025-01-25,Wolves,Arsenal,Michael Oliver,5.0,4.0,1.0,2.2,1.14,7.0,11.0,1.8,1.0,1.8784722222222223,4.717592592592593,2.6153846153846154,0.0,1.0,1.0,0,6.0,0.0
2025-01-25 Southampton-Newcastle United,2425,2025-01-25,Southampton,Newcastle United,Samuel Barrott,6.0,0.0,0.8,2.8,1.096,7.0,12.0,2.2,1.0,1.3888888888888888,7.793103448275862,3.0,1.0,3.0,4.0,1,2.0,0.0
2025-01-25 Bournemouth-Nottingham Forest,2425,2025-01-25,Bournemouth,Nottingham Forest,Craig Pawson,7.0,9.0,1.8,1.0,1.2641509433962264,6.0,13.0,2.0,0.6,1.2244897959183674,5.3428571428571425,3.2,5.0,0.0,5.0,0,10.0,2.0
2025-01-25 Brighton-Everton,2425,2025-01-25,Brighton,Everton,Tim Robinson,6.0,9.0,1.6,0.8,1.2222222222222223,6.0,4.0,0.8,1.4,1.1289198606271778,8.75,3.066666666666667,0.0,1.0,1.0,0,16.0,0.0
2025-01-25 Liverpool-Ipswich Town,2425,2025-01-25,Liverpool,Ipswich Town,Michael Salisbury,7.0,11.0,2.6,0.8,2.1986062717770034,6.0,4.0,0.8,2.2,0.9090909090909091,7.947368421052632,2.0,4.0,1.0,5.0,1,4.0,2.0
2025-01-26 Aston Villa-West Ham United,2425,2025-01-26,Aston Villa,West Ham United,Peter Bankes,8.0,8.0,1.4,1.6,1.4528301886792452,8.0,6.0,1.0,2.6,1.3888888888888888,6.602409638554217,2.727272727272727,1.0,1.0,2.0,1,10.0,1.0
2025-01-26 Crystal Palace-Brentford,2425,2025-01-26,Crystal Palace,Brentford,Tony Harrington,8.0,11.0,1.4,0.4,1.1805555555555556,8.0,5.0,1.6,1.4,1.4852941176470589,7.258064516129032,1.8571428571428572,1.0,2.0,3.0,1,8.0,0.0
2025-01-26 Tottenham Hotspur-Leicester City,2425,2025-01-26,Tottenham Hotspur,Leicester City,Robert Jones,7.0,1.0,1.2,2.0,1.8333333333333333,8.0,0.0,0.4,2.2,1.512,7.301204819277109,4.3076923076923075,1.0,2.0,3.0,1,12.0,0.0
2025-01-26 Fulham-Manchester Utd,2425,2025-01-26,Fulham,Manchester Utd,Anthony Taylor,8.0,8.0,2.0,1.6,1.1781609195402298,7.0,4.0,1.2,2.0,1.6354166666666667,5.254464285714286,2.6666666666666665,0.0,1.0,1.0,0,2.0,0.0
2025-02-01 Newcastle United-Fulham,2425,2025-02-01,Newcastle United,Fulham,Chris Kavanagh,7.0,12.0,2.2,1.2,1.3944636678200693,6.0,5.0,1.6,1.6,1.1714285714285715,5.111111111111111,2.4444444444444446,1.0,2.0,3.0,1,16.0,0.0
2025-02-01 Ipswich Town-Southampton,2425,2025-02-01,Ipswich Town,Southampton,Michael Oliver,7.0,4.0,1.0,2.8,0.9130434782608695,7.0,0.0,1.0,3.2,1.095617529880478,4.723502304147465,2.0,1.0,2.0,3.0,1,6.0,0.0
2025-02-01 Wolves-Aston Villa,2425,2025-02-01,Wolves,Aston Villa,Andy Madley,7.0,1.0,0.6,2.4,1.1354581673306774,6.0,9.0,1.6,1.2,1.4507042253521127,5.621359223300971,2.1818181818181817,2.0,0.0,2.0,0,10.0,2.0
2025-02-01 Bournemouth-Liverpool,2425,2025-02-01,Bournemouth,Liverpool,Darren England,7.0,11.0,2.8,1.0,1.2816901408450705,7.0,11.0,2.8,0.8,2.204861111111111,6.791044776119403,3.727272727272727,0.0,2.0,2.0,0,10.0,0.0
2025-02-01 Nottingham Forest-Brighton,2425,2025-02-01,Nottingham Forest,Brighton,Simon Hooper,7.0,10.0,1.8,1.6,1.2121212121212122,7.0,8.0,1.6,1.0,1.217993079584775,6.095652173913043,2.8,7.0,0.0,7.0,0,8.0,2.0
2025-02-01 Everton-Leicester City,2425,2025-02-01,Everton,Leicester City,Darren Bond,7.0,6.0,0.8,1.2,1.1284722222222223,6.0,3.0,0.6,1.8,1.5139442231075697,9.444444444444445,2.4615384615384617,4.0,0.0,4.0,0,0.0,2.0
2025-02-02 Brentford-Tottenham Hotspur,2425,2025-02-02,Brentford,Tottenham Hotspur,Jarred Gillett,7.0,7.0,2.0,1.6,1.489051094890511,7.0,1.0,1.4,2.2,1.8304498269896194,7.25,3.2857142857142856,0.0,2.0,2.0,0,2.0,0.0
2025-02-02 Manchester Utd-Crystal Palace,2425,2025-02-02,Manchester Utd,Crystal Palace,John Brooks,7.0,7.0,1.4,1.6,1.6332179930795847,7.0,10.0,1.6,0.8,1.179930795847751,8.767857142857142,2.2666666666666666,0.0,2.0,2.0,0,8.0,0.0
2025-02-02 Arsenal-Manchester City,2425,2025-02-02,Arsenal,Manchester City,Peter Bankes,8.0,11.0,1.8,1.0,1.8754325259515572,8.0,13.0,3.4,0.8,2.4982698961937717,6.642857142857143,2.8666666666666667,5.0,1.0,6.0,1,4.0,2.0
2025-02-03 Chelsea-West Ham United,2425,2025-02-03,Chelsea,West Ham United,Stuart Attwell,9.0,5.0,1.4,1.8,1.6885813148788926,8.0,4.0,1.0,2.8,1.3875432525951557,5.261437908496732,2.533333333333333,2.0,1.0,3.0,1,8.0,2.0
2025-02-12 Everton-Liverpool,2425,2025-02-12,Everton,Liverpool,Michael Oliver,11.0,9.0,1.6,0.8,1.1384083044982698,11.0,11.0,2.2,0.8,2.204152249134948,4.729357798165138,2.0714285714285716,2.0,2.0,4.0,1,12.0,1.0
2025-02-14 Brighton-Chelsea,2425,2025-02-14,Brighton,Chelsea,Chris Kavanagh,13.0,7.0,1.2,2.0,1.2137931034482758,11.0,8.0,1.8,1.6,1.6896551724137931,5.181818181818182,3.066666666666667,3.0,0.0,3.0,0,6.0,2.0
2025-02-15 Crystal Palace-Everton,2425,2025-02-15,Crystal Palace,Everton,Anthony Taylor,13.0,10.0,1.6,0.6,1.1827586206896552,3.0,10.0,2.0,1.0,1.1413793103448275,5.24,2.7333333333333334,1.0,2.0,3.0,1,2.0,0.0
2025-02-15 West Ham United-Brentford,2425,2025-02-15,West Ham United,Brentford,Darren England,12.0,4.0,1.2,2.2,1.3862068965517242,13.0,7.0,1.8,1.4,1.4782608695652173,6.838235294117647,3.142857142857143,0.0,1.0,1.0,0,4.0,0.0
2025-02-15 Southampton-Bournemouth,2425,2025-02-15,Southampton,Bournemouth,Jarred Gillett,14.0,3.0,1.2,3.0,1.0992063492063493,14.0,10.0,2.4,1.0,1.2757009345794392,7.150943396226415,2.5555555555555554,1.0,3.0,4.0,1,8.0,0.0
2025-02-15 Fulham-Nottingham Forest,2425,2025-02-15,Fulham,Nottingham Forest,Thomas Bramall,14.0,7.0,1.6,1.4,1.1761363636363635,14.0,10.0,2.8,1.6,1.27,8.521739130434783,3.4,2.0,1.0,3.0,1,0.0,2.0
2025-02-15 Aston Villa-Ipswich Town,2425,2025-02-15,Aston Villa,Ipswich Town,Robert Jones,14.0,8.0,1.2,1.2,1.4439252336448598,14.0,1.0,0.8,3.2,0.9166666666666666,7.357142857142857,4.0,1.0,1.0,2.0,1,8.0,1.0
2025-02-15 Leicester City-Arsenal,2425,2025-02-15,Leicester City,Arsenal,Samuel Barrott,14.0,3.0,0.6,2.2,1.507936507936508,13.0,11.0,2.2,1.0,1.8862068965517242,7.6,3.3846153846153846,0.0,2.0,2.0,0,6.0,0.0
2025-02-15 Manchester City-Newcastle United,2425,2025-02-15,Manchester City,Newcastle United,Andy Madley,13.0,10.0,3.2,1.8,2.4931034482758623,14.0,9.0,2.0,1.6,1.393103448275862,5.663461538461538,3.6,4.0,0.0,4.0,0,2.0,2.0
2025-02-16 Liverpool-Wolves,2425,2025-02-16,Liverpool,Wolves,Simon Hooper,4.0,11.0,2.2,0.8,2.203448275862069,15.0,3.0,0.6,2.0,1.1388888888888888,6.112068965517241,2.4615384615384617,2.0,1.0,3.0,1,8.0,2.0
2025-02-16 Tottenham Hotspur-Manchester Utd,2425,2025-02-16,Tottenham Hotspur,Manchester Utd,Peter Bankes,14.0,3.0,1.4,1.8,1.8310344827586207,14.0,7.0,1.4,1.6,1.6275862068965516,6.6117647058823525,3.066666666666667,1.0,0.0,1.0,0,6.0,2.0
2025-02-19 Aston Villa-Liverpool,2425,2025-02-19,Aston Villa,Liverpool,Craig Pawson,4.0,6.0,1.0,1.2,1.441860465116279,3.0,13.0,2.4,0.8,2.202749140893471,5.369318181818182,3.4545454545454546,2.0,2.0,4.0,1,2.0,1.0
2025-02-21 Leicester City-Brentford,2425,2025-02-21,Leicester City,Brentford,Tony Harrington,6.0,3.0,0.4,2.2,1.5019762845849802,6.0,7.0,1.0,1.4,1.474820143884892,7.28125,3.4,0.0,4.0,4.0,0,8.0,0.0
2025-02-22 Ipswich Town-Tottenham Hotspur,2425,2025-02-22,Ipswich Town,Tottenham Hotspur,Tim Robinson,7.0,1.0,0.6,3.0,0.92,6.0,6.0,1.4,1.4,1.8281786941580755,8.969696969696969,3.0,1.0,4.0,5.0,1,6.0,0.0
2025-02-22 Aston Villa-Chelsea,2425,2025-02-22,Aston Villa,Chelsea,Michael Oliver,3.0,4.0,1.2,1.6,1.4444444444444444,8.0,7.0,1.6,2.0,1.6838487972508591,4.762557077625571,2.727272727272727,2.0,1.0,3.0,1,8.0,2.0
2025-02-22 Fulham-Crystal Palace,2425,2025-02-22,Fulham,Crystal Palace,Robert Jones,7.0,9.0,1.6,1.2,1.1807909604519775,7.0,9.0,1.6,0.8,1.1821305841924399,7.364705882352941,2.0,0.0,2.0,2.0,0,8.0,0.0
2025-02-22 Southampton-Brighton,2425,2025-02-22,Southampton,Brighton,Darren Bond,7.0,3.0,1.4,2.6,1.098814229249012,8.0,9.0,1.6,1.8,1.2199312714776633,8.947368421052632,2.6923076923076925,0.0,4.0,4.0,0,4.0,0.0
2025-02-22 Arsenal-West Ham United,2425,2025-02-22,Arsenal,West Ham United,Craig Pawson,7.0,13.0,2.4,0.8,1.8865979381443299,7.0,4.0,1.0,1.6,1.3814432989690721,5.350282485875706,3.466666666666667,0.0,1.0,1.0,0,10.0,0.0
2025-02-22 Everton-Manchester Utd,2425,2025-02-22,Everton,Manchester Utd,Andy Madley,7.0,13.0,2.4,1.0,1.1443298969072164,6.0,6.0,1.0,1.4,1.6219931271477663,5.628571428571429,2.933333333333333,2.0,2.0,4.0,1,10.0,1.0
2025-02-22 Bournemouth-Wolves,2425,2025-02-22,Bournemouth,Wolves,Michael Salisbury,7.0,10.0,2.8,1.2,1.283720930232558,6.0,3.0,0.8,1.8,1.1383399209486167,7.846153846153846,2.111111111111111,0.0,1.0,1.0,0,14.0,0.0
2025-02-23 Newcastle United-Nottingham Forest,2425,2025-02-23,Newcastle United,Nottingham Forest,Jarred Gillett,8.0,6.0,1.6,2.2,1.388316151202749,8.0,7.0,2.4,2.0,1.2673267326732673,7.166666666666667,3.6,4.0,3.0,7.0,1,10.0,2.0
2025-02-23 Manchester City-Liverpool,2425,2025-02-23,Manchester City,Liverpool,Anthony Taylor,8.0,10.0,3.2,1.6,2.4982817869415808,4.0,11.0,2.4,1.2,2.202054794520548,5.225663716814159,3.3333333333333335,0.0,2.0,2.0,0,0.0,0.0
2025-02-25 Brighton-Bournemouth,2425,2025-02-25,Brighton,Bournemouth,Michael Oliver,3.0,9.0,2.0,1.8,1.2294520547945205,3.0,9.0,2.4,1.0,1.2777777777777777,4.777272727272727,3.0,2.0,1.0,3.0,1,6.0,2.0
2025-02-25 Crystal Palace-Aston Villa,2425,2025-02-25,Crystal Palace,Aston Villa,Samuel Barrott,3.0,9.0,1.6,0.8,1.1849315068493151,3.0,6.0,1.2,1.4,1.4470046082949308,7.548387096774194,3.090909090909091,4.0,1.0,5.0,1,8.0,2.0
2025-02-25 Wolves-Fulham,2425,2025-02-25,Wolves,Fulham,Peter Bankes,3.0,6.0,1.0,1.2,1.1377952755905512,3.0,9.0,1.2,1.0,1.1741573033707866,6.604651162790698,2.2222222222222223,1.0,2.0,3.0,1,8.0,0.0
2025-02-25 Chelsea-Southampton,2425,2025-02-25,Chelsea,Southampton,Thomas Bramall,3.0,6.0,1.4,2.0,1.6815068493150684,3.0,3.0,1.2,2.8,1.094488188976378,8.166666666666666,3.3846153846153846,4.0,0.0,4.0,0,6.0,2.0
2025-02-26 Tottenham Hotspur-Manchester City,2425,2025-02-26,Tottenham Hotspur,Manchester City,Jarred Gillett,4.0,9.0,2.0,1.2,1.8356164383561644,3.0,9.0,2.8,1.6,2.48972602739726,7.218181818181818,3.1333333333333333,0.0,1.0,1.0,0,6.0,0.0
2025-02-26 Nottingham Forest-Arsenal,2425,2025-02-26,Nottingham Forest,Arsenal,Andy Madley,3.0,6.0,2.8,2.6,1.2843137254901962,4.0,10.0,2.0,0.8,1.88013698630137,5.669811320754717,3.0,0.0,0.0,0.0,0,4.0,1.0
2025-02-26 Liverpool-Newcastle United,2425,2025-02-26,Liverpool,Newcastle United,Stuart Attwell,3.0,11.0,2.0,1.0,2.2013651877133107,3.0,6.0,1.8,2.8,1.3972602739726028,5.279220779220779,3.2,2.0,0.0,2.0,0,2.0,2.0
2025-02-26 Brentford-Everton,2425,2025-02-26,Brentford,Everton,Simon Hooper,5.0,9.0,1.4,1.0,1.4928571428571429,4.0,11.0,2.2,1.0,1.1472602739726028,6.128205128205129,2.0,1.0,1.0,2.0,1,6.0,1.0
2025-02-26 Manchester Utd-Ipswich Town,2425,2025-02-26,Manchester Utd,Ipswich Town,Darren England,4.0,4.0,0.8,1.6,1.6232876712328768,4.0,1.0,0.8,3.4,0.9230769230769231,6.797101449275362,2.0,3.0,2.0,5.0,1,18.0,2.0
2025-02-27 West Ham United-Leicester City,2425,2025-02-27,West Ham United,Leicester City,Anthony Taylor,5.0,4.0,0.6,1.2,1.38013698630137,6.0,3.0,0.4,2.6,1.4960629921259843,5.202643171806168,3.3846153846153846,2.0,0.0,2.0,0,0.0,2.0
2025-03-08 Nottingham Forest-Manchester City,2425,2025-03-08,Nottingham Forest,Manchester City,Chris Kavanagh,10.0,4.0,2.2,2.2,1.2718446601941749,10.0,9.0,1.8,1.6,2.484641638225256,5.187096774193549,3.0,1.0,0.0,1.0,0,10.0,2.0
2025-03-08 Brighton-Fulham,2425,2025-03-08,Brighton,Fulham,Samuel Barrott,11.0,9.0,1.8,1.8,1.2320819112627985,11.0,9.0,1.2,1.2,1.1787709497206704,7.5625,2.5555555555555554,2.0,1.0,3.0,1,4.0,2.0
2025-03-08 Crystal Palace-Ipswich Town,2425,2025-03-08,Crystal Palace,Ipswich Town,Simon Hooper,11.0,9.0,2.0,1.0,1.1945392491467577,10.0,1.0,1.2,2.8,0.9629629629629629,6.127118644067797,1.0,1.0,0.0,1.0,0,14.0,2.0
2025-03-08 Liverpool-Southampton,2425,2025-03-08,Liverpool,Southampton,Lewis Smith,10.0,11.0,2.0,1.0,2.2006802721088436,11.0,3.0,0.8,3.0,1.0901960784313725,8.666666666666666,3.5384615384615383,3.0,1.0,4.0,1,6.0,2.0
2025-03-08 Brentford-Aston Villa,2425,2025-03-08,Brentford,Aston Villa,Jarred Gillett,10.0,10.0,1.6,0.8,1.4893617021276595,11.0,5.0,1.2,2.0,1.444954128440367,7.196428571428571,3.4285714285714284,0.0,1.0,1.0,0,8.0,0.0
2025-03-08 Wolves-Everton,2425,2025-03-08,Wolves,Everton,Stuart Attwell,11.0,6.0,1.0,1.0,1.1372549019607843,10.0,9.0,2.2,1.2,1.1467576791808873,5.258064516129032,2.8461538461538463,1.0,1.0,2.0,1,8.0,1.0
2025-03-09 Chelsea-Leicester City,2425,2025-03-09,Chelsea,Leicester City,Tim Robinson,12.0,6.0,1.6,1.8,1.689419795221843,10.0,3.0,0.4,2.6,1.4901960784313726,8.882352941176471,2.3076923076923075,1.0,0.0,1.0,0,2.0,2.0
2025-03-09 Tottenham Hotspur-Bournemouth,2425,2025-03-09,Tottenham Hotspur,Bournemouth,John Brooks,11.0,9.0,1.6,0.8,1.8293515358361774,12.0,6.0,1.8,1.2,1.2764976958525345,8.75438596491228,3.090909090909091,2.0,2.0,4.0,1,12.0,1.0
2025-03-09 Manchester Utd-Arsenal,2425,2025-03-09,Manchester Utd,Arsenal,Anthony Taylor,11.0,7.0,1.2,1.4,1.627986348122867,11.0,10.0,1.6,0.4,1.8737201365187712,5.1798245614035086,2.8666666666666667,1.0,1.0,2.0,1,2.0,1.0
2025-03-10 West Ham United-Newcastle United,2425,2025-03-10,West Ham United,Newcastle United,Michael Salisbury,11.0,7.0,1.0,0.8,1.3822525597269624,12.0,6.0,1.6,2.4,1.3924914675767919,8.0,3.8666666666666667,0.0,1.0,1.0,0,2.0,0.0
2025-03-15 Southampton-Wolves,2425,2025-03-15,Southampton,Wolves,Robert Jones,7.0,3.0,0.8,3.0,1.08984375,7.0,7.0,1.2,1.0,1.13671875,7.372093023255814,2.6363636363636362,1.0,2.0,3.0,1,0.0,0.0
2025-03-15 Bournemouth-Brentford,2425,2025-03-15,Bournemouth,Brentford,Craig Pawson,6.0,4.0,1.2,1.6,1.2798165137614679,7.0,7.0,1.2,0.8,1.4788732394366197,5.376404494382022,2.8,1.0,2.0,3.0,1,6.0,0.0
2025-03-15 Manchester City-Brighton,2425,2025-03-15,Manchester City,Brighton,Simon Hooper,7.0,6.0,1.2,1.6,2.4761904761904763,7.0,12.0,2.2,1.8,1.2346938775510203,6.19327731092437,3.466666666666667,2.0,2.0,4.0,1,14.0,1.0
2025-03-15 Everton-West Ham United,2425,2025-03-15,Everton,West Ham United,Darren Bond,7.0,7.0,1.6,1.4,1.1462585034013606,5.0,6.0,0.8,0.8,1.3775510204081634,8.7,2.1333333333333333,1.0,1.0,2.0,1,6.0,1.0
2025-03-15 Ipswich Town-Nottingham Forest,2425,2025-03-15,Ipswich Town,Nottingham Forest,Michael Salisbury,7.0,1.0,1.0,2.2,0.9285714285714286,7.0,7.0,2.4,1.2,1.2692307692307692,7.853658536585366,1.0,2.0,4.0,6.0,1,4.0,0.0
2025-03-16 Arsenal-Chelsea,2425,2025-03-16,Arsenal,Chelsea,Chris Kavanagh,7.0,8.0,1.6,0.6,1.870748299319728,7.0,9.0,1.6,1.2,1.6870748299319729,5.217948717948718,3.1333333333333333,1.0,0.0,1.0,0,12.0,2.0
2025-03-16 Fulham-Tottenham Hotspur,2425,2025-03-16,Fulham,Tottenham Hotspur,Andy Madley,8.0,9.0,1.4,1.4,1.1777777777777778,7.0,10.0,1.8,0.8,1.8299319727891157,5.654205607476635,2.3333333333333335,2.0,0.0,2.0,0,0.0,2.0
2025-03-16 Leicester City-Manchester Utd,2425,2025-03-16,Leicester City,Manchester Utd,Thomas Bramall,7.0,0.0,0.0,2.6,1.484375,7.0,5.0,1.2,1.6,1.6258503401360545,8.08,2.6923076923076925,0.0,3.0,3.0,0,4.0,0.0
2025-04-01 Arsenal-Fulham,2425,2025-04-01,Arsenal,Fulham,John Brooks,16.0,8.0,0.8,0.4,1.8677966101694916,16.0,9.0,1.4,1.2,1.1823204419889504,8.810344827586206,3.4444444444444446,2.0,1.0,3.0,1,6.0,2.0
2025-04-01 Wolves-West Ham United,2425,2025-04-01,Wolves,West Ham United,Tony Harrington,17.0,7.0,1.2,1.2,1.140077821011673,17.0,7.0,0.8,0.6,1.376271186440678,7.303030303030303,2.3846153846153846,1.0,0.0,1.0,0,12.0,2.0
2025-04-01 Nottingham Forest-Manchester Utd,2425,2025-04-01,Nottingham Forest,Manchester Utd,Jarred Gillett,17.0,7.0,1.8,1.6,1.2952380952380953,16.0,8.0,1.8,1.2,1.6305084745762712,7.2105263157894735,3.6,1.0,0.0,1.0,0,8.0,2.0
2025-04-02 Liverpool-Everton,2425,2025-04-02,Liverpool,Everton,Samuel Barrott,25.0,13.0,2.2,0.8,2.2033898305084745,18.0,7.0,1.4,1.2,1.1457627118644067,7.454545454545454,2.2,1.0,0.0,1.0,0,8.0,2.0
2025-04-02 Southampton-Crystal Palace,2425,2025-04-02,Southampton,Crystal Palace,Andy Madley,18.0,0.0,0.6,3.2,1.0894941634241244,25.0,12.0,2.0,0.6,1.1938775510204083,5.601851851851852,2.3076923076923075,1.0,1.0,2.0,1,6.0,1.0
2025-04-02 Newcastle United-Brentford,2425,2025-04-02,Newcastle United,Brentford,Peter Bankes,23.0,6.0,1.2,2.2,1.3911564625850341,18.0,10.0,1.6,0.6,1.4825174825174825,6.620689655172414,4.285714285714286,2.0,1.0,3.0,1,4.0,2.0
2025-04-02 Manchester City-Leicester City,2425,2025-04-02,Manchester City,Leicester City,Darren England,18.0,7.0,1.4,1.0,2.4745762711864407,17.0,0.0,0.0,2.4,1.4785992217898833,6.957142857142857,3.3076923076923075,2.0,0.0,2.0,0,10.0,2.0
2025-04-02 Brighton-Aston Villa,2425,2025-04-02,Brighton,Aston Villa,Stuart Attwell,18.0,13.0,2.6,0.8,1.2372881355932204,25.0,8.0,1.4,1.6,1.4429223744292237,5.2756410256410255,2.727272727272727,0.0,3.0,3.0,0,10.0,0.0
2025-04-02 Bournemouth-Ipswich Town,2425,2025-04-02,Bournemouth,Ipswich Town,Robert Jones,18.0,4.0,1.4,1.6,1.278538812785388,18.0,1.0,1.2,2.6,0.9655172413793104,7.287356321839081,3.0,1.0,2.0,3.0,1,6.0,0.0
2025-04-03 Chelsea-Tottenham Hotspur,2425,2025-04-03,Chelsea,Tottenham Hotspur,Craig Pawson,18.0,6.0,1.2,1.2,1.6813559322033897,18.0,7.0,1.4,1.2,1.823728813559322,5.379888268156424,2.933333333333333,1.0,0.0,1.0,0,20.0,2.0
2025-04-05 Everton-Arsenal,2425,2025-04-05,Everton,Arsenal,Darren England,3.0,4.0,1.0,1.2,1.1418918918918919,4.0,8.0,0.8,0.6,1.8682432432432432,7.0,2.8666666666666667,1.0,1.0,2.0,1,8.0,1.0
2025-04-05 Crystal Palace-Brighton,2425,2025-04-05,Crystal Palace,Brighton,Anthony Taylor,3.0,10.0,1.8,0.8,1.193220338983051,3.0,10.0,2.0,1.4,1.2331081081081081,5.165938864628821,2.533333333333333,2.0,1.0,3.0,1,8.0,2.0
2025-04-05 Ipswich Town-Wolves,2425,2025-04-05,Ipswich Town,Wolves,Peter Bankes,3.0,3.0,1.4,2.6,1.0,4.0,10.0,1.2,0.8,1.1395348837209303,6.590909090909091,3.0,1.0,2.0,3.0,1,8.0,0.0
2025-04-05 West Ham United-Bournemouth,2425,2025-04-05,West Ham United,Bournemouth,Tim Robinson,4.0,7.0,0.8,0.6,1.3716216216216217,3.0,1.0,1.0,1.8,1.2772727272727273,8.685714285714285,3.0,2.0,2.0,4.0,1,8.0,1.0
2025-04-05 Aston Villa-Nottingham Forest,2425,2025-04-05,Aston Villa,Nottingham Forest,Simon Hooper,3.0,10.0,1.8,1.4,1.45,4.0,10.0,1.8,1.2,1.2924528301886793,6.258333333333334,3.0,2.0,1.0,3.0,1,8.0,2.0
2025-04-06 Manchester Utd-Manchester City,2425,2025-04-06,Manchester Utd,Manchester City,John Brooks,5.0,8.0,1.8,1.2,1.625,4.0,7.0,1.0,1.0,2.472972972972973,8.76271186440678,3.3333333333333335,0.0,0.0,0.0,0,10.0,1.0
2025-04-06 Tottenham Hotspur-Southampton,2425,2025-04-06,Tottenham Hotspur,Southampton,Michael Salisbury,3.0,4.0,1.2,1.4,1.8175675675675675,4.0,1.0,0.6,2.8,1.0891472868217054,7.761904761904762,4.076923076923077,3.0,1.0,4.0,1,4.0,2.0
2025-04-06 Brentford-Chelsea,2425,2025-04-06,Brentford,Chelsea,Michael Oliver,4.0,7.0,1.6,1.0,1.4791666666666667,3.0,9.0,1.4,0.6,1.679054054054054,4.782805429864253,2.4285714285714284,0.0,0.0,0.0,0,8.0,1.0
2025-04-06 Fulham-Liverpool,2425,2025-04-06,Fulham,Liverpool,Chris Kavanagh,5.0,6.0,1.2,1.4,1.1813186813186813,4.0,13.0,2.0,0.6,2.199324324324324,5.261146496815287,3.111111111111111,3.0,2.0,5.0,1,6.0,2.0
2025-04-07 Leicester City-Newcastle United,2425,2025-04-07,Leicester City,Newcastle United,Robert Jones,5.0,0.0,0.0,2.4,1.4728682170542635,5.0,9.0,1.4,2.0,1.3932203389830509,7.2727272727272725,3.230769230769231,0.0,3.0,3.0,0,4.0,0.0
2025-04-12 Manchester City-Crystal Palace,2425,2025-04-12,Manchester City,Crystal Palace,Jarred Gillett,6.0,8.0,1.0,0.6,2.4646464646464645,7.0,13.0,2.0,0.6,1.195945945945946,7.224137931034483,3.2666666666666666,5.0,2.0,7.0,1,10.0,2.0
2025-04-12 Brighton-Leicester City,2425,2025-04-12,Brighton,Leicester City,Darren Bond,7.0,7.0,1.4,1.8,1.2323232323232323,5.0,0.0,0.0,2.2,1.4671814671814671,8.571428571428571,2.8461538461538463,2.0,2.0,4.0,1,14.0,1.0
2025-04-12 Nottingham Forest-Everton,2425,2025-04-12,Nottingham Forest,Everton,Craig Pawson,7.0,10.0,1.4,0.8,1.2897196261682242,7.0,4.0,0.8,1.0,1.1414141414141414,5.461111111111111,2.2,0.0,1.0,1.0,0,6.0,0.0
2025-04-12 Southampton-Aston Villa,2425,2025-04-12,Southampton,Aston Villa,Thomas Bramall,6.0,1.0,0.8,2.6,1.0888030888030888,7.0,12.0,1.8,1.2,1.4524886877828054,7.923076923076923,2.4444444444444446,0.0,3.0,3.0,0,8.0,0.0
2025-04-12 Arsenal-Brentford,2425,2025-04-12,Arsenal,Brentford,Simon Hooper,7.0,9.0,1.0,0.6,1.8653198653198653,6.0,5.0,0.8,1.0,1.4689655172413794,6.2727272727272725,2.5714285714285716,1.0,1.0,2.0,1,8.0,1.0
2025-04-13 Wolves-Tottenham Hotspur,2425,2025-04-13,Wolves,Tottenham Hotspur,Anthony Taylor,8.0,10.0,1.4,1.0,1.1428571428571428,7.0,4.0,1.0,1.4,1.8215488215488216,5.178260869565217,2.769230769230769,4.0,2.0,6.0,1,6.0,2.0
2025-04-13 Chelsea-Ipswich Town,2425,2025-04-13,Chelsea,Ipswich Town,Stuart Attwell,7.0,10.0,1.2,0.2,1.6734006734006734,8.0,3.0,1.4,2.2,1.0,5.305732484076433,2.0,2.0,2.0,4.0,1,8.0,1.0
2025-04-13 Liverpool-West Ham United,2425,2025-04-13,Liverpool,West Ham United,Andy Madley,7.0,12.0,2.0,0.8,2.1986531986531985,8.0,5.0,1.0,1.0,1.3737373737373737,5.605504587155964,3.533333333333333,2.0,1.0,3.0,1,4.0,2.0
2025-04-13 Newcastle United-Manchester Utd,2425,2025-04-13,Newcastle United,Manchester Utd,Chris Kavanagh,6.0,12.0,2.0,1.2,1.3986486486486487,7.0,8.0,1.4,0.8,1.6195286195286196,5.265822784810126,3.0,4.0,1.0,5.0,1,4.0,2.0
2025-04-14 Bournemouth-Fulham,2425,2025-04-14,Bournemouth,Fulham,Michael Oliver,9.0,2.0,1.4,2.0,1.2805429864253393,8.0,9.0,1.8,1.4,1.1912568306010929,4.797297297297297,3.142857142857143,1.0,0.0,1.0,0,10.0,2.0
2025-04-16 Newcastle United-Crystal Palace,2425,2025-04-16,Newcastle United,Crystal Palace,Darren England,3.0,12.0,2.0,0.8,1.4074074074074074,4.0,10.0,2.0,1.6,1.1986531986531987,7.013888888888889,1.4666666666666666,5.0,0.0,5.0,0,10.0,2.0
2025-04-19 West Ham United-Southampton,2425,2025-04-19,West Ham United,Southampton,Andrew Kitchen,6.0,2.0,0.8,1.4,1.3724832214765101,7.0,1.0,0.8,2.4,1.0846153846153845,5.229605263157895,2.3846153846153846,1.0,1.0,2.0,1,6.0,1.0
2025-04-19 Everton-Manchester City,2425,2025-04-19,Everton,Manchester City,Simon Hooper,7.0,6.0,0.8,0.8,1.1409395973154361,7.0,8.0,1.8,1.0,2.4731543624161074,6.286885245901639,3.0,0.0,2.0,2.0,0,8.0,0.0
2025-04-19 Aston Villa-Newcastle United,2425,2025-04-19,Aston Villa,Newcastle United,Jarred Gillett,7.0,12.0,2.0,1.0,1.4594594594594594,3.0,15.0,3.0,0.4,1.419463087248322,7.271186440677966,2.8181818181818183,4.0,1.0,5.0,1,8.0,2.0
2025-04-19 Brentford-Brighton,2425,2025-04-19,Brentford,Brighton,Tim Robinson,7.0,5.0,0.8,1.0,1.4657534246575343,7.0,5.0,1.4,2.0,1.2348993288590604,8.666666666666666,2.0,4.0,2.0,6.0,1,14.0,2.0
2025-04-19 Crystal Palace-Bournemouth,2425,2025-04-19,Crystal Palace,Bournemouth,Samuel Barrott,3.0,7.0,1.2,2.4,1.1946308724832215,5.0,5.0,1.4,1.6,1.2792792792792793,7.470588235294118,2.6363636363636362,0.0,0.0,0.0,0,16.0,1.0
2025-04-20 Manchester Utd-Wolves,2425,2025-04-20,Manchester Utd,Wolves,Robert Jones,7.0,5.0,1.0,1.2,1.6174496644295302,7.0,13.0,2.0,1.0,1.1538461538461537,7.235955056179775,2.0,0.0,1.0,1.0,0,10.0,0.0
2025-04-20 Leicester City-Liverpool,2425,2025-04-20,Leicester City,Liverpool,Stuart Attwell,8.0,1.0,0.4,2.2,1.4692307692307693,7.0,12.0,2.0,1.0,2.197986577181208,5.322784810126582,3.076923076923077,0.0,1.0,1.0,0,6.0,0.0
2025-04-20 Fulham-Chelsea,2425,2025-04-20,Fulham,Chelsea,Anthony Taylor,6.0,6.0,1.4,1.4,1.184782608695652,7.0,8.0,0.8,0.6,1.674496644295302,5.181818181818182,1.8888888888888888,1.0,2.0,3.0,1,8.0,0.0
2025-04-20 Ipswich Town-Arsenal,2425,2025-04-20,Ipswich Town,Arsenal,Chris Kavanagh,7.0,4.0,1.4,2.0,1.03125,8.0,9.0,1.2,0.8,1.8624161073825503,5.2578616352201255,1.0,0.0,4.0,4.0,0,2.0,0.0
2025-04-21 Tottenham Hotspur-Nottingham Forest,2425,2025-04-21,Tottenham Hotspur,Nottingham Forest,Peter Bankes,8.0,4.0,1.4,2.0,1.8221476510067114,9.0,9.0,1.4,1.0,1.2777777777777777,6.606741573033708,2.6,1.0,2.0,3.0,1,10.0,0.0
2025-04-22 Manchester City-Aston Villa,2425,2025-04-22,Manchester City,Aston Villa,Craig Pawson,3.0,11.0,2.2,0.8,2.471571906354515,3.0,15.0,2.6,0.4,1.4708520179372198,5.464088397790055,3.4545454545454546,2.0,1.0,3.0,1,12.0,2.0
2025-04-23 Arsenal-Crystal Palace,2425,2025-04-23,Arsenal,Crystal Palace,Michael Salisbury,3.0,11.0,1.8,0.6,1.8695652173913044,4.0,5.0,1.0,2.4,1.1906354515050168,7.674418604651163,3.6666666666666665,2.0,2.0,4.0,1,4.0,1.0
2025-04-26 Chelsea-Everton,2425,2025-04-26,Chelsea,Everton,Chris Kavanagh,6.0,8.0,1.0,0.8,1.6755852842809364,7.0,5.0,0.6,1.0,1.137123745819398,5.2375,2.066666666666667,1.0,0.0,1.0,0,0.0,2.0
2025-04-26 Brighton-West Ham United,2425,2025-04-26,Brighton,West Ham United,Darren England,7.0,2.0,1.4,2.6,1.2374581939799332,7.0,3.0,1.0,1.4,1.37123745819398,7.054794520547945,2.933333333333333,3.0,2.0,5.0,1,4.0,2.0
2025-04-26 Newcastle United-Ipswich Town,2425,2025-04-26,Newcastle United,Ipswich Town,Michael Salisbury,7.0,12.0,3.0,1.2,1.4180602006688963,6.0,4.0,1.4,2.6,1.0,7.590909090909091,4.0,3.0,0.0,3.0,0,8.0,2.0
2025-04-26 Southampton-Fulham,2425,2025-04-26,Southampton,Fulham,Tony Harrington,7.0,2.0,0.8,2.0,1.0842911877394636,6.0,6.0,1.4,1.4,1.1837837837837837,7.4411764705882355,2.2857142857142856,1.0,2.0,3.0,1,4.0,0.0
2025-04-26 Wolves-Leicester City,2425,2025-04-26,Wolves,Leicester City,Samuel Barrott,6.0,15.0,2.0,0.8,1.1532567049808429,6.0,1.0,0.4,2.2,1.4636015325670497,7.714285714285714,2.1818181818181817,3.0,0.0,3.0,0,10.0,2.0
2025-04-27 Bournemouth-Manchester Utd,2425,2025-04-27,Bournemouth,Manchester Utd,Peter Bankes,8.0,5.0,1.0,1.2,1.2735426008968609,7.0,4.0,0.8,1.2,1.6120401337792643,6.644444444444445,3.0,1.0,1.0,2.0,1,14.0,1.0
2025-04-27 Liverpool-Tottenham Hotspur,2425,2025-04-27,Liverpool,Tottenham Hotspur,Thomas Bramall,7.0,12.0,1.8,1.0,2.1939799331103678,6.0,3.0,1.2,2.0,1.8193979933110367,7.925925925925926,4.0,5.0,1.0,6.0,1,6.0,2.0
2025-05-01 Nottingham Forest-Brentford,2425,2025-05-01,Nottingham Forest,Brentford,Darren England,10.0,9.0,1.6,1.2,1.2844036697247707,12.0,8.0,1.6,1.2,1.4829931972789117,7.013513513513513,3.2,0.0,2.0,2.0,0,16.0,0.0
2025-05-02 Manchester City-Wolves,2425,2025-05-02,Manchester City,Wolves,Peter Bankes,10.0,13.0,2.2,0.6,2.47,6.0,15.0,2.2,0.6,1.1603053435114503,6.725274725274725,3.5384615384615383,1.0,0.0,1.0,0,0.0,2.0
2025-05-03 Aston Villa-Fulham,2425,2025-05-03,Aston Villa,Fulham,Robert Jones,11.0,12.0,2.6,0.8,1.46875,7.0,6.0,1.4,1.6,1.1881720430107527,7.266666666666667,3.142857142857143,1.0,0.0,1.0,0,10.0,2.0
2025-05-03 Everton-Ipswich Town,2425,2025-05-03,Everton,Ipswich Town,Lewis Smith,7.0,4.0,0.4,1.0,1.1333333333333333,7.0,4.0,1.0,2.4,0.9705882352941176,8.285714285714286,2.0,2.0,2.0,4.0,1,16.0,1.0
2025-05-03 Leicester City-Southampton,2425,2025-05-03,Leicester City,Southampton,David Webb,7.0,1.0,0.4,2.2,1.4580152671755726,7.0,2.0,0.8,2.0,1.083969465648855,5.229605263157895,3.4615384615384617,2.0,0.0,2.0,0,8.0,2.0
2025-05-03 Arsenal-Bournemouth,2425,2025-05-03,Arsenal,Bournemouth,Jarred Gillett,10.0,9.0,2.0,1.0,1.87,6.0,6.0,1.0,1.0,1.2723214285714286,7.283333333333333,3.1818181818181817,1.0,2.0,3.0,1,4.0,0.0
2025-05-04 Brentford-Manchester Utd,2425,2025-05-04,Brentford,Manchester Utd,Anthony Taylor,3.0,8.0,1.6,1.0,1.4864864864864864,7.0,2.0,0.4,1.4,1.61,5.193965517241379,2.857142857142857,4.0,3.0,7.0,1,4.0,2.0
2025-05-04 Brighton-Newcastle United,2425,2025-05-04,Brighton,Newcastle United,Craig Pawson,8.0,4.0,1.6,2.6,1.2433333333333334,8.0,12.0,3.2,1.0,1.4233333333333333,5.5,1.8,1.0,1.0,2.0,1,6.0,1.0
2025-05-04 West Ham United-Tottenham Hotspur,2425,2025-05-04,West Ham United,Tottenham Hotspur,Michael Oliver,8.0,2.0,1.2,1.8,1.3733333333333333,7.0,3.0,1.4,2.6,1.8166666666666667,4.820627802690583,2.933333333333333,1.0,1.0,2.0,1,8.0,1.0
2025-05-04 Chelsea-Liverpool,2425,2025-05-04,Chelsea,Liverpool,Simon Hooper,8.0,11.0,1.2,0.6,1.6733333333333333,7.0,12.0,2.2,1.0,2.203333333333333,6.300813008130081,2.466666666666667,3.0,1.0,4.0,1,8.0,2.0
2025-05-05 Crystal Palace-Nottingham Forest,2425,2025-05-05,Crystal Palace,Nottingham Forest,Andy Madley,12.0,5.0,1.2,2.6,1.1933333333333334,4.0,6.0,0.8,1.2,1.2727272727272727,5.590909090909091,1.2,1.0,1.0,2.0,1,22.0,1.0
2025-05-10 Bournemouth-Aston Villa,2425,2025-05-10,Bournemouth,Aston Villa,Stuart Attwell,7.0,9.0,1.2,0.8,1.2755555555555556,7.0,12.0,2.2,0.8,1.4666666666666666,5.327044025157233,3.0,0.0,1.0,1.0,0,16.0,0.0
2025-05-10 Wolves-Brighton,2425,2025-05-10,Wolves,Brighton,Michael Oliver,8.0,12.0,2.0,0.8,1.155893536121673,6.0,5.0,1.8,2.2,1.2425249169435215,4.834821428571429,2.923076923076923,0.0,2.0,2.0,0,4.0,0.0
2025-05-10 Fulham-Everton,2425,2025-05-10,Fulham,Everton,Darren England,7.0,6.0,1.2,1.4,1.1818181818181819,7.0,5.0,0.8,1.2,1.1362126245847175,7.133333333333334,2.111111111111111,1.0,3.0,4.0,1,2.0,0.0
2025-05-10 Ipswich Town-Brentford,2425,2025-05-10,Ipswich Town,Brentford,Samuel Barrott,7.0,2.0,1.0,2.6,1.0,6.0,11.0,2.2,1.2,1.5033557046979866,7.777777777777778,7.0,0.0,1.0,1.0,0,12.0,0.0
2025-05-10 Southampton-Manchester City,2425,2025-05-10,Southampton,Manchester City,Tim Robinson,7.0,1.0,0.6,2.2,1.079847908745247,8.0,13.0,2.0,0.6,2.4651162790697674,8.81081081081081,3.0,0.0,0.0,0.0,0,4.0,1.0
2025-05-11 Newcastle United-Chelsea,2425,2025-05-11,Newcastle United,Chelsea,John Brooks,7.0,10.0,2.8,1.2,1.4219269102990033,7.0,11.0,1.6,0.8,1.6777408637873754,8.783333333333333,2.6,2.0,0.0,2.0,0,14.0,2.0
2025-05-11 Manchester Utd-West Ham United,2425,2025-05-11,Manchester Utd,West Ham United,Jarred Gillett,7.0,2.0,1.0,2.0,1.6146179401993355,7.0,3.0,1.4,1.8,1.372093023255814,7.229508196721311,2.2666666666666666,0.0,2.0,2.0,0,2.0,0.0
2025-05-11 Nottingham Forest-Leicester City,2425,2025-05-11,Nottingham Forest,Leicester City,Tony Harrington,6.0,4.0,0.8,1.4,1.2702702702702702,8.0,4.0,0.8,1.8,1.4600760456273765,7.3428571428571425,3.3333333333333335,2.0,2.0,4.0,1,12.0,1.0
2025-05-11 Tottenham Hotspur-Crystal Palace,2425,2025-05-11,Tottenham Hotspur,Crystal Palace,Chris Kavanagh,7.0,4.0,1.6,2.6,1.813953488372093,6.0,3.0,1.0,2.6,1.1926910299003322,5.204968944099379,2.466666666666667,0.0,2.0,2.0,0,4.0,0.0
2025-05-11 Liverpool-Arsenal,2425,2025-05-11,Liverpool,Arsenal,Anthony Taylor,7.0,9.0,2.2,1.6,2.1993355481727574,8.0,6.0,1.8,1.2,1.867109634551495,5.1888412017167385,3.8,2.0,2.0,4.0,1,6.0,1.0
2025-05-16 Aston Villa-Tottenham Hotspur,2425,2025-05-16,Aston Villa,Tottenham Hotspur,Peter Bankes,6.0,12.0,2.0,0.6,1.4646017699115044,5.0,1.0,1.0,2.8,1.8079470198675496,6.6521739130434785,3.4545454545454546,2.0,0.0,2.0,0,6.0,2.0
2025-05-16 Chelsea-Manchester Utd,2425,2025-05-16,Chelsea,Manchester Utd,Chris Kavanagh,5.0,10.0,1.6,1.2,1.6721854304635762,5.0,1.0,1.0,2.4,1.609271523178808,5.197530864197531,2.6,1.0,0.0,1.0,0,14.0,2.0
2025-05-18 Arsenal-Newcastle United,2425,2025-05-18,Arsenal,Newcastle United,Simon Hooper,7.0,6.0,2.0,1.4,1.8675496688741722,7.0,10.0,2.4,1.0,1.423841059602649,6.314516129032258,2.1333333333333333,1.0,0.0,1.0,0,12.0,2.0
2025-05-18 Leicester City-Ipswich Town,2425,2025-05-18,Leicester City,Ipswich Town,Andrew Kitchen,7.0,5.0,1.2,1.6,1.4621212121212122,8.0,2.0,0.8,2.4,0.9722222222222222,6.0,2.0,2.0,0.0,2.0,0,2.0,2.0
2025-05-18 West Ham United-Nottingham Forest,2425,2025-05-18,West Ham United,Nottingham Forest,Samuel Barrott,7.0,5.0,1.4,1.4,1.3741721854304636,7.0,5.0,1.0,1.4,1.2767857142857142,7.891891891891892,3.0,1.0,2.0,3.0,1,18.0,0.0
2025-05-18 Everton-Southampton,2425,2025-05-18,Everton,Southampton,Michael Oliver,8.0,7.0,1.2,1.2,1.1423841059602649,8.0,2.0,0.4,1.6,1.0757575757575757,4.831111111111111,2.6153846153846154,2.0,0.0,2.0,0,4.0,2.0
2025-05-18 Brentford-Fulham,2425,2025-05-18,Brentford,Fulham,Jarred Gillett,8.0,13.0,2.4,1.2,1.5,8.0,3.0,0.8,1.6,1.1808510638297873,7.145161290322581,3.2,2.0,3.0,5.0,1,16.0,0.0
2025-05-19 Brighton-Liverpool,2425,2025-05-19,Brighton,Liverpool,Andy Madley,9.0,8.0,2.0,1.8,1.2450331125827814,8.0,10.0,2.2,1.4,2.198675496688742,5.738738738738738,3.1333333333333333,3.0,2.0,5.0,1,2.0,2.0
2025-05-20 Crystal Palace-Wolves,2425,2025-05-20,Crystal Palace,Wolves,David Webb,9.0,6.0,1.0,1.6,1.195364238410596,10.0,9.0,1.6,1.0,1.1515151515151516,8.0,2.4615384615384617,4.0,2.0,6.0,1,6.0,2.0
2025-05-20 Manchester City-Bournemouth,2425,2025-05-20,Manchester City,Bournemouth,Thomas Bramall,10.0,13.0,2.0,0.6,2.456953642384106,10.0,8.0,0.8,0.6,1.2699115044247788,7.857142857142857,3.5454545454545454,3.0,1.0,4.0,1,12.0,2.0
2025-05-25 Newcastle United-Everton,2425,2025-05-25,Newcastle United,Everton,Tony Harrington,7.0,7.0,1.4,1.2,1.4191419141914192,7.0,7.0,1.4,1.2,1.1452145214521452,7.472222222222222,2.466666666666667,0.0,1.0,1.0,0,10.0,0.0
2025-05-25 Southampton-Arsenal,2425,2025-05-25,Southampton,Arsenal,Darren Bond,7.0,2.0,0.4,1.4,1.0716981132075472,7.0,8.0,2.0,1.2,1.8646864686468647,8.818181818181818,3.230769230769231,1.0,2.0,3.0,1,0.0,0.0
2025-05-25 Nottingham Forest-Chelsea,2425,2025-05-25,Nottingham Forest,Chelsea,Anthony Taylor,7.0,8.0,1.4,1.4,1.2831858407079646,9.0,12.0,1.4,0.8,1.66996699669967,5.1923076923076925,2.8,0.0,1.0,1.0,0,8.0,0.0
2025-05-25 Manchester Utd-Aston Villa,2425,2025-05-25,Manchester Utd,Aston Villa,Thomas Bramall,9.0,1.0,0.8,1.8,1.603960396039604,9.0,12.0,1.8,0.6,1.4669603524229076,8.0,2.909090909090909,2.0,0.0,2.0,0,10.0,2.0
2025-05-25 Tottenham Hotspur-Brighton,2425,2025-05-25,Tottenham Hotspur,Brighton,Robert Jones,9.0,1.0,0.6,2.4,1.801980198019802,6.0,10.0,2.2,1.8,1.2508250825082508,7.2967032967032965,2.6,1.0,4.0,5.0,1,8.0,0.0
2025-05-25 Ipswich Town-West Ham United,2425,2025-05-25,Ipswich Town,West Ham United,Tim Robinson,7.0,1.0,0.4,2.4,0.9459459459459459,7.0,5.0,1.4,1.4,1.372937293729373,8.68421052631579,5.0,1.0,3.0,4.0,1,4.0,0.0
2025-05-25 Fulham-Manchester City,2425,2025-05-25,Fulham,Manchester City,Andy Madley,7.0,6.0,1.4,1.8,1.1904761904761905,5.0,13.0,1.6,0.4,2.458745874587459,5.705357142857143,3.4444444444444446,0.0,2.0,2.0,0,0.0,0.0
2025-05-25 Bournemouth-Leicester City,2425,2025-05-25,Bournemouth,Leicester City,Lewis Smith,5.0,5.0,0.8,1.2,1.2687224669603525,7.0,7.0,1.2,1.2,1.4641509433962263,9.25,2.6666666666666665,2.0,0.0,2.0,0,4.0,2.0
2025-05-25 Liverpool-Crystal Palace,2425,2025-05-25,Liverpool,Crystal Palace,Darren England,6.0,7.0,2.2,1.8,2.198019801980198,5.0,9.0,1.8,1.0,1.2046204620462047,7.065789473684211,2.8666666666666667,1.0,1.0,2.0,1,6.0,1.0
2025-05-25 Wolves-Brentford,2425,2025-05-25,Wolves,Brentford,Craig Pawson,5.0,6.0,1.2,1.4,1.1547169811320754,7.0,12.0,2.6,1.6,1.5033112582781456,5.502732240437158,3.4285714285714284,1.0,1.0,2.0,1,6.0,1.0
