league,season,game,jersey_number,player,team,is_starter,position,minutes_played
ENG-Premier League,2526,2026-01-24 West Ham United-Sunderland,23,Alphonse Areola,West Ham United,True,GK,90
ENG-Premier League,2526,2026-01-24 West Ham United-Sunderland,7,Crysencio Summerville,West Ham United,True,DM,89
ENG-Premier League,2526,2026-01-24 West Ham United-Sunderland,11,Valentín Castellanos,West Ham United,True,FW,74
ENG-Premier League,2526,2026-01-24 West Ham United-Sunderland,15,Konstantinos Mavropanos,West Ham United,True,CB,90
ENG-Premier League,2526,2026-01-24 West Ham United-Sunderland,18,Mateus Fernandes,West Ham United,True,DM,90
ENG-Premier League,2526,2026-01-24 West Ham United-Sunderland,19,Pablo,West Ham United,True,AM,69
ENG-Premier League,2526,2026-01-24 West Ham United-Sunderland,20,Jarrod Bowen,West Ham United,True,DM,90
ENG-Premier League,2526,2026-01-24 West Ham United-Sunderland,25,Jean-Clair Todibo,West Ham United,True,CB,90
ENG-Premier League,2526,2026-01-24 West Ham United-Sunderland,28,Tomáš Souček,West Ham United,True,DM,90
ENG-Premier League,2526,2026-01-24 West Ham United-Sunderland,29,Aaron Wan-Bissaka,West Ham United,True,RB,90
ENG-Premier League,2526,2026-01-24 West Ham United-Sunderland,30,Oliver Scarles,West Ham United,True,LB,69
ENG-Premier League,2526,2026-01-24 West Ham United-Sunderland,1,Mads Hermansen,West Ham United,False,,0
ENG-Premier League,2526,2026-01-24 West Ham United-Sunderland,2,Kyle Walker-Peters,West Ham United,False,,0
ENG-Premier League,2526,2026-01-24 West Ham United-Sunderland,3,Max Kilman,West Ham United,False,DF,1
ENG-Premier League,2526,2026-01-24 West Ham United-Sunderland,8,James Ward-Prowse,West Ham United,False,,0
ENG-Premier League,2526,2026-01-24 West Ham United-Sunderland,9,Callum Wilson,West Ham United,False,FW,21
ENG-Premier League,2526,2026-01-24 West Ham United-Sunderland,12,El Hadji Malick Diouf,West Ham United,False,"DF,MF",21
ENG-Premier League,2526,2026-01-24 West Ham United-Sunderland,27,Soungoutou Magassa,West Ham United,False,,0
ENG-Premier League,2526,2026-01-24 West Ham United-Sunderland,32,Freddie Potts,West Ham United,False,MF,16
ENG-Premier League,2526,2026-01-24 West Ham United-Sunderland,55,Mohamadou Kanté,West Ham United,False,,0
ENG-Premier League,2526,2026-01-24 West Ham United-Sunderland,22,Robin Roefs,Sunderland,True,GK,90
ENG-Premier League,2526,2026-01-24 West Ham United-Sunderland,5,Daniel Ballard,Sunderland,True,CB,90
ENG-Premier League,2526,2026-01-24 West Ham United-Sunderland,9,Brian Brobbey,Sunderland,True,FW,90
ENG-Premier League,2526,2026-01-24 West Ham United-Sunderland,12,Eliezer Mayenda,Sunderland,True,FW,74
ENG-Premier League,2526,2026-01-24 West Ham United-Sunderland,14,Romaine Mundle,Sunderland,True,LM,45
ENG-Premier League,2526,2026-01-24 West Ham United-Sunderland,15,Omar Alderete,Sunderland,True,CB,90
ENG-Premier League,2526,2026-01-24 West Ham United-Sunderland,17,Reinildo Mandava,Sunderland,True,LB,45
ENG-Premier League,2526,2026-01-24 West Ham United-Sunderland,20,Nordi Mukiele,Sunderland,True,RB,82
ENG-Premier League,2526,2026-01-24 West Ham United-Sunderland,27,Noah Sadiki,Sunderland,True,CM,90
ENG-Premier League,2526,2026-01-24 West Ham United-Sunderland,28,Enzo Le Fée,Sunderland,True,CM,90
ENG-Premier League,2526,2026-01-24 West Ham United-Sunderland,32,Trai Hume,Sunderland,True,RM,45
ENG-Premier League,2526,2026-01-24 West Ham United-Sunderland,1,Anthony Patterson,Sunderland,False,,0
ENG-Premier League,2526,2026-01-24 West Ham United-Sunderland,3,Dennis Cirkin,Sunderland,False,DF,45
ENG-Premier League,2526,2026-01-24 West Ham United-Sunderland,6,Lutsharel Geertruida,Sunderland,False,,0
ENG-Premier League,2526,2026-01-24 West Ham United-Sunderland,7,Chemsdine Talbi,Sunderland,False,MF,45
ENG-Premier League,2526,2026-01-24 West Ham United-Sunderland,11,Chris Rigg,Sunderland,False,,0
ENG-Premier League,2526,2026-01-24 West Ham United-Sunderland,13,Luke O'Nien,Sunderland,False,"DF,MF",8
ENG-Premier League,2526,2026-01-24 West Ham United-Sunderland,18,Wilson Isidor,Sunderland,False,"FW,MF",16
ENG-Premier League,2526,2026-01-24 West Ham United-Sunderland,19,Habib Diarra,Sunderland,False,MF,45
ENG-Premier League,2526,2026-01-24 West Ham United-Sunderland,24,Simon Adingra,Sunderland,False,,0
ENG-Premier League,2526,2025-08-30 Manchester Utd-Burnley,1,Altay Bayındır,Manchester United,True,GK,90
ENG-Premier League,2526,2025-08-30 Manchester Utd-Burnley,2,Diogo Dalot,Manchester United,True,DM,90
ENG-Premier League,2526,2025-08-30 Manchester Utd-Burnley,4,Matthijs de Ligt,Manchester United,True,CB,90
ENG-Premier League,2526,2025-08-30 Manchester Utd-Burnley,7,Mason Mount,Manchester United,True,AM,45
ENG-Premier League,2526,2025-08-30 Manchester Utd-Burnley,8,Bruno Fernandes,Manchester United,True,DM,90
ENG-Premier League,2526,2025-08-30 Manchester Utd-Burnley,10,Matheus Cunha,Manchester United,True,FW,30
ENG-Premier League,2526,2025-08-30 Manchester Utd-Burnley,15,Leny Yoro,Manchester United,True,CB,84
ENG-Premier League,2526,2025-08-30 Manchester Utd-Burnley,16,Amad Diallo,Manchester United,True,DM,90
ENG-Premier League,2526,2025-08-30 Manchester Utd-Burnley,18,Casemiro,Manchester United,True,DM,71
ENG-Premier League,2526,2025-08-30 Manchester Utd-Burnley,19,Bryan Mbeumo,Manchester United,True,AM,90
ENG-Premier League,2526,2025-08-30 Manchester Utd-Burnley,23,Luke Shaw,Manchester United,True,CB,90
ENG-Premier League,2526,2025-08-30 Manchester Utd-Burnley,24,André Onana,Manchester United,False,,0
ENG-Premier League,2526,2025-08-30 Manchester Utd-Burnley,3,Noussair Mazraoui,Manchester United,False,"DF,MF",6
ENG-Premier League,2526,2025-08-30 Manchester Utd-Burnley,5,Harry Maguire,Manchester United,False,,0
ENG-Premier League,2526,2025-08-30 Manchester Utd-Burnley,11,Joshua Zirkzee,Manchester United,False,FW,60
ENG-Premier League,2526,2025-08-30 Manchester Utd-Burnley,13,Patrick Dorgu,Manchester United,False,,0
ENG-Premier League,2526,2025-08-30 Manchester Utd-Burnley,25,Manuel Ugarte,Manchester United,False,,0
ENG-Premier League,2526,2025-08-30 Manchester Utd-Burnley,26,Ayden Heaven,Manchester United,False,,0
ENG-Premier League,2526,2025-08-30 Manchester Utd-Burnley,30,Benjamin Šeško,Manchester United,False,FW,19
ENG-Premier League,2526,2025-08-30 Manchester Utd-Burnley,37,Kobbie Mainoo,Manchester United,False,MF,45
ENG-Premier League,2526,2025-08-30 Manchester Utd-Burnley,1,Martin Dúbravka,Burnley,True,GK,90
ENG-Premier League,2526,2025-08-30 Manchester Utd-Burnley,2,Kyle Walker,Burnley,True,RB,90
ENG-Premier League,2526,2025-08-30 Manchester Utd-Burnley,3,Quilindschy Hartman,Burnley,True,LB,90
ENG-Premier League,2526,2025-08-30 Manchester Utd-Burnley,5,Maxime Estève,Burnley,True,CB,90
ENG-Premier League,2526,2025-08-30 Manchester Utd-Burnley,7,Jacob Bruun Larsen,Burnley,True,AM,81
ENG-Premier League,2526,2025-08-30 Manchester Utd-Burnley,8,Lesley Ugochukwu,Burnley,True,DM,75
ENG-Premier League,2526,2025-08-30 Manchester Utd-Burnley,9,Lyle Foster,Burnley,True,FW,90
ENG-Premier League,2526,2025-08-30 Manchester Utd-Burnley,11,Jaidon Anthony,Burnley,True,AM,90
ENG-Premier League,2526,2025-08-30 Manchester Utd-Burnley,18,Hjalmar Ekdal,Burnley,True,CB,82
ENG-Premier League,2526,2025-08-30 Manchester Utd-Burnley,24,Josh Cullen,Burnley,True,DM,90
ENG-Premier League,2526,2025-08-30 Manchester Utd-Burnley,28,Hannibal Mejbri,Burnley,True,AM,64
ENG-Premier League,2526,2025-08-30 Manchester Utd-Burnley,13,Max Weiß,Burnley,False,,0
ENG-Premier League,2526,2025-08-30 Manchester Utd-Burnley,4,Joe Worrall,Burnley,False,DF,8
ENG-Premier League,2526,2025-08-30 Manchester Utd-Burnley,10,Marcus Edwards,Burnley,False,,0
ENG-Premier League,2526,2025-08-30 Manchester Utd-Burnley,17,Loum Tchaouna,Burnley,False,"FW,MF",26
ENG-Premier League,2526,2025-08-30 Manchester Utd-Burnley,19,Zian Flemming,Burnley,False,,0
ENG-Premier League,2526,2025-08-30 Manchester Utd-Burnley,21,Aaron Ramsey,Burnley,False,,0
ENG-Premier League,2526,2025-08-30 Manchester Utd-Burnley,22,Oliver Sonne,Burnley,False,DF,9
ENG-Premier League,2526,2025-08-30 Manchester Utd-Burnley,23,Lucas,Burnley,False,,0
ENG-Premier League,2526,2025-08-30 Manchester Utd-Burnley,29,Josh Laurent,Burnley,False,"DF,FW",15
ENG-Premier League,2526,2026-02-27 Wolves-Aston Villa,1,José Sá,Wolverhampton Wanderers,True,GK,90
ENG-Premier League,2526,2026-02-27 Wolves-Aston Villa,3,Hugo Bueno,Wolverhampton Wanderers,True,DM,90
ENG-Premier League,2526,2026-02-27 Wolves-Aston Villa,4,Santiago Bueno,Wolverhampton Wanderers,True,CB,90
ENG-Premier League,2526,2026-02-27 Wolves-Aston Villa,7,André,Wolverhampton Wanderers,True,DM,88
ENG-Premier League,2526,2026-02-27 Wolves-Aston Villa,8,João Gomes,Wolverhampton Wanderers,True,DM,90
ENG-Premier League,2526,2026-02-27 Wolves-Aston Villa,9,Adam Armstrong,Wolverhampton Wanderers,True,FW,89
ENG-Premier League,2526,2026-02-27 Wolves-Aston Villa,15,Yerson Mosquera,Wolverhampton Wanderers,True,CB,90
ENG-Premier League,2526,2026-02-27 Wolves-Aston Villa,24,Toti Gomes,Wolverhampton Wanderers,True,CB,90
ENG-Premier League,2526,2026-02-27 Wolves-Aston Villa,27,Jean-Ricner Bellegarde,Wolverhampton Wanderers,True,AM,80
ENG-Premier League,2526,2026-02-27 Wolves-Aston Villa,36,Mateus Mane,Wolverhampton Wanderers,True,AM,90
ENG-Premier League,2526,2026-02-27 Wolves-Aston Villa,38,Jackson Tchatchoua,Wolverhampton Wanderers,True,DM,90
ENG-Premier League,2526,2026-02-27 Wolves-Aston Villa,31,Sam Johnstone,Wolverhampton Wanderers,False,,0
ENG-Premier League,2526,2026-02-27 Wolves-Aston Villa,2,Matt Doherty,Wolverhampton Wanderers,False,,0
ENG-Premier League,2526,2026-02-27 Wolves-Aston Villa,6,David Møller Wolfe,Wolverhampton Wanderers,False,,0
ENG-Premier League,2526,2026-02-27 Wolves-Aston Villa,14,Tolu Arokodare,Wolverhampton Wanderers,False,FW,10
ENG-Premier League,2526,2026-02-27 Wolves-Aston Villa,17,Pedro Lima,Wolverhampton Wanderers,False,,0
ENG-Premier League,2526,2026-02-27 Wolves-Aston Villa,21,Rodrigo Gomes,Wolverhampton Wanderers,False,MF,1
ENG-Premier League,2526,2026-02-27 Wolves-Aston Villa,47,Angel Gomes,Wolverhampton Wanderers,False,"FW,MF",2
ENG-Premier League,2526,2026-02-27 Wolves-Aston Villa,59,Saheed Olagunju,Wolverhampton Wanderers,False,,0
ENG-Premier League,2526,2026-02-27 Wolves-Aston Villa,74,Tom Edozie,Wolverhampton Wanderers,False,,0
ENG-Premier League,2526,2026-02-27 Wolves-Aston Villa,23,Emiliano Martínez,Aston Villa,True,GK,90
ENG-Premier League,2526,2026-02-27 Wolves-Aston Villa,2,Matty Cash,Aston Villa,True,RB,90
ENG-Premier League,2526,2026-02-27 Wolves-Aston Villa,4,Ezri Konsa,Aston Villa,True,CB,90
ENG-Premier League,2526,2026-02-27 Wolves-Aston Villa,10,Emi Buendía,Aston Villa,True,AM,69
ENG-Premier League,2526,2026-02-27 Wolves-Aston Villa,11,Ollie Watkins,Aston Villa,True,FW,85
ENG-Premier League,2526,2026-02-27 Wolves-Aston Villa,12,Lucas Digne,Aston Villa,True,LB,69
ENG-Premier League,2526,2026-02-27 Wolves-Aston Villa,14,Pau Torres,Aston Villa,True,CB,90
ENG-Premier League,2526,2026-02-27 Wolves-Aston Villa,19,Jadon Sancho,Aston Villa,True,AM,59
ENG-Premier League,2526,2026-02-27 Wolves-Aston Villa,21,Douglas Luiz,Aston Villa,True,DM,59
ENG-Premier League,2526,2026-02-27 Wolves-Aston Villa,24,Amadou Onana,Aston Villa,True,DM,90
ENG-Premier League,2526,2026-02-27 Wolves-Aston Villa,27,Morgan Rogers,Aston Villa,True,AM,90
ENG-Premier League,2526,2026-02-27 Wolves-Aston Villa,40,Marco Bizot,Aston Villa,False,,0
ENG-Premier League,2526,2026-02-27 Wolves-Aston Villa,3,Victor Lindelöf,Aston Villa,False,,0
ENG-Premier League,2526,2026-02-27 Wolves-Aston Villa,5,Tyrone Mings,Aston Villa,False,,0
ENG-Premier League,2526,2026-02-27 Wolves-Aston Villa,6,Ross Barkley,Aston Villa,False,MF,31
ENG-Premier League,2526,2026-02-27 Wolves-Aston Villa,18,Tammy Abraham,Aston Villa,False,FW,21
ENG-Premier League,2526,2026-02-27 Wolves-Aston Villa,22,Ian Maatsen,Aston Villa,False,"DF,MF",21
ENG-Premier League,2526,2026-02-27 Wolves-Aston Villa,26,Lamare Bogarde,Aston Villa,False,,0
ENG-Premier League,2526,2026-02-27 Wolves-Aston Villa,31,Leon Bailey,Aston Villa,False,"FW,MF",31
ENG-Premier League,2526,2026-02-27 Wolves-Aston Villa,47,Alysson Edward,Aston Villa,False,MF,5
ENG-Premier League,2526,2026-01-07 Manchester City-Brighton,25,Gianluigi Donnarumma,Manchester City,True,GK,90
ENG-Premier League,2526,2026-01-07 Manchester City-Brighton,4,Tijjani Reijnders,Manchester City,True,AM,90
ENG-Premier League,2526,2026-01-07 Manchester City-Brighton,6,Nathan Aké,Manchester City,True,LB,72
ENG-Premier League,2526,2026-01-07 Manchester City-Brighton,9,Erling Haaland,Manchester City,True,FW,90
ENG-Premier League,2526,2026-01-07 Manchester City-Brighton,11,Jeremy Doku,Manchester City,True,LW,90
ENG-Premier League,2526,2026-01-07 Manchester City-Brighton,14,Nicolás González,Manchester City,True,DM,63
ENG-Premier League,2526,2026-01-07 Manchester City-Brighton,20,Bernardo Silva,Manchester City,True,RW,90
ENG-Premier League,2526,2026-01-07 Manchester City-Brighton,27,Matheus Nunes,Manchester City,True,RB,72
ENG-Premier League,2526,2026-01-07 Manchester City-Brighton,45,Abdukodir Khusanov,Manchester City,True,CB,90
ENG-Premier League,2526,2026-01-07 Manchester City-Brighton,47,Phil Foden,Manchester City,True,AM,72
ENG-Premier League,2526,2026-01-07 Manchester City-Brighton,68,Max Alleyne,Manchester City,True,CB,90
ENG-Premier League,2526,2026-01-07 Manchester City-Brighton,1,James Trafford,Manchester City,False,,0
ENG-Premier League,2526,2026-01-07 Manchester City-Brighton,10,Rayan Cherki,Manchester City,False,"FW,MF",18
ENG-Premier League,2526,2026-01-07 Manchester City-Brighton,16,Rodri,Manchester City,False,"DF,MF",27
ENG-Premier League,2526,2026-01-07 Manchester City-Brighton,33,Nico O’Reilly,Manchester City,False,"DF,MF",18
ENG-Premier League,2526,2026-01-07 Manchester City-Brighton,56,Ryan Mcaidoo,Manchester City,False,,0
ENG-Premier League,2526,2026-01-07 Manchester City-Brighton,63,Divine Mukasa,Manchester City,False,,0
ENG-Premier League,2526,2026-01-07 Manchester City-Brighton,82,Rico Lewis,Manchester City,False,DF,18
ENG-Premier League,2526,2026-01-07 Manchester City-Brighton,91,Stephen Mfuni,Manchester City,False,,0
ENG-Premier League,2526,2026-01-07 Manchester City-Brighton,92,Reigan Heskey,Manchester City,False,,0
ENG-Premier League,2526,2026-01-07 Manchester City-Brighton,1,Bart Verbruggen,Brighton & Hove Albion,True,GK,90
ENG-Premier League,2526,2026-01-07 Manchester City-Brighton,5,Lewis Dunk,Brighton & Hove Albion,True,CB,90
ENG-Premier League,2526,2026-01-07 Manchester City-Brighton,6,Jan Paul van Hecke,Brighton & Hove Albion,True,CB,90
ENG-Premier League,2526,2026-01-07 Manchester City-Brighton,10,Georginio Rutter,Brighton & Hove Albion,True,FW,76
ENG-Premier League,2526,2026-01-07 Manchester City-Brighton,13,Jack Hinshelwood,Brighton & Hove Albion,True,RB,90
ENG-Premier League,2526,2026-01-07 Manchester City-Brighton,22,Kaoru Mitoma,Brighton & Hove Albion,True,AM,82
ENG-Premier League,2526,2026-01-07 Manchester City-Brighton,24,Ferdi Kadioglu,Brighton & Hove Albion,True,AM,90
ENG-Premier League,2526,2026-01-07 Manchester City-Brighton,25,Diego Gómez,Brighton & Hove Albion,True,AM,76
ENG-Premier League,2526,2026-01-07 Manchester City-Brighton,26,Yasin Ayari,Brighton & Hove Albion,True,DM,82
ENG-Premier League,2526,2026-01-07 Manchester City-Brighton,29,Maxim De Cuyper,Brighton & Hove Albion,True,LB,90
ENG-Premier League,2526,2026-01-07 Manchester City-Brighton,30,Pascal Groß,Brighton & Hove Albion,True,DM,90
ENG-Premier League,2526,2026-01-07 Manchester City-Brighton,23,Jason Steele,Brighton & Hove Albion,False,,0
ENG-Premier League,2526,2026-01-07 Manchester City-Brighton,8,Brajan Gruda,Brighton & Hove Albion,False,MF,14
ENG-Premier League,2526,2026-01-07 Manchester City-Brighton,14,Tom Watson,Brighton & Hove Albion,False,MF,8
ENG-Premier League,2526,2026-01-07 Manchester City-Brighton,18,Danny Welbeck,Brighton & Hove Albion,False,"FW,MF",14
ENG-Premier League,2526,2026-01-07 Manchester City-Brighton,20,James Milner,Brighton & Hove Albion,False,"DF,MF",8
ENG-Premier League,2526,2026-01-07 Manchester City-Brighton,21,Olivier Boscagli,Brighton & Hove Albion,False,,0
ENG-Premier League,2526,2026-01-07 Manchester City-Brighton,42,Diego Coppola,Brighton & Hove Albion,False,,0
ENG-Premier League,2526,2026-01-07 Manchester City-Brighton,51,Charlie Tasker,Brighton & Hove Albion,False,,0
ENG-Premier League,2526,2026-01-07 Manchester City-Brighton,53,Harry Howell,Brighton & Hove Albion,False,,0
ENG-Premier League,2526,2025-11-01 Fulham-Wolves,1,Bernd Leno,Fulham,True,GK,90
ENG-Premier League,2526,2025-11-01 Fulham-Wolves,2,Kenny Tete,Fulham,True,RB,90
ENG-Premier League,2526,2025-11-01 Fulham-Wolves,3,Calvin Bassey,Fulham,True,CB,90
ENG-Premier League,2526,2025-11-01 Fulham-Wolves,5,Joachim Andersen,Fulham,True,CB,90
ENG-Premier League,2526,2025-11-01 Fulham-Wolves,7,Raúl Jiménez,Fulham,True,FW,71
ENG-Premier League,2526,2025-11-01 Fulham-Wolves,8,Harry Wilson,Fulham,True,AM,76
ENG-Premier League,2526,2025-11-01 Fulham-Wolves,16,Sander Berge,Fulham,True,DM,90
ENG-Premier League,2526,2025-11-01 Fulham-Wolves,17,Alex Iwobi,Fulham,True,DM,88
ENG-Premier League,2526,2025-11-01 Fulham-Wolves,22,Kevin,Fulham,True,AM,71
ENG-Premier League,2526,2025-11-01 Fulham-Wolves,24,Joshua King,Fulham,True,AM,71
ENG-Premier League,2526,2025-11-01 Fulham-Wolves,30,Ryan Sessegnon,Fulham,True,LB,90
ENG-Premier League,2526,2025-11-01 Fulham-Wolves,23,Benjamin Lecomte,Fulham,False,,0
ENG-Premier League,2526,2025-11-01 Fulham-Wolves,9,Rodrigo Muniz,Fulham,False,FW,19
ENG-Premier League,2526,2025-11-01 Fulham-Wolves,10,Tom Cairney,Fulham,False,MF,19
ENG-Premier League,2526,2025-11-01 Fulham-Wolves,11,Adama Traoré,Fulham,False,"FW,MF",2
ENG-Premier League,2526,2025-11-01 Fulham-Wolves,15,Jorge Cuenca,Fulham,False,,0
ENG-Premier League,2526,2025-11-01 Fulham-Wolves,19,Samuel Chukwueze,Fulham,False,"FW,MF",14
ENG-Premier League,2526,2025-11-01 Fulham-Wolves,20,Saša Lukić,Fulham,False,,0
ENG-Premier League,2526,2025-11-01 Fulham-Wolves,21,Timothy Castagne,Fulham,False,,0
ENG-Premier League,2526,2025-11-01 Fulham-Wolves,32,Emile Smith Rowe,Fulham,False,MF,19
ENG-Premier League,2526,2025-11-01 Fulham-Wolves,31,Sam Johnstone,Wolverhampton Wanderers,True,GK,90
ENG-Premier League,2526,2025-11-01 Fulham-Wolves,3,Hugo Bueno,Wolverhampton Wanderers,True,LB,90
ENG-Premier League,2526,2025-11-01 Fulham-Wolves,4,Santiago Bueno,Wolverhampton Wanderers,True,CB,90
ENG-Premier League,2526,2025-11-01 Fulham-Wolves,5,Marshall Munetsi,Wolverhampton Wanderers,True,CM,90
ENG-Premier League,2526,2025-11-01 Fulham-Wolves,9,Jørgen Strand Larsen,Wolverhampton Wanderers,True,FW,75
ENG-Premier League,2526,2025-11-01 Fulham-Wolves,10,Jhon Arias,Wolverhampton Wanderers,True,FW,45
ENG-Premier League,2526,2025-11-01 Fulham-Wolves,12,Emmanuel Agbadou,Wolverhampton Wanderers,True,CB,35
ENG-Premier League,2526,2025-11-01 Fulham-Wolves,24,Toti Gomes,Wolverhampton Wanderers,True,CB,45
ENG-Premier League,2526,2025-11-01 Fulham-Wolves,26,Ki-Jana Hoever,Wolverhampton Wanderers,True,RB,45
ENG-Premier League,2526,2025-11-01 Fulham-Wolves,27,Jean-Ricner Bellegarde,Wolverhampton Wanderers,True,CM,63
ENG-Premier League,2526,2025-11-01 Fulham-Wolves,37,Ladislav Krejčí,Wolverhampton Wanderers,True,CM,90
ENG-Premier League,2526,2025-11-01 Fulham-Wolves,1,José Sá,Wolverhampton Wanderers,False,,0
ENG-Premier League,2526,2025-11-01 Fulham-Wolves,6,David Møller Wolfe,Wolverhampton Wanderers,False,,0
ENG-Premier League,2526,2025-11-01 Fulham-Wolves,7,André,Wolverhampton Wanderers,False,MF,15
ENG-Premier League,2526,2025-11-01 Fulham-Wolves,8,João Gomes,Wolverhampton Wanderers,False,MF,45
ENG-Premier League,2526,2025-11-01 Fulham-Wolves,11,Hwang Hee-chan,Wolverhampton Wanderers,False,,0
ENG-Premier League,2526,2025-11-01 Fulham-Wolves,14,Tolu Arokodare,Wolverhampton Wanderers,False,FW,27
ENG-Premier League,2526,2025-11-01 Fulham-Wolves,15,Yerson Mosquera,Wolverhampton Wanderers,False,DF,45
ENG-Premier League,2526,2025-11-01 Fulham-Wolves,28,Fer López,Wolverhampton Wanderers,False,,0
ENG-Premier League,2526,2025-11-01 Fulham-Wolves,38,Jackson Tchatchoua,Wolverhampton Wanderers,False,"DF,MF",45
ENG-Premier League,2526,2026-03-01 Brighton-Nottingham Forest,1,Bart Verbruggen,Brighton & Hove Albion,True,GK,90
ENG-Premier League,2526,2026-03-01 Brighton-Nottingham Forest,5,Lewis Dunk,Brighton & Hove Albion,True,CB,90
ENG-Premier League,2526,2026-03-01 Brighton-Nottingham Forest,6,Jan Paul van Hecke,Brighton & Hove Albion,True,CB,90
ENG-Premier League,2526,2026-03-01 Brighton-Nottingham Forest,13,Jack Hinshelwood,Brighton & Hove Albion,True,AM,90
ENG-Premier League,2526,2026-03-01 Brighton-Nottingham Forest,18,Danny Welbeck,Brighton & Hove Albion,True,FW,90
ENG-Premier League,2526,2026-03-01 Brighton-Nottingham Forest,20,James Milner,Brighton & Hove Albion,True,DM,85
ENG-Premier League,2526,2026-03-01 Brighton-Nottingham Forest,22,Kaoru Mitoma,Brighton & Hove Albion,True,AM,89
ENG-Premier League,2526,2026-03-01 Brighton-Nottingham Forest,24,Ferdi Kadioglu,Brighton & Hove Albion,True,LB,90
ENG-Premier League,2526,2026-03-01 Brighton-Nottingham Forest,25,Diego Gómez,Brighton & Hove Albion,True,AM,85
ENG-Premier League,2526,2026-03-01 Brighton-Nottingham Forest,27,Mats Wieffer,Brighton & Hove Albion,True,RB,70
ENG-Premier League,2526,2026-03-01 Brighton-Nottingham Forest,30,Pascal Groß,Brighton & Hove Albion,True,DM,90
ENG-Premier League,2526,2026-03-01 Brighton-Nottingham Forest,23,Jason Steele,Brighton & Hove Albion,False,,0
ENG-Premier League,2526,2026-03-01 Brighton-Nottingham Forest,7,Solly March,Brighton & Hove Albion,False,MF,5
ENG-Premier League,2526,2026-03-01 Brighton-Nottingham Forest,10,Georginio Rutter,Brighton & Hove Albion,False,,0
ENG-Premier League,2526,2026-03-01 Brighton-Nottingham Forest,11,Yankuba Minteh,Brighton & Hove Albion,False,,0
ENG-Premier League,2526,2026-03-01 Brighton-Nottingham Forest,17,Carlos Baleba,Brighton & Hove Albion,False,MF,5
ENG-Premier League,2526,2026-03-01 Brighton-Nottingham Forest,19,Charalampos Kostoulas,Brighton & Hove Albion,False,,0
ENG-Premier League,2526,2026-03-01 Brighton-Nottingham Forest,21,Olivier Boscagli,Brighton & Hove Albion,False,,0
ENG-Premier League,2526,2026-03-01 Brighton-Nottingham Forest,29,Maxim De Cuyper,Brighton & Hove Albion,False,"DF,MF",1
ENG-Premier League,2526,2026-03-01 Brighton-Nottingham Forest,34,Joël Veltman,Brighton & Hove Albion,False,DF,20
ENG-Premier League,2526,2026-03-01 Brighton-Nottingham Forest,26,Matz Sels,Nottingham Forest,True,GK,90
ENG-Premier League,2526,2026-03-01 Brighton-Nottingham Forest,3,Neco Williams,Nottingham Forest,True,LB,55
ENG-Premier League,2526,2026-03-01 Brighton-Nottingham Forest,5,Murillo,Nottingham Forest,True,CB,90
ENG-Premier League,2526,2026-03-01 Brighton-Nottingham Forest,6,Ibrahim Sangaré,Nottingham Forest,True,DM,90
ENG-Premier League,2526,2026-03-01 Brighton-Nottingham Forest,7,Callum Hudson-Odoi,Nottingham Forest,True,AM,73
ENG-Premier League,2526,2026-03-01 Brighton-Nottingham Forest,8,Elliot Anderson,Nottingham Forest,True,DM,90
ENG-Premier League,2526,2026-03-01 Brighton-Nottingham Forest,10,Morgan Gibbs-White,Nottingham Forest,True,AM,90
ENG-Premier League,2526,2026-03-01 Brighton-Nottingham Forest,19,Igor Jesus,Nottingham Forest,True,FW,82
ENG-Premier League,2526,2026-03-01 Brighton-Nottingham Forest,21,Omari Hutchinson,Nottingham Forest,True,AM,55
ENG-Premier League,2526,2026-03-01 Brighton-Nottingham Forest,31,Nikola Milenković,Nottingham Forest,True,CB,90
ENG-Premier League,2526,2026-03-01 Brighton-Nottingham Forest,34,Ola Aina,Nottingham Forest,True,RB,82
ENG-Premier League,2526,2026-03-01 Brighton-Nottingham Forest,18,Angus Gunn,Nottingham Forest,False,,0
ENG-Premier League,2526,2026-03-01 Brighton-Nottingham Forest,9,Taiwo Awoniyi,Nottingham Forest,False,FW,8
ENG-Premier League,2526,2026-03-01 Brighton-Nottingham Forest,14,Dan Ndoye,Nottingham Forest,False,"FW,MF",8
ENG-Premier League,2526,2026-03-01 Brighton-Nottingham Forest,16,Nicolás Domínguez,Nottingham Forest,False,,0
ENG-Premier League,2526,2026-03-01 Brighton-Nottingham Forest,22,Ryan Yates,Nottingham Forest,False,,0
ENG-Premier League,2526,2026-03-01 Brighton-Nottingham Forest,23,Jair Cunha,Nottingham Forest,False,DF,35
ENG-Premier League,2526,2026-03-01 Brighton-Nottingham Forest,24,James Mcatee,Nottingham Forest,False,,0
ENG-Premier League,2526,2026-03-01 Brighton-Nottingham Forest,25,Luca Netz,Nottingham Forest,False,"DF,MF",35
ENG-Premier League,2526,2026-03-01 Brighton-Nottingham Forest,29,Dilane Bakwa,Nottingham Forest,False,"FW,MF",17
ENG-Premier League,2526,2025-10-26 Bournemouth-Nottingham Forest,1,Đorđe Petrović,Bournemouth,True,GK,90
ENG-Premier League,2526,2025-10-26 Bournemouth-Nottingham Forest,3,Adrien Truffert,Bournemouth,True,LB,90
ENG-Premier League,2526,2025-10-26 Bournemouth-Nottingham Forest,5,Marcos Senesi,Bournemouth,True,CB,90
ENG-Premier League,2526,2025-10-26 Bournemouth-Nottingham Forest,8,Alex Scott,Bournemouth,True,DM,79
ENG-Premier League,2526,2025-10-26 Bournemouth-Nottingham Forest,12,Tyler Adams,Bournemouth,True,DM,90
ENG-Premier League,2526,2025-10-26 Bournemouth-Nottingham Forest,16,Marcus Tavernier,Bournemouth,True,AM,89
ENG-Premier League,2526,2025-10-26 Bournemouth-Nottingham Forest,19,Justin Kluivert,Bournemouth,True,AM,68
ENG-Premier League,2526,2025-10-26 Bournemouth-Nottingham Forest,20,Álex Jiménez,Bournemouth,True,RB,90
ENG-Premier League,2526,2025-10-26 Bournemouth-Nottingham Forest,22,Eli Junior Kroupi,Bournemouth,True,FW,68
ENG-Premier League,2526,2025-10-26 Bournemouth-Nottingham Forest,24,Antoine Semenyo,Bournemouth,True,AM,89
ENG-Premier League,2526,2025-10-26 Bournemouth-Nottingham Forest,44,Veljko Milosavljević,Bournemouth,True,CB,90
ENG-Premier League,2526,2025-10-26 Bournemouth-Nottingham Forest,40,Will Dennis,Bournemouth,False,,0
ENG-Premier League,2526,2025-10-26 Bournemouth-Nottingham Forest,4,Lewis Cook,Bournemouth,False,MF,1
ENG-Premier League,2526,2025-10-26 Bournemouth-Nottingham Forest,6,Julio Soler,Bournemouth,False,,0
ENG-Premier League,2526,2025-10-26 Bournemouth-Nottingham Forest,7,David Brooks,Bournemouth,False,"FW,MF",22
ENG-Premier League,2526,2025-10-26 Bournemouth-Nottingham Forest,10,Ryan Christie,Bournemouth,False,"FW,MF",11
ENG-Premier League,2526,2025-10-26 Bournemouth-Nottingham Forest,11,Ben Gannon-Doak,Bournemouth,False,,0
ENG-Premier League,2526,2025-10-26 Bournemouth-Nottingham Forest,18,Bafodé Diakité,Bournemouth,False,,0
ENG-Premier League,2526,2025-10-26 Bournemouth-Nottingham Forest,21,Amine Adli,Bournemouth,False,"FW,MF",22
ENG-Premier League,2526,2025-10-26 Bournemouth-Nottingham Forest,26,Enes Ünal,Bournemouth,False,FW,1
ENG-Premier League,2526,2025-10-26 Bournemouth-Nottingham Forest,26,Matz Sels,Nottingham Forest,True,GK,90
ENG-Premier League,2526,2025-10-26 Bournemouth-Nottingham Forest,3,Neco Williams,Nottingham Forest,True,LB,90
ENG-Premier League,2526,2025-10-26 Bournemouth-Nottingham Forest,5,Murillo,Nottingham Forest,True,CB,90
ENG-Premier League,2526,2025-10-26 Bournemouth-Nottingham Forest,7,Callum Hudson-Odoi,Nottingham Forest,True,AM,45
ENG-Premier League,2526,2025-10-26 Bournemouth-Nottingham Forest,8,Elliot Anderson,Nottingham Forest,True,DM,90
ENG-Premier League,2526,2025-10-26 Bournemouth-Nottingham Forest,10,Morgan Gibbs-White,Nottingham Forest,True,AM,88
ENG-Premier League,2526,2025-10-26 Bournemouth-Nottingham Forest,12,Douglas Luiz,Nottingham Forest,True,DM,45
ENG-Premier League,2526,2025-10-26 Bournemouth-Nottingham Forest,14,Dan Ndoye,Nottingham Forest,True,AM,82
ENG-Premier League,2526,2025-10-26 Bournemouth-Nottingham Forest,19,Igor Jesus,Nottingham Forest,True,FW,45
ENG-Premier League,2526,2025-10-26 Bournemouth-Nottingham Forest,31,Nikola Milenković,Nottingham Forest,True,CB,90
ENG-Premier League,2526,2025-10-26 Bournemouth-Nottingham Forest,37,Nicolò Savona,Nottingham Forest,True,RB,90
ENG-Premier League,2526,2025-10-26 Bournemouth-Nottingham Forest,13,John,Nottingham Forest,False,,0
ENG-Premier League,2526,2025-10-26 Bournemouth-Nottingham Forest,4,Morato,Nottingham Forest,False,,0
ENG-Premier League,2526,2025-10-26 Bournemouth-Nottingham Forest,6,Ibrahim Sangaré,Nottingham Forest,False,,0
ENG-Premier League,2526,2025-10-26 Bournemouth-Nottingham Forest,9,Taiwo Awoniyi,Nottingham Forest,False,FW,45
ENG-Premier League,2526,2025-10-26 Bournemouth-Nottingham Forest,15,Arnaud Kalimuendo,Nottingham Forest,False,FW,2
ENG-Premier League,2526,2025-10-26 Bournemouth-Nottingham Forest,16,Nicolás Domínguez,Nottingham Forest,False,MF,8
ENG-Premier League,2526,2025-10-26 Bournemouth-Nottingham Forest,21,Omari Hutchinson,Nottingham Forest,False,MF,45
ENG-Premier League,2526,2025-10-26 Bournemouth-Nottingham Forest,22,Ryan Yates,Nottingham Forest,False,MF,45
ENG-Premier League,2526,2025-10-26 Bournemouth-Nottingham Forest,23,Jair Cunha,Nottingham Forest,False,,0
ENG-Premier League,2526,2026-01-04 Tottenham Hotspur-Sunderland,1,Guglielmo Vicario,Tottenham Hotspur,True,GK,90
ENG-Premier League,2526,2026-01-04 Tottenham Hotspur-Sunderland,9,Richarlison,Tottenham Hotspur,True,FW,90
ENG-Premier League,2526,2026-01-04 Tottenham Hotspur-Sunderland,11,Mathys Tel,Tottenham Hotspur,True,AM,87
ENG-Premier League,2526,2026-01-04 Tottenham Hotspur-Sunderland,14,Archie Gray,Tottenham Hotspur,True,DM,71
ENG-Premier League,2526,2026-01-04 Tottenham Hotspur-Sunderland,17,Cristian Romero,Tottenham Hotspur,True,CB,90
ENG-Premier League,2526,2026-01-04 Tottenham Hotspur-Sunderland,20,Mohammed Kudus,Tottenham Hotspur,True,AM,18
ENG-Premier League,2526,2026-01-04 Tottenham Hotspur-Sunderland,23,Pedro Porro,Tottenham Hotspur,True,RB,90
ENG-Premier League,2526,2026-01-04 Tottenham Hotspur-Sunderland,28,Wilson Odobert,Tottenham Hotspur,True,AM,71
ENG-Premier League,2526,2026-01-04 Tottenham Hotspur-Sunderland,30,Rodrigo Bentancur,Tottenham Hotspur,True,DM,90
ENG-Premier League,2526,2026-01-04 Tottenham Hotspur-Sunderland,33,Ben Davies,Tottenham Hotspur,True,LB,87
ENG-Premier League,2526,2026-01-04 Tottenham Hotspur-Sunderland,37,Micky van de Ven,Tottenham Hotspur,True,CB,90
ENG-Premier League,2526,2026-01-04 Tottenham Hotspur-Sunderland,31,Antonín Kinský,Tottenham Hotspur,False,,0
ENG-Premier League,2526,2026-01-04 Tottenham Hotspur-Sunderland,3,Radu Drăgușin,Tottenham Hotspur,False,,0
ENG-Premier League,2526,2026-01-04 Tottenham Hotspur-Sunderland,4,Kevin Danso,Tottenham Hotspur,False,,0
ENG-Premier League,2526,2026-01-04 Tottenham Hotspur-Sunderland,6,João Palhinha,Tottenham Hotspur,False,MF,19
ENG-Premier League,2526,2026-01-04 Tottenham Hotspur-Sunderland,15,Lucas Bergvall,Tottenham Hotspur,False,MF,19
ENG-Premier League,2526,2026-01-04 Tottenham Hotspur-Sunderland,24,Djed Spence,Tottenham Hotspur,False,"DF,MF",3
ENG-Premier League,2526,2026-01-04 Tottenham Hotspur-Sunderland,39,Randal Kolo Muani,Tottenham Hotspur,False,"FW,MF",72
ENG-Premier League,2526,2026-01-04 Tottenham Hotspur-Sunderland,44,Dane Scarlett,Tottenham Hotspur,False,FW,3
ENG-Premier League,2526,2026-01-04 Tottenham Hotspur-Sunderland,68,Luca Williams Barnett,Tottenham Hotspur,False,,0
ENG-Premier League,2526,2026-01-04 Tottenham Hotspur-Sunderland,22,Robin Roefs,Sunderland,True,GK,90
ENG-Premier League,2526,2026-01-04 Tottenham Hotspur-Sunderland,3,Dennis Cirkin,Sunderland,True,LB,58
ENG-Premier League,2526,2026-01-04 Tottenham Hotspur-Sunderland,6,Lutsharel Geertruida,Sunderland,True,RB,90
ENG-Premier League,2526,2026-01-04 Tottenham Hotspur-Sunderland,9,Brian Brobbey,Sunderland,True,FW,90
ENG-Premier League,2526,2026-01-04 Tottenham Hotspur-Sunderland,12,Eliezer Mayenda,Sunderland,True,FW,81
ENG-Premier League,2526,2026-01-04 Tottenham Hotspur-Sunderland,15,Omar Alderete,Sunderland,True,CB,90
ENG-Premier League,2526,2026-01-04 Tottenham Hotspur-Sunderland,20,Nordi Mukiele,Sunderland,True,CB,90
ENG-Premier League,2526,2026-01-04 Tottenham Hotspur-Sunderland,24,Simon Adingra,Sunderland,True,LM,65
ENG-Premier League,2526,2026-01-04 Tottenham Hotspur-Sunderland,28,Enzo Le Fée,Sunderland,True,CM,90
ENG-Premier League,2526,2026-01-04 Tottenham Hotspur-Sunderland,32,Trai Hume,Sunderland,True,RM,90
ENG-Premier League,2526,2026-01-04 Tottenham Hotspur-Sunderland,34,Granit Xhaka,Sunderland,True,CM,90
ENG-Premier League,2526,2026-01-04 Tottenham Hotspur-Sunderland,1,Anthony Patterson,Sunderland,False,,0
ENG-Premier League,2526,2026-01-04 Tottenham Hotspur-Sunderland,4,Dan Neil,Sunderland,False,,0
ENG-Premier League,2526,2026-01-04 Tottenham Hotspur-Sunderland,5,Daniel Ballard,Sunderland,False,DF,25
ENG-Premier League,2526,2026-01-04 Tottenham Hotspur-Sunderland,11,Chris Rigg,Sunderland,False,MF,9
ENG-Premier League,2526,2026-01-04 Tottenham Hotspur-Sunderland,13,Luke O'Nien,Sunderland,False,,0
ENG-Premier League,2526,2026-01-04 Tottenham Hotspur-Sunderland,14,Romaine Mundle,Sunderland,False,MF,32
ENG-Premier League,2526,2026-01-04 Tottenham Hotspur-Sunderland,33,Leo Fuhr Hjelde,Sunderland,False,,0
ENG-Premier League,2526,2026-01-04 Tottenham Hotspur-Sunderland,50,Harrison Jones,Sunderland,False,,0
ENG-Premier League,2526,2026-01-04 Tottenham Hotspur-Sunderland,57,Timur Tuterov,Sunderland,False,,0
ENG-Premier League,2526,2025-08-18 Leeds United-Everton,1,Lucas Perri,Leeds United,True,GK,90
ENG-Premier League,2526,2025-08-18 Leeds United-Everton,2,Jayden Bogle,Leeds United,True,RB,90
ENG-Premier League,2526,2025-08-18 Leeds United-Everton,3,Gabriel Gudmundsson,Leeds United,True,LB,90
ENG-Premier League,2526,2025-08-18 Leeds United-Everton,4,Ethan Ampadu,Leeds United,True,CM,77
ENG-Premier League,2526,2025-08-18 Leeds United-Everton,5,Pascal Struijk,Leeds United,True,CB,90
ENG-Premier League,2526,2025-08-18 Leeds United-Everton,6,Joe Rodon,Leeds United,True,CB,90
ENG-Premier League,2526,2025-08-18 Leeds United-Everton,7,Daniel James,Leeds United,True,FW,77
ENG-Premier League,2526,2025-08-18 Leeds United-Everton,10,Joël Piroe,Leeds United,True,FW,77
ENG-Premier League,2526,2025-08-18 Leeds United-Everton,18,Anton Stach,Leeds United,True,CM,90
ENG-Premier League,2526,2025-08-18 Leeds United-Everton,22,Ao Tanaka,Leeds United,True,CM,89
ENG-Premier League,2526,2025-08-18 Leeds United-Everton,29,Wilfried Gnonto,Leeds United,True,FW,66
ENG-Premier League,2526,2025-08-18 Leeds United-Everton,26,Karl Darlow,Leeds United,False,,0
ENG-Premier League,2526,2025-08-18 Leeds United-Everton,8,Sean Longstaff,Leeds United,False,MF,1
ENG-Premier League,2526,2025-08-18 Leeds United-Everton,11,Brenden Aaronson,Leeds United,False,"FW,MF",24
ENG-Premier League,2526,2025-08-18 Leeds United-Everton,14,Lukas Nmecha,Leeds United,False,FW,13
ENG-Premier League,2526,2025-08-18 Leeds United-Everton,17,Largie Ramazani,Leeds United,False,,0
ENG-Premier League,2526,2025-08-18 Leeds United-Everton,20,Jack Harrison,Leeds United,False,"FW,MF",13
ENG-Premier League,2526,2025-08-18 Leeds United-Everton,23,Sebastiaan Bornauw,Leeds United,False,,0
ENG-Premier League,2526,2025-08-18 Leeds United-Everton,25,Sam Byram,Leeds United,False,,0
ENG-Premier League,2526,2025-08-18 Leeds United-Everton,44,Ilia Gruev,Leeds United,False,MF,13
ENG-Premier League,2526,2025-08-18 Leeds United-Everton,1,Jordan Pickford,Everton,True,GK,90
ENG-Premier League,2526,2025-08-18 Leeds United-Everton,5,Michael Keane,Everton,True,CB,90
ENG-Premier League,2526,2025-08-18 Leeds United-Everton,6,James Tarkowski,Everton,True,CB,90
ENG-Premier League,2526,2025-08-18 Leeds United-Everton,9,Beto,Everton,True,FW,90
ENG-Premier League,2526,2025-08-18 Leeds United-Everton,10,Iliman Ndiaye,Everton,True,AM,90
ENG-Premier League,2526,2025-08-18 Leeds United-Everton,15,Jake O'Brien,Everton,True,RB,90
ENG-Premier League,2526,2025-08-18 Leeds United-Everton,22,Kiernan Dewsbury-Hall,Everton,True,AM,90
ENG-Premier League,2526,2025-08-18 Leeds United-Everton,24,Carlos Alcaraz,Everton,True,AM,85
ENG-Premier League,2526,2025-08-18 Leeds United-Everton,27,Idrissa Gana Gueye,Everton,True,DM,90
ENG-Premier League,2526,2025-08-18 Leeds United-Everton,37,James Garner,Everton,True,LB,90
ENG-Premier League,2526,2025-08-18 Leeds United-Everton,42,Tim Iroegbunam,Everton,True,DM,70
ENG-Premier League,2526,2025-08-18 Leeds United-Everton,12,Mark Travers,Everton,False,,0
ENG-Premier League,2526,2025-08-18 Leeds United-Everton,53,Harry Tyrer,Everton,False,,0
ENG-Premier League,2526,2025-08-18 Leeds United-Everton,7,Dwight McNeil,Everton,False,,0
ENG-Premier League,2526,2025-08-18 Leeds United-Everton,11,Thierno Barry,Everton,False,FW,5
ENG-Premier League,2526,2025-08-18 Leeds United-Everton,17,Youssef Chermiti,Everton,False,,0
ENG-Premier League,2526,2025-08-18 Leeds United-Everton,18,Jack Grealish,Everton,False,"FW,MF",20
ENG-Premier League,2526,2025-08-18 Leeds United-Everton,23,Séamus Coleman,Everton,False,,0
ENG-Premier League,2526,2025-08-18 Leeds United-Everton,45,Harrison Armstrong,Everton,False,,0
ENG-Premier League,2526,2025-08-18 Leeds United-Everton,62,Tyler Onyango,Everton,False,,0
ENG-Premier League,2526,2026-03-14 Arsenal-Everton,1,David Raya,Arsenal,True,GK,90
ENG-Premier League,2526,2026-03-14 Arsenal-Everton,2,William Saliba,Arsenal,True,CB,90
ENG-Premier League,2526,2026-03-14 Arsenal-Everton,6,Gabriel Magalhães,Arsenal,True,CB,90
ENG-Premier League,2526,2026-03-14 Arsenal-Everton,7,Bukayo Saka,Arsenal,True,AM,90
ENG-Premier League,2526,2026-03-14 Arsenal-Everton,10,Eberechi Eze,Arsenal,True,AM,90
ENG-Premier League,2526,2026-03-14 Arsenal-Everton,12,Jurriën Timber,Arsenal,True,RB,37
ENG-Premier League,2526,2026-03-14 Arsenal-Everton,20,Noni Madueke,Arsenal,True,AM,60
ENG-Premier League,2526,2026-03-14 Arsenal-Everton,29,Kai Havertz,Arsenal,True,FW,60
ENG-Premier League,2526,2026-03-14 Arsenal-Everton,33,Riccardo Calafiori,Arsenal,True,LB,73
ENG-Premier League,2526,2026-03-14 Arsenal-Everton,36,Martín Zubimendi,Arsenal,True,DM,73
ENG-Premier League,2526,2026-03-14 Arsenal-Everton,41,Declan Rice,Arsenal,True,DM,90
ENG-Premier League,2526,2026-03-14 Arsenal-Everton,13,Kepa Arrizabalaga,Arsenal,False,,0
ENG-Premier League,2526,2026-03-14 Arsenal-Everton,3,Cristhian Mosquera,Arsenal,False,DF,53
ENG-Premier League,2526,2026-03-14 Arsenal-Everton,4,Ben White,Arsenal,False,,0
ENG-Premier League,2526,2026-03-14 Arsenal-Everton,5,Piero Hincapié,Arsenal,False,DF,17
ENG-Premier League,2526,2026-03-14 Arsenal-Everton,9,Gabriel Jesus,Arsenal,False,,0
ENG-Premier League,2526,2026-03-14 Arsenal-Everton,11,Gabriel Martinelli,Arsenal,False,"FW,MF",30
ENG-Premier League,2526,2026-03-14 Arsenal-Everton,14,Viktor Gyökeres,Arsenal,False,"FW,MF",30
ENG-Premier League,2526,2026-03-14 Arsenal-Everton,49,Myles Lewis-Skelly,Arsenal,False,,0
ENG-Premier League,2526,2026-03-14 Arsenal-Everton,56,Max Dowman,Arsenal,False,MF,17
ENG-Premier League,2526,2026-03-14 Arsenal-Everton,1,Jordan Pickford,Everton,True,GK,90
ENG-Premier League,2526,2026-03-14 Arsenal-Everton,5,Michael Keane,Everton,True,CB,90
ENG-Premier League,2526,2026-03-14 Arsenal-Everton,7,Dwight McNeil,Everton,True,AM,85
ENG-Premier League,2526,2026-03-14 Arsenal-Everton,9,Beto,Everton,True,FW,68
ENG-Premier League,2526,2026-03-14 Arsenal-Everton,10,Iliman Ndiaye,Everton,True,AM,90
ENG-Premier League,2526,2026-03-14 Arsenal-Everton,15,Jake O'Brien,Everton,True,CB,90
ENG-Premier League,2526,2026-03-14 Arsenal-Everton,16,Vitaliy Mykolenko,Everton,True,LB,90
ENG-Premier League,2526,2026-03-14 Arsenal-Everton,22,Kiernan Dewsbury-Hall,Everton,True,AM,90
ENG-Premier League,2526,2026-03-14 Arsenal-Everton,27,Idrissa Gana Gueye,Everton,True,DM,89
ENG-Premier League,2526,2026-03-14 Arsenal-Everton,37,James Garner,Everton,True,RB,90
ENG-Premier League,2526,2026-03-14 Arsenal-Everton,42,Tim Iroegbunam,Everton,True,DM,85
ENG-Premier League,2526,2026-03-14 Arsenal-Everton,12,Mark Travers,Everton,False,,0
ENG-Premier League,2526,2026-03-14 Arsenal-Everton,2,Nathan Patterson,Everton,False,,0
ENG-Premier League,2526,2026-03-14 Arsenal-Everton,11,Thierno Barry,Everton,False,FW,22
ENG-Premier League,2526,2026-03-14 Arsenal-Everton,19,Tyrique George,Everton,False,FW,1
ENG-Premier League,2526,2026-03-14 Arsenal-Everton,20,Tyler Dibling,Everton,False,,0
ENG-Premier League,2526,2026-03-14 Arsenal-Everton,23,Séamus Coleman,Everton,False,,0
ENG-Premier League,2526,2026-03-14 Arsenal-Everton,34,Merlin Röhl,Everton,False,MF,5
ENG-Premier League,2526,2026-03-14 Arsenal-Everton,39,Adam Aznou,Everton,False,,0
ENG-Premier League,2526,2026-03-14 Arsenal-Everton,45,Harrison Armstrong,Everton,False,MF,5
ENG-Premier League,2526,2026-01-01 Crystal Palace-Fulham,1,Dean Henderson,Crystal Palace,True,GK,90
ENG-Premier League,2526,2026-01-01 Crystal Palace-Fulham,3,Tyrick Mitchell,Crystal Palace,True,DM,90
ENG-Premier League,2526,2026-01-01 Crystal Palace-Fulham,5,Maxence Lacroix,Crystal Palace,True,CB,90
ENG-Premier League,2526,2026-01-01 Crystal Palace-Fulham,6,Marc Guéhi,Crystal Palace,True,CB,90
ENG-Premier League,2526,2026-01-01 Crystal Palace-Fulham,8,Jefferson Lerma,Crystal Palace,True,CB,90
ENG-Premier League,2526,2026-01-01 Crystal Palace-Fulham,10,Yeremi Pino,Crystal Palace,True,AM,81
ENG-Premier League,2526,2026-01-01 Crystal Palace-Fulham,14,Jean-Philippe Mateta,Crystal Palace,True,FW,90
ENG-Premier League,2526,2026-01-01 Crystal Palace-Fulham,17,Nathaniel Clyne,Crystal Palace,True,DM,89
ENG-Premier League,2526,2026-01-01 Crystal Palace-Fulham,19,Will Hughes,Crystal Palace,True,DM,56
ENG-Premier League,2526,2026-01-01 Crystal Palace-Fulham,20,Adam Wharton,Crystal Palace,True,DM,90
ENG-Premier League,2526,2026-01-01 Crystal Palace-Fulham,55,Justin Devenny,Crystal Palace,True,AM,81
ENG-Premier League,2526,2026-01-01 Crystal Palace-Fulham,44,Walter Benítez,Crystal Palace,False,,0
ENG-Premier League,2526,2026-01-01 Crystal Palace-Fulham,12,Christantus Uche,Crystal Palace,False,FW,9
ENG-Premier League,2526,2026-01-01 Crystal Palace-Fulham,21,Romain Esse,Crystal Palace,False,MF,9
ENG-Premier League,2526,2026-01-01 Crystal Palace-Fulham,23,Jaydee Canvot,Crystal Palace,False,DF,34
ENG-Premier League,2526,2026-01-01 Crystal Palace-Fulham,24,Borna Sosa,Crystal Palace,False,"DF,MF",1
ENG-Premier League,2526,2026-01-01 Crystal Palace-Fulham,42,Kaden Rodney,Crystal Palace,False,,0
ENG-Premier League,2526,2026-01-01 Crystal Palace-Fulham,72,Dean Benamar,Crystal Palace,False,,0
ENG-Premier League,2526,2026-01-01 Crystal Palace-Fulham,73,Ben Casey,Crystal Palace,False,,0
ENG-Premier League,2526,2026-01-01 Crystal Palace-Fulham,86,Joél Drakes-Thomas,Crystal Palace,False,,0
ENG-Premier League,2526,2026-01-01 Crystal Palace-Fulham,1,Bernd Leno,Fulham,True,GK,90
ENG-Premier League,2526,2026-01-01 Crystal Palace-Fulham,2,Kenny Tete,Fulham,True,RB,50
ENG-Premier League,2526,2026-01-01 Crystal Palace-Fulham,5,Joachim Andersen,Fulham,True,CB,90
ENG-Premier League,2526,2026-01-01 Crystal Palace-Fulham,7,Raúl Jiménez,Fulham,True,FW,90
ENG-Premier League,2526,2026-01-01 Crystal Palace-Fulham,8,Harry Wilson,Fulham,True,AM,84
ENG-Premier League,2526,2026-01-01 Crystal Palace-Fulham,15,Jorge Cuenca,Fulham,True,CB,90
ENG-Premier League,2526,2026-01-01 Crystal Palace-Fulham,16,Sander Berge,Fulham,True,DM,67
ENG-Premier League,2526,2026-01-01 Crystal Palace-Fulham,20,Saša Lukić,Fulham,True,DM,90
ENG-Premier League,2526,2026-01-01 Crystal Palace-Fulham,22,Kevin,Fulham,True,AM,84
ENG-Premier League,2526,2026-01-01 Crystal Palace-Fulham,32,Emile Smith Rowe,Fulham,True,AM,90
ENG-Premier League,2526,2026-01-01 Crystal Palace-Fulham,33,Antonee Robinson,Fulham,True,LB,90
ENG-Premier League,2526,2026-01-01 Crystal Palace-Fulham,23,Benjamin Lecomte,Fulham,False,,0
ENG-Premier League,2526,2026-01-01 Crystal Palace-Fulham,6,Harrison Reed,Fulham,False,MF,6
ENG-Premier League,2526,2026-01-01 Crystal Palace-Fulham,10,Tom Cairney,Fulham,False,MF,23
ENG-Premier League,2526,2026-01-01 Crystal Palace-Fulham,11,Adama Traoré,Fulham,False,"FW,MF",6
ENG-Premier League,2526,2026-01-01 Crystal Palace-Fulham,18,Jonah Kusi-Asare,Fulham,False,,0
ENG-Premier League,2526,2026-01-01 Crystal Palace-Fulham,21,Timothy Castagne,Fulham,False,"DF,MF",40
ENG-Premier League,2526,2026-01-01 Crystal Palace-Fulham,31,Issa Diop,Fulham,False,,0
ENG-Premier League,2526,2026-01-01 Crystal Palace-Fulham,35,Samuel Amissah,Fulham,False,,0
ENG-Premier League,2526,2026-01-01 Crystal Palace-Fulham,38,Seth Ridgeon,Fulham,False,,0
ENG-Premier League,2526,2025-11-30 West Ham United-Liverpool,23,Alphonse Areola,West Ham United,True,GK,90
ENG-Premier League,2526,2025-11-30 West Ham United-Liverpool,9,Callum Wilson,West Ham United,True,FW,77
ENG-Premier League,2526,2025-11-30 West Ham United-Liverpool,10,Lucas Paquetá,West Ham United,True,AM,83
ENG-Premier League,2526,2025-11-30 West Ham United-Liverpool,12,El Hadji Malick Diouf,West Ham United,True,LB,90
ENG-Premier League,2526,2025-11-30 West Ham United-Liverpool,15,Konstantinos Mavropanos,West Ham United,True,CB,90
ENG-Premier League,2526,2025-11-30 West Ham United-Liverpool,18,Mateus Fernandes,West Ham United,True,AM,90
ENG-Premier League,2526,2025-11-30 West Ham United-Liverpool,20,Jarrod Bowen,West Ham United,True,AM,90
ENG-Premier League,2526,2025-11-30 West Ham United-Liverpool,25,Jean-Clair Todibo,West Ham United,True,CB,90
ENG-Premier League,2526,2025-11-30 West Ham United-Liverpool,27,Soungoutou Magassa,West Ham United,True,DM,67
ENG-Premier League,2526,2025-11-30 West Ham United-Liverpool,29,Aaron Wan-Bissaka,West Ham United,True,RB,90
ENG-Premier League,2526,2025-11-30 West Ham United-Liverpool,32,Freddie Potts,West Ham United,True,DM,87
ENG-Premier League,2526,2025-11-30 West Ham United-Liverpool,1,Mads Hermansen,West Ham United,False,,0
ENG-Premier League,2526,2025-11-30 West Ham United-Liverpool,2,Kyle Walker-Peters,West Ham United,False,,0
ENG-Premier League,2526,2025-11-30 West Ham United-Liverpool,3,Max Kilman,West Ham United,False,,0
ENG-Premier League,2526,2025-11-30 West Ham United-Liverpool,5,Igor,West Ham United,False,,0
ENG-Premier League,2526,2025-11-30 West Ham United-Liverpool,11,Niclas Füllkrug,West Ham United,False,FW,13
ENG-Premier League,2526,2025-11-30 West Ham United-Liverpool,17,Luis Guilherme,West Ham United,False,MF,23
ENG-Premier League,2526,2025-11-30 West Ham United-Liverpool,24,Guido Rodríguez,West Ham United,False,,0
ENG-Premier League,2526,2025-11-30 West Ham United-Liverpool,28,Tomáš Souček,West Ham United,False,MF,3
ENG-Premier League,2526,2025-11-30 West Ham United-Liverpool,39,Andy Irving,West Ham United,False,,0
ENG-Premier League,2526,2025-11-30 West Ham United-Liverpool,1,Alisson,Liverpool,True,GK,90
ENG-Premier League,2526,2025-11-30 West Ham United-Liverpool,2,Joe Gomez,Liverpool,True,RB,90
ENG-Premier League,2526,2025-11-30 West Ham United-Liverpool,4,Virgil van Dijk,Liverpool,True,CB,90
ENG-Premier League,2526,2025-11-30 West Ham United-Liverpool,5,Ibrahima Konaté,Liverpool,True,CB,90
ENG-Premier League,2526,2025-11-30 West Ham United-Liverpool,6,Milos Kerkez,Liverpool,True,LB,84
ENG-Premier League,2526,2025-11-30 West Ham United-Liverpool,7,Florian Wirtz,Liverpool,True,AM,74
ENG-Premier League,2526,2025-11-30 West Ham United-Liverpool,8,Dominik Szoboszlai,Liverpool,True,AM,90
ENG-Premier League,2526,2025-11-30 West Ham United-Liverpool,9,Alexander Isak,Liverpool,True,FW,67
ENG-Premier League,2526,2025-11-30 West Ham United-Liverpool,10,Alexis Mac Allister,Liverpool,True,DM,90
ENG-Premier League,2526,2025-11-30 West Ham United-Liverpool,18,Cody Gakpo,Liverpool,True,AM,90
ENG-Premier League,2526,2025-11-30 West Ham United-Liverpool,38,Ryan Gravenberch,Liverpool,True,DM,90
ENG-Premier League,2526,2025-11-30 West Ham United-Liverpool,25,Giorgi Mamardashvili,Liverpool,False,,0
ENG-Premier League,2526,2025-11-30 West Ham United-Liverpool,3,Wataru Endo,Liverpool,False,,0
ENG-Premier League,2526,2025-11-30 West Ham United-Liverpool,11,Mohamed Salah,Liverpool,False,,0
ENG-Premier League,2526,2025-11-30 West Ham United-Liverpool,14,Federico Chiesa,Liverpool,False,,0
ENG-Premier League,2526,2025-11-30 West Ham United-Liverpool,17,Curtis Jones,Liverpool,False,"FW,MF",16
ENG-Premier League,2526,2025-11-30 West Ham United-Liverpool,22,Hugo Ekitike,Liverpool,False,FW,23
ENG-Premier League,2526,2025-11-30 West Ham United-Liverpool,26,Andrew Robertson,Liverpool,False,"DF,MF",6
ENG-Premier League,2526,2025-11-30 West Ham United-Liverpool,42,Trey Nyoni,Liverpool,False,,0
ENG-Premier League,2526,2025-11-30 West Ham United-Liverpool,73,Rio Ngumoha,Liverpool,False,,0
ENG-Premier League,2526,2025-11-08 Chelsea-Wolves,1,Robert Sánchez,Chelsea,True,GK,90
ENG-Premier League,2526,2025-11-08 Chelsea-Wolves,3,Marc Cucurella,Chelsea,True,LB,90
ENG-Premier League,2526,2025-11-08 Chelsea-Wolves,7,Pedro Neto,Chelsea,True,AM,76
ENG-Premier League,2526,2025-11-08 Chelsea-Wolves,8,Enzo Fernández,Chelsea,True,DM,82
ENG-Premier League,2526,2025-11-08 Chelsea-Wolves,9,Liam Delap,Chelsea,True,FW,63
ENG-Premier League,2526,2025-11-08 Chelsea-Wolves,20,João Pedro,Chelsea,True,AM,82
ENG-Premier League,2526,2025-11-08 Chelsea-Wolves,23,Trevoh Chalobah,Chelsea,True,CB,90
ENG-Premier League,2526,2025-11-08 Chelsea-Wolves,25,Moisés Caicedo,Chelsea,True,DM,90
ENG-Premier League,2526,2025-11-08 Chelsea-Wolves,27,Malo Gusto,Chelsea,True,RB,76
ENG-Premier League,2526,2025-11-08 Chelsea-Wolves,29,Wesley Fofana,Chelsea,True,CB,90
ENG-Premier League,2526,2025-11-08 Chelsea-Wolves,49,Alejandro Garnacho,Chelsea,True,AM,90
ENG-Premier League,2526,2025-11-08 Chelsea-Wolves,12,Filip Jørgensen,Chelsea,False,,0
ENG-Premier League,2526,2025-11-08 Chelsea-Wolves,4,Tosin Adarabioyo,Chelsea,False,,0
ENG-Premier League,2526,2025-11-08 Chelsea-Wolves,11,Jamie Gittens,Chelsea,False,MF,8
ENG-Premier League,2526,2025-11-08 Chelsea-Wolves,17,Andrey Santos,Chelsea,False,MF,8
ENG-Premier League,2526,2025-11-08 Chelsea-Wolves,21,Jorrel Hato,Chelsea,False,,0
ENG-Premier League,2526,2025-11-08 Chelsea-Wolves,24,Reece James,Chelsea,False,"DF,MF",14
ENG-Premier League,2526,2025-11-08 Chelsea-Wolves,34,Joshua Acheampong,Chelsea,False,,0
ENG-Premier League,2526,2025-11-08 Chelsea-Wolves,38,Marc Guiu,Chelsea,False,FW,14
ENG-Premier League,2526,2025-11-08 Chelsea-Wolves,41,Estêvão Willian,Chelsea,False,MF,27
ENG-Premier League,2526,2025-11-08 Chelsea-Wolves,31,Sam Johnstone,Wolverhampton Wanderers,True,GK,90
ENG-Premier League,2526,2025-11-08 Chelsea-Wolves,3,Hugo Bueno,Wolverhampton Wanderers,True,LB,90
ENG-Premier League,2526,2025-11-08 Chelsea-Wolves,4,Santiago Bueno,Wolverhampton Wanderers,True,CB,90
ENG-Premier League,2526,2025-11-08 Chelsea-Wolves,7,André,Wolverhampton Wanderers,True,CM,90
ENG-Premier League,2526,2025-11-08 Chelsea-Wolves,8,João Gomes,Wolverhampton Wanderers,True,CM,90
ENG-Premier League,2526,2025-11-08 Chelsea-Wolves,9,Jørgen Strand Larsen,Wolverhampton Wanderers,True,FW,90
ENG-Premier League,2526,2025-11-08 Chelsea-Wolves,11,Hwang Hee-chan,Wolverhampton Wanderers,True,FW,69
ENG-Premier League,2526,2025-11-08 Chelsea-Wolves,24,Toti Gomes,Wolverhampton Wanderers,True,CB,90
ENG-Premier League,2526,2025-11-08 Chelsea-Wolves,27,Jean-Ricner Bellegarde,Wolverhampton Wanderers,True,CM,69
ENG-Premier League,2526,2025-11-08 Chelsea-Wolves,37,Ladislav Krejčí,Wolverhampton Wanderers,True,CB,90
ENG-Premier League,2526,2025-11-08 Chelsea-Wolves,38,Jackson Tchatchoua,Wolverhampton Wanderers,True,RB,90
ENG-Premier League,2526,2025-11-08 Chelsea-Wolves,1,José Sá,Wolverhampton Wanderers,False,,0
ENG-Premier League,2526,2025-11-08 Chelsea-Wolves,5,Marshall Munetsi,Wolverhampton Wanderers,False,"DF,MF",21
ENG-Premier League,2526,2025-11-08 Chelsea-Wolves,6,David Møller Wolfe,Wolverhampton Wanderers,False,,0
ENG-Premier League,2526,2025-11-08 Chelsea-Wolves,10,Jhon Arias,Wolverhampton Wanderers,False,,0
ENG-Premier League,2526,2025-11-08 Chelsea-Wolves,14,Tolu Arokodare,Wolverhampton Wanderers,False,,0
ENG-Premier League,2526,2025-11-08 Chelsea-Wolves,15,Yerson Mosquera,Wolverhampton Wanderers,False,,0
ENG-Premier League,2526,2025-11-08 Chelsea-Wolves,23,Tawanda Chirewa,Wolverhampton Wanderers,False,,0
ENG-Premier League,2526,2025-11-08 Chelsea-Wolves,26,Ki-Jana Hoever,Wolverhampton Wanderers,False,,0
ENG-Premier League,2526,2025-11-08 Chelsea-Wolves,36,Mateus Mane,Wolverhampton Wanderers,False,FW,21
ENG-Premier League,2526,2026-01-31 Leeds United-Arsenal,26,Karl Darlow,Leeds United,True,GK,90
ENG-Premier League,2526,2026-01-31 Leeds United-Arsenal,2,Jayden Bogle,Leeds United,True,DM,90
ENG-Premier League,2526,2026-01-31 Leeds United-Arsenal,3,Gabriel Gudmundsson,Leeds United,True,DM,90
ENG-Premier League,2526,2026-01-31 Leeds United-Arsenal,4,Ethan Ampadu,Leeds United,True,DM,90
ENG-Premier League,2526,2026-01-31 Leeds United-Arsenal,5,Pascal Struijk,Leeds United,True,CB,90
ENG-Premier League,2526,2026-01-31 Leeds United-Arsenal,6,Joe Rodon,Leeds United,True,CB,90
ENG-Premier League,2526,2026-01-31 Leeds United-Arsenal,9,Dominic Calvert-Lewin,Leeds United,True,FW,84
ENG-Premier League,2526,2026-01-31 Leeds United-Arsenal,11,Brenden Aaronson,Leeds United,True,AM,70
ENG-Premier League,2526,2026-01-31 Leeds United-Arsenal,18,Anton Stach,Leeds United,True,AM,80
ENG-Premier League,2526,2026-01-31 Leeds United-Arsenal,24,James Justin,Leeds United,True,CB,45
ENG-Premier League,2526,2026-01-31 Leeds United-Arsenal,44,Ilia Gruev,Leeds United,True,DM,45
ENG-Premier League,2526,2026-01-31 Leeds United-Arsenal,1,Lucas Perri,Leeds United,False,,0
ENG-Premier League,2526,2026-01-31 Leeds United-Arsenal,8,Sean Longstaff,Leeds United,False,MF,45
ENG-Premier League,2526,2026-01-31 Leeds United-Arsenal,10,Joël Piroe,Leeds United,False,"FW,MF",6
ENG-Premier League,2526,2026-01-31 Leeds United-Arsenal,19,Noah Okafor,Leeds United,False,"FW,MF",45
ENG-Premier League,2526,2026-01-31 Leeds United-Arsenal,22,Ao Tanaka,Leeds United,False,,0
ENG-Premier League,2526,2026-01-31 Leeds United-Arsenal,23,Sebastiaan Bornauw,Leeds United,False,,0
ENG-Premier League,2526,2026-01-31 Leeds United-Arsenal,25,Sam Byram,Leeds United,False,,0
ENG-Premier League,2526,2026-01-31 Leeds United-Arsenal,29,Wilfried Gnonto,Leeds United,False,"FW,MF",10
ENG-Premier League,2526,2026-01-31 Leeds United-Arsenal,40,Facundo Buonanotte,Leeds United,False,MF,20
ENG-Premier League,2526,2026-01-31 Leeds United-Arsenal,1,David Raya,Arsenal,True,GK,90
ENG-Premier League,2526,2026-01-31 Leeds United-Arsenal,2,William Saliba,Arsenal,True,CB,90
ENG-Premier League,2526,2026-01-31 Leeds United-Arsenal,5,Piero Hincapié,Arsenal,True,LB,74
ENG-Premier League,2526,2026-01-31 Leeds United-Arsenal,6,Gabriel Magalhães,Arsenal,True,CB,90
ENG-Premier League,2526,2026-01-31 Leeds United-Arsenal,12,Jurriën Timber,Arsenal,True,RB,90
ENG-Premier League,2526,2026-01-31 Leeds United-Arsenal,14,Viktor Gyökeres,Arsenal,True,FW,75
ENG-Premier League,2526,2026-01-31 Leeds United-Arsenal,19,Leandro Trossard,Arsenal,True,AM,80
ENG-Premier League,2526,2026-01-31 Leeds United-Arsenal,20,Noni Madueke,Arsenal,True,AM,60
ENG-Premier League,2526,2026-01-31 Leeds United-Arsenal,29,Kai Havertz,Arsenal,True,AM,60
ENG-Premier League,2526,2026-01-31 Leeds United-Arsenal,36,Martín Zubimendi,Arsenal,True,DM,90
ENG-Premier League,2526,2026-01-31 Leeds United-Arsenal,41,Declan Rice,Arsenal,True,DM,90
ENG-Premier League,2526,2026-01-31 Leeds United-Arsenal,13,Kepa Arrizabalaga,Arsenal,False,,0
ENG-Premier League,2526,2026-01-31 Leeds United-Arsenal,3,Cristhian Mosquera,Arsenal,False,,0
ENG-Premier League,2526,2026-01-31 Leeds United-Arsenal,4,Ben White,Arsenal,False,,0
ENG-Premier League,2526,2026-01-31 Leeds United-Arsenal,8,Martin Ødegaard,Arsenal,False,"FW,MF",30
ENG-Premier League,2526,2026-01-31 Leeds United-Arsenal,9,Gabriel Jesus,Arsenal,False,"FW,MF",15
ENG-Premier League,2526,2026-01-31 Leeds United-Arsenal,10,Eberechi Eze,Arsenal,False,"FW,MF",10
ENG-Premier League,2526,2026-01-31 Leeds United-Arsenal,11,Gabriel Martinelli,Arsenal,False,"FW,MF",30
ENG-Premier League,2526,2026-01-31 Leeds United-Arsenal,16,Christian Nørgaard,Arsenal,False,,0
ENG-Premier League,2526,2026-01-31 Leeds United-Arsenal,33,Riccardo Calafiori,Arsenal,False,DF,16
ENG-Premier League,2526,2025-08-24 Everton-Brighton,1,Jordan Pickford,Everton,True,GK,90
ENG-Premier League,2526,2025-08-24 Everton-Brighton,5,Michael Keane,Everton,True,CB,90
ENG-Premier League,2526,2025-08-24 Everton-Brighton,6,James Tarkowski,Everton,True,CB,90
ENG-Premier League,2526,2025-08-24 Everton-Brighton,10,Iliman Ndiaye,Everton,True,AM,63
ENG-Premier League,2526,2025-08-24 Everton-Brighton,11,Thierno Barry,Everton,True,FW,63
ENG-Premier League,2526,2025-08-24 Everton-Brighton,15,Jake O'Brien,Everton,True,RB,90
ENG-Premier League,2526,2025-08-24 Everton-Brighton,18,Jack Grealish,Everton,True,AM,89
ENG-Premier League,2526,2025-08-24 Everton-Brighton,22,Kiernan Dewsbury-Hall,Everton,True,AM,90
ENG-Premier League,2526,2025-08-24 Everton-Brighton,27,Idrissa Gana Gueye,Everton,True,DM,90
ENG-Premier League,2526,2025-08-24 Everton-Brighton,37,James Garner,Everton,True,LB,90
ENG-Premier League,2526,2025-08-24 Everton-Brighton,42,Tim Iroegbunam,Everton,True,DM,70
ENG-Premier League,2526,2025-08-24 Everton-Brighton,12,Mark Travers,Everton,False,,0
ENG-Premier League,2526,2025-08-24 Everton-Brighton,7,Dwight McNeil,Everton,False,MF,20
ENG-Premier League,2526,2025-08-24 Everton-Brighton,9,Beto,Everton,False,FW,27
ENG-Premier League,2526,2025-08-24 Everton-Brighton,17,Youssef Chermiti,Everton,False,,0
ENG-Premier League,2526,2025-08-24 Everton-Brighton,23,Séamus Coleman,Everton,False,,0
ENG-Premier League,2526,2025-08-24 Everton-Brighton,24,Carlos Alcaraz,Everton,False,MF,27
ENG-Premier League,2526,2025-08-24 Everton-Brighton,45,Harrison Armstrong,Everton,False,MF,1
ENG-Premier League,2526,2025-08-24 Everton-Brighton,62,Tyler Onyango,Everton,False,,0
ENG-Premier League,2526,2025-08-24 Everton-Brighton,73,Elijah Campbell,Everton,False,,0
ENG-Premier League,2526,2025-08-24 Everton-Brighton,1,Bart Verbruggen,Brighton & Hove Albion,True,GK,90
ENG-Premier League,2526,2025-08-24 Everton-Brighton,5,Lewis Dunk,Brighton & Hove Albion,True,CB,90
ENG-Premier League,2526,2025-08-24 Everton-Brighton,6,Jan Paul van Hecke,Brighton & Hove Albion,True,CB,90
ENG-Premier League,2526,2025-08-24 Everton-Brighton,11,Yankuba Minteh,Brighton & Hove Albion,True,AM,90
ENG-Premier League,2526,2025-08-24 Everton-Brighton,17,Carlos Baleba,Brighton & Hove Albion,True,DM,45
ENG-Premier League,2526,2025-08-24 Everton-Brighton,18,Danny Welbeck,Brighton & Hove Albion,True,FW,90
ENG-Premier League,2526,2025-08-24 Everton-Brighton,22,Kaoru Mitoma,Brighton & Hove Albion,True,AM,90
ENG-Premier League,2526,2025-08-24 Everton-Brighton,26,Yasin Ayari,Brighton & Hove Albion,True,DM,66
ENG-Premier League,2526,2025-08-24 Everton-Brighton,27,Mats Wieffer,Brighton & Hove Albion,True,RB,84
ENG-Premier League,2526,2025-08-24 Everton-Brighton,29,Maxim De Cuyper,Brighton & Hove Albion,True,LB,66
ENG-Premier League,2526,2025-08-24 Everton-Brighton,33,Matt O'Riley,Brighton & Hove Albion,True,AM,90
ENG-Premier League,2526,2025-08-24 Everton-Brighton,23,Jason Steele,Brighton & Hove Albion,False,,0
ENG-Premier League,2526,2025-08-24 Everton-Brighton,8,Brajan Gruda,Brighton & Hove Albion,False,MF,6
ENG-Premier League,2526,2025-08-24 Everton-Brighton,13,Jack Hinshelwood,Brighton & Hove Albion,False,"DF,MF",45
ENG-Premier League,2526,2025-08-24 Everton-Brighton,20,James Milner,Brighton & Hove Albion,False,,0
ENG-Premier League,2526,2025-08-24 Everton-Brighton,21,Olivier Boscagli,Brighton & Hove Albion,False,,0
ENG-Premier League,2526,2025-08-24 Everton-Brighton,24,Ferdi Kadioglu,Brighton & Hove Albion,False,"DF,MF",24
ENG-Premier League,2526,2025-08-24 Everton-Brighton,25,Diego Gómez,Brighton & Hove Albion,False,MF,24
ENG-Premier League,2526,2025-08-24 Everton-Brighton,34,Joël Veltman,Brighton & Hove Albion,False,,0
ENG-Premier League,2526,2025-08-24 Everton-Brighton,42,Diego Coppola,Brighton & Hove Albion,False,,0
ENG-Premier League,2526,2025-12-21 Aston Villa-Manchester Utd,23,Emiliano Martínez,Aston Villa,True,GK,90
ENG-Premier League,2526,2025-12-21 Aston Villa-Manchester Utd,2,Matty Cash,Aston Villa,True,RB,90
ENG-Premier League,2526,2025-12-21 Aston Villa-Manchester Utd,3,Victor Lindelöf,Aston Villa,True,CB,90
ENG-Premier League,2526,2025-12-21 Aston Villa-Manchester Utd,4,Ezri Konsa,Aston Villa,True,CB,90
ENG-Premier League,2526,2025-12-21 Aston Villa-Manchester Utd,7,John McGinn,Aston Villa,True,AM,83
ENG-Premier League,2526,2025-12-21 Aston Villa-Manchester Utd,8,Youri Tielemans,Aston Villa,True,AM,90
ENG-Premier League,2526,2025-12-21 Aston Villa-Manchester Utd,11,Ollie Watkins,Aston Villa,True,FW,74
ENG-Premier League,2526,2025-12-21 Aston Villa-Manchester Utd,22,Ian Maatsen,Aston Villa,True,LB,74
ENG-Premier League,2526,2025-12-21 Aston Villa-Manchester Utd,24,Amadou Onana,Aston Villa,True,DM,83
ENG-Premier League,2526,2025-12-21 Aston Villa-Manchester Utd,27,Morgan Rogers,Aston Villa,True,AM,90
ENG-Premier League,2526,2025-12-21 Aston Villa-Manchester Utd,44,Boubacar Kamara,Aston Villa,True,DM,87
ENG-Premier League,2526,2025-12-21 Aston Villa-Manchester Utd,40,Marco Bizot,Aston Villa,False,,0
ENG-Premier League,2526,2025-12-21 Aston Villa-Manchester Utd,10,Emi Buendía,Aston Villa,False,"FW,MF",7
ENG-Premier League,2526,2025-12-21 Aston Villa-Manchester Utd,12,Lucas Digne,Aston Villa,False,"DF,MF",16
ENG-Premier League,2526,2025-12-21 Aston Villa-Manchester Utd,16,Andrés García,Aston Villa,False,,0
ENG-Premier League,2526,2025-12-21 Aston Villa-Manchester Utd,17,Donyell Malen,Aston Villa,False,"FW,MF",16
ENG-Premier League,2526,2025-12-21 Aston Villa-Manchester Utd,26,Lamare Bogarde,Aston Villa,False,"DF,MF",3
ENG-Premier League,2526,2025-12-21 Aston Villa-Manchester Utd,29,Evann Guessand,Aston Villa,False,"FW,MF",7
ENG-Premier League,2526,2025-12-21 Aston Villa-Manchester Utd,53,George Hemmings,Aston Villa,False,,0
ENG-Premier League,2526,2025-12-21 Aston Villa-Manchester Utd,56,Leon Routh,Aston Villa,False,,0
ENG-Premier League,2526,2025-12-21 Aston Villa-Manchester Utd,31,Senne Lammens,Manchester United,True,GK,90
ENG-Premier League,2526,2025-12-21 Aston Villa-Manchester Utd,2,Diogo Dalot,Manchester United,True,DM,90
ENG-Premier League,2526,2025-12-21 Aston Villa-Manchester Utd,7,Mason Mount,Manchester United,True,AM,90
ENG-Premier League,2526,2025-12-21 Aston Villa-Manchester Utd,8,Bruno Fernandes,Manchester United,True,DM,45
ENG-Premier League,2526,2025-12-21 Aston Villa-Manchester Utd,10,Matheus Cunha,Manchester United,True,AM,90
ENG-Premier League,2526,2025-12-21 Aston Villa-Manchester Utd,13,Patrick Dorgu,Manchester United,True,DM,90
ENG-Premier League,2526,2025-12-21 Aston Villa-Manchester Utd,15,Leny Yoro,Manchester United,True,CB,83
ENG-Premier League,2526,2025-12-21 Aston Villa-Manchester Utd,23,Luke Shaw,Manchester United,True,CB,90
ENG-Premier League,2526,2025-12-21 Aston Villa-Manchester Utd,25,Manuel Ugarte,Manchester United,True,DM,72
ENG-Premier League,2526,2025-12-21 Aston Villa-Manchester Utd,26,Ayden Heaven,Manchester United,True,CB,90
ENG-Premier League,2526,2025-12-21 Aston Villa-Manchester Utd,30,Benjamin Šeško,Manchester United,True,FW,72
ENG-Premier League,2526,2025-12-21 Aston Villa-Manchester Utd,1,Altay Bayındır,Manchester United,False,,0
ENG-Premier League,2526,2025-12-21 Aston Villa-Manchester Utd,22,Tom Heaton,Manchester United,False,,0
ENG-Premier League,2526,2025-12-21 Aston Villa-Manchester Utd,6,Lisandro Martínez,Manchester United,False,"DF,MF",45
ENG-Premier League,2526,2025-12-21 Aston Villa-Manchester Utd,11,Joshua Zirkzee,Manchester United,False,FW,18
ENG-Premier League,2526,2025-12-21 Aston Villa-Manchester Utd,12,Tyrell Malacia,Manchester United,False,,0
ENG-Premier League,2526,2025-12-21 Aston Villa-Manchester Utd,33,Tyler Fredricson,Manchester United,False,,0
ENG-Premier League,2526,2025-12-21 Aston Villa-Manchester Utd,38,Jack Fletcher,Manchester United,False,MF,18
ENG-Premier League,2526,2025-12-21 Aston Villa-Manchester Utd,61,Shea Lacey,Manchester United,False,FW,7
ENG-Premier League,2526,2025-12-21 Aston Villa-Manchester Utd,70,Bendito Mantato,Manchester United,False,,0
ENG-Premier League,2526,2026-03-01 Manchester Utd-Crystal Palace,31,Senne Lammens,Manchester United,True,GK,90
ENG-Premier League,2526,2026-03-01 Manchester Utd-Crystal Palace,2,Diogo Dalot,Manchester United,True,RB,90
ENG-Premier League,2526,2026-03-01 Manchester Utd-Crystal Palace,5,Harry Maguire,Manchester United,True,CB,84
ENG-Premier League,2526,2026-03-01 Manchester Utd-Crystal Palace,8,Bruno Fernandes,Manchester United,True,AM,90
ENG-Premier League,2526,2026-03-01 Manchester Utd-Crystal Palace,10,Matheus Cunha,Manchester United,True,AM,90
ENG-Premier League,2526,2026-03-01 Manchester Utd-Crystal Palace,15,Leny Yoro,Manchester United,True,CB,90
ENG-Premier League,2526,2026-03-01 Manchester Utd-Crystal Palace,18,Casemiro,Manchester United,True,DM,90
ENG-Premier League,2526,2026-03-01 Manchester Utd-Crystal Palace,19,Bryan Mbeumo,Manchester United,True,AM,84
ENG-Premier League,2526,2026-03-01 Manchester Utd-Crystal Palace,23,Luke Shaw,Manchester United,True,LB,23
ENG-Premier League,2526,2026-03-01 Manchester Utd-Crystal Palace,30,Benjamin Šeško,Manchester United,True,FW,74
ENG-Premier League,2526,2026-03-01 Manchester Utd-Crystal Palace,37,Kobbie Mainoo,Manchester United,True,DM,90
ENG-Premier League,2526,2026-03-01 Manchester Utd-Crystal Palace,1,Altay Bayındır,Manchester United,False,,0
ENG-Premier League,2526,2026-03-01 Manchester Utd-Crystal Palace,3,Noussair Mazraoui,Manchester United,False,"DF,MF",67
ENG-Premier League,2526,2026-03-01 Manchester Utd-Crystal Palace,11,Joshua Zirkzee,Manchester United,False,FW,6
ENG-Premier League,2526,2026-03-01 Manchester Utd-Crystal Palace,12,Tyrell Malacia,Manchester United,False,,0
ENG-Premier League,2526,2026-03-01 Manchester Utd-Crystal Palace,16,Amad Diallo,Manchester United,False,"FW,MF",16
ENG-Premier League,2526,2026-03-01 Manchester Utd-Crystal Palace,25,Manuel Ugarte,Manchester United,False,,0
ENG-Premier League,2526,2026-03-01 Manchester Utd-Crystal Palace,26,Ayden Heaven,Manchester United,False,DF,6
ENG-Premier League,2526,2026-03-01 Manchester Utd-Crystal Palace,39,Tyler Fletcher,Manchester United,False,,0
ENG-Premier League,2526,2026-03-01 Manchester Utd-Crystal Palace,48,Jack Moorhouse,Manchester United,False,,0
ENG-Premier League,2526,2026-03-01 Manchester Utd-Crystal Palace,1,Dean Henderson,Crystal Palace,True,GK,90
ENG-Premier League,2526,2026-03-01 Manchester Utd-Crystal Palace,2,Daniel Muñoz,Crystal Palace,True,DM,90
ENG-Premier League,2526,2026-03-01 Manchester Utd-Crystal Palace,3,Tyrick Mitchell,Crystal Palace,True,DM,90
ENG-Premier League,2526,2026-03-01 Manchester Utd-Crystal Palace,5,Maxence Lacroix,Crystal Palace,True,CB,55
ENG-Premier League,2526,2026-03-01 Manchester Utd-Crystal Palace,7,Ismaila Sarr,Crystal Palace,True,AM,90
ENG-Premier League,2526,2026-03-01 Manchester Utd-Crystal Palace,11,Brennan Johnson,Crystal Palace,True,AM,57
ENG-Premier League,2526,2026-03-01 Manchester Utd-Crystal Palace,18,Daichi Kamada,Crystal Palace,True,DM,84
ENG-Premier League,2526,2026-03-01 Manchester Utd-Crystal Palace,20,Adam Wharton,Crystal Palace,True,DM,67
ENG-Premier League,2526,2026-03-01 Manchester Utd-Crystal Palace,22,Jørgen Strand Larsen,Crystal Palace,True,FW,57
ENG-Premier League,2526,2026-03-01 Manchester Utd-Crystal Palace,23,Jaydee Canvot,Crystal Palace,True,CB,90
ENG-Premier League,2526,2026-03-01 Manchester Utd-Crystal Palace,26,Chris Richards,Crystal Palace,True,CB,90
ENG-Premier League,2526,2026-03-01 Manchester Utd-Crystal Palace,44,Walter Benítez,Crystal Palace,False,,0
ENG-Premier League,2526,2026-03-01 Manchester Utd-Crystal Palace,10,Yeremi Pino,Crystal Palace,False,"FW,MF",6
ENG-Premier League,2526,2026-03-01 Manchester Utd-Crystal Palace,12,Christantus Uche,Crystal Palace,False,,0
ENG-Premier League,2526,2026-03-01 Manchester Utd-Crystal Palace,17,Nathaniel Clyne,Crystal Palace,False,,0
ENG-Premier League,2526,2026-03-01 Manchester Utd-Crystal Palace,19,Will Hughes,Crystal Palace,False,MF,23
ENG-Premier League,2526,2026-03-01 Manchester Utd-Crystal Palace,24,Borna Sosa,Crystal Palace,False,,0
ENG-Premier League,2526,2026-03-01 Manchester Utd-Crystal Palace,29,Evann Guessand,Crystal Palace,False,"FW,MF",33
ENG-Premier League,2526,2026-03-01 Manchester Utd-Crystal Palace,34,Chadi Riad,Crystal Palace,False,DF,33
ENG-Premier League,2526,2026-03-01 Manchester Utd-Crystal Palace,55,Justin Devenny,Crystal Palace,False,,0
ENG-Premier League,2526,2025-08-30 Tottenham Hotspur-Bournemouth,1,Guglielmo Vicario,Tottenham Hotspur,True,GK,90
ENG-Premier League,2526,2025-08-30 Tottenham Hotspur-Bournemouth,6,João Palhinha,Tottenham Hotspur,True,CM,53
ENG-Premier League,2526,2025-08-30 Tottenham Hotspur-Bournemouth,9,Richarlison,Tottenham Hotspur,True,FW,90
ENG-Premier League,2526,2025-08-30 Tottenham Hotspur-Bournemouth,17,Cristian Romero,Tottenham Hotspur,True,CB,90
ENG-Premier League,2526,2025-08-30 Tottenham Hotspur-Bournemouth,20,Mohammed Kudus,Tottenham Hotspur,True,FW,90
ENG-Premier League,2526,2025-08-30 Tottenham Hotspur-Bournemouth,22,Brennan Johnson,Tottenham Hotspur,True,FW,53
ENG-Premier League,2526,2025-08-30 Tottenham Hotspur-Bournemouth,23,Pedro Porro,Tottenham Hotspur,True,RB,70
ENG-Premier League,2526,2025-08-30 Tottenham Hotspur-Bournemouth,24,Djed Spence,Tottenham Hotspur,True,LB,90
ENG-Premier League,2526,2025-08-30 Tottenham Hotspur-Bournemouth,29,Pape Matar Sarr,Tottenham Hotspur,True,CM,75
ENG-Premier League,2526,2025-08-30 Tottenham Hotspur-Bournemouth,30,Rodrigo Bentancur,Tottenham Hotspur,True,CM,90
ENG-Premier League,2526,2025-08-30 Tottenham Hotspur-Bournemouth,37,Micky van de Ven,Tottenham Hotspur,True,CB,90
ENG-Premier League,2526,2025-08-30 Tottenham Hotspur-Bournemouth,31,Antonín Kinský,Tottenham Hotspur,False,,0
ENG-Premier League,2526,2025-08-30 Tottenham Hotspur-Bournemouth,4,Kevin Danso,Tottenham Hotspur,False,,0
ENG-Premier League,2526,2025-08-30 Tottenham Hotspur-Bournemouth,11,Mathys Tel,Tottenham Hotspur,False,"FW,MF",15
ENG-Premier League,2526,2025-08-30 Tottenham Hotspur-Bournemouth,13,Destiny Udogie,Tottenham Hotspur,False,"DF,MF",20
ENG-Premier League,2526,2025-08-30 Tottenham Hotspur-Bournemouth,14,Archie Gray,Tottenham Hotspur,False,,0
ENG-Premier League,2526,2025-08-30 Tottenham Hotspur-Bournemouth,15,Lucas Bergvall,Tottenham Hotspur,False,MF,37
ENG-Premier League,2526,2025-08-30 Tottenham Hotspur-Bournemouth,27,Manor Solomon,Tottenham Hotspur,False,,0
ENG-Premier League,2526,2025-08-30 Tottenham Hotspur-Bournemouth,28,Wilson Odobert,Tottenham Hotspur,False,"FW,MF",37
ENG-Premier League,2526,2025-08-30 Tottenham Hotspur-Bournemouth,33,Ben Davies,Tottenham Hotspur,False,,0
ENG-Premier League,2526,2025-08-30 Tottenham Hotspur-Bournemouth,1,Đorđe Petrović,Bournemouth,True,GK,90
ENG-Premier League,2526,2025-08-30 Tottenham Hotspur-Bournemouth,3,Adrien Truffert,Bournemouth,True,LB,90
ENG-Premier League,2526,2025-08-30 Tottenham Hotspur-Bournemouth,5,Marcos Senesi,Bournemouth,True,CB,90
ENG-Premier League,2526,2025-08-30 Tottenham Hotspur-Bournemouth,7,David Brooks,Bournemouth,True,AM,63
ENG-Premier League,2526,2025-08-30 Tottenham Hotspur-Bournemouth,8,Alex Scott,Bournemouth,True,DM,62
ENG-Premier League,2526,2025-08-30 Tottenham Hotspur-Bournemouth,9,Evanilson,Bournemouth,True,FW,80
ENG-Premier League,2526,2025-08-30 Tottenham Hotspur-Bournemouth,12,Tyler Adams,Bournemouth,True,DM,90
ENG-Premier League,2526,2025-08-30 Tottenham Hotspur-Bournemouth,15,Adam Smith,Bournemouth,True,RB,25
ENG-Premier League,2526,2025-08-30 Tottenham Hotspur-Bournemouth,16,Marcus Tavernier,Bournemouth,True,AM,80
ENG-Premier League,2526,2025-08-30 Tottenham Hotspur-Bournemouth,18,Bafodé Diakité,Bournemouth,True,CB,90
ENG-Premier League,2526,2025-08-30 Tottenham Hotspur-Bournemouth,24,Antoine Semenyo,Bournemouth,True,AM,90
ENG-Premier League,2526,2025-08-30 Tottenham Hotspur-Bournemouth,40,Will Dennis,Bournemouth,False,,0
ENG-Premier League,2526,2025-08-30 Tottenham Hotspur-Bournemouth,10,Ryan Christie,Bournemouth,False,"FW,MF",28
ENG-Premier League,2526,2025-08-30 Tottenham Hotspur-Bournemouth,11,Ben Gannon-Doak,Bournemouth,False,,0
ENG-Premier League,2526,2025-08-30 Tottenham Hotspur-Bournemouth,17,Amine Adli,Bournemouth,False,"FW,MF",27
ENG-Premier League,2526,2025-08-30 Tottenham Hotspur-Bournemouth,19,Justin Kluivert,Bournemouth,False,"FW,MF",10
ENG-Premier League,2526,2025-08-30 Tottenham Hotspur-Bournemouth,20,Julio Soler,Bournemouth,False,,0
ENG-Premier League,2526,2025-08-30 Tottenham Hotspur-Bournemouth,21,Romain Faivre,Bournemouth,False,,0
ENG-Premier League,2526,2025-08-30 Tottenham Hotspur-Bournemouth,22,Eli Junior Kroupi,Bournemouth,False,FW,10
ENG-Premier League,2526,2025-08-30 Tottenham Hotspur-Bournemouth,23,James Hill,Bournemouth,False,DF,65
ENG-Premier League,2526,2026-02-11 Aston Villa-Brighton,23,Emiliano Martínez,Aston Villa,True,GK,90
ENG-Premier League,2526,2026-02-11 Aston Villa-Brighton,4,Ezri Konsa,Aston Villa,True,CB,90
ENG-Premier League,2526,2026-02-11 Aston Villa-Brighton,5,Tyrone Mings,Aston Villa,True,CB,90
ENG-Premier League,2526,2026-02-11 Aston Villa-Brighton,10,Emi Buendía,Aston Villa,True,AM,59
ENG-Premier League,2526,2026-02-11 Aston Villa-Brighton,11,Ollie Watkins,Aston Villa,True,FW,74
ENG-Premier League,2526,2026-02-11 Aston Villa-Brighton,19,Jadon Sancho,Aston Villa,True,AM,59
ENG-Premier League,2526,2026-02-11 Aston Villa-Brighton,21,Douglas Luiz,Aston Villa,True,DM,83
ENG-Premier League,2526,2026-02-11 Aston Villa-Brighton,22,Ian Maatsen,Aston Villa,True,LB,90
ENG-Premier League,2526,2026-02-11 Aston Villa-Brighton,24,Amadou Onana,Aston Villa,True,DM,74
ENG-Premier League,2526,2026-02-11 Aston Villa-Brighton,26,Lamare Bogarde,Aston Villa,True,RB,90
ENG-Premier League,2526,2026-02-11 Aston Villa-Brighton,27,Morgan Rogers,Aston Villa,True,AM,90
ENG-Premier League,2526,2026-02-11 Aston Villa-Brighton,40,Marco Bizot,Aston Villa,False,,0
ENG-Premier League,2526,2026-02-11 Aston Villa-Brighton,64,James Wright,Aston Villa,False,,0
ENG-Premier League,2526,2026-02-11 Aston Villa-Brighton,3,Victor Lindelöf,Aston Villa,False,DF,7
ENG-Premier League,2526,2026-02-11 Aston Villa-Brighton,6,Ross Barkley,Aston Villa,False,MF,31
ENG-Premier League,2526,2026-02-11 Aston Villa-Brighton,12,Lucas Digne,Aston Villa,False,,0
ENG-Premier League,2526,2026-02-11 Aston Villa-Brighton,14,Pau Torres,Aston Villa,False,,0
ENG-Premier League,2526,2026-02-11 Aston Villa-Brighton,18,Tammy Abraham,Aston Villa,False,FW,16
ENG-Premier League,2526,2026-02-11 Aston Villa-Brighton,31,Leon Bailey,Aston Villa,False,"FW,MF",31
ENG-Premier League,2526,2026-02-11 Aston Villa-Brighton,47,Alysson Edward,Aston Villa,False,MF,16
ENG-Premier League,2526,2026-02-11 Aston Villa-Brighton,1,Bart Verbruggen,Brighton & Hove Albion,True,GK,90
ENG-Premier League,2526,2026-02-11 Aston Villa-Brighton,5,Lewis Dunk,Brighton & Hove Albion,True,CB,90
ENG-Premier League,2526,2026-02-11 Aston Villa-Brighton,6,Jan Paul van Hecke,Brighton & Hove Albion,True,CB,60
ENG-Premier League,2526,2026-02-11 Aston Villa-Brighton,13,Jack Hinshelwood,Brighton & Hove Albion,True,CM,90
ENG-Premier League,2526,2026-02-11 Aston Villa-Brighton,17,Carlos Baleba,Brighton & Hove Albion,True,CM,21
ENG-Premier League,2526,2026-02-11 Aston Villa-Brighton,18,Danny Welbeck,Brighton & Hove Albion,True,FW,80
ENG-Premier League,2526,2026-02-11 Aston Villa-Brighton,22,Kaoru Mitoma,Brighton & Hove Albion,True,FW,80
ENG-Premier League,2526,2026-02-11 Aston Villa-Brighton,24,Ferdi Kadioglu,Brighton & Hove Albion,True,LB,90
ENG-Premier League,2526,2026-02-11 Aston Villa-Brighton,25,Diego Gómez,Brighton & Hove Albion,True,FW,80
ENG-Premier League,2526,2026-02-11 Aston Villa-Brighton,30,Pascal Groß,Brighton & Hove Albion,True,CM,90
ENG-Premier League,2526,2026-02-11 Aston Villa-Brighton,34,Joël Veltman,Brighton & Hove Albion,True,RB,90
ENG-Premier League,2526,2026-02-11 Aston Villa-Brighton,23,Jason Steele,Brighton & Hove Albion,False,,0
ENG-Premier League,2526,2026-02-11 Aston Villa-Brighton,10,Georginio Rutter,Brighton & Hove Albion,False,,0
ENG-Premier League,2526,2026-02-11 Aston Villa-Brighton,11,Yankuba Minteh,Brighton & Hove Albion,False,MF,10
ENG-Premier League,2526,2026-02-11 Aston Villa-Brighton,19,Charalampos Kostoulas,Brighton & Hove Albion,False,FW,10
ENG-Premier League,2526,2026-02-11 Aston Villa-Brighton,20,James Milner,Brighton & Hove Albion,False,"DF,MF",69
ENG-Premier League,2526,2026-02-11 Aston Villa-Brighton,21,Olivier Boscagli,Brighton & Hove Albion,False,DF,30
ENG-Premier League,2526,2026-02-11 Aston Villa-Brighton,29,Maxim De Cuyper,Brighton & Hove Albion,False,,0
ENG-Premier League,2526,2026-02-11 Aston Villa-Brighton,33,Matt O'Riley,Brighton & Hove Albion,False,,0
ENG-Premier League,2526,2026-02-11 Aston Villa-Brighton,53,Harry Howell,Brighton & Hove Albion,False,FW,10
ENG-Premier League,2526,2025-11-08 Everton-Fulham,1,Jordan Pickford,Everton,True,GK,90
ENG-Premier League,2526,2025-11-08 Everton-Fulham,5,Michael Keane,Everton,True,CB,90
ENG-Premier League,2526,2025-11-08 Everton-Fulham,6,James Tarkowski,Everton,True,CB,90
ENG-Premier League,2526,2025-11-08 Everton-Fulham,10,Iliman Ndiaye,Everton,True,AM,90
ENG-Premier League,2526,2025-11-08 Everton-Fulham,11,Thierno Barry,Everton,True,FW,78
ENG-Premier League,2526,2025-11-08 Everton-Fulham,16,Vitaliy Mykolenko,Everton,True,LB,90
ENG-Premier League,2526,2025-11-08 Everton-Fulham,18,Jack Grealish,Everton,True,AM,90
ENG-Premier League,2526,2025-11-08 Everton-Fulham,22,Kiernan Dewsbury-Hall,Everton,True,AM,88
ENG-Premier League,2526,2025-11-08 Everton-Fulham,27,Idrissa Gana Gueye,Everton,True,DM,90
ENG-Premier League,2526,2025-11-08 Everton-Fulham,37,James Garner,Everton,True,RB,90
ENG-Premier League,2526,2025-11-08 Everton-Fulham,42,Tim Iroegbunam,Everton,True,DM,66
ENG-Premier League,2526,2025-11-08 Everton-Fulham,12,Mark Travers,Everton,False,,0
ENG-Premier League,2526,2025-11-08 Everton-Fulham,7,Dwight McNeil,Everton,False,,0
ENG-Premier League,2526,2025-11-08 Everton-Fulham,9,Beto,Everton,False,FW,12
ENG-Premier League,2526,2025-11-08 Everton-Fulham,15,Jake O'Brien,Everton,False,DF,2
ENG-Premier League,2526,2025-11-08 Everton-Fulham,20,Tyler Dibling,Everton,False,,0
ENG-Premier League,2526,2025-11-08 Everton-Fulham,23,Séamus Coleman,Everton,False,,0
ENG-Premier League,2526,2025-11-08 Everton-Fulham,24,Carlos Alcaraz,Everton,False,,0
ENG-Premier League,2526,2025-11-08 Everton-Fulham,34,Merlin Röhl,Everton,False,MF,24
ENG-Premier League,2526,2025-11-08 Everton-Fulham,39,Adam Aznou,Everton,False,,0
ENG-Premier League,2526,2025-11-08 Everton-Fulham,1,Bernd Leno,Fulham,True,GK,90
ENG-Premier League,2526,2025-11-08 Everton-Fulham,2,Kenny Tete,Fulham,True,RB,90
ENG-Premier League,2526,2025-11-08 Everton-Fulham,3,Calvin Bassey,Fulham,True,CB,90
ENG-Premier League,2526,2025-11-08 Everton-Fulham,5,Joachim Andersen,Fulham,True,CB,90
ENG-Premier League,2526,2025-11-08 Everton-Fulham,7,Raúl Jiménez,Fulham,True,FW,57
ENG-Premier League,2526,2025-11-08 Everton-Fulham,8,Harry Wilson,Fulham,True,AM,58
ENG-Premier League,2526,2025-11-08 Everton-Fulham,16,Sander Berge,Fulham,True,DM,90
ENG-Premier League,2526,2025-11-08 Everton-Fulham,17,Alex Iwobi,Fulham,True,AM,90
ENG-Premier League,2526,2025-11-08 Everton-Fulham,20,Saša Lukić,Fulham,True,DM,45
ENG-Premier League,2526,2025-11-08 Everton-Fulham,22,Kevin,Fulham,True,AM,86
ENG-Premier League,2526,2025-11-08 Everton-Fulham,30,Ryan Sessegnon,Fulham,True,LB,90
ENG-Premier League,2526,2025-11-08 Everton-Fulham,23,Benjamin Lecomte,Fulham,False,,0
ENG-Premier League,2526,2025-11-08 Everton-Fulham,9,Rodrigo Muniz,Fulham,False,FW,17
ENG-Premier League,2526,2025-11-08 Everton-Fulham,10,Tom Cairney,Fulham,False,,0
ENG-Premier League,2526,2025-11-08 Everton-Fulham,11,Adama Traoré,Fulham,False,"FW,MF",16
ENG-Premier League,2526,2025-11-08 Everton-Fulham,15,Jorge Cuenca,Fulham,False,,0
ENG-Premier League,2526,2025-11-08 Everton-Fulham,19,Samuel Chukwueze,Fulham,False,"FW,MF",32
ENG-Premier League,2526,2025-11-08 Everton-Fulham,21,Timothy Castagne,Fulham,False,,0
ENG-Premier League,2526,2025-11-08 Everton-Fulham,24,Joshua King,Fulham,False,MF,45
ENG-Premier League,2526,2025-11-08 Everton-Fulham,32,Emile Smith Rowe,Fulham,False,MF,4
ENG-Premier League,2526,2025-10-25 Newcastle United-Fulham,1,Nick Pope,Newcastle United,True,GK,90
ENG-Premier League,2526,2025-10-25 Newcastle United-Fulham,2,Kieran Trippier,Newcastle United,True,RB,90
ENG-Premier League,2526,2025-10-25 Newcastle United-Fulham,4,Sven Botman,Newcastle United,True,CB,60
ENG-Premier League,2526,2025-10-25 Newcastle United-Fulham,7,Joelinton,Newcastle United,True,CM,90
ENG-Premier League,2526,2025-10-25 Newcastle United-Fulham,10,Anthony Gordon,Newcastle United,True,FW,75
ENG-Premier League,2526,2025-10-25 Newcastle United-Fulham,12,Malick Thiaw,Newcastle United,True,CB,90
ENG-Premier League,2526,2025-10-25 Newcastle United-Fulham,23,Jacob Murphy,Newcastle United,True,FW,60
ENG-Premier League,2526,2025-10-25 Newcastle United-Fulham,27,Nick Woltemade,Newcastle United,True,FW,85
ENG-Premier League,2526,2025-10-25 Newcastle United-Fulham,33,Dan Burn,Newcastle United,True,LB,90
ENG-Premier League,2526,2025-10-25 Newcastle United-Fulham,39,Bruno Guimarães,Newcastle United,True,CM,90
ENG-Premier League,2526,2025-10-25 Newcastle United-Fulham,67,Lewis Miley,Newcastle United,True,CM,60
ENG-Premier League,2526,2025-10-25 Newcastle United-Fulham,32,Aaron Ramsdale,Newcastle United,False,,0
ENG-Premier League,2526,2025-10-25 Newcastle United-Fulham,5,Fabian Schär,Newcastle United,False,DF,30
ENG-Premier League,2526,2025-10-25 Newcastle United-Fulham,8,Sandro Tonali,Newcastle United,False,MF,30
ENG-Premier League,2526,2025-10-25 Newcastle United-Fulham,11,Harvey Barnes,Newcastle United,False,"FW,MF",30
ENG-Premier League,2526,2025-10-25 Newcastle United-Fulham,17,Emil Krafth,Newcastle United,False,,0
ENG-Premier League,2526,2025-10-25 Newcastle United-Fulham,18,William Osula,Newcastle United,False,FW,5
ENG-Premier League,2526,2025-10-25 Newcastle United-Fulham,20,Anthony Elanga,Newcastle United,False,"FW,MF",15
ENG-Premier League,2526,2025-10-25 Newcastle United-Fulham,28,Joe Willock,Newcastle United,False,,0
ENG-Premier League,2526,2025-10-25 Newcastle United-Fulham,41,Jacob Ramsey,Newcastle United,False,,0
ENG-Premier League,2526,2025-10-25 Newcastle United-Fulham,1,Bernd Leno,Fulham,True,GK,90
ENG-Premier League,2526,2025-10-25 Newcastle United-Fulham,2,Kenny Tete,Fulham,True,RB,89
ENG-Premier League,2526,2025-10-25 Newcastle United-Fulham,3,Calvin Bassey,Fulham,True,CB,90
ENG-Premier League,2526,2025-10-25 Newcastle United-Fulham,7,Raúl Jiménez,Fulham,True,FW,90
ENG-Premier League,2526,2025-10-25 Newcastle United-Fulham,11,Adama Traoré,Fulham,True,AM,75
ENG-Premier League,2526,2025-10-25 Newcastle United-Fulham,16,Sander Berge,Fulham,True,DM,90
ENG-Premier League,2526,2025-10-25 Newcastle United-Fulham,17,Alex Iwobi,Fulham,True,AM,89
ENG-Premier League,2526,2025-10-25 Newcastle United-Fulham,20,Saša Lukić,Fulham,True,DM,83
ENG-Premier League,2526,2025-10-25 Newcastle United-Fulham,30,Ryan Sessegnon,Fulham,True,LB,90
ENG-Premier League,2526,2025-10-25 Newcastle United-Fulham,31,Issa Diop,Fulham,True,CB,90
ENG-Premier League,2526,2025-10-25 Newcastle United-Fulham,32,Emile Smith Rowe,Fulham,True,AM,45
ENG-Premier League,2526,2025-10-25 Newcastle United-Fulham,23,Benjamin Lecomte,Fulham,False,,0
ENG-Premier League,2526,2025-10-25 Newcastle United-Fulham,6,Harrison Reed,Fulham,False,,0
ENG-Premier League,2526,2025-10-25 Newcastle United-Fulham,10,Tom Cairney,Fulham,False,MF,7
ENG-Premier League,2526,2025-10-25 Newcastle United-Fulham,15,Jorge Cuenca,Fulham,False,,0
ENG-Premier League,2526,2025-10-25 Newcastle United-Fulham,18,Jonah Kusi-Asare,Fulham,False,FW,1
ENG-Premier League,2526,2025-10-25 Newcastle United-Fulham,21,Timothy Castagne,Fulham,False,"DF,MF",1
ENG-Premier League,2526,2025-10-25 Newcastle United-Fulham,22,Kevin,Fulham,False,MF,45
ENG-Premier League,2526,2025-10-25 Newcastle United-Fulham,24,Joshua King,Fulham,False,MF,15
ENG-Premier League,2526,2025-10-25 Newcastle United-Fulham,35,Samuel Amissah,Fulham,False,,0
ENG-Premier League,2526,2025-09-29 Everton-West Ham United,1,Jordan Pickford,Everton,True,GK,90
ENG-Premier League,2526,2025-09-29 Everton-West Ham United,5,Michael Keane,Everton,True,CB,90
ENG-Premier League,2526,2025-09-29 Everton-West Ham United,6,James Tarkowski,Everton,True,CB,90
ENG-Premier League,2526,2025-09-29 Everton-West Ham United,9,Beto,Everton,True,FW,68
ENG-Premier League,2526,2025-09-29 Everton-West Ham United,10,Iliman Ndiaye,Everton,True,AM,80
ENG-Premier League,2526,2025-09-29 Everton-West Ham United,15,Jake O'Brien,Everton,True,RB,90
ENG-Premier League,2526,2025-09-29 Everton-West Ham United,16,Vitaliy Mykolenko,Everton,True,LB,90
ENG-Premier League,2526,2025-09-29 Everton-West Ham United,18,Jack Grealish,Everton,True,AM,90
ENG-Premier League,2526,2025-09-29 Everton-West Ham United,22,Kiernan Dewsbury-Hall,Everton,True,AM,90
ENG-Premier League,2526,2025-09-29 Everton-West Ham United,27,Idrissa Gana Gueye,Everton,True,DM,90
ENG-Premier League,2526,2025-09-29 Everton-West Ham United,37,James Garner,Everton,True,DM,90
ENG-Premier League,2526,2025-09-29 Everton-West Ham United,12,Mark Travers,Everton,False,,0
ENG-Premier League,2526,2025-09-29 Everton-West Ham United,2,Nathan Patterson,Everton,False,,0
ENG-Premier League,2526,2025-09-29 Everton-West Ham United,7,Dwight McNeil,Everton,False,,0
ENG-Premier League,2526,2025-09-29 Everton-West Ham United,11,Thierno Barry,Everton,False,FW,22
ENG-Premier League,2526,2025-09-29 Everton-West Ham United,20,Tyler Dibling,Everton,False,MF,10
ENG-Premier League,2526,2025-09-29 Everton-West Ham United,23,Séamus Coleman,Everton,False,,0
ENG-Premier League,2526,2025-09-29 Everton-West Ham United,24,Carlos Alcaraz,Everton,False,,0
ENG-Premier League,2526,2025-09-29 Everton-West Ham United,39,Adam Aznou,Everton,False,,0
ENG-Premier League,2526,2025-09-29 Everton-West Ham United,42,Tim Iroegbunam,Everton,False,,0
ENG-Premier League,2526,2025-09-29 Everton-West Ham United,23,Alphonse Areola,West Ham United,True,GK,90
ENG-Premier League,2526,2025-09-29 Everton-West Ham United,2,Kyle Walker-Peters,West Ham United,True,RB,90
ENG-Premier League,2526,2025-09-29 Everton-West Ham United,3,Max Kilman,West Ham United,True,CB,90
ENG-Premier League,2526,2025-09-29 Everton-West Ham United,7,Crysencio Summerville,West Ham United,True,LW,76
ENG-Premier League,2526,2025-09-29 Everton-West Ham United,10,Lucas Paquetá,West Ham United,True,AM,89
ENG-Premier League,2526,2025-09-29 Everton-West Ham United,11,Niclas Füllkrug,West Ham United,True,FW,89
ENG-Premier League,2526,2025-09-29 Everton-West Ham United,12,El Hadji Malick Diouf,West Ham United,True,LB,90
ENG-Premier League,2526,2025-09-29 Everton-West Ham United,15,Konstantinos Mavropanos,West Ham United,True,CB,90
ENG-Premier League,2526,2025-09-29 Everton-West Ham United,18,Mateus Fernandes,West Ham United,True,AM,90
ENG-Premier League,2526,2025-09-29 Everton-West Ham United,20,Jarrod Bowen,West Ham United,True,RW,90
ENG-Premier League,2526,2025-09-29 Everton-West Ham United,27,Soungoutou Magassa,West Ham United,True,DM,58
ENG-Premier League,2526,2025-09-29 Everton-West Ham United,1,Mads Hermansen,West Ham United,False,,0
ENG-Premier League,2526,2025-09-29 Everton-West Ham United,5,Igor,West Ham United,False,DF,1
ENG-Premier League,2526,2025-09-29 Everton-West Ham United,9,Callum Wilson,West Ham United,False,,0
ENG-Premier League,2526,2025-09-29 Everton-West Ham United,17,Luis Guilherme,West Ham United,False,MF,14
ENG-Premier League,2526,2025-09-29 Everton-West Ham United,24,Guido Rodríguez,West Ham United,False,,0
ENG-Premier League,2526,2025-09-29 Everton-West Ham United,30,Oliver Scarles,West Ham United,False,,0
ENG-Premier League,2526,2025-09-29 Everton-West Ham United,32,Freddie Potts,West Ham United,False,MF,32
ENG-Premier League,2526,2025-09-29 Everton-West Ham United,39,Andy Irving,West Ham United,False,MF,1
ENG-Premier League,2526,2025-09-29 Everton-West Ham United,50,Callum Marshall,West Ham United,False,,0
ENG-Premier League,2526,2025-09-27 Tottenham Hotspur-Wolves,1,Guglielmo Vicario,Tottenham Hotspur,True,GK,90
ENG-Premier League,2526,2025-09-27 Tottenham Hotspur-Wolves,6,João Palhinha,Tottenham Hotspur,True,DM,90
ENG-Premier League,2526,2025-09-27 Tottenham Hotspur-Wolves,7,Xavi Simons,Tottenham Hotspur,True,AM,77
ENG-Premier League,2526,2025-09-27 Tottenham Hotspur-Wolves,9,Richarlison,Tottenham Hotspur,True,FW,90
ENG-Premier League,2526,2025-09-27 Tottenham Hotspur-Wolves,13,Destiny Udogie,Tottenham Hotspur,True,LB,83
ENG-Premier League,2526,2025-09-27 Tottenham Hotspur-Wolves,15,Lucas Bergvall,Tottenham Hotspur,True,AM,77
ENG-Premier League,2526,2025-09-27 Tottenham Hotspur-Wolves,17,Cristian Romero,Tottenham Hotspur,True,CB,90
ENG-Premier League,2526,2025-09-27 Tottenham Hotspur-Wolves,20,Mohammed Kudus,Tottenham Hotspur,True,AM,90
ENG-Premier League,2526,2025-09-27 Tottenham Hotspur-Wolves,24,Djed Spence,Tottenham Hotspur,True,RB,61
ENG-Premier League,2526,2025-09-27 Tottenham Hotspur-Wolves,30,Rodrigo Bentancur,Tottenham Hotspur,True,DM,61
ENG-Premier League,2526,2025-09-27 Tottenham Hotspur-Wolves,37,Micky van de Ven,Tottenham Hotspur,True,CB,90
ENG-Premier League,2526,2025-09-27 Tottenham Hotspur-Wolves,31,Antonín Kinský,Tottenham Hotspur,False,,0
ENG-Premier League,2526,2025-09-27 Tottenham Hotspur-Wolves,4,Kevin Danso,Tottenham Hotspur,False,,0
ENG-Premier League,2526,2025-09-27 Tottenham Hotspur-Wolves,11,Mathys Tel,Tottenham Hotspur,False,"FW,MF",7
ENG-Premier League,2526,2025-09-27 Tottenham Hotspur-Wolves,14,Archie Gray,Tottenham Hotspur,False,,0
ENG-Premier League,2526,2025-09-27 Tottenham Hotspur-Wolves,22,Brennan Johnson,Tottenham Hotspur,False,"FW,MF",29
ENG-Premier League,2526,2025-09-27 Tottenham Hotspur-Wolves,23,Pedro Porro,Tottenham Hotspur,False,"DF,MF",29
ENG-Premier League,2526,2025-09-27 Tottenham Hotspur-Wolves,28,Wilson Odobert,Tottenham Hotspur,False,"FW,MF",13
ENG-Premier League,2526,2025-09-27 Tottenham Hotspur-Wolves,29,Pape Matar Sarr,Tottenham Hotspur,False,MF,13
ENG-Premier League,2526,2025-09-27 Tottenham Hotspur-Wolves,44,Dane Scarlett,Tottenham Hotspur,False,,0
ENG-Premier League,2526,2025-09-27 Tottenham Hotspur-Wolves,31,Sam Johnstone,Wolverhampton Wanderers,True,GK,90
ENG-Premier League,2526,2025-09-27 Tottenham Hotspur-Wolves,2,Matt Doherty,Wolverhampton Wanderers,True,RB,45
ENG-Premier League,2526,2025-09-27 Tottenham Hotspur-Wolves,3,Hugo Bueno,Wolverhampton Wanderers,True,LB,90
ENG-Premier League,2526,2025-09-27 Tottenham Hotspur-Wolves,4,Santiago Bueno,Wolverhampton Wanderers,True,CB,90
ENG-Premier League,2526,2025-09-27 Tottenham Hotspur-Wolves,5,Marshall Munetsi,Wolverhampton Wanderers,True,AM,90
ENG-Premier League,2526,2025-09-27 Tottenham Hotspur-Wolves,7,André,Wolverhampton Wanderers,True,DM,90
ENG-Premier League,2526,2025-09-27 Tottenham Hotspur-Wolves,8,João Gomes,Wolverhampton Wanderers,True,DM,63
ENG-Premier League,2526,2025-09-27 Tottenham Hotspur-Wolves,9,Jørgen Strand Larsen,Wolverhampton Wanderers,True,FW,83
ENG-Premier League,2526,2025-09-27 Tottenham Hotspur-Wolves,10,Jhon Arias,Wolverhampton Wanderers,True,AM,89
ENG-Premier League,2526,2025-09-27 Tottenham Hotspur-Wolves,11,Hwang Hee-chan,Wolverhampton Wanderers,True,AM,45
ENG-Premier League,2526,2025-09-27 Tottenham Hotspur-Wolves,37,Ladislav Krejčí,Wolverhampton Wanderers,True,CB,90
ENG-Premier League,2526,2025-09-27 Tottenham Hotspur-Wolves,1,José Sá,Wolverhampton Wanderers,False,,0
ENG-Premier League,2526,2025-09-27 Tottenham Hotspur-Wolves,6,David Møller Wolfe,Wolverhampton Wanderers,False,,0
ENG-Premier League,2526,2025-09-27 Tottenham Hotspur-Wolves,12,Emmanuel Agbadou,Wolverhampton Wanderers,False,DF,45
ENG-Premier League,2526,2025-09-27 Tottenham Hotspur-Wolves,14,Tolu Arokodare,Wolverhampton Wanderers,False,FW,7
ENG-Premier League,2526,2025-09-27 Tottenham Hotspur-Wolves,21,Rodrigo Gomes,Wolverhampton Wanderers,False,,0
ENG-Premier League,2526,2025-09-27 Tottenham Hotspur-Wolves,24,Toti Gomes,Wolverhampton Wanderers,False,DF,1
ENG-Premier League,2526,2025-09-27 Tottenham Hotspur-Wolves,27,Jean-Ricner Bellegarde,Wolverhampton Wanderers,False,MF,27
ENG-Premier League,2526,2025-09-27 Tottenham Hotspur-Wolves,28,Fer López,Wolverhampton Wanderers,False,,0
ENG-Premier League,2526,2025-09-27 Tottenham Hotspur-Wolves,38,Jackson Tchatchoua,Wolverhampton Wanderers,False,"DF,MF",45
ENG-Premier League,2526,2025-11-30 Aston Villa-Wolves,23,Emiliano Martínez,Aston Villa,True,GK,90
ENG-Premier League,2526,2025-11-30 Aston Villa-Wolves,2,Matty Cash,Aston Villa,True,RB,90
ENG-Premier League,2526,2025-11-30 Aston Villa-Wolves,4,Ezri Konsa,Aston Villa,True,CB,90
ENG-Premier League,2526,2025-11-30 Aston Villa-Wolves,7,John McGinn,Aston Villa,True,AM,90
ENG-Premier League,2526,2025-11-30 Aston Villa-Wolves,8,Youri Tielemans,Aston Villa,True,DM,74
ENG-Premier League,2526,2025-11-30 Aston Villa-Wolves,10,Emi Buendía,Aston Villa,True,AM,53
ENG-Premier League,2526,2025-11-30 Aston Villa-Wolves,12,Lucas Digne,Aston Villa,True,LB,90
ENG-Premier League,2526,2025-11-30 Aston Villa-Wolves,14,Pau Torres,Aston Villa,True,CB,90
ENG-Premier League,2526,2025-11-30 Aston Villa-Wolves,17,Donyell Malen,Aston Villa,True,FW,74
ENG-Premier League,2526,2025-11-30 Aston Villa-Wolves,27,Morgan Rogers,Aston Villa,True,AM,90
ENG-Premier League,2526,2025-11-30 Aston Villa-Wolves,44,Boubacar Kamara,Aston Villa,True,DM,87
ENG-Premier League,2526,2025-11-30 Aston Villa-Wolves,40,Marco Bizot,Aston Villa,False,,0
ENG-Premier League,2526,2025-11-30 Aston Villa-Wolves,3,Victor Lindelöf,Aston Villa,False,,0
ENG-Premier League,2526,2025-11-30 Aston Villa-Wolves,6,Ross Barkley,Aston Villa,False,MF,13
ENG-Premier League,2526,2025-11-30 Aston Villa-Wolves,11,Ollie Watkins,Aston Villa,False,"FW,MF",37
ENG-Premier League,2526,2025-11-30 Aston Villa-Wolves,19,Jadon Sancho,Aston Villa,False,"FW,MF",3
ENG-Premier League,2526,2025-11-30 Aston Villa-Wolves,22,Ian Maatsen,Aston Villa,False,,0
ENG-Premier League,2526,2025-11-30 Aston Villa-Wolves,24,Amadou Onana,Aston Villa,False,MF,16
ENG-Premier League,2526,2025-11-30 Aston Villa-Wolves,26,Lamare Bogarde,Aston Villa,False,"DF,MF",3
ENG-Premier League,2526,2025-11-30 Aston Villa-Wolves,29,Evann Guessand,Aston Villa,False,,0
ENG-Premier League,2526,2025-11-30 Aston Villa-Wolves,31,Sam Johnstone,Wolverhampton Wanderers,True,GK,90
ENG-Premier League,2526,2025-11-30 Aston Villa-Wolves,6,David Møller Wolfe,Wolverhampton Wanderers,True,LM,76
ENG-Premier League,2526,2025-11-30 Aston Villa-Wolves,7,André,Wolverhampton Wanderers,True,CM,90
ENG-Premier League,2526,2025-11-30 Aston Villa-Wolves,8,João Gomes,Wolverhampton Wanderers,True,CM,90
ENG-Premier League,2526,2025-11-30 Aston Villa-Wolves,9,Jørgen Strand Larsen,Wolverhampton Wanderers,True,FW,90
ENG-Premier League,2526,2025-11-30 Aston Villa-Wolves,10,Jhon Arias,Wolverhampton Wanderers,True,FW,87
ENG-Premier League,2526,2025-11-30 Aston Villa-Wolves,12,Emmanuel Agbadou,Wolverhampton Wanderers,True,CB,90
ENG-Premier League,2526,2025-11-30 Aston Villa-Wolves,15,Yerson Mosquera,Wolverhampton Wanderers,True,CB,76
ENG-Premier League,2526,2025-11-30 Aston Villa-Wolves,24,Toti Gomes,Wolverhampton Wanderers,True,CB,90
ENG-Premier League,2526,2025-11-30 Aston Villa-Wolves,27,Jean-Ricner Bellegarde,Wolverhampton Wanderers,True,FW,68
ENG-Premier League,2526,2025-11-30 Aston Villa-Wolves,38,Jackson Tchatchoua,Wolverhampton Wanderers,True,RM,90
ENG-Premier League,2526,2025-11-30 Aston Villa-Wolves,1,José Sá,Wolverhampton Wanderers,False,,0
ENG-Premier League,2526,2025-11-30 Aston Villa-Wolves,3,Hugo Bueno,Wolverhampton Wanderers,False,"DF,MF",14
ENG-Premier League,2526,2025-11-30 Aston Villa-Wolves,4,Santiago Bueno,Wolverhampton Wanderers,False,,0
ENG-Premier League,2526,2025-11-30 Aston Villa-Wolves,5,Marshall Munetsi,Wolverhampton Wanderers,False,,0
ENG-Premier League,2526,2025-11-30 Aston Villa-Wolves,11,Hwang Hee-chan,Wolverhampton Wanderers,False,,0
ENG-Premier League,2526,2025-11-30 Aston Villa-Wolves,14,Tolu Arokodare,Wolverhampton Wanderers,False,FW,3
ENG-Premier League,2526,2025-11-30 Aston Villa-Wolves,23,Tawanda Chirewa,Wolverhampton Wanderers,False,MF,22
ENG-Premier League,2526,2025-11-30 Aston Villa-Wolves,26,Ki-Jana Hoever,Wolverhampton Wanderers,False,,0
ENG-Premier League,2526,2025-11-30 Aston Villa-Wolves,36,Mateus Mane,Wolverhampton Wanderers,False,FW,14
ENG-Premier League,2526,2026-02-23 Everton-Manchester Utd,1,Jordan Pickford,Everton,True,GK,90
ENG-Premier League,2526,2026-02-23 Everton-Manchester Utd,5,Michael Keane,Everton,True,CB,90
ENG-Premier League,2526,2026-02-23 Everton-Manchester Utd,6,James Tarkowski,Everton,True,CB,90
ENG-Premier League,2526,2026-02-23 Everton-Manchester Utd,10,Iliman Ndiaye,Everton,True,AM,90
ENG-Premier League,2526,2026-02-23 Everton-Manchester Utd,11,Thierno Barry,Everton,True,FW,90
ENG-Premier League,2526,2026-02-23 Everton-Manchester Utd,22,Kiernan Dewsbury-Hall,Everton,True,AM,90
ENG-Premier League,2526,2026-02-23 Everton-Manchester Utd,27,Idrissa Gana Gueye,Everton,True,DM,90
ENG-Premier League,2526,2026-02-23 Everton-Manchester Utd,32,Jarrad Branthwaite,Everton,True,LB,90
ENG-Premier League,2526,2026-02-23 Everton-Manchester Utd,37,James Garner,Everton,True,RB,90
ENG-Premier League,2526,2026-02-23 Everton-Manchester Utd,42,Tim Iroegbunam,Everton,True,DM,78
ENG-Premier League,2526,2026-02-23 Everton-Manchester Utd,45,Harrison Armstrong,Everton,True,AM,72
ENG-Premier League,2526,2026-02-23 Everton-Manchester Utd,31,Tom King,Everton,False,,0
ENG-Premier League,2526,2026-02-23 Everton-Manchester Utd,2,Nathan Patterson,Everton,False,,0
ENG-Premier League,2526,2026-02-23 Everton-Manchester Utd,7,Dwight McNeil,Everton,False,,0
ENG-Premier League,2526,2026-02-23 Everton-Manchester Utd,9,Beto,Everton,False,FW,12
ENG-Premier League,2526,2026-02-23 Everton-Manchester Utd,16,Vitaliy Mykolenko,Everton,False,,0
ENG-Premier League,2526,2026-02-23 Everton-Manchester Utd,19,Tyrique George,Everton,False,FW,18
ENG-Premier League,2526,2026-02-23 Everton-Manchester Utd,20,Tyler Dibling,Everton,False,,0
ENG-Premier League,2526,2026-02-23 Everton-Manchester Utd,23,Séamus Coleman,Everton,False,,0
ENG-Premier League,2526,2026-02-23 Everton-Manchester Utd,34,Merlin Röhl,Everton,False,,0
ENG-Premier League,2526,2026-02-23 Everton-Manchester Utd,31,Senne Lammens,Manchester United,True,GK,90
ENG-Premier League,2526,2026-02-23 Everton-Manchester Utd,2,Diogo Dalot,Manchester United,True,RB,90
ENG-Premier League,2526,2026-02-23 Everton-Manchester Utd,5,Harry Maguire,Manchester United,True,CB,90
ENG-Premier League,2526,2026-02-23 Everton-Manchester Utd,8,Bruno Fernandes,Manchester United,True,AM,90
ENG-Premier League,2526,2026-02-23 Everton-Manchester Utd,10,Matheus Cunha,Manchester United,True,AM,89
ENG-Premier League,2526,2026-02-23 Everton-Manchester Utd,15,Leny Yoro,Manchester United,True,CB,90
ENG-Premier League,2526,2026-02-23 Everton-Manchester Utd,16,Amad Diallo,Manchester United,True,AM,57
ENG-Premier League,2526,2026-02-23 Everton-Manchester Utd,18,Casemiro,Manchester United,True,DM,90
ENG-Premier League,2526,2026-02-23 Everton-Manchester Utd,19,Bryan Mbeumo,Manchester United,True,FW,77
ENG-Premier League,2526,2026-02-23 Everton-Manchester Utd,23,Luke Shaw,Manchester United,True,LB,90
ENG-Premier League,2526,2026-02-23 Everton-Manchester Utd,37,Kobbie Mainoo,Manchester United,True,DM,90
ENG-Premier League,2526,2026-02-23 Everton-Manchester Utd,1,Altay Bayındır,Manchester United,False,,0
ENG-Premier League,2526,2026-02-23 Everton-Manchester Utd,3,Noussair Mazraoui,Manchester United,False,"DF,MF",13
ENG-Premier League,2526,2026-02-23 Everton-Manchester Utd,11,Joshua Zirkzee,Manchester United,False,,0
ENG-Premier League,2526,2026-02-23 Everton-Manchester Utd,12,Tyrell Malacia,Manchester United,False,,0
ENG-Premier League,2526,2026-02-23 Everton-Manchester Utd,25,Manuel Ugarte,Manchester United,False,,0
ENG-Premier League,2526,2026-02-23 Everton-Manchester Utd,26,Ayden Heaven,Manchester United,False,DF,1
ENG-Premier League,2526,2026-02-23 Everton-Manchester Utd,30,Benjamin Šeško,Manchester United,False,FW,33
ENG-Premier League,2526,2026-02-23 Everton-Manchester Utd,39,Tyler Fletcher,Manchester United,False,,0
ENG-Premier League,2526,2026-02-23 Everton-Manchester Utd,48,Jack Moorhouse,Manchester United,False,,0
ENG-Premier League,2526,2025-10-05 Wolves-Brighton,31,Sam Johnstone,Wolverhampton Wanderers,True,GK,90
ENG-Premier League,2526,2025-10-05 Wolves-Brighton,3,Hugo Bueno,Wolverhampton Wanderers,True,LB,76
ENG-Premier League,2526,2025-10-05 Wolves-Brighton,4,Santiago Bueno,Wolverhampton Wanderers,True,CB,90
ENG-Premier League,2526,2025-10-05 Wolves-Brighton,5,Marshall Munetsi,Wolverhampton Wanderers,True,CM,89
ENG-Premier League,2526,2025-10-05 Wolves-Brighton,7,André,Wolverhampton Wanderers,True,CM,90
ENG-Premier League,2526,2025-10-05 Wolves-Brighton,8,João Gomes,Wolverhampton Wanderers,True,CM,89
ENG-Premier League,2526,2025-10-05 Wolves-Brighton,9,Jørgen Strand Larsen,Wolverhampton Wanderers,True,FW,76
ENG-Premier League,2526,2025-10-05 Wolves-Brighton,10,Jhon Arias,Wolverhampton Wanderers,True,FW,90
ENG-Premier League,2526,2025-10-05 Wolves-Brighton,11,Hwang Hee-chan,Wolverhampton Wanderers,True,FW,59
ENG-Premier League,2526,2025-10-05 Wolves-Brighton,37,Ladislav Krejčí,Wolverhampton Wanderers,True,CB,90
ENG-Premier League,2526,2025-10-05 Wolves-Brighton,38,Jackson Tchatchoua,Wolverhampton Wanderers,True,RB,90
ENG-Premier League,2526,2025-10-05 Wolves-Brighton,1,José Sá,Wolverhampton Wanderers,False,,0
ENG-Premier League,2526,2025-10-05 Wolves-Brighton,6,David Møller Wolfe,Wolverhampton Wanderers,False,DF,14
ENG-Premier League,2526,2025-10-05 Wolves-Brighton,12,Emmanuel Agbadou,Wolverhampton Wanderers,False,DF,31
ENG-Premier League,2526,2025-10-05 Wolves-Brighton,14,Tolu Arokodare,Wolverhampton Wanderers,False,FW,1
ENG-Premier League,2526,2025-10-05 Wolves-Brighton,15,Yerson Mosquera,Wolverhampton Wanderers,False,DF,1
ENG-Premier League,2526,2025-10-05 Wolves-Brighton,21,Rodrigo Gomes,Wolverhampton Wanderers,False,,0
ENG-Premier League,2526,2025-10-05 Wolves-Brighton,26,Ki-Jana Hoever,Wolverhampton Wanderers,False,,0
ENG-Premier League,2526,2025-10-05 Wolves-Brighton,27,Jean-Ricner Bellegarde,Wolverhampton Wanderers,False,MF,14
ENG-Premier League,2526,2025-10-05 Wolves-Brighton,28,Fer López,Wolverhampton Wanderers,False,,0
ENG-Premier League,2526,2025-10-05 Wolves-Brighton,1,Bart Verbruggen,Brighton & Hove Albion,True,GK,90
ENG-Premier League,2526,2025-10-05 Wolves-Brighton,5,Lewis Dunk,Brighton & Hove Albion,True,CB,90
ENG-Premier League,2526,2025-10-05 Wolves-Brighton,6,Jan Paul van Hecke,Brighton & Hove Albion,True,CB,90
ENG-Premier League,2526,2025-10-05 Wolves-Brighton,8,Brajan Gruda,Brighton & Hove Albion,True,AM,69
ENG-Premier League,2526,2025-10-05 Wolves-Brighton,11,Yankuba Minteh,Brighton & Hove Albion,True,AM,90
ENG-Premier League,2526,2025-10-05 Wolves-Brighton,17,Carlos Baleba,Brighton & Hove Albion,True,DM,45
ENG-Premier League,2526,2025-10-05 Wolves-Brighton,18,Danny Welbeck,Brighton & Hove Albion,True,FW,90
ENG-Premier League,2526,2025-10-05 Wolves-Brighton,24,Ferdi Kadioglu,Brighton & Hove Albion,True,LB,90
ENG-Premier League,2526,2025-10-05 Wolves-Brighton,25,Diego Gómez,Brighton & Hove Albion,True,AM,76
ENG-Premier League,2526,2025-10-05 Wolves-Brighton,26,Yasin Ayari,Brighton & Hove Albion,True,DM,90
ENG-Premier League,2526,2025-10-05 Wolves-Brighton,27,Mats Wieffer,Brighton & Hove Albion,True,RB,69
ENG-Premier League,2526,2025-10-05 Wolves-Brighton,23,Jason Steele,Brighton & Hove Albion,False,,0
ENG-Premier League,2526,2025-10-05 Wolves-Brighton,9,Stefanos Tzimas,Brighton & Hove Albion,False,FW,21
ENG-Premier League,2526,2025-10-05 Wolves-Brighton,10,Georginio Rutter,Brighton & Hove Albion,False,"FW,MF",45
ENG-Premier League,2526,2025-10-05 Wolves-Brighton,14,Tom Watson,Brighton & Hove Albion,False,,0
ENG-Premier League,2526,2025-10-05 Wolves-Brighton,19,Charalampos Kostoulas,Brighton & Hove Albion,False,,0
ENG-Premier League,2526,2025-10-05 Wolves-Brighton,20,James Milner,Brighton & Hove Albion,False,"DF,MF",14
ENG-Premier League,2526,2025-10-05 Wolves-Brighton,21,Olivier Boscagli,Brighton & Hove Albion,False,,0
ENG-Premier League,2526,2025-10-05 Wolves-Brighton,29,Maxim De Cuyper,Brighton & Hove Albion,False,"DF,MF",21
ENG-Premier League,2526,2025-10-05 Wolves-Brighton,42,Diego Coppola,Brighton & Hove Albion,False,,0
ENG-Premier League,2526,2025-10-18 Manchester City-Everton,25,Gianluigi Donnarumma,Manchester City,True,GK,90
ENG-Premier League,2526,2025-10-18 Manchester City-Everton,3,Rúben Dias,Manchester City,True,CB,90
ENG-Premier League,2526,2025-10-18 Manchester City-Everton,4,Tijjani Reijnders,Manchester City,True,AM,58
ENG-Premier League,2526,2025-10-18 Manchester City-Everton,6,Nathan Aké,Manchester City,True,CB,90
ENG-Premier League,2526,2025-10-18 Manchester City-Everton,9,Erling Haaland,Manchester City,True,FW,90
ENG-Premier League,2526,2025-10-18 Manchester City-Everton,11,Jeremy Doku,Manchester City,True,LW,58
ENG-Premier League,2526,2025-10-18 Manchester City-Everton,14,Nicolás González,Manchester City,True,DM,85
ENG-Premier League,2526,2025-10-18 Manchester City-Everton,26,Sávio,Manchester City,True,RW,84
ENG-Premier League,2526,2025-10-18 Manchester City-Everton,27,Matheus Nunes,Manchester City,True,RB,90
ENG-Premier League,2526,2025-10-18 Manchester City-Everton,33,Nico O’Reilly,Manchester City,True,LB,84
ENG-Premier League,2526,2025-10-18 Manchester City-Everton,47,Phil Foden,Manchester City,True,AM,90
ENG-Premier League,2526,2025-10-18 Manchester City-Everton,1,James Trafford,Manchester City,False,,0
ENG-Premier League,2526,2025-10-18 Manchester City-Everton,5,John Stones,Manchester City,False,,0
ENG-Premier League,2526,2025-10-18 Manchester City-Everton,7,Omar Marmoush,Manchester City,False,,0
ENG-Premier League,2526,2025-10-18 Manchester City-Everton,8,Mateo Kovačić,Manchester City,False,MF,5
ENG-Premier League,2526,2025-10-18 Manchester City-Everton,10,Rayan Cherki,Manchester City,False,"FW,MF",6
ENG-Premier League,2526,2025-10-18 Manchester City-Everton,20,Bernardo Silva,Manchester City,False,"FW,MF",32
ENG-Premier League,2526,2025-10-18 Manchester City-Everton,24,Joško Gvardiol,Manchester City,False,,0
ENG-Premier League,2526,2025-10-18 Manchester City-Everton,52,Oscar Bobb,Manchester City,False,"FW,MF",32
ENG-Premier League,2526,2025-10-18 Manchester City-Everton,82,Rico Lewis,Manchester City,False,DF,6
ENG-Premier League,2526,2025-10-18 Manchester City-Everton,1,Jordan Pickford,Everton,True,GK,90
ENG-Premier League,2526,2025-10-18 Manchester City-Everton,5,Michael Keane,Everton,True,CB,90
ENG-Premier League,2526,2025-10-18 Manchester City-Everton,6,James Tarkowski,Everton,True,CB,90
ENG-Premier League,2526,2025-10-18 Manchester City-Everton,9,Beto,Everton,True,FW,74
ENG-Premier League,2526,2025-10-18 Manchester City-Everton,10,Iliman Ndiaye,Everton,True,AM,85
ENG-Premier League,2526,2025-10-18 Manchester City-Everton,15,Jake O'Brien,Everton,True,RB,90
ENG-Premier League,2526,2025-10-18 Manchester City-Everton,16,Vitaliy Mykolenko,Everton,True,LB,90
ENG-Premier League,2526,2025-10-18 Manchester City-Everton,22,Kiernan Dewsbury-Hall,Everton,True,AM,85
ENG-Premier League,2526,2025-10-18 Manchester City-Everton,24,Carlos Alcaraz,Everton,True,AM,69
ENG-Premier League,2526,2025-10-18 Manchester City-Everton,27,Idrissa Gana Gueye,Everton,True,DM,69
ENG-Premier League,2526,2025-10-18 Manchester City-Everton,37,James Garner,Everton,True,DM,90
ENG-Premier League,2526,2025-10-18 Manchester City-Everton,12,Mark Travers,Everton,False,,0
ENG-Premier League,2526,2025-10-18 Manchester City-Everton,31,Tom King,Everton,False,,0
ENG-Premier League,2526,2025-10-18 Manchester City-Everton,7,Dwight McNeil,Everton,False,MF,5
ENG-Premier League,2526,2025-10-18 Manchester City-Everton,11,Thierno Barry,Everton,False,FW,16
ENG-Premier League,2526,2025-10-18 Manchester City-Everton,20,Tyler Dibling,Everton,False,MF,5
ENG-Premier League,2526,2025-10-18 Manchester City-Everton,23,Séamus Coleman,Everton,False,,0
ENG-Premier League,2526,2025-10-18 Manchester City-Everton,34,Merlin Röhl,Everton,False,MF,21
ENG-Premier League,2526,2025-10-18 Manchester City-Everton,39,Adam Aznou,Everton,False,,0
ENG-Premier League,2526,2025-10-18 Manchester City-Everton,42,Tim Iroegbunam,Everton,False,MF,21
ENG-Premier League,2526,2026-01-01 Liverpool-Leeds United,1,Alisson,Liverpool,True,GK,90
ENG-Premier League,2526,2026-01-01 Liverpool-Leeds United,4,Virgil van Dijk,Liverpool,True,CB,90
ENG-Premier League,2526,2026-01-01 Liverpool-Leeds United,5,Ibrahima Konaté,Liverpool,True,CB,90
ENG-Premier League,2526,2026-01-01 Liverpool-Leeds United,7,Florian Wirtz,Liverpool,True,AM,65
ENG-Premier League,2526,2026-01-01 Liverpool-Leeds United,8,Dominik Szoboszlai,Liverpool,True,AM,90
ENG-Premier League,2526,2026-01-01 Liverpool-Leeds United,12,Conor Bradley,Liverpool,True,RB,78
ENG-Premier League,2526,2026-01-01 Liverpool-Leeds United,17,Curtis Jones,Liverpool,True,DM,65
ENG-Premier League,2526,2026-01-01 Liverpool-Leeds United,22,Hugo Ekitike,Liverpool,True,FW,90
ENG-Premier League,2526,2026-01-01 Liverpool-Leeds United,26,Andrew Robertson,Liverpool,True,LB,65
ENG-Premier League,2526,2026-01-01 Liverpool-Leeds United,30,Jeremie Frimpong,Liverpool,True,AM,83
ENG-Premier League,2526,2026-01-01 Liverpool-Leeds United,38,Ryan Gravenberch,Liverpool,True,DM,90
ENG-Premier League,2526,2026-01-01 Liverpool-Leeds United,25,Giorgi Mamardashvili,Liverpool,False,,0
ENG-Premier League,2526,2026-01-01 Liverpool-Leeds United,6,Milos Kerkez,Liverpool,False,"DF,MF",25
ENG-Premier League,2526,2026-01-01 Liverpool-Leeds United,10,Alexis Mac Allister,Liverpool,False,MF,25
ENG-Premier League,2526,2026-01-01 Liverpool-Leeds United,14,Federico Chiesa,Liverpool,False,"FW,MF",12
ENG-Premier League,2526,2026-01-01 Liverpool-Leeds United,18,Cody Gakpo,Liverpool,False,"FW,MF",25
ENG-Premier League,2526,2026-01-01 Liverpool-Leeds United,42,Trey Nyoni,Liverpool,False,,0
ENG-Premier League,2526,2026-01-01 Liverpool-Leeds United,47,Calvin Ramsay,Liverpool,False,,0
ENG-Premier League,2526,2026-01-01 Liverpool-Leeds United,73,Rio Ngumoha,Liverpool,False,FW,7
ENG-Premier League,2526,2026-01-01 Liverpool-Leeds United,92,Wellity Omoruyi,Liverpool,False,,0
ENG-Premier League,2526,2026-01-01 Liverpool-Leeds United,1,Lucas Perri,Leeds United,True,GK,90
ENG-Premier League,2526,2026-01-01 Liverpool-Leeds United,3,Gabriel Gudmundsson,Leeds United,True,LM,90
ENG-Premier League,2526,2026-01-01 Liverpool-Leeds United,4,Ethan Ampadu,Leeds United,True,CM,90
ENG-Premier League,2526,2026-01-01 Liverpool-Leeds United,5,Pascal Struijk,Leeds United,True,CB,90
ENG-Premier League,2526,2026-01-01 Liverpool-Leeds United,11,Brenden Aaronson,Leeds United,True,FW,69
ENG-Premier League,2526,2026-01-01 Liverpool-Leeds United,14,Lukas Nmecha,Leeds United,True,FW,69
ENG-Premier League,2526,2026-01-01 Liverpool-Leeds United,15,Jaka Bijol,Leeds United,True,CB,90
ENG-Premier League,2526,2026-01-01 Liverpool-Leeds United,18,Anton Stach,Leeds United,True,CM,90
ENG-Premier League,2526,2026-01-01 Liverpool-Leeds United,23,Sebastiaan Bornauw,Leeds United,True,CB,82
ENG-Premier League,2526,2026-01-01 Liverpool-Leeds United,24,James Justin,Leeds United,True,RM,90
ENG-Premier League,2526,2026-01-01 Liverpool-Leeds United,44,Ilia Gruev,Leeds United,True,CM,89
ENG-Premier League,2526,2026-01-01 Liverpool-Leeds United,26,Karl Darlow,Leeds United,False,,0
ENG-Premier League,2526,2026-01-01 Liverpool-Leeds United,2,Jayden Bogle,Leeds United,False,"DF,MF",8
ENG-Premier League,2526,2026-01-01 Liverpool-Leeds United,9,Dominic Calvert-Lewin,Leeds United,False,"FW,MF",21
ENG-Premier League,2526,2026-01-01 Liverpool-Leeds United,10,Joël Piroe,Leeds United,False,,0
ENG-Premier League,2526,2026-01-01 Liverpool-Leeds United,19,Noah Okafor,Leeds United,False,"FW,MF",21
ENG-Premier League,2526,2026-01-01 Liverpool-Leeds United,20,Jack Harrison,Leeds United,False,,0
ENG-Premier League,2526,2026-01-01 Liverpool-Leeds United,22,Ao Tanaka,Leeds United,False,MF,1
ENG-Premier League,2526,2026-01-01 Liverpool-Leeds United,25,Sam Byram,Leeds United,False,,0
ENG-Premier League,2526,2026-01-01 Liverpool-Leeds United,29,Wilfried Gnonto,Leeds United,False,,0
ENG-Premier League,2526,2025-09-20 West Ham United-Crystal Palace,23,Alphonse Areola,West Ham United,True,GK,90
ENG-Premier League,2526,2025-09-20 West Ham United-Crystal Palace,2,Kyle Walker-Peters,West Ham United,True,RB,90
ENG-Premier League,2526,2025-09-20 West Ham United-Crystal Palace,3,Max Kilman,West Ham United,True,CB,90
ENG-Premier League,2526,2025-09-20 West Ham United-Crystal Palace,7,Crysencio Summerville,West Ham United,True,AM,77
ENG-Premier League,2526,2025-09-20 West Ham United-Crystal Palace,8,James Ward-Prowse,West Ham United,True,DM,90
ENG-Premier League,2526,2025-09-20 West Ham United-Crystal Palace,9,Callum Wilson,West Ham United,True,FW,58
ENG-Premier League,2526,2025-09-20 West Ham United-Crystal Palace,10,Lucas Paquetá,West Ham United,True,AM,90
ENG-Premier League,2526,2025-09-20 West Ham United-Crystal Palace,12,El Hadji Malick Diouf,West Ham United,True,LB,90
ENG-Premier League,2526,2025-09-20 West Ham United-Crystal Palace,15,Konstantinos Mavropanos,West Ham United,True,CB,90
ENG-Premier League,2526,2025-09-20 West Ham United-Crystal Palace,18,Mateus Fernandes,West Ham United,True,DM,77
ENG-Premier League,2526,2025-09-20 West Ham United-Crystal Palace,20,Jarrod Bowen,West Ham United,True,AM,90
ENG-Premier League,2526,2025-09-20 West Ham United-Crystal Palace,1,Mads Hermansen,West Ham United,False,,0
ENG-Premier League,2526,2025-09-20 West Ham United-Crystal Palace,5,Igor,West Ham United,False,,0
ENG-Premier League,2526,2025-09-20 West Ham United-Crystal Palace,11,Niclas Füllkrug,West Ham United,False,FW,32
ENG-Premier League,2526,2025-09-20 West Ham United-Crystal Palace,17,Luis Guilherme,West Ham United,False,MF,13
ENG-Premier League,2526,2025-09-20 West Ham United-Crystal Palace,24,Guido Rodríguez,West Ham United,False,,0
ENG-Premier League,2526,2025-09-20 West Ham United-Crystal Palace,25,Jean-Clair Todibo,West Ham United,False,,0
ENG-Premier League,2526,2025-09-20 West Ham United-Crystal Palace,27,Soungoutou Magassa,West Ham United,False,MF,13
ENG-Premier League,2526,2025-09-20 West Ham United-Crystal Palace,30,Oliver Scarles,West Ham United,False,,0
ENG-Premier League,2526,2025-09-20 West Ham United-Crystal Palace,39,Andy Irving,West Ham United,False,,0
ENG-Premier League,2526,2025-09-20 West Ham United-Crystal Palace,1,Dean Henderson,Crystal Palace,True,GK,90
ENG-Premier League,2526,2025-09-20 West Ham United-Crystal Palace,2,Daniel Muñoz,Crystal Palace,True,DM,90
ENG-Premier League,2526,2025-09-20 West Ham United-Crystal Palace,3,Tyrick Mitchell,Crystal Palace,True,DM,90
ENG-Premier League,2526,2025-09-20 West Ham United-Crystal Palace,5,Maxence Lacroix,Crystal Palace,True,CB,90
ENG-Premier League,2526,2025-09-20 West Ham United-Crystal Palace,6,Marc Guéhi,Crystal Palace,True,CB,90
ENG-Premier League,2526,2025-09-20 West Ham United-Crystal Palace,10,Yeremi Pino,Crystal Palace,True,AM,45
ENG-Premier League,2526,2025-09-20 West Ham United-Crystal Palace,14,Jean-Philippe Mateta,Crystal Palace,True,FW,90
ENG-Premier League,2526,2025-09-20 West Ham United-Crystal Palace,18,Daichi Kamada,Crystal Palace,True,AM,90
ENG-Premier League,2526,2025-09-20 West Ham United-Crystal Palace,19,Will Hughes,Crystal Palace,True,DM,64
ENG-Premier League,2526,2025-09-20 West Ham United-Crystal Palace,20,Adam Wharton,Crystal Palace,True,DM,74
ENG-Premier League,2526,2025-09-20 West Ham United-Crystal Palace,26,Chris Richards,Crystal Palace,True,CB,90
ENG-Premier League,2526,2025-09-20 West Ham United-Crystal Palace,31,Remi Matthews,Crystal Palace,False,,0
ENG-Premier League,2526,2025-09-20 West Ham United-Crystal Palace,8,Jefferson Lerma,Crystal Palace,False,"DF,MF",26
ENG-Premier League,2526,2025-09-20 West Ham United-Crystal Palace,9,Eddie Nketiah,Crystal Palace,False,FW,16
ENG-Premier League,2526,2025-09-20 West Ham United-Crystal Palace,12,Christantus Uche,Crystal Palace,False,,0
ENG-Premier League,2526,2025-09-20 West Ham United-Crystal Palace,17,Nathaniel Clyne,Crystal Palace,False,,0
ENG-Premier League,2526,2025-09-20 West Ham United-Crystal Palace,23,Jaydee Canvot,Crystal Palace,False,,0
ENG-Premier League,2526,2025-09-20 West Ham United-Crystal Palace,24,Borna Sosa,Crystal Palace,False,,0
ENG-Premier League,2526,2025-09-20 West Ham United-Crystal Palace,55,Justin Devenny,Crystal Palace,False,MF,45
ENG-Premier League,2526,2025-09-20 West Ham United-Crystal Palace,59,Rio Cardines,Crystal Palace,False,,0
ENG-Premier League,2526,2025-12-03 Liverpool-Sunderland,1,Alisson,Liverpool,True,GK,90
ENG-Premier League,2526,2025-12-03 Liverpool-Sunderland,2,Joe Gomez,Liverpool,True,RB,64
ENG-Premier League,2526,2025-12-03 Liverpool-Sunderland,4,Virgil van Dijk,Liverpool,True,CB,90
ENG-Premier League,2526,2025-12-03 Liverpool-Sunderland,5,Ibrahima Konaté,Liverpool,True,CB,90
ENG-Premier League,2526,2025-12-03 Liverpool-Sunderland,7,Florian Wirtz,Liverpool,True,AM,90
ENG-Premier League,2526,2025-12-03 Liverpool-Sunderland,8,Dominik Szoboszlai,Liverpool,True,AM,90
ENG-Premier League,2526,2025-12-03 Liverpool-Sunderland,9,Alexander Isak,Liverpool,True,FW,85
ENG-Premier League,2526,2025-12-03 Liverpool-Sunderland,10,Alexis Mac Allister,Liverpool,True,DM,73
ENG-Premier League,2526,2025-12-03 Liverpool-Sunderland,18,Cody Gakpo,Liverpool,True,AM,45
ENG-Premier League,2526,2025-12-03 Liverpool-Sunderland,26,Andrew Robertson,Liverpool,True,LB,85
ENG-Premier League,2526,2025-12-03 Liverpool-Sunderland,38,Ryan Gravenberch,Liverpool,True,DM,90
ENG-Premier League,2526,2025-12-03 Liverpool-Sunderland,25,Giorgi Mamardashvili,Liverpool,False,,0
ENG-Premier League,2526,2025-12-03 Liverpool-Sunderland,3,Wataru Endo,Liverpool,False,,0
ENG-Premier League,2526,2025-12-03 Liverpool-Sunderland,6,Milos Kerkez,Liverpool,False,"DF,MF",5
ENG-Premier League,2526,2025-12-03 Liverpool-Sunderland,11,Mohamed Salah,Liverpool,False,"FW,MF",45
ENG-Premier League,2526,2025-12-03 Liverpool-Sunderland,14,Federico Chiesa,Liverpool,False,"FW,MF",5
ENG-Premier League,2526,2025-12-03 Liverpool-Sunderland,17,Curtis Jones,Liverpool,False,"FW,MF",26
ENG-Premier League,2526,2025-12-03 Liverpool-Sunderland,22,Hugo Ekitike,Liverpool,False,FW,17
ENG-Premier League,2526,2025-12-03 Liverpool-Sunderland,42,Trey Nyoni,Liverpool,False,,0
ENG-Premier League,2526,2025-12-03 Liverpool-Sunderland,73,Rio Ngumoha,Liverpool,False,,0
ENG-Premier League,2526,2025-12-03 Liverpool-Sunderland,22,Robin Roefs,Sunderland,True,GK,90
ENG-Premier League,2526,2025-12-03 Liverpool-Sunderland,5,Daniel Ballard,Sunderland,True,CB,90
ENG-Premier League,2526,2025-12-03 Liverpool-Sunderland,7,Chemsdine Talbi,Sunderland,True,LM,89
ENG-Premier League,2526,2025-12-03 Liverpool-Sunderland,9,Brian Brobbey,Sunderland,True,FW,61
ENG-Premier League,2526,2025-12-03 Liverpool-Sunderland,15,Omar Alderete,Sunderland,True,CB,90
ENG-Premier League,2526,2025-12-03 Liverpool-Sunderland,17,Reinildo Mandava,Sunderland,True,LB,90
ENG-Premier League,2526,2025-12-03 Liverpool-Sunderland,20,Nordi Mukiele,Sunderland,True,RB,90
ENG-Premier League,2526,2025-12-03 Liverpool-Sunderland,27,Noah Sadiki,Sunderland,True,CM,90
ENG-Premier League,2526,2025-12-03 Liverpool-Sunderland,28,Enzo Le Fée,Sunderland,True,FW,78
ENG-Premier League,2526,2025-12-03 Liverpool-Sunderland,32,Trai Hume,Sunderland,True,RM,90
ENG-Premier League,2526,2025-12-03 Liverpool-Sunderland,34,Granit Xhaka,Sunderland,True,CM,90
ENG-Premier League,2526,2025-12-03 Liverpool-Sunderland,1,Anthony Patterson,Sunderland,False,,0
ENG-Premier League,2526,2025-12-03 Liverpool-Sunderland,4,Dan Neil,Sunderland,False,,0
ENG-Premier League,2526,2025-12-03 Liverpool-Sunderland,6,Lutsharel Geertruida,Sunderland,False,DF,12
ENG-Premier League,2526,2025-12-03 Liverpool-Sunderland,12,Eliezer Mayenda,Sunderland,False,,0
ENG-Premier League,2526,2025-12-03 Liverpool-Sunderland,13,Luke O'Nien,Sunderland,False,"DF,MF",1
ENG-Premier League,2526,2025-12-03 Liverpool-Sunderland,14,Romaine Mundle,Sunderland,False,,0
ENG-Premier League,2526,2025-12-03 Liverpool-Sunderland,18,Wilson Isidor,Sunderland,False,"FW,MF",29
ENG-Premier League,2526,2025-12-03 Liverpool-Sunderland,24,Simon Adingra,Sunderland,False,,0
ENG-Premier League,2526,2025-12-03 Liverpool-Sunderland,25,Bertrand Traoré,Sunderland,False,,0
ENG-Premier League,2526,2026-01-17 Manchester Utd-Manchester City,31,Senne Lammens,Manchester United,True,GK,90
ENG-Premier League,2526,2026-01-17 Manchester Utd-Manchester City,2,Diogo Dalot,Manchester United,True,RB,90
ENG-Premier League,2526,2026-01-17 Manchester Utd-Manchester City,5,Harry Maguire,Manchester United,True,CB,90
ENG-Premier League,2526,2026-01-17 Manchester Utd-Manchester City,6,Lisandro Martínez,Manchester United,True,CB,90
ENG-Premier League,2526,2026-01-17 Manchester Utd-Manchester City,8,Bruno Fernandes,Manchester United,True,AM,89
ENG-Premier League,2526,2026-01-17 Manchester Utd-Manchester City,13,Patrick Dorgu,Manchester United,True,AM,90
ENG-Premier League,2526,2026-01-17 Manchester Utd-Manchester City,16,Amad Diallo,Manchester United,True,AM,90
ENG-Premier League,2526,2026-01-17 Manchester Utd-Manchester City,18,Casemiro,Manchester United,True,DM,80
ENG-Premier League,2526,2026-01-17 Manchester Utd-Manchester City,19,Bryan Mbeumo,Manchester United,True,FW,70
ENG-Premier League,2526,2026-01-17 Manchester Utd-Manchester City,23,Luke Shaw,Manchester United,True,LB,89
ENG-Premier League,2526,2026-01-17 Manchester Utd-Manchester City,37,Kobbie Mainoo,Manchester United,True,DM,90
ENG-Premier League,2526,2026-01-17 Manchester Utd-Manchester City,1,Altay Bayındır,Manchester United,False,,0
ENG-Premier League,2526,2026-01-17 Manchester Utd-Manchester City,7,Mason Mount,Manchester United,False,MF,1
ENG-Premier League,2526,2026-01-17 Manchester Utd-Manchester City,10,Matheus Cunha,Manchester United,False,"FW,MF",20
ENG-Premier League,2526,2026-01-17 Manchester Utd-Manchester City,12,Tyrell Malacia,Manchester United,False,,0
ENG-Premier League,2526,2026-01-17 Manchester Utd-Manchester City,15,Leny Yoro,Manchester United,False,,0
ENG-Premier League,2526,2026-01-17 Manchester Utd-Manchester City,25,Manuel Ugarte,Manchester United,False,MF,10
ENG-Premier League,2526,2026-01-17 Manchester Utd-Manchester City,26,Ayden Heaven,Manchester United,False,DF,1
ENG-Premier League,2526,2026-01-17 Manchester Utd-Manchester City,30,Benjamin Šeško,Manchester United,False,,0
ENG-Premier League,2526,2026-01-17 Manchester Utd-Manchester City,38,Jack Fletcher,Manchester United,False,,0
ENG-Premier League,2526,2026-01-17 Manchester Utd-Manchester City,25,Gianluigi Donnarumma,Manchester City,True,GK,90
ENG-Premier League,2526,2026-01-17 Manchester Utd-Manchester City,6,Nathan Aké,Manchester City,True,LB,90
ENG-Premier League,2526,2026-01-17 Manchester Utd-Manchester City,9,Erling Haaland,Manchester City,True,FW,79
ENG-Premier League,2526,2026-01-17 Manchester Utd-Manchester City,11,Jeremy Doku,Manchester City,True,LW,79
ENG-Premier League,2526,2026-01-17 Manchester Utd-Manchester City,16,Rodri,Manchester City,True,DM,90
ENG-Premier League,2526,2026-01-17 Manchester Utd-Manchester City,20,Bernardo Silva,Manchester City,True,AM,79
ENG-Premier League,2526,2026-01-17 Manchester Utd-Manchester City,42,Antoine Semenyo,Manchester City,True,RW,90
ENG-Premier League,2526,2026-01-17 Manchester Utd-Manchester City,45,Abdukodir Khusanov,Manchester City,True,CB,90
ENG-Premier League,2526,2026-01-17 Manchester Utd-Manchester City,47,Phil Foden,Manchester City,True,AM,45
ENG-Premier League,2526,2026-01-17 Manchester Utd-Manchester City,68,Max Alleyne,Manchester City,True,CB,45
ENG-Premier League,2526,2026-01-17 Manchester Utd-Manchester City,82,Rico Lewis,Manchester City,True,RB,90
ENG-Premier League,2526,2026-01-17 Manchester Utd-Manchester City,1,James Trafford,Manchester City,False,,0
ENG-Premier League,2526,2026-01-17 Manchester Utd-Manchester City,13,Marcus Bettinelli,Manchester City,False,,0
ENG-Premier League,2526,2026-01-17 Manchester Utd-Manchester City,4,Tijjani Reijnders,Manchester City,False,MF,11
ENG-Premier League,2526,2026-01-17 Manchester Utd-Manchester City,10,Rayan Cherki,Manchester City,False,"FW,MF",45
ENG-Premier League,2526,2026-01-17 Manchester Utd-Manchester City,21,Rayan Aït-Nouri,Manchester City,False,"DF,MF",11
ENG-Premier League,2526,2026-01-17 Manchester Utd-Manchester City,33,Nico O’Reilly,Manchester City,False,"DF,MF",45
ENG-Premier League,2526,2026-01-17 Manchester Utd-Manchester City,56,Ryan Mcaidoo,Manchester City,False,,0
ENG-Premier League,2526,2026-01-17 Manchester Utd-Manchester City,63,Divine Mukasa,Manchester City,False,MF,11
ENG-Premier League,2526,2026-01-17 Manchester Utd-Manchester City,91,Stephen Mfuni,Manchester City,False,,0
ENG-Premier League,2526,2026-02-10 West Ham United-Manchester Utd,1,Mads Hermansen,West Ham United,True,GK,90
ENG-Premier League,2526,2026-02-10 West Ham United-Manchester Utd,4,Axel Disasi,West Ham United,True,CB,90
ENG-Premier League,2526,2026-02-10 West Ham United-Manchester Utd,7,Crysencio Summerville,West Ham United,True,AM,89
ENG-Premier League,2526,2026-02-10 West Ham United-Manchester Utd,11,Valentín Castellanos,West Ham United,True,FW,68
ENG-Premier League,2526,2026-02-10 West Ham United-Manchester Utd,12,El Hadji Malick Diouf,West Ham United,True,LB,79
ENG-Premier League,2526,2026-02-10 West Ham United-Manchester Utd,15,Konstantinos Mavropanos,West Ham United,True,CB,90
ENG-Premier League,2526,2026-02-10 West Ham United-Manchester Utd,18,Mateus Fernandes,West Ham United,True,DM,90
ENG-Premier League,2526,2026-02-10 West Ham United-Manchester Utd,20,Jarrod Bowen,West Ham United,True,AM,89
ENG-Premier League,2526,2026-02-10 West Ham United-Manchester Utd,28,Tomáš Souček,West Ham United,True,AM,90
ENG-Premier League,2526,2026-02-10 West Ham United-Manchester Utd,29,Aaron Wan-Bissaka,West Ham United,True,RB,90
ENG-Premier League,2526,2026-02-10 West Ham United-Manchester Utd,32,Freddie Potts,West Ham United,True,DM,79
ENG-Premier League,2526,2026-02-10 West Ham United-Manchester Utd,23,Alphonse Areola,West Ham United,False,,0
ENG-Premier League,2526,2026-02-10 West Ham United-Manchester Utd,2,Kyle Walker-Peters,West Ham United,False,"DF,MF",1
ENG-Premier League,2526,2026-02-10 West Ham United-Manchester Utd,3,Max Kilman,West Ham United,False,,0
ENG-Premier League,2526,2026-02-10 West Ham United-Manchester Utd,9,Callum Wilson,West Ham United,False,FW,22
ENG-Premier League,2526,2026-02-10 West Ham United-Manchester Utd,17,Adama Traoré,West Ham United,False,"FW,MF",1
ENG-Premier League,2526,2026-02-10 West Ham United-Manchester Utd,27,Soungoutou Magassa,West Ham United,False,MF,11
ENG-Premier League,2526,2026-02-10 West Ham United-Manchester Utd,30,Oliver Scarles,West Ham United,False,MF,11
ENG-Premier League,2526,2026-02-10 West Ham United-Manchester Utd,55,Mohamadou Kanté,West Ham United,False,,0
ENG-Premier League,2526,2026-02-10 West Ham United-Manchester Utd,63,Ezra Mayers,West Ham United,False,,0
ENG-Premier League,2526,2026-02-10 West Ham United-Manchester Utd,31,Senne Lammens,Manchester United,True,GK,90
ENG-Premier League,2526,2026-02-10 West Ham United-Manchester Utd,2,Diogo Dalot,Manchester United,True,RB,81
ENG-Premier League,2526,2026-02-10 West Ham United-Manchester Utd,5,Harry Maguire,Manchester United,True,CB,67
ENG-Premier League,2526,2026-02-10 West Ham United-Manchester Utd,6,Lisandro Martínez,Manchester United,True,CB,90
ENG-Premier League,2526,2026-02-10 West Ham United-Manchester Utd,8,Bruno Fernandes,Manchester United,True,AM,90
ENG-Premier League,2526,2026-02-10 West Ham United-Manchester Utd,10,Matheus Cunha,Manchester United,True,FW,68
ENG-Premier League,2526,2026-02-10 West Ham United-Manchester Utd,16,Amad Diallo,Manchester United,True,AM,90
ENG-Premier League,2526,2026-02-10 West Ham United-Manchester Utd,18,Casemiro,Manchester United,True,DM,90
ENG-Premier League,2526,2026-02-10 West Ham United-Manchester Utd,19,Bryan Mbeumo,Manchester United,True,AM,90
ENG-Premier League,2526,2026-02-10 West Ham United-Manchester Utd,23,Luke Shaw,Manchester United,True,LB,90
ENG-Premier League,2526,2026-02-10 West Ham United-Manchester Utd,37,Kobbie Mainoo,Manchester United,True,DM,90
ENG-Premier League,2526,2026-02-10 West Ham United-Manchester Utd,1,Altay Bayındır,Manchester United,False,,0
ENG-Premier League,2526,2026-02-10 West Ham United-Manchester Utd,3,Noussair Mazraoui,Manchester United,False,,0
ENG-Premier League,2526,2026-02-10 West Ham United-Manchester Utd,11,Joshua Zirkzee,Manchester United,False,FW,9
ENG-Premier League,2526,2026-02-10 West Ham United-Manchester Utd,12,Tyrell Malacia,Manchester United,False,,0
ENG-Premier League,2526,2026-02-10 West Ham United-Manchester Utd,15,Leny Yoro,Manchester United,False,DF,23
ENG-Premier League,2526,2026-02-10 West Ham United-Manchester Utd,25,Manuel Ugarte,Manchester United,False,,0
ENG-Premier League,2526,2026-02-10 West Ham United-Manchester Utd,26,Ayden Heaven,Manchester United,False,,0
ENG-Premier League,2526,2026-02-10 West Ham United-Manchester Utd,30,Benjamin Šeško,Manchester United,False,FW,22
ENG-Premier League,2526,2026-02-10 West Ham United-Manchester Utd,39,Tyler Fletcher,Manchester United,False,,0
ENG-Premier League,2526,2026-02-07 Manchester Utd-Tottenham Hotspur,31,Senne Lammens,Manchester United,True,GK,90
ENG-Premier League,2526,2026-02-07 Manchester Utd-Tottenham Hotspur,2,Diogo Dalot,Manchester United,True,RB,90
ENG-Premier League,2526,2026-02-07 Manchester Utd-Tottenham Hotspur,5,Harry Maguire,Manchester United,True,CB,90
ENG-Premier League,2526,2026-02-07 Manchester Utd-Tottenham Hotspur,6,Lisandro Martínez,Manchester United,True,CB,90
ENG-Premier League,2526,2026-02-07 Manchester Utd-Tottenham Hotspur,8,Bruno Fernandes,Manchester United,True,AM,90
ENG-Premier League,2526,2026-02-07 Manchester Utd-Tottenham Hotspur,10,Matheus Cunha,Manchester United,True,FW,74
ENG-Premier League,2526,2026-02-07 Manchester Utd-Tottenham Hotspur,16,Amad Diallo,Manchester United,True,AM,90
ENG-Premier League,2526,2026-02-07 Manchester Utd-Tottenham Hotspur,18,Casemiro,Manchester United,True,DM,86
ENG-Premier League,2526,2026-02-07 Manchester Utd-Tottenham Hotspur,19,Bryan Mbeumo,Manchester United,True,AM,86
ENG-Premier League,2526,2026-02-07 Manchester Utd-Tottenham Hotspur,23,Luke Shaw,Manchester United,True,LB,86
ENG-Premier League,2526,2026-02-07 Manchester Utd-Tottenham Hotspur,37,Kobbie Mainoo,Manchester United,True,DM,89
ENG-Premier League,2526,2026-02-07 Manchester Utd-Tottenham Hotspur,1,Altay Bayındır,Manchester United,False,,0
ENG-Premier League,2526,2026-02-07 Manchester Utd-Tottenham Hotspur,3,Noussair Mazraoui,Manchester United,False,"DF,MF",4
ENG-Premier League,2526,2026-02-07 Manchester Utd-Tottenham Hotspur,11,Joshua Zirkzee,Manchester United,False,FW,4
ENG-Premier League,2526,2026-02-07 Manchester Utd-Tottenham Hotspur,12,Tyrell Malacia,Manchester United,False,,0
ENG-Premier League,2526,2026-02-07 Manchester Utd-Tottenham Hotspur,15,Leny Yoro,Manchester United,False,,0
ENG-Premier League,2526,2026-02-07 Manchester Utd-Tottenham Hotspur,25,Manuel Ugarte,Manchester United,False,MF,4
ENG-Premier League,2526,2026-02-07 Manchester Utd-Tottenham Hotspur,26,Ayden Heaven,Manchester United,False,,0
ENG-Premier League,2526,2026-02-07 Manchester Utd-Tottenham Hotspur,30,Benjamin Šeško,Manchester United,False,FW,16
ENG-Premier League,2526,2026-02-07 Manchester Utd-Tottenham Hotspur,39,Tyler Fletcher,Manchester United,False,MF,1
ENG-Premier League,2526,2026-02-07 Manchester Utd-Tottenham Hotspur,1,Guglielmo Vicario,Tottenham Hotspur,True,GK,90
ENG-Premier League,2526,2026-02-07 Manchester Utd-Tottenham Hotspur,6,João Palhinha,Tottenham Hotspur,True,CM,79
ENG-Premier League,2526,2026-02-07 Manchester Utd-Tottenham Hotspur,7,Xavi Simons,Tottenham Hotspur,True,FW,90
ENG-Premier League,2526,2026-02-07 Manchester Utd-Tottenham Hotspur,13,Destiny Udogie,Tottenham Hotspur,True,LB,54
ENG-Premier League,2526,2026-02-07 Manchester Utd-Tottenham Hotspur,14,Archie Gray,Tottenham Hotspur,True,RB,90
ENG-Premier League,2526,2026-02-07 Manchester Utd-Tottenham Hotspur,17,Cristian Romero,Tottenham Hotspur,True,CB,28
ENG-Premier League,2526,2026-02-07 Manchester Utd-Tottenham Hotspur,19,Dominic Solanke,Tottenham Hotspur,True,FW,79
ENG-Premier League,2526,2026-02-07 Manchester Utd-Tottenham Hotspur,22,Conor Gallagher,Tottenham Hotspur,True,CM,79
ENG-Premier League,2526,2026-02-07 Manchester Utd-Tottenham Hotspur,28,Wilson Odobert,Tottenham Hotspur,True,FW,31
ENG-Premier League,2526,2026-02-07 Manchester Utd-Tottenham Hotspur,29,Pape Matar Sarr,Tottenham Hotspur,True,CM,90
ENG-Premier League,2526,2026-02-07 Manchester Utd-Tottenham Hotspur,37,Micky van de Ven,Tottenham Hotspur,True,CB,90
ENG-Premier League,2526,2026-02-07 Manchester Utd-Tottenham Hotspur,31,Antonín Kinský,Tottenham Hotspur,False,,0
ENG-Premier League,2526,2026-02-07 Manchester Utd-Tottenham Hotspur,3,Radu Drăgușin,Tottenham Hotspur,False,DF,59
ENG-Premier League,2526,2026-02-07 Manchester Utd-Tottenham Hotspur,8,Yves Bissouma,Tottenham Hotspur,False,MF,11
ENG-Premier League,2526,2026-02-07 Manchester Utd-Tottenham Hotspur,11,Mathys Tel,Tottenham Hotspur,False,"FW,MF",11
ENG-Premier League,2526,2026-02-07 Manchester Utd-Tottenham Hotspur,38,Souza,Tottenham Hotspur,False,DF,36
ENG-Premier League,2526,2026-02-07 Manchester Utd-Tottenham Hotspur,39,Randal Kolo Muani,Tottenham Hotspur,False,"FW,MF",11
ENG-Premier League,2526,2026-02-07 Manchester Utd-Tottenham Hotspur,52,Callum Olusesi,Tottenham Hotspur,False,,0
ENG-Premier League,2526,2026-02-07 Manchester Utd-Tottenham Hotspur,67,Jun'ai Byfield,Tottenham Hotspur,False,,0
ENG-Premier League,2526,2026-02-07 Manchester Utd-Tottenham Hotspur,68,Luca Williams Barnett,Tottenham Hotspur,False,,0
ENG-Premier League,2526,2025-11-29 Everton-Newcastle United,1,Jordan Pickford,Everton,True,GK,90
ENG-Premier League,2526,2025-11-29 Everton-Newcastle United,5,Michael Keane,Everton,True,CB,90
ENG-Premier League,2526,2025-11-29 Everton-Newcastle United,6,James Tarkowski,Everton,True,CB,90
ENG-Premier League,2526,2025-11-29 Everton-Newcastle United,10,Iliman Ndiaye,Everton,True,AM,79
ENG-Premier League,2526,2025-11-29 Everton-Newcastle United,11,Thierno Barry,Everton,True,FW,86
ENG-Premier League,2526,2025-11-29 Everton-Newcastle United,15,Jake O'Brien,Everton,True,RB,90
ENG-Premier League,2526,2025-11-29 Everton-Newcastle United,16,Vitaliy Mykolenko,Everton,True,LB,90
ENG-Premier League,2526,2025-11-29 Everton-Newcastle United,18,Jack Grealish,Everton,True,AM,79
ENG-Premier League,2526,2025-11-29 Everton-Newcastle United,22,Kiernan Dewsbury-Hall,Everton,True,AM,90
ENG-Premier League,2526,2025-11-29 Everton-Newcastle United,37,James Garner,Everton,True,DM,90
ENG-Premier League,2526,2025-11-29 Everton-Newcastle United,42,Tim Iroegbunam,Everton,True,DM,45
ENG-Premier League,2526,2025-11-29 Everton-Newcastle United,12,Mark Travers,Everton,False,,0
ENG-Premier League,2526,2025-11-29 Everton-Newcastle United,31,Tom King,Everton,False,,0
ENG-Premier League,2526,2025-11-29 Everton-Newcastle United,7,Dwight McNeil,Everton,False,MF,11
ENG-Premier League,2526,2025-11-29 Everton-Newcastle United,9,Beto,Everton,False,FW,4
ENG-Premier League,2526,2025-11-29 Everton-Newcastle United,20,Tyler Dibling,Everton,False,MF,11
ENG-Premier League,2526,2025-11-29 Everton-Newcastle United,24,Carlos Alcaraz,Everton,False,MF,45
ENG-Premier League,2526,2025-11-29 Everton-Newcastle United,39,Adam Aznou,Everton,False,,0
ENG-Premier League,2526,2025-11-29 Everton-Newcastle United,64,Reece Welch,Everton,False,,0
ENG-Premier League,2526,2025-11-29 Everton-Newcastle United,73,Elijah Campbell,Everton,False,,0
ENG-Premier League,2526,2025-11-29 Everton-Newcastle United,32,Aaron Ramsdale,Newcastle United,True,GK,90
ENG-Premier League,2526,2025-11-29 Everton-Newcastle United,3,Lewis Hall,Newcastle United,True,LB,89
ENG-Premier League,2526,2025-11-29 Everton-Newcastle United,7,Joelinton,Newcastle United,True,CM,90
ENG-Premier League,2526,2025-11-29 Everton-Newcastle United,11,Harvey Barnes,Newcastle United,True,FW,70
ENG-Premier League,2526,2025-11-29 Everton-Newcastle United,12,Malick Thiaw,Newcastle United,True,CB,90
ENG-Premier League,2526,2025-11-29 Everton-Newcastle United,20,Anthony Elanga,Newcastle United,True,FW,70
ENG-Premier League,2526,2025-11-29 Everton-Newcastle United,21,Valentino Livramento,Newcastle United,True,RB,90
ENG-Premier League,2526,2025-11-29 Everton-Newcastle United,27,Nick Woltemade,Newcastle United,True,FW,89
ENG-Premier League,2526,2025-11-29 Everton-Newcastle United,33,Dan Burn,Newcastle United,True,CB,90
ENG-Premier League,2526,2025-11-29 Everton-Newcastle United,39,Bruno Guimarães,Newcastle United,True,CM,89
ENG-Premier League,2526,2025-11-29 Everton-Newcastle United,67,Lewis Miley,Newcastle United,True,CM,90
ENG-Premier League,2526,2025-11-29 Everton-Newcastle United,26,John Ruddy,Newcastle United,False,,0
ENG-Premier League,2526,2025-11-29 Everton-Newcastle United,5,Fabian Schär,Newcastle United,False,DF,1
ENG-Premier League,2526,2025-11-29 Everton-Newcastle United,8,Sandro Tonali,Newcastle United,False,MF,1
ENG-Premier League,2526,2025-11-29 Everton-Newcastle United,10,Anthony Gordon,Newcastle United,False,"FW,MF",1
ENG-Premier League,2526,2025-11-29 Everton-Newcastle United,23,Jacob Murphy,Newcastle United,False,,0
ENG-Premier League,2526,2025-11-29 Everton-Newcastle United,28,Joe Willock,Newcastle United,False,MF,20
ENG-Premier League,2526,2025-11-29 Everton-Newcastle United,37,Alex Murphy,Newcastle United,False,,0
ENG-Premier League,2526,2025-11-29 Everton-Newcastle United,41,Jacob Ramsey,Newcastle United,False,MF,20
ENG-Premier League,2526,2025-11-29 Everton-Newcastle United,62,Sean Neave,Newcastle United,False,,0
ENG-Premier League,2526,2025-12-06 Manchester City-Sunderland,25,Gianluigi Donnarumma,Manchester City,True,GK,90
ENG-Premier League,2526,2025-12-06 Manchester City-Sunderland,3,Rúben Dias,Manchester City,True,CB,90
ENG-Premier League,2526,2025-12-06 Manchester City-Sunderland,9,Erling Haaland,Manchester City,True,FW,68
ENG-Premier League,2526,2025-12-06 Manchester City-Sunderland,10,Rayan Cherki,Manchester City,True,AM,81
ENG-Premier League,2526,2025-12-06 Manchester City-Sunderland,11,Jeremy Doku,Manchester City,True,AM,90
ENG-Premier League,2526,2025-12-06 Manchester City-Sunderland,14,Nicolás González,Manchester City,True,DM,90
ENG-Premier League,2526,2025-12-06 Manchester City-Sunderland,20,Bernardo Silva,Manchester City,True,DM,81
ENG-Premier League,2526,2025-12-06 Manchester City-Sunderland,24,Joško Gvardiol,Manchester City,True,CB,69
ENG-Premier League,2526,2025-12-06 Manchester City-Sunderland,27,Matheus Nunes,Manchester City,True,RB,90
ENG-Premier League,2526,2025-12-06 Manchester City-Sunderland,33,Nico O’Reilly,Manchester City,True,LB,90
ENG-Premier League,2526,2025-12-06 Manchester City-Sunderland,47,Phil Foden,Manchester City,True,DM,68
ENG-Premier League,2526,2025-12-06 Manchester City-Sunderland,1,James Trafford,Manchester City,False,,0
ENG-Premier League,2526,2025-12-06 Manchester City-Sunderland,4,Tijjani Reijnders,Manchester City,False,MF,22
ENG-Premier League,2526,2025-12-06 Manchester City-Sunderland,6,Nathan Aké,Manchester City,False,"DF,MF",21
ENG-Premier League,2526,2025-12-06 Manchester City-Sunderland,7,Omar Marmoush,Manchester City,False,"FW,MF",22
ENG-Premier League,2526,2025-12-06 Manchester City-Sunderland,21,Rayan Aït-Nouri,Manchester City,False,,0
ENG-Premier League,2526,2025-12-06 Manchester City-Sunderland,26,Sávio,Manchester City,False,"FW,MF",9
ENG-Premier League,2526,2025-12-06 Manchester City-Sunderland,45,Abdukodir Khusanov,Manchester City,False,,0
ENG-Premier League,2526,2025-12-06 Manchester City-Sunderland,52,Oscar Bobb,Manchester City,False,,0
ENG-Premier League,2526,2025-12-06 Manchester City-Sunderland,82,Rico Lewis,Manchester City,False,DF,9
ENG-Premier League,2526,2025-12-06 Manchester City-Sunderland,22,Robin Roefs,Sunderland,True,GK,90
ENG-Premier League,2526,2025-12-06 Manchester City-Sunderland,5,Daniel Ballard,Sunderland,True,CB,90
ENG-Premier League,2526,2025-12-06 Manchester City-Sunderland,6,Lutsharel Geertruida,Sunderland,True,CB,90
ENG-Premier League,2526,2025-12-06 Manchester City-Sunderland,15,Omar Alderete,Sunderland,True,CB,90
ENG-Premier League,2526,2025-12-06 Manchester City-Sunderland,18,Wilson Isidor,Sunderland,True,FW,55
ENG-Premier League,2526,2025-12-06 Manchester City-Sunderland,20,Nordi Mukiele,Sunderland,True,RB,90
ENG-Premier League,2526,2025-12-06 Manchester City-Sunderland,25,Bertrand Traoré,Sunderland,True,RM,55
ENG-Premier League,2526,2025-12-06 Manchester City-Sunderland,27,Noah Sadiki,Sunderland,True,CM,71
ENG-Premier League,2526,2025-12-06 Manchester City-Sunderland,28,Enzo Le Fée,Sunderland,True,LM,90
ENG-Premier League,2526,2025-12-06 Manchester City-Sunderland,32,Trai Hume,Sunderland,True,LB,87
ENG-Premier League,2526,2025-12-06 Manchester City-Sunderland,34,Granit Xhaka,Sunderland,True,CM,72
ENG-Premier League,2526,2025-12-06 Manchester City-Sunderland,1,Anthony Patterson,Sunderland,False,,0
ENG-Premier League,2526,2025-12-06 Manchester City-Sunderland,4,Dan Neil,Sunderland,False,,0
ENG-Premier League,2526,2025-12-06 Manchester City-Sunderland,7,Chemsdine Talbi,Sunderland,False,MF,35
ENG-Premier League,2526,2025-12-06 Manchester City-Sunderland,9,Brian Brobbey,Sunderland,False,FW,35
ENG-Premier League,2526,2025-12-06 Manchester City-Sunderland,11,Chris Rigg,Sunderland,False,,0
ENG-Premier League,2526,2025-12-06 Manchester City-Sunderland,12,Eliezer Mayenda,Sunderland,False,,0
ENG-Premier League,2526,2025-12-06 Manchester City-Sunderland,13,Luke O'Nien,Sunderland,False,"DF,MF",2
ENG-Premier League,2526,2025-12-06 Manchester City-Sunderland,14,Romaine Mundle,Sunderland,False,MF,18
ENG-Premier League,2526,2025-12-06 Manchester City-Sunderland,24,Simon Adingra,Sunderland,False,"FW,MF",19
ENG-Premier League,2526,2025-10-03 Bournemouth-Fulham,1,Đorđe Petrović,Bournemouth,True,GK,90
ENG-Premier League,2526,2025-10-03 Bournemouth-Fulham,3,Adrien Truffert,Bournemouth,True,LB,90
ENG-Premier League,2526,2025-10-03 Bournemouth-Fulham,5,Marcos Senesi,Bournemouth,True,CB,77
ENG-Premier League,2526,2025-10-03 Bournemouth-Fulham,7,David Brooks,Bournemouth,True,AM,84
ENG-Premier League,2526,2025-10-03 Bournemouth-Fulham,8,Alex Scott,Bournemouth,True,DM,90
ENG-Premier League,2526,2025-10-03 Bournemouth-Fulham,9,Evanilson,Bournemouth,True,FW,90
ENG-Premier League,2526,2025-10-03 Bournemouth-Fulham,12,Tyler Adams,Bournemouth,True,DM,77
ENG-Premier League,2526,2025-10-03 Bournemouth-Fulham,16,Marcus Tavernier,Bournemouth,True,AM,60
ENG-Premier League,2526,2025-10-03 Bournemouth-Fulham,18,Bafodé Diakité,Bournemouth,True,CB,90
ENG-Premier League,2526,2025-10-03 Bournemouth-Fulham,23,James Hill,Bournemouth,True,RB,60
ENG-Premier League,2526,2025-10-03 Bournemouth-Fulham,24,Antoine Semenyo,Bournemouth,True,AM,90
ENG-Premier League,2526,2025-10-03 Bournemouth-Fulham,40,Will Dennis,Bournemouth,False,,0
ENG-Premier League,2526,2025-10-03 Bournemouth-Fulham,4,Lewis Cook,Bournemouth,False,,0
ENG-Premier League,2526,2025-10-03 Bournemouth-Fulham,10,Ryan Christie,Bournemouth,False,"FW,MF",13
ENG-Premier League,2526,2025-10-03 Bournemouth-Fulham,11,Ben Gannon-Doak,Bournemouth,False,MF,13
ENG-Premier League,2526,2025-10-03 Bournemouth-Fulham,19,Justin Kluivert,Bournemouth,False,"FW,MF",30
ENG-Premier League,2526,2025-10-03 Bournemouth-Fulham,20,Álex Jiménez,Bournemouth,False,DF,30
ENG-Premier League,2526,2025-10-03 Bournemouth-Fulham,21,Amine Adli,Bournemouth,False,,0
ENG-Premier League,2526,2025-10-03 Bournemouth-Fulham,22,Eli Junior Kroupi,Bournemouth,False,,0
ENG-Premier League,2526,2025-10-03 Bournemouth-Fulham,44,Veljko Milosavljević,Bournemouth,False,MF,6
ENG-Premier League,2526,2025-10-03 Bournemouth-Fulham,1,Bernd Leno,Fulham,True,GK,90
ENG-Premier League,2526,2025-10-03 Bournemouth-Fulham,3,Calvin Bassey,Fulham,True,CB,90
ENG-Premier League,2526,2025-10-03 Bournemouth-Fulham,5,Joachim Andersen,Fulham,True,CB,90
ENG-Premier League,2526,2025-10-03 Bournemouth-Fulham,8,Harry Wilson,Fulham,True,AM,66
ENG-Premier League,2526,2025-10-03 Bournemouth-Fulham,16,Sander Berge,Fulham,True,DM,90
ENG-Premier League,2526,2025-10-03 Bournemouth-Fulham,17,Alex Iwobi,Fulham,True,AM,85
ENG-Premier League,2526,2025-10-03 Bournemouth-Fulham,20,Saša Lukić,Fulham,True,DM,13
ENG-Premier League,2526,2025-10-03 Bournemouth-Fulham,21,Timothy Castagne,Fulham,True,DM,90
ENG-Premier League,2526,2025-10-03 Bournemouth-Fulham,24,Joshua King,Fulham,True,FW,66
ENG-Premier League,2526,2025-10-03 Bournemouth-Fulham,30,Ryan Sessegnon,Fulham,True,DM,90
ENG-Premier League,2526,2025-10-03 Bournemouth-Fulham,31,Issa Diop,Fulham,True,CB,85
ENG-Premier League,2526,2025-10-03 Bournemouth-Fulham,23,Benjamin Lecomte,Fulham,False,,0
ENG-Premier League,2526,2025-10-03 Bournemouth-Fulham,10,Tom Cairney,Fulham,False,MF,77
ENG-Premier League,2526,2025-10-03 Bournemouth-Fulham,11,Adama Traoré,Fulham,False,"FW,MF",5
ENG-Premier League,2526,2025-10-03 Bournemouth-Fulham,15,Jorge Cuenca,Fulham,False,,0
ENG-Premier League,2526,2025-10-03 Bournemouth-Fulham,18,Jonah Kusi-Asare,Fulham,False,,0
ENG-Premier League,2526,2025-10-03 Bournemouth-Fulham,19,Samuel Chukwueze,Fulham,False,"FW,MF",24
ENG-Premier League,2526,2025-10-03 Bournemouth-Fulham,22,Kevin,Fulham,False,MF,24
ENG-Premier League,2526,2025-10-03 Bournemouth-Fulham,32,Emile Smith Rowe,Fulham,False,MF,5
ENG-Premier League,2526,2025-10-03 Bournemouth-Fulham,33,Antonee Robinson,Fulham,False,,0
ENG-Premier League,2526,2025-09-21 Arsenal-Manchester City,1,David Raya,Arsenal,True,GK,90
ENG-Premier League,2526,2025-09-21 Arsenal-Manchester City,2,William Saliba,Arsenal,True,CB,90
ENG-Premier League,2526,2025-09-21 Arsenal-Manchester City,6,Gabriel Magalhães,Arsenal,True,CB,90
ENG-Premier League,2526,2025-09-21 Arsenal-Manchester City,12,Jurriën Timber,Arsenal,True,RB,79
ENG-Premier League,2526,2025-09-21 Arsenal-Manchester City,14,Viktor Gyökeres,Arsenal,True,FW,90
ENG-Premier League,2526,2025-09-21 Arsenal-Manchester City,19,Leandro Trossard,Arsenal,True,FW,83
ENG-Premier League,2526,2025-09-21 Arsenal-Manchester City,20,Noni Madueke,Arsenal,True,FW,45
ENG-Premier League,2526,2025-09-21 Arsenal-Manchester City,23,Mikel Merino,Arsenal,True,CM,45
ENG-Premier League,2526,2025-09-21 Arsenal-Manchester City,33,Riccardo Calafiori,Arsenal,True,LB,90
ENG-Premier League,2526,2025-09-21 Arsenal-Manchester City,36,Martín Zubimendi,Arsenal,True,CM,89
ENG-Premier League,2526,2025-09-21 Arsenal-Manchester City,41,Declan Rice,Arsenal,True,CM,90
ENG-Premier League,2526,2025-09-21 Arsenal-Manchester City,13,Kepa Arrizabalaga,Arsenal,False,,0
ENG-Premier League,2526,2025-09-21 Arsenal-Manchester City,3,Cristhian Mosquera,Arsenal,False,DF,1
ENG-Premier League,2526,2025-09-21 Arsenal-Manchester City,4,Ben White,Arsenal,False,,0
ENG-Premier League,2526,2025-09-21 Arsenal-Manchester City,7,Bukayo Saka,Arsenal,False,"FW,MF",45
ENG-Premier League,2526,2025-09-21 Arsenal-Manchester City,10,Eberechi Eze,Arsenal,False,"FW,MF",45
ENG-Premier League,2526,2025-09-21 Arsenal-Manchester City,11,Gabriel Martinelli,Arsenal,False,"FW,MF",11
ENG-Premier League,2526,2025-09-21 Arsenal-Manchester City,16,Christian Nørgaard,Arsenal,False,,0
ENG-Premier League,2526,2025-09-21 Arsenal-Manchester City,22,Ethan Nwaneri,Arsenal,False,MF,7
ENG-Premier League,2526,2025-09-21 Arsenal-Manchester City,49,Myles Lewis-Skelly,Arsenal,False,,0
ENG-Premier League,2526,2025-09-21 Arsenal-Manchester City,25,Gianluigi Donnarumma,Manchester City,True,GK,90
ENG-Premier League,2526,2025-09-21 Arsenal-Manchester City,3,Rúben Dias,Manchester City,True,CB,90
ENG-Premier League,2526,2025-09-21 Arsenal-Manchester City,4,Tijjani Reijnders,Manchester City,True,AM,90
ENG-Premier League,2526,2025-09-21 Arsenal-Manchester City,9,Erling Haaland,Manchester City,True,FW,75
ENG-Premier League,2526,2025-09-21 Arsenal-Manchester City,11,Jeremy Doku,Manchester City,True,LW,86
ENG-Premier League,2526,2025-09-21 Arsenal-Manchester City,16,Rodri,Manchester City,True,DM,90
ENG-Premier League,2526,2025-09-21 Arsenal-Manchester City,20,Bernardo Silva,Manchester City,True,AM,90
ENG-Premier League,2526,2025-09-21 Arsenal-Manchester City,24,Joško Gvardiol,Manchester City,True,CB,90
ENG-Premier League,2526,2025-09-21 Arsenal-Manchester City,33,Nico O’Reilly,Manchester City,True,LB,86
ENG-Premier League,2526,2025-09-21 Arsenal-Manchester City,45,Abdukodir Khusanov,Manchester City,True,RB,45
ENG-Premier League,2526,2025-09-21 Arsenal-Manchester City,47,Phil Foden,Manchester City,True,RW,67
ENG-Premier League,2526,2025-09-21 Arsenal-Manchester City,1,James Trafford,Manchester City,False,,0
ENG-Premier League,2526,2025-09-21 Arsenal-Manchester City,5,John Stones,Manchester City,False,DF,4
ENG-Premier League,2526,2025-09-21 Arsenal-Manchester City,6,Nathan Aké,Manchester City,False,"DF,MF",23
ENG-Premier League,2526,2025-09-21 Arsenal-Manchester City,14,Nicolás González,Manchester City,False,MF,15
ENG-Premier League,2526,2025-09-21 Arsenal-Manchester City,26,Sávio,Manchester City,False,"FW,MF",4
ENG-Premier League,2526,2025-09-21 Arsenal-Manchester City,27,Matheus Nunes,Manchester City,False,"DF,MF",45
ENG-Premier League,2526,2025-09-21 Arsenal-Manchester City,52,Oscar Bobb,Manchester City,False,,0
ENG-Premier League,2526,2025-09-21 Arsenal-Manchester City,63,Divine Mukasa,Manchester City,False,,0
ENG-Premier League,2526,2025-09-21 Arsenal-Manchester City,82,Rico Lewis,Manchester City,False,,0
ENG-Premier League,2526,2026-01-07 Fulham-Chelsea,1,Bernd Leno,Fulham,True,GK,90
ENG-Premier League,2526,2026-01-07 Fulham-Chelsea,5,Joachim Andersen,Fulham,True,CB,90
ENG-Premier League,2526,2026-01-07 Fulham-Chelsea,7,Raúl Jiménez,Fulham,True,FW,90
ENG-Premier League,2526,2026-01-07 Fulham-Chelsea,8,Harry Wilson,Fulham,True,AM,89
ENG-Premier League,2526,2026-01-07 Fulham-Chelsea,10,Tom Cairney,Fulham,True,DM,72
ENG-Premier League,2526,2026-01-07 Fulham-Chelsea,15,Jorge Cuenca,Fulham,True,CB,45
ENG-Premier League,2526,2026-01-07 Fulham-Chelsea,16,Sander Berge,Fulham,True,DM,90
ENG-Premier League,2526,2026-01-07 Fulham-Chelsea,21,Timothy Castagne,Fulham,True,DM,90
ENG-Premier League,2526,2026-01-07 Fulham-Chelsea,31,Issa Diop,Fulham,True,CB,90
ENG-Premier League,2526,2026-01-07 Fulham-Chelsea,32,Emile Smith Rowe,Fulham,True,AM,82
ENG-Premier League,2526,2026-01-07 Fulham-Chelsea,33,Antonee Robinson,Fulham,True,DM,72
ENG-Premier League,2526,2026-01-07 Fulham-Chelsea,23,Benjamin Lecomte,Fulham,False,,0
ENG-Premier League,2526,2026-01-07 Fulham-Chelsea,6,Harrison Reed,Fulham,False,MF,8
ENG-Premier League,2526,2026-01-07 Fulham-Chelsea,11,Adama Traoré,Fulham,False,"FW,MF",1
ENG-Premier League,2526,2026-01-07 Fulham-Chelsea,18,Jonah Kusi-Asare,Fulham,False,,0
ENG-Premier League,2526,2026-01-07 Fulham-Chelsea,20,Saša Lukić,Fulham,False,MF,18
ENG-Premier League,2526,2026-01-07 Fulham-Chelsea,22,Kevin,Fulham,False,MF,45
ENG-Premier League,2526,2026-01-07 Fulham-Chelsea,30,Ryan Sessegnon,Fulham,False,"DF,FW",18
ENG-Premier League,2526,2026-01-07 Fulham-Chelsea,35,Samuel Amissah,Fulham,False,,0
ENG-Premier League,2526,2026-01-07 Fulham-Chelsea,38,Seth Ridgeon,Fulham,False,,0
ENG-Premier League,2526,2026-01-07 Fulham-Chelsea,1,Robert Sánchez,Chelsea,True,GK,90
ENG-Premier League,2526,2026-01-07 Fulham-Chelsea,3,Marc Cucurella,Chelsea,True,LB,21
ENG-Premier League,2526,2026-01-07 Fulham-Chelsea,4,Tosin Adarabioyo,Chelsea,True,CB,90
ENG-Premier League,2526,2026-01-07 Fulham-Chelsea,7,Pedro Neto,Chelsea,True,AM,90
ENG-Premier League,2526,2026-01-07 Fulham-Chelsea,8,Enzo Fernández,Chelsea,True,AM,64
ENG-Premier League,2526,2026-01-07 Fulham-Chelsea,9,Liam Delap,Chelsea,True,FW,90
ENG-Premier League,2526,2026-01-07 Fulham-Chelsea,10,Cole Palmer,Chelsea,True,AM,74
ENG-Premier League,2526,2026-01-07 Fulham-Chelsea,17,Andrey Santos,Chelsea,True,DM,27
ENG-Premier League,2526,2026-01-07 Fulham-Chelsea,23,Trevoh Chalobah,Chelsea,True,CB,90
ENG-Premier League,2526,2026-01-07 Fulham-Chelsea,25,Moisés Caicedo,Chelsea,True,DM,90
ENG-Premier League,2526,2026-01-07 Fulham-Chelsea,27,Malo Gusto,Chelsea,True,RB,75
ENG-Premier League,2526,2026-01-07 Fulham-Chelsea,12,Filip Jørgensen,Chelsea,False,,0
ENG-Premier League,2526,2026-01-07 Fulham-Chelsea,11,Jamie Gittens,Chelsea,False,,0
ENG-Premier League,2526,2026-01-07 Fulham-Chelsea,20,João Pedro,Chelsea,False,"FW,MF",16
ENG-Premier League,2526,2026-01-07 Fulham-Chelsea,21,Jorrel Hato,Chelsea,False,DF,63
ENG-Premier League,2526,2026-01-07 Fulham-Chelsea,24,Reece James,Chelsea,False,"DF,MF",26
ENG-Premier League,2526,2026-01-07 Fulham-Chelsea,29,Wesley Fofana,Chelsea,False,,0
ENG-Premier League,2526,2026-01-07 Fulham-Chelsea,34,Joshua Acheampong,Chelsea,False,DF,15
ENG-Premier League,2526,2026-01-07 Fulham-Chelsea,41,Estêvão Willian,Chelsea,False,,0
ENG-Premier League,2526,2026-01-07 Fulham-Chelsea,49,Alejandro Garnacho,Chelsea,False,,0
ENG-Premier League,2526,2025-11-22 Liverpool-Nottingham Forest,1,Alisson,Liverpool,True,GK,90
ENG-Premier League,2526,2025-11-22 Liverpool-Nottingham Forest,4,Virgil van Dijk,Liverpool,True,CB,90
ENG-Premier League,2526,2025-11-22 Liverpool-Nottingham Forest,5,Ibrahima Konaté,Liverpool,True,CB,54
ENG-Premier League,2526,2025-11-22 Liverpool-Nottingham Forest,6,Milos Kerkez,Liverpool,True,LB,67
ENG-Premier League,2526,2025-11-22 Liverpool-Nottingham Forest,8,Dominik Szoboszlai,Liverpool,True,RB,90
ENG-Premier League,2526,2025-11-22 Liverpool-Nottingham Forest,9,Alexander Isak,Liverpool,True,FW,67
ENG-Premier League,2526,2025-11-22 Liverpool-Nottingham Forest,10,Alexis Mac Allister,Liverpool,True,CM,90
ENG-Premier League,2526,2025-11-22 Liverpool-Nottingham Forest,11,Mohamed Salah,Liverpool,True,FW,90
ENG-Premier League,2526,2025-11-22 Liverpool-Nottingham Forest,17,Curtis Jones,Liverpool,True,CM,77
ENG-Premier League,2526,2025-11-22 Liverpool-Nottingham Forest,18,Cody Gakpo,Liverpool,True,FW,90
ENG-Premier League,2526,2025-11-22 Liverpool-Nottingham Forest,38,Ryan Gravenberch,Liverpool,True,CM,90
ENG-Premier League,2526,2025-11-22 Liverpool-Nottingham Forest,25,Giorgi Mamardashvili,Liverpool,False,,0
ENG-Premier League,2526,2025-11-22 Liverpool-Nottingham Forest,2,Joe Gomez,Liverpool,False,,0
ENG-Premier League,2526,2025-11-22 Liverpool-Nottingham Forest,3,Wataru Endo,Liverpool,False,,0
ENG-Premier League,2526,2025-11-22 Liverpool-Nottingham Forest,14,Federico Chiesa,Liverpool,False,"FW,MF",23
ENG-Premier League,2526,2025-11-22 Liverpool-Nottingham Forest,22,Hugo Ekitike,Liverpool,False,FW,36
ENG-Premier League,2526,2025-11-22 Liverpool-Nottingham Forest,26,Andrew Robertson,Liverpool,False,"DF,MF",23
ENG-Premier League,2526,2025-11-22 Liverpool-Nottingham Forest,42,Trey Nyoni,Liverpool,False,,0
ENG-Premier League,2526,2025-11-22 Liverpool-Nottingham Forest,47,Calvin Ramsay,Liverpool,False,,0
ENG-Premier League,2526,2025-11-22 Liverpool-Nottingham Forest,73,Rio Ngumoha,Liverpool,False,FW,13
ENG-Premier League,2526,2025-11-22 Liverpool-Nottingham Forest,26,Matz Sels,Nottingham Forest,True,GK,90
ENG-Premier League,2526,2025-11-22 Liverpool-Nottingham Forest,3,Neco Williams,Nottingham Forest,True,LB,90
ENG-Premier League,2526,2025-11-22 Liverpool-Nottingham Forest,5,Murillo,Nottingham Forest,True,CB,90
ENG-Premier League,2526,2025-11-22 Liverpool-Nottingham Forest,6,Ibrahim Sangaré,Nottingham Forest,True,DM,90
ENG-Premier League,2526,2025-11-22 Liverpool-Nottingham Forest,8,Elliot Anderson,Nottingham Forest,True,DM,90
ENG-Premier League,2526,2025-11-22 Liverpool-Nottingham Forest,10,Morgan Gibbs-White,Nottingham Forest,True,AM,90
ENG-Premier League,2526,2025-11-22 Liverpool-Nottingham Forest,14,Dan Ndoye,Nottingham Forest,True,AM,85
ENG-Premier League,2526,2025-11-22 Liverpool-Nottingham Forest,16,Nicolás Domínguez,Nottingham Forest,True,AM,60
ENG-Premier League,2526,2025-11-22 Liverpool-Nottingham Forest,19,Igor Jesus,Nottingham Forest,True,FW,85
ENG-Premier League,2526,2025-11-22 Liverpool-Nottingham Forest,31,Nikola Milenković,Nottingham Forest,True,CB,90
ENG-Premier League,2526,2025-11-22 Liverpool-Nottingham Forest,37,Nicolò Savona,Nottingham Forest,True,RB,90
ENG-Premier League,2526,2025-11-22 Liverpool-Nottingham Forest,13,John,Nottingham Forest,False,,0
ENG-Premier League,2526,2025-11-22 Liverpool-Nottingham Forest,4,Morato,Nottingham Forest,False,,0
ENG-Premier League,2526,2025-11-22 Liverpool-Nottingham Forest,7,Callum Hudson-Odoi,Nottingham Forest,False,"FW,MF",5
ENG-Premier League,2526,2025-11-22 Liverpool-Nottingham Forest,15,Arnaud Kalimuendo,Nottingham Forest,False,,0
ENG-Premier League,2526,2025-11-22 Liverpool-Nottingham Forest,21,Omari Hutchinson,Nottingham Forest,False,MF,30
ENG-Premier League,2526,2025-11-22 Liverpool-Nottingham Forest,22,Ryan Yates,Nottingham Forest,False,MF,5
ENG-Premier League,2526,2025-11-22 Liverpool-Nottingham Forest,23,Jair Cunha,Nottingham Forest,False,,0
ENG-Premier League,2526,2025-11-22 Liverpool-Nottingham Forest,24,James Mcatee,Nottingham Forest,False,,0
ENG-Premier League,2526,2025-11-22 Liverpool-Nottingham Forest,30,Willy Boly,Nottingham Forest,False,,0
ENG-Premier League,2526,2025-08-17 Chelsea-Crystal Palace,1,Robert Sánchez,Chelsea,True,GK,90
ENG-Premier League,2526,2025-08-17 Chelsea-Crystal Palace,3,Marc Cucurella,Chelsea,True,LB,90
ENG-Premier League,2526,2025-08-17 Chelsea-Crystal Palace,7,Pedro Neto,Chelsea,True,AM,90
ENG-Premier League,2526,2025-08-17 Chelsea-Crystal Palace,8,Enzo Fernández,Chelsea,True,DM,78
ENG-Premier League,2526,2025-08-17 Chelsea-Crystal Palace,10,Cole Palmer,Chelsea,True,AM,90
ENG-Premier League,2526,2025-08-17 Chelsea-Crystal Palace,11,Jamie Gittens,Chelsea,True,AM,53
ENG-Premier League,2526,2025-08-17 Chelsea-Crystal Palace,20,João Pedro,Chelsea,True,FW,72
ENG-Premier League,2526,2025-08-17 Chelsea-Crystal Palace,23,Trevoh Chalobah,Chelsea,True,CB,90
ENG-Premier League,2526,2025-08-17 Chelsea-Crystal Palace,24,Reece James,Chelsea,True,RB,78
ENG-Premier League,2526,2025-08-17 Chelsea-Crystal Palace,25,Moisés Caicedo,Chelsea,True,DM,90
ENG-Premier League,2526,2025-08-17 Chelsea-Crystal Palace,34,Joshua Acheampong,Chelsea,True,CB,90
ENG-Premier League,2526,2025-08-17 Chelsea-Crystal Palace,12,Filip Jørgensen,Chelsea,False,,0
ENG-Premier League,2526,2025-08-17 Chelsea-Crystal Palace,9,Liam Delap,Chelsea,False,FW,18
ENG-Premier League,2526,2025-08-17 Chelsea-Crystal Palace,14,Dario Essugo,Chelsea,False,,0
ENG-Premier League,2526,2025-08-17 Chelsea-Crystal Palace,17,Andrey Santos,Chelsea,False,MF,12
ENG-Premier League,2526,2025-08-17 Chelsea-Crystal Palace,21,Jorrel Hato,Chelsea,False,,0
ENG-Premier League,2526,2025-08-17 Chelsea-Crystal Palace,27,Malo Gusto,Chelsea,False,DF,12
ENG-Premier League,2526,2025-08-17 Chelsea-Crystal Palace,29,Wesley Fofana,Chelsea,False,,0
ENG-Premier League,2526,2025-08-17 Chelsea-Crystal Palace,32,Tyrique George,Chelsea,False,,0
ENG-Premier League,2526,2025-08-17 Chelsea-Crystal Palace,41,Estêvão Willian,Chelsea,False,MF,37
ENG-Premier League,2526,2025-08-17 Chelsea-Crystal Palace,1,Dean Henderson,Crystal Palace,True,GK,90
ENG-Premier League,2526,2025-08-17 Chelsea-Crystal Palace,2,Daniel Muñoz,Crystal Palace,True,DM,90
ENG-Premier League,2526,2025-08-17 Chelsea-Crystal Palace,3,Tyrick Mitchell,Crystal Palace,True,DM,90
ENG-Premier League,2526,2025-08-17 Chelsea-Crystal Palace,5,Maxence Lacroix,Crystal Palace,True,CB,90
ENG-Premier League,2526,2025-08-17 Chelsea-Crystal Palace,6,Marc Guéhi,Crystal Palace,True,CB,90
ENG-Premier League,2526,2025-08-17 Chelsea-Crystal Palace,7,Ismaila Sarr,Crystal Palace,True,AM,90
ENG-Premier League,2526,2025-08-17 Chelsea-Crystal Palace,10,Eberechi Eze,Crystal Palace,True,AM,83
ENG-Premier League,2526,2025-08-17 Chelsea-Crystal Palace,14,Jean-Philippe Mateta,Crystal Palace,True,FW,90
ENG-Premier League,2526,2025-08-17 Chelsea-Crystal Palace,19,Will Hughes,Crystal Palace,True,DM,69
ENG-Premier League,2526,2025-08-17 Chelsea-Crystal Palace,20,Adam Wharton,Crystal Palace,True,DM,90
ENG-Premier League,2526,2025-08-17 Chelsea-Crystal Palace,26,Chris Richards,Crystal Palace,True,CB,90
ENG-Premier League,2526,2025-08-17 Chelsea-Crystal Palace,44,Walter Benítez,Crystal Palace,False,,0
ENG-Premier League,2526,2025-08-17 Chelsea-Crystal Palace,8,Jefferson Lerma,Crystal Palace,False,"DF,MF",21
ENG-Premier League,2526,2025-08-17 Chelsea-Crystal Palace,17,Nathaniel Clyne,Crystal Palace,False,,0
ENG-Premier League,2526,2025-08-17 Chelsea-Crystal Palace,21,Romain Esse,Crystal Palace,False,,0
ENG-Premier League,2526,2025-08-17 Chelsea-Crystal Palace,22,Odsonne Édouard,Crystal Palace,False,,0
ENG-Premier League,2526,2025-08-17 Chelsea-Crystal Palace,24,Borna Sosa,Crystal Palace,False,,0
ENG-Premier League,2526,2025-08-17 Chelsea-Crystal Palace,49,Jesurun Rak Sakyi,Crystal Palace,False,,0
ENG-Premier League,2526,2025-08-17 Chelsea-Crystal Palace,55,Justin Devenny,Crystal Palace,False,MF,7
ENG-Premier League,2526,2025-08-17 Chelsea-Crystal Palace,59,Rio Cardines,Crystal Palace,False,,0
ENG-Premier League,2526,2026-02-22 Sunderland-Fulham,22,Robin Roefs,Sunderland,True,GK,90
ENG-Premier League,2526,2026-02-22 Sunderland-Fulham,5,Daniel Ballard,Sunderland,True,CB,90
ENG-Premier League,2526,2026-02-22 Sunderland-Fulham,9,Brian Brobbey,Sunderland,True,FW,69
ENG-Premier League,2526,2026-02-22 Sunderland-Fulham,10,Nilson Angulo,Sunderland,True,LW,69
ENG-Premier League,2526,2026-02-22 Sunderland-Fulham,15,Omar Alderete,Sunderland,True,CB,90
ENG-Premier League,2526,2026-02-22 Sunderland-Fulham,19,Habib Diarra,Sunderland,True,AM,69
ENG-Premier League,2526,2026-02-22 Sunderland-Fulham,20,Nordi Mukiele,Sunderland,True,RB,11
ENG-Premier League,2526,2026-02-22 Sunderland-Fulham,27,Noah Sadiki,Sunderland,True,DM,90
ENG-Premier League,2526,2026-02-22 Sunderland-Fulham,28,Enzo Le Fée,Sunderland,True,AM,90
ENG-Premier League,2526,2026-02-22 Sunderland-Fulham,32,Trai Hume,Sunderland,True,LB,90
ENG-Premier League,2526,2026-02-22 Sunderland-Fulham,37,Jocelin Ta Bi,Sunderland,True,RW,38
ENG-Premier League,2526,2026-02-22 Sunderland-Fulham,31,Melker Ellborg,Sunderland,False,,0
ENG-Premier League,2526,2026-02-22 Sunderland-Fulham,6,Lutsharel Geertruida,Sunderland,False,DF,79
ENG-Premier League,2526,2026-02-22 Sunderland-Fulham,7,Chemsdine Talbi,Sunderland,False,,0
ENG-Premier League,2526,2026-02-22 Sunderland-Fulham,11,Chris Rigg,Sunderland,False,,0
ENG-Premier League,2526,2026-02-22 Sunderland-Fulham,12,Eliezer Mayenda,Sunderland,False,FW,21
ENG-Premier League,2526,2026-02-22 Sunderland-Fulham,13,Luke O'Nien,Sunderland,False,,0
ENG-Premier League,2526,2026-02-22 Sunderland-Fulham,14,Romaine Mundle,Sunderland,False,MF,52
ENG-Premier League,2526,2026-02-22 Sunderland-Fulham,18,Wilson Isidor,Sunderland,False,"FW,MF",21
ENG-Premier League,2526,2026-02-22 Sunderland-Fulham,34,Granit Xhaka,Sunderland,False,MF,21
ENG-Premier League,2526,2026-02-22 Sunderland-Fulham,1,Bernd Leno,Fulham,True,GK,90
ENG-Premier League,2526,2026-02-22 Sunderland-Fulham,2,Kenny Tete,Fulham,True,RB,87
ENG-Premier League,2526,2026-02-22 Sunderland-Fulham,3,Calvin Bassey,Fulham,True,CB,90
ENG-Premier League,2526,2026-02-22 Sunderland-Fulham,5,Joachim Andersen,Fulham,True,CB,90
ENG-Premier League,2526,2026-02-22 Sunderland-Fulham,7,Raúl Jiménez,Fulham,True,FW,64
ENG-Premier League,2526,2026-02-22 Sunderland-Fulham,8,Harry Wilson,Fulham,True,AM,90
ENG-Premier League,2526,2026-02-22 Sunderland-Fulham,16,Sander Berge,Fulham,True,DM,90
ENG-Premier League,2526,2026-02-22 Sunderland-Fulham,17,Alex Iwobi,Fulham,True,DM,87
ENG-Premier League,2526,2026-02-22 Sunderland-Fulham,22,Kevin,Fulham,True,AM,44
ENG-Premier League,2526,2026-02-22 Sunderland-Fulham,30,Ryan Sessegnon,Fulham,True,LB,90
ENG-Premier League,2526,2026-02-22 Sunderland-Fulham,32,Emile Smith Rowe,Fulham,True,AM,87
ENG-Premier League,2526,2026-02-22 Sunderland-Fulham,23,Benjamin Lecomte,Fulham,False,,0
ENG-Premier League,2526,2026-02-22 Sunderland-Fulham,6,Harrison Reed,Fulham,False,,0
ENG-Premier League,2526,2026-02-22 Sunderland-Fulham,9,Rodrigo Muniz,Fulham,False,FW,26
ENG-Premier League,2526,2026-02-22 Sunderland-Fulham,10,Tom Cairney,Fulham,False,MF,3
ENG-Premier League,2526,2026-02-22 Sunderland-Fulham,14,Oscar Bobb,Fulham,False,"FW,MF",46
ENG-Premier League,2526,2026-02-22 Sunderland-Fulham,15,Jorge Cuenca,Fulham,False,DF,3
ENG-Premier League,2526,2026-02-22 Sunderland-Fulham,21,Timothy Castagne,Fulham,False,"DF,MF",3
ENG-Premier League,2526,2026-02-22 Sunderland-Fulham,24,Joshua King,Fulham,False,,0
ENG-Premier League,2526,2026-02-22 Sunderland-Fulham,31,Issa Diop,Fulham,False,,0
ENG-Premier League,2526,2026-02-22 Crystal Palace-Wolves,1,Dean Henderson,Crystal Palace,True,GK,90
ENG-Premier League,2526,2026-02-22 Crystal Palace-Wolves,2,Daniel Muñoz,Crystal Palace,True,DM,90
ENG-Premier League,2526,2026-02-22 Crystal Palace-Wolves,3,Tyrick Mitchell,Crystal Palace,True,DM,90
ENG-Premier League,2526,2026-02-22 Crystal Palace-Wolves,7,Ismaila Sarr,Crystal Palace,True,AM,90
ENG-Premier League,2526,2026-02-22 Crystal Palace-Wolves,10,Yeremi Pino,Crystal Palace,True,AM,76
ENG-Premier League,2526,2026-02-22 Crystal Palace-Wolves,19,Will Hughes,Crystal Palace,True,DM,45
ENG-Premier League,2526,2026-02-22 Crystal Palace-Wolves,20,Adam Wharton,Crystal Palace,True,DM,90
ENG-Premier League,2526,2026-02-22 Crystal Palace-Wolves,22,Jørgen Strand Larsen,Crystal Palace,True,FW,90
ENG-Premier League,2526,2026-02-22 Crystal Palace-Wolves,23,Jaydee Canvot,Crystal Palace,True,CB,90
ENG-Premier League,2526,2026-02-22 Crystal Palace-Wolves,26,Chris Richards,Crystal Palace,True,CB,90
ENG-Premier League,2526,2026-02-22 Crystal Palace-Wolves,34,Chadi Riad,Crystal Palace,True,CB,71
ENG-Premier League,2526,2026-02-22 Crystal Palace-Wolves,44,Walter Benítez,Crystal Palace,False,,0
ENG-Premier League,2526,2026-02-22 Crystal Palace-Wolves,11,Brennan Johnson,Crystal Palace,False,"FW,MF",14
ENG-Premier League,2526,2026-02-22 Crystal Palace-Wolves,12,Christantus Uche,Crystal Palace,False,,0
ENG-Premier League,2526,2026-02-22 Crystal Palace-Wolves,17,Nathaniel Clyne,Crystal Palace,False,,0
ENG-Premier League,2526,2026-02-22 Crystal Palace-Wolves,18,Daichi Kamada,Crystal Palace,False,"FW,MF",45
ENG-Premier League,2526,2026-02-22 Crystal Palace-Wolves,24,Borna Sosa,Crystal Palace,False,,0
ENG-Premier League,2526,2026-02-22 Crystal Palace-Wolves,29,Evann Guessand,Crystal Palace,False,"FW,MF",19
ENG-Premier League,2526,2026-02-22 Crystal Palace-Wolves,55,Justin Devenny,Crystal Palace,False,,0
ENG-Premier League,2526,2026-02-22 Crystal Palace-Wolves,59,Rio Cardines,Crystal Palace,False,,0
ENG-Premier League,2526,2026-02-22 Crystal Palace-Wolves,1,José Sá,Wolverhampton Wanderers,True,GK,90
ENG-Premier League,2526,2026-02-22 Crystal Palace-Wolves,3,Hugo Bueno,Wolverhampton Wanderers,True,DM,90
ENG-Premier League,2526,2026-02-22 Crystal Palace-Wolves,4,Santiago Bueno,Wolverhampton Wanderers,True,CB,90
ENG-Premier League,2526,2026-02-22 Crystal Palace-Wolves,7,André,Wolverhampton Wanderers,True,DM,90
ENG-Premier League,2526,2026-02-22 Crystal Palace-Wolves,9,Adam Armstrong,Wolverhampton Wanderers,True,AM,62
ENG-Premier League,2526,2026-02-22 Crystal Palace-Wolves,14,Tolu Arokodare,Wolverhampton Wanderers,True,FW,90
ENG-Premier League,2526,2026-02-22 Crystal Palace-Wolves,15,Yerson Mosquera,Wolverhampton Wanderers,True,CB,89
ENG-Premier League,2526,2026-02-22 Crystal Palace-Wolves,27,Jean-Ricner Bellegarde,Wolverhampton Wanderers,True,DM,86
ENG-Premier League,2526,2026-02-22 Crystal Palace-Wolves,36,Mateus Mane,Wolverhampton Wanderers,True,AM,90
ENG-Premier League,2526,2026-02-22 Crystal Palace-Wolves,37,Ladislav Krejčí,Wolverhampton Wanderers,True,CB,60
ENG-Premier League,2526,2026-02-22 Crystal Palace-Wolves,38,Jackson Tchatchoua,Wolverhampton Wanderers,True,DM,90
ENG-Premier League,2526,2026-02-22 Crystal Palace-Wolves,31,Sam Johnstone,Wolverhampton Wanderers,False,,0
ENG-Premier League,2526,2026-02-22 Crystal Palace-Wolves,2,Matt Doherty,Wolverhampton Wanderers,False,,0
ENG-Premier League,2526,2026-02-22 Crystal Palace-Wolves,6,David Møller Wolfe,Wolverhampton Wanderers,False,DF,28
ENG-Premier League,2526,2026-02-22 Crystal Palace-Wolves,8,João Gomes,Wolverhampton Wanderers,False,MF,4
ENG-Premier League,2526,2026-02-22 Crystal Palace-Wolves,17,Pedro Lima,Wolverhampton Wanderers,False,,0
ENG-Premier League,2526,2026-02-22 Crystal Palace-Wolves,21,Rodrigo Gomes,Wolverhampton Wanderers,False,,0
ENG-Premier League,2526,2026-02-22 Crystal Palace-Wolves,24,Toti Gomes,Wolverhampton Wanderers,False,,0
ENG-Premier League,2526,2026-02-22 Crystal Palace-Wolves,47,Angel Gomes,Wolverhampton Wanderers,False,"FW,MF",1
ENG-Premier League,2526,2026-02-22 Crystal Palace-Wolves,74,Tom Edozie,Wolverhampton Wanderers,False,,0
ENG-Premier League,2526,2026-03-21 Everton-Chelsea,1,Jordan Pickford,Everton,True,GK,90
ENG-Premier League,2526,2026-03-21 Everton-Chelsea,5,Michael Keane,Everton,True,CB,90
ENG-Premier League,2526,2026-03-21 Everton-Chelsea,6,James Tarkowski,Everton,True,CB,90
ENG-Premier League,2526,2026-03-21 Everton-Chelsea,7,Dwight McNeil,Everton,True,AM,77
ENG-Premier League,2526,2026-03-21 Everton-Chelsea,9,Beto,Everton,True,FW,80
ENG-Premier League,2526,2026-03-21 Everton-Chelsea,10,Iliman Ndiaye,Everton,True,AM,88
ENG-Premier League,2526,2026-03-21 Everton-Chelsea,15,Jake O'Brien,Everton,True,RB,90
ENG-Premier League,2526,2026-03-21 Everton-Chelsea,16,Vitaliy Mykolenko,Everton,True,LB,90
ENG-Premier League,2526,2026-03-21 Everton-Chelsea,22,Kiernan Dewsbury-Hall,Everton,True,AM,88
ENG-Premier League,2526,2026-03-21 Everton-Chelsea,27,Idrissa Gana Gueye,Everton,True,DM,90
ENG-Premier League,2526,2026-03-21 Everton-Chelsea,37,James Garner,Everton,True,DM,90
ENG-Premier League,2526,2026-03-21 Everton-Chelsea,12,Mark Travers,Everton,False,,0
ENG-Premier League,2526,2026-03-21 Everton-Chelsea,2,Nathan Patterson,Everton,False,,0
ENG-Premier League,2526,2026-03-21 Everton-Chelsea,11,Thierno Barry,Everton,False,FW,10
ENG-Premier League,2526,2026-03-21 Everton-Chelsea,20,Tyler Dibling,Everton,False,,0
ENG-Premier League,2526,2026-03-21 Everton-Chelsea,23,Séamus Coleman,Everton,False,,0
ENG-Premier League,2526,2026-03-21 Everton-Chelsea,32,Jarrad Branthwaite,Everton,False,DF,13
ENG-Premier League,2526,2026-03-21 Everton-Chelsea,34,Merlin Röhl,Everton,False,MF,2
ENG-Premier League,2526,2026-03-21 Everton-Chelsea,42,Tim Iroegbunam,Everton,False,MF,2
ENG-Premier League,2526,2026-03-21 Everton-Chelsea,45,Harrison Armstrong,Everton,False,,0
ENG-Premier League,2526,2026-03-21 Everton-Chelsea,1,Robert Sánchez,Chelsea,True,GK,90
ENG-Premier League,2526,2026-03-21 Everton-Chelsea,3,Marc Cucurella,Chelsea,True,LB,90
ENG-Premier League,2526,2026-03-21 Everton-Chelsea,7,Pedro Neto,Chelsea,True,AM,69
ENG-Premier League,2526,2026-03-21 Everton-Chelsea,8,Enzo Fernández,Chelsea,True,AM,90
ENG-Premier League,2526,2026-03-21 Everton-Chelsea,10,Cole Palmer,Chelsea,True,AM,90
ENG-Premier League,2526,2026-03-21 Everton-Chelsea,20,João Pedro,Chelsea,True,FW,77
ENG-Premier League,2526,2026-03-21 Everton-Chelsea,21,Jorrel Hato,Chelsea,True,CB,90
ENG-Premier League,2526,2026-03-21 Everton-Chelsea,25,Moisés Caicedo,Chelsea,True,DM,77
ENG-Premier League,2526,2026-03-21 Everton-Chelsea,27,Malo Gusto,Chelsea,True,RB,45
ENG-Premier League,2526,2026-03-21 Everton-Chelsea,29,Wesley Fofana,Chelsea,True,CB,90
ENG-Premier League,2526,2026-03-21 Everton-Chelsea,45,Roméo Lavia,Chelsea,True,DM,56
ENG-Premier League,2526,2026-03-21 Everton-Chelsea,28,Teddy Sharman,Chelsea,False,,0
ENG-Premier League,2526,2026-03-21 Everton-Chelsea,4,Tosin Adarabioyo,Chelsea,False,DF,13
ENG-Premier League,2526,2026-03-21 Everton-Chelsea,9,Liam Delap,Chelsea,False,FW,13
ENG-Premier League,2526,2026-03-21 Everton-Chelsea,14,Dario Essugo,Chelsea,False,,0
ENG-Premier League,2526,2026-03-21 Everton-Chelsea,17,Andrey Santos,Chelsea,False,MF,34
ENG-Premier League,2526,2026-03-21 Everton-Chelsea,19,Mamadou Sarr,Chelsea,False,,0
ENG-Premier League,2526,2026-03-21 Everton-Chelsea,34,Joshua Acheampong,Chelsea,False,,0
ENG-Premier League,2526,2026-03-21 Everton-Chelsea,41,Estêvão Willian,Chelsea,False,MF,21
ENG-Premier League,2526,2026-03-21 Everton-Chelsea,49,Alejandro Garnacho,Chelsea,False,MF,45
ENG-Premier League,2526,2025-10-26 Aston Villa-Manchester City,23,Emiliano Martínez,Aston Villa,True,GK,90
ENG-Premier League,2526,2025-10-26 Aston Villa-Manchester City,2,Matty Cash,Aston Villa,True,RB,90
ENG-Premier League,2526,2025-10-26 Aston Villa-Manchester City,4,Ezri Konsa,Aston Villa,True,CB,90
ENG-Premier League,2526,2025-10-26 Aston Villa-Manchester City,7,John McGinn,Aston Villa,True,AM,73
ENG-Premier League,2526,2025-10-26 Aston Villa-Manchester City,10,Emi Buendía,Aston Villa,True,AM,28
ENG-Premier League,2526,2025-10-26 Aston Villa-Manchester City,11,Ollie Watkins,Aston Villa,True,FW,85
ENG-Premier League,2526,2025-10-26 Aston Villa-Manchester City,12,Lucas Digne,Aston Villa,True,LB,85
ENG-Premier League,2526,2025-10-26 Aston Villa-Manchester City,14,Pau Torres,Aston Villa,True,CB,90
ENG-Premier League,2526,2025-10-26 Aston Villa-Manchester City,24,Amadou Onana,Aston Villa,True,DM,90
ENG-Premier League,2526,2025-10-26 Aston Villa-Manchester City,27,Morgan Rogers,Aston Villa,True,AM,90
ENG-Premier League,2526,2025-10-26 Aston Villa-Manchester City,44,Boubacar Kamara,Aston Villa,True,DM,90
ENG-Premier League,2526,2025-10-26 Aston Villa-Manchester City,40,Marco Bizot,Aston Villa,False,,0
ENG-Premier League,2526,2025-10-26 Aston Villa-Manchester City,3,Victor Lindelöf,Aston Villa,False,,0
ENG-Premier League,2526,2025-10-26 Aston Villa-Manchester City,5,Tyrone Mings,Aston Villa,False,,0
ENG-Premier League,2526,2025-10-26 Aston Villa-Manchester City,6,Ross Barkley,Aston Villa,False,MF,17
ENG-Premier League,2526,2025-10-26 Aston Villa-Manchester City,17,Donyell Malen,Aston Villa,False,"FW,MF",5
ENG-Premier League,2526,2025-10-26 Aston Villa-Manchester City,19,Jadon Sancho,Aston Villa,False,"FW,MF",45
ENG-Premier League,2526,2025-10-26 Aston Villa-Manchester City,22,Ian Maatsen,Aston Villa,False,"DF,MF",5
ENG-Premier League,2526,2025-10-26 Aston Villa-Manchester City,26,Lamare Bogarde,Aston Villa,False,,0
ENG-Premier League,2526,2025-10-26 Aston Villa-Manchester City,29,Evann Guessand,Aston Villa,False,"FW,MF",17
ENG-Premier League,2526,2025-10-26 Aston Villa-Manchester City,25,Gianluigi Donnarumma,Manchester City,True,GK,90
ENG-Premier League,2526,2025-10-26 Aston Villa-Manchester City,3,Rúben Dias,Manchester City,True,CB,90
ENG-Premier League,2526,2025-10-26 Aston Villa-Manchester City,4,Tijjani Reijnders,Manchester City,True,DM,75
ENG-Premier League,2526,2025-10-26 Aston Villa-Manchester City,5,John Stones,Manchester City,True,CB,60
ENG-Premier League,2526,2025-10-26 Aston Villa-Manchester City,9,Erling Haaland,Manchester City,True,FW,90
ENG-Premier League,2526,2025-10-26 Aston Villa-Manchester City,20,Bernardo Silva,Manchester City,True,AM,60
ENG-Premier League,2526,2025-10-26 Aston Villa-Manchester City,24,Joško Gvardiol,Manchester City,True,LB,90
ENG-Premier League,2526,2025-10-26 Aston Villa-Manchester City,26,Sávio,Manchester City,True,LW,83
ENG-Premier League,2526,2025-10-26 Aston Villa-Manchester City,27,Matheus Nunes,Manchester City,True,RB,90
ENG-Premier League,2526,2025-10-26 Aston Villa-Manchester City,47,Phil Foden,Manchester City,True,AM,90
ENG-Premier League,2526,2025-10-26 Aston Villa-Manchester City,52,Oscar Bobb,Manchester City,True,RW,60
ENG-Premier League,2526,2025-10-26 Aston Villa-Manchester City,1,James Trafford,Manchester City,False,,0
ENG-Premier League,2526,2025-10-26 Aston Villa-Manchester City,6,Nathan Aké,Manchester City,False,,0
ENG-Premier League,2526,2025-10-26 Aston Villa-Manchester City,7,Omar Marmoush,Manchester City,False,"FW,MF",7
ENG-Premier League,2526,2025-10-26 Aston Villa-Manchester City,8,Mateo Kovačić,Manchester City,False,,0
ENG-Premier League,2526,2025-10-26 Aston Villa-Manchester City,10,Rayan Cherki,Manchester City,False,"FW,MF",15
ENG-Premier League,2526,2025-10-26 Aston Villa-Manchester City,11,Jeremy Doku,Manchester City,False,"FW,MF",30
ENG-Premier League,2526,2025-10-26 Aston Villa-Manchester City,14,Nicolás González,Manchester City,False,MF,30
ENG-Premier League,2526,2025-10-26 Aston Villa-Manchester City,33,Nico O’Reilly,Manchester City,False,"DF,MF",30
ENG-Premier League,2526,2025-10-26 Aston Villa-Manchester City,82,Rico Lewis,Manchester City,False,,0
ENG-Premier League,2526,2025-10-24 Leeds United-West Ham United,1,Lucas Perri,Leeds United,True,GK,90
ENG-Premier League,2526,2025-10-24 Leeds United-West Ham United,2,Jayden Bogle,Leeds United,True,RB,90
ENG-Premier League,2526,2025-10-24 Leeds United-West Ham United,3,Gabriel Gudmundsson,Leeds United,True,LB,43
ENG-Premier League,2526,2025-10-24 Leeds United-West Ham United,4,Ethan Ampadu,Leeds United,True,CM,90
ENG-Premier League,2526,2025-10-24 Leeds United-West Ham United,6,Joe Rodon,Leeds United,True,CB,90
ENG-Premier League,2526,2025-10-24 Leeds United-West Ham United,8,Sean Longstaff,Leeds United,True,CM,90
ENG-Premier League,2526,2025-10-24 Leeds United-West Ham United,9,Dominic Calvert-Lewin,Leeds United,True,FW,86
ENG-Premier League,2526,2025-10-24 Leeds United-West Ham United,11,Brenden Aaronson,Leeds United,True,FW,86
ENG-Premier League,2526,2025-10-24 Leeds United-West Ham United,15,Jaka Bijol,Leeds United,True,CB,90
ENG-Premier League,2526,2025-10-24 Leeds United-West Ham United,19,Noah Okafor,Leeds United,True,FW,45
ENG-Premier League,2526,2025-10-24 Leeds United-West Ham United,22,Ao Tanaka,Leeds United,True,CM,71
ENG-Premier League,2526,2025-10-24 Leeds United-West Ham United,26,Karl Darlow,Leeds United,False,,0
ENG-Premier League,2526,2025-10-24 Leeds United-West Ham United,5,Pascal Struijk,Leeds United,False,,0
ENG-Premier League,2526,2025-10-24 Leeds United-West Ham United,7,Daniel James,Leeds United,False,"FW,MF",4
ENG-Premier League,2526,2025-10-24 Leeds United-West Ham United,10,Joël Piroe,Leeds United,False,,0
ENG-Premier League,2526,2025-10-24 Leeds United-West Ham United,14,Lukas Nmecha,Leeds United,False,FW,4
ENG-Premier League,2526,2025-10-24 Leeds United-West Ham United,18,Anton Stach,Leeds United,False,,0
ENG-Premier League,2526,2025-10-24 Leeds United-West Ham United,20,Jack Harrison,Leeds United,False,"FW,MF",45
ENG-Premier League,2526,2025-10-24 Leeds United-West Ham United,24,James Justin,Leeds United,False,"DF,MF",47
ENG-Premier League,2526,2025-10-24 Leeds United-West Ham United,44,Ilia Gruev,Leeds United,False,MF,19
ENG-Premier League,2526,2025-10-24 Leeds United-West Ham United,23,Alphonse Areola,West Ham United,True,GK,90
ENG-Premier League,2526,2025-10-24 Leeds United-West Ham United,3,Max Kilman,West Ham United,True,CB,90
ENG-Premier League,2526,2025-10-24 Leeds United-West Ham United,7,Crysencio Summerville,West Ham United,True,FW,78
ENG-Premier League,2526,2025-10-24 Leeds United-West Ham United,10,Lucas Paquetá,West Ham United,True,FW,90
ENG-Premier League,2526,2025-10-24 Leeds United-West Ham United,12,El Hadji Malick Diouf,West Ham United,True,LM,90
ENG-Premier League,2526,2025-10-24 Leeds United-West Ham United,20,Jarrod Bowen,West Ham United,True,FW,90
ENG-Premier League,2526,2025-10-24 Leeds United-West Ham United,25,Jean-Clair Todibo,West Ham United,True,CB,90
ENG-Premier League,2526,2025-10-24 Leeds United-West Ham United,28,Tomáš Souček,West Ham United,True,CM,64
ENG-Premier League,2526,2025-10-24 Leeds United-West Ham United,29,Aaron Wan-Bissaka,West Ham United,True,CB,78
ENG-Premier League,2526,2025-10-24 Leeds United-West Ham United,30,Oliver Scarles,West Ham United,True,RM,24
ENG-Premier League,2526,2025-10-24 Leeds United-West Ham United,39,Andy Irving,West Ham United,True,CM,63
ENG-Premier League,2526,2025-10-24 Leeds United-West Ham United,1,Mads Hermansen,West Ham United,False,,0
ENG-Premier League,2526,2025-10-24 Leeds United-West Ham United,2,Kyle Walker-Peters,West Ham United,False,"DF,MF",12
ENG-Premier League,2526,2025-10-24 Leeds United-West Ham United,5,Igor,West Ham United,False,,0
ENG-Premier League,2526,2025-10-24 Leeds United-West Ham United,9,Callum Wilson,West Ham United,False,FW,66
ENG-Premier League,2526,2025-10-24 Leeds United-West Ham United,18,Mateus Fernandes,West Ham United,False,MF,26
ENG-Premier League,2526,2025-10-24 Leeds United-West Ham United,24,Guido Rodríguez,West Ham United,False,,0
ENG-Premier League,2526,2025-10-24 Leeds United-West Ham United,27,Soungoutou Magassa,West Ham United,False,MF,12
ENG-Premier League,2526,2025-10-24 Leeds United-West Ham United,32,Freddie Potts,West Ham United,False,MF,27
ENG-Premier League,2526,2025-10-24 Leeds United-West Ham United,50,Callum Marshall,West Ham United,False,,0
ENG-Premier League,2526,2025-12-22 Fulham-Nottingham Forest,1,Bernd Leno,Fulham,True,GK,90
ENG-Premier League,2526,2025-12-22 Fulham-Nottingham Forest,2,Kenny Tete,Fulham,True,RB,90
ENG-Premier League,2526,2025-12-22 Fulham-Nottingham Forest,5,Joachim Andersen,Fulham,True,CB,90
ENG-Premier League,2526,2025-12-22 Fulham-Nottingham Forest,7,Raúl Jiménez,Fulham,True,FW,84
ENG-Premier League,2526,2025-12-22 Fulham-Nottingham Forest,8,Harry Wilson,Fulham,True,AM,83
ENG-Premier League,2526,2025-12-22 Fulham-Nottingham Forest,15,Jorge Cuenca,Fulham,True,CB,90
ENG-Premier League,2526,2025-12-22 Fulham-Nottingham Forest,16,Sander Berge,Fulham,True,DM,65
ENG-Premier League,2526,2025-12-22 Fulham-Nottingham Forest,20,Saša Lukić,Fulham,True,DM,90
ENG-Premier League,2526,2025-12-22 Fulham-Nottingham Forest,22,Kevin,Fulham,True,AM,77
ENG-Premier League,2526,2025-12-22 Fulham-Nottingham Forest,32,Emile Smith Rowe,Fulham,True,AM,84
ENG-Premier League,2526,2025-12-22 Fulham-Nottingham Forest,33,Antonee Robinson,Fulham,True,LB,90
ENG-Premier League,2526,2025-12-22 Fulham-Nottingham Forest,23,Benjamin Lecomte,Fulham,False,,0
ENG-Premier League,2526,2025-12-22 Fulham-Nottingham Forest,6,Harrison Reed,Fulham,False,,0
ENG-Premier League,2526,2025-12-22 Fulham-Nottingham Forest,10,Tom Cairney,Fulham,False,MF,25
ENG-Premier League,2526,2025-12-22 Fulham-Nottingham Forest,11,Adama Traoré,Fulham,False,"FW,MF",7
ENG-Premier League,2526,2025-12-22 Fulham-Nottingham Forest,18,Jonah Kusi-Asare,Fulham,False,FW,6
ENG-Premier League,2526,2025-12-22 Fulham-Nottingham Forest,21,Timothy Castagne,Fulham,False,,0
ENG-Premier League,2526,2025-12-22 Fulham-Nottingham Forest,24,Joshua King,Fulham,False,MF,13
ENG-Premier League,2526,2025-12-22 Fulham-Nottingham Forest,31,Issa Diop,Fulham,False,DF,6
ENG-Premier League,2526,2025-12-22 Fulham-Nottingham Forest,38,Seth Ridgeon,Fulham,False,,0
ENG-Premier League,2526,2025-12-22 Fulham-Nottingham Forest,13,John,Nottingham Forest,True,GK,90
ENG-Premier League,2526,2025-12-22 Fulham-Nottingham Forest,3,Neco Williams,Nottingham Forest,True,LB,90
ENG-Premier League,2526,2025-12-22 Fulham-Nottingham Forest,5,Murillo,Nottingham Forest,True,CB,90
ENG-Premier League,2526,2025-12-22 Fulham-Nottingham Forest,7,Callum Hudson-Odoi,Nottingham Forest,True,AM,89
ENG-Premier League,2526,2025-12-22 Fulham-Nottingham Forest,8,Elliot Anderson,Nottingham Forest,True,DM,90
ENG-Premier League,2526,2025-12-22 Fulham-Nottingham Forest,10,Morgan Gibbs-White,Nottingham Forest,True,AM,72
ENG-Premier League,2526,2025-12-22 Fulham-Nottingham Forest,12,Douglas Luiz,Nottingham Forest,True,DM,72
ENG-Premier League,2526,2025-12-22 Fulham-Nottingham Forest,19,Igor Jesus,Nottingham Forest,True,FW,71
ENG-Premier League,2526,2025-12-22 Fulham-Nottingham Forest,21,Omari Hutchinson,Nottingham Forest,True,AM,90
ENG-Premier League,2526,2025-12-22 Fulham-Nottingham Forest,31,Nikola Milenković,Nottingham Forest,True,CB,90
ENG-Premier League,2526,2025-12-22 Fulham-Nottingham Forest,37,Nicolò Savona,Nottingham Forest,True,RB,80
ENG-Premier League,2526,2025-12-22 Fulham-Nottingham Forest,26,Matz Sels,Nottingham Forest,False,,0
ENG-Premier League,2526,2025-12-22 Fulham-Nottingham Forest,4,Morato,Nottingham Forest,False,,0
ENG-Premier League,2526,2025-12-22 Fulham-Nottingham Forest,9,Taiwo Awoniyi,Nottingham Forest,False,FW,19
ENG-Premier League,2526,2025-12-22 Fulham-Nottingham Forest,15,Arnaud Kalimuendo,Nottingham Forest,False,FW,1
ENG-Premier League,2526,2025-12-22 Fulham-Nottingham Forest,16,Nicolás Domínguez,Nottingham Forest,False,MF,18
ENG-Premier League,2526,2025-12-22 Fulham-Nottingham Forest,24,James Mcatee,Nottingham Forest,False,MF,18
ENG-Premier League,2526,2025-12-22 Fulham-Nottingham Forest,29,Dilane Bakwa,Nottingham Forest,False,,0
ENG-Premier League,2526,2025-12-22 Fulham-Nottingham Forest,35,Oleksandr Zinchenko,Nottingham Forest,False,"DF,MF",10
ENG-Premier League,2526,2025-12-22 Fulham-Nottingham Forest,44,Zach Abbott,Nottingham Forest,False,,0
ENG-Premier League,2526,2025-10-04 Arsenal-West Ham United,1,David Raya,Arsenal,True,GK,90
ENG-Premier League,2526,2025-10-04 Arsenal-West Ham United,2,William Saliba,Arsenal,True,CB,90
ENG-Premier League,2526,2025-10-04 Arsenal-West Ham United,6,Gabriel Magalhães,Arsenal,True,CB,90
ENG-Premier League,2526,2025-10-04 Arsenal-West Ham United,7,Bukayo Saka,Arsenal,True,FW,90
ENG-Premier League,2526,2025-10-04 Arsenal-West Ham United,8,Martin Ødegaard,Arsenal,True,CM,29
ENG-Premier League,2526,2025-10-04 Arsenal-West Ham United,10,Eberechi Eze,Arsenal,True,CM,78
ENG-Premier League,2526,2025-10-04 Arsenal-West Ham United,12,Jurriën Timber,Arsenal,True,RB,90
ENG-Premier League,2526,2025-10-04 Arsenal-West Ham United,14,Viktor Gyökeres,Arsenal,True,FW,90
ENG-Premier League,2526,2025-10-04 Arsenal-West Ham United,19,Leandro Trossard,Arsenal,True,FW,74
ENG-Premier League,2526,2025-10-04 Arsenal-West Ham United,33,Riccardo Calafiori,Arsenal,True,LB,74
ENG-Premier League,2526,2025-10-04 Arsenal-West Ham United,41,Declan Rice,Arsenal,True,CM,78
ENG-Premier League,2526,2025-10-04 Arsenal-West Ham United,13,Kepa Arrizabalaga,Arsenal,False,,0
ENG-Premier League,2526,2025-10-04 Arsenal-West Ham United,3,Cristhian Mosquera,Arsenal,False,,0
ENG-Premier League,2526,2025-10-04 Arsenal-West Ham United,4,Ben White,Arsenal,False,,0
ENG-Premier League,2526,2025-10-04 Arsenal-West Ham United,11,Gabriel Martinelli,Arsenal,False,"FW,MF",12
ENG-Premier League,2526,2025-10-04 Arsenal-West Ham United,16,Christian Nørgaard,Arsenal,False,,0
ENG-Premier League,2526,2025-10-04 Arsenal-West Ham United,22,Ethan Nwaneri,Arsenal,False,MF,16
ENG-Premier League,2526,2025-10-04 Arsenal-West Ham United,23,Mikel Merino,Arsenal,False,MF,12
ENG-Premier League,2526,2025-10-04 Arsenal-West Ham United,36,Martín Zubimendi,Arsenal,False,MF,61
ENG-Premier League,2526,2025-10-04 Arsenal-West Ham United,49,Myles Lewis-Skelly,Arsenal,False,DF,16
ENG-Premier League,2526,2025-10-04 Arsenal-West Ham United,23,Alphonse Areola,West Ham United,True,GK,90
ENG-Premier League,2526,2025-10-04 Arsenal-West Ham United,3,Max Kilman,West Ham United,True,CB,90
ENG-Premier League,2526,2025-10-04 Arsenal-West Ham United,7,Crysencio Summerville,West Ham United,True,LW,90
ENG-Premier League,2526,2025-10-04 Arsenal-West Ham United,10,Lucas Paquetá,West Ham United,True,AM,90
ENG-Premier League,2526,2025-10-04 Arsenal-West Ham United,11,Niclas Füllkrug,West Ham United,True,FW,60
ENG-Premier League,2526,2025-10-04 Arsenal-West Ham United,12,El Hadji Malick Diouf,West Ham United,True,LB,90
ENG-Premier League,2526,2025-10-04 Arsenal-West Ham United,15,Konstantinos Mavropanos,West Ham United,True,CB,90
ENG-Premier League,2526,2025-10-04 Arsenal-West Ham United,18,Mateus Fernandes,West Ham United,True,AM,90
ENG-Premier League,2526,2025-10-04 Arsenal-West Ham United,20,Jarrod Bowen,West Ham United,True,RW,90
ENG-Premier League,2526,2025-10-04 Arsenal-West Ham United,27,Soungoutou Magassa,West Ham United,True,DM,60
ENG-Premier League,2526,2025-10-04 Arsenal-West Ham United,29,Aaron Wan-Bissaka,West Ham United,True,RB,78
ENG-Premier League,2526,2025-10-04 Arsenal-West Ham United,1,Mads Hermansen,West Ham United,False,,0
ENG-Premier League,2526,2025-10-04 Arsenal-West Ham United,2,Kyle Walker-Peters,West Ham United,False,"DF,MF",12
ENG-Premier League,2526,2025-10-04 Arsenal-West Ham United,5,Igor,West Ham United,False,,0
ENG-Premier League,2526,2025-10-04 Arsenal-West Ham United,9,Callum Wilson,West Ham United,False,,0
ENG-Premier League,2526,2025-10-04 Arsenal-West Ham United,17,Luis Guilherme,West Ham United,False,,0
ENG-Premier League,2526,2025-10-04 Arsenal-West Ham United,24,Guido Rodríguez,West Ham United,False,,0
ENG-Premier League,2526,2025-10-04 Arsenal-West Ham United,30,Oliver Scarles,West Ham United,False,,0
ENG-Premier League,2526,2025-10-04 Arsenal-West Ham United,32,Freddie Potts,West Ham United,False,MF,30
ENG-Premier League,2526,2025-10-04 Arsenal-West Ham United,50,Callum Marshall,West Ham United,False,FW,30
ENG-Premier League,2526,2026-01-07 Bournemouth-Tottenham Hotspur,1,Đorđe Petrović,Bournemouth,True,GK,90
ENG-Premier League,2526,2026-01-07 Bournemouth-Tottenham Hotspur,3,Adrien Truffert,Bournemouth,True,LB,90
ENG-Premier League,2526,2026-01-07 Bournemouth-Tottenham Hotspur,4,Lewis Cook,Bournemouth,True,DM,90
ENG-Premier League,2526,2026-01-07 Bournemouth-Tottenham Hotspur,5,Marcos Senesi,Bournemouth,True,CB,90
ENG-Premier League,2526,2026-01-07 Bournemouth-Tottenham Hotspur,8,Alex Scott,Bournemouth,True,DM,90
ENG-Premier League,2526,2026-01-07 Bournemouth-Tottenham Hotspur,9,Evanilson,Bournemouth,True,FW,63
ENG-Premier League,2526,2026-01-07 Bournemouth-Tottenham Hotspur,16,Marcus Tavernier,Bournemouth,True,AM,86
ENG-Premier League,2526,2026-01-07 Bournemouth-Tottenham Hotspur,20,Álex Jiménez,Bournemouth,True,RB,86
ENG-Premier League,2526,2026-01-07 Bournemouth-Tottenham Hotspur,22,Eli Junior Kroupi,Bournemouth,True,AM,63
ENG-Premier League,2526,2026-01-07 Bournemouth-Tottenham Hotspur,23,James Hill,Bournemouth,True,CB,90
ENG-Premier League,2526,2026-01-07 Bournemouth-Tottenham Hotspur,24,Antoine Semenyo,Bournemouth,True,AM,89
ENG-Premier League,2526,2026-01-07 Bournemouth-Tottenham Hotspur,17,Fraser Forster,Bournemouth,False,,0
ENG-Premier League,2526,2026-01-07 Bournemouth-Tottenham Hotspur,6,Julio Soler,Bournemouth,False,,0
ENG-Premier League,2526,2026-01-07 Bournemouth-Tottenham Hotspur,7,David Brooks,Bournemouth,False,"FW,MF",27
ENG-Premier League,2526,2026-01-07 Bournemouth-Tottenham Hotspur,15,Adam Smith,Bournemouth,False,,0
ENG-Premier League,2526,2026-01-07 Bournemouth-Tottenham Hotspur,18,Bafodé Diakité,Bournemouth,False,DF,4
ENG-Premier League,2526,2026-01-07 Bournemouth-Tottenham Hotspur,21,Amine Adli,Bournemouth,False,"FW,MF",4
ENG-Premier League,2526,2026-01-07 Bournemouth-Tottenham Hotspur,26,Enes Ünal,Bournemouth,False,FW,27
ENG-Premier League,2526,2026-01-07 Bournemouth-Tottenham Hotspur,44,Veljko Milosavljević,Bournemouth,False,MF,1
ENG-Premier League,2526,2026-01-07 Bournemouth-Tottenham Hotspur,50,Remy Rees-Dottin,Bournemouth,False,,0
ENG-Premier League,2526,2026-01-07 Bournemouth-Tottenham Hotspur,1,Guglielmo Vicario,Tottenham Hotspur,True,GK,90
ENG-Premier League,2526,2026-01-07 Bournemouth-Tottenham Hotspur,6,João Palhinha,Tottenham Hotspur,True,DM,90
ENG-Premier League,2526,2026-01-07 Bournemouth-Tottenham Hotspur,7,Xavi Simons,Tottenham Hotspur,True,AM,90
ENG-Premier League,2526,2026-01-07 Bournemouth-Tottenham Hotspur,11,Mathys Tel,Tottenham Hotspur,True,AM,90
ENG-Premier League,2526,2026-01-07 Bournemouth-Tottenham Hotspur,15,Lucas Bergvall,Tottenham Hotspur,True,AM,56
ENG-Premier League,2526,2026-01-07 Bournemouth-Tottenham Hotspur,17,Cristian Romero,Tottenham Hotspur,True,CB,90
ENG-Premier League,2526,2026-01-07 Bournemouth-Tottenham Hotspur,23,Pedro Porro,Tottenham Hotspur,True,RB,90
ENG-Premier League,2526,2026-01-07 Bournemouth-Tottenham Hotspur,24,Djed Spence,Tottenham Hotspur,True,LB,90
ENG-Premier League,2526,2026-01-07 Bournemouth-Tottenham Hotspur,30,Rodrigo Bentancur,Tottenham Hotspur,True,DM,85
ENG-Premier League,2526,2026-01-07 Bournemouth-Tottenham Hotspur,37,Micky van de Ven,Tottenham Hotspur,True,CB,90
ENG-Premier League,2526,2026-01-07 Bournemouth-Tottenham Hotspur,39,Randal Kolo Muani,Tottenham Hotspur,True,FW,66
ENG-Premier League,2526,2026-01-07 Bournemouth-Tottenham Hotspur,31,Antonín Kinský,Tottenham Hotspur,False,,0
ENG-Premier League,2526,2026-01-07 Bournemouth-Tottenham Hotspur,3,Radu Drăgușin,Tottenham Hotspur,False,,0
ENG-Premier League,2526,2026-01-07 Bournemouth-Tottenham Hotspur,4,Kevin Danso,Tottenham Hotspur,False,,0
ENG-Premier League,2526,2026-01-07 Bournemouth-Tottenham Hotspur,9,Richarlison,Tottenham Hotspur,False,"FW,MF",24
ENG-Premier League,2526,2026-01-07 Bournemouth-Tottenham Hotspur,14,Archie Gray,Tottenham Hotspur,False,"DF,MF",5
ENG-Premier League,2526,2026-01-07 Bournemouth-Tottenham Hotspur,28,Wilson Odobert,Tottenham Hotspur,False,"FW,MF",34
ENG-Premier League,2526,2026-01-07 Bournemouth-Tottenham Hotspur,33,Ben Davies,Tottenham Hotspur,False,,0
ENG-Premier League,2526,2026-01-07 Bournemouth-Tottenham Hotspur,44,Dane Scarlett,Tottenham Hotspur,False,,0
ENG-Premier League,2526,2026-01-07 Bournemouth-Tottenham Hotspur,68,Luca Williams Barnett,Tottenham Hotspur,False,,0
ENG-Premier League,2526,2025-10-25 Brentford-Liverpool,1,Caoimhín Kelleher,Brentford,True,GK,90
ENG-Premier League,2526,2025-10-25 Brentford-Liverpool,4,Sepp van den Berg,Brentford,True,CB,90
ENG-Premier League,2526,2025-10-25 Brentford-Liverpool,6,Jordan Henderson,Brentford,True,DM,90
ENG-Premier League,2526,2025-10-25 Brentford-Liverpool,7,Kevin Schade,Brentford,True,AM,78
ENG-Premier League,2526,2025-10-25 Brentford-Liverpool,9,Igor Thiago,Brentford,True,FW,90
ENG-Premier League,2526,2025-10-25 Brentford-Liverpool,18,Yehor Yarmoliuk,Brentford,True,DM,28
ENG-Premier League,2526,2025-10-25 Brentford-Liverpool,19,Dango Ouattara,Brentford,True,AM,89
ENG-Premier League,2526,2025-10-25 Brentford-Liverpool,20,Kristoffer Ajer,Brentford,True,LB,89
ENG-Premier League,2526,2025-10-25 Brentford-Liverpool,22,Nathan Collins,Brentford,True,CB,90
ENG-Premier League,2526,2025-10-25 Brentford-Liverpool,24,Mikkel Damsgaard,Brentford,True,AM,78
ENG-Premier League,2526,2025-10-25 Brentford-Liverpool,33,Michael Kayode,Brentford,True,RB,90
ENG-Premier League,2526,2025-10-25 Brentford-Liverpool,12,Hákon Valdimarsson,Brentford,False,,0
ENG-Premier League,2526,2025-10-25 Brentford-Liverpool,3,Rico Henry,Brentford,False,"DF,MF",1
ENG-Premier League,2526,2025-10-25 Brentford-Liverpool,5,Ethan Pinnock,Brentford,False,,0
ENG-Premier League,2526,2025-10-25 Brentford-Liverpool,8,Mathias Jensen,Brentford,False,MF,12
ENG-Premier League,2526,2025-10-25 Brentford-Liverpool,11,Reiss Nelson,Brentford,False,,0
ENG-Premier League,2526,2025-10-25 Brentford-Liverpool,14,Fabio Carvalho,Brentford,False,,0
ENG-Premier League,2526,2025-10-25 Brentford-Liverpool,15,Frank Onyeka,Brentford,False,MF,1
ENG-Premier League,2526,2025-10-25 Brentford-Liverpool,23,Keane Lewis-Potter,Brentford,False,"DF,FW",12
ENG-Premier League,2526,2025-10-25 Brentford-Liverpool,27,Vitaly Janelt,Brentford,False,MF,62
ENG-Premier League,2526,2025-10-25 Brentford-Liverpool,25,Giorgi Mamardashvili,Liverpool,True,GK,90
ENG-Premier League,2526,2025-10-25 Brentford-Liverpool,4,Virgil van Dijk,Liverpool,True,CB,90
ENG-Premier League,2526,2025-10-25 Brentford-Liverpool,5,Ibrahima Konaté,Liverpool,True,CB,90
ENG-Premier League,2526,2025-10-25 Brentford-Liverpool,6,Milos Kerkez,Liverpool,True,LB,60
ENG-Premier League,2526,2025-10-25 Brentford-Liverpool,7,Florian Wirtz,Liverpool,True,AM,82
ENG-Premier League,2526,2025-10-25 Brentford-Liverpool,8,Dominik Szoboszlai,Liverpool,True,DM,90
ENG-Premier League,2526,2025-10-25 Brentford-Liverpool,11,Mohamed Salah,Liverpool,True,AM,90
ENG-Premier League,2526,2025-10-25 Brentford-Liverpool,12,Conor Bradley,Liverpool,True,RB,61
ENG-Premier League,2526,2025-10-25 Brentford-Liverpool,17,Curtis Jones,Liverpool,True,DM,69
ENG-Premier League,2526,2025-10-25 Brentford-Liverpool,18,Cody Gakpo,Liverpool,True,AM,60
ENG-Premier League,2526,2025-10-25 Brentford-Liverpool,22,Hugo Ekitike,Liverpool,True,FW,90
ENG-Premier League,2526,2025-10-25 Brentford-Liverpool,28,Freddie Woodman,Liverpool,False,,0
ENG-Premier League,2526,2025-10-25 Brentford-Liverpool,2,Joe Gomez,Liverpool,False,DF,8
ENG-Premier League,2526,2025-10-25 Brentford-Liverpool,3,Wataru Endo,Liverpool,False,,0
ENG-Premier League,2526,2025-10-25 Brentford-Liverpool,10,Alexis Mac Allister,Liverpool,False,MF,29
ENG-Premier League,2526,2025-10-25 Brentford-Liverpool,14,Federico Chiesa,Liverpool,False,"FW,MF",30
ENG-Premier League,2526,2025-10-25 Brentford-Liverpool,26,Andrew Robertson,Liverpool,False,"DF,MF",30
ENG-Premier League,2526,2025-10-25 Brentford-Liverpool,42,Trey Nyoni,Liverpool,False,,0
ENG-Premier League,2526,2025-10-25 Brentford-Liverpool,68,Kieran Morrison,Liverpool,False,,0
ENG-Premier League,2526,2025-10-25 Brentford-Liverpool,73,Rio Ngumoha,Liverpool,False,FW,21
ENG-Premier League,2526,2026-02-21 Chelsea-Burnley,1,Robert Sánchez,Chelsea,True,GK,90
ENG-Premier League,2526,2026-02-21 Chelsea-Burnley,7,Pedro Neto,Chelsea,True,AM,87
ENG-Premier League,2526,2026-02-21 Chelsea-Burnley,8,Enzo Fernández,Chelsea,True,AM,90
ENG-Premier League,2526,2026-02-21 Chelsea-Burnley,10,Cole Palmer,Chelsea,True,AM,74
ENG-Premier League,2526,2026-02-21 Chelsea-Burnley,17,Andrey Santos,Chelsea,True,DM,90
ENG-Premier League,2526,2026-02-21 Chelsea-Burnley,20,João Pedro,Chelsea,True,FW,79
ENG-Premier League,2526,2026-02-21 Chelsea-Burnley,23,Trevoh Chalobah,Chelsea,True,CB,90
ENG-Premier League,2526,2026-02-21 Chelsea-Burnley,24,Reece James,Chelsea,True,RB,87
ENG-Premier League,2526,2026-02-21 Chelsea-Burnley,25,Moisés Caicedo,Chelsea,True,DM,90
ENG-Premier League,2526,2026-02-21 Chelsea-Burnley,27,Malo Gusto,Chelsea,True,LB,79
ENG-Premier League,2526,2026-02-21 Chelsea-Burnley,29,Wesley Fofana,Chelsea,True,CB,71
ENG-Premier League,2526,2026-02-21 Chelsea-Burnley,44,Gaga Slonina,Chelsea,False,,0
ENG-Premier League,2526,2026-02-21 Chelsea-Burnley,4,Tosin Adarabioyo,Chelsea,False,DF,16
ENG-Premier League,2526,2026-02-21 Chelsea-Burnley,9,Liam Delap,Chelsea,False,FW,11
ENG-Premier League,2526,2026-02-21 Chelsea-Burnley,19,Mamadou Sarr,Chelsea,False,DF,3
ENG-Premier League,2526,2026-02-21 Chelsea-Burnley,21,Jorrel Hato,Chelsea,False,DF,11
ENG-Premier League,2526,2026-02-21 Chelsea-Burnley,34,Joshua Acheampong,Chelsea,False,DF,3
ENG-Premier League,2526,2026-02-21 Chelsea-Burnley,38,Marc Guiu,Chelsea,False,,0
ENG-Premier League,2526,2026-02-21 Chelsea-Burnley,45,Roméo Lavia,Chelsea,False,,0
ENG-Premier League,2526,2026-02-21 Chelsea-Burnley,49,Alejandro Garnacho,Chelsea,False,,0
ENG-Premier League,2526,2026-02-21 Chelsea-Burnley,1,Martin Dúbravka,Burnley,True,GK,90
ENG-Premier League,2526,2026-02-21 Chelsea-Burnley,2,Kyle Walker,Burnley,True,DM,45
ENG-Premier League,2526,2026-02-21 Chelsea-Burnley,4,Joe Worrall,Burnley,True,CB,90
ENG-Premier League,2526,2026-02-21 Chelsea-Burnley,5,Maxime Estève,Burnley,True,CB,90
ENG-Premier League,2526,2026-02-21 Chelsea-Burnley,8,Lesley Ugochukwu,Burnley,True,DM,56
ENG-Premier League,2526,2026-02-21 Chelsea-Burnley,10,Marcus Edwards,Burnley,True,AM,90
ENG-Premier League,2526,2026-02-21 Chelsea-Burnley,11,Jaidon Anthony,Burnley,True,AM,83
ENG-Premier League,2526,2026-02-21 Chelsea-Burnley,12,Bashir Humphreys,Burnley,True,DM,83
ENG-Premier League,2526,2026-02-21 Chelsea-Burnley,19,Zian Flemming,Burnley,True,FW,90
ENG-Premier League,2526,2026-02-21 Chelsea-Burnley,28,Hannibal Mejbri,Burnley,True,DM,90
ENG-Premier League,2526,2026-02-21 Chelsea-Burnley,29,Josh Laurent,Burnley,True,CB,77
ENG-Premier League,2526,2026-02-21 Chelsea-Burnley,13,Max Weiß,Burnley,False,,0
ENG-Premier League,2526,2026-02-21 Chelsea-Burnley,3,Quilindschy Hartman,Burnley,False,,0
ENG-Premier League,2526,2026-02-21 Chelsea-Burnley,7,Jacob Bruun Larsen,Burnley,False,"FW,MF",13
ENG-Premier League,2526,2026-02-21 Chelsea-Burnley,16,Florentino Luís,Burnley,False,,0
ENG-Premier League,2526,2026-02-21 Chelsea-Burnley,17,Loum Tchaouna,Burnley,False,"FW,MF",7
ENG-Premier League,2526,2026-02-21 Chelsea-Burnley,18,Hjalmar Ekdal,Burnley,False,,0
ENG-Premier League,2526,2026-02-21 Chelsea-Burnley,20,James Ward-Prowse,Burnley,False,MF,34
ENG-Premier League,2526,2026-02-21 Chelsea-Burnley,23,Lucas,Burnley,False,DF,45
ENG-Premier League,2526,2026-02-21 Chelsea-Burnley,35,Ashley Barnes,Burnley,False,"FW,MF",7
ENG-Premier League,2526,2025-10-26 Wolves-Burnley,31,Sam Johnstone,Wolverhampton Wanderers,True,GK,90
ENG-Premier League,2526,2025-10-26 Wolves-Burnley,3,Hugo Bueno,Wolverhampton Wanderers,True,LB,84
ENG-Premier League,2526,2025-10-26 Wolves-Burnley,4,Santiago Bueno,Wolverhampton Wanderers,True,CB,90
ENG-Premier League,2526,2025-10-26 Wolves-Burnley,5,Marshall Munetsi,Wolverhampton Wanderers,True,CM,84
ENG-Premier League,2526,2025-10-26 Wolves-Burnley,7,André,Wolverhampton Wanderers,True,CM,67
ENG-Premier League,2526,2025-10-26 Wolves-Burnley,9,Jørgen Strand Larsen,Wolverhampton Wanderers,True,FW,90
ENG-Premier League,2526,2025-10-26 Wolves-Burnley,10,Jhon Arias,Wolverhampton Wanderers,True,FW,67
ENG-Premier League,2526,2025-10-26 Wolves-Burnley,21,Rodrigo Gomes,Wolverhampton Wanderers,True,FW,90
ENG-Premier League,2526,2025-10-26 Wolves-Burnley,26,Ki-Jana Hoever,Wolverhampton Wanderers,True,RB,75
ENG-Premier League,2526,2025-10-26 Wolves-Burnley,27,Jean-Ricner Bellegarde,Wolverhampton Wanderers,True,CM,90
ENG-Premier League,2526,2025-10-26 Wolves-Burnley,37,Ladislav Krejčí,Wolverhampton Wanderers,True,CB,90
ENG-Premier League,2526,2025-10-26 Wolves-Burnley,1,José Sá,Wolverhampton Wanderers,False,,0
ENG-Premier League,2526,2025-10-26 Wolves-Burnley,6,David Møller Wolfe,Wolverhampton Wanderers,False,DF,6
ENG-Premier League,2526,2025-10-26 Wolves-Burnley,8,João Gomes,Wolverhampton Wanderers,False,MF,23
ENG-Premier League,2526,2025-10-26 Wolves-Burnley,11,Hwang Hee-chan,Wolverhampton Wanderers,False,"FW,MF",23
ENG-Premier League,2526,2025-10-26 Wolves-Burnley,12,Emmanuel Agbadou,Wolverhampton Wanderers,False,,0
ENG-Premier League,2526,2025-10-26 Wolves-Burnley,14,Tolu Arokodare,Wolverhampton Wanderers,False,FW,6
ENG-Premier League,2526,2025-10-26 Wolves-Burnley,24,Toti Gomes,Wolverhampton Wanderers,False,,0
ENG-Premier League,2526,2025-10-26 Wolves-Burnley,28,Fer López,Wolverhampton Wanderers,False,,0
ENG-Premier League,2526,2025-10-26 Wolves-Burnley,38,Jackson Tchatchoua,Wolverhampton Wanderers,False,"DF,MF",15
ENG-Premier League,2526,2025-10-26 Wolves-Burnley,1,Martin Dúbravka,Burnley,True,GK,90
ENG-Premier League,2526,2025-10-26 Wolves-Burnley,2,Kyle Walker,Burnley,True,RB,90
ENG-Premier League,2526,2025-10-26 Wolves-Burnley,3,Quilindschy Hartman,Burnley,True,LB,90
ENG-Premier League,2526,2025-10-26 Wolves-Burnley,5,Maxime Estève,Burnley,True,CB,90
ENG-Premier League,2526,2025-10-26 Wolves-Burnley,6,Axel Tuanzebe,Burnley,True,CB,90
ENG-Premier League,2526,2025-10-26 Wolves-Burnley,7,Jacob Bruun Larsen,Burnley,True,AM,68
ENG-Premier League,2526,2025-10-26 Wolves-Burnley,8,Lesley Ugochukwu,Burnley,True,AM,89
ENG-Premier League,2526,2025-10-26 Wolves-Burnley,11,Jaidon Anthony,Burnley,True,AM,76
ENG-Premier League,2526,2025-10-26 Wolves-Burnley,16,Florentino Luís,Burnley,True,DM,89
ENG-Premier League,2526,2025-10-26 Wolves-Burnley,19,Zian Flemming,Burnley,True,FW,90
ENG-Premier League,2526,2025-10-26 Wolves-Burnley,24,Josh Cullen,Burnley,True,DM,90
ENG-Premier League,2526,2025-10-26 Wolves-Burnley,13,Max Weiß,Burnley,False,,0
ENG-Premier League,2526,2025-10-26 Wolves-Burnley,9,Lyle Foster,Burnley,False,"FW,MF",14
ENG-Premier League,2526,2025-10-26 Wolves-Burnley,10,Marcus Edwards,Burnley,False,,0
ENG-Premier League,2526,2025-10-26 Wolves-Burnley,17,Loum Tchaouna,Burnley,False,,0
ENG-Premier League,2526,2025-10-26 Wolves-Burnley,18,Hjalmar Ekdal,Burnley,False,DF,1
ENG-Premier League,2526,2025-10-26 Wolves-Burnley,23,Lucas,Burnley,False,,0
ENG-Premier League,2526,2025-10-26 Wolves-Burnley,27,Armando Broja,Burnley,False,,0
ENG-Premier League,2526,2025-10-26 Wolves-Burnley,28,Hannibal Mejbri,Burnley,False,MF,1
ENG-Premier League,2526,2025-10-26 Wolves-Burnley,29,Josh Laurent,Burnley,False,"DF,FW",22
ENG-Premier League,2526,2026-02-01 Aston Villa-Brentford,23,Emiliano Martínez,Aston Villa,True,GK,90
ENG-Premier League,2526,2026-02-01 Aston Villa-Brentford,2,Matty Cash,Aston Villa,True,RB,90
ENG-Premier League,2526,2026-02-01 Aston Villa-Brentford,4,Ezri Konsa,Aston Villa,True,CB,90
ENG-Premier League,2526,2026-02-01 Aston Villa-Brentford,10,Emi Buendía,Aston Villa,True,AM,90
ENG-Premier League,2526,2026-02-01 Aston Villa-Brentford,14,Pau Torres,Aston Villa,True,CB,90
ENG-Premier League,2526,2026-02-01 Aston Villa-Brentford,18,Tammy Abraham,Aston Villa,True,FW,90
ENG-Premier League,2526,2026-02-01 Aston Villa-Brentford,19,Jadon Sancho,Aston Villa,True,AM,76
ENG-Premier League,2526,2026-02-01 Aston Villa-Brentford,21,Douglas Luiz,Aston Villa,True,DM,90
ENG-Premier League,2526,2026-02-01 Aston Villa-Brentford,22,Ian Maatsen,Aston Villa,True,LB,90
ENG-Premier League,2526,2026-02-01 Aston Villa-Brentford,26,Lamare Bogarde,Aston Villa,True,DM,45
ENG-Premier League,2526,2026-02-01 Aston Villa-Brentford,27,Morgan Rogers,Aston Villa,True,AM,90
ENG-Premier League,2526,2026-02-01 Aston Villa-Brentford,40,Marco Bizot,Aston Villa,False,,0
ENG-Premier League,2526,2026-02-01 Aston Villa-Brentford,3,Victor Lindelöf,Aston Villa,False,,0
ENG-Premier League,2526,2026-02-01 Aston Villa-Brentford,5,Tyrone Mings,Aston Villa,False,,0
ENG-Premier League,2526,2026-02-01 Aston Villa-Brentford,6,Ross Barkley,Aston Villa,False,,0
ENG-Premier League,2526,2026-02-01 Aston Villa-Brentford,9,Harvey Elliott,Aston Villa,False,"FW,MF",14
ENG-Premier League,2526,2026-02-01 Aston Villa-Brentford,12,Lucas Digne,Aston Villa,False,,0
ENG-Premier League,2526,2026-02-01 Aston Villa-Brentford,24,Amadou Onana,Aston Villa,False,,0
ENG-Premier League,2526,2026-02-01 Aston Villa-Brentford,31,Leon Bailey,Aston Villa,False,"FW,MF",45
ENG-Premier League,2526,2026-02-01 Aston Villa-Brentford,53,George Hemmings,Aston Villa,False,,0
ENG-Premier League,2526,2026-02-01 Aston Villa-Brentford,1,Caoimhín Kelleher,Brentford,True,GK,90
ENG-Premier League,2526,2026-02-01 Aston Villa-Brentford,3,Rico Henry,Brentford,True,LB,83
ENG-Premier League,2526,2026-02-01 Aston Villa-Brentford,4,Sepp van den Berg,Brentford,True,CB,90
ENG-Premier League,2526,2026-02-01 Aston Villa-Brentford,6,Jordan Henderson,Brentford,True,DM,58
ENG-Premier League,2526,2026-02-01 Aston Villa-Brentford,7,Kevin Schade,Brentford,True,AM,41
ENG-Premier League,2526,2026-02-01 Aston Villa-Brentford,8,Mathias Jensen,Brentford,True,AM,75
ENG-Premier League,2526,2026-02-01 Aston Villa-Brentford,9,Igor Thiago,Brentford,True,FW,90
ENG-Premier League,2526,2026-02-01 Aston Villa-Brentford,19,Dango Ouattara,Brentford,True,AM,59
ENG-Premier League,2526,2026-02-01 Aston Villa-Brentford,20,Kristoffer Ajer,Brentford,True,CB,90
ENG-Premier League,2526,2026-02-01 Aston Villa-Brentford,27,Vitaly Janelt,Brentford,True,DM,90
ENG-Premier League,2526,2026-02-01 Aston Villa-Brentford,33,Michael Kayode,Brentford,True,RB,90
ENG-Premier League,2526,2026-02-01 Aston Villa-Brentford,12,Hákon Valdimarsson,Brentford,False,,0
ENG-Premier League,2526,2026-02-01 Aston Villa-Brentford,2,Aaron Hickey,Brentford,False,"DF,MF",7
ENG-Premier League,2526,2026-02-01 Aston Villa-Brentford,5,Ethan Pinnock,Brentford,False,,0
ENG-Premier League,2526,2026-02-01 Aston Villa-Brentford,18,Yehor Yarmoliuk,Brentford,False,MF,31
ENG-Premier League,2526,2026-02-01 Aston Villa-Brentford,22,Nathan Collins,Brentford,False,DF,32
ENG-Premier League,2526,2026-02-01 Aston Villa-Brentford,23,Keane Lewis-Potter,Brentford,False,"DF,FW",15
ENG-Premier League,2526,2026-02-01 Aston Villa-Brentford,24,Mikkel Damsgaard,Brentford,False,,0
ENG-Premier League,2526,2026-02-01 Aston Villa-Brentford,45,Romelle Donovan,Brentford,False,,0
ENG-Premier League,2526,2026-02-01 Aston Villa-Brentford,48,Luka Bentt,Brentford,False,,0
ENG-Premier League,2526,2025-09-20 Fulham-Brentford,1,Bernd Leno,Fulham,True,GK,90
ENG-Premier League,2526,2025-09-20 Fulham-Brentford,2,Kenny Tete,Fulham,True,RB,90
ENG-Premier League,2526,2025-09-20 Fulham-Brentford,3,Calvin Bassey,Fulham,True,CB,90
ENG-Premier League,2526,2025-09-20 Fulham-Brentford,5,Joachim Andersen,Fulham,True,CB,90
ENG-Premier League,2526,2025-09-20 Fulham-Brentford,8,Harry Wilson,Fulham,True,AM,85
ENG-Premier League,2526,2025-09-20 Fulham-Brentford,9,Rodrigo Muniz,Fulham,True,FW,79
ENG-Premier League,2526,2025-09-20 Fulham-Brentford,16,Sander Berge,Fulham,True,DM,90
ENG-Premier League,2526,2025-09-20 Fulham-Brentford,17,Alex Iwobi,Fulham,True,AM,79
ENG-Premier League,2526,2025-09-20 Fulham-Brentford,20,Saša Lukić,Fulham,True,DM,85
ENG-Premier League,2526,2025-09-20 Fulham-Brentford,24,Joshua King,Fulham,True,AM,66
ENG-Premier League,2526,2025-09-20 Fulham-Brentford,30,Ryan Sessegnon,Fulham,True,LB,90
ENG-Premier League,2526,2025-09-20 Fulham-Brentford,23,Benjamin Lecomte,Fulham,False,,0
ENG-Premier League,2526,2025-09-20 Fulham-Brentford,7,Raúl Jiménez,Fulham,False,FW,11
ENG-Premier League,2526,2025-09-20 Fulham-Brentford,10,Tom Cairney,Fulham,False,MF,5
ENG-Premier League,2526,2025-09-20 Fulham-Brentford,11,Adama Traoré,Fulham,False,,0
ENG-Premier League,2526,2025-09-20 Fulham-Brentford,15,Jorge Cuenca,Fulham,False,DF,5
ENG-Premier League,2526,2025-09-20 Fulham-Brentford,19,Samuel Chukwueze,Fulham,False,,0
ENG-Premier League,2526,2025-09-20 Fulham-Brentford,21,Timothy Castagne,Fulham,False,,0
ENG-Premier League,2526,2025-09-20 Fulham-Brentford,22,Kevin,Fulham,False,MF,24
ENG-Premier League,2526,2025-09-20 Fulham-Brentford,32,Emile Smith Rowe,Fulham,False,MF,11
ENG-Premier League,2526,2025-09-20 Fulham-Brentford,1,Caoimhín Kelleher,Brentford,True,GK,90
ENG-Premier League,2526,2025-09-20 Fulham-Brentford,4,Sepp van den Berg,Brentford,True,CB,90
ENG-Premier League,2526,2025-09-20 Fulham-Brentford,5,Ethan Pinnock,Brentford,True,CB,73
ENG-Premier League,2526,2025-09-20 Fulham-Brentford,6,Jordan Henderson,Brentford,True,CM,73
ENG-Premier League,2526,2025-09-20 Fulham-Brentford,7,Kevin Schade,Brentford,True,FW,90
ENG-Premier League,2526,2025-09-20 Fulham-Brentford,9,Igor Thiago,Brentford,True,FW,64
ENG-Premier League,2526,2025-09-20 Fulham-Brentford,18,Yehor Yarmoliuk,Brentford,True,CM,90
ENG-Premier League,2526,2025-09-20 Fulham-Brentford,22,Nathan Collins,Brentford,True,CB,90
ENG-Premier League,2526,2025-09-20 Fulham-Brentford,23,Keane Lewis-Potter,Brentford,True,LB,65
ENG-Premier League,2526,2025-09-20 Fulham-Brentford,24,Mikkel Damsgaard,Brentford,True,CM,86
ENG-Premier League,2526,2025-09-20 Fulham-Brentford,33,Michael Kayode,Brentford,True,RB,90
ENG-Premier League,2526,2025-09-20 Fulham-Brentford,12,Hákon Valdimarsson,Brentford,False,,0
ENG-Premier League,2526,2025-09-20 Fulham-Brentford,2,Aaron Hickey,Brentford,False,,0
ENG-Premier League,2526,2025-09-20 Fulham-Brentford,3,Rico Henry,Brentford,False,"DF,MF",25
ENG-Premier League,2526,2025-09-20 Fulham-Brentford,8,Mathias Jensen,Brentford,False,,0
ENG-Premier League,2526,2025-09-20 Fulham-Brentford,14,Fabio Carvalho,Brentford,False,"FW,MF",4
ENG-Premier League,2526,2025-09-20 Fulham-Brentford,15,Frank Onyeka,Brentford,False,,0
ENG-Premier League,2526,2025-09-20 Fulham-Brentford,19,Dango Ouattara,Brentford,False,"FW,MF",26
ENG-Premier League,2526,2025-09-20 Fulham-Brentford,20,Kristoffer Ajer,Brentford,False,"DF,MF",17
ENG-Premier League,2526,2025-09-20 Fulham-Brentford,27,Vitaly Janelt,Brentford,False,MF,17
ENG-Premier League,2526,2025-08-31 Nottingham Forest-West Ham United,26,Matz Sels,Nottingham Forest,True,GK,90
ENG-Premier League,2526,2025-08-31 Nottingham Forest-West Ham United,3,Neco Williams,Nottingham Forest,True,LB,90
ENG-Premier League,2526,2025-08-31 Nottingham Forest-West Ham United,5,Murillo,Nottingham Forest,True,CB,90
ENG-Premier League,2526,2025-08-31 Nottingham Forest-West Ham United,6,Ibrahim Sangaré,Nottingham Forest,True,DM,88
ENG-Premier League,2526,2025-08-31 Nottingham Forest-West Ham United,7,Callum Hudson-Odoi,Nottingham Forest,True,AM,88
ENG-Premier League,2526,2025-08-31 Nottingham Forest-West Ham United,8,Elliot Anderson,Nottingham Forest,True,DM,90
ENG-Premier League,2526,2025-08-31 Nottingham Forest-West Ham United,10,Morgan Gibbs-White,Nottingham Forest,True,AM,90
ENG-Premier League,2526,2025-08-31 Nottingham Forest-West Ham United,11,Chris Wood,Nottingham Forest,True,FW,72
ENG-Premier League,2526,2025-08-31 Nottingham Forest-West Ham United,14,Dan Ndoye,Nottingham Forest,True,AM,57
ENG-Premier League,2526,2025-08-31 Nottingham Forest-West Ham United,31,Nikola Milenković,Nottingham Forest,True,CB,90
ENG-Premier League,2526,2025-08-31 Nottingham Forest-West Ham United,34,Ola Aina,Nottingham Forest,True,RB,90
ENG-Premier League,2526,2025-08-31 Nottingham Forest-West Ham United,18,Angus Gunn,Nottingham Forest,False,,0
ENG-Premier League,2526,2025-08-31 Nottingham Forest-West Ham United,4,Morato,Nottingham Forest,False,,0
ENG-Premier League,2526,2025-08-31 Nottingham Forest-West Ham United,12,Douglas Luiz,Nottingham Forest,False,,0
ENG-Premier League,2526,2025-08-31 Nottingham Forest-West Ham United,15,Arnaud Kalimuendo,Nottingham Forest,False,FW,2
ENG-Premier League,2526,2025-08-31 Nottingham Forest-West Ham United,19,Igor Jesus,Nottingham Forest,False,FW,18
ENG-Premier League,2526,2025-08-31 Nottingham Forest-West Ham United,21,Omari Hutchinson,Nottingham Forest,False,MF,2
ENG-Premier League,2526,2025-08-31 Nottingham Forest-West Ham United,22,Ryan Yates,Nottingham Forest,False,,0
ENG-Premier League,2526,2025-08-31 Nottingham Forest-West Ham United,24,James Mcatee,Nottingham Forest,False,MF,33
ENG-Premier League,2526,2025-08-31 Nottingham Forest-West Ham United,30,Willy Boly,Nottingham Forest,False,,0
ENG-Premier League,2526,2025-08-31 Nottingham Forest-West Ham United,1,Mads Hermansen,West Ham United,True,GK,90
ENG-Premier League,2526,2025-08-31 Nottingham Forest-West Ham United,2,Kyle Walker-Peters,West Ham United,True,RB,90
ENG-Premier League,2526,2025-08-31 Nottingham Forest-West Ham United,3,Max Kilman,West Ham United,True,CB,90
ENG-Premier League,2526,2025-08-31 Nottingham Forest-West Ham United,8,James Ward-Prowse,West Ham United,True,DM,74
ENG-Premier League,2526,2025-08-31 Nottingham Forest-West Ham United,10,Lucas Paquetá,West Ham United,True,AM,90
ENG-Premier League,2526,2025-08-31 Nottingham Forest-West Ham United,11,Niclas Füllkrug,West Ham United,True,FW,63
ENG-Premier League,2526,2025-08-31 Nottingham Forest-West Ham United,12,El Hadji Malick Diouf,West Ham United,True,LB,90
ENG-Premier League,2526,2025-08-31 Nottingham Forest-West Ham United,15,Konstantinos Mavropanos,West Ham United,True,CB,90
ENG-Premier League,2526,2025-08-31 Nottingham Forest-West Ham United,18,Mateus Fernandes,West Ham United,True,AM,81
ENG-Premier League,2526,2025-08-31 Nottingham Forest-West Ham United,20,Jarrod Bowen,West Ham United,True,AM,90
ENG-Premier League,2526,2025-08-31 Nottingham Forest-West Ham United,28,Tomáš Souček,West Ham United,True,DM,90
ENG-Premier League,2526,2025-08-31 Nottingham Forest-West Ham United,23,Alphonse Areola,West Ham United,False,,0
ENG-Premier League,2526,2025-08-31 Nottingham Forest-West Ham United,7,Crysencio Summerville,West Ham United,False,"FW,MF",9
ENG-Premier League,2526,2025-08-31 Nottingham Forest-West Ham United,9,Callum Wilson,West Ham United,False,FW,27
ENG-Premier League,2526,2025-08-31 Nottingham Forest-West Ham United,24,Guido Rodríguez,West Ham United,False,,0
ENG-Premier League,2526,2025-08-31 Nottingham Forest-West Ham United,25,Jean-Clair Todibo,West Ham United,False,,0
ENG-Premier League,2526,2025-08-31 Nottingham Forest-West Ham United,29,Aaron Wan-Bissaka,West Ham United,False,,0
ENG-Premier League,2526,2025-08-31 Nottingham Forest-West Ham United,30,Oliver Scarles,West Ham United,False,,0
ENG-Premier League,2526,2025-08-31 Nottingham Forest-West Ham United,32,Freddie Potts,West Ham United,False,,0
ENG-Premier League,2526,2025-08-31 Nottingham Forest-West Ham United,39,Andy Irving,West Ham United,False,MF,16
ENG-Premier League,2526,2026-01-08 Arsenal-Liverpool,1,David Raya,Arsenal,True,GK,90
ENG-Premier League,2526,2026-01-08 Arsenal-Liverpool,2,William Saliba,Arsenal,True,CB,90
ENG-Premier League,2526,2026-01-08 Arsenal-Liverpool,5,Piero Hincapié,Arsenal,True,LB,56
ENG-Premier League,2526,2026-01-08 Arsenal-Liverpool,6,Gabriel Magalhães,Arsenal,True,CB,90
ENG-Premier League,2526,2026-01-08 Arsenal-Liverpool,7,Bukayo Saka,Arsenal,True,FW,77
ENG-Premier League,2526,2026-01-08 Arsenal-Liverpool,8,Martin Ødegaard,Arsenal,True,CM,77
ENG-Premier League,2526,2026-01-08 Arsenal-Liverpool,12,Jurriën Timber,Arsenal,True,RB,90
ENG-Premier League,2526,2026-01-08 Arsenal-Liverpool,14,Viktor Gyökeres,Arsenal,True,FW,63
ENG-Premier League,2526,2026-01-08 Arsenal-Liverpool,19,Leandro Trossard,Arsenal,True,FW,63
ENG-Premier League,2526,2026-01-08 Arsenal-Liverpool,36,Martín Zubimendi,Arsenal,True,CM,90
ENG-Premier League,2526,2026-01-08 Arsenal-Liverpool,41,Declan Rice,Arsenal,True,CM,90
ENG-Premier League,2526,2026-01-08 Arsenal-Liverpool,13,Kepa Arrizabalaga,Arsenal,False,,0
ENG-Premier League,2526,2026-01-08 Arsenal-Liverpool,4,Ben White,Arsenal,False,,0
ENG-Premier League,2526,2026-01-08 Arsenal-Liverpool,9,Gabriel Jesus,Arsenal,False,"FW,MF",27
ENG-Premier League,2526,2026-01-08 Arsenal-Liverpool,10,Eberechi Eze,Arsenal,False,"FW,MF",13
ENG-Premier League,2526,2026-01-08 Arsenal-Liverpool,11,Gabriel Martinelli,Arsenal,False,"FW,MF",27
ENG-Premier League,2526,2026-01-08 Arsenal-Liverpool,16,Christian Nørgaard,Arsenal,False,,0
ENG-Premier League,2526,2026-01-08 Arsenal-Liverpool,20,Noni Madueke,Arsenal,False,"FW,MF",13
ENG-Premier League,2526,2026-01-08 Arsenal-Liverpool,23,Mikel Merino,Arsenal,False,,0
ENG-Premier League,2526,2026-01-08 Arsenal-Liverpool,49,Myles Lewis-Skelly,Arsenal,False,DF,34
ENG-Premier League,2526,2026-01-08 Arsenal-Liverpool,1,Alisson,Liverpool,True,GK,90
ENG-Premier League,2526,2026-01-08 Arsenal-Liverpool,4,Virgil van Dijk,Liverpool,True,CB,90
ENG-Premier League,2526,2026-01-08 Arsenal-Liverpool,5,Ibrahima Konaté,Liverpool,True,CB,90
ENG-Premier League,2526,2026-01-08 Arsenal-Liverpool,6,Milos Kerkez,Liverpool,True,LB,90
ENG-Premier League,2526,2026-01-08 Arsenal-Liverpool,7,Florian Wirtz,Liverpool,True,FW,90
ENG-Premier League,2526,2026-01-08 Arsenal-Liverpool,8,Dominik Szoboszlai,Liverpool,True,AM,90
ENG-Premier League,2526,2026-01-08 Arsenal-Liverpool,10,Alexis Mac Allister,Liverpool,True,DM,90
ENG-Premier League,2526,2026-01-08 Arsenal-Liverpool,12,Conor Bradley,Liverpool,True,RB,89
ENG-Premier League,2526,2026-01-08 Arsenal-Liverpool,18,Cody Gakpo,Liverpool,True,AM,90
ENG-Premier League,2526,2026-01-08 Arsenal-Liverpool,30,Jeremie Frimpong,Liverpool,True,AM,90
ENG-Premier League,2526,2026-01-08 Arsenal-Liverpool,38,Ryan Gravenberch,Liverpool,True,DM,90
ENG-Premier League,2526,2026-01-08 Arsenal-Liverpool,25,Giorgi Mamardashvili,Liverpool,False,,0
ENG-Premier League,2526,2026-01-08 Arsenal-Liverpool,28,Freddie Woodman,Liverpool,False,,0
ENG-Premier League,2526,2026-01-08 Arsenal-Liverpool,2,Joe Gomez,Liverpool,False,DF,1
ENG-Premier League,2526,2026-01-08 Arsenal-Liverpool,14,Federico Chiesa,Liverpool,False,,0
ENG-Premier League,2526,2026-01-08 Arsenal-Liverpool,17,Curtis Jones,Liverpool,False,,0
ENG-Premier League,2526,2026-01-08 Arsenal-Liverpool,26,Andrew Robertson,Liverpool,False,,0
ENG-Premier League,2526,2026-01-08 Arsenal-Liverpool,42,Trey Nyoni,Liverpool,False,,0
ENG-Premier League,2526,2026-01-08 Arsenal-Liverpool,47,Calvin Ramsay,Liverpool,False,,0
ENG-Premier League,2526,2026-01-08 Arsenal-Liverpool,73,Rio Ngumoha,Liverpool,False,,0
ENG-Premier League,2526,2025-08-25 Newcastle United-Liverpool,1,Nick Pope,Newcastle United,True,GK,90
ENG-Premier League,2526,2025-08-25 Newcastle United-Liverpool,2,Kieran Trippier,Newcastle United,True,RB,75
ENG-Premier League,2526,2025-08-25 Newcastle United-Liverpool,5,Fabian Schär,Newcastle United,True,CB,80
ENG-Premier League,2526,2025-08-25 Newcastle United-Liverpool,7,Joelinton,Newcastle United,True,CM,75
ENG-Premier League,2526,2025-08-25 Newcastle United-Liverpool,8,Sandro Tonali,Newcastle United,True,CM,65
ENG-Premier League,2526,2025-08-25 Newcastle United-Liverpool,10,Anthony Gordon,Newcastle United,True,FW,44
ENG-Premier League,2526,2025-08-25 Newcastle United-Liverpool,11,Harvey Barnes,Newcastle United,True,FW,75
ENG-Premier League,2526,2025-08-25 Newcastle United-Liverpool,20,Anthony Elanga,Newcastle United,True,FW,90
ENG-Premier League,2526,2025-08-25 Newcastle United-Liverpool,21,Valentino Livramento,Newcastle United,True,LB,90
ENG-Premier League,2526,2025-08-25 Newcastle United-Liverpool,33,Dan Burn,Newcastle United,True,CB,90
ENG-Premier League,2526,2025-08-25 Newcastle United-Liverpool,39,Bruno Guimarães,Newcastle United,True,CM,90
ENG-Premier League,2526,2025-08-25 Newcastle United-Liverpool,32,Aaron Ramsdale,Newcastle United,False,,0
ENG-Premier League,2526,2025-08-25 Newcastle United-Liverpool,3,Lewis Hall,Newcastle United,False,"DF,MF",15
ENG-Premier League,2526,2025-08-25 Newcastle United-Liverpool,4,Sven Botman,Newcastle United,False,,0
ENG-Premier League,2526,2025-08-25 Newcastle United-Liverpool,12,Malick Thiaw,Newcastle United,False,"DF,MF",10
ENG-Premier League,2526,2025-08-25 Newcastle United-Liverpool,18,William Osula,Newcastle United,False,FW,15
ENG-Premier League,2526,2025-08-25 Newcastle United-Liverpool,23,Jacob Murphy,Newcastle United,False,,0
ENG-Premier League,2526,2025-08-25 Newcastle United-Liverpool,28,Joe Willock,Newcastle United,False,,0
ENG-Premier League,2526,2025-08-25 Newcastle United-Liverpool,41,Jacob Ramsey,Newcastle United,False,MF,15
ENG-Premier League,2526,2025-08-25 Newcastle United-Liverpool,67,Lewis Miley,Newcastle United,False,MF,25
ENG-Premier League,2526,2025-08-25 Newcastle United-Liverpool,1,Alisson,Liverpool,True,GK,90
ENG-Premier League,2526,2025-08-25 Newcastle United-Liverpool,4,Virgil van Dijk,Liverpool,True,CB,90
ENG-Premier League,2526,2025-08-25 Newcastle United-Liverpool,5,Ibrahima Konaté,Liverpool,True,CB,90
ENG-Premier League,2526,2025-08-25 Newcastle United-Liverpool,6,Milos Kerkez,Liverpool,True,LB,90
ENG-Premier League,2526,2025-08-25 Newcastle United-Liverpool,7,Florian Wirtz,Liverpool,True,AM,79
ENG-Premier League,2526,2025-08-25 Newcastle United-Liverpool,8,Dominik Szoboszlai,Liverpool,True,RB,90
ENG-Premier League,2526,2025-08-25 Newcastle United-Liverpool,11,Mohamed Salah,Liverpool,True,AM,89
ENG-Premier League,2526,2025-08-25 Newcastle United-Liverpool,17,Curtis Jones,Liverpool,True,DM,89
ENG-Premier League,2526,2025-08-25 Newcastle United-Liverpool,18,Cody Gakpo,Liverpool,True,AM,89
ENG-Premier League,2526,2025-08-25 Newcastle United-Liverpool,22,Hugo Ekitike,Liverpool,True,FW,79
ENG-Premier League,2526,2025-08-25 Newcastle United-Liverpool,38,Ryan Gravenberch,Liverpool,True,DM,90
ENG-Premier League,2526,2025-08-25 Newcastle United-Liverpool,25,Giorgi Mamardashvili,Liverpool,False,,0
ENG-Premier League,2526,2025-08-25 Newcastle United-Liverpool,2,Joe Gomez,Liverpool,False,,0
ENG-Premier League,2526,2025-08-25 Newcastle United-Liverpool,3,Wataru Endo,Liverpool,False,"DF,MF",1
ENG-Premier League,2526,2025-08-25 Newcastle United-Liverpool,12,Conor Bradley,Liverpool,False,"DF,MF",11
ENG-Premier League,2526,2025-08-25 Newcastle United-Liverpool,14,Federico Chiesa,Liverpool,False,"FW,MF",11
ENG-Premier League,2526,2025-08-25 Newcastle United-Liverpool,15,Giovanni Leoni,Liverpool,False,,0
ENG-Premier League,2526,2025-08-25 Newcastle United-Liverpool,19,Harvey Elliott,Liverpool,False,"FW,MF",1
ENG-Premier League,2526,2025-08-25 Newcastle United-Liverpool,26,Andrew Robertson,Liverpool,False,,0
ENG-Premier League,2526,2025-08-25 Newcastle United-Liverpool,73,Rio Ngumoha,Liverpool,False,FW,1
ENG-Premier League,2526,2026-01-26 Everton-Leeds United,1,Jordan Pickford,Everton,True,GK,90
ENG-Premier League,2526,2026-01-26 Everton-Leeds United,2,Nathan Patterson,Everton,True,RB,70
ENG-Premier League,2526,2026-01-26 Everton-Leeds United,6,James Tarkowski,Everton,True,CB,90
ENG-Premier League,2526,2026-01-26 Everton-Leeds United,7,Dwight McNeil,Everton,True,AM,45
ENG-Premier League,2526,2026-01-26 Everton-Leeds United,10,Iliman Ndiaye,Everton,True,AM,90
ENG-Premier League,2526,2026-01-26 Everton-Leeds United,11,Thierno Barry,Everton,True,FW,88
ENG-Premier League,2526,2026-01-26 Everton-Leeds United,15,Jake O'Brien,Everton,True,CB,90
ENG-Premier League,2526,2026-01-26 Everton-Leeds United,16,Vitaliy Mykolenko,Everton,True,LB,90
ENG-Premier League,2526,2026-01-26 Everton-Leeds United,27,Idrissa Gana Gueye,Everton,True,DM,90
ENG-Premier League,2526,2026-01-26 Everton-Leeds United,37,James Garner,Everton,True,DM,90
ENG-Premier League,2526,2026-01-26 Everton-Leeds United,45,Harrison Armstrong,Everton,True,AM,45
ENG-Premier League,2526,2026-01-26 Everton-Leeds United,12,Mark Travers,Everton,False,,0
ENG-Premier League,2526,2026-01-26 Everton-Leeds United,9,Beto,Everton,False,FW,2
ENG-Premier League,2526,2026-01-26 Everton-Leeds United,20,Tyler Dibling,Everton,False,MF,20
ENG-Premier League,2526,2026-01-26 Everton-Leeds United,22,Kiernan Dewsbury-Hall,Everton,False,MF,45
ENG-Premier League,2526,2026-01-26 Everton-Leeds United,23,Séamus Coleman,Everton,False,,0
ENG-Premier League,2526,2026-01-26 Everton-Leeds United,24,Carlos Alcaraz,Everton,False,,0
ENG-Premier League,2526,2026-01-26 Everton-Leeds United,32,Jarrad Branthwaite,Everton,False,DF,45
ENG-Premier League,2526,2026-01-26 Everton-Leeds United,34,Merlin Röhl,Everton,False,,0
ENG-Premier League,2526,2026-01-26 Everton-Leeds United,39,Adam Aznou,Everton,False,,0
ENG-Premier League,2526,2026-01-26 Everton-Leeds United,26,Karl Darlow,Leeds United,True,GK,90
ENG-Premier League,2526,2026-01-26 Everton-Leeds United,2,Jayden Bogle,Leeds United,True,DM,90
ENG-Premier League,2526,2026-01-26 Everton-Leeds United,4,Ethan Ampadu,Leeds United,True,DM,90
ENG-Premier League,2526,2026-01-26 Everton-Leeds United,5,Pascal Struijk,Leeds United,True,CB,90
ENG-Premier League,2526,2026-01-26 Everton-Leeds United,6,Joe Rodon,Leeds United,True,CB,90
ENG-Premier League,2526,2026-01-26 Everton-Leeds United,9,Dominic Calvert-Lewin,Leeds United,True,FW,90
ENG-Premier League,2526,2026-01-26 Everton-Leeds United,11,Brenden Aaronson,Leeds United,True,AM,84
ENG-Premier League,2526,2026-01-26 Everton-Leeds United,18,Anton Stach,Leeds United,True,AM,84
ENG-Premier League,2526,2026-01-26 Everton-Leeds United,23,Sebastiaan Bornauw,Leeds United,True,CB,84
ENG-Premier League,2526,2026-01-26 Everton-Leeds United,24,James Justin,Leeds United,True,DM,90
ENG-Premier League,2526,2026-01-26 Everton-Leeds United,44,Ilia Gruev,Leeds United,True,DM,65
ENG-Premier League,2526,2026-01-26 Everton-Leeds United,1,Lucas Perri,Leeds United,False,,0
ENG-Premier League,2526,2026-01-26 Everton-Leeds United,8,Sean Longstaff,Leeds United,False,MF,6
ENG-Premier League,2526,2026-01-26 Everton-Leeds United,10,Joël Piroe,Leeds United,False,,0
ENG-Premier League,2526,2026-01-26 Everton-Leeds United,14,Lukas Nmecha,Leeds United,False,,0
ENG-Premier League,2526,2026-01-26 Everton-Leeds United,19,Noah Okafor,Leeds United,False,"FW,MF",6
ENG-Premier League,2526,2026-01-26 Everton-Leeds United,22,Ao Tanaka,Leeds United,False,MF,25
ENG-Premier League,2526,2026-01-26 Everton-Leeds United,25,Sam Byram,Leeds United,False,,0
ENG-Premier League,2526,2026-01-26 Everton-Leeds United,29,Wilfried Gnonto,Leeds United,False,,0
ENG-Premier League,2526,2026-01-26 Everton-Leeds United,40,Facundo Buonanotte,Leeds United,False,MF,6
ENG-Premier League,2526,2025-11-30 Nottingham Forest-Brighton,26,Matz Sels,Nottingham Forest,True,GK,90
ENG-Premier League,2526,2025-11-30 Nottingham Forest-Brighton,3,Neco Williams,Nottingham Forest,True,LB,90
ENG-Premier League,2526,2025-11-30 Nottingham Forest-Brighton,4,Morato,Nottingham Forest,True,CB,90
ENG-Premier League,2526,2025-11-30 Nottingham Forest-Brighton,6,Ibrahim Sangaré,Nottingham Forest,True,DM,73
ENG-Premier League,2526,2025-11-30 Nottingham Forest-Brighton,8,Elliot Anderson,Nottingham Forest,True,DM,90
ENG-Premier League,2526,2025-11-30 Nottingham Forest-Brighton,10,Morgan Gibbs-White,Nottingham Forest,True,AM,84
ENG-Premier League,2526,2025-11-30 Nottingham Forest-Brighton,14,Dan Ndoye,Nottingham Forest,True,AM,45
ENG-Premier League,2526,2025-11-30 Nottingham Forest-Brighton,16,Nicolás Domínguez,Nottingham Forest,True,AM,45
ENG-Premier League,2526,2025-11-30 Nottingham Forest-Brighton,19,Igor Jesus,Nottingham Forest,True,FW,73
ENG-Premier League,2526,2025-11-30 Nottingham Forest-Brighton,31,Nikola Milenković,Nottingham Forest,True,CB,90
ENG-Premier League,2526,2025-11-30 Nottingham Forest-Brighton,37,Nicolò Savona,Nottingham Forest,True,RB,90
ENG-Premier League,2526,2025-11-30 Nottingham Forest-Brighton,13,John,Nottingham Forest,False,,0
ENG-Premier League,2526,2025-11-30 Nottingham Forest-Brighton,7,Callum Hudson-Odoi,Nottingham Forest,False,"FW,MF",45
ENG-Premier League,2526,2025-11-30 Nottingham Forest-Brighton,15,Arnaud Kalimuendo,Nottingham Forest,False,FW,17
ENG-Premier League,2526,2025-11-30 Nottingham Forest-Brighton,21,Omari Hutchinson,Nottingham Forest,False,MF,45
ENG-Premier League,2526,2025-11-30 Nottingham Forest-Brighton,22,Ryan Yates,Nottingham Forest,False,MF,17
ENG-Premier League,2526,2025-11-30 Nottingham Forest-Brighton,23,Jair Cunha,Nottingham Forest,False,,0
ENG-Premier League,2526,2025-11-30 Nottingham Forest-Brighton,24,James Mcatee,Nottingham Forest,False,MF,6
ENG-Premier League,2526,2025-11-30 Nottingham Forest-Brighton,30,Willy Boly,Nottingham Forest,False,,0
ENG-Premier League,2526,2025-11-30 Nottingham Forest-Brighton,44,Zach Abbott,Nottingham Forest,False,,0
ENG-Premier League,2526,2025-11-30 Nottingham Forest-Brighton,1,Bart Verbruggen,Brighton & Hove Albion,True,GK,90
ENG-Premier League,2526,2025-11-30 Nottingham Forest-Brighton,5,Lewis Dunk,Brighton & Hove Albion,True,CB,90
ENG-Premier League,2526,2025-11-30 Nottingham Forest-Brighton,6,Jan Paul van Hecke,Brighton & Hove Albion,True,CB,90
ENG-Premier League,2526,2025-11-30 Nottingham Forest-Brighton,10,Georginio Rutter,Brighton & Hove Albion,True,AM,55
ENG-Premier League,2526,2025-11-30 Nottingham Forest-Brighton,11,Yankuba Minteh,Brighton & Hove Albion,True,AM,83
ENG-Premier League,2526,2025-11-30 Nottingham Forest-Brighton,18,Danny Welbeck,Brighton & Hove Albion,True,FW,64
ENG-Premier League,2526,2025-11-30 Nottingham Forest-Brighton,24,Ferdi Kadioglu,Brighton & Hove Albion,True,LB,90
ENG-Premier League,2526,2025-11-30 Nottingham Forest-Brighton,25,Diego Gómez,Brighton & Hove Albion,True,DM,83
ENG-Premier League,2526,2025-11-30 Nottingham Forest-Brighton,26,Yasin Ayari,Brighton & Hove Albion,True,DM,90
ENG-Premier League,2526,2025-11-30 Nottingham Forest-Brighton,27,Mats Wieffer,Brighton & Hove Albion,True,RB,90
ENG-Premier League,2526,2025-11-30 Nottingham Forest-Brighton,29,Maxim De Cuyper,Brighton & Hove Albion,True,AM,83
ENG-Premier League,2526,2025-11-30 Nottingham Forest-Brighton,23,Jason Steele,Brighton & Hove Albion,False,,0
ENG-Premier League,2526,2025-11-30 Nottingham Forest-Brighton,8,Brajan Gruda,Brighton & Hove Albion,False,MF,7
ENG-Premier League,2526,2025-11-30 Nottingham Forest-Brighton,9,Stefanos Tzimas,Brighton & Hove Albion,False,FW,26
ENG-Premier League,2526,2025-11-30 Nottingham Forest-Brighton,13,Jack Hinshelwood,Brighton & Hove Albion,False,"DF,MF",35
ENG-Premier League,2526,2025-11-30 Nottingham Forest-Brighton,17,Carlos Baleba,Brighton & Hove Albion,False,MF,7
ENG-Premier League,2526,2025-11-30 Nottingham Forest-Brighton,19,Charalampos Kostoulas,Brighton & Hove Albion,False,,0
ENG-Premier League,2526,2025-11-30 Nottingham Forest-Brighton,21,Olivier Boscagli,Brighton & Hove Albion,False,,0
ENG-Premier League,2526,2025-11-30 Nottingham Forest-Brighton,34,Joël Veltman,Brighton & Hove Albion,False,DF,7
ENG-Premier League,2526,2025-11-30 Nottingham Forest-Brighton,42,Diego Coppola,Brighton & Hove Albion,False,,0
ENG-Premier League,2526,2026-02-11 Crystal Palace-Burnley,1,Dean Henderson,Crystal Palace,True,GK,90
ENG-Premier League,2526,2026-02-11 Crystal Palace-Burnley,2,Daniel Muñoz,Crystal Palace,True,DM,71
ENG-Premier League,2526,2026-02-11 Crystal Palace-Burnley,3,Tyrick Mitchell,Crystal Palace,True,DM,90
ENG-Premier League,2526,2026-02-11 Crystal Palace-Burnley,5,Maxence Lacroix,Crystal Palace,True,CB,90
ENG-Premier League,2526,2026-02-11 Crystal Palace-Burnley,7,Ismaila Sarr,Crystal Palace,True,AM,90
ENG-Premier League,2526,2026-02-11 Crystal Palace-Burnley,8,Jefferson Lerma,Crystal Palace,True,CB,45
ENG-Premier League,2526,2026-02-11 Crystal Palace-Burnley,18,Daichi Kamada,Crystal Palace,True,DM,71
ENG-Premier League,2526,2026-02-11 Crystal Palace-Burnley,20,Adam Wharton,Crystal Palace,True,DM,82
ENG-Premier League,2526,2026-02-11 Crystal Palace-Burnley,22,Jørgen Strand Larsen,Crystal Palace,True,FW,90
ENG-Premier League,2526,2026-02-11 Crystal Palace-Burnley,26,Chris Richards,Crystal Palace,True,CB,90
ENG-Premier League,2526,2026-02-11 Crystal Palace-Burnley,29,Evann Guessand,Crystal Palace,True,AM,57
ENG-Premier League,2526,2026-02-11 Crystal Palace-Burnley,44,Walter Benítez,Crystal Palace,False,,0
ENG-Premier League,2526,2026-02-11 Crystal Palace-Burnley,10,Yeremi Pino,Crystal Palace,False,"FW,MF",19
ENG-Premier League,2526,2026-02-11 Crystal Palace-Burnley,11,Brennan Johnson,Crystal Palace,False,"FW,MF",33
ENG-Premier League,2526,2026-02-11 Crystal Palace-Burnley,12,Christantus Uche,Crystal Palace,False,FW,8
ENG-Premier League,2526,2026-02-11 Crystal Palace-Burnley,17,Nathaniel Clyne,Crystal Palace,False,,0
ENG-Premier League,2526,2026-02-11 Crystal Palace-Burnley,19,Will Hughes,Crystal Palace,False,MF,19
ENG-Premier League,2526,2026-02-11 Crystal Palace-Burnley,24,Borna Sosa,Crystal Palace,False,,0
ENG-Premier League,2526,2026-02-11 Crystal Palace-Burnley,34,Chadi Riad,Crystal Palace,False,DF,45
ENG-Premier League,2526,2026-02-11 Crystal Palace-Burnley,55,Justin Devenny,Crystal Palace,False,,0
ENG-Premier League,2526,2026-02-11 Crystal Palace-Burnley,1,Martin Dúbravka,Burnley,True,GK,90
ENG-Premier League,2526,2026-02-11 Crystal Palace-Burnley,2,Kyle Walker,Burnley,True,DM,90
ENG-Premier League,2526,2026-02-11 Crystal Palace-Burnley,4,Joe Worrall,Burnley,True,CB,90
ENG-Premier League,2526,2026-02-11 Crystal Palace-Burnley,5,Maxime Estève,Burnley,True,CB,90
ENG-Premier League,2526,2026-02-11 Crystal Palace-Burnley,8,Lesley Ugochukwu,Burnley,True,DM,86
ENG-Premier League,2526,2026-02-11 Crystal Palace-Burnley,10,Marcus Edwards,Burnley,True,AM,72
ENG-Premier League,2526,2026-02-11 Crystal Palace-Burnley,11,Jaidon Anthony,Burnley,True,AM,90
ENG-Premier League,2526,2026-02-11 Crystal Palace-Burnley,12,Bashir Humphreys,Burnley,True,DM,90
ENG-Premier League,2526,2026-02-11 Crystal Palace-Burnley,19,Zian Flemming,Burnley,True,FW,72
ENG-Premier League,2526,2026-02-11 Crystal Palace-Burnley,28,Hannibal Mejbri,Burnley,True,DM,82
ENG-Premier League,2526,2026-02-11 Crystal Palace-Burnley,29,Josh Laurent,Burnley,True,CB,90
ENG-Premier League,2526,2026-02-11 Crystal Palace-Burnley,13,Max Weiß,Burnley,False,,0
ENG-Premier League,2526,2026-02-11 Crystal Palace-Burnley,7,Jacob Bruun Larsen,Burnley,False,"FW,MF",18
ENG-Premier League,2526,2026-02-11 Crystal Palace-Burnley,9,Lyle Foster,Burnley,False,"FW,MF",18
ENG-Premier League,2526,2026-02-11 Crystal Palace-Burnley,16,Florentino Luís,Burnley,False,MF,4
ENG-Premier League,2526,2026-02-11 Crystal Palace-Burnley,17,Loum Tchaouna,Burnley,False,,0
ENG-Premier League,2526,2026-02-11 Crystal Palace-Burnley,18,Hjalmar Ekdal,Burnley,False,,0
ENG-Premier League,2526,2026-02-11 Crystal Palace-Burnley,20,James Ward-Prowse,Burnley,False,MF,8
ENG-Premier League,2526,2026-02-11 Crystal Palace-Burnley,23,Lucas,Burnley,False,,0
ENG-Premier League,2526,2026-02-11 Crystal Palace-Burnley,35,Ashley Barnes,Burnley,False,,0
ENG-Premier League,2526,2026-03-21 Fulham-Burnley,1,Bernd Leno,Fulham,True,GK,90
ENG-Premier League,2526,2026-03-21 Fulham-Burnley,3,Calvin Bassey,Fulham,True,CB,90
ENG-Premier League,2526,2026-03-21 Fulham-Burnley,5,Joachim Andersen,Fulham,True,CB,90
ENG-Premier League,2526,2026-03-21 Fulham-Burnley,8,Harry Wilson,Fulham,True,AM,86
ENG-Premier League,2526,2026-03-21 Fulham-Burnley,9,Rodrigo Muniz,Fulham,True,FW,81
ENG-Premier League,2526,2026-03-21 Fulham-Burnley,14,Oscar Bobb,Fulham,True,AM,60
ENG-Premier League,2526,2026-03-21 Fulham-Burnley,16,Sander Berge,Fulham,True,DM,90
ENG-Premier League,2526,2026-03-21 Fulham-Burnley,17,Alex Iwobi,Fulham,True,DM,90
ENG-Premier League,2526,2026-03-21 Fulham-Burnley,21,Timothy Castagne,Fulham,True,RB,90
ENG-Premier League,2526,2026-03-21 Fulham-Burnley,24,Joshua King,Fulham,True,AM,81
ENG-Premier League,2526,2026-03-21 Fulham-Burnley,33,Antonee Robinson,Fulham,True,LB,60
ENG-Premier League,2526,2026-03-21 Fulham-Burnley,23,Benjamin Lecomte,Fulham,False,,0
ENG-Premier League,2526,2026-03-21 Fulham-Burnley,6,Harrison Reed,Fulham,False,MF,4
ENG-Premier League,2526,2026-03-21 Fulham-Burnley,7,Raúl Jiménez,Fulham,False,FW,9
ENG-Premier League,2526,2026-03-21 Fulham-Burnley,10,Tom Cairney,Fulham,False,,0
ENG-Premier League,2526,2026-03-21 Fulham-Burnley,19,Samuel Chukwueze,Fulham,False,"FW,MF",30
ENG-Premier League,2526,2026-03-21 Fulham-Burnley,20,Saša Lukić,Fulham,False,,0
ENG-Premier League,2526,2026-03-21 Fulham-Burnley,30,Ryan Sessegnon,Fulham,False,"DF,FW",30
ENG-Premier League,2526,2026-03-21 Fulham-Burnley,31,Issa Diop,Fulham,False,,0
ENG-Premier League,2526,2026-03-21 Fulham-Burnley,32,Emile Smith Rowe,Fulham,False,MF,9
ENG-Premier League,2526,2026-03-21 Fulham-Burnley,1,Martin Dúbravka,Burnley,True,GK,90
ENG-Premier League,2526,2026-03-21 Fulham-Burnley,2,Kyle Walker,Burnley,True,RB,86
ENG-Premier League,2526,2026-03-21 Fulham-Burnley,3,Quilindschy Hartman,Burnley,True,LB,90
ENG-Premier League,2526,2026-03-21 Fulham-Burnley,5,Maxime Estève,Burnley,True,CB,90
ENG-Premier League,2526,2026-03-21 Fulham-Burnley,9,Lyle Foster,Burnley,True,AM,77
ENG-Premier League,2526,2026-03-21 Fulham-Burnley,11,Jaidon Anthony,Burnley,True,AM,90
ENG-Premier League,2526,2026-03-21 Fulham-Burnley,12,Bashir Humphreys,Burnley,True,CB,90
ENG-Premier League,2526,2026-03-21 Fulham-Burnley,19,Zian Flemming,Burnley,True,FW,90
ENG-Premier League,2526,2026-03-21 Fulham-Burnley,20,James Ward-Prowse,Burnley,True,DM,77
ENG-Premier League,2526,2026-03-21 Fulham-Burnley,28,Hannibal Mejbri,Burnley,True,AM,17
ENG-Premier League,2526,2026-03-21 Fulham-Burnley,29,Josh Laurent,Burnley,True,DM,89
ENG-Premier League,2526,2026-03-21 Fulham-Burnley,13,Max Weiß,Burnley,False,,0
ENG-Premier League,2526,2026-03-21 Fulham-Burnley,4,Joe Worrall,Burnley,False,,0
ENG-Premier League,2526,2026-03-21 Fulham-Burnley,8,Lesley Ugochukwu,Burnley,False,MF,73
ENG-Premier League,2526,2026-03-21 Fulham-Burnley,10,Marcus Edwards,Burnley,False,"FW,MF",13
ENG-Premier League,2526,2026-03-21 Fulham-Burnley,16,Florentino Luís,Burnley,False,,0
ENG-Premier League,2526,2026-03-21 Fulham-Burnley,17,Loum Tchaouna,Burnley,False,"FW,MF",4
ENG-Premier League,2526,2026-03-21 Fulham-Burnley,18,Hjalmar Ekdal,Burnley,False,,0
ENG-Premier League,2526,2026-03-21 Fulham-Burnley,27,Armando Broja,Burnley,False,,0
ENG-Premier League,2526,2026-03-21 Fulham-Burnley,35,Ashley Barnes,Burnley,False,"FW,MF",13
ENG-Premier League,2526,2025-08-30 Chelsea-Fulham,1,Robert Sánchez,Chelsea,True,GK,90
ENG-Premier League,2526,2025-08-30 Chelsea-Fulham,3,Marc Cucurella,Chelsea,True,LB,90
ENG-Premier League,2526,2025-08-30 Chelsea-Fulham,4,Tosin Adarabioyo,Chelsea,True,CB,90
ENG-Premier League,2526,2025-08-30 Chelsea-Fulham,7,Pedro Neto,Chelsea,True,AM,80
ENG-Premier League,2526,2025-08-30 Chelsea-Fulham,8,Enzo Fernández,Chelsea,True,DM,90
ENG-Premier League,2526,2025-08-30 Chelsea-Fulham,9,Liam Delap,Chelsea,True,FW,13
ENG-Premier League,2526,2025-08-30 Chelsea-Fulham,20,João Pedro,Chelsea,True,AM,90
ENG-Premier League,2526,2025-08-30 Chelsea-Fulham,23,Trevoh Chalobah,Chelsea,True,CB,90
ENG-Premier League,2526,2025-08-30 Chelsea-Fulham,25,Moisés Caicedo,Chelsea,True,DM,90
ENG-Premier League,2526,2025-08-30 Chelsea-Fulham,27,Malo Gusto,Chelsea,True,RB,90
ENG-Premier League,2526,2025-08-30 Chelsea-Fulham,41,Estêvão Willian,Chelsea,True,AM,67
ENG-Premier League,2526,2025-08-30 Chelsea-Fulham,12,Filip Jørgensen,Chelsea,False,,0
ENG-Premier League,2526,2025-08-30 Chelsea-Fulham,11,Jamie Gittens,Chelsea,False,MF,23
ENG-Premier League,2526,2025-08-30 Chelsea-Fulham,14,Dario Essugo,Chelsea,False,,0
ENG-Premier League,2526,2025-08-30 Chelsea-Fulham,17,Andrey Santos,Chelsea,False,MF,10
ENG-Premier League,2526,2025-08-30 Chelsea-Fulham,21,Jorrel Hato,Chelsea,False,,0
ENG-Premier League,2526,2025-08-30 Chelsea-Fulham,24,Reece James,Chelsea,False,"DF,MF",10
ENG-Premier League,2526,2025-08-30 Chelsea-Fulham,29,Wesley Fofana,Chelsea,False,,0
ENG-Premier League,2526,2025-08-30 Chelsea-Fulham,32,Tyrique George,Chelsea,False,FW,67
ENG-Premier League,2526,2025-08-30 Chelsea-Fulham,34,Joshua Acheampong,Chelsea,False,,0
ENG-Premier League,2526,2025-08-30 Chelsea-Fulham,1,Bernd Leno,Fulham,True,GK,90
ENG-Premier League,2526,2025-08-30 Chelsea-Fulham,2,Kenny Tete,Fulham,True,RB,90
ENG-Premier League,2526,2025-08-30 Chelsea-Fulham,3,Calvin Bassey,Fulham,True,CB,90
ENG-Premier League,2526,2025-08-30 Chelsea-Fulham,5,Joachim Andersen,Fulham,True,CB,90
ENG-Premier League,2526,2025-08-30 Chelsea-Fulham,9,Rodrigo Muniz,Fulham,True,FW,59
ENG-Premier League,2526,2025-08-30 Chelsea-Fulham,16,Sander Berge,Fulham,True,DM,90
ENG-Premier League,2526,2025-08-30 Chelsea-Fulham,17,Alex Iwobi,Fulham,True,AM,83
ENG-Premier League,2526,2025-08-30 Chelsea-Fulham,20,Saša Lukić,Fulham,True,DM,90
ENG-Premier League,2526,2025-08-30 Chelsea-Fulham,21,Timothy Castagne,Fulham,True,AM,59
ENG-Premier League,2526,2025-08-30 Chelsea-Fulham,24,Joshua King,Fulham,True,AM,66
ENG-Premier League,2526,2025-08-30 Chelsea-Fulham,30,Ryan Sessegnon,Fulham,True,LB,66
ENG-Premier League,2526,2025-08-30 Chelsea-Fulham,23,Benjamin Lecomte,Fulham,False,,0
ENG-Premier League,2526,2025-08-30 Chelsea-Fulham,6,Harrison Reed,Fulham,False,,0
ENG-Premier League,2526,2025-08-30 Chelsea-Fulham,7,Raúl Jiménez,Fulham,False,FW,31
ENG-Premier League,2526,2025-08-30 Chelsea-Fulham,8,Harry Wilson,Fulham,False,"FW,MF",31
ENG-Premier League,2526,2025-08-30 Chelsea-Fulham,10,Tom Cairney,Fulham,False,,0
ENG-Premier League,2526,2025-08-30 Chelsea-Fulham,11,Adama Traoré,Fulham,False,"FW,MF",7
ENG-Premier League,2526,2025-08-30 Chelsea-Fulham,15,Jorge Cuenca,Fulham,False,,0
ENG-Premier League,2526,2025-08-30 Chelsea-Fulham,32,Emile Smith Rowe,Fulham,False,MF,24
ENG-Premier League,2526,2025-08-30 Chelsea-Fulham,33,Antonee Robinson,Fulham,False,"DF,MF",24
ENG-Premier League,2526,2025-11-01 Burnley-Arsenal,1,Martin Dúbravka,Burnley,True,GK,90
ENG-Premier League,2526,2025-11-01 Burnley-Arsenal,2,Kyle Walker,Burnley,True,RB,90
ENG-Premier League,2526,2025-11-01 Burnley-Arsenal,3,Quilindschy Hartman,Burnley,True,LB,90
ENG-Premier League,2526,2025-11-01 Burnley-Arsenal,5,Maxime Estève,Burnley,True,CB,90
ENG-Premier League,2526,2025-11-01 Burnley-Arsenal,6,Axel Tuanzebe,Burnley,True,CB,90
ENG-Premier League,2526,2025-11-01 Burnley-Arsenal,8,Lesley Ugochukwu,Burnley,True,RM,61
ENG-Premier League,2526,2025-11-01 Burnley-Arsenal,11,Jaidon Anthony,Burnley,True,LM,61
ENG-Premier League,2526,2025-11-01 Burnley-Arsenal,16,Florentino Luís,Burnley,True,CM,90
ENG-Premier League,2526,2025-11-01 Burnley-Arsenal,19,Zian Flemming,Burnley,True,FW,75
ENG-Premier League,2526,2025-11-01 Burnley-Arsenal,24,Josh Cullen,Burnley,True,CM,82
ENG-Premier League,2526,2025-11-01 Burnley-Arsenal,29,Josh Laurent,Burnley,True,CB,75
ENG-Premier League,2526,2025-11-01 Burnley-Arsenal,13,Max Weiß,Burnley,False,,0
ENG-Premier League,2526,2025-11-01 Burnley-Arsenal,7,Jacob Bruun Larsen,Burnley,False,"FW,MF",29
ENG-Premier League,2526,2025-11-01 Burnley-Arsenal,10,Marcus Edwards,Burnley,False,"FW,MF",8
ENG-Premier League,2526,2025-11-01 Burnley-Arsenal,17,Loum Tchaouna,Burnley,False,"FW,MF",29
ENG-Premier League,2526,2025-11-01 Burnley-Arsenal,18,Hjalmar Ekdal,Burnley,False,,0
ENG-Premier League,2526,2025-11-01 Burnley-Arsenal,23,Lucas,Burnley,False,,0
ENG-Premier League,2526,2025-11-01 Burnley-Arsenal,27,Armando Broja,Burnley,False,FW,15
ENG-Premier League,2526,2025-11-01 Burnley-Arsenal,28,Hannibal Mejbri,Burnley,False,MF,15
ENG-Premier League,2526,2025-11-01 Burnley-Arsenal,35,Ashley Barnes,Burnley,False,,0
ENG-Premier League,2526,2025-11-01 Burnley-Arsenal,1,David Raya,Arsenal,True,GK,90
ENG-Premier League,2526,2025-11-01 Burnley-Arsenal,2,William Saliba,Arsenal,True,CB,90
ENG-Premier League,2526,2025-11-01 Burnley-Arsenal,6,Gabriel Magalhães,Arsenal,True,CB,90
ENG-Premier League,2526,2025-11-01 Burnley-Arsenal,7,Bukayo Saka,Arsenal,True,FW,90
ENG-Premier League,2526,2025-11-01 Burnley-Arsenal,10,Eberechi Eze,Arsenal,True,CM,71
ENG-Premier League,2526,2025-11-01 Burnley-Arsenal,12,Jurriën Timber,Arsenal,True,RB,90
ENG-Premier League,2526,2025-11-01 Burnley-Arsenal,14,Viktor Gyökeres,Arsenal,True,FW,45
ENG-Premier League,2526,2025-11-01 Burnley-Arsenal,19,Leandro Trossard,Arsenal,True,FW,89
ENG-Premier League,2526,2025-11-01 Burnley-Arsenal,33,Riccardo Calafiori,Arsenal,True,LB,71
ENG-Premier League,2526,2025-11-01 Burnley-Arsenal,36,Martín Zubimendi,Arsenal,True,CM,76
ENG-Premier League,2526,2025-11-01 Burnley-Arsenal,41,Declan Rice,Arsenal,True,CM,90
ENG-Premier League,2526,2025-11-01 Burnley-Arsenal,13,Kepa Arrizabalaga,Arsenal,False,,0
ENG-Premier League,2526,2025-11-01 Burnley-Arsenal,3,Cristhian Mosquera,Arsenal,False,,0
ENG-Premier League,2526,2025-11-01 Burnley-Arsenal,4,Ben White,Arsenal,False,,0
ENG-Premier League,2526,2025-11-01 Burnley-Arsenal,5,Piero Hincapié,Arsenal,False,DF,19
ENG-Premier League,2526,2025-11-01 Burnley-Arsenal,16,Christian Nørgaard,Arsenal,False,MF,14
ENG-Premier League,2526,2025-11-01 Burnley-Arsenal,22,Ethan Nwaneri,Arsenal,False,MF,19
ENG-Premier League,2526,2025-11-01 Burnley-Arsenal,23,Mikel Merino,Arsenal,False,MF,45
ENG-Premier League,2526,2025-11-01 Burnley-Arsenal,49,Myles Lewis-Skelly,Arsenal,False,DF,1
ENG-Premier League,2526,2025-11-01 Burnley-Arsenal,56,Max Dowman,Arsenal,False,,0
ENG-Premier League,2526,2026-03-14 Burnley-Bournemouth,1,Martin Dúbravka,Burnley,True,GK,90
ENG-Premier League,2526,2026-03-14 Burnley-Bournemouth,2,Kyle Walker,Burnley,True,RB,90
ENG-Premier League,2526,2026-03-14 Burnley-Bournemouth,3,Quilindschy Hartman,Burnley,True,LB,73
ENG-Premier League,2526,2026-03-14 Burnley-Bournemouth,5,Maxime Estève,Burnley,True,CB,73
ENG-Premier League,2526,2026-03-14 Burnley-Bournemouth,9,Lyle Foster,Burnley,True,AM,65
ENG-Premier League,2526,2026-03-14 Burnley-Bournemouth,11,Jaidon Anthony,Burnley,True,AM,90
ENG-Premier League,2526,2026-03-14 Burnley-Bournemouth,12,Bashir Humphreys,Burnley,True,CB,90
ENG-Premier League,2526,2026-03-14 Burnley-Bournemouth,19,Zian Flemming,Burnley,True,FW,87
ENG-Premier League,2526,2026-03-14 Burnley-Bournemouth,20,James Ward-Prowse,Burnley,True,DM,90
ENG-Premier League,2526,2026-03-14 Burnley-Bournemouth,28,Hannibal Mejbri,Burnley,True,AM,90
ENG-Premier League,2526,2026-03-14 Burnley-Bournemouth,29,Josh Laurent,Burnley,True,DM,87
ENG-Premier League,2526,2026-03-14 Burnley-Bournemouth,13,Max Weiß,Burnley,False,,0
ENG-Premier League,2526,2026-03-14 Burnley-Bournemouth,4,Joe Worrall,Burnley,False,DF,17
ENG-Premier League,2526,2026-03-14 Burnley-Bournemouth,8,Lesley Ugochukwu,Burnley,False,MF,3
ENG-Premier League,2526,2026-03-14 Burnley-Bournemouth,10,Marcus Edwards,Burnley,False,"FW,MF",25
ENG-Premier League,2526,2026-03-14 Burnley-Bournemouth,16,Florentino Luís,Burnley,False,,0
ENG-Premier League,2526,2026-03-14 Burnley-Bournemouth,17,Loum Tchaouna,Burnley,False,,0
ENG-Premier League,2526,2026-03-14 Burnley-Bournemouth,23,Lucas,Burnley,False,DF,17
ENG-Premier League,2526,2026-03-14 Burnley-Bournemouth,27,Armando Broja,Burnley,False,FW,3
ENG-Premier League,2526,2026-03-14 Burnley-Bournemouth,35,Ashley Barnes,Burnley,False,,0
ENG-Premier League,2526,2026-03-14 Burnley-Bournemouth,1,Đorđe Petrović,Bournemouth,True,GK,90
ENG-Premier League,2526,2026-03-14 Burnley-Bournemouth,3,Adrien Truffert,Bournemouth,True,LB,90
ENG-Premier League,2526,2026-03-14 Burnley-Bournemouth,5,Marcos Senesi,Bournemouth,True,CB,90
ENG-Premier League,2526,2026-03-14 Burnley-Bournemouth,8,Alex Scott,Bournemouth,True,DM,90
ENG-Premier League,2526,2026-03-14 Burnley-Bournemouth,9,Evanilson,Bournemouth,True,FW,90
ENG-Premier League,2526,2026-03-14 Burnley-Bournemouth,10,Ryan Christie,Bournemouth,True,DM,60
ENG-Premier League,2526,2026-03-14 Burnley-Bournemouth,15,Adam Smith,Bournemouth,True,RB,60
ENG-Premier League,2526,2026-03-14 Burnley-Bournemouth,16,Marcus Tavernier,Bournemouth,True,AM,90
ENG-Premier League,2526,2026-03-14 Burnley-Bournemouth,22,Eli Junior Kroupi,Bournemouth,True,AM,79
ENG-Premier League,2526,2026-03-14 Burnley-Bournemouth,23,James Hill,Bournemouth,True,CB,90
ENG-Premier League,2526,2026-03-14 Burnley-Bournemouth,37,Rayan Vitor,Bournemouth,True,AM,86
ENG-Premier League,2526,2026-03-14 Burnley-Bournemouth,29,Christos Mandas,Bournemouth,False,,0
ENG-Premier League,2526,2026-03-14 Burnley-Bournemouth,7,David Brooks,Bournemouth,False,"FW,MF",11
ENG-Premier League,2526,2026-03-14 Burnley-Bournemouth,11,Ben Gannon-Doak,Bournemouth,False,,0
ENG-Premier League,2526,2026-03-14 Burnley-Bournemouth,18,Bafodé Diakité,Bournemouth,False,,0
ENG-Premier League,2526,2026-03-14 Burnley-Bournemouth,20,Álex Jiménez,Bournemouth,False,DF,30
ENG-Premier League,2526,2026-03-14 Burnley-Bournemouth,21,Amine Adli,Bournemouth,False,"FW,MF",30
ENG-Premier League,2526,2026-03-14 Burnley-Bournemouth,26,Enes Ünal,Bournemouth,False,FW,4
ENG-Premier League,2526,2026-03-14 Burnley-Bournemouth,27,Alex Tóth,Bournemouth,False,,0
ENG-Premier League,2526,2026-03-14 Burnley-Bournemouth,44,Veljko Milosavljević,Bournemouth,False,,0
ENG-Premier League,2526,2025-12-30 West Ham United-Brighton,23,Alphonse Areola,West Ham United,True,GK,90
ENG-Premier League,2526,2025-12-30 West Ham United-Brighton,2,Kyle Walker-Peters,West Ham United,True,RB,82
ENG-Premier League,2526,2025-12-30 West Ham United-Brighton,3,Max Kilman,West Ham United,True,CB,90
ENG-Premier League,2526,2025-12-30 West Ham United-Brighton,9,Callum Wilson,West Ham United,True,FW,62
ENG-Premier League,2526,2025-12-30 West Ham United-Brighton,10,Lucas Paquetá,West Ham United,True,AM,82
ENG-Premier League,2526,2025-12-30 West Ham United-Brighton,18,Mateus Fernandes,West Ham United,True,AM,90
ENG-Premier League,2526,2025-12-30 West Ham United-Brighton,20,Jarrod Bowen,West Ham United,True,AM,90
ENG-Premier League,2526,2025-12-30 West Ham United-Brighton,25,Jean-Clair Todibo,West Ham United,True,CB,44
ENG-Premier League,2526,2025-12-30 West Ham United-Brighton,27,Soungoutou Magassa,West Ham United,True,DM,81
ENG-Premier League,2526,2025-12-30 West Ham United-Brighton,30,Oliver Scarles,West Ham United,True,LB,90
ENG-Premier League,2526,2025-12-30 West Ham United-Brighton,32,Freddie Potts,West Ham United,True,DM,90
ENG-Premier League,2526,2025-12-30 West Ham United-Brighton,1,Mads Hermansen,West Ham United,False,,0
ENG-Premier League,2526,2025-12-30 West Ham United-Brighton,7,Crysencio Summerville,West Ham United,False,"FW,MF",28
ENG-Premier League,2526,2025-12-30 West Ham United-Brighton,15,Konstantinos Mavropanos,West Ham United,False,DF,46
ENG-Premier League,2526,2025-12-30 West Ham United-Brighton,24,Guido Rodríguez,West Ham United,False,,0
ENG-Premier League,2526,2025-12-30 West Ham United-Brighton,28,Tomáš Souček,West Ham United,False,MF,9
ENG-Premier League,2526,2025-12-30 West Ham United-Brighton,40,George Earthy,West Ham United,False,,0
ENG-Premier League,2526,2025-12-30 West Ham United-Brighton,55,Mohamadou Kanté,West Ham United,False,MF,8
ENG-Premier League,2526,2025-12-30 West Ham United-Brighton,58,Airidas Golambeckis,West Ham United,False,,0
ENG-Premier League,2526,2025-12-30 West Ham United-Brighton,63,Ezra Mayers,West Ham United,False,DF,8
ENG-Premier League,2526,2025-12-30 West Ham United-Brighton,1,Bart Verbruggen,Brighton & Hove Albion,True,GK,90
ENG-Premier League,2526,2025-12-30 West Ham United-Brighton,5,Lewis Dunk,Brighton & Hove Albion,True,CB,90
ENG-Premier League,2526,2025-12-30 West Ham United-Brighton,6,Jan Paul van Hecke,Brighton & Hove Albion,True,CB,90
ENG-Premier League,2526,2025-12-30 West Ham United-Brighton,11,Yankuba Minteh,Brighton & Hove Albion,True,AM,57
ENG-Premier League,2526,2025-12-30 West Ham United-Brighton,18,Danny Welbeck,Brighton & Hove Albion,True,FW,82
ENG-Premier League,2526,2025-12-30 West Ham United-Brighton,20,James Milner,Brighton & Hove Albion,True,DM,71
ENG-Premier League,2526,2025-12-30 West Ham United-Brighton,24,Ferdi Kadioglu,Brighton & Hove Albion,True,LB,90
ENG-Premier League,2526,2025-12-30 West Ham United-Brighton,25,Diego Gómez,Brighton & Hove Albion,True,AM,71
ENG-Premier League,2526,2025-12-30 West Ham United-Brighton,26,Yasin Ayari,Brighton & Hove Albion,True,DM,90
ENG-Premier League,2526,2025-12-30 West Ham United-Brighton,29,Maxim De Cuyper,Brighton & Hove Albion,True,AM,57
ENG-Premier League,2526,2025-12-30 West Ham United-Brighton,34,Joël Veltman,Brighton & Hove Albion,True,RB,90
ENG-Premier League,2526,2025-12-30 West Ham United-Brighton,23,Jason Steele,Brighton & Hove Albion,False,,0
ENG-Premier League,2526,2025-12-30 West Ham United-Brighton,8,Brajan Gruda,Brighton & Hove Albion,False,MF,33
ENG-Premier League,2526,2025-12-30 West Ham United-Brighton,10,Georginio Rutter,Brighton & Hove Albion,False,"FW,MF",19
ENG-Premier League,2526,2025-12-30 West Ham United-Brighton,13,Jack Hinshelwood,Brighton & Hove Albion,False,"DF,MF",19
ENG-Premier League,2526,2025-12-30 West Ham United-Brighton,14,Tom Watson,Brighton & Hove Albion,False,,0
ENG-Premier League,2526,2025-12-30 West Ham United-Brighton,19,Charalampos Kostoulas,Brighton & Hove Albion,False,FW,8
ENG-Premier League,2526,2025-12-30 West Ham United-Brighton,21,Olivier Boscagli,Brighton & Hove Albion,False,,0
ENG-Premier League,2526,2025-12-30 West Ham United-Brighton,22,Kaoru Mitoma,Brighton & Hove Albion,False,"FW,MF",33
ENG-Premier League,2526,2025-12-30 West Ham United-Brighton,42,Diego Coppola,Brighton & Hove Albion,False,,0
ENG-Premier League,2526,2026-03-04 Aston Villa-Chelsea,23,Emiliano Martínez,Aston Villa,True,GK,90
ENG-Premier League,2526,2026-03-04 Aston Villa-Chelsea,2,Matty Cash,Aston Villa,True,RB,45
ENG-Premier League,2526,2026-03-04 Aston Villa-Chelsea,4,Ezri Konsa,Aston Villa,True,CB,90
ENG-Premier League,2526,2026-03-04 Aston Villa-Chelsea,5,Tyrone Mings,Aston Villa,True,CB,90
ENG-Premier League,2526,2026-03-04 Aston Villa-Chelsea,10,Emi Buendía,Aston Villa,True,AM,62
ENG-Premier League,2526,2026-03-04 Aston Villa-Chelsea,11,Ollie Watkins,Aston Villa,True,FW,71
ENG-Premier League,2526,2026-03-04 Aston Villa-Chelsea,21,Douglas Luiz,Aston Villa,True,DM,62
ENG-Premier League,2526,2026-03-04 Aston Villa-Chelsea,22,Ian Maatsen,Aston Villa,True,LB,90
ENG-Premier League,2526,2026-03-04 Aston Villa-Chelsea,24,Amadou Onana,Aston Villa,True,DM,90
ENG-Premier League,2526,2026-03-04 Aston Villa-Chelsea,27,Morgan Rogers,Aston Villa,True,AM,90
ENG-Premier League,2526,2026-03-04 Aston Villa-Chelsea,31,Leon Bailey,Aston Villa,True,AM,62
ENG-Premier League,2526,2026-03-04 Aston Villa-Chelsea,40,Marco Bizot,Aston Villa,False,,0
ENG-Premier League,2526,2026-03-04 Aston Villa-Chelsea,3,Victor Lindelöf,Aston Villa,False,,0
ENG-Premier League,2526,2026-03-04 Aston Villa-Chelsea,6,Ross Barkley,Aston Villa,False,MF,28
ENG-Premier League,2526,2026-03-04 Aston Villa-Chelsea,12,Lucas Digne,Aston Villa,False,,0
ENG-Premier League,2526,2026-03-04 Aston Villa-Chelsea,14,Pau Torres,Aston Villa,False,,0
ENG-Premier League,2526,2026-03-04 Aston Villa-Chelsea,18,Tammy Abraham,Aston Villa,False,FW,19
ENG-Premier League,2526,2026-03-04 Aston Villa-Chelsea,19,Jadon Sancho,Aston Villa,False,"FW,MF",28
ENG-Premier League,2526,2026-03-04 Aston Villa-Chelsea,26,Lamare Bogarde,Aston Villa,False,"DF,MF",45
ENG-Premier League,2526,2026-03-04 Aston Villa-Chelsea,47,Alysson Edward,Aston Villa,False,MF,28
ENG-Premier League,2526,2026-03-04 Aston Villa-Chelsea,12,Filip Jørgensen,Chelsea,True,GK,90
ENG-Premier League,2526,2026-03-04 Aston Villa-Chelsea,8,Enzo Fernández,Chelsea,True,CM,78
ENG-Premier League,2526,2026-03-04 Aston Villa-Chelsea,10,Cole Palmer,Chelsea,True,FW,84
ENG-Premier League,2526,2026-03-04 Aston Villa-Chelsea,20,João Pedro,Chelsea,True,FW,84
ENG-Premier League,2526,2026-03-04 Aston Villa-Chelsea,21,Jorrel Hato,Chelsea,True,LB,90
ENG-Premier League,2526,2026-03-04 Aston Villa-Chelsea,23,Trevoh Chalobah,Chelsea,True,CB,90
ENG-Premier League,2526,2026-03-04 Aston Villa-Chelsea,24,Reece James,Chelsea,True,CM,90
ENG-Premier League,2526,2026-03-04 Aston Villa-Chelsea,25,Moisés Caicedo,Chelsea,True,CM,90
ENG-Premier League,2526,2026-03-04 Aston Villa-Chelsea,27,Malo Gusto,Chelsea,True,RB,74
ENG-Premier League,2526,2026-03-04 Aston Villa-Chelsea,29,Wesley Fofana,Chelsea,True,CB,78
ENG-Premier League,2526,2026-03-04 Aston Villa-Chelsea,49,Alejandro Garnacho,Chelsea,True,FW,90
ENG-Premier League,2526,2026-03-04 Aston Villa-Chelsea,1,Robert Sánchez,Chelsea,False,,0
ENG-Premier League,2526,2026-03-04 Aston Villa-Chelsea,3,Marc Cucurella,Chelsea,False,"DF,MF",12
ENG-Premier League,2526,2026-03-04 Aston Villa-Chelsea,4,Tosin Adarabioyo,Chelsea,False,DF,12
ENG-Premier League,2526,2026-03-04 Aston Villa-Chelsea,5,Benoît Badiashile,Chelsea,False,,0
ENG-Premier League,2526,2026-03-04 Aston Villa-Chelsea,9,Liam Delap,Chelsea,False,FW,6
ENG-Premier League,2526,2026-03-04 Aston Villa-Chelsea,17,Andrey Santos,Chelsea,False,MF,6
ENG-Premier League,2526,2026-03-04 Aston Villa-Chelsea,19,Mamadou Sarr,Chelsea,False,,0
ENG-Premier League,2526,2026-03-04 Aston Villa-Chelsea,38,Marc Guiu,Chelsea,False,,0
ENG-Premier League,2526,2026-03-04 Aston Villa-Chelsea,45,Roméo Lavia,Chelsea,False,MF,16
ENG-Premier League,2526,2025-12-20 Tottenham Hotspur-Liverpool,1,Guglielmo Vicario,Tottenham Hotspur,True,GK,90
ENG-Premier League,2526,2025-12-20 Tottenham Hotspur-Liverpool,7,Xavi Simons,Tottenham Hotspur,True,FW,32
ENG-Premier League,2526,2025-12-20 Tottenham Hotspur-Liverpool,14,Archie Gray,Tottenham Hotspur,True,CM,70
ENG-Premier League,2526,2025-12-20 Tottenham Hotspur-Liverpool,15,Lucas Bergvall,Tottenham Hotspur,True,LW,70
ENG-Premier League,2526,2025-12-20 Tottenham Hotspur-Liverpool,17,Cristian Romero,Tottenham Hotspur,True,CB,89
ENG-Premier League,2526,2025-12-20 Tottenham Hotspur-Liverpool,20,Mohammed Kudus,Tottenham Hotspur,True,RW,57
ENG-Premier League,2526,2025-12-20 Tottenham Hotspur-Liverpool,23,Pedro Porro,Tottenham Hotspur,True,RB,90
ENG-Premier League,2526,2025-12-20 Tottenham Hotspur-Liverpool,24,Djed Spence,Tottenham Hotspur,True,LB,90
ENG-Premier League,2526,2025-12-20 Tottenham Hotspur-Liverpool,30,Rodrigo Bentancur,Tottenham Hotspur,True,CM,90
ENG-Premier League,2526,2025-12-20 Tottenham Hotspur-Liverpool,37,Micky van de Ven,Tottenham Hotspur,True,CB,90
ENG-Premier League,2526,2025-12-20 Tottenham Hotspur-Liverpool,39,Randal Kolo Muani,Tottenham Hotspur,True,FW,79
ENG-Premier League,2526,2025-12-20 Tottenham Hotspur-Liverpool,31,Antonín Kinský,Tottenham Hotspur,False,,0
ENG-Premier League,2526,2025-12-20 Tottenham Hotspur-Liverpool,3,Radu Drăgușin,Tottenham Hotspur,False,,0
ENG-Premier League,2526,2025-12-20 Tottenham Hotspur-Liverpool,4,Kevin Danso,Tottenham Hotspur,False,,0
ENG-Premier League,2526,2025-12-20 Tottenham Hotspur-Liverpool,6,João Palhinha,Tottenham Hotspur,False,MF,20
ENG-Premier League,2526,2025-12-20 Tottenham Hotspur-Liverpool,9,Richarlison,Tottenham Hotspur,False,"FW,MF",11
ENG-Premier League,2526,2025-12-20 Tottenham Hotspur-Liverpool,11,Mathys Tel,Tottenham Hotspur,False,,0
ENG-Premier League,2526,2025-12-20 Tottenham Hotspur-Liverpool,22,Brennan Johnson,Tottenham Hotspur,False,"FW,MF",33
ENG-Premier League,2526,2025-12-20 Tottenham Hotspur-Liverpool,28,Wilson Odobert,Tottenham Hotspur,False,"FW,MF",20
ENG-Premier League,2526,2025-12-20 Tottenham Hotspur-Liverpool,33,Ben Davies,Tottenham Hotspur,False,,0
ENG-Premier League,2526,2025-12-20 Tottenham Hotspur-Liverpool,1,Alisson,Liverpool,True,GK,90
ENG-Premier League,2526,2025-12-20 Tottenham Hotspur-Liverpool,4,Virgil van Dijk,Liverpool,True,CB,90
ENG-Premier League,2526,2025-12-20 Tottenham Hotspur-Liverpool,5,Ibrahima Konaté,Liverpool,True,CB,90
ENG-Premier League,2526,2025-12-20 Tottenham Hotspur-Liverpool,6,Milos Kerkez,Liverpool,True,LB,90
ENG-Premier League,2526,2025-12-20 Tottenham Hotspur-Liverpool,7,Florian Wirtz,Liverpool,True,AM,89
ENG-Premier League,2526,2025-12-20 Tottenham Hotspur-Liverpool,8,Dominik Szoboszlai,Liverpool,True,AM,90
ENG-Premier League,2526,2025-12-20 Tottenham Hotspur-Liverpool,10,Alexis Mac Allister,Liverpool,True,AM,90
ENG-Premier League,2526,2025-12-20 Tottenham Hotspur-Liverpool,12,Conor Bradley,Liverpool,True,RB,45
ENG-Premier League,2526,2025-12-20 Tottenham Hotspur-Liverpool,17,Curtis Jones,Liverpool,True,DM,90
ENG-Premier League,2526,2025-12-20 Tottenham Hotspur-Liverpool,22,Hugo Ekitike,Liverpool,True,FW,89
ENG-Premier League,2526,2025-12-20 Tottenham Hotspur-Liverpool,38,Ryan Gravenberch,Liverpool,True,DM,90
ENG-Premier League,2526,2025-12-20 Tottenham Hotspur-Liverpool,25,Giorgi Mamardashvili,Liverpool,False,,0
ENG-Premier League,2526,2025-12-20 Tottenham Hotspur-Liverpool,9,Alexander Isak,Liverpool,False,FW,14
ENG-Premier League,2526,2025-12-20 Tottenham Hotspur-Liverpool,14,Federico Chiesa,Liverpool,False,"FW,MF",1
ENG-Premier League,2526,2025-12-20 Tottenham Hotspur-Liverpool,26,Andrew Robertson,Liverpool,False,"DF,MF",1
ENG-Premier League,2526,2025-12-20 Tottenham Hotspur-Liverpool,30,Jeremie Frimpong,Liverpool,False,"DF,MF",30
ENG-Premier League,2526,2025-12-20 Tottenham Hotspur-Liverpool,42,Trey Nyoni,Liverpool,False,MF,1
ENG-Premier League,2526,2025-12-20 Tottenham Hotspur-Liverpool,47,Calvin Ramsay,Liverpool,False,,0
ENG-Premier League,2526,2025-12-20 Tottenham Hotspur-Liverpool,73,Rio Ngumoha,Liverpool,False,,0
ENG-Premier League,2526,2025-12-20 Tottenham Hotspur-Liverpool,92,Wellity Omoruyi,Liverpool,False,,0
ENG-Premier League,2526,2025-12-14 Nottingham Forest-Tottenham Hotspur,13,John,Nottingham Forest,True,GK,90
ENG-Premier League,2526,2025-12-14 Nottingham Forest-Tottenham Hotspur,3,Neco Williams,Nottingham Forest,True,LB,90
ENG-Premier League,2526,2025-12-14 Nottingham Forest-Tottenham Hotspur,5,Murillo,Nottingham Forest,True,CB,90
ENG-Premier League,2526,2025-12-14 Nottingham Forest-Tottenham Hotspur,6,Ibrahim Sangaré,Nottingham Forest,True,DM,90
ENG-Premier League,2526,2025-12-14 Nottingham Forest-Tottenham Hotspur,7,Callum Hudson-Odoi,Nottingham Forest,True,AM,89
ENG-Premier League,2526,2025-12-14 Nottingham Forest-Tottenham Hotspur,8,Elliot Anderson,Nottingham Forest,True,DM,90
ENG-Premier League,2526,2025-12-14 Nottingham Forest-Tottenham Hotspur,10,Morgan Gibbs-White,Nottingham Forest,True,AM,90
ENG-Premier League,2526,2025-12-14 Nottingham Forest-Tottenham Hotspur,19,Igor Jesus,Nottingham Forest,True,FW,84
ENG-Premier League,2526,2025-12-14 Nottingham Forest-Tottenham Hotspur,21,Omari Hutchinson,Nottingham Forest,True,AM,90
ENG-Premier League,2526,2025-12-14 Nottingham Forest-Tottenham Hotspur,31,Nikola Milenković,Nottingham Forest,True,CB,90
ENG-Premier League,2526,2025-12-14 Nottingham Forest-Tottenham Hotspur,37,Nicolò Savona,Nottingham Forest,True,RB,90
ENG-Premier League,2526,2025-12-14 Nottingham Forest-Tottenham Hotspur,18,Angus Gunn,Nottingham Forest,False,,0
ENG-Premier League,2526,2025-12-14 Nottingham Forest-Tottenham Hotspur,4,Morato,Nottingham Forest,False,,0
ENG-Premier League,2526,2025-12-14 Nottingham Forest-Tottenham Hotspur,12,Douglas Luiz,Nottingham Forest,False,MF,6
ENG-Premier League,2526,2025-12-14 Nottingham Forest-Tottenham Hotspur,14,Dan Ndoye,Nottingham Forest,False,"FW,MF",1
ENG-Premier League,2526,2025-12-14 Nottingham Forest-Tottenham Hotspur,15,Arnaud Kalimuendo,Nottingham Forest,False,,0
ENG-Premier League,2526,2025-12-14 Nottingham Forest-Tottenham Hotspur,24,James Mcatee,Nottingham Forest,False,,0
ENG-Premier League,2526,2025-12-14 Nottingham Forest-Tottenham Hotspur,29,Dilane Bakwa,Nottingham Forest,False,,0
ENG-Premier League,2526,2025-12-14 Nottingham Forest-Tottenham Hotspur,35,Oleksandr Zinchenko,Nottingham Forest,False,,0
ENG-Premier League,2526,2025-12-14 Nottingham Forest-Tottenham Hotspur,44,Zach Abbott,Nottingham Forest,False,,0
ENG-Premier League,2526,2025-12-14 Nottingham Forest-Tottenham Hotspur,1,Guglielmo Vicario,Tottenham Hotspur,True,GK,90
ENG-Premier League,2526,2025-12-14 Nottingham Forest-Tottenham Hotspur,7,Xavi Simons,Tottenham Hotspur,True,AM,90
ENG-Premier League,2526,2025-12-14 Nottingham Forest-Tottenham Hotspur,9,Richarlison,Tottenham Hotspur,True,FW,90
ENG-Premier League,2526,2025-12-14 Nottingham Forest-Tottenham Hotspur,14,Archie Gray,Tottenham Hotspur,True,DM,58
ENG-Premier League,2526,2025-12-14 Nottingham Forest-Tottenham Hotspur,17,Cristian Romero,Tottenham Hotspur,True,CB,90
ENG-Premier League,2526,2025-12-14 Nottingham Forest-Tottenham Hotspur,20,Mohammed Kudus,Tottenham Hotspur,True,AM,79
ENG-Premier League,2526,2025-12-14 Nottingham Forest-Tottenham Hotspur,23,Pedro Porro,Tottenham Hotspur,True,RB,90
ENG-Premier League,2526,2025-12-14 Nottingham Forest-Tottenham Hotspur,24,Djed Spence,Tottenham Hotspur,True,LB,58
ENG-Premier League,2526,2025-12-14 Nottingham Forest-Tottenham Hotspur,30,Rodrigo Bentancur,Tottenham Hotspur,True,DM,58
ENG-Premier League,2526,2025-12-14 Nottingham Forest-Tottenham Hotspur,37,Micky van de Ven,Tottenham Hotspur,True,CB,90
ENG-Premier League,2526,2025-12-14 Nottingham Forest-Tottenham Hotspur,39,Randal Kolo Muani,Tottenham Hotspur,True,AM,79
ENG-Premier League,2526,2025-12-14 Nottingham Forest-Tottenham Hotspur,31,Antonín Kinský,Tottenham Hotspur,False,,0
ENG-Premier League,2526,2025-12-14 Nottingham Forest-Tottenham Hotspur,4,Kevin Danso,Tottenham Hotspur,False,,0
ENG-Premier League,2526,2025-12-14 Nottingham Forest-Tottenham Hotspur,6,João Palhinha,Tottenham Hotspur,False,MF,32
ENG-Premier League,2526,2025-12-14 Nottingham Forest-Tottenham Hotspur,11,Mathys Tel,Tottenham Hotspur,False,"FW,MF",11
ENG-Premier League,2526,2025-12-14 Nottingham Forest-Tottenham Hotspur,15,Lucas Bergvall,Tottenham Hotspur,False,MF,32
ENG-Premier League,2526,2025-12-14 Nottingham Forest-Tottenham Hotspur,22,Brennan Johnson,Tottenham Hotspur,False,"FW,MF",11
ENG-Premier League,2526,2025-12-14 Nottingham Forest-Tottenham Hotspur,28,Wilson Odobert,Tottenham Hotspur,False,,0
ENG-Premier League,2526,2025-12-14 Nottingham Forest-Tottenham Hotspur,29,Pape Matar Sarr,Tottenham Hotspur,False,,0
ENG-Premier League,2526,2025-12-14 Nottingham Forest-Tottenham Hotspur,33,Ben Davies,Tottenham Hotspur,False,"DF,MF",32
ENG-Premier League,2526,2026-01-18 Wolves-Newcastle United,1,José Sá,Wolverhampton Wanderers,True,GK,90
ENG-Premier League,2526,2026-01-18 Wolves-Newcastle United,3,Hugo Bueno,Wolverhampton Wanderers,True,LM,90
ENG-Premier League,2526,2026-01-18 Wolves-Newcastle United,4,Santiago Bueno,Wolverhampton Wanderers,True,CB,90
ENG-Premier League,2526,2026-01-18 Wolves-Newcastle United,7,André,Wolverhampton Wanderers,True,CM,90
ENG-Premier League,2526,2026-01-18 Wolves-Newcastle United,8,João Gomes,Wolverhampton Wanderers,True,CM,70
ENG-Premier League,2526,2026-01-18 Wolves-Newcastle United,11,Hwang Hee-chan,Wolverhampton Wanderers,True,FW,85
ENG-Premier League,2526,2026-01-18 Wolves-Newcastle United,14,Tolu Arokodare,Wolverhampton Wanderers,True,FW,64
ENG-Premier League,2526,2026-01-18 Wolves-Newcastle United,15,Yerson Mosquera,Wolverhampton Wanderers,True,CB,90
ENG-Premier League,2526,2026-01-18 Wolves-Newcastle United,36,Mateus Mane,Wolverhampton Wanderers,True,CM,90
ENG-Premier League,2526,2026-01-18 Wolves-Newcastle United,37,Ladislav Krejčí,Wolverhampton Wanderers,True,CB,90
ENG-Premier League,2526,2026-01-18 Wolves-Newcastle United,38,Jackson Tchatchoua,Wolverhampton Wanderers,True,RM,90
ENG-Premier League,2526,2026-01-18 Wolves-Newcastle United,31,Sam Johnstone,Wolverhampton Wanderers,False,,0
ENG-Premier League,2526,2026-01-18 Wolves-Newcastle United,2,Matt Doherty,Wolverhampton Wanderers,False,,0
ENG-Premier League,2526,2026-01-18 Wolves-Newcastle United,6,David Møller Wolfe,Wolverhampton Wanderers,False,,0
ENG-Premier League,2526,2026-01-18 Wolves-Newcastle United,9,Jørgen Strand Larsen,Wolverhampton Wanderers,False,FW,26
ENG-Premier League,2526,2026-01-18 Wolves-Newcastle United,10,Jhon Arias,Wolverhampton Wanderers,False,"FW,MF",20
ENG-Premier League,2526,2026-01-18 Wolves-Newcastle United,12,Emmanuel Agbadou,Wolverhampton Wanderers,False,,0
ENG-Premier League,2526,2026-01-18 Wolves-Newcastle United,17,Pedro Lima,Wolverhampton Wanderers,False,,0
ENG-Premier League,2526,2026-01-18 Wolves-Newcastle United,21,Rodrigo Gomes,Wolverhampton Wanderers,False,MF,5
ENG-Premier League,2526,2026-01-18 Wolves-Newcastle United,28,Fer López,Wolverhampton Wanderers,False,,0
ENG-Premier League,2526,2026-01-18 Wolves-Newcastle United,1,Nick Pope,Newcastle United,True,GK,90
ENG-Premier League,2526,2026-01-18 Wolves-Newcastle United,2,Kieran Trippier,Newcastle United,True,RB,90
ENG-Premier League,2526,2026-01-18 Wolves-Newcastle United,3,Lewis Hall,Newcastle United,True,LB,90
ENG-Premier League,2526,2026-01-18 Wolves-Newcastle United,4,Sven Botman,Newcastle United,True,CB,90
ENG-Premier League,2526,2026-01-18 Wolves-Newcastle United,7,Joelinton,Newcastle United,True,CM,90
ENG-Premier League,2526,2026-01-18 Wolves-Newcastle United,8,Sandro Tonali,Newcastle United,True,CM,66
ENG-Premier League,2526,2026-01-18 Wolves-Newcastle United,10,Anthony Gordon,Newcastle United,True,FW,66
ENG-Premier League,2526,2026-01-18 Wolves-Newcastle United,11,Harvey Barnes,Newcastle United,True,FW,90
ENG-Premier League,2526,2026-01-18 Wolves-Newcastle United,12,Malick Thiaw,Newcastle United,True,CB,90
ENG-Premier League,2526,2026-01-18 Wolves-Newcastle United,27,Nick Woltemade,Newcastle United,True,FW,66
ENG-Premier League,2526,2026-01-18 Wolves-Newcastle United,39,Bruno Guimarães,Newcastle United,True,CM,90
ENG-Premier League,2526,2026-01-18 Wolves-Newcastle United,32,Aaron Ramsdale,Newcastle United,False,,0
ENG-Premier League,2526,2026-01-18 Wolves-Newcastle United,9,Yoane Wissa,Newcastle United,False,"FW,MF",24
ENG-Premier League,2526,2026-01-18 Wolves-Newcastle United,20,Anthony Elanga,Newcastle United,False,"FW,MF",24
ENG-Premier League,2526,2026-01-18 Wolves-Newcastle United,28,Joe Willock,Newcastle United,False,,0
ENG-Premier League,2526,2026-01-18 Wolves-Newcastle United,37,Alex Murphy,Newcastle United,False,,0
ENG-Premier League,2526,2026-01-18 Wolves-Newcastle United,41,Jacob Ramsey,Newcastle United,False,,0
ENG-Premier League,2526,2026-01-18 Wolves-Newcastle United,61,Leo Shahar,Newcastle United,False,,0
ENG-Premier League,2526,2026-01-18 Wolves-Newcastle United,62,Sean Neave,Newcastle United,False,,0
ENG-Premier League,2526,2026-01-18 Wolves-Newcastle United,67,Lewis Miley,Newcastle United,False,MF,24
ENG-Premier League,2526,2026-02-12 Brentford-Arsenal,1,Caoimhín Kelleher,Brentford,True,GK,90
ENG-Premier League,2526,2026-02-12 Brentford-Arsenal,3,Rico Henry,Brentford,True,LB,89
ENG-Premier League,2526,2026-02-12 Brentford-Arsenal,4,Sepp van den Berg,Brentford,True,CB,90
ENG-Premier League,2526,2026-02-12 Brentford-Arsenal,8,Mathias Jensen,Brentford,True,AM,90
ENG-Premier League,2526,2026-02-12 Brentford-Arsenal,9,Igor Thiago,Brentford,True,FW,90
ENG-Premier League,2526,2026-02-12 Brentford-Arsenal,18,Yehor Yarmoliuk,Brentford,True,DM,72
ENG-Premier League,2526,2026-02-12 Brentford-Arsenal,19,Dango Ouattara,Brentford,True,AM,90
ENG-Premier League,2526,2026-02-12 Brentford-Arsenal,20,Kristoffer Ajer,Brentford,True,CB,90
ENG-Premier League,2526,2026-02-12 Brentford-Arsenal,23,Keane Lewis-Potter,Brentford,True,AM,72
ENG-Premier League,2526,2026-02-12 Brentford-Arsenal,27,Vitaly Janelt,Brentford,True,DM,90
ENG-Premier League,2526,2026-02-12 Brentford-Arsenal,33,Michael Kayode,Brentford,True,RB,90
ENG-Premier League,2526,2026-02-12 Brentford-Arsenal,12,Hákon Valdimarsson,Brentford,False,,0
ENG-Premier League,2526,2026-02-12 Brentford-Arsenal,2,Aaron Hickey,Brentford,False,"DF,MF",1
ENG-Premier League,2526,2026-02-12 Brentford-Arsenal,5,Ethan Pinnock,Brentford,False,,0
ENG-Premier League,2526,2026-02-12 Brentford-Arsenal,6,Jordan Henderson,Brentford,False,MF,18
ENG-Premier League,2526,2026-02-12 Brentford-Arsenal,22,Nathan Collins,Brentford,False,,0
ENG-Premier League,2526,2026-02-12 Brentford-Arsenal,24,Mikkel Damsgaard,Brentford,False,"FW,MF",18
ENG-Premier League,2526,2026-02-12 Brentford-Arsenal,45,Romelle Donovan,Brentford,False,,0
ENG-Premier League,2526,2026-02-12 Brentford-Arsenal,47,Kaye Furo,Brentford,False,,0
ENG-Premier League,2526,2026-02-12 Brentford-Arsenal,48,Luka Bentt,Brentford,False,,0
ENG-Premier League,2526,2026-02-12 Brentford-Arsenal,1,David Raya,Arsenal,True,GK,90
ENG-Premier League,2526,2026-02-12 Brentford-Arsenal,3,Cristhian Mosquera,Arsenal,True,CB,90
ENG-Premier League,2526,2026-02-12 Brentford-Arsenal,5,Piero Hincapié,Arsenal,True,LB,80
ENG-Premier League,2526,2026-02-12 Brentford-Arsenal,6,Gabriel Magalhães,Arsenal,True,CB,90
ENG-Premier League,2526,2026-02-12 Brentford-Arsenal,10,Eberechi Eze,Arsenal,True,AM,45
ENG-Premier League,2526,2026-02-12 Brentford-Arsenal,12,Jurriën Timber,Arsenal,True,RB,90
ENG-Premier League,2526,2026-02-12 Brentford-Arsenal,14,Viktor Gyökeres,Arsenal,True,FW,90
ENG-Premier League,2526,2026-02-12 Brentford-Arsenal,19,Leandro Trossard,Arsenal,True,AM,80
ENG-Premier League,2526,2026-02-12 Brentford-Arsenal,20,Noni Madueke,Arsenal,True,AM,69
ENG-Premier League,2526,2026-02-12 Brentford-Arsenal,36,Martín Zubimendi,Arsenal,True,DM,90
ENG-Premier League,2526,2026-02-12 Brentford-Arsenal,41,Declan Rice,Arsenal,True,DM,90
ENG-Premier League,2526,2026-02-12 Brentford-Arsenal,13,Kepa Arrizabalaga,Arsenal,False,,0
ENG-Premier League,2526,2026-02-12 Brentford-Arsenal,4,Ben White,Arsenal,False,,0
ENG-Premier League,2526,2026-02-12 Brentford-Arsenal,7,Bukayo Saka,Arsenal,False,"FW,MF",21
ENG-Premier League,2526,2026-02-12 Brentford-Arsenal,8,Martin Ødegaard,Arsenal,False,"FW,MF",45
ENG-Premier League,2526,2026-02-12 Brentford-Arsenal,9,Gabriel Jesus,Arsenal,False,,0
ENG-Premier League,2526,2026-02-12 Brentford-Arsenal,11,Gabriel Martinelli,Arsenal,False,"FW,MF",10
ENG-Premier League,2526,2026-02-12 Brentford-Arsenal,16,Christian Nørgaard,Arsenal,False,,0
ENG-Premier League,2526,2026-02-12 Brentford-Arsenal,33,Riccardo Calafiori,Arsenal,False,DF,10
ENG-Premier League,2526,2026-02-12 Brentford-Arsenal,49,Myles Lewis-Skelly,Arsenal,False,,0
ENG-Premier League,2526,2025-10-20 West Ham United-Brentford,23,Alphonse Areola,West Ham United,True,GK,90
ENG-Premier League,2526,2025-10-20 West Ham United-Brentford,2,Kyle Walker-Peters,West Ham United,True,LB,45
ENG-Premier League,2526,2025-10-20 West Ham United-Brentford,3,Max Kilman,West Ham United,True,CB,90
ENG-Premier League,2526,2025-10-20 West Ham United-Brentford,7,Crysencio Summerville,West Ham United,True,AM,90
ENG-Premier League,2526,2025-10-20 West Ham United-Brentford,10,Lucas Paquetá,West Ham United,True,FW,90
ENG-Premier League,2526,2025-10-20 West Ham United-Brentford,18,Mateus Fernandes,West Ham United,True,AM,45
ENG-Premier League,2526,2025-10-20 West Ham United-Brentford,20,Jarrod Bowen,West Ham United,True,AM,90
ENG-Premier League,2526,2025-10-20 West Ham United-Brentford,25,Jean-Clair Todibo,West Ham United,True,CB,90
ENG-Premier League,2526,2025-10-20 West Ham United-Brentford,28,Tomáš Souček,West Ham United,True,DM,70
ENG-Premier League,2526,2025-10-20 West Ham United-Brentford,30,Oliver Scarles,West Ham United,True,RB,45
ENG-Premier League,2526,2025-10-20 West Ham United-Brentford,39,Andy Irving,West Ham United,True,DM,60
ENG-Premier League,2526,2025-10-20 West Ham United-Brentford,1,Mads Hermansen,West Ham United,False,,0
ENG-Premier League,2526,2025-10-20 West Ham United-Brentford,9,Callum Wilson,West Ham United,False,,0
ENG-Premier League,2526,2025-10-20 West Ham United-Brentford,12,El Hadji Malick Diouf,West Ham United,False,"DF,MF",45
ENG-Premier League,2526,2025-10-20 West Ham United-Brentford,15,Konstantinos Mavropanos,West Ham United,False,DF,45
ENG-Premier League,2526,2025-10-20 West Ham United-Brentford,24,Guido Rodríguez,West Ham United,False,MF,20
ENG-Premier League,2526,2025-10-20 West Ham United-Brentford,27,Soungoutou Magassa,West Ham United,False,,0
ENG-Premier League,2526,2025-10-20 West Ham United-Brentford,29,Aaron Wan-Bissaka,West Ham United,False,"DF,MF",45
ENG-Premier League,2526,2025-10-20 West Ham United-Brentford,32,Freddie Potts,West Ham United,False,,0
ENG-Premier League,2526,2025-10-20 West Ham United-Brentford,50,Callum Marshall,West Ham United,False,FW,30
ENG-Premier League,2526,2025-10-20 West Ham United-Brentford,1,Caoimhín Kelleher,Brentford,True,GK,90
ENG-Premier League,2526,2025-10-20 West Ham United-Brentford,4,Sepp van den Berg,Brentford,True,CB,90
ENG-Premier League,2526,2025-10-20 West Ham United-Brentford,6,Jordan Henderson,Brentford,True,DM,89
ENG-Premier League,2526,2025-10-20 West Ham United-Brentford,7,Kevin Schade,Brentford,True,AM,90
ENG-Premier League,2526,2025-10-20 West Ham United-Brentford,9,Igor Thiago,Brentford,True,FW,90
ENG-Premier League,2526,2025-10-20 West Ham United-Brentford,18,Yehor Yarmoliuk,Brentford,True,DM,90
ENG-Premier League,2526,2025-10-20 West Ham United-Brentford,19,Dango Ouattara,Brentford,True,AM,75
ENG-Premier League,2526,2025-10-20 West Ham United-Brentford,20,Kristoffer Ajer,Brentford,True,LB,90
ENG-Premier League,2526,2025-10-20 West Ham United-Brentford,22,Nathan Collins,Brentford,True,CB,90
ENG-Premier League,2526,2025-10-20 West Ham United-Brentford,24,Mikkel Damsgaard,Brentford,True,AM,75
ENG-Premier League,2526,2025-10-20 West Ham United-Brentford,33,Michael Kayode,Brentford,True,RB,90
ENG-Premier League,2526,2025-10-20 West Ham United-Brentford,12,Hákon Valdimarsson,Brentford,False,,0
ENG-Premier League,2526,2025-10-20 West Ham United-Brentford,3,Rico Henry,Brentford,False,,0
ENG-Premier League,2526,2025-10-20 West Ham United-Brentford,5,Ethan Pinnock,Brentford,False,,0
ENG-Premier League,2526,2025-10-20 West Ham United-Brentford,8,Mathias Jensen,Brentford,False,MF,1
ENG-Premier League,2526,2025-10-20 West Ham United-Brentford,11,Reiss Nelson,Brentford,False,,0
ENG-Premier League,2526,2025-10-20 West Ham United-Brentford,14,Fabio Carvalho,Brentford,False,,0
ENG-Premier League,2526,2025-10-20 West Ham United-Brentford,15,Frank Onyeka,Brentford,False,,0
ENG-Premier League,2526,2025-10-20 West Ham United-Brentford,23,Keane Lewis-Potter,Brentford,False,"DF,FW",15
ENG-Premier League,2526,2025-10-20 West Ham United-Brentford,27,Vitaly Janelt,Brentford,False,MF,15
ENG-Premier League,2526,2025-12-13 Chelsea-Everton,1,Robert Sánchez,Chelsea,True,GK,90
ENG-Premier League,2526,2025-12-13 Chelsea-Everton,3,Marc Cucurella,Chelsea,True,LB,90
ENG-Premier League,2526,2025-12-13 Chelsea-Everton,7,Pedro Neto,Chelsea,True,AM,90
ENG-Premier League,2526,2025-12-13 Chelsea-Everton,8,Enzo Fernández,Chelsea,True,DM,90
ENG-Premier League,2526,2025-12-13 Chelsea-Everton,10,Cole Palmer,Chelsea,True,AM,57
ENG-Premier League,2526,2025-12-13 Chelsea-Everton,20,João Pedro,Chelsea,True,FW,80
ENG-Premier League,2526,2025-12-13 Chelsea-Everton,23,Trevoh Chalobah,Chelsea,True,CB,90
ENG-Premier League,2526,2025-12-13 Chelsea-Everton,24,Reece James,Chelsea,True,DM,90
ENG-Premier League,2526,2025-12-13 Chelsea-Everton,27,Malo Gusto,Chelsea,True,RB,90
ENG-Premier League,2526,2025-12-13 Chelsea-Everton,29,Wesley Fofana,Chelsea,True,CB,90
ENG-Premier League,2526,2025-12-13 Chelsea-Everton,49,Alejandro Garnacho,Chelsea,True,AM,64
ENG-Premier League,2526,2025-12-13 Chelsea-Everton,12,Filip Jørgensen,Chelsea,False,,0
ENG-Premier League,2526,2025-12-13 Chelsea-Everton,4,Tosin Adarabioyo,Chelsea,False,,0
ENG-Premier League,2526,2025-12-13 Chelsea-Everton,5,Benoît Badiashile,Chelsea,False,,0
ENG-Premier League,2526,2025-12-13 Chelsea-Everton,11,Jamie Gittens,Chelsea,False,MF,26
ENG-Premier League,2526,2025-12-13 Chelsea-Everton,17,Andrey Santos,Chelsea,False,MF,33
ENG-Premier League,2526,2025-12-13 Chelsea-Everton,21,Jorrel Hato,Chelsea,False,,0
ENG-Premier League,2526,2025-12-13 Chelsea-Everton,34,Joshua Acheampong,Chelsea,False,,0
ENG-Premier League,2526,2025-12-13 Chelsea-Everton,38,Marc Guiu,Chelsea,False,,0
ENG-Premier League,2526,2025-12-13 Chelsea-Everton,41,Estêvão Willian,Chelsea,False,MF,10
ENG-Premier League,2526,2025-12-13 Chelsea-Everton,1,Jordan Pickford,Everton,True,GK,90
ENG-Premier League,2526,2025-12-13 Chelsea-Everton,5,Michael Keane,Everton,True,CB,90
ENG-Premier League,2526,2025-12-13 Chelsea-Everton,6,James Tarkowski,Everton,True,CB,90
ENG-Premier League,2526,2025-12-13 Chelsea-Everton,10,Iliman Ndiaye,Everton,True,AM,90
ENG-Premier League,2526,2025-12-13 Chelsea-Everton,11,Thierno Barry,Everton,True,FW,67
ENG-Premier League,2526,2025-12-13 Chelsea-Everton,15,Jake O'Brien,Everton,True,RB,90
ENG-Premier League,2526,2025-12-13 Chelsea-Everton,16,Vitaliy Mykolenko,Everton,True,LB,90
ENG-Premier League,2526,2025-12-13 Chelsea-Everton,18,Jack Grealish,Everton,True,AM,83
ENG-Premier League,2526,2025-12-13 Chelsea-Everton,22,Kiernan Dewsbury-Hall,Everton,True,AM,15
ENG-Premier League,2526,2025-12-13 Chelsea-Everton,27,Idrissa Gana Gueye,Everton,True,DM,90
ENG-Premier League,2526,2025-12-13 Chelsea-Everton,37,James Garner,Everton,True,DM,83
ENG-Premier League,2526,2025-12-13 Chelsea-Everton,12,Mark Travers,Everton,False,,0
ENG-Premier League,2526,2025-12-13 Chelsea-Everton,2,Nathan Patterson,Everton,False,,0
ENG-Premier League,2526,2025-12-13 Chelsea-Everton,7,Dwight McNeil,Everton,False,,0
ENG-Premier League,2526,2025-12-13 Chelsea-Everton,9,Beto,Everton,False,FW,23
ENG-Premier League,2526,2025-12-13 Chelsea-Everton,20,Tyler Dibling,Everton,False,MF,7
ENG-Premier League,2526,2025-12-13 Chelsea-Everton,24,Carlos Alcaraz,Everton,False,MF,75
ENG-Premier League,2526,2025-12-13 Chelsea-Everton,39,Adam Aznou,Everton,False,,0
ENG-Premier League,2526,2025-12-13 Chelsea-Everton,42,Tim Iroegbunam,Everton,False,MF,7
ENG-Premier League,2526,2025-12-13 Chelsea-Everton,73,Elijah Campbell,Everton,False,,0
ENG-Premier League,2526,2026-01-17 Nottingham Forest-Arsenal,26,Matz Sels,Nottingham Forest,True,GK,90
ENG-Premier League,2526,2026-01-17 Nottingham Forest-Arsenal,3,Neco Williams,Nottingham Forest,True,LB,90
ENG-Premier League,2526,2026-01-17 Nottingham Forest-Arsenal,5,Murillo,Nottingham Forest,True,CB,90
ENG-Premier League,2526,2026-01-17 Nottingham Forest-Arsenal,6,Ibrahim Sangaré,Nottingham Forest,True,DM,90
ENG-Premier League,2526,2026-01-17 Nottingham Forest-Arsenal,7,Callum Hudson-Odoi,Nottingham Forest,True,AM,90
ENG-Premier League,2526,2026-01-17 Nottingham Forest-Arsenal,8,Elliot Anderson,Nottingham Forest,True,DM,90
ENG-Premier League,2526,2026-01-17 Nottingham Forest-Arsenal,10,Morgan Gibbs-White,Nottingham Forest,True,AM,90
ENG-Premier League,2526,2026-01-17 Nottingham Forest-Arsenal,16,Nicolás Domínguez,Nottingham Forest,True,AM,88
ENG-Premier League,2526,2026-01-17 Nottingham Forest-Arsenal,19,Igor Jesus,Nottingham Forest,True,FW,75
ENG-Premier League,2526,2026-01-17 Nottingham Forest-Arsenal,31,Nikola Milenković,Nottingham Forest,True,CB,90
ENG-Premier League,2526,2026-01-17 Nottingham Forest-Arsenal,34,Ola Aina,Nottingham Forest,True,RB,90
ENG-Premier League,2526,2026-01-17 Nottingham Forest-Arsenal,18,Angus Gunn,Nottingham Forest,False,,0
ENG-Premier League,2526,2026-01-17 Nottingham Forest-Arsenal,4,Morato,Nottingham Forest,False,,0
ENG-Premier League,2526,2026-01-17 Nottingham Forest-Arsenal,9,Taiwo Awoniyi,Nottingham Forest,False,,0
ENG-Premier League,2526,2026-01-17 Nottingham Forest-Arsenal,12,Douglas Luiz,Nottingham Forest,False,,0
ENG-Premier League,2526,2026-01-17 Nottingham Forest-Arsenal,14,Dan Ndoye,Nottingham Forest,False,"FW,MF",15
ENG-Premier League,2526,2026-01-17 Nottingham Forest-Arsenal,21,Omari Hutchinson,Nottingham Forest,False,MF,2
ENG-Premier League,2526,2026-01-17 Nottingham Forest-Arsenal,22,Ryan Yates,Nottingham Forest,False,,0
ENG-Premier League,2526,2026-01-17 Nottingham Forest-Arsenal,24,James Mcatee,Nottingham Forest,False,,0
ENG-Premier League,2526,2026-01-17 Nottingham Forest-Arsenal,37,Nicolò Savona,Nottingham Forest,False,,0
ENG-Premier League,2526,2026-01-17 Nottingham Forest-Arsenal,1,David Raya,Arsenal,True,GK,90
ENG-Premier League,2526,2026-01-17 Nottingham Forest-Arsenal,2,William Saliba,Arsenal,True,CB,90
ENG-Premier League,2526,2026-01-17 Nottingham Forest-Arsenal,4,Ben White,Arsenal,True,RB,90
ENG-Premier League,2526,2026-01-17 Nottingham Forest-Arsenal,6,Gabriel Magalhães,Arsenal,True,CB,90
ENG-Premier League,2526,2026-01-17 Nottingham Forest-Arsenal,8,Martin Ødegaard,Arsenal,True,CM,56
ENG-Premier League,2526,2026-01-17 Nottingham Forest-Arsenal,11,Gabriel Martinelli,Arsenal,True,FW,45
ENG-Premier League,2526,2026-01-17 Nottingham Forest-Arsenal,12,Jurriën Timber,Arsenal,True,LB,90
ENG-Premier League,2526,2026-01-17 Nottingham Forest-Arsenal,14,Viktor Gyökeres,Arsenal,True,FW,56
ENG-Premier League,2526,2026-01-17 Nottingham Forest-Arsenal,20,Noni Madueke,Arsenal,True,FW,56
ENG-Premier League,2526,2026-01-17 Nottingham Forest-Arsenal,36,Martín Zubimendi,Arsenal,True,CM,78
ENG-Premier League,2526,2026-01-17 Nottingham Forest-Arsenal,41,Declan Rice,Arsenal,True,CM,90
ENG-Premier League,2526,2026-01-17 Nottingham Forest-Arsenal,13,Kepa Arrizabalaga,Arsenal,False,,0
ENG-Premier League,2526,2026-01-17 Nottingham Forest-Arsenal,3,Cristhian Mosquera,Arsenal,False,,0
ENG-Premier League,2526,2026-01-17 Nottingham Forest-Arsenal,7,Bukayo Saka,Arsenal,False,"FW,MF",34
ENG-Premier League,2526,2026-01-17 Nottingham Forest-Arsenal,9,Gabriel Jesus,Arsenal,False,"FW,MF",34
ENG-Premier League,2526,2026-01-17 Nottingham Forest-Arsenal,10,Eberechi Eze,Arsenal,False,"FW,MF",12
ENG-Premier League,2526,2026-01-17 Nottingham Forest-Arsenal,19,Leandro Trossard,Arsenal,False,"FW,MF",45
ENG-Premier League,2526,2026-01-17 Nottingham Forest-Arsenal,23,Mikel Merino,Arsenal,False,MF,34
ENG-Premier League,2526,2026-01-17 Nottingham Forest-Arsenal,29,Kai Havertz,Arsenal,False,,0
ENG-Premier League,2526,2026-01-17 Nottingham Forest-Arsenal,49,Myles Lewis-Skelly,Arsenal,False,,0
ENG-Premier League,2526,2025-11-08 Sunderland-Arsenal,22,Robin Roefs,Sunderland,True,GK,90
ENG-Premier League,2526,2025-11-08 Sunderland-Arsenal,5,Daniel Ballard,Sunderland,True,CB,90
ENG-Premier League,2526,2025-11-08 Sunderland-Arsenal,6,Lutsharel Geertruida,Sunderland,True,CB,86
ENG-Premier League,2526,2025-11-08 Sunderland-Arsenal,17,Reinildo Mandava,Sunderland,True,LB,90
ENG-Premier League,2526,2025-11-08 Sunderland-Arsenal,18,Wilson Isidor,Sunderland,True,FW,62
ENG-Premier League,2526,2025-11-08 Sunderland-Arsenal,20,Nordi Mukiele,Sunderland,True,CB,90
ENG-Premier League,2526,2025-11-08 Sunderland-Arsenal,25,Bertrand Traoré,Sunderland,True,RM,63
ENG-Premier League,2526,2025-11-08 Sunderland-Arsenal,27,Noah Sadiki,Sunderland,True,CM,90
ENG-Premier League,2526,2025-11-08 Sunderland-Arsenal,28,Enzo Le Fée,Sunderland,True,LM,63
ENG-Premier League,2526,2025-11-08 Sunderland-Arsenal,32,Trai Hume,Sunderland,True,RB,90
ENG-Premier League,2526,2025-11-08 Sunderland-Arsenal,34,Granit Xhaka,Sunderland,True,CM,90
ENG-Premier League,2526,2025-11-08 Sunderland-Arsenal,1,Anthony Patterson,Sunderland,False,,0
ENG-Premier League,2526,2025-11-08 Sunderland-Arsenal,4,Dan Neil,Sunderland,False,,0
ENG-Premier League,2526,2025-11-08 Sunderland-Arsenal,7,Chemsdine Talbi,Sunderland,False,MF,27
ENG-Premier League,2526,2025-11-08 Sunderland-Arsenal,9,Brian Brobbey,Sunderland,False,FW,28
ENG-Premier League,2526,2025-11-08 Sunderland-Arsenal,11,Chris Rigg,Sunderland,False,,0
ENG-Premier League,2526,2025-11-08 Sunderland-Arsenal,12,Eliezer Mayenda,Sunderland,False,FW,4
ENG-Premier League,2526,2025-11-08 Sunderland-Arsenal,13,Luke O'Nien,Sunderland,False,,0
ENG-Premier League,2526,2025-11-08 Sunderland-Arsenal,24,Simon Adingra,Sunderland,False,"FW,MF",27
ENG-Premier League,2526,2025-11-08 Sunderland-Arsenal,26,Arthur Masuaku,Sunderland,False,,0
ENG-Premier League,2526,2025-11-08 Sunderland-Arsenal,1,David Raya,Arsenal,True,GK,90
ENG-Premier League,2526,2025-11-08 Sunderland-Arsenal,2,William Saliba,Arsenal,True,CB,90
ENG-Premier League,2526,2025-11-08 Sunderland-Arsenal,6,Gabriel Magalhães,Arsenal,True,CB,90
ENG-Premier League,2526,2025-11-08 Sunderland-Arsenal,7,Bukayo Saka,Arsenal,True,AM,90
ENG-Premier League,2526,2025-11-08 Sunderland-Arsenal,10,Eberechi Eze,Arsenal,True,AM,87
ENG-Premier League,2526,2025-11-08 Sunderland-Arsenal,12,Jurriën Timber,Arsenal,True,RB,90
ENG-Premier League,2526,2025-11-08 Sunderland-Arsenal,19,Leandro Trossard,Arsenal,True,AM,90
ENG-Premier League,2526,2025-11-08 Sunderland-Arsenal,23,Mikel Merino,Arsenal,True,FW,90
ENG-Premier League,2526,2025-11-08 Sunderland-Arsenal,33,Riccardo Calafiori,Arsenal,True,LB,90
ENG-Premier League,2526,2025-11-08 Sunderland-Arsenal,36,Martín Zubimendi,Arsenal,True,DM,90
ENG-Premier League,2526,2025-11-08 Sunderland-Arsenal,41,Declan Rice,Arsenal,True,DM,90
ENG-Premier League,2526,2025-11-08 Sunderland-Arsenal,13,Kepa Arrizabalaga,Arsenal,False,,0
ENG-Premier League,2526,2025-11-08 Sunderland-Arsenal,3,Cristhian Mosquera,Arsenal,False,DF,3
ENG-Premier League,2526,2025-11-08 Sunderland-Arsenal,4,Ben White,Arsenal,False,,0
ENG-Premier League,2526,2025-11-08 Sunderland-Arsenal,5,Piero Hincapié,Arsenal,False,,0
ENG-Premier League,2526,2025-11-08 Sunderland-Arsenal,16,Christian Nørgaard,Arsenal,False,,0
ENG-Premier League,2526,2025-11-08 Sunderland-Arsenal,22,Ethan Nwaneri,Arsenal,False,,0
ENG-Premier League,2526,2025-11-08 Sunderland-Arsenal,49,Myles Lewis-Skelly,Arsenal,False,,0
ENG-Premier League,2526,2025-11-08 Sunderland-Arsenal,56,Max Dowman,Arsenal,False,,0
ENG-Premier League,2526,2025-11-08 Sunderland-Arsenal,71,Andre Annous,Arsenal,False,,0
ENG-Premier League,2526,2025-11-29 Tottenham Hotspur-Fulham,1,Guglielmo Vicario,Tottenham Hotspur,True,GK,90
ENG-Premier League,2526,2025-11-29 Tottenham Hotspur-Fulham,4,Kevin Danso,Tottenham Hotspur,True,CB,90
ENG-Premier League,2526,2025-11-29 Tottenham Hotspur-Fulham,6,João Palhinha,Tottenham Hotspur,True,CM,59
ENG-Premier League,2526,2025-11-29 Tottenham Hotspur-Fulham,9,Richarlison,Tottenham Hotspur,True,FW,59
ENG-Premier League,2526,2025-11-29 Tottenham Hotspur-Fulham,13,Destiny Udogie,Tottenham Hotspur,True,LB,84
ENG-Premier League,2526,2025-11-29 Tottenham Hotspur-Fulham,14,Archie Gray,Tottenham Hotspur,True,CM,59
ENG-Premier League,2526,2025-11-29 Tottenham Hotspur-Fulham,15,Lucas Bergvall,Tottenham Hotspur,True,LW,76
ENG-Premier League,2526,2025-11-29 Tottenham Hotspur-Fulham,20,Mohammed Kudus,Tottenham Hotspur,True,RW,90
ENG-Premier League,2526,2025-11-29 Tottenham Hotspur-Fulham,23,Pedro Porro,Tottenham Hotspur,True,RB,90
ENG-Premier League,2526,2025-11-29 Tottenham Hotspur-Fulham,37,Micky van de Ven,Tottenham Hotspur,True,CB,90
ENG-Premier League,2526,2025-11-29 Tottenham Hotspur-Fulham,39,Randal Kolo Muani,Tottenham Hotspur,True,FW,90
ENG-Premier League,2526,2025-11-29 Tottenham Hotspur-Fulham,31,Antonín Kinský,Tottenham Hotspur,False,,0
ENG-Premier League,2526,2025-11-29 Tottenham Hotspur-Fulham,7,Xavi Simons,Tottenham Hotspur,False,"FW,MF",31
ENG-Premier League,2526,2025-11-29 Tottenham Hotspur-Fulham,11,Mathys Tel,Tottenham Hotspur,False,"FW,MF",6
ENG-Premier League,2526,2025-11-29 Tottenham Hotspur-Fulham,22,Brennan Johnson,Tottenham Hotspur,False,,0
ENG-Premier League,2526,2025-11-29 Tottenham Hotspur-Fulham,24,Djed Spence,Tottenham Hotspur,False,,0
ENG-Premier League,2526,2025-11-29 Tottenham Hotspur-Fulham,28,Wilson Odobert,Tottenham Hotspur,False,"FW,MF",31
ENG-Premier League,2526,2025-11-29 Tottenham Hotspur-Fulham,29,Pape Matar Sarr,Tottenham Hotspur,False,MF,14
ENG-Premier League,2526,2025-11-29 Tottenham Hotspur-Fulham,30,Rodrigo Bentancur,Tottenham Hotspur,False,MF,31
ENG-Premier League,2526,2025-11-29 Tottenham Hotspur-Fulham,33,Ben Davies,Tottenham Hotspur,False,,0
ENG-Premier League,2526,2025-11-29 Tottenham Hotspur-Fulham,1,Bernd Leno,Fulham,True,GK,90
ENG-Premier League,2526,2025-11-29 Tottenham Hotspur-Fulham,2,Kenny Tete,Fulham,True,RB,90
ENG-Premier League,2526,2025-11-29 Tottenham Hotspur-Fulham,3,Calvin Bassey,Fulham,True,CB,90
ENG-Premier League,2526,2025-11-29 Tottenham Hotspur-Fulham,5,Joachim Andersen,Fulham,True,CB,90
ENG-Premier League,2526,2025-11-29 Tottenham Hotspur-Fulham,7,Raúl Jiménez,Fulham,True,FW,90
ENG-Premier League,2526,2025-11-29 Tottenham Hotspur-Fulham,8,Harry Wilson,Fulham,True,AM,67
ENG-Premier League,2526,2025-11-29 Tottenham Hotspur-Fulham,16,Sander Berge,Fulham,True,DM,90
ENG-Premier League,2526,2025-11-29 Tottenham Hotspur-Fulham,17,Alex Iwobi,Fulham,True,DM,86
ENG-Premier League,2526,2025-11-29 Tottenham Hotspur-Fulham,19,Samuel Chukwueze,Fulham,True,AM,80
ENG-Premier League,2526,2025-11-29 Tottenham Hotspur-Fulham,24,Joshua King,Fulham,True,AM,67
ENG-Premier League,2526,2025-11-29 Tottenham Hotspur-Fulham,30,Ryan Sessegnon,Fulham,True,LB,90
ENG-Premier League,2526,2025-11-29 Tottenham Hotspur-Fulham,23,Benjamin Lecomte,Fulham,False,,0
ENG-Premier League,2526,2025-11-29 Tottenham Hotspur-Fulham,10,Tom Cairney,Fulham,False,,0
ENG-Premier League,2526,2025-11-29 Tottenham Hotspur-Fulham,11,Adama Traoré,Fulham,False,,0
ENG-Premier League,2526,2025-11-29 Tottenham Hotspur-Fulham,15,Jorge Cuenca,Fulham,False,,0
ENG-Premier League,2526,2025-11-29 Tottenham Hotspur-Fulham,18,Jonah Kusi-Asare,Fulham,False,,0
ENG-Premier League,2526,2025-11-29 Tottenham Hotspur-Fulham,20,Saša Lukić,Fulham,False,MF,23
ENG-Premier League,2526,2025-11-29 Tottenham Hotspur-Fulham,21,Timothy Castagne,Fulham,False,"DF,MF",4
ENG-Premier League,2526,2025-11-29 Tottenham Hotspur-Fulham,22,Kevin,Fulham,False,MF,10
ENG-Premier League,2526,2025-11-29 Tottenham Hotspur-Fulham,32,Emile Smith Rowe,Fulham,False,MF,23
ENG-Premier League,2526,2025-11-22 Brighton-Brentford,1,Bart Verbruggen,Brighton & Hove Albion,True,GK,90
ENG-Premier League,2526,2025-11-22 Brighton-Brentford,6,Jan Paul van Hecke,Brighton & Hove Albion,True,CB,90
ENG-Premier League,2526,2025-11-22 Brighton-Brentford,10,Georginio Rutter,Brighton & Hove Albion,True,AM,88
ENG-Premier League,2526,2025-11-22 Brighton-Brentford,11,Yankuba Minteh,Brighton & Hove Albion,True,AM,88
ENG-Premier League,2526,2025-11-22 Brighton-Brentford,17,Carlos Baleba,Brighton & Hove Albion,True,DM,45
ENG-Premier League,2526,2025-11-22 Brighton-Brentford,18,Danny Welbeck,Brighton & Hove Albion,True,FW,90
ENG-Premier League,2526,2025-11-22 Brighton-Brentford,21,Olivier Boscagli,Brighton & Hove Albion,True,CB,45
ENG-Premier League,2526,2025-11-22 Brighton-Brentford,24,Ferdi Kadioglu,Brighton & Hove Albion,True,LB,90
ENG-Premier League,2526,2025-11-22 Brighton-Brentford,25,Diego Gómez,Brighton & Hove Albion,True,AM,69
ENG-Premier League,2526,2025-11-22 Brighton-Brentford,26,Yasin Ayari,Brighton & Hove Albion,True,DM,90
ENG-Premier League,2526,2025-11-22 Brighton-Brentford,27,Mats Wieffer,Brighton & Hove Albion,True,RB,90
ENG-Premier League,2526,2025-11-22 Brighton-Brentford,23,Jason Steele,Brighton & Hove Albion,False,,0
ENG-Premier League,2526,2025-11-22 Brighton-Brentford,5,Lewis Dunk,Brighton & Hove Albion,False,DF,45
ENG-Premier League,2526,2025-11-22 Brighton-Brentford,8,Brajan Gruda,Brighton & Hove Albion,False,MF,2
ENG-Premier League,2526,2025-11-22 Brighton-Brentford,9,Stefanos Tzimas,Brighton & Hove Albion,False,,0
ENG-Premier League,2526,2025-11-22 Brighton-Brentford,13,Jack Hinshelwood,Brighton & Hove Albion,False,"DF,MF",21
ENG-Premier League,2526,2025-11-22 Brighton-Brentford,19,Charalampos Kostoulas,Brighton & Hove Albion,False,,0
ENG-Premier League,2526,2025-11-22 Brighton-Brentford,29,Maxim De Cuyper,Brighton & Hove Albion,False,"DF,MF",45
ENG-Premier League,2526,2025-11-22 Brighton-Brentford,34,Joël Veltman,Brighton & Hove Albion,False,DF,2
ENG-Premier League,2526,2025-11-22 Brighton-Brentford,42,Diego Coppola,Brighton & Hove Albion,False,,0
ENG-Premier League,2526,2025-11-22 Brighton-Brentford,1,Caoimhín Kelleher,Brentford,True,GK,90
ENG-Premier League,2526,2025-11-22 Brighton-Brentford,4,Sepp van den Berg,Brentford,True,CB,90
ENG-Premier League,2526,2025-11-22 Brighton-Brentford,6,Jordan Henderson,Brentford,True,DM,90
ENG-Premier League,2526,2025-11-22 Brighton-Brentford,7,Kevin Schade,Brentford,True,AM,90
ENG-Premier League,2526,2025-11-22 Brighton-Brentford,9,Igor Thiago,Brentford,True,FW,90
ENG-Premier League,2526,2025-11-22 Brighton-Brentford,18,Yehor Yarmoliuk,Brentford,True,DM,79
ENG-Premier League,2526,2025-11-22 Brighton-Brentford,19,Dango Ouattara,Brentford,True,AM,64
ENG-Premier League,2526,2025-11-22 Brighton-Brentford,20,Kristoffer Ajer,Brentford,True,LB,79
ENG-Premier League,2526,2025-11-22 Brighton-Brentford,22,Nathan Collins,Brentford,True,CB,90
ENG-Premier League,2526,2025-11-22 Brighton-Brentford,24,Mikkel Damsgaard,Brentford,True,AM,79
ENG-Premier League,2526,2025-11-22 Brighton-Brentford,33,Michael Kayode,Brentford,True,RB,90
ENG-Premier League,2526,2025-11-22 Brighton-Brentford,12,Hákon Valdimarsson,Brentford,False,,0
ENG-Premier League,2526,2025-11-22 Brighton-Brentford,2,Aaron Hickey,Brentford,False,"DF,MF",11
ENG-Premier League,2526,2025-11-22 Brighton-Brentford,3,Rico Henry,Brentford,False,,0
ENG-Premier League,2526,2025-11-22 Brighton-Brentford,5,Ethan Pinnock,Brentford,False,,0
ENG-Premier League,2526,2025-11-22 Brighton-Brentford,8,Mathias Jensen,Brentford,False,MF,11
ENG-Premier League,2526,2025-11-22 Brighton-Brentford,11,Reiss Nelson,Brentford,False,,0
ENG-Premier League,2526,2025-11-22 Brighton-Brentford,15,Frank Onyeka,Brentford,False,,0
ENG-Premier League,2526,2025-11-22 Brighton-Brentford,23,Keane Lewis-Potter,Brentford,False,"DF,FW",26
ENG-Premier League,2526,2025-11-22 Brighton-Brentford,27,Vitaly Janelt,Brentford,False,MF,11
ENG-Premier League,2526,2025-08-30 Wolves-Everton,1,José Sá,Wolverhampton Wanderers,True,GK,90
ENG-Premier League,2526,2025-08-30 Wolves-Everton,3,Hugo Bueno,Wolverhampton Wanderers,True,LM,75
ENG-Premier League,2526,2025-08-30 Wolves-Everton,4,Santiago Bueno,Wolverhampton Wanderers,True,CB,90
ENG-Premier League,2526,2025-08-30 Wolves-Everton,5,Marshall Munetsi,Wolverhampton Wanderers,True,FW,90
ENG-Premier League,2526,2025-08-30 Wolves-Everton,7,André,Wolverhampton Wanderers,True,CM,63
ENG-Premier League,2526,2025-08-30 Wolves-Everton,8,João Gomes,Wolverhampton Wanderers,True,CM,90
ENG-Premier League,2526,2025-08-30 Wolves-Everton,10,Jhon Arias,Wolverhampton Wanderers,True,FW,63
ENG-Premier League,2526,2025-08-30 Wolves-Everton,11,Hwang Hee-chan,Wolverhampton Wanderers,True,FW,75
ENG-Premier League,2526,2025-08-30 Wolves-Everton,12,Emmanuel Agbadou,Wolverhampton Wanderers,True,CB,90
ENG-Premier League,2526,2025-08-30 Wolves-Everton,24,Toti Gomes,Wolverhampton Wanderers,True,CB,90
ENG-Premier League,2526,2025-08-30 Wolves-Everton,38,Jackson Tchatchoua,Wolverhampton Wanderers,True,RM,63
ENG-Premier League,2526,2025-08-30 Wolves-Everton,31,Sam Johnstone,Wolverhampton Wanderers,False,,0
ENG-Premier League,2526,2025-08-30 Wolves-Everton,2,Matt Doherty,Wolverhampton Wanderers,False,,0
ENG-Premier League,2526,2025-08-30 Wolves-Everton,6,David Møller Wolfe,Wolverhampton Wanderers,False,DF,15
ENG-Premier League,2526,2025-08-30 Wolves-Everton,15,Yerson Mosquera,Wolverhampton Wanderers,False,,0
ENG-Premier League,2526,2025-08-30 Wolves-Everton,17,Ladislav Krejčí,Wolverhampton Wanderers,False,,0
ENG-Premier League,2526,2025-08-30 Wolves-Everton,18,Sasa Kalajdzic,Wolverhampton Wanderers,False,"FW,MF",15
ENG-Premier League,2526,2025-08-30 Wolves-Everton,21,Rodrigo Gomes,Wolverhampton Wanderers,False,MF,27
ENG-Premier League,2526,2025-08-30 Wolves-Everton,27,Jean-Ricner Bellegarde,Wolverhampton Wanderers,False,MF,27
ENG-Premier League,2526,2025-08-30 Wolves-Everton,28,Fer López,Wolverhampton Wanderers,False,MF,27
ENG-Premier League,2526,2025-08-30 Wolves-Everton,1,Jordan Pickford,Everton,True,GK,90
ENG-Premier League,2526,2025-08-30 Wolves-Everton,5,Michael Keane,Everton,True,CB,90
ENG-Premier League,2526,2025-08-30 Wolves-Everton,6,James Tarkowski,Everton,True,CB,90
ENG-Premier League,2526,2025-08-30 Wolves-Everton,9,Beto,Everton,True,FW,75
ENG-Premier League,2526,2025-08-30 Wolves-Everton,10,Iliman Ndiaye,Everton,True,AM,89
ENG-Premier League,2526,2025-08-30 Wolves-Everton,15,Jake O'Brien,Everton,True,RB,90
ENG-Premier League,2526,2025-08-30 Wolves-Everton,16,Vitaliy Mykolenko,Everton,True,LB,90
ENG-Premier League,2526,2025-08-30 Wolves-Everton,18,Jack Grealish,Everton,True,AM,87
ENG-Premier League,2526,2025-08-30 Wolves-Everton,22,Kiernan Dewsbury-Hall,Everton,True,AM,90
ENG-Premier League,2526,2025-08-30 Wolves-Everton,27,Idrissa Gana Gueye,Everton,True,DM,75
ENG-Premier League,2526,2025-08-30 Wolves-Everton,37,James Garner,Everton,True,DM,90
ENG-Premier League,2526,2025-08-30 Wolves-Everton,12,Mark Travers,Everton,False,,0
ENG-Premier League,2526,2025-08-30 Wolves-Everton,7,Dwight McNeil,Everton,False,,0
ENG-Premier League,2526,2025-08-30 Wolves-Everton,11,Thierno Barry,Everton,False,FW,15
ENG-Premier League,2526,2025-08-30 Wolves-Everton,20,Tyler Dibling,Everton,False,,0
ENG-Premier League,2526,2025-08-30 Wolves-Everton,23,Séamus Coleman,Everton,False,"DF,MF",1
ENG-Premier League,2526,2025-08-30 Wolves-Everton,24,Carlos Alcaraz,Everton,False,MF,3
ENG-Premier League,2526,2025-08-30 Wolves-Everton,42,Tim Iroegbunam,Everton,False,MF,15
ENG-Premier League,2526,2025-08-30 Wolves-Everton,45,Harrison Armstrong,Everton,False,,0
ENG-Premier League,2526,2025-08-30 Wolves-Everton,62,Tyler Onyango,Everton,False,,0
ENG-Premier League,2526,2025-12-20 Wolves-Brentford,1,José Sá,Wolverhampton Wanderers,True,GK,90
ENG-Premier League,2526,2025-12-20 Wolves-Brentford,2,Matt Doherty,Wolverhampton Wanderers,True,CB,88
ENG-Premier League,2526,2025-12-20 Wolves-Brentford,4,Santiago Bueno,Wolverhampton Wanderers,True,CB,90
ENG-Premier League,2526,2025-12-20 Wolves-Brentford,6,David Møller Wolfe,Wolverhampton Wanderers,True,LM,90
ENG-Premier League,2526,2025-12-20 Wolves-Brentford,7,André,Wolverhampton Wanderers,True,CM,90
ENG-Premier League,2526,2025-12-20 Wolves-Brentford,8,João Gomes,Wolverhampton Wanderers,True,CM,90
ENG-Premier League,2526,2025-12-20 Wolves-Brentford,9,Jørgen Strand Larsen,Wolverhampton Wanderers,True,FW,90
ENG-Premier League,2526,2025-12-20 Wolves-Brentford,11,Hwang Hee-chan,Wolverhampton Wanderers,True,FW,88
ENG-Premier League,2526,2025-12-20 Wolves-Brentford,26,Ki-Jana Hoever,Wolverhampton Wanderers,True,RM,80
ENG-Premier League,2526,2025-12-20 Wolves-Brentford,28,Fer López,Wolverhampton Wanderers,True,CM,64
ENG-Premier League,2526,2025-12-20 Wolves-Brentford,37,Ladislav Krejčí,Wolverhampton Wanderers,True,CB,90
ENG-Premier League,2526,2025-12-20 Wolves-Brentford,31,Sam Johnstone,Wolverhampton Wanderers,False,,0
ENG-Premier League,2526,2025-12-20 Wolves-Brentford,10,Jhon Arias,Wolverhampton Wanderers,False,"FW,MF",2
ENG-Premier League,2526,2025-12-20 Wolves-Brentford,14,Tolu Arokodare,Wolverhampton Wanderers,False,FW,10
ENG-Premier League,2526,2025-12-20 Wolves-Brentford,30,Enso Gonzalez,Wolverhampton Wanderers,False,,0
ENG-Premier League,2526,2025-12-20 Wolves-Brentford,36,Mateus Mane,Wolverhampton Wanderers,False,FW,26
ENG-Premier League,2526,2025-12-20 Wolves-Brentford,38,Jackson Tchatchoua,Wolverhampton Wanderers,False,"DF,MF",2
ENG-Premier League,2526,2025-12-20 Wolves-Brentford,46,Alfie Pond,Wolverhampton Wanderers,False,,0
ENG-Premier League,2526,2025-12-20 Wolves-Brentford,59,Saheed Olagunju,Wolverhampton Wanderers,False,,0
ENG-Premier League,2526,2025-12-20 Wolves-Brentford,62,Luke Rawlings,Wolverhampton Wanderers,False,,0
ENG-Premier League,2526,2025-12-20 Wolves-Brentford,1,Caoimhín Kelleher,Brentford,True,GK,90
ENG-Premier League,2526,2025-12-20 Wolves-Brentford,3,Rico Henry,Brentford,True,LB,90
ENG-Premier League,2526,2025-12-20 Wolves-Brentford,4,Sepp van den Berg,Brentford,True,CB,90
ENG-Premier League,2526,2025-12-20 Wolves-Brentford,7,Kevin Schade,Brentford,True,FW,90
ENG-Premier League,2526,2025-12-20 Wolves-Brentford,8,Mathias Jensen,Brentford,True,CM,63
ENG-Premier League,2526,2025-12-20 Wolves-Brentford,9,Igor Thiago,Brentford,True,FW,90
ENG-Premier League,2526,2025-12-20 Wolves-Brentford,18,Yehor Yarmoliuk,Brentford,True,CM,90
ENG-Premier League,2526,2025-12-20 Wolves-Brentford,22,Nathan Collins,Brentford,True,CB,90
ENG-Premier League,2526,2025-12-20 Wolves-Brentford,23,Keane Lewis-Potter,Brentford,True,FW,90
ENG-Premier League,2526,2025-12-20 Wolves-Brentford,27,Vitaly Janelt,Brentford,True,CM,90
ENG-Premier League,2526,2025-12-20 Wolves-Brentford,33,Michael Kayode,Brentford,True,RB,90
ENG-Premier League,2526,2025-12-20 Wolves-Brentford,12,Hákon Valdimarsson,Brentford,False,,0
ENG-Premier League,2526,2025-12-20 Wolves-Brentford,2,Aaron Hickey,Brentford,False,,0
ENG-Premier League,2526,2025-12-20 Wolves-Brentford,5,Ethan Pinnock,Brentford,False,,0
ENG-Premier League,2526,2025-12-20 Wolves-Brentford,6,Jordan Henderson,Brentford,False,,0
ENG-Premier League,2526,2025-12-20 Wolves-Brentford,20,Kristoffer Ajer,Brentford,False,,0
ENG-Premier League,2526,2025-12-20 Wolves-Brentford,24,Mikkel Damsgaard,Brentford,False,"FW,MF",27
ENG-Premier League,2526,2025-12-20 Wolves-Brentford,26,Yunus Emre Konak,Brentford,False,,0
ENG-Premier League,2526,2025-12-20 Wolves-Brentford,39,Gustavo Nunes,Brentford,False,,0
ENG-Premier League,2526,2025-12-20 Wolves-Brentford,45,Romelle Donovan,Brentford,False,,0
ENG-Premier League,2526,2026-03-22 Aston Villa-West Ham United,23,Emiliano Martínez,Aston Villa,True,GK,90
ENG-Premier League,2526,2026-03-22 Aston Villa-West Ham United,2,Matty Cash,Aston Villa,True,RB,90
ENG-Premier League,2526,2026-03-22 Aston Villa-West Ham United,4,Ezri Konsa,Aston Villa,True,CB,90
ENG-Premier League,2526,2026-03-22 Aston Villa-West Ham United,6,Ross Barkley,Aston Villa,True,DM,66
ENG-Premier League,2526,2026-03-22 Aston Villa-West Ham United,7,John McGinn,Aston Villa,True,AM,66
ENG-Premier League,2526,2026-03-22 Aston Villa-West Ham United,11,Ollie Watkins,Aston Villa,True,FW,86
ENG-Premier League,2526,2026-03-22 Aston Villa-West Ham United,12,Lucas Digne,Aston Villa,True,LB,90
ENG-Premier League,2526,2026-03-22 Aston Villa-West Ham United,14,Pau Torres,Aston Villa,True,CB,90
ENG-Premier League,2526,2026-03-22 Aston Villa-West Ham United,19,Jadon Sancho,Aston Villa,True,AM,66
ENG-Premier League,2526,2026-03-22 Aston Villa-West Ham United,24,Amadou Onana,Aston Villa,True,DM,90
ENG-Premier League,2526,2026-03-22 Aston Villa-West Ham United,27,Morgan Rogers,Aston Villa,True,AM,76
ENG-Premier League,2526,2026-03-22 Aston Villa-West Ham United,40,Marco Bizot,Aston Villa,False,,0
ENG-Premier League,2526,2026-03-22 Aston Villa-West Ham United,5,Tyrone Mings,Aston Villa,False,,0
ENG-Premier League,2526,2026-03-22 Aston Villa-West Ham United,8,Youri Tielemans,Aston Villa,False,MF,24
ENG-Premier League,2526,2026-03-22 Aston Villa-West Ham United,10,Emi Buendía,Aston Villa,False,"FW,MF",14
ENG-Premier League,2526,2026-03-22 Aston Villa-West Ham United,18,Tammy Abraham,Aston Villa,False,FW,4
ENG-Premier League,2526,2026-03-22 Aston Villa-West Ham United,21,Douglas Luiz,Aston Villa,False,MF,24
ENG-Premier League,2526,2026-03-22 Aston Villa-West Ham United,22,Ian Maatsen,Aston Villa,False,,0
ENG-Premier League,2526,2026-03-22 Aston Villa-West Ham United,26,Lamare Bogarde,Aston Villa,False,,0
ENG-Premier League,2526,2026-03-22 Aston Villa-West Ham United,31,Leon Bailey,Aston Villa,False,"FW,MF",24
ENG-Premier League,2526,2026-03-22 Aston Villa-West Ham United,1,Mads Hermansen,West Ham United,True,GK,90
ENG-Premier League,2526,2026-03-22 Aston Villa-West Ham United,4,Axel Disasi,West Ham United,True,CB,90
ENG-Premier League,2526,2026-03-22 Aston Villa-West Ham United,11,Valentín Castellanos,West Ham United,True,FW,45
ENG-Premier League,2526,2026-03-22 Aston Villa-West Ham United,12,El Hadji Malick Diouf,West Ham United,True,LB,90
ENG-Premier League,2526,2026-03-22 Aston Villa-West Ham United,15,Konstantinos Mavropanos,West Ham United,True,CB,90
ENG-Premier League,2526,2026-03-22 Aston Villa-West Ham United,18,Mateus Fernandes,West Ham United,True,CM,90
ENG-Premier League,2526,2026-03-22 Aston Villa-West Ham United,19,Pablo,West Ham United,True,FW,90
ENG-Premier League,2526,2026-03-22 Aston Villa-West Ham United,20,Jarrod Bowen,West Ham United,True,FW,90
ENG-Premier League,2526,2026-03-22 Aston Villa-West Ham United,28,Tomáš Souček,West Ham United,True,CM,82
ENG-Premier League,2526,2026-03-22 Aston Villa-West Ham United,29,Aaron Wan-Bissaka,West Ham United,True,RB,82
ENG-Premier League,2526,2026-03-22 Aston Villa-West Ham United,32,Freddie Potts,West Ham United,True,CM,45
ENG-Premier League,2526,2026-03-22 Aston Villa-West Ham United,23,Alphonse Areola,West Ham United,False,,0
ENG-Premier League,2526,2026-03-22 Aston Villa-West Ham United,49,Finlay Herrick,West Ham United,False,,0
ENG-Premier League,2526,2026-03-22 Aston Villa-West Ham United,2,Kyle Walker-Peters,West Ham United,False,,0
ENG-Premier League,2526,2026-03-22 Aston Villa-West Ham United,3,Max Kilman,West Ham United,False,,0
ENG-Premier League,2526,2026-03-22 Aston Villa-West Ham United,9,Callum Wilson,West Ham United,False,FW,45
ENG-Premier League,2526,2026-03-22 Aston Villa-West Ham United,17,Adama Traoré,West Ham United,False,"FW,MF",45
ENG-Premier League,2526,2026-03-22 Aston Villa-West Ham United,27,Soungoutou Magassa,West Ham United,False,MF,8
ENG-Premier League,2526,2026-03-22 Aston Villa-West Ham United,30,Oliver Scarles,West Ham United,False,,0
ENG-Premier League,2526,2026-03-22 Aston Villa-West Ham United,55,Mohamadou Kanté,West Ham United,False,MF,8
ENG-Premier League,2526,2025-12-27 Chelsea-Aston Villa,1,Robert Sánchez,Chelsea,True,GK,90
ENG-Premier League,2526,2025-12-27 Chelsea-Aston Villa,3,Marc Cucurella,Chelsea,True,LB,68
ENG-Premier League,2526,2025-12-27 Chelsea-Aston Villa,5,Benoît Badiashile,Chelsea,True,CB,90
ENG-Premier League,2526,2025-12-27 Chelsea-Aston Villa,7,Pedro Neto,Chelsea,True,AM,90
ENG-Premier League,2526,2025-12-27 Chelsea-Aston Villa,8,Enzo Fernández,Chelsea,True,DM,90
ENG-Premier League,2526,2025-12-27 Chelsea-Aston Villa,10,Cole Palmer,Chelsea,True,AM,71
ENG-Premier League,2526,2025-12-27 Chelsea-Aston Villa,20,João Pedro,Chelsea,True,FW,68
ENG-Premier League,2526,2025-12-27 Chelsea-Aston Villa,23,Trevoh Chalobah,Chelsea,True,CB,90
ENG-Premier League,2526,2025-12-27 Chelsea-Aston Villa,24,Reece James,Chelsea,True,RB,90
ENG-Premier League,2526,2025-12-27 Chelsea-Aston Villa,25,Moisés Caicedo,Chelsea,True,DM,90
ENG-Premier League,2526,2025-12-27 Chelsea-Aston Villa,49,Alejandro Garnacho,Chelsea,True,AM,68
ENG-Premier League,2526,2025-12-27 Chelsea-Aston Villa,12,Filip Jørgensen,Chelsea,False,,0
ENG-Premier League,2526,2025-12-27 Chelsea-Aston Villa,4,Tosin Adarabioyo,Chelsea,False,,0
ENG-Premier League,2526,2025-12-27 Chelsea-Aston Villa,9,Liam Delap,Chelsea,False,FW,22
ENG-Premier League,2526,2025-12-27 Chelsea-Aston Villa,11,Jamie Gittens,Chelsea,False,MF,22
ENG-Premier League,2526,2025-12-27 Chelsea-Aston Villa,17,Andrey Santos,Chelsea,False,,0
ENG-Premier League,2526,2025-12-27 Chelsea-Aston Villa,27,Malo Gusto,Chelsea,False,DF,22
ENG-Premier League,2526,2025-12-27 Chelsea-Aston Villa,29,Wesley Fofana,Chelsea,False,,0
ENG-Premier League,2526,2025-12-27 Chelsea-Aston Villa,34,Joshua Acheampong,Chelsea,False,,0
ENG-Premier League,2526,2025-12-27 Chelsea-Aston Villa,41,Estêvão Willian,Chelsea,False,MF,19
ENG-Premier League,2526,2025-12-27 Chelsea-Aston Villa,23,Emiliano Martínez,Aston Villa,True,GK,90
ENG-Premier League,2526,2025-12-27 Chelsea-Aston Villa,2,Matty Cash,Aston Villa,True,RB,90
ENG-Premier League,2526,2025-12-27 Chelsea-Aston Villa,3,Victor Lindelöf,Aston Villa,True,CB,90
ENG-Premier League,2526,2025-12-27 Chelsea-Aston Villa,4,Ezri Konsa,Aston Villa,True,CB,90
ENG-Premier League,2526,2025-12-27 Chelsea-Aston Villa,7,John McGinn,Aston Villa,True,RM,58
ENG-Premier League,2526,2025-12-27 Chelsea-Aston Villa,8,Youri Tielemans,Aston Villa,True,CM,90
ENG-Premier League,2526,2025-12-27 Chelsea-Aston Villa,10,Emi Buendía,Aston Villa,True,LM,57
ENG-Premier League,2526,2025-12-27 Chelsea-Aston Villa,17,Donyell Malen,Aston Villa,True,FW,58
ENG-Premier League,2526,2025-12-27 Chelsea-Aston Villa,22,Ian Maatsen,Aston Villa,True,LB,82
ENG-Premier League,2526,2025-12-27 Chelsea-Aston Villa,27,Morgan Rogers,Aston Villa,True,FW,90
ENG-Premier League,2526,2025-12-27 Chelsea-Aston Villa,44,Boubacar Kamara,Aston Villa,True,CM,82
ENG-Premier League,2526,2025-12-27 Chelsea-Aston Villa,40,Marco Bizot,Aston Villa,False,,0
ENG-Premier League,2526,2025-12-27 Chelsea-Aston Villa,11,Ollie Watkins,Aston Villa,False,"FW,MF",33
ENG-Premier League,2526,2025-12-27 Chelsea-Aston Villa,12,Lucas Digne,Aston Villa,False,"DF,MF",8
ENG-Premier League,2526,2025-12-27 Chelsea-Aston Villa,16,Andrés García,Aston Villa,False,,0
ENG-Premier League,2526,2025-12-27 Chelsea-Aston Villa,19,Jadon Sancho,Aston Villa,False,"FW,MF",32
ENG-Premier League,2526,2025-12-27 Chelsea-Aston Villa,20,Jamaldeen Jimoh,Aston Villa,False,,0
ENG-Premier League,2526,2025-12-27 Chelsea-Aston Villa,24,Amadou Onana,Aston Villa,False,MF,32
ENG-Premier League,2526,2025-12-27 Chelsea-Aston Villa,26,Lamare Bogarde,Aston Villa,False,"DF,MF",8
ENG-Premier League,2526,2025-12-27 Chelsea-Aston Villa,53,George Hemmings,Aston Villa,False,,0
ENG-Premier League,2526,2025-10-04 Leeds United-Tottenham Hotspur,26,Karl Darlow,Leeds United,True,GK,90
ENG-Premier League,2526,2025-10-04 Leeds United-Tottenham Hotspur,2,Jayden Bogle,Leeds United,True,RB,88
ENG-Premier League,2526,2025-10-04 Leeds United-Tottenham Hotspur,3,Gabriel Gudmundsson,Leeds United,True,LB,78
ENG-Premier League,2526,2025-10-04 Leeds United-Tottenham Hotspur,4,Ethan Ampadu,Leeds United,True,CM,90
ENG-Premier League,2526,2025-10-04 Leeds United-Tottenham Hotspur,5,Pascal Struijk,Leeds United,True,CB,90
ENG-Premier League,2526,2025-10-04 Leeds United-Tottenham Hotspur,6,Joe Rodon,Leeds United,True,CB,90
ENG-Premier League,2526,2025-10-04 Leeds United-Tottenham Hotspur,8,Sean Longstaff,Leeds United,True,CM,90
ENG-Premier League,2526,2025-10-04 Leeds United-Tottenham Hotspur,9,Dominic Calvert-Lewin,Leeds United,True,FW,90
ENG-Premier League,2526,2025-10-04 Leeds United-Tottenham Hotspur,11,Brenden Aaronson,Leeds United,True,FW,66
ENG-Premier League,2526,2025-10-04 Leeds United-Tottenham Hotspur,18,Anton Stach,Leeds United,True,CM,66
ENG-Premier League,2526,2025-10-04 Leeds United-Tottenham Hotspur,19,Noah Okafor,Leeds United,True,FW,78
ENG-Premier League,2526,2025-10-04 Leeds United-Tottenham Hotspur,16,Illan Meslier,Leeds United,False,,0
ENG-Premier League,2526,2025-10-04 Leeds United-Tottenham Hotspur,10,Joël Piroe,Leeds United,False,"FW,MF",12
ENG-Premier League,2526,2025-10-04 Leeds United-Tottenham Hotspur,14,Lukas Nmecha,Leeds United,False,FW,12
ENG-Premier League,2526,2025-10-04 Leeds United-Tottenham Hotspur,15,Jaka Bijol,Leeds United,False,,0
ENG-Premier League,2526,2025-10-04 Leeds United-Tottenham Hotspur,20,Jack Harrison,Leeds United,False,"FW,MF",24
ENG-Premier League,2526,2025-10-04 Leeds United-Tottenham Hotspur,22,Ao Tanaka,Leeds United,False,MF,24
ENG-Premier League,2526,2025-10-04 Leeds United-Tottenham Hotspur,23,Sebastiaan Bornauw,Leeds United,False,,0
ENG-Premier League,2526,2025-10-04 Leeds United-Tottenham Hotspur,24,James Justin,Leeds United,False,"DF,MF",2
ENG-Premier League,2526,2025-10-04 Leeds United-Tottenham Hotspur,44,Ilia Gruev,Leeds United,False,,0
ENG-Premier League,2526,2025-10-04 Leeds United-Tottenham Hotspur,1,Guglielmo Vicario,Tottenham Hotspur,True,GK,90
ENG-Premier League,2526,2025-10-04 Leeds United-Tottenham Hotspur,6,João Palhinha,Tottenham Hotspur,True,DM,90
ENG-Premier League,2526,2025-10-04 Leeds United-Tottenham Hotspur,7,Xavi Simons,Tottenham Hotspur,True,AM,73
ENG-Premier League,2526,2025-10-04 Leeds United-Tottenham Hotspur,11,Mathys Tel,Tottenham Hotspur,True,FW,73
ENG-Premier League,2526,2025-10-04 Leeds United-Tottenham Hotspur,13,Destiny Udogie,Tottenham Hotspur,True,LB,90
ENG-Premier League,2526,2025-10-04 Leeds United-Tottenham Hotspur,17,Cristian Romero,Tottenham Hotspur,True,CB,90
ENG-Premier League,2526,2025-10-04 Leeds United-Tottenham Hotspur,20,Mohammed Kudus,Tottenham Hotspur,True,AM,89
ENG-Premier League,2526,2025-10-04 Leeds United-Tottenham Hotspur,23,Pedro Porro,Tottenham Hotspur,True,RB,90
ENG-Premier League,2526,2025-10-04 Leeds United-Tottenham Hotspur,28,Wilson Odobert,Tottenham Hotspur,True,AM,84
ENG-Premier League,2526,2025-10-04 Leeds United-Tottenham Hotspur,30,Rodrigo Bentancur,Tottenham Hotspur,True,DM,90
ENG-Premier League,2526,2025-10-04 Leeds United-Tottenham Hotspur,37,Micky van de Ven,Tottenham Hotspur,True,CB,90
ENG-Premier League,2526,2025-10-04 Leeds United-Tottenham Hotspur,31,Antonín Kinský,Tottenham Hotspur,False,,0
ENG-Premier League,2526,2025-10-04 Leeds United-Tottenham Hotspur,4,Kevin Danso,Tottenham Hotspur,False,"DF,MF",6
ENG-Premier League,2526,2025-10-04 Leeds United-Tottenham Hotspur,9,Richarlison,Tottenham Hotspur,False,"FW,MF",17
ENG-Premier League,2526,2025-10-04 Leeds United-Tottenham Hotspur,14,Archie Gray,Tottenham Hotspur,False,,0
ENG-Premier League,2526,2025-10-04 Leeds United-Tottenham Hotspur,15,Lucas Bergvall,Tottenham Hotspur,False,,0
ENG-Premier League,2526,2025-10-04 Leeds United-Tottenham Hotspur,22,Brennan Johnson,Tottenham Hotspur,False,"FW,MF",1
ENG-Premier League,2526,2025-10-04 Leeds United-Tottenham Hotspur,24,Djed Spence,Tottenham Hotspur,False,,0
ENG-Premier League,2526,2025-10-04 Leeds United-Tottenham Hotspur,29,Pape Matar Sarr,Tottenham Hotspur,False,MF,17
ENG-Premier League,2526,2025-10-04 Leeds United-Tottenham Hotspur,33,Ben Davies,Tottenham Hotspur,False,,0
ENG-Premier League,2526,2026-03-15 Manchester Utd-Aston Villa,31,Senne Lammens,Manchester United,True,GK,90
ENG-Premier League,2526,2026-03-15 Manchester Utd-Aston Villa,2,Diogo Dalot,Manchester United,True,RB,90
ENG-Premier League,2526,2026-03-15 Manchester Utd-Aston Villa,5,Harry Maguire,Manchester United,True,CB,90
ENG-Premier League,2526,2026-03-15 Manchester Utd-Aston Villa,8,Bruno Fernandes,Manchester United,True,AM,90
ENG-Premier League,2526,2026-03-15 Manchester Utd-Aston Villa,10,Matheus Cunha,Manchester United,True,AM,90
ENG-Premier League,2526,2026-03-15 Manchester Utd-Aston Villa,15,Leny Yoro,Manchester United,True,CB,90
ENG-Premier League,2526,2026-03-15 Manchester Utd-Aston Villa,16,Amad Diallo,Manchester United,True,AM,90
ENG-Premier League,2526,2026-03-15 Manchester Utd-Aston Villa,18,Casemiro,Manchester United,True,DM,89
ENG-Premier League,2526,2026-03-15 Manchester Utd-Aston Villa,19,Bryan Mbeumo,Manchester United,True,FW,74
ENG-Premier League,2526,2026-03-15 Manchester Utd-Aston Villa,23,Luke Shaw,Manchester United,True,LB,90
ENG-Premier League,2526,2026-03-15 Manchester Utd-Aston Villa,37,Kobbie Mainoo,Manchester United,True,DM,90
ENG-Premier League,2526,2026-03-15 Manchester Utd-Aston Villa,1,Altay Bayındır,Manchester United,False,,0
ENG-Premier League,2526,2026-03-15 Manchester Utd-Aston Villa,3,Noussair Mazraoui,Manchester United,False,,0
ENG-Premier League,2526,2026-03-15 Manchester Utd-Aston Villa,7,Mason Mount,Manchester United,False,,0
ENG-Premier League,2526,2026-03-15 Manchester Utd-Aston Villa,11,Joshua Zirkzee,Manchester United,False,,0
ENG-Premier League,2526,2026-03-15 Manchester Utd-Aston Villa,12,Tyrell Malacia,Manchester United,False,,0
ENG-Premier League,2526,2026-03-15 Manchester Utd-Aston Villa,25,Manuel Ugarte,Manchester United,False,MF,1
ENG-Premier League,2526,2026-03-15 Manchester Utd-Aston Villa,26,Ayden Heaven,Manchester United,False,,0
ENG-Premier League,2526,2026-03-15 Manchester Utd-Aston Villa,30,Benjamin Šeško,Manchester United,False,FW,16
ENG-Premier League,2526,2026-03-15 Manchester Utd-Aston Villa,39,Tyler Fletcher,Manchester United,False,,0
ENG-Premier League,2526,2026-03-15 Manchester Utd-Aston Villa,23,Emiliano Martínez,Aston Villa,True,GK,90
ENG-Premier League,2526,2026-03-15 Manchester Utd-Aston Villa,4,Ezri Konsa,Aston Villa,True,CB,90
ENG-Premier League,2526,2026-03-15 Manchester Utd-Aston Villa,5,Tyrone Mings,Aston Villa,True,CB,90
ENG-Premier League,2526,2026-03-15 Manchester Utd-Aston Villa,6,Ross Barkley,Aston Villa,True,DM,81
ENG-Premier League,2526,2026-03-15 Manchester Utd-Aston Villa,7,John McGinn,Aston Villa,True,AM,60
ENG-Premier League,2526,2026-03-15 Manchester Utd-Aston Villa,10,Emi Buendía,Aston Villa,True,AM,85
ENG-Premier League,2526,2026-03-15 Manchester Utd-Aston Villa,11,Ollie Watkins,Aston Villa,True,FW,59
ENG-Premier League,2526,2026-03-15 Manchester Utd-Aston Villa,12,Lucas Digne,Aston Villa,True,LB,81
ENG-Premier League,2526,2026-03-15 Manchester Utd-Aston Villa,24,Amadou Onana,Aston Villa,True,DM,90
ENG-Premier League,2526,2026-03-15 Manchester Utd-Aston Villa,26,Lamare Bogarde,Aston Villa,True,RB,90
ENG-Premier League,2526,2026-03-15 Manchester Utd-Aston Villa,27,Morgan Rogers,Aston Villa,True,AM,90
ENG-Premier League,2526,2026-03-15 Manchester Utd-Aston Villa,40,Marco Bizot,Aston Villa,False,,0
ENG-Premier League,2526,2026-03-15 Manchester Utd-Aston Villa,3,Victor Lindelöf,Aston Villa,False,,0
ENG-Premier League,2526,2026-03-15 Manchester Utd-Aston Villa,9,Harvey Elliott,Aston Villa,False,,0
ENG-Premier League,2526,2026-03-15 Manchester Utd-Aston Villa,14,Pau Torres,Aston Villa,False,,0
ENG-Premier League,2526,2026-03-15 Manchester Utd-Aston Villa,16,Andrés García,Aston Villa,False,DF,5
ENG-Premier League,2526,2026-03-15 Manchester Utd-Aston Villa,18,Tammy Abraham,Aston Villa,False,FW,31
ENG-Premier League,2526,2026-03-15 Manchester Utd-Aston Villa,21,Douglas Luiz,Aston Villa,False,MF,9
ENG-Premier League,2526,2026-03-15 Manchester Utd-Aston Villa,22,Ian Maatsen,Aston Villa,False,"DF,MF",9
ENG-Premier League,2526,2026-03-15 Manchester Utd-Aston Villa,31,Leon Bailey,Aston Villa,False,"FW,MF",30
ENG-Premier League,2526,2026-01-01 Sunderland-Manchester City,22,Robin Roefs,Sunderland,True,GK,90
ENG-Premier League,2526,2026-01-01 Sunderland-Manchester City,3,Dennis Cirkin,Sunderland,True,LB,90
ENG-Premier League,2526,2026-01-01 Sunderland-Manchester City,6,Lutsharel Geertruida,Sunderland,True,DM,90
ENG-Premier League,2526,2026-01-01 Sunderland-Manchester City,9,Brian Brobbey,Sunderland,True,FW,57
ENG-Premier League,2526,2026-01-01 Sunderland-Manchester City,12,Eliezer Mayenda,Sunderland,True,AM,90
ENG-Premier League,2526,2026-01-01 Sunderland-Manchester City,15,Omar Alderete,Sunderland,True,CB,90
ENG-Premier League,2526,2026-01-01 Sunderland-Manchester City,20,Nordi Mukiele,Sunderland,True,CB,90
ENG-Premier League,2526,2026-01-01 Sunderland-Manchester City,24,Simon Adingra,Sunderland,True,AM,71
ENG-Premier League,2526,2026-01-01 Sunderland-Manchester City,28,Enzo Le Fée,Sunderland,True,AM,90
ENG-Premier League,2526,2026-01-01 Sunderland-Manchester City,32,Trai Hume,Sunderland,True,RB,90
ENG-Premier League,2526,2026-01-01 Sunderland-Manchester City,34,Granit Xhaka,Sunderland,True,DM,90
ENG-Premier League,2526,2026-01-01 Sunderland-Manchester City,1,Anthony Patterson,Sunderland,False,,0
ENG-Premier League,2526,2026-01-01 Sunderland-Manchester City,4,Dan Neil,Sunderland,False,,0
ENG-Premier League,2526,2026-01-01 Sunderland-Manchester City,11,Chris Rigg,Sunderland,False,,0
ENG-Premier League,2526,2026-01-01 Sunderland-Manchester City,13,Luke O'Nien,Sunderland,False,,0
ENG-Premier League,2526,2026-01-01 Sunderland-Manchester City,14,Romaine Mundle,Sunderland,False,MF,19
ENG-Premier League,2526,2026-01-01 Sunderland-Manchester City,18,Wilson Isidor,Sunderland,False,"FW,MF",33
ENG-Premier League,2526,2026-01-01 Sunderland-Manchester City,33,Leo Fuhr Hjelde,Sunderland,False,,0
ENG-Premier League,2526,2026-01-01 Sunderland-Manchester City,50,Harrison Jones,Sunderland,False,,0
ENG-Premier League,2526,2026-01-01 Sunderland-Manchester City,57,Timur Tuterov,Sunderland,False,,0
ENG-Premier League,2526,2026-01-01 Sunderland-Manchester City,25,Gianluigi Donnarumma,Manchester City,True,GK,90
ENG-Premier League,2526,2026-01-01 Sunderland-Manchester City,3,Rúben Dias,Manchester City,True,CB,90
ENG-Premier League,2526,2026-01-01 Sunderland-Manchester City,6,Nathan Aké,Manchester City,True,CB,90
ENG-Premier League,2526,2026-01-01 Sunderland-Manchester City,9,Erling Haaland,Manchester City,True,FW,90
ENG-Premier League,2526,2026-01-01 Sunderland-Manchester City,10,Rayan Cherki,Manchester City,True,AM,90
ENG-Premier League,2526,2026-01-01 Sunderland-Manchester City,14,Nicolás González,Manchester City,True,DM,45
ENG-Premier League,2526,2026-01-01 Sunderland-Manchester City,20,Bernardo Silva,Manchester City,True,DM,84
ENG-Premier League,2526,2026-01-01 Sunderland-Manchester City,26,Sávio,Manchester City,True,AM,50
ENG-Premier League,2526,2026-01-01 Sunderland-Manchester City,27,Matheus Nunes,Manchester City,True,RB,90
ENG-Premier League,2526,2026-01-01 Sunderland-Manchester City,33,Nico O’Reilly,Manchester City,True,LB,56
ENG-Premier League,2526,2026-01-01 Sunderland-Manchester City,47,Phil Foden,Manchester City,True,DM,90
ENG-Premier League,2526,2026-01-01 Sunderland-Manchester City,1,James Trafford,Manchester City,False,,0
ENG-Premier League,2526,2026-01-01 Sunderland-Manchester City,4,Tijjani Reijnders,Manchester City,False,MF,6
ENG-Premier League,2526,2026-01-01 Sunderland-Manchester City,11,Jeremy Doku,Manchester City,False,"FW,MF",40
ENG-Premier League,2526,2026-01-01 Sunderland-Manchester City,16,Rodri,Manchester City,False,"DF,MF",45
ENG-Premier League,2526,2026-01-01 Sunderland-Manchester City,24,Joško Gvardiol,Manchester City,False,DF,34
ENG-Premier League,2526,2026-01-01 Sunderland-Manchester City,45,Abdukodir Khusanov,Manchester City,False,,0
ENG-Premier League,2526,2026-01-01 Sunderland-Manchester City,63,Divine Mukasa,Manchester City,False,,0
ENG-Premier League,2526,2026-01-01 Sunderland-Manchester City,82,Rico Lewis,Manchester City,False,,0
ENG-Premier League,2526,2026-01-01 Sunderland-Manchester City,92,Reigan Heskey,Manchester City,False,,0
ENG-Premier League,2526,2026-01-31 Brighton-Everton,1,Bart Verbruggen,Brighton & Hove Albion,True,GK,90
ENG-Premier League,2526,2026-01-31 Brighton-Everton,5,Lewis Dunk,Brighton & Hove Albion,True,CB,90
ENG-Premier League,2526,2026-01-31 Brighton-Everton,6,Jan Paul van Hecke,Brighton & Hove Albion,True,CB,90
ENG-Premier League,2526,2026-01-31 Brighton-Everton,10,Georginio Rutter,Brighton & Hove Albion,True,FW,59
ENG-Premier League,2526,2026-01-31 Brighton-Everton,17,Carlos Baleba,Brighton & Hove Albion,True,CM,90
ENG-Premier League,2526,2026-01-31 Brighton-Everton,18,Danny Welbeck,Brighton & Hove Albion,True,FW,69
ENG-Premier League,2526,2026-01-31 Brighton-Everton,22,Kaoru Mitoma,Brighton & Hove Albion,True,FW,90
ENG-Premier League,2526,2026-01-31 Brighton-Everton,24,Ferdi Kadioglu,Brighton & Hove Albion,True,RB,90
ENG-Premier League,2526,2026-01-31 Brighton-Everton,26,Yasin Ayari,Brighton & Hove Albion,True,CM,90
ENG-Premier League,2526,2026-01-31 Brighton-Everton,29,Maxim De Cuyper,Brighton & Hove Albion,True,LB,69
ENG-Premier League,2526,2026-01-31 Brighton-Everton,30,Pascal Groß,Brighton & Hove Albion,True,CM,89
ENG-Premier League,2526,2026-01-31 Brighton-Everton,23,Jason Steele,Brighton & Hove Albion,False,,0
ENG-Premier League,2526,2026-01-31 Brighton-Everton,3,Igor,Brighton & Hove Albion,False,,0
ENG-Premier League,2526,2026-01-31 Brighton-Everton,8,Brajan Gruda,Brighton & Hove Albion,False,,0
ENG-Premier League,2526,2026-01-31 Brighton-Everton,11,Yankuba Minteh,Brighton & Hove Albion,False,MF,31
ENG-Premier League,2526,2026-01-31 Brighton-Everton,19,Charalampos Kostoulas,Brighton & Hove Albion,False,FW,21
ENG-Premier League,2526,2026-01-31 Brighton-Everton,20,James Milner,Brighton & Hove Albion,False,"DF,MF",1
ENG-Premier League,2526,2026-01-31 Brighton-Everton,21,Olivier Boscagli,Brighton & Hove Albion,False,,0
ENG-Premier League,2526,2026-01-31 Brighton-Everton,34,Joël Veltman,Brighton & Hove Albion,False,DF,21
ENG-Premier League,2526,2026-01-31 Brighton-Everton,53,Harry Howell,Brighton & Hove Albion,False,,0
ENG-Premier League,2526,2026-01-31 Brighton-Everton,1,Jordan Pickford,Everton,True,GK,90
ENG-Premier League,2526,2026-01-31 Brighton-Everton,5,Michael Keane,Everton,True,CB,90
ENG-Premier League,2526,2026-01-31 Brighton-Everton,6,James Tarkowski,Everton,True,CB,90
ENG-Premier League,2526,2026-01-31 Brighton-Everton,10,Iliman Ndiaye,Everton,True,AM,90
ENG-Premier League,2526,2026-01-31 Brighton-Everton,11,Thierno Barry,Everton,True,FW,88
ENG-Premier League,2526,2026-01-31 Brighton-Everton,15,Jake O'Brien,Everton,True,RB,90
ENG-Premier League,2526,2026-01-31 Brighton-Everton,22,Kiernan Dewsbury-Hall,Everton,True,AM,78
ENG-Premier League,2526,2026-01-31 Brighton-Everton,27,Idrissa Gana Gueye,Everton,True,DM,79
ENG-Premier League,2526,2026-01-31 Brighton-Everton,32,Jarrad Branthwaite,Everton,True,LB,88
ENG-Premier League,2526,2026-01-31 Brighton-Everton,37,James Garner,Everton,True,DM,90
ENG-Premier League,2526,2026-01-31 Brighton-Everton,45,Harrison Armstrong,Everton,True,AM,79
ENG-Premier League,2526,2026-01-31 Brighton-Everton,12,Mark Travers,Everton,False,,0
ENG-Premier League,2526,2026-01-31 Brighton-Everton,2,Nathan Patterson,Everton,False,DF,2
ENG-Premier League,2526,2026-01-31 Brighton-Everton,7,Dwight McNeil,Everton,False,,0
ENG-Premier League,2526,2026-01-31 Brighton-Everton,9,Beto,Everton,False,FW,2
ENG-Premier League,2526,2026-01-31 Brighton-Everton,20,Tyler Dibling,Everton,False,MF,11
ENG-Premier League,2526,2026-01-31 Brighton-Everton,23,Séamus Coleman,Everton,False,,0
ENG-Premier League,2526,2026-01-31 Brighton-Everton,24,Carlos Alcaraz,Everton,False,MF,12
ENG-Premier League,2526,2026-01-31 Brighton-Everton,34,Merlin Röhl,Everton,False,,0
ENG-Premier League,2526,2026-01-31 Brighton-Everton,42,Tim Iroegbunam,Everton,False,MF,11
ENG-Premier League,2526,2025-11-01 Brighton-Leeds United,1,Bart Verbruggen,Brighton & Hove Albion,True,GK,90
ENG-Premier League,2526,2025-11-01 Brighton-Leeds United,5,Lewis Dunk,Brighton & Hove Albion,True,CB,90
ENG-Premier League,2526,2025-11-01 Brighton-Leeds United,6,Jan Paul van Hecke,Brighton & Hove Albion,True,CB,90
ENG-Premier League,2526,2025-11-01 Brighton-Leeds United,10,Georginio Rutter,Brighton & Hove Albion,True,AM,89
ENG-Premier League,2526,2025-11-01 Brighton-Leeds United,11,Yankuba Minteh,Brighton & Hove Albion,True,AM,87
ENG-Premier League,2526,2025-11-01 Brighton-Leeds United,17,Carlos Baleba,Brighton & Hove Albion,True,DM,90
ENG-Premier League,2526,2025-11-01 Brighton-Leeds United,18,Danny Welbeck,Brighton & Hove Albion,True,FW,81
ENG-Premier League,2526,2025-11-01 Brighton-Leeds United,24,Ferdi Kadioglu,Brighton & Hove Albion,True,LB,90
ENG-Premier League,2526,2025-11-01 Brighton-Leeds United,25,Diego Gómez,Brighton & Hove Albion,True,AM,80
ENG-Premier League,2526,2025-11-01 Brighton-Leeds United,26,Yasin Ayari,Brighton & Hove Albion,True,DM,89
ENG-Premier League,2526,2025-11-01 Brighton-Leeds United,27,Mats Wieffer,Brighton & Hove Albion,True,RB,90
ENG-Premier League,2526,2025-11-01 Brighton-Leeds United,23,Jason Steele,Brighton & Hove Albion,False,,0
ENG-Premier League,2526,2025-11-01 Brighton-Leeds United,9,Stefanos Tzimas,Brighton & Hove Albion,False,FW,9
ENG-Premier League,2526,2025-11-01 Brighton-Leeds United,14,Tom Watson,Brighton & Hove Albion,False,MF,10
ENG-Premier League,2526,2025-11-01 Brighton-Leeds United,19,Charalampos Kostoulas,Brighton & Hove Albion,False,FW,3
ENG-Premier League,2526,2025-11-01 Brighton-Leeds United,21,Olivier Boscagli,Brighton & Hove Albion,False,,0
ENG-Premier League,2526,2025-11-01 Brighton-Leeds United,29,Maxim De Cuyper,Brighton & Hove Albion,False,,0
ENG-Premier League,2526,2025-11-01 Brighton-Leeds United,42,Diego Coppola,Brighton & Hove Albion,False,,0
ENG-Premier League,2526,2025-11-01 Brighton-Leeds United,49,Joe Knight,Brighton & Hove Albion,False,MF,1
ENG-Premier League,2526,2025-11-01 Brighton-Leeds United,58,Nehemiah Oriola,Brighton & Hove Albion,False,MF,1
ENG-Premier League,2526,2025-11-01 Brighton-Leeds United,1,Lucas Perri,Leeds United,True,GK,90
ENG-Premier League,2526,2025-11-01 Brighton-Leeds United,2,Jayden Bogle,Leeds United,True,RB,76
ENG-Premier League,2526,2025-11-01 Brighton-Leeds United,3,Gabriel Gudmundsson,Leeds United,True,LB,90
ENG-Premier League,2526,2025-11-01 Brighton-Leeds United,4,Ethan Ampadu,Leeds United,True,DM,90
ENG-Premier League,2526,2025-11-01 Brighton-Leeds United,6,Joe Rodon,Leeds United,True,CB,90
ENG-Premier League,2526,2025-11-01 Brighton-Leeds United,8,Sean Longstaff,Leeds United,True,AM,59
ENG-Premier League,2526,2025-11-01 Brighton-Leeds United,9,Dominic Calvert-Lewin,Leeds United,True,FW,64
ENG-Premier League,2526,2025-11-01 Brighton-Leeds United,11,Brenden Aaronson,Leeds United,True,RW,90
ENG-Premier League,2526,2025-11-01 Brighton-Leeds United,15,Jaka Bijol,Leeds United,True,CB,90
ENG-Premier League,2526,2025-11-01 Brighton-Leeds United,19,Noah Okafor,Leeds United,True,LW,76
ENG-Premier League,2526,2025-11-01 Brighton-Leeds United,22,Ao Tanaka,Leeds United,True,AM,60
ENG-Premier League,2526,2025-11-01 Brighton-Leeds United,26,Karl Darlow,Leeds United,False,,0
ENG-Premier League,2526,2025-11-01 Brighton-Leeds United,5,Pascal Struijk,Leeds United,False,,0
ENG-Premier League,2526,2025-11-01 Brighton-Leeds United,7,Daniel James,Leeds United,False,"FW,MF",30
ENG-Premier League,2526,2025-11-01 Brighton-Leeds United,10,Joël Piroe,Leeds United,False,,0
ENG-Premier League,2526,2025-11-01 Brighton-Leeds United,14,Lukas Nmecha,Leeds United,False,FW,26
ENG-Premier League,2526,2025-11-01 Brighton-Leeds United,18,Anton Stach,Leeds United,False,"DF,MF",31
ENG-Premier League,2526,2025-11-01 Brighton-Leeds United,20,Jack Harrison,Leeds United,False,"FW,MF",14
ENG-Premier League,2526,2025-11-01 Brighton-Leeds United,24,James Justin,Leeds United,False,"DF,MF",14
ENG-Premier League,2526,2025-11-01 Brighton-Leeds United,44,Ilia Gruev,Leeds United,False,,0
ENG-Premier League,2526,2025-10-26 Everton-Tottenham Hotspur,1,Jordan Pickford,Everton,True,GK,90
ENG-Premier League,2526,2025-10-26 Everton-Tottenham Hotspur,5,Michael Keane,Everton,True,CB,90
ENG-Premier League,2526,2025-10-26 Everton-Tottenham Hotspur,6,James Tarkowski,Everton,True,CB,90
ENG-Premier League,2526,2025-10-26 Everton-Tottenham Hotspur,9,Beto,Everton,True,FW,65
ENG-Premier League,2526,2025-10-26 Everton-Tottenham Hotspur,10,Iliman Ndiaye,Everton,True,AM,90
ENG-Premier League,2526,2025-10-26 Everton-Tottenham Hotspur,15,Jake O'Brien,Everton,True,RB,65
ENG-Premier League,2526,2025-10-26 Everton-Tottenham Hotspur,16,Vitaliy Mykolenko,Everton,True,LB,90
ENG-Premier League,2526,2025-10-26 Everton-Tottenham Hotspur,18,Jack Grealish,Everton,True,AM,90
ENG-Premier League,2526,2025-10-26 Everton-Tottenham Hotspur,22,Kiernan Dewsbury-Hall,Everton,True,AM,90
ENG-Premier League,2526,2025-10-26 Everton-Tottenham Hotspur,27,Idrissa Gana Gueye,Everton,True,DM,85
ENG-Premier League,2526,2025-10-26 Everton-Tottenham Hotspur,37,James Garner,Everton,True,DM,90
ENG-Premier League,2526,2025-10-26 Everton-Tottenham Hotspur,12,Mark Travers,Everton,False,,0
ENG-Premier League,2526,2025-10-26 Everton-Tottenham Hotspur,7,Dwight McNeil,Everton,False,,0
ENG-Premier League,2526,2025-10-26 Everton-Tottenham Hotspur,11,Thierno Barry,Everton,False,FW,25
ENG-Premier League,2526,2025-10-26 Everton-Tottenham Hotspur,20,Tyler Dibling,Everton,False,,0
ENG-Premier League,2526,2025-10-26 Everton-Tottenham Hotspur,23,Séamus Coleman,Everton,False,,0
ENG-Premier League,2526,2025-10-26 Everton-Tottenham Hotspur,24,Carlos Alcaraz,Everton,False,MF,5
ENG-Premier League,2526,2025-10-26 Everton-Tottenham Hotspur,34,Merlin Röhl,Everton,False,MF,25
ENG-Premier League,2526,2025-10-26 Everton-Tottenham Hotspur,39,Adam Aznou,Everton,False,,0
ENG-Premier League,2526,2025-10-26 Everton-Tottenham Hotspur,42,Tim Iroegbunam,Everton,False,,0
ENG-Premier League,2526,2025-10-26 Everton-Tottenham Hotspur,1,Guglielmo Vicario,Tottenham Hotspur,True,GK,90
ENG-Premier League,2526,2025-10-26 Everton-Tottenham Hotspur,4,Kevin Danso,Tottenham Hotspur,True,CB,90
ENG-Premier League,2526,2025-10-26 Everton-Tottenham Hotspur,6,João Palhinha,Tottenham Hotspur,True,DM,90
ENG-Premier League,2526,2025-10-26 Everton-Tottenham Hotspur,7,Xavi Simons,Tottenham Hotspur,True,AM,60
ENG-Premier League,2526,2025-10-26 Everton-Tottenham Hotspur,20,Mohammed Kudus,Tottenham Hotspur,True,AM,77
ENG-Premier League,2526,2025-10-26 Everton-Tottenham Hotspur,22,Brennan Johnson,Tottenham Hotspur,True,AM,89
ENG-Premier League,2526,2025-10-26 Everton-Tottenham Hotspur,23,Pedro Porro,Tottenham Hotspur,True,RB,90
ENG-Premier League,2526,2025-10-26 Everton-Tottenham Hotspur,24,Djed Spence,Tottenham Hotspur,True,LB,90
ENG-Premier League,2526,2025-10-26 Everton-Tottenham Hotspur,30,Rodrigo Bentancur,Tottenham Hotspur,True,DM,90
ENG-Premier League,2526,2025-10-26 Everton-Tottenham Hotspur,37,Micky van de Ven,Tottenham Hotspur,True,CB,90
ENG-Premier League,2526,2025-10-26 Everton-Tottenham Hotspur,39,Randal Kolo Muani,Tottenham Hotspur,True,FW,61
ENG-Premier League,2526,2025-10-26 Everton-Tottenham Hotspur,31,Antonín Kinský,Tottenham Hotspur,False,,0
ENG-Premier League,2526,2025-10-26 Everton-Tottenham Hotspur,9,Richarlison,Tottenham Hotspur,False,"FW,MF",29
ENG-Premier League,2526,2025-10-26 Everton-Tottenham Hotspur,11,Mathys Tel,Tottenham Hotspur,False,"FW,MF",1
ENG-Premier League,2526,2025-10-26 Everton-Tottenham Hotspur,14,Archie Gray,Tottenham Hotspur,False,,0
ENG-Premier League,2526,2025-10-26 Everton-Tottenham Hotspur,15,Lucas Bergvall,Tottenham Hotspur,False,MF,30
ENG-Premier League,2526,2025-10-26 Everton-Tottenham Hotspur,28,Wilson Odobert,Tottenham Hotspur,False,,0
ENG-Premier League,2526,2025-10-26 Everton-Tottenham Hotspur,29,Pape Matar Sarr,Tottenham Hotspur,False,MF,13
ENG-Premier League,2526,2025-10-26 Everton-Tottenham Hotspur,44,Dane Scarlett,Tottenham Hotspur,False,,0
ENG-Premier League,2526,2025-10-26 Everton-Tottenham Hotspur,67,Jun'ai Byfield,Tottenham Hotspur,False,,0
ENG-Premier League,2526,2025-12-27 West Ham United-Fulham,23,Alphonse Areola,West Ham United,True,GK,90
ENG-Premier League,2526,2025-12-27 West Ham United-Fulham,2,Kyle Walker-Peters,West Ham United,True,RB,90
ENG-Premier League,2526,2025-12-27 West Ham United-Fulham,3,Max Kilman,West Ham United,True,CB,90
ENG-Premier League,2526,2025-12-27 West Ham United-Fulham,7,Crysencio Summerville,West Ham United,True,AM,55
ENG-Premier League,2526,2025-12-27 West Ham United-Fulham,10,Lucas Paquetá,West Ham United,True,AM,81
ENG-Premier League,2526,2025-12-27 West Ham United-Fulham,18,Mateus Fernandes,West Ham United,True,DM,90
ENG-Premier League,2526,2025-12-27 West Ham United-Fulham,20,Jarrod Bowen,West Ham United,True,FW,90
ENG-Premier League,2526,2025-12-27 West Ham United-Fulham,25,Jean-Clair Todibo,West Ham United,True,CB,90
ENG-Premier League,2526,2025-12-27 West Ham United-Fulham,27,Soungoutou Magassa,West Ham United,True,DM,82
ENG-Premier League,2526,2025-12-27 West Ham United-Fulham,30,Oliver Scarles,West Ham United,True,LB,90
ENG-Premier League,2526,2025-12-27 West Ham United-Fulham,32,Freddie Potts,West Ham United,True,DM,90
ENG-Premier League,2526,2025-12-27 West Ham United-Fulham,1,Mads Hermansen,West Ham United,False,,0
ENG-Premier League,2526,2025-12-27 West Ham United-Fulham,9,Callum Wilson,West Ham United,False,FW,35
ENG-Premier League,2526,2025-12-27 West Ham United-Fulham,15,Konstantinos Mavropanos,West Ham United,False,,0
ENG-Premier League,2526,2025-12-27 West Ham United-Fulham,24,Guido Rodríguez,West Ham United,False,,0
ENG-Premier League,2526,2025-12-27 West Ham United-Fulham,28,Tomáš Souček,West Ham United,False,MF,8
ENG-Premier League,2526,2025-12-27 West Ham United-Fulham,40,George Earthy,West Ham United,False,MF,9
ENG-Premier League,2526,2025-12-27 West Ham United-Fulham,55,Mohamadou Kanté,West Ham United,False,,0
ENG-Premier League,2526,2025-12-27 West Ham United-Fulham,58,Airidas Golambeckis,West Ham United,False,,0
ENG-Premier League,2526,2025-12-27 West Ham United-Fulham,63,Ezra Mayers,West Ham United,False,,0
ENG-Premier League,2526,2025-12-27 West Ham United-Fulham,1,Bernd Leno,Fulham,True,GK,90
ENG-Premier League,2526,2025-12-27 West Ham United-Fulham,2,Kenny Tete,Fulham,True,RB,81
ENG-Premier League,2526,2025-12-27 West Ham United-Fulham,5,Joachim Andersen,Fulham,True,CB,90
ENG-Premier League,2526,2025-12-27 West Ham United-Fulham,7,Raúl Jiménez,Fulham,True,FW,90
ENG-Premier League,2526,2025-12-27 West Ham United-Fulham,8,Harry Wilson,Fulham,True,AM,90
ENG-Premier League,2526,2025-12-27 West Ham United-Fulham,15,Jorge Cuenca,Fulham,True,CB,90
ENG-Premier League,2526,2025-12-27 West Ham United-Fulham,16,Sander Berge,Fulham,True,DM,90
ENG-Premier League,2526,2025-12-27 West Ham United-Fulham,20,Saša Lukić,Fulham,True,DM,87
ENG-Premier League,2526,2025-12-27 West Ham United-Fulham,22,Kevin,Fulham,True,AM,68
ENG-Premier League,2526,2025-12-27 West Ham United-Fulham,32,Emile Smith Rowe,Fulham,True,AM,81
ENG-Premier League,2526,2025-12-27 West Ham United-Fulham,33,Antonee Robinson,Fulham,True,LB,90
ENG-Premier League,2526,2025-12-27 West Ham United-Fulham,23,Benjamin Lecomte,Fulham,False,,0
ENG-Premier League,2526,2025-12-27 West Ham United-Fulham,6,Harrison Reed,Fulham,False,,0
ENG-Premier League,2526,2025-12-27 West Ham United-Fulham,10,Tom Cairney,Fulham,False,MF,9
ENG-Premier League,2526,2025-12-27 West Ham United-Fulham,11,Adama Traoré,Fulham,False,,0
ENG-Premier League,2526,2025-12-27 West Ham United-Fulham,18,Jonah Kusi-Asare,Fulham,False,,0
ENG-Premier League,2526,2025-12-27 West Ham United-Fulham,21,Timothy Castagne,Fulham,False,"DF,MF",9
ENG-Premier League,2526,2025-12-27 West Ham United-Fulham,24,Joshua King,Fulham,False,MF,22
ENG-Premier League,2526,2025-12-27 West Ham United-Fulham,31,Issa Diop,Fulham,False,DF,3
ENG-Premier League,2526,2025-12-27 West Ham United-Fulham,38,Seth Ridgeon,Fulham,False,,0
ENG-Premier League,2526,2025-11-22 Burnley-Chelsea,1,Martin Dúbravka,Burnley,True,GK,90
ENG-Premier League,2526,2025-11-22 Burnley-Chelsea,2,Kyle Walker,Burnley,True,RB,90
ENG-Premier League,2526,2025-11-22 Burnley-Chelsea,3,Quilindschy Hartman,Burnley,True,LB,90
ENG-Premier League,2526,2025-11-22 Burnley-Chelsea,5,Maxime Estève,Burnley,True,CB,90
ENG-Premier League,2526,2025-11-22 Burnley-Chelsea,6,Axel Tuanzebe,Burnley,True,CB,90
ENG-Premier League,2526,2025-11-22 Burnley-Chelsea,8,Lesley Ugochukwu,Burnley,True,CM,71
ENG-Premier League,2526,2025-11-22 Burnley-Chelsea,11,Jaidon Anthony,Burnley,True,FW,71
ENG-Premier League,2526,2025-11-22 Burnley-Chelsea,16,Florentino Luís,Burnley,True,CM,83
ENG-Premier League,2526,2025-11-22 Burnley-Chelsea,17,Loum Tchaouna,Burnley,True,FW,75
ENG-Premier League,2526,2025-11-22 Burnley-Chelsea,19,Zian Flemming,Burnley,True,FW,71
ENG-Premier League,2526,2025-11-22 Burnley-Chelsea,24,Josh Cullen,Burnley,True,CM,90
ENG-Premier League,2526,2025-11-22 Burnley-Chelsea,13,Max Weiß,Burnley,False,,0
ENG-Premier League,2526,2025-11-22 Burnley-Chelsea,7,Jacob Bruun Larsen,Burnley,False,"FW,MF",15
ENG-Premier League,2526,2025-11-22 Burnley-Chelsea,9,Lyle Foster,Burnley,False,"FW,MF",19
ENG-Premier League,2526,2025-11-22 Burnley-Chelsea,10,Marcus Edwards,Burnley,False,,0
ENG-Premier League,2526,2025-11-22 Burnley-Chelsea,18,Hjalmar Ekdal,Burnley,False,,0
ENG-Premier League,2526,2025-11-22 Burnley-Chelsea,23,Lucas,Burnley,False,,0
ENG-Premier League,2526,2025-11-22 Burnley-Chelsea,27,Armando Broja,Burnley,False,FW,19
ENG-Premier League,2526,2025-11-22 Burnley-Chelsea,28,Hannibal Mejbri,Burnley,False,MF,19
ENG-Premier League,2526,2025-11-22 Burnley-Chelsea,29,Josh Laurent,Burnley,False,"DF,FW",7
ENG-Premier League,2526,2025-11-22 Burnley-Chelsea,1,Robert Sánchez,Chelsea,True,GK,90
ENG-Premier League,2526,2025-11-22 Burnley-Chelsea,3,Marc Cucurella,Chelsea,True,LB,90
ENG-Premier League,2526,2025-11-22 Burnley-Chelsea,4,Tosin Adarabioyo,Chelsea,True,CB,90
ENG-Premier League,2526,2025-11-22 Burnley-Chelsea,7,Pedro Neto,Chelsea,True,AM,90
ENG-Premier League,2526,2025-11-22 Burnley-Chelsea,8,Enzo Fernández,Chelsea,True,DM,90
ENG-Premier League,2526,2025-11-22 Burnley-Chelsea,9,Liam Delap,Chelsea,True,FW,66
ENG-Premier League,2526,2025-11-22 Burnley-Chelsea,11,Jamie Gittens,Chelsea,True,AM,90
ENG-Premier League,2526,2025-11-22 Burnley-Chelsea,17,Andrey Santos,Chelsea,True,DM,90
ENG-Premier League,2526,2025-11-22 Burnley-Chelsea,20,João Pedro,Chelsea,True,AM,75
ENG-Premier League,2526,2025-11-22 Burnley-Chelsea,23,Trevoh Chalobah,Chelsea,True,CB,90
ENG-Premier League,2526,2025-11-22 Burnley-Chelsea,24,Reece James,Chelsea,True,RB,45
ENG-Premier League,2526,2025-11-22 Burnley-Chelsea,12,Filip Jørgensen,Chelsea,False,,0
ENG-Premier League,2526,2025-11-22 Burnley-Chelsea,5,Benoît Badiashile,Chelsea,False,DF,45
ENG-Premier League,2526,2025-11-22 Burnley-Chelsea,21,Jorrel Hato,Chelsea,False,,0
ENG-Premier League,2526,2025-11-22 Burnley-Chelsea,25,Moisés Caicedo,Chelsea,False,,0
ENG-Premier League,2526,2025-11-22 Burnley-Chelsea,27,Malo Gusto,Chelsea,False,DF,24
ENG-Premier League,2526,2025-11-22 Burnley-Chelsea,34,Joshua Acheampong,Chelsea,False,,0
ENG-Premier League,2526,2025-11-22 Burnley-Chelsea,38,Marc Guiu,Chelsea,False,FW,15
ENG-Premier League,2526,2025-11-22 Burnley-Chelsea,41,Estêvão Willian,Chelsea,False,,0
ENG-Premier League,2526,2025-11-22 Burnley-Chelsea,49,Alejandro Garnacho,Chelsea,False,,0
ENG-Premier League,2526,2025-11-30 Chelsea-Arsenal,1,Robert Sánchez,Chelsea,True,GK,90
ENG-Premier League,2526,2025-11-30 Chelsea-Arsenal,3,Marc Cucurella,Chelsea,True,LB,90
ENG-Premier League,2526,2025-11-30 Chelsea-Arsenal,7,Pedro Neto,Chelsea,True,AM,90
ENG-Premier League,2526,2025-11-30 Chelsea-Arsenal,8,Enzo Fernández,Chelsea,True,AM,90
ENG-Premier League,2526,2025-11-30 Chelsea-Arsenal,20,João Pedro,Chelsea,True,FW,54
ENG-Premier League,2526,2025-11-30 Chelsea-Arsenal,23,Trevoh Chalobah,Chelsea,True,CB,90
ENG-Premier League,2526,2025-11-30 Chelsea-Arsenal,24,Reece James,Chelsea,True,DM,90
ENG-Premier League,2526,2025-11-30 Chelsea-Arsenal,25,Moisés Caicedo,Chelsea,True,DM,37
ENG-Premier League,2526,2025-11-30 Chelsea-Arsenal,27,Malo Gusto,Chelsea,True,RB,90
ENG-Premier League,2526,2025-11-30 Chelsea-Arsenal,29,Wesley Fofana,Chelsea,True,CB,90
ENG-Premier League,2526,2025-11-30 Chelsea-Arsenal,41,Estêvão Willian,Chelsea,True,AM,45
ENG-Premier League,2526,2025-11-30 Chelsea-Arsenal,12,Filip Jørgensen,Chelsea,False,,0
ENG-Premier League,2526,2025-11-30 Chelsea-Arsenal,4,Tosin Adarabioyo,Chelsea,False,,0
ENG-Premier League,2526,2025-11-30 Chelsea-Arsenal,5,Benoît Badiashile,Chelsea,False,,0
ENG-Premier League,2526,2025-11-30 Chelsea-Arsenal,9,Liam Delap,Chelsea,False,FW,36
ENG-Premier League,2526,2025-11-30 Chelsea-Arsenal,10,Cole Palmer,Chelsea,False,,0
ENG-Premier League,2526,2025-11-30 Chelsea-Arsenal,11,Jamie Gittens,Chelsea,False,,0
ENG-Premier League,2526,2025-11-30 Chelsea-Arsenal,17,Andrey Santos,Chelsea,False,,0
ENG-Premier League,2526,2025-11-30 Chelsea-Arsenal,34,Joshua Acheampong,Chelsea,False,,0
ENG-Premier League,2526,2025-11-30 Chelsea-Arsenal,49,Alejandro Garnacho,Chelsea,False,MF,45
ENG-Premier League,2526,2025-11-30 Chelsea-Arsenal,1,David Raya,Arsenal,True,GK,90
ENG-Premier League,2526,2025-11-30 Chelsea-Arsenal,3,Cristhian Mosquera,Arsenal,True,CB,90
ENG-Premier League,2526,2025-11-30 Chelsea-Arsenal,5,Piero Hincapié,Arsenal,True,CB,90
ENG-Premier League,2526,2025-11-30 Chelsea-Arsenal,7,Bukayo Saka,Arsenal,True,FW,90
ENG-Premier League,2526,2025-11-30 Chelsea-Arsenal,10,Eberechi Eze,Arsenal,True,CM,71
ENG-Premier League,2526,2025-11-30 Chelsea-Arsenal,11,Gabriel Martinelli,Arsenal,True,FW,56
ENG-Premier League,2526,2025-11-30 Chelsea-Arsenal,12,Jurriën Timber,Arsenal,True,RB,90
ENG-Premier League,2526,2025-11-30 Chelsea-Arsenal,23,Mikel Merino,Arsenal,True,FW,90
ENG-Premier League,2526,2025-11-30 Chelsea-Arsenal,33,Riccardo Calafiori,Arsenal,True,LB,45
ENG-Premier League,2526,2025-11-30 Chelsea-Arsenal,36,Martín Zubimendi,Arsenal,True,CM,56
ENG-Premier League,2526,2025-11-30 Chelsea-Arsenal,41,Declan Rice,Arsenal,True,CM,90
ENG-Premier League,2526,2025-11-30 Chelsea-Arsenal,13,Kepa Arrizabalaga,Arsenal,False,,0
ENG-Premier League,2526,2025-11-30 Chelsea-Arsenal,4,Ben White,Arsenal,False,,0
ENG-Premier League,2526,2025-11-30 Chelsea-Arsenal,8,Martin Ødegaard,Arsenal,False,"FW,MF",34
ENG-Premier League,2526,2025-11-30 Chelsea-Arsenal,9,Gabriel Jesus,Arsenal,False,,0
ENG-Premier League,2526,2025-11-30 Chelsea-Arsenal,14,Viktor Gyökeres,Arsenal,False,"FW,MF",19
ENG-Premier League,2526,2025-11-30 Chelsea-Arsenal,16,Christian Nørgaard,Arsenal,False,,0
ENG-Premier League,2526,2025-11-30 Chelsea-Arsenal,20,Noni Madueke,Arsenal,False,"FW,MF",34
ENG-Premier League,2526,2025-11-30 Chelsea-Arsenal,22,Ethan Nwaneri,Arsenal,False,,0
ENG-Premier League,2526,2025-11-30 Chelsea-Arsenal,49,Myles Lewis-Skelly,Arsenal,False,DF,45
ENG-Premier League,2526,2025-09-20 Wolves-Leeds United,1,José Sá,Wolverhampton Wanderers,True,GK,90
ENG-Premier League,2526,2025-09-20 Wolves-Leeds United,8,João Gomes,Wolverhampton Wanderers,True,DM,90
ENG-Premier League,2526,2025-09-20 Wolves-Leeds United,12,Emmanuel Agbadou,Wolverhampton Wanderers,True,CB,90
ENG-Premier League,2526,2025-09-20 Wolves-Leeds United,14,Tolu Arokodare,Wolverhampton Wanderers,True,FW,90
ENG-Premier League,2526,2025-09-20 Wolves-Leeds United,15,Yerson Mosquera,Wolverhampton Wanderers,True,CB,71
ENG-Premier League,2526,2025-09-20 Wolves-Leeds United,21,Rodrigo Gomes,Wolverhampton Wanderers,True,DM,45
ENG-Premier League,2526,2025-09-20 Wolves-Leeds United,24,Toti Gomes,Wolverhampton Wanderers,True,CB,71
ENG-Premier League,2526,2025-09-20 Wolves-Leeds United,27,Jean-Ricner Bellegarde,Wolverhampton Wanderers,True,AM,45
ENG-Premier League,2526,2025-09-20 Wolves-Leeds United,28,Fer López,Wolverhampton Wanderers,True,AM,45
ENG-Premier League,2526,2025-09-20 Wolves-Leeds United,37,Ladislav Krejčí,Wolverhampton Wanderers,True,DM,90
ENG-Premier League,2526,2025-09-20 Wolves-Leeds United,38,Jackson Tchatchoua,Wolverhampton Wanderers,True,DM,90
ENG-Premier League,2526,2025-09-20 Wolves-Leeds United,31,Sam Johnstone,Wolverhampton Wanderers,False,,0
ENG-Premier League,2526,2025-09-20 Wolves-Leeds United,3,Hugo Bueno,Wolverhampton Wanderers,False,"DF,MF",45
ENG-Premier League,2526,2025-09-20 Wolves-Leeds United,4,Santiago Bueno,Wolverhampton Wanderers,False,,0
ENG-Premier League,2526,2025-09-20 Wolves-Leeds United,5,Marshall Munetsi,Wolverhampton Wanderers,False,"DF,MF",45
ENG-Premier League,2526,2025-09-20 Wolves-Leeds United,7,André,Wolverhampton Wanderers,False,MF,19
ENG-Premier League,2526,2025-09-20 Wolves-Leeds United,9,Jørgen Strand Larsen,Wolverhampton Wanderers,False,FW,45
ENG-Premier League,2526,2025-09-20 Wolves-Leeds United,10,Jhon Arias,Wolverhampton Wanderers,False,"FW,MF",19
ENG-Premier League,2526,2025-09-20 Wolves-Leeds United,11,Hwang Hee-chan,Wolverhampton Wanderers,False,,0
ENG-Premier League,2526,2025-09-20 Wolves-Leeds United,26,Ki-Jana Hoever,Wolverhampton Wanderers,False,,0
ENG-Premier League,2526,2025-09-20 Wolves-Leeds United,26,Karl Darlow,Leeds United,True,GK,90
ENG-Premier League,2526,2025-09-20 Wolves-Leeds United,2,Jayden Bogle,Leeds United,True,RB,82
ENG-Premier League,2526,2025-09-20 Wolves-Leeds United,3,Gabriel Gudmundsson,Leeds United,True,LB,90
ENG-Premier League,2526,2025-09-20 Wolves-Leeds United,4,Ethan Ampadu,Leeds United,True,CM,90
ENG-Premier League,2526,2025-09-20 Wolves-Leeds United,5,Pascal Struijk,Leeds United,True,CB,90
ENG-Premier League,2526,2025-09-20 Wolves-Leeds United,6,Joe Rodon,Leeds United,True,CB,90
ENG-Premier League,2526,2025-09-20 Wolves-Leeds United,8,Sean Longstaff,Leeds United,True,CM,82
ENG-Premier League,2526,2025-09-20 Wolves-Leeds United,9,Dominic Calvert-Lewin,Leeds United,True,FW,89
ENG-Premier League,2526,2025-09-20 Wolves-Leeds United,11,Brenden Aaronson,Leeds United,True,FW,89
ENG-Premier League,2526,2025-09-20 Wolves-Leeds United,18,Anton Stach,Leeds United,True,CM,90
ENG-Premier League,2526,2025-09-20 Wolves-Leeds United,19,Noah Okafor,Leeds United,True,FW,69
ENG-Premier League,2526,2025-09-20 Wolves-Leeds United,16,Illan Meslier,Leeds United,False,,0
ENG-Premier League,2526,2025-09-20 Wolves-Leeds United,10,Joël Piroe,Leeds United,False,,0
ENG-Premier League,2526,2025-09-20 Wolves-Leeds United,14,Lukas Nmecha,Leeds United,False,FW,1
ENG-Premier League,2526,2025-09-20 Wolves-Leeds United,15,Jaka Bijol,Leeds United,False,,0
ENG-Premier League,2526,2025-09-20 Wolves-Leeds United,20,Jack Harrison,Leeds United,False,"FW,MF",21
ENG-Premier League,2526,2025-09-20 Wolves-Leeds United,22,Ao Tanaka,Leeds United,False,MF,8
ENG-Premier League,2526,2025-09-20 Wolves-Leeds United,24,James Justin,Leeds United,False,"DF,MF",8
ENG-Premier League,2526,2025-09-20 Wolves-Leeds United,44,Ilia Gruev,Leeds United,False,MF,1
ENG-Premier League,2526,2025-09-20 Wolves-Leeds United,45,Harry Gray,Leeds United,False,,0
ENG-Premier League,2526,2026-01-07 Newcastle United-Leeds United,1,Nick Pope,Newcastle United,True,GK,90
ENG-Premier League,2526,2026-01-07 Newcastle United-Leeds United,3,Lewis Hall,Newcastle United,True,LB,90
ENG-Premier League,2526,2026-01-07 Newcastle United-Leeds United,5,Fabian Schär,Newcastle United,True,CB,75
ENG-Premier League,2526,2026-01-07 Newcastle United-Leeds United,7,Joelinton,Newcastle United,True,CM,90
ENG-Premier League,2526,2026-01-07 Newcastle United-Leeds United,8,Sandro Tonali,Newcastle United,True,CM,45
ENG-Premier League,2526,2026-01-07 Newcastle United-Leeds United,10,Anthony Gordon,Newcastle United,True,FW,80
ENG-Premier League,2526,2026-01-07 Newcastle United-Leeds United,11,Harvey Barnes,Newcastle United,True,FW,90
ENG-Premier League,2526,2026-01-07 Newcastle United-Leeds United,12,Malick Thiaw,Newcastle United,True,CB,45
ENG-Premier League,2526,2026-01-07 Newcastle United-Leeds United,27,Nick Woltemade,Newcastle United,True,FW,74
ENG-Premier League,2526,2026-01-07 Newcastle United-Leeds United,39,Bruno Guimarães,Newcastle United,True,CM,90
ENG-Premier League,2526,2026-01-07 Newcastle United-Leeds United,67,Lewis Miley,Newcastle United,True,RB,90
ENG-Premier League,2526,2026-01-07 Newcastle United-Leeds United,32,Aaron Ramsdale,Newcastle United,False,,0
ENG-Premier League,2526,2026-01-07 Newcastle United-Leeds United,2,Kieran Trippier,Newcastle United,False,,0
ENG-Premier League,2526,2026-01-07 Newcastle United-Leeds United,4,Sven Botman,Newcastle United,False,DF,45
ENG-Premier League,2526,2026-01-07 Newcastle United-Leeds United,9,Yoane Wissa,Newcastle United,False,"FW,MF",16
ENG-Premier League,2526,2026-01-07 Newcastle United-Leeds United,21,Valentino Livramento,Newcastle United,False,"DF,MF",45
ENG-Premier League,2526,2026-01-07 Newcastle United-Leeds United,23,Jacob Murphy,Newcastle United,False,"DF,FW",10
ENG-Premier League,2526,2026-01-07 Newcastle United-Leeds United,28,Joe Willock,Newcastle United,False,,0
ENG-Premier League,2526,2026-01-07 Newcastle United-Leeds United,37,Alex Murphy,Newcastle United,False,,0
ENG-Premier League,2526,2026-01-07 Newcastle United-Leeds United,41,Jacob Ramsey,Newcastle United,False,MF,15
ENG-Premier League,2526,2026-01-07 Newcastle United-Leeds United,1,Lucas Perri,Leeds United,True,GK,90
ENG-Premier League,2526,2026-01-07 Newcastle United-Leeds United,3,Gabriel Gudmundsson,Leeds United,True,LW,90
ENG-Premier League,2526,2026-01-07 Newcastle United-Leeds United,4,Ethan Ampadu,Leeds United,True,DM,90
ENG-Premier League,2526,2026-01-07 Newcastle United-Leeds United,5,Pascal Struijk,Leeds United,True,CB,90
ENG-Premier League,2526,2026-01-07 Newcastle United-Leeds United,6,Joe Rodon,Leeds United,True,CB,89
ENG-Premier League,2526,2026-01-07 Newcastle United-Leeds United,9,Dominic Calvert-Lewin,Leeds United,True,FW,86
ENG-Premier League,2526,2026-01-07 Newcastle United-Leeds United,11,Brenden Aaronson,Leeds United,True,FW,89
ENG-Premier League,2526,2026-01-07 Newcastle United-Leeds United,15,Jaka Bijol,Leeds United,True,CB,90
ENG-Premier League,2526,2026-01-07 Newcastle United-Leeds United,18,Anton Stach,Leeds United,True,AM,79
ENG-Premier League,2526,2026-01-07 Newcastle United-Leeds United,24,James Justin,Leeds United,True,RW,90
ENG-Premier League,2526,2026-01-07 Newcastle United-Leeds United,44,Ilia Gruev,Leeds United,True,AM,89
ENG-Premier League,2526,2026-01-07 Newcastle United-Leeds United,26,Karl Darlow,Leeds United,False,,0
ENG-Premier League,2526,2026-01-07 Newcastle United-Leeds United,10,Joël Piroe,Leeds United,False,,0
ENG-Premier League,2526,2026-01-07 Newcastle United-Leeds United,14,Lukas Nmecha,Leeds United,False,FW,4
ENG-Premier League,2526,2026-01-07 Newcastle United-Leeds United,19,Noah Okafor,Leeds United,False,"FW,MF",11
ENG-Premier League,2526,2026-01-07 Newcastle United-Leeds United,20,Jack Harrison,Leeds United,False,,0
ENG-Premier League,2526,2026-01-07 Newcastle United-Leeds United,22,Ao Tanaka,Leeds United,False,MF,1
ENG-Premier League,2526,2026-01-07 Newcastle United-Leeds United,23,Sebastiaan Bornauw,Leeds United,False,DF,1
ENG-Premier League,2526,2026-01-07 Newcastle United-Leeds United,25,Sam Byram,Leeds United,False,,0
ENG-Premier League,2526,2026-01-07 Newcastle United-Leeds United,29,Wilfried Gnonto,Leeds United,False,"FW,MF",1
ENG-Premier League,2526,2026-03-15 Nottingham Forest-Fulham,26,Matz Sels,Nottingham Forest,True,GK,90
ENG-Premier League,2526,2026-03-15 Nottingham Forest-Fulham,3,Neco Williams,Nottingham Forest,True,LB,90
ENG-Premier League,2526,2026-03-15 Nottingham Forest-Fulham,5,Murillo,Nottingham Forest,True,CB,90
ENG-Premier League,2526,2026-03-15 Nottingham Forest-Fulham,6,Ibrahim Sangaré,Nottingham Forest,True,DM,90
ENG-Premier League,2526,2026-03-15 Nottingham Forest-Fulham,7,Callum Hudson-Odoi,Nottingham Forest,True,AM,45
ENG-Premier League,2526,2026-03-15 Nottingham Forest-Fulham,8,Elliot Anderson,Nottingham Forest,True,DM,87
ENG-Premier League,2526,2026-03-15 Nottingham Forest-Fulham,10,Morgan Gibbs-White,Nottingham Forest,True,AM,73
ENG-Premier League,2526,2026-03-15 Nottingham Forest-Fulham,16,Nicolás Domínguez,Nottingham Forest,True,AM,45
ENG-Premier League,2526,2026-03-15 Nottingham Forest-Fulham,19,Igor Jesus,Nottingham Forest,True,FW,62
ENG-Premier League,2526,2026-03-15 Nottingham Forest-Fulham,31,Nikola Milenković,Nottingham Forest,True,CB,90
ENG-Premier League,2526,2026-03-15 Nottingham Forest-Fulham,34,Ola Aina,Nottingham Forest,True,RB,90
ENG-Premier League,2526,2026-03-15 Nottingham Forest-Fulham,18,Angus Gunn,Nottingham Forest,False,,0
ENG-Premier League,2526,2026-03-15 Nottingham Forest-Fulham,4,Morato,Nottingham Forest,False,,0
ENG-Premier League,2526,2026-03-15 Nottingham Forest-Fulham,9,Taiwo Awoniyi,Nottingham Forest,False,FW,28
ENG-Premier League,2526,2026-03-15 Nottingham Forest-Fulham,14,Dan Ndoye,Nottingham Forest,False,"FW,MF",45
ENG-Premier League,2526,2026-03-15 Nottingham Forest-Fulham,21,Omari Hutchinson,Nottingham Forest,False,MF,45
ENG-Premier League,2526,2026-03-15 Nottingham Forest-Fulham,22,Ryan Yates,Nottingham Forest,False,MF,17
ENG-Premier League,2526,2026-03-15 Nottingham Forest-Fulham,24,James Mcatee,Nottingham Forest,False,MF,3
ENG-Premier League,2526,2026-03-15 Nottingham Forest-Fulham,25,Luca Netz,Nottingham Forest,False,,0
ENG-Premier League,2526,2026-03-15 Nottingham Forest-Fulham,29,Dilane Bakwa,Nottingham Forest,False,,0
ENG-Premier League,2526,2026-03-15 Nottingham Forest-Fulham,1,Bernd Leno,Fulham,True,GK,90
ENG-Premier League,2526,2026-03-15 Nottingham Forest-Fulham,2,Kenny Tete,Fulham,True,RB,90
ENG-Premier League,2526,2026-03-15 Nottingham Forest-Fulham,3,Calvin Bassey,Fulham,True,CB,90
ENG-Premier League,2526,2026-03-15 Nottingham Forest-Fulham,5,Joachim Andersen,Fulham,True,CB,90
ENG-Premier League,2526,2026-03-15 Nottingham Forest-Fulham,7,Raúl Jiménez,Fulham,True,FW,61
ENG-Premier League,2526,2026-03-15 Nottingham Forest-Fulham,8,Harry Wilson,Fulham,True,AM,89
ENG-Premier League,2526,2026-03-15 Nottingham Forest-Fulham,14,Oscar Bobb,Fulham,True,AM,61
ENG-Premier League,2526,2026-03-15 Nottingham Forest-Fulham,16,Sander Berge,Fulham,True,DM,77
ENG-Premier League,2526,2026-03-15 Nottingham Forest-Fulham,17,Alex Iwobi,Fulham,True,DM,90
ENG-Premier League,2526,2026-03-15 Nottingham Forest-Fulham,24,Joshua King,Fulham,True,AM,61
ENG-Premier League,2526,2026-03-15 Nottingham Forest-Fulham,33,Antonee Robinson,Fulham,True,LB,90
ENG-Premier League,2526,2026-03-15 Nottingham Forest-Fulham,23,Benjamin Lecomte,Fulham,False,,0
ENG-Premier League,2526,2026-03-15 Nottingham Forest-Fulham,6,Harrison Reed,Fulham,False,,0
ENG-Premier League,2526,2026-03-15 Nottingham Forest-Fulham,9,Rodrigo Muniz,Fulham,False,FW,29
ENG-Premier League,2526,2026-03-15 Nottingham Forest-Fulham,10,Tom Cairney,Fulham,False,MF,13
ENG-Premier League,2526,2026-03-15 Nottingham Forest-Fulham,19,Samuel Chukwueze,Fulham,False,"FW,MF",29
ENG-Premier League,2526,2026-03-15 Nottingham Forest-Fulham,20,Saša Lukić,Fulham,False,MF,29
ENG-Premier League,2526,2026-03-15 Nottingham Forest-Fulham,21,Timothy Castagne,Fulham,False,,0
ENG-Premier League,2526,2026-03-15 Nottingham Forest-Fulham,30,Ryan Sessegnon,Fulham,False,"DF,FW",1
ENG-Premier League,2526,2026-03-15 Nottingham Forest-Fulham,31,Issa Diop,Fulham,False,,0
ENG-Premier League,2526,2026-02-07 Fulham-Everton,1,Bernd Leno,Fulham,True,GK,90
ENG-Premier League,2526,2026-02-07 Fulham-Everton,5,Joachim Andersen,Fulham,True,CB,90
ENG-Premier League,2526,2026-02-07 Fulham-Everton,7,Raúl Jiménez,Fulham,True,FW,74
ENG-Premier League,2526,2026-02-07 Fulham-Everton,8,Harry Wilson,Fulham,True,AM,90
ENG-Premier League,2526,2026-02-07 Fulham-Everton,15,Jorge Cuenca,Fulham,True,CB,90
ENG-Premier League,2526,2026-02-07 Fulham-Everton,16,Sander Berge,Fulham,True,DM,90
ENG-Premier League,2526,2026-02-07 Fulham-Everton,17,Alex Iwobi,Fulham,True,DM,90
ENG-Premier League,2526,2026-02-07 Fulham-Everton,19,Samuel Chukwueze,Fulham,True,AM,74
ENG-Premier League,2526,2026-02-07 Fulham-Everton,21,Timothy Castagne,Fulham,True,RB,82
ENG-Premier League,2526,2026-02-07 Fulham-Everton,30,Ryan Sessegnon,Fulham,True,LB,90
ENG-Premier League,2526,2026-02-07 Fulham-Everton,32,Emile Smith Rowe,Fulham,True,AM,82
ENG-Premier League,2526,2026-02-07 Fulham-Everton,23,Benjamin Lecomte,Fulham,False,,0
ENG-Premier League,2526,2026-02-07 Fulham-Everton,2,Kenny Tete,Fulham,False,DF,8
ENG-Premier League,2526,2026-02-07 Fulham-Everton,3,Calvin Bassey,Fulham,False,,0
ENG-Premier League,2526,2026-02-07 Fulham-Everton,6,Harrison Reed,Fulham,False,,0
ENG-Premier League,2526,2026-02-07 Fulham-Everton,9,Rodrigo Muniz,Fulham,False,FW,16
ENG-Premier League,2526,2026-02-07 Fulham-Everton,14,Oscar Bobb,Fulham,False,"FW,MF",8
ENG-Premier League,2526,2026-02-07 Fulham-Everton,22,Kevin,Fulham,False,MF,16
ENG-Premier League,2526,2026-02-07 Fulham-Everton,24,Joshua King,Fulham,False,,0
ENG-Premier League,2526,2026-02-07 Fulham-Everton,33,Antonee Robinson,Fulham,False,,0
ENG-Premier League,2526,2026-02-07 Fulham-Everton,1,Jordan Pickford,Everton,True,GK,90
ENG-Premier League,2526,2026-02-07 Fulham-Everton,5,Michael Keane,Everton,True,CB,90
ENG-Premier League,2526,2026-02-07 Fulham-Everton,6,James Tarkowski,Everton,True,CB,90
ENG-Premier League,2526,2026-02-07 Fulham-Everton,10,Iliman Ndiaye,Everton,True,AM,90
ENG-Premier League,2526,2026-02-07 Fulham-Everton,11,Thierno Barry,Everton,True,FW,68
ENG-Premier League,2526,2026-02-07 Fulham-Everton,15,Jake O'Brien,Everton,True,RB,90
ENG-Premier League,2526,2026-02-07 Fulham-Everton,16,Vitaliy Mykolenko,Everton,True,LB,84
ENG-Premier League,2526,2026-02-07 Fulham-Everton,22,Kiernan Dewsbury-Hall,Everton,True,AM,89
ENG-Premier League,2526,2026-02-07 Fulham-Everton,27,Idrissa Gana Gueye,Everton,True,DM,90
ENG-Premier League,2526,2026-02-07 Fulham-Everton,37,James Garner,Everton,True,DM,90
ENG-Premier League,2526,2026-02-07 Fulham-Everton,45,Harrison Armstrong,Everton,True,AM,68
ENG-Premier League,2526,2026-02-07 Fulham-Everton,12,Mark Travers,Everton,False,,0
ENG-Premier League,2526,2026-02-07 Fulham-Everton,2,Nathan Patterson,Everton,False,,0
ENG-Premier League,2526,2026-02-07 Fulham-Everton,9,Beto,Everton,False,FW,22
ENG-Premier League,2526,2026-02-07 Fulham-Everton,19,Tyrique George,Everton,False,FW,22
ENG-Premier League,2526,2026-02-07 Fulham-Everton,20,Tyler Dibling,Everton,False,,0
ENG-Premier League,2526,2026-02-07 Fulham-Everton,24,Carlos Alcaraz,Everton,False,,0
ENG-Premier League,2526,2026-02-07 Fulham-Everton,32,Jarrad Branthwaite,Everton,False,DF,6
ENG-Premier League,2526,2026-02-07 Fulham-Everton,34,Merlin Röhl,Everton,False,,0
ENG-Premier League,2526,2026-02-07 Fulham-Everton,42,Tim Iroegbunam,Everton,False,MF,1
ENG-Premier League,2526,2026-03-03 Everton-Burnley,1,Jordan Pickford,Everton,True,GK,90
ENG-Premier League,2526,2026-03-03 Everton-Burnley,6,James Tarkowski,Everton,True,CB,90
ENG-Premier League,2526,2026-03-03 Everton-Burnley,7,Dwight McNeil,Everton,True,AM,86
ENG-Premier League,2526,2026-03-03 Everton-Burnley,9,Beto,Everton,True,FW,82
ENG-Premier League,2526,2026-03-03 Everton-Burnley,10,Iliman Ndiaye,Everton,True,AM,89
ENG-Premier League,2526,2026-03-03 Everton-Burnley,15,Jake O'Brien,Everton,True,RB,90
ENG-Premier League,2526,2026-03-03 Everton-Burnley,16,Vitaliy Mykolenko,Everton,True,LB,90
ENG-Premier League,2526,2026-03-03 Everton-Burnley,22,Kiernan Dewsbury-Hall,Everton,True,AM,90
ENG-Premier League,2526,2026-03-03 Everton-Burnley,27,Idrissa Gana Gueye,Everton,True,DM,86
ENG-Premier League,2526,2026-03-03 Everton-Burnley,32,Jarrad Branthwaite,Everton,True,CB,82
ENG-Premier League,2526,2026-03-03 Everton-Burnley,37,James Garner,Everton,True,DM,90
ENG-Premier League,2526,2026-03-03 Everton-Burnley,12,Mark Travers,Everton,False,,0
ENG-Premier League,2526,2026-03-03 Everton-Burnley,2,Nathan Patterson,Everton,False,,0
ENG-Premier League,2526,2026-03-03 Everton-Burnley,5,Michael Keane,Everton,False,DF,8
ENG-Premier League,2526,2026-03-03 Everton-Burnley,11,Thierno Barry,Everton,False,FW,8
ENG-Premier League,2526,2026-03-03 Everton-Burnley,19,Tyrique George,Everton,False,FW,4
ENG-Premier League,2526,2026-03-03 Everton-Burnley,20,Tyler Dibling,Everton,False,MF,1
ENG-Premier League,2526,2026-03-03 Everton-Burnley,34,Merlin Röhl,Everton,False,,0
ENG-Premier League,2526,2026-03-03 Everton-Burnley,42,Tim Iroegbunam,Everton,False,MF,4
ENG-Premier League,2526,2026-03-03 Everton-Burnley,45,Harrison Armstrong,Everton,False,,0
ENG-Premier League,2526,2026-03-03 Everton-Burnley,1,Martin Dúbravka,Burnley,True,GK,90
ENG-Premier League,2526,2026-03-03 Everton-Burnley,2,Kyle Walker,Burnley,True,DM,90
ENG-Premier League,2526,2026-03-03 Everton-Burnley,4,Joe Worrall,Burnley,True,CB,56
ENG-Premier League,2526,2026-03-03 Everton-Burnley,5,Maxime Estève,Burnley,True,CB,90
ENG-Premier League,2526,2026-03-03 Everton-Burnley,8,Lesley Ugochukwu,Burnley,True,AM,82
ENG-Premier League,2526,2026-03-03 Everton-Burnley,9,Lyle Foster,Burnley,True,FW,90
ENG-Premier League,2526,2026-03-03 Everton-Burnley,11,Jaidon Anthony,Burnley,True,AM,90
ENG-Premier League,2526,2026-03-03 Everton-Burnley,12,Bashir Humphreys,Burnley,True,CB,90
ENG-Premier League,2526,2026-03-03 Everton-Burnley,16,Florentino Luís,Burnley,True,DM,56
ENG-Premier League,2526,2026-03-03 Everton-Burnley,23,Lucas,Burnley,True,DM,90
ENG-Premier League,2526,2026-03-03 Everton-Burnley,28,Hannibal Mejbri,Burnley,True,DM,71
ENG-Premier League,2526,2026-03-03 Everton-Burnley,13,Max Weiß,Burnley,False,,0
ENG-Premier League,2526,2026-03-03 Everton-Burnley,3,Quilindschy Hartman,Burnley,False,,0
ENG-Premier League,2526,2026-03-03 Everton-Burnley,7,Jacob Bruun Larsen,Burnley,False,,0
ENG-Premier League,2526,2026-03-03 Everton-Burnley,17,Loum Tchaouna,Burnley,False,"FW,MF",34
ENG-Premier League,2526,2026-03-03 Everton-Burnley,18,Hjalmar Ekdal,Burnley,False,,0
ENG-Premier League,2526,2026-03-03 Everton-Burnley,20,James Ward-Prowse,Burnley,False,MF,34
ENG-Premier League,2526,2026-03-03 Everton-Burnley,29,Josh Laurent,Burnley,False,"DF,FW",19
ENG-Premier League,2526,2026-03-03 Everton-Burnley,35,Ashley Barnes,Burnley,False,"FW,MF",8
ENG-Premier League,2526,2026-03-03 Everton-Burnley,52,Kian McMahon-Brown,Burnley,False,,0
ENG-Premier League,2526,2025-12-20 Newcastle United-Chelsea,32,Aaron Ramsdale,Newcastle United,True,GK,90
ENG-Premier League,2526,2025-12-20 Newcastle United-Chelsea,3,Lewis Hall,Newcastle United,True,LB,90
ENG-Premier League,2526,2025-12-20 Newcastle United-Chelsea,5,Fabian Schär,Newcastle United,True,CB,90
ENG-Premier League,2526,2025-12-20 Newcastle United-Chelsea,8,Sandro Tonali,Newcastle United,True,CM,90
ENG-Premier League,2526,2025-12-20 Newcastle United-Chelsea,10,Anthony Gordon,Newcastle United,True,FW,72
ENG-Premier League,2526,2025-12-20 Newcastle United-Chelsea,12,Malick Thiaw,Newcastle United,True,CB,90
ENG-Premier League,2526,2025-12-20 Newcastle United-Chelsea,23,Jacob Murphy,Newcastle United,True,FW,72
ENG-Premier League,2526,2025-12-20 Newcastle United-Chelsea,27,Nick Woltemade,Newcastle United,True,FW,72
ENG-Premier League,2526,2025-12-20 Newcastle United-Chelsea,39,Bruno Guimarães,Newcastle United,True,CM,90
ENG-Premier League,2526,2025-12-20 Newcastle United-Chelsea,41,Jacob Ramsey,Newcastle United,True,CM,88
ENG-Premier League,2526,2025-12-20 Newcastle United-Chelsea,67,Lewis Miley,Newcastle United,True,RB,90
ENG-Premier League,2526,2025-12-20 Newcastle United-Chelsea,26,John Ruddy,Newcastle United,False,,0
ENG-Premier League,2526,2025-12-20 Newcastle United-Chelsea,7,Joelinton,Newcastle United,False,,0
ENG-Premier League,2526,2025-12-20 Newcastle United-Chelsea,9,Yoane Wissa,Newcastle United,False,"FW,MF",18
ENG-Premier League,2526,2025-12-20 Newcastle United-Chelsea,11,Harvey Barnes,Newcastle United,False,"FW,MF",18
ENG-Premier League,2526,2025-12-20 Newcastle United-Chelsea,20,Anthony Elanga,Newcastle United,False,"FW,MF",18
ENG-Premier League,2526,2025-12-20 Newcastle United-Chelsea,28,Joe Willock,Newcastle United,False,MF,2
ENG-Premier League,2526,2025-12-20 Newcastle United-Chelsea,37,Alex Murphy,Newcastle United,False,,0
ENG-Premier League,2526,2025-12-20 Newcastle United-Chelsea,61,Leo Shahar,Newcastle United,False,,0
ENG-Premier League,2526,2025-12-20 Newcastle United-Chelsea,62,Sean Neave,Newcastle United,False,,0
ENG-Premier League,2526,2025-12-20 Newcastle United-Chelsea,1,Robert Sánchez,Chelsea,True,GK,90
ENG-Premier League,2526,2025-12-20 Newcastle United-Chelsea,3,Marc Cucurella,Chelsea,True,LB,90
ENG-Premier League,2526,2025-12-20 Newcastle United-Chelsea,7,Pedro Neto,Chelsea,True,AM,90
ENG-Premier League,2526,2025-12-20 Newcastle United-Chelsea,10,Cole Palmer,Chelsea,True,AM,78
ENG-Premier League,2526,2025-12-20 Newcastle United-Chelsea,20,João Pedro,Chelsea,True,FW,90
ENG-Premier League,2526,2025-12-20 Newcastle United-Chelsea,23,Trevoh Chalobah,Chelsea,True,CB,90
ENG-Premier League,2526,2025-12-20 Newcastle United-Chelsea,24,Reece James,Chelsea,True,DM,90
ENG-Premier League,2526,2025-12-20 Newcastle United-Chelsea,25,Moisés Caicedo,Chelsea,True,DM,90
ENG-Premier League,2526,2025-12-20 Newcastle United-Chelsea,27,Malo Gusto,Chelsea,True,RB,53
ENG-Premier League,2526,2025-12-20 Newcastle United-Chelsea,29,Wesley Fofana,Chelsea,True,CB,90
ENG-Premier League,2526,2025-12-20 Newcastle United-Chelsea,49,Alejandro Garnacho,Chelsea,True,AM,90
ENG-Premier League,2526,2025-12-20 Newcastle United-Chelsea,12,Filip Jørgensen,Chelsea,False,,0
ENG-Premier League,2526,2025-12-20 Newcastle United-Chelsea,4,Tosin Adarabioyo,Chelsea,False,,0
ENG-Premier League,2526,2025-12-20 Newcastle United-Chelsea,5,Benoît Badiashile,Chelsea,False,,0
ENG-Premier League,2526,2025-12-20 Newcastle United-Chelsea,8,Enzo Fernández,Chelsea,False,MF,37
ENG-Premier League,2526,2025-12-20 Newcastle United-Chelsea,17,Andrey Santos,Chelsea,False,MF,12
ENG-Premier League,2526,2025-12-20 Newcastle United-Chelsea,21,Jorrel Hato,Chelsea,False,,0
ENG-Premier League,2526,2025-12-20 Newcastle United-Chelsea,34,Joshua Acheampong,Chelsea,False,,0
ENG-Premier League,2526,2025-12-20 Newcastle United-Chelsea,38,Marc Guiu,Chelsea,False,,0
ENG-Premier League,2526,2025-12-20 Newcastle United-Chelsea,40,Facundo Buonanotte,Chelsea,False,,0
ENG-Premier League,2526,2025-08-23 Burnley-Sunderland,1,Martin Dúbravka,Burnley,True,GK,90
ENG-Premier League,2526,2025-08-23 Burnley-Sunderland,2,Kyle Walker,Burnley,True,RB,90
ENG-Premier League,2526,2025-08-23 Burnley-Sunderland,3,Quilindschy Hartman,Burnley,True,LB,90
ENG-Premier League,2526,2025-08-23 Burnley-Sunderland,5,Maxime Estève,Burnley,True,CB,82
ENG-Premier League,2526,2025-08-23 Burnley-Sunderland,7,Jacob Bruun Larsen,Burnley,True,AM,68
ENG-Premier League,2526,2025-08-23 Burnley-Sunderland,8,Lesley Ugochukwu,Burnley,True,DM,68
ENG-Premier League,2526,2025-08-23 Burnley-Sunderland,9,Lyle Foster,Burnley,True,FW,85
ENG-Premier League,2526,2025-08-23 Burnley-Sunderland,11,Jaidon Anthony,Burnley,True,AM,90
ENG-Premier League,2526,2025-08-23 Burnley-Sunderland,18,Hjalmar Ekdal,Burnley,True,CB,90
ENG-Premier League,2526,2025-08-23 Burnley-Sunderland,24,Josh Cullen,Burnley,True,DM,90
ENG-Premier League,2526,2025-08-23 Burnley-Sunderland,28,Hannibal Mejbri,Burnley,True,AM,82
ENG-Premier League,2526,2025-08-23 Burnley-Sunderland,13,Max Weiß,Burnley,False,,0
ENG-Premier League,2526,2025-08-23 Burnley-Sunderland,4,Joe Worrall,Burnley,False,DF,8
ENG-Premier League,2526,2025-08-23 Burnley-Sunderland,10,Marcus Edwards,Burnley,False,,0
ENG-Premier League,2526,2025-08-23 Burnley-Sunderland,17,Loum Tchaouna,Burnley,False,"FW,MF",8
ENG-Premier League,2526,2025-08-23 Burnley-Sunderland,19,Zian Flemming,Burnley,False,"FW,MF",5
ENG-Premier League,2526,2025-08-23 Burnley-Sunderland,21,Aaron Ramsey,Burnley,False,,0
ENG-Premier League,2526,2025-08-23 Burnley-Sunderland,22,Oliver Sonne,Burnley,False,DF,22
ENG-Premier League,2526,2025-08-23 Burnley-Sunderland,23,Lucas,Burnley,False,,0
ENG-Premier League,2526,2025-08-23 Burnley-Sunderland,29,Josh Laurent,Burnley,False,"DF,FW",22
ENG-Premier League,2526,2025-08-23 Burnley-Sunderland,22,Robin Roefs,Sunderland,True,GK,90
ENG-Premier League,2526,2025-08-23 Burnley-Sunderland,5,Daniel Ballard,Sunderland,True,CB,8
ENG-Premier League,2526,2025-08-23 Burnley-Sunderland,7,Chemsdine Talbi,Sunderland,True,FW,62
ENG-Premier League,2526,2025-08-23 Burnley-Sunderland,12,Eliezer Mayenda,Sunderland,True,FW,62
ENG-Premier League,2526,2025-08-23 Burnley-Sunderland,15,Omar Alderete,Sunderland,True,CB,90
ENG-Premier League,2526,2025-08-23 Burnley-Sunderland,17,Reinildo Mandava,Sunderland,True,LB,90
ENG-Premier League,2526,2025-08-23 Burnley-Sunderland,19,Habib Diarra,Sunderland,True,CM,79
ENG-Premier League,2526,2025-08-23 Burnley-Sunderland,24,Simon Adingra,Sunderland,True,FW,62
ENG-Premier League,2526,2025-08-23 Burnley-Sunderland,27,Noah Sadiki,Sunderland,True,CM,90
ENG-Premier League,2526,2025-08-23 Burnley-Sunderland,32,Trai Hume,Sunderland,True,RB,90
ENG-Premier League,2526,2025-08-23 Burnley-Sunderland,34,Granit Xhaka,Sunderland,True,CM,90
ENG-Premier League,2526,2025-08-23 Burnley-Sunderland,1,Anthony Patterson,Sunderland,False,,0
ENG-Premier League,2526,2025-08-23 Burnley-Sunderland,4,Dan Neil,Sunderland,False,,0
ENG-Premier League,2526,2025-08-23 Burnley-Sunderland,9,Marc Guiu,Sunderland,False,FW,11
ENG-Premier League,2526,2025-08-23 Burnley-Sunderland,10,Patrick Roberts,Sunderland,False,"FW,MF",28
ENG-Premier League,2526,2025-08-23 Burnley-Sunderland,11,Chris Rigg,Sunderland,False,,0
ENG-Premier League,2526,2025-08-23 Burnley-Sunderland,18,Wilson Isidor,Sunderland,False,"FW,MF",28
ENG-Premier League,2526,2025-08-23 Burnley-Sunderland,23,Jenson Seelt,Sunderland,False,DF,82
ENG-Premier League,2526,2025-08-23 Burnley-Sunderland,26,Arthur Masuaku,Sunderland,False,,0
ENG-Premier League,2526,2025-08-23 Burnley-Sunderland,28,Enzo Le Fée,Sunderland,False,MF,28
ENG-Premier League,2526,2025-09-21 Sunderland-Aston Villa,22,Robin Roefs,Sunderland,True,GK,90
ENG-Premier League,2526,2025-09-21 Sunderland-Aston Villa,7,Chemsdine Talbi,Sunderland,True,FW,79
ENG-Premier League,2526,2025-09-21 Sunderland-Aston Villa,11,Chris Rigg,Sunderland,True,CM,36
ENG-Premier League,2526,2025-09-21 Sunderland-Aston Villa,15,Omar Alderete,Sunderland,True,CB,90
ENG-Premier League,2526,2025-09-21 Sunderland-Aston Villa,17,Reinildo Mandava,Sunderland,True,LB,32
ENG-Premier League,2526,2025-09-21 Sunderland-Aston Villa,18,Wilson Isidor,Sunderland,True,FW,79
ENG-Premier League,2526,2025-09-21 Sunderland-Aston Villa,20,Nordi Mukiele,Sunderland,True,CB,90
ENG-Premier League,2526,2025-09-21 Sunderland-Aston Villa,27,Noah Sadiki,Sunderland,True,CM,89
ENG-Premier League,2526,2025-09-21 Sunderland-Aston Villa,28,Enzo Le Fée,Sunderland,True,FW,79
ENG-Premier League,2526,2025-09-21 Sunderland-Aston Villa,32,Trai Hume,Sunderland,True,RB,90
ENG-Premier League,2526,2025-09-21 Sunderland-Aston Villa,34,Granit Xhaka,Sunderland,True,CM,90
ENG-Premier League,2526,2025-09-21 Sunderland-Aston Villa,1,Anthony Patterson,Sunderland,False,,0
ENG-Premier League,2526,2025-09-21 Sunderland-Aston Villa,4,Dan Neil,Sunderland,False,MF,1
ENG-Premier League,2526,2025-09-21 Sunderland-Aston Villa,5,Daniel Ballard,Sunderland,False,DF,54
ENG-Premier League,2526,2025-09-21 Sunderland-Aston Villa,6,Lutsharel Geertruida,Sunderland,False,DF,11
ENG-Premier League,2526,2025-09-21 Sunderland-Aston Villa,9,Brian Brobbey,Sunderland,False,,0
ENG-Premier League,2526,2025-09-21 Sunderland-Aston Villa,12,Eliezer Mayenda,Sunderland,False,FW,11
ENG-Premier League,2526,2025-09-21 Sunderland-Aston Villa,24,Simon Adingra,Sunderland,False,,0
ENG-Premier League,2526,2025-09-21 Sunderland-Aston Villa,25,Bertrand Traoré,Sunderland,False,,0
ENG-Premier League,2526,2025-09-21 Sunderland-Aston Villa,26,Arthur Masuaku,Sunderland,False,"DF,MF",11
ENG-Premier League,2526,2025-09-21 Sunderland-Aston Villa,23,Emiliano Martínez,Aston Villa,True,GK,90
ENG-Premier League,2526,2025-09-21 Sunderland-Aston Villa,2,Matty Cash,Aston Villa,True,RB,90
ENG-Premier League,2526,2025-09-21 Sunderland-Aston Villa,4,Ezri Konsa,Aston Villa,True,CB,90
ENG-Premier League,2526,2025-09-21 Sunderland-Aston Villa,5,Tyrone Mings,Aston Villa,True,CB,90
ENG-Premier League,2526,2025-09-21 Sunderland-Aston Villa,7,John McGinn,Aston Villa,True,DM,90
ENG-Premier League,2526,2025-09-21 Sunderland-Aston Villa,10,Emi Buendía,Aston Villa,True,AM,57
ENG-Premier League,2526,2025-09-21 Sunderland-Aston Villa,11,Ollie Watkins,Aston Villa,True,FW,90
ENG-Premier League,2526,2025-09-21 Sunderland-Aston Villa,12,Lucas Digne,Aston Villa,True,LB,57
ENG-Premier League,2526,2025-09-21 Sunderland-Aston Villa,27,Morgan Rogers,Aston Villa,True,AM,81
ENG-Premier League,2526,2025-09-21 Sunderland-Aston Villa,29,Evann Guessand,Aston Villa,True,AM,72
ENG-Premier League,2526,2025-09-21 Sunderland-Aston Villa,44,Boubacar Kamara,Aston Villa,True,DM,81
ENG-Premier League,2526,2025-09-21 Sunderland-Aston Villa,40,Marco Bizot,Aston Villa,False,,0
ENG-Premier League,2526,2025-09-21 Sunderland-Aston Villa,3,Victor Lindelöf,Aston Villa,False,,0
ENG-Premier League,2526,2025-09-21 Sunderland-Aston Villa,9,Harvey Elliott,Aston Villa,False,"FW,MF",33
ENG-Premier League,2526,2025-09-21 Sunderland-Aston Villa,14,Pau Torres,Aston Villa,False,,0
ENG-Premier League,2526,2025-09-21 Sunderland-Aston Villa,17,Donyell Malen,Aston Villa,False,"FW,MF",18
ENG-Premier League,2526,2025-09-21 Sunderland-Aston Villa,19,Jadon Sancho,Aston Villa,False,"FW,MF",9
ENG-Premier League,2526,2025-09-21 Sunderland-Aston Villa,20,Jamaldeen Jimoh,Aston Villa,False,,0
ENG-Premier League,2526,2025-09-21 Sunderland-Aston Villa,22,Ian Maatsen,Aston Villa,False,"DF,MF",33
ENG-Premier League,2526,2025-09-21 Sunderland-Aston Villa,26,Lamare Bogarde,Aston Villa,False,"DF,MF",9
ENG-Premier League,2526,2026-01-03 Aston Villa-Nottingham Forest,23,Emiliano Martínez,Aston Villa,True,GK,90
ENG-Premier League,2526,2026-01-03 Aston Villa-Nottingham Forest,2,Matty Cash,Aston Villa,True,RB,89
ENG-Premier League,2526,2026-01-03 Aston Villa-Nottingham Forest,3,Victor Lindelöf,Aston Villa,True,CB,90
ENG-Premier League,2526,2026-01-03 Aston Villa-Nottingham Forest,4,Ezri Konsa,Aston Villa,True,CB,90
ENG-Premier League,2526,2026-01-03 Aston Villa-Nottingham Forest,7,John McGinn,Aston Villa,True,AM,82
ENG-Premier League,2526,2026-01-03 Aston Villa-Nottingham Forest,8,Youri Tielemans,Aston Villa,True,DM,90
ENG-Premier League,2526,2026-01-03 Aston Villa-Nottingham Forest,10,Emi Buendía,Aston Villa,True,AM,68
ENG-Premier League,2526,2026-01-03 Aston Villa-Nottingham Forest,11,Ollie Watkins,Aston Villa,True,FW,82
ENG-Premier League,2526,2026-01-03 Aston Villa-Nottingham Forest,22,Ian Maatsen,Aston Villa,True,LB,68
ENG-Premier League,2526,2026-01-03 Aston Villa-Nottingham Forest,27,Morgan Rogers,Aston Villa,True,AM,90
ENG-Premier League,2526,2026-01-03 Aston Villa-Nottingham Forest,44,Boubacar Kamara,Aston Villa,True,DM,90
ENG-Premier League,2526,2026-01-03 Aston Villa-Nottingham Forest,40,Marco Bizot,Aston Villa,False,,0
ENG-Premier League,2526,2026-01-03 Aston Villa-Nottingham Forest,12,Lucas Digne,Aston Villa,False,"DF,MF",22
ENG-Premier League,2526,2026-01-03 Aston Villa-Nottingham Forest,16,Andrés García,Aston Villa,False,DF,1
ENG-Premier League,2526,2026-01-03 Aston Villa-Nottingham Forest,17,Donyell Malen,Aston Villa,False,"FW,MF",8
ENG-Premier League,2526,2026-01-03 Aston Villa-Nottingham Forest,19,Jadon Sancho,Aston Villa,False,"FW,MF",22
ENG-Premier League,2526,2026-01-03 Aston Villa-Nottingham Forest,20,Jamaldeen Jimoh,Aston Villa,False,,0
ENG-Premier League,2526,2026-01-03 Aston Villa-Nottingham Forest,26,Lamare Bogarde,Aston Villa,False,"DF,MF",8
ENG-Premier League,2526,2026-01-03 Aston Villa-Nottingham Forest,53,George Hemmings,Aston Villa,False,,0
ENG-Premier League,2526,2026-01-03 Aston Villa-Nottingham Forest,71,Theodore Carroll,Aston Villa,False,,0
ENG-Premier League,2526,2026-01-03 Aston Villa-Nottingham Forest,13,John,Nottingham Forest,True,GK,77
ENG-Premier League,2526,2026-01-03 Aston Villa-Nottingham Forest,3,Neco Williams,Nottingham Forest,True,LB,90
ENG-Premier League,2526,2026-01-03 Aston Villa-Nottingham Forest,5,Murillo,Nottingham Forest,True,CB,90
ENG-Premier League,2526,2026-01-03 Aston Villa-Nottingham Forest,8,Elliot Anderson,Nottingham Forest,True,CM,90
ENG-Premier League,2526,2026-01-03 Aston Villa-Nottingham Forest,10,Morgan Gibbs-White,Nottingham Forest,True,CM,90
ENG-Premier League,2526,2026-01-03 Aston Villa-Nottingham Forest,16,Nicolás Domínguez,Nottingham Forest,True,CM,83
ENG-Premier League,2526,2026-01-03 Aston Villa-Nottingham Forest,19,Igor Jesus,Nottingham Forest,True,FW,83
ENG-Premier League,2526,2026-01-03 Aston Villa-Nottingham Forest,21,Omari Hutchinson,Nottingham Forest,True,RM,90
ENG-Premier League,2526,2026-01-03 Aston Villa-Nottingham Forest,29,Dilane Bakwa,Nottingham Forest,True,LM,68
ENG-Premier League,2526,2026-01-03 Aston Villa-Nottingham Forest,31,Nikola Milenković,Nottingham Forest,True,CB,90
ENG-Premier League,2526,2026-01-03 Aston Villa-Nottingham Forest,34,Ola Aina,Nottingham Forest,True,RB,68
ENG-Premier League,2526,2026-01-03 Aston Villa-Nottingham Forest,26,Matz Sels,Nottingham Forest,False,GK,13
ENG-Premier League,2526,2026-01-03 Aston Villa-Nottingham Forest,4,Morato,Nottingham Forest,False,,0
ENG-Premier League,2526,2026-01-03 Aston Villa-Nottingham Forest,9,Taiwo Awoniyi,Nottingham Forest,False,,0
ENG-Premier League,2526,2026-01-03 Aston Villa-Nottingham Forest,12,Douglas Luiz,Nottingham Forest,False,MF,7
ENG-Premier League,2526,2026-01-03 Aston Villa-Nottingham Forest,15,Arnaud Kalimuendo,Nottingham Forest,False,FW,7
ENG-Premier League,2526,2026-01-03 Aston Villa-Nottingham Forest,24,James Mcatee,Nottingham Forest,False,MF,22
ENG-Premier League,2526,2026-01-03 Aston Villa-Nottingham Forest,35,Oleksandr Zinchenko,Nottingham Forest,False,,0
ENG-Premier League,2526,2026-01-03 Aston Villa-Nottingham Forest,37,Nicolò Savona,Nottingham Forest,False,DF,22
ENG-Premier League,2526,2026-01-03 Aston Villa-Nottingham Forest,44,Zach Abbott,Nottingham Forest,False,,0
ENG-Premier League,2526,2025-09-13 Arsenal-Nottingham Forest,1,David Raya,Arsenal,True,GK,90
ENG-Premier League,2526,2025-09-13 Arsenal-Nottingham Forest,3,Cristhian Mosquera,Arsenal,True,CB,90
ENG-Premier League,2526,2025-09-13 Arsenal-Nottingham Forest,6,Gabriel Magalhães,Arsenal,True,CB,90
ENG-Premier League,2526,2025-09-13 Arsenal-Nottingham Forest,8,Martin Ødegaard,Arsenal,True,CM,17
ENG-Premier League,2526,2025-09-13 Arsenal-Nottingham Forest,10,Eberechi Eze,Arsenal,True,FW,78
ENG-Premier League,2526,2025-09-13 Arsenal-Nottingham Forest,12,Jurriën Timber,Arsenal,True,RB,90
ENG-Premier League,2526,2025-09-13 Arsenal-Nottingham Forest,14,Viktor Gyökeres,Arsenal,True,FW,67
ENG-Premier League,2526,2025-09-13 Arsenal-Nottingham Forest,20,Noni Madueke,Arsenal,True,FW,77
ENG-Premier League,2526,2025-09-13 Arsenal-Nottingham Forest,23,Mikel Merino,Arsenal,True,CM,90
ENG-Premier League,2526,2025-09-13 Arsenal-Nottingham Forest,33,Riccardo Calafiori,Arsenal,True,LB,67
ENG-Premier League,2526,2025-09-13 Arsenal-Nottingham Forest,36,Martín Zubimendi,Arsenal,True,CM,90
ENG-Premier League,2526,2025-09-13 Arsenal-Nottingham Forest,13,Kepa Arrizabalaga,Arsenal,False,,0
ENG-Premier League,2526,2025-09-13 Arsenal-Nottingham Forest,4,Ben White,Arsenal,False,,0
ENG-Premier League,2526,2025-09-13 Arsenal-Nottingham Forest,5,Piero Hincapié,Arsenal,False,,0
ENG-Premier League,2526,2025-09-13 Arsenal-Nottingham Forest,11,Gabriel Martinelli,Arsenal,False,"FW,MF",13
ENG-Premier League,2526,2025-09-13 Arsenal-Nottingham Forest,19,Leandro Trossard,Arsenal,False,"FW,MF",12
ENG-Premier League,2526,2025-09-13 Arsenal-Nottingham Forest,22,Ethan Nwaneri,Arsenal,False,MF,73
ENG-Premier League,2526,2025-09-13 Arsenal-Nottingham Forest,41,Declan Rice,Arsenal,False,"DF,MF",23
ENG-Premier League,2526,2025-09-13 Arsenal-Nottingham Forest,49,Myles Lewis-Skelly,Arsenal,False,DF,23
ENG-Premier League,2526,2025-09-13 Arsenal-Nottingham Forest,56,Max Dowman,Arsenal,False,,0
ENG-Premier League,2526,2025-09-13 Arsenal-Nottingham Forest,26,Matz Sels,Nottingham Forest,True,GK,90
ENG-Premier League,2526,2025-09-13 Arsenal-Nottingham Forest,3,Neco Williams,Nottingham Forest,True,RB,90
ENG-Premier League,2526,2025-09-13 Arsenal-Nottingham Forest,4,Morato,Nottingham Forest,True,LB,90
ENG-Premier League,2526,2025-09-13 Arsenal-Nottingham Forest,5,Murillo,Nottingham Forest,True,CB,36
ENG-Premier League,2526,2025-09-13 Arsenal-Nottingham Forest,6,Ibrahim Sangaré,Nottingham Forest,True,DM,72
ENG-Premier League,2526,2025-09-13 Arsenal-Nottingham Forest,7,Callum Hudson-Odoi,Nottingham Forest,True,AM,59
ENG-Premier League,2526,2025-09-13 Arsenal-Nottingham Forest,8,Elliot Anderson,Nottingham Forest,True,DM,90
ENG-Premier League,2526,2025-09-13 Arsenal-Nottingham Forest,10,Morgan Gibbs-White,Nottingham Forest,True,AM,72
ENG-Premier League,2526,2025-09-13 Arsenal-Nottingham Forest,11,Chris Wood,Nottingham Forest,True,FW,59
ENG-Premier League,2526,2025-09-13 Arsenal-Nottingham Forest,14,Dan Ndoye,Nottingham Forest,True,AM,90
ENG-Premier League,2526,2025-09-13 Arsenal-Nottingham Forest,31,Nikola Milenković,Nottingham Forest,True,CB,90
ENG-Premier League,2526,2025-09-13 Arsenal-Nottingham Forest,13,John,Nottingham Forest,False,,0
ENG-Premier League,2526,2025-09-13 Arsenal-Nottingham Forest,12,Douglas Luiz,Nottingham Forest,False,,0
ENG-Premier League,2526,2025-09-13 Arsenal-Nottingham Forest,15,Arnaud Kalimuendo,Nottingham Forest,False,FW,31
ENG-Premier League,2526,2025-09-13 Arsenal-Nottingham Forest,21,Omari Hutchinson,Nottingham Forest,False,,0
ENG-Premier League,2526,2025-09-13 Arsenal-Nottingham Forest,22,Ryan Yates,Nottingham Forest,False,MF,18
ENG-Premier League,2526,2025-09-13 Arsenal-Nottingham Forest,24,James Mcatee,Nottingham Forest,False,MF,18
ENG-Premier League,2526,2025-09-13 Arsenal-Nottingham Forest,29,Dilane Bakwa,Nottingham Forest,False,"FW,MF",31
ENG-Premier League,2526,2025-09-13 Arsenal-Nottingham Forest,30,Willy Boly,Nottingham Forest,False,,0
ENG-Premier League,2526,2025-09-13 Arsenal-Nottingham Forest,37,Nicolò Savona,Nottingham Forest,False,DF,54
ENG-Premier League,2526,2025-12-27 Brentford-Bournemouth,1,Caoimhín Kelleher,Brentford,True,GK,90
ENG-Premier League,2526,2025-12-27 Brentford-Bournemouth,3,Rico Henry,Brentford,True,LB,76
ENG-Premier League,2526,2025-12-27 Brentford-Bournemouth,7,Kevin Schade,Brentford,True,AM,90
ENG-Premier League,2526,2025-12-27 Brentford-Bournemouth,8,Mathias Jensen,Brentford,True,AM,76
ENG-Premier League,2526,2025-12-27 Brentford-Bournemouth,9,Igor Thiago,Brentford,True,FW,90
ENG-Premier League,2526,2025-12-27 Brentford-Bournemouth,18,Yehor Yarmoliuk,Brentford,True,DM,88
ENG-Premier League,2526,2025-12-27 Brentford-Bournemouth,20,Kristoffer Ajer,Brentford,True,CB,90
ENG-Premier League,2526,2025-12-27 Brentford-Bournemouth,22,Nathan Collins,Brentford,True,CB,90
ENG-Premier League,2526,2025-12-27 Brentford-Bournemouth,23,Keane Lewis-Potter,Brentford,True,AM,88
ENG-Premier League,2526,2025-12-27 Brentford-Bournemouth,27,Vitaly Janelt,Brentford,True,DM,90
ENG-Premier League,2526,2025-12-27 Brentford-Bournemouth,33,Michael Kayode,Brentford,True,RB,90
ENG-Premier League,2526,2025-12-27 Brentford-Bournemouth,12,Hákon Valdimarsson,Brentford,False,,0
ENG-Premier League,2526,2025-12-27 Brentford-Bournemouth,2,Aaron Hickey,Brentford,False,"DF,MF",14
ENG-Premier League,2526,2025-12-27 Brentford-Bournemouth,5,Ethan Pinnock,Brentford,False,,0
ENG-Premier League,2526,2025-12-27 Brentford-Bournemouth,6,Jordan Henderson,Brentford,False,MF,2
ENG-Premier League,2526,2025-12-27 Brentford-Bournemouth,11,Reiss Nelson,Brentford,False,"FW,MF",2
ENG-Premier League,2526,2025-12-27 Brentford-Bournemouth,24,Mikkel Damsgaard,Brentford,False,"FW,MF",14
ENG-Premier League,2526,2025-12-27 Brentford-Bournemouth,26,Yunus Emre Konak,Brentford,False,,0
ENG-Premier League,2526,2025-12-27 Brentford-Bournemouth,39,Gustavo Nunes,Brentford,False,,0
ENG-Premier League,2526,2025-12-27 Brentford-Bournemouth,45,Romelle Donovan,Brentford,False,,0
ENG-Premier League,2526,2025-12-27 Brentford-Bournemouth,1,Đorđe Petrović,Bournemouth,True,GK,90
ENG-Premier League,2526,2025-12-27 Brentford-Bournemouth,3,Adrien Truffert,Bournemouth,True,LB,77
ENG-Premier League,2526,2025-12-27 Brentford-Bournemouth,4,Lewis Cook,Bournemouth,True,DM,90
ENG-Premier League,2526,2025-12-27 Brentford-Bournemouth,5,Marcos Senesi,Bournemouth,True,CB,90
ENG-Premier League,2526,2025-12-27 Brentford-Bournemouth,8,Alex Scott,Bournemouth,True,DM,83
ENG-Premier League,2526,2025-12-27 Brentford-Bournemouth,15,Adam Smith,Bournemouth,True,RB,45
ENG-Premier League,2526,2025-12-27 Brentford-Bournemouth,16,Marcus Tavernier,Bournemouth,True,AM,90
ENG-Premier League,2526,2025-12-27 Brentford-Bournemouth,18,Bafodé Diakité,Bournemouth,True,CB,45
ENG-Premier League,2526,2025-12-27 Brentford-Bournemouth,20,Álex Jiménez,Bournemouth,True,AM,90
ENG-Premier League,2526,2025-12-27 Brentford-Bournemouth,22,Eli Junior Kroupi,Bournemouth,True,FW,45
ENG-Premier League,2526,2025-12-27 Brentford-Bournemouth,24,Antoine Semenyo,Bournemouth,True,AM,90
ENG-Premier League,2526,2025-12-27 Brentford-Bournemouth,40,Will Dennis,Bournemouth,False,,0
ENG-Premier League,2526,2025-12-27 Brentford-Bournemouth,6,Julio Soler,Bournemouth,False,DF,13
ENG-Premier League,2526,2025-12-27 Brentford-Bournemouth,7,David Brooks,Bournemouth,False,"FW,MF",45
ENG-Premier League,2526,2025-12-27 Brentford-Bournemouth,9,Evanilson,Bournemouth,False,FW,45
ENG-Premier League,2526,2025-12-27 Brentford-Bournemouth,10,Ryan Christie,Bournemouth,False,,0
ENG-Premier League,2526,2025-12-27 Brentford-Bournemouth,19,Justin Kluivert,Bournemouth,False,"FW,MF",45
ENG-Premier League,2526,2025-12-27 Brentford-Bournemouth,21,Amine Adli,Bournemouth,False,"FW,MF",7
ENG-Premier League,2526,2025-12-27 Brentford-Bournemouth,23,James Hill,Bournemouth,False,,0
ENG-Premier League,2526,2025-12-27 Brentford-Bournemouth,26,Enes Ünal,Bournemouth,False,,0
ENG-Premier League,2526,2025-11-23 Arsenal-Tottenham Hotspur,1,David Raya,Arsenal,True,GK,90
ENG-Premier League,2526,2025-11-23 Arsenal-Tottenham Hotspur,2,William Saliba,Arsenal,True,CB,90
ENG-Premier League,2526,2025-11-23 Arsenal-Tottenham Hotspur,5,Piero Hincapié,Arsenal,True,CB,87
ENG-Premier League,2526,2025-11-23 Arsenal-Tottenham Hotspur,7,Bukayo Saka,Arsenal,True,AM,90
ENG-Premier League,2526,2025-11-23 Arsenal-Tottenham Hotspur,10,Eberechi Eze,Arsenal,True,AM,90
ENG-Premier League,2526,2025-11-23 Arsenal-Tottenham Hotspur,12,Jurriën Timber,Arsenal,True,RB,90
ENG-Premier League,2526,2025-11-23 Arsenal-Tottenham Hotspur,19,Leandro Trossard,Arsenal,True,AM,77
ENG-Premier League,2526,2025-11-23 Arsenal-Tottenham Hotspur,23,Mikel Merino,Arsenal,True,FW,87
ENG-Premier League,2526,2025-11-23 Arsenal-Tottenham Hotspur,33,Riccardo Calafiori,Arsenal,True,LB,89
ENG-Premier League,2526,2025-11-23 Arsenal-Tottenham Hotspur,36,Martín Zubimendi,Arsenal,True,DM,90
ENG-Premier League,2526,2025-11-23 Arsenal-Tottenham Hotspur,41,Declan Rice,Arsenal,True,DM,90
ENG-Premier League,2526,2025-11-23 Arsenal-Tottenham Hotspur,13,Kepa Arrizabalaga,Arsenal,False,,0
ENG-Premier League,2526,2025-11-23 Arsenal-Tottenham Hotspur,3,Cristhian Mosquera,Arsenal,False,DF,3
ENG-Premier League,2526,2025-11-23 Arsenal-Tottenham Hotspur,4,Ben White,Arsenal,False,,0
ENG-Premier League,2526,2025-11-23 Arsenal-Tottenham Hotspur,11,Gabriel Martinelli,Arsenal,False,,0
ENG-Premier League,2526,2025-11-23 Arsenal-Tottenham Hotspur,16,Christian Nørgaard,Arsenal,False,,0
ENG-Premier League,2526,2025-11-23 Arsenal-Tottenham Hotspur,20,Noni Madueke,Arsenal,False,"FW,MF",13
ENG-Premier League,2526,2025-11-23 Arsenal-Tottenham Hotspur,22,Ethan Nwaneri,Arsenal,False,MF,3
ENG-Premier League,2526,2025-11-23 Arsenal-Tottenham Hotspur,49,Myles Lewis-Skelly,Arsenal,False,DF,1
ENG-Premier League,2526,2025-11-23 Arsenal-Tottenham Hotspur,56,Max Dowman,Arsenal,False,,0
ENG-Premier League,2526,2025-11-23 Arsenal-Tottenham Hotspur,1,Guglielmo Vicario,Tottenham Hotspur,True,GK,90
ENG-Premier League,2526,2025-11-23 Arsenal-Tottenham Hotspur,4,Kevin Danso,Tottenham Hotspur,True,CB,45
ENG-Premier League,2526,2025-11-23 Arsenal-Tottenham Hotspur,6,João Palhinha,Tottenham Hotspur,True,DM,90
ENG-Premier League,2526,2025-11-23 Arsenal-Tottenham Hotspur,9,Richarlison,Tottenham Hotspur,True,FW,90
ENG-Premier League,2526,2025-11-23 Arsenal-Tottenham Hotspur,13,Destiny Udogie,Tottenham Hotspur,True,DM,90
ENG-Premier League,2526,2025-11-23 Arsenal-Tottenham Hotspur,17,Cristian Romero,Tottenham Hotspur,True,CB,90
ENG-Premier League,2526,2025-11-23 Arsenal-Tottenham Hotspur,20,Mohammed Kudus,Tottenham Hotspur,True,AM,77
ENG-Premier League,2526,2025-11-23 Arsenal-Tottenham Hotspur,24,Djed Spence,Tottenham Hotspur,True,DM,77
ENG-Premier League,2526,2025-11-23 Arsenal-Tottenham Hotspur,28,Wilson Odobert,Tottenham Hotspur,True,AM,65
ENG-Premier League,2526,2025-11-23 Arsenal-Tottenham Hotspur,30,Rodrigo Bentancur,Tottenham Hotspur,True,DM,65
ENG-Premier League,2526,2025-11-23 Arsenal-Tottenham Hotspur,37,Micky van de Ven,Tottenham Hotspur,True,CB,90
ENG-Premier League,2526,2025-11-23 Arsenal-Tottenham Hotspur,31,Antonín Kinský,Tottenham Hotspur,False,,0
ENG-Premier League,2526,2025-11-23 Arsenal-Tottenham Hotspur,7,Xavi Simons,Tottenham Hotspur,False,"FW,MF",45
ENG-Premier League,2526,2025-11-23 Arsenal-Tottenham Hotspur,11,Mathys Tel,Tottenham Hotspur,False,,0
ENG-Premier League,2526,2025-11-23 Arsenal-Tottenham Hotspur,14,Archie Gray,Tottenham Hotspur,False,,0
ENG-Premier League,2526,2025-11-23 Arsenal-Tottenham Hotspur,15,Lucas Bergvall,Tottenham Hotspur,False,,0
ENG-Premier League,2526,2025-11-23 Arsenal-Tottenham Hotspur,22,Brennan Johnson,Tottenham Hotspur,False,"FW,MF",13
ENG-Premier League,2526,2025-11-23 Arsenal-Tottenham Hotspur,23,Pedro Porro,Tottenham Hotspur,False,"DF,MF",13
ENG-Premier League,2526,2025-11-23 Arsenal-Tottenham Hotspur,29,Pape Matar Sarr,Tottenham Hotspur,False,MF,25
ENG-Premier League,2526,2025-11-23 Arsenal-Tottenham Hotspur,39,Randal Kolo Muani,Tottenham Hotspur,False,"FW,MF",25
ENG-Premier League,2526,2026-01-31 Wolves-Bournemouth,1,José Sá,Wolverhampton Wanderers,True,GK,90
ENG-Premier League,2526,2026-01-31 Wolves-Bournemouth,3,Hugo Bueno,Wolverhampton Wanderers,True,LM,88
ENG-Premier League,2526,2026-01-31 Wolves-Bournemouth,4,Santiago Bueno,Wolverhampton Wanderers,True,CB,88
ENG-Premier League,2526,2026-01-31 Wolves-Bournemouth,7,André,Wolverhampton Wanderers,True,CM,79
ENG-Premier League,2526,2026-01-31 Wolves-Bournemouth,8,João Gomes,Wolverhampton Wanderers,True,CM,90
ENG-Premier League,2526,2026-01-31 Wolves-Bournemouth,11,Hwang Hee-chan,Wolverhampton Wanderers,True,FW,70
ENG-Premier League,2526,2026-01-31 Wolves-Bournemouth,12,Emmanuel Agbadou,Wolverhampton Wanderers,True,CB,90
ENG-Premier League,2526,2026-01-31 Wolves-Bournemouth,14,Tolu Arokodare,Wolverhampton Wanderers,True,FW,90
ENG-Premier League,2526,2026-01-31 Wolves-Bournemouth,15,Yerson Mosquera,Wolverhampton Wanderers,True,CB,90
ENG-Premier League,2526,2026-01-31 Wolves-Bournemouth,21,Rodrigo Gomes,Wolverhampton Wanderers,True,RM,70
ENG-Premier League,2526,2026-01-31 Wolves-Bournemouth,36,Mateus Mane,Wolverhampton Wanderers,True,CM,90
ENG-Premier League,2526,2026-01-31 Wolves-Bournemouth,31,Sam Johnstone,Wolverhampton Wanderers,False,,0
ENG-Premier League,2526,2026-01-31 Wolves-Bournemouth,2,Matt Doherty,Wolverhampton Wanderers,False,,0
ENG-Premier League,2526,2026-01-31 Wolves-Bournemouth,6,David Møller Wolfe,Wolverhampton Wanderers,False,DF,2
ENG-Premier League,2526,2026-01-31 Wolves-Bournemouth,9,Jørgen Strand Larsen,Wolverhampton Wanderers,False,FW,20
ENG-Premier League,2526,2026-01-31 Wolves-Bournemouth,10,Jhon Arias,Wolverhampton Wanderers,False,"FW,MF",11
ENG-Premier League,2526,2026-01-31 Wolves-Bournemouth,17,Pedro Lima,Wolverhampton Wanderers,False,DF,2
ENG-Premier League,2526,2026-01-31 Wolves-Bournemouth,27,Jean-Ricner Bellegarde,Wolverhampton Wanderers,False,MF,20
ENG-Premier League,2526,2026-01-31 Wolves-Bournemouth,38,Jackson Tchatchoua,Wolverhampton Wanderers,False,,0
ENG-Premier League,2526,2026-01-31 Wolves-Bournemouth,50,Jerome Abbey,Wolverhampton Wanderers,False,,0
ENG-Premier League,2526,2026-01-31 Wolves-Bournemouth,1,Đorđe Petrović,Bournemouth,True,GK,90
ENG-Premier League,2526,2026-01-31 Wolves-Bournemouth,3,Adrien Truffert,Bournemouth,True,LB,90
ENG-Premier League,2526,2026-01-31 Wolves-Bournemouth,4,Lewis Cook,Bournemouth,True,DM,90
ENG-Premier League,2526,2026-01-31 Wolves-Bournemouth,5,Marcos Senesi,Bournemouth,True,CB,90
ENG-Premier League,2526,2026-01-31 Wolves-Bournemouth,8,Alex Scott,Bournemouth,True,DM,90
ENG-Premier League,2526,2026-01-31 Wolves-Bournemouth,9,Evanilson,Bournemouth,True,FW,85
ENG-Premier League,2526,2026-01-31 Wolves-Bournemouth,15,Adam Smith,Bournemouth,True,RB,89
ENG-Premier League,2526,2026-01-31 Wolves-Bournemouth,20,Álex Jiménez,Bournemouth,True,AM,85
ENG-Premier League,2526,2026-01-31 Wolves-Bournemouth,21,Amine Adli,Bournemouth,True,AM,67
ENG-Premier League,2526,2026-01-31 Wolves-Bournemouth,22,Eli Junior Kroupi,Bournemouth,True,AM,67
ENG-Premier League,2526,2026-01-31 Wolves-Bournemouth,23,James Hill,Bournemouth,True,CB,90
ENG-Premier League,2526,2026-01-31 Wolves-Bournemouth,29,Christos Mandas,Bournemouth,False,,0
ENG-Premier League,2526,2026-01-31 Wolves-Bournemouth,10,Ryan Christie,Bournemouth,False,"FW,MF",23
ENG-Premier League,2526,2026-01-31 Wolves-Bournemouth,18,Bafodé Diakité,Bournemouth,False,DF,1
ENG-Premier League,2526,2026-01-31 Wolves-Bournemouth,26,Enes Ünal,Bournemouth,False,FW,5
ENG-Premier League,2526,2026-01-31 Wolves-Bournemouth,27,Alex Tóth,Bournemouth,False,MF,5
ENG-Premier League,2526,2026-01-31 Wolves-Bournemouth,37,Rayan Vitor,Bournemouth,False,MF,23
ENG-Premier League,2526,2026-01-31 Wolves-Bournemouth,44,Veljko Milosavljević,Bournemouth,False,,0
ENG-Premier League,2526,2026-01-31 Wolves-Bournemouth,50,Remy Rees-Dottin,Bournemouth,False,,0
ENG-Premier League,2526,2026-01-31 Wolves-Bournemouth,51,Malcom Dacosta,Bournemouth,False,,0
ENG-Premier League,2526,2025-11-23 Leeds United-Aston Villa,1,Lucas Perri,Leeds United,True,GK,90
ENG-Premier League,2526,2025-11-23 Leeds United-Aston Villa,2,Jayden Bogle,Leeds United,True,RB,90
ENG-Premier League,2526,2025-11-23 Leeds United-Aston Villa,3,Gabriel Gudmundsson,Leeds United,True,LB,90
ENG-Premier League,2526,2025-11-23 Leeds United-Aston Villa,4,Ethan Ampadu,Leeds United,True,CM,90
ENG-Premier League,2526,2025-11-23 Leeds United-Aston Villa,5,Pascal Struijk,Leeds United,True,CB,90
ENG-Premier League,2526,2025-11-23 Leeds United-Aston Villa,6,Joe Rodon,Leeds United,True,CB,90
ENG-Premier League,2526,2025-11-23 Leeds United-Aston Villa,8,Sean Longstaff,Leeds United,True,CM,90
ENG-Premier League,2526,2025-11-23 Leeds United-Aston Villa,11,Brenden Aaronson,Leeds United,True,FW,79
ENG-Premier League,2526,2025-11-23 Leeds United-Aston Villa,14,Lukas Nmecha,Leeds United,True,FW,70
ENG-Premier League,2526,2025-11-23 Leeds United-Aston Villa,18,Anton Stach,Leeds United,True,CM,22
ENG-Premier League,2526,2025-11-23 Leeds United-Aston Villa,19,Noah Okafor,Leeds United,True,FW,79
ENG-Premier League,2526,2025-11-23 Leeds United-Aston Villa,26,Karl Darlow,Leeds United,False,,0
ENG-Premier League,2526,2025-11-23 Leeds United-Aston Villa,7,Daniel James,Leeds United,False,"FW,MF",20
ENG-Premier League,2526,2025-11-23 Leeds United-Aston Villa,9,Dominic Calvert-Lewin,Leeds United,False,"FW,MF",20
ENG-Premier League,2526,2025-11-23 Leeds United-Aston Villa,10,Joël Piroe,Leeds United,False,"FW,MF",11
ENG-Premier League,2526,2025-11-23 Leeds United-Aston Villa,15,Jaka Bijol,Leeds United,False,,0
ENG-Premier League,2526,2025-11-23 Leeds United-Aston Villa,22,Ao Tanaka,Leeds United,False,MF,48
ENG-Premier League,2526,2025-11-23 Leeds United-Aston Villa,24,James Justin,Leeds United,False,,0
ENG-Premier League,2526,2025-11-23 Leeds United-Aston Villa,29,Wilfried Gnonto,Leeds United,False,"FW,MF",11
ENG-Premier League,2526,2025-11-23 Leeds United-Aston Villa,44,Ilia Gruev,Leeds United,False,,0
ENG-Premier League,2526,2025-11-23 Leeds United-Aston Villa,23,Emiliano Martínez,Aston Villa,True,GK,90
ENG-Premier League,2526,2025-11-23 Leeds United-Aston Villa,2,Matty Cash,Aston Villa,True,RB,90
ENG-Premier League,2526,2025-11-23 Leeds United-Aston Villa,4,Ezri Konsa,Aston Villa,True,CB,90
ENG-Premier League,2526,2025-11-23 Leeds United-Aston Villa,7,John McGinn,Aston Villa,True,RM,67
ENG-Premier League,2526,2025-11-23 Leeds United-Aston Villa,8,Youri Tielemans,Aston Villa,True,CM,83
ENG-Premier League,2526,2025-11-23 Leeds United-Aston Villa,10,Emi Buendía,Aston Villa,True,LM,45
ENG-Premier League,2526,2025-11-23 Leeds United-Aston Villa,11,Ollie Watkins,Aston Villa,True,FW,67
ENG-Premier League,2526,2025-11-23 Leeds United-Aston Villa,12,Lucas Digne,Aston Villa,True,LB,45
ENG-Premier League,2526,2025-11-23 Leeds United-Aston Villa,14,Pau Torres,Aston Villa,True,CB,90
ENG-Premier League,2526,2025-11-23 Leeds United-Aston Villa,27,Morgan Rogers,Aston Villa,True,FW,90
ENG-Premier League,2526,2025-11-23 Leeds United-Aston Villa,44,Boubacar Kamara,Aston Villa,True,CM,90
ENG-Premier League,2526,2025-11-23 Leeds United-Aston Villa,40,Marco Bizot,Aston Villa,False,,0
ENG-Premier League,2526,2025-11-23 Leeds United-Aston Villa,3,Victor Lindelöf,Aston Villa,False,,0
ENG-Premier League,2526,2025-11-23 Leeds United-Aston Villa,6,Ross Barkley,Aston Villa,False,MF,23
ENG-Premier League,2526,2025-11-23 Leeds United-Aston Villa,17,Donyell Malen,Aston Villa,False,"FW,MF",45
ENG-Premier League,2526,2025-11-23 Leeds United-Aston Villa,19,Jadon Sancho,Aston Villa,False,"FW,MF",23
ENG-Premier League,2526,2025-11-23 Leeds United-Aston Villa,22,Ian Maatsen,Aston Villa,False,"DF,MF",45
ENG-Premier League,2526,2025-11-23 Leeds United-Aston Villa,26,Lamare Bogarde,Aston Villa,False,"DF,MF",7
ENG-Premier League,2526,2025-11-23 Leeds United-Aston Villa,29,Evann Guessand,Aston Villa,False,,0
ENG-Premier League,2526,2025-11-23 Leeds United-Aston Villa,53,George Hemmings,Aston Villa,False,,0
ENG-Premier League,2526,2025-09-27 Manchester City-Burnley,25,Gianluigi Donnarumma,Manchester City,True,GK,90
ENG-Premier League,2526,2025-09-27 Manchester City-Burnley,3,Rúben Dias,Manchester City,True,CB,90
ENG-Premier League,2526,2025-09-27 Manchester City-Burnley,4,Tijjani Reijnders,Manchester City,True,AM,82
ENG-Premier League,2526,2025-09-27 Manchester City-Burnley,9,Erling Haaland,Manchester City,True,FW,90
ENG-Premier League,2526,2025-09-27 Manchester City-Burnley,11,Jeremy Doku,Manchester City,True,LW,90
ENG-Premier League,2526,2025-09-27 Manchester City-Burnley,14,Nicolás González,Manchester City,True,DM,90
ENG-Premier League,2526,2025-09-27 Manchester City-Burnley,24,Joško Gvardiol,Manchester City,True,CB,69
ENG-Premier League,2526,2025-09-27 Manchester City-Burnley,26,Sávio,Manchester City,True,RW,61
ENG-Premier League,2526,2025-09-27 Manchester City-Burnley,27,Matheus Nunes,Manchester City,True,RB,90
ENG-Premier League,2526,2025-09-27 Manchester City-Burnley,33,Nico O’Reilly,Manchester City,True,LB,82
ENG-Premier League,2526,2025-09-27 Manchester City-Burnley,47,Phil Foden,Manchester City,True,AM,90
ENG-Premier League,2526,2025-09-27 Manchester City-Burnley,1,James Trafford,Manchester City,False,,0
ENG-Premier League,2526,2025-09-27 Manchester City-Burnley,5,John Stones,Manchester City,False,,0
ENG-Premier League,2526,2025-09-27 Manchester City-Burnley,6,Nathan Aké,Manchester City,False,"DF,MF",21
ENG-Premier League,2526,2025-09-27 Manchester City-Burnley,8,Mateo Kovačić,Manchester City,False,,0
ENG-Premier League,2526,2025-09-27 Manchester City-Burnley,20,Bernardo Silva,Manchester City,False,"FW,MF",8
ENG-Premier League,2526,2025-09-27 Manchester City-Burnley,52,Oscar Bobb,Manchester City,False,"FW,MF",29
ENG-Premier League,2526,2025-09-27 Manchester City-Burnley,56,Ryan Mcaidoo,Manchester City,False,,0
ENG-Premier League,2526,2025-09-27 Manchester City-Burnley,63,Divine Mukasa,Manchester City,False,,0
ENG-Premier League,2526,2025-09-27 Manchester City-Burnley,82,Rico Lewis,Manchester City,False,DF,8
ENG-Premier League,2526,2025-09-27 Manchester City-Burnley,1,Martin Dúbravka,Burnley,True,GK,90
ENG-Premier League,2526,2025-09-27 Manchester City-Burnley,2,Kyle Walker,Burnley,True,RB,90
ENG-Premier League,2526,2025-09-27 Manchester City-Burnley,3,Quilindschy Hartman,Burnley,True,LB,87
ENG-Premier League,2526,2025-09-27 Manchester City-Burnley,5,Maxime Estève,Burnley,True,CB,90
ENG-Premier League,2526,2025-09-27 Manchester City-Burnley,9,Lyle Foster,Burnley,True,FW,79
ENG-Premier League,2526,2025-09-27 Manchester City-Burnley,11,Jaidon Anthony,Burnley,True,LM,87
ENG-Premier League,2526,2025-09-27 Manchester City-Burnley,16,Florentino Luís,Burnley,True,CM,90
ENG-Premier League,2526,2025-09-27 Manchester City-Burnley,17,Loum Tchaouna,Burnley,True,RM,61
ENG-Premier League,2526,2025-09-27 Manchester City-Burnley,18,Hjalmar Ekdal,Burnley,True,CB,90
ENG-Premier League,2526,2025-09-27 Manchester City-Burnley,24,Josh Cullen,Burnley,True,CM,78
ENG-Premier League,2526,2025-09-27 Manchester City-Burnley,29,Josh Laurent,Burnley,True,CB,90
ENG-Premier League,2526,2025-09-27 Manchester City-Burnley,13,Max Weiß,Burnley,False,,0
ENG-Premier League,2526,2025-09-27 Manchester City-Burnley,4,Joe Worrall,Burnley,False,,0
ENG-Premier League,2526,2025-09-27 Manchester City-Burnley,7,Jacob Bruun Larsen,Burnley,False,"FW,MF",29
ENG-Premier League,2526,2025-09-27 Manchester City-Burnley,8,Lesley Ugochukwu,Burnley,False,MF,12
ENG-Premier League,2526,2025-09-27 Manchester City-Burnley,10,Marcus Edwards,Burnley,False,,0
ENG-Premier League,2526,2025-09-27 Manchester City-Burnley,12,Bashir Humphreys,Burnley,False,DF,3
ENG-Premier League,2526,2025-09-27 Manchester City-Burnley,19,Zian Flemming,Burnley,False,,0
ENG-Premier League,2526,2025-09-27 Manchester City-Burnley,27,Armando Broja,Burnley,False,FW,11
ENG-Premier League,2526,2025-09-27 Manchester City-Burnley,28,Hannibal Mejbri,Burnley,False,MF,3
ENG-Premier League,2526,2025-11-02 West Ham United-Newcastle United,23,Alphonse Areola,West Ham United,True,GK,90
ENG-Premier League,2526,2025-11-02 West Ham United-Newcastle United,3,Max Kilman,West Ham United,True,CB,90
ENG-Premier League,2526,2025-11-02 West Ham United-Newcastle United,7,Crysencio Summerville,West Ham United,True,FW,78
ENG-Premier League,2526,2025-11-02 West Ham United-Newcastle United,9,Callum Wilson,West Ham United,True,FW,60
ENG-Premier League,2526,2025-11-02 West Ham United-Newcastle United,10,Lucas Paquetá,West Ham United,True,CM,90
ENG-Premier League,2526,2025-11-02 West Ham United-Newcastle United,12,El Hadji Malick Diouf,West Ham United,True,LB,90
ENG-Premier League,2526,2025-11-02 West Ham United-Newcastle United,18,Mateus Fernandes,West Ham United,True,CM,84
ENG-Premier League,2526,2025-11-02 West Ham United-Newcastle United,20,Jarrod Bowen,West Ham United,True,FW,90
ENG-Premier League,2526,2025-11-02 West Ham United-Newcastle United,25,Jean-Clair Todibo,West Ham United,True,CB,90
ENG-Premier League,2526,2025-11-02 West Ham United-Newcastle United,29,Aaron Wan-Bissaka,West Ham United,True,RB,90
ENG-Premier League,2526,2025-11-02 West Ham United-Newcastle United,32,Freddie Potts,West Ham United,True,CM,90
ENG-Premier League,2526,2025-11-02 West Ham United-Newcastle United,1,Mads Hermansen,West Ham United,False,,0
ENG-Premier League,2526,2025-11-02 West Ham United-Newcastle United,2,Kyle Walker-Peters,West Ham United,False,"DF,MF",12
ENG-Premier League,2526,2025-11-02 West Ham United-Newcastle United,5,Igor,West Ham United,False,DF,6
ENG-Premier League,2526,2025-11-02 West Ham United-Newcastle United,17,Luis Guilherme,West Ham United,False,,0
ENG-Premier League,2526,2025-11-02 West Ham United-Newcastle United,24,Guido Rodríguez,West Ham United,False,,0
ENG-Premier League,2526,2025-11-02 West Ham United-Newcastle United,27,Soungoutou Magassa,West Ham United,False,,0
ENG-Premier League,2526,2025-11-02 West Ham United-Newcastle United,28,Tomáš Souček,West Ham United,False,MF,30
ENG-Premier League,2526,2025-11-02 West Ham United-Newcastle United,39,Andy Irving,West Ham United,False,,0
ENG-Premier League,2526,2025-11-02 West Ham United-Newcastle United,63,Ezra Mayers,West Ham United,False,,0
ENG-Premier League,2526,2025-11-02 West Ham United-Newcastle United,1,Nick Pope,Newcastle United,True,GK,90
ENG-Premier League,2526,2025-11-02 West Ham United-Newcastle United,4,Sven Botman,Newcastle United,True,CB,64
ENG-Premier League,2526,2025-11-02 West Ham United-Newcastle United,7,Joelinton,Newcastle United,True,CM,90
ENG-Premier League,2526,2025-11-02 West Ham United-Newcastle United,8,Sandro Tonali,Newcastle United,True,CM,90
ENG-Premier League,2526,2025-11-02 West Ham United-Newcastle United,10,Anthony Gordon,Newcastle United,True,FW,45
ENG-Premier League,2526,2025-11-02 West Ham United-Newcastle United,12,Malick Thiaw,Newcastle United,True,CB,90
ENG-Premier League,2526,2025-11-02 West Ham United-Newcastle United,17,Emil Krafth,Newcastle United,True,RB,45
ENG-Premier League,2526,2025-11-02 West Ham United-Newcastle United,23,Jacob Murphy,Newcastle United,True,FW,76
ENG-Premier League,2526,2025-11-02 West Ham United-Newcastle United,27,Nick Woltemade,Newcastle United,True,FW,45
ENG-Premier League,2526,2025-11-02 West Ham United-Newcastle United,33,Dan Burn,Newcastle United,True,LB,90
ENG-Premier League,2526,2025-11-02 West Ham United-Newcastle United,39,Bruno Guimarães,Newcastle United,True,CM,90
ENG-Premier League,2526,2025-11-02 West Ham United-Newcastle United,32,Aaron Ramsdale,Newcastle United,False,,0
ENG-Premier League,2526,2025-11-02 West Ham United-Newcastle United,3,Lewis Hall,Newcastle United,False,,0
ENG-Premier League,2526,2025-11-02 West Ham United-Newcastle United,5,Fabian Schär,Newcastle United,False,DF,45
ENG-Premier League,2526,2025-11-02 West Ham United-Newcastle United,11,Harvey Barnes,Newcastle United,False,"FW,MF",26
ENG-Premier League,2526,2025-11-02 West Ham United-Newcastle United,18,William Osula,Newcastle United,False,FW,45
ENG-Premier League,2526,2025-11-02 West Ham United-Newcastle United,20,Anthony Elanga,Newcastle United,False,"FW,MF",14
ENG-Premier League,2526,2025-11-02 West Ham United-Newcastle United,28,Joe Willock,Newcastle United,False,,0
ENG-Premier League,2526,2025-11-02 West Ham United-Newcastle United,41,Jacob Ramsey,Newcastle United,False,MF,45
ENG-Premier League,2526,2025-11-02 West Ham United-Newcastle United,67,Lewis Miley,Newcastle United,False,,0
ENG-Premier League,2526,2025-09-13 Newcastle United-Wolves,1,Nick Pope,Newcastle United,True,GK,90
ENG-Premier League,2526,2025-09-13 Newcastle United-Wolves,2,Kieran Trippier,Newcastle United,True,RB,90
ENG-Premier League,2526,2025-09-13 Newcastle United-Wolves,5,Fabian Schär,Newcastle United,True,CB,90
ENG-Premier League,2526,2025-09-13 Newcastle United-Wolves,7,Joelinton,Newcastle United,True,CM,64
ENG-Premier League,2526,2025-09-13 Newcastle United-Wolves,8,Sandro Tonali,Newcastle United,True,CM,90
ENG-Premier League,2526,2025-09-13 Newcastle United-Wolves,11,Harvey Barnes,Newcastle United,True,FW,79
ENG-Premier League,2526,2025-09-13 Newcastle United-Wolves,21,Valentino Livramento,Newcastle United,True,LB,90
ENG-Premier League,2526,2025-09-13 Newcastle United-Wolves,23,Jacob Murphy,Newcastle United,True,FW,89
ENG-Premier League,2526,2025-09-13 Newcastle United-Wolves,27,Nick Woltemade,Newcastle United,True,FW,64
ENG-Premier League,2526,2025-09-13 Newcastle United-Wolves,33,Dan Burn,Newcastle United,True,CB,90
ENG-Premier League,2526,2025-09-13 Newcastle United-Wolves,39,Bruno Guimarães,Newcastle United,True,CM,90
ENG-Premier League,2526,2025-09-13 Newcastle United-Wolves,32,Aaron Ramsdale,Newcastle United,False,,0
ENG-Premier League,2526,2025-09-13 Newcastle United-Wolves,3,Lewis Hall,Newcastle United,False,,0
ENG-Premier League,2526,2025-09-13 Newcastle United-Wolves,4,Sven Botman,Newcastle United,False,DF,1
ENG-Premier League,2526,2025-09-13 Newcastle United-Wolves,12,Malick Thiaw,Newcastle United,False,,0
ENG-Premier League,2526,2025-09-13 Newcastle United-Wolves,17,Emil Krafth,Newcastle United,False,,0
ENG-Premier League,2526,2025-09-13 Newcastle United-Wolves,18,William Osula,Newcastle United,False,FW,26
ENG-Premier League,2526,2025-09-13 Newcastle United-Wolves,20,Anthony Elanga,Newcastle United,False,"FW,MF",11
ENG-Premier League,2526,2025-09-13 Newcastle United-Wolves,28,Joe Willock,Newcastle United,False,MF,26
ENG-Premier League,2526,2025-09-13 Newcastle United-Wolves,67,Lewis Miley,Newcastle United,False,,0
ENG-Premier League,2526,2025-09-13 Newcastle United-Wolves,31,Sam Johnstone,Wolverhampton Wanderers,True,GK,90
ENG-Premier League,2526,2025-09-13 Newcastle United-Wolves,3,Hugo Bueno,Wolverhampton Wanderers,True,RM,90
ENG-Premier League,2526,2025-09-13 Newcastle United-Wolves,7,André,Wolverhampton Wanderers,True,CM,65
ENG-Premier League,2526,2025-09-13 Newcastle United-Wolves,8,João Gomes,Wolverhampton Wanderers,True,CM,90
ENG-Premier League,2526,2025-09-13 Newcastle United-Wolves,11,Hwang Hee-chan,Wolverhampton Wanderers,True,FW,76
ENG-Premier League,2526,2025-09-13 Newcastle United-Wolves,12,Emmanuel Agbadou,Wolverhampton Wanderers,True,CB,90
ENG-Premier League,2526,2025-09-13 Newcastle United-Wolves,14,Tolu Arokodare,Wolverhampton Wanderers,True,FW,65
ENG-Premier League,2526,2025-09-13 Newcastle United-Wolves,15,Yerson Mosquera,Wolverhampton Wanderers,True,CB,65
ENG-Premier League,2526,2025-09-13 Newcastle United-Wolves,21,Rodrigo Gomes,Wolverhampton Wanderers,True,LM,76
ENG-Premier League,2526,2025-09-13 Newcastle United-Wolves,24,Toti Gomes,Wolverhampton Wanderers,True,CB,90
ENG-Premier League,2526,2025-09-13 Newcastle United-Wolves,37,Ladislav Krejčí,Wolverhampton Wanderers,True,CM,90
ENG-Premier League,2526,2025-09-13 Newcastle United-Wolves,25,Daniel Bentley,Wolverhampton Wanderers,False,,0
ENG-Premier League,2526,2025-09-13 Newcastle United-Wolves,2,Matt Doherty,Wolverhampton Wanderers,False,,0
ENG-Premier League,2526,2025-09-13 Newcastle United-Wolves,4,Santiago Bueno,Wolverhampton Wanderers,False,,0
ENG-Premier League,2526,2025-09-13 Newcastle United-Wolves,5,Marshall Munetsi,Wolverhampton Wanderers,False,"DF,MF",25
ENG-Premier League,2526,2025-09-13 Newcastle United-Wolves,6,David Møller Wolfe,Wolverhampton Wanderers,False,,0
ENG-Premier League,2526,2025-09-13 Newcastle United-Wolves,10,Jhon Arias,Wolverhampton Wanderers,False,"FW,MF",25
ENG-Premier League,2526,2025-09-13 Newcastle United-Wolves,27,Jean-Ricner Bellegarde,Wolverhampton Wanderers,False,MF,25
ENG-Premier League,2526,2025-09-13 Newcastle United-Wolves,28,Fer López,Wolverhampton Wanderers,False,MF,14
ENG-Premier League,2526,2025-09-13 Newcastle United-Wolves,38,Jackson Tchatchoua,Wolverhampton Wanderers,False,"DF,MF",14
ENG-Premier League,2526,2026-01-01 Brentford-Tottenham Hotspur,1,Caoimhín Kelleher,Brentford,True,GK,90
ENG-Premier League,2526,2026-01-01 Brentford-Tottenham Hotspur,3,Rico Henry,Brentford,True,LB,90
ENG-Premier League,2526,2026-01-01 Brentford-Tottenham Hotspur,6,Jordan Henderson,Brentford,True,CM,90
ENG-Premier League,2526,2026-01-01 Brentford-Tottenham Hotspur,7,Kevin Schade,Brentford,True,FW,79
ENG-Premier League,2526,2026-01-01 Brentford-Tottenham Hotspur,9,Igor Thiago,Brentford,True,FW,90
ENG-Premier League,2526,2026-01-01 Brentford-Tottenham Hotspur,18,Yehor Yarmoliuk,Brentford,True,CM,79
ENG-Premier League,2526,2026-01-01 Brentford-Tottenham Hotspur,20,Kristoffer Ajer,Brentford,True,CB,90
ENG-Premier League,2526,2026-01-01 Brentford-Tottenham Hotspur,22,Nathan Collins,Brentford,True,CB,90
ENG-Premier League,2526,2026-01-01 Brentford-Tottenham Hotspur,23,Keane Lewis-Potter,Brentford,True,FW,90
ENG-Premier League,2526,2026-01-01 Brentford-Tottenham Hotspur,27,Vitaly Janelt,Brentford,True,CM,90
ENG-Premier League,2526,2026-01-01 Brentford-Tottenham Hotspur,33,Michael Kayode,Brentford,True,RB,90
ENG-Premier League,2526,2026-01-01 Brentford-Tottenham Hotspur,12,Hákon Valdimarsson,Brentford,False,,0
ENG-Premier League,2526,2026-01-01 Brentford-Tottenham Hotspur,2,Aaron Hickey,Brentford,False,,0
ENG-Premier League,2526,2026-01-01 Brentford-Tottenham Hotspur,4,Sepp van den Berg,Brentford,False,,0
ENG-Premier League,2526,2026-01-01 Brentford-Tottenham Hotspur,5,Ethan Pinnock,Brentford,False,,0
ENG-Premier League,2526,2026-01-01 Brentford-Tottenham Hotspur,8,Mathias Jensen,Brentford,False,MF,11
ENG-Premier League,2526,2026-01-01 Brentford-Tottenham Hotspur,11,Reiss Nelson,Brentford,False,"FW,MF",11
ENG-Premier League,2526,2026-01-01 Brentford-Tottenham Hotspur,24,Mikkel Damsgaard,Brentford,False,,0
ENG-Premier League,2526,2026-01-01 Brentford-Tottenham Hotspur,26,Yunus Emre Konak,Brentford,False,,0
ENG-Premier League,2526,2026-01-01 Brentford-Tottenham Hotspur,45,Romelle Donovan,Brentford,False,,0
ENG-Premier League,2526,2026-01-01 Brentford-Tottenham Hotspur,1,Guglielmo Vicario,Tottenham Hotspur,True,GK,90
ENG-Premier League,2526,2026-01-01 Brentford-Tottenham Hotspur,6,João Palhinha,Tottenham Hotspur,True,CM,79
ENG-Premier League,2526,2026-01-01 Brentford-Tottenham Hotspur,9,Richarlison,Tottenham Hotspur,True,FW,90
ENG-Premier League,2526,2026-01-01 Brentford-Tottenham Hotspur,14,Archie Gray,Tottenham Hotspur,True,CM,90
ENG-Premier League,2526,2026-01-01 Brentford-Tottenham Hotspur,17,Cristian Romero,Tottenham Hotspur,True,CB,90
ENG-Premier League,2526,2026-01-01 Brentford-Tottenham Hotspur,20,Mohammed Kudus,Tottenham Hotspur,True,FW,90
ENG-Premier League,2526,2026-01-01 Brentford-Tottenham Hotspur,23,Pedro Porro,Tottenham Hotspur,True,RB,90
ENG-Premier League,2526,2026-01-01 Brentford-Tottenham Hotspur,24,Djed Spence,Tottenham Hotspur,True,LB,90
ENG-Premier League,2526,2026-01-01 Brentford-Tottenham Hotspur,28,Wilson Odobert,Tottenham Hotspur,True,FW,66
ENG-Premier League,2526,2026-01-01 Brentford-Tottenham Hotspur,30,Rodrigo Bentancur,Tottenham Hotspur,True,CM,90
ENG-Premier League,2526,2026-01-01 Brentford-Tottenham Hotspur,37,Micky van de Ven,Tottenham Hotspur,True,CB,90
ENG-Premier League,2526,2026-01-01 Brentford-Tottenham Hotspur,31,Antonín Kinský,Tottenham Hotspur,False,,0
ENG-Premier League,2526,2026-01-01 Brentford-Tottenham Hotspur,40,Brandon Austin,Tottenham Hotspur,False,,0
ENG-Premier League,2526,2026-01-01 Brentford-Tottenham Hotspur,3,Radu Drăgușin,Tottenham Hotspur,False,,0
ENG-Premier League,2526,2026-01-01 Brentford-Tottenham Hotspur,4,Kevin Danso,Tottenham Hotspur,False,,0
ENG-Premier League,2526,2026-01-01 Brentford-Tottenham Hotspur,11,Mathys Tel,Tottenham Hotspur,False,"FW,MF",11
ENG-Premier League,2526,2026-01-01 Brentford-Tottenham Hotspur,33,Ben Davies,Tottenham Hotspur,False,,0
ENG-Premier League,2526,2026-01-01 Brentford-Tottenham Hotspur,39,Randal Kolo Muani,Tottenham Hotspur,False,"FW,MF",24
ENG-Premier League,2526,2026-01-01 Brentford-Tottenham Hotspur,44,Dane Scarlett,Tottenham Hotspur,False,,0
ENG-Premier League,2526,2026-01-01 Brentford-Tottenham Hotspur,52,Callum Olusesi,Tottenham Hotspur,False,,0
ENG-Premier League,2526,2025-11-29 Brentford-Burnley,1,Caoimhín Kelleher,Brentford,True,GK,90
ENG-Premier League,2526,2025-11-29 Brentford-Burnley,2,Aaron Hickey,Brentford,True,LB,74
ENG-Premier League,2526,2025-11-29 Brentford-Burnley,4,Sepp van den Berg,Brentford,True,CB,90
ENG-Premier League,2526,2025-11-29 Brentford-Burnley,6,Jordan Henderson,Brentford,True,DM,90
ENG-Premier League,2526,2025-11-29 Brentford-Burnley,7,Kevin Schade,Brentford,True,AM,74
ENG-Premier League,2526,2025-11-29 Brentford-Burnley,8,Mathias Jensen,Brentford,True,DM,84
ENG-Premier League,2526,2025-11-29 Brentford-Burnley,9,Igor Thiago,Brentford,True,FW,89
ENG-Premier League,2526,2025-11-29 Brentford-Burnley,19,Dango Ouattara,Brentford,True,AM,90
ENG-Premier League,2526,2025-11-29 Brentford-Burnley,22,Nathan Collins,Brentford,True,CB,90
ENG-Premier League,2526,2025-11-29 Brentford-Burnley,24,Mikkel Damsgaard,Brentford,True,AM,90
ENG-Premier League,2526,2025-11-29 Brentford-Burnley,33,Michael Kayode,Brentford,True,RB,90
ENG-Premier League,2526,2025-11-29 Brentford-Burnley,12,Hákon Valdimarsson,Brentford,False,,0
ENG-Premier League,2526,2025-11-29 Brentford-Burnley,3,Rico Henry,Brentford,False,"DF,MF",16
ENG-Premier League,2526,2025-11-29 Brentford-Burnley,5,Ethan Pinnock,Brentford,False,,0
ENG-Premier League,2526,2025-11-29 Brentford-Burnley,11,Reiss Nelson,Brentford,False,"FW,MF",16
ENG-Premier League,2526,2025-11-29 Brentford-Burnley,15,Frank Onyeka,Brentford,False,,0
ENG-Premier League,2526,2025-11-29 Brentford-Burnley,18,Yehor Yarmoliuk,Brentford,False,MF,6
ENG-Premier League,2526,2025-11-29 Brentford-Burnley,20,Kristoffer Ajer,Brentford,False,,0
ENG-Premier League,2526,2025-11-29 Brentford-Burnley,23,Keane Lewis-Potter,Brentford,False,"DF,FW",1
ENG-Premier League,2526,2025-11-29 Brentford-Burnley,27,Vitaly Janelt,Brentford,False,,0
ENG-Premier League,2526,2025-11-29 Brentford-Burnley,1,Martin Dúbravka,Burnley,True,GK,90
ENG-Premier League,2526,2025-11-29 Brentford-Burnley,2,Kyle Walker,Burnley,True,RB,90
ENG-Premier League,2526,2025-11-29 Brentford-Burnley,3,Quilindschy Hartman,Burnley,True,LB,90
ENG-Premier League,2526,2025-11-29 Brentford-Burnley,5,Maxime Estève,Burnley,True,CB,90
ENG-Premier League,2526,2025-11-29 Brentford-Burnley,6,Axel Tuanzebe,Burnley,True,CB,90
ENG-Premier League,2526,2025-11-29 Brentford-Burnley,9,Lyle Foster,Burnley,True,AM,74
ENG-Premier League,2526,2025-11-29 Brentford-Burnley,16,Florentino Luís,Burnley,True,DM,74
ENG-Premier League,2526,2025-11-29 Brentford-Burnley,17,Loum Tchaouna,Burnley,True,AM,74
ENG-Premier League,2526,2025-11-29 Brentford-Burnley,19,Zian Flemming,Burnley,True,FW,90
ENG-Premier League,2526,2025-11-29 Brentford-Burnley,24,Josh Cullen,Burnley,True,DM,80
ENG-Premier League,2526,2025-11-29 Brentford-Burnley,28,Hannibal Mejbri,Burnley,True,AM,59
ENG-Premier League,2526,2025-11-29 Brentford-Burnley,13,Max Weiß,Burnley,False,,0
ENG-Premier League,2526,2025-11-29 Brentford-Burnley,7,Jacob Bruun Larsen,Burnley,False,"FW,MF",16
ENG-Premier League,2526,2025-11-29 Brentford-Burnley,8,Lesley Ugochukwu,Burnley,False,MF,31
ENG-Premier League,2526,2025-11-29 Brentford-Burnley,10,Marcus Edwards,Burnley,False,,0
ENG-Premier League,2526,2025-11-29 Brentford-Burnley,11,Jaidon Anthony,Burnley,False,"FW,MF",16
ENG-Premier League,2526,2025-11-29 Brentford-Burnley,18,Hjalmar Ekdal,Burnley,False,,0
ENG-Premier League,2526,2025-11-29 Brentford-Burnley,23,Lucas,Burnley,False,,0
ENG-Premier League,2526,2025-11-29 Brentford-Burnley,27,Armando Broja,Burnley,False,FW,10
ENG-Premier League,2526,2025-11-29 Brentford-Burnley,29,Josh Laurent,Burnley,False,"DF,FW",16
ENG-Premier League,2526,2025-12-20 Manchester City-West Ham United,25,Gianluigi Donnarumma,Manchester City,True,GK,90
ENG-Premier League,2526,2025-12-20 Manchester City-West Ham United,3,Rúben Dias,Manchester City,True,CB,90
ENG-Premier League,2526,2025-12-20 Manchester City-West Ham United,4,Tijjani Reijnders,Manchester City,True,DM,66
ENG-Premier League,2526,2025-12-20 Manchester City-West Ham United,9,Erling Haaland,Manchester City,True,FW,90
ENG-Premier League,2526,2025-12-20 Manchester City-West Ham United,10,Rayan Cherki,Manchester City,True,AM,66
ENG-Premier League,2526,2025-12-20 Manchester City-West Ham United,14,Nicolás González,Manchester City,True,DM,66
ENG-Premier League,2526,2025-12-20 Manchester City-West Ham United,20,Bernardo Silva,Manchester City,True,DM,74
ENG-Premier League,2526,2025-12-20 Manchester City-West Ham United,24,Joško Gvardiol,Manchester City,True,CB,90
ENG-Premier League,2526,2025-12-20 Manchester City-West Ham United,27,Matheus Nunes,Manchester City,True,RB,90
ENG-Premier League,2526,2025-12-20 Manchester City-West Ham United,33,Nico O’Reilly,Manchester City,True,LB,90
ENG-Premier League,2526,2025-12-20 Manchester City-West Ham United,47,Phil Foden,Manchester City,True,AM,90
ENG-Premier League,2526,2025-12-20 Manchester City-West Ham United,1,James Trafford,Manchester City,False,,0
ENG-Premier League,2526,2025-12-20 Manchester City-West Ham United,6,Nathan Aké,Manchester City,False,,0
ENG-Premier League,2526,2025-12-20 Manchester City-West Ham United,26,Sávio,Manchester City,False,"FW,MF",24
ENG-Premier League,2526,2025-12-20 Manchester City-West Ham United,45,Abdukodir Khusanov,Manchester City,False,DF,24
ENG-Premier League,2526,2025-12-20 Manchester City-West Ham United,59,Charlie Gray,Manchester City,False,,0
ENG-Premier League,2526,2025-12-20 Manchester City-West Ham United,63,Divine Mukasa,Manchester City,False,MF,16
ENG-Premier League,2526,2025-12-20 Manchester City-West Ham United,82,Rico Lewis,Manchester City,False,DF,24
ENG-Premier League,2526,2025-12-20 Manchester City-West Ham United,91,Stephen Mfuni,Manchester City,False,,0
ENG-Premier League,2526,2025-12-20 Manchester City-West Ham United,92,Reigan Heskey,Manchester City,False,,0
ENG-Premier League,2526,2025-12-20 Manchester City-West Ham United,23,Alphonse Areola,West Ham United,True,GK,90
ENG-Premier League,2526,2025-12-20 Manchester City-West Ham United,2,Kyle Walker-Peters,West Ham United,True,RB,90
ENG-Premier League,2526,2025-12-20 Manchester City-West Ham United,3,Max Kilman,West Ham United,True,CB,90
ENG-Premier League,2526,2025-12-20 Manchester City-West Ham United,7,Crysencio Summerville,West Ham United,True,FW,78
ENG-Premier League,2526,2025-12-20 Manchester City-West Ham United,10,Lucas Paquetá,West Ham United,True,AM,77
ENG-Premier League,2526,2025-12-20 Manchester City-West Ham United,18,Mateus Fernandes,West Ham United,True,DM,78
ENG-Premier League,2526,2025-12-20 Manchester City-West Ham United,20,Jarrod Bowen,West Ham United,True,FW,90
ENG-Premier League,2526,2025-12-20 Manchester City-West Ham United,25,Jean-Clair Todibo,West Ham United,True,CB,90
ENG-Premier League,2526,2025-12-20 Manchester City-West Ham United,27,Soungoutou Magassa,West Ham United,True,DM,90
ENG-Premier League,2526,2025-12-20 Manchester City-West Ham United,30,Oliver Scarles,West Ham United,True,LB,63
ENG-Premier League,2526,2025-12-20 Manchester City-West Ham United,32,Freddie Potts,West Ham United,True,DM,78
ENG-Premier League,2526,2025-12-20 Manchester City-West Ham United,1,Mads Hermansen,West Ham United,False,,0
ENG-Premier League,2526,2025-12-20 Manchester City-West Ham United,5,Igor,West Ham United,False,,0
ENG-Premier League,2526,2025-12-20 Manchester City-West Ham United,9,Callum Wilson,West Ham United,False,FW,12
ENG-Premier League,2526,2025-12-20 Manchester City-West Ham United,15,Konstantinos Mavropanos,West Ham United,False,DF,12
ENG-Premier League,2526,2025-12-20 Manchester City-West Ham United,24,Guido Rodríguez,West Ham United,False,MF,12
ENG-Premier League,2526,2025-12-20 Manchester City-West Ham United,28,Tomáš Souček,West Ham United,False,MF,13
ENG-Premier League,2526,2025-12-20 Manchester City-West Ham United,39,Andy Irving,West Ham United,False,,0
ENG-Premier League,2526,2025-12-20 Manchester City-West Ham United,55,Mohamadou Kanté,West Ham United,False,,0
ENG-Premier League,2526,2025-12-20 Manchester City-West Ham United,63,Ezra Mayers,West Ham United,False,DF,27
ENG-Premier League,2526,2026-03-01 Fulham-Tottenham Hotspur,1,Bernd Leno,Fulham,True,GK,90
ENG-Premier League,2526,2026-03-01 Fulham-Tottenham Hotspur,2,Kenny Tete,Fulham,True,RB,90
ENG-Premier League,2526,2026-03-01 Fulham-Tottenham Hotspur,3,Calvin Bassey,Fulham,True,CB,90
ENG-Premier League,2526,2026-03-01 Fulham-Tottenham Hotspur,7,Raúl Jiménez,Fulham,True,FW,71
ENG-Premier League,2526,2026-03-01 Fulham-Tottenham Hotspur,8,Harry Wilson,Fulham,True,AM,71
ENG-Premier League,2526,2026-03-01 Fulham-Tottenham Hotspur,14,Oscar Bobb,Fulham,True,AM,71
ENG-Premier League,2526,2026-03-01 Fulham-Tottenham Hotspur,16,Sander Berge,Fulham,True,DM,90
ENG-Premier League,2526,2026-03-01 Fulham-Tottenham Hotspur,17,Alex Iwobi,Fulham,True,DM,89
ENG-Premier League,2526,2026-03-01 Fulham-Tottenham Hotspur,30,Ryan Sessegnon,Fulham,True,LB,90
ENG-Premier League,2526,2026-03-01 Fulham-Tottenham Hotspur,31,Issa Diop,Fulham,True,CB,90
ENG-Premier League,2526,2026-03-01 Fulham-Tottenham Hotspur,32,Emile Smith Rowe,Fulham,True,AM,71
ENG-Premier League,2526,2026-03-01 Fulham-Tottenham Hotspur,23,Benjamin Lecomte,Fulham,False,,0
ENG-Premier League,2526,2026-03-01 Fulham-Tottenham Hotspur,6,Harrison Reed,Fulham,False,,0
ENG-Premier League,2526,2026-03-01 Fulham-Tottenham Hotspur,9,Rodrigo Muniz,Fulham,False,FW,19
ENG-Premier League,2526,2026-03-01 Fulham-Tottenham Hotspur,10,Tom Cairney,Fulham,False,MF,19
ENG-Premier League,2526,2026-03-01 Fulham-Tottenham Hotspur,15,Jorge Cuenca,Fulham,False,DF,1
ENG-Premier League,2526,2026-03-01 Fulham-Tottenham Hotspur,19,Samuel Chukwueze,Fulham,False,"FW,MF",19
ENG-Premier League,2526,2026-03-01 Fulham-Tottenham Hotspur,21,Timothy Castagne,Fulham,False,,0
ENG-Premier League,2526,2026-03-01 Fulham-Tottenham Hotspur,24,Joshua King,Fulham,False,MF,19
ENG-Premier League,2526,2026-03-01 Fulham-Tottenham Hotspur,33,Antonee Robinson,Fulham,False,,0
ENG-Premier League,2526,2026-03-01 Fulham-Tottenham Hotspur,1,Guglielmo Vicario,Tottenham Hotspur,True,GK,90
ENG-Premier League,2526,2026-03-01 Fulham-Tottenham Hotspur,3,Radu Drăgușin,Tottenham Hotspur,True,CB,89
ENG-Premier League,2526,2026-03-01 Fulham-Tottenham Hotspur,6,João Palhinha,Tottenham Hotspur,True,CM,90
ENG-Premier League,2526,2026-03-01 Fulham-Tottenham Hotspur,7,Xavi Simons,Tottenham Hotspur,True,LM,57
ENG-Premier League,2526,2026-03-01 Fulham-Tottenham Hotspur,8,Yves Bissouma,Tottenham Hotspur,True,CM,79
ENG-Premier League,2526,2026-03-01 Fulham-Tottenham Hotspur,14,Archie Gray,Tottenham Hotspur,True,LB,90
ENG-Premier League,2526,2026-03-01 Fulham-Tottenham Hotspur,19,Dominic Solanke,Tottenham Hotspur,True,FW,90
ENG-Premier League,2526,2026-03-01 Fulham-Tottenham Hotspur,22,Conor Gallagher,Tottenham Hotspur,True,RM,57
ENG-Premier League,2526,2026-03-01 Fulham-Tottenham Hotspur,23,Pedro Porro,Tottenham Hotspur,True,RB,90
ENG-Premier League,2526,2026-03-01 Fulham-Tottenham Hotspur,37,Micky van de Ven,Tottenham Hotspur,True,CB,90
ENG-Premier League,2526,2026-03-01 Fulham-Tottenham Hotspur,39,Randal Kolo Muani,Tottenham Hotspur,True,FW,57
ENG-Premier League,2526,2026-03-01 Fulham-Tottenham Hotspur,31,Antonín Kinský,Tottenham Hotspur,False,,0
ENG-Premier League,2526,2026-03-01 Fulham-Tottenham Hotspur,40,Brandon Austin,Tottenham Hotspur,False,,0
ENG-Premier League,2526,2026-03-01 Fulham-Tottenham Hotspur,4,Kevin Danso,Tottenham Hotspur,False,"DF,MF",1
ENG-Premier League,2526,2026-03-01 Fulham-Tottenham Hotspur,9,Richarlison,Tottenham Hotspur,False,"FW,MF",33
ENG-Premier League,2526,2026-03-01 Fulham-Tottenham Hotspur,11,Mathys Tel,Tottenham Hotspur,False,"FW,MF",33
ENG-Premier League,2526,2026-03-01 Fulham-Tottenham Hotspur,29,Pape Matar Sarr,Tottenham Hotspur,False,MF,33
ENG-Premier League,2526,2026-03-01 Fulham-Tottenham Hotspur,38,Souza,Tottenham Hotspur,False,DF,11
ENG-Premier League,2526,2026-03-01 Fulham-Tottenham Hotspur,52,Callum Olusesi,Tottenham Hotspur,False,,0
ENG-Premier League,2526,2026-03-01 Fulham-Tottenham Hotspur,76,James Rowswell,Tottenham Hotspur,False,,0
ENG-Premier League,2526,2025-12-03 Arsenal-Brentford,1,David Raya,Arsenal,True,GK,90
ENG-Premier League,2526,2025-12-03 Arsenal-Brentford,3,Cristhian Mosquera,Arsenal,True,CB,43
ENG-Premier League,2526,2025-12-03 Arsenal-Brentford,4,Ben White,Arsenal,True,RB,90
ENG-Premier League,2526,2025-12-03 Arsenal-Brentford,5,Piero Hincapié,Arsenal,True,CB,90
ENG-Premier League,2526,2025-12-03 Arsenal-Brentford,8,Martin Ødegaard,Arsenal,True,CM,90
ENG-Premier League,2526,2025-12-03 Arsenal-Brentford,11,Gabriel Martinelli,Arsenal,True,FW,60
ENG-Premier League,2526,2025-12-03 Arsenal-Brentford,20,Noni Madueke,Arsenal,True,FW,60
ENG-Premier League,2526,2025-12-03 Arsenal-Brentford,23,Mikel Merino,Arsenal,True,FW,90
ENG-Premier League,2526,2025-12-03 Arsenal-Brentford,33,Riccardo Calafiori,Arsenal,True,LB,90
ENG-Premier League,2526,2025-12-03 Arsenal-Brentford,36,Martín Zubimendi,Arsenal,True,CM,90
ENG-Premier League,2526,2025-12-03 Arsenal-Brentford,41,Declan Rice,Arsenal,True,CM,82
ENG-Premier League,2526,2025-12-03 Arsenal-Brentford,13,Kepa Arrizabalaga,Arsenal,False,,0
ENG-Premier League,2526,2025-12-03 Arsenal-Brentford,7,Bukayo Saka,Arsenal,False,"FW,MF",30
ENG-Premier League,2526,2025-12-03 Arsenal-Brentford,9,Gabriel Jesus,Arsenal,False,,0
ENG-Premier League,2526,2025-12-03 Arsenal-Brentford,10,Eberechi Eze,Arsenal,False,"FW,MF",30
ENG-Premier League,2526,2025-12-03 Arsenal-Brentford,12,Jurriën Timber,Arsenal,False,DF,47
ENG-Premier League,2526,2025-12-03 Arsenal-Brentford,14,Viktor Gyökeres,Arsenal,False,"FW,MF",8
ENG-Premier League,2526,2025-12-03 Arsenal-Brentford,16,Christian Nørgaard,Arsenal,False,,0
ENG-Premier League,2526,2025-12-03 Arsenal-Brentford,22,Ethan Nwaneri,Arsenal,False,,0
ENG-Premier League,2526,2025-12-03 Arsenal-Brentford,49,Myles Lewis-Skelly,Arsenal,False,,0
ENG-Premier League,2526,2025-12-03 Arsenal-Brentford,1,Caoimhín Kelleher,Brentford,True,GK,90
ENG-Premier League,2526,2025-12-03 Arsenal-Brentford,3,Rico Henry,Brentford,True,LB,73
ENG-Premier League,2526,2025-12-03 Arsenal-Brentford,4,Sepp van den Berg,Brentford,True,CB,90
ENG-Premier League,2526,2025-12-03 Arsenal-Brentford,5,Ethan Pinnock,Brentford,True,CB,73
ENG-Premier League,2526,2025-12-03 Arsenal-Brentford,7,Kevin Schade,Brentford,True,FW,59
ENG-Premier League,2526,2025-12-03 Arsenal-Brentford,8,Mathias Jensen,Brentford,True,CM,60
ENG-Premier League,2526,2025-12-03 Arsenal-Brentford,18,Yehor Yarmoliuk,Brentford,True,CM,90
ENG-Premier League,2526,2025-12-03 Arsenal-Brentford,19,Dango Ouattara,Brentford,True,FW,90
ENG-Premier League,2526,2025-12-03 Arsenal-Brentford,20,Kristoffer Ajer,Brentford,True,CB,90
ENG-Premier League,2526,2025-12-03 Arsenal-Brentford,27,Vitaly Janelt,Brentford,True,CM,60
ENG-Premier League,2526,2025-12-03 Arsenal-Brentford,33,Michael Kayode,Brentford,True,RB,90
ENG-Premier League,2526,2025-12-03 Arsenal-Brentford,12,Hákon Valdimarsson,Brentford,False,,0
ENG-Premier League,2526,2025-12-03 Arsenal-Brentford,6,Jordan Henderson,Brentford,False,MF,30
ENG-Premier League,2526,2025-12-03 Arsenal-Brentford,9,Igor Thiago,Brentford,False,FW,31
ENG-Premier League,2526,2025-12-03 Arsenal-Brentford,15,Frank Onyeka,Brentford,False,,0
ENG-Premier League,2526,2025-12-03 Arsenal-Brentford,22,Nathan Collins,Brentford,False,DF,17
ENG-Premier League,2526,2025-12-03 Arsenal-Brentford,23,Keane Lewis-Potter,Brentford,False,"DF,FW",17
ENG-Premier League,2526,2025-12-03 Arsenal-Brentford,24,Mikkel Damsgaard,Brentford,False,"FW,MF",30
ENG-Premier League,2526,2025-12-03 Arsenal-Brentford,43,Benjamin Arthur,Brentford,False,,0
ENG-Premier League,2526,2025-12-03 Arsenal-Brentford,45,Romelle Donovan,Brentford,False,,0
ENG-Premier League,2526,2025-08-22 West Ham United-Chelsea,1,Mads Hermansen,West Ham United,True,GK,90
ENG-Premier League,2526,2025-08-22 West Ham United-Chelsea,3,Max Kilman,West Ham United,True,CB,90
ENG-Premier League,2526,2025-08-22 West Ham United-Chelsea,5,Nayef Aguerd,West Ham United,True,CB,90
ENG-Premier League,2526,2025-08-22 West Ham United-Chelsea,8,James Ward-Prowse,West Ham United,True,DM,90
ENG-Premier League,2526,2025-08-22 West Ham United-Chelsea,10,Lucas Paquetá,West Ham United,True,AM,90
ENG-Premier League,2526,2025-08-22 West Ham United-Chelsea,11,Niclas Füllkrug,West Ham United,True,FW,45
ENG-Premier League,2526,2025-08-22 West Ham United-Chelsea,12,El Hadji Malick Diouf,West Ham United,True,DM,90
ENG-Premier League,2526,2025-08-22 West Ham United-Chelsea,20,Jarrod Bowen,West Ham United,True,FW,90
ENG-Premier League,2526,2025-08-22 West Ham United-Chelsea,25,Jean-Clair Todibo,West Ham United,True,CB,45
ENG-Premier League,2526,2025-08-22 West Ham United-Chelsea,28,Tomáš Souček,West Ham United,True,DM,69
ENG-Premier League,2526,2025-08-22 West Ham United-Chelsea,29,Aaron Wan-Bissaka,West Ham United,True,DM,90
ENG-Premier League,2526,2025-08-22 West Ham United-Chelsea,23,Alphonse Areola,West Ham United,False,,0
ENG-Premier League,2526,2025-08-22 West Ham United-Chelsea,2,Kyle Walker-Peters,West Ham United,False,"DF,MF",21
ENG-Premier League,2526,2025-08-22 West Ham United-Chelsea,9,Callum Wilson,West Ham United,False,FW,45
ENG-Premier League,2526,2025-08-22 West Ham United-Chelsea,15,Konstantinos Mavropanos,West Ham United,False,,0
ENG-Premier League,2526,2025-08-22 West Ham United-Chelsea,24,Guido Rodríguez,West Ham United,False,,0
ENG-Premier League,2526,2025-08-22 West Ham United-Chelsea,30,Oliver Scarles,West Ham United,False,,0
ENG-Premier League,2526,2025-08-22 West Ham United-Chelsea,32,Freddie Potts,West Ham United,False,MF,45
ENG-Premier League,2526,2025-08-22 West Ham United-Chelsea,39,Andy Irving,West Ham United,False,,0
ENG-Premier League,2526,2025-08-22 West Ham United-Chelsea,50,Callum Marshall,West Ham United,False,,0
ENG-Premier League,2526,2025-08-22 West Ham United-Chelsea,1,Robert Sánchez,Chelsea,True,GK,90
ENG-Premier League,2526,2025-08-22 West Ham United-Chelsea,3,Marc Cucurella,Chelsea,True,LB,68
ENG-Premier League,2526,2025-08-22 West Ham United-Chelsea,4,Tosin Adarabioyo,Chelsea,True,CB,90
ENG-Premier League,2526,2025-08-22 West Ham United-Chelsea,7,Pedro Neto,Chelsea,True,AM,90
ENG-Premier League,2526,2025-08-22 West Ham United-Chelsea,8,Enzo Fernández,Chelsea,True,DM,90
ENG-Premier League,2526,2025-08-22 West Ham United-Chelsea,9,Liam Delap,Chelsea,True,FW,61
ENG-Premier League,2526,2025-08-22 West Ham United-Chelsea,20,João Pedro,Chelsea,True,AM,90
ENG-Premier League,2526,2025-08-22 West Ham United-Chelsea,23,Trevoh Chalobah,Chelsea,True,CB,68
ENG-Premier League,2526,2025-08-22 West Ham United-Chelsea,25,Moisés Caicedo,Chelsea,True,DM,90
ENG-Premier League,2526,2025-08-22 West Ham United-Chelsea,27,Malo Gusto,Chelsea,True,RB,68
ENG-Premier League,2526,2025-08-22 West Ham United-Chelsea,41,Estêvão Willian,Chelsea,True,AM,76
ENG-Premier League,2526,2025-08-22 West Ham United-Chelsea,12,Filip Jørgensen,Chelsea,False,,0
ENG-Premier League,2526,2025-08-22 West Ham United-Chelsea,44,Gaga Slonina,Chelsea,False,,0
ENG-Premier League,2526,2025-08-22 West Ham United-Chelsea,11,Jamie Gittens,Chelsea,False,MF,14
ENG-Premier League,2526,2025-08-22 West Ham United-Chelsea,14,Dario Essugo,Chelsea,False,,0
ENG-Premier League,2526,2025-08-22 West Ham United-Chelsea,17,Andrey Santos,Chelsea,False,MF,29
ENG-Premier League,2526,2025-08-22 West Ham United-Chelsea,21,Jorrel Hato,Chelsea,False,DF,22
ENG-Premier League,2526,2025-08-22 West Ham United-Chelsea,24,Reece James,Chelsea,False,"DF,MF",22
ENG-Premier League,2526,2025-08-22 West Ham United-Chelsea,29,Wesley Fofana,Chelsea,False,DF,22
ENG-Premier League,2526,2025-08-22 West Ham United-Chelsea,34,Joshua Acheampong,Chelsea,False,,0
ENG-Premier League,2526,2025-08-16 Brighton-Fulham,1,Bart Verbruggen,Brighton & Hove Albion,True,GK,90
ENG-Premier League,2526,2025-08-16 Brighton-Fulham,5,Lewis Dunk,Brighton & Hove Albion,True,CB,90
ENG-Premier League,2526,2025-08-16 Brighton-Fulham,6,Jan Paul van Hecke,Brighton & Hove Albion,True,CB,90
ENG-Premier League,2526,2025-08-16 Brighton-Fulham,10,Georginio Rutter,Brighton & Hove Albion,True,FW,68
ENG-Premier League,2526,2025-08-16 Brighton-Fulham,11,Yankuba Minteh,Brighton & Hove Albion,True,AM,68
ENG-Premier League,2526,2025-08-16 Brighton-Fulham,17,Carlos Baleba,Brighton & Hove Albion,True,DM,68
ENG-Premier League,2526,2025-08-16 Brighton-Fulham,22,Kaoru Mitoma,Brighton & Hove Albion,True,AM,82
ENG-Premier League,2526,2025-08-16 Brighton-Fulham,26,Yasin Ayari,Brighton & Hove Albion,True,DM,90
ENG-Premier League,2526,2025-08-16 Brighton-Fulham,27,Mats Wieffer,Brighton & Hove Albion,True,RB,90
ENG-Premier League,2526,2025-08-16 Brighton-Fulham,29,Maxim De Cuyper,Brighton & Hove Albion,True,LB,90
ENG-Premier League,2526,2025-08-16 Brighton-Fulham,33,Matt O'Riley,Brighton & Hove Albion,True,AM,87
ENG-Premier League,2526,2025-08-16 Brighton-Fulham,23,Jason Steele,Brighton & Hove Albion,False,,0
ENG-Premier League,2526,2025-08-16 Brighton-Fulham,8,Brajan Gruda,Brighton & Hove Albion,False,MF,8
ENG-Premier League,2526,2025-08-16 Brighton-Fulham,18,Danny Welbeck,Brighton & Hove Albion,False,"FW,MF",22
ENG-Premier League,2526,2025-08-16 Brighton-Fulham,20,James Milner,Brighton & Hove Albion,False,"DF,MF",3
ENG-Premier League,2526,2025-08-16 Brighton-Fulham,21,Olivier Boscagli,Brighton & Hove Albion,False,,0
ENG-Premier League,2526,2025-08-16 Brighton-Fulham,24,Ferdi Kadioglu,Brighton & Hove Albion,False,"DF,MF",22
ENG-Premier League,2526,2025-08-16 Brighton-Fulham,25,Diego Gómez,Brighton & Hove Albion,False,MF,22
ENG-Premier League,2526,2025-08-16 Brighton-Fulham,34,Joël Veltman,Brighton & Hove Albion,False,,0
ENG-Premier League,2526,2025-08-16 Brighton-Fulham,42,Diego Coppola,Brighton & Hove Albion,False,,0
ENG-Premier League,2526,2025-08-16 Brighton-Fulham,1,Bernd Leno,Fulham,True,GK,90
ENG-Premier League,2526,2025-08-16 Brighton-Fulham,2,Kenny Tete,Fulham,True,RB,90
ENG-Premier League,2526,2025-08-16 Brighton-Fulham,3,Calvin Bassey,Fulham,True,LB,90
ENG-Premier League,2526,2025-08-16 Brighton-Fulham,5,Joachim Andersen,Fulham,True,CB,90
ENG-Premier League,2526,2025-08-16 Brighton-Fulham,7,Raúl Jiménez,Fulham,True,FW,65
ENG-Premier League,2526,2025-08-16 Brighton-Fulham,8,Harry Wilson,Fulham,True,AM,90
ENG-Premier League,2526,2025-08-16 Brighton-Fulham,15,Jorge Cuenca,Fulham,True,CB,83
ENG-Premier League,2526,2025-08-16 Brighton-Fulham,16,Sander Berge,Fulham,True,DM,65
ENG-Premier League,2526,2025-08-16 Brighton-Fulham,17,Alex Iwobi,Fulham,True,AM,65
ENG-Premier League,2526,2025-08-16 Brighton-Fulham,20,Saša Lukić,Fulham,True,DM,90
ENG-Premier League,2526,2025-08-16 Brighton-Fulham,24,Joshua King,Fulham,True,AM,76
ENG-Premier League,2526,2025-08-16 Brighton-Fulham,23,Benjamin Lecomte,Fulham,False,,0
ENG-Premier League,2526,2025-08-16 Brighton-Fulham,6,Harrison Reed,Fulham,False,,0
ENG-Premier League,2526,2025-08-16 Brighton-Fulham,9,Rodrigo Muniz,Fulham,False,FW,25
ENG-Premier League,2526,2025-08-16 Brighton-Fulham,10,Tom Cairney,Fulham,False,MF,25
ENG-Premier League,2526,2025-08-16 Brighton-Fulham,11,Adama Traoré,Fulham,False,"FW,MF",25
ENG-Premier League,2526,2025-08-16 Brighton-Fulham,18,Andreas Pereira,Fulham,False,,0
ENG-Premier League,2526,2025-08-16 Brighton-Fulham,21,Timothy Castagne,Fulham,False,"DF,MF",7
ENG-Premier League,2526,2025-08-16 Brighton-Fulham,31,Issa Diop,Fulham,False,,0
ENG-Premier League,2526,2025-08-16 Brighton-Fulham,32,Emile Smith Rowe,Fulham,False,MF,14
ENG-Premier League,2526,2026-02-06 Leeds United-Nottingham Forest,26,Karl Darlow,Leeds United,True,GK,90
ENG-Premier League,2526,2026-02-06 Leeds United-Nottingham Forest,2,Jayden Bogle,Leeds United,True,DM,89
ENG-Premier League,2526,2026-02-06 Leeds United-Nottingham Forest,3,Gabriel Gudmundsson,Leeds United,True,DM,90
ENG-Premier League,2526,2026-02-06 Leeds United-Nottingham Forest,4,Ethan Ampadu,Leeds United,True,DM,90
ENG-Premier League,2526,2026-02-06 Leeds United-Nottingham Forest,5,Pascal Struijk,Leeds United,True,CB,90
ENG-Premier League,2526,2026-02-06 Leeds United-Nottingham Forest,6,Joe Rodon,Leeds United,True,CB,90
ENG-Premier League,2526,2026-02-06 Leeds United-Nottingham Forest,9,Dominic Calvert-Lewin,Leeds United,True,FW,90
ENG-Premier League,2526,2026-02-06 Leeds United-Nottingham Forest,11,Brenden Aaronson,Leeds United,True,AM,77
ENG-Premier League,2526,2026-02-06 Leeds United-Nottingham Forest,19,Noah Okafor,Leeds United,True,AM,81
ENG-Premier League,2526,2026-02-06 Leeds United-Nottingham Forest,24,James Justin,Leeds United,True,CB,90
ENG-Premier League,2526,2026-02-06 Leeds United-Nottingham Forest,44,Ilia Gruev,Leeds United,True,DM,90
ENG-Premier League,2526,2026-02-06 Leeds United-Nottingham Forest,1,Lucas Perri,Leeds United,False,,0
ENG-Premier League,2526,2026-02-06 Leeds United-Nottingham Forest,7,Daniel James,Leeds United,False,"FW,MF",13
ENG-Premier League,2526,2026-02-06 Leeds United-Nottingham Forest,8,Sean Longstaff,Leeds United,False,MF,9
ENG-Premier League,2526,2026-02-06 Leeds United-Nottingham Forest,10,Joël Piroe,Leeds United,False,,0
ENG-Premier League,2526,2026-02-06 Leeds United-Nottingham Forest,14,Lukas Nmecha,Leeds United,False,,0
ENG-Premier League,2526,2026-02-06 Leeds United-Nottingham Forest,15,Jaka Bijol,Leeds United,False,,0
ENG-Premier League,2526,2026-02-06 Leeds United-Nottingham Forest,22,Ao Tanaka,Leeds United,False,,0
ENG-Premier League,2526,2026-02-06 Leeds United-Nottingham Forest,23,Sebastiaan Bornauw,Leeds United,False,DF,1
ENG-Premier League,2526,2026-02-06 Leeds United-Nottingham Forest,29,Wilfried Gnonto,Leeds United,False,,0
ENG-Premier League,2526,2026-02-06 Leeds United-Nottingham Forest,27,Stefan Ortega,Nottingham Forest,True,GK,90
ENG-Premier League,2526,2026-02-06 Leeds United-Nottingham Forest,4,Morato,Nottingham Forest,True,CB,90
ENG-Premier League,2526,2026-02-06 Leeds United-Nottingham Forest,6,Ibrahim Sangaré,Nottingham Forest,True,DM,90
ENG-Premier League,2526,2026-02-06 Leeds United-Nottingham Forest,7,Callum Hudson-Odoi,Nottingham Forest,True,AM,66
ENG-Premier League,2526,2026-02-06 Leeds United-Nottingham Forest,8,Elliot Anderson,Nottingham Forest,True,DM,90
ENG-Premier League,2526,2026-02-06 Leeds United-Nottingham Forest,10,Morgan Gibbs-White,Nottingham Forest,True,AM,66
ENG-Premier League,2526,2026-02-06 Leeds United-Nottingham Forest,16,Nicolás Domínguez,Nottingham Forest,True,AM,53
ENG-Premier League,2526,2026-02-06 Leeds United-Nottingham Forest,19,Igor Jesus,Nottingham Forest,True,FW,53
ENG-Premier League,2526,2026-02-06 Leeds United-Nottingham Forest,31,Nikola Milenković,Nottingham Forest,True,CB,90
ENG-Premier League,2526,2026-02-06 Leeds United-Nottingham Forest,34,Ola Aina,Nottingham Forest,True,LB,90
ENG-Premier League,2526,2026-02-06 Leeds United-Nottingham Forest,44,Zach Abbott,Nottingham Forest,True,RB,75
ENG-Premier League,2526,2026-02-06 Leeds United-Nottingham Forest,18,Angus Gunn,Nottingham Forest,False,,0
ENG-Premier League,2526,2026-02-06 Leeds United-Nottingham Forest,9,Taiwo Awoniyi,Nottingham Forest,False,,0
ENG-Premier League,2526,2026-02-06 Leeds United-Nottingham Forest,14,Dan Ndoye,Nottingham Forest,False,"FW,MF",24
ENG-Premier League,2526,2026-02-06 Leeds United-Nottingham Forest,20,Lorenzo Lucca,Nottingham Forest,False,FW,37
ENG-Premier League,2526,2026-02-06 Leeds United-Nottingham Forest,21,Omari Hutchinson,Nottingham Forest,False,MF,37
ENG-Premier League,2526,2026-02-06 Leeds United-Nottingham Forest,22,Ryan Yates,Nottingham Forest,False,MF,24
ENG-Premier League,2526,2026-02-06 Leeds United-Nottingham Forest,23,Jair Cunha,Nottingham Forest,False,,0
ENG-Premier League,2526,2026-02-06 Leeds United-Nottingham Forest,24,James Mcatee,Nottingham Forest,False,,0
ENG-Premier League,2526,2026-02-06 Leeds United-Nottingham Forest,25,Luca Netz,Nottingham Forest,False,"DF,MF",15
ENG-Premier League,2526,2025-12-13 Arsenal-Wolves,1,David Raya,Arsenal,True,GK,90
ENG-Premier League,2526,2025-12-13 Arsenal-Wolves,2,William Saliba,Arsenal,True,CB,90
ENG-Premier League,2526,2025-12-13 Arsenal-Wolves,4,Ben White,Arsenal,True,RB,30
ENG-Premier League,2526,2025-12-13 Arsenal-Wolves,5,Piero Hincapié,Arsenal,True,LB,90
ENG-Premier League,2526,2025-12-13 Arsenal-Wolves,7,Bukayo Saka,Arsenal,True,FW,90
ENG-Premier League,2526,2025-12-13 Arsenal-Wolves,10,Eberechi Eze,Arsenal,True,CM,56
ENG-Premier League,2526,2025-12-13 Arsenal-Wolves,11,Gabriel Martinelli,Arsenal,True,FW,56
ENG-Premier League,2526,2025-12-13 Arsenal-Wolves,12,Jurriën Timber,Arsenal,True,CB,90
ENG-Premier League,2526,2025-12-13 Arsenal-Wolves,14,Viktor Gyökeres,Arsenal,True,FW,80
ENG-Premier League,2526,2025-12-13 Arsenal-Wolves,36,Martín Zubimendi,Arsenal,True,CM,56
ENG-Premier League,2526,2025-12-13 Arsenal-Wolves,41,Declan Rice,Arsenal,True,CM,90
ENG-Premier League,2526,2025-12-13 Arsenal-Wolves,13,Kepa Arrizabalaga,Arsenal,False,,0
ENG-Premier League,2526,2025-12-13 Arsenal-Wolves,8,Martin Ødegaard,Arsenal,False,"FW,MF",34
ENG-Premier League,2526,2025-12-13 Arsenal-Wolves,9,Gabriel Jesus,Arsenal,False,"FW,MF",10
ENG-Premier League,2526,2025-12-13 Arsenal-Wolves,16,Christian Nørgaard,Arsenal,False,,0
ENG-Premier League,2526,2025-12-13 Arsenal-Wolves,19,Leandro Trossard,Arsenal,False,"FW,MF",34
ENG-Premier League,2526,2025-12-13 Arsenal-Wolves,20,Noni Madueke,Arsenal,False,,0
ENG-Premier League,2526,2025-12-13 Arsenal-Wolves,22,Ethan Nwaneri,Arsenal,False,,0
ENG-Premier League,2526,2025-12-13 Arsenal-Wolves,23,Mikel Merino,Arsenal,False,MF,34
ENG-Premier League,2526,2025-12-13 Arsenal-Wolves,49,Myles Lewis-Skelly,Arsenal,False,DF,60
ENG-Premier League,2526,2025-12-13 Arsenal-Wolves,31,Sam Johnstone,Wolverhampton Wanderers,True,GK,90
ENG-Premier League,2526,2025-12-13 Arsenal-Wolves,2,Matt Doherty,Wolverhampton Wanderers,True,RM,68
ENG-Premier League,2526,2025-12-13 Arsenal-Wolves,6,David Møller Wolfe,Wolverhampton Wanderers,True,LM,90
ENG-Premier League,2526,2025-12-13 Arsenal-Wolves,7,André,Wolverhampton Wanderers,True,CM,90
ENG-Premier League,2526,2025-12-13 Arsenal-Wolves,8,João Gomes,Wolverhampton Wanderers,True,CM,90
ENG-Premier League,2526,2025-12-13 Arsenal-Wolves,9,Jørgen Strand Larsen,Wolverhampton Wanderers,True,FW,68
ENG-Premier League,2526,2025-12-13 Arsenal-Wolves,11,Hwang Hee-chan,Wolverhampton Wanderers,True,FW,79
ENG-Premier League,2526,2025-12-13 Arsenal-Wolves,12,Emmanuel Agbadou,Wolverhampton Wanderers,True,CB,90
ENG-Premier League,2526,2025-12-13 Arsenal-Wolves,15,Yerson Mosquera,Wolverhampton Wanderers,True,CB,90
ENG-Premier League,2526,2025-12-13 Arsenal-Wolves,24,Toti Gomes,Wolverhampton Wanderers,True,CB,85
ENG-Premier League,2526,2025-12-13 Arsenal-Wolves,37,Ladislav Krejčí,Wolverhampton Wanderers,True,CM,79
ENG-Premier League,2526,2025-12-13 Arsenal-Wolves,1,José Sá,Wolverhampton Wanderers,False,,0
ENG-Premier League,2526,2025-12-13 Arsenal-Wolves,4,Santiago Bueno,Wolverhampton Wanderers,False,,0
ENG-Premier League,2526,2025-12-13 Arsenal-Wolves,10,Jhon Arias,Wolverhampton Wanderers,False,"FW,MF",11
ENG-Premier League,2526,2025-12-13 Arsenal-Wolves,14,Tolu Arokodare,Wolverhampton Wanderers,False,FW,22
ENG-Premier League,2526,2025-12-13 Arsenal-Wolves,23,Tawanda Chirewa,Wolverhampton Wanderers,False,,0
ENG-Premier League,2526,2025-12-13 Arsenal-Wolves,26,Ki-Jana Hoever,Wolverhampton Wanderers,False,,0
ENG-Premier League,2526,2025-12-13 Arsenal-Wolves,28,Fer López,Wolverhampton Wanderers,False,MF,11
ENG-Premier League,2526,2025-12-13 Arsenal-Wolves,36,Mateus Mane,Wolverhampton Wanderers,False,FW,5
ENG-Premier League,2526,2025-12-13 Arsenal-Wolves,38,Jackson Tchatchoua,Wolverhampton Wanderers,False,"DF,MF",22
ENG-Premier League,2526,2025-11-22 Fulham-Sunderland,1,Bernd Leno,Fulham,True,GK,90
ENG-Premier League,2526,2025-11-22 Fulham-Sunderland,2,Kenny Tete,Fulham,True,RB,90
ENG-Premier League,2526,2025-11-22 Fulham-Sunderland,3,Calvin Bassey,Fulham,True,CB,90
ENG-Premier League,2526,2025-11-22 Fulham-Sunderland,5,Joachim Andersen,Fulham,True,CB,90
ENG-Premier League,2526,2025-11-22 Fulham-Sunderland,7,Raúl Jiménez,Fulham,True,FW,90
ENG-Premier League,2526,2025-11-22 Fulham-Sunderland,8,Harry Wilson,Fulham,True,AM,89
ENG-Premier League,2526,2025-11-22 Fulham-Sunderland,16,Sander Berge,Fulham,True,DM,90
ENG-Premier League,2526,2025-11-22 Fulham-Sunderland,17,Alex Iwobi,Fulham,True,DM,88
ENG-Premier League,2526,2025-11-22 Fulham-Sunderland,22,Kevin,Fulham,True,AM,63
ENG-Premier League,2526,2025-11-22 Fulham-Sunderland,24,Joshua King,Fulham,True,AM,63
ENG-Premier League,2526,2025-11-22 Fulham-Sunderland,30,Ryan Sessegnon,Fulham,True,LB,90
ENG-Premier League,2526,2025-11-22 Fulham-Sunderland,23,Benjamin Lecomte,Fulham,False,,0
ENG-Premier League,2526,2025-11-22 Fulham-Sunderland,6,Harrison Reed,Fulham,False,MF,2
ENG-Premier League,2526,2025-11-22 Fulham-Sunderland,10,Tom Cairney,Fulham,False,,0
ENG-Premier League,2526,2025-11-22 Fulham-Sunderland,11,Adama Traoré,Fulham,False,,0
ENG-Premier League,2526,2025-11-22 Fulham-Sunderland,15,Jorge Cuenca,Fulham,False,,0
ENG-Premier League,2526,2025-11-22 Fulham-Sunderland,18,Jonah Kusi-Asare,Fulham,False,,0
ENG-Premier League,2526,2025-11-22 Fulham-Sunderland,19,Samuel Chukwueze,Fulham,False,"FW,MF",27
ENG-Premier League,2526,2025-11-22 Fulham-Sunderland,21,Timothy Castagne,Fulham,False,"DF,MF",1
ENG-Premier League,2526,2025-11-22 Fulham-Sunderland,32,Emile Smith Rowe,Fulham,False,MF,27
ENG-Premier League,2526,2025-11-22 Fulham-Sunderland,22,Robin Roefs,Sunderland,True,GK,90
ENG-Premier League,2526,2025-11-22 Fulham-Sunderland,5,Daniel Ballard,Sunderland,True,CB,90
ENG-Premier League,2526,2025-11-22 Fulham-Sunderland,6,Lutsharel Geertruida,Sunderland,True,CB,90
ENG-Premier League,2526,2025-11-22 Fulham-Sunderland,17,Reinildo Mandava,Sunderland,True,LB,90
ENG-Premier League,2526,2025-11-22 Fulham-Sunderland,18,Wilson Isidor,Sunderland,True,FW,63
ENG-Premier League,2526,2025-11-22 Fulham-Sunderland,20,Nordi Mukiele,Sunderland,True,CB,90
ENG-Premier League,2526,2025-11-22 Fulham-Sunderland,25,Bertrand Traoré,Sunderland,True,RM,63
ENG-Premier League,2526,2025-11-22 Fulham-Sunderland,27,Noah Sadiki,Sunderland,True,CM,90
ENG-Premier League,2526,2025-11-22 Fulham-Sunderland,28,Enzo Le Fée,Sunderland,True,LM,89
ENG-Premier League,2526,2025-11-22 Fulham-Sunderland,32,Trai Hume,Sunderland,True,RB,89
ENG-Premier League,2526,2025-11-22 Fulham-Sunderland,34,Granit Xhaka,Sunderland,True,CM,90
ENG-Premier League,2526,2025-11-22 Fulham-Sunderland,1,Anthony Patterson,Sunderland,False,,0
ENG-Premier League,2526,2025-11-22 Fulham-Sunderland,4,Dan Neil,Sunderland,False,,0
ENG-Premier League,2526,2025-11-22 Fulham-Sunderland,7,Chemsdine Talbi,Sunderland,False,MF,27
ENG-Premier League,2526,2025-11-22 Fulham-Sunderland,9,Brian Brobbey,Sunderland,False,FW,27
ENG-Premier League,2526,2025-11-22 Fulham-Sunderland,12,Eliezer Mayenda,Sunderland,False,FW,1
ENG-Premier League,2526,2025-11-22 Fulham-Sunderland,13,Luke O'Nien,Sunderland,False,,0
ENG-Premier League,2526,2025-11-22 Fulham-Sunderland,15,Omar Alderete,Sunderland,False,,0
ENG-Premier League,2526,2025-11-22 Fulham-Sunderland,24,Simon Adingra,Sunderland,False,"FW,MF",1
ENG-Premier League,2526,2025-11-22 Fulham-Sunderland,26,Arthur Masuaku,Sunderland,False,,0
ENG-Premier League,2526,2025-09-20 Liverpool-Everton,1,Alisson,Liverpool,True,GK,90
ENG-Premier League,2526,2025-09-20 Liverpool-Everton,4,Virgil van Dijk,Liverpool,True,CB,90
ENG-Premier League,2526,2025-09-20 Liverpool-Everton,5,Ibrahima Konaté,Liverpool,True,CB,90
ENG-Premier League,2526,2025-09-20 Liverpool-Everton,6,Milos Kerkez,Liverpool,True,LB,90
ENG-Premier League,2526,2025-09-20 Liverpool-Everton,8,Dominik Szoboszlai,Liverpool,True,AM,90
ENG-Premier League,2526,2025-09-20 Liverpool-Everton,10,Alexis Mac Allister,Liverpool,True,DM,60
ENG-Premier League,2526,2025-09-20 Liverpool-Everton,11,Mohamed Salah,Liverpool,True,AM,90
ENG-Premier League,2526,2025-09-20 Liverpool-Everton,12,Conor Bradley,Liverpool,True,RB,90
ENG-Premier League,2526,2025-09-20 Liverpool-Everton,18,Cody Gakpo,Liverpool,True,AM,60
ENG-Premier League,2526,2025-09-20 Liverpool-Everton,22,Hugo Ekitike,Liverpool,True,FW,66
ENG-Premier League,2526,2025-09-20 Liverpool-Everton,38,Ryan Gravenberch,Liverpool,True,DM,90
ENG-Premier League,2526,2025-09-20 Liverpool-Everton,25,Giorgi Mamardashvili,Liverpool,False,,0
ENG-Premier League,2526,2025-09-20 Liverpool-Everton,2,Joe Gomez,Liverpool,False,,0
ENG-Premier League,2526,2025-09-20 Liverpool-Everton,3,Wataru Endo,Liverpool,False,,0
ENG-Premier League,2526,2025-09-20 Liverpool-Everton,7,Florian Wirtz,Liverpool,False,"FW,MF",30
ENG-Premier League,2526,2025-09-20 Liverpool-Everton,9,Alexander Isak,Liverpool,False,FW,24
ENG-Premier League,2526,2025-09-20 Liverpool-Everton,17,Curtis Jones,Liverpool,False,"FW,MF",30
ENG-Premier League,2526,2025-09-20 Liverpool-Everton,26,Andrew Robertson,Liverpool,False,,0
ENG-Premier League,2526,2025-09-20 Liverpool-Everton,30,Jeremie Frimpong,Liverpool,False,,0
ENG-Premier League,2526,2025-09-20 Liverpool-Everton,73,Rio Ngumoha,Liverpool,False,,0
ENG-Premier League,2526,2025-09-20 Liverpool-Everton,1,Jordan Pickford,Everton,True,GK,90
ENG-Premier League,2526,2025-09-20 Liverpool-Everton,5,Michael Keane,Everton,True,CB,90
ENG-Premier League,2526,2025-09-20 Liverpool-Everton,6,James Tarkowski,Everton,True,CB,90
ENG-Premier League,2526,2025-09-20 Liverpool-Everton,9,Beto,Everton,True,FW,45
ENG-Premier League,2526,2025-09-20 Liverpool-Everton,10,Iliman Ndiaye,Everton,True,AM,85
ENG-Premier League,2526,2025-09-20 Liverpool-Everton,15,Jake O'Brien,Everton,True,RB,90
ENG-Premier League,2526,2025-09-20 Liverpool-Everton,16,Vitaliy Mykolenko,Everton,True,LB,85
ENG-Premier League,2526,2025-09-20 Liverpool-Everton,18,Jack Grealish,Everton,True,AM,90
ENG-Premier League,2526,2025-09-20 Liverpool-Everton,22,Kiernan Dewsbury-Hall,Everton,True,AM,90
ENG-Premier League,2526,2025-09-20 Liverpool-Everton,27,Idrissa Gana Gueye,Everton,True,DM,90
ENG-Premier League,2526,2025-09-20 Liverpool-Everton,37,James Garner,Everton,True,DM,90
ENG-Premier League,2526,2025-09-20 Liverpool-Everton,12,Mark Travers,Everton,False,,0
ENG-Premier League,2526,2025-09-20 Liverpool-Everton,2,Nathan Patterson,Everton,False,,0
ENG-Premier League,2526,2025-09-20 Liverpool-Everton,7,Dwight McNeil,Everton,False,,0
ENG-Premier League,2526,2025-09-20 Liverpool-Everton,11,Thierno Barry,Everton,False,FW,45
ENG-Premier League,2526,2025-09-20 Liverpool-Everton,20,Tyler Dibling,Everton,False,MF,5
ENG-Premier League,2526,2025-09-20 Liverpool-Everton,23,Séamus Coleman,Everton,False,,0
ENG-Premier League,2526,2025-09-20 Liverpool-Everton,24,Carlos Alcaraz,Everton,False,MF,5
ENG-Premier League,2526,2025-09-20 Liverpool-Everton,39,Adam Aznou,Everton,False,,0
ENG-Premier League,2526,2025-09-20 Liverpool-Everton,42,Tim Iroegbunam,Everton,False,,0
ENG-Premier League,2526,2026-02-10 Everton-Bournemouth,1,Jordan Pickford,Everton,True,GK,90
ENG-Premier League,2526,2026-02-10 Everton-Bournemouth,6,James Tarkowski,Everton,True,CB,90
ENG-Premier League,2526,2026-02-10 Everton-Bournemouth,10,Iliman Ndiaye,Everton,True,AM,90
ENG-Premier League,2526,2026-02-10 Everton-Bournemouth,11,Thierno Barry,Everton,True,FW,61
ENG-Premier League,2526,2026-02-10 Everton-Bournemouth,15,Jake O'Brien,Everton,True,RB,68
ENG-Premier League,2526,2026-02-10 Everton-Bournemouth,16,Vitaliy Mykolenko,Everton,True,LB,89
ENG-Premier League,2526,2026-02-10 Everton-Bournemouth,19,Tyrique George,Everton,True,AM,61
ENG-Premier League,2526,2026-02-10 Everton-Bournemouth,22,Kiernan Dewsbury-Hall,Everton,True,AM,90
ENG-Premier League,2526,2026-02-10 Everton-Bournemouth,27,Idrissa Gana Gueye,Everton,True,DM,90
ENG-Premier League,2526,2026-02-10 Everton-Bournemouth,32,Jarrad Branthwaite,Everton,True,CB,90
ENG-Premier League,2526,2026-02-10 Everton-Bournemouth,37,James Garner,Everton,True,DM,90
ENG-Premier League,2526,2026-02-10 Everton-Bournemouth,12,Mark Travers,Everton,False,,0
ENG-Premier League,2526,2026-02-10 Everton-Bournemouth,2,Nathan Patterson,Everton,False,,0
ENG-Premier League,2526,2026-02-10 Everton-Bournemouth,5,Michael Keane,Everton,False,DF,1
ENG-Premier League,2526,2026-02-10 Everton-Bournemouth,9,Beto,Everton,False,FW,29
ENG-Premier League,2526,2026-02-10 Everton-Bournemouth,20,Tyler Dibling,Everton,False,,0
ENG-Premier League,2526,2026-02-10 Everton-Bournemouth,24,Carlos Alcaraz,Everton,False,,0
ENG-Premier League,2526,2026-02-10 Everton-Bournemouth,34,Merlin Röhl,Everton,False,,0
ENG-Premier League,2526,2026-02-10 Everton-Bournemouth,42,Tim Iroegbunam,Everton,False,,0
ENG-Premier League,2526,2026-02-10 Everton-Bournemouth,45,Harrison Armstrong,Everton,False,MF,29
ENG-Premier League,2526,2026-02-10 Everton-Bournemouth,1,Đorđe Petrović,Bournemouth,True,GK,90
ENG-Premier League,2526,2026-02-10 Everton-Bournemouth,3,Adrien Truffert,Bournemouth,True,LB,90
ENG-Premier League,2526,2026-02-10 Everton-Bournemouth,5,Marcos Senesi,Bournemouth,True,CB,90
ENG-Premier League,2526,2026-02-10 Everton-Bournemouth,8,Alex Scott,Bournemouth,True,DM,90
ENG-Premier League,2526,2026-02-10 Everton-Bournemouth,9,Evanilson,Bournemouth,True,FW,57
ENG-Premier League,2526,2026-02-10 Everton-Bournemouth,10,Ryan Christie,Bournemouth,True,DM,79
ENG-Premier League,2526,2026-02-10 Everton-Bournemouth,20,Álex Jiménez,Bournemouth,True,RB,90
ENG-Premier League,2526,2026-02-10 Everton-Bournemouth,21,Amine Adli,Bournemouth,True,AM,79
ENG-Premier League,2526,2026-02-10 Everton-Bournemouth,23,James Hill,Bournemouth,True,CB,90
ENG-Premier League,2526,2026-02-10 Everton-Bournemouth,27,Alex Tóth,Bournemouth,True,AM,57
ENG-Premier League,2526,2026-02-10 Everton-Bournemouth,37,Rayan Vitor,Bournemouth,True,AM,89
ENG-Premier League,2526,2026-02-10 Everton-Bournemouth,29,Christos Mandas,Bournemouth,False,,0
ENG-Premier League,2526,2026-02-10 Everton-Bournemouth,4,Lewis Cook,Bournemouth,False,MF,11
ENG-Premier League,2526,2026-02-10 Everton-Bournemouth,7,David Brooks,Bournemouth,False,"FW,MF",11
ENG-Premier League,2526,2026-02-10 Everton-Bournemouth,12,Tyler Adams,Bournemouth,False,,0
ENG-Premier League,2526,2026-02-10 Everton-Bournemouth,15,Adam Smith,Bournemouth,False,"DF,MF",1
ENG-Premier League,2526,2026-02-10 Everton-Bournemouth,18,Bafodé Diakité,Bournemouth,False,,0
ENG-Premier League,2526,2026-02-10 Everton-Bournemouth,22,Eli Junior Kroupi,Bournemouth,False,FW,33
ENG-Premier League,2526,2026-02-10 Everton-Bournemouth,26,Enes Ünal,Bournemouth,False,FW,33
ENG-Premier League,2526,2026-02-10 Everton-Bournemouth,44,Veljko Milosavljević,Bournemouth,False,,0
ENG-Premier League,2526,2026-03-15 Liverpool-Tottenham Hotspur,1,Alisson,Liverpool,True,GK,90
ENG-Premier League,2526,2026-03-15 Liverpool-Tottenham Hotspur,2,Joe Gomez,Liverpool,True,CB,90
ENG-Premier League,2526,2026-03-15 Liverpool-Tottenham Hotspur,4,Virgil van Dijk,Liverpool,True,CB,90
ENG-Premier League,2526,2026-03-15 Liverpool-Tottenham Hotspur,7,Florian Wirtz,Liverpool,True,AM,63
ENG-Premier League,2526,2026-03-15 Liverpool-Tottenham Hotspur,8,Dominik Szoboszlai,Liverpool,True,RB,90
ENG-Premier League,2526,2026-03-15 Liverpool-Tottenham Hotspur,10,Alexis Mac Allister,Liverpool,True,DM,89
ENG-Premier League,2526,2026-03-15 Liverpool-Tottenham Hotspur,18,Cody Gakpo,Liverpool,True,FW,82
ENG-Premier League,2526,2026-03-15 Liverpool-Tottenham Hotspur,26,Andrew Robertson,Liverpool,True,LB,90
ENG-Premier League,2526,2026-03-15 Liverpool-Tottenham Hotspur,30,Jeremie Frimpong,Liverpool,True,AM,63
ENG-Premier League,2526,2026-03-15 Liverpool-Tottenham Hotspur,38,Ryan Gravenberch,Liverpool,True,DM,90
ENG-Premier League,2526,2026-03-15 Liverpool-Tottenham Hotspur,73,Rio Ngumoha,Liverpool,True,AM,63
ENG-Premier League,2526,2026-03-15 Liverpool-Tottenham Hotspur,25,Giorgi Mamardashvili,Liverpool,False,,0
ENG-Premier League,2526,2026-03-15 Liverpool-Tottenham Hotspur,5,Ibrahima Konaté,Liverpool,False,,0
ENG-Premier League,2526,2026-03-15 Liverpool-Tottenham Hotspur,6,Milos Kerkez,Liverpool,False,,0
ENG-Premier League,2526,2026-03-15 Liverpool-Tottenham Hotspur,11,Mohamed Salah,Liverpool,False,"FW,MF",27
ENG-Premier League,2526,2026-03-15 Liverpool-Tottenham Hotspur,14,Federico Chiesa,Liverpool,False,"FW,MF",1
ENG-Premier League,2526,2026-03-15 Liverpool-Tottenham Hotspur,17,Curtis Jones,Liverpool,False,"FW,MF",27
ENG-Premier League,2526,2026-03-15 Liverpool-Tottenham Hotspur,22,Hugo Ekitike,Liverpool,False,FW,27
ENG-Premier League,2526,2026-03-15 Liverpool-Tottenham Hotspur,42,Trey Nyoni,Liverpool,False,MF,8
ENG-Premier League,2526,2026-03-15 Liverpool-Tottenham Hotspur,47,Calvin Ramsay,Liverpool,False,,0
ENG-Premier League,2526,2026-03-15 Liverpool-Tottenham Hotspur,1,Guglielmo Vicario,Tottenham Hotspur,True,GK,90
ENG-Premier League,2526,2026-03-15 Liverpool-Tottenham Hotspur,3,Radu Drăgușin,Tottenham Hotspur,True,CB,90
ENG-Premier League,2526,2026-03-15 Liverpool-Tottenham Hotspur,4,Kevin Danso,Tottenham Hotspur,True,CB,90
ENG-Premier League,2526,2026-03-15 Liverpool-Tottenham Hotspur,9,Richarlison,Tottenham Hotspur,True,FW,89
ENG-Premier League,2526,2026-03-15 Liverpool-Tottenham Hotspur,11,Mathys Tel,Tottenham Hotspur,True,LM,74
ENG-Premier League,2526,2026-03-15 Liverpool-Tottenham Hotspur,14,Archie Gray,Tottenham Hotspur,True,CM,90
ENG-Premier League,2526,2026-03-15 Liverpool-Tottenham Hotspur,19,Dominic Solanke,Tottenham Hotspur,True,FW,90
ENG-Premier League,2526,2026-03-15 Liverpool-Tottenham Hotspur,23,Pedro Porro,Tottenham Hotspur,True,RB,90
ENG-Premier League,2526,2026-03-15 Liverpool-Tottenham Hotspur,24,Djed Spence,Tottenham Hotspur,True,LB,75
ENG-Premier League,2526,2026-03-15 Liverpool-Tottenham Hotspur,29,Pape Matar Sarr,Tottenham Hotspur,True,CM,90
ENG-Premier League,2526,2026-03-15 Liverpool-Tottenham Hotspur,38,Souza,Tottenham Hotspur,True,RM,55
ENG-Premier League,2526,2026-03-15 Liverpool-Tottenham Hotspur,31,Antonín Kinský,Tottenham Hotspur,False,,0
ENG-Premier League,2526,2026-03-15 Liverpool-Tottenham Hotspur,40,Brandon Austin,Tottenham Hotspur,False,,0
ENG-Premier League,2526,2026-03-15 Liverpool-Tottenham Hotspur,7,Xavi Simons,Tottenham Hotspur,False,"FW,MF",35
ENG-Premier League,2526,2026-03-15 Liverpool-Tottenham Hotspur,39,Randal Kolo Muani,Tottenham Hotspur,False,"FW,MF",16
ENG-Premier League,2526,2026-03-15 Liverpool-Tottenham Hotspur,52,Callum Olusesi,Tottenham Hotspur,False,MF,15
ENG-Premier League,2526,2026-03-15 Liverpool-Tottenham Hotspur,76,James Rowswell,Tottenham Hotspur,False,DF,1
ENG-Premier League,2526,2026-03-15 Liverpool-Tottenham Hotspur,79,James Wilson,Tottenham Hotspur,False,,0
ENG-Premier League,2526,2025-12-03 Leeds United-Chelsea,1,Lucas Perri,Leeds United,True,GK,90
ENG-Premier League,2526,2025-12-03 Leeds United-Chelsea,2,Jayden Bogle,Leeds United,True,RM,86
ENG-Premier League,2526,2025-12-03 Leeds United-Chelsea,3,Gabriel Gudmundsson,Leeds United,True,LM,89
ENG-Premier League,2526,2025-12-03 Leeds United-Chelsea,4,Ethan Ampadu,Leeds United,True,CM,90
ENG-Premier League,2526,2025-12-03 Leeds United-Chelsea,5,Pascal Struijk,Leeds United,True,CB,90
ENG-Premier League,2526,2025-12-03 Leeds United-Chelsea,6,Joe Rodon,Leeds United,True,CB,90
ENG-Premier League,2526,2025-12-03 Leeds United-Chelsea,9,Dominic Calvert-Lewin,Leeds United,True,FW,85
ENG-Premier League,2526,2025-12-03 Leeds United-Chelsea,14,Lukas Nmecha,Leeds United,True,FW,66
ENG-Premier League,2526,2025-12-03 Leeds United-Chelsea,15,Jaka Bijol,Leeds United,True,CB,90
ENG-Premier League,2526,2025-12-03 Leeds United-Chelsea,18,Anton Stach,Leeds United,True,CM,90
ENG-Premier League,2526,2025-12-03 Leeds United-Chelsea,22,Ao Tanaka,Leeds United,True,CM,66
ENG-Premier League,2526,2025-12-03 Leeds United-Chelsea,26,Karl Darlow,Leeds United,False,,0
ENG-Premier League,2526,2025-12-03 Leeds United-Chelsea,10,Joël Piroe,Leeds United,False,"FW,MF",5
ENG-Premier League,2526,2025-12-03 Leeds United-Chelsea,11,Brenden Aaronson,Leeds United,False,,0
ENG-Premier League,2526,2025-12-03 Leeds United-Chelsea,19,Noah Okafor,Leeds United,False,"FW,MF",24
ENG-Premier League,2526,2025-12-03 Leeds United-Chelsea,20,Jack Harrison,Leeds United,False,,0
ENG-Premier League,2526,2025-12-03 Leeds United-Chelsea,23,Sebastiaan Bornauw,Leeds United,False,DF,1
ENG-Premier League,2526,2025-12-03 Leeds United-Chelsea,24,James Justin,Leeds United,False,"DF,MF",4
ENG-Premier League,2526,2025-12-03 Leeds United-Chelsea,29,Wilfried Gnonto,Leeds United,False,,0
ENG-Premier League,2526,2025-12-03 Leeds United-Chelsea,44,Ilia Gruev,Leeds United,False,MF,24
ENG-Premier League,2526,2025-12-03 Leeds United-Chelsea,1,Robert Sánchez,Chelsea,True,GK,90
ENG-Premier League,2526,2025-12-03 Leeds United-Chelsea,3,Marc Cucurella,Chelsea,True,LB,90
ENG-Premier League,2526,2025-12-03 Leeds United-Chelsea,4,Tosin Adarabioyo,Chelsea,True,CB,90
ENG-Premier League,2526,2025-12-03 Leeds United-Chelsea,5,Benoît Badiashile,Chelsea,True,CB,45
ENG-Premier League,2526,2025-12-03 Leeds United-Chelsea,8,Enzo Fernández,Chelsea,True,DM,90
ENG-Premier League,2526,2025-12-03 Leeds United-Chelsea,9,Liam Delap,Chelsea,True,FW,60
ENG-Premier League,2526,2025-12-03 Leeds United-Chelsea,11,Jamie Gittens,Chelsea,True,AM,60
ENG-Premier League,2526,2025-12-03 Leeds United-Chelsea,17,Andrey Santos,Chelsea,True,DM,76
ENG-Premier League,2526,2025-12-03 Leeds United-Chelsea,20,João Pedro,Chelsea,True,AM,90
ENG-Premier League,2526,2025-12-03 Leeds United-Chelsea,23,Trevoh Chalobah,Chelsea,True,RB,90
ENG-Premier League,2526,2025-12-03 Leeds United-Chelsea,41,Estêvão Willian,Chelsea,True,AM,45
ENG-Premier League,2526,2025-12-03 Leeds United-Chelsea,12,Filip Jørgensen,Chelsea,False,,0
ENG-Premier League,2526,2025-12-03 Leeds United-Chelsea,7,Pedro Neto,Chelsea,False,"FW,MF",45
ENG-Premier League,2526,2025-12-03 Leeds United-Chelsea,10,Cole Palmer,Chelsea,False,"FW,MF",30
ENG-Premier League,2526,2025-12-03 Leeds United-Chelsea,21,Jorrel Hato,Chelsea,False,,0
ENG-Premier League,2526,2025-12-03 Leeds United-Chelsea,24,Reece James,Chelsea,False,,0
ENG-Premier League,2526,2025-12-03 Leeds United-Chelsea,27,Malo Gusto,Chelsea,False,DF,45
ENG-Premier League,2526,2025-12-03 Leeds United-Chelsea,34,Joshua Acheampong,Chelsea,False,,0
ENG-Premier League,2526,2025-12-03 Leeds United-Chelsea,38,Marc Guiu,Chelsea,False,FW,14
ENG-Premier League,2526,2025-12-03 Leeds United-Chelsea,49,Alejandro Garnacho,Chelsea,False,MF,30
ENG-Premier League,2526,2025-08-17 Manchester Utd-Arsenal,1,Altay Bayındır,Manchester United,True,GK,90
ENG-Premier League,2526,2025-08-17 Manchester Utd-Arsenal,2,Diogo Dalot,Manchester United,True,DM,54
ENG-Premier League,2526,2025-08-17 Manchester Utd-Arsenal,4,Matthijs de Ligt,Manchester United,True,CB,90
ENG-Premier League,2526,2025-08-17 Manchester Utd-Arsenal,7,Mason Mount,Manchester United,True,AM,64
ENG-Premier League,2526,2025-08-17 Manchester Utd-Arsenal,8,Bruno Fernandes,Manchester United,True,DM,90
ENG-Premier League,2526,2025-08-17 Manchester Utd-Arsenal,10,Matheus Cunha,Manchester United,True,FW,90
ENG-Premier League,2526,2025-08-17 Manchester Utd-Arsenal,13,Patrick Dorgu,Manchester United,True,DM,90
ENG-Premier League,2526,2025-08-17 Manchester Utd-Arsenal,15,Leny Yoro,Manchester United,True,CB,90
ENG-Premier League,2526,2025-08-17 Manchester Utd-Arsenal,18,Casemiro,Manchester United,True,DM,64
ENG-Premier League,2526,2025-08-17 Manchester Utd-Arsenal,19,Bryan Mbeumo,Manchester United,True,AM,90
ENG-Premier League,2526,2025-08-17 Manchester Utd-Arsenal,23,Luke Shaw,Manchester United,True,CB,79
ENG-Premier League,2526,2025-08-17 Manchester Utd-Arsenal,22,Tom Heaton,Manchester United,False,,0
ENG-Premier League,2526,2025-08-17 Manchester Utd-Arsenal,5,Harry Maguire,Manchester United,False,DF,11
ENG-Premier League,2526,2025-08-17 Manchester Utd-Arsenal,11,Joshua Zirkzee,Manchester United,False,,0
ENG-Premier League,2526,2025-08-17 Manchester Utd-Arsenal,16,Amad Diallo,Manchester United,False,"FW,MF",36
ENG-Premier League,2526,2025-08-17 Manchester Utd-Arsenal,25,Manuel Ugarte,Manchester United,False,MF,26
ENG-Premier League,2526,2025-08-17 Manchester Utd-Arsenal,26,Ayden Heaven,Manchester United,False,,0
ENG-Premier League,2526,2025-08-17 Manchester Utd-Arsenal,30,Benjamin Šeško,Manchester United,False,FW,26
ENG-Premier League,2526,2025-08-17 Manchester Utd-Arsenal,33,Tyler Fredricson,Manchester United,False,,0
ENG-Premier League,2526,2025-08-17 Manchester Utd-Arsenal,37,Kobbie Mainoo,Manchester United,False,,0
ENG-Premier League,2526,2025-08-17 Manchester Utd-Arsenal,1,David Raya,Arsenal,True,GK,90
ENG-Premier League,2526,2025-08-17 Manchester Utd-Arsenal,2,William Saliba,Arsenal,True,CB,90
ENG-Premier League,2526,2025-08-17 Manchester Utd-Arsenal,4,Ben White,Arsenal,True,RB,70
ENG-Premier League,2526,2025-08-17 Manchester Utd-Arsenal,6,Gabriel Magalhães,Arsenal,True,CB,90
ENG-Premier League,2526,2025-08-17 Manchester Utd-Arsenal,7,Bukayo Saka,Arsenal,True,FW,90
ENG-Premier League,2526,2025-08-17 Manchester Utd-Arsenal,8,Martin Ødegaard,Arsenal,True,CM,90
ENG-Premier League,2526,2025-08-17 Manchester Utd-Arsenal,11,Gabriel Martinelli,Arsenal,True,FW,59
ENG-Premier League,2526,2025-08-17 Manchester Utd-Arsenal,14,Viktor Gyökeres,Arsenal,True,FW,59
ENG-Premier League,2526,2025-08-17 Manchester Utd-Arsenal,33,Riccardo Calafiori,Arsenal,True,LB,71
ENG-Premier League,2526,2025-08-17 Manchester Utd-Arsenal,36,Martín Zubimendi,Arsenal,True,CM,90
ENG-Premier League,2526,2025-08-17 Manchester Utd-Arsenal,41,Declan Rice,Arsenal,True,CM,82
ENG-Premier League,2526,2025-08-17 Manchester Utd-Arsenal,13,Kepa Arrizabalaga,Arsenal,False,,0
ENG-Premier League,2526,2025-08-17 Manchester Utd-Arsenal,3,Cristhian Mosquera,Arsenal,False,,0
ENG-Premier League,2526,2025-08-17 Manchester Utd-Arsenal,12,Jurriën Timber,Arsenal,False,DF,20
ENG-Premier League,2526,2025-08-17 Manchester Utd-Arsenal,19,Leandro Trossard,Arsenal,False,,0
ENG-Premier League,2526,2025-08-17 Manchester Utd-Arsenal,20,Noni Madueke,Arsenal,False,"FW,MF",31
ENG-Premier League,2526,2025-08-17 Manchester Utd-Arsenal,22,Ethan Nwaneri,Arsenal,False,,0
ENG-Premier League,2526,2025-08-17 Manchester Utd-Arsenal,23,Mikel Merino,Arsenal,False,MF,8
ENG-Premier League,2526,2025-08-17 Manchester Utd-Arsenal,29,Kai Havertz,Arsenal,False,"FW,MF",31
ENG-Premier League,2526,2025-08-17 Manchester Utd-Arsenal,49,Myles Lewis-Skelly,Arsenal,False,DF,19
ENG-Premier League,2526,2026-01-07 Everton-Wolves,1,Jordan Pickford,Everton,True,GK,90
ENG-Premier League,2526,2026-01-07 Everton-Wolves,5,Michael Keane,Everton,True,CB,82
ENG-Premier League,2526,2026-01-07 Everton-Wolves,6,James Tarkowski,Everton,True,CB,90
ENG-Premier League,2526,2026-01-07 Everton-Wolves,7,Dwight McNeil,Everton,True,FW,89
ENG-Premier League,2526,2026-01-07 Everton-Wolves,11,Thierno Barry,Everton,True,FW,86
ENG-Premier League,2526,2026-01-07 Everton-Wolves,15,Jake O'Brien,Everton,True,RB,90
ENG-Premier League,2526,2026-01-07 Everton-Wolves,16,Vitaliy Mykolenko,Everton,True,LB,90
ENG-Premier League,2526,2026-01-07 Everton-Wolves,18,Jack Grealish,Everton,True,FW,89
ENG-Premier League,2526,2026-01-07 Everton-Wolves,37,James Garner,Everton,True,CM,90
ENG-Premier League,2526,2026-01-07 Everton-Wolves,42,Tim Iroegbunam,Everton,True,CM,90
ENG-Premier League,2526,2026-01-07 Everton-Wolves,45,Harrison Armstrong,Everton,True,CM,86
ENG-Premier League,2526,2026-01-07 Everton-Wolves,12,Mark Travers,Everton,False,,0
ENG-Premier League,2526,2026-01-07 Everton-Wolves,31,Tom King,Everton,False,,0
ENG-Premier League,2526,2026-01-07 Everton-Wolves,2,Nathan Patterson,Everton,False,DF,4
ENG-Premier League,2526,2026-01-07 Everton-Wolves,9,Beto,Everton,False,FW,4
ENG-Premier League,2526,2026-01-07 Everton-Wolves,20,Tyler Dibling,Everton,False,,0
ENG-Premier League,2526,2026-01-07 Everton-Wolves,34,Merlin Röhl,Everton,False,MF,1
ENG-Premier League,2526,2026-01-07 Everton-Wolves,39,Adam Aznou,Everton,False,,0
ENG-Premier League,2526,2026-01-07 Everton-Wolves,64,Reece Welch,Everton,False,,0
ENG-Premier League,2526,2026-01-07 Everton-Wolves,73,Elijah Campbell,Everton,False,,0
ENG-Premier League,2526,2026-01-07 Everton-Wolves,1,José Sá,Wolverhampton Wanderers,True,GK,90
ENG-Premier League,2526,2026-01-07 Everton-Wolves,3,Hugo Bueno,Wolverhampton Wanderers,True,LM,90
ENG-Premier League,2526,2026-01-07 Everton-Wolves,4,Santiago Bueno,Wolverhampton Wanderers,True,CB,90
ENG-Premier League,2526,2026-01-07 Everton-Wolves,8,João Gomes,Wolverhampton Wanderers,True,CM,90
ENG-Premier League,2526,2026-01-07 Everton-Wolves,10,Jhon Arias,Wolverhampton Wanderers,True,CM,45
ENG-Premier League,2526,2026-01-07 Everton-Wolves,11,Hwang Hee-chan,Wolverhampton Wanderers,True,FW,89
ENG-Premier League,2526,2026-01-07 Everton-Wolves,14,Tolu Arokodare,Wolverhampton Wanderers,True,FW,90
ENG-Premier League,2526,2026-01-07 Everton-Wolves,15,Yerson Mosquera,Wolverhampton Wanderers,True,CB,90
ENG-Premier League,2526,2026-01-07 Everton-Wolves,36,Mateus Mane,Wolverhampton Wanderers,True,CM,90
ENG-Premier League,2526,2026-01-07 Everton-Wolves,37,Ladislav Krejčí,Wolverhampton Wanderers,True,CB,66
ENG-Premier League,2526,2026-01-07 Everton-Wolves,38,Jackson Tchatchoua,Wolverhampton Wanderers,True,RM,90
ENG-Premier League,2526,2026-01-07 Everton-Wolves,31,Sam Johnstone,Wolverhampton Wanderers,False,,0
ENG-Premier League,2526,2026-01-07 Everton-Wolves,2,Matt Doherty,Wolverhampton Wanderers,False,,0
ENG-Premier League,2526,2026-01-07 Everton-Wolves,6,David Møller Wolfe,Wolverhampton Wanderers,False,,0
ENG-Premier League,2526,2026-01-07 Everton-Wolves,7,André,Wolverhampton Wanderers,False,MF,45
ENG-Premier League,2526,2026-01-07 Everton-Wolves,9,Jørgen Strand Larsen,Wolverhampton Wanderers,False,FW,24
ENG-Premier League,2526,2026-01-07 Everton-Wolves,17,Pedro Lima,Wolverhampton Wanderers,False,DF,1
ENG-Premier League,2526,2026-01-07 Everton-Wolves,23,Tawanda Chirewa,Wolverhampton Wanderers,False,,0
ENG-Premier League,2526,2026-01-07 Everton-Wolves,28,Fer López,Wolverhampton Wanderers,False,,0
ENG-Premier League,2526,2026-01-07 Everton-Wolves,57,Temple Ojinnaka,Wolverhampton Wanderers,False,,0
