league,season,game,team,minute,score,player1,player2,event_type
ENG-Premier League,2526,2026-01-24 West Ham United-Sunderland,West Ham United,14’,1:0,Crysencio Summerville,Jarrod Bowen,goal
ENG-Premier League,2526,2026-01-24 West Ham United-Sunderland,West Ham United,28’,2:0,Jarrod Bowen,,penalty_goal
ENG-Premier League,2526,2026-01-24 West Ham United-Sunderland,Sunderland,30’,2:0,Daniel Ballard,,yellow_card
ENG-Premier League,2526,2026-01-24 West Ham United-Sunderland,Sunderland,35’,2:0,Reinildo Mandava,,yellow_card
ENG-Premier League,2526,2026-01-24 West Ham United-Sunderland,West Ham United,43’,3:0,Mateus Fernandes,,goal
ENG-Premier League,2526,2026-01-24 West Ham United-Sunderland,Sunderland,46’,3:0,Chemsdine Talbi,Romaine Mundle,substitute_in
ENG-Premier League,2526,2026-01-24 West Ham United-Sunderland,Sunderland,46’,3:0,Dennis Cirkin,Reinildo Mandava,substitute_in
ENG-Premier League,2526,2026-01-24 West Ham United-Sunderland,Sunderland,46’,3:0,Habib Diarra,Trai Hume,substitute_in
ENG-Premier League,2526,2026-01-24 West Ham United-Sunderland,Sunderland,66’,3:1,Brian Brobbey,Nordi Mukiele,goal
ENG-Premier League,2526,2026-01-24 West Ham United-Sunderland,West Ham United,70’,3:1,El Hadji Malick Diouf,Oliver Scarles,substitute_in
ENG-Premier League,2526,2026-01-24 West Ham United-Sunderland,West Ham United,70’,3:1,Callum Wilson,Pablo,substitute_in
ENG-Premier League,2526,2026-01-24 West Ham United-Sunderland,West Ham United,71’,3:1,Valentín Castellanos,,yellow_card
ENG-Premier League,2526,2026-01-24 West Ham United-Sunderland,West Ham United,75’,3:1,Freddie Potts,Valentín Castellanos,substitute_in
ENG-Premier League,2526,2026-01-24 West Ham United-Sunderland,Sunderland,75’,3:1,Wilson Isidor,Eliezer Mayenda,substitute_in
ENG-Premier League,2526,2026-01-24 West Ham United-Sunderland,Sunderland,80’,3:1,Noah Sadiki,,yellow_card
ENG-Premier League,2526,2026-01-24 West Ham United-Sunderland,Sunderland,83’,3:1,Luke O'Nien,Nordi Mukiele,substitute_in
ENG-Premier League,2526,2026-01-24 West Ham United-Sunderland,Sunderland,88’,3:1,Habib Diarra,,yellow_card
ENG-Premier League,2526,2026-01-24 West Ham United-Sunderland,West Ham United,90+1’,3:1,Mateus Fernandes,,yellow_card
ENG-Premier League,2526,2026-01-24 West Ham United-Sunderland,West Ham United,90+3’,3:1,Max Kilman,Crysencio Summerville,substitute_in
ENG-Premier League,2526,2025-08-30 Manchester Utd-Burnley,Manchester United,27’,1:0,Josh Cullen,,own_goal
ENG-Premier League,2526,2025-08-30 Manchester Utd-Burnley,Manchester United,31’,1:0,Joshua Zirkzee,Matheus Cunha,substitute_in
ENG-Premier League,2526,2025-08-30 Manchester Utd-Burnley,Manchester United,46’,1:0,Kobbie Mainoo,Mason Mount,substitute_in
ENG-Premier League,2526,2025-08-30 Manchester Utd-Burnley,Burnley,55’,1:1,Lyle Foster,Jacob Bruun Larsen,goal
ENG-Premier League,2526,2025-08-30 Manchester Utd-Burnley,Manchester United,57’,2:1,Bryan Mbeumo,Diogo Dalot,goal
ENG-Premier League,2526,2025-08-30 Manchester Utd-Burnley,Burnley,65’,2:1,Loum Tchaouna,Hannibal Mejbri,substitute_in
ENG-Premier League,2526,2025-08-30 Manchester Utd-Burnley,Burnley,66’,2:2,Jaidon Anthony,,goal
ENG-Premier League,2526,2025-08-30 Manchester Utd-Burnley,Manchester United,72’,2:2,Benjamin Šeško,Casemiro,substitute_in
ENG-Premier League,2526,2025-08-30 Manchester Utd-Burnley,Burnley,76’,2:2,Josh Laurent,Lesley Ugochukwu,substitute_in
ENG-Premier League,2526,2025-08-30 Manchester Utd-Burnley,Manchester United,76’,2:2,Bruno Fernandes,,yellow_card
ENG-Premier League,2526,2025-08-30 Manchester Utd-Burnley,Burnley,82’,2:2,Oliver Sonne,Jacob Bruun Larsen,substitute_in
ENG-Premier League,2526,2025-08-30 Manchester Utd-Burnley,Burnley,83’,2:2,Joe Worrall,Hjalmar Ekdal,substitute_in
ENG-Premier League,2526,2025-08-30 Manchester Utd-Burnley,Manchester United,85’,2:2,Noussair Mazraoui,Leny Yoro,substitute_in
ENG-Premier League,2526,2025-08-30 Manchester Utd-Burnley,Burnley,89’,2:2,Loum Tchaouna,,yellow_card
ENG-Premier League,2526,2025-08-30 Manchester Utd-Burnley,Burnley,90+4’,2:2,Jaidon Anthony,,yellow_card
ENG-Premier League,2526,2025-08-30 Manchester Utd-Burnley,Burnley,90+6’,2:2,Lyle Foster,,yellow_card
ENG-Premier League,2526,2025-08-30 Manchester Utd-Burnley,Manchester United,90+7’,3:2,Bruno Fernandes,,penalty_goal
ENG-Premier League,2526,2025-08-30 Manchester Utd-Burnley,Burnley,90+7’,3:2,Josh Laurent,,yellow_card
ENG-Premier League,2526,2025-08-30 Manchester Utd-Burnley,Burnley,90+7’,3:2,Kyle Walker,,yellow_card
ENG-Premier League,2526,2026-02-27 Wolves-Aston Villa,Wolverhampton Wanderers,45+1’,0:0,Yerson Mosquera,,yellow_card
ENG-Premier League,2526,2026-02-27 Wolves-Aston Villa,Wolverhampton Wanderers,51’,0:0,Adam Armstrong,,yellow_card
ENG-Premier League,2526,2026-02-27 Wolves-Aston Villa,Aston Villa,54’,0:0,Emi Buendía,,yellow_card
ENG-Premier League,2526,2026-02-27 Wolves-Aston Villa,Wolverhampton Wanderers,58’,0:0,Jean-Ricner Bellegarde,,yellow_card
ENG-Premier League,2526,2026-02-27 Wolves-Aston Villa,Aston Villa,60’,0:0,Leon Bailey,Jadon Sancho,substitute_in
ENG-Premier League,2526,2026-02-27 Wolves-Aston Villa,Aston Villa,60’,0:0,Ross Barkley,Douglas Luiz,substitute_in
ENG-Premier League,2526,2026-02-27 Wolves-Aston Villa,Wolverhampton Wanderers,61’,1:0,João Gomes,Adam Armstrong,goal
ENG-Premier League,2526,2026-02-27 Wolves-Aston Villa,Aston Villa,70’,1:0,Ian Maatsen,Lucas Digne,substitute_in
ENG-Premier League,2526,2026-02-27 Wolves-Aston Villa,Aston Villa,70’,1:0,Tammy Abraham,Emi Buendía,substitute_in
ENG-Premier League,2526,2026-02-27 Wolves-Aston Villa,Aston Villa,75’,1:0,Leon Bailey,,yellow_card
ENG-Premier League,2526,2026-02-27 Wolves-Aston Villa,Wolverhampton Wanderers,81’,1:0,Tolu Arokodare,Jean-Ricner Bellegarde,substitute_in
ENG-Premier League,2526,2026-02-27 Wolves-Aston Villa,Aston Villa,86’,1:0,Alysson Edward,Ollie Watkins,substitute_in
ENG-Premier League,2526,2026-02-27 Wolves-Aston Villa,Wolverhampton Wanderers,89’,1:0,Angel Gomes,André,substitute_in
ENG-Premier League,2526,2026-02-27 Wolves-Aston Villa,Aston Villa,90+2’,1:0,Matty Cash,,yellow_card
ENG-Premier League,2526,2026-02-27 Wolves-Aston Villa,Wolverhampton Wanderers,90+3’,1:0,Rodrigo Gomes,Adam Armstrong,substitute_in
ENG-Premier League,2526,2026-02-27 Wolves-Aston Villa,Wolverhampton Wanderers,90+8’,2:0,Rodrigo Gomes,,goal
ENG-Premier League,2526,2026-01-07 Manchester City-Brighton,Brighton & Hove Albion,29’,0:0,Lewis Dunk,,yellow_card
ENG-Premier League,2526,2026-01-07 Manchester City-Brighton,Manchester City,41’,1:0,Erling Haaland,,penalty_goal
ENG-Premier League,2526,2026-01-07 Manchester City-Brighton,Brighton & Hove Albion,41’,1:0,Pascal Groß,,yellow_card
ENG-Premier League,2526,2026-01-07 Manchester City-Brighton,Brighton & Hove Albion,53’,1:0,Jan Paul van Hecke,,yellow_card
ENG-Premier League,2526,2026-01-07 Manchester City-Brighton,Manchester City,60’,1:1,Gianluigi Donnarumma,,yellow_card
ENG-Premier League,2526,2026-01-07 Manchester City-Brighton,Brighton & Hove Albion,60’,1:1,Kaoru Mitoma,Yasin Ayari,goal
ENG-Premier League,2526,2026-01-07 Manchester City-Brighton,Brighton & Hove Albion,61’,1:1,Maxim De Cuyper,,yellow_card
ENG-Premier League,2526,2026-01-07 Manchester City-Brighton,Manchester City,64’,1:1,Rodri,Nicolás González,substitute_in
ENG-Premier League,2526,2026-01-07 Manchester City-Brighton,Brighton & Hove Albion,69’,1:1,Kaoru Mitoma,,yellow_card
ENG-Premier League,2526,2026-01-07 Manchester City-Brighton,Manchester City,73’,1:1,Rico Lewis,Matheus Nunes,substitute_in
ENG-Premier League,2526,2026-01-07 Manchester City-Brighton,Manchester City,73’,1:1,Rayan Cherki,Phil Foden,substitute_in
ENG-Premier League,2526,2026-01-07 Manchester City-Brighton,Manchester City,73’,1:1,Nico O’Reilly,Nathan Aké,substitute_in
ENG-Premier League,2526,2026-01-07 Manchester City-Brighton,Brighton & Hove Albion,77’,1:1,Danny Welbeck,Georginio Rutter,substitute_in
ENG-Premier League,2526,2026-01-07 Manchester City-Brighton,Brighton & Hove Albion,77’,1:1,Brajan Gruda,Diego Gómez,substitute_in
ENG-Premier League,2526,2026-01-07 Manchester City-Brighton,Brighton & Hove Albion,83’,1:1,James Milner,Yasin Ayari,substitute_in
ENG-Premier League,2526,2026-01-07 Manchester City-Brighton,Brighton & Hove Albion,83’,1:1,Tom Watson,Kaoru Mitoma,substitute_in
ENG-Premier League,2526,2026-01-07 Manchester City-Brighton,Brighton & Hove Albion,89’,1:1,Tom Watson,,yellow_card
ENG-Premier League,2526,2025-11-01 Fulham-Wolves,Wolverhampton Wanderers,36’,1:0,Emmanuel Agbadou,,red_card
ENG-Premier League,2526,2025-11-01 Fulham-Wolves,Wolverhampton Wanderers,40’,1:0,Toti Gomes,,yellow_card
ENG-Premier League,2526,2025-11-01 Fulham-Wolves,Wolverhampton Wanderers,46’,1:0,Yerson Mosquera,Toti Gomes,substitute_in
ENG-Premier League,2526,2025-11-01 Fulham-Wolves,Wolverhampton Wanderers,46’,1:0,Jackson Tchatchoua,Ki-Jana Hoever,substitute_in
ENG-Premier League,2526,2025-11-01 Fulham-Wolves,Wolverhampton Wanderers,46’,1:0,João Gomes,Jhon Arias,substitute_in
ENG-Premier League,2526,2025-11-01 Fulham-Wolves,Fulham,62’,2:0,Harry Wilson,,goal
ENG-Premier League,2526,2025-11-01 Fulham-Wolves,Wolverhampton Wanderers,64’,2:0,Tolu Arokodare,Jean-Ricner Bellegarde,substitute_in
ENG-Premier League,2526,2025-11-01 Fulham-Wolves,Fulham,72’,2:0,Rodrigo Muniz,Raúl Jiménez,substitute_in
ENG-Premier League,2526,2025-11-01 Fulham-Wolves,Fulham,72’,2:0,Emile Smith Rowe,Kevin,substitute_in
ENG-Premier League,2526,2025-11-01 Fulham-Wolves,Fulham,72’,2:0,Tom Cairney,Joshua King,substitute_in
ENG-Premier League,2526,2025-11-01 Fulham-Wolves,Wolverhampton Wanderers,74’,2:0,Yerson Mosquera,,yellow_card
ENG-Premier League,2526,2025-11-01 Fulham-Wolves,Fulham,75’,3:0,Yerson Mosquera,,own_goal
ENG-Premier League,2526,2025-11-01 Fulham-Wolves,Wolverhampton Wanderers,76’,3:0,André,Jørgen Strand Larsen,substitute_in
ENG-Premier League,2526,2025-11-01 Fulham-Wolves,Fulham,77’,3:0,Samuel Chukwueze,Harry Wilson,substitute_in
ENG-Premier League,2526,2025-11-01 Fulham-Wolves,Wolverhampton Wanderers,84’,3:0,Santiago Bueno,,yellow_card
ENG-Premier League,2526,2025-11-01 Fulham-Wolves,Fulham,89’,3:0,Adama Traoré,Alex Iwobi,substitute_in
ENG-Premier League,2526,2025-11-01 Fulham-Wolves,Fulham,90+3’,3:0,Sander Berge,,yellow_card
ENG-Premier League,2526,2025-11-01 Fulham-Wolves,Fulham,9’,1:0,Ryan Sessegnon,Raúl Jiménez,goal
ENG-Premier League,2526,2026-03-01 Brighton-Nottingham Forest,Nottingham Forest,13’,1:1,Morgan Gibbs-White,Igor Jesus,goal
ENG-Premier League,2526,2026-03-01 Brighton-Nottingham Forest,Brighton & Hove Albion,15’,2:1,Danny Welbeck,Jack Hinshelwood,goal
ENG-Premier League,2526,2026-03-01 Brighton-Nottingham Forest,Nottingham Forest,30’,2:1,Elliot Anderson,,yellow_card
ENG-Premier League,2526,2026-03-01 Brighton-Nottingham Forest,Brighton & Hove Albion,55’,2:1,Mats Wieffer,,yellow_card
ENG-Premier League,2526,2026-03-01 Brighton-Nottingham Forest,Nottingham Forest,56’,2:1,Luca Netz,Neco Williams,substitute_in
ENG-Premier League,2526,2026-03-01 Brighton-Nottingham Forest,Nottingham Forest,56’,2:1,Jair Cunha,Omari Hutchinson,substitute_in
ENG-Premier League,2526,2026-03-01 Brighton-Nottingham Forest,Brighton & Hove Albion,6’,1:0,Diego Gómez,Pascal Groß,goal
ENG-Premier League,2526,2026-03-01 Brighton-Nottingham Forest,Brighton & Hove Albion,71’,2:1,Joël Veltman,Mats Wieffer,substitute_in
ENG-Premier League,2526,2026-03-01 Brighton-Nottingham Forest,Nottingham Forest,74’,2:1,Dilane Bakwa,Callum Hudson-Odoi,substitute_in
ENG-Premier League,2526,2026-03-01 Brighton-Nottingham Forest,Nottingham Forest,83’,2:1,Dan Ndoye,Ola Aina,substitute_in
ENG-Premier League,2526,2026-03-01 Brighton-Nottingham Forest,Nottingham Forest,83’,2:1,Taiwo Awoniyi,Igor Jesus,substitute_in
ENG-Premier League,2526,2026-03-01 Brighton-Nottingham Forest,Brighton & Hove Albion,84’,2:1,Kaoru Mitoma,,yellow_card
ENG-Premier League,2526,2026-03-01 Brighton-Nottingham Forest,Brighton & Hove Albion,86’,2:1,Solly March,Diego Gómez,substitute_in
ENG-Premier League,2526,2026-03-01 Brighton-Nottingham Forest,Brighton & Hove Albion,86’,2:1,Carlos Baleba,James Milner,substitute_in
ENG-Premier League,2526,2026-03-01 Brighton-Nottingham Forest,Brighton & Hove Albion,90+1’,2:1,Maxim De Cuyper,Kaoru Mitoma,substitute_in
ENG-Premier League,2526,2026-03-01 Brighton-Nottingham Forest,Brighton & Hove Albion,90+3’,2:1,Lewis Dunk,,yellow_card
ENG-Premier League,2526,2025-10-26 Bournemouth-Nottingham Forest,Bournemouth,18’,0:0,Justin Kluivert,,yellow_card
ENG-Premier League,2526,2025-10-26 Bournemouth-Nottingham Forest,Nottingham Forest,18’,0:0,Douglas Luiz,,yellow_card
ENG-Premier League,2526,2025-10-26 Bournemouth-Nottingham Forest,Bournemouth,25’,1:0,Marcus Tavernier,,goal
ENG-Premier League,2526,2025-10-26 Bournemouth-Nottingham Forest,Bournemouth,40’,2:0,Eli Junior Kroupi,Tyler Adams,goal
ENG-Premier League,2526,2025-10-26 Bournemouth-Nottingham Forest,Nottingham Forest,46’,2:0,Ryan Yates,Douglas Luiz,substitute_in
ENG-Premier League,2526,2025-10-26 Bournemouth-Nottingham Forest,Nottingham Forest,46’,2:0,Taiwo Awoniyi,Igor Jesus,substitute_in
ENG-Premier League,2526,2025-10-26 Bournemouth-Nottingham Forest,Nottingham Forest,46’,2:0,Omari Hutchinson,Callum Hudson-Odoi,substitute_in
ENG-Premier League,2526,2025-10-26 Bournemouth-Nottingham Forest,Bournemouth,63’,2:0,Marcos Senesi,,yellow_card
ENG-Premier League,2526,2025-10-26 Bournemouth-Nottingham Forest,Bournemouth,69’,2:0,Amine Adli,Eli Junior Kroupi,substitute_in
ENG-Premier League,2526,2025-10-26 Bournemouth-Nottingham Forest,Bournemouth,69’,2:0,David Brooks,Justin Kluivert,substitute_in
ENG-Premier League,2526,2025-10-26 Bournemouth-Nottingham Forest,Bournemouth,80’,2:0,Ryan Christie,Alex Scott,substitute_in
ENG-Premier League,2526,2025-10-26 Bournemouth-Nottingham Forest,Nottingham Forest,83’,2:0,Nicolás Domínguez,Dan Ndoye,substitute_in
ENG-Premier League,2526,2025-10-26 Bournemouth-Nottingham Forest,Bournemouth,87’,2:0,David Brooks,,yellow_card
ENG-Premier League,2526,2025-10-26 Bournemouth-Nottingham Forest,Nottingham Forest,89’,2:0,Arnaud Kalimuendo,Morgan Gibbs-White,substitute_in
ENG-Premier League,2526,2025-10-26 Bournemouth-Nottingham Forest,Bournemouth,90+2’,2:0,Lewis Cook,Marcus Tavernier,substitute_in
ENG-Premier League,2526,2025-10-26 Bournemouth-Nottingham Forest,Bournemouth,90+2’,2:0,Enes Ünal,Antoine Semenyo,substitute_in
ENG-Premier League,2526,2026-01-04 Tottenham Hotspur-Sunderland,Tottenham Hotspur,19’,0:0,Randal Kolo Muani,Mohammed Kudus,substitute_in
ENG-Premier League,2526,2026-01-04 Tottenham Hotspur-Sunderland,Tottenham Hotspur,30’,1:0,Ben Davies,Micky van de Ven,goal
ENG-Premier League,2526,2026-01-04 Tottenham Hotspur-Sunderland,Sunderland,47’,1:0,Dennis Cirkin,,yellow_card
ENG-Premier League,2526,2026-01-04 Tottenham Hotspur-Sunderland,Sunderland,50’,1:0,Omar Alderete,,yellow_card
ENG-Premier League,2526,2026-01-04 Tottenham Hotspur-Sunderland,Sunderland,59’,1:0,Romaine Mundle,Dennis Cirkin,substitute_in
ENG-Premier League,2526,2026-01-04 Tottenham Hotspur-Sunderland,Sunderland,60’,1:0,Enzo Le Fée,,yellow_card
ENG-Premier League,2526,2026-01-04 Tottenham Hotspur-Sunderland,Sunderland,66’,1:0,Daniel Ballard,Simon Adingra,substitute_in
ENG-Premier League,2526,2026-01-04 Tottenham Hotspur-Sunderland,Tottenham Hotspur,72’,1:0,João Palhinha,Archie Gray,substitute_in
ENG-Premier League,2526,2026-01-04 Tottenham Hotspur-Sunderland,Tottenham Hotspur,72’,1:0,Lucas Bergvall,Wilson Odobert,substitute_in
ENG-Premier League,2526,2026-01-04 Tottenham Hotspur-Sunderland,Sunderland,80’,1:1,Brian Brobbey,Enzo Le Fée,goal
ENG-Premier League,2526,2026-01-04 Tottenham Hotspur-Sunderland,Sunderland,82’,1:1,Chris Rigg,Eliezer Mayenda,substitute_in
ENG-Premier League,2526,2026-01-04 Tottenham Hotspur-Sunderland,Tottenham Hotspur,83’,1:1,Rodrigo Bentancur,,yellow_card
ENG-Premier League,2526,2026-01-04 Tottenham Hotspur-Sunderland,Tottenham Hotspur,88’,1:1,Dane Scarlett,Mathys Tel,substitute_in
ENG-Premier League,2526,2026-01-04 Tottenham Hotspur-Sunderland,Tottenham Hotspur,88’,1:1,Djed Spence,Ben Davies,substitute_in
ENG-Premier League,2526,2026-01-04 Tottenham Hotspur-Sunderland,Tottenham Hotspur,90+6’,1:1,João Palhinha,,yellow_card
ENG-Premier League,2526,2025-08-18 Leeds United-Everton,Everton,56’,0:0,Tim Iroegbunam,,yellow_card
ENG-Premier League,2526,2025-08-18 Leeds United-Everton,Everton,63’,0:0,Carlos Alcaraz,,yellow_card
ENG-Premier League,2526,2025-08-18 Leeds United-Everton,Leeds United,67’,0:0,Brenden Aaronson,Wilfried Gnonto,substitute_in
ENG-Premier League,2526,2025-08-18 Leeds United-Everton,Everton,71’,0:0,Jack Grealish,Tim Iroegbunam,substitute_in
ENG-Premier League,2526,2025-08-18 Leeds United-Everton,Leeds United,78’,0:0,Ilia Gruev,Ethan Ampadu,substitute_in
ENG-Premier League,2526,2025-08-18 Leeds United-Everton,Leeds United,78’,0:0,Jack Harrison,Daniel James,substitute_in
ENG-Premier League,2526,2025-08-18 Leeds United-Everton,Leeds United,78’,0:0,Lukas Nmecha,Joël Piroe,substitute_in
ENG-Premier League,2526,2025-08-18 Leeds United-Everton,Leeds United,84’,1:0,Lukas Nmecha,,penalty_goal
ENG-Premier League,2526,2025-08-18 Leeds United-Everton,Everton,86’,1:0,Thierno Barry,Carlos Alcaraz,substitute_in
ENG-Premier League,2526,2025-08-18 Leeds United-Everton,Leeds United,90+4’,1:0,Sean Longstaff,Ao Tanaka,substitute_in
ENG-Premier League,2526,2026-03-14 Arsenal-Everton,Arsenal,38’,0:0,Cristhian Mosquera,Jurriën Timber,substitute_in
ENG-Premier League,2526,2026-03-14 Arsenal-Everton,Arsenal,61’,0:0,Viktor Gyökeres,Kai Havertz,substitute_in
ENG-Premier League,2526,2026-03-14 Arsenal-Everton,Arsenal,61’,0:0,Gabriel Martinelli,Noni Madueke,substitute_in
ENG-Premier League,2526,2026-03-14 Arsenal-Everton,Everton,69’,0:0,Thierno Barry,Beto,substitute_in
ENG-Premier League,2526,2026-03-14 Arsenal-Everton,Arsenal,74’,0:0,Max Dowman,Martín Zubimendi,substitute_in
ENG-Premier League,2526,2026-03-14 Arsenal-Everton,Arsenal,74’,0:0,Piero Hincapié,Riccardo Calafiori,substitute_in
ENG-Premier League,2526,2026-03-14 Arsenal-Everton,Everton,86’,0:0,Merlin Röhl,Tim Iroegbunam,substitute_in
ENG-Premier League,2526,2026-03-14 Arsenal-Everton,Everton,86’,0:0,Harrison Armstrong,Dwight McNeil,substitute_in
ENG-Premier League,2526,2026-03-14 Arsenal-Everton,Arsenal,89’,1:0,Viktor Gyökeres,Piero Hincapié,goal
ENG-Premier League,2526,2026-03-14 Arsenal-Everton,Everton,90+5’,1:0,Tyrique George,Idrissa Gana Gueye,substitute_in
ENG-Premier League,2526,2026-03-14 Arsenal-Everton,Arsenal,90+7’,2:0,Max Dowman,Gabriel Martinelli,goal
ENG-Premier League,2526,2026-01-01 Crystal Palace-Fulham,Fulham,19’,0:0,Jorge Cuenca,,yellow_card
ENG-Premier League,2526,2026-01-01 Crystal Palace-Fulham,Crystal Palace,39’,1:0,Jean-Philippe Mateta,Nathaniel Clyne,goal
ENG-Premier League,2526,2026-01-01 Crystal Palace-Fulham,Fulham,46’,1:0,Joachim Andersen,,yellow_card
ENG-Premier League,2526,2026-01-01 Crystal Palace-Fulham,Fulham,51’,1:0,Timothy Castagne,Kenny Tete,substitute_in
ENG-Premier League,2526,2026-01-01 Crystal Palace-Fulham,Crystal Palace,57’,1:0,Jaydee Canvot,Will Hughes,substitute_in
ENG-Premier League,2526,2026-01-01 Crystal Palace-Fulham,Fulham,60’,1:0,Emile Smith Rowe,,yellow_card
ENG-Premier League,2526,2026-01-01 Crystal Palace-Fulham,Fulham,68’,1:0,Tom Cairney,Sander Berge,substitute_in
ENG-Premier League,2526,2026-01-01 Crystal Palace-Fulham,Fulham,80’,1:1,Tom Cairney,Saša Lukić,goal
ENG-Premier League,2526,2026-01-01 Crystal Palace-Fulham,Fulham,81’,1:1,Tom Cairney,,yellow_card
ENG-Premier League,2526,2026-01-01 Crystal Palace-Fulham,Crystal Palace,82’,1:1,Christantus Uche,Yeremi Pino,substitute_in
ENG-Premier League,2526,2026-01-01 Crystal Palace-Fulham,Crystal Palace,82’,1:1,Romain Esse,Justin Devenny,substitute_in
ENG-Premier League,2526,2026-01-01 Crystal Palace-Fulham,Fulham,85’,1:1,Adama Traoré,Harry Wilson,substitute_in
ENG-Premier League,2526,2026-01-01 Crystal Palace-Fulham,Fulham,85’,1:1,Harrison Reed,Kevin,substitute_in
ENG-Premier League,2526,2026-01-01 Crystal Palace-Fulham,Fulham,88’,1:1,Timothy Castagne,,yellow_card
ENG-Premier League,2526,2026-01-01 Crystal Palace-Fulham,Crystal Palace,90+2’,1:1,Borna Sosa,Nathaniel Clyne,substitute_in
ENG-Premier League,2526,2025-11-30 West Ham United-Liverpool,Liverpool,60’,0:1,Alexander Isak,Cody Gakpo,goal
ENG-Premier League,2526,2025-11-30 West Ham United-Liverpool,West Ham United,66’,0:1,Soungoutou Magassa,,yellow_card
ENG-Premier League,2526,2025-11-30 West Ham United-Liverpool,West Ham United,68’,0:1,Luis Guilherme,Soungoutou Magassa,substitute_in
ENG-Premier League,2526,2025-11-30 West Ham United-Liverpool,Liverpool,68’,0:1,Hugo Ekitike,Alexander Isak,substitute_in
ENG-Premier League,2526,2025-11-30 West Ham United-Liverpool,Liverpool,75’,0:1,Curtis Jones,Florian Wirtz,substitute_in
ENG-Premier League,2526,2025-11-30 West Ham United-Liverpool,West Ham United,78’,0:1,Niclas Füllkrug,Callum Wilson,substitute_in
ENG-Premier League,2526,2025-11-30 West Ham United-Liverpool,West Ham United,83’,0:1,Lucas Paquetá,,yellow_card
ENG-Premier League,2526,2025-11-30 West Ham United-Liverpool,West Ham United,84’,0:1,Lucas Paquetá,,yellow_red_card
ENG-Premier League,2526,2025-11-30 West Ham United-Liverpool,Liverpool,85’,0:1,Andrew Robertson,Milos Kerkez,substitute_in
ENG-Premier League,2526,2025-11-30 West Ham United-Liverpool,West Ham United,88’,0:1,Tomáš Souček,Freddie Potts,substitute_in
ENG-Premier League,2526,2025-11-30 West Ham United-Liverpool,Liverpool,90+2’,0:2,Cody Gakpo,Joe Gomez,goal
ENG-Premier League,2526,2025-11-08 Chelsea-Wolves,Wolverhampton Wanderers,49’,0:0,André,,yellow_card
ENG-Premier League,2526,2025-11-08 Chelsea-Wolves,Chelsea,51’,1:0,Malo Gusto,Alejandro Garnacho,goal
ENG-Premier League,2526,2025-11-08 Chelsea-Wolves,Chelsea,60’,1:0,Moisés Caicedo,,yellow_card
ENG-Premier League,2526,2025-11-08 Chelsea-Wolves,Chelsea,64’,1:0,Estêvão Willian,Liam Delap,substitute_in
ENG-Premier League,2526,2025-11-08 Chelsea-Wolves,Chelsea,65’,2:0,João Pedro,,goal
ENG-Premier League,2526,2025-11-08 Chelsea-Wolves,Wolverhampton Wanderers,70’,2:0,Mateus Mane,Hwang Hee-chan,substitute_in
ENG-Premier League,2526,2025-11-08 Chelsea-Wolves,Wolverhampton Wanderers,70’,2:0,Marshall Munetsi,Jean-Ricner Bellegarde,substitute_in
ENG-Premier League,2526,2025-11-08 Chelsea-Wolves,Chelsea,73’,3:0,Pedro Neto,Alejandro Garnacho,goal
ENG-Premier League,2526,2025-11-08 Chelsea-Wolves,Chelsea,77’,3:0,Reece James,Malo Gusto,substitute_in
ENG-Premier League,2526,2025-11-08 Chelsea-Wolves,Chelsea,77’,3:0,Marc Guiu,Pedro Neto,substitute_in
ENG-Premier League,2526,2025-11-08 Chelsea-Wolves,Wolverhampton Wanderers,79’,3:0,Marshall Munetsi,,yellow_card
ENG-Premier League,2526,2025-11-08 Chelsea-Wolves,Chelsea,83’,3:0,Andrey Santos,Enzo Fernández,substitute_in
ENG-Premier League,2526,2025-11-08 Chelsea-Wolves,Chelsea,83’,3:0,Jamie Gittens,João Pedro,substitute_in
ENG-Premier League,2526,2026-01-31 Leeds United-Arsenal,Arsenal,27’,0:1,Martín Zubimendi,Noni Madueke,goal
ENG-Premier League,2526,2026-01-31 Leeds United-Arsenal,Leeds United,37’,0:1,Gabriel Gudmundsson,,yellow_card
ENG-Premier League,2526,2026-01-31 Leeds United-Arsenal,Arsenal,38’,0:2,Noni Madueke,,goal
ENG-Premier League,2526,2026-01-31 Leeds United-Arsenal,Leeds United,46’,0:2,Sean Longstaff,James Justin,substitute_in
ENG-Premier League,2526,2026-01-31 Leeds United-Arsenal,Leeds United,46’,0:2,Noah Okafor,Ilia Gruev,substitute_in
ENG-Premier League,2526,2026-01-31 Leeds United-Arsenal,Arsenal,59’,0:2,Jurriën Timber,,yellow_card
ENG-Premier League,2526,2026-01-31 Leeds United-Arsenal,Arsenal,61’,0:2,Gabriel Martinelli,Noni Madueke,substitute_in
ENG-Premier League,2526,2026-01-31 Leeds United-Arsenal,Arsenal,61’,0:2,Martin Ødegaard,Kai Havertz,substitute_in
ENG-Premier League,2526,2026-01-31 Leeds United-Arsenal,Arsenal,69’,0:3,Viktor Gyökeres,Gabriel Martinelli,goal
ENG-Premier League,2526,2026-01-31 Leeds United-Arsenal,Leeds United,71’,0:3,Facundo Buonanotte,Brenden Aaronson,substitute_in
ENG-Premier League,2526,2026-01-31 Leeds United-Arsenal,Arsenal,75’,0:3,Riccardo Calafiori,Piero Hincapié,substitute_in
ENG-Premier League,2526,2026-01-31 Leeds United-Arsenal,Arsenal,76’,0:3,Gabriel Jesus,Viktor Gyökeres,substitute_in
ENG-Premier League,2526,2026-01-31 Leeds United-Arsenal,Leeds United,81’,0:3,Wilfried Gnonto,Anton Stach,substitute_in
ENG-Premier League,2526,2026-01-31 Leeds United-Arsenal,Arsenal,81’,0:3,Eberechi Eze,Leandro Trossard,substitute_in
ENG-Premier League,2526,2026-01-31 Leeds United-Arsenal,Leeds United,85’,0:3,Joël Piroe,Dominic Calvert-Lewin,substitute_in
ENG-Premier League,2526,2026-01-31 Leeds United-Arsenal,Arsenal,86’,0:4,Gabriel Jesus,Martin Ødegaard,goal
ENG-Premier League,2526,2025-08-24 Everton-Brighton,Everton,23’,1:0,Iliman Ndiaye,Jack Grealish,goal
ENG-Premier League,2526,2025-08-24 Everton-Brighton,Brighton & Hove Albion,28’,1:0,Maxim De Cuyper,,yellow_card
ENG-Premier League,2526,2025-08-24 Everton-Brighton,Everton,39’,1:0,Tim Iroegbunam,,yellow_card
ENG-Premier League,2526,2025-08-24 Everton-Brighton,Brighton & Hove Albion,40’,1:0,Mats Wieffer,,yellow_card
ENG-Premier League,2526,2025-08-24 Everton-Brighton,Brighton & Hove Albion,46’,1:0,Jack Hinshelwood,Carlos Baleba,substitute_in
ENG-Premier League,2526,2025-08-24 Everton-Brighton,Everton,52’,2:0,James Garner,Jack Grealish,goal
ENG-Premier League,2526,2025-08-24 Everton-Brighton,Everton,63’,2:0,James Garner,,yellow_card
ENG-Premier League,2526,2025-08-24 Everton-Brighton,Everton,64’,2:0,Carlos Alcaraz,Iliman Ndiaye,substitute_in
ENG-Premier League,2526,2025-08-24 Everton-Brighton,Everton,64’,2:0,Beto,Thierno Barry,substitute_in
ENG-Premier League,2526,2025-08-24 Everton-Brighton,Brighton & Hove Albion,67’,2:0,Ferdi Kadioglu,Maxim De Cuyper,substitute_in
ENG-Premier League,2526,2025-08-24 Everton-Brighton,Brighton & Hove Albion,67’,2:0,Diego Gómez,Yasin Ayari,substitute_in
ENG-Premier League,2526,2025-08-24 Everton-Brighton,Everton,71’,2:0,Dwight McNeil,Tim Iroegbunam,substitute_in
ENG-Premier League,2526,2025-08-24 Everton-Brighton,Brighton & Hove Albion,77’,2:0,Danny Welbeck,Jordan Pickford,penalty_miss
ENG-Premier League,2526,2025-08-24 Everton-Brighton,Brighton & Hove Albion,85’,2:0,Brajan Gruda,Mats Wieffer,substitute_in
ENG-Premier League,2526,2025-08-24 Everton-Brighton,Everton,89’,2:0,Kiernan Dewsbury-Hall,,yellow_card
ENG-Premier League,2526,2025-08-24 Everton-Brighton,Brighton & Hove Albion,90+1’,2:0,Ferdi Kadioglu,,yellow_card
ENG-Premier League,2526,2025-08-24 Everton-Brighton,Everton,90+4’,2:0,Harrison Armstrong,Jack Grealish,substitute_in
ENG-Premier League,2526,2025-08-24 Everton-Brighton,Everton,90+5’,2:0,Beto,,yellow_card
ENG-Premier League,2526,2025-12-21 Aston Villa-Manchester Utd,Manchester United,45+3’,1:1,Matheus Cunha,Patrick Dorgu,goal
ENG-Premier League,2526,2025-12-21 Aston Villa-Manchester Utd,Aston Villa,45’,1:0,Morgan Rogers,John McGinn,goal
ENG-Premier League,2526,2025-12-21 Aston Villa-Manchester Utd,Manchester United,46’,1:1,Lisandro Martínez,Bruno Fernandes,substitute_in
ENG-Premier League,2526,2025-12-21 Aston Villa-Manchester Utd,Aston Villa,57’,2:1,Morgan Rogers,Ollie Watkins,goal
ENG-Premier League,2526,2025-12-21 Aston Villa-Manchester Utd,Manchester United,68’,2:1,Manuel Ugarte,,yellow_card
ENG-Premier League,2526,2025-12-21 Aston Villa-Manchester Utd,Manchester United,72’,2:1,Diogo Dalot,,yellow_card
ENG-Premier League,2526,2025-12-21 Aston Villa-Manchester Utd,Manchester United,73’,2:1,Jack Fletcher,Benjamin Šeško,substitute_in
ENG-Premier League,2526,2025-12-21 Aston Villa-Manchester Utd,Manchester United,73’,2:1,Joshua Zirkzee,Manuel Ugarte,substitute_in
ENG-Premier League,2526,2025-12-21 Aston Villa-Manchester Utd,Aston Villa,75’,2:1,Donyell Malen,Ollie Watkins,substitute_in
ENG-Premier League,2526,2025-12-21 Aston Villa-Manchester Utd,Aston Villa,75’,2:1,Lucas Digne,Ian Maatsen,substitute_in
ENG-Premier League,2526,2025-12-21 Aston Villa-Manchester Utd,Aston Villa,84’,2:1,Emi Buendía,Amadou Onana,substitute_in
ENG-Premier League,2526,2025-12-21 Aston Villa-Manchester Utd,Aston Villa,84’,2:1,Evann Guessand,John McGinn,substitute_in
ENG-Premier League,2526,2025-12-21 Aston Villa-Manchester Utd,Manchester United,84’,2:1,Shea Lacey,Leny Yoro,substitute_in
ENG-Premier League,2526,2025-12-21 Aston Villa-Manchester Utd,Aston Villa,88’,2:1,Lamare Bogarde,Boubacar Kamara,substitute_in
ENG-Premier League,2526,2025-12-21 Aston Villa-Manchester Utd,Aston Villa,90+2’,2:1,Lamare Bogarde,,yellow_card
ENG-Premier League,2526,2026-03-01 Manchester Utd-Crystal Palace,Manchester United,24’,0:1,Noussair Mazraoui,Luke Shaw,substitute_in
ENG-Premier League,2526,2026-03-01 Manchester Utd-Crystal Palace,Manchester United,36’,0:1,Diogo Dalot,,yellow_card
ENG-Premier League,2526,2026-03-01 Manchester Utd-Crystal Palace,Crystal Palace,49’,0:1,Dean Henderson,,yellow_card
ENG-Premier League,2526,2026-03-01 Manchester Utd-Crystal Palace,Crystal Palace,4’,0:1,Maxence Lacroix,Brennan Johnson,goal
ENG-Premier League,2526,2026-03-01 Manchester Utd-Crystal Palace,Crystal Palace,56’,0:1,Maxence Lacroix,,red_card
ENG-Premier League,2526,2026-03-01 Manchester Utd-Crystal Palace,Manchester United,57’,1:1,Bruno Fernandes,,penalty_goal
ENG-Premier League,2526,2026-03-01 Manchester Utd-Crystal Palace,Crystal Palace,58’,1:1,Evann Guessand,Brennan Johnson,substitute_in
ENG-Premier League,2526,2026-03-01 Manchester Utd-Crystal Palace,Crystal Palace,58’,1:1,Chadi Riad,Jørgen Strand Larsen,substitute_in
ENG-Premier League,2526,2026-03-01 Manchester Utd-Crystal Palace,Manchester United,65’,2:1,Benjamin Šeško,Bruno Fernandes,goal
ENG-Premier League,2526,2026-03-01 Manchester Utd-Crystal Palace,Crystal Palace,68’,2:1,Will Hughes,Adam Wharton,substitute_in
ENG-Premier League,2526,2026-03-01 Manchester Utd-Crystal Palace,Crystal Palace,6’,0:1,Daichi Kamada,,yellow_card
ENG-Premier League,2526,2026-03-01 Manchester Utd-Crystal Palace,Manchester United,75’,2:1,Amad Diallo,Benjamin Šeško,substitute_in
ENG-Premier League,2526,2026-03-01 Manchester Utd-Crystal Palace,Manchester United,85’,2:1,Ayden Heaven,Harry Maguire,substitute_in
ENG-Premier League,2526,2026-03-01 Manchester Utd-Crystal Palace,Manchester United,85’,2:1,Joshua Zirkzee,Bryan Mbeumo,substitute_in
ENG-Premier League,2526,2026-03-01 Manchester Utd-Crystal Palace,Crystal Palace,85’,2:1,Yeremi Pino,Daichi Kamada,substitute_in
ENG-Premier League,2526,2026-03-01 Manchester Utd-Crystal Palace,Manchester United,89’,2:1,Ayden Heaven,,yellow_card
ENG-Premier League,2526,2025-08-30 Tottenham Hotspur-Bournemouth,Bournemouth,12’,0:1,Antoine Semenyo,,yellow_card
ENG-Premier League,2526,2025-08-30 Tottenham Hotspur-Bournemouth,Tottenham Hotspur,14’,0:1,Micky van de Ven,,yellow_card
ENG-Premier League,2526,2025-08-30 Tottenham Hotspur-Bournemouth,Bournemouth,26’,0:1,James Hill,Adam Smith,substitute_in
ENG-Premier League,2526,2025-08-30 Tottenham Hotspur-Bournemouth,Tottenham Hotspur,54’,0:1,Wilson Odobert,Brennan Johnson,substitute_in
ENG-Premier League,2526,2025-08-30 Tottenham Hotspur-Bournemouth,Tottenham Hotspur,54’,0:1,Lucas Bergvall,João Palhinha,substitute_in
ENG-Premier League,2526,2025-08-30 Tottenham Hotspur-Bournemouth,Bournemouth,5’,0:1,Evanilson,Marcos Senesi,goal
ENG-Premier League,2526,2025-08-30 Tottenham Hotspur-Bournemouth,Bournemouth,63’,0:1,Ryan Christie,Alex Scott,substitute_in
ENG-Premier League,2526,2025-08-30 Tottenham Hotspur-Bournemouth,Bournemouth,64’,0:1,Amine Adli,David Brooks,substitute_in
ENG-Premier League,2526,2025-08-30 Tottenham Hotspur-Bournemouth,Tottenham Hotspur,65’,0:1,Djed Spence,,yellow_card
ENG-Premier League,2526,2025-08-30 Tottenham Hotspur-Bournemouth,Tottenham Hotspur,71’,0:1,Destiny Udogie,Pedro Porro,substitute_in
ENG-Premier League,2526,2025-08-30 Tottenham Hotspur-Bournemouth,Bournemouth,72’,0:1,Đorđe Petrović,,yellow_card
ENG-Premier League,2526,2025-08-30 Tottenham Hotspur-Bournemouth,Tottenham Hotspur,76’,0:1,Mathys Tel,Pape Matar Sarr,substitute_in
ENG-Premier League,2526,2025-08-30 Tottenham Hotspur-Bournemouth,Bournemouth,81’,0:1,Eli Junior Kroupi,Evanilson,substitute_in
ENG-Premier League,2526,2025-08-30 Tottenham Hotspur-Bournemouth,Bournemouth,81’,0:1,Justin Kluivert,Marcus Tavernier,substitute_in
ENG-Premier League,2526,2025-08-30 Tottenham Hotspur-Bournemouth,Bournemouth,88’,0:1,Tyler Adams,,yellow_card
ENG-Premier League,2526,2025-08-30 Tottenham Hotspur-Bournemouth,Bournemouth,90+7’,0:1,James Hill,,yellow_card
ENG-Premier League,2526,2026-02-11 Aston Villa-Brighton,Brighton & Hove Albion,22’,0:0,James Milner,Carlos Baleba,substitute_in
ENG-Premier League,2526,2026-02-11 Aston Villa-Brighton,Brighton & Hove Albion,23’,0:0,Joël Veltman,,yellow_card
ENG-Premier League,2526,2026-02-11 Aston Villa-Brighton,Brighton & Hove Albion,2’,0:0,Carlos Baleba,,yellow_card
ENG-Premier League,2526,2026-02-11 Aston Villa-Brighton,Aston Villa,41’,0:0,Emiliano Martínez,,yellow_card
ENG-Premier League,2526,2026-02-11 Aston Villa-Brighton,Brighton & Hove Albion,41’,0:0,Jan Paul van Hecke,,yellow_card
ENG-Premier League,2526,2026-02-11 Aston Villa-Brighton,Aston Villa,50’,0:0,Morgan Rogers,,yellow_card
ENG-Premier League,2526,2026-02-11 Aston Villa-Brighton,Aston Villa,60’,0:0,Ross Barkley,Emi Buendía,substitute_in
ENG-Premier League,2526,2026-02-11 Aston Villa-Brighton,Aston Villa,60’,0:0,Leon Bailey,Jadon Sancho,substitute_in
ENG-Premier League,2526,2026-02-11 Aston Villa-Brighton,Brighton & Hove Albion,61’,0:0,Olivier Boscagli,Jan Paul van Hecke,substitute_in
ENG-Premier League,2526,2026-02-11 Aston Villa-Brighton,Aston Villa,75’,0:0,Alysson Edward,Ollie Watkins,substitute_in
ENG-Premier League,2526,2026-02-11 Aston Villa-Brighton,Aston Villa,75’,0:0,Tammy Abraham,Amadou Onana,substitute_in
ENG-Premier League,2526,2026-02-11 Aston Villa-Brighton,Brighton & Hove Albion,81’,0:0,Charalampos Kostoulas,Danny Welbeck,substitute_in
ENG-Premier League,2526,2026-02-11 Aston Villa-Brighton,Brighton & Hove Albion,81’,0:0,Harry Howell,Diego Gómez,substitute_in
ENG-Premier League,2526,2026-02-11 Aston Villa-Brighton,Brighton & Hove Albion,81’,0:0,Yankuba Minteh,Kaoru Mitoma,substitute_in
ENG-Premier League,2526,2026-02-11 Aston Villa-Brighton,Aston Villa,84’,0:0,Victor Lindelöf,Douglas Luiz,substitute_in
ENG-Premier League,2526,2026-02-11 Aston Villa-Brighton,Aston Villa,86’,1:0,Jack Hinshelwood,,own_goal
ENG-Premier League,2526,2025-11-08 Everton-Fulham,Fulham,10’,0:0,Saša Lukić,,yellow_card
ENG-Premier League,2526,2025-11-08 Everton-Fulham,Everton,45+3’,0:0,James Tarkowski,,yellow_card
ENG-Premier League,2526,2025-11-08 Everton-Fulham,Fulham,45+3’,0:0,Calvin Bassey,,yellow_card
ENG-Premier League,2526,2025-11-08 Everton-Fulham,Everton,45+4’,1:0,Idrissa Gana Gueye,Tim Iroegbunam,goal
ENG-Premier League,2526,2025-11-08 Everton-Fulham,Fulham,46’,1:0,Joshua King,Saša Lukić,substitute_in
ENG-Premier League,2526,2025-11-08 Everton-Fulham,Fulham,58’,1:0,Rodrigo Muniz,Raúl Jiménez,substitute_in
ENG-Premier League,2526,2025-11-08 Everton-Fulham,Fulham,59’,1:0,Samuel Chukwueze,Harry Wilson,substitute_in
ENG-Premier League,2526,2025-11-08 Everton-Fulham,Everton,63’,1:0,Tim Iroegbunam,,yellow_card
ENG-Premier League,2526,2025-11-08 Everton-Fulham,Everton,67’,1:0,Merlin Röhl,Tim Iroegbunam,substitute_in
ENG-Premier League,2526,2025-11-08 Everton-Fulham,Fulham,75’,1:0,Adama Traoré,Rodrigo Muniz,substitute_in
ENG-Premier League,2526,2025-11-08 Everton-Fulham,Everton,79’,1:0,Beto,Thierno Barry,substitute_in
ENG-Premier League,2526,2025-11-08 Everton-Fulham,Everton,81’,2:0,Michael Keane,Kiernan Dewsbury-Hall,goal
ENG-Premier League,2526,2025-11-08 Everton-Fulham,Fulham,87’,2:0,Emile Smith Rowe,Kevin,substitute_in
ENG-Premier League,2526,2025-11-08 Everton-Fulham,Everton,89’,2:0,Jake O'Brien,Kiernan Dewsbury-Hall,substitute_in
ENG-Premier League,2526,2025-10-25 Newcastle United-Fulham,Newcastle United,18’,1:0,Jacob Murphy,,goal
ENG-Premier League,2526,2025-10-25 Newcastle United-Fulham,Fulham,3’,0:0,Kenny Tete,,yellow_card
ENG-Premier League,2526,2025-10-25 Newcastle United-Fulham,Fulham,46’,1:0,Kevin,Emile Smith Rowe,substitute_in
ENG-Premier League,2526,2025-10-25 Newcastle United-Fulham,Fulham,56’,1:1,Saša Lukić,,goal
ENG-Premier League,2526,2025-10-25 Newcastle United-Fulham,Newcastle United,61’,1:1,Fabian Schär,Sven Botman,substitute_in
ENG-Premier League,2526,2025-10-25 Newcastle United-Fulham,Newcastle United,61’,1:1,Harvey Barnes,Jacob Murphy,substitute_in
ENG-Premier League,2526,2025-10-25 Newcastle United-Fulham,Newcastle United,61’,1:1,Sandro Tonali,Lewis Miley,substitute_in
ENG-Premier League,2526,2025-10-25 Newcastle United-Fulham,Fulham,66’,1:1,Alex Iwobi,,yellow_card
ENG-Premier League,2526,2025-10-25 Newcastle United-Fulham,Newcastle United,76’,1:1,Anthony Elanga,Anthony Gordon,substitute_in
ENG-Premier League,2526,2025-10-25 Newcastle United-Fulham,Fulham,76’,1:1,Joshua King,Adama Traoré,substitute_in
ENG-Premier League,2526,2025-10-25 Newcastle United-Fulham,Fulham,84’,1:1,Tom Cairney,Saša Lukić,substitute_in
ENG-Premier League,2526,2025-10-25 Newcastle United-Fulham,Newcastle United,86’,1:1,William Osula,Nick Woltemade,substitute_in
ENG-Premier League,2526,2025-10-25 Newcastle United-Fulham,Fulham,90+2’,2:1,Timothy Castagne,Kenny Tete,substitute_in
ENG-Premier League,2526,2025-10-25 Newcastle United-Fulham,Fulham,90+2’,2:1,Jonah Kusi-Asare,Alex Iwobi,substitute_in
ENG-Premier League,2526,2025-10-25 Newcastle United-Fulham,Newcastle United,90’,2:1,Bruno Guimarães,,goal
ENG-Premier League,2526,2025-09-29 Everton-West Ham United,Everton,18’,1:0,Michael Keane,James Garner,goal
ENG-Premier League,2526,2025-09-29 Everton-West Ham United,Everton,24’,1:0,James Tarkowski,,yellow_card
ENG-Premier League,2526,2025-09-29 Everton-West Ham United,West Ham United,33’,1:0,Kyle Walker-Peters,,yellow_card
ENG-Premier League,2526,2025-09-29 Everton-West Ham United,West Ham United,48’,1:0,Soungoutou Magassa,,yellow_card
ENG-Premier League,2526,2025-09-29 Everton-West Ham United,West Ham United,59’,1:0,Freddie Potts,Soungoutou Magassa,substitute_in
ENG-Premier League,2526,2025-09-29 Everton-West Ham United,West Ham United,64’,1:0,Max Kilman,,yellow_card
ENG-Premier League,2526,2025-09-29 Everton-West Ham United,West Ham United,65’,1:1,Jarrod Bowen,,goal
ENG-Premier League,2526,2025-09-29 Everton-West Ham United,Everton,69’,1:1,Thierno Barry,Beto,substitute_in
ENG-Premier League,2526,2025-09-29 Everton-West Ham United,West Ham United,77’,1:1,Luis Guilherme,Crysencio Summerville,substitute_in
ENG-Premier League,2526,2025-09-29 Everton-West Ham United,Everton,81’,1:1,Tyler Dibling,Iliman Ndiaye,substitute_in
ENG-Premier League,2526,2025-09-29 Everton-West Ham United,West Ham United,82’,1:1,Konstantinos Mavropanos,,yellow_card
ENG-Premier League,2526,2025-09-29 Everton-West Ham United,Everton,87’,1:1,Vitaliy Mykolenko,,yellow_card
ENG-Premier League,2526,2025-09-29 Everton-West Ham United,West Ham United,90+4’,1:1,Igor,Lucas Paquetá,substitute_in
ENG-Premier League,2526,2025-09-29 Everton-West Ham United,West Ham United,90+4’,1:1,Andy Irving,Niclas Füllkrug,substitute_in
ENG-Premier League,2526,2025-09-29 Everton-West Ham United,Everton,90’,1:1,Kiernan Dewsbury-Hall,,yellow_card
ENG-Premier League,2526,2025-09-27 Tottenham Hotspur-Wolves,Tottenham Hotspur,32’,0:0,Xavi Simons,,yellow_card
ENG-Premier League,2526,2025-09-27 Tottenham Hotspur-Wolves,Wolverhampton Wanderers,35’,0:0,Matt Doherty,,yellow_card
ENG-Premier League,2526,2025-09-27 Tottenham Hotspur-Wolves,Wolverhampton Wanderers,39’,0:0,João Gomes,,yellow_card
ENG-Premier League,2526,2025-09-27 Tottenham Hotspur-Wolves,Wolverhampton Wanderers,46’,0:0,Emmanuel Agbadou,Matt Doherty,substitute_in
ENG-Premier League,2526,2025-09-27 Tottenham Hotspur-Wolves,Wolverhampton Wanderers,46’,0:0,Jackson Tchatchoua,Hwang Hee-chan,substitute_in
ENG-Premier League,2526,2025-09-27 Tottenham Hotspur-Wolves,Wolverhampton Wanderers,54’,0:1,Santiago Bueno,,goal
ENG-Premier League,2526,2025-09-27 Tottenham Hotspur-Wolves,Tottenham Hotspur,62’,0:1,Brennan Johnson,Rodrigo Bentancur,substitute_in
ENG-Premier League,2526,2025-09-27 Tottenham Hotspur-Wolves,Tottenham Hotspur,62’,0:1,Pedro Porro,Djed Spence,substitute_in
ENG-Premier League,2526,2025-09-27 Tottenham Hotspur-Wolves,Wolverhampton Wanderers,64’,0:1,Jean-Ricner Bellegarde,João Gomes,substitute_in
ENG-Premier League,2526,2025-09-27 Tottenham Hotspur-Wolves,Tottenham Hotspur,65’,0:1,Lucas Bergvall,,yellow_card
ENG-Premier League,2526,2025-09-27 Tottenham Hotspur-Wolves,Tottenham Hotspur,78’,0:1,Pape Matar Sarr,Lucas Bergvall,substitute_in
ENG-Premier League,2526,2025-09-27 Tottenham Hotspur-Wolves,Tottenham Hotspur,78’,0:1,Wilson Odobert,Xavi Simons,substitute_in
ENG-Premier League,2526,2025-09-27 Tottenham Hotspur-Wolves,Tottenham Hotspur,84’,0:1,Mathys Tel,Destiny Udogie,substitute_in
ENG-Premier League,2526,2025-09-27 Tottenham Hotspur-Wolves,Wolverhampton Wanderers,84’,0:1,Tolu Arokodare,Jørgen Strand Larsen,substitute_in
ENG-Premier League,2526,2025-09-27 Tottenham Hotspur-Wolves,Wolverhampton Wanderers,90+2’,0:1,Toti Gomes,Jhon Arias,substitute_in
ENG-Premier League,2526,2025-09-27 Tottenham Hotspur-Wolves,Tottenham Hotspur,90+4’,1:1,João Palhinha,Pape Matar Sarr,goal
ENG-Premier League,2526,2025-09-27 Tottenham Hotspur-Wolves,Tottenham Hotspur,90+4’,1:1,João Palhinha,,yellow_card
ENG-Premier League,2526,2025-11-30 Aston Villa-Wolves,Wolverhampton Wanderers,45+2’,0:0,André,,yellow_card
ENG-Premier League,2526,2025-11-30 Aston Villa-Wolves,Aston Villa,54’,0:0,Ollie Watkins,Emi Buendía,substitute_in
ENG-Premier League,2526,2025-11-30 Aston Villa-Wolves,Wolverhampton Wanderers,58’,0:0,David Møller Wolfe,,yellow_card
ENG-Premier League,2526,2025-11-30 Aston Villa-Wolves,Aston Villa,67’,1:0,Boubacar Kamara,John McGinn,goal
ENG-Premier League,2526,2025-11-30 Aston Villa-Wolves,Wolverhampton Wanderers,69’,1:0,Tawanda Chirewa,Jean-Ricner Bellegarde,substitute_in
ENG-Premier League,2526,2025-11-30 Aston Villa-Wolves,Aston Villa,75’,1:0,Amadou Onana,Donyell Malen,substitute_in
ENG-Premier League,2526,2025-11-30 Aston Villa-Wolves,Aston Villa,75’,1:0,Ross Barkley,Youri Tielemans,substitute_in
ENG-Premier League,2526,2025-11-30 Aston Villa-Wolves,Wolverhampton Wanderers,76’,1:0,Yerson Mosquera,,yellow_card
ENG-Premier League,2526,2025-11-30 Aston Villa-Wolves,Wolverhampton Wanderers,77’,1:0,Hugo Bueno,David Møller Wolfe,substitute_in
ENG-Premier League,2526,2025-11-30 Aston Villa-Wolves,Wolverhampton Wanderers,77’,1:0,Mateus Mane,Yerson Mosquera,substitute_in
ENG-Premier League,2526,2025-11-30 Aston Villa-Wolves,Wolverhampton Wanderers,80’,1:0,Jhon Arias,,yellow_card
ENG-Premier League,2526,2025-11-30 Aston Villa-Wolves,Aston Villa,88’,1:0,Lamare Bogarde,Boubacar Kamara,substitute_in
ENG-Premier League,2526,2025-11-30 Aston Villa-Wolves,Aston Villa,88’,1:0,Jadon Sancho,Ross Barkley,substitute_in
ENG-Premier League,2526,2025-11-30 Aston Villa-Wolves,Wolverhampton Wanderers,88’,1:0,Tolu Arokodare,Jhon Arias,substitute_in
ENG-Premier League,2526,2026-02-23 Everton-Manchester Utd,Manchester United,58’,0:0,Benjamin Šeško,Amad Diallo,substitute_in
ENG-Premier League,2526,2026-02-23 Everton-Manchester Utd,Manchester United,71’,0:1,Benjamin Šeško,Bryan Mbeumo,goal
ENG-Premier League,2526,2026-02-23 Everton-Manchester Utd,Everton,73’,0:1,Tyrique George,Harrison Armstrong,substitute_in
ENG-Premier League,2526,2026-02-23 Everton-Manchester Utd,Everton,77’,0:1,Jordan Pickford,,yellow_card
ENG-Premier League,2526,2026-02-23 Everton-Manchester Utd,Manchester United,78’,0:1,Noussair Mazraoui,Bryan Mbeumo,substitute_in
ENG-Premier League,2526,2026-02-23 Everton-Manchester Utd,Everton,79’,0:1,Beto,Tim Iroegbunam,substitute_in
ENG-Premier League,2526,2026-02-23 Everton-Manchester Utd,Everton,83’,0:1,James Tarkowski,,yellow_card
ENG-Premier League,2526,2026-02-23 Everton-Manchester Utd,Manchester United,84’,0:1,Harry Maguire,,yellow_card
ENG-Premier League,2526,2026-02-23 Everton-Manchester Utd,Manchester United,90+2’,0:1,Noussair Mazraoui,,yellow_card
ENG-Premier League,2526,2026-02-23 Everton-Manchester Utd,Manchester United,90+5’,0:1,Bruno Fernandes,,yellow_card
ENG-Premier League,2526,2026-02-23 Everton-Manchester Utd,Manchester United,90+5’,0:1,Ayden Heaven,Matheus Cunha,substitute_in
ENG-Premier League,2526,2025-10-05 Wolves-Brighton,Brighton & Hove Albion,20’,0:0,Carlos Baleba,,yellow_card
ENG-Premier League,2526,2025-10-05 Wolves-Brighton,Wolverhampton Wanderers,21’,1:0,Bart Verbruggen,,own_goal
ENG-Premier League,2526,2025-10-05 Wolves-Brighton,Brighton & Hove Albion,36’,1:0,Lewis Dunk,,yellow_card
ENG-Premier League,2526,2025-10-05 Wolves-Brighton,Brighton & Hove Albion,43’,1:0,Mats Wieffer,,yellow_card
ENG-Premier League,2526,2025-10-05 Wolves-Brighton,Brighton & Hove Albion,45+2’,1:0,Danny Welbeck,,yellow_card
ENG-Premier League,2526,2025-10-05 Wolves-Brighton,Brighton & Hove Albion,46’,1:0,Georginio Rutter,Carlos Baleba,substitute_in
ENG-Premier League,2526,2025-10-05 Wolves-Brighton,Wolverhampton Wanderers,51’,1:0,Santiago Bueno,,yellow_card
ENG-Premier League,2526,2025-10-05 Wolves-Brighton,Wolverhampton Wanderers,60’,1:0,Emmanuel Agbadou,Hwang Hee-chan,substitute_in
ENG-Premier League,2526,2025-10-05 Wolves-Brighton,Brighton & Hove Albion,70’,1:0,Maxim De Cuyper,Mats Wieffer,substitute_in
ENG-Premier League,2526,2025-10-05 Wolves-Brighton,Brighton & Hove Albion,70’,1:0,Stefanos Tzimas,Brajan Gruda,substitute_in
ENG-Premier League,2526,2025-10-05 Wolves-Brighton,Wolverhampton Wanderers,77’,1:0,Jean-Ricner Bellegarde,Jørgen Strand Larsen,substitute_in
ENG-Premier League,2526,2025-10-05 Wolves-Brighton,Wolverhampton Wanderers,77’,1:0,David Møller Wolfe,Hugo Bueno,substitute_in
ENG-Premier League,2526,2025-10-05 Wolves-Brighton,Brighton & Hove Albion,77’,1:0,James Milner,Diego Gómez,substitute_in
ENG-Premier League,2526,2025-10-05 Wolves-Brighton,Brighton & Hove Albion,86’,1:1,Jan Paul van Hecke,Stefanos Tzimas,goal
ENG-Premier League,2526,2025-10-05 Wolves-Brighton,Wolverhampton Wanderers,90+1’,1:1,Tolu Arokodare,Marshall Munetsi,substitute_in
ENG-Premier League,2526,2025-10-05 Wolves-Brighton,Wolverhampton Wanderers,90+1’,1:1,Yerson Mosquera,João Gomes,substitute_in
ENG-Premier League,2526,2025-10-05 Wolves-Brighton,Wolverhampton Wanderers,90+6’,1:1,André,,yellow_card
ENG-Premier League,2526,2025-10-18 Manchester City-Everton,Everton,39’,0:0,James Garner,,yellow_card
ENG-Premier League,2526,2025-10-18 Manchester City-Everton,Manchester City,58’,1:0,Erling Haaland,Nico O’Reilly,goal
ENG-Premier League,2526,2025-10-18 Manchester City-Everton,Manchester City,59’,1:0,Oscar Bobb,Jeremy Doku,substitute_in
ENG-Premier League,2526,2025-10-18 Manchester City-Everton,Manchester City,59’,1:0,Bernardo Silva,Tijjani Reijnders,substitute_in
ENG-Premier League,2526,2025-10-18 Manchester City-Everton,Manchester City,63’,2:0,Erling Haaland,Sávio,goal
ENG-Premier League,2526,2025-10-18 Manchester City-Everton,Everton,70’,2:0,Tim Iroegbunam,Idrissa Gana Gueye,substitute_in
ENG-Premier League,2526,2025-10-18 Manchester City-Everton,Everton,70’,2:0,Merlin Röhl,Carlos Alcaraz,substitute_in
ENG-Premier League,2526,2025-10-18 Manchester City-Everton,Everton,75’,2:0,Thierno Barry,Beto,substitute_in
ENG-Premier League,2526,2025-10-18 Manchester City-Everton,Manchester City,85’,2:0,Rico Lewis,Nico O’Reilly,substitute_in
ENG-Premier League,2526,2025-10-18 Manchester City-Everton,Manchester City,85’,2:0,Rayan Cherki,Sávio,substitute_in
ENG-Premier League,2526,2025-10-18 Manchester City-Everton,Manchester City,86’,2:0,Mateo Kovačić,Nicolás González,substitute_in
ENG-Premier League,2526,2025-10-18 Manchester City-Everton,Everton,86’,2:0,Dwight McNeil,Kiernan Dewsbury-Hall,substitute_in
ENG-Premier League,2526,2025-10-18 Manchester City-Everton,Everton,86’,2:0,Tyler Dibling,Iliman Ndiaye,substitute_in
ENG-Premier League,2526,2025-10-18 Manchester City-Everton,Everton,90+6’,2:0,Tyler Dibling,,yellow_card
ENG-Premier League,2526,2026-01-01 Liverpool-Leeds United,Leeds United,61’,0:0,Ethan Ampadu,,yellow_card
ENG-Premier League,2526,2026-01-01 Liverpool-Leeds United,Leeds United,62’,0:0,Jaka Bijol,,yellow_card
ENG-Premier League,2526,2026-01-01 Liverpool-Leeds United,Liverpool,66’,0:0,Milos Kerkez,Andrew Robertson,substitute_in
ENG-Premier League,2526,2026-01-01 Liverpool-Leeds United,Liverpool,66’,0:0,Cody Gakpo,Florian Wirtz,substitute_in
ENG-Premier League,2526,2026-01-01 Liverpool-Leeds United,Liverpool,66’,0:0,Alexis Mac Allister,Curtis Jones,substitute_in
ENG-Premier League,2526,2026-01-01 Liverpool-Leeds United,Leeds United,70’,0:0,Noah Okafor,Brenden Aaronson,substitute_in
ENG-Premier League,2526,2026-01-01 Liverpool-Leeds United,Leeds United,70’,0:0,Dominic Calvert-Lewin,Lukas Nmecha,substitute_in
ENG-Premier League,2526,2026-01-01 Liverpool-Leeds United,Liverpool,79’,0:0,Federico Chiesa,Conor Bradley,substitute_in
ENG-Premier League,2526,2026-01-01 Liverpool-Leeds United,Leeds United,83’,0:0,Jayden Bogle,Sebastiaan Bornauw,substitute_in
ENG-Premier League,2526,2026-01-01 Liverpool-Leeds United,Liverpool,84’,0:0,Rio Ngumoha,Jeremie Frimpong,substitute_in
ENG-Premier League,2526,2026-01-01 Liverpool-Leeds United,Leeds United,90+2’,0:0,Ao Tanaka,Ilia Gruev,substitute_in
ENG-Premier League,2526,2025-09-20 West Ham United-Crystal Palace,Crystal Palace,37’,0:1,Jean-Philippe Mateta,,goal
ENG-Premier League,2526,2025-09-20 West Ham United-Crystal Palace,Crystal Palace,40’,0:1,Tyrick Mitchell,,yellow_card
ENG-Premier League,2526,2025-09-20 West Ham United-Crystal Palace,West Ham United,45+1’,0:1,Max Kilman,,yellow_card
ENG-Premier League,2526,2025-09-20 West Ham United-Crystal Palace,Crystal Palace,46’,0:1,Justin Devenny,Yeremi Pino,substitute_in
ENG-Premier League,2526,2025-09-20 West Ham United-Crystal Palace,West Ham United,49’,1:1,Jarrod Bowen,El Hadji Malick Diouf,goal
ENG-Premier League,2526,2025-09-20 West Ham United-Crystal Palace,West Ham United,59’,1:1,Niclas Füllkrug,Callum Wilson,substitute_in
ENG-Premier League,2526,2025-09-20 West Ham United-Crystal Palace,Crystal Palace,65’,1:1,Jefferson Lerma,Will Hughes,substitute_in
ENG-Premier League,2526,2025-09-20 West Ham United-Crystal Palace,Crystal Palace,68’,1:2,Tyrick Mitchell,,goal
ENG-Premier League,2526,2025-09-20 West Ham United-Crystal Palace,West Ham United,74’,1:2,Lucas Paquetá,,yellow_card
ENG-Premier League,2526,2025-09-20 West Ham United-Crystal Palace,Crystal Palace,75’,1:2,Eddie Nketiah,Adam Wharton,substitute_in
ENG-Premier League,2526,2025-09-20 West Ham United-Crystal Palace,West Ham United,78’,1:2,Soungoutou Magassa,Mateus Fernandes,substitute_in
ENG-Premier League,2526,2025-09-20 West Ham United-Crystal Palace,West Ham United,78’,1:2,Luis Guilherme,Crysencio Summerville,substitute_in
ENG-Premier League,2526,2025-09-20 West Ham United-Crystal Palace,West Ham United,82’,1:2,El Hadji Malick Diouf,,yellow_card
ENG-Premier League,2526,2025-09-20 West Ham United-Crystal Palace,Crystal Palace,90+1’,1:2,Jefferson Lerma,,yellow_card
ENG-Premier League,2526,2025-09-20 West Ham United-Crystal Palace,Crystal Palace,90+3’,1:2,Dean Henderson,,yellow_card
ENG-Premier League,2526,2025-12-03 Liverpool-Sunderland,Liverpool,46’,0:0,Mohamed Salah,Cody Gakpo,substitute_in
ENG-Premier League,2526,2025-12-03 Liverpool-Sunderland,Sunderland,54’,0:0,Enzo Le Fée,,yellow_card
ENG-Premier League,2526,2025-12-03 Liverpool-Sunderland,Liverpool,55’,0:0,Joe Gomez,,yellow_card
ENG-Premier League,2526,2025-12-03 Liverpool-Sunderland,Sunderland,62’,0:0,Wilson Isidor,Brian Brobbey,substitute_in
ENG-Premier League,2526,2025-12-03 Liverpool-Sunderland,Liverpool,65’,0:0,Curtis Jones,Joe Gomez,substitute_in
ENG-Premier League,2526,2025-12-03 Liverpool-Sunderland,Sunderland,67’,0:1,Chemsdine Talbi,Enzo Le Fée,goal
ENG-Premier League,2526,2025-12-03 Liverpool-Sunderland,Liverpool,74’,0:1,Hugo Ekitike,Alexis Mac Allister,substitute_in
ENG-Premier League,2526,2025-12-03 Liverpool-Sunderland,Sunderland,79’,0:1,Lutsharel Geertruida,Enzo Le Fée,substitute_in
ENG-Premier League,2526,2025-12-03 Liverpool-Sunderland,Liverpool,81’,1:1,Nordi Mukiele,,own_goal
ENG-Premier League,2526,2025-12-03 Liverpool-Sunderland,Liverpool,86’,1:1,Federico Chiesa,Alexander Isak,substitute_in
ENG-Premier League,2526,2025-12-03 Liverpool-Sunderland,Liverpool,86’,1:1,Milos Kerkez,Andrew Robertson,substitute_in
ENG-Premier League,2526,2025-12-03 Liverpool-Sunderland,Sunderland,90+1’,1:1,Luke O'Nien,Chemsdine Talbi,substitute_in
ENG-Premier League,2526,2026-01-17 Manchester Utd-Manchester City,Manchester United,11’,0:0,Diogo Dalot,,yellow_card
ENG-Premier League,2526,2026-01-17 Manchester Utd-Manchester City,Manchester United,17’,0:0,Luke Shaw,,yellow_card
ENG-Premier League,2526,2026-01-17 Manchester Utd-Manchester City,Manchester City,45+2’,0:0,Rodri,,yellow_card
ENG-Premier League,2526,2026-01-17 Manchester Utd-Manchester City,Manchester City,46’,0:0,Nico O’Reilly,Max Alleyne,substitute_in
ENG-Premier League,2526,2026-01-17 Manchester Utd-Manchester City,Manchester City,46’,0:0,Rayan Cherki,Phil Foden,substitute_in
ENG-Premier League,2526,2026-01-17 Manchester Utd-Manchester City,Manchester City,48’,0:0,Nico O’Reilly,,yellow_card
ENG-Premier League,2526,2026-01-17 Manchester Utd-Manchester City,Manchester United,65’,1:0,Bryan Mbeumo,Bruno Fernandes,goal
ENG-Premier League,2526,2026-01-17 Manchester Utd-Manchester City,Manchester United,71’,1:0,Matheus Cunha,Bryan Mbeumo,substitute_in
ENG-Premier League,2526,2026-01-17 Manchester Utd-Manchester City,Manchester City,75’,1:0,Rico Lewis,,yellow_card
ENG-Premier League,2526,2026-01-17 Manchester Utd-Manchester City,Manchester United,76’,2:0,Patrick Dorgu,Matheus Cunha,goal
ENG-Premier League,2526,2026-01-17 Manchester Utd-Manchester City,Manchester City,80’,2:0,Tijjani Reijnders,Bernardo Silva,substitute_in
ENG-Premier League,2526,2026-01-17 Manchester Utd-Manchester City,Manchester City,80’,2:0,Rayan Aït-Nouri,Jeremy Doku,substitute_in
ENG-Premier League,2526,2026-01-17 Manchester Utd-Manchester City,Manchester City,80’,2:0,Divine Mukasa,Erling Haaland,substitute_in
ENG-Premier League,2526,2026-01-17 Manchester Utd-Manchester City,Manchester United,81’,2:0,Manuel Ugarte,Casemiro,substitute_in
ENG-Premier League,2526,2026-01-17 Manchester Utd-Manchester City,Manchester United,90+1’,2:0,Ayden Heaven,Luke Shaw,substitute_in
ENG-Premier League,2526,2026-01-17 Manchester Utd-Manchester City,Manchester United,90+1’,2:0,Mason Mount,Bruno Fernandes,substitute_in
ENG-Premier League,2526,2026-02-10 West Ham United-Manchester Utd,West Ham United,50’,1:0,Tomáš Souček,Jarrod Bowen,goal
ENG-Premier League,2526,2026-02-10 West Ham United-Manchester Utd,Manchester United,57’,1:0,Diogo Dalot,,yellow_card
ENG-Premier League,2526,2026-02-10 West Ham United-Manchester Utd,Manchester United,68’,1:0,Leny Yoro,Harry Maguire,substitute_in
ENG-Premier League,2526,2026-02-10 West Ham United-Manchester Utd,West Ham United,69’,1:0,Callum Wilson,Valentín Castellanos,substitute_in
ENG-Premier League,2526,2026-02-10 West Ham United-Manchester Utd,Manchester United,69’,1:0,Benjamin Šeško,Matheus Cunha,substitute_in
ENG-Premier League,2526,2026-02-10 West Ham United-Manchester Utd,West Ham United,70’,1:0,Mateus Fernandes,,yellow_card
ENG-Premier League,2526,2026-02-10 West Ham United-Manchester Utd,West Ham United,80’,1:0,Oliver Scarles,El Hadji Malick Diouf,substitute_in
ENG-Premier League,2526,2026-02-10 West Ham United-Manchester Utd,West Ham United,80’,1:0,Soungoutou Magassa,Freddie Potts,substitute_in
ENG-Premier League,2526,2026-02-10 West Ham United-Manchester Utd,Manchester United,82’,1:0,Joshua Zirkzee,Diogo Dalot,substitute_in
ENG-Premier League,2526,2026-02-10 West Ham United-Manchester Utd,Manchester United,90+6’,1:1,Benjamin Šeško,Bryan Mbeumo,goal
ENG-Premier League,2526,2026-02-10 West Ham United-Manchester Utd,West Ham United,90’,1:0,Adama Traoré,Crysencio Summerville,substitute_in
ENG-Premier League,2526,2026-02-10 West Ham United-Manchester Utd,West Ham United,90’,1:0,Kyle Walker-Peters,Jarrod Bowen,substitute_in
ENG-Premier League,2526,2026-02-07 Manchester Utd-Tottenham Hotspur,Tottenham Hotspur,27’,0:0,Destiny Udogie,,yellow_card
ENG-Premier League,2526,2026-02-07 Manchester Utd-Tottenham Hotspur,Tottenham Hotspur,29’,0:0,Cristian Romero,,red_card
ENG-Premier League,2526,2026-02-07 Manchester Utd-Tottenham Hotspur,Tottenham Hotspur,32’,0:0,Radu Drăgușin,Wilson Odobert,substitute_in
ENG-Premier League,2526,2026-02-07 Manchester Utd-Tottenham Hotspur,Manchester United,38’,1:0,Bryan Mbeumo,Kobbie Mainoo,goal
ENG-Premier League,2526,2026-02-07 Manchester Utd-Tottenham Hotspur,Manchester United,45’,1:0,Amad Diallo,,yellow_card
ENG-Premier League,2526,2026-02-07 Manchester Utd-Tottenham Hotspur,Tottenham Hotspur,55’,1:0,Souza,Destiny Udogie,substitute_in
ENG-Premier League,2526,2026-02-07 Manchester Utd-Tottenham Hotspur,Tottenham Hotspur,70’,1:0,João Palhinha,,yellow_card
ENG-Premier League,2526,2026-02-07 Manchester Utd-Tottenham Hotspur,Manchester United,75’,1:0,Benjamin Šeško,Matheus Cunha,substitute_in
ENG-Premier League,2526,2026-02-07 Manchester Utd-Tottenham Hotspur,Tottenham Hotspur,80’,1:0,Mathys Tel,João Palhinha,substitute_in
ENG-Premier League,2526,2026-02-07 Manchester Utd-Tottenham Hotspur,Tottenham Hotspur,80’,1:0,Yves Bissouma,Conor Gallagher,substitute_in
ENG-Premier League,2526,2026-02-07 Manchester Utd-Tottenham Hotspur,Tottenham Hotspur,80’,1:0,Randal Kolo Muani,Dominic Solanke,substitute_in
ENG-Premier League,2526,2026-02-07 Manchester Utd-Tottenham Hotspur,Manchester United,81’,2:0,Bruno Fernandes,Diogo Dalot,goal
ENG-Premier League,2526,2026-02-07 Manchester Utd-Tottenham Hotspur,Manchester United,87’,2:0,Noussair Mazraoui,Luke Shaw,substitute_in
ENG-Premier League,2526,2026-02-07 Manchester Utd-Tottenham Hotspur,Manchester United,87’,2:0,Manuel Ugarte,Casemiro,substitute_in
ENG-Premier League,2526,2026-02-07 Manchester Utd-Tottenham Hotspur,Manchester United,87’,2:0,Joshua Zirkzee,Bryan Mbeumo,substitute_in
ENG-Premier League,2526,2026-02-07 Manchester Utd-Tottenham Hotspur,Manchester United,90+2’,2:0,Tyler Fletcher,Kobbie Mainoo,substitute_in
ENG-Premier League,2526,2025-11-29 Everton-Newcastle United,Newcastle United,1’,0:1,Malick Thiaw,Lewis Miley,goal
ENG-Premier League,2526,2025-11-29 Everton-Newcastle United,Newcastle United,25’,0:2,Lewis Miley,Dan Burn,goal
ENG-Premier League,2526,2025-11-29 Everton-Newcastle United,Newcastle United,45’,0:3,Nick Woltemade,Anthony Elanga,goal
ENG-Premier League,2526,2025-11-29 Everton-Newcastle United,Everton,46’,0:3,Carlos Alcaraz,Tim Iroegbunam,substitute_in
ENG-Premier League,2526,2025-11-29 Everton-Newcastle United,Newcastle United,58’,0:4,Malick Thiaw,Lewis Hall,goal
ENG-Premier League,2526,2025-11-29 Everton-Newcastle United,Everton,69’,1:4,Kiernan Dewsbury-Hall,James Tarkowski,goal
ENG-Premier League,2526,2025-11-29 Everton-Newcastle United,Newcastle United,71’,1:4,Jacob Ramsey,Harvey Barnes,substitute_in
ENG-Premier League,2526,2025-11-29 Everton-Newcastle United,Newcastle United,71’,1:4,Joe Willock,Anthony Elanga,substitute_in
ENG-Premier League,2526,2025-11-29 Everton-Newcastle United,Everton,80’,1:4,Tyler Dibling,Iliman Ndiaye,substitute_in
ENG-Premier League,2526,2025-11-29 Everton-Newcastle United,Everton,80’,1:4,Dwight McNeil,Jack Grealish,substitute_in
ENG-Premier League,2526,2025-11-29 Everton-Newcastle United,Everton,87’,1:4,Beto,Thierno Barry,substitute_in
ENG-Premier League,2526,2025-11-29 Everton-Newcastle United,Newcastle United,90’,1:4,Sandro Tonali,Bruno Guimarães,substitute_in
ENG-Premier League,2526,2025-11-29 Everton-Newcastle United,Newcastle United,90’,1:4,Fabian Schär,Lewis Hall,substitute_in
ENG-Premier League,2526,2025-11-29 Everton-Newcastle United,Newcastle United,90’,1:4,Anthony Gordon,Nick Woltemade,substitute_in
ENG-Premier League,2526,2025-12-06 Manchester City-Sunderland,Manchester City,31’,1:0,Rúben Dias,Rayan Cherki,goal
ENG-Premier League,2526,2025-12-06 Manchester City-Sunderland,Manchester City,35’,2:0,Joško Gvardiol,Phil Foden,goal
ENG-Premier League,2526,2025-12-06 Manchester City-Sunderland,Manchester City,37’,2:0,Joško Gvardiol,,yellow_card
ENG-Premier League,2526,2025-12-06 Manchester City-Sunderland,Sunderland,56’,2:0,Brian Brobbey,Wilson Isidor,substitute_in
ENG-Premier League,2526,2025-12-06 Manchester City-Sunderland,Sunderland,56’,2:0,Chemsdine Talbi,Bertrand Traoré,substitute_in
ENG-Premier League,2526,2025-12-06 Manchester City-Sunderland,Manchester City,65’,3:0,Phil Foden,Rayan Cherki,goal
ENG-Premier League,2526,2025-12-06 Manchester City-Sunderland,Manchester City,69’,3:0,Tijjani Reijnders,Phil Foden,substitute_in
ENG-Premier League,2526,2025-12-06 Manchester City-Sunderland,Manchester City,69’,3:0,Omar Marmoush,Erling Haaland,substitute_in
ENG-Premier League,2526,2025-12-06 Manchester City-Sunderland,Manchester City,70’,3:0,Nathan Aké,Joško Gvardiol,substitute_in
ENG-Premier League,2526,2025-12-06 Manchester City-Sunderland,Sunderland,72’,3:0,Simon Adingra,Noah Sadiki,substitute_in
ENG-Premier League,2526,2025-12-06 Manchester City-Sunderland,Sunderland,73’,3:0,Romaine Mundle,Granit Xhaka,substitute_in
ENG-Premier League,2526,2025-12-06 Manchester City-Sunderland,Manchester City,82’,3:0,Sávio,Rayan Cherki,substitute_in
ENG-Premier League,2526,2025-12-06 Manchester City-Sunderland,Manchester City,82’,3:0,Rico Lewis,Bernardo Silva,substitute_in
ENG-Premier League,2526,2025-12-06 Manchester City-Sunderland,Sunderland,88’,3:0,Luke O'Nien,Trai Hume,substitute_in
ENG-Premier League,2526,2025-12-06 Manchester City-Sunderland,Sunderland,90+5’,3:0,Luke O'Nien,,red_card
ENG-Premier League,2526,2025-10-03 Bournemouth-Fulham,Fulham,14’,0:0,Tom Cairney,Saša Lukić,substitute_in
ENG-Premier League,2526,2025-10-03 Bournemouth-Fulham,Bournemouth,61’,0:0,Álex Jiménez,James Hill,substitute_in
ENG-Premier League,2526,2025-10-03 Bournemouth-Fulham,Bournemouth,61’,0:0,Justin Kluivert,Marcus Tavernier,substitute_in
ENG-Premier League,2526,2025-10-03 Bournemouth-Fulham,Fulham,67’,0:0,Samuel Chukwueze,Harry Wilson,substitute_in
ENG-Premier League,2526,2025-10-03 Bournemouth-Fulham,Fulham,67’,0:0,Kevin,Joshua King,substitute_in
ENG-Premier League,2526,2025-10-03 Bournemouth-Fulham,Fulham,70’,0:1,Ryan Sessegnon,Samuel Chukwueze,goal
ENG-Premier League,2526,2025-10-03 Bournemouth-Fulham,Fulham,76’,0:1,Issa Diop,,yellow_card
ENG-Premier League,2526,2025-10-03 Bournemouth-Fulham,Bournemouth,78’,1:1,Antoine Semenyo,Adrien Truffert,goal
ENG-Premier League,2526,2025-10-03 Bournemouth-Fulham,Bournemouth,78’,1:1,Ryan Christie,Tyler Adams,substitute_in
ENG-Premier League,2526,2025-10-03 Bournemouth-Fulham,Bournemouth,78’,1:1,Ben Gannon-Doak,Marcos Senesi,substitute_in
ENG-Premier League,2526,2025-10-03 Bournemouth-Fulham,Bournemouth,84’,2:1,Justin Kluivert,Antoine Semenyo,goal
ENG-Premier League,2526,2025-10-03 Bournemouth-Fulham,Bournemouth,85’,2:1,Veljko Milosavljević,David Brooks,substitute_in
ENG-Premier League,2526,2025-10-03 Bournemouth-Fulham,Fulham,86’,2:1,Adama Traoré,Alex Iwobi,substitute_in
ENG-Premier League,2526,2025-10-03 Bournemouth-Fulham,Fulham,86’,2:1,Emile Smith Rowe,Issa Diop,substitute_in
ENG-Premier League,2526,2025-10-03 Bournemouth-Fulham,Bournemouth,90+6’,3:1,Antoine Semenyo,Ben Gannon-Doak,goal
ENG-Premier League,2526,2025-09-21 Arsenal-Manchester City,Manchester City,36’,0:1,Bernardo Silva,,yellow_card
ENG-Premier League,2526,2025-09-21 Arsenal-Manchester City,Arsenal,46’,0:1,Bukayo Saka,Noni Madueke,substitute_in
ENG-Premier League,2526,2025-09-21 Arsenal-Manchester City,Arsenal,46’,0:1,Eberechi Eze,Mikel Merino,substitute_in
ENG-Premier League,2526,2025-09-21 Arsenal-Manchester City,Arsenal,46’,0:1,Jurriën Timber,,yellow_card
ENG-Premier League,2526,2025-09-21 Arsenal-Manchester City,Manchester City,46’,0:1,Matheus Nunes,Abdukodir Khusanov,substitute_in
ENG-Premier League,2526,2025-09-21 Arsenal-Manchester City,Manchester City,68’,0:1,Nathan Aké,Phil Foden,substitute_in
ENG-Premier League,2526,2025-09-21 Arsenal-Manchester City,Manchester City,76’,0:1,Nicolás González,Erling Haaland,substitute_in
ENG-Premier League,2526,2025-09-21 Arsenal-Manchester City,Manchester City,77’,0:1,Gianluigi Donnarumma,,yellow_card
ENG-Premier League,2526,2025-09-21 Arsenal-Manchester City,Arsenal,80’,0:1,Gabriel Martinelli,Jurriën Timber,substitute_in
ENG-Premier League,2526,2025-09-21 Arsenal-Manchester City,Arsenal,84’,0:1,Ethan Nwaneri,Leandro Trossard,substitute_in
ENG-Premier League,2526,2025-09-21 Arsenal-Manchester City,Manchester City,87’,0:1,John Stones,Nico O’Reilly,substitute_in
ENG-Premier League,2526,2025-09-21 Arsenal-Manchester City,Manchester City,87’,0:1,Sávio,Jeremy Doku,substitute_in
ENG-Premier League,2526,2025-09-21 Arsenal-Manchester City,Arsenal,90+3’,1:1,Gabriel Martinelli,Eberechi Eze,goal
ENG-Premier League,2526,2025-09-21 Arsenal-Manchester City,Arsenal,90+8’,1:1,Cristhian Mosquera,Martín Zubimendi,substitute_in
ENG-Premier League,2526,2025-09-21 Arsenal-Manchester City,Manchester City,9’,0:1,Erling Haaland,Tijjani Reijnders,goal
ENG-Premier League,2526,2026-01-07 Fulham-Chelsea,Chelsea,22’,0:0,Marc Cucurella,,red_card
ENG-Premier League,2526,2026-01-07 Fulham-Chelsea,Chelsea,24’,0:0,Enzo Fernández,,yellow_card
ENG-Premier League,2526,2026-01-07 Fulham-Chelsea,Chelsea,25’,0:0,Cole Palmer,,yellow_card
ENG-Premier League,2526,2026-01-07 Fulham-Chelsea,Chelsea,25’,0:0,Tosin Adarabioyo,,yellow_card
ENG-Premier League,2526,2026-01-07 Fulham-Chelsea,Chelsea,28’,0:0,Jorrel Hato,Andrey Santos,substitute_in
ENG-Premier League,2526,2026-01-07 Fulham-Chelsea,Fulham,45+7’,0:0,Jorge Cuenca,,yellow_card
ENG-Premier League,2526,2026-01-07 Fulham-Chelsea,Fulham,46’,0:0,Kevin,Jorge Cuenca,substitute_in
ENG-Premier League,2526,2026-01-07 Fulham-Chelsea,Fulham,55’,1:0,Raúl Jiménez,Sander Berge,goal
ENG-Premier League,2526,2026-01-07 Fulham-Chelsea,Chelsea,65’,1:0,Reece James,Enzo Fernández,substitute_in
ENG-Premier League,2526,2026-01-07 Fulham-Chelsea,Chelsea,72’,1:1,Liam Delap,,goal
ENG-Premier League,2526,2026-01-07 Fulham-Chelsea,Fulham,73’,1:1,Saša Lukić,Tom Cairney,substitute_in
ENG-Premier League,2526,2026-01-07 Fulham-Chelsea,Fulham,73’,1:1,Ryan Sessegnon,Antonee Robinson,substitute_in
ENG-Premier League,2526,2026-01-07 Fulham-Chelsea,Chelsea,75’,1:1,João Pedro,Cole Palmer,substitute_in
ENG-Premier League,2526,2026-01-07 Fulham-Chelsea,Chelsea,76’,1:1,Joshua Acheampong,Malo Gusto,substitute_in
ENG-Premier League,2526,2026-01-07 Fulham-Chelsea,Fulham,78’,1:1,Timothy Castagne,,yellow_card
ENG-Premier League,2526,2026-01-07 Fulham-Chelsea,Fulham,81’,2:1,Harry Wilson,,goal
ENG-Premier League,2526,2026-01-07 Fulham-Chelsea,Fulham,83’,2:1,Harrison Reed,Emile Smith Rowe,substitute_in
ENG-Premier League,2526,2026-01-07 Fulham-Chelsea,Fulham,90+1’,2:1,Adama Traoré,Harry Wilson,substitute_in
ENG-Premier League,2526,2026-01-07 Fulham-Chelsea,Fulham,90’,2:1,Raúl Jiménez,,yellow_card
ENG-Premier League,2526,2025-11-22 Liverpool-Nottingham Forest,Nottingham Forest,33’,0:1,Murillo,,goal
ENG-Premier League,2526,2025-11-22 Liverpool-Nottingham Forest,Nottingham Forest,46’,0:2,Nicolò Savona,Neco Williams,goal
ENG-Premier League,2526,2025-11-22 Liverpool-Nottingham Forest,Liverpool,55’,0:2,Hugo Ekitike,Ibrahima Konaté,substitute_in
ENG-Premier League,2526,2025-11-22 Liverpool-Nottingham Forest,Nottingham Forest,61’,0:2,Omari Hutchinson,Nicolás Domínguez,substitute_in
ENG-Premier League,2526,2025-11-22 Liverpool-Nottingham Forest,Liverpool,66’,0:2,Ryan Gravenberch,,yellow_card
ENG-Premier League,2526,2025-11-22 Liverpool-Nottingham Forest,Liverpool,68’,0:2,Andrew Robertson,Milos Kerkez,substitute_in
ENG-Premier League,2526,2025-11-22 Liverpool-Nottingham Forest,Liverpool,68’,0:2,Federico Chiesa,Alexander Isak,substitute_in
ENG-Premier League,2526,2025-11-22 Liverpool-Nottingham Forest,Liverpool,78’,0:3,Rio Ngumoha,Curtis Jones,substitute_in
ENG-Premier League,2526,2025-11-22 Liverpool-Nottingham Forest,Nottingham Forest,78’,0:3,Morgan Gibbs-White,,goal
ENG-Premier League,2526,2025-11-22 Liverpool-Nottingham Forest,Nottingham Forest,86’,0:3,Ryan Yates,Igor Jesus,substitute_in
ENG-Premier League,2526,2025-11-22 Liverpool-Nottingham Forest,Nottingham Forest,86’,0:3,Callum Hudson-Odoi,Dan Ndoye,substitute_in
ENG-Premier League,2526,2025-11-22 Liverpool-Nottingham Forest,Liverpool,87’,0:3,Federico Chiesa,,yellow_card
ENG-Premier League,2526,2025-08-17 Chelsea-Crystal Palace,Chelsea,24’,0:0,Reece James,,yellow_card
ENG-Premier League,2526,2025-08-17 Chelsea-Crystal Palace,Crystal Palace,28’,0:0,Daniel Muñoz,,yellow_card
ENG-Premier League,2526,2025-08-17 Chelsea-Crystal Palace,Crystal Palace,33’,0:0,Jean-Philippe Mateta,,yellow_card
ENG-Premier League,2526,2025-08-17 Chelsea-Crystal Palace,Crystal Palace,49’,0:0,Will Hughes,,yellow_card
ENG-Premier League,2526,2025-08-17 Chelsea-Crystal Palace,Chelsea,54’,0:0,Estêvão Willian,Jamie Gittens,substitute_in
ENG-Premier League,2526,2025-08-17 Chelsea-Crystal Palace,Crystal Palace,70’,0:0,Jefferson Lerma,Will Hughes,substitute_in
ENG-Premier League,2526,2025-08-17 Chelsea-Crystal Palace,Chelsea,73’,0:0,Liam Delap,João Pedro,substitute_in
ENG-Premier League,2526,2025-08-17 Chelsea-Crystal Palace,Chelsea,74’,0:0,Estêvão Willian,,yellow_card
ENG-Premier League,2526,2025-08-17 Chelsea-Crystal Palace,Chelsea,79’,0:0,Andrey Santos,Enzo Fernández,substitute_in
ENG-Premier League,2526,2025-08-17 Chelsea-Crystal Palace,Chelsea,79’,0:0,Malo Gusto,Reece James,substitute_in
ENG-Premier League,2526,2025-08-17 Chelsea-Crystal Palace,Crystal Palace,84’,0:0,Justin Devenny,Eberechi Eze,substitute_in
ENG-Premier League,2526,2026-02-22 Sunderland-Fulham,Sunderland,12’,0:0,Lutsharel Geertruida,Nordi Mukiele,substitute_in
ENG-Premier League,2526,2026-02-22 Sunderland-Fulham,Sunderland,39’,0:0,Romaine Mundle,Jocelin Ta Bi,substitute_in
ENG-Premier League,2526,2026-02-22 Sunderland-Fulham,Fulham,41’,0:0,Raúl Jiménez,,yellow_card
ENG-Premier League,2526,2026-02-22 Sunderland-Fulham,Fulham,45+1’,0:0,Oscar Bobb,Kevin,substitute_in
ENG-Premier League,2526,2026-02-22 Sunderland-Fulham,Fulham,54’,0:1,Raúl Jiménez,Alex Iwobi,goal
ENG-Premier League,2526,2026-02-22 Sunderland-Fulham,Sunderland,60’,0:1,Brian Brobbey,,yellow_card
ENG-Premier League,2526,2026-02-22 Sunderland-Fulham,Fulham,61’,0:2,Raúl Jiménez,,penalty_goal
ENG-Premier League,2526,2026-02-22 Sunderland-Fulham,Fulham,65’,0:2,Rodrigo Muniz,Raúl Jiménez,substitute_in
ENG-Premier League,2526,2026-02-22 Sunderland-Fulham,Sunderland,70’,0:2,Granit Xhaka,Habib Diarra,substitute_in
ENG-Premier League,2526,2026-02-22 Sunderland-Fulham,Sunderland,70’,0:2,Eliezer Mayenda,Nilson Angulo,substitute_in
ENG-Premier League,2526,2026-02-22 Sunderland-Fulham,Sunderland,70’,0:2,Wilson Isidor,Brian Brobbey,substitute_in
ENG-Premier League,2526,2026-02-22 Sunderland-Fulham,Sunderland,76’,1:2,Enzo Le Fée,,penalty_goal
ENG-Premier League,2526,2026-02-22 Sunderland-Fulham,Fulham,85’,1:3,Alex Iwobi,Harry Wilson,goal
ENG-Premier League,2526,2026-02-22 Sunderland-Fulham,Fulham,88’,1:3,Jorge Cuenca,Alex Iwobi,substitute_in
ENG-Premier League,2526,2026-02-22 Sunderland-Fulham,Fulham,88’,1:3,Tom Cairney,Emile Smith Rowe,substitute_in
ENG-Premier League,2526,2026-02-22 Sunderland-Fulham,Fulham,88’,1:3,Timothy Castagne,Kenny Tete,substitute_in
ENG-Premier League,2526,2026-02-22 Crystal Palace-Wolves,Crystal Palace,15’,0:0,Will Hughes,,yellow_card
ENG-Premier League,2526,2026-02-22 Crystal Palace-Wolves,Crystal Palace,31’,0:0,Jaydee Canvot,,yellow_card
ENG-Premier League,2526,2026-02-22 Crystal Palace-Wolves,Crystal Palace,41’,0:0,Adam Wharton,,yellow_card
ENG-Premier League,2526,2026-02-22 Crystal Palace-Wolves,Wolverhampton Wanderers,43’,0:0,Tolu Arokodare,Dean Henderson,penalty_miss
ENG-Premier League,2526,2026-02-22 Crystal Palace-Wolves,Crystal Palace,46’,0:0,Daichi Kamada,Will Hughes,substitute_in
ENG-Premier League,2526,2026-02-22 Crystal Palace-Wolves,Wolverhampton Wanderers,58’,0:0,Ladislav Krejčí,,yellow_card
ENG-Premier League,2526,2026-02-22 Crystal Palace-Wolves,Wolverhampton Wanderers,61’,0:0,Ladislav Krejčí,,yellow_red_card
ENG-Premier League,2526,2026-02-22 Crystal Palace-Wolves,Wolverhampton Wanderers,63’,0:0,David Møller Wolfe,Adam Armstrong,substitute_in
ENG-Premier League,2526,2026-02-22 Crystal Palace-Wolves,Crystal Palace,67’,0:0,Chadi Riad,,yellow_card
ENG-Premier League,2526,2026-02-22 Crystal Palace-Wolves,Crystal Palace,72’,0:0,Evann Guessand,Chadi Riad,substitute_in
ENG-Premier League,2526,2026-02-22 Crystal Palace-Wolves,Crystal Palace,77’,0:0,Brennan Johnson,Yeremi Pino,substitute_in
ENG-Premier League,2526,2026-02-22 Crystal Palace-Wolves,Wolverhampton Wanderers,87’,0:0,João Gomes,Jean-Ricner Bellegarde,substitute_in
ENG-Premier League,2526,2026-02-22 Crystal Palace-Wolves,Wolverhampton Wanderers,90+2’,1:0,Angel Gomes,Yerson Mosquera,substitute_in
ENG-Premier League,2526,2026-02-22 Crystal Palace-Wolves,Wolverhampton Wanderers,90+3’,1:0,André,,yellow_card
ENG-Premier League,2526,2026-02-22 Crystal Palace-Wolves,Crystal Palace,90+6’,1:0,Ismaila Sarr,,yellow_card
ENG-Premier League,2526,2026-02-22 Crystal Palace-Wolves,Crystal Palace,90’,1:0,Evann Guessand,Tyrick Mitchell,goal
ENG-Premier League,2526,2026-03-21 Everton-Chelsea,Everton,33’,1:0,Beto,James Garner,goal
ENG-Premier League,2526,2026-03-21 Everton-Chelsea,Chelsea,46’,1:0,Alejandro Garnacho,Malo Gusto,substitute_in
ENG-Premier League,2526,2026-03-21 Everton-Chelsea,Chelsea,57’,1:0,Andrey Santos,Roméo Lavia,substitute_in
ENG-Premier League,2526,2026-03-21 Everton-Chelsea,Everton,62’,2:0,Beto,Idrissa Gana Gueye,goal
ENG-Premier League,2526,2026-03-21 Everton-Chelsea,Chelsea,69’,2:0,Alejandro Garnacho,,yellow_card
ENG-Premier League,2526,2026-03-21 Everton-Chelsea,Chelsea,70’,2:0,Estêvão Willian,Pedro Neto,substitute_in
ENG-Premier League,2526,2026-03-21 Everton-Chelsea,Everton,76’,3:0,Iliman Ndiaye,Beto,goal
ENG-Premier League,2526,2026-03-21 Everton-Chelsea,Everton,78’,3:0,Jarrad Branthwaite,Dwight McNeil,substitute_in
ENG-Premier League,2526,2026-03-21 Everton-Chelsea,Chelsea,78’,3:0,Liam Delap,João Pedro,substitute_in
ENG-Premier League,2526,2026-03-21 Everton-Chelsea,Chelsea,78’,3:0,Tosin Adarabioyo,Moisés Caicedo,substitute_in
ENG-Premier League,2526,2026-03-21 Everton-Chelsea,Everton,81’,3:0,Thierno Barry,Beto,substitute_in
ENG-Premier League,2526,2026-03-21 Everton-Chelsea,Chelsea,87’,3:0,Wesley Fofana,,yellow_card
ENG-Premier League,2526,2026-03-21 Everton-Chelsea,Everton,89’,3:0,Merlin Röhl,Iliman Ndiaye,substitute_in
ENG-Premier League,2526,2026-03-21 Everton-Chelsea,Everton,89’,3:0,Tim Iroegbunam,Kiernan Dewsbury-Hall,substitute_in
ENG-Premier League,2526,2025-10-26 Aston Villa-Manchester City,Aston Villa,19’,1:0,Matty Cash,Emi Buendía,goal
ENG-Premier League,2526,2025-10-26 Aston Villa-Manchester City,Aston Villa,29’,1:0,Jadon Sancho,Emi Buendía,substitute_in
ENG-Premier League,2526,2025-10-26 Aston Villa-Manchester City,Manchester City,40’,1:0,Sávio,,yellow_card
ENG-Premier League,2526,2025-10-26 Aston Villa-Manchester City,Manchester City,54’,1:0,Tijjani Reijnders,,yellow_card
ENG-Premier League,2526,2025-10-26 Aston Villa-Manchester City,Manchester City,61’,1:0,Nico O’Reilly,John Stones,substitute_in
ENG-Premier League,2526,2025-10-26 Aston Villa-Manchester City,Manchester City,61’,1:0,Nicolás González,Bernardo Silva,substitute_in
ENG-Premier League,2526,2025-10-26 Aston Villa-Manchester City,Manchester City,61’,1:0,Jeremy Doku,Oscar Bobb,substitute_in
ENG-Premier League,2526,2025-10-26 Aston Villa-Manchester City,Manchester City,64’,1:0,Nicolás González,,yellow_card
ENG-Premier League,2526,2025-10-26 Aston Villa-Manchester City,Aston Villa,74’,1:0,Ross Barkley,John McGinn,substitute_in
ENG-Premier League,2526,2025-10-26 Aston Villa-Manchester City,Aston Villa,74’,1:0,Evann Guessand,Jadon Sancho,substitute_in
ENG-Premier League,2526,2025-10-26 Aston Villa-Manchester City,Manchester City,76’,1:0,Rayan Cherki,Tijjani Reijnders,substitute_in
ENG-Premier League,2526,2025-10-26 Aston Villa-Manchester City,Manchester City,80’,1:0,Phil Foden,,yellow_card
ENG-Premier League,2526,2025-10-26 Aston Villa-Manchester City,Aston Villa,81’,1:0,Boubacar Kamara,,yellow_card
ENG-Premier League,2526,2025-10-26 Aston Villa-Manchester City,Manchester City,84’,1:0,Omar Marmoush,Sávio,substitute_in
ENG-Premier League,2526,2025-10-26 Aston Villa-Manchester City,Aston Villa,86’,1:0,Donyell Malen,Ollie Watkins,substitute_in
ENG-Premier League,2526,2025-10-26 Aston Villa-Manchester City,Aston Villa,86’,1:0,Ian Maatsen,Lucas Digne,substitute_in
ENG-Premier League,2526,2025-10-24 Leeds United-West Ham United,Leeds United,15’,2:0,Joe Rodon,Sean Longstaff,goal
ENG-Premier League,2526,2025-10-24 Leeds United-West Ham United,West Ham United,25’,2:0,Callum Wilson,Oliver Scarles,substitute_in
ENG-Premier League,2526,2025-10-24 Leeds United-West Ham United,Leeds United,3’,1:0,Brenden Aaronson,,goal
ENG-Premier League,2526,2025-10-24 Leeds United-West Ham United,West Ham United,40’,2:0,Crysencio Summerville,,yellow_card
ENG-Premier League,2526,2025-10-24 Leeds United-West Ham United,Leeds United,44’,2:0,James Justin,Gabriel Gudmundsson,substitute_in
ENG-Premier League,2526,2025-10-24 Leeds United-West Ham United,Leeds United,46’,2:0,Jack Harrison,Noah Okafor,substitute_in
ENG-Premier League,2526,2025-10-24 Leeds United-West Ham United,West Ham United,55’,2:0,Lucas Paquetá,,yellow_card
ENG-Premier League,2526,2025-10-24 Leeds United-West Ham United,West Ham United,64’,2:0,Freddie Potts,Andy Irving,substitute_in
ENG-Premier League,2526,2025-10-24 Leeds United-West Ham United,West Ham United,65’,2:0,Mateus Fernandes,Tomáš Souček,substitute_in
ENG-Premier League,2526,2025-10-24 Leeds United-West Ham United,Leeds United,72’,2:0,Ilia Gruev,Ao Tanaka,substitute_in
ENG-Premier League,2526,2025-10-24 Leeds United-West Ham United,Leeds United,76’,2:0,Ilia Gruev,,yellow_card
ENG-Premier League,2526,2025-10-24 Leeds United-West Ham United,West Ham United,79’,2:0,Kyle Walker-Peters,Aaron Wan-Bissaka,substitute_in
ENG-Premier League,2526,2025-10-24 Leeds United-West Ham United,West Ham United,79’,2:0,Soungoutou Magassa,Crysencio Summerville,substitute_in
ENG-Premier League,2526,2025-10-24 Leeds United-West Ham United,Leeds United,84’,2:0,Lucas Perri,,yellow_card
ENG-Premier League,2526,2025-10-24 Leeds United-West Ham United,Leeds United,87’,2:0,Daniel James,Brenden Aaronson,substitute_in
ENG-Premier League,2526,2025-10-24 Leeds United-West Ham United,Leeds United,87’,2:0,Lukas Nmecha,Dominic Calvert-Lewin,substitute_in
ENG-Premier League,2526,2025-10-24 Leeds United-West Ham United,West Ham United,90+2’,2:1,Jean-Clair Todibo,,yellow_card
ENG-Premier League,2526,2025-10-24 Leeds United-West Ham United,Leeds United,90+3’,2:1,James Justin,,yellow_card
ENG-Premier League,2526,2025-10-24 Leeds United-West Ham United,West Ham United,90’,2:1,Mateus Fernandes,Jarrod Bowen,goal
ENG-Premier League,2526,2025-12-22 Fulham-Nottingham Forest,Nottingham Forest,45+4’,0:0,John,,yellow_card
ENG-Premier League,2526,2025-12-22 Fulham-Nottingham Forest,Fulham,45+5’,1:0,Raúl Jiménez,,penalty_goal
ENG-Premier League,2526,2025-12-22 Fulham-Nottingham Forest,Fulham,45+7’,1:0,Raúl Jiménez,,yellow_card
ENG-Premier League,2526,2025-12-22 Fulham-Nottingham Forest,Fulham,56’,1:0,Sander Berge,,yellow_card
ENG-Premier League,2526,2025-12-22 Fulham-Nottingham Forest,Fulham,66’,1:0,Tom Cairney,Sander Berge,substitute_in
ENG-Premier League,2526,2025-12-22 Fulham-Nottingham Forest,Nottingham Forest,70’,1:0,Murillo,,yellow_card
ENG-Premier League,2526,2025-12-22 Fulham-Nottingham Forest,Nottingham Forest,72’,1:0,Taiwo Awoniyi,Igor Jesus,substitute_in
ENG-Premier League,2526,2025-12-22 Fulham-Nottingham Forest,Nottingham Forest,73’,1:0,James Mcatee,Morgan Gibbs-White,substitute_in
ENG-Premier League,2526,2025-12-22 Fulham-Nottingham Forest,Nottingham Forest,73’,1:0,Nicolás Domínguez,Douglas Luiz,substitute_in
ENG-Premier League,2526,2025-12-22 Fulham-Nottingham Forest,Fulham,77’,1:0,Harry Wilson,,yellow_card
ENG-Premier League,2526,2025-12-22 Fulham-Nottingham Forest,Fulham,78’,1:0,Joshua King,Kevin,substitute_in
ENG-Premier League,2526,2025-12-22 Fulham-Nottingham Forest,Nottingham Forest,81’,1:0,Oleksandr Zinchenko,Nicolò Savona,substitute_in
ENG-Premier League,2526,2025-12-22 Fulham-Nottingham Forest,Fulham,82’,1:0,Jorge Cuenca,,yellow_card
ENG-Premier League,2526,2025-12-22 Fulham-Nottingham Forest,Nottingham Forest,83’,1:0,Nikola Milenković,,yellow_card
ENG-Premier League,2526,2025-12-22 Fulham-Nottingham Forest,Fulham,84’,1:0,Adama Traoré,Harry Wilson,substitute_in
ENG-Premier League,2526,2025-12-22 Fulham-Nottingham Forest,Fulham,85’,1:0,Issa Diop,Emile Smith Rowe,substitute_in
ENG-Premier League,2526,2025-12-22 Fulham-Nottingham Forest,Fulham,85’,1:0,Jonah Kusi-Asare,Raúl Jiménez,substitute_in
ENG-Premier League,2526,2025-12-22 Fulham-Nottingham Forest,Nottingham Forest,90+2’,1:0,Arnaud Kalimuendo,Callum Hudson-Odoi,substitute_in
ENG-Premier League,2526,2025-12-22 Fulham-Nottingham Forest,Fulham,90+4’,1:0,Joachim Andersen,,yellow_card
ENG-Premier League,2526,2025-12-22 Fulham-Nottingham Forest,Nottingham Forest,90+6’,1:0,Nicolás Domínguez,,yellow_card
ENG-Premier League,2526,2025-10-04 Arsenal-West Ham United,Arsenal,30’,0:0,Martín Zubimendi,Martin Ødegaard,substitute_in
ENG-Premier League,2526,2025-10-04 Arsenal-West Ham United,Arsenal,38’,1:0,Declan Rice,,goal
ENG-Premier League,2526,2025-10-04 Arsenal-West Ham United,West Ham United,58’,1:0,Crysencio Summerville,,yellow_card
ENG-Premier League,2526,2025-10-04 Arsenal-West Ham United,West Ham United,61’,1:0,Freddie Potts,Soungoutou Magassa,substitute_in
ENG-Premier League,2526,2025-10-04 Arsenal-West Ham United,West Ham United,61’,1:0,Callum Marshall,Niclas Füllkrug,substitute_in
ENG-Premier League,2526,2025-10-04 Arsenal-West Ham United,Arsenal,67’,2:0,Bukayo Saka,,penalty_goal
ENG-Premier League,2526,2025-10-04 Arsenal-West Ham United,West Ham United,69’,2:0,Lucas Paquetá,,yellow_card
ENG-Premier League,2526,2025-10-04 Arsenal-West Ham United,Arsenal,75’,2:0,Myles Lewis-Skelly,Riccardo Calafiori,substitute_in
ENG-Premier League,2526,2025-10-04 Arsenal-West Ham United,Arsenal,75’,2:0,Ethan Nwaneri,Leandro Trossard,substitute_in
ENG-Premier League,2526,2025-10-04 Arsenal-West Ham United,Arsenal,79’,2:0,Mikel Merino,Declan Rice,substitute_in
ENG-Premier League,2526,2025-10-04 Arsenal-West Ham United,Arsenal,79’,2:0,Gabriel Martinelli,Eberechi Eze,substitute_in
ENG-Premier League,2526,2025-10-04 Arsenal-West Ham United,West Ham United,79’,2:0,Kyle Walker-Peters,Aaron Wan-Bissaka,substitute_in
ENG-Premier League,2526,2026-01-07 Bournemouth-Tottenham Hotspur,Bournemouth,22’,1:1,Evanilson,Marcus Tavernier,goal
ENG-Premier League,2526,2026-01-07 Bournemouth-Tottenham Hotspur,Bournemouth,36’,2:1,Eli Junior Kroupi,Marcos Senesi,goal
ENG-Premier League,2526,2026-01-07 Bournemouth-Tottenham Hotspur,Bournemouth,43’,2:1,Antoine Semenyo,,yellow_card
ENG-Premier League,2526,2026-01-07 Bournemouth-Tottenham Hotspur,Bournemouth,51’,2:1,Lewis Cook,,yellow_card
ENG-Premier League,2526,2026-01-07 Bournemouth-Tottenham Hotspur,Tottenham Hotspur,57’,2:1,Wilson Odobert,Lucas Bergvall,substitute_in
ENG-Premier League,2526,2026-01-07 Bournemouth-Tottenham Hotspur,Tottenham Hotspur,5’,0:1,Mathys Tel,Xavi Simons,goal
ENG-Premier League,2526,2026-01-07 Bournemouth-Tottenham Hotspur,Tottenham Hotspur,60’,2:1,Pedro Porro,,yellow_card
ENG-Premier League,2526,2026-01-07 Bournemouth-Tottenham Hotspur,Tottenham Hotspur,61’,2:1,Randal Kolo Muani,,yellow_card
ENG-Premier League,2526,2026-01-07 Bournemouth-Tottenham Hotspur,Bournemouth,64’,2:1,David Brooks,Eli Junior Kroupi,substitute_in
ENG-Premier League,2526,2026-01-07 Bournemouth-Tottenham Hotspur,Bournemouth,64’,2:1,Enes Ünal,Evanilson,substitute_in
ENG-Premier League,2526,2026-01-07 Bournemouth-Tottenham Hotspur,Tottenham Hotspur,67’,2:1,Richarlison,Randal Kolo Muani,substitute_in
ENG-Premier League,2526,2026-01-07 Bournemouth-Tottenham Hotspur,Tottenham Hotspur,75’,2:1,Micky van de Ven,,yellow_card
ENG-Premier League,2526,2026-01-07 Bournemouth-Tottenham Hotspur,Bournemouth,77’,2:1,Álex Jiménez,,yellow_card
ENG-Premier League,2526,2026-01-07 Bournemouth-Tottenham Hotspur,Tottenham Hotspur,78’,2:2,João Palhinha,,goal
ENG-Premier League,2526,2026-01-07 Bournemouth-Tottenham Hotspur,Tottenham Hotspur,86’,2:2,Archie Gray,Rodrigo Bentancur,substitute_in
ENG-Premier League,2526,2026-01-07 Bournemouth-Tottenham Hotspur,Bournemouth,87’,2:2,Amine Adli,Álex Jiménez,substitute_in
ENG-Premier League,2526,2026-01-07 Bournemouth-Tottenham Hotspur,Bournemouth,87’,2:2,Bafodé Diakité,Marcus Tavernier,substitute_in
ENG-Premier League,2526,2026-01-07 Bournemouth-Tottenham Hotspur,Bournemouth,90+10’,3:2,Veljko Milosavljević,Antoine Semenyo,substitute_in
ENG-Premier League,2526,2026-01-07 Bournemouth-Tottenham Hotspur,Bournemouth,90+5’,3:2,Antoine Semenyo,David Brooks,goal
ENG-Premier League,2526,2025-10-25 Brentford-Liverpool,Brentford,29’,1:0,Vitaly Janelt,Yehor Yarmoliuk,substitute_in
ENG-Premier League,2526,2025-10-25 Brentford-Liverpool,Liverpool,33’,1:0,Milos Kerkez,,yellow_card
ENG-Premier League,2526,2025-10-25 Brentford-Liverpool,Liverpool,45+5’,2:1,Milos Kerkez,,goal
ENG-Premier League,2526,2025-10-25 Brentford-Liverpool,Brentford,45’,2:0,Kevin Schade,Mikkel Damsgaard,goal
ENG-Premier League,2526,2025-10-25 Brentford-Liverpool,Liverpool,57’,2:1,Mohamed Salah,,yellow_card
ENG-Premier League,2526,2025-10-25 Brentford-Liverpool,Brentford,5’,1:0,Dango Ouattara,,goal
ENG-Premier League,2526,2025-10-25 Brentford-Liverpool,Brentford,60’,3:1,Igor Thiago,,penalty_goal
ENG-Premier League,2526,2025-10-25 Brentford-Liverpool,Liverpool,61’,3:1,Andrew Robertson,Milos Kerkez,substitute_in
ENG-Premier League,2526,2025-10-25 Brentford-Liverpool,Liverpool,61’,3:1,Federico Chiesa,Cody Gakpo,substitute_in
ENG-Premier League,2526,2025-10-25 Brentford-Liverpool,Liverpool,62’,3:1,Alexis Mac Allister,Conor Bradley,substitute_in
ENG-Premier League,2526,2025-10-25 Brentford-Liverpool,Liverpool,70’,3:1,Rio Ngumoha,Curtis Jones,substitute_in
ENG-Premier League,2526,2025-10-25 Brentford-Liverpool,Brentford,76’,3:1,Kevin Schade,,yellow_card
ENG-Premier League,2526,2025-10-25 Brentford-Liverpool,Brentford,79’,3:1,Keane Lewis-Potter,Kevin Schade,substitute_in
ENG-Premier League,2526,2025-10-25 Brentford-Liverpool,Brentford,79’,3:1,Mathias Jensen,Mikkel Damsgaard,substitute_in
ENG-Premier League,2526,2025-10-25 Brentford-Liverpool,Liverpool,83’,3:1,Joe Gomez,Florian Wirtz,substitute_in
ENG-Premier League,2526,2025-10-25 Brentford-Liverpool,Liverpool,89’,3:2,Mohamed Salah,Dominik Szoboszlai,goal
ENG-Premier League,2526,2025-10-25 Brentford-Liverpool,Brentford,90+10’,3:2,Igor Thiago,,yellow_card
ENG-Premier League,2526,2025-10-25 Brentford-Liverpool,Brentford,90+4’,3:2,Keane Lewis-Potter,,yellow_card
ENG-Premier League,2526,2025-10-25 Brentford-Liverpool,Brentford,90+6’,3:2,Frank Onyeka,Dango Ouattara,substitute_in
ENG-Premier League,2526,2025-10-25 Brentford-Liverpool,Brentford,90+6’,3:2,Rico Henry,Kristoffer Ajer,substitute_in
ENG-Premier League,2526,2026-02-21 Chelsea-Burnley,Burnley,30’,1:0,Hannibal Mejbri,,yellow_card
ENG-Premier League,2526,2026-02-21 Chelsea-Burnley,Chelsea,34’,1:0,Wesley Fofana,,yellow_card
ENG-Premier League,2526,2026-02-21 Chelsea-Burnley,Burnley,46’,1:0,Lucas,Kyle Walker,substitute_in
ENG-Premier League,2526,2026-02-21 Chelsea-Burnley,Chelsea,4’,1:0,João Pedro,Pedro Neto,goal
ENG-Premier League,2526,2026-02-21 Chelsea-Burnley,Burnley,57’,1:0,James Ward-Prowse,Lesley Ugochukwu,substitute_in
ENG-Premier League,2526,2026-02-21 Chelsea-Burnley,Chelsea,72’,1:0,Wesley Fofana,,yellow_red_card
ENG-Premier League,2526,2026-02-21 Chelsea-Burnley,Chelsea,75’,1:0,Tosin Adarabioyo,Cole Palmer,substitute_in
ENG-Premier League,2526,2026-02-21 Chelsea-Burnley,Burnley,78’,1:0,Jacob Bruun Larsen,Josh Laurent,substitute_in
ENG-Premier League,2526,2026-02-21 Chelsea-Burnley,Chelsea,80’,1:0,Liam Delap,João Pedro,substitute_in
ENG-Premier League,2526,2026-02-21 Chelsea-Burnley,Chelsea,80’,1:0,Jorrel Hato,Malo Gusto,substitute_in
ENG-Premier League,2526,2026-02-21 Chelsea-Burnley,Burnley,84’,1:0,Ashley Barnes,Jaidon Anthony,substitute_in
ENG-Premier League,2526,2026-02-21 Chelsea-Burnley,Burnley,84’,1:0,Loum Tchaouna,Bashir Humphreys,substitute_in
ENG-Premier League,2526,2026-02-21 Chelsea-Burnley,Chelsea,88’,1:0,Mamadou Sarr,Pedro Neto,substitute_in
ENG-Premier League,2526,2026-02-21 Chelsea-Burnley,Chelsea,88’,1:0,Joshua Acheampong,Reece James,substitute_in
ENG-Premier League,2526,2026-02-21 Chelsea-Burnley,Burnley,90+3’,1:1,Josh Laurent,,yellow_card
ENG-Premier League,2526,2026-02-21 Chelsea-Burnley,Burnley,90+3’,1:1,Zian Flemming,James Ward-Prowse,goal
ENG-Premier League,2526,2026-02-21 Chelsea-Burnley,Chelsea,90+4’,1:1,Jorrel Hato,,yellow_card
ENG-Premier League,2526,2026-02-21 Chelsea-Burnley,Chelsea,90’,1:0,Robert Sánchez,,yellow_card
ENG-Premier League,2526,2025-10-26 Wolves-Burnley,Burnley,14’,0:1,Zian Flemming,Quilindschy Hartman,goal
ENG-Premier League,2526,2025-10-26 Wolves-Burnley,Burnley,30’,0:2,Zian Flemming,Quilindschy Hartman,goal
ENG-Premier League,2526,2025-10-26 Wolves-Burnley,Wolverhampton Wanderers,35’,0:2,Jean-Ricner Bellegarde,,yellow_card
ENG-Premier League,2526,2025-10-26 Wolves-Burnley,Wolverhampton Wanderers,42’,1:2,Jørgen Strand Larsen,,penalty_goal
ENG-Premier League,2526,2025-10-26 Wolves-Burnley,Wolverhampton Wanderers,45+4’,2:2,Marshall Munetsi,Ladislav Krejčí,goal
ENG-Premier League,2526,2025-10-26 Wolves-Burnley,Wolverhampton Wanderers,68’,2:2,João Gomes,André,substitute_in
ENG-Premier League,2526,2025-10-26 Wolves-Burnley,Wolverhampton Wanderers,68’,2:2,Hwang Hee-chan,Jhon Arias,substitute_in
ENG-Premier League,2526,2025-10-26 Wolves-Burnley,Burnley,69’,2:2,Josh Laurent,Jacob Bruun Larsen,substitute_in
ENG-Premier League,2526,2025-10-26 Wolves-Burnley,Wolverhampton Wanderers,76’,2:2,Jackson Tchatchoua,Ki-Jana Hoever,substitute_in
ENG-Premier League,2526,2025-10-26 Wolves-Burnley,Burnley,77’,2:2,Lyle Foster,Jaidon Anthony,substitute_in
ENG-Premier League,2526,2025-10-26 Wolves-Burnley,Wolverhampton Wanderers,85’,2:2,Tolu Arokodare,Marshall Munetsi,substitute_in
ENG-Premier League,2526,2025-10-26 Wolves-Burnley,Wolverhampton Wanderers,85’,2:2,David Møller Wolfe,Hugo Bueno,substitute_in
ENG-Premier League,2526,2025-10-26 Wolves-Burnley,Burnley,90+3’,2:2,Hjalmar Ekdal,Lesley Ugochukwu,substitute_in
ENG-Premier League,2526,2025-10-26 Wolves-Burnley,Burnley,90+3’,2:2,Hannibal Mejbri,Florentino Luís,substitute_in
ENG-Premier League,2526,2025-10-26 Wolves-Burnley,Burnley,90+5’,2:3,Lyle Foster,Hannibal Mejbri,goal
ENG-Premier League,2526,2026-02-01 Aston Villa-Brentford,Brentford,35’,0:0,Kristoffer Ajer,,yellow_card
ENG-Premier League,2526,2026-02-01 Aston Villa-Brentford,Brentford,42’,0:0,Kevin Schade,,red_card
ENG-Premier League,2526,2026-02-01 Aston Villa-Brentford,Brentford,45+1’,0:1,Dango Ouattara,,goal
ENG-Premier League,2526,2026-02-01 Aston Villa-Brentford,Brentford,45+5’,0:1,Michael Kayode,,yellow_card
ENG-Premier League,2526,2026-02-01 Aston Villa-Brentford,Aston Villa,46’,0:1,Leon Bailey,Lamare Bogarde,substitute_in
ENG-Premier League,2526,2026-02-01 Aston Villa-Brentford,Brentford,59’,0:1,Nathan Collins,Jordan Henderson,substitute_in
ENG-Premier League,2526,2026-02-01 Aston Villa-Brentford,Brentford,60’,0:1,Yehor Yarmoliuk,Dango Ouattara,substitute_in
ENG-Premier League,2526,2026-02-01 Aston Villa-Brentford,Brentford,76’,0:1,Keane Lewis-Potter,Mathias Jensen,substitute_in
ENG-Premier League,2526,2026-02-01 Aston Villa-Brentford,Aston Villa,77’,0:1,Harvey Elliott,Jadon Sancho,substitute_in
ENG-Premier League,2526,2026-02-01 Aston Villa-Brentford,Brentford,84’,0:1,Aaron Hickey,Rico Henry,substitute_in
ENG-Premier League,2526,2026-02-01 Aston Villa-Brentford,Brentford,90+1’,0:1,Vitaly Janelt,,yellow_card
ENG-Premier League,2526,2025-09-20 Fulham-Brentford,Brentford,20’,0:1,Mikkel Damsgaard,,goal
ENG-Premier League,2526,2025-09-20 Fulham-Brentford,Fulham,38’,1:1,Alex Iwobi,Rodrigo Muniz,goal
ENG-Premier League,2526,2025-09-20 Fulham-Brentford,Fulham,40’,2:1,Harry Wilson,Alex Iwobi,goal
ENG-Premier League,2526,2025-09-20 Fulham-Brentford,Fulham,43’,2:1,Joshua King,,yellow_card
ENG-Premier League,2526,2025-09-20 Fulham-Brentford,Fulham,50’,3:1,Ethan Pinnock,,own_goal
ENG-Premier League,2526,2025-09-20 Fulham-Brentford,Fulham,53’,3:1,Saša Lukić,,yellow_card
ENG-Premier League,2526,2025-09-20 Fulham-Brentford,Brentford,65’,3:1,Dango Ouattara,Igor Thiago,substitute_in
ENG-Premier League,2526,2025-09-20 Fulham-Brentford,Brentford,66’,3:1,Rico Henry,Keane Lewis-Potter,substitute_in
ENG-Premier League,2526,2025-09-20 Fulham-Brentford,Fulham,67’,3:1,Kevin,Joshua King,substitute_in
ENG-Premier League,2526,2025-09-20 Fulham-Brentford,Brentford,69’,3:1,Nathan Collins,,yellow_card
ENG-Premier League,2526,2025-09-20 Fulham-Brentford,Brentford,74’,3:1,Vitaly Janelt,Jordan Henderson,substitute_in
ENG-Premier League,2526,2025-09-20 Fulham-Brentford,Brentford,74’,3:1,Kristoffer Ajer,Ethan Pinnock,substitute_in
ENG-Premier League,2526,2025-09-20 Fulham-Brentford,Fulham,80’,3:1,Raúl Jiménez,Rodrigo Muniz,substitute_in
ENG-Premier League,2526,2025-09-20 Fulham-Brentford,Fulham,80’,3:1,Emile Smith Rowe,Alex Iwobi,substitute_in
ENG-Premier League,2526,2025-09-20 Fulham-Brentford,Fulham,81’,3:1,Bernd Leno,,yellow_card
ENG-Premier League,2526,2025-09-20 Fulham-Brentford,Fulham,86’,3:1,Jorge Cuenca,Harry Wilson,substitute_in
ENG-Premier League,2526,2025-09-20 Fulham-Brentford,Fulham,86’,3:1,Tom Cairney,Saša Lukić,substitute_in
ENG-Premier League,2526,2025-09-20 Fulham-Brentford,Brentford,87’,3:1,Fabio Carvalho,Mikkel Damsgaard,substitute_in
ENG-Premier League,2526,2025-09-20 Fulham-Brentford,Fulham,90+3’,3:1,Kevin,,yellow_card
ENG-Premier League,2526,2025-08-31 Nottingham Forest-West Ham United,Nottingham Forest,58’,0:0,James Mcatee,Dan Ndoye,substitute_in
ENG-Premier League,2526,2025-08-31 Nottingham Forest-West Ham United,West Ham United,64’,0:0,Callum Wilson,Niclas Füllkrug,substitute_in
ENG-Premier League,2526,2025-08-31 Nottingham Forest-West Ham United,Nottingham Forest,73’,0:0,Igor Jesus,Chris Wood,substitute_in
ENG-Premier League,2526,2025-08-31 Nottingham Forest-West Ham United,West Ham United,75’,0:0,Andy Irving,James Ward-Prowse,substitute_in
ENG-Premier League,2526,2025-08-31 Nottingham Forest-West Ham United,West Ham United,82’,0:0,Crysencio Summerville,Mateus Fernandes,substitute_in
ENG-Premier League,2526,2025-08-31 Nottingham Forest-West Ham United,West Ham United,84’,0:1,Jarrod Bowen,Crysencio Summerville,goal
ENG-Premier League,2526,2025-08-31 Nottingham Forest-West Ham United,West Ham United,88’,0:2,Lucas Paquetá,,penalty_goal
ENG-Premier League,2526,2025-08-31 Nottingham Forest-West Ham United,Nottingham Forest,89’,0:2,Omari Hutchinson,Callum Hudson-Odoi,substitute_in
ENG-Premier League,2526,2025-08-31 Nottingham Forest-West Ham United,Nottingham Forest,89’,0:2,Arnaud Kalimuendo,Ibrahim Sangaré,substitute_in
ENG-Premier League,2526,2025-08-31 Nottingham Forest-West Ham United,West Ham United,90+1’,0:3,Callum Wilson,El Hadji Malick Diouf,goal
ENG-Premier League,2526,2026-01-08 Arsenal-Liverpool,Arsenal,12’,0:0,Leandro Trossard,,yellow_card
ENG-Premier League,2526,2026-01-08 Arsenal-Liverpool,Arsenal,57’,0:0,Myles Lewis-Skelly,Piero Hincapié,substitute_in
ENG-Premier League,2526,2026-01-08 Arsenal-Liverpool,Arsenal,64’,0:0,Gabriel Martinelli,Leandro Trossard,substitute_in
ENG-Premier League,2526,2026-01-08 Arsenal-Liverpool,Arsenal,64’,0:0,Gabriel Jesus,Viktor Gyökeres,substitute_in
ENG-Premier League,2526,2026-01-08 Arsenal-Liverpool,Arsenal,78’,0:0,Eberechi Eze,Martin Ødegaard,substitute_in
ENG-Premier League,2526,2026-01-08 Arsenal-Liverpool,Arsenal,78’,0:0,Noni Madueke,Bukayo Saka,substitute_in
ENG-Premier League,2526,2026-01-08 Arsenal-Liverpool,Arsenal,90+3’,0:0,Gabriel Martinelli,,yellow_card
ENG-Premier League,2526,2026-01-08 Arsenal-Liverpool,Liverpool,90+3’,0:0,Ibrahima Konaté,,yellow_card
ENG-Premier League,2526,2026-01-08 Arsenal-Liverpool,Liverpool,90+5’,0:0,Joe Gomez,Conor Bradley,substitute_in
ENG-Premier League,2526,2026-01-08 Arsenal-Liverpool,Liverpool,90’,0:0,Alexis Mac Allister,,yellow_card
ENG-Premier League,2526,2025-08-25 Newcastle United-Liverpool,Liverpool,25’,0:0,Ibrahima Konaté,,yellow_card
ENG-Premier League,2526,2025-08-25 Newcastle United-Liverpool,Liverpool,35’,0:1,Ryan Gravenberch,Cody Gakpo,goal
ENG-Premier League,2526,2025-08-25 Newcastle United-Liverpool,Newcastle United,44’,0:1,Dan Burn,,yellow_card
ENG-Premier League,2526,2025-08-25 Newcastle United-Liverpool,Newcastle United,45+3’,0:1,Anthony Gordon,,red_card
ENG-Premier League,2526,2025-08-25 Newcastle United-Liverpool,Liverpool,46’,0:2,Hugo Ekitike,Cody Gakpo,goal
ENG-Premier League,2526,2025-08-25 Newcastle United-Liverpool,Newcastle United,47’,0:2,Bruno Guimarães,,yellow_card
ENG-Premier League,2526,2025-08-25 Newcastle United-Liverpool,Newcastle United,57’,1:2,Bruno Guimarães,Valentino Livramento,goal
ENG-Premier League,2526,2025-08-25 Newcastle United-Liverpool,Newcastle United,66’,1:2,Lewis Miley,Sandro Tonali,substitute_in
ENG-Premier League,2526,2025-08-25 Newcastle United-Liverpool,Newcastle United,76’,1:2,William Osula,Harvey Barnes,substitute_in
ENG-Premier League,2526,2025-08-25 Newcastle United-Liverpool,Newcastle United,76’,1:2,Jacob Ramsey,Joelinton,substitute_in
ENG-Premier League,2526,2025-08-25 Newcastle United-Liverpool,Newcastle United,76’,1:2,Lewis Hall,Kieran Trippier,substitute_in
ENG-Premier League,2526,2025-08-25 Newcastle United-Liverpool,Liverpool,80’,1:2,Conor Bradley,Florian Wirtz,substitute_in
ENG-Premier League,2526,2025-08-25 Newcastle United-Liverpool,Liverpool,80’,1:2,Federico Chiesa,Hugo Ekitike,substitute_in
ENG-Premier League,2526,2025-08-25 Newcastle United-Liverpool,Newcastle United,81’,1:2,Malick Thiaw,Fabian Schär,substitute_in
ENG-Premier League,2526,2025-08-25 Newcastle United-Liverpool,Liverpool,87’,1:2,Conor Bradley,,yellow_card
ENG-Premier League,2526,2025-08-25 Newcastle United-Liverpool,Newcastle United,88’,2:2,William Osula,,goal
ENG-Premier League,2526,2025-08-25 Newcastle United-Liverpool,Liverpool,8’,0:0,Ryan Gravenberch,,yellow_card
ENG-Premier League,2526,2025-08-25 Newcastle United-Liverpool,Liverpool,90+10’,2:3,Rio Ngumoha,Mohamed Salah,goal
ENG-Premier League,2526,2025-08-25 Newcastle United-Liverpool,Liverpool,90+12’,2:3,Wataru Endo,Mohamed Salah,substitute_in
ENG-Premier League,2526,2025-08-25 Newcastle United-Liverpool,Liverpool,90+6’,2:2,Harvey Elliott,Curtis Jones,substitute_in
ENG-Premier League,2526,2025-08-25 Newcastle United-Liverpool,Liverpool,90+6’,2:2,Rio Ngumoha,Cody Gakpo,substitute_in
ENG-Premier League,2526,2026-01-26 Everton-Leeds United,Leeds United,28’,0:1,James Justin,Anton Stach,goal
ENG-Premier League,2526,2026-01-26 Everton-Leeds United,Everton,46’,0:1,Kiernan Dewsbury-Hall,Dwight McNeil,substitute_in
ENG-Premier League,2526,2026-01-26 Everton-Leeds United,Everton,46’,0:1,Jarrad Branthwaite,Harrison Armstrong,substitute_in
ENG-Premier League,2526,2026-01-26 Everton-Leeds United,Leeds United,54’,0:1,Anton Stach,,yellow_card
ENG-Premier League,2526,2026-01-26 Everton-Leeds United,Leeds United,56’,0:1,Ilia Gruev,,yellow_card
ENG-Premier League,2526,2026-01-26 Everton-Leeds United,Leeds United,66’,0:1,Ao Tanaka,Ilia Gruev,substitute_in
ENG-Premier League,2526,2026-01-26 Everton-Leeds United,Everton,71’,0:1,Tyler Dibling,Nathan Patterson,substitute_in
ENG-Premier League,2526,2026-01-26 Everton-Leeds United,Everton,76’,1:1,Thierno Barry,Idrissa Gana Gueye,goal
ENG-Premier League,2526,2026-01-26 Everton-Leeds United,Leeds United,85’,1:1,Sean Longstaff,Anton Stach,substitute_in
ENG-Premier League,2526,2026-01-26 Everton-Leeds United,Leeds United,85’,1:1,Noah Okafor,Brenden Aaronson,substitute_in
ENG-Premier League,2526,2026-01-26 Everton-Leeds United,Leeds United,85’,1:1,Facundo Buonanotte,Sebastiaan Bornauw,substitute_in
ENG-Premier League,2526,2026-01-26 Everton-Leeds United,Everton,89’,1:1,Beto,Thierno Barry,substitute_in
ENG-Premier League,2526,2026-01-26 Everton-Leeds United,Leeds United,90’,1:1,Facundo Buonanotte,,yellow_card
ENG-Premier League,2526,2025-11-30 Nottingham Forest-Brighton,Brighton & Hove Albion,44’,0:0,Mats Wieffer,,yellow_card
ENG-Premier League,2526,2025-11-30 Nottingham Forest-Brighton,Brighton & Hove Albion,45+1’,0:1,Maxim De Cuyper,,goal
ENG-Premier League,2526,2025-11-30 Nottingham Forest-Brighton,Nottingham Forest,46’,0:1,Omari Hutchinson,Dan Ndoye,substitute_in
ENG-Premier League,2526,2025-11-30 Nottingham Forest-Brighton,Nottingham Forest,46’,0:1,Callum Hudson-Odoi,Nicolás Domínguez,substitute_in
ENG-Premier League,2526,2025-11-30 Nottingham Forest-Brighton,Brighton & Hove Albion,56’,0:1,Jack Hinshelwood,Georginio Rutter,substitute_in
ENG-Premier League,2526,2025-11-30 Nottingham Forest-Brighton,Brighton & Hove Albion,65’,0:1,Stefanos Tzimas,Danny Welbeck,substitute_in
ENG-Premier League,2526,2025-11-30 Nottingham Forest-Brighton,Nottingham Forest,74’,0:1,Arnaud Kalimuendo,Igor Jesus,substitute_in
ENG-Premier League,2526,2025-11-30 Nottingham Forest-Brighton,Nottingham Forest,74’,0:1,Ryan Yates,Ibrahim Sangaré,substitute_in
ENG-Premier League,2526,2025-11-30 Nottingham Forest-Brighton,Brighton & Hove Albion,84’,0:1,Brajan Gruda,Yankuba Minteh,substitute_in
ENG-Premier League,2526,2025-11-30 Nottingham Forest-Brighton,Brighton & Hove Albion,84’,0:1,Joël Veltman,Diego Gómez,substitute_in
ENG-Premier League,2526,2025-11-30 Nottingham Forest-Brighton,Brighton & Hove Albion,84’,0:1,Carlos Baleba,Maxim De Cuyper,substitute_in
ENG-Premier League,2526,2025-11-30 Nottingham Forest-Brighton,Nottingham Forest,85’,0:1,James Mcatee,Morgan Gibbs-White,substitute_in
ENG-Premier League,2526,2025-11-30 Nottingham Forest-Brighton,Brighton & Hove Albion,88’,0:2,Stefanos Tzimas,,goal
ENG-Premier League,2526,2026-02-11 Crystal Palace-Burnley,Crystal Palace,17’,1:0,Jørgen Strand Larsen,Adam Wharton,goal
ENG-Premier League,2526,2026-02-11 Crystal Palace-Burnley,Crystal Palace,33’,2:0,Jørgen Strand Larsen,Jefferson Lerma,goal
ENG-Premier League,2526,2026-02-11 Crystal Palace-Burnley,Crystal Palace,35’,2:0,Chris Richards,,yellow_card
ENG-Premier League,2526,2026-02-11 Crystal Palace-Burnley,Crystal Palace,36’,2:0,Jefferson Lerma,,yellow_card
ENG-Premier League,2526,2026-02-11 Crystal Palace-Burnley,Burnley,40’,2:1,Hannibal Mejbri,Marcus Edwards,goal
ENG-Premier League,2526,2026-02-11 Crystal Palace-Burnley,Burnley,44’,2:2,Jaidon Anthony,Lesley Ugochukwu,goal
ENG-Premier League,2526,2026-02-11 Crystal Palace-Burnley,Burnley,45+2’,2:3,Jefferson Lerma,,own_goal
ENG-Premier League,2526,2026-02-11 Crystal Palace-Burnley,Crystal Palace,46’,2:3,Chadi Riad,Jefferson Lerma,substitute_in
ENG-Premier League,2526,2026-02-11 Crystal Palace-Burnley,Crystal Palace,58’,2:3,Brennan Johnson,Evann Guessand,substitute_in
ENG-Premier League,2526,2026-02-11 Crystal Palace-Burnley,Crystal Palace,72’,2:3,Yeremi Pino,Daichi Kamada,substitute_in
ENG-Premier League,2526,2026-02-11 Crystal Palace-Burnley,Crystal Palace,72’,2:3,Will Hughes,Daniel Muñoz,substitute_in
ENG-Premier League,2526,2026-02-11 Crystal Palace-Burnley,Burnley,73’,2:3,Jacob Bruun Larsen,Marcus Edwards,substitute_in
ENG-Premier League,2526,2026-02-11 Crystal Palace-Burnley,Burnley,73’,2:3,Lyle Foster,Zian Flemming,substitute_in
ENG-Premier League,2526,2026-02-11 Crystal Palace-Burnley,Burnley,74’,2:3,Hannibal Mejbri,,yellow_card
ENG-Premier League,2526,2026-02-11 Crystal Palace-Burnley,Crystal Palace,83’,2:3,Christantus Uche,Adam Wharton,substitute_in
ENG-Premier League,2526,2026-02-11 Crystal Palace-Burnley,Burnley,83’,2:3,James Ward-Prowse,Hannibal Mejbri,substitute_in
ENG-Premier League,2526,2026-02-11 Crystal Palace-Burnley,Burnley,87’,2:3,Florentino Luís,Lesley Ugochukwu,substitute_in
ENG-Premier League,2526,2026-03-21 Fulham-Burnley,Burnley,18’,0:0,Lesley Ugochukwu,Hannibal Mejbri,substitute_in
ENG-Premier League,2526,2026-03-21 Fulham-Burnley,Burnley,37’,0:0,Josh Laurent,,yellow_card
ENG-Premier League,2526,2026-03-21 Fulham-Burnley,Fulham,55’,0:0,Antonee Robinson,,yellow_card
ENG-Premier League,2526,2026-03-21 Fulham-Burnley,Burnley,60’,0:1,Zian Flemming,Lyle Foster,goal
ENG-Premier League,2526,2026-03-21 Fulham-Burnley,Fulham,61’,0:1,Ryan Sessegnon,Antonee Robinson,substitute_in
ENG-Premier League,2526,2026-03-21 Fulham-Burnley,Fulham,61’,0:1,Samuel Chukwueze,Oscar Bobb,substitute_in
ENG-Premier League,2526,2026-03-21 Fulham-Burnley,Burnley,64’,0:1,James Ward-Prowse,,yellow_card
ENG-Premier League,2526,2026-03-21 Fulham-Burnley,Fulham,67’,1:1,Joshua King,,goal
ENG-Premier League,2526,2026-03-21 Fulham-Burnley,Fulham,73’,2:1,Harry Wilson,Joshua King,goal
ENG-Premier League,2526,2026-03-21 Fulham-Burnley,Burnley,78’,2:1,Ashley Barnes,James Ward-Prowse,substitute_in
ENG-Premier League,2526,2026-03-21 Fulham-Burnley,Burnley,78’,2:1,Marcus Edwards,Lyle Foster,substitute_in
ENG-Premier League,2526,2026-03-21 Fulham-Burnley,Fulham,82’,2:1,Emile Smith Rowe,Joshua King,substitute_in
ENG-Premier League,2526,2026-03-21 Fulham-Burnley,Fulham,82’,2:1,Raúl Jiménez,Rodrigo Muniz,substitute_in
ENG-Premier League,2526,2026-03-21 Fulham-Burnley,Fulham,87’,2:1,Harrison Reed,Harry Wilson,substitute_in
ENG-Premier League,2526,2026-03-21 Fulham-Burnley,Burnley,87’,2:1,Loum Tchaouna,Kyle Walker,substitute_in
ENG-Premier League,2526,2026-03-21 Fulham-Burnley,Fulham,90+2’,2:1,Alex Iwobi,,yellow_card
ENG-Premier League,2526,2026-03-21 Fulham-Burnley,Burnley,90+3’,2:1,Josh Laurent,,red_card
ENG-Premier League,2526,2026-03-21 Fulham-Burnley,Fulham,90+5’,3:1,Raúl Jiménez,,penalty_goal
ENG-Premier League,2526,2025-08-30 Chelsea-Fulham,Chelsea,14’,0:0,Tyrique George,Liam Delap,substitute_in
ENG-Premier League,2526,2025-08-30 Chelsea-Fulham,Chelsea,38’,0:0,Moisés Caicedo,,yellow_card
ENG-Premier League,2526,2025-08-30 Chelsea-Fulham,Chelsea,45+9’,1:0,João Pedro,Enzo Fernández,goal
ENG-Premier League,2526,2025-08-30 Chelsea-Fulham,Chelsea,56’,2:0,Enzo Fernández,,penalty_goal
ENG-Premier League,2526,2025-08-30 Chelsea-Fulham,Fulham,60’,2:0,Raúl Jiménez,Rodrigo Muniz,substitute_in
ENG-Premier League,2526,2025-08-30 Chelsea-Fulham,Fulham,60’,2:0,Harry Wilson,Timothy Castagne,substitute_in
ENG-Premier League,2526,2025-08-30 Chelsea-Fulham,Fulham,67’,2:0,Emile Smith Rowe,Joshua King,substitute_in
ENG-Premier League,2526,2025-08-30 Chelsea-Fulham,Fulham,67’,2:0,Antonee Robinson,Ryan Sessegnon,substitute_in
ENG-Premier League,2526,2025-08-30 Chelsea-Fulham,Chelsea,68’,2:0,Jamie Gittens,Estêvão Willian,substitute_in
ENG-Premier League,2526,2025-08-30 Chelsea-Fulham,Fulham,73’,2:0,Alex Iwobi,,yellow_card
ENG-Premier League,2526,2025-08-30 Chelsea-Fulham,Chelsea,81’,2:0,Andrey Santos,Tyrique George,substitute_in
ENG-Premier League,2526,2025-08-30 Chelsea-Fulham,Chelsea,81’,2:0,Reece James,Pedro Neto,substitute_in
ENG-Premier League,2526,2025-08-30 Chelsea-Fulham,Fulham,84’,2:0,Adama Traoré,Alex Iwobi,substitute_in
ENG-Premier League,2526,2025-08-30 Chelsea-Fulham,Chelsea,90+3’,2:0,Andrey Santos,,yellow_card
ENG-Premier League,2526,2025-08-30 Chelsea-Fulham,Fulham,90+6’,2:0,Saša Lukić,,yellow_card
ENG-Premier League,2526,2025-11-01 Burnley-Arsenal,Arsenal,14’,0:1,Viktor Gyökeres,Gabriel Magalhães,goal
ENG-Premier League,2526,2025-11-01 Burnley-Arsenal,Burnley,27’,0:1,Josh Cullen,,yellow_card
ENG-Premier League,2526,2025-11-01 Burnley-Arsenal,Arsenal,35’,0:2,Declan Rice,Leandro Trossard,goal
ENG-Premier League,2526,2025-11-01 Burnley-Arsenal,Arsenal,46’,0:2,Mikel Merino,Viktor Gyökeres,substitute_in
ENG-Premier League,2526,2025-11-01 Burnley-Arsenal,Burnley,55’,0:2,Zian Flemming,,yellow_card
ENG-Premier League,2526,2025-11-01 Burnley-Arsenal,Burnley,62’,0:2,Loum Tchaouna,Jaidon Anthony,substitute_in
ENG-Premier League,2526,2025-11-01 Burnley-Arsenal,Burnley,62’,0:2,Jacob Bruun Larsen,Lesley Ugochukwu,substitute_in
ENG-Premier League,2526,2025-11-01 Burnley-Arsenal,Arsenal,72’,0:2,Piero Hincapié,Riccardo Calafiori,substitute_in
ENG-Premier League,2526,2025-11-01 Burnley-Arsenal,Arsenal,72’,0:2,Ethan Nwaneri,Eberechi Eze,substitute_in
ENG-Premier League,2526,2025-11-01 Burnley-Arsenal,Burnley,76’,0:2,Armando Broja,Zian Flemming,substitute_in
ENG-Premier League,2526,2025-11-01 Burnley-Arsenal,Burnley,76’,0:2,Hannibal Mejbri,Josh Laurent,substitute_in
ENG-Premier League,2526,2025-11-01 Burnley-Arsenal,Arsenal,77’,0:2,Christian Nørgaard,Martín Zubimendi,substitute_in
ENG-Premier League,2526,2025-11-01 Burnley-Arsenal,Burnley,83’,0:2,Marcus Edwards,Josh Cullen,substitute_in
ENG-Premier League,2526,2025-11-01 Burnley-Arsenal,Arsenal,90+1’,0:2,Myles Lewis-Skelly,Leandro Trossard,substitute_in
ENG-Premier League,2526,2025-11-01 Burnley-Arsenal,Arsenal,90+5’,0:2,Gabriel Magalhães,,yellow_card
ENG-Premier League,2526,2026-03-14 Burnley-Bournemouth,Bournemouth,61’,0:0,Álex Jiménez,Adam Smith,substitute_in
ENG-Premier League,2526,2026-03-14 Burnley-Bournemouth,Bournemouth,61’,0:0,Amine Adli,Ryan Christie,substitute_in
ENG-Premier League,2526,2026-03-14 Burnley-Bournemouth,Burnley,66’,0:0,Marcus Edwards,Lyle Foster,substitute_in
ENG-Premier League,2526,2026-03-14 Burnley-Bournemouth,Burnley,74’,0:0,Joe Worrall,Maxime Estève,substitute_in
ENG-Premier League,2526,2026-03-14 Burnley-Bournemouth,Burnley,74’,0:0,Lucas,Quilindschy Hartman,substitute_in
ENG-Premier League,2526,2026-03-14 Burnley-Bournemouth,Burnley,75’,0:0,Hannibal Mejbri,,yellow_card
ENG-Premier League,2526,2026-03-14 Burnley-Bournemouth,Bournemouth,80’,0:0,David Brooks,Eli Junior Kroupi,substitute_in
ENG-Premier League,2526,2026-03-14 Burnley-Bournemouth,Bournemouth,87’,0:0,Enes Ünal,Rayan Vitor,substitute_in
ENG-Premier League,2526,2026-03-14 Burnley-Bournemouth,Burnley,88’,0:0,Armando Broja,Zian Flemming,substitute_in
ENG-Premier League,2526,2026-03-14 Burnley-Bournemouth,Burnley,88’,0:0,Lesley Ugochukwu,Josh Laurent,substitute_in
ENG-Premier League,2526,2025-12-30 West Ham United-Brighton,West Ham United,10’,1:0,Jarrod Bowen,Lucas Paquetá,goal
ENG-Premier League,2526,2025-12-30 West Ham United-Brighton,West Ham United,13’,1:0,Jarrod Bowen,,yellow_card
ENG-Premier League,2526,2025-12-30 West Ham United-Brighton,Brighton & Hove Albion,32’,1:1,Danny Welbeck,,penalty_goal
ENG-Premier League,2526,2025-12-30 West Ham United-Brighton,Brighton & Hove Albion,36’,1:1,Danny Welbeck,,penalty_miss
ENG-Premier League,2526,2025-12-30 West Ham United-Brighton,Brighton & Hove Albion,37’,1:1,Danny Welbeck,,yellow_card
ENG-Premier League,2526,2025-12-30 West Ham United-Brighton,West Ham United,37’,1:1,Mateus Fernandes,,yellow_card
ENG-Premier League,2526,2025-12-30 West Ham United-Brighton,Brighton & Hove Albion,42’,1:1,James Milner,,yellow_card
ENG-Premier League,2526,2025-12-30 West Ham United-Brighton,Brighton & Hove Albion,45+2’,1:1,Lewis Dunk,,yellow_card
ENG-Premier League,2526,2025-12-30 West Ham United-Brighton,West Ham United,45+3’,1:1,Konstantinos Mavropanos,Jean-Clair Todibo,substitute_in
ENG-Premier League,2526,2025-12-30 West Ham United-Brighton,West Ham United,45+4’,2:1,Lucas Paquetá,,penalty_goal
ENG-Premier League,2526,2025-12-30 West Ham United-Brighton,West Ham United,45’,1:1,Max Kilman,,yellow_card
ENG-Premier League,2526,2025-12-30 West Ham United-Brighton,Brighton & Hove Albion,58’,2:1,Kaoru Mitoma,Maxim De Cuyper,substitute_in
ENG-Premier League,2526,2025-12-30 West Ham United-Brighton,Brighton & Hove Albion,58’,2:1,Brajan Gruda,Yankuba Minteh,substitute_in
ENG-Premier League,2526,2025-12-30 West Ham United-Brighton,Brighton & Hove Albion,61’,2:2,Joël Veltman,,goal
ENG-Premier League,2526,2025-12-30 West Ham United-Brighton,West Ham United,63’,2:2,Crysencio Summerville,Callum Wilson,substitute_in
ENG-Premier League,2526,2025-12-30 West Ham United-Brighton,Brighton & Hove Albion,72’,2:2,Georginio Rutter,Diego Gómez,substitute_in
ENG-Premier League,2526,2025-12-30 West Ham United-Brighton,Brighton & Hove Albion,72’,2:2,Jack Hinshelwood,James Milner,substitute_in
ENG-Premier League,2526,2025-12-30 West Ham United-Brighton,West Ham United,82’,2:2,Tomáš Souček,Soungoutou Magassa,substitute_in
ENG-Premier League,2526,2025-12-30 West Ham United-Brighton,West Ham United,83’,2:2,Mohamadou Kanté,Lucas Paquetá,substitute_in
ENG-Premier League,2526,2025-12-30 West Ham United-Brighton,Brighton & Hove Albion,83’,2:2,Charalampos Kostoulas,Danny Welbeck,substitute_in
ENG-Premier League,2526,2025-12-30 West Ham United-Brighton,West Ham United,83’,2:2,Ezra Mayers,Kyle Walker-Peters,substitute_in
ENG-Premier League,2526,2025-12-30 West Ham United-Brighton,Brighton & Hove Albion,84’,2:2,Charalampos Kostoulas,,yellow_card
ENG-Premier League,2526,2025-12-30 West Ham United-Brighton,Brighton & Hove Albion,90+3’,2:2,Jan Paul van Hecke,,yellow_card
ENG-Premier League,2526,2026-03-04 Aston Villa-Chelsea,Aston Villa,2’,1:0,Douglas Luiz,Leon Bailey,goal
ENG-Premier League,2526,2026-03-04 Aston Villa-Chelsea,Aston Villa,32’,1:0,Matty Cash,,yellow_card
ENG-Premier League,2526,2026-03-04 Aston Villa-Chelsea,Chelsea,35’,1:1,João Pedro,Malo Gusto,goal
ENG-Premier League,2526,2026-03-04 Aston Villa-Chelsea,Chelsea,45+6’,1:2,João Pedro,Enzo Fernández,goal
ENG-Premier League,2526,2026-03-04 Aston Villa-Chelsea,Aston Villa,46’,1:2,Lamare Bogarde,Matty Cash,substitute_in
ENG-Premier League,2526,2026-03-04 Aston Villa-Chelsea,Chelsea,54’,1:2,João Pedro,,yellow_card
ENG-Premier League,2526,2026-03-04 Aston Villa-Chelsea,Chelsea,55’,1:3,Cole Palmer,João Pedro,goal
ENG-Premier League,2526,2026-03-04 Aston Villa-Chelsea,Chelsea,58’,1:3,Enzo Fernández,,yellow_card
ENG-Premier League,2526,2026-03-04 Aston Villa-Chelsea,Aston Villa,58’,1:3,Morgan Rogers,,yellow_card
ENG-Premier League,2526,2026-03-04 Aston Villa-Chelsea,Aston Villa,63’,1:3,Ross Barkley,Douglas Luiz,substitute_in
ENG-Premier League,2526,2026-03-04 Aston Villa-Chelsea,Aston Villa,63’,1:3,Jadon Sancho,Emi Buendía,substitute_in
ENG-Premier League,2526,2026-03-04 Aston Villa-Chelsea,Aston Villa,63’,1:3,Alysson Edward,Leon Bailey,substitute_in
ENG-Premier League,2526,2026-03-04 Aston Villa-Chelsea,Chelsea,64’,1:4,João Pedro,Alejandro Garnacho,goal
ENG-Premier League,2526,2026-03-04 Aston Villa-Chelsea,Aston Villa,68’,1:4,Ollie Watkins,,yellow_card
ENG-Premier League,2526,2026-03-04 Aston Villa-Chelsea,Aston Villa,72’,1:4,Tammy Abraham,Ollie Watkins,substitute_in
ENG-Premier League,2526,2026-03-04 Aston Villa-Chelsea,Chelsea,75’,1:4,Roméo Lavia,Malo Gusto,substitute_in
ENG-Premier League,2526,2026-03-04 Aston Villa-Chelsea,Chelsea,79’,1:4,Tosin Adarabioyo,Wesley Fofana,substitute_in
ENG-Premier League,2526,2026-03-04 Aston Villa-Chelsea,Chelsea,79’,1:4,Marc Cucurella,Enzo Fernández,substitute_in
ENG-Premier League,2526,2026-03-04 Aston Villa-Chelsea,Chelsea,85’,1:4,Liam Delap,João Pedro,substitute_in
ENG-Premier League,2526,2026-03-04 Aston Villa-Chelsea,Chelsea,85’,1:4,Andrey Santos,Cole Palmer,substitute_in
ENG-Premier League,2526,2025-12-20 Tottenham Hotspur-Liverpool,Tottenham Hotspur,33’,0:0,Xavi Simons,,red_card
ENG-Premier League,2526,2025-12-20 Tottenham Hotspur-Liverpool,Liverpool,46’,0:0,Alexander Isak,Conor Bradley,substitute_in
ENG-Premier League,2526,2025-12-20 Tottenham Hotspur-Liverpool,Liverpool,56’,0:1,Alexander Isak,Florian Wirtz,goal
ENG-Premier League,2526,2025-12-20 Tottenham Hotspur-Liverpool,Tottenham Hotspur,58’,0:1,Brennan Johnson,Mohammed Kudus,substitute_in
ENG-Premier League,2526,2025-12-20 Tottenham Hotspur-Liverpool,Liverpool,60’,0:1,Jeremie Frimpong,Alexander Isak,substitute_in
ENG-Premier League,2526,2025-12-20 Tottenham Hotspur-Liverpool,Tottenham Hotspur,66’,0:2,Cristian Romero,,yellow_card
ENG-Premier League,2526,2025-12-20 Tottenham Hotspur-Liverpool,Liverpool,66’,0:2,Hugo Ekitike,,goal
ENG-Premier League,2526,2025-12-20 Tottenham Hotspur-Liverpool,Tottenham Hotspur,71’,0:2,Wilson Odobert,Lucas Bergvall,substitute_in
ENG-Premier League,2526,2025-12-20 Tottenham Hotspur-Liverpool,Tottenham Hotspur,71’,0:2,João Palhinha,Archie Gray,substitute_in
ENG-Premier League,2526,2025-12-20 Tottenham Hotspur-Liverpool,Liverpool,76’,0:2,Ibrahima Konaté,,yellow_card
ENG-Premier League,2526,2025-12-20 Tottenham Hotspur-Liverpool,Tottenham Hotspur,80’,0:2,Richarlison,Randal Kolo Muani,substitute_in
ENG-Premier League,2526,2025-12-20 Tottenham Hotspur-Liverpool,Tottenham Hotspur,83’,1:2,Richarlison,,goal
ENG-Premier League,2526,2025-12-20 Tottenham Hotspur-Liverpool,Liverpool,83’,1:2,Dominik Szoboszlai,,yellow_card
ENG-Premier League,2526,2025-12-20 Tottenham Hotspur-Liverpool,Tottenham Hotspur,85’,1:2,Micky van de Ven,,yellow_card
ENG-Premier League,2526,2025-12-20 Tottenham Hotspur-Liverpool,Liverpool,90+10’,1:2,Trey Nyoni,Florian Wirtz,substitute_in
ENG-Premier League,2526,2025-12-20 Tottenham Hotspur-Liverpool,Tottenham Hotspur,90+11’,1:2,Richarlison,,yellow_card
ENG-Premier League,2526,2025-12-20 Tottenham Hotspur-Liverpool,Tottenham Hotspur,90+3’,1:2,Cristian Romero,,yellow_red_card
ENG-Premier League,2526,2025-12-20 Tottenham Hotspur-Liverpool,Tottenham Hotspur,90+5’,1:2,Rodrigo Bentancur,,yellow_card
ENG-Premier League,2526,2025-12-20 Tottenham Hotspur-Liverpool,Liverpool,90+7’,1:2,Alexis Mac Allister,,yellow_card
ENG-Premier League,2526,2025-12-20 Tottenham Hotspur-Liverpool,Liverpool,90+9’,1:2,Andrew Robertson,Hugo Ekitike,substitute_in
ENG-Premier League,2526,2025-12-20 Tottenham Hotspur-Liverpool,Liverpool,90’,1:2,Federico Chiesa,Jeremie Frimpong,substitute_in
ENG-Premier League,2526,2025-12-14 Nottingham Forest-Tottenham Hotspur,Nottingham Forest,28’,1:0,Callum Hudson-Odoi,Ibrahim Sangaré,goal
ENG-Premier League,2526,2025-12-14 Nottingham Forest-Tottenham Hotspur,Nottingham Forest,31’,1:0,Nicolò Savona,,yellow_card
ENG-Premier League,2526,2025-12-14 Nottingham Forest-Tottenham Hotspur,Tottenham Hotspur,40’,1:0,Archie Gray,,yellow_card
ENG-Premier League,2526,2025-12-14 Nottingham Forest-Tottenham Hotspur,Nottingham Forest,50’,2:0,Callum Hudson-Odoi,Ibrahim Sangaré,goal
ENG-Premier League,2526,2025-12-14 Nottingham Forest-Tottenham Hotspur,Tottenham Hotspur,59’,2:0,Ben Davies,Djed Spence,substitute_in
ENG-Premier League,2526,2025-12-14 Nottingham Forest-Tottenham Hotspur,Tottenham Hotspur,59’,2:0,Lucas Bergvall,Rodrigo Bentancur,substitute_in
ENG-Premier League,2526,2025-12-14 Nottingham Forest-Tottenham Hotspur,Tottenham Hotspur,59’,2:0,João Palhinha,Archie Gray,substitute_in
ENG-Premier League,2526,2025-12-14 Nottingham Forest-Tottenham Hotspur,Tottenham Hotspur,70’,2:0,Lucas Bergvall,,yellow_card
ENG-Premier League,2526,2025-12-14 Nottingham Forest-Tottenham Hotspur,Nottingham Forest,79’,3:0,Ibrahim Sangaré,Callum Hudson-Odoi,goal
ENG-Premier League,2526,2025-12-14 Nottingham Forest-Tottenham Hotspur,Tottenham Hotspur,80’,3:0,Mathys Tel,Randal Kolo Muani,substitute_in
ENG-Premier League,2526,2025-12-14 Nottingham Forest-Tottenham Hotspur,Tottenham Hotspur,80’,3:0,Brennan Johnson,Mohammed Kudus,substitute_in
ENG-Premier League,2526,2025-12-14 Nottingham Forest-Tottenham Hotspur,Tottenham Hotspur,84’,3:0,Pedro Porro,,yellow_card
ENG-Premier League,2526,2025-12-14 Nottingham Forest-Tottenham Hotspur,Nottingham Forest,85’,3:0,Douglas Luiz,Igor Jesus,substitute_in
ENG-Premier League,2526,2025-12-14 Nottingham Forest-Tottenham Hotspur,Nottingham Forest,90+2’,3:0,Dan Ndoye,Callum Hudson-Odoi,substitute_in
ENG-Premier League,2526,2026-01-18 Wolves-Newcastle United,Newcastle United,58’,0:0,Sandro Tonali,,yellow_card
ENG-Premier League,2526,2026-01-18 Wolves-Newcastle United,Wolverhampton Wanderers,65’,0:0,Jørgen Strand Larsen,Tolu Arokodare,substitute_in
ENG-Premier League,2526,2026-01-18 Wolves-Newcastle United,Newcastle United,67’,0:0,Lewis Miley,Sandro Tonali,substitute_in
ENG-Premier League,2526,2026-01-18 Wolves-Newcastle United,Newcastle United,67’,0:0,Anthony Elanga,Anthony Gordon,substitute_in
ENG-Premier League,2526,2026-01-18 Wolves-Newcastle United,Newcastle United,67’,0:0,Yoane Wissa,Nick Woltemade,substitute_in
ENG-Premier League,2526,2026-01-18 Wolves-Newcastle United,Wolverhampton Wanderers,71’,0:0,Jhon Arias,João Gomes,substitute_in
ENG-Premier League,2526,2026-01-18 Wolves-Newcastle United,Wolverhampton Wanderers,78’,0:0,Yerson Mosquera,,yellow_card
ENG-Premier League,2526,2026-01-18 Wolves-Newcastle United,Wolverhampton Wanderers,86’,0:0,Rodrigo Gomes,Hwang Hee-chan,substitute_in
ENG-Premier League,2526,2026-01-18 Wolves-Newcastle United,Newcastle United,89’,0:0,Sven Botman,,yellow_card
ENG-Premier League,2526,2026-01-18 Wolves-Newcastle United,Wolverhampton Wanderers,90+5’,0:0,André,,yellow_card
ENG-Premier League,2526,2026-02-12 Brentford-Arsenal,Arsenal,20’,0:0,Gabriel Magalhães,,yellow_card
ENG-Premier League,2526,2026-02-12 Brentford-Arsenal,Arsenal,30’,0:0,Viktor Gyökeres,,yellow_card
ENG-Premier League,2526,2026-02-12 Brentford-Arsenal,Arsenal,46’,0:0,Martin Ødegaard,Eberechi Eze,substitute_in
ENG-Premier League,2526,2026-02-12 Brentford-Arsenal,Brentford,4’,0:0,Vitaly Janelt,,yellow_card
ENG-Premier League,2526,2026-02-12 Brentford-Arsenal,Brentford,53’,0:0,Mathias Jensen,,yellow_card
ENG-Premier League,2526,2026-02-12 Brentford-Arsenal,Arsenal,61’,0:1,Noni Madueke,Piero Hincapié,goal
ENG-Premier League,2526,2026-02-12 Brentford-Arsenal,Arsenal,70’,0:1,Bukayo Saka,Noni Madueke,substitute_in
ENG-Premier League,2526,2026-02-12 Brentford-Arsenal,Brentford,71’,1:1,Keane Lewis-Potter,Sepp van den Berg,goal
ENG-Premier League,2526,2026-02-12 Brentford-Arsenal,Brentford,73’,1:1,Mikkel Damsgaard,Keane Lewis-Potter,substitute_in
ENG-Premier League,2526,2026-02-12 Brentford-Arsenal,Brentford,73’,1:1,Jordan Henderson,Yehor Yarmoliuk,substitute_in
ENG-Premier League,2526,2026-02-12 Brentford-Arsenal,Arsenal,81’,1:1,Gabriel Martinelli,Leandro Trossard,substitute_in
ENG-Premier League,2526,2026-02-12 Brentford-Arsenal,Arsenal,81’,1:1,Riccardo Calafiori,Piero Hincapié,substitute_in
ENG-Premier League,2526,2026-02-12 Brentford-Arsenal,Brentford,86’,1:1,Dango Ouattara,,yellow_card
ENG-Premier League,2526,2026-02-12 Brentford-Arsenal,Brentford,90+5’,1:1,Aaron Hickey,Rico Henry,substitute_in
ENG-Premier League,2526,2025-10-20 West Ham United-Brentford,Brentford,43’,0:1,Igor Thiago,Kevin Schade,goal
ENG-Premier League,2526,2025-10-20 West Ham United-Brentford,West Ham United,46’,0:1,Aaron Wan-Bissaka,Kyle Walker-Peters,substitute_in
ENG-Premier League,2526,2025-10-20 West Ham United-Brentford,West Ham United,46’,0:1,El Hadji Malick Diouf,Oliver Scarles,substitute_in
ENG-Premier League,2526,2025-10-20 West Ham United-Brentford,West Ham United,46’,0:1,Konstantinos Mavropanos,Mateus Fernandes,substitute_in
ENG-Premier League,2526,2025-10-20 West Ham United-Brentford,West Ham United,61’,0:1,Callum Marshall,Andy Irving,substitute_in
ENG-Premier League,2526,2025-10-20 West Ham United-Brentford,West Ham United,67’,0:1,Crysencio Summerville,,yellow_card
ENG-Premier League,2526,2025-10-20 West Ham United-Brentford,West Ham United,71’,0:1,Guido Rodríguez,Tomáš Souček,substitute_in
ENG-Premier League,2526,2025-10-20 West Ham United-Brentford,Brentford,76’,0:1,Vitaly Janelt,Mikkel Damsgaard,substitute_in
ENG-Premier League,2526,2025-10-20 West Ham United-Brentford,Brentford,76’,0:1,Keane Lewis-Potter,Dango Ouattara,substitute_in
ENG-Premier League,2526,2025-10-20 West Ham United-Brentford,Brentford,89’,0:1,Jordan Henderson,,yellow_card
ENG-Premier League,2526,2025-10-20 West Ham United-Brentford,Brentford,90+4’,0:2,Mathias Jensen,Keane Lewis-Potter,goal
ENG-Premier League,2526,2025-10-20 West Ham United-Brentford,Brentford,90’,0:1,Mathias Jensen,Jordan Henderson,substitute_in
ENG-Premier League,2526,2025-12-13 Chelsea-Everton,Everton,16’,0:0,Carlos Alcaraz,Kiernan Dewsbury-Hall,substitute_in
ENG-Premier League,2526,2025-12-13 Chelsea-Everton,Chelsea,21’,1:0,Cole Palmer,Malo Gusto,goal
ENG-Premier League,2526,2025-12-13 Chelsea-Everton,Chelsea,45’,2:0,Malo Gusto,Pedro Neto,goal
ENG-Premier League,2526,2025-12-13 Chelsea-Everton,Chelsea,58’,2:0,Andrey Santos,Cole Palmer,substitute_in
ENG-Premier League,2526,2025-12-13 Chelsea-Everton,Chelsea,65’,2:0,Jamie Gittens,Alejandro Garnacho,substitute_in
ENG-Premier League,2526,2025-12-13 Chelsea-Everton,Everton,68’,2:0,Beto,Thierno Barry,substitute_in
ENG-Premier League,2526,2025-12-13 Chelsea-Everton,Chelsea,76’,2:0,Wesley Fofana,,yellow_card
ENG-Premier League,2526,2025-12-13 Chelsea-Everton,Chelsea,81’,2:0,Estêvão Willian,João Pedro,substitute_in
ENG-Premier League,2526,2025-12-13 Chelsea-Everton,Everton,84’,2:0,Tyler Dibling,Jack Grealish,substitute_in
ENG-Premier League,2526,2025-12-13 Chelsea-Everton,Everton,84’,2:0,Tim Iroegbunam,James Garner,substitute_in
ENG-Premier League,2526,2026-01-17 Nottingham Forest-Arsenal,Arsenal,37’,0:0,Jurriën Timber,,yellow_card
ENG-Premier League,2526,2026-01-17 Nottingham Forest-Arsenal,Arsenal,46’,0:0,Leandro Trossard,Gabriel Martinelli,substitute_in
ENG-Premier League,2526,2026-01-17 Nottingham Forest-Arsenal,Arsenal,57’,0:0,Bukayo Saka,Noni Madueke,substitute_in
ENG-Premier League,2526,2026-01-17 Nottingham Forest-Arsenal,Arsenal,57’,0:0,Gabriel Jesus,Viktor Gyökeres,substitute_in
ENG-Premier League,2526,2026-01-17 Nottingham Forest-Arsenal,Arsenal,57’,0:0,Mikel Merino,Martin Ødegaard,substitute_in
ENG-Premier League,2526,2026-01-17 Nottingham Forest-Arsenal,Nottingham Forest,76’,0:0,Dan Ndoye,Igor Jesus,substitute_in
ENG-Premier League,2526,2026-01-17 Nottingham Forest-Arsenal,Arsenal,79’,0:0,Eberechi Eze,Martín Zubimendi,substitute_in
ENG-Premier League,2526,2026-01-17 Nottingham Forest-Arsenal,Nottingham Forest,89’,0:0,Omari Hutchinson,Nicolás Domínguez,substitute_in
ENG-Premier League,2526,2026-01-17 Nottingham Forest-Arsenal,Nottingham Forest,90’,0:0,Ola Aina,,yellow_card
ENG-Premier League,2526,2025-11-08 Sunderland-Arsenal,Sunderland,36’,1:0,Daniel Ballard,Nordi Mukiele,goal
ENG-Premier League,2526,2025-11-08 Sunderland-Arsenal,Arsenal,36’,0:0,Martín Zubimendi,,yellow_card
ENG-Premier League,2526,2025-11-08 Sunderland-Arsenal,Sunderland,45+1’,1:0,Granit Xhaka,,yellow_card
ENG-Premier League,2526,2025-11-08 Sunderland-Arsenal,Arsenal,54’,1:1,Bukayo Saka,Mikel Merino,goal
ENG-Premier League,2526,2025-11-08 Sunderland-Arsenal,Sunderland,63’,1:1,Brian Brobbey,Wilson Isidor,substitute_in
ENG-Premier League,2526,2025-11-08 Sunderland-Arsenal,Sunderland,64’,1:1,Chemsdine Talbi,Bertrand Traoré,substitute_in
ENG-Premier League,2526,2025-11-08 Sunderland-Arsenal,Sunderland,64’,1:1,Simon Adingra,Enzo Le Fée,substitute_in
ENG-Premier League,2526,2025-11-08 Sunderland-Arsenal,Sunderland,72’,1:1,Reinildo Mandava,,yellow_card
ENG-Premier League,2526,2025-11-08 Sunderland-Arsenal,Arsenal,74’,1:2,Leandro Trossard,Martín Zubimendi,goal
ENG-Premier League,2526,2025-11-08 Sunderland-Arsenal,Sunderland,87’,1:2,Eliezer Mayenda,Lutsharel Geertruida,substitute_in
ENG-Premier League,2526,2025-11-08 Sunderland-Arsenal,Arsenal,88’,1:2,Cristhian Mosquera,Eberechi Eze,substitute_in
ENG-Premier League,2526,2025-11-08 Sunderland-Arsenal,Sunderland,90+4’,2:2,Brian Brobbey,,goal
ENG-Premier League,2526,2025-11-29 Tottenham Hotspur-Fulham,Tottenham Hotspur,30’,0:2,Micky van de Ven,,yellow_card
ENG-Premier League,2526,2025-11-29 Tottenham Hotspur-Fulham,Tottenham Hotspur,49’,0:2,Destiny Udogie,,yellow_card
ENG-Premier League,2526,2025-11-29 Tottenham Hotspur-Fulham,Fulham,4’,0:1,Kenny Tete,Samuel Chukwueze,goal
ENG-Premier League,2526,2025-11-29 Tottenham Hotspur-Fulham,Tottenham Hotspur,59’,1:2,Mohammed Kudus,Lucas Bergvall,goal
ENG-Premier League,2526,2025-11-29 Tottenham Hotspur-Fulham,Tottenham Hotspur,60’,1:2,Wilson Odobert,Archie Gray,substitute_in
ENG-Premier League,2526,2025-11-29 Tottenham Hotspur-Fulham,Tottenham Hotspur,60’,1:2,Xavi Simons,Richarlison,substitute_in
ENG-Premier League,2526,2025-11-29 Tottenham Hotspur-Fulham,Tottenham Hotspur,60’,1:2,Rodrigo Bentancur,João Palhinha,substitute_in
ENG-Premier League,2526,2025-11-29 Tottenham Hotspur-Fulham,Fulham,68’,1:2,Saša Lukić,Harry Wilson,substitute_in
ENG-Premier League,2526,2025-11-29 Tottenham Hotspur-Fulham,Fulham,68’,1:2,Emile Smith Rowe,Joshua King,substitute_in
ENG-Premier League,2526,2025-11-29 Tottenham Hotspur-Fulham,Fulham,6’,0:2,Harry Wilson,Joshua King,goal
ENG-Premier League,2526,2025-11-29 Tottenham Hotspur-Fulham,Tottenham Hotspur,77’,1:2,Pape Matar Sarr,Lucas Bergvall,substitute_in
ENG-Premier League,2526,2025-11-29 Tottenham Hotspur-Fulham,Fulham,78’,1:2,Raúl Jiménez,,yellow_card
ENG-Premier League,2526,2025-11-29 Tottenham Hotspur-Fulham,Fulham,81’,1:2,Kevin,Samuel Chukwueze,substitute_in
ENG-Premier League,2526,2025-11-29 Tottenham Hotspur-Fulham,Tottenham Hotspur,85’,1:2,Mathys Tel,Destiny Udogie,substitute_in
ENG-Premier League,2526,2025-11-29 Tottenham Hotspur-Fulham,Fulham,87’,1:2,Timothy Castagne,Alex Iwobi,substitute_in
ENG-Premier League,2526,2025-11-29 Tottenham Hotspur-Fulham,Fulham,90+1’,1:2,Bernd Leno,,yellow_card
ENG-Premier League,2526,2025-11-29 Tottenham Hotspur-Fulham,Tottenham Hotspur,90+4’,1:2,Randal Kolo Muani,,yellow_card
ENG-Premier League,2526,2025-11-22 Brighton-Brentford,Brighton & Hove Albion,15’,0:0,Olivier Boscagli,,yellow_card
ENG-Premier League,2526,2025-11-22 Brighton-Brentford,Brentford,29’,0:1,Igor Thiago,,penalty_goal
ENG-Premier League,2526,2025-11-22 Brighton-Brentford,Brentford,36’,0:1,Dango Ouattara,,yellow_card
ENG-Premier League,2526,2025-11-22 Brighton-Brentford,Brighton & Hove Albion,46’,0:1,Maxim De Cuyper,Carlos Baleba,substitute_in
ENG-Premier League,2526,2025-11-22 Brighton-Brentford,Brighton & Hove Albion,46’,0:1,Lewis Dunk,Olivier Boscagli,substitute_in
ENG-Premier League,2526,2025-11-22 Brighton-Brentford,Brighton & Hove Albion,64’,0:1,Diego Gómez,,yellow_card
ENG-Premier League,2526,2025-11-22 Brighton-Brentford,Brentford,65’,0:1,Keane Lewis-Potter,Dango Ouattara,substitute_in
ENG-Premier League,2526,2025-11-22 Brighton-Brentford,Brighton & Hove Albion,70’,0:1,Jack Hinshelwood,Diego Gómez,substitute_in
ENG-Premier League,2526,2025-11-22 Brighton-Brentford,Brighton & Hove Albion,71’,1:1,Danny Welbeck,Yankuba Minteh,goal
ENG-Premier League,2526,2025-11-22 Brighton-Brentford,Brentford,80’,1:1,Aaron Hickey,Kristoffer Ajer,substitute_in
ENG-Premier League,2526,2025-11-22 Brighton-Brentford,Brentford,80’,1:1,Vitaly Janelt,Mikkel Damsgaard,substitute_in
ENG-Premier League,2526,2025-11-22 Brighton-Brentford,Brentford,80’,1:1,Mathias Jensen,Yehor Yarmoliuk,substitute_in
ENG-Premier League,2526,2025-11-22 Brighton-Brentford,Brighton & Hove Albion,84’,2:1,Jack Hinshelwood,,goal
ENG-Premier League,2526,2025-11-22 Brighton-Brentford,Brighton & Hove Albion,89’,2:1,Joël Veltman,Georginio Rutter,substitute_in
ENG-Premier League,2526,2025-11-22 Brighton-Brentford,Brighton & Hove Albion,89’,2:1,Brajan Gruda,Yankuba Minteh,substitute_in
ENG-Premier League,2526,2025-11-22 Brighton-Brentford,Brighton & Hove Albion,90+1’,2:1,Brajan Gruda,,yellow_card
ENG-Premier League,2526,2025-11-22 Brighton-Brentford,Brentford,90+4’,2:1,Igor Thiago,Bart Verbruggen,penalty_miss
ENG-Premier League,2526,2025-11-22 Brighton-Brentford,Brighton & Hove Albion,90+4’,2:1,Bart Verbruggen,,yellow_card
ENG-Premier League,2526,2025-11-22 Brighton-Brentford,Brentford,90+5’,2:1,Vitaly Janelt,,yellow_card
ENG-Premier League,2526,2025-08-30 Wolves-Everton,Everton,16’,0:1,Kiernan Dewsbury-Hall,,yellow_card
ENG-Premier League,2526,2025-08-30 Wolves-Everton,Wolverhampton Wanderers,21’,1:1,Hwang Hee-chan,Marshall Munetsi,goal
ENG-Premier League,2526,2025-08-30 Wolves-Everton,Everton,33’,1:2,Iliman Ndiaye,Kiernan Dewsbury-Hall,goal
ENG-Premier League,2526,2025-08-30 Wolves-Everton,Everton,55’,1:3,Kiernan Dewsbury-Hall,Jack Grealish,goal
ENG-Premier League,2526,2025-08-30 Wolves-Everton,Wolverhampton Wanderers,64’,1:3,Rodrigo Gomes,André,substitute_in
ENG-Premier League,2526,2025-08-30 Wolves-Everton,Wolverhampton Wanderers,64’,1:3,Fer López,Jackson Tchatchoua,substitute_in
ENG-Premier League,2526,2025-08-30 Wolves-Everton,Wolverhampton Wanderers,64’,1:3,Jean-Ricner Bellegarde,Jhon Arias,substitute_in
ENG-Premier League,2526,2025-08-30 Wolves-Everton,Wolverhampton Wanderers,76’,1:3,Sasa Kalajdzic,Hwang Hee-chan,substitute_in
ENG-Premier League,2526,2025-08-30 Wolves-Everton,Wolverhampton Wanderers,76’,1:3,David Møller Wolfe,Hugo Bueno,substitute_in
ENG-Premier League,2526,2025-08-30 Wolves-Everton,Everton,76’,1:3,Tim Iroegbunam,Idrissa Gana Gueye,substitute_in
ENG-Premier League,2526,2025-08-30 Wolves-Everton,Everton,76’,1:3,Thierno Barry,Beto,substitute_in
ENG-Premier League,2526,2025-08-30 Wolves-Everton,Wolverhampton Wanderers,79’,2:3,Rodrigo Gomes,David Møller Wolfe,goal
ENG-Premier League,2526,2025-08-30 Wolves-Everton,Everton,7’,0:1,Beto,Jack Grealish,goal
ENG-Premier League,2526,2025-08-30 Wolves-Everton,Everton,88’,2:3,Carlos Alcaraz,Jack Grealish,substitute_in
ENG-Premier League,2526,2025-08-30 Wolves-Everton,Everton,90+6’,2:3,Séamus Coleman,Iliman Ndiaye,substitute_in
ENG-Premier League,2526,2025-12-20 Wolves-Brentford,Brentford,19’,0:0,Sepp van den Berg,,yellow_card
ENG-Premier League,2526,2025-12-20 Wolves-Brentford,Wolverhampton Wanderers,24’,0:0,João Gomes,,yellow_card
ENG-Premier League,2526,2025-12-20 Wolves-Brentford,Wolverhampton Wanderers,44’,0:0,Hwang Hee-chan,,yellow_card
ENG-Premier League,2526,2025-12-20 Wolves-Brentford,Brentford,44’,0:0,Michael Kayode,,yellow_card
ENG-Premier League,2526,2025-12-20 Wolves-Brentford,Brentford,63’,0:1,Keane Lewis-Potter,Vitaly Janelt,goal
ENG-Premier League,2526,2025-12-20 Wolves-Brentford,Brentford,64’,0:1,Mikkel Damsgaard,Mathias Jensen,substitute_in
ENG-Premier League,2526,2025-12-20 Wolves-Brentford,Wolverhampton Wanderers,65’,0:1,Mateus Mane,Fer López,substitute_in
ENG-Premier League,2526,2025-12-20 Wolves-Brentford,Brentford,72’,0:1,Rico Henry,,yellow_card
ENG-Premier League,2526,2025-12-20 Wolves-Brentford,Wolverhampton Wanderers,81’,0:1,Tolu Arokodare,Ki-Jana Hoever,substitute_in
ENG-Premier League,2526,2025-12-20 Wolves-Brentford,Brentford,83’,0:2,Keane Lewis-Potter,Mikkel Damsgaard,goal
ENG-Premier League,2526,2025-12-20 Wolves-Brentford,Wolverhampton Wanderers,88’,0:2,Jørgen Strand Larsen,Caoimhín Kelleher,penalty_miss
ENG-Premier League,2526,2025-12-20 Wolves-Brentford,Wolverhampton Wanderers,89’,0:2,Jhon Arias,Hwang Hee-chan,substitute_in
ENG-Premier League,2526,2025-12-20 Wolves-Brentford,Wolverhampton Wanderers,89’,0:2,Jackson Tchatchoua,Matt Doherty,substitute_in
ENG-Premier League,2526,2025-12-20 Wolves-Brentford,Brentford,90’,0:2,Vitaly Janelt,,yellow_card
ENG-Premier League,2526,2026-03-22 Aston Villa-West Ham United,Aston Villa,15’,1:0,John McGinn,Jadon Sancho,goal
ENG-Premier League,2526,2026-03-22 Aston Villa-West Ham United,West Ham United,45’,1:0,Aaron Wan-Bissaka,,yellow_card
ENG-Premier League,2526,2026-03-22 Aston Villa-West Ham United,West Ham United,46’,1:0,Adama Traoré,Freddie Potts,substitute_in
ENG-Premier League,2526,2026-03-22 Aston Villa-West Ham United,West Ham United,46’,1:0,Callum Wilson,Valentín Castellanos,substitute_in
ENG-Premier League,2526,2026-03-22 Aston Villa-West Ham United,Aston Villa,67’,1:0,Douglas Luiz,Ross Barkley,substitute_in
ENG-Premier League,2526,2026-03-22 Aston Villa-West Ham United,Aston Villa,67’,1:0,Youri Tielemans,John McGinn,substitute_in
ENG-Premier League,2526,2026-03-22 Aston Villa-West Ham United,Aston Villa,67’,1:0,Leon Bailey,Jadon Sancho,substitute_in
ENG-Premier League,2526,2026-03-22 Aston Villa-West Ham United,Aston Villa,68’,2:0,Ollie Watkins,,goal
ENG-Premier League,2526,2026-03-22 Aston Villa-West Ham United,Aston Villa,77’,2:0,Emi Buendía,Morgan Rogers,substitute_in
ENG-Premier League,2526,2026-03-22 Aston Villa-West Ham United,West Ham United,83’,2:0,Soungoutou Magassa,Aaron Wan-Bissaka,substitute_in
ENG-Premier League,2526,2026-03-22 Aston Villa-West Ham United,West Ham United,83’,2:0,Mohamadou Kanté,Tomáš Souček,substitute_in
ENG-Premier League,2526,2026-03-22 Aston Villa-West Ham United,Aston Villa,87’,2:0,Tammy Abraham,Ollie Watkins,substitute_in
ENG-Premier League,2526,2025-12-27 Chelsea-Aston Villa,Aston Villa,30’,0:0,Matty Cash,,yellow_card
ENG-Premier League,2526,2025-12-27 Chelsea-Aston Villa,Chelsea,37’,1:0,João Pedro,Reece James,goal
ENG-Premier League,2526,2025-12-27 Chelsea-Aston Villa,Chelsea,57’,1:0,Reece James,,yellow_card
ENG-Premier League,2526,2025-12-27 Chelsea-Aston Villa,Aston Villa,57’,1:0,Morgan Rogers,,yellow_card
ENG-Premier League,2526,2025-12-27 Chelsea-Aston Villa,Aston Villa,58’,1:0,Ollie Watkins,Emi Buendía,substitute_in
ENG-Premier League,2526,2025-12-27 Chelsea-Aston Villa,Aston Villa,59’,1:0,Amadou Onana,John McGinn,substitute_in
ENG-Premier League,2526,2025-12-27 Chelsea-Aston Villa,Aston Villa,59’,1:0,Jadon Sancho,Donyell Malen,substitute_in
ENG-Premier League,2526,2025-12-27 Chelsea-Aston Villa,Aston Villa,63’,1:1,Ollie Watkins,,goal
ENG-Premier League,2526,2025-12-27 Chelsea-Aston Villa,Chelsea,68’,1:1,Trevoh Chalobah,,yellow_card
ENG-Premier League,2526,2025-12-27 Chelsea-Aston Villa,Chelsea,69’,1:1,Liam Delap,João Pedro,substitute_in
ENG-Premier League,2526,2025-12-27 Chelsea-Aston Villa,Chelsea,69’,1:1,Jamie Gittens,Alejandro Garnacho,substitute_in
ENG-Premier League,2526,2025-12-27 Chelsea-Aston Villa,Chelsea,69’,1:1,Malo Gusto,Marc Cucurella,substitute_in
ENG-Premier League,2526,2025-12-27 Chelsea-Aston Villa,Chelsea,71’,1:1,Moisés Caicedo,,yellow_card
ENG-Premier League,2526,2025-12-27 Chelsea-Aston Villa,Chelsea,71’,1:1,Liam Delap,,yellow_card
ENG-Premier League,2526,2025-12-27 Chelsea-Aston Villa,Chelsea,72’,1:1,Estêvão Willian,Cole Palmer,substitute_in
ENG-Premier League,2526,2025-12-27 Chelsea-Aston Villa,Aston Villa,78’,1:1,Boubacar Kamara,,yellow_card
ENG-Premier League,2526,2025-12-27 Chelsea-Aston Villa,Aston Villa,83’,1:1,Lamare Bogarde,Boubacar Kamara,substitute_in
ENG-Premier League,2526,2025-12-27 Chelsea-Aston Villa,Aston Villa,83’,1:1,Lucas Digne,Ian Maatsen,substitute_in
ENG-Premier League,2526,2025-12-27 Chelsea-Aston Villa,Aston Villa,84’,1:2,Ollie Watkins,Youri Tielemans,goal
ENG-Premier League,2526,2025-12-27 Chelsea-Aston Villa,Chelsea,90+4’,1:2,Enzo Fernández,,yellow_card
ENG-Premier League,2526,2025-10-04 Leeds United-Tottenham Hotspur,Tottenham Hotspur,22’,0:0,Mohammed Kudus,,yellow_card
ENG-Premier League,2526,2025-10-04 Leeds United-Tottenham Hotspur,Tottenham Hotspur,23’,0:1,Mathys Tel,Mohammed Kudus,goal
ENG-Premier League,2526,2025-10-04 Leeds United-Tottenham Hotspur,Leeds United,34’,1:1,Noah Okafor,,goal
ENG-Premier League,2526,2025-10-04 Leeds United-Tottenham Hotspur,Tottenham Hotspur,41’,1:1,João Palhinha,,yellow_card
ENG-Premier League,2526,2025-10-04 Leeds United-Tottenham Hotspur,Leeds United,52’,1:1,Ethan Ampadu,,yellow_card
ENG-Premier League,2526,2025-10-04 Leeds United-Tottenham Hotspur,Tottenham Hotspur,57’,1:2,Mohammed Kudus,,goal
ENG-Premier League,2526,2025-10-04 Leeds United-Tottenham Hotspur,Tottenham Hotspur,64’,1:2,Cristian Romero,,yellow_card
ENG-Premier League,2526,2025-10-04 Leeds United-Tottenham Hotspur,Leeds United,64’,1:2,Noah Okafor,,yellow_card
ENG-Premier League,2526,2025-10-04 Leeds United-Tottenham Hotspur,Leeds United,67’,1:2,Jack Harrison,Brenden Aaronson,substitute_in
ENG-Premier League,2526,2025-10-04 Leeds United-Tottenham Hotspur,Leeds United,67’,1:2,Ao Tanaka,Anton Stach,substitute_in
ENG-Premier League,2526,2025-10-04 Leeds United-Tottenham Hotspur,Tottenham Hotspur,74’,1:2,Pape Matar Sarr,Mathys Tel,substitute_in
ENG-Premier League,2526,2025-10-04 Leeds United-Tottenham Hotspur,Tottenham Hotspur,74’,1:2,Richarlison,Xavi Simons,substitute_in
ENG-Premier League,2526,2025-10-04 Leeds United-Tottenham Hotspur,Leeds United,79’,1:2,Lukas Nmecha,Gabriel Gudmundsson,substitute_in
ENG-Premier League,2526,2025-10-04 Leeds United-Tottenham Hotspur,Leeds United,79’,1:2,Joël Piroe,Noah Okafor,substitute_in
ENG-Premier League,2526,2025-10-04 Leeds United-Tottenham Hotspur,Tottenham Hotspur,85’,1:2,Kevin Danso,Wilson Odobert,substitute_in
ENG-Premier League,2526,2025-10-04 Leeds United-Tottenham Hotspur,Leeds United,89’,1:2,James Justin,Jayden Bogle,substitute_in
ENG-Premier League,2526,2025-10-04 Leeds United-Tottenham Hotspur,Tottenham Hotspur,90’,1:2,Brennan Johnson,Mohammed Kudus,substitute_in
ENG-Premier League,2526,2026-03-15 Manchester Utd-Aston Villa,Aston Villa,41’,0:0,Ollie Watkins,,yellow_card
ENG-Premier League,2526,2026-03-15 Manchester Utd-Aston Villa,Manchester United,53’,1:0,Casemiro,Bruno Fernandes,goal
ENG-Premier League,2526,2026-03-15 Manchester Utd-Aston Villa,Manchester United,60’,1:0,Casemiro,,yellow_card
ENG-Premier League,2526,2026-03-15 Manchester Utd-Aston Villa,Aston Villa,60’,1:0,Tammy Abraham,Ollie Watkins,substitute_in
ENG-Premier League,2526,2026-03-15 Manchester Utd-Aston Villa,Aston Villa,61’,1:0,Leon Bailey,John McGinn,substitute_in
ENG-Premier League,2526,2026-03-15 Manchester Utd-Aston Villa,Aston Villa,64’,1:1,Ross Barkley,,goal
ENG-Premier League,2526,2026-03-15 Manchester Utd-Aston Villa,Aston Villa,69’,1:1,Emi Buendía,,yellow_card
ENG-Premier League,2526,2026-03-15 Manchester Utd-Aston Villa,Manchester United,71’,2:1,Matheus Cunha,Bruno Fernandes,goal
ENG-Premier League,2526,2026-03-15 Manchester Utd-Aston Villa,Manchester United,72’,2:1,Leny Yoro,,yellow_card
ENG-Premier League,2526,2026-03-15 Manchester Utd-Aston Villa,Manchester United,75’,2:1,Benjamin Šeško,Bryan Mbeumo,substitute_in
ENG-Premier League,2526,2026-03-15 Manchester Utd-Aston Villa,Manchester United,81’,3:1,Benjamin Šeško,,goal
ENG-Premier League,2526,2026-03-15 Manchester Utd-Aston Villa,Aston Villa,82’,3:1,Douglas Luiz,Ross Barkley,substitute_in
ENG-Premier League,2526,2026-03-15 Manchester Utd-Aston Villa,Aston Villa,82’,3:1,Ian Maatsen,Lucas Digne,substitute_in
ENG-Premier League,2526,2026-03-15 Manchester Utd-Aston Villa,Aston Villa,86’,3:1,Andrés García,Emi Buendía,substitute_in
ENG-Premier League,2526,2026-03-15 Manchester Utd-Aston Villa,Manchester United,90+1’,3:1,Manuel Ugarte,Casemiro,substitute_in
ENG-Premier League,2526,2026-03-15 Manchester Utd-Aston Villa,Manchester United,90+6’,3:1,Harry Maguire,,yellow_card
ENG-Premier League,2526,2026-01-01 Sunderland-Manchester City,Sunderland,45+5’,0:0,Simon Adingra,,yellow_card
ENG-Premier League,2526,2026-01-01 Sunderland-Manchester City,Manchester City,46’,0:0,Rodri,Nicolás González,substitute_in
ENG-Premier League,2526,2026-01-01 Sunderland-Manchester City,Manchester City,51’,0:0,Jeremy Doku,Sávio,substitute_in
ENG-Premier League,2526,2026-01-01 Sunderland-Manchester City,Manchester City,57’,0:0,Joško Gvardiol,Nico O’Reilly,substitute_in
ENG-Premier League,2526,2026-01-01 Sunderland-Manchester City,Sunderland,58’,0:0,Wilson Isidor,Brian Brobbey,substitute_in
ENG-Premier League,2526,2026-01-01 Sunderland-Manchester City,Sunderland,72’,0:0,Romaine Mundle,Simon Adingra,substitute_in
ENG-Premier League,2526,2026-01-01 Sunderland-Manchester City,Manchester City,77’,0:0,Nathan Aké,,yellow_card
ENG-Premier League,2526,2026-01-01 Sunderland-Manchester City,Manchester City,85’,0:0,Tijjani Reijnders,Bernardo Silva,substitute_in
ENG-Premier League,2526,2026-01-31 Brighton-Everton,Brighton & Hove Albion,53’,0:0,Pascal Groß,,yellow_card
ENG-Premier League,2526,2026-01-31 Brighton-Everton,Everton,57’,0:0,Jarrad Branthwaite,,yellow_card
ENG-Premier League,2526,2026-01-31 Brighton-Everton,Brighton & Hove Albion,60’,0:0,Yankuba Minteh,Georginio Rutter,substitute_in
ENG-Premier League,2526,2026-01-31 Brighton-Everton,Brighton & Hove Albion,70’,0:0,Charalampos Kostoulas,Danny Welbeck,substitute_in
ENG-Premier League,2526,2026-01-31 Brighton-Everton,Brighton & Hove Albion,70’,0:0,Joël Veltman,Maxim De Cuyper,substitute_in
ENG-Premier League,2526,2026-01-31 Brighton-Everton,Brighton & Hove Albion,73’,1:0,Pascal Groß,Yasin Ayari,goal
ENG-Premier League,2526,2026-01-31 Brighton-Everton,Everton,79’,1:0,Carlos Alcaraz,Kiernan Dewsbury-Hall,substitute_in
ENG-Premier League,2526,2026-01-31 Brighton-Everton,Everton,80’,1:0,Tim Iroegbunam,Idrissa Gana Gueye,substitute_in
ENG-Premier League,2526,2026-01-31 Brighton-Everton,Everton,80’,1:0,Tyler Dibling,Harrison Armstrong,substitute_in
ENG-Premier League,2526,2026-01-31 Brighton-Everton,Everton,89’,1:0,Nathan Patterson,Jarrad Branthwaite,substitute_in
ENG-Premier League,2526,2026-01-31 Brighton-Everton,Everton,89’,1:0,Beto,Thierno Barry,substitute_in
ENG-Premier League,2526,2026-01-31 Brighton-Everton,Everton,90+2’,1:0,Tim Iroegbunam,,yellow_card
ENG-Premier League,2526,2026-01-31 Brighton-Everton,Brighton & Hove Albion,90+6’,1:0,James Milner,Pascal Groß,substitute_in
ENG-Premier League,2526,2026-01-31 Brighton-Everton,Everton,90+7’,1:1,Beto,,goal
ENG-Premier League,2526,2025-11-01 Brighton-Leeds United,Brighton & Hove Albion,11’,1:0,Danny Welbeck,Mats Wieffer,goal
ENG-Premier League,2526,2025-11-01 Brighton-Leeds United,Leeds United,60’,1:0,Anton Stach,Sean Longstaff,substitute_in
ENG-Premier League,2526,2025-11-01 Brighton-Leeds United,Leeds United,61’,1:0,Daniel James,Ao Tanaka,substitute_in
ENG-Premier League,2526,2025-11-01 Brighton-Leeds United,Brighton & Hove Albion,64’,2:0,Diego Gómez,,goal
ENG-Premier League,2526,2025-11-01 Brighton-Leeds United,Leeds United,65’,2:0,Lukas Nmecha,Dominic Calvert-Lewin,substitute_in
ENG-Premier League,2526,2025-11-01 Brighton-Leeds United,Brighton & Hove Albion,70’,3:0,Diego Gómez,Yankuba Minteh,goal
ENG-Premier League,2526,2025-11-01 Brighton-Leeds United,Leeds United,73’,3:0,Ethan Ampadu,,yellow_card
ENG-Premier League,2526,2025-11-01 Brighton-Leeds United,Leeds United,77’,3:0,Jack Harrison,Noah Okafor,substitute_in
ENG-Premier League,2526,2025-11-01 Brighton-Leeds United,Leeds United,77’,3:0,James Justin,Jayden Bogle,substitute_in
ENG-Premier League,2526,2025-11-01 Brighton-Leeds United,Brighton & Hove Albion,81’,3:0,Tom Watson,Diego Gómez,substitute_in
ENG-Premier League,2526,2025-11-01 Brighton-Leeds United,Brighton & Hove Albion,82’,3:0,Stefanos Tzimas,Danny Welbeck,substitute_in
ENG-Premier League,2526,2025-11-01 Brighton-Leeds United,Brighton & Hove Albion,88’,3:0,Charalampos Kostoulas,Yankuba Minteh,substitute_in
ENG-Premier League,2526,2025-11-01 Brighton-Leeds United,Brighton & Hove Albion,90+4’,3:0,Nehemiah Oriola,Georginio Rutter,substitute_in
ENG-Premier League,2526,2025-11-01 Brighton-Leeds United,Brighton & Hove Albion,90+4’,3:0,Joe Knight,Yasin Ayari,substitute_in
ENG-Premier League,2526,2025-10-26 Everton-Tottenham Hotspur,Tottenham Hotspur,19’,0:1,Micky van de Ven,Rodrigo Bentancur,goal
ENG-Premier League,2526,2025-10-26 Everton-Tottenham Hotspur,Tottenham Hotspur,45+6’,0:2,Micky van de Ven,Pedro Porro,goal
ENG-Premier League,2526,2025-10-26 Everton-Tottenham Hotspur,Everton,58’,0:2,James Garner,,yellow_card
ENG-Premier League,2526,2025-10-26 Everton-Tottenham Hotspur,Tottenham Hotspur,61’,0:2,Lucas Bergvall,Xavi Simons,substitute_in
ENG-Premier League,2526,2025-10-26 Everton-Tottenham Hotspur,Tottenham Hotspur,62’,0:2,Richarlison,Randal Kolo Muani,substitute_in
ENG-Premier League,2526,2025-10-26 Everton-Tottenham Hotspur,Everton,66’,0:2,Merlin Röhl,Jake O'Brien,substitute_in
ENG-Premier League,2526,2025-10-26 Everton-Tottenham Hotspur,Everton,66’,0:2,Thierno Barry,Beto,substitute_in
ENG-Premier League,2526,2025-10-26 Everton-Tottenham Hotspur,Everton,71’,0:2,Jack Grealish,,yellow_card
ENG-Premier League,2526,2025-10-26 Everton-Tottenham Hotspur,Tottenham Hotspur,78’,0:2,Pape Matar Sarr,Mohammed Kudus,substitute_in
ENG-Premier League,2526,2025-10-26 Everton-Tottenham Hotspur,Everton,86’,0:2,Carlos Alcaraz,Idrissa Gana Gueye,substitute_in
ENG-Premier League,2526,2025-10-26 Everton-Tottenham Hotspur,Tottenham Hotspur,89’,0:3,Pape Matar Sarr,Richarlison,goal
ENG-Premier League,2526,2025-10-26 Everton-Tottenham Hotspur,Tottenham Hotspur,90+3’,0:3,Mathys Tel,Brennan Johnson,substitute_in
ENG-Premier League,2526,2025-12-27 West Ham United-Fulham,West Ham United,44’,0:0,Jean-Clair Todibo,,yellow_card
ENG-Premier League,2526,2025-12-27 West Ham United-Fulham,Fulham,51’,0:0,Joachim Andersen,,yellow_card
ENG-Premier League,2526,2025-12-27 West Ham United-Fulham,Fulham,54’,0:0,Harry Wilson,,yellow_card
ENG-Premier League,2526,2025-12-27 West Ham United-Fulham,West Ham United,56’,0:0,Callum Wilson,Crysencio Summerville,substitute_in
ENG-Premier League,2526,2025-12-27 West Ham United-Fulham,Fulham,69’,0:0,Joshua King,Kevin,substitute_in
ENG-Premier League,2526,2025-12-27 West Ham United-Fulham,West Ham United,82’,0:0,George Earthy,Lucas Paquetá,substitute_in
ENG-Premier League,2526,2025-12-27 West Ham United-Fulham,Fulham,82’,0:0,Tom Cairney,Emile Smith Rowe,substitute_in
ENG-Premier League,2526,2025-12-27 West Ham United-Fulham,Fulham,82’,0:0,Timothy Castagne,Kenny Tete,substitute_in
ENG-Premier League,2526,2025-12-27 West Ham United-Fulham,West Ham United,83’,0:0,Tomáš Souček,Soungoutou Magassa,substitute_in
ENG-Premier League,2526,2025-12-27 West Ham United-Fulham,Fulham,85’,0:1,Raúl Jiménez,Harry Wilson,goal
ENG-Premier League,2526,2025-12-27 West Ham United-Fulham,Fulham,88’,0:1,Issa Diop,Saša Lukić,substitute_in
ENG-Premier League,2526,2025-12-27 West Ham United-Fulham,Fulham,90+3’,0:1,Joshua King,,yellow_card
ENG-Premier League,2526,2025-11-22 Burnley-Chelsea,Chelsea,37’,0:1,Pedro Neto,Jamie Gittens,goal
ENG-Premier League,2526,2025-11-22 Burnley-Chelsea,Chelsea,41’,0:1,Pedro Neto,,yellow_card
ENG-Premier League,2526,2025-11-22 Burnley-Chelsea,Chelsea,46’,0:1,Benoît Badiashile,Reece James,substitute_in
ENG-Premier League,2526,2025-11-22 Burnley-Chelsea,Burnley,49’,0:1,Kyle Walker,,yellow_card
ENG-Premier League,2526,2025-11-22 Burnley-Chelsea,Chelsea,67’,0:1,Malo Gusto,Liam Delap,substitute_in
ENG-Premier League,2526,2025-11-22 Burnley-Chelsea,Chelsea,69’,0:1,João Pedro,,yellow_card
ENG-Premier League,2526,2025-11-22 Burnley-Chelsea,Burnley,72’,0:1,Armando Broja,Zian Flemming,substitute_in
ENG-Premier League,2526,2025-11-22 Burnley-Chelsea,Burnley,72’,0:1,Hannibal Mejbri,Lesley Ugochukwu,substitute_in
ENG-Premier League,2526,2025-11-22 Burnley-Chelsea,Burnley,72’,0:1,Lyle Foster,Jaidon Anthony,substitute_in
ENG-Premier League,2526,2025-11-22 Burnley-Chelsea,Burnley,76’,0:1,Jacob Bruun Larsen,Loum Tchaouna,substitute_in
ENG-Premier League,2526,2025-11-22 Burnley-Chelsea,Chelsea,76’,0:1,Marc Guiu,João Pedro,substitute_in
ENG-Premier League,2526,2025-11-22 Burnley-Chelsea,Chelsea,81’,0:1,Benoît Badiashile,,yellow_card
ENG-Premier League,2526,2025-11-22 Burnley-Chelsea,Burnley,82’,0:1,Hannibal Mejbri,,yellow_card
ENG-Premier League,2526,2025-11-22 Burnley-Chelsea,Burnley,84’,0:1,Josh Laurent,Florentino Luís,substitute_in
ENG-Premier League,2526,2025-11-22 Burnley-Chelsea,Chelsea,88’,0:2,Enzo Fernández,Marc Guiu,goal
ENG-Premier League,2526,2025-11-30 Chelsea-Arsenal,Chelsea,11’,0:0,Marc Cucurella,,yellow_card
ENG-Premier League,2526,2025-11-30 Chelsea-Arsenal,Arsenal,13’,0:0,Cristhian Mosquera,,yellow_card
ENG-Premier League,2526,2025-11-30 Chelsea-Arsenal,Arsenal,27’,0:0,Riccardo Calafiori,,yellow_card
ENG-Premier League,2526,2025-11-30 Chelsea-Arsenal,Chelsea,38’,0:0,Moisés Caicedo,,red_card
ENG-Premier League,2526,2025-11-30 Chelsea-Arsenal,Arsenal,41’,0:0,Piero Hincapié,,yellow_card
ENG-Premier League,2526,2025-11-30 Chelsea-Arsenal,Chelsea,46’,0:0,Alejandro Garnacho,Estêvão Willian,substitute_in
ENG-Premier League,2526,2025-11-30 Chelsea-Arsenal,Arsenal,46’,0:0,Myles Lewis-Skelly,Riccardo Calafiori,substitute_in
ENG-Premier League,2526,2025-11-30 Chelsea-Arsenal,Chelsea,48’,1:0,Trevoh Chalobah,Reece James,goal
ENG-Premier League,2526,2025-11-30 Chelsea-Arsenal,Arsenal,54’,1:0,Myles Lewis-Skelly,,yellow_card
ENG-Premier League,2526,2025-11-30 Chelsea-Arsenal,Chelsea,55’,1:0,Liam Delap,João Pedro,substitute_in
ENG-Premier League,2526,2025-11-30 Chelsea-Arsenal,Arsenal,57’,1:0,Noni Madueke,Gabriel Martinelli,substitute_in
ENG-Premier League,2526,2025-11-30 Chelsea-Arsenal,Arsenal,57’,1:0,Martin Ødegaard,Martín Zubimendi,substitute_in
ENG-Premier League,2526,2025-11-30 Chelsea-Arsenal,Arsenal,59’,1:1,Mikel Merino,Bukayo Saka,goal
ENG-Premier League,2526,2025-11-30 Chelsea-Arsenal,Arsenal,5’,0:0,Martín Zubimendi,,yellow_card
ENG-Premier League,2526,2025-11-30 Chelsea-Arsenal,Arsenal,72’,1:1,Viktor Gyökeres,Eberechi Eze,substitute_in
ENG-Premier League,2526,2025-11-30 Chelsea-Arsenal,Arsenal,88’,1:1,Viktor Gyökeres,,yellow_card
ENG-Premier League,2526,2025-09-20 Wolves-Leeds United,Wolverhampton Wanderers,12’,1:0,Fer López,,yellow_card
ENG-Premier League,2526,2025-09-20 Wolves-Leeds United,Leeds United,31’,1:1,Dominic Calvert-Lewin,,goal
ENG-Premier League,2526,2025-09-20 Wolves-Leeds United,Leeds United,39’,1:2,Anton Stach,,goal
ENG-Premier League,2526,2025-09-20 Wolves-Leeds United,Leeds United,41’,1:2,Jayden Bogle,,yellow_card
ENG-Premier League,2526,2025-09-20 Wolves-Leeds United,Leeds United,45’,1:3,Noah Okafor,Anton Stach,goal
ENG-Premier League,2526,2025-09-20 Wolves-Leeds United,Wolverhampton Wanderers,46’,1:3,Jørgen Strand Larsen,Fer López,substitute_in
ENG-Premier League,2526,2025-09-20 Wolves-Leeds United,Wolverhampton Wanderers,46’,1:3,Hugo Bueno,Rodrigo Gomes,substitute_in
ENG-Premier League,2526,2025-09-20 Wolves-Leeds United,Wolverhampton Wanderers,46’,1:3,Marshall Munetsi,Jean-Ricner Bellegarde,substitute_in
ENG-Premier League,2526,2025-09-20 Wolves-Leeds United,Leeds United,70’,1:3,Jack Harrison,Noah Okafor,substitute_in
ENG-Premier League,2526,2025-09-20 Wolves-Leeds United,Wolverhampton Wanderers,72’,1:3,André,Yerson Mosquera,substitute_in
ENG-Premier League,2526,2025-09-20 Wolves-Leeds United,Wolverhampton Wanderers,72’,1:3,Jhon Arias,Toti Gomes,substitute_in
ENG-Premier League,2526,2025-09-20 Wolves-Leeds United,Leeds United,83’,1:3,Ao Tanaka,Sean Longstaff,substitute_in
ENG-Premier League,2526,2025-09-20 Wolves-Leeds United,Leeds United,83’,1:3,James Justin,Jayden Bogle,substitute_in
ENG-Premier League,2526,2025-09-20 Wolves-Leeds United,Wolverhampton Wanderers,8’,1:0,Ladislav Krejčí,Fer López,goal
ENG-Premier League,2526,2025-09-20 Wolves-Leeds United,Leeds United,90+2’,1:3,Lukas Nmecha,Dominic Calvert-Lewin,substitute_in
ENG-Premier League,2526,2025-09-20 Wolves-Leeds United,Leeds United,90+2’,1:3,Ilia Gruev,Brenden Aaronson,substitute_in
ENG-Premier League,2526,2026-01-07 Newcastle United-Leeds United,Leeds United,22’,0:0,Dominic Calvert-Lewin,,yellow_card
ENG-Premier League,2526,2026-01-07 Newcastle United-Leeds United,Leeds United,32’,0:1,Brenden Aaronson,Dominic Calvert-Lewin,goal
ENG-Premier League,2526,2026-01-07 Newcastle United-Leeds United,Newcastle United,36’,1:1,Harvey Barnes,Nick Woltemade,goal
ENG-Premier League,2526,2026-01-07 Newcastle United-Leeds United,Newcastle United,45+3’,1:1,Anthony Gordon,,yellow_card
ENG-Premier League,2526,2026-01-07 Newcastle United-Leeds United,Leeds United,45+5’,1:2,Dominic Calvert-Lewin,,penalty_goal
ENG-Premier League,2526,2026-01-07 Newcastle United-Leeds United,Newcastle United,45+6’,1:2,Joelinton,,yellow_card
ENG-Premier League,2526,2026-01-07 Newcastle United-Leeds United,Newcastle United,46’,1:2,Sven Botman,Malick Thiaw,substitute_in
ENG-Premier League,2526,2026-01-07 Newcastle United-Leeds United,Newcastle United,46’,1:2,Valentino Livramento,Sandro Tonali,substitute_in
ENG-Premier League,2526,2026-01-07 Newcastle United-Leeds United,Newcastle United,54’,2:2,Joelinton,Bruno Guimarães,goal
ENG-Premier League,2526,2026-01-07 Newcastle United-Leeds United,Newcastle United,75’,2:2,Yoane Wissa,Nick Woltemade,substitute_in
ENG-Premier League,2526,2026-01-07 Newcastle United-Leeds United,Newcastle United,76’,2:2,Jacob Ramsey,Fabian Schär,substitute_in
ENG-Premier League,2526,2026-01-07 Newcastle United-Leeds United,Leeds United,79’,2:3,Brenden Aaronson,Ilia Gruev,goal
ENG-Premier League,2526,2026-01-07 Newcastle United-Leeds United,Newcastle United,7’,0:0,Malick Thiaw,,yellow_card
ENG-Premier League,2526,2026-01-07 Newcastle United-Leeds United,Leeds United,80’,2:3,Noah Okafor,Anton Stach,substitute_in
ENG-Premier League,2526,2026-01-07 Newcastle United-Leeds United,Newcastle United,81’,2:3,Jacob Murphy,Anthony Gordon,substitute_in
ENG-Premier League,2526,2026-01-07 Newcastle United-Leeds United,Leeds United,87’,2:3,Lukas Nmecha,Dominic Calvert-Lewin,substitute_in
ENG-Premier League,2526,2026-01-07 Newcastle United-Leeds United,Leeds United,90+10’,3:3,Ethan Ampadu,,yellow_card
ENG-Premier League,2526,2026-01-07 Newcastle United-Leeds United,Newcastle United,90+12’,4:3,Harvey Barnes,Sven Botman,goal
ENG-Premier League,2526,2026-01-07 Newcastle United-Leeds United,Newcastle United,90+1’,3:3,Bruno Guimarães,,penalty_goal
ENG-Premier League,2526,2026-01-07 Newcastle United-Leeds United,Leeds United,90+7’,3:3,Wilfried Gnonto,Brenden Aaronson,substitute_in
ENG-Premier League,2526,2026-01-07 Newcastle United-Leeds United,Leeds United,90+7’,3:3,Sebastiaan Bornauw,Joe Rodon,substitute_in
ENG-Premier League,2526,2026-01-07 Newcastle United-Leeds United,Leeds United,90+7’,3:3,Ao Tanaka,Ilia Gruev,substitute_in
ENG-Premier League,2526,2026-03-15 Nottingham Forest-Fulham,Nottingham Forest,18’,0:0,Neco Williams,,yellow_card
ENG-Premier League,2526,2026-03-15 Nottingham Forest-Fulham,Fulham,32’,0:0,Sander Berge,,yellow_card
ENG-Premier League,2526,2026-03-15 Nottingham Forest-Fulham,Nottingham Forest,45+2’,0:0,Elliot Anderson,,yellow_card
ENG-Premier League,2526,2026-03-15 Nottingham Forest-Fulham,Nottingham Forest,46’,0:0,Omari Hutchinson,Callum Hudson-Odoi,substitute_in
ENG-Premier League,2526,2026-03-15 Nottingham Forest-Fulham,Nottingham Forest,46’,0:0,Dan Ndoye,Nicolás Domínguez,substitute_in
ENG-Premier League,2526,2026-03-15 Nottingham Forest-Fulham,Fulham,61’,0:0,Antonee Robinson,,yellow_card
ENG-Premier League,2526,2026-03-15 Nottingham Forest-Fulham,Fulham,62’,0:0,Saša Lukić,Joshua King,substitute_in
ENG-Premier League,2526,2026-03-15 Nottingham Forest-Fulham,Fulham,62’,0:0,Samuel Chukwueze,Oscar Bobb,substitute_in
ENG-Premier League,2526,2026-03-15 Nottingham Forest-Fulham,Fulham,62’,0:0,Rodrigo Muniz,Raúl Jiménez,substitute_in
ENG-Premier League,2526,2026-03-15 Nottingham Forest-Fulham,Nottingham Forest,63’,0:0,Taiwo Awoniyi,Igor Jesus,substitute_in
ENG-Premier League,2526,2026-03-15 Nottingham Forest-Fulham,Nottingham Forest,74’,0:0,Ryan Yates,Morgan Gibbs-White,substitute_in
ENG-Premier League,2526,2026-03-15 Nottingham Forest-Fulham,Fulham,75’,0:0,Joachim Andersen,,yellow_card
ENG-Premier League,2526,2026-03-15 Nottingham Forest-Fulham,Fulham,78’,0:0,Tom Cairney,Sander Berge,substitute_in
ENG-Premier League,2526,2026-03-15 Nottingham Forest-Fulham,Nottingham Forest,88’,0:0,James Mcatee,Elliot Anderson,substitute_in
ENG-Premier League,2526,2026-03-15 Nottingham Forest-Fulham,Fulham,90+1’,0:0,Ryan Sessegnon,Harry Wilson,substitute_in
ENG-Premier League,2526,2026-02-07 Fulham-Everton,Fulham,18’,1:0,Vitaliy Mykolenko,,own_goal
ENG-Premier League,2526,2026-02-07 Fulham-Everton,Everton,18’,0:0,Idrissa Gana Gueye,,yellow_card
ENG-Premier League,2526,2026-02-07 Fulham-Everton,Everton,56’,1:0,James Garner,,yellow_card
ENG-Premier League,2526,2026-02-07 Fulham-Everton,Everton,65’,1:0,Vitaliy Mykolenko,,yellow_card
ENG-Premier League,2526,2026-02-07 Fulham-Everton,Fulham,66’,1:0,Jorge Cuenca,,yellow_card
ENG-Premier League,2526,2026-02-07 Fulham-Everton,Everton,69’,1:0,Beto,Thierno Barry,substitute_in
ENG-Premier League,2526,2026-02-07 Fulham-Everton,Everton,69’,1:0,Tyrique George,Harrison Armstrong,substitute_in
ENG-Premier League,2526,2026-02-07 Fulham-Everton,Fulham,75’,1:0,Kevin,Samuel Chukwueze,substitute_in
ENG-Premier League,2526,2026-02-07 Fulham-Everton,Everton,75’,1:1,Kiernan Dewsbury-Hall,Vitaliy Mykolenko,goal
ENG-Premier League,2526,2026-02-07 Fulham-Everton,Fulham,75’,1:1,Rodrigo Muniz,Raúl Jiménez,substitute_in
ENG-Premier League,2526,2026-02-07 Fulham-Everton,Fulham,83’,1:1,Oscar Bobb,Emile Smith Rowe,substitute_in
ENG-Premier League,2526,2026-02-07 Fulham-Everton,Fulham,83’,1:1,Kenny Tete,Timothy Castagne,substitute_in
ENG-Premier League,2526,2026-02-07 Fulham-Everton,Everton,83’,1:2,Bernd Leno,,own_goal
ENG-Premier League,2526,2026-02-07 Fulham-Everton,Everton,85’,1:2,Jarrad Branthwaite,Vitaliy Mykolenko,substitute_in
ENG-Premier League,2526,2026-02-07 Fulham-Everton,Everton,88’,1:2,Jake O'Brien,,yellow_card
ENG-Premier League,2526,2026-02-07 Fulham-Everton,Everton,90+5’,1:2,Tim Iroegbunam,Kiernan Dewsbury-Hall,substitute_in
ENG-Premier League,2526,2026-02-07 Fulham-Everton,Everton,90+7’,1:2,Jordan Pickford,,yellow_card
ENG-Premier League,2526,2026-03-03 Everton-Burnley,Everton,32’,1:0,James Tarkowski,James Garner,goal
ENG-Premier League,2526,2026-03-03 Everton-Burnley,Burnley,57’,1:0,Loum Tchaouna,Joe Worrall,substitute_in
ENG-Premier League,2526,2026-03-03 Everton-Burnley,Burnley,57’,1:0,James Ward-Prowse,Florentino Luís,substitute_in
ENG-Premier League,2526,2026-03-03 Everton-Burnley,Everton,60’,2:0,Kiernan Dewsbury-Hall,Iliman Ndiaye,goal
ENG-Premier League,2526,2026-03-03 Everton-Burnley,Burnley,64’,2:0,Bashir Humphreys,,yellow_card
ENG-Premier League,2526,2026-03-03 Everton-Burnley,Burnley,72’,2:0,Josh Laurent,Hannibal Mejbri,substitute_in
ENG-Premier League,2526,2026-03-03 Everton-Burnley,Everton,83’,2:0,Michael Keane,Jarrad Branthwaite,substitute_in
ENG-Premier League,2526,2026-03-03 Everton-Burnley,Everton,83’,2:0,Thierno Barry,Beto,substitute_in
ENG-Premier League,2526,2026-03-03 Everton-Burnley,Burnley,83’,2:0,Ashley Barnes,Lesley Ugochukwu,substitute_in
ENG-Premier League,2526,2026-03-03 Everton-Burnley,Everton,87’,2:0,Tyrique George,Dwight McNeil,substitute_in
ENG-Premier League,2526,2026-03-03 Everton-Burnley,Everton,87’,2:0,Tim Iroegbunam,Idrissa Gana Gueye,substitute_in
ENG-Premier League,2526,2026-03-03 Everton-Burnley,Everton,90+3’,2:0,Tyler Dibling,Iliman Ndiaye,substitute_in
ENG-Premier League,2526,2025-12-20 Newcastle United-Chelsea,Newcastle United,20’,2:0,Nick Woltemade,Anthony Gordon,goal
ENG-Premier League,2526,2025-12-20 Newcastle United-Chelsea,Chelsea,27’,2:0,Alejandro Garnacho,,yellow_card
ENG-Premier League,2526,2025-12-20 Newcastle United-Chelsea,Chelsea,45’,2:0,Malo Gusto,,yellow_card
ENG-Premier League,2526,2025-12-20 Newcastle United-Chelsea,Chelsea,49’,2:1,Reece James,,goal
ENG-Premier League,2526,2025-12-20 Newcastle United-Chelsea,Newcastle United,4’,1:0,Nick Woltemade,,goal
ENG-Premier League,2526,2025-12-20 Newcastle United-Chelsea,Chelsea,54’,2:1,Enzo Fernández,Malo Gusto,substitute_in
ENG-Premier League,2526,2025-12-20 Newcastle United-Chelsea,Newcastle United,61’,2:1,Fabian Schär,,yellow_card
ENG-Premier League,2526,2025-12-20 Newcastle United-Chelsea,Chelsea,66’,2:2,João Pedro,Robert Sánchez,goal
ENG-Premier League,2526,2025-12-20 Newcastle United-Chelsea,Chelsea,70’,2:2,Moisés Caicedo,,yellow_card
ENG-Premier League,2526,2025-12-20 Newcastle United-Chelsea,Newcastle United,73’,2:2,Harvey Barnes,Anthony Gordon,substitute_in
ENG-Premier League,2526,2025-12-20 Newcastle United-Chelsea,Newcastle United,73’,2:2,Anthony Elanga,Jacob Murphy,substitute_in
ENG-Premier League,2526,2025-12-20 Newcastle United-Chelsea,Newcastle United,73’,2:2,Yoane Wissa,Nick Woltemade,substitute_in
ENG-Premier League,2526,2025-12-20 Newcastle United-Chelsea,Newcastle United,77’,2:2,Yoane Wissa,,yellow_card
ENG-Premier League,2526,2025-12-20 Newcastle United-Chelsea,Chelsea,79’,2:2,Andrey Santos,Cole Palmer,substitute_in
ENG-Premier League,2526,2025-12-20 Newcastle United-Chelsea,Chelsea,7’,1:0,Robert Sánchez,,yellow_card
ENG-Premier League,2526,2025-12-20 Newcastle United-Chelsea,Chelsea,82’,2:2,Andrey Santos,,yellow_card
ENG-Premier League,2526,2025-12-20 Newcastle United-Chelsea,Chelsea,83’,2:2,João Pedro,,yellow_card
ENG-Premier League,2526,2025-12-20 Newcastle United-Chelsea,Newcastle United,86’,2:2,Lewis Hall,,yellow_card
ENG-Premier League,2526,2025-12-20 Newcastle United-Chelsea,Newcastle United,89’,2:2,Joe Willock,Jacob Ramsey,substitute_in
ENG-Premier League,2526,2025-08-23 Burnley-Sunderland,Sunderland,19’,0:0,Simon Adingra,,yellow_card
ENG-Premier League,2526,2025-08-23 Burnley-Sunderland,Burnley,47’,1:0,Josh Cullen,Jaidon Anthony,goal
ENG-Premier League,2526,2025-08-23 Burnley-Sunderland,Sunderland,63’,1:0,Enzo Le Fée,Simon Adingra,substitute_in
ENG-Premier League,2526,2025-08-23 Burnley-Sunderland,Sunderland,63’,1:0,Patrick Roberts,Chemsdine Talbi,substitute_in
ENG-Premier League,2526,2025-08-23 Burnley-Sunderland,Sunderland,63’,1:0,Wilson Isidor,Eliezer Mayenda,substitute_in
ENG-Premier League,2526,2025-08-23 Burnley-Sunderland,Burnley,69’,1:0,Oliver Sonne,Jacob Bruun Larsen,substitute_in
ENG-Premier League,2526,2025-08-23 Burnley-Sunderland,Burnley,69’,1:0,Josh Laurent,Lesley Ugochukwu,substitute_in
ENG-Premier League,2526,2025-08-23 Burnley-Sunderland,Sunderland,80’,1:0,Marc Guiu,Habib Diarra,substitute_in
ENG-Premier League,2526,2025-08-23 Burnley-Sunderland,Burnley,83’,1:0,Joe Worrall,Maxime Estève,substitute_in
ENG-Premier League,2526,2025-08-23 Burnley-Sunderland,Burnley,83’,1:0,Loum Tchaouna,Hannibal Mejbri,substitute_in
ENG-Premier League,2526,2025-08-23 Burnley-Sunderland,Burnley,86’,1:0,Zian Flemming,Lyle Foster,substitute_in
ENG-Premier League,2526,2025-08-23 Burnley-Sunderland,Burnley,88’,2:0,Jaidon Anthony,Josh Cullen,goal
ENG-Premier League,2526,2025-08-23 Burnley-Sunderland,Sunderland,9’,0:0,Jenson Seelt,Daniel Ballard,substitute_in
ENG-Premier League,2526,2025-09-21 Sunderland-Aston Villa,Sunderland,33’,0:0,Reinildo Mandava,,red_card
ENG-Premier League,2526,2025-09-21 Sunderland-Aston Villa,Sunderland,37’,0:0,Daniel Ballard,Chris Rigg,substitute_in
ENG-Premier League,2526,2025-09-21 Sunderland-Aston Villa,Aston Villa,58’,0:0,Harvey Elliott,Lucas Digne,substitute_in
ENG-Premier League,2526,2025-09-21 Sunderland-Aston Villa,Aston Villa,58’,0:0,Ian Maatsen,Emi Buendía,substitute_in
ENG-Premier League,2526,2025-09-21 Sunderland-Aston Villa,Aston Villa,63’,0:0,Ian Maatsen,,yellow_card
ENG-Premier League,2526,2025-09-21 Sunderland-Aston Villa,Aston Villa,67’,0:1,Matty Cash,Boubacar Kamara,goal
ENG-Premier League,2526,2025-09-21 Sunderland-Aston Villa,Aston Villa,73’,0:1,Donyell Malen,Evann Guessand,substitute_in
ENG-Premier League,2526,2025-09-21 Sunderland-Aston Villa,Sunderland,74’,0:1,Noah Sadiki,,yellow_card
ENG-Premier League,2526,2025-09-21 Sunderland-Aston Villa,Sunderland,75’,1:1,Wilson Isidor,Granit Xhaka,goal
ENG-Premier League,2526,2025-09-21 Sunderland-Aston Villa,Sunderland,80’,1:1,Eliezer Mayenda,Wilson Isidor,substitute_in
ENG-Premier League,2526,2025-09-21 Sunderland-Aston Villa,Sunderland,80’,1:1,Arthur Masuaku,Chemsdine Talbi,substitute_in
ENG-Premier League,2526,2025-09-21 Sunderland-Aston Villa,Sunderland,80’,1:1,Lutsharel Geertruida,Enzo Le Fée,substitute_in
ENG-Premier League,2526,2025-09-21 Sunderland-Aston Villa,Aston Villa,82’,1:1,Jadon Sancho,Morgan Rogers,substitute_in
ENG-Premier League,2526,2025-09-21 Sunderland-Aston Villa,Aston Villa,82’,1:1,Lamare Bogarde,Boubacar Kamara,substitute_in
ENG-Premier League,2526,2025-09-21 Sunderland-Aston Villa,Sunderland,88’,1:1,Granit Xhaka,,yellow_card
ENG-Premier League,2526,2025-09-21 Sunderland-Aston Villa,Sunderland,90+1’,1:1,Dan Neil,Noah Sadiki,substitute_in
ENG-Premier League,2526,2026-01-03 Aston Villa-Nottingham Forest,Aston Villa,45+1’,1:0,Ollie Watkins,Morgan Rogers,goal
ENG-Premier League,2526,2026-01-03 Aston Villa-Nottingham Forest,Aston Villa,49’,2:0,John McGinn,Matty Cash,goal
ENG-Premier League,2526,2026-01-03 Aston Villa-Nottingham Forest,Nottingham Forest,61’,2:1,Morgan Gibbs-White,Dilane Bakwa,goal
ENG-Premier League,2526,2026-01-03 Aston Villa-Nottingham Forest,Nottingham Forest,65’,2:1,Dilane Bakwa,,yellow_card
ENG-Premier League,2526,2026-01-03 Aston Villa-Nottingham Forest,Aston Villa,69’,2:1,Lucas Digne,Ian Maatsen,substitute_in
ENG-Premier League,2526,2026-01-03 Aston Villa-Nottingham Forest,Aston Villa,69’,2:1,Jadon Sancho,Emi Buendía,substitute_in
ENG-Premier League,2526,2026-01-03 Aston Villa-Nottingham Forest,Nottingham Forest,69’,2:1,Nicolò Savona,Ola Aina,substitute_in
ENG-Premier League,2526,2026-01-03 Aston Villa-Nottingham Forest,Nottingham Forest,69’,2:1,James Mcatee,Dilane Bakwa,substitute_in
ENG-Premier League,2526,2026-01-03 Aston Villa-Nottingham Forest,Aston Villa,73’,3:1,John McGinn,Youri Tielemans,goal
ENG-Premier League,2526,2026-01-03 Aston Villa-Nottingham Forest,Nottingham Forest,78’,3:1,Matz Sels,John,substitute_in
ENG-Premier League,2526,2026-01-03 Aston Villa-Nottingham Forest,Aston Villa,83’,3:1,Donyell Malen,Ollie Watkins,substitute_in
ENG-Premier League,2526,2026-01-03 Aston Villa-Nottingham Forest,Aston Villa,83’,3:1,Lamare Bogarde,John McGinn,substitute_in
ENG-Premier League,2526,2026-01-03 Aston Villa-Nottingham Forest,Nottingham Forest,84’,3:1,Douglas Luiz,Nicolás Domínguez,substitute_in
ENG-Premier League,2526,2026-01-03 Aston Villa-Nottingham Forest,Nottingham Forest,84’,3:1,Arnaud Kalimuendo,Igor Jesus,substitute_in
ENG-Premier League,2526,2026-01-03 Aston Villa-Nottingham Forest,Nottingham Forest,89’,3:1,James Mcatee,,yellow_card
ENG-Premier League,2526,2026-01-03 Aston Villa-Nottingham Forest,Aston Villa,90+4’,3:1,Lamare Bogarde,,yellow_card
ENG-Premier League,2526,2026-01-03 Aston Villa-Nottingham Forest,Aston Villa,90’,3:1,Andrés García,Matty Cash,substitute_in
ENG-Premier League,2526,2025-09-13 Arsenal-Nottingham Forest,Arsenal,18’,0:0,Ethan Nwaneri,Martin Ødegaard,substitute_in
ENG-Premier League,2526,2025-09-13 Arsenal-Nottingham Forest,Arsenal,32’,1:0,Martín Zubimendi,,goal
ENG-Premier League,2526,2025-09-13 Arsenal-Nottingham Forest,Nottingham Forest,37’,1:0,Nicolò Savona,Murillo,substitute_in
ENG-Premier League,2526,2025-09-13 Arsenal-Nottingham Forest,Arsenal,46’,2:0,Viktor Gyökeres,Eberechi Eze,goal
ENG-Premier League,2526,2025-09-13 Arsenal-Nottingham Forest,Nottingham Forest,60’,2:0,Dilane Bakwa,Chris Wood,substitute_in
ENG-Premier League,2526,2025-09-13 Arsenal-Nottingham Forest,Nottingham Forest,60’,2:0,Arnaud Kalimuendo,Callum Hudson-Odoi,substitute_in
ENG-Premier League,2526,2025-09-13 Arsenal-Nottingham Forest,Arsenal,61’,2:0,Riccardo Calafiori,,yellow_card
ENG-Premier League,2526,2025-09-13 Arsenal-Nottingham Forest,Arsenal,68’,2:0,Declan Rice,Viktor Gyökeres,substitute_in
ENG-Premier League,2526,2025-09-13 Arsenal-Nottingham Forest,Arsenal,68’,2:0,Myles Lewis-Skelly,Riccardo Calafiori,substitute_in
ENG-Premier League,2526,2025-09-13 Arsenal-Nottingham Forest,Nottingham Forest,73’,2:0,James Mcatee,Morgan Gibbs-White,substitute_in
ENG-Premier League,2526,2025-09-13 Arsenal-Nottingham Forest,Nottingham Forest,73’,2:0,Ryan Yates,Ibrahim Sangaré,substitute_in
ENG-Premier League,2526,2025-09-13 Arsenal-Nottingham Forest,Arsenal,78’,2:0,Gabriel Martinelli,Noni Madueke,substitute_in
ENG-Premier League,2526,2025-09-13 Arsenal-Nottingham Forest,Nottingham Forest,78’,2:0,Neco Williams,,yellow_card
ENG-Premier League,2526,2025-09-13 Arsenal-Nottingham Forest,Arsenal,79’,2:0,Leandro Trossard,Eberechi Eze,substitute_in
ENG-Premier League,2526,2025-09-13 Arsenal-Nottingham Forest,Arsenal,79’,3:0,Martín Zubimendi,Leandro Trossard,goal
ENG-Premier League,2526,2025-12-27 Brentford-Bournemouth,Brentford,39’,2:0,Đorđe Petrović,,own_goal
ENG-Premier League,2526,2025-12-27 Brentford-Bournemouth,Bournemouth,46’,2:0,Evanilson,Adam Smith,substitute_in
ENG-Premier League,2526,2025-12-27 Brentford-Bournemouth,Bournemouth,46’,2:0,Justin Kluivert,Eli Junior Kroupi,substitute_in
ENG-Premier League,2526,2025-12-27 Brentford-Bournemouth,Bournemouth,46’,2:0,David Brooks,Bafodé Diakité,substitute_in
ENG-Premier League,2526,2025-12-27 Brentford-Bournemouth,Brentford,51’,3:0,Kevin Schade,Yehor Yarmoliuk,goal
ENG-Premier League,2526,2025-12-27 Brentford-Bournemouth,Brentford,75’,3:1,Mathias Jensen,,yellow_card
ENG-Premier League,2526,2025-12-27 Brentford-Bournemouth,Bournemouth,75’,3:1,Antoine Semenyo,,goal
ENG-Premier League,2526,2025-12-27 Brentford-Bournemouth,Brentford,77’,3:1,Aaron Hickey,Rico Henry,substitute_in
ENG-Premier League,2526,2025-12-27 Brentford-Bournemouth,Brentford,77’,3:1,Mikkel Damsgaard,Mathias Jensen,substitute_in
ENG-Premier League,2526,2025-12-27 Brentford-Bournemouth,Bournemouth,78’,3:1,Julio Soler,Adrien Truffert,substitute_in
ENG-Premier League,2526,2025-12-27 Brentford-Bournemouth,Brentford,7’,1:0,Kevin Schade,Igor Thiago,goal
ENG-Premier League,2526,2025-12-27 Brentford-Bournemouth,Brentford,82’,3:1,Michael Kayode,,yellow_card
ENG-Premier League,2526,2025-12-27 Brentford-Bournemouth,Bournemouth,82’,3:1,Justin Kluivert,,yellow_card
ENG-Premier League,2526,2025-12-27 Brentford-Bournemouth,Bournemouth,84’,3:1,Amine Adli,Alex Scott,substitute_in
ENG-Premier League,2526,2025-12-27 Brentford-Bournemouth,Brentford,89’,3:1,Jordan Henderson,Keane Lewis-Potter,substitute_in
ENG-Premier League,2526,2025-12-27 Brentford-Bournemouth,Brentford,89’,3:1,Reiss Nelson,Yehor Yarmoliuk,substitute_in
ENG-Premier League,2526,2025-12-27 Brentford-Bournemouth,Bournemouth,90+1’,3:1,Marcus Tavernier,,yellow_card
ENG-Premier League,2526,2025-12-27 Brentford-Bournemouth,Brentford,90+6’,4:1,Kevin Schade,Mikkel Damsgaard,goal
ENG-Premier League,2526,2025-11-23 Arsenal-Tottenham Hotspur,Tottenham Hotspur,32’,0:0,Rodrigo Bentancur,,yellow_card
ENG-Premier League,2526,2025-11-23 Arsenal-Tottenham Hotspur,Arsenal,36’,1:0,Leandro Trossard,Mikel Merino,goal
ENG-Premier League,2526,2025-11-23 Arsenal-Tottenham Hotspur,Arsenal,41’,2:0,Eberechi Eze,Declan Rice,goal
ENG-Premier League,2526,2025-11-23 Arsenal-Tottenham Hotspur,Arsenal,46’,3:0,Eberechi Eze,Jurriën Timber,goal
ENG-Premier League,2526,2025-11-23 Arsenal-Tottenham Hotspur,Tottenham Hotspur,46’,2:0,Xavi Simons,Kevin Danso,substitute_in
ENG-Premier League,2526,2025-11-23 Arsenal-Tottenham Hotspur,Tottenham Hotspur,55’,3:1,Richarlison,João Palhinha,goal
ENG-Premier League,2526,2025-11-23 Arsenal-Tottenham Hotspur,Tottenham Hotspur,66’,3:1,Randal Kolo Muani,Rodrigo Bentancur,substitute_in
ENG-Premier League,2526,2025-11-23 Arsenal-Tottenham Hotspur,Tottenham Hotspur,66’,3:1,Pape Matar Sarr,Wilson Odobert,substitute_in
ENG-Premier League,2526,2025-11-23 Arsenal-Tottenham Hotspur,Tottenham Hotspur,70’,3:1,Cristian Romero,,yellow_card
ENG-Premier League,2526,2025-11-23 Arsenal-Tottenham Hotspur,Arsenal,76’,4:1,Eberechi Eze,Leandro Trossard,goal
ENG-Premier League,2526,2025-11-23 Arsenal-Tottenham Hotspur,Arsenal,78’,4:1,Noni Madueke,Leandro Trossard,substitute_in
ENG-Premier League,2526,2025-11-23 Arsenal-Tottenham Hotspur,Tottenham Hotspur,78’,4:1,Brennan Johnson,Mohammed Kudus,substitute_in
ENG-Premier League,2526,2025-11-23 Arsenal-Tottenham Hotspur,Tottenham Hotspur,78’,4:1,Pedro Porro,Djed Spence,substitute_in
ENG-Premier League,2526,2025-11-23 Arsenal-Tottenham Hotspur,Tottenham Hotspur,87’,4:1,Pedro Porro,,yellow_card
ENG-Premier League,2526,2025-11-23 Arsenal-Tottenham Hotspur,Arsenal,87’,4:1,Declan Rice,,yellow_card
ENG-Premier League,2526,2025-11-23 Arsenal-Tottenham Hotspur,Arsenal,88’,4:1,Ethan Nwaneri,Mikel Merino,substitute_in
ENG-Premier League,2526,2025-11-23 Arsenal-Tottenham Hotspur,Arsenal,88’,4:1,Cristhian Mosquera,Piero Hincapié,substitute_in
ENG-Premier League,2526,2025-11-23 Arsenal-Tottenham Hotspur,Arsenal,90+2’,4:1,Myles Lewis-Skelly,Riccardo Calafiori,substitute_in
ENG-Premier League,2526,2026-01-31 Wolves-Bournemouth,Bournemouth,33’,0:1,Eli Junior Kroupi,Amine Adli,goal
ENG-Premier League,2526,2026-01-31 Wolves-Bournemouth,Wolverhampton Wanderers,45+1’,0:1,André,,yellow_card
ENG-Premier League,2526,2026-01-31 Wolves-Bournemouth,Bournemouth,58’,0:1,Álex Jiménez,,yellow_card
ENG-Premier League,2526,2026-01-31 Wolves-Bournemouth,Bournemouth,60’,0:1,Amine Adli,,yellow_card
ENG-Premier League,2526,2026-01-31 Wolves-Bournemouth,Wolverhampton Wanderers,61’,0:1,Yerson Mosquera,,yellow_card
ENG-Premier League,2526,2026-01-31 Wolves-Bournemouth,Bournemouth,68’,0:1,Ryan Christie,Eli Junior Kroupi,substitute_in
ENG-Premier League,2526,2026-01-31 Wolves-Bournemouth,Bournemouth,68’,0:1,Rayan Vitor,Amine Adli,substitute_in
ENG-Premier League,2526,2026-01-31 Wolves-Bournemouth,Wolverhampton Wanderers,71’,0:1,Jørgen Strand Larsen,Hwang Hee-chan,substitute_in
ENG-Premier League,2526,2026-01-31 Wolves-Bournemouth,Wolverhampton Wanderers,71’,0:1,Jean-Ricner Bellegarde,Rodrigo Gomes,substitute_in
ENG-Premier League,2526,2026-01-31 Wolves-Bournemouth,Wolverhampton Wanderers,75’,0:1,João Gomes,,yellow_card
ENG-Premier League,2526,2026-01-31 Wolves-Bournemouth,Wolverhampton Wanderers,80’,0:1,Jhon Arias,André,substitute_in
ENG-Premier League,2526,2026-01-31 Wolves-Bournemouth,Bournemouth,86’,0:1,Enes Ünal,Evanilson,substitute_in
ENG-Premier League,2526,2026-01-31 Wolves-Bournemouth,Bournemouth,86’,0:1,Alex Tóth,Álex Jiménez,substitute_in
ENG-Premier League,2526,2026-01-31 Wolves-Bournemouth,Bournemouth,88’,0:1,James Hill,,yellow_card
ENG-Premier League,2526,2026-01-31 Wolves-Bournemouth,Wolverhampton Wanderers,89’,0:1,David Møller Wolfe,Hugo Bueno,substitute_in
ENG-Premier League,2526,2026-01-31 Wolves-Bournemouth,Wolverhampton Wanderers,89’,0:1,Pedro Lima,Santiago Bueno,substitute_in
ENG-Premier League,2526,2026-01-31 Wolves-Bournemouth,Bournemouth,90+1’,0:2,Alex Scott,Rayan Vitor,goal
ENG-Premier League,2526,2026-01-31 Wolves-Bournemouth,Bournemouth,90+4’,0:2,Bafodé Diakité,Adam Smith,substitute_in
ENG-Premier League,2526,2025-11-23 Leeds United-Aston Villa,Leeds United,23’,1:0,Ao Tanaka,Anton Stach,substitute_in
ENG-Premier League,2526,2025-11-23 Leeds United-Aston Villa,Leeds United,41’,1:0,Jayden Bogle,,yellow_card
ENG-Premier League,2526,2025-11-23 Leeds United-Aston Villa,Leeds United,45+3’,1:0,Ao Tanaka,,yellow_card
ENG-Premier League,2526,2025-11-23 Leeds United-Aston Villa,Aston Villa,46’,1:0,Ian Maatsen,Lucas Digne,substitute_in
ENG-Premier League,2526,2025-11-23 Leeds United-Aston Villa,Aston Villa,46’,1:0,Donyell Malen,Emi Buendía,substitute_in
ENG-Premier League,2526,2025-11-23 Leeds United-Aston Villa,Aston Villa,48’,1:1,Morgan Rogers,Donyell Malen,goal
ENG-Premier League,2526,2025-11-23 Leeds United-Aston Villa,Aston Villa,53’,1:1,John McGinn,,yellow_card
ENG-Premier League,2526,2025-11-23 Leeds United-Aston Villa,Leeds United,63’,1:1,Ethan Ampadu,,yellow_card
ENG-Premier League,2526,2025-11-23 Leeds United-Aston Villa,Aston Villa,68’,1:1,Jadon Sancho,Ollie Watkins,substitute_in
ENG-Premier League,2526,2025-11-23 Leeds United-Aston Villa,Aston Villa,68’,1:1,Ross Barkley,John McGinn,substitute_in
ENG-Premier League,2526,2025-11-23 Leeds United-Aston Villa,Leeds United,71’,1:1,Dominic Calvert-Lewin,Ao Tanaka,substitute_in
ENG-Premier League,2526,2025-11-23 Leeds United-Aston Villa,Leeds United,71’,1:1,Daniel James,Lukas Nmecha,substitute_in
ENG-Premier League,2526,2025-11-23 Leeds United-Aston Villa,Leeds United,74’,1:1,Pascal Struijk,,yellow_card
ENG-Premier League,2526,2025-11-23 Leeds United-Aston Villa,Aston Villa,75’,1:2,Morgan Rogers,,goal
ENG-Premier League,2526,2025-11-23 Leeds United-Aston Villa,Leeds United,80’,1:2,Joël Piroe,Brenden Aaronson,substitute_in
ENG-Premier League,2526,2025-11-23 Leeds United-Aston Villa,Leeds United,80’,1:2,Wilfried Gnonto,Noah Okafor,substitute_in
ENG-Premier League,2526,2025-11-23 Leeds United-Aston Villa,Aston Villa,84’,1:2,Lamare Bogarde,Youri Tielemans,substitute_in
ENG-Premier League,2526,2025-11-23 Leeds United-Aston Villa,Leeds United,89’,1:2,Wilfried Gnonto,,yellow_card
ENG-Premier League,2526,2025-11-23 Leeds United-Aston Villa,Leeds United,8’,1:0,Lukas Nmecha,,goal
ENG-Premier League,2526,2025-09-27 Manchester City-Burnley,Manchester City,12’,1:0,Maxime Estève,,own_goal
ENG-Premier League,2526,2025-09-27 Manchester City-Burnley,Burnley,27’,1:0,Quilindschy Hartman,,yellow_card
ENG-Premier League,2526,2025-09-27 Manchester City-Burnley,Burnley,30’,1:0,Kyle Walker,,yellow_card
ENG-Premier League,2526,2025-09-27 Manchester City-Burnley,Burnley,38’,1:1,Jaidon Anthony,Quilindschy Hartman,goal
ENG-Premier League,2526,2025-09-27 Manchester City-Burnley,Manchester City,61’,2:1,Matheus Nunes,Erling Haaland,goal
ENG-Premier League,2526,2025-09-27 Manchester City-Burnley,Manchester City,62’,2:1,Oscar Bobb,Sávio,substitute_in
ENG-Premier League,2526,2025-09-27 Manchester City-Burnley,Burnley,62’,2:1,Jacob Bruun Larsen,Loum Tchaouna,substitute_in
ENG-Premier League,2526,2025-09-27 Manchester City-Burnley,Burnley,63’,2:1,Jaidon Anthony,,yellow_card
ENG-Premier League,2526,2025-09-27 Manchester City-Burnley,Manchester City,65’,3:1,Maxime Estève,,own_goal
ENG-Premier League,2526,2025-09-27 Manchester City-Burnley,Manchester City,70’,3:1,Nathan Aké,Joško Gvardiol,substitute_in
ENG-Premier League,2526,2025-09-27 Manchester City-Burnley,Burnley,79’,3:1,Lesley Ugochukwu,Josh Cullen,substitute_in
ENG-Premier League,2526,2025-09-27 Manchester City-Burnley,Burnley,80’,3:1,Armando Broja,Lyle Foster,substitute_in
ENG-Premier League,2526,2025-09-27 Manchester City-Burnley,Manchester City,83’,3:1,Phil Foden,,yellow_card
ENG-Premier League,2526,2025-09-27 Manchester City-Burnley,Manchester City,83’,3:1,Bernardo Silva,Tijjani Reijnders,substitute_in
ENG-Premier League,2526,2025-09-27 Manchester City-Burnley,Manchester City,83’,3:1,Rico Lewis,Nico O’Reilly,substitute_in
ENG-Premier League,2526,2025-09-27 Manchester City-Burnley,Burnley,88’,3:1,Hannibal Mejbri,Jaidon Anthony,substitute_in
ENG-Premier League,2526,2025-09-27 Manchester City-Burnley,Burnley,88’,3:1,Bashir Humphreys,Quilindschy Hartman,substitute_in
ENG-Premier League,2526,2025-09-27 Manchester City-Burnley,Manchester City,90+3’,5:1,Erling Haaland,,goal
ENG-Premier League,2526,2025-09-27 Manchester City-Burnley,Manchester City,90’,4:1,Erling Haaland,Jeremy Doku,goal
ENG-Premier League,2526,2025-11-02 West Ham United-Newcastle United,Newcastle United,30’,0:1,Bruno Guimarães,,yellow_card
ENG-Premier League,2526,2025-11-02 West Ham United-Newcastle United,West Ham United,35’,1:1,Lucas Paquetá,Mateus Fernandes,goal
ENG-Premier League,2526,2025-11-02 West Ham United-Newcastle United,West Ham United,45+5’,2:1,Sven Botman,,own_goal
ENG-Premier League,2526,2025-11-02 West Ham United-Newcastle United,Newcastle United,46’,2:1,Fabian Schär,Emil Krafth,substitute_in
ENG-Premier League,2526,2025-11-02 West Ham United-Newcastle United,Newcastle United,46’,2:1,Jacob Ramsey,Anthony Gordon,substitute_in
ENG-Premier League,2526,2025-11-02 West Ham United-Newcastle United,Newcastle United,46’,2:1,William Osula,Nick Woltemade,substitute_in
ENG-Premier League,2526,2025-11-02 West Ham United-Newcastle United,Newcastle United,4’,0:1,Jacob Murphy,Bruno Guimarães,goal
ENG-Premier League,2526,2025-11-02 West Ham United-Newcastle United,West Ham United,61’,2:1,Tomáš Souček,Callum Wilson,substitute_in
ENG-Premier League,2526,2025-11-02 West Ham United-Newcastle United,Newcastle United,65’,2:1,Harvey Barnes,Sven Botman,substitute_in
ENG-Premier League,2526,2025-11-02 West Ham United-Newcastle United,Newcastle United,77’,2:1,Anthony Elanga,Jacob Murphy,substitute_in
ENG-Premier League,2526,2025-11-02 West Ham United-Newcastle United,West Ham United,79’,2:1,Kyle Walker-Peters,Crysencio Summerville,substitute_in
ENG-Premier League,2526,2025-11-02 West Ham United-Newcastle United,West Ham United,85’,2:1,Igor,Mateus Fernandes,substitute_in
ENG-Premier League,2526,2025-11-02 West Ham United-Newcastle United,West Ham United,90+6’,2:1,Lucas Paquetá,,yellow_card
ENG-Premier League,2526,2025-11-02 West Ham United-Newcastle United,Newcastle United,90+6’,2:1,Jacob Ramsey,,yellow_card
ENG-Premier League,2526,2025-11-02 West Ham United-Newcastle United,West Ham United,90+7’,3:1,Tomáš Souček,,goal
ENG-Premier League,2526,2025-09-13 Newcastle United-Wolves,Newcastle United,29’,1:0,Nick Woltemade,Jacob Murphy,goal
ENG-Premier League,2526,2025-09-13 Newcastle United-Wolves,Wolverhampton Wanderers,31’,1:0,André,,yellow_card
ENG-Premier League,2526,2025-09-13 Newcastle United-Wolves,Newcastle United,65’,1:0,William Osula,Nick Woltemade,substitute_in
ENG-Premier League,2526,2025-09-13 Newcastle United-Wolves,Newcastle United,65’,1:0,Joe Willock,Joelinton,substitute_in
ENG-Premier League,2526,2025-09-13 Newcastle United-Wolves,Wolverhampton Wanderers,66’,1:0,Jean-Ricner Bellegarde,Yerson Mosquera,substitute_in
ENG-Premier League,2526,2025-09-13 Newcastle United-Wolves,Wolverhampton Wanderers,66’,1:0,Marshall Munetsi,André,substitute_in
ENG-Premier League,2526,2025-09-13 Newcastle United-Wolves,Wolverhampton Wanderers,66’,1:0,Jhon Arias,Tolu Arokodare,substitute_in
ENG-Premier League,2526,2025-09-13 Newcastle United-Wolves,Wolverhampton Wanderers,67’,1:0,Marshall Munetsi,,yellow_card
ENG-Premier League,2526,2025-09-13 Newcastle United-Wolves,Wolverhampton Wanderers,68’,1:0,João Gomes,,yellow_card
ENG-Premier League,2526,2025-09-13 Newcastle United-Wolves,Wolverhampton Wanderers,77’,1:0,Jackson Tchatchoua,Rodrigo Gomes,substitute_in
ENG-Premier League,2526,2025-09-13 Newcastle United-Wolves,Wolverhampton Wanderers,77’,1:0,Fer López,Hwang Hee-chan,substitute_in
ENG-Premier League,2526,2025-09-13 Newcastle United-Wolves,Wolverhampton Wanderers,7’,0:0,Ladislav Krejčí,,yellow_card
ENG-Premier League,2526,2025-09-13 Newcastle United-Wolves,Newcastle United,80’,1:0,Anthony Elanga,Harvey Barnes,substitute_in
ENG-Premier League,2526,2025-09-13 Newcastle United-Wolves,Newcastle United,88’,1:0,Bruno Guimarães,,yellow_card
ENG-Premier League,2526,2025-09-13 Newcastle United-Wolves,Newcastle United,90+5’,1:0,Sven Botman,Jacob Murphy,substitute_in
ENG-Premier League,2526,2026-01-01 Brentford-Tottenham Hotspur,Brentford,58’,0:0,Jordan Henderson,,yellow_card
ENG-Premier League,2526,2026-01-01 Brentford-Tottenham Hotspur,Tottenham Hotspur,60’,0:0,João Palhinha,,yellow_card
ENG-Premier League,2526,2026-01-01 Brentford-Tottenham Hotspur,Tottenham Hotspur,67’,0:0,Randal Kolo Muani,Wilson Odobert,substitute_in
ENG-Premier League,2526,2026-01-01 Brentford-Tottenham Hotspur,Tottenham Hotspur,69’,0:0,Guglielmo Vicario,,yellow_card
ENG-Premier League,2526,2026-01-01 Brentford-Tottenham Hotspur,Brentford,80’,0:0,Mathias Jensen,Yehor Yarmoliuk,substitute_in
ENG-Premier League,2526,2026-01-01 Brentford-Tottenham Hotspur,Brentford,80’,0:0,Reiss Nelson,Kevin Schade,substitute_in
ENG-Premier League,2526,2026-01-01 Brentford-Tottenham Hotspur,Tottenham Hotspur,80’,0:0,Mathys Tel,João Palhinha,substitute_in
ENG-Premier League,2526,2025-11-29 Brentford-Burnley,Burnley,16’,0:0,Hannibal Mejbri,,yellow_card
ENG-Premier League,2526,2025-11-29 Brentford-Burnley,Burnley,60’,0:0,Lesley Ugochukwu,Hannibal Mejbri,substitute_in
ENG-Premier League,2526,2025-11-29 Brentford-Burnley,Brentford,75’,0:0,Reiss Nelson,Kevin Schade,substitute_in
ENG-Premier League,2526,2025-11-29 Brentford-Burnley,Brentford,75’,0:0,Rico Henry,Aaron Hickey,substitute_in
ENG-Premier League,2526,2025-11-29 Brentford-Burnley,Burnley,75’,0:0,Josh Laurent,Florentino Luís,substitute_in
ENG-Premier League,2526,2025-11-29 Brentford-Burnley,Burnley,75’,0:0,Jacob Bruun Larsen,Loum Tchaouna,substitute_in
ENG-Premier League,2526,2025-11-29 Brentford-Burnley,Burnley,75’,0:0,Jaidon Anthony,Lyle Foster,substitute_in
ENG-Premier League,2526,2025-11-29 Brentford-Burnley,Burnley,77’,0:0,Axel Tuanzebe,,yellow_card
ENG-Premier League,2526,2025-11-29 Brentford-Burnley,Brentford,81’,1:0,Igor Thiago,,penalty_goal
ENG-Premier League,2526,2025-11-29 Brentford-Burnley,Burnley,81’,0:0,Armando Broja,Josh Cullen,substitute_in
ENG-Premier League,2526,2025-11-29 Brentford-Burnley,Brentford,85’,1:1,Yehor Yarmoliuk,Mathias Jensen,substitute_in
ENG-Premier League,2526,2025-11-29 Brentford-Burnley,Burnley,85’,1:1,Zian Flemming,,penalty_goal
ENG-Premier League,2526,2025-11-29 Brentford-Burnley,Brentford,86’,2:1,Igor Thiago,,goal
ENG-Premier League,2526,2025-11-29 Brentford-Burnley,Brentford,90+1’,2:1,Keane Lewis-Potter,Igor Thiago,substitute_in
ENG-Premier League,2526,2025-11-29 Brentford-Burnley,Brentford,90+2’,3:1,Dango Ouattara,Jordan Henderson,goal
ENG-Premier League,2526,2025-12-20 Manchester City-West Ham United,Manchester City,28’,1:0,Nicolás González,,yellow_card
ENG-Premier League,2526,2025-12-20 Manchester City-West Ham United,Manchester City,38’,2:0,Tijjani Reijnders,Erling Haaland,goal
ENG-Premier League,2526,2025-12-20 Manchester City-West Ham United,West Ham United,41’,2:0,Jarrod Bowen,,yellow_card
ENG-Premier League,2526,2025-12-20 Manchester City-West Ham United,Manchester City,5’,1:0,Erling Haaland,,goal
ENG-Premier League,2526,2025-12-20 Manchester City-West Ham United,West Ham United,64’,2:0,Ezra Mayers,Oliver Scarles,substitute_in
ENG-Premier League,2526,2025-12-20 Manchester City-West Ham United,Manchester City,67’,2:0,Abdukodir Khusanov,Nicolás González,substitute_in
ENG-Premier League,2526,2025-12-20 Manchester City-West Ham United,Manchester City,67’,2:0,Rico Lewis,Tijjani Reijnders,substitute_in
ENG-Premier League,2526,2025-12-20 Manchester City-West Ham United,Manchester City,67’,2:0,Sávio,Rayan Cherki,substitute_in
ENG-Premier League,2526,2025-12-20 Manchester City-West Ham United,Manchester City,69’,3:0,Erling Haaland,,goal
ENG-Premier League,2526,2025-12-20 Manchester City-West Ham United,Manchester City,75’,3:0,Divine Mukasa,Bernardo Silva,substitute_in
ENG-Premier League,2526,2025-12-20 Manchester City-West Ham United,West Ham United,78’,3:0,Tomáš Souček,Lucas Paquetá,substitute_in
ENG-Premier League,2526,2025-12-20 Manchester City-West Ham United,West Ham United,79’,3:0,Konstantinos Mavropanos,Crysencio Summerville,substitute_in
ENG-Premier League,2526,2025-12-20 Manchester City-West Ham United,West Ham United,79’,3:0,Guido Rodríguez,Mateus Fernandes,substitute_in
ENG-Premier League,2526,2025-12-20 Manchester City-West Ham United,West Ham United,79’,3:0,Callum Wilson,Freddie Potts,substitute_in
ENG-Premier League,2526,2026-03-01 Fulham-Tottenham Hotspur,Fulham,34’,2:0,Alex Iwobi,Harry Wilson,goal
ENG-Premier League,2526,2026-03-01 Fulham-Tottenham Hotspur,Tottenham Hotspur,58’,2:0,Pape Matar Sarr,Conor Gallagher,substitute_in
ENG-Premier League,2526,2026-03-01 Fulham-Tottenham Hotspur,Tottenham Hotspur,58’,2:0,Richarlison,Xavi Simons,substitute_in
ENG-Premier League,2526,2026-03-01 Fulham-Tottenham Hotspur,Tottenham Hotspur,58’,2:0,Mathys Tel,Randal Kolo Muani,substitute_in
ENG-Premier League,2526,2026-03-01 Fulham-Tottenham Hotspur,Fulham,61’,2:0,Issa Diop,,yellow_card
ENG-Premier League,2526,2026-03-01 Fulham-Tottenham Hotspur,Tottenham Hotspur,64’,2:0,Micky van de Ven,,yellow_card
ENG-Premier League,2526,2026-03-01 Fulham-Tottenham Hotspur,Fulham,66’,2:1,Calvin Bassey,,yellow_card
ENG-Premier League,2526,2026-03-01 Fulham-Tottenham Hotspur,Tottenham Hotspur,66’,2:1,Richarlison,,yellow_card
ENG-Premier League,2526,2026-03-01 Fulham-Tottenham Hotspur,Tottenham Hotspur,66’,2:1,Richarlison,Archie Gray,goal
ENG-Premier League,2526,2026-03-01 Fulham-Tottenham Hotspur,Fulham,72’,2:1,Samuel Chukwueze,Harry Wilson,substitute_in
ENG-Premier League,2526,2026-03-01 Fulham-Tottenham Hotspur,Fulham,72’,2:1,Joshua King,Oscar Bobb,substitute_in
ENG-Premier League,2526,2026-03-01 Fulham-Tottenham Hotspur,Fulham,72’,2:1,Rodrigo Muniz,Raúl Jiménez,substitute_in
ENG-Premier League,2526,2026-03-01 Fulham-Tottenham Hotspur,Fulham,72’,2:1,Tom Cairney,Emile Smith Rowe,substitute_in
ENG-Premier League,2526,2026-03-01 Fulham-Tottenham Hotspur,Fulham,7’,1:0,Harry Wilson,,goal
ENG-Premier League,2526,2026-03-01 Fulham-Tottenham Hotspur,Tottenham Hotspur,80’,2:1,Souza,Yves Bissouma,substitute_in
ENG-Premier League,2526,2026-03-01 Fulham-Tottenham Hotspur,Fulham,90+2’,2:1,Tom Cairney,,yellow_card
ENG-Premier League,2526,2026-03-01 Fulham-Tottenham Hotspur,Tottenham Hotspur,90+5’,2:1,Pedro Porro,,yellow_card
ENG-Premier League,2526,2026-03-01 Fulham-Tottenham Hotspur,Fulham,90’,2:1,Jorge Cuenca,Alex Iwobi,substitute_in
ENG-Premier League,2526,2026-03-01 Fulham-Tottenham Hotspur,Tottenham Hotspur,90’,2:1,Kevin Danso,Radu Drăgușin,substitute_in
ENG-Premier League,2526,2025-12-03 Arsenal-Brentford,Arsenal,11’,1:0,Mikel Merino,Ben White,goal
ENG-Premier League,2526,2025-12-03 Arsenal-Brentford,Arsenal,44’,1:0,Jurriën Timber,Cristhian Mosquera,substitute_in
ENG-Premier League,2526,2025-12-03 Arsenal-Brentford,Brentford,60’,1:0,Igor Thiago,Kevin Schade,substitute_in
ENG-Premier League,2526,2025-12-03 Arsenal-Brentford,Arsenal,61’,1:0,Eberechi Eze,Gabriel Martinelli,substitute_in
ENG-Premier League,2526,2025-12-03 Arsenal-Brentford,Arsenal,61’,1:0,Bukayo Saka,Noni Madueke,substitute_in
ENG-Premier League,2526,2025-12-03 Arsenal-Brentford,Brentford,61’,1:0,Jordan Henderson,Vitaly Janelt,substitute_in
ENG-Premier League,2526,2025-12-03 Arsenal-Brentford,Brentford,61’,1:0,Mikkel Damsgaard,Mathias Jensen,substitute_in
ENG-Premier League,2526,2025-12-03 Arsenal-Brentford,Brentford,65’,1:0,Yehor Yarmoliuk,,yellow_card
ENG-Premier League,2526,2025-12-03 Arsenal-Brentford,Brentford,74’,1:0,Keane Lewis-Potter,Rico Henry,substitute_in
ENG-Premier League,2526,2025-12-03 Arsenal-Brentford,Brentford,74’,1:0,Nathan Collins,Ethan Pinnock,substitute_in
ENG-Premier League,2526,2025-12-03 Arsenal-Brentford,Arsenal,83’,1:0,Viktor Gyökeres,Declan Rice,substitute_in
ENG-Premier League,2526,2025-12-03 Arsenal-Brentford,Arsenal,90+1’,2:0,Bukayo Saka,Mikel Merino,goal
ENG-Premier League,2526,2025-08-22 West Ham United-Chelsea,Chelsea,15’,1:1,João Pedro,Marc Cucurella,goal
ENG-Premier League,2526,2025-08-22 West Ham United-Chelsea,Chelsea,23’,1:2,Pedro Neto,João Pedro,goal
ENG-Premier League,2526,2025-08-22 West Ham United-Chelsea,Chelsea,34’,1:3,Enzo Fernández,Estêvão Willian,goal
ENG-Premier League,2526,2025-08-22 West Ham United-Chelsea,West Ham United,46’,1:3,Callum Wilson,Niclas Füllkrug,substitute_in
ENG-Premier League,2526,2025-08-22 West Ham United-Chelsea,West Ham United,46’,1:3,Freddie Potts,Jean-Clair Todibo,substitute_in
ENG-Premier League,2526,2025-08-22 West Ham United-Chelsea,Chelsea,54’,1:4,Moisés Caicedo,,goal
ENG-Premier League,2526,2025-08-22 West Ham United-Chelsea,Chelsea,58’,1:5,Trevoh Chalobah,João Pedro,goal
ENG-Premier League,2526,2025-08-22 West Ham United-Chelsea,Chelsea,62’,1:5,Andrey Santos,Liam Delap,substitute_in
ENG-Premier League,2526,2025-08-22 West Ham United-Chelsea,Chelsea,69’,1:5,Reece James,Malo Gusto,substitute_in
ENG-Premier League,2526,2025-08-22 West Ham United-Chelsea,Chelsea,69’,1:5,Jorrel Hato,Marc Cucurella,substitute_in
ENG-Premier League,2526,2025-08-22 West Ham United-Chelsea,Chelsea,69’,1:5,Wesley Fofana,Trevoh Chalobah,substitute_in
ENG-Premier League,2526,2025-08-22 West Ham United-Chelsea,West Ham United,6’,1:0,Lucas Paquetá,El Hadji Malick Diouf,goal
ENG-Premier League,2526,2025-08-22 West Ham United-Chelsea,West Ham United,70’,1:5,Kyle Walker-Peters,Tomáš Souček,substitute_in
ENG-Premier League,2526,2025-08-22 West Ham United-Chelsea,Chelsea,77’,1:5,Jamie Gittens,Estêvão Willian,substitute_in
ENG-Premier League,2526,2025-08-22 West Ham United-Chelsea,Chelsea,87’,1:5,Jorrel Hato,,yellow_card
ENG-Premier League,2526,2025-08-16 Brighton-Fulham,Fulham,31’,0:0,Calvin Bassey,,yellow_card
ENG-Premier League,2526,2025-08-16 Brighton-Fulham,Brighton & Hove Albion,55’,1:0,Matt O'Riley,,penalty_goal
ENG-Premier League,2526,2025-08-16 Brighton-Fulham,Brighton & Hove Albion,60’,1:0,Kaoru Mitoma,,yellow_card
ENG-Premier League,2526,2025-08-16 Brighton-Fulham,Fulham,66’,1:0,Tom Cairney,Sander Berge,substitute_in
ENG-Premier League,2526,2025-08-16 Brighton-Fulham,Fulham,66’,1:0,Rodrigo Muniz,Raúl Jiménez,substitute_in
ENG-Premier League,2526,2025-08-16 Brighton-Fulham,Fulham,66’,1:0,Adama Traoré,Alex Iwobi,substitute_in
ENG-Premier League,2526,2025-08-16 Brighton-Fulham,Brighton & Hove Albion,69’,1:0,Ferdi Kadioglu,Yankuba Minteh,substitute_in
ENG-Premier League,2526,2025-08-16 Brighton-Fulham,Brighton & Hove Albion,69’,1:0,Danny Welbeck,Georginio Rutter,substitute_in
ENG-Premier League,2526,2025-08-16 Brighton-Fulham,Brighton & Hove Albion,69’,1:0,Diego Gómez,Carlos Baleba,substitute_in
ENG-Premier League,2526,2025-08-16 Brighton-Fulham,Brighton & Hove Albion,73’,1:0,Ferdi Kadioglu,,yellow_card
ENG-Premier League,2526,2025-08-16 Brighton-Fulham,Fulham,77’,1:0,Emile Smith Rowe,Joshua King,substitute_in
ENG-Premier League,2526,2025-08-16 Brighton-Fulham,Brighton & Hove Albion,78’,1:0,Diego Gómez,,yellow_card
ENG-Premier League,2526,2025-08-16 Brighton-Fulham,Brighton & Hove Albion,83’,1:0,Brajan Gruda,Kaoru Mitoma,substitute_in
ENG-Premier League,2526,2025-08-16 Brighton-Fulham,Fulham,84’,1:0,Timothy Castagne,Jorge Cuenca,substitute_in
ENG-Premier League,2526,2025-08-16 Brighton-Fulham,Brighton & Hove Albion,88’,1:0,James Milner,Matt O'Riley,substitute_in
ENG-Premier League,2526,2025-08-16 Brighton-Fulham,Fulham,90+3’,1:0,Tom Cairney,,yellow_card
ENG-Premier League,2526,2025-08-16 Brighton-Fulham,Fulham,90+6’,1:1,Rodrigo Muniz,,goal
ENG-Premier League,2526,2025-08-16 Brighton-Fulham,Fulham,90+7’,1:1,Rodrigo Muniz,,yellow_card
ENG-Premier League,2526,2026-02-06 Leeds United-Nottingham Forest,Leeds United,26’,1:0,Jayden Bogle,Ilia Gruev,goal
ENG-Premier League,2526,2026-02-06 Leeds United-Nottingham Forest,Leeds United,30’,2:0,Noah Okafor,James Justin,goal
ENG-Premier League,2526,2026-02-06 Leeds United-Nottingham Forest,Leeds United,49’,3:0,Dominic Calvert-Lewin,Ilia Gruev,goal
ENG-Premier League,2526,2026-02-06 Leeds United-Nottingham Forest,Nottingham Forest,54’,3:0,Lorenzo Lucca,Igor Jesus,substitute_in
ENG-Premier League,2526,2026-02-06 Leeds United-Nottingham Forest,Nottingham Forest,54’,3:0,Omari Hutchinson,Nicolás Domínguez,substitute_in
ENG-Premier League,2526,2026-02-06 Leeds United-Nottingham Forest,Leeds United,61’,3:0,Noah Okafor,,yellow_card
ENG-Premier League,2526,2026-02-06 Leeds United-Nottingham Forest,Nottingham Forest,62’,3:0,Ibrahim Sangaré,,yellow_card
ENG-Premier League,2526,2026-02-06 Leeds United-Nottingham Forest,Nottingham Forest,67’,3:0,Dan Ndoye,Callum Hudson-Odoi,substitute_in
ENG-Premier League,2526,2026-02-06 Leeds United-Nottingham Forest,Nottingham Forest,67’,3:0,Ryan Yates,Morgan Gibbs-White,substitute_in
ENG-Premier League,2526,2026-02-06 Leeds United-Nottingham Forest,Nottingham Forest,76’,3:0,Luca Netz,Zach Abbott,substitute_in
ENG-Premier League,2526,2026-02-06 Leeds United-Nottingham Forest,Leeds United,78’,3:0,Daniel James,Brenden Aaronson,substitute_in
ENG-Premier League,2526,2026-02-06 Leeds United-Nottingham Forest,Leeds United,82’,3:0,Sean Longstaff,Noah Okafor,substitute_in
ENG-Premier League,2526,2026-02-06 Leeds United-Nottingham Forest,Nottingham Forest,86’,3:1,Lorenzo Lucca,Omari Hutchinson,goal
ENG-Premier League,2526,2026-02-06 Leeds United-Nottingham Forest,Leeds United,90+6’,3:1,Sebastiaan Bornauw,Jayden Bogle,substitute_in
ENG-Premier League,2526,2025-12-13 Arsenal-Wolves,Arsenal,31’,0:0,Myles Lewis-Skelly,Ben White,substitute_in
ENG-Premier League,2526,2025-12-13 Arsenal-Wolves,Arsenal,57’,0:0,Martin Ødegaard,Eberechi Eze,substitute_in
ENG-Premier League,2526,2025-12-13 Arsenal-Wolves,Arsenal,57’,0:0,Leandro Trossard,Gabriel Martinelli,substitute_in
ENG-Premier League,2526,2025-12-13 Arsenal-Wolves,Arsenal,57’,0:0,Mikel Merino,Martín Zubimendi,substitute_in
ENG-Premier League,2526,2025-12-13 Arsenal-Wolves,Wolverhampton Wanderers,60’,0:0,Hwang Hee-chan,,yellow_card
ENG-Premier League,2526,2025-12-13 Arsenal-Wolves,Wolverhampton Wanderers,65’,0:0,Matt Doherty,,yellow_card
ENG-Premier League,2526,2025-12-13 Arsenal-Wolves,Wolverhampton Wanderers,69’,0:0,Jackson Tchatchoua,Matt Doherty,substitute_in
ENG-Premier League,2526,2025-12-13 Arsenal-Wolves,Wolverhampton Wanderers,69’,0:0,Tolu Arokodare,Jørgen Strand Larsen,substitute_in
ENG-Premier League,2526,2025-12-13 Arsenal-Wolves,Arsenal,70’,1:0,Sam Johnstone,,own_goal
ENG-Premier League,2526,2025-12-13 Arsenal-Wolves,Wolverhampton Wanderers,80’,1:0,Fer López,Ladislav Krejčí,substitute_in
ENG-Premier League,2526,2025-12-13 Arsenal-Wolves,Wolverhampton Wanderers,80’,1:0,Jhon Arias,Hwang Hee-chan,substitute_in
ENG-Premier League,2526,2025-12-13 Arsenal-Wolves,Arsenal,81’,1:0,Gabriel Jesus,Viktor Gyökeres,substitute_in
ENG-Premier League,2526,2025-12-13 Arsenal-Wolves,Wolverhampton Wanderers,86’,1:0,Mateus Mane,Toti Gomes,substitute_in
ENG-Premier League,2526,2025-12-13 Arsenal-Wolves,Arsenal,90+4’,2:1,Yerson Mosquera,,own_goal
ENG-Premier League,2526,2025-12-13 Arsenal-Wolves,Wolverhampton Wanderers,90+6’,2:1,Yerson Mosquera,,yellow_card
ENG-Premier League,2526,2025-12-13 Arsenal-Wolves,Wolverhampton Wanderers,90+8’,2:1,Emmanuel Agbadou,,yellow_card
ENG-Premier League,2526,2025-12-13 Arsenal-Wolves,Wolverhampton Wanderers,90’,1:1,Tolu Arokodare,Mateus Mane,goal
ENG-Premier League,2526,2025-11-22 Fulham-Sunderland,Sunderland,32’,0:0,Daniel Ballard,,yellow_card
ENG-Premier League,2526,2025-11-22 Fulham-Sunderland,Fulham,64’,0:0,Emile Smith Rowe,Joshua King,substitute_in
ENG-Premier League,2526,2025-11-22 Fulham-Sunderland,Fulham,64’,0:0,Samuel Chukwueze,Kevin,substitute_in
ENG-Premier League,2526,2025-11-22 Fulham-Sunderland,Sunderland,64’,0:0,Chemsdine Talbi,Bertrand Traoré,substitute_in
ENG-Premier League,2526,2025-11-22 Fulham-Sunderland,Sunderland,64’,0:0,Brian Brobbey,Wilson Isidor,substitute_in
ENG-Premier League,2526,2025-11-22 Fulham-Sunderland,Sunderland,79’,0:0,Reinildo Mandava,,yellow_card
ENG-Premier League,2526,2025-11-22 Fulham-Sunderland,Fulham,84’,1:0,Raúl Jiménez,Samuel Chukwueze,goal
ENG-Premier League,2526,2025-11-22 Fulham-Sunderland,Sunderland,88’,1:0,Trai Hume,,yellow_card
ENG-Premier League,2526,2025-11-22 Fulham-Sunderland,Fulham,89’,1:0,Harrison Reed,Alex Iwobi,substitute_in
ENG-Premier League,2526,2025-11-22 Fulham-Sunderland,Fulham,90+3’,1:0,Bernd Leno,,yellow_card
ENG-Premier League,2526,2025-11-22 Fulham-Sunderland,Fulham,90+4’,1:0,Harry Wilson,,yellow_card
ENG-Premier League,2526,2025-11-22 Fulham-Sunderland,Fulham,90+4’,1:0,Timothy Castagne,Harry Wilson,substitute_in
ENG-Premier League,2526,2025-11-22 Fulham-Sunderland,Fulham,90+5’,1:0,Raúl Jiménez,,yellow_card
ENG-Premier League,2526,2025-11-22 Fulham-Sunderland,Sunderland,90’,1:0,Eliezer Mayenda,Trai Hume,substitute_in
ENG-Premier League,2526,2025-11-22 Fulham-Sunderland,Sunderland,90’,1:0,Simon Adingra,Enzo Le Fée,substitute_in
ENG-Premier League,2526,2025-09-20 Liverpool-Everton,Liverpool,10’,1:0,Ryan Gravenberch,Mohamed Salah,goal
ENG-Premier League,2526,2025-09-20 Liverpool-Everton,Everton,28’,1:0,Iliman Ndiaye,,yellow_card
ENG-Premier League,2526,2025-09-20 Liverpool-Everton,Liverpool,29’,2:0,Hugo Ekitike,Ryan Gravenberch,goal
ENG-Premier League,2526,2025-09-20 Liverpool-Everton,Everton,46’,2:0,Thierno Barry,Beto,substitute_in
ENG-Premier League,2526,2025-09-20 Liverpool-Everton,Everton,58’,2:1,Idrissa Gana Gueye,Iliman Ndiaye,goal
ENG-Premier League,2526,2025-09-20 Liverpool-Everton,Liverpool,61’,2:1,Curtis Jones,Alexis Mac Allister,substitute_in
ENG-Premier League,2526,2025-09-20 Liverpool-Everton,Liverpool,61’,2:1,Florian Wirtz,Cody Gakpo,substitute_in
ENG-Premier League,2526,2025-09-20 Liverpool-Everton,Liverpool,67’,2:1,Alexander Isak,Hugo Ekitike,substitute_in
ENG-Premier League,2526,2025-09-20 Liverpool-Everton,Liverpool,69’,2:1,Dominik Szoboszlai,,yellow_card
ENG-Premier League,2526,2025-09-20 Liverpool-Everton,Everton,78’,2:1,Kiernan Dewsbury-Hall,,yellow_card
ENG-Premier League,2526,2025-09-20 Liverpool-Everton,Liverpool,82’,2:1,Florian Wirtz,,yellow_card
ENG-Premier League,2526,2025-09-20 Liverpool-Everton,Everton,86’,2:1,Tyler Dibling,Iliman Ndiaye,substitute_in
ENG-Premier League,2526,2025-09-20 Liverpool-Everton,Everton,86’,2:1,Carlos Alcaraz,Vitaliy Mykolenko,substitute_in
ENG-Premier League,2526,2025-09-20 Liverpool-Everton,Everton,90+4’,2:1,Jack Grealish,,yellow_card
ENG-Premier League,2526,2026-02-10 Everton-Bournemouth,Everton,42’,1:0,Iliman Ndiaye,,penalty_goal
ENG-Premier League,2526,2026-02-10 Everton-Bournemouth,Bournemouth,57’,1:0,Rayan Vitor,,yellow_card
ENG-Premier League,2526,2026-02-10 Everton-Bournemouth,Bournemouth,58’,1:0,Enes Ünal,Alex Tóth,substitute_in
ENG-Premier League,2526,2026-02-10 Everton-Bournemouth,Bournemouth,58’,1:0,Eli Junior Kroupi,Evanilson,substitute_in
ENG-Premier League,2526,2026-02-10 Everton-Bournemouth,Bournemouth,61’,1:1,Rayan Vitor,Adrien Truffert,goal
ENG-Premier League,2526,2026-02-10 Everton-Bournemouth,Everton,62’,1:1,Harrison Armstrong,Tyrique George,substitute_in
ENG-Premier League,2526,2026-02-10 Everton-Bournemouth,Everton,62’,1:1,Beto,Thierno Barry,substitute_in
ENG-Premier League,2526,2026-02-10 Everton-Bournemouth,Bournemouth,64’,1:2,Amine Adli,James Hill,goal
ENG-Premier League,2526,2026-02-10 Everton-Bournemouth,Everton,66’,1:2,Beto,,yellow_card
ENG-Premier League,2526,2026-02-10 Everton-Bournemouth,Everton,69’,1:2,Jake O'Brien,,red_card
ENG-Premier League,2526,2026-02-10 Everton-Bournemouth,Bournemouth,80’,1:2,Lewis Cook,Ryan Christie,substitute_in
ENG-Premier League,2526,2026-02-10 Everton-Bournemouth,Bournemouth,80’,1:2,David Brooks,Amine Adli,substitute_in
ENG-Premier League,2526,2026-02-10 Everton-Bournemouth,Bournemouth,81’,1:2,David Brooks,,yellow_card
ENG-Premier League,2526,2026-02-10 Everton-Bournemouth,Everton,90+3’,1:2,Michael Keane,Vitaliy Mykolenko,substitute_in
ENG-Premier League,2526,2026-02-10 Everton-Bournemouth,Bournemouth,90+3’,1:2,Adam Smith,Rayan Vitor,substitute_in
ENG-Premier League,2526,2026-02-10 Everton-Bournemouth,Bournemouth,90+6’,1:2,Álex Jiménez,,yellow_card
ENG-Premier League,2526,2026-03-15 Liverpool-Tottenham Hotspur,Liverpool,18’,1:0,Dominik Szoboszlai,,goal
ENG-Premier League,2526,2026-03-15 Liverpool-Tottenham Hotspur,Tottenham Hotspur,56’,1:0,Xavi Simons,Souza,substitute_in
ENG-Premier League,2526,2026-03-15 Liverpool-Tottenham Hotspur,Liverpool,64’,1:0,Hugo Ekitike,Rio Ngumoha,substitute_in
ENG-Premier League,2526,2026-03-15 Liverpool-Tottenham Hotspur,Liverpool,64’,1:0,Curtis Jones,Florian Wirtz,substitute_in
ENG-Premier League,2526,2026-03-15 Liverpool-Tottenham Hotspur,Liverpool,64’,1:0,Mohamed Salah,Jeremie Frimpong,substitute_in
ENG-Premier League,2526,2026-03-15 Liverpool-Tottenham Hotspur,Tottenham Hotspur,75’,1:0,Randal Kolo Muani,Mathys Tel,substitute_in
ENG-Premier League,2526,2026-03-15 Liverpool-Tottenham Hotspur,Tottenham Hotspur,76’,1:0,Callum Olusesi,Djed Spence,substitute_in
ENG-Premier League,2526,2026-03-15 Liverpool-Tottenham Hotspur,Liverpool,83’,1:0,Trey Nyoni,Cody Gakpo,substitute_in
ENG-Premier League,2526,2026-03-15 Liverpool-Tottenham Hotspur,Liverpool,90+1’,1:1,Federico Chiesa,Alexis Mac Allister,substitute_in
ENG-Premier League,2526,2026-03-15 Liverpool-Tottenham Hotspur,Tottenham Hotspur,90+6’,1:1,James Rowswell,Richarlison,substitute_in
ENG-Premier League,2526,2026-03-15 Liverpool-Tottenham Hotspur,Tottenham Hotspur,90’,1:1,Richarlison,Randal Kolo Muani,goal
ENG-Premier League,2526,2025-12-03 Leeds United-Chelsea,Leeds United,35’,1:0,Anton Stach,,yellow_card
ENG-Premier League,2526,2025-12-03 Leeds United-Chelsea,Chelsea,39’,1:0,Estêvão Willian,,yellow_card
ENG-Premier League,2526,2025-12-03 Leeds United-Chelsea,Leeds United,43’,2:0,Ao Tanaka,Jayden Bogle,goal
ENG-Premier League,2526,2025-12-03 Leeds United-Chelsea,Chelsea,46’,2:0,Pedro Neto,Estêvão Willian,substitute_in
ENG-Premier League,2526,2025-12-03 Leeds United-Chelsea,Chelsea,46’,2:0,Malo Gusto,Benoît Badiashile,substitute_in
ENG-Premier League,2526,2025-12-03 Leeds United-Chelsea,Chelsea,50’,2:1,Pedro Neto,Jamie Gittens,goal
ENG-Premier League,2526,2025-12-03 Leeds United-Chelsea,Chelsea,61’,2:1,Alejandro Garnacho,Jamie Gittens,substitute_in
ENG-Premier League,2526,2025-12-03 Leeds United-Chelsea,Chelsea,61’,2:1,Cole Palmer,Liam Delap,substitute_in
ENG-Premier League,2526,2025-12-03 Leeds United-Chelsea,Leeds United,67’,2:1,Noah Okafor,Lukas Nmecha,substitute_in
ENG-Premier League,2526,2025-12-03 Leeds United-Chelsea,Leeds United,67’,2:1,Ilia Gruev,Ao Tanaka,substitute_in
ENG-Premier League,2526,2025-12-03 Leeds United-Chelsea,Leeds United,6’,1:0,Jaka Bijol,Anton Stach,goal
ENG-Premier League,2526,2025-12-03 Leeds United-Chelsea,Leeds United,72’,3:1,Dominic Calvert-Lewin,,goal
ENG-Premier League,2526,2025-12-03 Leeds United-Chelsea,Chelsea,77’,3:1,Marc Guiu,Andrey Santos,substitute_in
ENG-Premier League,2526,2025-12-03 Leeds United-Chelsea,Leeds United,86’,3:1,Joël Piroe,Dominic Calvert-Lewin,substitute_in
ENG-Premier League,2526,2025-12-03 Leeds United-Chelsea,Leeds United,87’,3:1,James Justin,Jayden Bogle,substitute_in
ENG-Premier League,2526,2025-12-03 Leeds United-Chelsea,Leeds United,90+4’,3:1,Sebastiaan Bornauw,Gabriel Gudmundsson,substitute_in
ENG-Premier League,2526,2025-08-17 Manchester Utd-Arsenal,Arsenal,13’,0:1,Riccardo Calafiori,,goal
ENG-Premier League,2526,2025-08-17 Manchester Utd-Arsenal,Arsenal,42’,0:1,Riccardo Calafiori,,yellow_card
ENG-Premier League,2526,2025-08-17 Manchester Utd-Arsenal,Manchester United,55’,0:1,Amad Diallo,Diogo Dalot,substitute_in
ENG-Premier League,2526,2025-08-17 Manchester Utd-Arsenal,Arsenal,60’,0:1,Kai Havertz,Viktor Gyökeres,substitute_in
ENG-Premier League,2526,2025-08-17 Manchester Utd-Arsenal,Arsenal,60’,0:1,Noni Madueke,Gabriel Martinelli,substitute_in
ENG-Premier League,2526,2025-08-17 Manchester Utd-Arsenal,Manchester United,65’,0:1,Manuel Ugarte,Casemiro,substitute_in
ENG-Premier League,2526,2025-08-17 Manchester Utd-Arsenal,Manchester United,65’,0:1,Benjamin Šeško,Mason Mount,substitute_in
ENG-Premier League,2526,2025-08-17 Manchester Utd-Arsenal,Arsenal,71’,0:1,Jurriën Timber,Ben White,substitute_in
ENG-Premier League,2526,2025-08-17 Manchester Utd-Arsenal,Arsenal,72’,0:1,Myles Lewis-Skelly,Riccardo Calafiori,substitute_in
ENG-Premier League,2526,2025-08-17 Manchester Utd-Arsenal,Manchester United,80’,0:1,Harry Maguire,Luke Shaw,substitute_in
ENG-Premier League,2526,2025-08-17 Manchester Utd-Arsenal,Arsenal,83’,0:1,Mikel Merino,Declan Rice,substitute_in
ENG-Premier League,2526,2025-08-17 Manchester Utd-Arsenal,Manchester United,85’,0:1,Patrick Dorgu,,yellow_card
ENG-Premier League,2526,2025-08-17 Manchester Utd-Arsenal,Arsenal,85’,0:1,David Raya,,yellow_card
ENG-Premier League,2526,2025-08-17 Manchester Utd-Arsenal,Arsenal,90+1’,0:1,Jurriën Timber,,yellow_card
ENG-Premier League,2526,2025-08-17 Manchester Utd-Arsenal,Arsenal,90+3’,0:1,Myles Lewis-Skelly,,yellow_card
ENG-Premier League,2526,2026-01-07 Everton-Wolves,Everton,17’,1:0,Michael Keane,Tim Iroegbunam,goal
ENG-Premier League,2526,2026-01-07 Everton-Wolves,Wolverhampton Wanderers,43’,1:0,José Sá,,yellow_card
ENG-Premier League,2526,2026-01-07 Everton-Wolves,Wolverhampton Wanderers,46’,1:0,André,Jhon Arias,substitute_in
ENG-Premier League,2526,2026-01-07 Everton-Wolves,Wolverhampton Wanderers,57’,1:0,Yerson Mosquera,,yellow_card
ENG-Premier League,2526,2026-01-07 Everton-Wolves,Wolverhampton Wanderers,67’,1:0,Jørgen Strand Larsen,Ladislav Krejčí,substitute_in
ENG-Premier League,2526,2026-01-07 Everton-Wolves,Wolverhampton Wanderers,69’,1:1,Mateus Mane,Jørgen Strand Larsen,goal
ENG-Premier League,2526,2026-01-07 Everton-Wolves,Everton,77’,1:1,Tim Iroegbunam,,yellow_card
ENG-Premier League,2526,2026-01-07 Everton-Wolves,Wolverhampton Wanderers,77’,1:1,Hwang Hee-chan,,yellow_card
ENG-Premier League,2526,2026-01-07 Everton-Wolves,Everton,83’,1:1,Michael Keane,,red_card
ENG-Premier League,2526,2026-01-07 Everton-Wolves,Everton,87’,1:1,Jack Grealish,,yellow_card
ENG-Premier League,2526,2026-01-07 Everton-Wolves,Everton,87’,1:1,Beto,Thierno Barry,substitute_in
ENG-Premier League,2526,2026-01-07 Everton-Wolves,Everton,87’,1:1,Nathan Patterson,Harrison Armstrong,substitute_in
ENG-Premier League,2526,2026-01-07 Everton-Wolves,Everton,90+1’,1:1,Merlin Röhl,Dwight McNeil,substitute_in
ENG-Premier League,2526,2026-01-07 Everton-Wolves,Wolverhampton Wanderers,90+5’,1:1,Pedro Lima,Hwang Hee-chan,substitute_in
ENG-Premier League,2526,2026-01-07 Everton-Wolves,Everton,90’,1:1,Jack Grealish,,yellow_red_card
