conf,stake,strategy,kelly_frac,vig,min_odds,total_bets,wins,win_rate,net_profit,final_bankroll,roi,sharpe
0.5,10,flat,0.05,0.85,1.1,758,491,64.78,-384.04,615.96,-5.07,-1.9684
0.5,10,flat,0.05,0.85,1.2,741,478,64.51,-365.34,634.66,-4.93,-1.8831
0.5,10,flat,0.05,0.85,1.3,672,421,62.65,-387.55,612.45,-5.77,-2.0415
0.5,10,flat,0.05,0.85,1.4,557,337,60.5,-378.25,621.75,-6.79,-2.1203
0.5,10,flat,0.05,0.85,1.5,378,214,56.61,-373.58,626.42,-9.88,-2.4322
0.5,10,flat,0.05,0.85,1.6,153,91,59.48,-30.6,969.4,-2.0,-0.3057
0.5,10,flat,0.05,0.9,1.1,759,492,64.82,40.84,1040.84,0.54,0.1977
0.5,10,flat,0.05,0.9,1.2,753,487,64.67,41.79,1041.79,0.56,0.2026
0.5,10,flat,0.05,0.9,1.3,726,463,63.77,6.46,1006.46,0.09,0.0315
0.5,10,flat,0.05,0.9,1.4,654,410,62.69,12.35,1012.35,0.19,0.0621
0.5,10,flat,0.05,0.9,1.5,535,318,59.44,-136.58,863.42,-2.55,-0.7312
0.5,10,flat,0.05,0.9,1.6,346,199,57.51,-92.39,907.61,-2.67,-0.593
0.5,10,flat,0.05,0.95,1.1,759,492,64.82,464.77,1464.77,6.12,2.1314
0.5,10,flat,0.05,0.95,1.2,759,492,64.82,464.77,1464.77,6.12,2.1314
0.5,10,flat,0.05,0.95,1.3,751,486,64.71,469.5,1469.5,6.25,2.1587
0.5,10,flat,0.05,0.95,1.4,706,447,63.31,388.25,1388.25,5.5,1.805
0.5,10,flat,0.05,0.95,1.5,635,395,62.2,343.09,1343.09,5.4,1.6483
0.5,10,flat,0.05,0.95,1.6,510,301,59.02,132.72,1132.72,2.6,0.6854
0.5,10,flat,0.05,0.98,1.1,759,492,64.82,719.13,1719.13,9.47,3.1969
0.5,10,flat,0.05,0.98,1.2,759,492,64.82,719.13,1719.13,9.47,3.1969
0.5,10,flat,0.05,0.98,1.3,755,488,64.64,707.91,1707.91,9.38,3.1474
0.5,10,flat,0.05,0.98,1.4,732,469,64.07,676.79,1676.79,9.25,3.028
0.5,10,flat,0.05,0.98,1.5,671,421,62.74,590.94,1590.94,8.81,2.7032
0.5,10,flat,0.05,0.98,1.6,578,352,60.9,446.64,1446.64,7.73,2.1435
0.5,10,flat,0.05,1.0,1.1,759,492,64.82,888.71,1888.71,11.71,3.8718
0.5,10,flat,0.05,1.0,1.2,759,492,64.82,888.71,1888.71,11.71,3.8718
0.5,10,flat,0.05,1.0,1.3,758,491,64.78,885.84,1885.84,11.69,3.8594
0.5,10,flat,0.05,1.0,1.4,746,482,64.61,883.96,1883.96,11.85,3.8669
0.5,10,flat,0.05,1.0,1.5,688,433,62.94,751.95,1751.95,10.93,3.3437
0.5,10,flat,0.05,1.0,1.6,615,382,62.11,688.96,1688.96,11.2,3.183
0.5,15,flat,0.05,0.85,1.1,758,491,64.78,-576.05,423.95,-5.07,-1.9684
0.5,15,flat,0.05,0.85,1.2,741,478,64.51,-548.02,451.98,-4.93,-1.8831
0.5,15,flat,0.05,0.85,1.3,672,421,62.65,-581.33,418.67,-5.77,-2.0415
0.5,15,flat,0.05,0.85,1.4,557,337,60.5,-567.38,432.62,-6.79,-2.1203
0.5,15,flat,0.05,0.85,1.5,378,214,56.61,-560.38,439.62,-9.88,-2.4322
0.5,15,flat,0.05,0.85,1.6,153,91,59.48,-45.89,954.11,-2.0,-0.3057
0.5,15,flat,0.05,0.9,1.1,759,492,64.82,61.25,1061.25,0.54,0.1977
0.5,15,flat,0.05,0.9,1.2,753,487,64.67,62.69,1062.69,0.56,0.2026
0.5,15,flat,0.05,0.9,1.3,726,463,63.77,9.69,1009.69,0.09,0.0315
0.5,15,flat,0.05,0.9,1.4,654,410,62.69,18.52,1018.52,0.19,0.0621
0.5,15,flat,0.05,0.9,1.5,535,318,59.44,-204.88,795.12,-2.55,-0.7312
0.5,15,flat,0.05,0.9,1.6,346,199,57.51,-138.59,861.41,-2.67,-0.593
0.5,15,flat,0.05,0.95,1.1,759,492,64.82,697.16,1697.16,6.12,2.1314
0.5,15,flat,0.05,0.95,1.2,759,492,64.82,697.16,1697.16,6.12,2.1314
0.5,15,flat,0.05,0.95,1.3,751,486,64.71,704.25,1704.25,6.25,2.1587
0.5,15,flat,0.05,0.95,1.4,706,447,63.31,582.37,1582.37,5.5,1.805
0.5,15,flat,0.05,0.95,1.5,635,395,62.2,514.63,1514.63,5.4,1.6483
0.5,15,flat,0.05,0.95,1.6,510,301,59.02,199.08,1199.08,2.6,0.6854
0.5,15,flat,0.05,0.98,1.1,759,492,64.82,1078.7,2078.7,9.47,3.1969
0.5,15,flat,0.05,0.98,1.2,759,492,64.82,1078.7,2078.7,9.47,3.1969
0.5,15,flat,0.05,0.98,1.3,755,488,64.64,1061.86,2061.86,9.38,3.1474
0.5,15,flat,0.05,0.98,1.4,732,469,64.07,1015.19,2015.19,9.25,3.028
0.5,15,flat,0.05,0.98,1.5,671,421,62.74,886.41,1886.41,8.81,2.7032
0.5,15,flat,0.05,0.98,1.6,578,352,60.9,669.96,1669.96,7.73,2.1435
0.5,15,flat,0.05,1.0,1.1,759,492,64.82,1333.06,2333.06,11.71,3.8718
0.5,15,flat,0.05,1.0,1.2,759,492,64.82,1333.06,2333.06,11.71,3.8718
0.5,15,flat,0.05,1.0,1.3,758,491,64.78,1328.76,2328.76,11.69,3.8594
0.5,15,flat,0.05,1.0,1.4,746,482,64.61,1325.95,2325.95,11.85,3.8669
0.5,15,flat,0.05,1.0,1.5,688,433,62.94,1127.92,2127.92,10.93,3.3437
0.5,15,flat,0.05,1.0,1.6,615,382,62.11,1033.44,2033.44,11.2,3.183
0.5,20,flat,0.05,0.85,1.1,758,491,64.78,-768.07,231.93,-5.07,-1.9684
0.5,20,flat,0.05,0.85,1.2,741,478,64.51,-730.69,269.31,-4.93,-1.8831
0.5,20,flat,0.05,0.85,1.3,672,421,62.65,-775.1,224.9,-5.77,-2.0415
0.5,20,flat,0.05,0.85,1.4,557,337,60.5,-756.5,243.5,-6.79,-2.1203
0.5,20,flat,0.05,0.85,1.5,378,214,56.61,-747.17,252.83,-9.88,-2.4322
0.5,20,flat,0.05,0.85,1.6,153,91,59.48,-61.19,938.81,-2.0,-0.3057
0.5,20,flat,0.05,0.9,1.1,759,492,64.82,81.67,1081.67,0.54,0.1977
0.5,20,flat,0.05,0.9,1.2,753,487,64.67,83.59,1083.59,0.56,0.2026
0.5,20,flat,0.05,0.9,1.3,726,463,63.77,12.92,1012.92,0.09,0.0315
0.5,20,flat,0.05,0.9,1.4,654,410,62.69,24.69,1024.69,0.19,0.0621
0.5,20,flat,0.05,0.9,1.5,535,318,59.44,-273.17,726.83,-2.55,-0.7312
0.5,20,flat,0.05,0.9,1.6,346,199,57.51,-184.79,815.21,-2.67,-0.593
0.5,20,flat,0.05,0.95,1.1,759,492,64.82,929.54,1929.54,6.12,2.1314
0.5,20,flat,0.05,0.95,1.2,759,492,64.82,929.54,1929.54,6.12,2.1314
0.5,20,flat,0.05,0.95,1.3,751,486,64.71,939.0,1939.0,6.25,2.1587
0.5,20,flat,0.05,0.95,1.4,706,447,63.31,776.5,1776.5,5.5,1.805
0.5,20,flat,0.05,0.95,1.5,635,395,62.2,686.18,1686.18,5.4,1.6483
0.5,20,flat,0.05,0.95,1.6,510,301,59.02,265.44,1265.44,2.6,0.6854
0.5,20,flat,0.05,0.98,1.1,759,492,64.82,1438.27,2438.27,9.47,3.1969
0.5,20,flat,0.05,0.98,1.2,759,492,64.82,1438.27,2438.27,9.47,3.1969
0.5,20,flat,0.05,0.98,1.3,755,488,64.64,1415.81,2415.81,9.38,3.1474
0.5,20,flat,0.05,0.98,1.4,732,469,64.07,1353.59,2353.59,9.25,3.028
0.5,20,flat,0.05,0.98,1.5,671,421,62.74,1181.88,2181.88,8.81,2.7032
0.5,20,flat,0.05,0.98,1.6,578,352,60.9,893.29,1893.29,7.73,2.1435
0.5,20,flat,0.05,1.0,1.1,759,492,64.82,1777.41,2777.41,11.71,3.8718
0.5,20,flat,0.05,1.0,1.2,759,492,64.82,1777.41,2777.41,11.71,3.8718
0.5,20,flat,0.05,1.0,1.3,758,491,64.78,1771.68,2771.68,11.69,3.8594
0.5,20,flat,0.05,1.0,1.4,746,482,64.61,1767.93,2767.93,11.85,3.8669
0.5,20,flat,0.05,1.0,1.5,688,433,62.94,1503.89,2503.89,10.93,3.3437
0.5,20,flat,0.05,1.0,1.6,615,382,62.11,1377.92,2377.92,11.2,3.183
0.5,25,flat,0.05,0.85,1.1,758,491,64.78,-960.09,39.91,-5.07,-1.9684
0.5,25,flat,0.05,0.85,1.2,741,478,64.51,-913.36,86.64,-4.93,-1.8831
0.5,25,flat,0.05,0.85,1.3,672,421,62.65,-968.88,31.12,-5.77,-2.0415
0.5,25,flat,0.05,0.85,1.4,557,337,60.5,-945.63,54.37,-6.79,-2.1203
0.5,25,flat,0.05,0.85,1.5,378,214,56.61,-933.96,66.04,-9.88,-2.4322
0.5,25,flat,0.05,0.85,1.6,153,91,59.48,-76.49,923.51,-2.0,-0.3057
0.5,25,flat,0.05,0.9,1.1,759,492,64.82,102.09,1102.09,0.54,0.1977
0.5,25,flat,0.05,0.9,1.2,753,487,64.67,104.48,1104.48,0.56,0.2026
0.5,25,flat,0.05,0.9,1.3,726,463,63.77,16.15,1016.15,0.09,0.0315
0.5,25,flat,0.05,0.9,1.4,654,410,62.69,30.87,1030.87,0.19,0.0621
0.5,25,flat,0.05,0.9,1.5,535,318,59.44,-341.46,658.54,-2.55,-0.7312
0.5,25,flat,0.05,0.9,1.6,346,199,57.51,-230.98,769.02,-2.67,-0.593
0.5,25,flat,0.05,0.95,1.1,759,492,64.82,1161.93,2161.93,6.12,2.1314
0.5,25,flat,0.05,0.95,1.2,759,492,64.82,1161.93,2161.93,6.12,2.1314
0.5,25,flat,0.05,0.95,1.3,751,486,64.71,1173.75,2173.75,6.25,2.1587
0.5,25,flat,0.05,0.95,1.4,706,447,63.31,970.62,1970.62,5.5,1.805
0.5,25,flat,0.05,0.95,1.5,635,395,62.2,857.72,1857.72,5.4,1.6483
0.5,25,flat,0.05,0.95,1.6,510,301,59.02,331.8,1331.8,2.6,0.6854
0.5,25,flat,0.05,0.98,1.1,759,492,64.82,1797.83,2797.83,9.47,3.1969
0.5,25,flat,0.05,0.98,1.2,759,492,64.82,1797.83,2797.83,9.47,3.1969
0.5,25,flat,0.05,0.98,1.3,755,488,64.64,1769.76,2769.76,9.38,3.1474
0.5,25,flat,0.05,0.98,1.4,732,469,64.07,1691.99,2691.99,9.25,3.028
0.5,25,flat,0.05,0.98,1.5,671,421,62.74,1477.35,2477.35,8.81,2.7032
0.5,25,flat,0.05,0.98,1.6,578,352,60.9,1116.61,2116.61,7.73,2.1435
0.5,25,flat,0.05,1.0,1.1,759,492,64.82,2221.77,3221.77,11.71,3.8718
0.5,25,flat,0.05,1.0,1.2,759,492,64.82,2221.77,3221.77,11.71,3.8718
0.5,25,flat,0.05,1.0,1.3,758,491,64.78,2214.6,3214.6,11.69,3.8594
0.5,25,flat,0.05,1.0,1.4,746,482,64.61,2209.91,3209.91,11.85,3.8669
0.5,25,flat,0.05,1.0,1.5,688,433,62.94,1879.87,2879.87,10.93,3.3437
0.5,25,flat,0.05,1.0,1.6,615,382,62.11,1722.4,2722.4,11.2,3.183
0.5,30,flat,0.05,0.85,1.1,744,485,65.19,-1000.0,0.0,-4.48,-1.7305
0.5,30,flat,0.05,0.85,1.2,729,472,64.75,-1000.0,0.0,-4.57,-1.7361
0.5,30,flat,0.05,0.85,1.3,658,415,63.07,-1000.0,0.0,-5.07,-1.7802
0.5,30,flat,0.05,0.85,1.4,547,333,60.88,-1000.0,0.0,-6.09,-1.8919
0.5,30,flat,0.05,0.85,1.5,370,211,57.03,-1000.0,0.0,-9.01,-2.2003
0.5,30,flat,0.05,0.85,1.6,153,91,59.48,-91.79,908.21,-2.0,-0.3057
0.5,30,flat,0.05,0.9,1.1,759,492,64.82,122.51,1122.51,0.54,0.1977
0.5,30,flat,0.05,0.9,1.2,753,487,64.67,125.38,1125.38,0.56,0.2026
0.5,30,flat,0.05,0.9,1.3,726,463,63.77,19.38,1019.38,0.09,0.0315
0.5,30,flat,0.05,0.9,1.4,654,410,62.69,37.04,1037.04,0.19,0.0621
0.5,30,flat,0.05,0.9,1.5,535,318,59.44,-409.75,590.25,-2.55,-0.7312
0.5,30,flat,0.05,0.9,1.6,346,199,57.51,-277.18,722.82,-2.67,-0.593
0.5,30,flat,0.05,0.95,1.1,759,492,64.82,1394.32,2394.32,6.12,2.1314
0.5,30,flat,0.05,0.95,1.2,759,492,64.82,1394.32,2394.32,6.12,2.1314
0.5,30,flat,0.05,0.95,1.3,751,486,64.71,1408.5,2408.5,6.25,2.1587
0.5,30,flat,0.05,0.95,1.4,706,447,63.31,1164.75,2164.75,5.5,1.805
0.5,30,flat,0.05,0.95,1.5,635,395,62.2,1029.27,2029.27,5.4,1.6483
0.5,30,flat,0.05,0.95,1.6,510,301,59.02,398.16,1398.16,2.6,0.6854
0.5,30,flat,0.05,0.98,1.1,759,492,64.82,2157.4,3157.4,9.47,3.1969
0.5,30,flat,0.05,0.98,1.2,759,492,64.82,2157.4,3157.4,9.47,3.1969
0.5,30,flat,0.05,0.98,1.3,755,488,64.64,2123.72,3123.72,9.38,3.1474
0.5,30,flat,0.05,0.98,1.4,732,469,64.07,2030.38,3030.38,9.25,3.028
0.5,30,flat,0.05,0.98,1.5,671,421,62.74,1772.82,2772.82,8.81,2.7032
0.5,30,flat,0.05,0.98,1.6,578,352,60.9,1339.93,2339.93,7.73,2.1435
0.5,30,flat,0.05,1.0,1.1,759,492,64.82,2666.12,3666.12,11.71,3.8718
0.5,30,flat,0.05,1.0,1.2,759,492,64.82,2666.12,3666.12,11.71,3.8718
0.5,30,flat,0.05,1.0,1.3,758,491,64.78,2657.52,3657.52,11.69,3.8594
0.5,30,flat,0.05,1.0,1.4,746,482,64.61,2651.89,3651.89,11.85,3.8669
0.5,30,flat,0.05,1.0,1.5,688,433,62.94,2255.84,3255.84,10.93,3.3437
0.5,30,flat,0.05,1.0,1.6,615,382,62.11,2066.88,3066.88,11.2,3.183
0.5,50,flat,0.05,0.85,1.1,684,454,66.37,-1000.0,0.0,-2.92,-1.0936
0.5,50,flat,0.05,0.85,1.2,679,448,65.98,-1000.0,0.0,-2.95,-1.091
0.5,50,flat,0.05,0.85,1.3,574,369,64.29,-1000.0,0.0,-3.48,-1.1536
0.5,50,flat,0.05,0.85,1.4,468,291,62.18,-1000.0,0.0,-4.27,-1.2363
0.5,50,flat,0.05,0.85,1.5,97,48,49.48,-1000.0,0.0,-20.62,-2.5462
0.5,50,flat,0.05,0.85,1.6,153,91,59.48,-152.98,847.02,-2.0,-0.3057
0.5,50,flat,0.05,0.9,1.1,759,492,64.82,204.18,1204.18,0.54,0.1977
0.5,50,flat,0.05,0.9,1.2,753,487,64.67,208.97,1208.97,0.56,0.2026
0.5,50,flat,0.05,0.9,1.3,726,463,63.77,32.3,1032.3,0.09,0.0315
0.5,50,flat,0.05,0.9,1.4,654,410,62.69,61.73,1061.73,0.19,0.0621
0.5,50,flat,0.05,0.9,1.5,535,318,59.44,-682.92,317.08,-2.55,-0.7312
0.5,50,flat,0.05,0.9,1.6,346,199,57.51,-461.96,538.04,-2.67,-0.593
0.5,50,flat,0.05,0.95,1.1,759,492,64.82,2323.86,3323.86,6.12,2.1314
0.5,50,flat,0.05,0.95,1.2,759,492,64.82,2323.86,3323.86,6.12,2.1314
0.5,50,flat,0.05,0.95,1.3,751,486,64.71,2347.5,3347.5,6.25,2.1587
0.5,50,flat,0.05,0.95,1.4,706,447,63.31,1941.25,2941.25,5.5,1.805
0.5,50,flat,0.05,0.95,1.5,635,395,62.2,1715.45,2715.45,5.4,1.6483
0.5,50,flat,0.05,0.95,1.6,510,301,59.02,663.6,1663.6,2.6,0.6854
0.5,50,flat,0.05,0.98,1.1,759,492,64.82,3595.67,4595.67,9.47,3.1969
0.5,50,flat,0.05,0.98,1.2,759,492,64.82,3595.67,4595.67,9.47,3.1969
0.5,50,flat,0.05,0.98,1.3,755,488,64.64,3539.53,4539.53,9.38,3.1474
0.5,50,flat,0.05,0.98,1.4,732,469,64.07,3383.97,4383.97,9.25,3.028
0.5,50,flat,0.05,0.98,1.5,671,421,62.74,2954.7,3954.7,8.81,2.7032
0.5,50,flat,0.05,0.98,1.6,578,352,60.9,2233.22,3233.22,7.73,2.1435
0.5,50,flat,0.05,1.0,1.1,759,492,64.82,4443.54,5443.54,11.71,3.8718
0.5,50,flat,0.05,1.0,1.2,759,492,64.82,4443.54,5443.54,11.71,3.8718
0.5,50,flat,0.05,1.0,1.3,758,491,64.78,4429.2,5429.2,11.69,3.8594
0.5,50,flat,0.05,1.0,1.4,746,482,64.61,4419.82,5419.82,11.85,3.8669
0.5,50,flat,0.05,1.0,1.5,688,433,62.94,3759.73,4759.73,10.93,3.3437
0.5,50,flat,0.05,1.0,1.6,615,382,62.11,3444.79,4444.79,11.2,3.183
0.52,10,flat,0.05,0.85,1.1,672,435,64.73,-458.09,541.91,-6.82,-2.5432
0.52,10,flat,0.05,0.85,1.2,655,422,64.43,-439.4,560.6,-6.71,-2.4553
0.52,10,flat,0.05,0.85,1.3,586,365,62.29,-461.61,538.39,-7.88,-2.6475
0.52,10,flat,0.05,0.85,1.4,471,281,59.66,-452.31,547.69,-9.6,-2.7973
0.52,10,flat,0.05,0.85,1.5,292,158,54.11,-447.64,552.36,-15.33,-3.3575
0.52,10,flat,0.05,0.85,1.6,67,35,52.24,-104.65,895.35,-15.62,-1.5846
0.52,10,flat,0.05,0.9,1.1,673,436,64.78,-88.17,911.83,-1.31,-0.4623
0.52,10,flat,0.05,0.9,1.2,667,431,64.62,-87.21,912.79,-1.31,-0.458
0.52,10,flat,0.05,0.9,1.3,640,407,63.59,-122.54,877.46,-1.91,-0.6479
0.52,10,flat,0.05,0.9,1.4,568,354,62.32,-116.66,883.34,-2.05,-0.64
0.52,10,flat,0.05,0.9,1.5,449,262,58.35,-265.59,734.41,-5.92,-1.5738
0.52,10,flat,0.05,0.9,1.6,260,143,55.0,-221.4,778.6,-8.52,-1.6584
0.52,10,flat,0.05,0.95,1.1,673,436,64.78,280.82,1280.82,4.17,1.3949
0.52,10,flat,0.05,0.95,1.2,673,436,64.78,280.82,1280.82,4.17,1.3949
0.52,10,flat,0.05,0.95,1.3,665,430,64.66,285.55,1285.55,4.29,1.4226
0.52,10,flat,0.05,0.95,1.4,620,391,63.06,204.3,1204.3,3.3,1.0315
0.52,10,flat,0.05,0.95,1.5,549,339,61.75,159.14,1159.14,2.9,0.8355
0.52,10,flat,0.05,0.95,1.6,424,245,57.78,-51.23,948.77,-1.21,-0.2941
0.52,10,flat,0.05,0.98,1.1,673,436,64.78,502.22,1502.22,7.46,2.4182
0.52,10,flat,0.05,0.98,1.2,673,436,64.78,502.22,1502.22,7.46,2.4182
0.52,10,flat,0.05,0.98,1.3,669,432,64.57,490.99,1490.99,7.34,2.3646
0.52,10,flat,0.05,0.98,1.4,646,413,63.93,459.88,1459.88,7.12,2.2312
0.52,10,flat,0.05,0.98,1.5,585,365,62.39,374.03,1374.03,6.39,1.8633
0.52,10,flat,0.05,0.98,1.6,492,296,60.16,229.73,1229.73,4.67,1.2128
0.52,10,flat,0.05,1.0,1.1,673,436,64.78,649.82,1649.82,9.66,3.0663
0.52,10,flat,0.05,1.0,1.2,673,436,64.78,649.82,1649.82,9.66,3.0663
0.52,10,flat,0.05,1.0,1.3,672,435,64.73,646.95,1646.95,9.63,3.0529
0.52,10,flat,0.05,1.0,1.4,660,426,64.55,645.07,1645.07,9.77,3.0584
0.52,10,flat,0.05,1.0,1.5,602,377,62.62,513.06,1513.06,8.52,2.4808
0.52,10,flat,0.05,1.0,1.6,529,326,61.63,450.07,1450.07,8.51,2.2775
0.52,15,flat,0.05,0.85,1.1,672,435,64.73,-687.14,312.86,-6.82,-2.5432
0.52,15,flat,0.05,0.85,1.2,655,422,64.43,-659.1,340.9,-6.71,-2.4553
0.52,15,flat,0.05,0.85,1.3,586,365,62.29,-692.41,307.59,-7.88,-2.6475
0.52,15,flat,0.05,0.85,1.4,471,281,59.66,-678.46,321.54,-9.6,-2.7973
0.52,15,flat,0.05,0.85,1.5,292,158,54.11,-671.46,328.54,-15.33,-3.3575
0.52,15,flat,0.05,0.85,1.6,67,35,52.24,-156.98,843.02,-15.62,-1.5846
0.52,15,flat,0.05,0.9,1.1,673,436,64.78,-132.25,867.75,-1.31,-0.4623
0.52,15,flat,0.05,0.9,1.2,667,431,64.62,-130.81,869.19,-1.31,-0.458
0.52,15,flat,0.05,0.9,1.3,640,407,63.59,-183.81,816.19,-1.91,-0.6479
0.52,15,flat,0.05,0.9,1.4,568,354,62.32,-174.98,825.02,-2.05,-0.64
0.52,15,flat,0.05,0.9,1.5,449,262,58.35,-398.38,601.62,-5.92,-1.5738
0.52,15,flat,0.05,0.9,1.6,260,143,55.0,-332.09,667.91,-8.52,-1.6584
0.52,15,flat,0.05,0.95,1.1,673,436,64.78,421.24,1421.24,4.17,1.3949
0.52,15,flat,0.05,0.95,1.2,673,436,64.78,421.24,1421.24,4.17,1.3949
0.52,15,flat,0.05,0.95,1.3,665,430,64.66,428.33,1428.33,4.29,1.4226
0.52,15,flat,0.05,0.95,1.4,620,391,63.06,306.45,1306.45,3.3,1.0315
0.52,15,flat,0.05,0.95,1.5,549,339,61.75,238.71,1238.71,2.9,0.8355
0.52,15,flat,0.05,0.95,1.6,424,245,57.78,-76.84,923.16,-1.21,-0.2941
0.52,15,flat,0.05,0.98,1.1,673,436,64.78,753.33,1753.33,7.46,2.4182
0.52,15,flat,0.05,0.98,1.2,673,436,64.78,753.33,1753.33,7.46,2.4182
0.52,15,flat,0.05,0.98,1.3,669,432,64.57,736.49,1736.49,7.34,2.3646
0.52,15,flat,0.05,0.98,1.4,646,413,63.93,689.82,1689.82,7.12,2.2312
0.52,15,flat,0.05,0.98,1.5,585,365,62.39,561.04,1561.04,6.39,1.8633
0.52,15,flat,0.05,0.98,1.6,492,296,60.16,344.59,1344.59,4.67,1.2128
0.52,15,flat,0.05,1.0,1.1,673,436,64.78,974.72,1974.72,9.66,3.0663
0.52,15,flat,0.05,1.0,1.2,673,436,64.78,974.72,1974.72,9.66,3.0663
0.52,15,flat,0.05,1.0,1.3,672,435,64.73,970.42,1970.42,9.63,3.0529
0.52,15,flat,0.05,1.0,1.4,660,426,64.55,967.61,1967.61,9.77,3.0584
0.52,15,flat,0.05,1.0,1.5,602,377,62.62,769.58,1769.58,8.52,2.4808
0.52,15,flat,0.05,1.0,1.6,529,326,61.63,675.1,1675.1,8.51,2.2775
0.52,20,flat,0.05,0.85,1.1,672,435,64.73,-916.19,83.81,-6.82,-2.5432
0.52,20,flat,0.05,0.85,1.2,655,422,64.43,-878.8,121.2,-6.71,-2.4553
0.52,20,flat,0.05,0.85,1.3,586,365,62.29,-923.22,76.78,-7.88,-2.6475
0.52,20,flat,0.05,0.85,1.4,471,281,59.66,-904.62,95.38,-9.6,-2.7973
0.52,20,flat,0.05,0.85,1.5,292,158,54.11,-895.28,104.72,-15.33,-3.3575
0.52,20,flat,0.05,0.85,1.6,67,35,52.24,-209.31,790.69,-15.62,-1.5846
0.52,20,flat,0.05,0.9,1.1,673,436,64.78,-176.33,823.67,-1.31,-0.4623
0.52,20,flat,0.05,0.9,1.2,667,431,64.62,-174.42,825.58,-1.31,-0.458
0.52,20,flat,0.05,0.9,1.3,640,407,63.59,-245.09,754.91,-1.91,-0.6479
0.52,20,flat,0.05,0.9,1.4,568,354,62.32,-233.31,766.69,-2.05,-0.64
0.52,20,flat,0.05,0.9,1.5,449,262,58.35,-531.17,468.83,-5.92,-1.5738
0.52,20,flat,0.05,0.9,1.6,260,143,55.0,-442.79,557.21,-8.52,-1.6584
0.52,20,flat,0.05,0.95,1.1,673,436,64.78,561.65,1561.65,4.17,1.3949
0.52,20,flat,0.05,0.95,1.2,673,436,64.78,561.65,1561.65,4.17,1.3949
0.52,20,flat,0.05,0.95,1.3,665,430,64.66,571.11,1571.11,4.29,1.4226
0.52,20,flat,0.05,0.95,1.4,620,391,63.06,408.61,1408.61,3.3,1.0315
0.52,20,flat,0.05,0.95,1.5,549,339,61.75,318.29,1318.29,2.9,0.8355
0.52,20,flat,0.05,0.95,1.6,424,245,57.78,-102.45,897.55,-1.21,-0.2941
0.52,20,flat,0.05,0.98,1.1,673,436,64.78,1004.44,2004.44,7.46,2.4182
0.52,20,flat,0.05,0.98,1.2,673,436,64.78,1004.44,2004.44,7.46,2.4182
0.52,20,flat,0.05,0.98,1.3,669,432,64.57,981.98,1981.98,7.34,2.3646
0.52,20,flat,0.05,0.98,1.4,646,413,63.93,919.76,1919.76,7.12,2.2312
0.52,20,flat,0.05,0.98,1.5,585,365,62.39,748.05,1748.05,6.39,1.8633
0.52,20,flat,0.05,0.98,1.6,492,296,60.16,459.46,1459.46,4.67,1.2128
0.52,20,flat,0.05,1.0,1.1,673,436,64.78,1299.63,2299.63,9.66,3.0663
0.52,20,flat,0.05,1.0,1.2,673,436,64.78,1299.63,2299.63,9.66,3.0663
0.52,20,flat,0.05,1.0,1.3,672,435,64.73,1293.9,2293.9,9.63,3.0529
0.52,20,flat,0.05,1.0,1.4,660,426,64.55,1290.15,2290.15,9.77,3.0584
0.52,20,flat,0.05,1.0,1.5,602,377,62.62,1026.11,2026.11,8.52,2.4808
0.52,20,flat,0.05,1.0,1.6,529,326,61.63,900.13,1900.13,8.51,2.2775
0.52,25,flat,0.05,0.85,1.1,658,429,65.2,-1000.0,0.0,-6.08,-2.2528
0.52,25,flat,0.05,0.85,1.2,644,417,64.75,-1000.0,0.0,-6.21,-2.2606
0.52,25,flat,0.05,0.85,1.3,573,360,62.83,-1000.0,0.0,-6.98,-2.3292
0.52,25,flat,0.05,0.85,1.4,462,278,60.17,-1000.0,0.0,-8.66,-2.5075
0.52,25,flat,0.05,0.85,1.5,285,156,54.74,-1000.0,0.0,-14.04,-3.0467
0.52,25,flat,0.05,0.85,1.6,67,35,52.24,-261.63,738.37,-15.62,-1.5846
0.52,25,flat,0.05,0.9,1.1,673,436,64.78,-220.41,779.59,-1.31,-0.4623
0.52,25,flat,0.05,0.9,1.2,667,431,64.62,-218.02,781.98,-1.31,-0.458
0.52,25,flat,0.05,0.9,1.3,640,407,63.59,-306.36,693.64,-1.91,-0.6479
0.52,25,flat,0.05,0.9,1.4,568,354,62.32,-291.64,708.36,-2.05,-0.64
0.52,25,flat,0.05,0.9,1.5,449,262,58.35,-663.97,336.03,-5.92,-1.5738
0.52,25,flat,0.05,0.9,1.6,260,143,55.0,-553.49,446.51,-8.52,-1.6584
0.52,25,flat,0.05,0.95,1.1,673,436,64.78,702.06,1702.06,4.17,1.3949
0.52,25,flat,0.05,0.95,1.2,673,436,64.78,702.06,1702.06,4.17,1.3949
0.52,25,flat,0.05,0.95,1.3,665,430,64.66,713.88,1713.88,4.29,1.4226
0.52,25,flat,0.05,0.95,1.4,620,391,63.06,510.76,1510.76,3.3,1.0315
0.52,25,flat,0.05,0.95,1.5,549,339,61.75,397.86,1397.86,2.9,0.8355
0.52,25,flat,0.05,0.95,1.6,424,245,57.78,-128.07,871.93,-1.21,-0.2941
0.52,25,flat,0.05,0.98,1.1,673,436,64.78,1255.55,2255.55,7.46,2.4182
0.52,25,flat,0.05,0.98,1.2,673,436,64.78,1255.55,2255.55,7.46,2.4182
0.52,25,flat,0.05,0.98,1.3,669,432,64.57,1227.48,2227.48,7.34,2.3646
0.52,25,flat,0.05,0.98,1.4,646,413,63.93,1149.7,2149.7,7.12,2.2312
0.52,25,flat,0.05,0.98,1.5,585,365,62.39,935.07,1935.07,6.39,1.8633
0.52,25,flat,0.05,0.98,1.6,492,296,60.16,574.32,1574.32,4.67,1.2128
0.52,25,flat,0.05,1.0,1.1,673,436,64.78,1624.54,2624.54,9.66,3.0663
0.52,25,flat,0.05,1.0,1.2,673,436,64.78,1624.54,2624.54,9.66,3.0663
0.52,25,flat,0.05,1.0,1.3,672,435,64.73,1617.37,2617.37,9.63,3.0529
0.52,25,flat,0.05,1.0,1.4,660,426,64.55,1612.68,2612.68,9.77,3.0584
0.52,25,flat,0.05,1.0,1.5,602,377,62.62,1282.64,2282.64,8.52,2.4808
0.52,25,flat,0.05,1.0,1.6,529,326,61.63,1125.17,2125.17,8.51,2.2775
0.52,30,flat,0.05,0.85,1.1,641,422,65.83,-1000.0,0.0,-5.2,-1.9109
0.52,30,flat,0.05,0.85,1.2,635,415,65.35,-1000.0,0.0,-5.25,-1.9053
0.52,30,flat,0.05,0.85,1.3,557,354,63.55,-1000.0,0.0,-5.98,-1.9772
0.52,30,flat,0.05,0.85,1.4,447,273,61.07,-1000.0,0.0,-7.46,-2.1299
0.52,30,flat,0.05,0.85,1.5,247,136,55.06,-1000.0,0.0,-13.5,-2.7279
0.52,30,flat,0.05,0.85,1.6,67,35,52.24,-313.96,686.04,-15.62,-1.5846
0.52,30,flat,0.05,0.9,1.1,673,436,64.78,-264.5,735.5,-1.31,-0.4623
0.52,30,flat,0.05,0.9,1.2,667,431,64.62,-261.63,738.37,-1.31,-0.458
0.52,30,flat,0.05,0.9,1.3,640,407,63.59,-367.63,632.37,-1.91,-0.6479
0.52,30,flat,0.05,0.9,1.4,568,354,62.32,-349.97,650.03,-2.05,-0.64
0.52,30,flat,0.05,0.9,1.5,449,262,58.35,-796.76,203.24,-5.92,-1.5738
0.52,30,flat,0.05,0.9,1.6,260,143,55.0,-664.19,335.81,-8.52,-1.6584
0.52,30,flat,0.05,0.95,1.1,673,436,64.78,842.47,1842.47,4.17,1.3949
0.52,30,flat,0.05,0.95,1.2,673,436,64.78,842.47,1842.47,4.17,1.3949
0.52,30,flat,0.05,0.95,1.3,665,430,64.66,856.66,1856.66,4.29,1.4226
0.52,30,flat,0.05,0.95,1.4,620,391,63.06,612.91,1612.91,3.3,1.0315
0.52,30,flat,0.05,0.95,1.5,549,339,61.75,477.43,1477.43,2.9,0.8355
0.52,30,flat,0.05,0.95,1.6,424,245,57.78,-153.68,846.32,-1.21,-0.2941
0.52,30,flat,0.05,0.98,1.1,673,436,64.78,1506.66,2506.66,7.46,2.4182
0.52,30,flat,0.05,0.98,1.2,673,436,64.78,1506.66,2506.66,7.46,2.4182
0.52,30,flat,0.05,0.98,1.3,669,432,64.57,1472.97,2472.97,7.34,2.3646
0.52,30,flat,0.05,0.98,1.4,646,413,63.93,1379.64,2379.64,7.12,2.2312
0.52,30,flat,0.05,0.98,1.5,585,365,62.39,1122.08,2122.08,6.39,1.8633
0.52,30,flat,0.05,0.98,1.6,492,296,60.16,689.19,1689.19,4.67,1.2128
0.52,30,flat,0.05,1.0,1.1,673,436,64.78,1949.45,2949.45,9.66,3.0663
0.52,30,flat,0.05,1.0,1.2,673,436,64.78,1949.45,2949.45,9.66,3.0663
0.52,30,flat,0.05,1.0,1.3,672,435,64.73,1940.85,2940.85,9.63,3.0529
0.52,30,flat,0.05,1.0,1.4,660,426,64.55,1935.22,2935.22,9.77,3.0584
0.52,30,flat,0.05,1.0,1.5,602,377,62.62,1539.17,2539.17,8.52,2.4808
0.52,30,flat,0.05,1.0,1.6,529,326,61.63,1350.2,2350.2,8.51,2.2775
0.52,50,flat,0.05,0.85,1.1,562,377,67.08,-1000.0,0.0,-3.56,-1.2368
0.52,50,flat,0.05,0.85,1.2,562,375,66.73,-1000.0,0.0,-3.56,-1.2304
0.52,50,flat,0.05,0.85,1.3,471,305,64.76,-1000.0,0.0,-4.25,-1.2998
0.52,50,flat,0.05,0.85,1.4,306,189,61.76,-1000.0,0.0,-6.54,-1.5521
0.52,50,flat,0.05,0.85,1.5,71,32,45.07,-1000.0,0.0,-28.17,-3.0655
0.52,50,flat,0.05,0.85,1.6,67,35,52.24,-523.27,476.73,-15.62,-1.5846
0.52,50,flat,0.05,0.9,1.1,673,436,64.78,-440.83,559.17,-1.31,-0.4623
0.52,50,flat,0.05,0.9,1.2,667,431,64.62,-436.04,563.96,-1.31,-0.458
0.52,50,flat,0.05,0.9,1.3,640,407,63.59,-612.72,387.28,-1.91,-0.6479
0.52,50,flat,0.05,0.9,1.4,568,354,62.32,-583.28,416.72,-2.05,-0.64
0.52,50,flat,0.05,0.9,1.5,438,259,59.13,-1000.0,0.0,-4.57,-1.2049
0.52,50,flat,0.05,0.9,1.6,77,35,45.45,-1000.0,0.0,-25.97,-2.8259
0.52,50,flat,0.05,0.95,1.1,673,436,64.78,1404.12,2404.12,4.17,1.3949
0.52,50,flat,0.05,0.95,1.2,673,436,64.78,1404.12,2404.12,4.17,1.3949
0.52,50,flat,0.05,0.95,1.3,665,430,64.66,1427.76,2427.76,4.29,1.4226
0.52,50,flat,0.05,0.95,1.4,620,391,63.06,1021.51,2021.51,3.3,1.0315
0.52,50,flat,0.05,0.95,1.5,549,339,61.75,795.71,1795.71,2.9,0.8355
0.52,50,flat,0.05,0.95,1.6,424,245,57.78,-256.14,743.86,-1.21,-0.2941
0.52,50,flat,0.05,0.98,1.1,673,436,64.78,2511.1,3511.1,7.46,2.4182
0.52,50,flat,0.05,0.98,1.2,673,436,64.78,2511.1,3511.1,7.46,2.4182
0.52,50,flat,0.05,0.98,1.3,669,432,64.57,2454.96,3454.96,7.34,2.3646
0.52,50,flat,0.05,0.98,1.4,646,413,63.93,2299.4,3299.4,7.12,2.2312
0.52,50,flat,0.05,0.98,1.5,585,365,62.39,1870.13,2870.13,6.39,1.8633
0.52,50,flat,0.05,0.98,1.6,492,296,60.16,1148.65,2148.65,4.67,1.2128
0.52,50,flat,0.05,1.0,1.1,673,436,64.78,3249.08,4249.08,9.66,3.0663
0.52,50,flat,0.05,1.0,1.2,673,436,64.78,3249.08,4249.08,9.66,3.0663
0.52,50,flat,0.05,1.0,1.3,672,435,64.73,3234.74,4234.74,9.63,3.0529
0.52,50,flat,0.05,1.0,1.4,660,426,64.55,3225.37,4225.37,9.77,3.0584
0.52,50,flat,0.05,1.0,1.5,602,377,62.62,2565.28,3565.28,8.52,2.4808
0.52,50,flat,0.05,1.0,1.6,529,326,61.63,2250.33,3250.33,8.51,2.2775
0.55,10,flat,0.05,0.85,1.1,481,330,68.61,-214.26,785.74,-4.45,-1.4986
0.55,10,flat,0.05,0.85,1.2,464,317,68.32,-195.56,804.44,-4.21,-1.3822
0.55,10,flat,0.05,0.85,1.3,395,260,65.82,-217.77,782.23,-5.51,-1.6045
0.55,10,flat,0.05,0.85,1.4,280,176,62.86,-208.47,791.53,-7.45,-1.7493
0.55,10,flat,0.05,0.85,1.5,101,53,52.48,-203.81,796.19,-20.18,-2.6695
0.55,10,flat,0.05,0.85,1.6,0,0,0.0,0.0,1000.0,0.0,0.0
0.55,10,flat,0.05,0.9,1.1,482,331,68.67,57.66,1057.66,1.2,0.3809
0.55,10,flat,0.05,0.9,1.2,476,326,68.49,58.62,1058.62,1.23,0.3882
0.55,10,flat,0.05,0.9,1.3,449,302,67.26,23.28,1023.28,0.52,0.1558
0.55,10,flat,0.05,0.9,1.4,377,249,66.05,29.17,1029.17,0.77,0.2074
0.55,10,flat,0.05,0.9,1.5,258,157,60.85,-119.76,880.24,-4.64,-0.9741
0.55,10,flat,0.05,0.9,1.6,69,38,55.07,-75.57,924.43,-10.95,-1.131
0.55,10,flat,0.05,0.95,1.1,482,331,68.67,328.64,1328.64,6.82,2.0566
0.55,10,flat,0.05,0.95,1.2,482,331,68.67,328.64,1328.64,6.82,2.0566
0.55,10,flat,0.05,0.95,1.3,474,325,68.57,333.37,1333.37,7.03,2.0965
0.55,10,flat,0.05,0.95,1.4,429,286,66.67,252.12,1252.12,5.88,1.6187
0.55,10,flat,0.05,0.95,1.5,358,234,65.36,206.96,1206.96,5.78,1.4174
0.55,10,flat,0.05,0.95,1.6,233,140,60.09,-3.41,996.59,-0.15,-0.0274
0.55,10,flat,0.05,0.98,1.1,482,331,68.67,491.23,1491.23,10.19,2.98
0.55,10,flat,0.05,0.98,1.2,482,331,68.67,491.23,1491.23,10.19,2.98
0.55,10,flat,0.05,0.98,1.3,478,327,68.41,480.0,1480.0,10.04,2.9125
0.55,10,flat,0.05,0.98,1.4,455,308,67.69,448.89,1448.89,9.87,2.7558
0.55,10,flat,0.05,0.98,1.5,394,260,65.99,363.04,1363.04,9.21,2.3257
0.55,10,flat,0.05,0.98,1.6,301,191,63.46,218.74,1218.74,7.27,1.5469
0.55,10,flat,0.05,1.0,1.1,482,331,68.67,599.62,1599.62,12.44,3.5648
0.55,10,flat,0.05,1.0,1.2,482,331,68.67,599.62,1599.62,12.44,3.5648
0.55,10,flat,0.05,1.0,1.3,481,330,68.61,596.76,1596.76,12.41,3.5479
0.55,10,flat,0.05,1.0,1.4,469,321,68.44,594.88,1594.88,12.68,3.5638
0.55,10,flat,0.05,1.0,1.5,411,272,66.18,462.86,1462.86,11.26,2.8603
0.55,10,flat,0.05,1.0,1.6,338,221,65.38,399.88,1399.88,11.83,2.6682
0.55,15,flat,0.05,0.85,1.1,481,330,68.61,-321.38,678.62,-4.45,-1.4986
0.55,15,flat,0.05,0.85,1.2,464,317,68.32,-293.35,706.65,-4.21,-1.3822
0.55,15,flat,0.05,0.85,1.3,395,260,65.82,-326.66,673.34,-5.51,-1.6045
0.55,15,flat,0.05,0.85,1.4,280,176,62.86,-312.71,687.29,-7.45,-1.7493
0.55,15,flat,0.05,0.85,1.5,101,53,52.48,-305.71,694.29,-20.18,-2.6695
0.55,15,flat,0.05,0.85,1.6,0,0,0.0,0.0,1000.0,0.0,0.0
0.55,15,flat,0.05,0.9,1.1,482,331,68.67,86.49,1086.49,1.2,0.3809
0.55,15,flat,0.05,0.9,1.2,476,326,68.49,87.93,1087.93,1.23,0.3882
0.55,15,flat,0.05,0.9,1.3,449,302,67.26,34.93,1034.93,0.52,0.1558
0.55,15,flat,0.05,0.9,1.4,377,249,66.05,43.76,1043.76,0.77,0.2074
0.55,15,flat,0.05,0.9,1.5,258,157,60.85,-179.64,820.36,-4.64,-0.9741
0.55,15,flat,0.05,0.9,1.6,69,38,55.07,-113.35,886.65,-10.95,-1.131
0.55,15,flat,0.05,0.95,1.1,482,331,68.67,492.96,1492.96,6.82,2.0566
0.55,15,flat,0.05,0.95,1.2,482,331,68.67,492.96,1492.96,6.82,2.0566
0.55,15,flat,0.05,0.95,1.3,474,325,68.57,500.06,1500.06,7.03,2.0965
0.55,15,flat,0.05,0.95,1.4,429,286,66.67,378.18,1378.18,5.88,1.6187
0.55,15,flat,0.05,0.95,1.5,358,234,65.36,310.44,1310.44,5.78,1.4174
0.55,15,flat,0.05,0.95,1.6,233,140,60.09,-5.11,994.89,-0.15,-0.0274
0.55,15,flat,0.05,0.98,1.1,482,331,68.67,736.85,1736.85,10.19,2.98
0.55,15,flat,0.05,0.98,1.2,482,331,68.67,736.85,1736.85,10.19,2.98
0.55,15,flat,0.05,0.98,1.3,478,327,68.41,720.01,1720.01,10.04,2.9125
0.55,15,flat,0.05,0.98,1.4,455,308,67.69,673.34,1673.34,9.87,2.7558
0.55,15,flat,0.05,0.98,1.5,394,260,65.99,544.56,1544.56,9.21,2.3257
0.55,15,flat,0.05,0.98,1.6,301,191,63.46,328.11,1328.11,7.27,1.5469
0.55,15,flat,0.05,1.0,1.1,482,331,68.67,899.44,1899.44,12.44,3.5648
0.55,15,flat,0.05,1.0,1.2,482,331,68.67,899.44,1899.44,12.44,3.5648
0.55,15,flat,0.05,1.0,1.3,481,330,68.61,895.14,1895.14,12.41,3.5479
0.55,15,flat,0.05,1.0,1.4,469,321,68.44,892.32,1892.32,12.68,3.5638
0.55,15,flat,0.05,1.0,1.5,411,272,66.18,694.3,1694.3,11.26,2.8603
0.55,15,flat,0.05,1.0,1.6,338,221,65.38,599.81,1599.81,11.83,2.6682
0.55,20,flat,0.05,0.85,1.1,481,330,68.61,-428.51,571.49,-4.45,-1.4986
0.55,20,flat,0.05,0.85,1.2,464,317,68.32,-391.13,608.87,-4.21,-1.3822
0.55,20,flat,0.05,0.85,1.3,395,260,65.82,-435.54,564.46,-5.51,-1.6045
0.55,20,flat,0.05,0.85,1.4,280,176,62.86,-416.94,583.06,-7.45,-1.7493
0.55,20,flat,0.05,0.85,1.5,101,53,52.48,-407.61,592.39,-20.18,-2.6695
0.55,20,flat,0.05,0.85,1.6,0,0,0.0,0.0,1000.0,0.0,0.0
0.55,20,flat,0.05,0.9,1.1,482,331,68.67,115.32,1115.32,1.2,0.3809
0.55,20,flat,0.05,0.9,1.2,476,326,68.49,117.24,1117.24,1.23,0.3882
0.55,20,flat,0.05,0.9,1.3,449,302,67.26,46.57,1046.57,0.52,0.1558
0.55,20,flat,0.05,0.9,1.4,377,249,66.05,58.34,1058.34,0.77,0.2074
0.55,20,flat,0.05,0.9,1.5,258,157,60.85,-239.52,760.48,-4.64,-0.9741
0.55,20,flat,0.05,0.9,1.6,69,38,55.07,-151.13,848.87,-10.95,-1.131
0.55,20,flat,0.05,0.95,1.1,482,331,68.67,657.29,1657.29,6.82,2.0566
0.55,20,flat,0.05,0.95,1.2,482,331,68.67,657.29,1657.29,6.82,2.0566
0.55,20,flat,0.05,0.95,1.3,474,325,68.57,666.74,1666.74,7.03,2.0965
0.55,20,flat,0.05,0.95,1.4,429,286,66.67,504.24,1504.24,5.88,1.6187
0.55,20,flat,0.05,0.95,1.5,358,234,65.36,413.92,1413.92,5.78,1.4174
0.55,20,flat,0.05,0.95,1.6,233,140,60.09,-6.82,993.18,-0.15,-0.0274
0.55,20,flat,0.05,0.98,1.1,482,331,68.67,982.46,1982.46,10.19,2.98
0.55,20,flat,0.05,0.98,1.2,482,331,68.67,982.46,1982.46,10.19,2.98
0.55,20,flat,0.05,0.98,1.3,478,327,68.41,960.01,1960.01,10.04,2.9125
0.55,20,flat,0.05,0.98,1.4,455,308,67.69,897.79,1897.79,9.87,2.7558
0.55,20,flat,0.05,0.98,1.5,394,260,65.99,726.08,1726.08,9.21,2.3257
0.55,20,flat,0.05,0.98,1.6,301,191,63.46,437.48,1437.48,7.27,1.5469
0.55,20,flat,0.05,1.0,1.1,482,331,68.67,1199.25,2199.25,12.44,3.5648
0.55,20,flat,0.05,1.0,1.2,482,331,68.67,1199.25,2199.25,12.44,3.5648
0.55,20,flat,0.05,1.0,1.3,481,330,68.61,1193.51,2193.51,12.41,3.5479
0.55,20,flat,0.05,1.0,1.4,469,321,68.44,1189.76,2189.76,12.68,3.5638
0.55,20,flat,0.05,1.0,1.5,411,272,66.18,925.73,1925.73,11.26,2.8603
0.55,20,flat,0.05,1.0,1.6,338,221,65.38,799.75,1799.75,11.83,2.6682
0.55,25,flat,0.05,0.85,1.1,481,330,68.61,-535.64,464.36,-4.45,-1.4986
0.55,25,flat,0.05,0.85,1.2,464,317,68.32,-488.91,511.09,-4.21,-1.3822
0.55,25,flat,0.05,0.85,1.3,395,260,65.82,-544.43,455.57,-5.51,-1.6045
0.55,25,flat,0.05,0.85,1.4,280,176,62.86,-521.18,478.82,-7.45,-1.7493
0.55,25,flat,0.05,0.85,1.5,101,53,52.48,-509.51,490.49,-20.18,-2.6695
0.55,25,flat,0.05,0.85,1.6,0,0,0.0,0.0,1000.0,0.0,0.0
0.55,25,flat,0.05,0.9,1.1,482,331,68.67,144.15,1144.15,1.2,0.3809
0.55,25,flat,0.05,0.9,1.2,476,326,68.49,146.55,1146.55,1.23,0.3882
0.55,25,flat,0.05,0.9,1.3,449,302,67.26,58.21,1058.21,0.52,0.1558
0.55,25,flat,0.05,0.9,1.4,377,249,66.05,72.93,1072.93,0.77,0.2074
0.55,25,flat,0.05,0.9,1.5,258,157,60.85,-299.4,700.6,-4.64,-0.9741
0.55,25,flat,0.05,0.9,1.6,69,38,55.07,-188.92,811.08,-10.95,-1.131
0.55,25,flat,0.05,0.95,1.1,482,331,68.67,821.61,1821.61,6.82,2.0566
0.55,25,flat,0.05,0.95,1.2,482,331,68.67,821.61,1821.61,6.82,2.0566
0.55,25,flat,0.05,0.95,1.3,474,325,68.57,833.43,1833.43,7.03,2.0965
0.55,25,flat,0.05,0.95,1.4,429,286,66.67,630.3,1630.3,5.88,1.6187
0.55,25,flat,0.05,0.95,1.5,358,234,65.36,517.4,1517.4,5.78,1.4174
0.55,25,flat,0.05,0.95,1.6,233,140,60.09,-8.52,991.48,-0.15,-0.0274
0.55,25,flat,0.05,0.98,1.1,482,331,68.67,1228.08,2228.08,10.19,2.98
0.55,25,flat,0.05,0.98,1.2,482,331,68.67,1228.08,2228.08,10.19,2.98
0.55,25,flat,0.05,0.98,1.3,478,327,68.41,1200.01,2200.01,10.04,2.9125
0.55,25,flat,0.05,0.98,1.4,455,308,67.69,1122.23,2122.23,9.87,2.7558
0.55,25,flat,0.05,0.98,1.5,394,260,65.99,907.6,1907.6,9.21,2.3257
0.55,25,flat,0.05,0.98,1.6,301,191,63.46,546.85,1546.85,7.27,1.5469
0.55,25,flat,0.05,1.0,1.1,482,331,68.67,1499.06,2499.06,12.44,3.5648
0.55,25,flat,0.05,1.0,1.2,482,331,68.67,1499.06,2499.06,12.44,3.5648
0.55,25,flat,0.05,1.0,1.3,481,330,68.61,1491.89,2491.89,12.41,3.5479
0.55,25,flat,0.05,1.0,1.4,469,321,68.44,1487.2,2487.2,12.68,3.5638
0.55,25,flat,0.05,1.0,1.5,411,272,66.18,1157.16,2157.16,11.26,2.8603
0.55,25,flat,0.05,1.0,1.6,338,221,65.38,999.69,1999.69,11.83,2.6682
0.55,30,flat,0.05,0.85,1.1,481,330,68.61,-642.77,357.23,-4.45,-1.4986
0.55,30,flat,0.05,0.85,1.2,464,317,68.32,-586.69,413.31,-4.21,-1.3822
0.55,30,flat,0.05,0.85,1.3,395,260,65.82,-653.32,346.68,-5.51,-1.6045
0.55,30,flat,0.05,0.85,1.4,280,176,62.86,-625.41,374.59,-7.45,-1.7493
0.55,30,flat,0.05,0.85,1.5,101,53,52.48,-611.42,388.58,-20.18,-2.6695
0.55,30,flat,0.05,0.85,1.6,0,0,0.0,0.0,1000.0,0.0,0.0
0.55,30,flat,0.05,0.9,1.1,482,331,68.67,172.99,1172.99,1.2,0.3809
0.55,30,flat,0.05,0.9,1.2,476,326,68.49,175.86,1175.86,1.23,0.3882
0.55,30,flat,0.05,0.9,1.3,449,302,67.26,69.85,1069.85,0.52,0.1558
0.55,30,flat,0.05,0.9,1.4,377,249,66.05,87.51,1087.51,0.77,0.2074
0.55,30,flat,0.05,0.9,1.5,258,157,60.85,-359.28,640.72,-4.64,-0.9741
0.55,30,flat,0.05,0.9,1.6,69,38,55.07,-226.7,773.3,-10.95,-1.131
0.55,30,flat,0.05,0.95,1.1,482,331,68.67,985.93,1985.93,6.82,2.0566
0.55,30,flat,0.05,0.95,1.2,482,331,68.67,985.93,1985.93,6.82,2.0566
0.55,30,flat,0.05,0.95,1.3,474,325,68.57,1000.11,2000.11,7.03,2.0965
0.55,30,flat,0.05,0.95,1.4,429,286,66.67,756.36,1756.36,5.88,1.6187
0.55,30,flat,0.05,0.95,1.5,358,234,65.36,620.88,1620.88,5.78,1.4174
0.55,30,flat,0.05,0.95,1.6,233,140,60.09,-10.23,989.77,-0.15,-0.0274
0.55,30,flat,0.05,0.98,1.1,482,331,68.67,1473.69,2473.69,10.19,2.98
0.55,30,flat,0.05,0.98,1.2,482,331,68.67,1473.69,2473.69,10.19,2.98
0.55,30,flat,0.05,0.98,1.3,478,327,68.41,1440.01,2440.01,10.04,2.9125
0.55,30,flat,0.05,0.98,1.4,455,308,67.69,1346.68,2346.68,9.87,2.7558
0.55,30,flat,0.05,0.98,1.5,394,260,65.99,1089.12,2089.12,9.21,2.3257
0.55,30,flat,0.05,0.98,1.6,301,191,63.46,656.23,1656.23,7.27,1.5469
0.55,30,flat,0.05,1.0,1.1,482,331,68.67,1798.87,2798.87,12.44,3.5648
0.55,30,flat,0.05,1.0,1.2,482,331,68.67,1798.87,2798.87,12.44,3.5648
0.55,30,flat,0.05,1.0,1.3,481,330,68.61,1790.27,2790.27,12.41,3.5479
0.55,30,flat,0.05,1.0,1.4,469,321,68.44,1784.64,2784.64,12.68,3.5638
0.55,30,flat,0.05,1.0,1.5,411,272,66.18,1388.59,2388.59,11.26,2.8603
0.55,30,flat,0.05,1.0,1.6,338,221,65.38,1199.63,2199.63,11.83,2.6682
0.55,50,flat,0.05,0.85,1.1,474,326,68.78,-1000.0,0.0,-4.22,-1.4126
0.55,50,flat,0.05,0.85,1.2,464,317,68.32,-977.82,22.18,-4.21,-1.3822
0.55,50,flat,0.05,0.85,1.3,388,256,65.98,-1000.0,0.0,-5.15,-1.4914
0.55,50,flat,0.05,0.85,1.4,278,175,62.95,-1000.0,0.0,-7.19,-1.6923
0.55,50,flat,0.05,0.85,1.5,99,52,52.53,-1000.0,0.0,-20.2,-2.6749
0.55,50,flat,0.05,0.85,1.6,0,0,0.0,0.0,1000.0,0.0,0.0
0.55,50,flat,0.05,0.9,1.1,482,331,68.67,288.31,1288.31,1.2,0.3809
0.55,50,flat,0.05,0.9,1.2,476,326,68.49,293.09,1293.09,1.23,0.3882
0.55,50,flat,0.05,0.9,1.3,449,302,67.26,116.42,1116.42,0.52,0.1558
0.55,50,flat,0.05,0.9,1.4,377,249,66.05,145.86,1145.86,0.77,0.2074
0.55,50,flat,0.05,0.9,1.5,258,157,60.85,-598.79,401.21,-4.64,-0.9741
0.55,50,flat,0.05,0.9,1.6,69,38,55.07,-377.84,622.16,-10.95,-1.131
0.55,50,flat,0.05,0.95,1.1,482,331,68.67,1643.21,2643.21,6.82,2.0566
0.55,50,flat,0.05,0.95,1.2,482,331,68.67,1643.21,2643.21,6.82,2.0566
0.55,50,flat,0.05,0.95,1.3,474,325,68.57,1666.86,2666.86,7.03,2.0965
0.55,50,flat,0.05,0.95,1.4,429,286,66.67,1260.6,2260.6,5.88,1.6187
0.55,50,flat,0.05,0.95,1.5,358,234,65.36,1034.8,2034.8,5.78,1.4174
0.55,50,flat,0.05,0.95,1.6,233,140,60.09,-17.05,982.95,-0.15,-0.0274
0.55,50,flat,0.05,0.98,1.1,482,331,68.67,2456.16,3456.16,10.19,2.98
0.55,50,flat,0.05,0.98,1.2,482,331,68.67,2456.16,3456.16,10.19,2.98
0.55,50,flat,0.05,0.98,1.3,478,327,68.41,2400.02,3400.02,10.04,2.9125
0.55,50,flat,0.05,0.98,1.4,455,308,67.69,2244.46,3244.46,9.87,2.7558
0.55,50,flat,0.05,0.98,1.5,394,260,65.99,1815.19,2815.19,9.21,2.3257
0.55,50,flat,0.05,0.98,1.6,301,191,63.46,1093.71,2093.71,7.27,1.5469
0.55,50,flat,0.05,1.0,1.1,482,331,68.67,2998.12,3998.12,12.44,3.5648
0.55,50,flat,0.05,1.0,1.2,482,331,68.67,2998.12,3998.12,12.44,3.5648
0.55,50,flat,0.05,1.0,1.3,481,330,68.61,2983.79,3983.79,12.41,3.5479
0.55,50,flat,0.05,1.0,1.4,469,321,68.44,2974.41,3974.41,12.68,3.5638
0.55,50,flat,0.05,1.0,1.5,411,272,66.18,2314.32,3314.32,11.26,2.8603
0.55,50,flat,0.05,1.0,1.6,338,221,65.38,1999.38,2999.38,11.83,2.6682
0.57,10,flat,0.05,0.85,1.1,358,266,74.3,45.03,1045.03,1.26,0.3962
0.57,10,flat,0.05,0.85,1.2,341,253,74.19,63.72,1063.72,1.87,0.5704
0.57,10,flat,0.05,0.85,1.3,272,196,72.06,41.51,1041.51,1.53,0.3972
0.57,10,flat,0.05,0.85,1.4,157,112,71.34,50.81,1050.81,3.24,0.6194
0.57,10,flat,0.05,0.85,1.5,0,0,0.0,0.0,1000.0,0.0,0.0
0.57,10,flat,0.05,0.85,1.6,0,0,0.0,0.0,1000.0,0.0,0.0
0.57,10,flat,0.05,0.9,1.1,359,267,74.37,259.85,1259.85,7.24,2.159
0.57,10,flat,0.05,0.9,1.2,353,262,74.22,260.8,1260.8,7.39,2.176
0.57,10,flat,0.05,0.9,1.3,326,238,73.01,225.47,1225.47,6.92,1.9108
0.57,10,flat,0.05,0.9,1.4,254,185,72.83,231.36,1231.36,9.11,2.1741
0.57,10,flat,0.05,0.9,1.5,135,93,68.89,82.43,1082.43,6.11,0.9945
0.57,10,flat,0.05,0.9,1.6,0,0,0.0,0.0,1000.0,0.0,0.0
0.57,10,flat,0.05,0.95,1.1,359,267,74.37,473.73,1473.73,13.2,3.7289
0.57,10,flat,0.05,0.95,1.2,359,267,74.37,473.73,1473.73,13.2,3.7289
0.57,10,flat,0.05,0.95,1.3,351,261,74.36,478.45,1478.45,13.63,3.7975
0.57,10,flat,0.05,0.95,1.4,306,222,72.55,397.2,1397.2,12.98,3.2544
0.57,10,flat,0.05,0.95,1.5,235,170,72.34,352.04,1352.04,14.98,3.225
0.57,10,flat,0.05,0.95,1.6,110,76,69.09,141.67,1141.67,12.88,1.7887
0.57,10,flat,0.05,0.98,1.1,359,267,74.37,602.06,1602.06,16.77,4.5939
0.57,10,flat,0.05,0.98,1.2,359,267,74.37,602.06,1602.06,16.77,4.5939
0.57,10,flat,0.05,0.98,1.3,355,263,74.08,590.83,1590.83,16.64,4.5089
0.57,10,flat,0.05,0.98,1.4,332,244,73.49,559.72,1559.72,16.86,4.3518
0.57,10,flat,0.05,0.98,1.5,271,196,72.32,473.86,1473.86,17.49,3.9511
0.57,10,flat,0.05,0.98,1.6,178,127,71.35,329.57,1329.57,18.51,3.2865
0.57,10,flat,0.05,1.0,1.1,359,267,74.37,687.61,1687.61,19.15,5.1418
0.57,10,flat,0.05,1.0,1.2,359,267,74.37,687.61,1687.61,19.15,5.1418
0.57,10,flat,0.05,1.0,1.3,358,266,74.3,684.74,1684.74,19.13,5.1205
0.57,10,flat,0.05,1.0,1.4,346,257,74.28,682.86,1682.86,19.74,5.1722
0.57,10,flat,0.05,1.0,1.5,288,208,72.22,550.85,1550.85,19.13,4.3803
0.57,10,flat,0.05,1.0,1.6,215,157,73.02,487.86,1487.86,22.69,4.4559
0.57,15,flat,0.05,0.85,1.1,358,266,74.3,67.54,1067.54,1.26,0.3962
0.57,15,flat,0.05,0.85,1.2,341,253,74.19,95.58,1095.58,1.87,0.5704
0.57,15,flat,0.05,0.85,1.3,272,196,72.06,62.27,1062.27,1.53,0.3972
0.57,15,flat,0.05,0.85,1.4,157,112,71.34,76.22,1076.22,3.24,0.6194
0.57,15,flat,0.05,0.85,1.5,0,0,0.0,0.0,1000.0,0.0,0.0
0.57,15,flat,0.05,0.85,1.6,0,0,0.0,0.0,1000.0,0.0,0.0
0.57,15,flat,0.05,0.9,1.1,359,267,74.37,389.77,1389.77,7.24,2.159
0.57,15,flat,0.05,0.9,1.2,353,262,74.22,391.21,1391.21,7.39,2.176
0.57,15,flat,0.05,0.9,1.3,326,238,73.01,338.2,1338.2,6.92,1.9108
0.57,15,flat,0.05,0.9,1.4,254,185,72.83,347.03,1347.03,9.11,2.1741
0.57,15,flat,0.05,0.9,1.5,135,93,68.89,123.64,1123.64,6.11,0.9945
0.57,15,flat,0.05,0.9,1.6,0,0,0.0,0.0,1000.0,0.0,0.0
0.57,15,flat,0.05,0.95,1.1,359,267,74.37,710.59,1710.59,13.2,3.7289
0.57,15,flat,0.05,0.95,1.2,359,267,74.37,710.59,1710.59,13.2,3.7289
0.57,15,flat,0.05,0.95,1.3,351,261,74.36,717.68,1717.68,13.63,3.7975
0.57,15,flat,0.05,0.95,1.4,306,222,72.55,595.81,1595.81,12.98,3.2544
0.57,15,flat,0.05,0.95,1.5,235,170,72.34,528.07,1528.07,14.98,3.225
0.57,15,flat,0.05,0.95,1.6,110,76,69.09,212.51,1212.51,12.88,1.7887
0.57,15,flat,0.05,0.98,1.1,359,267,74.37,903.08,1903.08,16.77,4.5939
0.57,15,flat,0.05,0.98,1.2,359,267,74.37,903.08,1903.08,16.77,4.5939
0.57,15,flat,0.05,0.98,1.3,355,263,74.08,886.24,1886.24,16.64,4.5089
0.57,15,flat,0.05,0.98,1.4,332,244,73.49,839.57,1839.57,16.86,4.3518
0.57,15,flat,0.05,0.98,1.5,271,196,72.32,710.79,1710.79,17.49,3.9511
0.57,15,flat,0.05,0.98,1.6,178,127,71.35,494.35,1494.35,18.51,3.2865
0.57,15,flat,0.05,1.0,1.1,359,267,74.37,1031.41,2031.41,19.15,5.1418
0.57,15,flat,0.05,1.0,1.2,359,267,74.37,1031.41,2031.41,19.15,5.1418
0.57,15,flat,0.05,1.0,1.3,358,266,74.3,1027.11,2027.11,19.13,5.1205
0.57,15,flat,0.05,1.0,1.4,346,257,74.28,1024.3,2024.3,19.74,5.1722
0.57,15,flat,0.05,1.0,1.5,288,208,72.22,826.27,1826.27,19.13,4.3803
0.57,15,flat,0.05,1.0,1.6,215,157,73.02,731.79,1731.79,22.69,4.4559
0.57,20,flat,0.05,0.85,1.1,358,266,74.3,90.06,1090.06,1.26,0.3962
0.57,20,flat,0.05,0.85,1.2,341,253,74.19,127.44,1127.44,1.87,0.5704
0.57,20,flat,0.05,0.85,1.3,272,196,72.06,83.03,1083.03,1.53,0.3972
0.57,20,flat,0.05,0.85,1.4,157,112,71.34,101.63,1101.63,3.24,0.6194
0.57,20,flat,0.05,0.85,1.5,0,0,0.0,0.0,1000.0,0.0,0.0
0.57,20,flat,0.05,0.85,1.6,0,0,0.0,0.0,1000.0,0.0,0.0
0.57,20,flat,0.05,0.9,1.1,359,267,74.37,519.69,1519.69,7.24,2.159
0.57,20,flat,0.05,0.9,1.2,353,262,74.22,521.61,1521.61,7.39,2.176
0.57,20,flat,0.05,0.9,1.3,326,238,73.01,450.94,1450.94,6.92,1.9108
0.57,20,flat,0.05,0.9,1.4,254,185,72.83,462.71,1462.71,9.11,2.1741
0.57,20,flat,0.05,0.9,1.5,135,93,68.89,164.85,1164.85,6.11,0.9945
0.57,20,flat,0.05,0.9,1.6,0,0,0.0,0.0,1000.0,0.0,0.0
0.57,20,flat,0.05,0.95,1.1,359,267,74.37,947.45,1947.45,13.2,3.7289
0.57,20,flat,0.05,0.95,1.2,359,267,74.37,947.45,1947.45,13.2,3.7289
0.57,20,flat,0.05,0.95,1.3,351,261,74.36,956.91,1956.91,13.63,3.7975
0.57,20,flat,0.05,0.95,1.4,306,222,72.55,794.41,1794.41,12.98,3.2544
0.57,20,flat,0.05,0.95,1.5,235,170,72.34,704.09,1704.09,14.98,3.225
0.57,20,flat,0.05,0.95,1.6,110,76,69.09,283.35,1283.35,12.88,1.7887
0.57,20,flat,0.05,0.98,1.1,359,267,74.37,1204.11,2204.11,16.77,4.5939
0.57,20,flat,0.05,0.98,1.2,359,267,74.37,1204.11,2204.11,16.77,4.5939
0.57,20,flat,0.05,0.98,1.3,355,263,74.08,1181.65,2181.65,16.64,4.5089
0.57,20,flat,0.05,0.98,1.4,332,244,73.49,1119.43,2119.43,16.86,4.3518
0.57,20,flat,0.05,0.98,1.5,271,196,72.32,947.72,1947.72,17.49,3.9511
0.57,20,flat,0.05,0.98,1.6,178,127,71.35,659.13,1659.13,18.51,3.2865
0.57,20,flat,0.05,1.0,1.1,359,267,74.37,1375.21,2375.21,19.15,5.1418
0.57,20,flat,0.05,1.0,1.2,359,267,74.37,1375.21,2375.21,19.15,5.1418
0.57,20,flat,0.05,1.0,1.3,358,266,74.3,1369.48,2369.48,19.13,5.1205
0.57,20,flat,0.05,1.0,1.4,346,257,74.28,1365.73,2365.73,19.74,5.1722
0.57,20,flat,0.05,1.0,1.5,288,208,72.22,1101.69,2101.69,19.13,4.3803
0.57,20,flat,0.05,1.0,1.6,215,157,73.02,975.72,1975.72,22.69,4.4559
0.57,25,flat,0.05,0.85,1.1,358,266,74.3,112.57,1112.57,1.26,0.3962
0.57,25,flat,0.05,0.85,1.2,341,253,74.19,159.3,1159.3,1.87,0.5704
0.57,25,flat,0.05,0.85,1.3,272,196,72.06,103.78,1103.78,1.53,0.3972
0.57,25,flat,0.05,0.85,1.4,157,112,71.34,127.04,1127.04,3.24,0.6194
0.57,25,flat,0.05,0.85,1.5,0,0,0.0,0.0,1000.0,0.0,0.0
0.57,25,flat,0.05,0.85,1.6,0,0,0.0,0.0,1000.0,0.0,0.0
0.57,25,flat,0.05,0.9,1.1,359,267,74.37,649.62,1649.62,7.24,2.159
0.57,25,flat,0.05,0.9,1.2,353,262,74.22,652.01,1652.01,7.39,2.176
0.57,25,flat,0.05,0.9,1.3,326,238,73.01,563.67,1563.67,6.92,1.9108
0.57,25,flat,0.05,0.9,1.4,254,185,72.83,578.39,1578.39,9.11,2.1741
0.57,25,flat,0.05,0.9,1.5,135,93,68.89,206.07,1206.07,6.11,0.9945
0.57,25,flat,0.05,0.9,1.6,0,0,0.0,0.0,1000.0,0.0,0.0
0.57,25,flat,0.05,0.95,1.1,359,267,74.37,1184.32,2184.32,13.2,3.7289
0.57,25,flat,0.05,0.95,1.2,359,267,74.37,1184.32,2184.32,13.2,3.7289
0.57,25,flat,0.05,0.95,1.3,351,261,74.36,1196.14,2196.14,13.63,3.7975
0.57,25,flat,0.05,0.95,1.4,306,222,72.55,993.01,1993.01,12.98,3.2544
0.57,25,flat,0.05,0.95,1.5,235,170,72.34,880.11,1880.11,14.98,3.225
0.57,25,flat,0.05,0.95,1.6,110,76,69.09,354.19,1354.19,12.88,1.7887
0.57,25,flat,0.05,0.98,1.1,359,267,74.37,1505.14,2505.14,16.77,4.5939
0.57,25,flat,0.05,0.98,1.2,359,267,74.37,1505.14,2505.14,16.77,4.5939
0.57,25,flat,0.05,0.98,1.3,355,263,74.08,1477.07,2477.07,16.64,4.5089
0.57,25,flat,0.05,0.98,1.4,332,244,73.49,1399.29,2399.29,16.86,4.3518
0.57,25,flat,0.05,0.98,1.5,271,196,72.32,1184.66,2184.66,17.49,3.9511
0.57,25,flat,0.05,0.98,1.6,178,127,71.35,823.91,1823.91,18.51,3.2865
0.57,25,flat,0.05,1.0,1.1,359,267,74.37,1719.02,2719.02,19.15,5.1418
0.57,25,flat,0.05,1.0,1.2,359,267,74.37,1719.02,2719.02,19.15,5.1418
0.57,25,flat,0.05,1.0,1.3,358,266,74.3,1711.85,2711.85,19.13,5.1205
0.57,25,flat,0.05,1.0,1.4,346,257,74.28,1707.16,2707.16,19.74,5.1722
0.57,25,flat,0.05,1.0,1.5,288,208,72.22,1377.12,2377.12,19.13,4.3803
0.57,25,flat,0.05,1.0,1.6,215,157,73.02,1219.65,2219.65,22.69,4.4559
0.57,30,flat,0.05,0.85,1.1,358,266,74.3,135.09,1135.09,1.26,0.3962
0.57,30,flat,0.05,0.85,1.2,341,253,74.19,191.16,1191.16,1.87,0.5704
0.57,30,flat,0.05,0.85,1.3,272,196,72.06,124.54,1124.54,1.53,0.3972
0.57,30,flat,0.05,0.85,1.4,157,112,71.34,152.44,1152.44,3.24,0.6194
0.57,30,flat,0.05,0.85,1.5,0,0,0.0,0.0,1000.0,0.0,0.0
0.57,30,flat,0.05,0.85,1.6,0,0,0.0,0.0,1000.0,0.0,0.0
0.57,30,flat,0.05,0.9,1.1,359,267,74.37,779.54,1779.54,7.24,2.159
0.57,30,flat,0.05,0.9,1.2,353,262,74.22,782.41,1782.41,7.39,2.176
0.57,30,flat,0.05,0.9,1.3,326,238,73.01,676.41,1676.41,6.92,1.9108
0.57,30,flat,0.05,0.9,1.4,254,185,72.83,694.07,1694.07,9.11,2.1741
0.57,30,flat,0.05,0.9,1.5,135,93,68.89,247.28,1247.28,6.11,0.9945
0.57,30,flat,0.05,0.9,1.6,0,0,0.0,0.0,1000.0,0.0,0.0
0.57,30,flat,0.05,0.95,1.1,359,267,74.37,1421.18,2421.18,13.2,3.7289
0.57,30,flat,0.05,0.95,1.2,359,267,74.37,1421.18,2421.18,13.2,3.7289
0.57,30,flat,0.05,0.95,1.3,351,261,74.36,1435.36,2435.36,13.63,3.7975
0.57,30,flat,0.05,0.95,1.4,306,222,72.55,1191.61,2191.61,12.98,3.2544
0.57,30,flat,0.05,0.95,1.5,235,170,72.34,1056.13,2056.13,14.98,3.225
0.57,30,flat,0.05,0.95,1.6,110,76,69.09,425.02,1425.02,12.88,1.7887
0.57,30,flat,0.05,0.98,1.1,359,267,74.37,1806.17,2806.17,16.77,4.5939
0.57,30,flat,0.05,0.98,1.2,359,267,74.37,1806.17,2806.17,16.77,4.5939
0.57,30,flat,0.05,0.98,1.3,355,263,74.08,1772.48,2772.48,16.64,4.5089
0.57,30,flat,0.05,0.98,1.4,332,244,73.49,1679.15,2679.15,16.86,4.3518
0.57,30,flat,0.05,0.98,1.5,271,196,72.32,1421.59,2421.59,17.49,3.9511
0.57,30,flat,0.05,0.98,1.6,178,127,71.35,988.7,1988.7,18.51,3.2865
0.57,30,flat,0.05,1.0,1.1,359,267,74.37,2062.82,3062.82,19.15,5.1418
0.57,30,flat,0.05,1.0,1.2,359,267,74.37,2062.82,3062.82,19.15,5.1418
0.57,30,flat,0.05,1.0,1.3,358,266,74.3,2054.22,3054.22,19.13,5.1205
0.57,30,flat,0.05,1.0,1.4,346,257,74.28,2048.59,3048.59,19.74,5.1722
0.57,30,flat,0.05,1.0,1.5,288,208,72.22,1652.54,2652.54,19.13,4.3803
0.57,30,flat,0.05,1.0,1.6,215,157,73.02,1463.58,2463.58,22.69,4.4559
0.57,50,flat,0.05,0.85,1.1,358,266,74.3,225.15,1225.15,1.26,0.3962
0.57,50,flat,0.05,0.85,1.2,341,253,74.19,318.61,1318.61,1.87,0.5704
0.57,50,flat,0.05,0.85,1.3,272,196,72.06,207.57,1207.57,1.53,0.3972
0.57,50,flat,0.05,0.85,1.4,157,112,71.34,254.07,1254.07,3.24,0.6194
0.57,50,flat,0.05,0.85,1.5,0,0,0.0,0.0,1000.0,0.0,0.0
0.57,50,flat,0.05,0.85,1.6,0,0,0.0,0.0,1000.0,0.0,0.0
0.57,50,flat,0.05,0.9,1.1,359,267,74.37,1299.23,2299.23,7.24,2.159
0.57,50,flat,0.05,0.9,1.2,353,262,74.22,1304.02,2304.02,7.39,2.176
0.57,50,flat,0.05,0.9,1.3,326,238,73.01,1127.35,2127.35,6.92,1.9108
0.57,50,flat,0.05,0.9,1.4,254,185,72.83,1156.78,2156.78,9.11,2.1741
0.57,50,flat,0.05,0.9,1.5,135,93,68.89,412.13,1412.13,6.11,0.9945
0.57,50,flat,0.05,0.9,1.6,0,0,0.0,0.0,1000.0,0.0,0.0
0.57,50,flat,0.05,0.95,1.1,359,267,74.37,2368.63,3368.63,13.2,3.7289
0.57,50,flat,0.05,0.95,1.2,359,267,74.37,2368.63,3368.63,13.2,3.7289
0.57,50,flat,0.05,0.95,1.3,351,261,74.36,2392.27,3392.27,13.63,3.7975
0.57,50,flat,0.05,0.95,1.4,306,222,72.55,1986.02,2986.02,12.98,3.2544
0.57,50,flat,0.05,0.95,1.5,235,170,72.34,1760.22,2760.22,14.98,3.225
0.57,50,flat,0.05,0.95,1.6,110,76,69.09,708.37,1708.37,12.88,1.7887
0.57,50,flat,0.05,0.98,1.1,359,267,74.37,3010.28,4010.28,16.77,4.5939
0.57,50,flat,0.05,0.98,1.2,359,267,74.37,3010.28,4010.28,16.77,4.5939
0.57,50,flat,0.05,0.98,1.3,355,263,74.08,2954.14,3954.14,16.64,4.5089
0.57,50,flat,0.05,0.98,1.4,332,244,73.49,2798.58,3798.58,16.86,4.3518
0.57,50,flat,0.05,0.98,1.5,271,196,72.32,2369.31,3369.31,17.49,3.9511
0.57,50,flat,0.05,0.98,1.6,178,127,71.35,1647.83,2647.83,18.51,3.2865
0.57,50,flat,0.05,1.0,1.1,359,267,74.37,3438.04,4438.04,19.15,5.1418
0.57,50,flat,0.05,1.0,1.2,359,267,74.37,3438.04,4438.04,19.15,5.1418
0.57,50,flat,0.05,1.0,1.3,358,266,74.3,3423.7,4423.7,19.13,5.1205
0.57,50,flat,0.05,1.0,1.4,346,257,74.28,3414.32,4414.32,19.74,5.1722
0.57,50,flat,0.05,1.0,1.5,288,208,72.22,2754.24,3754.24,19.13,4.3803
0.57,50,flat,0.05,1.0,1.6,215,157,73.02,2439.29,3439.29,22.69,4.4559
0.6,10,flat,0.05,0.85,1.1,223,173,77.58,42.18,1042.18,1.89,0.5119
0.6,10,flat,0.05,0.85,1.2,206,160,77.67,60.87,1060.87,2.96,0.7643
0.6,10,flat,0.05,0.85,1.3,137,103,75.18,38.67,1038.67,2.82,0.5586
0.6,10,flat,0.05,0.85,1.4,22,19,86.36,47.97,1047.97,21.8,2.1129
0.6,10,flat,0.05,0.85,1.5,0,0,0.0,0.0,1000.0,0.0,0.0
0.6,10,flat,0.05,0.85,1.6,0,0,0.0,0.0,1000.0,0.0,0.0
0.6,10,flat,0.05,0.9,1.1,224,174,77.68,177.42,1177.42,7.92,2.0333
0.6,10,flat,0.05,0.9,1.2,218,169,77.52,178.38,1178.38,8.18,2.0608
0.6,10,flat,0.05,0.9,1.3,191,145,75.92,143.04,1143.04,7.49,1.7034
0.6,10,flat,0.05,0.9,1.4,119,92,77.31,148.93,1148.93,12.52,2.2379
0.6,10,flat,0.05,0.9,1.5,0,0,0.0,0.0,1000.0,0.0,0.0
0.6,10,flat,0.05,0.9,1.6,0,0,0.0,0.0,1000.0,0.0,0.0
0.6,10,flat,0.05,0.95,1.1,224,174,77.68,311.72,1311.72,13.92,3.3844
0.6,10,flat,0.05,0.95,1.2,224,174,77.68,311.72,1311.72,13.92,3.3844
0.6,10,flat,0.05,0.95,1.3,216,168,77.78,316.45,1316.45,14.65,3.4916
0.6,10,flat,0.05,0.95,1.4,171,129,75.44,235.2,1235.2,13.75,2.7641
0.6,10,flat,0.05,0.95,1.5,100,77,77.0,190.04,1190.04,19.0,2.9204
0.6,10,flat,0.05,0.95,1.6,0,0,0.0,0.0,1000.0,0.0,0.0
0.6,10,flat,0.05,0.98,1.1,224,174,77.68,392.3,1392.3,17.51,4.1289
0.6,10,flat,0.05,0.98,1.2,224,174,77.68,392.3,1392.3,17.51,4.1289
0.6,10,flat,0.05,0.98,1.3,220,170,77.27,381.07,1381.07,17.32,4.0118
0.6,10,flat,0.05,0.98,1.4,197,151,76.65,349.96,1349.96,17.76,3.8198
0.6,10,flat,0.05,0.98,1.5,136,103,75.74,264.11,1264.11,19.42,3.3465
0.6,10,flat,0.05,0.98,1.6,43,34,79.07,119.81,1119.81,27.86,2.7771
0.6,10,flat,0.05,1.0,1.1,224,174,77.68,446.02,1446.02,19.91,4.6005
0.6,10,flat,0.05,1.0,1.2,224,174,77.68,446.02,1446.02,19.91,4.6005
0.6,10,flat,0.05,1.0,1.3,223,173,77.58,443.16,1443.16,19.87,4.5711
0.6,10,flat,0.05,1.0,1.4,211,164,77.73,441.28,1441.28,20.91,4.6664
0.6,10,flat,0.05,1.0,1.5,153,115,75.16,309.26,1309.26,20.21,3.6121
0.6,10,flat,0.05,1.0,1.6,80,64,80.0,246.27,1246.27,30.78,4.2091
0.6,15,flat,0.05,0.85,1.1,223,173,77.58,63.27,1063.27,1.89,0.5119
0.6,15,flat,0.05,0.85,1.2,206,160,77.67,91.31,1091.31,2.96,0.7643
0.6,15,flat,0.05,0.85,1.3,137,103,75.18,58.0,1058.0,2.82,0.5586
0.6,15,flat,0.05,0.85,1.4,22,19,86.36,71.95,1071.95,21.8,2.1129
0.6,15,flat,0.05,0.85,1.5,0,0,0.0,0.0,1000.0,0.0,0.0
0.6,15,flat,0.05,0.85,1.6,0,0,0.0,0.0,1000.0,0.0,0.0
0.6,15,flat,0.05,0.9,1.1,224,174,77.68,266.13,1266.13,7.92,2.0333
0.6,15,flat,0.05,0.9,1.2,218,169,77.52,267.57,1267.57,8.18,2.0608
0.6,15,flat,0.05,0.9,1.3,191,145,75.92,214.56,1214.56,7.49,1.7034
0.6,15,flat,0.05,0.9,1.4,119,92,77.31,223.39,1223.39,12.52,2.2379
0.6,15,flat,0.05,0.9,1.5,0,0,0.0,0.0,1000.0,0.0,0.0
0.6,15,flat,0.05,0.9,1.6,0,0,0.0,0.0,1000.0,0.0,0.0
0.6,15,flat,0.05,0.95,1.1,224,174,77.68,467.58,1467.58,13.92,3.3844
0.6,15,flat,0.05,0.95,1.2,224,174,77.68,467.58,1467.58,13.92,3.3844
0.6,15,flat,0.05,0.95,1.3,216,168,77.78,474.67,1474.67,14.65,3.4916
0.6,15,flat,0.05,0.95,1.4,171,129,75.44,352.8,1352.8,13.75,2.7641
0.6,15,flat,0.05,0.95,1.5,100,77,77.0,285.06,1285.06,19.0,2.9204
0.6,15,flat,0.05,0.95,1.6,0,0,0.0,0.0,1000.0,0.0,0.0
0.6,15,flat,0.05,0.98,1.1,224,174,77.68,588.45,1588.45,17.51,4.1289
0.6,15,flat,0.05,0.98,1.2,224,174,77.68,588.45,1588.45,17.51,4.1289
0.6,15,flat,0.05,0.98,1.3,220,170,77.27,571.61,1571.61,17.32,4.0118
0.6,15,flat,0.05,0.98,1.4,197,151,76.65,524.94,1524.94,17.76,3.8198
0.6,15,flat,0.05,0.98,1.5,136,103,75.74,396.16,1396.16,19.42,3.3465
0.6,15,flat,0.05,0.98,1.6,43,34,79.07,179.72,1179.72,27.86,2.7771
0.6,15,flat,0.05,1.0,1.1,224,174,77.68,669.03,1669.03,19.91,4.6005
0.6,15,flat,0.05,1.0,1.2,224,174,77.68,669.03,1669.03,19.91,4.6005
0.6,15,flat,0.05,1.0,1.3,223,173,77.58,664.73,1664.73,19.87,4.5711
0.6,15,flat,0.05,1.0,1.4,211,164,77.73,661.92,1661.92,20.91,4.6664
0.6,15,flat,0.05,1.0,1.5,153,115,75.16,463.89,1463.89,20.21,3.6121
0.6,15,flat,0.05,1.0,1.6,80,64,80.0,369.41,1369.41,30.78,4.2091
0.6,20,flat,0.05,0.85,1.1,223,173,77.58,84.36,1084.36,1.89,0.5119
0.6,20,flat,0.05,0.85,1.2,206,160,77.67,121.75,1121.75,2.96,0.7643
0.6,20,flat,0.05,0.85,1.3,137,103,75.18,77.33,1077.33,2.82,0.5586
0.6,20,flat,0.05,0.85,1.4,22,19,86.36,95.94,1095.94,21.8,2.1129
0.6,20,flat,0.05,0.85,1.5,0,0,0.0,0.0,1000.0,0.0,0.0
0.6,20,flat,0.05,0.85,1.6,0,0,0.0,0.0,1000.0,0.0,0.0
0.6,20,flat,0.05,0.9,1.1,224,174,77.68,354.84,1354.84,7.92,2.0333
0.6,20,flat,0.05,0.9,1.2,218,169,77.52,356.75,1356.75,8.18,2.0608
0.6,20,flat,0.05,0.9,1.3,191,145,75.92,286.09,1286.09,7.49,1.7034
0.6,20,flat,0.05,0.9,1.4,119,92,77.31,297.86,1297.86,12.52,2.2379
0.6,20,flat,0.05,0.9,1.5,0,0,0.0,0.0,1000.0,0.0,0.0
0.6,20,flat,0.05,0.9,1.6,0,0,0.0,0.0,1000.0,0.0,0.0
0.6,20,flat,0.05,0.95,1.1,224,174,77.68,623.44,1623.44,13.92,3.3844
0.6,20,flat,0.05,0.95,1.2,224,174,77.68,623.44,1623.44,13.92,3.3844
0.6,20,flat,0.05,0.95,1.3,216,168,77.78,632.9,1632.9,14.65,3.4916
0.6,20,flat,0.05,0.95,1.4,171,129,75.44,470.4,1470.4,13.75,2.7641
0.6,20,flat,0.05,0.95,1.5,100,77,77.0,380.08,1380.08,19.0,2.9204
0.6,20,flat,0.05,0.95,1.6,0,0,0.0,0.0,1000.0,0.0,0.0
0.6,20,flat,0.05,0.98,1.1,224,174,77.68,784.6,1784.6,17.51,4.1289
0.6,20,flat,0.05,0.98,1.2,224,174,77.68,784.6,1784.6,17.51,4.1289
0.6,20,flat,0.05,0.98,1.3,220,170,77.27,762.15,1762.15,17.32,4.0118
0.6,20,flat,0.05,0.98,1.4,197,151,76.65,699.93,1699.93,17.76,3.8198
0.6,20,flat,0.05,0.98,1.5,136,103,75.74,528.22,1528.22,19.42,3.3465
0.6,20,flat,0.05,0.98,1.6,43,34,79.07,239.62,1239.62,27.86,2.7771
0.6,20,flat,0.05,1.0,1.1,224,174,77.68,892.05,1892.05,19.91,4.6005
0.6,20,flat,0.05,1.0,1.2,224,174,77.68,892.05,1892.05,19.91,4.6005
0.6,20,flat,0.05,1.0,1.3,223,173,77.58,886.31,1886.31,19.87,4.5711
0.6,20,flat,0.05,1.0,1.4,211,164,77.73,882.56,1882.56,20.91,4.6664
0.6,20,flat,0.05,1.0,1.5,153,115,75.16,618.52,1618.52,20.21,3.6121
0.6,20,flat,0.05,1.0,1.6,80,64,80.0,492.55,1492.55,30.78,4.2091
0.6,25,flat,0.05,0.85,1.1,223,173,77.58,105.46,1105.46,1.89,0.5119
0.6,25,flat,0.05,0.85,1.2,206,160,77.67,152.19,1152.19,2.96,0.7643
0.6,25,flat,0.05,0.85,1.3,137,103,75.18,96.67,1096.67,2.82,0.5586
0.6,25,flat,0.05,0.85,1.4,22,19,86.36,119.92,1119.92,21.8,2.1129
0.6,25,flat,0.05,0.85,1.5,0,0,0.0,0.0,1000.0,0.0,0.0
0.6,25,flat,0.05,0.85,1.6,0,0,0.0,0.0,1000.0,0.0,0.0
0.6,25,flat,0.05,0.9,1.1,224,174,77.68,443.55,1443.55,7.92,2.0333
0.6,25,flat,0.05,0.9,1.2,218,169,77.52,445.94,1445.94,8.18,2.0608
0.6,25,flat,0.05,0.9,1.3,191,145,75.92,357.61,1357.61,7.49,1.7034
0.6,25,flat,0.05,0.9,1.4,119,92,77.31,372.32,1372.32,12.52,2.2379
0.6,25,flat,0.05,0.9,1.5,0,0,0.0,0.0,1000.0,0.0,0.0
0.6,25,flat,0.05,0.9,1.6,0,0,0.0,0.0,1000.0,0.0,0.0
0.6,25,flat,0.05,0.95,1.1,224,174,77.68,779.3,1779.3,13.92,3.3844
0.6,25,flat,0.05,0.95,1.2,224,174,77.68,779.3,1779.3,13.92,3.3844
0.6,25,flat,0.05,0.95,1.3,216,168,77.78,791.12,1791.12,14.65,3.4916
0.6,25,flat,0.05,0.95,1.4,171,129,75.44,588.0,1588.0,13.75,2.7641
0.6,25,flat,0.05,0.95,1.5,100,77,77.0,475.1,1475.1,19.0,2.9204
0.6,25,flat,0.05,0.95,1.6,0,0,0.0,0.0,1000.0,0.0,0.0
0.6,25,flat,0.05,0.98,1.1,224,174,77.68,980.76,1980.76,17.51,4.1289
0.6,25,flat,0.05,0.98,1.2,224,174,77.68,980.76,1980.76,17.51,4.1289
0.6,25,flat,0.05,0.98,1.3,220,170,77.27,952.69,1952.69,17.32,4.0118
0.6,25,flat,0.05,0.98,1.4,197,151,76.65,874.91,1874.91,17.76,3.8198
0.6,25,flat,0.05,0.98,1.5,136,103,75.74,660.27,1660.27,19.42,3.3465
0.6,25,flat,0.05,0.98,1.6,43,34,79.07,299.53,1299.53,27.86,2.7771
0.6,25,flat,0.05,1.0,1.1,224,174,77.68,1115.06,2115.06,19.91,4.6005
0.6,25,flat,0.05,1.0,1.2,224,174,77.68,1115.06,2115.06,19.91,4.6005
0.6,25,flat,0.05,1.0,1.3,223,173,77.58,1107.89,2107.89,19.87,4.5711
0.6,25,flat,0.05,1.0,1.4,211,164,77.73,1103.2,2103.2,20.91,4.6664
0.6,25,flat,0.05,1.0,1.5,153,115,75.16,773.16,1773.16,20.21,3.6121
0.6,25,flat,0.05,1.0,1.6,80,64,80.0,615.68,1615.68,30.78,4.2091
0.6,30,flat,0.05,0.85,1.1,223,173,77.58,126.55,1126.55,1.89,0.5119
0.6,30,flat,0.05,0.85,1.2,206,160,77.67,182.62,1182.62,2.96,0.7643
0.6,30,flat,0.05,0.85,1.3,137,103,75.18,116.0,1116.0,2.82,0.5586
0.6,30,flat,0.05,0.85,1.4,22,19,86.36,143.9,1143.9,21.8,2.1129
0.6,30,flat,0.05,0.85,1.5,0,0,0.0,0.0,1000.0,0.0,0.0
0.6,30,flat,0.05,0.85,1.6,0,0,0.0,0.0,1000.0,0.0,0.0
0.6,30,flat,0.05,0.9,1.1,224,174,77.68,532.26,1532.26,7.92,2.0333
0.6,30,flat,0.05,0.9,1.2,218,169,77.52,535.13,1535.13,8.18,2.0608
0.6,30,flat,0.05,0.9,1.3,191,145,75.92,429.13,1429.13,7.49,1.7034
0.6,30,flat,0.05,0.9,1.4,119,92,77.31,446.79,1446.79,12.52,2.2379
0.6,30,flat,0.05,0.9,1.5,0,0,0.0,0.0,1000.0,0.0,0.0
0.6,30,flat,0.05,0.9,1.6,0,0,0.0,0.0,1000.0,0.0,0.0
0.6,30,flat,0.05,0.95,1.1,224,174,77.68,935.16,1935.16,13.92,3.3844
0.6,30,flat,0.05,0.95,1.2,224,174,77.68,935.16,1935.16,13.92,3.3844
0.6,30,flat,0.05,0.95,1.3,216,168,77.78,949.35,1949.35,14.65,3.4916
0.6,30,flat,0.05,0.95,1.4,171,129,75.44,705.6,1705.6,13.75,2.7641
0.6,30,flat,0.05,0.95,1.5,100,77,77.0,570.12,1570.12,19.0,2.9204
0.6,30,flat,0.05,0.95,1.6,0,0,0.0,0.0,1000.0,0.0,0.0
0.6,30,flat,0.05,0.98,1.1,224,174,77.68,1176.91,2176.91,17.51,4.1289
0.6,30,flat,0.05,0.98,1.2,224,174,77.68,1176.91,2176.91,17.51,4.1289
0.6,30,flat,0.05,0.98,1.3,220,170,77.27,1143.22,2143.22,17.32,4.0118
0.6,30,flat,0.05,0.98,1.4,197,151,76.65,1049.89,2049.89,17.76,3.8198
0.6,30,flat,0.05,0.98,1.5,136,103,75.74,792.33,1792.33,19.42,3.3465
0.6,30,flat,0.05,0.98,1.6,43,34,79.07,359.44,1359.44,27.86,2.7771
0.6,30,flat,0.05,1.0,1.1,224,174,77.68,1338.07,2338.07,19.91,4.6005
0.6,30,flat,0.05,1.0,1.2,224,174,77.68,1338.07,2338.07,19.91,4.6005
0.6,30,flat,0.05,1.0,1.3,223,173,77.58,1329.47,2329.47,19.87,4.5711
0.6,30,flat,0.05,1.0,1.4,211,164,77.73,1323.84,2323.84,20.91,4.6664
0.6,30,flat,0.05,1.0,1.5,153,115,75.16,927.79,1927.79,20.21,3.6121
0.6,30,flat,0.05,1.0,1.6,80,64,80.0,738.82,1738.82,30.78,4.2091
0.6,50,flat,0.05,0.85,1.1,223,173,77.58,210.91,1210.91,1.89,0.5119
0.6,50,flat,0.05,0.85,1.2,206,160,77.67,304.37,1304.37,2.96,0.7643
0.6,50,flat,0.05,0.85,1.3,137,103,75.18,193.33,1193.33,2.82,0.5586
0.6,50,flat,0.05,0.85,1.4,22,19,86.36,239.84,1239.84,21.8,2.1129
0.6,50,flat,0.05,0.85,1.5,0,0,0.0,0.0,1000.0,0.0,0.0
0.6,50,flat,0.05,0.85,1.6,0,0,0.0,0.0,1000.0,0.0,0.0
0.6,50,flat,0.05,0.9,1.1,224,174,77.68,887.1,1887.1,7.92,2.0333
0.6,50,flat,0.05,0.9,1.2,218,169,77.52,891.89,1891.89,8.18,2.0608
0.6,50,flat,0.05,0.9,1.3,191,145,75.92,715.22,1715.22,7.49,1.7034
0.6,50,flat,0.05,0.9,1.4,119,92,77.31,744.65,1744.65,12.52,2.2379
0.6,50,flat,0.05,0.9,1.5,0,0,0.0,0.0,1000.0,0.0,0.0
0.6,50,flat,0.05,0.9,1.6,0,0,0.0,0.0,1000.0,0.0,0.0
0.6,50,flat,0.05,0.95,1.1,224,174,77.68,1558.61,2558.61,13.92,3.3844
0.6,50,flat,0.05,0.95,1.2,224,174,77.68,1558.61,2558.61,13.92,3.3844
0.6,50,flat,0.05,0.95,1.3,216,168,77.78,1582.25,2582.25,14.65,3.4916
0.6,50,flat,0.05,0.95,1.4,171,129,75.44,1176.0,2176.0,13.75,2.7641
0.6,50,flat,0.05,0.95,1.5,100,77,77.0,950.2,1950.2,19.0,2.9204
0.6,50,flat,0.05,0.95,1.6,0,0,0.0,0.0,1000.0,0.0,0.0
0.6,50,flat,0.05,0.98,1.1,224,174,77.68,1961.51,2961.51,17.51,4.1289
0.6,50,flat,0.05,0.98,1.2,224,174,77.68,1961.51,2961.51,17.51,4.1289
0.6,50,flat,0.05,0.98,1.3,220,170,77.27,1905.37,2905.37,17.32,4.0118
0.6,50,flat,0.05,0.98,1.4,197,151,76.65,1749.82,2749.82,17.76,3.8198
0.6,50,flat,0.05,0.98,1.5,136,103,75.74,1320.55,2320.55,19.42,3.3465
0.6,50,flat,0.05,0.98,1.6,43,34,79.07,599.06,1599.06,27.86,2.7771
0.6,50,flat,0.05,1.0,1.1,224,174,77.68,2230.11,3230.11,19.91,4.6005
0.6,50,flat,0.05,1.0,1.2,224,174,77.68,2230.11,3230.11,19.91,4.6005
0.6,50,flat,0.05,1.0,1.3,223,173,77.58,2215.78,3215.78,19.87,4.5711
0.6,50,flat,0.05,1.0,1.4,211,164,77.73,2206.4,3206.4,20.91,4.6664
0.6,50,flat,0.05,1.0,1.5,153,115,75.16,1546.31,2546.31,20.21,3.6121
0.6,50,flat,0.05,1.0,1.6,80,64,80.0,1231.37,2231.37,30.78,4.2091
0.62,10,flat,0.05,0.85,1.1,154,119,77.27,-20.72,979.28,-1.35,-0.3104
0.62,10,flat,0.05,0.85,1.2,137,106,77.37,-2.03,997.97,-0.15,-0.032
0.62,10,flat,0.05,0.85,1.3,68,49,72.06,-24.24,975.76,-3.56,-0.4892
0.62,10,flat,0.05,0.85,1.4,0,0,0.0,0.0,1000.0,0.0,0.0
0.62,10,flat,0.05,0.85,1.5,0,0,0.0,0.0,1000.0,0.0,0.0
0.62,10,flat,0.05,0.85,1.6,0,0,0.0,0.0,1000.0,0.0,0.0
0.62,10,flat,0.05,0.9,1.1,155,120,77.42,70.23,1070.23,4.53,0.9936
0.62,10,flat,0.05,0.9,1.2,149,115,77.18,71.19,1071.19,4.78,1.0193
0.62,10,flat,0.05,0.9,1.3,122,91,74.59,35.85,1035.85,2.94,0.5391
0.62,10,flat,0.05,0.9,1.4,50,38,76.0,41.74,1041.74,8.35,0.9693
0.62,10,flat,0.05,0.9,1.5,0,0,0.0,0.0,1000.0,0.0,0.0
0.62,10,flat,0.05,0.9,1.6,0,0,0.0,0.0,1000.0,0.0,0.0
0.62,10,flat,0.05,0.95,1.1,155,120,77.42,160.24,1160.24,10.34,2.1477
0.62,10,flat,0.05,0.95,1.2,155,120,77.42,160.24,1160.24,10.34,2.1477
0.62,10,flat,0.05,0.95,1.3,147,114,77.55,164.97,1164.97,11.22,2.2643
0.62,10,flat,0.05,0.95,1.4,102,75,73.53,83.72,1083.72,8.21,1.2751
0.62,10,flat,0.05,0.95,1.5,31,23,74.19,38.56,1038.56,12.44,1.0443
0.62,10,flat,0.05,0.95,1.6,0,0,0.0,0.0,1000.0,0.0,0.0
0.62,10,flat,0.05,0.98,1.1,155,120,77.42,214.25,1214.25,13.82,2.7836
0.62,10,flat,0.05,0.98,1.2,155,120,77.42,214.25,1214.25,13.82,2.7836
0.62,10,flat,0.05,0.98,1.3,151,116,76.82,203.02,1203.02,13.45,2.6396
0.62,10,flat,0.05,0.98,1.4,128,97,75.78,171.91,1171.91,13.43,2.3635
0.62,10,flat,0.05,0.98,1.5,67,49,73.13,86.06,1086.06,12.84,1.5366
0.62,10,flat,0.05,0.98,1.6,0,0,0.0,0.0,1000.0,0.0,0.0
0.62,10,flat,0.05,1.0,1.1,155,120,77.42,250.26,1250.26,16.15,3.1864
0.62,10,flat,0.05,1.0,1.2,155,120,77.42,250.26,1250.26,16.15,3.1864
0.62,10,flat,0.05,1.0,1.3,154,119,77.27,247.39,1247.39,16.06,3.1503
0.62,10,flat,0.05,1.0,1.4,142,110,77.46,245.51,1245.51,17.29,3.2446
0.62,10,flat,0.05,1.0,1.5,84,61,72.62,113.5,1113.5,13.51,1.7754
0.62,10,flat,0.05,1.0,1.6,11,10,90.91,50.51,1050.51,45.92,3.3002
0.62,15,flat,0.05,0.85,1.1,154,119,77.27,-31.08,968.92,-1.35,-0.3104
0.62,15,flat,0.05,0.85,1.2,137,106,77.37,-3.04,996.96,-0.15,-0.032
0.62,15,flat,0.05,0.85,1.3,68,49,72.06,-36.35,963.65,-3.56,-0.4892
0.62,15,flat,0.05,0.85,1.4,0,0,0.0,0.0,1000.0,0.0,0.0
0.62,15,flat,0.05,0.85,1.5,0,0,0.0,0.0,1000.0,0.0,0.0
0.62,15,flat,0.05,0.85,1.6,0,0,0.0,0.0,1000.0,0.0,0.0
0.62,15,flat,0.05,0.9,1.1,155,120,77.42,105.35,1105.35,4.53,0.9936
0.62,15,flat,0.05,0.9,1.2,149,115,77.18,106.78,1106.78,4.78,1.0193
0.62,15,flat,0.05,0.9,1.3,122,91,74.59,53.78,1053.78,2.94,0.5391
0.62,15,flat,0.05,0.9,1.4,50,38,76.0,62.61,1062.61,8.35,0.9693
0.62,15,flat,0.05,0.9,1.5,0,0,0.0,0.0,1000.0,0.0,0.0
0.62,15,flat,0.05,0.9,1.6,0,0,0.0,0.0,1000.0,0.0,0.0
0.62,15,flat,0.05,0.95,1.1,155,120,77.42,240.36,1240.36,10.34,2.1477
0.62,15,flat,0.05,0.95,1.2,155,120,77.42,240.36,1240.36,10.34,2.1477
0.62,15,flat,0.05,0.95,1.3,147,114,77.55,247.46,1247.46,11.22,2.2643
0.62,15,flat,0.05,0.95,1.4,102,75,73.53,125.58,1125.58,8.21,1.2751
0.62,15,flat,0.05,0.95,1.5,31,23,74.19,57.84,1057.84,12.44,1.0443
0.62,15,flat,0.05,0.95,1.6,0,0,0.0,0.0,1000.0,0.0,0.0
0.62,15,flat,0.05,0.98,1.1,155,120,77.42,321.38,1321.38,13.82,2.7836
0.62,15,flat,0.05,0.98,1.2,155,120,77.42,321.38,1321.38,13.82,2.7836
0.62,15,flat,0.05,0.98,1.3,151,116,76.82,304.53,1304.53,13.45,2.6396
0.62,15,flat,0.05,0.98,1.4,128,97,75.78,257.87,1257.87,13.43,2.3635
0.62,15,flat,0.05,0.98,1.5,67,49,73.13,129.09,1129.09,12.84,1.5366
0.62,15,flat,0.05,0.98,1.6,0,0,0.0,0.0,1000.0,0.0,0.0
0.62,15,flat,0.05,1.0,1.1,155,120,77.42,375.38,1375.38,16.15,3.1864
0.62,15,flat,0.05,1.0,1.2,155,120,77.42,375.38,1375.38,16.15,3.1864
0.62,15,flat,0.05,1.0,1.3,154,119,77.27,371.08,1371.08,16.06,3.1503
0.62,15,flat,0.05,1.0,1.4,142,110,77.46,368.27,1368.27,17.29,3.2446
0.62,15,flat,0.05,1.0,1.5,84,61,72.62,170.24,1170.24,13.51,1.7754
0.62,15,flat,0.05,1.0,1.6,11,10,90.91,75.76,1075.76,45.92,3.3002
0.62,20,flat,0.05,0.85,1.1,154,119,77.27,-41.44,958.56,-1.35,-0.3104
0.62,20,flat,0.05,0.85,1.2,137,106,77.37,-4.05,995.95,-0.15,-0.032
0.62,20,flat,0.05,0.85,1.3,68,49,72.06,-48.47,951.53,-3.56,-0.4892
0.62,20,flat,0.05,0.85,1.4,0,0,0.0,0.0,1000.0,0.0,0.0
0.62,20,flat,0.05,0.85,1.5,0,0,0.0,0.0,1000.0,0.0,0.0
0.62,20,flat,0.05,0.85,1.6,0,0,0.0,0.0,1000.0,0.0,0.0
0.62,20,flat,0.05,0.9,1.1,155,120,77.42,140.46,1140.46,4.53,0.9936
0.62,20,flat,0.05,0.9,1.2,149,115,77.18,142.37,1142.37,4.78,1.0193
0.62,20,flat,0.05,0.9,1.3,122,91,74.59,71.71,1071.71,2.94,0.5391
0.62,20,flat,0.05,0.9,1.4,50,38,76.0,83.48,1083.48,8.35,0.9693
0.62,20,flat,0.05,0.9,1.5,0,0,0.0,0.0,1000.0,0.0,0.0
0.62,20,flat,0.05,0.9,1.6,0,0,0.0,0.0,1000.0,0.0,0.0
0.62,20,flat,0.05,0.95,1.1,155,120,77.42,320.49,1320.49,10.34,2.1477
0.62,20,flat,0.05,0.95,1.2,155,120,77.42,320.49,1320.49,10.34,2.1477
0.62,20,flat,0.05,0.95,1.3,147,114,77.55,329.94,1329.94,11.22,2.2643
0.62,20,flat,0.05,0.95,1.4,102,75,73.53,167.44,1167.44,8.21,1.2751
0.62,20,flat,0.05,0.95,1.5,31,23,74.19,77.12,1077.12,12.44,1.0443
0.62,20,flat,0.05,0.95,1.6,0,0,0.0,0.0,1000.0,0.0,0.0
0.62,20,flat,0.05,0.98,1.1,155,120,77.42,428.5,1428.5,13.82,2.7836
0.62,20,flat,0.05,0.98,1.2,155,120,77.42,428.5,1428.5,13.82,2.7836
0.62,20,flat,0.05,0.98,1.3,151,116,76.82,406.05,1406.05,13.45,2.6396
0.62,20,flat,0.05,0.98,1.4,128,97,75.78,343.82,1343.82,13.43,2.3635
0.62,20,flat,0.05,0.98,1.5,67,49,73.13,172.12,1172.12,12.84,1.5366
0.62,20,flat,0.05,0.98,1.6,0,0,0.0,0.0,1000.0,0.0,0.0
0.62,20,flat,0.05,1.0,1.1,155,120,77.42,500.51,1500.51,16.15,3.1864
0.62,20,flat,0.05,1.0,1.2,155,120,77.42,500.51,1500.51,16.15,3.1864
0.62,20,flat,0.05,1.0,1.3,154,119,77.27,494.78,1494.78,16.06,3.1503
0.62,20,flat,0.05,1.0,1.4,142,110,77.46,491.03,1491.03,17.29,3.2446
0.62,20,flat,0.05,1.0,1.5,84,61,72.62,226.99,1226.99,13.51,1.7754
0.62,20,flat,0.05,1.0,1.6,11,10,90.91,101.01,1101.01,45.92,3.3002
0.62,25,flat,0.05,0.85,1.1,154,119,77.27,-51.8,948.2,-1.35,-0.3104
0.62,25,flat,0.05,0.85,1.2,137,106,77.37,-5.07,994.93,-0.15,-0.032
0.62,25,flat,0.05,0.85,1.3,68,49,72.06,-60.59,939.41,-3.56,-0.4892
0.62,25,flat,0.05,0.85,1.4,0,0,0.0,0.0,1000.0,0.0,0.0
0.62,25,flat,0.05,0.85,1.5,0,0,0.0,0.0,1000.0,0.0,0.0
0.62,25,flat,0.05,0.85,1.6,0,0,0.0,0.0,1000.0,0.0,0.0
0.62,25,flat,0.05,0.9,1.1,155,120,77.42,175.58,1175.58,4.53,0.9936
0.62,25,flat,0.05,0.9,1.2,149,115,77.18,177.97,1177.97,4.78,1.0193
0.62,25,flat,0.05,0.9,1.3,122,91,74.59,89.63,1089.63,2.94,0.5391
0.62,25,flat,0.05,0.9,1.4,50,38,76.0,104.35,1104.35,8.35,0.9693
0.62,25,flat,0.05,0.9,1.5,0,0,0.0,0.0,1000.0,0.0,0.0
0.62,25,flat,0.05,0.9,1.6,0,0,0.0,0.0,1000.0,0.0,0.0
0.62,25,flat,0.05,0.95,1.1,155,120,77.42,400.61,1400.61,10.34,2.1477
0.62,25,flat,0.05,0.95,1.2,155,120,77.42,400.61,1400.61,10.34,2.1477
0.62,25,flat,0.05,0.95,1.3,147,114,77.55,412.43,1412.43,11.22,2.2643
0.62,25,flat,0.05,0.95,1.4,102,75,73.53,209.3,1209.3,8.21,1.2751
0.62,25,flat,0.05,0.95,1.5,31,23,74.19,96.4,1096.4,12.44,1.0443
0.62,25,flat,0.05,0.95,1.6,0,0,0.0,0.0,1000.0,0.0,0.0
0.62,25,flat,0.05,0.98,1.1,155,120,77.42,535.63,1535.63,13.82,2.7836
0.62,25,flat,0.05,0.98,1.2,155,120,77.42,535.63,1535.63,13.82,2.7836
0.62,25,flat,0.05,0.98,1.3,151,116,76.82,507.56,1507.56,13.45,2.6396
0.62,25,flat,0.05,0.98,1.4,128,97,75.78,429.78,1429.78,13.43,2.3635
0.62,25,flat,0.05,0.98,1.5,67,49,73.13,215.14,1215.14,12.84,1.5366
0.62,25,flat,0.05,0.98,1.6,0,0,0.0,0.0,1000.0,0.0,0.0
0.62,25,flat,0.05,1.0,1.1,155,120,77.42,625.64,1625.64,16.15,3.1864
0.62,25,flat,0.05,1.0,1.2,155,120,77.42,625.64,1625.64,16.15,3.1864
0.62,25,flat,0.05,1.0,1.3,154,119,77.27,618.47,1618.47,16.06,3.1503
0.62,25,flat,0.05,1.0,1.4,142,110,77.46,613.78,1613.78,17.29,3.2446
0.62,25,flat,0.05,1.0,1.5,84,61,72.62,283.74,1283.74,13.51,1.7754
0.62,25,flat,0.05,1.0,1.6,11,10,90.91,126.27,1126.27,45.92,3.3002
0.62,30,flat,0.05,0.85,1.1,154,119,77.27,-62.16,937.84,-1.35,-0.3104
0.62,30,flat,0.05,0.85,1.2,137,106,77.37,-6.08,993.92,-0.15,-0.032
0.62,30,flat,0.05,0.85,1.3,68,49,72.06,-72.71,927.29,-3.56,-0.4892
0.62,30,flat,0.05,0.85,1.4,0,0,0.0,0.0,1000.0,0.0,0.0
0.62,30,flat,0.05,0.85,1.5,0,0,0.0,0.0,1000.0,0.0,0.0
0.62,30,flat,0.05,0.85,1.6,0,0,0.0,0.0,1000.0,0.0,0.0
0.62,30,flat,0.05,0.9,1.1,155,120,77.42,210.69,1210.69,4.53,0.9936
0.62,30,flat,0.05,0.9,1.2,149,115,77.18,213.56,1213.56,4.78,1.0193
0.62,30,flat,0.05,0.9,1.3,122,91,74.59,107.56,1107.56,2.94,0.5391
0.62,30,flat,0.05,0.9,1.4,50,38,76.0,125.22,1125.22,8.35,0.9693
0.62,30,flat,0.05,0.9,1.5,0,0,0.0,0.0,1000.0,0.0,0.0
0.62,30,flat,0.05,0.9,1.6,0,0,0.0,0.0,1000.0,0.0,0.0
0.62,30,flat,0.05,0.95,1.1,155,120,77.42,480.73,1480.73,10.34,2.1477
0.62,30,flat,0.05,0.95,1.2,155,120,77.42,480.73,1480.73,10.34,2.1477
0.62,30,flat,0.05,0.95,1.3,147,114,77.55,494.91,1494.91,11.22,2.2643
0.62,30,flat,0.05,0.95,1.4,102,75,73.53,251.16,1251.16,8.21,1.2751
0.62,30,flat,0.05,0.95,1.5,31,23,74.19,115.68,1115.68,12.44,1.0443
0.62,30,flat,0.05,0.95,1.6,0,0,0.0,0.0,1000.0,0.0,0.0
0.62,30,flat,0.05,0.98,1.1,155,120,77.42,642.75,1642.75,13.82,2.7836
0.62,30,flat,0.05,0.98,1.2,155,120,77.42,642.75,1642.75,13.82,2.7836
0.62,30,flat,0.05,0.98,1.3,151,116,76.82,609.07,1609.07,13.45,2.6396
0.62,30,flat,0.05,0.98,1.4,128,97,75.78,515.74,1515.74,13.43,2.3635
0.62,30,flat,0.05,0.98,1.5,67,49,73.13,258.17,1258.17,12.84,1.5366
0.62,30,flat,0.05,0.98,1.6,0,0,0.0,0.0,1000.0,0.0,0.0
0.62,30,flat,0.05,1.0,1.1,155,120,77.42,750.77,1750.77,16.15,3.1864
0.62,30,flat,0.05,1.0,1.2,155,120,77.42,750.77,1750.77,16.15,3.1864
0.62,30,flat,0.05,1.0,1.3,154,119,77.27,742.17,1742.17,16.06,3.1503
0.62,30,flat,0.05,1.0,1.4,142,110,77.46,736.54,1736.54,17.29,3.2446
0.62,30,flat,0.05,1.0,1.5,84,61,72.62,340.49,1340.49,13.51,1.7754
0.62,30,flat,0.05,1.0,1.6,11,10,90.91,151.52,1151.52,45.92,3.3002
0.62,50,flat,0.05,0.85,1.1,154,119,77.27,-103.6,896.4,-1.35,-0.3104
0.62,50,flat,0.05,0.85,1.2,137,106,77.37,-10.14,989.86,-0.15,-0.032
0.62,50,flat,0.05,0.85,1.3,68,49,72.06,-121.18,878.82,-3.56,-0.4892
0.62,50,flat,0.05,0.85,1.4,0,0,0.0,0.0,1000.0,0.0,0.0
0.62,50,flat,0.05,0.85,1.5,0,0,0.0,0.0,1000.0,0.0,0.0
0.62,50,flat,0.05,0.85,1.6,0,0,0.0,0.0,1000.0,0.0,0.0
0.62,50,flat,0.05,0.9,1.1,155,120,77.42,351.15,1351.15,4.53,0.9936
0.62,50,flat,0.05,0.9,1.2,149,115,77.18,355.94,1355.94,4.78,1.0193
0.62,50,flat,0.05,0.9,1.3,122,91,74.59,179.27,1179.27,2.94,0.5391
0.62,50,flat,0.05,0.9,1.4,50,38,76.0,208.7,1208.7,8.35,0.9693
0.62,50,flat,0.05,0.9,1.5,0,0,0.0,0.0,1000.0,0.0,0.0
0.62,50,flat,0.05,0.9,1.6,0,0,0.0,0.0,1000.0,0.0,0.0
0.62,50,flat,0.05,0.95,1.1,155,120,77.42,801.22,1801.22,10.34,2.1477
0.62,50,flat,0.05,0.95,1.2,155,120,77.42,801.22,1801.22,10.34,2.1477
0.62,50,flat,0.05,0.95,1.3,147,114,77.55,824.86,1824.86,11.22,2.2643
0.62,50,flat,0.05,0.95,1.4,102,75,73.53,418.6,1418.6,8.21,1.2751
0.62,50,flat,0.05,0.95,1.5,31,23,74.19,192.8,1192.8,12.44,1.0443
0.62,50,flat,0.05,0.95,1.6,0,0,0.0,0.0,1000.0,0.0,0.0
0.62,50,flat,0.05,0.98,1.1,155,120,77.42,1071.25,2071.25,13.82,2.7836
0.62,50,flat,0.05,0.98,1.2,155,120,77.42,1071.25,2071.25,13.82,2.7836
0.62,50,flat,0.05,0.98,1.3,151,116,76.82,1015.11,2015.11,13.45,2.6396
0.62,50,flat,0.05,0.98,1.4,128,97,75.78,859.56,1859.56,13.43,2.3635
0.62,50,flat,0.05,0.98,1.5,67,49,73.13,430.29,1430.29,12.84,1.5366
0.62,50,flat,0.05,0.98,1.6,0,0,0.0,0.0,1000.0,0.0,0.0
0.62,50,flat,0.05,1.0,1.1,155,120,77.42,1251.28,2251.28,16.15,3.1864
0.62,50,flat,0.05,1.0,1.2,155,120,77.42,1251.28,2251.28,16.15,3.1864
0.62,50,flat,0.05,1.0,1.3,154,119,77.27,1236.94,2236.94,16.06,3.1503
0.62,50,flat,0.05,1.0,1.4,142,110,77.46,1227.57,2227.57,17.29,3.2446
0.62,50,flat,0.05,1.0,1.5,84,61,72.62,567.48,1567.48,13.51,1.7754
0.62,50,flat,0.05,1.0,1.6,11,10,90.91,252.54,1252.54,45.92,3.3002
0.65,10,flat,0.05,0.85,1.1,94,74,78.72,-24.35,975.65,-2.59,-0.4943
0.65,10,flat,0.05,0.85,1.2,77,61,79.22,-5.65,994.35,-0.73,-0.1266
0.65,10,flat,0.05,0.85,1.3,8,4,50.0,-27.86,972.14,-34.83,-1.5115
0.65,10,flat,0.05,0.85,1.4,0,0,0.0,0.0,1000.0,0.0,0.0
0.65,10,flat,0.05,0.85,1.5,0,0,0.0,0.0,1000.0,0.0,0.0
0.65,10,flat,0.05,0.85,1.6,0,0,0.0,0.0,1000.0,0.0,0.0
0.65,10,flat,0.05,0.9,1.1,95,75,78.95,31.1,1031.1,3.27,0.5961
0.65,10,flat,0.05,0.9,1.2,89,70,78.65,32.05,1032.05,3.6,0.6282
0.65,10,flat,0.05,0.9,1.3,62,46,74.19,-3.28,996.72,-0.53,-0.071
0.65,10,flat,0.05,0.9,1.4,0,0,0.0,0.0,1000.0,0.0,0.0
0.65,10,flat,0.05,0.9,1.5,0,0,0.0,0.0,1000.0,0.0,0.0
0.65,10,flat,0.05,0.9,1.6,0,0,0.0,0.0,1000.0,0.0,0.0
0.65,10,flat,0.05,0.95,1.1,95,75,78.95,85.6,1085.6,9.01,1.5545
0.65,10,flat,0.05,0.95,1.2,95,75,78.95,85.6,1085.6,9.01,1.5545
0.65,10,flat,0.05,0.95,1.3,87,69,79.31,90.33,1090.33,10.38,1.7143
0.65,10,flat,0.05,0.95,1.4,42,30,71.43,9.08,1009.08,2.16,0.2167
0.65,10,flat,0.05,0.95,1.5,0,0,0.0,0.0,1000.0,0.0,0.0
0.65,10,flat,0.05,0.95,1.6,0,0,0.0,0.0,1000.0,0.0,0.0
0.65,10,flat,0.05,0.98,1.1,95,75,78.95,118.3,1118.3,12.45,2.0826
0.65,10,flat,0.05,0.98,1.2,95,75,78.95,118.3,1118.3,12.45,2.0826
0.65,10,flat,0.05,0.98,1.3,91,71,78.02,107.08,1107.08,11.77,1.888
0.65,10,flat,0.05,0.98,1.4,68,52,76.47,75.97,1075.97,11.17,1.4925
0.65,10,flat,0.05,0.98,1.5,7,4,57.14,-9.89,990.11,-14.13,-0.5026
0.65,10,flat,0.05,0.98,1.6,0,0,0.0,0.0,1000.0,0.0,0.0
0.65,10,flat,0.05,1.0,1.1,95,75,78.95,140.11,1140.11,14.75,2.4171
0.65,10,flat,0.05,1.0,1.2,95,75,78.95,140.11,1140.11,14.75,2.4171
0.65,10,flat,0.05,1.0,1.3,94,74,78.72,137.24,1137.24,14.6,2.3683
0.65,10,flat,0.05,1.0,1.4,82,65,79.27,135.36,1135.36,16.51,2.5046
0.65,10,flat,0.05,1.0,1.5,24,16,66.67,3.35,1003.35,1.39,0.0953
0.65,10,flat,0.05,1.0,1.6,0,0,0.0,0.0,1000.0,0.0,0.0
0.65,15,flat,0.05,0.85,1.1,94,74,78.72,-36.52,963.48,-2.59,-0.4943
0.65,15,flat,0.05,0.85,1.2,77,61,79.22,-8.48,991.52,-0.73,-0.1266
0.65,15,flat,0.05,0.85,1.3,8,4,50.0,-41.79,958.21,-34.83,-1.5115
0.65,15,flat,0.05,0.85,1.4,0,0,0.0,0.0,1000.0,0.0,0.0
0.65,15,flat,0.05,0.85,1.5,0,0,0.0,0.0,1000.0,0.0,0.0
0.65,15,flat,0.05,0.85,1.6,0,0,0.0,0.0,1000.0,0.0,0.0
0.65,15,flat,0.05,0.9,1.1,95,75,78.95,46.64,1046.64,3.27,0.5961
0.65,15,flat,0.05,0.9,1.2,89,70,78.65,48.08,1048.08,3.6,0.6282
0.65,15,flat,0.05,0.9,1.3,62,46,74.19,-4.92,995.08,-0.53,-0.071
0.65,15,flat,0.05,0.9,1.4,0,0,0.0,0.0,1000.0,0.0,0.0
0.65,15,flat,0.05,0.9,1.5,0,0,0.0,0.0,1000.0,0.0,0.0
0.65,15,flat,0.05,0.9,1.6,0,0,0.0,0.0,1000.0,0.0,0.0
0.65,15,flat,0.05,0.95,1.1,95,75,78.95,128.4,1128.4,9.01,1.5545
0.65,15,flat,0.05,0.95,1.2,95,75,78.95,128.4,1128.4,9.01,1.5545
0.65,15,flat,0.05,0.95,1.3,87,69,79.31,135.49,1135.49,10.38,1.7143
0.65,15,flat,0.05,0.95,1.4,42,30,71.43,13.62,1013.62,2.16,0.2167
0.65,15,flat,0.05,0.95,1.5,0,0,0.0,0.0,1000.0,0.0,0.0
0.65,15,flat,0.05,0.95,1.6,0,0,0.0,0.0,1000.0,0.0,0.0
0.65,15,flat,0.05,0.98,1.1,95,75,78.95,177.46,1177.46,12.45,2.0826
0.65,15,flat,0.05,0.98,1.2,95,75,78.95,177.46,1177.46,12.45,2.0826
0.65,15,flat,0.05,0.98,1.3,91,71,78.02,160.61,1160.61,11.77,1.888
0.65,15,flat,0.05,0.98,1.4,68,52,76.47,113.95,1113.95,11.17,1.4925
0.65,15,flat,0.05,0.98,1.5,7,4,57.14,-14.83,985.17,-14.13,-0.5026
0.65,15,flat,0.05,0.98,1.6,0,0,0.0,0.0,1000.0,0.0,0.0
0.65,15,flat,0.05,1.0,1.1,95,75,78.95,210.16,1210.16,14.75,2.4171
0.65,15,flat,0.05,1.0,1.2,95,75,78.95,210.16,1210.16,14.75,2.4171
0.65,15,flat,0.05,1.0,1.3,94,74,78.72,205.86,1205.86,14.6,2.3683
0.65,15,flat,0.05,1.0,1.4,82,65,79.27,203.05,1203.05,16.51,2.5046
0.65,15,flat,0.05,1.0,1.5,24,16,66.67,5.02,1005.02,1.39,0.0953
0.65,15,flat,0.05,1.0,1.6,0,0,0.0,0.0,1000.0,0.0,0.0
0.65,20,flat,0.05,0.85,1.1,94,74,78.72,-48.69,951.31,-2.59,-0.4943
0.65,20,flat,0.05,0.85,1.2,77,61,79.22,-11.31,988.69,-0.73,-0.1266
0.65,20,flat,0.05,0.85,1.3,8,4,50.0,-55.73,944.27,-34.83,-1.5115
0.65,20,flat,0.05,0.85,1.4,0,0,0.0,0.0,1000.0,0.0,0.0
0.65,20,flat,0.05,0.85,1.5,0,0,0.0,0.0,1000.0,0.0,0.0
0.65,20,flat,0.05,0.85,1.6,0,0,0.0,0.0,1000.0,0.0,0.0
0.65,20,flat,0.05,0.9,1.1,95,75,78.95,62.19,1062.19,3.27,0.5961
0.65,20,flat,0.05,0.9,1.2,89,70,78.65,64.11,1064.11,3.6,0.6282
0.65,20,flat,0.05,0.9,1.3,62,46,74.19,-6.56,993.44,-0.53,-0.071
0.65,20,flat,0.05,0.9,1.4,0,0,0.0,0.0,1000.0,0.0,0.0
0.65,20,flat,0.05,0.9,1.5,0,0,0.0,0.0,1000.0,0.0,0.0
0.65,20,flat,0.05,0.9,1.6,0,0,0.0,0.0,1000.0,0.0,0.0
0.65,20,flat,0.05,0.95,1.1,95,75,78.95,171.2,1171.2,9.01,1.5545
0.65,20,flat,0.05,0.95,1.2,95,75,78.95,171.2,1171.2,9.01,1.5545
0.65,20,flat,0.05,0.95,1.3,87,69,79.31,180.66,1180.66,10.38,1.7143
0.65,20,flat,0.05,0.95,1.4,42,30,71.43,18.16,1018.16,2.16,0.2167
0.65,20,flat,0.05,0.95,1.5,0,0,0.0,0.0,1000.0,0.0,0.0
0.65,20,flat,0.05,0.95,1.6,0,0,0.0,0.0,1000.0,0.0,0.0
0.65,20,flat,0.05,0.98,1.1,95,75,78.95,236.61,1236.61,12.45,2.0826
0.65,20,flat,0.05,0.98,1.2,95,75,78.95,236.61,1236.61,12.45,2.0826
0.65,20,flat,0.05,0.98,1.3,91,71,78.02,214.15,1214.15,11.77,1.888
0.65,20,flat,0.05,0.98,1.4,68,52,76.47,151.93,1151.93,11.17,1.4925
0.65,20,flat,0.05,0.98,1.5,7,4,57.14,-19.78,980.22,-14.13,-0.5026
0.65,20,flat,0.05,0.98,1.6,0,0,0.0,0.0,1000.0,0.0,0.0
0.65,20,flat,0.05,1.0,1.1,95,75,78.95,280.21,1280.21,14.75,2.4171
0.65,20,flat,0.05,1.0,1.2,95,75,78.95,280.21,1280.21,14.75,2.4171
0.65,20,flat,0.05,1.0,1.3,94,74,78.72,274.48,1274.48,14.6,2.3683
0.65,20,flat,0.05,1.0,1.4,82,65,79.27,270.73,1270.73,16.51,2.5046
0.65,20,flat,0.05,1.0,1.5,24,16,66.67,6.69,1006.69,1.39,0.0953
0.65,20,flat,0.05,1.0,1.6,0,0,0.0,0.0,1000.0,0.0,0.0
0.65,25,flat,0.05,0.85,1.1,94,74,78.72,-60.87,939.13,-2.59,-0.4943
0.65,25,flat,0.05,0.85,1.2,77,61,79.22,-14.14,985.86,-0.73,-0.1266
0.65,25,flat,0.05,0.85,1.3,8,4,50.0,-69.66,930.34,-34.83,-1.5115
0.65,25,flat,0.05,0.85,1.4,0,0,0.0,0.0,1000.0,0.0,0.0
0.65,25,flat,0.05,0.85,1.5,0,0,0.0,0.0,1000.0,0.0,0.0
0.65,25,flat,0.05,0.85,1.6,0,0,0.0,0.0,1000.0,0.0,0.0
0.65,25,flat,0.05,0.9,1.1,95,75,78.95,77.74,1077.74,3.27,0.5961
0.65,25,flat,0.05,0.9,1.2,89,70,78.65,80.13,1080.13,3.6,0.6282
0.65,25,flat,0.05,0.9,1.3,62,46,74.19,-8.2,991.8,-0.53,-0.071
0.65,25,flat,0.05,0.9,1.4,0,0,0.0,0.0,1000.0,0.0,0.0
0.65,25,flat,0.05,0.9,1.5,0,0,0.0,0.0,1000.0,0.0,0.0
0.65,25,flat,0.05,0.9,1.6,0,0,0.0,0.0,1000.0,0.0,0.0
0.65,25,flat,0.05,0.95,1.1,95,75,78.95,214.0,1214.0,9.01,1.5545
0.65,25,flat,0.05,0.95,1.2,95,75,78.95,214.0,1214.0,9.01,1.5545
0.65,25,flat,0.05,0.95,1.3,87,69,79.31,225.82,1225.82,10.38,1.7143
0.65,25,flat,0.05,0.95,1.4,42,30,71.43,22.7,1022.7,2.16,0.2167
0.65,25,flat,0.05,0.95,1.5,0,0,0.0,0.0,1000.0,0.0,0.0
0.65,25,flat,0.05,0.95,1.6,0,0,0.0,0.0,1000.0,0.0,0.0
0.65,25,flat,0.05,0.98,1.1,95,75,78.95,295.76,1295.76,12.45,2.0826
0.65,25,flat,0.05,0.98,1.2,95,75,78.95,295.76,1295.76,12.45,2.0826
0.65,25,flat,0.05,0.98,1.3,91,71,78.02,267.69,1267.69,11.77,1.888
0.65,25,flat,0.05,0.98,1.4,68,52,76.47,189.91,1189.91,11.17,1.4925
0.65,25,flat,0.05,0.98,1.5,7,4,57.14,-24.72,975.28,-14.13,-0.5026
0.65,25,flat,0.05,0.98,1.6,0,0,0.0,0.0,1000.0,0.0,0.0
0.65,25,flat,0.05,1.0,1.1,95,75,78.95,350.27,1350.27,14.75,2.4171
0.65,25,flat,0.05,1.0,1.2,95,75,78.95,350.27,1350.27,14.75,2.4171
0.65,25,flat,0.05,1.0,1.3,94,74,78.72,343.1,1343.1,14.6,2.3683
0.65,25,flat,0.05,1.0,1.4,82,65,79.27,338.41,1338.41,16.51,2.5046
0.65,25,flat,0.05,1.0,1.5,24,16,66.67,8.36,1008.36,1.39,0.0953
0.65,25,flat,0.05,1.0,1.6,0,0,0.0,0.0,1000.0,0.0,0.0
0.65,30,flat,0.05,0.85,1.1,94,74,78.72,-73.04,926.96,-2.59,-0.4943
0.65,30,flat,0.05,0.85,1.2,77,61,79.22,-16.96,983.04,-0.73,-0.1266
0.65,30,flat,0.05,0.85,1.3,8,4,50.0,-83.59,916.41,-34.83,-1.5115
0.65,30,flat,0.05,0.85,1.4,0,0,0.0,0.0,1000.0,0.0,0.0
0.65,30,flat,0.05,0.85,1.5,0,0,0.0,0.0,1000.0,0.0,0.0
0.65,30,flat,0.05,0.85,1.6,0,0,0.0,0.0,1000.0,0.0,0.0
0.65,30,flat,0.05,0.9,1.1,95,75,78.95,93.29,1093.29,3.27,0.5961
0.65,30,flat,0.05,0.9,1.2,89,70,78.65,96.16,1096.16,3.6,0.6282
0.65,30,flat,0.05,0.9,1.3,62,46,74.19,-9.84,990.16,-0.53,-0.071
0.65,30,flat,0.05,0.9,1.4,0,0,0.0,0.0,1000.0,0.0,0.0
0.65,30,flat,0.05,0.9,1.5,0,0,0.0,0.0,1000.0,0.0,0.0
0.65,30,flat,0.05,0.9,1.6,0,0,0.0,0.0,1000.0,0.0,0.0
0.65,30,flat,0.05,0.95,1.1,95,75,78.95,256.8,1256.8,9.01,1.5545
0.65,30,flat,0.05,0.95,1.2,95,75,78.95,256.8,1256.8,9.01,1.5545
0.65,30,flat,0.05,0.95,1.3,87,69,79.31,270.99,1270.99,10.38,1.7143
0.65,30,flat,0.05,0.95,1.4,42,30,71.43,27.24,1027.24,2.16,0.2167
0.65,30,flat,0.05,0.95,1.5,0,0,0.0,0.0,1000.0,0.0,0.0
0.65,30,flat,0.05,0.95,1.6,0,0,0.0,0.0,1000.0,0.0,0.0
0.65,30,flat,0.05,0.98,1.1,95,75,78.95,354.91,1354.91,12.45,2.0826
0.65,30,flat,0.05,0.98,1.2,95,75,78.95,354.91,1354.91,12.45,2.0826
0.65,30,flat,0.05,0.98,1.3,91,71,78.02,321.23,1321.23,11.77,1.888
0.65,30,flat,0.05,0.98,1.4,68,52,76.47,227.9,1227.9,11.17,1.4925
0.65,30,flat,0.05,0.98,1.5,7,4,57.14,-29.67,970.33,-14.13,-0.5026
0.65,30,flat,0.05,0.98,1.6,0,0,0.0,0.0,1000.0,0.0,0.0
0.65,30,flat,0.05,1.0,1.1,95,75,78.95,420.32,1420.32,14.75,2.4171
0.65,30,flat,0.05,1.0,1.2,95,75,78.95,420.32,1420.32,14.75,2.4171
0.65,30,flat,0.05,1.0,1.3,94,74,78.72,411.72,1411.72,14.6,2.3683
0.65,30,flat,0.05,1.0,1.4,82,65,79.27,406.09,1406.09,16.51,2.5046
0.65,30,flat,0.05,1.0,1.5,24,16,66.67,10.04,1010.04,1.39,0.0953
0.65,30,flat,0.05,1.0,1.6,0,0,0.0,0.0,1000.0,0.0,0.0
0.65,50,flat,0.05,0.85,1.1,94,74,78.72,-121.73,878.27,-2.59,-0.4943
0.65,50,flat,0.05,0.85,1.2,77,61,79.22,-28.27,971.73,-0.73,-0.1266
0.65,50,flat,0.05,0.85,1.3,8,4,50.0,-139.31,860.69,-34.83,-1.5115
0.65,50,flat,0.05,0.85,1.4,0,0,0.0,0.0,1000.0,0.0,0.0
0.65,50,flat,0.05,0.85,1.5,0,0,0.0,0.0,1000.0,0.0,0.0
0.65,50,flat,0.05,0.85,1.6,0,0,0.0,0.0,1000.0,0.0,0.0
0.65,50,flat,0.05,0.9,1.1,95,75,78.95,155.48,1155.48,3.27,0.5961
0.65,50,flat,0.05,0.9,1.2,89,70,78.65,160.26,1160.26,3.6,0.6282
0.65,50,flat,0.05,0.9,1.3,62,46,74.19,-16.41,983.59,-0.53,-0.071
0.65,50,flat,0.05,0.9,1.4,0,0,0.0,0.0,1000.0,0.0,0.0
0.65,50,flat,0.05,0.9,1.5,0,0,0.0,0.0,1000.0,0.0,0.0
0.65,50,flat,0.05,0.9,1.6,0,0,0.0,0.0,1000.0,0.0,0.0
0.65,50,flat,0.05,0.95,1.1,95,75,78.95,428.0,1428.0,9.01,1.5545
0.65,50,flat,0.05,0.95,1.2,95,75,78.95,428.0,1428.0,9.01,1.5545
0.65,50,flat,0.05,0.95,1.3,87,69,79.31,451.64,1451.64,10.38,1.7143
0.65,50,flat,0.05,0.95,1.4,42,30,71.43,45.39,1045.39,2.16,0.2167
0.65,50,flat,0.05,0.95,1.5,0,0,0.0,0.0,1000.0,0.0,0.0
0.65,50,flat,0.05,0.95,1.6,0,0,0.0,0.0,1000.0,0.0,0.0
0.65,50,flat,0.05,0.98,1.1,95,75,78.95,591.52,1591.52,12.45,2.0826
0.65,50,flat,0.05,0.98,1.2,95,75,78.95,591.52,1591.52,12.45,2.0826
0.65,50,flat,0.05,0.98,1.3,91,71,78.02,535.38,1535.38,11.77,1.888
0.65,50,flat,0.05,0.98,1.4,68,52,76.47,379.83,1379.83,11.17,1.4925
0.65,50,flat,0.05,0.98,1.5,7,4,57.14,-49.44,950.56,-14.13,-0.5026
0.65,50,flat,0.05,0.98,1.6,0,0,0.0,0.0,1000.0,0.0,0.0
0.65,50,flat,0.05,1.0,1.1,95,75,78.95,700.53,1700.53,14.75,2.4171
0.65,50,flat,0.05,1.0,1.2,95,75,78.95,700.53,1700.53,14.75,2.4171
0.65,50,flat,0.05,1.0,1.3,94,74,78.72,686.2,1686.2,14.6,2.3683
0.65,50,flat,0.05,1.0,1.4,82,65,79.27,676.82,1676.82,16.51,2.5046
0.65,50,flat,0.05,1.0,1.5,24,16,66.67,16.73,1016.73,1.39,0.0953
0.65,50,flat,0.05,1.0,1.6,0,0,0.0,0.0,1000.0,0.0,0.0
0.7,10,flat,0.05,0.85,1.1,26,22,84.62,-0.03,999.97,-0.01,-0.0014
0.7,10,flat,0.05,0.85,1.2,9,9,100.0,18.66,1018.66,20.74,183.0211
0.7,10,flat,0.05,0.85,1.3,0,0,0.0,0.0,1000.0,0.0,0.0
0.7,10,flat,0.05,0.85,1.4,0,0,0.0,0.0,1000.0,0.0,0.0
0.7,10,flat,0.05,0.85,1.5,0,0,0.0,0.0,1000.0,0.0,0.0
0.7,10,flat,0.05,0.85,1.6,0,0,0.0,0.0,1000.0,0.0,0.0
0.7,10,flat,0.05,0.9,1.1,27,23,85.19,16.84,1016.84,6.24,0.7293
0.7,10,flat,0.05,0.9,1.2,21,18,85.71,17.8,1017.8,8.48,0.8766
0.7,10,flat,0.05,0.9,1.3,0,0,0.0,0.0,1000.0,0.0,0.0
0.7,10,flat,0.05,0.9,1.4,0,0,0.0,0.0,1000.0,0.0,0.0
0.7,10,flat,0.05,0.9,1.5,0,0,0.0,0.0,1000.0,0.0,0.0
0.7,10,flat,0.05,0.9,1.6,0,0,0.0,0.0,1000.0,0.0,0.0
0.7,10,flat,0.05,0.95,1.1,27,23,85.19,32.78,1032.78,12.14,1.3446
0.7,10,flat,0.05,0.95,1.2,27,23,85.19,32.78,1032.78,12.14,1.3446
0.7,10,flat,0.05,0.95,1.3,19,17,89.47,37.51,1037.51,19.74,2.094
0.7,10,flat,0.05,0.95,1.4,0,0,0.0,0.0,1000.0,0.0,0.0
0.7,10,flat,0.05,0.95,1.5,0,0,0.0,0.0,1000.0,0.0,0.0
0.7,10,flat,0.05,0.95,1.6,0,0,0.0,0.0,1000.0,0.0,0.0
0.7,10,flat,0.05,0.98,1.1,27,23,85.19,42.34,1042.34,15.68,1.6837
0.7,10,flat,0.05,0.98,1.2,27,23,85.19,42.34,1042.34,15.68,1.6837
0.7,10,flat,0.05,0.98,1.3,23,19,82.61,31.11,1031.11,13.53,1.2444
0.7,10,flat,0.05,0.98,1.4,0,0,0.0,0.0,1000.0,0.0,0.0
0.7,10,flat,0.05,0.98,1.5,0,0,0.0,0.0,1000.0,0.0,0.0
0.7,10,flat,0.05,0.98,1.6,0,0,0.0,0.0,1000.0,0.0,0.0
0.7,10,flat,0.05,1.0,1.1,27,23,85.19,48.71,1048.71,18.04,1.8984
0.7,10,flat,0.05,1.0,1.2,27,23,85.19,48.71,1048.71,18.04,1.8984
0.7,10,flat,0.05,1.0,1.3,26,22,84.62,45.85,1045.85,17.63,1.7883
0.7,10,flat,0.05,1.0,1.4,14,13,92.86,43.97,1043.97,31.41,3.2235
0.7,10,flat,0.05,1.0,1.5,0,0,0.0,0.0,1000.0,0.0,0.0
0.7,10,flat,0.05,1.0,1.6,0,0,0.0,0.0,1000.0,0.0,0.0
0.7,15,flat,0.05,0.85,1.1,26,22,84.62,-0.05,999.95,-0.01,-0.0014
0.7,15,flat,0.05,0.85,1.2,9,9,100.0,27.99,1027.99,20.74,183.0211
0.7,15,flat,0.05,0.85,1.3,0,0,0.0,0.0,1000.0,0.0,0.0
0.7,15,flat,0.05,0.85,1.4,0,0,0.0,0.0,1000.0,0.0,0.0
0.7,15,flat,0.05,0.85,1.5,0,0,0.0,0.0,1000.0,0.0,0.0
0.7,15,flat,0.05,0.85,1.6,0,0,0.0,0.0,1000.0,0.0,0.0
0.7,15,flat,0.05,0.9,1.1,27,23,85.19,25.26,1025.26,6.24,0.7293
0.7,15,flat,0.05,0.9,1.2,21,18,85.71,26.7,1026.7,8.48,0.8766
0.7,15,flat,0.05,0.9,1.3,0,0,0.0,0.0,1000.0,0.0,0.0
0.7,15,flat,0.05,0.9,1.4,0,0,0.0,0.0,1000.0,0.0,0.0
0.7,15,flat,0.05,0.9,1.5,0,0,0.0,0.0,1000.0,0.0,0.0
0.7,15,flat,0.05,0.9,1.6,0,0,0.0,0.0,1000.0,0.0,0.0
0.7,15,flat,0.05,0.95,1.1,27,23,85.19,49.17,1049.17,12.14,1.3446
0.7,15,flat,0.05,0.95,1.2,27,23,85.19,49.17,1049.17,12.14,1.3446
0.7,15,flat,0.05,0.95,1.3,19,17,89.47,56.26,1056.26,19.74,2.094
0.7,15,flat,0.05,0.95,1.4,0,0,0.0,0.0,1000.0,0.0,0.0
0.7,15,flat,0.05,0.95,1.5,0,0,0.0,0.0,1000.0,0.0,0.0
0.7,15,flat,0.05,0.95,1.6,0,0,0.0,0.0,1000.0,0.0,0.0
0.7,15,flat,0.05,0.98,1.1,27,23,85.19,63.51,1063.51,15.68,1.6837
0.7,15,flat,0.05,0.98,1.2,27,23,85.19,63.51,1063.51,15.68,1.6837
0.7,15,flat,0.05,0.98,1.3,23,19,82.61,46.67,1046.67,13.53,1.2444
0.7,15,flat,0.05,0.98,1.4,0,0,0.0,0.0,1000.0,0.0,0.0
0.7,15,flat,0.05,0.98,1.5,0,0,0.0,0.0,1000.0,0.0,0.0
0.7,15,flat,0.05,0.98,1.6,0,0,0.0,0.0,1000.0,0.0,0.0
0.7,15,flat,0.05,1.0,1.1,27,23,85.19,73.07,1073.07,18.04,1.8984
0.7,15,flat,0.05,1.0,1.2,27,23,85.19,73.07,1073.07,18.04,1.8984
0.7,15,flat,0.05,1.0,1.3,26,22,84.62,68.77,1068.77,17.63,1.7883
0.7,15,flat,0.05,1.0,1.4,14,13,92.86,65.96,1065.96,31.41,3.2235
0.7,15,flat,0.05,1.0,1.5,0,0,0.0,0.0,1000.0,0.0,0.0
0.7,15,flat,0.05,1.0,1.6,0,0,0.0,0.0,1000.0,0.0,0.0
0.7,20,flat,0.05,0.85,1.1,26,22,84.62,-0.06,999.94,-0.01,-0.0014
0.7,20,flat,0.05,0.85,1.2,9,9,100.0,37.32,1037.32,20.74,183.0211
0.7,20,flat,0.05,0.85,1.3,0,0,0.0,0.0,1000.0,0.0,0.0
0.7,20,flat,0.05,0.85,1.4,0,0,0.0,0.0,1000.0,0.0,0.0
0.7,20,flat,0.05,0.85,1.5,0,0,0.0,0.0,1000.0,0.0,0.0
0.7,20,flat,0.05,0.85,1.6,0,0,0.0,0.0,1000.0,0.0,0.0
0.7,20,flat,0.05,0.9,1.1,27,23,85.19,33.68,1033.68,6.24,0.7293
0.7,20,flat,0.05,0.9,1.2,21,18,85.71,35.6,1035.6,8.48,0.8766
0.7,20,flat,0.05,0.9,1.3,0,0,0.0,0.0,1000.0,0.0,0.0
0.7,20,flat,0.05,0.9,1.4,0,0,0.0,0.0,1000.0,0.0,0.0
0.7,20,flat,0.05,0.9,1.5,0,0,0.0,0.0,1000.0,0.0,0.0
0.7,20,flat,0.05,0.9,1.6,0,0,0.0,0.0,1000.0,0.0,0.0
0.7,20,flat,0.05,0.95,1.1,27,23,85.19,65.55,1065.55,12.14,1.3446
0.7,20,flat,0.05,0.95,1.2,27,23,85.19,65.55,1065.55,12.14,1.3446
0.7,20,flat,0.05,0.95,1.3,19,17,89.47,75.01,1075.01,19.74,2.094
0.7,20,flat,0.05,0.95,1.4,0,0,0.0,0.0,1000.0,0.0,0.0
0.7,20,flat,0.05,0.95,1.5,0,0,0.0,0.0,1000.0,0.0,0.0
0.7,20,flat,0.05,0.95,1.6,0,0,0.0,0.0,1000.0,0.0,0.0
0.7,20,flat,0.05,0.98,1.1,27,23,85.19,84.68,1084.68,15.68,1.6837
0.7,20,flat,0.05,0.98,1.2,27,23,85.19,84.68,1084.68,15.68,1.6837
0.7,20,flat,0.05,0.98,1.3,23,19,82.61,62.22,1062.22,13.53,1.2444
0.7,20,flat,0.05,0.98,1.4,0,0,0.0,0.0,1000.0,0.0,0.0
0.7,20,flat,0.05,0.98,1.5,0,0,0.0,0.0,1000.0,0.0,0.0
0.7,20,flat,0.05,0.98,1.6,0,0,0.0,0.0,1000.0,0.0,0.0
0.7,20,flat,0.05,1.0,1.1,27,23,85.19,97.43,1097.43,18.04,1.8984
0.7,20,flat,0.05,1.0,1.2,27,23,85.19,97.43,1097.43,18.04,1.8984
0.7,20,flat,0.05,1.0,1.3,26,22,84.62,91.69,1091.69,17.63,1.7883
0.7,20,flat,0.05,1.0,1.4,14,13,92.86,87.94,1087.94,31.41,3.2235
0.7,20,flat,0.05,1.0,1.5,0,0,0.0,0.0,1000.0,0.0,0.0
0.7,20,flat,0.05,1.0,1.6,0,0,0.0,0.0,1000.0,0.0,0.0
0.7,25,flat,0.05,0.85,1.1,26,22,84.62,-0.08,999.92,-0.01,-0.0014
0.7,25,flat,0.05,0.85,1.2,9,9,100.0,46.65,1046.65,20.74,183.0211
0.7,25,flat,0.05,0.85,1.3,0,0,0.0,0.0,1000.0,0.0,0.0
0.7,25,flat,0.05,0.85,1.4,0,0,0.0,0.0,1000.0,0.0,0.0
0.7,25,flat,0.05,0.85,1.5,0,0,0.0,0.0,1000.0,0.0,0.0
0.7,25,flat,0.05,0.85,1.6,0,0,0.0,0.0,1000.0,0.0,0.0
0.7,25,flat,0.05,0.9,1.1,27,23,85.19,42.1,1042.1,6.24,0.7293
0.7,25,flat,0.05,0.9,1.2,21,18,85.71,44.5,1044.5,8.48,0.8766
0.7,25,flat,0.05,0.9,1.3,0,0,0.0,0.0,1000.0,0.0,0.0
0.7,25,flat,0.05,0.9,1.4,0,0,0.0,0.0,1000.0,0.0,0.0
0.7,25,flat,0.05,0.9,1.5,0,0,0.0,0.0,1000.0,0.0,0.0
0.7,25,flat,0.05,0.9,1.6,0,0,0.0,0.0,1000.0,0.0,0.0
0.7,25,flat,0.05,0.95,1.1,27,23,85.19,81.94,1081.94,12.14,1.3446
0.7,25,flat,0.05,0.95,1.2,27,23,85.19,81.94,1081.94,12.14,1.3446
0.7,25,flat,0.05,0.95,1.3,19,17,89.47,93.76,1093.76,19.74,2.094
0.7,25,flat,0.05,0.95,1.4,0,0,0.0,0.0,1000.0,0.0,0.0
0.7,25,flat,0.05,0.95,1.5,0,0,0.0,0.0,1000.0,0.0,0.0
0.7,25,flat,0.05,0.95,1.6,0,0,0.0,0.0,1000.0,0.0,0.0
0.7,25,flat,0.05,0.98,1.1,27,23,85.19,105.85,1105.85,15.68,1.6837
0.7,25,flat,0.05,0.98,1.2,27,23,85.19,105.85,1105.85,15.68,1.6837
0.7,25,flat,0.05,0.98,1.3,23,19,82.61,77.78,1077.78,13.53,1.2444
0.7,25,flat,0.05,0.98,1.4,0,0,0.0,0.0,1000.0,0.0,0.0
0.7,25,flat,0.05,0.98,1.5,0,0,0.0,0.0,1000.0,0.0,0.0
0.7,25,flat,0.05,0.98,1.6,0,0,0.0,0.0,1000.0,0.0,0.0
0.7,25,flat,0.05,1.0,1.1,27,23,85.19,121.78,1121.78,18.04,1.8984
0.7,25,flat,0.05,1.0,1.2,27,23,85.19,121.78,1121.78,18.04,1.8984
0.7,25,flat,0.05,1.0,1.3,26,22,84.62,114.62,1114.62,17.63,1.7883
0.7,25,flat,0.05,1.0,1.4,14,13,92.86,109.93,1109.93,31.41,3.2235
0.7,25,flat,0.05,1.0,1.5,0,0,0.0,0.0,1000.0,0.0,0.0
0.7,25,flat,0.05,1.0,1.6,0,0,0.0,0.0,1000.0,0.0,0.0
0.7,30,flat,0.05,0.85,1.1,26,22,84.62,-0.09,999.91,-0.01,-0.0014
0.7,30,flat,0.05,0.85,1.2,9,9,100.0,55.98,1055.98,20.74,183.0211
0.7,30,flat,0.05,0.85,1.3,0,0,0.0,0.0,1000.0,0.0,0.0
0.7,30,flat,0.05,0.85,1.4,0,0,0.0,0.0,1000.0,0.0,0.0
0.7,30,flat,0.05,0.85,1.5,0,0,0.0,0.0,1000.0,0.0,0.0
0.7,30,flat,0.05,0.85,1.6,0,0,0.0,0.0,1000.0,0.0,0.0
0.7,30,flat,0.05,0.9,1.1,27,23,85.19,50.53,1050.53,6.24,0.7293
0.7,30,flat,0.05,0.9,1.2,21,18,85.71,53.4,1053.4,8.48,0.8766
0.7,30,flat,0.05,0.9,1.3,0,0,0.0,0.0,1000.0,0.0,0.0
0.7,30,flat,0.05,0.9,1.4,0,0,0.0,0.0,1000.0,0.0,0.0
0.7,30,flat,0.05,0.9,1.5,0,0,0.0,0.0,1000.0,0.0,0.0
0.7,30,flat,0.05,0.9,1.6,0,0,0.0,0.0,1000.0,0.0,0.0
0.7,30,flat,0.05,0.95,1.1,27,23,85.19,98.33,1098.33,12.14,1.3446
0.7,30,flat,0.05,0.95,1.2,27,23,85.19,98.33,1098.33,12.14,1.3446
0.7,30,flat,0.05,0.95,1.3,19,17,89.47,112.52,1112.52,19.74,2.094
0.7,30,flat,0.05,0.95,1.4,0,0,0.0,0.0,1000.0,0.0,0.0
0.7,30,flat,0.05,0.95,1.5,0,0,0.0,0.0,1000.0,0.0,0.0
0.7,30,flat,0.05,0.95,1.6,0,0,0.0,0.0,1000.0,0.0,0.0
0.7,30,flat,0.05,0.98,1.1,27,23,85.19,127.02,1127.02,15.68,1.6837
0.7,30,flat,0.05,0.98,1.2,27,23,85.19,127.02,1127.02,15.68,1.6837
0.7,30,flat,0.05,0.98,1.3,23,19,82.61,93.33,1093.33,13.53,1.2444
0.7,30,flat,0.05,0.98,1.4,0,0,0.0,0.0,1000.0,0.0,0.0
0.7,30,flat,0.05,0.98,1.5,0,0,0.0,0.0,1000.0,0.0,0.0
0.7,30,flat,0.05,0.98,1.6,0,0,0.0,0.0,1000.0,0.0,0.0
0.7,30,flat,0.05,1.0,1.1,27,23,85.19,146.14,1146.14,18.04,1.8984
0.7,30,flat,0.05,1.0,1.2,27,23,85.19,146.14,1146.14,18.04,1.8984
0.7,30,flat,0.05,1.0,1.3,26,22,84.62,137.54,1137.54,17.63,1.7883
0.7,30,flat,0.05,1.0,1.4,14,13,92.86,131.91,1131.91,31.41,3.2235
0.7,30,flat,0.05,1.0,1.5,0,0,0.0,0.0,1000.0,0.0,0.0
0.7,30,flat,0.05,1.0,1.6,0,0,0.0,0.0,1000.0,0.0,0.0
0.7,50,flat,0.05,0.85,1.1,26,22,84.62,-0.15,999.85,-0.01,-0.0014
0.7,50,flat,0.05,0.85,1.2,9,9,100.0,93.31,1093.31,20.74,183.0211
0.7,50,flat,0.05,0.85,1.3,0,0,0.0,0.0,1000.0,0.0,0.0
0.7,50,flat,0.05,0.85,1.4,0,0,0.0,0.0,1000.0,0.0,0.0
0.7,50,flat,0.05,0.85,1.5,0,0,0.0,0.0,1000.0,0.0,0.0
0.7,50,flat,0.05,0.85,1.6,0,0,0.0,0.0,1000.0,0.0,0.0
0.7,50,flat,0.05,0.9,1.1,27,23,85.19,84.21,1084.21,6.24,0.7293
0.7,50,flat,0.05,0.9,1.2,21,18,85.71,88.99,1088.99,8.48,0.8766
0.7,50,flat,0.05,0.9,1.3,0,0,0.0,0.0,1000.0,0.0,0.0
0.7,50,flat,0.05,0.9,1.4,0,0,0.0,0.0,1000.0,0.0,0.0
0.7,50,flat,0.05,0.9,1.5,0,0,0.0,0.0,1000.0,0.0,0.0
0.7,50,flat,0.05,0.9,1.6,0,0,0.0,0.0,1000.0,0.0,0.0
0.7,50,flat,0.05,0.95,1.1,27,23,85.19,163.89,1163.89,12.14,1.3446
0.7,50,flat,0.05,0.95,1.2,27,23,85.19,163.89,1163.89,12.14,1.3446
0.7,50,flat,0.05,0.95,1.3,19,17,89.47,187.53,1187.53,19.74,2.094
0.7,50,flat,0.05,0.95,1.4,0,0,0.0,0.0,1000.0,0.0,0.0
0.7,50,flat,0.05,0.95,1.5,0,0,0.0,0.0,1000.0,0.0,0.0
0.7,50,flat,0.05,0.95,1.6,0,0,0.0,0.0,1000.0,0.0,0.0
0.7,50,flat,0.05,0.98,1.1,27,23,85.19,211.69,1211.69,15.68,1.6837
0.7,50,flat,0.05,0.98,1.2,27,23,85.19,211.69,1211.69,15.68,1.6837
0.7,50,flat,0.05,0.98,1.3,23,19,82.61,155.55,1155.55,13.53,1.2444
0.7,50,flat,0.05,0.98,1.4,0,0,0.0,0.0,1000.0,0.0,0.0
0.7,50,flat,0.05,0.98,1.5,0,0,0.0,0.0,1000.0,0.0,0.0
0.7,50,flat,0.05,0.98,1.6,0,0,0.0,0.0,1000.0,0.0,0.0
0.7,50,flat,0.05,1.0,1.1,27,23,85.19,243.57,1243.57,18.04,1.8984
0.7,50,flat,0.05,1.0,1.2,27,23,85.19,243.57,1243.57,18.04,1.8984
0.7,50,flat,0.05,1.0,1.3,26,22,84.62,229.23,1229.23,17.63,1.7883
0.7,50,flat,0.05,1.0,1.4,14,13,92.86,219.85,1219.85,31.41,3.2235
0.7,50,flat,0.05,1.0,1.5,0,0,0.0,0.0,1000.0,0.0,0.0
0.7,50,flat,0.05,1.0,1.6,0,0,0.0,0.0,1000.0,0.0,0.0
0.5,20,kelly,0.03,0.85,1.1,758,491,64.78,-38.4,961.6,-0.25,-1.9684
0.5,20,kelly,0.03,0.85,1.2,741,478,64.51,-36.53,963.47,-0.25,-1.8831
0.5,20,kelly,0.03,0.85,1.3,672,421,62.65,-38.76,961.24,-0.29,-2.0415
0.5,20,kelly,0.03,0.85,1.4,557,337,60.5,-37.83,962.17,-0.34,-2.1203
0.5,20,kelly,0.03,0.85,1.5,378,214,56.61,-37.36,962.64,-0.49,-2.4322
0.5,20,kelly,0.03,0.85,1.6,153,91,59.48,-3.06,996.94,-0.1,-0.3057
0.5,20,kelly,0.03,0.9,1.1,759,492,64.82,4.08,1004.08,0.03,0.1977
0.5,20,kelly,0.03,0.9,1.2,753,487,64.67,4.18,1004.18,0.03,0.2026
0.5,20,kelly,0.03,0.9,1.3,726,463,63.77,0.65,1000.65,0.0,0.0315
0.5,20,kelly,0.03,0.9,1.4,654,410,62.69,1.23,1001.23,0.01,0.0621
0.5,20,kelly,0.03,0.9,1.5,535,318,59.44,-13.66,986.34,-0.13,-0.7312
0.5,20,kelly,0.03,0.9,1.6,346,199,57.51,-9.24,990.76,-0.13,-0.593
0.5,20,kelly,0.03,0.95,1.1,759,492,64.82,46.48,1046.48,0.31,2.1314
0.5,20,kelly,0.03,0.95,1.2,759,492,64.82,46.48,1046.48,0.31,2.1314
0.5,20,kelly,0.03,0.95,1.3,751,486,64.71,46.95,1046.95,0.31,2.1587
0.5,20,kelly,0.03,0.95,1.4,706,447,63.31,38.82,1038.82,0.27,1.805
0.5,20,kelly,0.03,0.95,1.5,635,395,62.2,34.31,1034.31,0.27,1.6483
0.5,20,kelly,0.03,0.95,1.6,510,301,59.02,13.27,1013.27,0.13,0.6854
0.5,20,kelly,0.03,0.98,1.1,759,492,64.82,71.91,1071.91,0.47,3.1969
0.5,20,kelly,0.03,0.98,1.2,759,492,64.82,71.91,1071.91,0.47,3.1969
0.5,20,kelly,0.03,0.98,1.3,755,488,64.64,70.79,1070.79,0.47,3.1474
0.5,20,kelly,0.03,0.98,1.4,732,469,64.07,67.68,1067.68,0.46,3.028
0.5,20,kelly,0.03,0.98,1.5,671,421,62.74,59.09,1059.09,0.44,2.7032
0.5,20,kelly,0.03,0.98,1.6,578,352,60.9,44.66,1044.66,0.39,2.1435
0.5,20,kelly,0.03,1.0,1.1,759,492,64.82,88.87,1088.87,0.59,3.8718
0.5,20,kelly,0.03,1.0,1.2,759,492,64.82,88.87,1088.87,0.59,3.8718
0.5,20,kelly,0.03,1.0,1.3,758,491,64.78,88.58,1088.58,0.58,3.8594
0.5,20,kelly,0.03,1.0,1.4,746,482,64.61,88.4,1088.4,0.59,3.8669
0.5,20,kelly,0.03,1.0,1.5,688,433,62.94,75.19,1075.19,0.55,3.3437
0.5,20,kelly,0.03,1.0,1.6,615,382,62.11,68.9,1068.9,0.56,3.183
0.5,20,kelly,0.05,0.85,1.1,758,491,64.78,-38.4,961.6,-0.25,-1.9684
0.5,20,kelly,0.05,0.85,1.2,741,478,64.51,-36.53,963.47,-0.25,-1.8831
0.5,20,kelly,0.05,0.85,1.3,672,421,62.65,-38.76,961.24,-0.29,-2.0415
0.5,20,kelly,0.05,0.85,1.4,557,337,60.5,-37.83,962.17,-0.34,-2.1203
0.5,20,kelly,0.05,0.85,1.5,378,214,56.61,-37.36,962.64,-0.49,-2.4322
0.5,20,kelly,0.05,0.85,1.6,153,91,59.48,-3.06,996.94,-0.1,-0.3057
0.5,20,kelly,0.05,0.9,1.1,759,492,64.82,4.08,1004.08,0.03,0.1977
0.5,20,kelly,0.05,0.9,1.2,753,487,64.67,4.18,1004.18,0.03,0.2026
0.5,20,kelly,0.05,0.9,1.3,726,463,63.77,0.65,1000.65,0.0,0.0315
0.5,20,kelly,0.05,0.9,1.4,654,410,62.69,1.23,1001.23,0.01,0.0621
0.5,20,kelly,0.05,0.9,1.5,535,318,59.44,-13.66,986.34,-0.13,-0.7312
0.5,20,kelly,0.05,0.9,1.6,346,199,57.51,-9.24,990.76,-0.13,-0.593
0.5,20,kelly,0.05,0.95,1.1,759,492,64.82,46.48,1046.48,0.31,2.1314
0.5,20,kelly,0.05,0.95,1.2,759,492,64.82,46.48,1046.48,0.31,2.1314
0.5,20,kelly,0.05,0.95,1.3,751,486,64.71,46.95,1046.95,0.31,2.1587
0.5,20,kelly,0.05,0.95,1.4,706,447,63.31,38.82,1038.82,0.27,1.805
0.5,20,kelly,0.05,0.95,1.5,635,395,62.2,34.31,1034.31,0.27,1.6483
0.5,20,kelly,0.05,0.95,1.6,510,301,59.02,13.27,1013.27,0.13,0.6854
0.5,20,kelly,0.05,0.98,1.1,759,492,64.82,71.91,1071.91,0.47,3.1969
0.5,20,kelly,0.05,0.98,1.2,759,492,64.82,71.91,1071.91,0.47,3.1969
0.5,20,kelly,0.05,0.98,1.3,755,488,64.64,70.79,1070.79,0.47,3.1474
0.5,20,kelly,0.05,0.98,1.4,732,469,64.07,67.68,1067.68,0.46,3.028
0.5,20,kelly,0.05,0.98,1.5,671,421,62.74,59.09,1059.09,0.44,2.7032
0.5,20,kelly,0.05,0.98,1.6,578,352,60.9,44.66,1044.66,0.39,2.1435
0.5,20,kelly,0.05,1.0,1.1,759,492,64.82,88.87,1088.87,0.59,3.8718
0.5,20,kelly,0.05,1.0,1.2,759,492,64.82,88.87,1088.87,0.59,3.8718
0.5,20,kelly,0.05,1.0,1.3,758,491,64.78,88.58,1088.58,0.58,3.8594
0.5,20,kelly,0.05,1.0,1.4,746,482,64.61,88.4,1088.4,0.59,3.8669
0.5,20,kelly,0.05,1.0,1.5,688,433,62.94,75.19,1075.19,0.55,3.3437
0.5,20,kelly,0.05,1.0,1.6,615,382,62.11,68.9,1068.9,0.56,3.183
0.5,20,kelly,0.07,0.85,1.1,758,491,64.78,-38.4,961.6,-0.25,-1.9684
0.5,20,kelly,0.07,0.85,1.2,741,478,64.51,-36.53,963.47,-0.25,-1.8831
0.5,20,kelly,0.07,0.85,1.3,672,421,62.65,-38.76,961.24,-0.29,-2.0415
0.5,20,kelly,0.07,0.85,1.4,557,337,60.5,-37.83,962.17,-0.34,-2.1203
0.5,20,kelly,0.07,0.85,1.5,378,214,56.61,-37.36,962.64,-0.49,-2.4322
0.5,20,kelly,0.07,0.85,1.6,153,91,59.48,-3.06,996.94,-0.1,-0.3057
0.5,20,kelly,0.07,0.9,1.1,759,492,64.82,4.08,1004.08,0.03,0.1977
0.5,20,kelly,0.07,0.9,1.2,753,487,64.67,4.18,1004.18,0.03,0.2026
0.5,20,kelly,0.07,0.9,1.3,726,463,63.77,0.65,1000.65,0.0,0.0315
0.5,20,kelly,0.07,0.9,1.4,654,410,62.69,1.23,1001.23,0.01,0.0621
0.5,20,kelly,0.07,0.9,1.5,535,318,59.44,-13.66,986.34,-0.13,-0.7312
0.5,20,kelly,0.07,0.9,1.6,346,199,57.51,-9.24,990.76,-0.13,-0.593
0.5,20,kelly,0.07,0.95,1.1,759,492,64.82,46.48,1046.48,0.31,2.1314
0.5,20,kelly,0.07,0.95,1.2,759,492,64.82,46.48,1046.48,0.31,2.1314
0.5,20,kelly,0.07,0.95,1.3,751,486,64.71,46.95,1046.95,0.31,2.1587
0.5,20,kelly,0.07,0.95,1.4,706,447,63.31,38.82,1038.82,0.27,1.805
0.5,20,kelly,0.07,0.95,1.5,635,395,62.2,34.31,1034.31,0.27,1.6483
0.5,20,kelly,0.07,0.95,1.6,510,301,59.02,13.27,1013.27,0.13,0.6854
0.5,20,kelly,0.07,0.98,1.1,759,492,64.82,71.91,1071.91,0.47,3.1969
0.5,20,kelly,0.07,0.98,1.2,759,492,64.82,71.91,1071.91,0.47,3.1969
0.5,20,kelly,0.07,0.98,1.3,755,488,64.64,70.79,1070.79,0.47,3.1474
0.5,20,kelly,0.07,0.98,1.4,732,469,64.07,67.68,1067.68,0.46,3.028
0.5,20,kelly,0.07,0.98,1.5,671,421,62.74,59.09,1059.09,0.44,2.7032
0.5,20,kelly,0.07,0.98,1.6,578,352,60.9,44.66,1044.66,0.39,2.1435
0.5,20,kelly,0.07,1.0,1.1,759,492,64.82,88.87,1088.87,0.59,3.8718
0.5,20,kelly,0.07,1.0,1.2,759,492,64.82,88.87,1088.87,0.59,3.8718
0.5,20,kelly,0.07,1.0,1.3,758,491,64.78,88.58,1088.58,0.58,3.8594
0.5,20,kelly,0.07,1.0,1.4,746,482,64.61,88.4,1088.4,0.59,3.8669
0.5,20,kelly,0.07,1.0,1.5,688,433,62.94,75.19,1075.19,0.55,3.3437
0.5,20,kelly,0.07,1.0,1.6,615,382,62.11,68.9,1068.9,0.56,3.183
0.5,20,kelly,0.1,0.85,1.1,758,491,64.78,-38.4,961.6,-0.25,-1.9684
0.5,20,kelly,0.1,0.85,1.2,741,478,64.51,-36.53,963.47,-0.25,-1.8831
0.5,20,kelly,0.1,0.85,1.3,672,421,62.65,-38.76,961.24,-0.29,-2.0415
0.5,20,kelly,0.1,0.85,1.4,557,337,60.5,-37.83,962.17,-0.34,-2.1203
0.5,20,kelly,0.1,0.85,1.5,378,214,56.61,-37.36,962.64,-0.49,-2.4322
0.5,20,kelly,0.1,0.85,1.6,153,91,59.48,-3.06,996.94,-0.1,-0.3057
0.5,20,kelly,0.1,0.9,1.1,759,492,64.82,4.08,1004.08,0.03,0.1977
0.5,20,kelly,0.1,0.9,1.2,753,487,64.67,4.18,1004.18,0.03,0.2026
0.5,20,kelly,0.1,0.9,1.3,726,463,63.77,0.65,1000.65,0.0,0.0315
0.5,20,kelly,0.1,0.9,1.4,654,410,62.69,1.23,1001.23,0.01,0.0621
0.5,20,kelly,0.1,0.9,1.5,535,318,59.44,-13.66,986.34,-0.13,-0.7312
0.5,20,kelly,0.1,0.9,1.6,346,199,57.51,-9.24,990.76,-0.13,-0.593
0.5,20,kelly,0.1,0.95,1.1,759,492,64.82,46.48,1046.48,0.31,2.1314
0.5,20,kelly,0.1,0.95,1.2,759,492,64.82,46.48,1046.48,0.31,2.1314
0.5,20,kelly,0.1,0.95,1.3,751,486,64.71,46.95,1046.95,0.31,2.1587
0.5,20,kelly,0.1,0.95,1.4,706,447,63.31,38.82,1038.82,0.27,1.805
0.5,20,kelly,0.1,0.95,1.5,635,395,62.2,34.31,1034.31,0.27,1.6483
0.5,20,kelly,0.1,0.95,1.6,510,301,59.02,13.27,1013.27,0.13,0.6854
0.5,20,kelly,0.1,0.98,1.1,759,492,64.82,71.91,1071.91,0.47,3.1969
0.5,20,kelly,0.1,0.98,1.2,759,492,64.82,71.91,1071.91,0.47,3.1969
0.5,20,kelly,0.1,0.98,1.3,755,488,64.64,70.79,1070.79,0.47,3.1474
0.5,20,kelly,0.1,0.98,1.4,732,469,64.07,67.68,1067.68,0.46,3.028
0.5,20,kelly,0.1,0.98,1.5,671,421,62.74,59.09,1059.09,0.44,2.7032
0.5,20,kelly,0.1,0.98,1.6,578,352,60.9,44.66,1044.66,0.39,2.1435
0.5,20,kelly,0.1,1.0,1.1,759,492,64.82,88.87,1088.87,0.59,3.8718
0.5,20,kelly,0.1,1.0,1.2,759,492,64.82,88.87,1088.87,0.59,3.8718
0.5,20,kelly,0.1,1.0,1.3,758,491,64.78,88.58,1088.58,0.58,3.8594
0.5,20,kelly,0.1,1.0,1.4,746,482,64.61,88.4,1088.4,0.59,3.8669
0.5,20,kelly,0.1,1.0,1.5,688,433,62.94,75.19,1075.19,0.55,3.3437
0.5,20,kelly,0.1,1.0,1.6,615,382,62.11,68.9,1068.9,0.56,3.183
0.5,20,kelly,0.15,0.85,1.1,758,491,64.78,-38.4,961.6,-0.25,-1.9684
0.5,20,kelly,0.15,0.85,1.2,741,478,64.51,-36.53,963.47,-0.25,-1.8831
0.5,20,kelly,0.15,0.85,1.3,672,421,62.65,-38.76,961.24,-0.29,-2.0415
0.5,20,kelly,0.15,0.85,1.4,557,337,60.5,-37.83,962.17,-0.34,-2.1203
0.5,20,kelly,0.15,0.85,1.5,378,214,56.61,-37.36,962.64,-0.49,-2.4322
0.5,20,kelly,0.15,0.85,1.6,153,91,59.48,-3.06,996.94,-0.1,-0.3057
0.5,20,kelly,0.15,0.9,1.1,759,492,64.82,4.08,1004.08,0.03,0.1977
0.5,20,kelly,0.15,0.9,1.2,753,487,64.67,4.18,1004.18,0.03,0.2026
0.5,20,kelly,0.15,0.9,1.3,726,463,63.77,0.65,1000.65,0.0,0.0315
0.5,20,kelly,0.15,0.9,1.4,654,410,62.69,1.23,1001.23,0.01,0.0621
0.5,20,kelly,0.15,0.9,1.5,535,318,59.44,-13.66,986.34,-0.13,-0.7312
0.5,20,kelly,0.15,0.9,1.6,346,199,57.51,-9.24,990.76,-0.13,-0.593
0.5,20,kelly,0.15,0.95,1.1,759,492,64.82,46.48,1046.48,0.31,2.1314
0.5,20,kelly,0.15,0.95,1.2,759,492,64.82,46.48,1046.48,0.31,2.1314
0.5,20,kelly,0.15,0.95,1.3,751,486,64.71,46.95,1046.95,0.31,2.1587
0.5,20,kelly,0.15,0.95,1.4,706,447,63.31,38.82,1038.82,0.27,1.805
0.5,20,kelly,0.15,0.95,1.5,635,395,62.2,34.31,1034.31,0.27,1.6483
0.5,20,kelly,0.15,0.95,1.6,510,301,59.02,13.27,1013.27,0.13,0.6854
0.5,20,kelly,0.15,0.98,1.1,759,492,64.82,71.91,1071.91,0.47,3.1969
0.5,20,kelly,0.15,0.98,1.2,759,492,64.82,71.91,1071.91,0.47,3.1969
0.5,20,kelly,0.15,0.98,1.3,755,488,64.64,70.79,1070.79,0.47,3.1474
0.5,20,kelly,0.15,0.98,1.4,732,469,64.07,67.68,1067.68,0.46,3.028
0.5,20,kelly,0.15,0.98,1.5,671,421,62.74,59.09,1059.09,0.44,2.7032
0.5,20,kelly,0.15,0.98,1.6,578,352,60.9,44.66,1044.66,0.39,2.1435
0.5,20,kelly,0.15,1.0,1.1,759,492,64.82,88.87,1088.87,0.59,3.8718
0.5,20,kelly,0.15,1.0,1.2,759,492,64.82,88.87,1088.87,0.59,3.8718
0.5,20,kelly,0.15,1.0,1.3,758,491,64.78,88.58,1088.58,0.58,3.8594
0.5,20,kelly,0.15,1.0,1.4,746,482,64.61,88.4,1088.4,0.59,3.8669
0.5,20,kelly,0.15,1.0,1.5,688,433,62.94,75.19,1075.19,0.55,3.3437
0.5,20,kelly,0.15,1.0,1.6,615,382,62.11,68.9,1068.9,0.56,3.183
0.52,20,kelly,0.03,0.85,1.1,672,435,64.73,-45.81,954.19,-0.34,-2.5432
0.52,20,kelly,0.03,0.85,1.2,655,422,64.43,-43.94,956.06,-0.34,-2.4553
0.52,20,kelly,0.03,0.85,1.3,586,365,62.29,-46.16,953.84,-0.39,-2.6475
0.52,20,kelly,0.03,0.85,1.4,471,281,59.66,-45.23,954.77,-0.48,-2.7973
0.52,20,kelly,0.03,0.85,1.5,292,158,54.11,-44.76,955.24,-0.77,-3.3575
0.52,20,kelly,0.03,0.85,1.6,67,35,52.24,-10.47,989.53,-0.78,-1.5846
0.52,20,kelly,0.03,0.9,1.1,673,436,64.78,-8.82,991.18,-0.07,-0.4623
0.52,20,kelly,0.03,0.9,1.2,667,431,64.62,-8.72,991.28,-0.07,-0.458
0.52,20,kelly,0.03,0.9,1.3,640,407,63.59,-12.25,987.75,-0.1,-0.6479
0.52,20,kelly,0.03,0.9,1.4,568,354,62.32,-11.67,988.33,-0.1,-0.64
0.52,20,kelly,0.03,0.9,1.5,481,273,56.76,-41.42,958.58,-0.43,-2.3633
0.52,20,kelly,0.03,0.9,1.6,262,141,53.82,-27.4,972.6,-0.52,-2.0395
0.52,20,kelly,0.03,0.95,1.1,697,424,60.83,-9.67,990.33,-0.07,-0.4594
0.52,20,kelly,0.03,0.95,1.2,697,424,60.83,-9.67,990.33,-0.07,-0.4594
0.52,20,kelly,0.03,0.95,1.3,692,421,60.84,-8.38,991.62,-0.06,-0.399
0.52,20,kelly,0.03,0.95,1.4,650,392,60.31,-6.03,993.97,-0.05,-0.2928
0.52,20,kelly,0.03,0.95,1.5,586,348,59.39,-6.07,993.93,-0.05,-0.3053
0.52,20,kelly,0.03,0.95,1.6,455,258,56.7,-14.87,985.13,-0.16,-0.8233
0.52,20,kelly,0.03,0.98,1.1,697,424,60.83,12.03,1012.03,0.09,0.5539
0.52,20,kelly,0.03,0.98,1.2,697,424,60.83,12.03,1012.03,0.09,0.5539
0.52,20,kelly,0.03,0.98,1.3,694,421,60.66,11.21,1011.21,0.08,0.5159
0.52,20,kelly,0.03,0.98,1.4,677,410,60.56,13.0,1013.0,0.1,0.6037
0.52,20,kelly,0.03,0.98,1.5,619,371,59.94,14.36,1014.36,0.12,0.687
0.52,20,kelly,0.03,0.98,1.6,531,307,57.82,2.7,1002.7,0.03,0.1359
0.52,20,kelly,0.03,1.0,1.1,697,424,60.83,26.5,1026.5,0.19,1.1956
0.52,20,kelly,0.03,1.0,1.2,697,424,60.83,26.5,1026.5,0.19,1.1956
0.52,20,kelly,0.03,1.0,1.3,696,423,60.78,26.21,1026.21,0.19,1.1827
0.52,20,kelly,0.03,1.0,1.4,690,420,60.87,28.21,1028.21,0.2,1.2775
0.52,20,kelly,0.03,1.0,1.5,636,382,60.06,26.97,1026.97,0.21,1.2521
0.52,20,kelly,0.03,1.0,1.6,566,334,59.01,22.25,1022.25,0.2,1.0762
0.52,20,kelly,0.05,0.85,1.1,696,423,60.78,-82.12,917.88,-0.59,-4.3588
0.52,20,kelly,0.05,0.85,1.2,683,416,60.91,-77.28,922.72,-0.57,-4.1329
0.52,20,kelly,0.05,0.85,1.3,619,371,59.94,-69.66,930.34,-0.56,-3.8423
0.52,20,kelly,0.05,0.85,1.4,510,295,57.84,-63.82,936.18,-0.63,-3.7751
0.52,20,kelly,0.05,0.85,1.5,290,156,53.79,-45.83,954.17,-0.79,-3.4465
0.52,20,kelly,0.05,0.85,1.6,70,38,54.29,-8.63,991.37,-0.62,-1.2818
0.52,20,kelly,0.05,0.9,1.1,697,424,60.83,-45.85,954.15,-0.33,-2.2983
0.52,20,kelly,0.05,0.9,1.2,693,421,60.75,-45.36,954.64,-0.33,-2.2769
0.52,20,kelly,0.05,0.9,1.3,673,407,60.48,-43.21,956.79,-0.32,-2.1879
0.52,20,kelly,0.05,0.9,1.4,604,363,60.1,-33.44,966.56,-0.28,-1.7606
0.52,20,kelly,0.05,0.9,1.5,481,273,56.76,-41.42,958.58,-0.43,-2.3633
0.52,20,kelly,0.05,0.9,1.6,262,141,53.82,-27.4,972.6,-0.52,-2.0395
0.52,20,kelly,0.05,0.95,1.1,697,424,60.83,-9.67,990.33,-0.07,-0.4594
0.52,20,kelly,0.05,0.95,1.2,697,424,60.83,-9.67,990.33,-0.07,-0.4594
0.52,20,kelly,0.05,0.95,1.3,692,421,60.84,-8.38,991.62,-0.06,-0.399
0.52,20,kelly,0.05,0.95,1.4,650,392,60.31,-6.03,993.97,-0.05,-0.2928
0.52,20,kelly,0.05,0.95,1.5,586,348,59.39,-6.07,993.93,-0.05,-0.3053
0.52,20,kelly,0.05,0.95,1.6,455,258,56.7,-14.87,985.13,-0.16,-0.8233
0.52,20,kelly,0.05,0.98,1.1,697,424,60.83,12.03,1012.03,0.09,0.5539
0.52,20,kelly,0.05,0.98,1.2,697,424,60.83,12.03,1012.03,0.09,0.5539
0.52,20,kelly,0.05,0.98,1.3,694,421,60.66,11.21,1011.21,0.08,0.5159
0.52,20,kelly,0.05,0.98,1.4,677,410,60.56,13.0,1013.0,0.1,0.6037
0.52,20,kelly,0.05,0.98,1.5,619,371,59.94,14.36,1014.36,0.12,0.687
0.52,20,kelly,0.05,0.98,1.6,531,307,57.82,2.7,1002.7,0.03,0.1359
0.52,20,kelly,0.05,1.0,1.1,697,424,60.83,26.5,1026.5,0.19,1.1956
0.52,20,kelly,0.05,1.0,1.2,697,424,60.83,26.5,1026.5,0.19,1.1956
0.52,20,kelly,0.05,1.0,1.3,696,423,60.78,26.21,1026.21,0.19,1.1827
0.52,20,kelly,0.05,1.0,1.4,690,420,60.87,28.21,1028.21,0.2,1.2775
0.52,20,kelly,0.05,1.0,1.5,636,382,60.06,26.97,1026.97,0.21,1.2521
0.52,20,kelly,0.05,1.0,1.6,566,334,59.01,22.25,1022.25,0.2,1.0762
0.52,20,kelly,0.07,0.85,1.1,696,423,60.78,-82.12,917.88,-0.59,-4.3588
0.52,20,kelly,0.07,0.85,1.2,683,416,60.91,-77.28,922.72,-0.57,-4.1329
0.52,20,kelly,0.07,0.85,1.3,619,371,59.94,-69.66,930.34,-0.56,-3.8423
0.52,20,kelly,0.07,0.85,1.4,510,295,57.84,-63.82,936.18,-0.63,-3.7751
0.52,20,kelly,0.07,0.85,1.5,290,156,53.79,-45.83,954.17,-0.79,-3.4465
0.52,20,kelly,0.07,0.85,1.6,70,38,54.29,-8.63,991.37,-0.62,-1.2818
0.52,20,kelly,0.07,0.9,1.1,697,424,60.83,-45.85,954.15,-0.33,-2.2983
0.52,20,kelly,0.07,0.9,1.2,693,421,60.75,-45.36,954.64,-0.33,-2.2769
0.52,20,kelly,0.07,0.9,1.3,673,407,60.48,-43.21,956.79,-0.32,-2.1879
0.52,20,kelly,0.07,0.9,1.4,604,363,60.1,-33.44,966.56,-0.28,-1.7606
0.52,20,kelly,0.07,0.9,1.5,481,273,56.76,-41.42,958.58,-0.43,-2.3633
0.52,20,kelly,0.07,0.9,1.6,262,141,53.82,-27.4,972.6,-0.52,-2.0395
0.52,20,kelly,0.07,0.95,1.1,697,424,60.83,-9.67,990.33,-0.07,-0.4594
0.52,20,kelly,0.07,0.95,1.2,697,424,60.83,-9.67,990.33,-0.07,-0.4594
0.52,20,kelly,0.07,0.95,1.3,692,421,60.84,-8.38,991.62,-0.06,-0.399
0.52,20,kelly,0.07,0.95,1.4,650,392,60.31,-6.03,993.97,-0.05,-0.2928
0.52,20,kelly,0.07,0.95,1.5,586,348,59.39,-6.07,993.93,-0.05,-0.3053
0.52,20,kelly,0.07,0.95,1.6,455,258,56.7,-14.87,985.13,-0.16,-0.8233
0.52,20,kelly,0.07,0.98,1.1,697,424,60.83,12.03,1012.03,0.09,0.5539
0.52,20,kelly,0.07,0.98,1.2,697,424,60.83,12.03,1012.03,0.09,0.5539
0.52,20,kelly,0.07,0.98,1.3,694,421,60.66,11.21,1011.21,0.08,0.5159
0.52,20,kelly,0.07,0.98,1.4,677,410,60.56,13.0,1013.0,0.1,0.6037
0.52,20,kelly,0.07,0.98,1.5,619,371,59.94,14.36,1014.36,0.12,0.687
0.52,20,kelly,0.07,0.98,1.6,531,307,57.82,2.7,1002.7,0.03,0.1359
0.52,20,kelly,0.07,1.0,1.1,697,424,60.83,26.5,1026.5,0.19,1.1956
0.52,20,kelly,0.07,1.0,1.2,697,424,60.83,26.5,1026.5,0.19,1.1956
0.52,20,kelly,0.07,1.0,1.3,696,423,60.78,26.21,1026.21,0.19,1.1827
0.52,20,kelly,0.07,1.0,1.4,690,420,60.87,28.21,1028.21,0.2,1.2775
0.52,20,kelly,0.07,1.0,1.5,636,382,60.06,26.97,1026.97,0.21,1.2521
0.52,20,kelly,0.07,1.0,1.6,566,334,59.01,22.25,1022.25,0.2,1.0762
0.52,20,kelly,0.1,0.85,1.1,696,423,60.78,-82.12,917.88,-0.59,-4.3588
0.52,20,kelly,0.1,0.85,1.2,683,416,60.91,-77.28,922.72,-0.57,-4.1329
0.52,20,kelly,0.1,0.85,1.3,619,371,59.94,-69.66,930.34,-0.56,-3.8423
0.52,20,kelly,0.1,0.85,1.4,510,295,57.84,-63.82,936.18,-0.63,-3.7751
0.52,20,kelly,0.1,0.85,1.5,290,156,53.79,-45.83,954.17,-0.79,-3.4465
0.52,20,kelly,0.1,0.85,1.6,70,38,54.29,-8.63,991.37,-0.62,-1.2818
0.52,20,kelly,0.1,0.9,1.1,697,424,60.83,-45.85,954.15,-0.33,-2.2983
0.52,20,kelly,0.1,0.9,1.2,693,421,60.75,-45.36,954.64,-0.33,-2.2769
0.52,20,kelly,0.1,0.9,1.3,673,407,60.48,-43.21,956.79,-0.32,-2.1879
0.52,20,kelly,0.1,0.9,1.4,604,363,60.1,-33.44,966.56,-0.28,-1.7606
0.52,20,kelly,0.1,0.9,1.5,481,273,56.76,-41.42,958.58,-0.43,-2.3633
0.52,20,kelly,0.1,0.9,1.6,262,141,53.82,-27.4,972.6,-0.52,-2.0395
0.52,20,kelly,0.1,0.95,1.1,697,424,60.83,-9.67,990.33,-0.07,-0.4594
0.52,20,kelly,0.1,0.95,1.2,697,424,60.83,-9.67,990.33,-0.07,-0.4594
0.52,20,kelly,0.1,0.95,1.3,692,421,60.84,-8.38,991.62,-0.06,-0.399
0.52,20,kelly,0.1,0.95,1.4,650,392,60.31,-6.03,993.97,-0.05,-0.2928
0.52,20,kelly,0.1,0.95,1.5,586,348,59.39,-6.07,993.93,-0.05,-0.3053
0.52,20,kelly,0.1,0.95,1.6,455,258,56.7,-14.87,985.13,-0.16,-0.8233
0.52,20,kelly,0.1,0.98,1.1,697,424,60.83,12.03,1012.03,0.09,0.5539
0.52,20,kelly,0.1,0.98,1.2,697,424,60.83,12.03,1012.03,0.09,0.5539
0.52,20,kelly,0.1,0.98,1.3,694,421,60.66,11.21,1011.21,0.08,0.5159
0.52,20,kelly,0.1,0.98,1.4,677,410,60.56,13.0,1013.0,0.1,0.6037
0.52,20,kelly,0.1,0.98,1.5,619,371,59.94,14.36,1014.36,0.12,0.687
0.52,20,kelly,0.1,0.98,1.6,531,307,57.82,2.7,1002.7,0.03,0.1359
0.52,20,kelly,0.1,1.0,1.1,697,424,60.83,26.5,1026.5,0.19,1.1956
0.52,20,kelly,0.1,1.0,1.2,697,424,60.83,26.5,1026.5,0.19,1.1956
0.52,20,kelly,0.1,1.0,1.3,696,423,60.78,26.21,1026.21,0.19,1.1827
0.52,20,kelly,0.1,1.0,1.4,690,420,60.87,28.21,1028.21,0.2,1.2775
0.52,20,kelly,0.1,1.0,1.5,636,382,60.06,26.97,1026.97,0.21,1.2521
0.52,20,kelly,0.1,1.0,1.6,566,334,59.01,22.25,1022.25,0.2,1.0762
0.52,20,kelly,0.15,0.85,1.1,696,423,60.78,-82.12,917.88,-0.59,-4.3588
0.52,20,kelly,0.15,0.85,1.2,683,416,60.91,-77.28,922.72,-0.57,-4.1329
0.52,20,kelly,0.15,0.85,1.3,619,371,59.94,-69.66,930.34,-0.56,-3.8423
0.52,20,kelly,0.15,0.85,1.4,510,295,57.84,-63.82,936.18,-0.63,-3.7751
0.52,20,kelly,0.15,0.85,1.5,290,156,53.79,-45.83,954.17,-0.79,-3.4465
0.52,20,kelly,0.15,0.85,1.6,70,38,54.29,-8.63,991.37,-0.62,-1.2818
0.52,20,kelly,0.15,0.9,1.1,697,424,60.83,-45.85,954.15,-0.33,-2.2983
0.52,20,kelly,0.15,0.9,1.2,693,421,60.75,-45.36,954.64,-0.33,-2.2769
0.52,20,kelly,0.15,0.9,1.3,673,407,60.48,-43.21,956.79,-0.32,-2.1879
0.52,20,kelly,0.15,0.9,1.4,604,363,60.1,-33.44,966.56,-0.28,-1.7606
0.52,20,kelly,0.15,0.9,1.5,481,273,56.76,-41.42,958.58,-0.43,-2.3633
0.52,20,kelly,0.15,0.9,1.6,262,141,53.82,-27.4,972.6,-0.52,-2.0395
0.52,20,kelly,0.15,0.95,1.1,697,424,60.83,-9.67,990.33,-0.07,-0.4594
0.52,20,kelly,0.15,0.95,1.2,697,424,60.83,-9.67,990.33,-0.07,-0.4594
0.52,20,kelly,0.15,0.95,1.3,692,421,60.84,-8.38,991.62,-0.06,-0.399
0.52,20,kelly,0.15,0.95,1.4,650,392,60.31,-6.03,993.97,-0.05,-0.2928
0.52,20,kelly,0.15,0.95,1.5,586,348,59.39,-6.07,993.93,-0.05,-0.3053
0.52,20,kelly,0.15,0.95,1.6,455,258,56.7,-14.87,985.13,-0.16,-0.8233
0.52,20,kelly,0.15,0.98,1.1,697,424,60.83,12.03,1012.03,0.09,0.5539
0.52,20,kelly,0.15,0.98,1.2,697,424,60.83,12.03,1012.03,0.09,0.5539
0.52,20,kelly,0.15,0.98,1.3,694,421,60.66,11.21,1011.21,0.08,0.5159
0.52,20,kelly,0.15,0.98,1.4,677,410,60.56,13.0,1013.0,0.1,0.6037
0.52,20,kelly,0.15,0.98,1.5,619,371,59.94,14.36,1014.36,0.12,0.687
0.52,20,kelly,0.15,0.98,1.6,531,307,57.82,2.7,1002.7,0.03,0.1359
0.52,20,kelly,0.15,1.0,1.1,697,424,60.83,26.5,1026.5,0.19,1.1956
0.52,20,kelly,0.15,1.0,1.2,697,424,60.83,26.5,1026.5,0.19,1.1956
0.52,20,kelly,0.15,1.0,1.3,696,423,60.78,26.21,1026.21,0.19,1.1827
0.52,20,kelly,0.15,1.0,1.4,690,420,60.87,28.21,1028.21,0.2,1.2775
0.52,20,kelly,0.15,1.0,1.5,636,382,60.06,26.97,1026.97,0.21,1.2521
0.52,20,kelly,0.15,1.0,1.6,566,334,59.01,22.25,1022.25,0.2,1.0762
0.55,20,kelly,0.03,0.85,1.1,508,321,63.19,-56.11,943.89,-0.55,-3.6441
0.55,20,kelly,0.03,0.85,1.2,495,314,63.43,-51.28,948.72,-0.52,-3.3682
0.55,20,kelly,0.03,0.85,1.3,431,269,62.41,-43.65,956.35,-0.51,-3.0068
0.55,20,kelly,0.03,0.85,1.4,322,193,59.94,-37.81,962.19,-0.59,-2.9172
0.55,20,kelly,0.03,0.85,1.5,102,54,52.94,-19.82,980.18,-0.97,-2.5836
0.55,20,kelly,0.03,0.85,1.6,0,0,0.0,0.0,1000.0,0.0,0.0
0.55,20,kelly,0.03,0.9,1.1,509,322,63.26,-29.37,970.63,-0.29,-1.8013
0.55,20,kelly,0.03,0.9,1.2,505,319,63.17,-28.88,971.12,-0.29,-1.775
0.55,20,kelly,0.03,0.9,1.3,485,305,62.89,-26.73,973.27,-0.28,-1.6646
0.55,20,kelly,0.03,0.9,1.4,416,261,62.74,-16.96,983.04,-0.2,-1.1221
0.55,20,kelly,0.03,0.9,1.5,293,171,58.36,-24.94,975.06,-0.43,-1.8845
0.55,20,kelly,0.03,0.9,1.6,74,39,52.7,-10.92,989.08,-0.74,-1.5718
0.55,20,kelly,0.03,0.95,1.1,509,322,63.26,-2.72,997.28,-0.03,-0.1582
0.55,20,kelly,0.03,0.95,1.2,509,322,63.26,-2.72,997.28,-0.03,-0.1582
0.55,20,kelly,0.03,0.95,1.3,504,319,63.29,-1.43,998.57,-0.01,-0.0835
0.55,20,kelly,0.03,0.95,1.4,462,290,62.77,0.92,1000.92,0.01,0.0552
0.55,20,kelly,0.03,0.95,1.5,398,246,61.81,0.88,1000.88,0.01,0.056
0.55,20,kelly,0.03,0.95,1.6,267,156,58.43,-7.92,992.08,-0.15,-0.5918
0.55,20,kelly,0.03,0.98,1.1,509,322,63.26,13.26,1013.26,0.13,0.7471
0.55,20,kelly,0.03,0.98,1.2,509,322,63.26,13.26,1013.26,0.13,0.7471
0.55,20,kelly,0.03,0.98,1.3,506,319,63.04,12.44,1012.44,0.12,0.7008
0.55,20,kelly,0.03,0.98,1.4,489,308,62.99,14.24,1014.24,0.15,0.8121
0.55,20,kelly,0.03,0.98,1.5,431,269,62.41,15.59,1015.59,0.18,0.9316
0.55,20,kelly,0.03,0.98,1.6,343,205,59.77,3.93,1003.93,0.06,0.2553
0.55,20,kelly,0.03,1.0,1.1,509,322,63.26,23.92,1023.92,0.23,1.3205
0.55,20,kelly,0.03,1.0,1.2,509,322,63.26,23.92,1023.92,0.23,1.3205
0.55,20,kelly,0.03,1.0,1.3,508,321,63.19,23.64,1023.64,0.23,1.3048
0.55,20,kelly,0.03,1.0,1.4,502,318,63.35,25.63,1025.63,0.26,1.4229
0.55,20,kelly,0.03,1.0,1.5,448,280,62.5,24.39,1024.39,0.27,1.4066
0.55,20,kelly,0.03,1.0,1.6,378,232,61.38,19.67,1019.67,0.26,1.2102
0.55,20,kelly,0.05,0.85,1.1,508,321,63.19,-56.11,943.89,-0.55,-3.6441
0.55,20,kelly,0.05,0.85,1.2,495,314,63.43,-51.28,948.72,-0.52,-3.3682
0.55,20,kelly,0.05,0.85,1.3,431,269,62.41,-43.65,956.35,-0.51,-3.0068
0.55,20,kelly,0.05,0.85,1.4,322,193,59.94,-37.81,962.19,-0.59,-2.9172
0.55,20,kelly,0.05,0.85,1.5,102,54,52.94,-19.82,980.18,-0.97,-2.5836
0.55,20,kelly,0.05,0.85,1.6,0,0,0.0,0.0,1000.0,0.0,0.0
0.55,20,kelly,0.05,0.9,1.1,509,322,63.26,-29.37,970.63,-0.29,-1.8013
0.55,20,kelly,0.05,0.9,1.2,505,319,63.17,-28.88,971.12,-0.29,-1.775
0.55,20,kelly,0.05,0.9,1.3,485,305,62.89,-26.73,973.27,-0.28,-1.6646
0.55,20,kelly,0.05,0.9,1.4,416,261,62.74,-16.96,983.04,-0.2,-1.1221
0.55,20,kelly,0.05,0.9,1.5,293,171,58.36,-24.94,975.06,-0.43,-1.8845
0.55,20,kelly,0.05,0.9,1.6,74,39,52.7,-10.92,989.08,-0.74,-1.5718
0.55,20,kelly,0.05,0.95,1.1,509,322,63.26,-2.72,997.28,-0.03,-0.1582
0.55,20,kelly,0.05,0.95,1.2,509,322,63.26,-2.72,997.28,-0.03,-0.1582
0.55,20,kelly,0.05,0.95,1.3,504,319,63.29,-1.43,998.57,-0.01,-0.0835
0.55,20,kelly,0.05,0.95,1.4,462,290,62.77,0.92,1000.92,0.01,0.0552
0.55,20,kelly,0.05,0.95,1.5,398,246,61.81,0.88,1000.88,0.01,0.056
0.55,20,kelly,0.05,0.95,1.6,267,156,58.43,-7.92,992.08,-0.15,-0.5918
0.55,20,kelly,0.05,0.98,1.1,509,322,63.26,13.26,1013.26,0.13,0.7471
0.55,20,kelly,0.05,0.98,1.2,509,322,63.26,13.26,1013.26,0.13,0.7471
0.55,20,kelly,0.05,0.98,1.3,506,319,63.04,12.44,1012.44,0.12,0.7008
0.55,20,kelly,0.05,0.98,1.4,489,308,62.99,14.24,1014.24,0.15,0.8121
0.55,20,kelly,0.05,0.98,1.5,431,269,62.41,15.59,1015.59,0.18,0.9316
0.55,20,kelly,0.05,0.98,1.6,343,205,59.77,3.93,1003.93,0.06,0.2553
0.55,20,kelly,0.05,1.0,1.1,509,322,63.26,23.92,1023.92,0.23,1.3205
0.55,20,kelly,0.05,1.0,1.2,509,322,63.26,23.92,1023.92,0.23,1.3205
0.55,20,kelly,0.05,1.0,1.3,508,321,63.19,23.64,1023.64,0.23,1.3048
0.55,20,kelly,0.05,1.0,1.4,502,318,63.35,25.63,1025.63,0.26,1.4229
0.55,20,kelly,0.05,1.0,1.5,448,280,62.5,24.39,1024.39,0.27,1.4066
0.55,20,kelly,0.05,1.0,1.6,378,232,61.38,19.67,1019.67,0.26,1.2102
0.55,20,kelly,0.07,0.85,1.1,508,321,63.19,-56.11,943.89,-0.55,-3.6441
0.55,20,kelly,0.07,0.85,1.2,495,314,63.43,-51.28,948.72,-0.52,-3.3682
0.55,20,kelly,0.07,0.85,1.3,431,269,62.41,-43.65,956.35,-0.51,-3.0068
0.55,20,kelly,0.07,0.85,1.4,322,193,59.94,-37.81,962.19,-0.59,-2.9172
0.55,20,kelly,0.07,0.85,1.5,102,54,52.94,-19.82,980.18,-0.97,-2.5836
0.55,20,kelly,0.07,0.85,1.6,0,0,0.0,0.0,1000.0,0.0,0.0
0.55,20,kelly,0.07,0.9,1.1,509,322,63.26,-29.37,970.63,-0.29,-1.8013
0.55,20,kelly,0.07,0.9,1.2,505,319,63.17,-28.88,971.12,-0.29,-1.775
0.55,20,kelly,0.07,0.9,1.3,485,305,62.89,-26.73,973.27,-0.28,-1.6646
0.55,20,kelly,0.07,0.9,1.4,416,261,62.74,-16.96,983.04,-0.2,-1.1221
0.55,20,kelly,0.07,0.9,1.5,293,171,58.36,-24.94,975.06,-0.43,-1.8845
0.55,20,kelly,0.07,0.9,1.6,74,39,52.7,-10.92,989.08,-0.74,-1.5718
0.55,20,kelly,0.07,0.95,1.1,509,322,63.26,-2.72,997.28,-0.03,-0.1582
0.55,20,kelly,0.07,0.95,1.2,509,322,63.26,-2.72,997.28,-0.03,-0.1582
0.55,20,kelly,0.07,0.95,1.3,504,319,63.29,-1.43,998.57,-0.01,-0.0835
0.55,20,kelly,0.07,0.95,1.4,462,290,62.77,0.92,1000.92,0.01,0.0552
0.55,20,kelly,0.07,0.95,1.5,398,246,61.81,0.88,1000.88,0.01,0.056
0.55,20,kelly,0.07,0.95,1.6,267,156,58.43,-7.92,992.08,-0.15,-0.5918
0.55,20,kelly,0.07,0.98,1.1,509,322,63.26,13.26,1013.26,0.13,0.7471
0.55,20,kelly,0.07,0.98,1.2,509,322,63.26,13.26,1013.26,0.13,0.7471
0.55,20,kelly,0.07,0.98,1.3,506,319,63.04,12.44,1012.44,0.12,0.7008
0.55,20,kelly,0.07,0.98,1.4,489,308,62.99,14.24,1014.24,0.15,0.8121
0.55,20,kelly,0.07,0.98,1.5,431,269,62.41,15.59,1015.59,0.18,0.9316
0.55,20,kelly,0.07,0.98,1.6,343,205,59.77,3.93,1003.93,0.06,0.2553
0.55,20,kelly,0.07,1.0,1.1,509,322,63.26,23.92,1023.92,0.23,1.3205
0.55,20,kelly,0.07,1.0,1.2,509,322,63.26,23.92,1023.92,0.23,1.3205
0.55,20,kelly,0.07,1.0,1.3,508,321,63.19,23.64,1023.64,0.23,1.3048
0.55,20,kelly,0.07,1.0,1.4,502,318,63.35,25.63,1025.63,0.26,1.4229
0.55,20,kelly,0.07,1.0,1.5,448,280,62.5,24.39,1024.39,0.27,1.4066
0.55,20,kelly,0.07,1.0,1.6,378,232,61.38,19.67,1019.67,0.26,1.2102
0.55,20,kelly,0.1,0.85,1.1,508,321,63.19,-56.11,943.89,-0.55,-3.6441
0.55,20,kelly,0.1,0.85,1.2,495,314,63.43,-51.28,948.72,-0.52,-3.3682
0.55,20,kelly,0.1,0.85,1.3,431,269,62.41,-43.65,956.35,-0.51,-3.0068
0.55,20,kelly,0.1,0.85,1.4,322,193,59.94,-37.81,962.19,-0.59,-2.9172
0.55,20,kelly,0.1,0.85,1.5,102,54,52.94,-19.82,980.18,-0.97,-2.5836
0.55,20,kelly,0.1,0.85,1.6,0,0,0.0,0.0,1000.0,0.0,0.0
0.55,20,kelly,0.1,0.9,1.1,509,322,63.26,-29.37,970.63,-0.29,-1.8013
0.55,20,kelly,0.1,0.9,1.2,505,319,63.17,-28.88,971.12,-0.29,-1.775
0.55,20,kelly,0.1,0.9,1.3,485,305,62.89,-26.73,973.27,-0.28,-1.6646
0.55,20,kelly,0.1,0.9,1.4,416,261,62.74,-16.96,983.04,-0.2,-1.1221
0.55,20,kelly,0.1,0.9,1.5,293,171,58.36,-24.94,975.06,-0.43,-1.8845
0.55,20,kelly,0.1,0.9,1.6,74,39,52.7,-10.92,989.08,-0.74,-1.5718
0.55,20,kelly,0.1,0.95,1.1,509,322,63.26,-2.72,997.28,-0.03,-0.1582
0.55,20,kelly,0.1,0.95,1.2,509,322,63.26,-2.72,997.28,-0.03,-0.1582
0.55,20,kelly,0.1,0.95,1.3,504,319,63.29,-1.43,998.57,-0.01,-0.0835
0.55,20,kelly,0.1,0.95,1.4,462,290,62.77,0.92,1000.92,0.01,0.0552
0.55,20,kelly,0.1,0.95,1.5,398,246,61.81,0.88,1000.88,0.01,0.056
0.55,20,kelly,0.1,0.95,1.6,267,156,58.43,-7.92,992.08,-0.15,-0.5918
0.55,20,kelly,0.1,0.98,1.1,509,322,63.26,13.26,1013.26,0.13,0.7471
0.55,20,kelly,0.1,0.98,1.2,509,322,63.26,13.26,1013.26,0.13,0.7471
0.55,20,kelly,0.1,0.98,1.3,506,319,63.04,12.44,1012.44,0.12,0.7008
0.55,20,kelly,0.1,0.98,1.4,489,308,62.99,14.24,1014.24,0.15,0.8121
0.55,20,kelly,0.1,0.98,1.5,431,269,62.41,15.59,1015.59,0.18,0.9316
0.55,20,kelly,0.1,0.98,1.6,343,205,59.77,3.93,1003.93,0.06,0.2553
0.55,20,kelly,0.1,1.0,1.1,509,322,63.26,23.92,1023.92,0.23,1.3205
0.55,20,kelly,0.1,1.0,1.2,509,322,63.26,23.92,1023.92,0.23,1.3205
0.55,20,kelly,0.1,1.0,1.3,508,321,63.19,23.64,1023.64,0.23,1.3048
0.55,20,kelly,0.1,1.0,1.4,502,318,63.35,25.63,1025.63,0.26,1.4229
0.55,20,kelly,0.1,1.0,1.5,448,280,62.5,24.39,1024.39,0.27,1.4066
0.55,20,kelly,0.1,1.0,1.6,378,232,61.38,19.67,1019.67,0.26,1.2102
0.55,20,kelly,0.15,0.85,1.1,508,321,63.19,-56.11,943.89,-0.55,-3.6441
0.55,20,kelly,0.15,0.85,1.2,495,314,63.43,-51.28,948.72,-0.52,-3.3682
0.55,20,kelly,0.15,0.85,1.3,431,269,62.41,-43.65,956.35,-0.51,-3.0068
0.55,20,kelly,0.15,0.85,1.4,322,193,59.94,-37.81,962.19,-0.59,-2.9172
0.55,20,kelly,0.15,0.85,1.5,102,54,52.94,-19.82,980.18,-0.97,-2.5836
0.55,20,kelly,0.15,0.85,1.6,0,0,0.0,0.0,1000.0,0.0,0.0
0.55,20,kelly,0.15,0.9,1.1,509,322,63.26,-29.37,970.63,-0.29,-1.8013
0.55,20,kelly,0.15,0.9,1.2,505,319,63.17,-28.88,971.12,-0.29,-1.775
0.55,20,kelly,0.15,0.9,1.3,485,305,62.89,-26.73,973.27,-0.28,-1.6646
0.55,20,kelly,0.15,0.9,1.4,416,261,62.74,-16.96,983.04,-0.2,-1.1221
0.55,20,kelly,0.15,0.9,1.5,293,171,58.36,-24.94,975.06,-0.43,-1.8845
0.55,20,kelly,0.15,0.9,1.6,74,39,52.7,-10.92,989.08,-0.74,-1.5718
0.55,20,kelly,0.15,0.95,1.1,509,322,63.26,-2.72,997.28,-0.03,-0.1582
0.55,20,kelly,0.15,0.95,1.2,509,322,63.26,-2.72,997.28,-0.03,-0.1582
0.55,20,kelly,0.15,0.95,1.3,504,319,63.29,-1.43,998.57,-0.01,-0.0835
0.55,20,kelly,0.15,0.95,1.4,462,290,62.77,0.92,1000.92,0.01,0.0552
0.55,20,kelly,0.15,0.95,1.5,398,246,61.81,0.88,1000.88,0.01,0.056
0.55,20,kelly,0.15,0.95,1.6,267,156,58.43,-7.92,992.08,-0.15,-0.5918
0.55,20,kelly,0.15,0.98,1.1,509,322,63.26,13.26,1013.26,0.13,0.7471
0.55,20,kelly,0.15,0.98,1.2,509,322,63.26,13.26,1013.26,0.13,0.7471
0.55,20,kelly,0.15,0.98,1.3,506,319,63.04,12.44,1012.44,0.12,0.7008
0.55,20,kelly,0.15,0.98,1.4,489,308,62.99,14.24,1014.24,0.15,0.8121
0.55,20,kelly,0.15,0.98,1.5,431,269,62.41,15.59,1015.59,0.18,0.9316
0.55,20,kelly,0.15,0.98,1.6,343,205,59.77,3.93,1003.93,0.06,0.2553
0.55,20,kelly,0.15,1.0,1.1,509,322,63.26,23.92,1023.92,0.23,1.3205
0.55,20,kelly,0.15,1.0,1.2,509,322,63.26,23.92,1023.92,0.23,1.3205
0.55,20,kelly,0.15,1.0,1.3,508,321,63.19,23.64,1023.64,0.23,1.3048
0.55,20,kelly,0.15,1.0,1.4,502,318,63.35,25.63,1025.63,0.26,1.4229
0.55,20,kelly,0.15,1.0,1.5,448,280,62.5,24.39,1024.39,0.27,1.4066
0.55,20,kelly,0.15,1.0,1.6,378,232,61.38,19.67,1019.67,0.26,1.2102
0.57,20,kelly,0.03,0.85,1.1,377,253,67.11,-28.24,971.76,-0.37,-2.233
0.57,20,kelly,0.03,0.85,1.2,364,246,67.58,-23.41,976.59,-0.32,-1.884
0.57,20,kelly,0.03,0.85,1.3,300,201,67.0,-15.78,984.22,-0.26,-1.3678
0.57,20,kelly,0.03,0.85,1.4,191,125,65.45,-9.94,990.06,-0.26,-1.0438
0.57,20,kelly,0.03,0.85,1.5,0,0,0.0,0.0,1000.0,0.0,0.0
0.57,20,kelly,0.03,0.85,1.6,0,0,0.0,0.0,1000.0,0.0,0.0
0.57,20,kelly,0.03,0.9,1.1,378,254,67.2,-7.57,992.43,-0.1,-0.5653
0.57,20,kelly,0.03,0.9,1.2,374,251,67.11,-7.08,992.92,-0.09,-0.5305
0.57,20,kelly,0.03,0.9,1.3,354,237,66.95,-4.93,995.07,-0.07,-0.3769
0.57,20,kelly,0.03,0.9,1.4,285,193,67.72,4.84,1004.84,0.08,0.4077
0.57,20,kelly,0.03,0.9,1.5,162,103,63.58,-3.14,996.86,-0.1,-0.3328
0.57,20,kelly,0.03,0.9,1.6,0,0,0.0,0.0,1000.0,0.0,0.0
0.57,20,kelly,0.03,0.95,1.1,378,254,67.2,13.01,1013.01,0.17,0.9201
0.57,20,kelly,0.03,0.95,1.2,378,254,67.2,13.01,1013.01,0.17,0.9201
0.57,20,kelly,0.03,0.95,1.3,373,251,67.29,14.3,1014.3,0.19,1.0172
0.57,20,kelly,0.03,0.95,1.4,331,222,67.07,16.65,1016.65,0.25,1.2398
0.57,20,kelly,0.03,0.95,1.5,267,178,66.67,16.61,1016.61,0.31,1.3518
0.57,20,kelly,0.03,0.95,1.6,136,88,64.71,7.81,1007.81,0.29,0.8576
0.57,20,kelly,0.03,0.98,1.1,378,254,67.2,25.36,1025.36,0.34,1.7386
0.57,20,kelly,0.03,0.98,1.2,378,254,67.2,25.36,1025.36,0.34,1.7386
0.57,20,kelly,0.03,0.98,1.3,375,251,66.93,24.53,1024.53,0.33,1.6825
0.57,20,kelly,0.03,0.98,1.4,358,240,67.04,26.33,1026.33,0.37,1.8405
0.57,20,kelly,0.03,0.98,1.5,300,201,67.0,27.68,1027.68,0.46,2.0809
0.57,20,kelly,0.03,0.98,1.6,212,137,64.62,16.02,1016.02,0.38,1.3818
0.57,20,kelly,0.03,1.0,1.1,378,254,67.2,33.59,1033.59,0.44,2.257
0.57,20,kelly,0.03,1.0,1.2,378,254,67.2,33.59,1033.59,0.44,2.257
0.57,20,kelly,0.03,1.0,1.3,377,253,67.11,33.3,1033.3,0.44,2.2379
0.57,20,kelly,0.03,1.0,1.4,371,250,67.39,35.3,1035.3,0.48,2.3926
0.57,20,kelly,0.03,1.0,1.5,317,212,66.88,34.06,1034.06,0.54,2.4481
0.57,20,kelly,0.03,1.0,1.6,247,164,66.4,29.33,1029.33,0.59,2.3426
0.57,20,kelly,0.05,0.85,1.1,377,253,67.11,-28.24,971.76,-0.37,-2.233
0.57,20,kelly,0.05,0.85,1.2,364,246,67.58,-23.41,976.59,-0.32,-1.884
0.57,20,kelly,0.05,0.85,1.3,300,201,67.0,-15.78,984.22,-0.26,-1.3678
0.57,20,kelly,0.05,0.85,1.4,191,125,65.45,-9.94,990.06,-0.26,-1.0438
0.57,20,kelly,0.05,0.85,1.5,0,0,0.0,0.0,1000.0,0.0,0.0
0.57,20,kelly,0.05,0.85,1.6,0,0,0.0,0.0,1000.0,0.0,0.0
0.57,20,kelly,0.05,0.9,1.1,378,254,67.2,-7.57,992.43,-0.1,-0.5653
0.57,20,kelly,0.05,0.9,1.2,374,251,67.11,-7.08,992.92,-0.09,-0.5305
0.57,20,kelly,0.05,0.9,1.3,354,237,66.95,-4.93,995.07,-0.07,-0.3769
0.57,20,kelly,0.05,0.9,1.4,285,193,67.72,4.84,1004.84,0.08,0.4077
0.57,20,kelly,0.05,0.9,1.5,162,103,63.58,-3.14,996.86,-0.1,-0.3328
0.57,20,kelly,0.05,0.9,1.6,0,0,0.0,0.0,1000.0,0.0,0.0
0.57,20,kelly,0.05,0.95,1.1,378,254,67.2,13.01,1013.01,0.17,0.9201
0.57,20,kelly,0.05,0.95,1.2,378,254,67.2,13.01,1013.01,0.17,0.9201
0.57,20,kelly,0.05,0.95,1.3,373,251,67.29,14.3,1014.3,0.19,1.0172
0.57,20,kelly,0.05,0.95,1.4,331,222,67.07,16.65,1016.65,0.25,1.2398
0.57,20,kelly,0.05,0.95,1.5,267,178,66.67,16.61,1016.61,0.31,1.3518
0.57,20,kelly,0.05,0.95,1.6,136,88,64.71,7.81,1007.81,0.29,0.8576
0.57,20,kelly,0.05,0.98,1.1,378,254,67.2,25.36,1025.36,0.34,1.7386
0.57,20,kelly,0.05,0.98,1.2,378,254,67.2,25.36,1025.36,0.34,1.7386
0.57,20,kelly,0.05,0.98,1.3,375,251,66.93,24.53,1024.53,0.33,1.6825
0.57,20,kelly,0.05,0.98,1.4,358,240,67.04,26.33,1026.33,0.37,1.8405
0.57,20,kelly,0.05,0.98,1.5,300,201,67.0,27.68,1027.68,0.46,2.0809
0.57,20,kelly,0.05,0.98,1.6,212,137,64.62,16.02,1016.02,0.38,1.3818
0.57,20,kelly,0.05,1.0,1.1,378,254,67.2,33.59,1033.59,0.44,2.257
0.57,20,kelly,0.05,1.0,1.2,378,254,67.2,33.59,1033.59,0.44,2.257
0.57,20,kelly,0.05,1.0,1.3,377,253,67.11,33.3,1033.3,0.44,2.2379
0.57,20,kelly,0.05,1.0,1.4,371,250,67.39,35.3,1035.3,0.48,2.3926
0.57,20,kelly,0.05,1.0,1.5,317,212,66.88,34.06,1034.06,0.54,2.4481
0.57,20,kelly,0.05,1.0,1.6,247,164,66.4,29.33,1029.33,0.59,2.3426
0.57,20,kelly,0.07,0.85,1.1,377,253,67.11,-28.24,971.76,-0.37,-2.233
0.57,20,kelly,0.07,0.85,1.2,364,246,67.58,-23.41,976.59,-0.32,-1.884
0.57,20,kelly,0.07,0.85,1.3,300,201,67.0,-15.78,984.22,-0.26,-1.3678
0.57,20,kelly,0.07,0.85,1.4,191,125,65.45,-9.94,990.06,-0.26,-1.0438
0.57,20,kelly,0.07,0.85,1.5,0,0,0.0,0.0,1000.0,0.0,0.0
0.57,20,kelly,0.07,0.85,1.6,0,0,0.0,0.0,1000.0,0.0,0.0
0.57,20,kelly,0.07,0.9,1.1,378,254,67.2,-7.57,992.43,-0.1,-0.5653
0.57,20,kelly,0.07,0.9,1.2,374,251,67.11,-7.08,992.92,-0.09,-0.5305
0.57,20,kelly,0.07,0.9,1.3,354,237,66.95,-4.93,995.07,-0.07,-0.3769
0.57,20,kelly,0.07,0.9,1.4,285,193,67.72,4.84,1004.84,0.08,0.4077
0.57,20,kelly,0.07,0.9,1.5,162,103,63.58,-3.14,996.86,-0.1,-0.3328
0.57,20,kelly,0.07,0.9,1.6,0,0,0.0,0.0,1000.0,0.0,0.0
0.57,20,kelly,0.07,0.95,1.1,378,254,67.2,13.01,1013.01,0.17,0.9201
0.57,20,kelly,0.07,0.95,1.2,378,254,67.2,13.01,1013.01,0.17,0.9201
0.57,20,kelly,0.07,0.95,1.3,373,251,67.29,14.3,1014.3,0.19,1.0172
0.57,20,kelly,0.07,0.95,1.4,331,222,67.07,16.65,1016.65,0.25,1.2398
0.57,20,kelly,0.07,0.95,1.5,267,178,66.67,16.61,1016.61,0.31,1.3518
0.57,20,kelly,0.07,0.95,1.6,136,88,64.71,7.81,1007.81,0.29,0.8576
0.57,20,kelly,0.07,0.98,1.1,378,254,67.2,25.36,1025.36,0.34,1.7386
0.57,20,kelly,0.07,0.98,1.2,378,254,67.2,25.36,1025.36,0.34,1.7386
0.57,20,kelly,0.07,0.98,1.3,375,251,66.93,24.53,1024.53,0.33,1.6825
0.57,20,kelly,0.07,0.98,1.4,358,240,67.04,26.33,1026.33,0.37,1.8405
0.57,20,kelly,0.07,0.98,1.5,300,201,67.0,27.68,1027.68,0.46,2.0809
0.57,20,kelly,0.07,0.98,1.6,212,137,64.62,16.02,1016.02,0.38,1.3818
0.57,20,kelly,0.07,1.0,1.1,378,254,67.2,33.59,1033.59,0.44,2.257
0.57,20,kelly,0.07,1.0,1.2,378,254,67.2,33.59,1033.59,0.44,2.257
0.57,20,kelly,0.07,1.0,1.3,377,253,67.11,33.3,1033.3,0.44,2.2379
0.57,20,kelly,0.07,1.0,1.4,371,250,67.39,35.3,1035.3,0.48,2.3926
0.57,20,kelly,0.07,1.0,1.5,317,212,66.88,34.06,1034.06,0.54,2.4481
0.57,20,kelly,0.07,1.0,1.6,247,164,66.4,29.33,1029.33,0.59,2.3426
0.57,20,kelly,0.1,0.85,1.1,377,253,67.11,-28.24,971.76,-0.37,-2.233
0.57,20,kelly,0.1,0.85,1.2,364,246,67.58,-23.41,976.59,-0.32,-1.884
0.57,20,kelly,0.1,0.85,1.3,300,201,67.0,-15.78,984.22,-0.26,-1.3678
0.57,20,kelly,0.1,0.85,1.4,191,125,65.45,-9.94,990.06,-0.26,-1.0438
0.57,20,kelly,0.1,0.85,1.5,0,0,0.0,0.0,1000.0,0.0,0.0
0.57,20,kelly,0.1,0.85,1.6,0,0,0.0,0.0,1000.0,0.0,0.0
0.57,20,kelly,0.1,0.9,1.1,378,254,67.2,-7.57,992.43,-0.1,-0.5653
0.57,20,kelly,0.1,0.9,1.2,374,251,67.11,-7.08,992.92,-0.09,-0.5305
0.57,20,kelly,0.1,0.9,1.3,354,237,66.95,-4.93,995.07,-0.07,-0.3769
0.57,20,kelly,0.1,0.9,1.4,285,193,67.72,4.84,1004.84,0.08,0.4077
0.57,20,kelly,0.1,0.9,1.5,162,103,63.58,-3.14,996.86,-0.1,-0.3328
0.57,20,kelly,0.1,0.9,1.6,0,0,0.0,0.0,1000.0,0.0,0.0
0.57,20,kelly,0.1,0.95,1.1,378,254,67.2,13.01,1013.01,0.17,0.9201
0.57,20,kelly,0.1,0.95,1.2,378,254,67.2,13.01,1013.01,0.17,0.9201
0.57,20,kelly,0.1,0.95,1.3,373,251,67.29,14.3,1014.3,0.19,1.0172
0.57,20,kelly,0.1,0.95,1.4,331,222,67.07,16.65,1016.65,0.25,1.2398
0.57,20,kelly,0.1,0.95,1.5,267,178,66.67,16.61,1016.61,0.31,1.3518
0.57,20,kelly,0.1,0.95,1.6,136,88,64.71,7.81,1007.81,0.29,0.8576
0.57,20,kelly,0.1,0.98,1.1,378,254,67.2,25.36,1025.36,0.34,1.7386
0.57,20,kelly,0.1,0.98,1.2,378,254,67.2,25.36,1025.36,0.34,1.7386
0.57,20,kelly,0.1,0.98,1.3,375,251,66.93,24.53,1024.53,0.33,1.6825
0.57,20,kelly,0.1,0.98,1.4,358,240,67.04,26.33,1026.33,0.37,1.8405
0.57,20,kelly,0.1,0.98,1.5,300,201,67.0,27.68,1027.68,0.46,2.0809
0.57,20,kelly,0.1,0.98,1.6,212,137,64.62,16.02,1016.02,0.38,1.3818
0.57,20,kelly,0.1,1.0,1.1,378,254,67.2,33.59,1033.59,0.44,2.257
0.57,20,kelly,0.1,1.0,1.2,378,254,67.2,33.59,1033.59,0.44,2.257
0.57,20,kelly,0.1,1.0,1.3,377,253,67.11,33.3,1033.3,0.44,2.2379
0.57,20,kelly,0.1,1.0,1.4,371,250,67.39,35.3,1035.3,0.48,2.3926
0.57,20,kelly,0.1,1.0,1.5,317,212,66.88,34.06,1034.06,0.54,2.4481
0.57,20,kelly,0.1,1.0,1.6,247,164,66.4,29.33,1029.33,0.59,2.3426
0.57,20,kelly,0.15,0.85,1.1,377,253,67.11,-28.24,971.76,-0.37,-2.233
0.57,20,kelly,0.15,0.85,1.2,364,246,67.58,-23.41,976.59,-0.32,-1.884
0.57,20,kelly,0.15,0.85,1.3,300,201,67.0,-15.78,984.22,-0.26,-1.3678
0.57,20,kelly,0.15,0.85,1.4,191,125,65.45,-9.94,990.06,-0.26,-1.0438
0.57,20,kelly,0.15,0.85,1.5,0,0,0.0,0.0,1000.0,0.0,0.0
0.57,20,kelly,0.15,0.85,1.6,0,0,0.0,0.0,1000.0,0.0,0.0
0.57,20,kelly,0.15,0.9,1.1,378,254,67.2,-7.57,992.43,-0.1,-0.5653
0.57,20,kelly,0.15,0.9,1.2,374,251,67.11,-7.08,992.92,-0.09,-0.5305
0.57,20,kelly,0.15,0.9,1.3,354,237,66.95,-4.93,995.07,-0.07,-0.3769
0.57,20,kelly,0.15,0.9,1.4,285,193,67.72,4.84,1004.84,0.08,0.4077
0.57,20,kelly,0.15,0.9,1.5,162,103,63.58,-3.14,996.86,-0.1,-0.3328
0.57,20,kelly,0.15,0.9,1.6,0,0,0.0,0.0,1000.0,0.0,0.0
0.57,20,kelly,0.15,0.95,1.1,378,254,67.2,13.01,1013.01,0.17,0.9201
0.57,20,kelly,0.15,0.95,1.2,378,254,67.2,13.01,1013.01,0.17,0.9201
0.57,20,kelly,0.15,0.95,1.3,373,251,67.29,14.3,1014.3,0.19,1.0172
0.57,20,kelly,0.15,0.95,1.4,331,222,67.07,16.65,1016.65,0.25,1.2398
0.57,20,kelly,0.15,0.95,1.5,267,178,66.67,16.61,1016.61,0.31,1.3518
0.57,20,kelly,0.15,0.95,1.6,136,88,64.71,7.81,1007.81,0.29,0.8576
0.57,20,kelly,0.15,0.98,1.1,378,254,67.2,25.36,1025.36,0.34,1.7386
0.57,20,kelly,0.15,0.98,1.2,378,254,67.2,25.36,1025.36,0.34,1.7386
0.57,20,kelly,0.15,0.98,1.3,375,251,66.93,24.53,1024.53,0.33,1.6825
0.57,20,kelly,0.15,0.98,1.4,358,240,67.04,26.33,1026.33,0.37,1.8405
0.57,20,kelly,0.15,0.98,1.5,300,201,67.0,27.68,1027.68,0.46,2.0809
0.57,20,kelly,0.15,0.98,1.6,212,137,64.62,16.02,1016.02,0.38,1.3818
0.57,20,kelly,0.15,1.0,1.1,378,254,67.2,33.59,1033.59,0.44,2.257
0.57,20,kelly,0.15,1.0,1.2,378,254,67.2,33.59,1033.59,0.44,2.257
0.57,20,kelly,0.15,1.0,1.3,377,253,67.11,33.3,1033.3,0.44,2.2379
0.57,20,kelly,0.15,1.0,1.4,371,250,67.39,35.3,1035.3,0.48,2.3926
0.57,20,kelly,0.15,1.0,1.5,317,212,66.88,34.06,1034.06,0.54,2.4481
0.57,20,kelly,0.15,1.0,1.6,247,164,66.4,29.33,1029.33,0.59,2.3426
0.6,20,kelly,0.03,0.85,1.1,215,150,69.77,-16.27,983.73,-0.38,-1.8156
0.6,20,kelly,0.03,0.85,1.2,202,143,70.79,-11.44,988.56,-0.28,-1.3234
0.6,20,kelly,0.03,0.85,1.3,138,98,71.01,-3.81,996.19,-0.14,-0.5221
0.6,20,kelly,0.03,0.85,1.4,29,22,75.86,2.03,1002.03,0.35,0.6241
0.6,20,kelly,0.03,0.85,1.5,0,0,0.0,0.0,1000.0,0.0,0.0
0.6,20,kelly,0.03,0.85,1.6,0,0,0.0,0.0,1000.0,0.0,0.0
0.6,20,kelly,0.03,0.9,1.1,216,151,69.91,-4.43,995.57,-0.1,-0.4663
0.6,20,kelly,0.03,0.9,1.2,212,148,69.81,-3.94,996.06,-0.09,-0.4175
0.6,20,kelly,0.03,0.9,1.3,192,134,69.79,-1.79,998.21,-0.05,-0.1975
0.6,20,kelly,0.03,0.9,1.4,123,90,73.17,7.99,1007.99,0.32,1.1158
0.6,20,kelly,0.03,0.9,1.5,0,0,0.0,0.0,1000.0,0.0,0.0
0.6,20,kelly,0.03,0.9,1.6,0,0,0.0,0.0,1000.0,0.0,0.0
0.6,20,kelly,0.03,0.95,1.1,216,151,69.91,7.33,1007.33,0.17,0.7313
0.6,20,kelly,0.03,0.95,1.2,216,151,69.91,7.33,1007.33,0.17,0.7313
0.6,20,kelly,0.03,0.95,1.3,211,148,70.14,8.62,1008.62,0.2,0.8701
0.6,20,kelly,0.03,0.95,1.4,169,119,70.41,10.97,1010.97,0.32,1.2202
0.6,20,kelly,0.03,0.95,1.5,105,75,71.43,10.93,1010.93,0.52,1.5271
0.6,20,kelly,0.03,0.95,1.6,0,0,0.0,0.0,1000.0,0.0,0.0
0.6,20,kelly,0.03,0.98,1.1,216,151,69.91,14.38,1014.38,0.33,1.3913
0.6,20,kelly,0.03,0.98,1.2,216,151,69.91,14.38,1014.38,0.33,1.3913
0.6,20,kelly,0.03,0.98,1.3,213,148,69.48,13.55,1013.55,0.32,1.3122
0.6,20,kelly,0.03,0.98,1.4,196,137,69.9,15.35,1015.35,0.39,1.5449
0.6,20,kelly,0.03,0.98,1.5,138,98,71.01,16.71,1016.71,0.61,1.9839
0.6,20,kelly,0.03,0.98,1.6,50,34,68.0,5.04,1005.04,0.5,0.9446
0.6,20,kelly,0.03,1.0,1.1,216,151,69.91,19.08,1019.08,0.44,1.8092
0.6,20,kelly,0.03,1.0,1.2,216,151,69.91,19.08,1019.08,0.44,1.8092
0.6,20,kelly,0.03,1.0,1.3,215,150,69.77,18.8,1018.8,0.44,1.7823
0.6,20,kelly,0.03,1.0,1.4,209,147,70.33,20.79,1020.79,0.5,2.0061
0.6,20,kelly,0.03,1.0,1.5,155,109,70.32,19.55,1019.55,0.63,2.1435
0.6,20,kelly,0.03,1.0,1.6,85,61,71.76,14.83,1014.83,0.87,2.1825
0.6,20,kelly,0.05,0.85,1.1,215,150,69.77,-16.27,983.73,-0.38,-1.8156
0.6,20,kelly,0.05,0.85,1.2,202,143,70.79,-11.44,988.56,-0.28,-1.3234
0.6,20,kelly,0.05,0.85,1.3,138,98,71.01,-3.81,996.19,-0.14,-0.5221
0.6,20,kelly,0.05,0.85,1.4,29,22,75.86,2.03,1002.03,0.35,0.6241
0.6,20,kelly,0.05,0.85,1.5,0,0,0.0,0.0,1000.0,0.0,0.0
0.6,20,kelly,0.05,0.85,1.6,0,0,0.0,0.0,1000.0,0.0,0.0
0.6,20,kelly,0.05,0.9,1.1,216,151,69.91,-4.43,995.57,-0.1,-0.4663
0.6,20,kelly,0.05,0.9,1.2,212,148,69.81,-3.94,996.06,-0.09,-0.4175
0.6,20,kelly,0.05,0.9,1.3,192,134,69.79,-1.79,998.21,-0.05,-0.1975
0.6,20,kelly,0.05,0.9,1.4,123,90,73.17,7.99,1007.99,0.32,1.1158
0.6,20,kelly,0.05,0.9,1.5,0,0,0.0,0.0,1000.0,0.0,0.0
0.6,20,kelly,0.05,0.9,1.6,0,0,0.0,0.0,1000.0,0.0,0.0
0.6,20,kelly,0.05,0.95,1.1,216,151,69.91,7.33,1007.33,0.17,0.7313
0.6,20,kelly,0.05,0.95,1.2,216,151,69.91,7.33,1007.33,0.17,0.7313
0.6,20,kelly,0.05,0.95,1.3,211,148,70.14,8.62,1008.62,0.2,0.8701
0.6,20,kelly,0.05,0.95,1.4,169,119,70.41,10.97,1010.97,0.32,1.2202
0.6,20,kelly,0.05,0.95,1.5,105,75,71.43,10.93,1010.93,0.52,1.5271
0.6,20,kelly,0.05,0.95,1.6,0,0,0.0,0.0,1000.0,0.0,0.0
0.6,20,kelly,0.05,0.98,1.1,216,151,69.91,14.38,1014.38,0.33,1.3913
0.6,20,kelly,0.05,0.98,1.2,216,151,69.91,14.38,1014.38,0.33,1.3913
0.6,20,kelly,0.05,0.98,1.3,213,148,69.48,13.55,1013.55,0.32,1.3122
0.6,20,kelly,0.05,0.98,1.4,196,137,69.9,15.35,1015.35,0.39,1.5449
0.6,20,kelly,0.05,0.98,1.5,138,98,71.01,16.71,1016.71,0.61,1.9839
0.6,20,kelly,0.05,0.98,1.6,50,34,68.0,5.04,1005.04,0.5,0.9446
0.6,20,kelly,0.05,1.0,1.1,216,151,69.91,19.08,1019.08,0.44,1.8092
0.6,20,kelly,0.05,1.0,1.2,216,151,69.91,19.08,1019.08,0.44,1.8092
0.6,20,kelly,0.05,1.0,1.3,215,150,69.77,18.8,1018.8,0.44,1.7823
0.6,20,kelly,0.05,1.0,1.4,209,147,70.33,20.79,1020.79,0.5,2.0061
0.6,20,kelly,0.05,1.0,1.5,155,109,70.32,19.55,1019.55,0.63,2.1435
0.6,20,kelly,0.05,1.0,1.6,85,61,71.76,14.83,1014.83,0.87,2.1825
0.6,20,kelly,0.07,0.85,1.1,215,150,69.77,-16.27,983.73,-0.38,-1.8156
0.6,20,kelly,0.07,0.85,1.2,202,143,70.79,-11.44,988.56,-0.28,-1.3234
0.6,20,kelly,0.07,0.85,1.3,138,98,71.01,-3.81,996.19,-0.14,-0.5221
0.6,20,kelly,0.07,0.85,1.4,29,22,75.86,2.03,1002.03,0.35,0.6241
0.6,20,kelly,0.07,0.85,1.5,0,0,0.0,0.0,1000.0,0.0,0.0
0.6,20,kelly,0.07,0.85,1.6,0,0,0.0,0.0,1000.0,0.0,0.0
0.6,20,kelly,0.07,0.9,1.1,216,151,69.91,-4.43,995.57,-0.1,-0.4663
0.6,20,kelly,0.07,0.9,1.2,212,148,69.81,-3.94,996.06,-0.09,-0.4175
0.6,20,kelly,0.07,0.9,1.3,192,134,69.79,-1.79,998.21,-0.05,-0.1975
0.6,20,kelly,0.07,0.9,1.4,123,90,73.17,7.99,1007.99,0.32,1.1158
0.6,20,kelly,0.07,0.9,1.5,0,0,0.0,0.0,1000.0,0.0,0.0
0.6,20,kelly,0.07,0.9,1.6,0,0,0.0,0.0,1000.0,0.0,0.0
0.6,20,kelly,0.07,0.95,1.1,216,151,69.91,7.33,1007.33,0.17,0.7313
0.6,20,kelly,0.07,0.95,1.2,216,151,69.91,7.33,1007.33,0.17,0.7313
0.6,20,kelly,0.07,0.95,1.3,211,148,70.14,8.62,1008.62,0.2,0.8701
0.6,20,kelly,0.07,0.95,1.4,169,119,70.41,10.97,1010.97,0.32,1.2202
0.6,20,kelly,0.07,0.95,1.5,105,75,71.43,10.93,1010.93,0.52,1.5271
0.6,20,kelly,0.07,0.95,1.6,0,0,0.0,0.0,1000.0,0.0,0.0
0.6,20,kelly,0.07,0.98,1.1,216,151,69.91,14.38,1014.38,0.33,1.3913
0.6,20,kelly,0.07,0.98,1.2,216,151,69.91,14.38,1014.38,0.33,1.3913
0.6,20,kelly,0.07,0.98,1.3,213,148,69.48,13.55,1013.55,0.32,1.3122
0.6,20,kelly,0.07,0.98,1.4,196,137,69.9,15.35,1015.35,0.39,1.5449
0.6,20,kelly,0.07,0.98,1.5,138,98,71.01,16.71,1016.71,0.61,1.9839
0.6,20,kelly,0.07,0.98,1.6,50,34,68.0,5.04,1005.04,0.5,0.9446
0.6,20,kelly,0.07,1.0,1.1,216,151,69.91,19.08,1019.08,0.44,1.8092
0.6,20,kelly,0.07,1.0,1.2,216,151,69.91,19.08,1019.08,0.44,1.8092
0.6,20,kelly,0.07,1.0,1.3,215,150,69.77,18.8,1018.8,0.44,1.7823
0.6,20,kelly,0.07,1.0,1.4,209,147,70.33,20.79,1020.79,0.5,2.0061
0.6,20,kelly,0.07,1.0,1.5,155,109,70.32,19.55,1019.55,0.63,2.1435
0.6,20,kelly,0.07,1.0,1.6,85,61,71.76,14.83,1014.83,0.87,2.1825
0.6,20,kelly,0.1,0.85,1.1,215,150,69.77,-16.27,983.73,-0.38,-1.8156
0.6,20,kelly,0.1,0.85,1.2,202,143,70.79,-11.44,988.56,-0.28,-1.3234
0.6,20,kelly,0.1,0.85,1.3,138,98,71.01,-3.81,996.19,-0.14,-0.5221
0.6,20,kelly,0.1,0.85,1.4,29,22,75.86,2.03,1002.03,0.35,0.6241
0.6,20,kelly,0.1,0.85,1.5,0,0,0.0,0.0,1000.0,0.0,0.0
0.6,20,kelly,0.1,0.85,1.6,0,0,0.0,0.0,1000.0,0.0,0.0
0.6,20,kelly,0.1,0.9,1.1,216,151,69.91,-4.43,995.57,-0.1,-0.4663
0.6,20,kelly,0.1,0.9,1.2,212,148,69.81,-3.94,996.06,-0.09,-0.4175
0.6,20,kelly,0.1,0.9,1.3,192,134,69.79,-1.79,998.21,-0.05,-0.1975
0.6,20,kelly,0.1,0.9,1.4,123,90,73.17,7.99,1007.99,0.32,1.1158
0.6,20,kelly,0.1,0.9,1.5,0,0,0.0,0.0,1000.0,0.0,0.0
0.6,20,kelly,0.1,0.9,1.6,0,0,0.0,0.0,1000.0,0.0,0.0
0.6,20,kelly,0.1,0.95,1.1,216,151,69.91,7.33,1007.33,0.17,0.7313
0.6,20,kelly,0.1,0.95,1.2,216,151,69.91,7.33,1007.33,0.17,0.7313
0.6,20,kelly,0.1,0.95,1.3,211,148,70.14,8.62,1008.62,0.2,0.8701
0.6,20,kelly,0.1,0.95,1.4,169,119,70.41,10.97,1010.97,0.32,1.2202
0.6,20,kelly,0.1,0.95,1.5,105,75,71.43,10.93,1010.93,0.52,1.5271
0.6,20,kelly,0.1,0.95,1.6,0,0,0.0,0.0,1000.0,0.0,0.0
0.6,20,kelly,0.1,0.98,1.1,216,151,69.91,14.38,1014.38,0.33,1.3913
0.6,20,kelly,0.1,0.98,1.2,216,151,69.91,14.38,1014.38,0.33,1.3913
0.6,20,kelly,0.1,0.98,1.3,213,148,69.48,13.55,1013.55,0.32,1.3122
0.6,20,kelly,0.1,0.98,1.4,196,137,69.9,15.35,1015.35,0.39,1.5449
0.6,20,kelly,0.1,0.98,1.5,138,98,71.01,16.71,1016.71,0.61,1.9839
0.6,20,kelly,0.1,0.98,1.6,50,34,68.0,5.04,1005.04,0.5,0.9446
0.6,20,kelly,0.1,1.0,1.1,216,151,69.91,19.08,1019.08,0.44,1.8092
0.6,20,kelly,0.1,1.0,1.2,216,151,69.91,19.08,1019.08,0.44,1.8092
0.6,20,kelly,0.1,1.0,1.3,215,150,69.77,18.8,1018.8,0.44,1.7823
0.6,20,kelly,0.1,1.0,1.4,209,147,70.33,20.79,1020.79,0.5,2.0061
0.6,20,kelly,0.1,1.0,1.5,155,109,70.32,19.55,1019.55,0.63,2.1435
0.6,20,kelly,0.1,1.0,1.6,85,61,71.76,14.83,1014.83,0.87,2.1825
0.6,20,kelly,0.15,0.85,1.1,215,150,69.77,-16.27,983.73,-0.38,-1.8156
0.6,20,kelly,0.15,0.85,1.2,202,143,70.79,-11.44,988.56,-0.28,-1.3234
0.6,20,kelly,0.15,0.85,1.3,138,98,71.01,-3.81,996.19,-0.14,-0.5221
0.6,20,kelly,0.15,0.85,1.4,29,22,75.86,2.03,1002.03,0.35,0.6241
0.6,20,kelly,0.15,0.85,1.5,0,0,0.0,0.0,1000.0,0.0,0.0
0.6,20,kelly,0.15,0.85,1.6,0,0,0.0,0.0,1000.0,0.0,0.0
0.6,20,kelly,0.15,0.9,1.1,216,151,69.91,-4.43,995.57,-0.1,-0.4663
0.6,20,kelly,0.15,0.9,1.2,212,148,69.81,-3.94,996.06,-0.09,-0.4175
0.6,20,kelly,0.15,0.9,1.3,192,134,69.79,-1.79,998.21,-0.05,-0.1975
0.6,20,kelly,0.15,0.9,1.4,123,90,73.17,7.99,1007.99,0.32,1.1158
0.6,20,kelly,0.15,0.9,1.5,0,0,0.0,0.0,1000.0,0.0,0.0
0.6,20,kelly,0.15,0.9,1.6,0,0,0.0,0.0,1000.0,0.0,0.0
0.6,20,kelly,0.15,0.95,1.1,216,151,69.91,7.33,1007.33,0.17,0.7313
0.6,20,kelly,0.15,0.95,1.2,216,151,69.91,7.33,1007.33,0.17,0.7313
0.6,20,kelly,0.15,0.95,1.3,211,148,70.14,8.62,1008.62,0.2,0.8701
0.6,20,kelly,0.15,0.95,1.4,169,119,70.41,10.97,1010.97,0.32,1.2202
0.6,20,kelly,0.15,0.95,1.5,105,75,71.43,10.93,1010.93,0.52,1.5271
0.6,20,kelly,0.15,0.95,1.6,0,0,0.0,0.0,1000.0,0.0,0.0
0.6,20,kelly,0.15,0.98,1.1,216,151,69.91,14.38,1014.38,0.33,1.3913
0.6,20,kelly,0.15,0.98,1.2,216,151,69.91,14.38,1014.38,0.33,1.3913
0.6,20,kelly,0.15,0.98,1.3,213,148,69.48,13.55,1013.55,0.32,1.3122
0.6,20,kelly,0.15,0.98,1.4,196,137,69.9,15.35,1015.35,0.39,1.5449
0.6,20,kelly,0.15,0.98,1.5,138,98,71.01,16.71,1016.71,0.61,1.9839
0.6,20,kelly,0.15,0.98,1.6,50,34,68.0,5.04,1005.04,0.5,0.9446
0.6,20,kelly,0.15,1.0,1.1,216,151,69.91,19.08,1019.08,0.44,1.8092
0.6,20,kelly,0.15,1.0,1.2,216,151,69.91,19.08,1019.08,0.44,1.8092
0.6,20,kelly,0.15,1.0,1.3,215,150,69.77,18.8,1018.8,0.44,1.7823
0.6,20,kelly,0.15,1.0,1.4,209,147,70.33,20.79,1020.79,0.5,2.0061
0.6,20,kelly,0.15,1.0,1.5,155,109,70.32,19.55,1019.55,0.63,2.1435
0.6,20,kelly,0.15,1.0,1.6,85,61,71.76,14.83,1014.83,0.87,2.1825
0.62,20,kelly,0.03,0.85,1.1,140,98,70.0,-13.84,986.16,-0.49,-1.9765
0.62,20,kelly,0.03,0.85,1.2,127,91,71.65,-9.01,990.99,-0.35,-1.3647
0.62,20,kelly,0.03,0.85,1.3,63,46,73.02,-1.38,998.62,-0.11,-0.2932
0.62,20,kelly,0.03,0.85,1.4,0,0,0.0,0.0,1000.0,0.0,0.0
0.62,20,kelly,0.03,0.85,1.5,0,0,0.0,0.0,1000.0,0.0,0.0
0.62,20,kelly,0.03,0.85,1.6,0,0,0.0,0.0,1000.0,0.0,0.0
0.62,20,kelly,0.03,0.9,1.1,141,99,70.21,-6.26,993.74,-0.22,-0.8444
0.62,20,kelly,0.03,0.9,1.2,137,96,70.07,-5.78,994.22,-0.21,-0.7864
0.62,20,kelly,0.03,0.9,1.3,117,82,70.09,-3.63,996.37,-0.16,-0.5288
0.62,20,kelly,0.03,0.9,1.4,48,38,79.17,6.15,1006.15,0.64,1.5329
0.62,20,kelly,0.03,0.9,1.5,0,0,0.0,0.0,1000.0,0.0,0.0
0.62,20,kelly,0.03,0.9,1.6,0,0,0.0,0.0,1000.0,0.0,0.0
0.62,20,kelly,0.03,0.95,1.1,141,99,70.21,1.22,1001.22,0.04,0.1558
0.62,20,kelly,0.03,0.95,1.2,141,99,70.21,1.22,1001.22,0.04,0.1558
0.62,20,kelly,0.03,0.95,1.3,136,96,70.59,2.51,1002.51,0.09,0.3266
0.62,20,kelly,0.03,0.95,1.4,94,67,71.28,4.86,1004.86,0.26,0.7505
0.62,20,kelly,0.03,0.95,1.5,30,23,76.67,4.83,1004.83,0.8,1.3755
0.62,20,kelly,0.03,0.95,1.6,0,0,0.0,0.0,1000.0,0.0,0.0
0.62,20,kelly,0.03,0.98,1.1,141,99,70.21,5.71,1005.71,0.2,0.707
0.62,20,kelly,0.03,0.98,1.2,141,99,70.21,5.71,1005.71,0.2,0.707
0.62,20,kelly,0.03,0.98,1.3,138,96,69.57,4.89,1004.89,0.18,0.6056
0.62,20,kelly,0.03,0.98,1.4,121,85,70.25,6.68,1006.68,0.28,0.883
0.62,20,kelly,0.03,0.98,1.5,63,46,73.02,8.04,1008.04,0.64,1.4771
0.62,20,kelly,0.03,0.98,1.6,0,0,0.0,0.0,1000.0,0.0,0.0
0.62,20,kelly,0.03,1.0,1.1,141,99,70.21,8.71,1008.71,0.31,1.0561
0.62,20,kelly,0.03,1.0,1.2,141,99,70.21,8.71,1008.71,0.31,1.0561
0.62,20,kelly,0.03,1.0,1.3,140,98,70.0,8.42,1008.42,0.3,1.0217
0.62,20,kelly,0.03,1.0,1.4,134,95,70.9,10.42,1010.42,0.39,1.2995
0.62,20,kelly,0.03,1.0,1.5,80,57,71.25,9.17,1009.17,0.57,1.4476
0.62,20,kelly,0.03,1.0,1.6,10,9,90.0,4.45,1004.45,2.23,2.9217
0.62,20,kelly,0.05,0.85,1.1,140,98,70.0,-13.84,986.16,-0.49,-1.9765
0.62,20,kelly,0.05,0.85,1.2,127,91,71.65,-9.01,990.99,-0.35,-1.3647
0.62,20,kelly,0.05,0.85,1.3,63,46,73.02,-1.38,998.62,-0.11,-0.2932
0.62,20,kelly,0.05,0.85,1.4,0,0,0.0,0.0,1000.0,0.0,0.0
0.62,20,kelly,0.05,0.85,1.5,0,0,0.0,0.0,1000.0,0.0,0.0
0.62,20,kelly,0.05,0.85,1.6,0,0,0.0,0.0,1000.0,0.0,0.0
0.62,20,kelly,0.05,0.9,1.1,141,99,70.21,-6.26,993.74,-0.22,-0.8444
0.62,20,kelly,0.05,0.9,1.2,137,96,70.07,-5.78,994.22,-0.21,-0.7864
0.62,20,kelly,0.05,0.9,1.3,117,82,70.09,-3.63,996.37,-0.16,-0.5288
0.62,20,kelly,0.05,0.9,1.4,48,38,79.17,6.15,1006.15,0.64,1.5329
0.62,20,kelly,0.05,0.9,1.5,0,0,0.0,0.0,1000.0,0.0,0.0
0.62,20,kelly,0.05,0.9,1.6,0,0,0.0,0.0,1000.0,0.0,0.0
0.62,20,kelly,0.05,0.95,1.1,141,99,70.21,1.22,1001.22,0.04,0.1558
0.62,20,kelly,0.05,0.95,1.2,141,99,70.21,1.22,1001.22,0.04,0.1558
0.62,20,kelly,0.05,0.95,1.3,136,96,70.59,2.51,1002.51,0.09,0.3266
0.62,20,kelly,0.05,0.95,1.4,94,67,71.28,4.86,1004.86,0.26,0.7505
0.62,20,kelly,0.05,0.95,1.5,30,23,76.67,4.83,1004.83,0.8,1.3755
0.62,20,kelly,0.05,0.95,1.6,0,0,0.0,0.0,1000.0,0.0,0.0
0.62,20,kelly,0.05,0.98,1.1,141,99,70.21,5.71,1005.71,0.2,0.707
0.62,20,kelly,0.05,0.98,1.2,141,99,70.21,5.71,1005.71,0.2,0.707
0.62,20,kelly,0.05,0.98,1.3,138,96,69.57,4.89,1004.89,0.18,0.6056
0.62,20,kelly,0.05,0.98,1.4,121,85,70.25,6.68,1006.68,0.28,0.883
0.62,20,kelly,0.05,0.98,1.5,63,46,73.02,8.04,1008.04,0.64,1.4771
0.62,20,kelly,0.05,0.98,1.6,0,0,0.0,0.0,1000.0,0.0,0.0
0.62,20,kelly,0.05,1.0,1.1,141,99,70.21,8.71,1008.71,0.31,1.0561
0.62,20,kelly,0.05,1.0,1.2,141,99,70.21,8.71,1008.71,0.31,1.0561
0.62,20,kelly,0.05,1.0,1.3,140,98,70.0,8.42,1008.42,0.3,1.0217
0.62,20,kelly,0.05,1.0,1.4,134,95,70.9,10.42,1010.42,0.39,1.2995
0.62,20,kelly,0.05,1.0,1.5,80,57,71.25,9.17,1009.17,0.57,1.4476
0.62,20,kelly,0.05,1.0,1.6,10,9,90.0,4.45,1004.45,2.23,2.9217
0.62,20,kelly,0.07,0.85,1.1,140,98,70.0,-13.84,986.16,-0.49,-1.9765
0.62,20,kelly,0.07,0.85,1.2,127,91,71.65,-9.01,990.99,-0.35,-1.3647
0.62,20,kelly,0.07,0.85,1.3,63,46,73.02,-1.38,998.62,-0.11,-0.2932
0.62,20,kelly,0.07,0.85,1.4,0,0,0.0,0.0,1000.0,0.0,0.0
0.62,20,kelly,0.07,0.85,1.5,0,0,0.0,0.0,1000.0,0.0,0.0
0.62,20,kelly,0.07,0.85,1.6,0,0,0.0,0.0,1000.0,0.0,0.0
0.62,20,kelly,0.07,0.9,1.1,141,99,70.21,-6.26,993.74,-0.22,-0.8444
0.62,20,kelly,0.07,0.9,1.2,137,96,70.07,-5.78,994.22,-0.21,-0.7864
0.62,20,kelly,0.07,0.9,1.3,117,82,70.09,-3.63,996.37,-0.16,-0.5288
0.62,20,kelly,0.07,0.9,1.4,48,38,79.17,6.15,1006.15,0.64,1.5329
0.62,20,kelly,0.07,0.9,1.5,0,0,0.0,0.0,1000.0,0.0,0.0
0.62,20,kelly,0.07,0.9,1.6,0,0,0.0,0.0,1000.0,0.0,0.0
0.62,20,kelly,0.07,0.95,1.1,141,99,70.21,1.22,1001.22,0.04,0.1558
0.62,20,kelly,0.07,0.95,1.2,141,99,70.21,1.22,1001.22,0.04,0.1558
0.62,20,kelly,0.07,0.95,1.3,136,96,70.59,2.51,1002.51,0.09,0.3266
0.62,20,kelly,0.07,0.95,1.4,94,67,71.28,4.86,1004.86,0.26,0.7505
0.62,20,kelly,0.07,0.95,1.5,30,23,76.67,4.83,1004.83,0.8,1.3755
0.62,20,kelly,0.07,0.95,1.6,0,0,0.0,0.0,1000.0,0.0,0.0
0.62,20,kelly,0.07,0.98,1.1,141,99,70.21,5.71,1005.71,0.2,0.707
0.62,20,kelly,0.07,0.98,1.2,141,99,70.21,5.71,1005.71,0.2,0.707
0.62,20,kelly,0.07,0.98,1.3,138,96,69.57,4.89,1004.89,0.18,0.6056
0.62,20,kelly,0.07,0.98,1.4,121,85,70.25,6.68,1006.68,0.28,0.883
0.62,20,kelly,0.07,0.98,1.5,63,46,73.02,8.04,1008.04,0.64,1.4771
0.62,20,kelly,0.07,0.98,1.6,0,0,0.0,0.0,1000.0,0.0,0.0
0.62,20,kelly,0.07,1.0,1.1,141,99,70.21,8.71,1008.71,0.31,1.0561
0.62,20,kelly,0.07,1.0,1.2,141,99,70.21,8.71,1008.71,0.31,1.0561
0.62,20,kelly,0.07,1.0,1.3,140,98,70.0,8.42,1008.42,0.3,1.0217
0.62,20,kelly,0.07,1.0,1.4,134,95,70.9,10.42,1010.42,0.39,1.2995
0.62,20,kelly,0.07,1.0,1.5,80,57,71.25,9.17,1009.17,0.57,1.4476
0.62,20,kelly,0.07,1.0,1.6,10,9,90.0,4.45,1004.45,2.23,2.9217
0.62,20,kelly,0.1,0.85,1.1,140,98,70.0,-13.84,986.16,-0.49,-1.9765
0.62,20,kelly,0.1,0.85,1.2,127,91,71.65,-9.01,990.99,-0.35,-1.3647
0.62,20,kelly,0.1,0.85,1.3,63,46,73.02,-1.38,998.62,-0.11,-0.2932
0.62,20,kelly,0.1,0.85,1.4,0,0,0.0,0.0,1000.0,0.0,0.0
0.62,20,kelly,0.1,0.85,1.5,0,0,0.0,0.0,1000.0,0.0,0.0
0.62,20,kelly,0.1,0.85,1.6,0,0,0.0,0.0,1000.0,0.0,0.0
0.62,20,kelly,0.1,0.9,1.1,141,99,70.21,-6.26,993.74,-0.22,-0.8444
0.62,20,kelly,0.1,0.9,1.2,137,96,70.07,-5.78,994.22,-0.21,-0.7864
0.62,20,kelly,0.1,0.9,1.3,117,82,70.09,-3.63,996.37,-0.16,-0.5288
0.62,20,kelly,0.1,0.9,1.4,48,38,79.17,6.15,1006.15,0.64,1.5329
0.62,20,kelly,0.1,0.9,1.5,0,0,0.0,0.0,1000.0,0.0,0.0
0.62,20,kelly,0.1,0.9,1.6,0,0,0.0,0.0,1000.0,0.0,0.0
0.62,20,kelly,0.1,0.95,1.1,141,99,70.21,1.22,1001.22,0.04,0.1558
0.62,20,kelly,0.1,0.95,1.2,141,99,70.21,1.22,1001.22,0.04,0.1558
0.62,20,kelly,0.1,0.95,1.3,136,96,70.59,2.51,1002.51,0.09,0.3266
0.62,20,kelly,0.1,0.95,1.4,94,67,71.28,4.86,1004.86,0.26,0.7505
0.62,20,kelly,0.1,0.95,1.5,30,23,76.67,4.83,1004.83,0.8,1.3755
0.62,20,kelly,0.1,0.95,1.6,0,0,0.0,0.0,1000.0,0.0,0.0
0.62,20,kelly,0.1,0.98,1.1,141,99,70.21,5.71,1005.71,0.2,0.707
0.62,20,kelly,0.1,0.98,1.2,141,99,70.21,5.71,1005.71,0.2,0.707
0.62,20,kelly,0.1,0.98,1.3,138,96,69.57,4.89,1004.89,0.18,0.6056
0.62,20,kelly,0.1,0.98,1.4,121,85,70.25,6.68,1006.68,0.28,0.883
0.62,20,kelly,0.1,0.98,1.5,63,46,73.02,8.04,1008.04,0.64,1.4771
0.62,20,kelly,0.1,0.98,1.6,0,0,0.0,0.0,1000.0,0.0,0.0
0.62,20,kelly,0.1,1.0,1.1,141,99,70.21,8.71,1008.71,0.31,1.0561
0.62,20,kelly,0.1,1.0,1.2,141,99,70.21,8.71,1008.71,0.31,1.0561
0.62,20,kelly,0.1,1.0,1.3,140,98,70.0,8.42,1008.42,0.3,1.0217
0.62,20,kelly,0.1,1.0,1.4,134,95,70.9,10.42,1010.42,0.39,1.2995
0.62,20,kelly,0.1,1.0,1.5,80,57,71.25,9.17,1009.17,0.57,1.4476
0.62,20,kelly,0.1,1.0,1.6,10,9,90.0,4.45,1004.45,2.23,2.9217
0.62,20,kelly,0.15,0.85,1.1,140,98,70.0,-13.84,986.16,-0.49,-1.9765
0.62,20,kelly,0.15,0.85,1.2,127,91,71.65,-9.01,990.99,-0.35,-1.3647
0.62,20,kelly,0.15,0.85,1.3,63,46,73.02,-1.38,998.62,-0.11,-0.2932
0.62,20,kelly,0.15,0.85,1.4,0,0,0.0,0.0,1000.0,0.0,0.0
0.62,20,kelly,0.15,0.85,1.5,0,0,0.0,0.0,1000.0,0.0,0.0
0.62,20,kelly,0.15,0.85,1.6,0,0,0.0,0.0,1000.0,0.0,0.0
0.62,20,kelly,0.15,0.9,1.1,141,99,70.21,-6.26,993.74,-0.22,-0.8444
0.62,20,kelly,0.15,0.9,1.2,137,96,70.07,-5.78,994.22,-0.21,-0.7864
0.62,20,kelly,0.15,0.9,1.3,117,82,70.09,-3.63,996.37,-0.16,-0.5288
0.62,20,kelly,0.15,0.9,1.4,48,38,79.17,6.15,1006.15,0.64,1.5329
0.62,20,kelly,0.15,0.9,1.5,0,0,0.0,0.0,1000.0,0.0,0.0
0.62,20,kelly,0.15,0.9,1.6,0,0,0.0,0.0,1000.0,0.0,0.0
0.62,20,kelly,0.15,0.95,1.1,141,99,70.21,1.22,1001.22,0.04,0.1558
0.62,20,kelly,0.15,0.95,1.2,141,99,70.21,1.22,1001.22,0.04,0.1558
0.62,20,kelly,0.15,0.95,1.3,136,96,70.59,2.51,1002.51,0.09,0.3266
0.62,20,kelly,0.15,0.95,1.4,94,67,71.28,4.86,1004.86,0.26,0.7505
0.62,20,kelly,0.15,0.95,1.5,30,23,76.67,4.83,1004.83,0.8,1.3755
0.62,20,kelly,0.15,0.95,1.6,0,0,0.0,0.0,1000.0,0.0,0.0
0.62,20,kelly,0.15,0.98,1.1,141,99,70.21,5.71,1005.71,0.2,0.707
0.62,20,kelly,0.15,0.98,1.2,141,99,70.21,5.71,1005.71,0.2,0.707
0.62,20,kelly,0.15,0.98,1.3,138,96,69.57,4.89,1004.89,0.18,0.6056
0.62,20,kelly,0.15,0.98,1.4,121,85,70.25,6.68,1006.68,0.28,0.883
0.62,20,kelly,0.15,0.98,1.5,63,46,73.02,8.04,1008.04,0.64,1.4771
0.62,20,kelly,0.15,0.98,1.6,0,0,0.0,0.0,1000.0,0.0,0.0
0.62,20,kelly,0.15,1.0,1.1,141,99,70.21,8.71,1008.71,0.31,1.0561
0.62,20,kelly,0.15,1.0,1.2,141,99,70.21,8.71,1008.71,0.31,1.0561
0.62,20,kelly,0.15,1.0,1.3,140,98,70.0,8.42,1008.42,0.3,1.0217
0.62,20,kelly,0.15,1.0,1.4,134,95,70.9,10.42,1010.42,0.39,1.2995
0.62,20,kelly,0.15,1.0,1.5,80,57,71.25,9.17,1009.17,0.57,1.4476
0.62,20,kelly,0.15,1.0,1.6,10,9,90.0,4.45,1004.45,2.23,2.9217
0.65,20,kelly,0.03,0.85,1.1,84,55,65.48,-15.55,984.45,-0.93,-2.8622
0.65,20,kelly,0.03,0.85,1.2,71,48,67.61,-10.71,989.29,-0.75,-2.1616
0.65,20,kelly,0.03,0.85,1.3,7,3,42.86,-3.09,996.91,-2.21,-1.8096
0.65,20,kelly,0.03,0.85,1.4,0,0,0.0,0.0,1000.0,0.0,0.0
0.65,20,kelly,0.03,0.85,1.5,0,0,0.0,0.0,1000.0,0.0,0.0
0.65,20,kelly,0.03,0.85,1.6,0,0,0.0,0.0,1000.0,0.0,0.0
0.65,20,kelly,0.03,0.9,1.1,85,56,65.88,-11.36,988.64,-0.67,-1.9731
0.65,20,kelly,0.03,0.9,1.2,81,53,65.43,-10.88,989.12,-0.67,-1.9187
0.65,20,kelly,0.03,0.9,1.3,61,39,63.93,-8.73,991.27,-0.72,-1.7352
0.65,20,kelly,0.03,0.9,1.4,0,0,0.0,0.0,1000.0,0.0,0.0
0.65,20,kelly,0.03,0.9,1.5,0,0,0.0,0.0,1000.0,0.0,0.0
0.65,20,kelly,0.03,0.9,1.6,0,0,0.0,0.0,1000.0,0.0,0.0
0.65,20,kelly,0.03,0.95,1.1,85,56,65.88,-7.27,992.73,-0.43,-1.1964
0.65,20,kelly,0.03,0.95,1.2,85,56,65.88,-7.27,992.73,-0.43,-1.1964
0.65,20,kelly,0.03,0.95,1.3,80,53,66.25,-5.98,994.02,-0.37,-1.0116
0.65,20,kelly,0.03,0.95,1.4,38,24,63.16,-3.63,996.37,-0.48,-0.8524
0.65,20,kelly,0.03,0.95,1.5,0,0,0.0,0.0,1000.0,0.0,0.0
0.65,20,kelly,0.03,0.95,1.6,0,0,0.0,0.0,1000.0,0.0,0.0
0.65,20,kelly,0.03,0.98,1.1,85,56,65.88,-4.82,995.18,-0.28,-0.7684
0.65,20,kelly,0.03,0.98,1.2,85,56,65.88,-4.82,995.18,-0.28,-0.7684
0.65,20,kelly,0.03,0.98,1.3,82,53,64.63,-5.64,994.36,-0.34,-0.904
0.65,20,kelly,0.03,0.98,1.4,65,42,64.62,-3.85,996.15,-0.3,-0.6849
0.65,20,kelly,0.03,0.98,1.5,7,3,42.86,-2.49,997.51,-1.78,-1.2656
0.65,20,kelly,0.03,0.98,1.6,0,0,0.0,0.0,1000.0,0.0,0.0
0.65,20,kelly,0.03,1.0,1.1,85,56,65.88,-3.18,996.82,-0.19,-0.4973
0.65,20,kelly,0.03,1.0,1.2,85,56,65.88,-3.18,996.82,-0.19,-0.4973
0.65,20,kelly,0.03,1.0,1.3,84,55,65.48,-3.47,996.53,-0.21,-0.5428
0.65,20,kelly,0.03,1.0,1.4,78,52,66.67,-1.47,998.53,-0.09,-0.2398
0.65,20,kelly,0.03,1.0,1.5,24,14,58.33,-2.71,997.29,-0.57,-0.7391
0.65,20,kelly,0.03,1.0,1.6,0,0,0.0,0.0,1000.0,0.0,0.0
0.65,20,kelly,0.05,0.85,1.1,84,55,65.48,-15.55,984.45,-0.93,-2.8622
0.65,20,kelly,0.05,0.85,1.2,71,48,67.61,-10.71,989.29,-0.75,-2.1616
0.65,20,kelly,0.05,0.85,1.3,7,3,42.86,-3.09,996.91,-2.21,-1.8096
0.65,20,kelly,0.05,0.85,1.4,0,0,0.0,0.0,1000.0,0.0,0.0
0.65,20,kelly,0.05,0.85,1.5,0,0,0.0,0.0,1000.0,0.0,0.0
0.65,20,kelly,0.05,0.85,1.6,0,0,0.0,0.0,1000.0,0.0,0.0
0.65,20,kelly,0.05,0.9,1.1,85,56,65.88,-11.36,988.64,-0.67,-1.9731
0.65,20,kelly,0.05,0.9,1.2,81,53,65.43,-10.88,989.12,-0.67,-1.9187
0.65,20,kelly,0.05,0.9,1.3,61,39,63.93,-8.73,991.27,-0.72,-1.7352
0.65,20,kelly,0.05,0.9,1.4,0,0,0.0,0.0,1000.0,0.0,0.0
0.65,20,kelly,0.05,0.9,1.5,0,0,0.0,0.0,1000.0,0.0,0.0
0.65,20,kelly,0.05,0.9,1.6,0,0,0.0,0.0,1000.0,0.0,0.0
0.65,20,kelly,0.05,0.95,1.1,85,56,65.88,-7.27,992.73,-0.43,-1.1964
0.65,20,kelly,0.05,0.95,1.2,85,56,65.88,-7.27,992.73,-0.43,-1.1964
0.65,20,kelly,0.05,0.95,1.3,80,53,66.25,-5.98,994.02,-0.37,-1.0116
0.65,20,kelly,0.05,0.95,1.4,38,24,63.16,-3.63,996.37,-0.48,-0.8524
0.65,20,kelly,0.05,0.95,1.5,0,0,0.0,0.0,1000.0,0.0,0.0
0.65,20,kelly,0.05,0.95,1.6,0,0,0.0,0.0,1000.0,0.0,0.0
0.65,20,kelly,0.05,0.98,1.1,85,56,65.88,-4.82,995.18,-0.28,-0.7684
0.65,20,kelly,0.05,0.98,1.2,85,56,65.88,-4.82,995.18,-0.28,-0.7684
0.65,20,kelly,0.05,0.98,1.3,82,53,64.63,-5.64,994.36,-0.34,-0.904
0.65,20,kelly,0.05,0.98,1.4,65,42,64.62,-3.85,996.15,-0.3,-0.6849
0.65,20,kelly,0.05,0.98,1.5,7,3,42.86,-2.49,997.51,-1.78,-1.2656
0.65,20,kelly,0.05,0.98,1.6,0,0,0.0,0.0,1000.0,0.0,0.0
0.65,20,kelly,0.05,1.0,1.1,85,56,65.88,-3.18,996.82,-0.19,-0.4973
0.65,20,kelly,0.05,1.0,1.2,85,56,65.88,-3.18,996.82,-0.19,-0.4973
0.65,20,kelly,0.05,1.0,1.3,84,55,65.48,-3.47,996.53,-0.21,-0.5428
0.65,20,kelly,0.05,1.0,1.4,78,52,66.67,-1.47,998.53,-0.09,-0.2398
0.65,20,kelly,0.05,1.0,1.5,24,14,58.33,-2.71,997.29,-0.57,-0.7391
0.65,20,kelly,0.05,1.0,1.6,0,0,0.0,0.0,1000.0,0.0,0.0
0.65,20,kelly,0.07,0.85,1.1,84,55,65.48,-15.55,984.45,-0.93,-2.8622
0.65,20,kelly,0.07,0.85,1.2,71,48,67.61,-10.71,989.29,-0.75,-2.1616
0.65,20,kelly,0.07,0.85,1.3,7,3,42.86,-3.09,996.91,-2.21,-1.8096
0.65,20,kelly,0.07,0.85,1.4,0,0,0.0,0.0,1000.0,0.0,0.0
0.65,20,kelly,0.07,0.85,1.5,0,0,0.0,0.0,1000.0,0.0,0.0
0.65,20,kelly,0.07,0.85,1.6,0,0,0.0,0.0,1000.0,0.0,0.0
0.65,20,kelly,0.07,0.9,1.1,85,56,65.88,-11.36,988.64,-0.67,-1.9731
0.65,20,kelly,0.07,0.9,1.2,81,53,65.43,-10.88,989.12,-0.67,-1.9187
0.65,20,kelly,0.07,0.9,1.3,61,39,63.93,-8.73,991.27,-0.72,-1.7352
0.65,20,kelly,0.07,0.9,1.4,0,0,0.0,0.0,1000.0,0.0,0.0
0.65,20,kelly,0.07,0.9,1.5,0,0,0.0,0.0,1000.0,0.0,0.0
0.65,20,kelly,0.07,0.9,1.6,0,0,0.0,0.0,1000.0,0.0,0.0
0.65,20,kelly,0.07,0.95,1.1,85,56,65.88,-7.27,992.73,-0.43,-1.1964
0.65,20,kelly,0.07,0.95,1.2,85,56,65.88,-7.27,992.73,-0.43,-1.1964
0.65,20,kelly,0.07,0.95,1.3,80,53,66.25,-5.98,994.02,-0.37,-1.0116
0.65,20,kelly,0.07,0.95,1.4,38,24,63.16,-3.63,996.37,-0.48,-0.8524
0.65,20,kelly,0.07,0.95,1.5,0,0,0.0,0.0,1000.0,0.0,0.0
0.65,20,kelly,0.07,0.95,1.6,0,0,0.0,0.0,1000.0,0.0,0.0
0.65,20,kelly,0.07,0.98,1.1,85,56,65.88,-4.82,995.18,-0.28,-0.7684
0.65,20,kelly,0.07,0.98,1.2,85,56,65.88,-4.82,995.18,-0.28,-0.7684
0.65,20,kelly,0.07,0.98,1.3,82,53,64.63,-5.64,994.36,-0.34,-0.904
0.65,20,kelly,0.07,0.98,1.4,65,42,64.62,-3.85,996.15,-0.3,-0.6849
0.65,20,kelly,0.07,0.98,1.5,7,3,42.86,-2.49,997.51,-1.78,-1.2656
0.65,20,kelly,0.07,0.98,1.6,0,0,0.0,0.0,1000.0,0.0,0.0
0.65,20,kelly,0.07,1.0,1.1,85,56,65.88,-3.18,996.82,-0.19,-0.4973
0.65,20,kelly,0.07,1.0,1.2,85,56,65.88,-3.18,996.82,-0.19,-0.4973
0.65,20,kelly,0.07,1.0,1.3,84,55,65.48,-3.47,996.53,-0.21,-0.5428
0.65,20,kelly,0.07,1.0,1.4,78,52,66.67,-1.47,998.53,-0.09,-0.2398
0.65,20,kelly,0.07,1.0,1.5,24,14,58.33,-2.71,997.29,-0.57,-0.7391
0.65,20,kelly,0.07,1.0,1.6,0,0,0.0,0.0,1000.0,0.0,0.0
0.65,20,kelly,0.1,0.85,1.1,84,55,65.48,-15.55,984.45,-0.93,-2.8622
0.65,20,kelly,0.1,0.85,1.2,71,48,67.61,-10.71,989.29,-0.75,-2.1616
0.65,20,kelly,0.1,0.85,1.3,7,3,42.86,-3.09,996.91,-2.21,-1.8096
0.65,20,kelly,0.1,0.85,1.4,0,0,0.0,0.0,1000.0,0.0,0.0
0.65,20,kelly,0.1,0.85,1.5,0,0,0.0,0.0,1000.0,0.0,0.0
0.65,20,kelly,0.1,0.85,1.6,0,0,0.0,0.0,1000.0,0.0,0.0
0.65,20,kelly,0.1,0.9,1.1,85,56,65.88,-11.36,988.64,-0.67,-1.9731
0.65,20,kelly,0.1,0.9,1.2,81,53,65.43,-10.88,989.12,-0.67,-1.9187
0.65,20,kelly,0.1,0.9,1.3,61,39,63.93,-8.73,991.27,-0.72,-1.7352
0.65,20,kelly,0.1,0.9,1.4,0,0,0.0,0.0,1000.0,0.0,0.0
0.65,20,kelly,0.1,0.9,1.5,0,0,0.0,0.0,1000.0,0.0,0.0
0.65,20,kelly,0.1,0.9,1.6,0,0,0.0,0.0,1000.0,0.0,0.0
0.65,20,kelly,0.1,0.95,1.1,85,56,65.88,-7.27,992.73,-0.43,-1.1964
0.65,20,kelly,0.1,0.95,1.2,85,56,65.88,-7.27,992.73,-0.43,-1.1964
0.65,20,kelly,0.1,0.95,1.3,80,53,66.25,-5.98,994.02,-0.37,-1.0116
0.65,20,kelly,0.1,0.95,1.4,38,24,63.16,-3.63,996.37,-0.48,-0.8524
0.65,20,kelly,0.1,0.95,1.5,0,0,0.0,0.0,1000.0,0.0,0.0
0.65,20,kelly,0.1,0.95,1.6,0,0,0.0,0.0,1000.0,0.0,0.0
0.65,20,kelly,0.1,0.98,1.1,85,56,65.88,-4.82,995.18,-0.28,-0.7684
0.65,20,kelly,0.1,0.98,1.2,85,56,65.88,-4.82,995.18,-0.28,-0.7684
0.65,20,kelly,0.1,0.98,1.3,82,53,64.63,-5.64,994.36,-0.34,-0.904
0.65,20,kelly,0.1,0.98,1.4,65,42,64.62,-3.85,996.15,-0.3,-0.6849
0.65,20,kelly,0.1,0.98,1.5,7,3,42.86,-2.49,997.51,-1.78,-1.2656
0.65,20,kelly,0.1,0.98,1.6,0,0,0.0,0.0,1000.0,0.0,0.0
0.65,20,kelly,0.1,1.0,1.1,85,56,65.88,-3.18,996.82,-0.19,-0.4973
0.65,20,kelly,0.1,1.0,1.2,85,56,65.88,-3.18,996.82,-0.19,-0.4973
0.65,20,kelly,0.1,1.0,1.3,84,55,65.48,-3.47,996.53,-0.21,-0.5428
0.65,20,kelly,0.1,1.0,1.4,78,52,66.67,-1.47,998.53,-0.09,-0.2398
0.65,20,kelly,0.1,1.0,1.5,24,14,58.33,-2.71,997.29,-0.57,-0.7391
0.65,20,kelly,0.1,1.0,1.6,0,0,0.0,0.0,1000.0,0.0,0.0
0.65,20,kelly,0.15,0.85,1.1,84,55,65.48,-15.55,984.45,-0.93,-2.8622
0.65,20,kelly,0.15,0.85,1.2,71,48,67.61,-10.71,989.29,-0.75,-2.1616
0.65,20,kelly,0.15,0.85,1.3,7,3,42.86,-3.09,996.91,-2.21,-1.8096
0.65,20,kelly,0.15,0.85,1.4,0,0,0.0,0.0,1000.0,0.0,0.0
0.65,20,kelly,0.15,0.85,1.5,0,0,0.0,0.0,1000.0,0.0,0.0
0.65,20,kelly,0.15,0.85,1.6,0,0,0.0,0.0,1000.0,0.0,0.0
0.65,20,kelly,0.15,0.9,1.1,85,56,65.88,-11.36,988.64,-0.67,-1.9731
0.65,20,kelly,0.15,0.9,1.2,81,53,65.43,-10.88,989.12,-0.67,-1.9187
0.65,20,kelly,0.15,0.9,1.3,61,39,63.93,-8.73,991.27,-0.72,-1.7352
0.65,20,kelly,0.15,0.9,1.4,0,0,0.0,0.0,1000.0,0.0,0.0
0.65,20,kelly,0.15,0.9,1.5,0,0,0.0,0.0,1000.0,0.0,0.0
0.65,20,kelly,0.15,0.9,1.6,0,0,0.0,0.0,1000.0,0.0,0.0
0.65,20,kelly,0.15,0.95,1.1,85,56,65.88,-7.27,992.73,-0.43,-1.1964
0.65,20,kelly,0.15,0.95,1.2,85,56,65.88,-7.27,992.73,-0.43,-1.1964
0.65,20,kelly,0.15,0.95,1.3,80,53,66.25,-5.98,994.02,-0.37,-1.0116
0.65,20,kelly,0.15,0.95,1.4,38,24,63.16,-3.63,996.37,-0.48,-0.8524
0.65,20,kelly,0.15,0.95,1.5,0,0,0.0,0.0,1000.0,0.0,0.0
0.65,20,kelly,0.15,0.95,1.6,0,0,0.0,0.0,1000.0,0.0,0.0
0.65,20,kelly,0.15,0.98,1.1,85,56,65.88,-4.82,995.18,-0.28,-0.7684
0.65,20,kelly,0.15,0.98,1.2,85,56,65.88,-4.82,995.18,-0.28,-0.7684
0.65,20,kelly,0.15,0.98,1.3,82,53,64.63,-5.64,994.36,-0.34,-0.904
0.65,20,kelly,0.15,0.98,1.4,65,42,64.62,-3.85,996.15,-0.3,-0.6849
0.65,20,kelly,0.15,0.98,1.5,7,3,42.86,-2.49,997.51,-1.78,-1.2656
0.65,20,kelly,0.15,0.98,1.6,0,0,0.0,0.0,1000.0,0.0,0.0
0.65,20,kelly,0.15,1.0,1.1,85,56,65.88,-3.18,996.82,-0.19,-0.4973
0.65,20,kelly,0.15,1.0,1.2,85,56,65.88,-3.18,996.82,-0.19,-0.4973
0.65,20,kelly,0.15,1.0,1.3,84,55,65.48,-3.47,996.53,-0.21,-0.5428
0.65,20,kelly,0.15,1.0,1.4,78,52,66.67,-1.47,998.53,-0.09,-0.2398
0.65,20,kelly,0.15,1.0,1.5,24,14,58.33,-2.71,997.29,-0.57,-0.7391
0.65,20,kelly,0.15,1.0,1.6,0,0,0.0,0.0,1000.0,0.0,0.0
0.7,20,kelly,0.03,0.85,1.1,19,13,68.42,-3.59,996.41,-0.94,-1.4929
0.7,20,kelly,0.03,0.85,1.2,6,6,100.0,1.24,1001.24,1.04,136.9051
0.7,20,kelly,0.03,0.85,1.3,0,0,0.0,0.0,1000.0,0.0,0.0
0.7,20,kelly,0.03,0.85,1.4,0,0,0.0,0.0,1000.0,0.0,0.0
0.7,20,kelly,0.03,0.85,1.5,0,0,0.0,0.0,1000.0,0.0,0.0
0.7,20,kelly,0.03,0.85,1.6,0,0,0.0,0.0,1000.0,0.0,0.0
0.7,20,kelly,0.03,0.9,1.1,20,14,70.0,-2.53,997.47,-0.63,-0.9854
0.7,20,kelly,0.03,0.9,1.2,16,11,68.75,-2.04,997.96,-0.64,-0.8664
0.7,20,kelly,0.03,0.9,1.3,0,0,0.0,0.0,1000.0,0.0,0.0
0.7,20,kelly,0.03,0.9,1.4,0,0,0.0,0.0,1000.0,0.0,0.0
0.7,20,kelly,0.03,0.9,1.5,0,0,0.0,0.0,1000.0,0.0,0.0
0.7,20,kelly,0.03,0.9,1.6,0,0,0.0,0.0,1000.0,0.0,0.0
0.7,20,kelly,0.03,0.95,1.1,20,14,70.0,-1.55,998.45,-0.39,-0.5747
0.7,20,kelly,0.03,0.95,1.2,20,14,70.0,-1.55,998.45,-0.39,-0.5747
0.7,20,kelly,0.03,0.95,1.3,15,11,73.33,-0.26,999.74,-0.09,-0.1147
0.7,20,kelly,0.03,0.95,1.4,0,0,0.0,0.0,1000.0,0.0,0.0
0.7,20,kelly,0.03,0.95,1.5,0,0,0.0,0.0,1000.0,0.0,0.0
0.7,20,kelly,0.03,0.95,1.6,0,0,0.0,0.0,1000.0,0.0,0.0
0.7,20,kelly,0.03,0.98,1.1,20,14,70.0,-0.97,999.03,-0.24,-0.3484
0.7,20,kelly,0.03,0.98,1.2,20,14,70.0,-0.97,999.03,-0.24,-0.3484
0.7,20,kelly,0.03,0.98,1.3,17,11,64.71,-1.8,998.2,-0.53,-0.6602
0.7,20,kelly,0.03,0.98,1.4,0,0,0.0,0.0,1000.0,0.0,0.0
0.7,20,kelly,0.03,0.98,1.5,0,0,0.0,0.0,1000.0,0.0,0.0
0.7,20,kelly,0.03,0.98,1.6,0,0,0.0,0.0,1000.0,0.0,0.0
0.7,20,kelly,0.03,1.0,1.1,20,14,70.0,-0.58,999.42,-0.15,-0.205
0.7,20,kelly,0.03,1.0,1.2,20,14,70.0,-0.58,999.42,-0.15,-0.205
0.7,20,kelly,0.03,1.0,1.3,19,13,68.42,-0.87,999.13,-0.23,-0.3077
0.7,20,kelly,0.03,1.0,1.4,13,10,76.92,1.13,1001.13,0.43,0.5255
0.7,20,kelly,0.03,1.0,1.5,0,0,0.0,0.0,1000.0,0.0,0.0
0.7,20,kelly,0.03,1.0,1.6,0,0,0.0,0.0,1000.0,0.0,0.0
0.7,20,kelly,0.05,0.85,1.1,19,13,68.42,-3.59,996.41,-0.94,-1.4929
0.7,20,kelly,0.05,0.85,1.2,6,6,100.0,1.24,1001.24,1.04,136.9051
0.7,20,kelly,0.05,0.85,1.3,0,0,0.0,0.0,1000.0,0.0,0.0
0.7,20,kelly,0.05,0.85,1.4,0,0,0.0,0.0,1000.0,0.0,0.0
0.7,20,kelly,0.05,0.85,1.5,0,0,0.0,0.0,1000.0,0.0,0.0
0.7,20,kelly,0.05,0.85,1.6,0,0,0.0,0.0,1000.0,0.0,0.0
0.7,20,kelly,0.05,0.9,1.1,20,14,70.0,-2.53,997.47,-0.63,-0.9854
0.7,20,kelly,0.05,0.9,1.2,16,11,68.75,-2.04,997.96,-0.64,-0.8664
0.7,20,kelly,0.05,0.9,1.3,0,0,0.0,0.0,1000.0,0.0,0.0
0.7,20,kelly,0.05,0.9,1.4,0,0,0.0,0.0,1000.0,0.0,0.0
0.7,20,kelly,0.05,0.9,1.5,0,0,0.0,0.0,1000.0,0.0,0.0
0.7,20,kelly,0.05,0.9,1.6,0,0,0.0,0.0,1000.0,0.0,0.0
0.7,20,kelly,0.05,0.95,1.1,20,14,70.0,-1.55,998.45,-0.39,-0.5747
0.7,20,kelly,0.05,0.95,1.2,20,14,70.0,-1.55,998.45,-0.39,-0.5747
0.7,20,kelly,0.05,0.95,1.3,15,11,73.33,-0.26,999.74,-0.09,-0.1147
0.7,20,kelly,0.05,0.95,1.4,0,0,0.0,0.0,1000.0,0.0,0.0
0.7,20,kelly,0.05,0.95,1.5,0,0,0.0,0.0,1000.0,0.0,0.0
0.7,20,kelly,0.05,0.95,1.6,0,0,0.0,0.0,1000.0,0.0,0.0
0.7,20,kelly,0.05,0.98,1.1,20,14,70.0,-0.97,999.03,-0.24,-0.3484
0.7,20,kelly,0.05,0.98,1.2,20,14,70.0,-0.97,999.03,-0.24,-0.3484
0.7,20,kelly,0.05,0.98,1.3,17,11,64.71,-1.8,998.2,-0.53,-0.6602
0.7,20,kelly,0.05,0.98,1.4,0,0,0.0,0.0,1000.0,0.0,0.0
0.7,20,kelly,0.05,0.98,1.5,0,0,0.0,0.0,1000.0,0.0,0.0
0.7,20,kelly,0.05,0.98,1.6,0,0,0.0,0.0,1000.0,0.0,0.0
0.7,20,kelly,0.05,1.0,1.1,20,14,70.0,-0.58,999.42,-0.15,-0.205
0.7,20,kelly,0.05,1.0,1.2,20,14,70.0,-0.58,999.42,-0.15,-0.205
0.7,20,kelly,0.05,1.0,1.3,19,13,68.42,-0.87,999.13,-0.23,-0.3077
0.7,20,kelly,0.05,1.0,1.4,13,10,76.92,1.13,1001.13,0.43,0.5255
0.7,20,kelly,0.05,1.0,1.5,0,0,0.0,0.0,1000.0,0.0,0.0
0.7,20,kelly,0.05,1.0,1.6,0,0,0.0,0.0,1000.0,0.0,0.0
0.7,20,kelly,0.07,0.85,1.1,19,13,68.42,-3.59,996.41,-0.94,-1.4929
0.7,20,kelly,0.07,0.85,1.2,6,6,100.0,1.24,1001.24,1.04,136.9051
0.7,20,kelly,0.07,0.85,1.3,0,0,0.0,0.0,1000.0,0.0,0.0
0.7,20,kelly,0.07,0.85,1.4,0,0,0.0,0.0,1000.0,0.0,0.0
0.7,20,kelly,0.07,0.85,1.5,0,0,0.0,0.0,1000.0,0.0,0.0
0.7,20,kelly,0.07,0.85,1.6,0,0,0.0,0.0,1000.0,0.0,0.0
0.7,20,kelly,0.07,0.9,1.1,20,14,70.0,-2.53,997.47,-0.63,-0.9854
0.7,20,kelly,0.07,0.9,1.2,16,11,68.75,-2.04,997.96,-0.64,-0.8664
0.7,20,kelly,0.07,0.9,1.3,0,0,0.0,0.0,1000.0,0.0,0.0
0.7,20,kelly,0.07,0.9,1.4,0,0,0.0,0.0,1000.0,0.0,0.0
0.7,20,kelly,0.07,0.9,1.5,0,0,0.0,0.0,1000.0,0.0,0.0
0.7,20,kelly,0.07,0.9,1.6,0,0,0.0,0.0,1000.0,0.0,0.0
0.7,20,kelly,0.07,0.95,1.1,20,14,70.0,-1.55,998.45,-0.39,-0.5747
0.7,20,kelly,0.07,0.95,1.2,20,14,70.0,-1.55,998.45,-0.39,-0.5747
0.7,20,kelly,0.07,0.95,1.3,15,11,73.33,-0.26,999.74,-0.09,-0.1147
0.7,20,kelly,0.07,0.95,1.4,0,0,0.0,0.0,1000.0,0.0,0.0
0.7,20,kelly,0.07,0.95,1.5,0,0,0.0,0.0,1000.0,0.0,0.0
0.7,20,kelly,0.07,0.95,1.6,0,0,0.0,0.0,1000.0,0.0,0.0
0.7,20,kelly,0.07,0.98,1.1,20,14,70.0,-0.97,999.03,-0.24,-0.3484
0.7,20,kelly,0.07,0.98,1.2,20,14,70.0,-0.97,999.03,-0.24,-0.3484
0.7,20,kelly,0.07,0.98,1.3,17,11,64.71,-1.8,998.2,-0.53,-0.6602
0.7,20,kelly,0.07,0.98,1.4,0,0,0.0,0.0,1000.0,0.0,0.0
0.7,20,kelly,0.07,0.98,1.5,0,0,0.0,0.0,1000.0,0.0,0.0
0.7,20,kelly,0.07,0.98,1.6,0,0,0.0,0.0,1000.0,0.0,0.0
0.7,20,kelly,0.07,1.0,1.1,20,14,70.0,-0.58,999.42,-0.15,-0.205
0.7,20,kelly,0.07,1.0,1.2,20,14,70.0,-0.58,999.42,-0.15,-0.205
0.7,20,kelly,0.07,1.0,1.3,19,13,68.42,-0.87,999.13,-0.23,-0.3077
0.7,20,kelly,0.07,1.0,1.4,13,10,76.92,1.13,1001.13,0.43,0.5255
0.7,20,kelly,0.07,1.0,1.5,0,0,0.0,0.0,1000.0,0.0,0.0
0.7,20,kelly,0.07,1.0,1.6,0,0,0.0,0.0,1000.0,0.0,0.0
0.7,20,kelly,0.1,0.85,1.1,19,13,68.42,-3.59,996.41,-0.94,-1.4929
0.7,20,kelly,0.1,0.85,1.2,6,6,100.0,1.24,1001.24,1.04,136.9051
0.7,20,kelly,0.1,0.85,1.3,0,0,0.0,0.0,1000.0,0.0,0.0
0.7,20,kelly,0.1,0.85,1.4,0,0,0.0,0.0,1000.0,0.0,0.0
0.7,20,kelly,0.1,0.85,1.5,0,0,0.0,0.0,1000.0,0.0,0.0
0.7,20,kelly,0.1,0.85,1.6,0,0,0.0,0.0,1000.0,0.0,0.0
0.7,20,kelly,0.1,0.9,1.1,20,14,70.0,-2.53,997.47,-0.63,-0.9854
0.7,20,kelly,0.1,0.9,1.2,16,11,68.75,-2.04,997.96,-0.64,-0.8664
0.7,20,kelly,0.1,0.9,1.3,0,0,0.0,0.0,1000.0,0.0,0.0
0.7,20,kelly,0.1,0.9,1.4,0,0,0.0,0.0,1000.0,0.0,0.0
0.7,20,kelly,0.1,0.9,1.5,0,0,0.0,0.0,1000.0,0.0,0.0
0.7,20,kelly,0.1,0.9,1.6,0,0,0.0,0.0,1000.0,0.0,0.0
0.7,20,kelly,0.1,0.95,1.1,20,14,70.0,-1.55,998.45,-0.39,-0.5747
0.7,20,kelly,0.1,0.95,1.2,20,14,70.0,-1.55,998.45,-0.39,-0.5747
0.7,20,kelly,0.1,0.95,1.3,15,11,73.33,-0.26,999.74,-0.09,-0.1147
0.7,20,kelly,0.1,0.95,1.4,0,0,0.0,0.0,1000.0,0.0,0.0
0.7,20,kelly,0.1,0.95,1.5,0,0,0.0,0.0,1000.0,0.0,0.0
0.7,20,kelly,0.1,0.95,1.6,0,0,0.0,0.0,1000.0,0.0,0.0
0.7,20,kelly,0.1,0.98,1.1,20,14,70.0,-0.97,999.03,-0.24,-0.3484
0.7,20,kelly,0.1,0.98,1.2,20,14,70.0,-0.97,999.03,-0.24,-0.3484
0.7,20,kelly,0.1,0.98,1.3,17,11,64.71,-1.8,998.2,-0.53,-0.6602
0.7,20,kelly,0.1,0.98,1.4,0,0,0.0,0.0,1000.0,0.0,0.0
0.7,20,kelly,0.1,0.98,1.5,0,0,0.0,0.0,1000.0,0.0,0.0
0.7,20,kelly,0.1,0.98,1.6,0,0,0.0,0.0,1000.0,0.0,0.0
0.7,20,kelly,0.1,1.0,1.1,20,14,70.0,-0.58,999.42,-0.15,-0.205
0.7,20,kelly,0.1,1.0,1.2,20,14,70.0,-0.58,999.42,-0.15,-0.205
0.7,20,kelly,0.1,1.0,1.3,19,13,68.42,-0.87,999.13,-0.23,-0.3077
0.7,20,kelly,0.1,1.0,1.4,13,10,76.92,1.13,1001.13,0.43,0.5255
0.7,20,kelly,0.1,1.0,1.5,0,0,0.0,0.0,1000.0,0.0,0.0
0.7,20,kelly,0.1,1.0,1.6,0,0,0.0,0.0,1000.0,0.0,0.0
0.7,20,kelly,0.15,0.85,1.1,19,13,68.42,-3.59,996.41,-0.94,-1.4929
0.7,20,kelly,0.15,0.85,1.2,6,6,100.0,1.24,1001.24,1.04,136.9051
0.7,20,kelly,0.15,0.85,1.3,0,0,0.0,0.0,1000.0,0.0,0.0
0.7,20,kelly,0.15,0.85,1.4,0,0,0.0,0.0,1000.0,0.0,0.0
0.7,20,kelly,0.15,0.85,1.5,0,0,0.0,0.0,1000.0,0.0,0.0
0.7,20,kelly,0.15,0.85,1.6,0,0,0.0,0.0,1000.0,0.0,0.0
0.7,20,kelly,0.15,0.9,1.1,20,14,70.0,-2.53,997.47,-0.63,-0.9854
0.7,20,kelly,0.15,0.9,1.2,16,11,68.75,-2.04,997.96,-0.64,-0.8664
0.7,20,kelly,0.15,0.9,1.3,0,0,0.0,0.0,1000.0,0.0,0.0
0.7,20,kelly,0.15,0.9,1.4,0,0,0.0,0.0,1000.0,0.0,0.0
0.7,20,kelly,0.15,0.9,1.5,0,0,0.0,0.0,1000.0,0.0,0.0
0.7,20,kelly,0.15,0.9,1.6,0,0,0.0,0.0,1000.0,0.0,0.0
0.7,20,kelly,0.15,0.95,1.1,20,14,70.0,-1.55,998.45,-0.39,-0.5747
0.7,20,kelly,0.15,0.95,1.2,20,14,70.0,-1.55,998.45,-0.39,-0.5747
0.7,20,kelly,0.15,0.95,1.3,15,11,73.33,-0.26,999.74,-0.09,-0.1147
0.7,20,kelly,0.15,0.95,1.4,0,0,0.0,0.0,1000.0,0.0,0.0
0.7,20,kelly,0.15,0.95,1.5,0,0,0.0,0.0,1000.0,0.0,0.0
0.7,20,kelly,0.15,0.95,1.6,0,0,0.0,0.0,1000.0,0.0,0.0
0.7,20,kelly,0.15,0.98,1.1,20,14,70.0,-0.97,999.03,-0.24,-0.3484
0.7,20,kelly,0.15,0.98,1.2,20,14,70.0,-0.97,999.03,-0.24,-0.3484
0.7,20,kelly,0.15,0.98,1.3,17,11,64.71,-1.8,998.2,-0.53,-0.6602
0.7,20,kelly,0.15,0.98,1.4,0,0,0.0,0.0,1000.0,0.0,0.0
0.7,20,kelly,0.15,0.98,1.5,0,0,0.0,0.0,1000.0,0.0,0.0
0.7,20,kelly,0.15,0.98,1.6,0,0,0.0,0.0,1000.0,0.0,0.0
0.7,20,kelly,0.15,1.0,1.1,20,14,70.0,-0.58,999.42,-0.15,-0.205
0.7,20,kelly,0.15,1.0,1.2,20,14,70.0,-0.58,999.42,-0.15,-0.205
0.7,20,kelly,0.15,1.0,1.3,19,13,68.42,-0.87,999.13,-0.23,-0.3077
0.7,20,kelly,0.15,1.0,1.4,13,10,76.92,1.13,1001.13,0.43,0.5255
0.7,20,kelly,0.15,1.0,1.5,0,0,0.0,0.0,1000.0,0.0,0.0
0.7,20,kelly,0.15,1.0,1.6,0,0,0.0,0.0,1000.0,0.0,0.0
