league,season,game,team,minute,score,player1,player2,event_type
ENG-Premier League,1718,2017-09-15 Bournemouth-Brighton,Brighton & Hove Albion,55’,0:1,Solly March,Pascal Groß,goal
ENG-Premier League,1718,2017-09-15 Bournemouth-Brighton,Bournemouth,65’,0:1,Jordon Ibe,Ryan Fraser,substitute_in
ENG-Premier League,1718,2017-09-15 Bournemouth-Brighton,Bournemouth,67’,1:1,Andrew Surman,Jordon Ibe,goal
ENG-Premier League,1718,2017-09-15 Bournemouth-Brighton,Bournemouth,73’,2:1,Jermain Defoe,Jordon Ibe,goal
ENG-Premier League,1718,2017-09-15 Bournemouth-Brighton,Brighton & Hove Albion,76’,2:1,José Izquierdo,Anthony Knockaert,substitute_in
ENG-Premier League,1718,2017-09-15 Bournemouth-Brighton,Brighton & Hove Albion,77’,2:1,Glenn Murray,Pascal Groß,substitute_in
ENG-Premier League,1718,2017-09-15 Bournemouth-Brighton,Bournemouth,78’,2:1,Benik Afobe,Jermain Defoe,substitute_in
ENG-Premier League,1718,2017-09-15 Bournemouth-Brighton,Bournemouth,90+3’,2:1,Dan Gosling,Joshua King,substitute_in
ENG-Premier League,1718,2018-03-10 Manchester Utd-Liverpool,Manchester United,14’,1:0,Marcus Rashford,Romelu Lukaku,goal
ENG-Premier League,1718,2018-03-10 Manchester Utd-Liverpool,Manchester United,24’,2:0,Marcus Rashford,,goal
ENG-Premier League,1718,2018-03-10 Manchester Utd-Liverpool,Manchester United,27’,2:0,Marcus Rashford,,yellow_card
ENG-Premier League,1718,2018-03-10 Manchester Utd-Liverpool,Liverpool,35’,2:0,Alex Oxlade-Chamberlain,,yellow_card
ENG-Premier League,1718,2018-03-10 Manchester Utd-Liverpool,Liverpool,62’,2:0,Adam Lallana,Alex Oxlade-Chamberlain,substitute_in
ENG-Premier League,1718,2018-03-10 Manchester Utd-Liverpool,Liverpool,66’,2:1,Eric Bailly,,own_goal
ENG-Premier League,1718,2018-03-10 Manchester Utd-Liverpool,Manchester United,70’,2:1,Marouane Fellaini,Marcus Rashford,substitute_in
ENG-Premier League,1718,2018-03-10 Manchester Utd-Liverpool,Liverpool,80’,2:1,Georginio Wijnaldum,Trent Alexander-Arnold,substitute_in
ENG-Premier League,1718,2018-03-10 Manchester Utd-Liverpool,Liverpool,84’,2:1,Dominic Solanke,Andrew Robertson,substitute_in
ENG-Premier League,1718,2018-03-10 Manchester Utd-Liverpool,Manchester United,89’,2:1,Jesse Lingard,Juan Mata,substitute_in
ENG-Premier League,1718,2018-03-10 Manchester Utd-Liverpool,Manchester United,89’,2:1,Antonio Valencia,,yellow_card
ENG-Premier League,1718,2018-03-10 Manchester Utd-Liverpool,Manchester United,90+6’,2:1,Matteo Darmian,Alexis Sánchez,substitute_in
ENG-Premier League,1718,2018-02-11 Southampton-Liverpool,Liverpool,37’,0:1,Joël Matip,,yellow_card
ENG-Premier League,1718,2018-02-11 Southampton-Liverpool,Liverpool,42’,0:2,Mohamed Salah,Roberto Firmino,goal
ENG-Premier League,1718,2018-02-11 Southampton-Liverpool,Liverpool,47’,0:2,Emre Can,,yellow_card
ENG-Premier League,1718,2018-02-11 Southampton-Liverpool,Southampton,57’,0:2,Sofiane Boufal,Mario Lemina,substitute_in
ENG-Premier League,1718,2018-02-11 Southampton-Liverpool,Liverpool,60’,0:2,James Milner,Alex Oxlade-Chamberlain,substitute_in
ENG-Premier League,1718,2018-02-11 Southampton-Liverpool,Southampton,62’,0:2,Oriol Romeu,,yellow_card
ENG-Premier League,1718,2018-02-11 Southampton-Liverpool,Liverpool,6’,0:1,Roberto Firmino,Mohamed Salah,goal
ENG-Premier League,1718,2018-02-11 Southampton-Liverpool,Southampton,71’,0:2,Shane Long,James Ward-Prowse,substitute_in
ENG-Premier League,1718,2018-02-11 Southampton-Liverpool,Liverpool,79’,0:2,Adam Lallana,Roberto Firmino,substitute_in
ENG-Premier League,1718,2018-02-11 Southampton-Liverpool,Southampton,80’,0:2,Steven Davis,Oriol Romeu,substitute_in
ENG-Premier League,1718,2018-02-11 Southampton-Liverpool,Liverpool,89’,0:2,Dejan Lovren,Mohamed Salah,substitute_in
ENG-Premier League,1718,2018-01-04 Tottenham Hotspur-West Ham United,West Ham United,65’,0:0,André Ayew,Javier Hernández,substitute_in
ENG-Premier League,1718,2018-01-04 Tottenham Hotspur-West Ham United,West Ham United,70’,0:1,Pedro Obiang,Manuel Lanzini,goal
ENG-Premier League,1718,2018-01-04 Tottenham Hotspur-West Ham United,Tottenham Hotspur,74’,0:1,Victor Wanyama,Eric Dier,substitute_in
ENG-Premier League,1718,2018-01-04 Tottenham Hotspur-West Ham United,Tottenham Hotspur,74’,0:1,Érik Lamela,Moussa Sissoko,substitute_in
ENG-Premier League,1718,2018-01-04 Tottenham Hotspur-West Ham United,Tottenham Hotspur,82’,0:1,Fernando Llorente,Ben Davies,substitute_in
ENG-Premier League,1718,2018-01-04 Tottenham Hotspur-West Ham United,Tottenham Hotspur,84’,1:1,Son Heung-min,Érik Lamela,goal
ENG-Premier League,1718,2018-01-04 Tottenham Hotspur-West Ham United,West Ham United,85’,1:1,Andy Carroll,Manuel Lanzini,substitute_in
ENG-Premier League,1718,2018-01-04 Tottenham Hotspur-West Ham United,West Ham United,87’,1:1,Andy Carroll,,yellow_card
ENG-Premier League,1718,2018-01-04 Tottenham Hotspur-West Ham United,West Ham United,90’,1:1,Mark Noble,,yellow_card
ENG-Premier League,1718,2018-01-20 Everton-West Brom,Everton,45+1’,0:1,Theo Walcott,,yellow_card
ENG-Premier League,1718,2018-01-20 Everton-West Brom,Everton,46’,0:1,Yannick Bolasie,Nikola Vlašić,substitute_in
ENG-Premier League,1718,2018-01-20 Everton-West Brom,Everton,58’,0:1,Morgan Schneiderlin,,yellow_card
ENG-Premier League,1718,2018-01-20 Everton-West Brom,Everton,61’,0:1,Wayne Rooney,James McCarthy,substitute_in
ENG-Premier League,1718,2018-01-20 Everton-West Brom,Everton,69’,0:1,Oumar Niasse,Cenk Tosun,substitute_in
ENG-Premier League,1718,2018-01-20 Everton-West Brom,Everton,70’,1:1,Oumar Niasse,Theo Walcott,goal
ENG-Premier League,1718,2018-01-20 Everton-West Brom,West Bromwich Albion,79’,1:1,James McClean,Jay Rodriguez,substitute_in
ENG-Premier League,1718,2018-01-20 Everton-West Brom,West Bromwich Albion,79’,1:1,Jake Livermore,Chris Brunt,substitute_in
ENG-Premier League,1718,2018-01-20 Everton-West Brom,West Bromwich Albion,7’,0:1,Jay Rodriguez,Grzegorz Krychowiak,goal
ENG-Premier League,1718,2018-01-20 Everton-West Brom,West Bromwich Albion,80’,1:1,Gareth McAuley,Jonny Evans,substitute_in
ENG-Premier League,1718,2018-01-20 Everton-West Brom,West Bromwich Albion,88’,1:1,Craig Dawson,,yellow_card
ENG-Premier League,1718,2018-03-17 Stoke City-Everton,Stoke City,30’,0:0,Charlie Adam,,red_card
ENG-Premier League,1718,2018-03-17 Stoke City-Everton,Everton,53’,0:0,Dominic Calvert-Lewin,Tom Davies,substitute_in
ENG-Premier League,1718,2018-03-17 Stoke City-Everton,Stoke City,55’,0:0,Ryan Shawcross,,yellow_card
ENG-Premier League,1718,2018-03-17 Stoke City-Everton,Everton,69’,0:1,Cenk Tosun,Dominic Calvert-Lewin,goal
ENG-Premier League,1718,2018-03-17 Stoke City-Everton,Stoke City,72’,0:1,Eric Maxim Choupo-Moting,Ramadan Sobhi,substitute_in
ENG-Premier League,1718,2018-03-17 Stoke City-Everton,Stoke City,76’,0:1,Saido Berahino,Xherdan Shaqiri,substitute_in
ENG-Premier League,1718,2018-03-17 Stoke City-Everton,Stoke City,77’,1:1,Eric Maxim Choupo-Moting,Joe Allen,goal
ENG-Premier League,1718,2018-03-17 Stoke City-Everton,Stoke City,79’,1:1,Jesé,Eric Maxim Choupo-Moting,substitute_in
ENG-Premier League,1718,2018-03-17 Stoke City-Everton,Everton,82’,1:1,Phil Jagielka,,yellow_card
ENG-Premier League,1718,2018-03-17 Stoke City-Everton,Everton,84’,1:2,Cenk Tosun,Theo Walcott,goal
ENG-Premier League,1718,2018-03-17 Stoke City-Everton,Everton,87’,1:2,Morgan Schneiderlin,Wayne Rooney,substitute_in
ENG-Premier League,1718,2018-03-17 Stoke City-Everton,Everton,90+2’,1:2,Mason Holgate,Yannick Bolasie,substitute_in
ENG-Premier League,1718,2018-01-31 Southampton-Brighton,Brighton & Hove Albion,14’,0:1,Glenn Murray,,penalty_goal
ENG-Premier League,1718,2018-01-31 Southampton-Brighton,Southampton,35’,0:1,Wesley Hoedt,,yellow_card
ENG-Premier League,1718,2018-01-31 Southampton-Brighton,Southampton,46’,0:1,Sofiane Boufal,Oriol Romeu,substitute_in
ENG-Premier League,1718,2018-01-31 Southampton-Brighton,Southampton,46’,0:1,Guido Carrillo,Dušan Tadić,substitute_in
ENG-Premier League,1718,2018-01-31 Southampton-Brighton,Southampton,64’,1:1,Jack Stephens,,goal
ENG-Premier League,1718,2018-01-31 Southampton-Brighton,Southampton,67’,1:1,Jack Stephens,,yellow_card
ENG-Premier League,1718,2018-01-31 Southampton-Brighton,Brighton & Hove Albion,77’,1:1,Leonardo Ulloa,Glenn Murray,substitute_in
ENG-Premier League,1718,2018-01-31 Southampton-Brighton,Southampton,79’,1:1,Manolo Gabbiadini,Shane Long,substitute_in
ENG-Premier League,1718,2018-01-31 Southampton-Brighton,Brighton & Hove Albion,80’,1:1,Solly March,,yellow_card
ENG-Premier League,1718,2018-01-31 Southampton-Brighton,Brighton & Hove Albion,83’,1:1,Beram Kayal,Pascal Groß,substitute_in
ENG-Premier League,1718,2018-01-31 Southampton-Brighton,Southampton,90’,1:1,Manolo Gabbiadini,,yellow_card
ENG-Premier League,1718,2018-03-03 Liverpool-Newcastle United,Liverpool,40’,1:0,Mohamed Salah,Alex Oxlade-Chamberlain,goal
ENG-Premier League,1718,2018-03-03 Liverpool-Newcastle United,Liverpool,55’,2:0,Sadio Mané,Roberto Firmino,goal
ENG-Premier League,1718,2018-03-03 Liverpool-Newcastle United,Newcastle United,66’,2:0,Joselu,Dwight Gayle,substitute_in
ENG-Premier League,1718,2018-03-03 Liverpool-Newcastle United,Newcastle United,73’,2:0,Isaac Hayden,Mikel Merino,substitute_in
ENG-Premier League,1718,2018-03-03 Liverpool-Newcastle United,Liverpool,74’,2:0,Adam Lallana,Sadio Mané,substitute_in
ENG-Premier League,1718,2018-03-03 Liverpool-Newcastle United,Liverpool,79’,2:0,James Milner,Alex Oxlade-Chamberlain,substitute_in
ENG-Premier League,1718,2018-03-03 Liverpool-Newcastle United,Newcastle United,84’,2:0,Ayoze Pérez,Jacob Murphy,substitute_in
ENG-Premier League,1718,2018-03-03 Liverpool-Newcastle United,Liverpool,88’,2:0,Joël Matip,Roberto Firmino,substitute_in
ENG-Premier League,1718,2017-12-16 Leicester City-Crystal Palace,Crystal Palace,19’,0:1,Christian Benteke,Andros Townsend,goal
ENG-Premier League,1718,2017-12-16 Leicester City-Crystal Palace,Crystal Palace,40’,0:2,Wilfried Zaha,Christian Benteke,goal
ENG-Premier League,1718,2017-12-16 Leicester City-Crystal Palace,Crystal Palace,51’,0:2,Christian Benteke,,yellow_card
ENG-Premier League,1718,2017-12-16 Leicester City-Crystal Palace,Leicester City,52’,0:2,Wilfred Ndidi,,yellow_card
ENG-Premier League,1718,2017-12-16 Leicester City-Crystal Palace,Leicester City,56’,0:2,Harry Maguire,,yellow_card
ENG-Premier League,1718,2017-12-16 Leicester City-Crystal Palace,Leicester City,61’,0:2,Wilfred Ndidi,,yellow_red_card
ENG-Premier League,1718,2017-12-16 Leicester City-Crystal Palace,Crystal Palace,67’,0:2,Jeffrey Schlupp,,yellow_card
ENG-Premier League,1718,2017-12-16 Leicester City-Crystal Palace,Leicester City,77’,0:2,Shinji Okazaki,Vicente Iborra,substitute_in
ENG-Premier League,1718,2017-12-16 Leicester City-Crystal Palace,Leicester City,77’,0:2,Andy King,Marc Albrighton,substitute_in
ENG-Premier League,1718,2017-12-16 Leicester City-Crystal Palace,Leicester City,85’,0:2,Leonardo Ulloa,Jamie Vardy,substitute_in
ENG-Premier League,1718,2017-12-16 Leicester City-Crystal Palace,Crystal Palace,85’,0:2,Jaïro Riedewald,Yohan Cabaye,substitute_in
ENG-Premier League,1718,2017-12-16 Leicester City-Crystal Palace,Leicester City,86’,0:2,Danny Simpson,,yellow_card
ENG-Premier League,1718,2017-12-16 Leicester City-Crystal Palace,Crystal Palace,88’,0:2,Bakary Sako,Christian Benteke,substitute_in
ENG-Premier League,1718,2017-12-16 Leicester City-Crystal Palace,Crystal Palace,90+4’,0:3,Bakary Sako,Ruben Loftus-Cheek,goal
ENG-Premier League,1718,2018-03-03 Watford-West Brom,Watford,25’,0:0,Étienne Capoue,,yellow_card
ENG-Premier League,1718,2018-03-03 Watford-West Brom,Watford,54’,0:0,Stefano Okaka,Richarlison,substitute_in
ENG-Premier League,1718,2018-03-03 Watford-West Brom,Watford,66’,0:0,Will Hughes,André Carrillo,substitute_in
ENG-Premier League,1718,2018-03-03 Watford-West Brom,Watford,72’,0:0,Adrian Mariappa,,yellow_card
ENG-Premier League,1718,2018-03-03 Watford-West Brom,Watford,77’,1:0,Troy Deeney,Will Hughes,goal
ENG-Premier League,1718,2018-03-03 Watford-West Brom,West Bromwich Albion,81’,1:0,James McClean,Grzegorz Krychowiak,substitute_in
ENG-Premier League,1718,2018-03-03 Watford-West Brom,West Bromwich Albion,87’,1:0,Oliver Burke,Jay Rodriguez,substitute_in
ENG-Premier League,1718,2018-03-03 Watford-West Brom,West Bromwich Albion,87’,1:0,Sam Field,Jake Livermore,substitute_in
ENG-Premier League,1718,2018-03-03 Watford-West Brom,Watford,90+5’,1:0,Miguel Britos,José Holebas,substitute_in
ENG-Premier League,1718,2018-05-13 Swansea City-Stoke City,Swansea City,14’,1:0,Andy King,André Ayew,goal
ENG-Premier League,1718,2018-05-13 Swansea City-Stoke City,Stoke City,31’,1:1,Badou Ndiaye,Xherdan Shaqiri,goal
ENG-Premier League,1718,2018-05-13 Swansea City-Stoke City,Swansea City,36’,1:1,Mike van der Hoorn,,yellow_card
ENG-Premier League,1718,2018-05-13 Swansea City-Stoke City,Stoke City,41’,1:2,Peter Crouch,Lasse Sørensen,goal
ENG-Premier League,1718,2018-05-13 Swansea City-Stoke City,Stoke City,54’,1:2,Xherdan Shaqiri,Łukasz Fabiański,penalty_miss
ENG-Premier League,1718,2018-05-13 Swansea City-Stoke City,Stoke City,56’,1:2,Peter Crouch,,yellow_card
ENG-Premier League,1718,2018-05-13 Swansea City-Stoke City,Swansea City,57’,1:2,Tammy Abraham,Wayne Routledge,substitute_in
ENG-Premier League,1718,2018-05-13 Swansea City-Stoke City,Swansea City,58’,1:2,Leon Britton,Andy King,substitute_in
ENG-Premier League,1718,2018-05-13 Swansea City-Stoke City,Stoke City,66’,1:2,Moritz Bauer,,yellow_card
ENG-Premier League,1718,2018-05-13 Swansea City-Stoke City,Swansea City,68’,1:2,Sam Clucas,Nathan Dyer,substitute_in
ENG-Premier League,1718,2018-05-13 Swansea City-Stoke City,Stoke City,76’,1:2,Stephen Ireland,Lasse Sørensen,substitute_in
ENG-Premier League,1718,2018-05-13 Swansea City-Stoke City,Stoke City,8’,0:0,Darren Fletcher,Joe Allen,substitute_in
ENG-Premier League,1718,2017-11-05 Manchester City-Arsenal,Manchester City,19’,1:0,Kevin De Bruyne,Fernandinho,goal
ENG-Premier League,1718,2017-11-05 Manchester City-Arsenal,Arsenal,49’,1:0,Nacho Monreal,,yellow_card
ENG-Premier League,1718,2017-11-05 Manchester City-Arsenal,Manchester City,50’,2:0,Sergio Agüero,,penalty_goal
ENG-Premier League,1718,2017-11-05 Manchester City-Arsenal,Arsenal,56’,2:0,Alexandre Lacazette,Francis Coquelin,substitute_in
ENG-Premier League,1718,2017-11-05 Manchester City-Arsenal,Arsenal,59’,2:0,Alexandre Lacazette,,yellow_card
ENG-Premier League,1718,2017-11-05 Manchester City-Arsenal,Manchester City,62’,2:0,Gabriel Jesus,Sergio Agüero,substitute_in
ENG-Premier League,1718,2017-11-05 Manchester City-Arsenal,Arsenal,65’,2:1,Alexandre Lacazette,Aaron Ramsey,goal
ENG-Premier League,1718,2017-11-05 Manchester City-Arsenal,Arsenal,67’,2:1,Laurent Koscielny,,yellow_card
ENG-Premier League,1718,2017-11-05 Manchester City-Arsenal,Manchester City,73’,2:1,Nicolás Otamendi,,yellow_card
ENG-Premier League,1718,2017-11-05 Manchester City-Arsenal,Manchester City,74’,3:1,Gabriel Jesus,David Silva,goal
ENG-Premier League,1718,2017-11-05 Manchester City-Arsenal,Arsenal,75’,3:1,Granit Xhaka,,yellow_card
ENG-Premier League,1718,2017-11-05 Manchester City-Arsenal,Arsenal,77’,3:1,Alexis Sánchez,,yellow_card
ENG-Premier League,1718,2017-11-05 Manchester City-Arsenal,Manchester City,78’,3:1,İlkay Gündoğan,Raheem Sterling,substitute_in
ENG-Premier League,1718,2017-11-05 Manchester City-Arsenal,Arsenal,78’,3:1,Olivier Giroud,Granit Xhaka,substitute_in
ENG-Premier League,1718,2017-11-05 Manchester City-Arsenal,Arsenal,78’,3:1,Jack Wilshere,Alex Iwobi,substitute_in
ENG-Premier League,1718,2017-11-05 Manchester City-Arsenal,Manchester City,87’,3:1,Bernardo Silva,Leroy Sané,substitute_in
ENG-Premier League,1718,2017-11-05 Manchester City-Arsenal,Arsenal,90+1’,3:1,Mesut Özil,,yellow_card
ENG-Premier League,1718,2017-10-21 Chelsea-Watford,Chelsea,12’,1:0,Pedro,Eden Hazard,goal
ENG-Premier League,1718,2017-10-21 Chelsea-Watford,Watford,12’,0:0,José Holebas,,yellow_card
ENG-Premier League,1718,2017-10-21 Chelsea-Watford,Watford,19’,1:0,Adrian Mariappa,,yellow_card
ENG-Premier League,1718,2017-10-21 Chelsea-Watford,Chelsea,23’,1:0,Antonio Rüdiger,,yellow_card
ENG-Premier League,1718,2017-10-21 Chelsea-Watford,Watford,45+2’,1:1,Abdoulaye Doucouré,,goal
ENG-Premier League,1718,2017-10-21 Chelsea-Watford,Watford,49’,1:2,Roberto Pereyra,Richarlison,goal
ENG-Premier League,1718,2017-10-21 Chelsea-Watford,Chelsea,56’,1:2,Álvaro Morata,,yellow_card
ENG-Premier League,1718,2017-10-21 Chelsea-Watford,Chelsea,61’,1:2,Michy Batshuayi,Álvaro Morata,substitute_in
ENG-Premier League,1718,2017-10-21 Chelsea-Watford,Watford,65’,1:2,André Carrillo,Roberto Pereyra,substitute_in
ENG-Premier League,1718,2017-10-21 Chelsea-Watford,Chelsea,68’,1:2,Willian,Marcos Alonso,substitute_in
ENG-Premier League,1718,2017-10-21 Chelsea-Watford,Chelsea,71’,2:2,Michy Batshuayi,Pedro,goal
ENG-Premier League,1718,2017-10-21 Chelsea-Watford,Watford,78’,2:2,Kiko Femenía,,yellow_card
ENG-Premier League,1718,2017-10-21 Chelsea-Watford,Watford,80’,2:2,Ben Watson,Troy Deeney,substitute_in
ENG-Premier League,1718,2017-10-21 Chelsea-Watford,Chelsea,86’,2:2,Davide Zappacosta,Pedro,substitute_in
ENG-Premier League,1718,2017-10-21 Chelsea-Watford,Chelsea,87’,3:2,César Azpilicueta,,goal
ENG-Premier League,1718,2017-10-21 Chelsea-Watford,Chelsea,90+5’,4:2,Michy Batshuayi,Tiemoué Bakayoko,goal
ENG-Premier League,1718,2017-10-21 Chelsea-Watford,Watford,90’,3:2,Andre Gray,Adrian Mariappa,substitute_in
ENG-Premier League,1718,2017-09-09 Stoke City-Manchester Utd,Stoke City,43’,1:0,Eric Maxim Choupo-Moting,Mame Biram Diouf,goal
ENG-Premier League,1718,2017-09-09 Stoke City-Manchester Utd,Manchester United,45+1’,1:1,Marcus Rashford,Paul Pogba,goal
ENG-Premier League,1718,2017-09-09 Stoke City-Manchester Utd,Stoke City,46’,1:1,Bruno Martins Indi,Geoff Cameron,substitute_in
ENG-Premier League,1718,2017-09-09 Stoke City-Manchester Utd,Manchester United,57’,1:2,Romelu Lukaku,,goal
ENG-Premier League,1718,2017-09-09 Stoke City-Manchester Utd,Stoke City,63’,2:2,Eric Maxim Choupo-Moting,Xherdan Shaqiri,goal
ENG-Premier League,1718,2017-09-09 Stoke City-Manchester Utd,Manchester United,72’,2:2,Juan Mata,Marcus Rashford,substitute_in
ENG-Premier League,1718,2017-09-09 Stoke City-Manchester Utd,Manchester United,72’,2:2,Anthony Martial,Ander Herrera,substitute_in
ENG-Premier League,1718,2017-09-09 Stoke City-Manchester Utd,Stoke City,75’,2:2,Saido Berahino,Jesé,substitute_in
ENG-Premier League,1718,2017-09-09 Stoke City-Manchester Utd,Manchester United,84’,2:2,Jesse Lingard,Henrikh Mkhitaryan,substitute_in
ENG-Premier League,1718,2017-08-12 Brighton-Manchester City,Brighton & Hove Albion,24’,0:0,Jamie Murphy,Izzy Brown,substitute_in
ENG-Premier League,1718,2017-08-12 Brighton-Manchester City,Manchester City,29’,0:0,Gabriel Jesus,,yellow_card
ENG-Premier League,1718,2017-08-12 Brighton-Manchester City,Brighton & Hove Albion,60’,0:0,Glenn Murray,Tomer Hemed,substitute_in
ENG-Premier League,1718,2017-08-12 Brighton-Manchester City,Manchester City,68’,0:0,Leroy Sané,Danilo,substitute_in
ENG-Premier League,1718,2017-08-12 Brighton-Manchester City,Manchester City,70’,0:1,Sergio Agüero,David Silva,goal
ENG-Premier League,1718,2017-08-12 Brighton-Manchester City,Brighton & Hove Albion,75’,0:2,Anthony Knockaert,Solly March,substitute_in
ENG-Premier League,1718,2017-08-12 Brighton-Manchester City,Manchester City,75’,0:2,Lewis Dunk,,own_goal
ENG-Premier League,1718,2017-08-12 Brighton-Manchester City,Manchester City,78’,0:2,Raheem Sterling,Gabriel Jesus,substitute_in
ENG-Premier League,1718,2017-08-12 Brighton-Manchester City,Manchester City,82’,0:2,Raheem Sterling,,yellow_card
ENG-Premier League,1718,2017-08-12 Brighton-Manchester City,Manchester City,83’,0:2,Bernardo Silva,Sergio Agüero,substitute_in
ENG-Premier League,1718,2017-12-23 Stoke City-West Brom,Stoke City,19’,1:0,Joe Allen,Peter Crouch,goal
ENG-Premier League,1718,2017-12-23 Stoke City-West Brom,Stoke City,45+2’,2:0,Eric Maxim Choupo-Moting,Joe Allen,goal
ENG-Premier League,1718,2017-12-23 Stoke City-West Brom,West Bromwich Albion,46’,2:0,Nacer Chadli,James McClean,substitute_in
ENG-Premier League,1718,2017-12-23 Stoke City-West Brom,West Bromwich Albion,51’,2:1,Salomón Rondón,Chris Brunt,goal
ENG-Premier League,1718,2017-12-23 Stoke City-West Brom,West Bromwich Albion,61’,2:1,Jay Rodriguez,Nacer Chadli,substitute_in
ENG-Premier League,1718,2017-12-23 Stoke City-West Brom,Stoke City,67’,2:1,Mame Biram Diouf,Darren Fletcher,substitute_in
ENG-Premier League,1718,2017-12-23 Stoke City-West Brom,Stoke City,79’,2:1,Ramadan Sobhi,Xherdan Shaqiri,substitute_in
ENG-Premier League,1718,2017-12-23 Stoke City-West Brom,West Bromwich Albion,81’,2:1,Oliver Burke,Kieran Gibbs,substitute_in
ENG-Premier League,1718,2017-12-23 Stoke City-West Brom,Stoke City,90+5’,3:1,Ramadan Sobhi,Eric Maxim Choupo-Moting,goal
ENG-Premier League,1718,2017-12-23 Stoke City-West Brom,Stoke City,90+6’,3:1,Ramadan Sobhi,,yellow_card
ENG-Premier League,1718,2018-04-19 Burnley-Chelsea,Chelsea,20’,0:1,Kevin Long,,own_goal
ENG-Premier League,1718,2018-04-19 Burnley-Chelsea,Burnley,28’,0:1,James Tarkowski,,yellow_card
ENG-Premier League,1718,2018-04-19 Burnley-Chelsea,Burnley,64’,1:1,Ashley Barnes,Jóhann Berg Guðmundsson,goal
ENG-Premier League,1718,2018-04-19 Burnley-Chelsea,Chelsea,69’,1:2,Victor Moses,Emerson Palmieri,goal
ENG-Premier League,1718,2018-04-19 Burnley-Chelsea,Chelsea,71’,1:2,Eden Hazard,Álvaro Morata,substitute_in
ENG-Premier League,1718,2018-04-19 Burnley-Chelsea,Burnley,72’,1:2,Sam Vokes,Chris Wood,substitute_in
ENG-Premier League,1718,2018-04-19 Burnley-Chelsea,Chelsea,84’,1:2,Davide Zappacosta,Emerson Palmieri,substitute_in
ENG-Premier League,1718,2018-04-19 Burnley-Chelsea,Burnley,87’,1:2,Nahki Wells,Aaron Lennon,substitute_in
ENG-Premier League,1718,2018-01-14 Bournemouth-Arsenal,Bournemouth,21’,0:0,Dan Gosling,,yellow_card
ENG-Premier League,1718,2018-01-14 Bournemouth-Arsenal,Bournemouth,31’,0:0,Simon Francis,,yellow_card
ENG-Premier League,1718,2018-01-14 Bournemouth-Arsenal,Arsenal,52’,0:1,Héctor Bellerín,Alex Iwobi,goal
ENG-Premier League,1718,2018-01-14 Bournemouth-Arsenal,Arsenal,56’,0:1,Granit Xhaka,,yellow_card
ENG-Premier League,1718,2018-01-14 Bournemouth-Arsenal,Bournemouth,63’,0:1,Lys Mousset,Charlie Daniels,substitute_in
ENG-Premier League,1718,2018-01-14 Bournemouth-Arsenal,Bournemouth,70’,1:1,Callum Wilson,Ryan Fraser,goal
ENG-Premier League,1718,2018-01-14 Bournemouth-Arsenal,Arsenal,71’,1:1,Jack Wilshere,,yellow_card
ENG-Premier League,1718,2018-01-14 Bournemouth-Arsenal,Bournemouth,74’,2:1,Jordon Ibe,Callum Wilson,goal
ENG-Premier League,1718,2018-01-14 Bournemouth-Arsenal,Arsenal,74’,2:1,Aaron Ramsey,Calum Chambers,substitute_in
ENG-Premier League,1718,2018-01-14 Bournemouth-Arsenal,Arsenal,76’,2:1,Theo Walcott,Alex Iwobi,substitute_in
ENG-Premier League,1718,2018-01-14 Bournemouth-Arsenal,Bournemouth,86’,2:1,Marc Pugh,Jordon Ibe,substitute_in
ENG-Premier League,1718,2018-01-14 Bournemouth-Arsenal,Bournemouth,90+1’,2:1,Benik Afobe,Callum Wilson,substitute_in
ENG-Premier League,1718,2018-05-05 Leicester City-West Ham United,West Ham United,34’,0:1,João Mário,Marko Arnautović,goal
ENG-Premier League,1718,2018-05-05 Leicester City-West Ham United,West Ham United,41’,0:1,Marko Arnautović,,yellow_card
ENG-Premier League,1718,2018-05-05 Leicester City-West Ham United,Leicester City,46’,0:1,Aleksandar Dragović,Vicente Iborra,substitute_in
ENG-Premier League,1718,2018-05-05 Leicester City-West Ham United,West Ham United,49’,0:1,Aaron Cresswell,,yellow_card
ENG-Premier League,1718,2018-05-05 Leicester City-West Ham United,Leicester City,61’,0:1,Demarai Gray,Fousseni Diabaté,substitute_in
ENG-Premier League,1718,2018-05-05 Leicester City-West Ham United,Leicester City,61’,0:1,Kelechi Iheanacho,Hamza Choudhury,substitute_in
ENG-Premier League,1718,2018-05-05 Leicester City-West Ham United,Leicester City,64’,0:2,Aleksandar Dragović,,yellow_card
ENG-Premier League,1718,2018-05-05 Leicester City-West Ham United,West Ham United,64’,0:2,Mark Noble,,goal
ENG-Premier League,1718,2018-05-05 Leicester City-West Ham United,West Ham United,75’,0:2,Andy Carroll,Manuel Lanzini,substitute_in
ENG-Premier League,1718,2018-05-05 Leicester City-West Ham United,West Ham United,79’,0:2,Edimilson Fernandes,Marko Arnautović,substitute_in
ENG-Premier League,1718,2018-05-05 Leicester City-West Ham United,West Ham United,90+3’,0:2,Patrice Evra,Arthur Masuaku,substitute_in
ENG-Premier League,1718,2017-12-17 West Brom-Manchester Utd,Manchester United,27’,0:1,Romelu Lukaku,Marcus Rashford,goal
ENG-Premier League,1718,2017-12-17 West Brom-Manchester Utd,Manchester United,35’,0:2,Jesse Lingard,Juan Mata,goal
ENG-Premier League,1718,2017-12-17 West Brom-Manchester Utd,West Bromwich Albion,46’,0:2,Gareth Barry,Claudio Yacob,substitute_in
ENG-Premier League,1718,2017-12-17 West Brom-Manchester Utd,Manchester United,53’,0:2,Marcus Rashford,,yellow_card
ENG-Premier League,1718,2017-12-17 West Brom-Manchester Utd,West Bromwich Albion,64’,0:2,Jay Rodriguez,Oliver Burke,substitute_in
ENG-Premier League,1718,2017-12-17 West Brom-Manchester Utd,Manchester United,66’,0:2,Marcos Rojo,Antonio Valencia,substitute_in
ENG-Premier League,1718,2017-12-17 West Brom-Manchester Utd,West Bromwich Albion,72’,0:2,Chris Brunt,Grzegorz Krychowiak,substitute_in
ENG-Premier League,1718,2017-12-17 West Brom-Manchester Utd,West Bromwich Albion,77’,1:2,Gareth Barry,Jonny Evans,goal
ENG-Premier League,1718,2017-12-17 West Brom-Manchester Utd,Manchester United,79’,1:2,Anthony Martial,Marcus Rashford,substitute_in
ENG-Premier League,1718,2017-12-17 West Brom-Manchester Utd,Manchester United,86’,1:2,Scott McTominay,Jesse Lingard,substitute_in
ENG-Premier League,1718,2017-12-17 West Brom-Manchester Utd,Manchester United,90+3’,1:2,Nemanja Matić,,yellow_card
ENG-Premier League,1718,2017-12-17 West Brom-Manchester Utd,West Bromwich Albion,90+5’,1:2,Salomón Rondón,,yellow_card
ENG-Premier League,1718,2017-12-17 West Brom-Manchester Utd,Manchester United,90+5’,1:2,Marcos Rojo,,yellow_card
ENG-Premier League,1718,2017-12-12 Crystal Palace-Watford,Watford,3’,0:1,Daryl Janmaat,Richarlison,goal
ENG-Premier League,1718,2017-12-12 Crystal Palace-Watford,Crystal Palace,63’,0:1,Luka Milivojević,,yellow_card
ENG-Premier League,1718,2017-12-12 Crystal Palace-Watford,Crystal Palace,67’,0:1,Patrick van Aanholt,Andros Townsend,substitute_in
ENG-Premier League,1718,2017-12-12 Crystal Palace-Watford,Crystal Palace,70’,0:1,Bakary Sako,Timothy Fosu-Mensah,substitute_in
ENG-Premier League,1718,2017-12-12 Crystal Palace-Watford,Watford,71’,0:1,Roberto Pereyra,André Carrillo,substitute_in
ENG-Premier League,1718,2017-12-12 Crystal Palace-Watford,Crystal Palace,77’,0:1,James McArthur,Yohan Cabaye,substitute_in
ENG-Premier League,1718,2017-12-12 Crystal Palace-Watford,Watford,78’,0:1,Tom Cleverley,,yellow_card
ENG-Premier League,1718,2017-12-12 Crystal Palace-Watford,Watford,80’,0:1,Andre Gray,Troy Deeney,substitute_in
ENG-Premier League,1718,2017-12-12 Crystal Palace-Watford,Watford,84’,0:1,Kiko Femenía,Richarlison,substitute_in
ENG-Premier League,1718,2017-12-12 Crystal Palace-Watford,Crystal Palace,85’,0:1,Patrick van Aanholt,,yellow_card
ENG-Premier League,1718,2017-12-12 Crystal Palace-Watford,Watford,87’,0:1,Tom Cleverley,,yellow_red_card
ENG-Premier League,1718,2017-12-12 Crystal Palace-Watford,Crystal Palace,89’,1:1,Bakary Sako,,goal
ENG-Premier League,1718,2017-12-12 Crystal Palace-Watford,Watford,90+1’,1:1,Roberto Pereyra,,yellow_card
ENG-Premier League,1718,2017-12-12 Crystal Palace-Watford,Crystal Palace,90+2’,2:1,James McArthur,,goal
ENG-Premier League,1718,2017-12-12 Crystal Palace-Watford,Watford,90+6’,2:1,Kiko Femenía,,substitute_in
ENG-Premier League,1718,2018-03-12 Stoke City-Manchester City,Manchester City,10’,0:1,David Silva,Raheem Sterling,goal
ENG-Premier League,1718,2018-03-12 Stoke City-Manchester City,Manchester City,50’,0:2,David Silva,Gabriel Jesus,goal
ENG-Premier League,1718,2018-03-12 Stoke City-Manchester City,Stoke City,63’,0:2,Peter Crouch,Jesé,substitute_in
ENG-Premier League,1718,2018-03-12 Stoke City-Manchester City,Stoke City,73’,0:2,Joe Allen,,yellow_card
ENG-Premier League,1718,2018-03-12 Stoke City-Manchester City,Manchester City,85’,0:2,Bernardo Silva,Raheem Sterling,substitute_in
ENG-Premier League,1718,2018-03-12 Stoke City-Manchester City,Stoke City,88’,0:2,Ramadan Sobhi,Geoff Cameron,substitute_in
ENG-Premier League,1718,2018-03-12 Stoke City-Manchester City,Manchester City,90+1’,0:2,İlkay Gündoğan,Gabriel Jesus,substitute_in
ENG-Premier League,1718,2017-12-26 Bournemouth-West Ham United,Bournemouth,29’,1:1,Dan Gosling,Joshua King,goal
ENG-Premier League,1718,2017-12-26 Bournemouth-West Ham United,Bournemouth,32’,1:1,Simon Francis,,yellow_card
ENG-Premier League,1718,2017-12-26 Bournemouth-West Ham United,West Ham United,37’,1:1,Pablo Zabaleta,,yellow_card
ENG-Premier League,1718,2017-12-26 Bournemouth-West Ham United,West Ham United,55’,1:1,James Collins,,yellow_card
ENG-Premier League,1718,2017-12-26 Bournemouth-West Ham United,West Ham United,56’,1:1,Aaron Cresswell,,yellow_card
ENG-Premier League,1718,2017-12-26 Bournemouth-West Ham United,Bournemouth,57’,2:1,Nathan Aké,Dan Gosling,goal
ENG-Premier League,1718,2017-12-26 Bournemouth-West Ham United,West Ham United,60’,2:1,Andy Carroll,Pedro Obiang,substitute_in
ENG-Premier League,1718,2017-12-26 Bournemouth-West Ham United,West Ham United,61’,2:1,Javier Hernández,André Ayew,substitute_in
ENG-Premier League,1718,2017-12-26 Bournemouth-West Ham United,Bournemouth,65’,2:1,Benik Afobe,Joshua King,substitute_in
ENG-Premier League,1718,2017-12-26 Bournemouth-West Ham United,Bournemouth,71’,2:1,Lewis Cook,,yellow_card
ENG-Premier League,1718,2017-12-26 Bournemouth-West Ham United,Bournemouth,79’,2:1,Nathan Aké,,yellow_card
ENG-Premier League,1718,2017-12-26 Bournemouth-West Ham United,West Ham United,79’,2:1,Declan Rice,Pablo Zabaleta,substitute_in
ENG-Premier League,1718,2017-12-26 Bournemouth-West Ham United,West Ham United,7’,0:1,James Collins,Aaron Cresswell,goal
ENG-Premier League,1718,2017-12-26 Bournemouth-West Ham United,West Ham United,81’,2:2,Marko Arnautović,,goal
ENG-Premier League,1718,2017-12-26 Bournemouth-West Ham United,Bournemouth,86’,2:2,Marc Pugh,Ryan Fraser,substitute_in
ENG-Premier League,1718,2017-12-26 Bournemouth-West Ham United,West Ham United,87’,2:2,Angelo Ogbonna,,yellow_card
ENG-Premier League,1718,2017-12-26 Bournemouth-West Ham United,West Ham United,89’,2:3,Marko Arnautović,,goal
ENG-Premier League,1718,2017-12-26 Bournemouth-West Ham United,Bournemouth,90+3’,3:3,Callum Wilson,Nathan Aké,goal
ENG-Premier League,1718,2017-11-26 Burnley-Arsenal,Burnley,15’,0:0,Steven Defour,,yellow_card
ENG-Premier League,1718,2017-11-26 Burnley-Arsenal,Burnley,25’,0:0,Robbie Brady,,yellow_card
ENG-Premier League,1718,2017-11-26 Burnley-Arsenal,Arsenal,67’,0:0,Jack Wilshere,Alex Iwobi,substitute_in
ENG-Premier League,1718,2017-11-26 Burnley-Arsenal,Burnley,78’,0:0,Chris Wood,Steven Defour,substitute_in
ENG-Premier League,1718,2017-11-26 Burnley-Arsenal,Arsenal,79’,0:0,Danny Welbeck,Alexandre Lacazette,substitute_in
ENG-Premier League,1718,2017-11-26 Burnley-Arsenal,Arsenal,90+2’,0:1,Alexis Sánchez,,penalty_goal
ENG-Premier League,1718,2018-05-13 Liverpool-Brighton,Liverpool,26’,1:0,Mohamed Salah,,goal
ENG-Premier League,1718,2018-05-13 Liverpool-Brighton,Liverpool,40’,2:0,Dejan Lovren,Andrew Robertson,goal
ENG-Premier League,1718,2018-05-13 Liverpool-Brighton,Liverpool,53’,3:0,Dominic Solanke,Mohamed Salah,goal
ENG-Premier League,1718,2018-05-13 Liverpool-Brighton,Brighton & Hove Albion,57’,3:0,Glenn Murray,Jürgen Locadia,substitute_in
ENG-Premier League,1718,2018-05-13 Liverpool-Brighton,Brighton & Hove Albion,57’,3:0,Pascal Groß,Beram Kayal,substitute_in
ENG-Premier League,1718,2018-05-13 Liverpool-Brighton,Brighton & Hove Albion,71’,3:0,Connor Goldson,Shane Duffy,substitute_in
ENG-Premier League,1718,2018-05-13 Liverpool-Brighton,Liverpool,74’,3:0,Adam Lallana,Sadio Mané,substitute_in
ENG-Premier League,1718,2018-05-13 Liverpool-Brighton,Liverpool,84’,3:0,Ben Woodburn,Mohamed Salah,substitute_in
ENG-Premier League,1718,2018-05-13 Liverpool-Brighton,Liverpool,84’,3:0,Danny Ings,Roberto Firmino,substitute_in
ENG-Premier League,1718,2018-05-13 Liverpool-Brighton,Liverpool,85’,4:0,Andrew Robertson,,goal
ENG-Premier League,1718,2018-05-04 Brighton-Manchester Utd,Brighton & Hove Albion,47’,0:0,Glenn Murray,,yellow_card
ENG-Premier League,1718,2018-05-04 Brighton-Manchester Utd,Brighton & Hove Albion,57’,1:0,Pascal Groß,,goal
ENG-Premier League,1718,2018-05-04 Brighton-Manchester Utd,Brighton & Hove Albion,67’,1:0,Pascal Groß,,yellow_card
ENG-Premier League,1718,2018-05-04 Brighton-Manchester Utd,Manchester United,68’,1:0,Luke Shaw,Matteo Darmian,substitute_in
ENG-Premier League,1718,2018-05-04 Brighton-Manchester Utd,Manchester United,68’,1:0,Jesse Lingard,Marouane Fellaini,substitute_in
ENG-Premier League,1718,2018-05-04 Brighton-Manchester Utd,Manchester United,76’,1:0,Scott McTominay,Marcos Rojo,substitute_in
ENG-Premier League,1718,2018-05-04 Brighton-Manchester Utd,Brighton & Hove Albion,84’,1:0,Beram Kayal,Pascal Groß,substitute_in
ENG-Premier League,1718,2018-05-04 Brighton-Manchester Utd,Brighton & Hove Albion,88’,1:0,Solly March,José Izquierdo,substitute_in
ENG-Premier League,1718,2018-05-04 Brighton-Manchester Utd,Brighton & Hove Albion,90+3’,1:0,Leonardo Ulloa,Glenn Murray,substitute_in
ENG-Premier League,1718,2017-11-29 Chelsea-Swansea City,Swansea City,46’,0:0,Leroy Fer,Renato Sanches,substitute_in
ENG-Premier League,1718,2017-11-29 Chelsea-Swansea City,Chelsea,55’,1:0,Antonio Rüdiger,,goal
ENG-Premier League,1718,2017-11-29 Chelsea-Swansea City,Swansea City,65’,1:0,Oliver McBurnie,Roque Mesa,substitute_in
ENG-Premier League,1718,2017-11-29 Chelsea-Swansea City,Chelsea,75’,1:0,Victor Moses,Davide Zappacosta,substitute_in
ENG-Premier League,1718,2017-11-29 Chelsea-Swansea City,Chelsea,81’,1:0,Eden Hazard,Pedro,substitute_in
ENG-Premier League,1718,2017-11-29 Chelsea-Swansea City,Chelsea,81’,1:0,Danny Drinkwater,Willian,substitute_in
ENG-Premier League,1718,2017-11-29 Chelsea-Swansea City,Swansea City,84’,1:0,Wayne Routledge,Jordan Ayew,substitute_in
ENG-Premier League,1718,2017-11-29 Chelsea-Swansea City,Chelsea,90+3’,1:0,Álvaro Morata,,yellow_card
ENG-Premier League,1718,2017-12-26 Liverpool-Swansea City,Liverpool,52’,2:0,Roberto Firmino,Philippe Coutinho,goal
ENG-Premier League,1718,2017-12-26 Liverpool-Swansea City,Swansea City,56’,2:0,Martin Olsson,,yellow_card
ENG-Premier League,1718,2017-12-26 Liverpool-Swansea City,Swansea City,62’,2:0,Tammy Abraham,Oliver McBurnie,substitute_in
ENG-Premier League,1718,2017-12-26 Liverpool-Swansea City,Liverpool,65’,3:0,Trent Alexander-Arnold,,goal
ENG-Premier League,1718,2017-12-26 Liverpool-Swansea City,Swansea City,65’,3:0,Sam Clucas,Roque Mesa,substitute_in
ENG-Premier League,1718,2017-12-26 Liverpool-Swansea City,Liverpool,66’,4:0,Roberto Firmino,Mohamed Salah,goal
ENG-Premier League,1718,2017-12-26 Liverpool-Swansea City,Liverpool,68’,4:0,Dominic Solanke,Roberto Firmino,substitute_in
ENG-Premier League,1718,2017-12-26 Liverpool-Swansea City,Liverpool,69’,4:0,Adam Lallana,Mohamed Salah,substitute_in
ENG-Premier League,1718,2017-12-26 Liverpool-Swansea City,Liverpool,6’,1:0,Philippe Coutinho,Mohamed Salah,goal
ENG-Premier League,1718,2017-12-26 Liverpool-Swansea City,Liverpool,75’,4:0,James Milner,Andrew Robertson,substitute_in
ENG-Premier League,1718,2017-12-26 Liverpool-Swansea City,Swansea City,78’,4:0,Renato Sanches,Leroy Fer,substitute_in
ENG-Premier League,1718,2017-12-26 Liverpool-Swansea City,Liverpool,82’,5:0,Alex Oxlade-Chamberlain,,goal
ENG-Premier League,1718,2017-12-02 Watford-Tottenham Hotspur,Watford,13’,1:0,Christian Kabasele,Tom Cleverley,goal
ENG-Premier League,1718,2017-12-02 Watford-Tottenham Hotspur,Tottenham Hotspur,25’,1:1,Son Heung-min,Christian Eriksen,goal
ENG-Premier League,1718,2017-12-02 Watford-Tottenham Hotspur,Watford,36’,1:1,Tom Cleverley,,yellow_card
ENG-Premier League,1718,2017-12-02 Watford-Tottenham Hotspur,Watford,50’,1:1,Christian Kabasele,,yellow_card
ENG-Premier League,1718,2017-12-02 Watford-Tottenham Hotspur,Tottenham Hotspur,52’,1:1,Davinson Sánchez,,red_card
ENG-Premier League,1718,2017-12-02 Watford-Tottenham Hotspur,Watford,64’,1:1,Étienne Capoue,Christian Kabasele,substitute_in
ENG-Premier League,1718,2017-12-02 Watford-Tottenham Hotspur,Tottenham Hotspur,64’,1:1,Moussa Sissoko,Christian Eriksen,substitute_in
ENG-Premier League,1718,2017-12-02 Watford-Tottenham Hotspur,Watford,67’,1:1,André Carrillo,Roberto Pereyra,substitute_in
ENG-Premier League,1718,2017-12-02 Watford-Tottenham Hotspur,Tottenham Hotspur,71’,1:1,Jan Vertonghen,,yellow_card
ENG-Premier League,1718,2017-12-02 Watford-Tottenham Hotspur,Watford,73’,1:1,Marvin Zeegelaar,,yellow_card
ENG-Premier League,1718,2017-12-02 Watford-Tottenham Hotspur,Tottenham Hotspur,77’,1:1,Érik Lamela,Son Heung-min,substitute_in
ENG-Premier League,1718,2017-12-02 Watford-Tottenham Hotspur,Tottenham Hotspur,86’,1:1,Harry Winks,Dele Alli,substitute_in
ENG-Premier League,1718,2017-12-02 Watford-Tottenham Hotspur,Watford,88’,1:1,Andre Gray,Tom Cleverley,substitute_in
ENG-Premier League,1718,2017-12-02 Watford-Tottenham Hotspur,Watford,88’,1:1,Richarlison,,yellow_card
ENG-Premier League,1718,2017-10-14 Tottenham Hotspur-Bournemouth,Bournemouth,27’,0:0,Steve Cook,,yellow_card
ENG-Premier League,1718,2017-10-14 Tottenham Hotspur-Bournemouth,Bournemouth,38’,0:0,Adam Smith,,yellow_card
ENG-Premier League,1718,2017-10-14 Tottenham Hotspur-Bournemouth,Tottenham Hotspur,47’,1:0,Christian Eriksen,,goal
ENG-Premier League,1718,2017-10-14 Tottenham Hotspur-Bournemouth,Tottenham Hotspur,75’,1:0,Moussa Sissoko,Son Heung-min,substitute_in
ENG-Premier League,1718,2017-10-14 Tottenham Hotspur-Bournemouth,Bournemouth,75’,1:0,Jermain Defoe,Junior Stanislas,substitute_in
ENG-Premier League,1718,2017-10-14 Tottenham Hotspur-Bournemouth,Bournemouth,75’,1:0,Jordon Ibe,Adam Smith,substitute_in
ENG-Premier League,1718,2017-10-14 Tottenham Hotspur-Bournemouth,Bournemouth,83’,1:0,Lys Mousset,Lewis Cook,substitute_in
ENG-Premier League,1718,2017-10-14 Tottenham Hotspur-Bournemouth,Tottenham Hotspur,84’,1:0,Jan Vertonghen,,yellow_card
ENG-Premier League,1718,2017-10-14 Tottenham Hotspur-Bournemouth,Tottenham Hotspur,85’,1:0,Fernando Llorente,Harry Kane,substitute_in
ENG-Premier League,1718,2017-10-14 Tottenham Hotspur-Bournemouth,Tottenham Hotspur,90+3’,1:0,Georges-Kévin N'Koudou,Dele Alli,substitute_in
ENG-Premier League,1718,2017-10-14 Tottenham Hotspur-Bournemouth,Bournemouth,90+3’,1:0,Asmir Begović,,yellow_card
ENG-Premier League,1718,2017-10-14 Tottenham Hotspur-Bournemouth,Tottenham Hotspur,90+6’,1:0,Georges-Kévin N'Koudou,,substitute_in
ENG-Premier League,1718,2017-11-25 Tottenham Hotspur-West Brom,West Bromwich Albion,26’,0:1,Gareth Barry,,yellow_card
ENG-Premier League,1718,2017-11-25 Tottenham Hotspur-West Brom,West Bromwich Albion,4’,0:1,Salomón Rondón,Jake Livermore,goal
ENG-Premier League,1718,2017-11-25 Tottenham Hotspur-West Brom,Tottenham Hotspur,58’,0:1,Eric Dier,,yellow_card
ENG-Premier League,1718,2017-11-25 Tottenham Hotspur-West Brom,Tottenham Hotspur,60’,0:1,Fernando Llorente,Jan Vertonghen,substitute_in
ENG-Premier League,1718,2017-11-25 Tottenham Hotspur-West Brom,West Bromwich Albion,60’,0:1,Kieran Gibbs,,yellow_card
ENG-Premier League,1718,2017-11-25 Tottenham Hotspur-West Brom,Tottenham Hotspur,61’,0:1,Mousa Dembélé,Harry Winks,substitute_in
ENG-Premier League,1718,2017-11-25 Tottenham Hotspur-West Brom,West Bromwich Albion,67’,0:1,James McClean,Sam Field,substitute_in
ENG-Premier League,1718,2017-11-25 Tottenham Hotspur-West Brom,West Bromwich Albion,67’,0:1,Hal Robson-Kanu,Jay Rodriguez,substitute_in
ENG-Premier League,1718,2017-11-25 Tottenham Hotspur-West Brom,Tottenham Hotspur,74’,1:1,Harry Kane,Dele Alli,goal
ENG-Premier League,1718,2017-11-25 Tottenham Hotspur-West Brom,West Bromwich Albion,77’,1:1,Allan Nyom,,yellow_card
ENG-Premier League,1718,2017-11-25 Tottenham Hotspur-West Brom,West Bromwich Albion,79’,1:1,Claudio Yacob,Gareth Barry,substitute_in
ENG-Premier League,1718,2017-11-25 Tottenham Hotspur-West Brom,West Bromwich Albion,82’,1:1,Ben Foster,,yellow_card
ENG-Premier League,1718,2017-11-29 Bournemouth-Burnley,Burnley,37’,0:1,Chris Wood,,goal
ENG-Premier League,1718,2017-11-29 Bournemouth-Burnley,Bournemouth,58’,0:1,Lewis Cook,Harry Arter,substitute_in
ENG-Premier League,1718,2017-11-29 Bournemouth-Burnley,Bournemouth,64’,0:1,Jermain Defoe,Marc Pugh,substitute_in
ENG-Premier League,1718,2017-11-29 Bournemouth-Burnley,Burnley,65’,0:2,Robbie Brady,Jóhann Berg Guðmundsson,goal
ENG-Premier League,1718,2017-11-29 Bournemouth-Burnley,Bournemouth,69’,0:2,Ryan Fraser,Jordon Ibe,substitute_in
ENG-Premier League,1718,2017-11-29 Bournemouth-Burnley,Burnley,75’,0:2,Ashley Westwood,Steven Defour,substitute_in
ENG-Premier League,1718,2017-11-29 Bournemouth-Burnley,Bournemouth,79’,1:2,Joshua King,,goal
ENG-Premier League,1718,2017-11-29 Bournemouth-Burnley,Burnley,86’,1:2,Ashley Barnes,Jeff Hendrick,substitute_in
ENG-Premier League,1718,2017-11-29 Bournemouth-Burnley,Burnley,90+6’,1:2,Sam Vokes,,yellow_card
ENG-Premier League,1718,2017-11-29 Bournemouth-Burnley,Burnley,90’,1:2,Sam Vokes,Chris Wood,substitute_in
ENG-Premier League,1718,2017-11-05 Everton-Watford,Watford,46’,0:1,Richarlison,Andre Gray,goal
ENG-Premier League,1718,2017-11-05 Everton-Watford,Everton,55’,0:1,Ademola Lookman,Beni Baningime,substitute_in
ENG-Premier League,1718,2017-11-05 Everton-Watford,Watford,59’,0:1,Orestis Karnezis,Heurelho Gomes,substitute_in
ENG-Premier League,1718,2017-11-05 Everton-Watford,Watford,64’,0:2,Christian Kabasele,José Holebas,goal
ENG-Premier League,1718,2017-11-05 Everton-Watford,Everton,67’,1:2,Oumar Niasse,,goal
ENG-Premier League,1718,2017-11-05 Everton-Watford,Everton,68’,1:2,Dominic Calvert-Lewin,Wayne Rooney,substitute_in
ENG-Premier League,1718,2017-11-05 Everton-Watford,Watford,69’,1:2,Miguel Britos,,yellow_card
ENG-Premier League,1718,2017-11-05 Everton-Watford,Everton,74’,2:2,Dominic Calvert-Lewin,Leighton Baines,goal
ENG-Premier League,1718,2017-11-05 Everton-Watford,Watford,79’,2:2,Adrian Mariappa,Christian Kabasele,substitute_in
ENG-Premier League,1718,2017-11-05 Everton-Watford,Everton,85’,2:2,Aaron Lennon,Gylfi Sigurðsson,substitute_in
ENG-Premier League,1718,2017-11-05 Everton-Watford,Watford,90+11’,3:2,Tom Cleverley,,penalty_miss
ENG-Premier League,1718,2017-11-05 Everton-Watford,Everton,90+1’,3:2,Leighton Baines,,penalty_goal
ENG-Premier League,1718,2017-11-05 Everton-Watford,Watford,90+4’,3:2,Stefano Okaka,Will Hughes,substitute_in
ENG-Premier League,1718,2017-11-05 Everton-Watford,Watford,90’,2:2,José Holebas,,yellow_card
ENG-Premier League,1718,2017-10-21 Manchester City-Burnley,Burnley,20’,0:0,Ashley Barnes,Chris Wood,substitute_in
ENG-Premier League,1718,2017-10-21 Manchester City-Burnley,Manchester City,29’,0:0,Leroy Sané,,yellow_card
ENG-Premier League,1718,2017-10-21 Manchester City-Burnley,Burnley,29’,0:0,James Tarkowski,,yellow_card
ENG-Premier League,1718,2017-10-21 Manchester City-Burnley,Manchester City,30’,1:0,Sergio Agüero,,penalty_goal
ENG-Premier League,1718,2017-10-21 Manchester City-Burnley,Manchester City,44’,1:0,Fernandinho,,yellow_card
ENG-Premier League,1718,2017-10-21 Manchester City-Burnley,Burnley,52’,1:0,Jack Cork,,yellow_card
ENG-Premier League,1718,2017-10-21 Manchester City-Burnley,Burnley,57’,1:0,Ashley Barnes,,yellow_card
ENG-Premier League,1718,2017-10-21 Manchester City-Burnley,Burnley,71’,1:0,Jóhann Berg Guðmundsson,Jeff Hendrick,substitute_in
ENG-Premier League,1718,2017-10-21 Manchester City-Burnley,Manchester City,73’,2:0,Nicolás Otamendi,Leroy Sané,goal
ENG-Premier League,1718,2017-10-21 Manchester City-Burnley,Manchester City,75’,3:0,Leroy Sané,Kevin De Bruyne,goal
ENG-Premier League,1718,2017-10-21 Manchester City-Burnley,Manchester City,76’,3:0,Gabriel Jesus,Sergio Agüero,substitute_in
ENG-Premier League,1718,2017-10-21 Manchester City-Burnley,Manchester City,78’,3:0,Yaya Touré,Fernandinho,substitute_in
ENG-Premier League,1718,2017-10-21 Manchester City-Burnley,Manchester City,80’,3:0,İlkay Gündoğan,Kevin De Bruyne,substitute_in
ENG-Premier League,1718,2017-10-21 Manchester City-Burnley,Burnley,84’,3:0,Ashley Westwood,Steven Defour,substitute_in
ENG-Premier League,1718,2017-10-28 Manchester Utd-Tottenham Hotspur,Tottenham Hotspur,62’,0:0,Mousa Dembélé,Moussa Sissoko,substitute_in
ENG-Premier League,1718,2017-10-28 Manchester Utd-Tottenham Hotspur,Tottenham Hotspur,62’,0:0,Fernando Llorente,Son Heung-min,substitute_in
ENG-Premier League,1718,2017-10-28 Manchester Utd-Tottenham Hotspur,Manchester United,65’,0:0,Jesse Lingard,Henrikh Mkhitaryan,substitute_in
ENG-Premier League,1718,2017-10-28 Manchester Utd-Tottenham Hotspur,Manchester United,70’,0:0,Anthony Martial,Marcus Rashford,substitute_in
ENG-Premier League,1718,2017-10-28 Manchester Utd-Tottenham Hotspur,Manchester United,73’,0:0,Antonio Valencia,,yellow_card
ENG-Premier League,1718,2017-10-28 Manchester Utd-Tottenham Hotspur,Manchester United,81’,1:0,Anthony Martial,Romelu Lukaku,goal
ENG-Premier League,1718,2017-10-28 Manchester Utd-Tottenham Hotspur,Manchester United,90+3’,1:0,Matteo Darmian,Ashley Young,substitute_in
ENG-Premier League,1718,2017-12-22 Arsenal-Liverpool,Liverpool,13’,0:0,James Milner,Jordan Henderson,substitute_in
ENG-Premier League,1718,2017-12-22 Arsenal-Liverpool,Liverpool,26’,0:1,Philippe Coutinho,,goal
ENG-Premier League,1718,2017-12-22 Arsenal-Liverpool,Arsenal,46’,0:1,Shkodran Mustafi,Nacho Monreal,substitute_in
ENG-Premier League,1718,2017-12-22 Arsenal-Liverpool,Liverpool,52’,0:2,Mohamed Salah,Roberto Firmino,goal
ENG-Premier League,1718,2017-12-22 Arsenal-Liverpool,Arsenal,53’,1:2,Alexis Sánchez,Héctor Bellerín,goal
ENG-Premier League,1718,2017-12-22 Arsenal-Liverpool,Arsenal,56’,2:2,Granit Xhaka,Alex Iwobi,goal
ENG-Premier League,1718,2017-12-22 Arsenal-Liverpool,Arsenal,58’,2:2,Alex Iwobi,,yellow_card
ENG-Premier League,1718,2017-12-22 Arsenal-Liverpool,Arsenal,58’,3:2,Mesut Özil,Alexandre Lacazette,goal
ENG-Premier League,1718,2017-12-22 Arsenal-Liverpool,Liverpool,71’,3:3,Roberto Firmino,Emre Can,goal
ENG-Premier League,1718,2017-12-22 Arsenal-Liverpool,Arsenal,78’,3:3,Danny Welbeck,Alex Iwobi,substitute_in
ENG-Premier League,1718,2017-12-22 Arsenal-Liverpool,Liverpool,80’,3:3,Georginio Wijnaldum,Sadio Mané,substitute_in
ENG-Premier League,1718,2017-12-22 Arsenal-Liverpool,Liverpool,84’,3:3,Alex Oxlade-Chamberlain,Philippe Coutinho,substitute_in
ENG-Premier League,1718,2017-12-22 Arsenal-Liverpool,Arsenal,89’,3:3,Theo Walcott,Alexis Sánchez,substitute_in
ENG-Premier League,1718,2018-03-17 Bournemouth-West Brom,Bournemouth,17’,0:0,Charlie Daniels,Simon Francis,substitute_in
ENG-Premier League,1718,2018-03-17 Bournemouth-West Brom,Bournemouth,33’,0:0,Adam Smith,,yellow_card
ENG-Premier League,1718,2018-03-17 Bournemouth-West Brom,West Bromwich Albion,34’,0:0,Jake Livermore,,yellow_card
ENG-Premier League,1718,2018-03-17 Bournemouth-West Brom,West Bromwich Albion,49’,0:1,Jay Rodriguez,Salomón Rondón,goal
ENG-Premier League,1718,2018-03-17 Bournemouth-West Brom,Bournemouth,57’,0:1,Lys Mousset,Adam Smith,substitute_in
ENG-Premier League,1718,2018-03-17 Bournemouth-West Brom,Bournemouth,73’,0:1,Jermain Defoe,Callum Wilson,substitute_in
ENG-Premier League,1718,2018-03-17 Bournemouth-West Brom,Bournemouth,77’,1:1,Jordon Ibe,Charlie Daniels,goal
ENG-Premier League,1718,2018-03-17 Bournemouth-West Brom,West Bromwich Albion,77’,1:1,Matt Phillips,Jonny Evans,substitute_in
ENG-Premier League,1718,2018-03-17 Bournemouth-West Brom,West Bromwich Albion,82’,1:1,Sam Field,Chris Brunt,substitute_in
ENG-Premier League,1718,2018-03-17 Bournemouth-West Brom,West Bromwich Albion,86’,1:1,Hal Robson-Kanu,Jay Rodriguez,substitute_in
ENG-Premier League,1718,2018-03-17 Bournemouth-West Brom,West Bromwich Albion,87’,1:1,Craig Dawson,,yellow_card
ENG-Premier League,1718,2018-03-17 Bournemouth-West Brom,Bournemouth,89’,2:1,Junior Stanislas,,goal
ENG-Premier League,1718,2017-12-09 Newcastle United-Leicester City,Leicester City,12’,1:0,Demarai Gray,,yellow_card
ENG-Premier League,1718,2017-12-09 Newcastle United-Leicester City,Leicester City,20’,1:1,Riyad Mahrez,Wilfred Ndidi,goal
ENG-Premier League,1718,2017-12-09 Newcastle United-Leicester City,Newcastle United,4’,1:0,Joselu,Dwight Gayle,goal
ENG-Premier League,1718,2017-12-09 Newcastle United-Leicester City,Leicester City,60’,1:2,Demarai Gray,Marc Albrighton,goal
ENG-Premier League,1718,2017-12-09 Newcastle United-Leicester City,Newcastle United,64’,1:2,Christian Atsu,Matt Ritchie,substitute_in
ENG-Premier League,1718,2017-12-09 Newcastle United-Leicester City,Newcastle United,71’,1:2,Ayoze Pérez,Jacob Murphy,substitute_in
ENG-Premier League,1718,2017-12-09 Newcastle United-Leicester City,Newcastle United,73’,2:2,Dwight Gayle,Mikel Merino,goal
ENG-Premier League,1718,2017-12-09 Newcastle United-Leicester City,Leicester City,73’,1:2,Shinji Okazaki,Demarai Gray,substitute_in
ENG-Premier League,1718,2017-12-09 Newcastle United-Leicester City,Newcastle United,75’,2:2,Isaac Hayden,,yellow_card
ENG-Premier League,1718,2017-12-09 Newcastle United-Leicester City,Newcastle United,81’,2:2,Florian Lejeune,,yellow_card
ENG-Premier League,1718,2017-12-09 Newcastle United-Leicester City,Leicester City,86’,2:3,Ayoze Pérez,,own_goal
ENG-Premier League,1718,2017-12-09 Newcastle United-Leicester City,Newcastle United,88’,2:3,Aleksandar Mitrović,Joselu,substitute_in
ENG-Premier League,1718,2017-12-09 Newcastle United-Leicester City,Leicester City,89’,2:3,Christian Fuchs,Riyad Mahrez,substitute_in
ENG-Premier League,1718,2017-12-09 Newcastle United-Leicester City,Leicester City,90’,2:3,Leonardo Ulloa,Jamie Vardy,substitute_in
ENG-Premier League,1718,2018-05-10 West Ham United-Manchester Utd,West Ham United,66’,0:0,Andy Carroll,Arthur Masuaku,substitute_in
ENG-Premier League,1718,2018-05-10 West Ham United-Manchester Utd,Manchester United,74’,0:0,Marcus Rashford,Jesse Lingard,substitute_in
ENG-Premier League,1718,2018-05-10 West Ham United-Manchester Utd,West Ham United,88’,0:0,Mark Noble,,yellow_card
ENG-Premier League,1718,2018-05-10 West Ham United-Manchester Utd,Manchester United,88’,0:0,Paul Pogba,,yellow_card
ENG-Premier League,1718,2018-05-10 West Ham United-Manchester Utd,Manchester United,90+2’,0:0,Ashley Young,Alexis Sánchez,substitute_in
ENG-Premier League,1718,2018-05-10 West Ham United-Manchester Utd,Manchester United,90+4’,0:0,Eric Bailly,Antonio Valencia,substitute_in
ENG-Premier League,1718,2017-10-21 Huddersfield Town-Manchester Utd,Manchester United,23’,0:0,Victor Lindelöf,Phil Jones,substitute_in
ENG-Premier League,1718,2017-10-21 Huddersfield Town-Manchester Utd,Huddersfield Town,28’,1:0,Aaron Mooy,,goal
ENG-Premier League,1718,2017-10-21 Huddersfield Town-Manchester Utd,Huddersfield Town,33’,2:0,Laurent Depoitre,Jonas Lössl,goal
ENG-Premier League,1718,2017-10-21 Huddersfield Town-Manchester Utd,Huddersfield Town,39’,2:0,Rajiv van La Parra,Elias Kachunga,substitute_in
ENG-Premier League,1718,2017-10-21 Huddersfield Town-Manchester Utd,Manchester United,46’,2:0,Henrikh Mkhitaryan,Juan Mata,substitute_in
ENG-Premier League,1718,2017-10-21 Huddersfield Town-Manchester Utd,Manchester United,46’,2:0,Marcus Rashford,Anthony Martial,substitute_in
ENG-Premier League,1718,2017-10-21 Huddersfield Town-Manchester Utd,Manchester United,60’,2:0,Ashley Young,,yellow_card
ENG-Premier League,1718,2017-10-21 Huddersfield Town-Manchester Utd,Huddersfield Town,66’,2:0,Aaron Mooy,,yellow_card
ENG-Premier League,1718,2017-10-21 Huddersfield Town-Manchester Utd,Huddersfield Town,70’,2:0,Steve Mounié,Laurent Depoitre,substitute_in
ENG-Premier League,1718,2017-10-21 Huddersfield Town-Manchester Utd,Manchester United,78’,2:1,Marcus Rashford,Romelu Lukaku,goal
ENG-Premier League,1718,2017-10-21 Huddersfield Town-Manchester Utd,Huddersfield Town,79’,2:1,Danny Williams,,yellow_card
ENG-Premier League,1718,2017-10-21 Huddersfield Town-Manchester Utd,Huddersfield Town,8’,0:0,Tommy Smith,,yellow_card
ENG-Premier League,1718,2017-10-21 Huddersfield Town-Manchester Utd,Manchester United,8’,0:0,Anthony Martial,,yellow_card
ENG-Premier League,1718,2017-10-21 Huddersfield Town-Manchester Utd,Huddersfield Town,90+3’,2:1,Scott Malone,Tom Ince,substitute_in
ENG-Premier League,1718,2017-10-21 Huddersfield Town-Manchester Utd,Huddersfield Town,9’,0:0,Christopher Schindler,,yellow_card
ENG-Premier League,1718,2017-10-15 Brighton-Everton,Brighton & Hove Albion,56’,0:0,Davy Pröpper,,yellow_card
ENG-Premier League,1718,2017-10-15 Brighton-Everton,Brighton & Hove Albion,67’,0:0,Lewis Dunk,,yellow_card
ENG-Premier League,1718,2017-10-15 Brighton-Everton,Everton,69’,0:0,Oumar Niasse,Idrissa Gana Gueye,substitute_in
ENG-Premier League,1718,2017-10-15 Brighton-Everton,Brighton & Hove Albion,73’,0:0,Uwe Hünemeier,Shane Duffy,substitute_in
ENG-Premier League,1718,2017-10-15 Brighton-Everton,Brighton & Hove Albion,73’,0:0,José Izquierdo,Solly March,substitute_in
ENG-Premier League,1718,2017-10-15 Brighton-Everton,Brighton & Hove Albion,82’,1:0,Anthony Knockaert,Pascal Groß,goal
ENG-Premier League,1718,2017-10-15 Brighton-Everton,Everton,84’,1:0,Kevin Mirallas,Leighton Baines,substitute_in
ENG-Premier League,1718,2017-10-15 Brighton-Everton,Brighton & Hove Albion,85’,1:0,Izzy Brown,Glenn Murray,substitute_in
ENG-Premier League,1718,2017-10-15 Brighton-Everton,Brighton & Hove Albion,88’,1:0,Anthony Knockaert,,yellow_card
ENG-Premier League,1718,2017-10-15 Brighton-Everton,Brighton & Hove Albion,88’,1:0,Bruno,,yellow_card
ENG-Premier League,1718,2017-10-15 Brighton-Everton,Everton,90+3’,1:1,Kevin Mirallas,,yellow_card
ENG-Premier League,1718,2017-10-15 Brighton-Everton,Everton,90’,1:1,Wayne Rooney,,penalty_goal
ENG-Premier League,1718,2017-10-15 Brighton-Everton,Everton,90’,1:1,Tom Davies,Wayne Rooney,substitute_in
ENG-Premier League,1718,2018-02-10 Everton-Crystal Palace,Everton,45’,0:0,Ashley Williams,Eliaquim Mangala,substitute_in
ENG-Premier League,1718,2018-02-10 Everton-Crystal Palace,Everton,46’,0:0,Jonjoe Kenny,Séamus Coleman,substitute_in
ENG-Premier League,1718,2018-02-10 Everton-Crystal Palace,Everton,46’,1:0,Gylfi Sigurðsson,Oumar Niasse,goal
ENG-Premier League,1718,2018-02-10 Everton-Crystal Palace,Everton,51’,2:0,Oumar Niasse,Cuco Martina,goal
ENG-Premier League,1718,2018-02-10 Everton-Crystal Palace,Crystal Palace,54’,2:0,Patrick van Aanholt,,yellow_card
ENG-Premier League,1718,2018-02-10 Everton-Crystal Palace,Everton,68’,2:0,Theo Walcott,,yellow_card
ENG-Premier League,1718,2018-02-10 Everton-Crystal Palace,Everton,75’,3:0,Tom Davies,,goal
ENG-Premier League,1718,2018-02-10 Everton-Crystal Palace,Everton,80’,3:0,Morgan Schneiderlin,Idrissa Gana Gueye,substitute_in
ENG-Premier League,1718,2018-02-10 Everton-Crystal Palace,Crystal Palace,83’,3:1,Luka Milivojević,,penalty_goal
ENG-Premier League,1718,2018-03-10 Chelsea-Crystal Palace,Chelsea,25’,1:0,Willian,N'Golo Kanté,goal
ENG-Premier League,1718,2018-03-10 Chelsea-Crystal Palace,Chelsea,32’,2:0,Martin Kelly,,own_goal
ENG-Premier League,1718,2018-03-10 Chelsea-Crystal Palace,Crystal Palace,46’,2:0,Wilfried Zaha,Christian Benteke,substitute_in
ENG-Premier League,1718,2018-03-10 Chelsea-Crystal Palace,Crystal Palace,59’,2:0,Patrick van Aanholt,,yellow_card
ENG-Premier League,1718,2018-03-10 Chelsea-Crystal Palace,Chelsea,72’,2:0,Álvaro Morata,Olivier Giroud,substitute_in
ENG-Premier League,1718,2018-03-10 Chelsea-Crystal Palace,Crystal Palace,75’,2:0,Jaïro Riedewald,Jeffrey Schlupp,substitute_in
ENG-Premier League,1718,2018-03-10 Chelsea-Crystal Palace,Crystal Palace,81’,2:0,Lee Chung-yong,Andros Townsend,substitute_in
ENG-Premier League,1718,2018-03-10 Chelsea-Crystal Palace,Chelsea,86’,2:0,Álvaro Morata,,yellow_card
ENG-Premier League,1718,2018-03-10 Chelsea-Crystal Palace,Crystal Palace,86’,2:0,James Tomkins,,yellow_card
ENG-Premier League,1718,2018-03-10 Chelsea-Crystal Palace,Chelsea,88’,2:0,Pedro,Cesc Fàbregas,substitute_in
ENG-Premier League,1718,2018-03-10 Chelsea-Crystal Palace,Chelsea,88’,2:0,Tiemoué Bakayoko,Eden Hazard,substitute_in
ENG-Premier League,1718,2018-03-10 Chelsea-Crystal Palace,Crystal Palace,90’,2:1,Patrick van Aanholt,Wilfried Zaha,goal
ENG-Premier League,1718,2017-11-04 West Ham United-Liverpool,Liverpool,21’,0:1,Mohamed Salah,Sadio Mané,goal
ENG-Premier League,1718,2017-11-04 West Ham United-Liverpool,Liverpool,24’,0:2,Joël Matip,,goal
ENG-Premier League,1718,2017-11-04 West Ham United-Liverpool,West Ham United,37’,0:2,Mark Noble,,yellow_card
ENG-Premier League,1718,2017-11-04 West Ham United-Liverpool,West Ham United,46’,0:2,Andy Carroll,Edimilson Fernandes,substitute_in
ENG-Premier League,1718,2017-11-04 West Ham United-Liverpool,West Ham United,47’,0:2,Winston Reid,,yellow_card
ENG-Premier League,1718,2017-11-04 West Ham United-Liverpool,West Ham United,55’,1:2,Manuel Lanzini,André Ayew,goal
ENG-Premier League,1718,2017-11-04 West Ham United-Liverpool,Liverpool,56’,1:3,Alex Oxlade-Chamberlain,,goal
ENG-Premier League,1718,2017-11-04 West Ham United-Liverpool,West Ham United,61’,1:3,Marko Arnautović,Mark Noble,substitute_in
ENG-Premier League,1718,2017-11-04 West Ham United-Liverpool,West Ham United,72’,1:3,Diafra Sakho,Javier Hernández,substitute_in
ENG-Premier League,1718,2017-11-04 West Ham United-Liverpool,Liverpool,75’,1:4,Mohamed Salah,Sadio Mané,goal
ENG-Premier League,1718,2017-11-04 West Ham United-Liverpool,Liverpool,77’,1:4,James Milner,Sadio Mané,substitute_in
ENG-Premier League,1718,2017-11-04 West Ham United-Liverpool,Liverpool,87’,1:4,Dejan Lovren,Alex Oxlade-Chamberlain,substitute_in
ENG-Premier League,1718,2017-11-04 West Ham United-Liverpool,Liverpool,87’,1:4,Dominic Solanke,Roberto Firmino,substitute_in
ENG-Premier League,1718,2017-11-04 West Ham United-Liverpool,West Ham United,90’,1:4,Manuel Lanzini,,yellow_card
ENG-Premier League,1718,2017-12-16 Stoke City-West Ham United,West Ham United,19’,0:1,Mark Noble,,penalty_goal
ENG-Premier League,1718,2017-12-16 Stoke City-West Ham United,Stoke City,24’,0:1,Kevin Wimmer,,yellow_card
ENG-Premier League,1718,2017-12-16 Stoke City-West Ham United,West Ham United,35’,0:1,Declan Rice,Mark Noble,substitute_in
ENG-Premier League,1718,2017-12-16 Stoke City-West Ham United,Stoke City,50’,0:1,Ryan Shawcross,,yellow_card
ENG-Premier League,1718,2017-12-16 Stoke City-West Ham United,West Ham United,60’,0:1,Arthur Masuaku,,yellow_card
ENG-Premier League,1718,2017-12-16 Stoke City-West Ham United,Stoke City,62’,0:1,Charlie Adam,Darren Fletcher,substitute_in
ENG-Premier League,1718,2017-12-16 Stoke City-West Ham United,Stoke City,62’,0:1,Saido Berahino,Mame Biram Diouf,substitute_in
ENG-Premier League,1718,2017-12-16 Stoke City-West Ham United,Stoke City,63’,0:1,Josh Tymon,Erik Pieters,substitute_in
ENG-Premier League,1718,2017-12-16 Stoke City-West Ham United,West Ham United,68’,0:1,Diafra Sakho,Michail Antonio,substitute_in
ENG-Premier League,1718,2017-12-16 Stoke City-West Ham United,West Ham United,75’,0:2,Marko Arnautović,Manuel Lanzini,goal
ENG-Premier League,1718,2017-12-16 Stoke City-West Ham United,West Ham United,79’,0:2,Javier Hernández,Marko Arnautović,substitute_in
ENG-Premier League,1718,2017-12-16 Stoke City-West Ham United,West Ham United,86’,0:3,Diafra Sakho,Manuel Lanzini,goal
ENG-Premier League,1718,2017-12-16 Watford-Huddersfield Town,Huddersfield Town,19’,0:1,Tom Ince,Elias Kachunga,substitute_in
ENG-Premier League,1718,2017-12-16 Watford-Huddersfield Town,Huddersfield Town,23’,0:2,Aaron Mooy,Collin Quaner,goal
ENG-Premier League,1718,2017-12-16 Watford-Huddersfield Town,Watford,29’,0:2,Roberto Pereyra,Adrian Mariappa,substitute_in
ENG-Premier League,1718,2017-12-16 Watford-Huddersfield Town,Watford,33’,0:2,Troy Deeney,,red_card
ENG-Premier League,1718,2017-12-16 Watford-Huddersfield Town,Huddersfield Town,37’,0:2,Jonathan Hogg,,yellow_card
ENG-Premier League,1718,2017-12-16 Watford-Huddersfield Town,Watford,41’,0:2,Abdoulaye Doucouré,,yellow_card
ENG-Premier League,1718,2017-12-16 Watford-Huddersfield Town,Huddersfield Town,45’,0:2,Scott Malone,Chris Löwe,substitute_in
ENG-Premier League,1718,2017-12-16 Watford-Huddersfield Town,Huddersfield Town,50’,0:3,Laurent Depoitre,,goal
ENG-Premier League,1718,2017-12-16 Watford-Huddersfield Town,Huddersfield Town,61’,0:3,Jonathan Hogg,,yellow_red_card
ENG-Premier League,1718,2017-12-16 Watford-Huddersfield Town,Watford,64’,0:3,Andre Gray,Étienne Capoue,substitute_in
ENG-Premier League,1718,2017-12-16 Watford-Huddersfield Town,Huddersfield Town,64’,0:3,Danny Williams,Rajiv van La Parra,substitute_in
ENG-Premier League,1718,2017-12-16 Watford-Huddersfield Town,Watford,68’,1:3,Abdoulaye Doucouré,,goal
ENG-Premier League,1718,2017-12-16 Watford-Huddersfield Town,Huddersfield Town,69’,1:3,Laurent Depoitre,,yellow_card
ENG-Premier League,1718,2017-12-16 Watford-Huddersfield Town,Huddersfield Town,6’,0:1,Elias Kachunga,Laurent Depoitre,goal
ENG-Premier League,1718,2017-12-16 Watford-Huddersfield Town,Watford,82’,1:3,Stefano Okaka,José Holebas,substitute_in
ENG-Premier League,1718,2017-12-16 Watford-Huddersfield Town,Watford,89’,1:4,Daryl Janmaat,,yellow_card
ENG-Premier League,1718,2017-12-16 Watford-Huddersfield Town,Huddersfield Town,89’,1:4,Aaron Mooy,,penalty_goal
ENG-Premier League,1718,2018-04-22 Arsenal-West Ham United,Arsenal,41’,0:0,Granit Xhaka,,yellow_card
ENG-Premier League,1718,2018-04-22 Arsenal-West Ham United,Arsenal,45’,0:0,Ainsley Maitland-Niles,Mohamed Elneny,substitute_in
ENG-Premier League,1718,2018-04-22 Arsenal-West Ham United,West Ham United,50’,0:0,Pablo Zabaleta,,yellow_card
ENG-Premier League,1718,2018-04-22 Arsenal-West Ham United,Arsenal,51’,1:0,Nacho Monreal,Granit Xhaka,goal
ENG-Premier League,1718,2018-04-22 Arsenal-West Ham United,West Ham United,60’,1:0,Javier Hernández,João Mário,substitute_in
ENG-Premier League,1718,2018-04-22 Arsenal-West Ham United,West Ham United,60’,1:0,Manuel Lanzini,Edimilson Fernandes,substitute_in
ENG-Premier League,1718,2018-04-22 Arsenal-West Ham United,Arsenal,62’,1:0,Ainsley Maitland-Niles,,yellow_card
ENG-Premier League,1718,2018-04-22 Arsenal-West Ham United,West Ham United,64’,1:1,Marko Arnautović,Manuel Lanzini,goal
ENG-Premier League,1718,2018-04-22 Arsenal-West Ham United,Arsenal,70’,1:1,Pierre-Emerick Aubameyang,Alex Iwobi,substitute_in
ENG-Premier League,1718,2018-04-22 Arsenal-West Ham United,Arsenal,74’,1:1,Shkodran Mustafi,,yellow_card
ENG-Premier League,1718,2018-04-22 Arsenal-West Ham United,Arsenal,82’,2:1,Aaron Ramsey,,goal
ENG-Premier League,1718,2018-04-22 Arsenal-West Ham United,Arsenal,85’,3:1,Alexandre Lacazette,Pierre-Emerick Aubameyang,goal
ENG-Premier League,1718,2018-04-22 Arsenal-West Ham United,West Ham United,86’,3:1,Andy Carroll,Arthur Masuaku,substitute_in
ENG-Premier League,1718,2018-04-22 Arsenal-West Ham United,West Ham United,87’,3:1,Marko Arnautović,,yellow_card
ENG-Premier League,1718,2018-04-22 Arsenal-West Ham United,Arsenal,88’,3:1,Calum Chambers,Danny Welbeck,substitute_in
ENG-Premier League,1718,2018-04-22 Arsenal-West Ham United,Arsenal,89’,4:1,Alexandre Lacazette,Aaron Ramsey,goal
ENG-Premier League,1718,2017-12-23 Leicester City-Manchester Utd,Leicester City,27’,1:0,Jamie Vardy,Riyad Mahrez,goal
ENG-Premier League,1718,2017-12-23 Leicester City-Manchester Utd,Manchester United,34’,1:0,Victor Lindelöf,,yellow_card
ENG-Premier League,1718,2017-12-23 Leicester City-Manchester Utd,Manchester United,40’,1:1,Juan Mata,Jesse Lingard,goal
ENG-Premier League,1718,2017-12-23 Leicester City-Manchester Utd,Manchester United,47’,1:1,Nemanja Matić,,yellow_card
ENG-Premier League,1718,2017-12-23 Leicester City-Manchester Utd,Leicester City,54’,1:1,Marc Albrighton,,yellow_card
ENG-Premier League,1718,2017-12-23 Leicester City-Manchester Utd,Leicester City,57’,1:1,Daniel Amartey,Danny Simpson,substitute_in
ENG-Premier League,1718,2017-12-23 Leicester City-Manchester Utd,Manchester United,60’,1:2,Juan Mata,,goal
ENG-Premier League,1718,2017-12-23 Leicester City-Manchester Utd,Leicester City,67’,1:2,Shinji Okazaki,Vicente Iborra,substitute_in
ENG-Premier League,1718,2017-12-23 Leicester City-Manchester Utd,Leicester City,69’,1:2,Daniel Amartey,,yellow_card
ENG-Premier League,1718,2017-12-23 Leicester City-Manchester Utd,Manchester United,71’,1:2,Marcus Rashford,Anthony Martial,substitute_in
ENG-Premier League,1718,2017-12-23 Leicester City-Manchester Utd,Leicester City,73’,1:2,Daniel Amartey,,yellow_red_card
ENG-Premier League,1718,2017-12-23 Leicester City-Manchester Utd,Manchester United,76’,1:2,Ander Herrera,Jesse Lingard,substitute_in
ENG-Premier League,1718,2017-12-23 Leicester City-Manchester Utd,Leicester City,80’,1:2,Ben Chilwell,Demarai Gray,substitute_in
ENG-Premier League,1718,2017-12-23 Leicester City-Manchester Utd,Leicester City,81’,1:2,Riyad Mahrez,,yellow_card
ENG-Premier League,1718,2017-12-23 Leicester City-Manchester Utd,Manchester United,83’,1:2,Henrikh Mkhitaryan,Juan Mata,substitute_in
ENG-Premier League,1718,2017-12-23 Leicester City-Manchester Utd,Leicester City,90+4’,2:2,Harry Maguire,Marc Albrighton,goal
ENG-Premier League,1718,2017-10-16 Leicester City-West Brom,West Bromwich Albion,47’,0:0,Boaz Myhill,,yellow_card
ENG-Premier League,1718,2017-10-16 Leicester City-West Brom,Leicester City,62’,0:0,Kelechi Iheanacho,,yellow_card
ENG-Premier League,1718,2017-10-16 Leicester City-West Brom,West Bromwich Albion,63’,0:1,Nacer Chadli,,goal
ENG-Premier League,1718,2017-10-16 Leicester City-West Brom,Leicester City,68’,0:1,Marc Albrighton,,yellow_card
ENG-Premier League,1718,2017-10-16 Leicester City-West Brom,Leicester City,74’,0:1,Ben Chilwell,Danny Simpson,substitute_in
ENG-Premier League,1718,2017-10-16 Leicester City-West Brom,Leicester City,74’,0:1,Islam Slimani,Kelechi Iheanacho,substitute_in
ENG-Premier League,1718,2017-10-16 Leicester City-West Brom,Leicester City,80’,1:1,Riyad Mahrez,Islam Slimani,goal
ENG-Premier League,1718,2017-10-16 Leicester City-West Brom,West Bromwich Albion,84’,1:1,Gareth McAuley,Nacer Chadli,substitute_in
ENG-Premier League,1718,2017-10-16 Leicester City-West Brom,West Bromwich Albion,84’,1:1,James McClean,Jay Rodriguez,substitute_in
ENG-Premier League,1718,2017-10-16 Leicester City-West Brom,West Bromwich Albion,8’,0:0,Ahmed Hegazi,,yellow_card
ENG-Premier League,1718,2017-10-16 Leicester City-West Brom,Leicester City,90+4’,1:1,Andy King,Vicente Iborra,substitute_in
ENG-Premier League,1718,2018-01-01 Everton-Manchester Utd,Everton,43’,0:0,Wayne Rooney,,yellow_card
ENG-Premier League,1718,2018-01-01 Everton-Manchester Utd,Manchester United,57’,0:1,Anthony Martial,Paul Pogba,goal
ENG-Premier League,1718,2018-01-01 Everton-Manchester Utd,Everton,62’,0:1,Aaron Lennon,Yannick Bolasie,substitute_in
ENG-Premier League,1718,2018-01-01 Everton-Manchester Utd,Everton,62’,0:1,James McCarthy,Wayne Rooney,substitute_in
ENG-Premier League,1718,2018-01-01 Everton-Manchester Utd,Manchester United,78’,0:1,Marcus Rashford,Anthony Martial,substitute_in
ENG-Premier League,1718,2018-01-01 Everton-Manchester Utd,Everton,81’,0:2,Dominic Calvert-Lewin,Oumar Niasse,substitute_in
ENG-Premier League,1718,2018-01-01 Everton-Manchester Utd,Manchester United,81’,0:2,Jesse Lingard,Paul Pogba,goal
ENG-Premier League,1718,2018-01-01 Everton-Manchester Utd,Everton,83’,0:2,Mason Holgate,,yellow_card
ENG-Premier League,1718,2018-01-01 Everton-Manchester Utd,Manchester United,87’,0:2,Daley Blind,Jesse Lingard,substitute_in
ENG-Premier League,1718,2018-01-01 Everton-Manchester Utd,Manchester United,90+2’,0:2,Axel Tuanzebe,Juan Mata,substitute_in
ENG-Premier League,1718,2017-11-28 Watford-Manchester Utd,Manchester United,19’,0:1,Ashley Young,Jesse Lingard,goal
ENG-Premier League,1718,2017-11-28 Watford-Manchester Utd,Watford,24’,0:1,Abdoulaye Doucouré,,yellow_card
ENG-Premier League,1718,2017-11-28 Watford-Manchester Utd,Manchester United,25’,0:2,Ashley Young,,goal
ENG-Premier League,1718,2017-11-28 Watford-Manchester Utd,Manchester United,32’,0:3,Anthony Martial,Romelu Lukaku,goal
ENG-Premier League,1718,2017-11-28 Watford-Manchester Utd,Manchester United,38’,0:3,Marcos Rojo,,yellow_card
ENG-Premier League,1718,2017-11-28 Watford-Manchester Utd,Watford,41’,0:3,Adrian Mariappa,,yellow_card
ENG-Premier League,1718,2017-11-28 Watford-Manchester Utd,Manchester United,54’,0:3,Ander Herrera,Nemanja Matić,substitute_in
ENG-Premier League,1718,2017-11-28 Watford-Manchester Utd,Watford,58’,0:3,André Carrillo,Sebastian Prödl,substitute_in
ENG-Premier League,1718,2017-11-28 Watford-Manchester Utd,Watford,58’,0:3,Roberto Pereyra,Will Hughes,substitute_in
ENG-Premier League,1718,2017-11-28 Watford-Manchester Utd,Manchester United,65’,0:3,Marcus Rashford,Anthony Martial,substitute_in
ENG-Premier League,1718,2017-11-28 Watford-Manchester Utd,Watford,72’,0:3,Troy Deeney,Andre Gray,substitute_in
ENG-Premier League,1718,2017-11-28 Watford-Manchester Utd,Watford,77’,1:3,Troy Deeney,,penalty_goal
ENG-Premier League,1718,2017-11-28 Watford-Manchester Utd,Watford,84’,2:3,Abdoulaye Doucouré,André Carrillo,goal
ENG-Premier League,1718,2017-11-28 Watford-Manchester Utd,Manchester United,86’,2:4,Jesse Lingard,Ander Herrera,goal
ENG-Premier League,1718,2017-11-28 Watford-Manchester Utd,Manchester United,88’,2:4,Zlatan Ibrahimović,Jesse Lingard,substitute_in
ENG-Premier League,1718,2018-04-16 West Ham United-Stoke City,Stoke City,62’,0:0,Geoff Cameron,Ramadan Sobhi,substitute_in
ENG-Premier League,1718,2018-04-16 West Ham United-Stoke City,Stoke City,70’,0:0,Peter Crouch,Moritz Bauer,substitute_in
ENG-Premier League,1718,2018-04-16 West Ham United-Stoke City,West Ham United,76’,0:0,Javier Hernández,Edimilson Fernandes,substitute_in
ENG-Premier League,1718,2018-04-16 West Ham United-Stoke City,Stoke City,79’,0:1,Peter Crouch,,goal
ENG-Premier League,1718,2018-04-16 West Ham United-Stoke City,Stoke City,79’,0:1,Peter Crouch,,yellow_card
ENG-Premier League,1718,2018-04-16 West Ham United-Stoke City,West Ham United,81’,0:1,Manuel Lanzini,Arthur Masuaku,substitute_in
ENG-Premier League,1718,2018-04-16 West Ham United-Stoke City,Stoke City,82’,0:1,Bruno Martins Indi,,yellow_card
ENG-Premier League,1718,2018-04-16 West Ham United-Stoke City,West Ham United,85’,0:1,Cheikhou Kouyaté,,yellow_card
ENG-Premier League,1718,2018-04-16 West Ham United-Stoke City,West Ham United,86’,0:1,Andy Carroll,João Mário,substitute_in
ENG-Premier League,1718,2018-04-16 West Ham United-Stoke City,Stoke City,87’,0:1,Stephen Ireland,Mame Biram Diouf,substitute_in
ENG-Premier League,1718,2018-04-16 West Ham United-Stoke City,Stoke City,90+1’,1:1,Badou Ndiaye,,yellow_card
ENG-Premier League,1718,2018-04-16 West Ham United-Stoke City,West Ham United,90+2’,1:1,Aaron Cresswell,,yellow_card
ENG-Premier League,1718,2018-04-16 West Ham United-Stoke City,West Ham United,90’,1:1,Andy Carroll,Aaron Cresswell,goal
ENG-Premier League,1718,2017-12-13 Liverpool-West Brom,Liverpool,68’,0:0,Emre Can,,yellow_card
ENG-Premier League,1718,2017-12-13 Liverpool-West Brom,West Bromwich Albion,71’,0:0,Jay Rodriguez,Hal Robson-Kanu,substitute_in
ENG-Premier League,1718,2017-12-13 Liverpool-West Brom,Liverpool,76’,0:0,Alex Oxlade-Chamberlain,Georginio Wijnaldum,substitute_in
ENG-Premier League,1718,2017-12-13 Liverpool-West Brom,Liverpool,76’,0:0,Dominic Solanke,Sadio Mané,substitute_in
ENG-Premier League,1718,2017-12-13 Liverpool-West Brom,West Bromwich Albion,79’,0:0,Chris Brunt,Grzegorz Krychowiak,substitute_in
ENG-Premier League,1718,2017-12-13 Liverpool-West Brom,Liverpool,80’,0:0,Joe Gomez,Trent Alexander-Arnold,substitute_in
ENG-Premier League,1718,2017-12-13 Liverpool-West Brom,West Bromwich Albion,90+2’,0:0,Sam Field,,yellow_card
ENG-Premier League,1718,2017-08-20 Tottenham Hotspur-Chelsea,Chelsea,24’,0:1,Marcos Alonso,,goal
ENG-Premier League,1718,2017-08-20 Tottenham Hotspur-Chelsea,Chelsea,30’,0:1,Antonio Rüdiger,,yellow_card
ENG-Premier League,1718,2017-08-20 Tottenham Hotspur-Chelsea,Tottenham Hotspur,31’,0:1,Eric Dier,,yellow_card
ENG-Premier League,1718,2017-08-20 Tottenham Hotspur-Chelsea,Chelsea,38’,0:1,David Luiz,,yellow_card
ENG-Premier League,1718,2017-08-20 Tottenham Hotspur-Chelsea,Tottenham Hotspur,51’,0:1,Jan Vertonghen,,yellow_card
ENG-Premier League,1718,2017-08-20 Tottenham Hotspur-Chelsea,Tottenham Hotspur,68’,0:1,Son Heung-min,Eric Dier,substitute_in
ENG-Premier League,1718,2017-08-20 Tottenham Hotspur-Chelsea,Chelsea,78’,0:1,Pedro,Willian,substitute_in
ENG-Premier League,1718,2017-08-20 Tottenham Hotspur-Chelsea,Chelsea,79’,0:1,Michy Batshuayi,Álvaro Morata,substitute_in
ENG-Premier League,1718,2017-08-20 Tottenham Hotspur-Chelsea,Tottenham Hotspur,80’,0:1,Moussa Sissoko,Ben Davies,substitute_in
ENG-Premier League,1718,2017-08-20 Tottenham Hotspur-Chelsea,Tottenham Hotspur,82’,1:1,Michy Batshuayi,,own_goal
ENG-Premier League,1718,2017-08-20 Tottenham Hotspur-Chelsea,Tottenham Hotspur,83’,1:1,Toby Alderweireld,,yellow_card
ENG-Premier League,1718,2017-08-20 Tottenham Hotspur-Chelsea,Chelsea,87’,1:1,Marcos Alonso,,yellow_card
ENG-Premier League,1718,2017-08-20 Tottenham Hotspur-Chelsea,Tottenham Hotspur,88’,1:2,Harry Kane,,yellow_card
ENG-Premier League,1718,2017-08-20 Tottenham Hotspur-Chelsea,Chelsea,88’,1:2,Marcos Alonso,Pedro,goal
ENG-Premier League,1718,2017-08-20 Tottenham Hotspur-Chelsea,Tottenham Hotspur,90+1’,1:2,Vincent Janssen,Kieran Trippier,substitute_in
ENG-Premier League,1718,2018-03-10 West Ham United-Burnley,West Ham United,40’,0:0,Aaron Cresswell,,yellow_card
ENG-Premier League,1718,2018-03-10 West Ham United-Burnley,West Ham United,54’,0:0,Manuel Lanzini,,yellow_card
ENG-Premier League,1718,2018-03-10 West Ham United-Burnley,Burnley,57’,0:0,Ashley Westwood,,yellow_card
ENG-Premier League,1718,2018-03-10 West Ham United-Burnley,Burnley,61’,0:0,Chris Wood,Jeff Hendrick,substitute_in
ENG-Premier League,1718,2018-03-10 West Ham United-Burnley,Burnley,66’,0:1,Ashley Barnes,Chris Wood,goal
ENG-Premier League,1718,2018-03-10 West Ham United-Burnley,Burnley,70’,0:2,Chris Wood,Aaron Lennon,goal
ENG-Premier League,1718,2018-03-10 West Ham United-Burnley,West Ham United,71’,0:2,Javier Hernández,João Mário,substitute_in
ENG-Premier League,1718,2018-03-10 West Ham United-Burnley,Burnley,76’,0:2,Aaron Lennon,,yellow_card
ENG-Premier League,1718,2018-03-10 West Ham United-Burnley,Burnley,81’,0:3,Chris Wood,,goal
ENG-Premier League,1718,2018-03-10 West Ham United-Burnley,Burnley,89’,0:3,Sam Vokes,Ashley Barnes,substitute_in
ENG-Premier League,1718,2017-10-14 Burnley-West Ham United,West Ham United,19’,0:1,Michail Antonio,Joe Hart,goal
ENG-Premier League,1718,2017-10-14 Burnley-West Ham United,West Ham United,25’,0:1,Andy Carroll,,yellow_card
ENG-Premier League,1718,2017-10-14 Burnley-West Ham United,West Ham United,27’,0:1,Andy Carroll,,yellow_red_card
ENG-Premier League,1718,2017-10-14 Burnley-West Ham United,Burnley,41’,0:1,Steven Defour,,yellow_card
ENG-Premier League,1718,2017-10-14 Burnley-West Ham United,Burnley,46’,0:1,Sam Vokes,Jeff Hendrick,substitute_in
ENG-Premier League,1718,2017-10-14 Burnley-West Ham United,Burnley,46’,0:1,Jóhann Berg Guðmundsson,Scott Arfield,substitute_in
ENG-Premier League,1718,2017-10-14 Burnley-West Ham United,West Ham United,46’,0:1,Pedro Obiang,Marko Arnautović,substitute_in
ENG-Premier League,1718,2017-10-14 Burnley-West Ham United,West Ham United,75’,0:1,Diafra Sakho,Javier Hernández,substitute_in
ENG-Premier League,1718,2017-10-14 Burnley-West Ham United,West Ham United,80’,0:1,Pedro Obiang,,yellow_card
ENG-Premier League,1718,2017-10-14 Burnley-West Ham United,Burnley,81’,0:1,Ashley Barnes,Stephen Ward,substitute_in
ENG-Premier League,1718,2017-10-14 Burnley-West Ham United,Burnley,85’,1:1,Chris Wood,Jóhann Berg Guðmundsson,goal
ENG-Premier League,1718,2017-10-14 Burnley-West Ham United,Burnley,85’,1:1,Chris Wood,,yellow_card
ENG-Premier League,1718,2017-10-14 Burnley-West Ham United,West Ham United,85’,1:1,Winston Reid,,yellow_card
ENG-Premier League,1718,2017-10-14 Burnley-West Ham United,West Ham United,88’,1:1,Arthur Masuaku,Manuel Lanzini,substitute_in
ENG-Premier League,1718,2017-12-31 West Brom-Arsenal,West Bromwich Albion,34’,0:0,Jonny Evans,,yellow_card
ENG-Premier League,1718,2017-12-31 West Brom-Arsenal,Arsenal,37’,0:0,Ainsley Maitland-Niles,Sead Kolašinac,substitute_in
ENG-Premier League,1718,2017-12-31 West Brom-Arsenal,Arsenal,58’,0:0,Shkodran Mustafi,,yellow_card
ENG-Premier League,1718,2017-12-31 West Brom-Arsenal,West Bromwich Albion,59’,0:0,Chris Brunt,,yellow_card
ENG-Premier League,1718,2017-12-31 West Brom-Arsenal,West Bromwich Albion,72’,0:0,James McClean,Matt Phillips,substitute_in
ENG-Premier League,1718,2017-12-31 West Brom-Arsenal,West Bromwich Albion,72’,0:0,Grzegorz Krychowiak,Chris Brunt,substitute_in
ENG-Premier League,1718,2017-12-31 West Brom-Arsenal,Arsenal,72’,0:0,Per Mertesacker,Laurent Koscielny,substitute_in
ENG-Premier League,1718,2017-12-31 West Brom-Arsenal,Arsenal,74’,0:0,Danny Welbeck,Alex Iwobi,substitute_in
ENG-Premier League,1718,2017-12-31 West Brom-Arsenal,West Bromwich Albion,75’,0:0,Allan Nyom,Hal Robson-Kanu,substitute_in
ENG-Premier League,1718,2017-12-31 West Brom-Arsenal,West Bromwich Albion,82’,0:0,Craig Dawson,,yellow_card
ENG-Premier League,1718,2017-12-31 West Brom-Arsenal,Arsenal,83’,0:1,James McClean,,own_goal
ENG-Premier League,1718,2017-12-31 West Brom-Arsenal,Arsenal,88’,0:1,Jack Wilshere,,yellow_card
ENG-Premier League,1718,2017-12-31 West Brom-Arsenal,West Bromwich Albion,89’,1:1,Jay Rodriguez,,penalty_goal
ENG-Premier League,1718,2017-12-31 West Brom-Arsenal,Arsenal,90+5’,1:1,Petr Čech,,yellow_card
ENG-Premier League,1718,2018-04-07 Stoke City-Tottenham Hotspur,Stoke City,32’,0:0,Erik Pieters,,yellow_card
ENG-Premier League,1718,2018-04-07 Stoke City-Tottenham Hotspur,Tottenham Hotspur,52’,0:1,Christian Eriksen,Dele Alli,goal
ENG-Premier League,1718,2018-04-07 Stoke City-Tottenham Hotspur,Stoke City,57’,1:1,Mame Biram Diouf,,goal
ENG-Premier League,1718,2018-04-07 Stoke City-Tottenham Hotspur,Tottenham Hotspur,63’,1:2,Harry Kane,Christian Eriksen,goal
ENG-Premier League,1718,2018-04-07 Stoke City-Tottenham Hotspur,Tottenham Hotspur,67’,1:2,Érik Lamela,Son Heung-min,substitute_in
ENG-Premier League,1718,2018-04-07 Stoke City-Tottenham Hotspur,Stoke City,69’,1:2,Tyrese Campbell,Ramadan Sobhi,substitute_in
ENG-Premier League,1718,2018-04-07 Stoke City-Tottenham Hotspur,Stoke City,71’,1:2,Glen Johnson,,yellow_card
ENG-Premier League,1718,2018-04-07 Stoke City-Tottenham Hotspur,Stoke City,78’,1:2,Peter Crouch,Glen Johnson,substitute_in
ENG-Premier League,1718,2018-04-07 Stoke City-Tottenham Hotspur,Tottenham Hotspur,79’,1:2,Serge Aurier,,yellow_card
ENG-Premier League,1718,2018-04-07 Stoke City-Tottenham Hotspur,Tottenham Hotspur,82’,1:2,Eric Dier,Victor Wanyama,substitute_in
ENG-Premier League,1718,2018-04-07 Stoke City-Tottenham Hotspur,Stoke City,90+3’,1:2,Bruno Martins Indi,,yellow_card
ENG-Premier League,1718,2018-04-07 Stoke City-Tottenham Hotspur,Tottenham Hotspur,90+4’,1:2,Harry Kane,,yellow_card
ENG-Premier League,1718,2018-04-07 Stoke City-Tottenham Hotspur,Stoke City,90+5’,1:2,Kurt Zouma,Moritz Bauer,substitute_in
ENG-Premier League,1718,2018-04-07 Stoke City-Tottenham Hotspur,Stoke City,90+7’,1:2,Badou Ndiaye,,yellow_card
ENG-Premier League,1718,2018-04-07 Stoke City-Tottenham Hotspur,Tottenham Hotspur,90+7’,1:2,Danny Rose,,yellow_card
ENG-Premier League,1718,2018-04-07 Stoke City-Tottenham Hotspur,Tottenham Hotspur,90’,1:2,Moussa Sissoko,Dele Alli,substitute_in
ENG-Premier League,1718,2018-01-02 Manchester City-Watford,Manchester City,13’,2:0,Christian Kabasele,,own_goal
ENG-Premier League,1718,2018-01-02 Manchester City-Watford,Manchester City,1’,1:0,Raheem Sterling,Leroy Sané,goal
ENG-Premier League,1718,2018-01-02 Manchester City-Watford,Manchester City,24’,2:0,David Silva,,yellow_card
ENG-Premier League,1718,2018-01-02 Manchester City-Watford,Watford,61’,2:0,Tom Cleverley,Étienne Capoue,substitute_in
ENG-Premier League,1718,2018-01-02 Manchester City-Watford,Watford,61’,2:0,Roberto Pereyra,Ben Watson,substitute_in
ENG-Premier League,1718,2018-01-02 Manchester City-Watford,Manchester City,63’,3:0,Sergio Agüero,,goal
ENG-Premier League,1718,2018-01-02 Manchester City-Watford,Manchester City,67’,3:0,Danilo,John Stones,substitute_in
ENG-Premier League,1718,2018-01-02 Manchester City-Watford,Manchester City,71’,3:0,Yaya Touré,Fernandinho,substitute_in
ENG-Premier League,1718,2018-01-02 Manchester City-Watford,Manchester City,79’,3:0,Bernardo Silva,Kevin De Bruyne,substitute_in
ENG-Premier League,1718,2018-01-02 Manchester City-Watford,Watford,82’,3:1,Andre Gray,André Carrillo,goal
ENG-Premier League,1718,2018-01-02 Manchester City-Watford,Watford,82’,3:1,Jerome Sinclair,Richarlison,substitute_in
ENG-Premier League,1718,2018-01-02 Manchester City-Watford,Watford,83’,3:1,Roberto Pereyra,,yellow_card
ENG-Premier League,1718,2017-12-09 Huddersfield Town-Brighton,Huddersfield Town,12’,1:0,Steve Mounié,Christopher Schindler,goal
ENG-Premier League,1718,2017-12-09 Huddersfield Town-Brighton,Huddersfield Town,43’,2:0,Steve Mounié,Mathias Jørgensen,goal
ENG-Premier League,1718,2017-12-09 Huddersfield Town-Brighton,Brighton & Hove Albion,46’,2:0,Solly March,Ezequiel Schelotto,substitute_in
ENG-Premier League,1718,2017-12-09 Huddersfield Town-Brighton,Brighton & Hove Albion,63’,2:0,José Izquierdo,Pascal Groß,substitute_in
ENG-Premier League,1718,2017-12-09 Huddersfield Town-Brighton,Brighton & Hove Albion,73’,2:0,Tomer Hemed,Izzy Brown,substitute_in
ENG-Premier League,1718,2017-12-09 Huddersfield Town-Brighton,Huddersfield Town,85’,2:0,Laurent Depoitre,Steve Mounié,substitute_in
ENG-Premier League,1718,2017-12-09 Huddersfield Town-Brighton,Huddersfield Town,87’,2:0,Joe Lolley,Tom Ince,substitute_in
ENG-Premier League,1718,2017-12-09 Huddersfield Town-Brighton,Huddersfield Town,89’,2:0,Danny Williams,Elias Kachunga,substitute_in
ENG-Premier League,1718,2018-04-23 Everton-Newcastle United,Everton,51’,1:0,Theo Walcott,,goal
ENG-Premier League,1718,2018-04-23 Everton-Newcastle United,Everton,52’,1:0,Tom Davies,Morgan Schneiderlin,substitute_in
ENG-Premier League,1718,2018-04-23 Everton-Newcastle United,Everton,59’,1:0,Dominic Calvert-Lewin,Yannick Bolasie,substitute_in
ENG-Premier League,1718,2018-04-23 Everton-Newcastle United,Newcastle United,63’,1:0,Dwight Gayle,Islam Slimani,substitute_in
ENG-Premier League,1718,2018-04-23 Everton-Newcastle United,Everton,75’,1:0,Michael Keane,,yellow_card
ENG-Premier League,1718,2018-04-23 Everton-Newcastle United,Newcastle United,79’,1:0,Jacob Murphy,Matt Ritchie,substitute_in
ENG-Premier League,1718,2018-04-23 Everton-Newcastle United,Newcastle United,83’,1:0,Mikel Merino,Jonjo Shelvey,substitute_in
ENG-Premier League,1718,2018-04-23 Everton-Newcastle United,Everton,85’,1:0,Oumar Niasse,Cenk Tosun,substitute_in
ENG-Premier League,1718,2018-04-23 Everton-Newcastle United,Everton,90+1’,1:0,Idrissa Gana Gueye,,yellow_card
ENG-Premier League,1718,2018-04-23 Everton-Newcastle United,Newcastle United,90+1’,1:0,Kenedy,,yellow_card
ENG-Premier League,1718,2017-11-29 Stoke City-Liverpool,Liverpool,17’,0:1,Sadio Mané,Dominic Solanke,goal
ENG-Premier League,1718,2017-11-29 Stoke City-Liverpool,Liverpool,39’,0:1,Simon Mignolet,,yellow_card
ENG-Premier League,1718,2017-11-29 Stoke City-Liverpool,Liverpool,56’,0:1,Emre Can,,yellow_card
ENG-Premier League,1718,2017-11-29 Stoke City-Liverpool,Liverpool,63’,0:1,Georginio Wijnaldum,,yellow_card
ENG-Premier League,1718,2017-11-29 Stoke City-Liverpool,Stoke City,65’,0:1,Bruno Martins Indi,,yellow_card
ENG-Premier League,1718,2017-11-29 Stoke City-Liverpool,Liverpool,66’,0:1,Alex Oxlade-Chamberlain,,yellow_card
ENG-Premier League,1718,2017-11-29 Stoke City-Liverpool,Liverpool,67’,0:1,Mohamed Salah,Dominic Solanke,substitute_in
ENG-Premier League,1718,2017-11-29 Stoke City-Liverpool,Liverpool,67’,0:1,James Milner,Alex Oxlade-Chamberlain,substitute_in
ENG-Premier League,1718,2017-11-29 Stoke City-Liverpool,Stoke City,74’,0:1,Jesé,Eric Maxim Choupo-Moting,substitute_in
ENG-Premier League,1718,2017-11-29 Stoke City-Liverpool,Liverpool,74’,0:1,Sadio Mané,,yellow_card
ENG-Premier League,1718,2017-11-29 Stoke City-Liverpool,Liverpool,77’,0:2,Mohamed Salah,Sadio Mané,goal
ENG-Premier League,1718,2017-11-29 Stoke City-Liverpool,Liverpool,83’,0:3,Mohamed Salah,,goal
ENG-Premier League,1718,2017-11-29 Stoke City-Liverpool,Stoke City,85’,0:3,Charlie Adam,Darren Fletcher,substitute_in
ENG-Premier League,1718,2017-11-29 Stoke City-Liverpool,Liverpool,89’,0:3,Jordan Henderson,Sadio Mané,substitute_in
ENG-Premier League,1718,2017-08-19 Bournemouth-Watford,Watford,27’,0:0,Miguel Britos,,yellow_card
ENG-Premier League,1718,2017-08-19 Bournemouth-Watford,Watford,58’,0:0,Andre Gray,,yellow_card
ENG-Premier League,1718,2017-08-19 Bournemouth-Watford,Bournemouth,59’,0:0,Jermain Defoe,Benik Afobe,substitute_in
ENG-Premier League,1718,2017-08-19 Bournemouth-Watford,Bournemouth,60’,0:0,Marc Pugh,Jordon Ibe,substitute_in
ENG-Premier League,1718,2017-08-19 Bournemouth-Watford,Bournemouth,61’,0:0,Steve Cook,,yellow_card
ENG-Premier League,1718,2017-08-19 Bournemouth-Watford,Watford,63’,0:0,Nathaniel Chalobah,,yellow_card
ENG-Premier League,1718,2017-08-19 Bournemouth-Watford,Watford,73’,0:1,Richarlison,,goal
ENG-Premier League,1718,2017-08-19 Bournemouth-Watford,Bournemouth,78’,0:1,Lys Mousset,Ryan Fraser,substitute_in
ENG-Premier League,1718,2017-08-19 Bournemouth-Watford,Watford,80’,0:1,Étienne Capoue,Richarlison,substitute_in
ENG-Premier League,1718,2017-08-19 Bournemouth-Watford,Watford,82’,0:1,Christian Kabasele,Nordin Amrabat,substitute_in
ENG-Premier League,1718,2017-08-19 Bournemouth-Watford,Watford,86’,0:2,Étienne Capoue,,goal
ENG-Premier League,1718,2017-08-19 Bournemouth-Watford,Watford,90+1’,0:2,Ben Watson,Nathaniel Chalobah,substitute_in
ENG-Premier League,1718,2018-01-13 Tottenham Hotspur-Everton,Tottenham Hotspur,26’,1:0,Son Heung-min,Serge Aurier,goal
ENG-Premier League,1718,2018-01-13 Tottenham Hotspur-Everton,Everton,45’,1:0,Phil Jagielka,,yellow_card
ENG-Premier League,1718,2018-01-13 Tottenham Hotspur-Everton,Tottenham Hotspur,47’,2:0,Harry Kane,Son Heung-min,goal
ENG-Premier League,1718,2018-01-13 Tottenham Hotspur-Everton,Everton,57’,2:0,Aaron Lennon,Yannick Bolasie,substitute_in
ENG-Premier League,1718,2018-01-13 Tottenham Hotspur-Everton,Tottenham Hotspur,59’,3:0,Harry Kane,Eric Dier,goal
ENG-Premier League,1718,2018-01-13 Tottenham Hotspur-Everton,Everton,62’,3:0,Dominic Calvert-Lewin,Cenk Tosun,substitute_in
ENG-Premier League,1718,2018-01-13 Tottenham Hotspur-Everton,Everton,72’,3:0,Morgan Schneiderlin,James McCarthy,substitute_in
ENG-Premier League,1718,2018-01-13 Tottenham Hotspur-Everton,Tottenham Hotspur,74’,3:0,Victor Wanyama,Eric Dier,substitute_in
ENG-Premier League,1718,2018-01-13 Tottenham Hotspur-Everton,Everton,75’,3:0,Wayne Rooney,,yellow_card
ENG-Premier League,1718,2018-01-13 Tottenham Hotspur-Everton,Tottenham Hotspur,81’,4:0,Christian Eriksen,Dele Alli,goal
ENG-Premier League,1718,2018-01-13 Tottenham Hotspur-Everton,Tottenham Hotspur,82’,4:0,Moussa Sissoko,Mousa Dembélé,substitute_in
ENG-Premier League,1718,2018-01-13 Tottenham Hotspur-Everton,Tottenham Hotspur,87’,4:0,Érik Lamela,Christian Eriksen,substitute_in
ENG-Premier League,1718,2018-04-28 Newcastle United-West Brom,West Bromwich Albion,29’,0:1,Matt Phillips,Jake Livermore,goal
ENG-Premier League,1718,2018-04-28 Newcastle United-West Brom,West Bromwich Albion,37’,0:1,Jake Livermore,,yellow_card
ENG-Premier League,1718,2018-04-28 Newcastle United-West Brom,West Bromwich Albion,45+1’,0:1,Allan Nyom,,yellow_card
ENG-Premier League,1718,2018-04-28 Newcastle United-West Brom,Newcastle United,58’,0:1,Jacob Murphy,Paul Dummett,substitute_in
ENG-Premier League,1718,2018-04-28 Newcastle United-West Brom,Newcastle United,65’,0:1,Islam Slimani,Dwight Gayle,substitute_in
ENG-Premier League,1718,2018-04-28 Newcastle United-West Brom,Newcastle United,68’,0:1,Mohamed Diamé,,yellow_card
ENG-Premier League,1718,2018-04-28 Newcastle United-West Brom,West Bromwich Albion,77’,0:1,Grzegorz Krychowiak,Jay Rodriguez,substitute_in
ENG-Premier League,1718,2018-04-28 Newcastle United-West Brom,Newcastle United,78’,0:1,Joselu,Ayoze Pérez,substitute_in
ENG-Premier League,1718,2018-04-28 Newcastle United-West Brom,West Bromwich Albion,82’,0:1,James McClean,,yellow_card
ENG-Premier League,1718,2018-04-28 Newcastle United-West Brom,West Bromwich Albion,90+4’,0:1,Hal Robson-Kanu,Salomón Rondón,substitute_in
ENG-Premier League,1718,2018-04-28 Newcastle United-West Brom,West Bromwich Albion,90’,0:1,Jonny Evans,James McClean,substitute_in
ENG-Premier League,1718,2017-11-19 Watford-West Ham United,Watford,11’,1:0,Will Hughes,Andre Gray,goal
ENG-Premier League,1718,2017-11-19 Watford-West Ham United,West Ham United,28’,1:0,Andy Carroll,,yellow_card
ENG-Premier League,1718,2017-11-19 Watford-West Ham United,Watford,29’,1:0,Miguel Britos,,yellow_card
ENG-Premier League,1718,2017-11-19 Watford-West Ham United,West Ham United,35’,1:0,Marko Arnautović,,yellow_card
ENG-Premier League,1718,2017-11-19 Watford-West Ham United,West Ham United,41’,1:0,Pedro Obiang,,yellow_card
ENG-Premier League,1718,2017-11-19 Watford-West Ham United,Watford,64’,2:0,Richarlison,Will Hughes,goal
ENG-Premier League,1718,2017-11-19 Watford-West Ham United,West Ham United,65’,2:0,Diafra Sakho,Andy Carroll,substitute_in
ENG-Premier League,1718,2017-11-19 Watford-West Ham United,West Ham United,74’,2:0,Arthur Masuaku,Marko Arnautović,substitute_in
ENG-Premier League,1718,2017-11-19 Watford-West Ham United,West Ham United,83’,2:0,Mark Noble,,yellow_card
ENG-Premier League,1718,2017-11-19 Watford-West Ham United,Watford,84’,2:0,Roberto Pereyra,Will Hughes,substitute_in
ENG-Premier League,1718,2017-11-19 Watford-West Ham United,Watford,86’,2:0,José Holebas,Kiko Femenía,substitute_in
ENG-Premier League,1718,2017-11-19 Watford-West Ham United,Watford,90+7’,2:0,André Carrillo,Andre Gray,substitute_in
ENG-Premier League,1718,2017-11-26 Southampton-Everton,Southampton,18’,1:0,Dušan Tadić,Ryan Bertrand,goal
ENG-Premier League,1718,2017-11-26 Southampton-Everton,Everton,27’,1:0,Ashley Williams,Leighton Baines,substitute_in
ENG-Premier League,1718,2017-11-26 Southampton-Everton,Everton,45’,1:1,Gylfi Sigurðsson,Dominic Calvert-Lewin,goal
ENG-Premier League,1718,2017-11-26 Southampton-Everton,Southampton,52’,2:1,Charlie Austin,Ryan Bertrand,goal
ENG-Premier League,1718,2017-11-26 Southampton-Everton,Southampton,58’,3:1,Charlie Austin,Dušan Tadić,goal
ENG-Premier League,1718,2017-11-26 Southampton-Everton,Everton,64’,3:1,Ademola Lookman,Kevin Mirallas,substitute_in
ENG-Premier League,1718,2017-11-26 Southampton-Everton,Everton,75’,3:1,Nikola Vlašić,Michael Keane,substitute_in
ENG-Premier League,1718,2017-11-26 Southampton-Everton,Southampton,78’,3:1,Mario Lemina,Dušan Tadić,substitute_in
ENG-Premier League,1718,2017-11-26 Southampton-Everton,Southampton,80’,3:1,Shane Long,Charlie Austin,substitute_in
ENG-Premier League,1718,2017-11-26 Southampton-Everton,Southampton,86’,3:1,Maya Yoshida,Sofiane Boufal,substitute_in
ENG-Premier League,1718,2017-11-26 Southampton-Everton,Southampton,87’,4:1,Steven Davis,James Ward-Prowse,goal
ENG-Premier League,1718,2017-10-01 Everton-Burnley,Burnley,21’,0:1,Jeff Hendrick,Stephen Ward,goal
ENG-Premier League,1718,2017-10-01 Everton-Burnley,Burnley,40’,0:1,Steven Defour,,yellow_card
ENG-Premier League,1718,2017-10-01 Everton-Burnley,Burnley,42’,0:1,Scott Arfield,,yellow_card
ENG-Premier League,1718,2017-10-01 Everton-Burnley,Everton,49’,0:1,Dominic Calvert-Lewin,,yellow_card
ENG-Premier League,1718,2017-10-01 Everton-Burnley,Everton,58’,0:1,Leighton Baines,,yellow_card
ENG-Premier League,1718,2017-10-01 Everton-Burnley,Everton,63’,0:1,Wayne Rooney,Morgan Schneiderlin,substitute_in
ENG-Premier League,1718,2017-10-01 Everton-Burnley,Everton,69’,0:1,Tom Davies,Nikola Vlašić,substitute_in
ENG-Premier League,1718,2017-10-01 Everton-Burnley,Everton,82’,0:1,Sandro Ramírez,Oumar Niasse,substitute_in
ENG-Premier League,1718,2017-10-01 Everton-Burnley,Burnley,88’,0:1,Ashley Barnes,Jeff Hendrick,substitute_in
ENG-Premier League,1718,2018-02-24 Leicester City-Stoke City,Leicester City,18’,0:0,Marc Albrighton,,yellow_card
ENG-Premier League,1718,2018-02-24 Leicester City-Stoke City,Stoke City,23’,0:0,Mame Biram Diouf,,yellow_card
ENG-Premier League,1718,2018-02-24 Leicester City-Stoke City,Stoke City,43’,0:1,Xherdan Shaqiri,Joe Allen,goal
ENG-Premier League,1718,2018-02-24 Leicester City-Stoke City,Leicester City,61’,0:1,Fousseni Diabaté,Demarai Gray,substitute_in
ENG-Premier League,1718,2018-02-24 Leicester City-Stoke City,Leicester City,62’,0:1,Kelechi Iheanacho,Danny Simpson,substitute_in
ENG-Premier League,1718,2018-02-24 Leicester City-Stoke City,Stoke City,64’,0:1,Tyrese Campbell,Mame Biram Diouf,substitute_in
ENG-Premier League,1718,2018-02-24 Leicester City-Stoke City,Leicester City,70’,1:1,Jack Butland,,own_goal
ENG-Premier League,1718,2018-02-24 Leicester City-Stoke City,Stoke City,74’,1:1,Charlie Adam,Bruno Martins Indi,substitute_in
ENG-Premier League,1718,2018-02-24 Leicester City-Stoke City,Stoke City,82’,1:1,Charlie Adam,,yellow_card
ENG-Premier League,1718,2018-02-24 Leicester City-Stoke City,Stoke City,84’,1:1,Glen Johnson,Eric Maxim Choupo-Moting,substitute_in
ENG-Premier League,1718,2018-02-24 Leicester City-Stoke City,Stoke City,9’,0:0,Joe Allen,,yellow_card
ENG-Premier League,1718,2017-11-04 Southampton-Burnley,Southampton,65’,0:0,Charlie Austin,Manolo Gabbiadini,substitute_in
ENG-Premier League,1718,2017-11-04 Southampton-Burnley,Burnley,65’,0:0,Ashley Barnes,Jeff Hendrick,substitute_in
ENG-Premier League,1718,2017-11-04 Southampton-Burnley,Burnley,65’,0:0,Sam Vokes,Chris Wood,substitute_in
ENG-Premier League,1718,2017-11-04 Southampton-Burnley,Southampton,76’,0:0,Shane Long,Dušan Tadić,substitute_in
ENG-Premier League,1718,2017-11-04 Southampton-Burnley,Burnley,81’,0:1,Sam Vokes,Jóhann Berg Guðmundsson,goal
ENG-Premier League,1718,2017-11-04 Southampton-Burnley,Southampton,90’,0:1,James Ward-Prowse,Sofiane Boufal,substitute_in
ENG-Premier League,1718,2017-09-09 Everton-Tottenham Hotspur,Tottenham Hotspur,13’,0:0,Toby Alderweireld,,yellow_card
ENG-Premier League,1718,2017-09-09 Everton-Tottenham Hotspur,Tottenham Hotspur,28’,0:1,Harry Kane,Kieran Trippier,goal
ENG-Premier League,1718,2017-09-09 Everton-Tottenham Hotspur,Tottenham Hotspur,42’,0:2,Christian Eriksen,,goal
ENG-Premier League,1718,2017-09-09 Everton-Tottenham Hotspur,Everton,46’,0:3,Tom Davies,Davy Klaassen,substitute_in
ENG-Premier League,1718,2017-09-09 Everton-Tottenham Hotspur,Everton,46’,0:3,Dominic Calvert-Lewin,Sandro Ramírez,substitute_in
ENG-Premier League,1718,2017-09-09 Everton-Tottenham Hotspur,Tottenham Hotspur,46’,0:3,Harry Kane,Ben Davies,goal
ENG-Premier League,1718,2017-09-09 Everton-Tottenham Hotspur,Everton,57’,0:3,Idrissa Gana Gueye,,yellow_card
ENG-Premier League,1718,2017-09-09 Everton-Tottenham Hotspur,Everton,5’,0:0,Ashley Williams,,yellow_card
ENG-Premier League,1718,2017-09-09 Everton-Tottenham Hotspur,Tottenham Hotspur,71’,0:3,Mousa Dembélé,Christian Eriksen,substitute_in
ENG-Premier League,1718,2017-09-09 Everton-Tottenham Hotspur,Tottenham Hotspur,78’,0:3,Harry Winks,Moussa Sissoko,substitute_in
ENG-Premier League,1718,2017-09-09 Everton-Tottenham Hotspur,Everton,80’,0:3,Nikola Vlašić,Idrissa Gana Gueye,substitute_in
ENG-Premier League,1718,2017-09-09 Everton-Tottenham Hotspur,Tottenham Hotspur,85’,0:3,Son Heung-min,Harry Kane,substitute_in
ENG-Premier League,1718,2017-09-09 Everton-Tottenham Hotspur,Everton,88’,0:3,Wayne Rooney,,yellow_card
ENG-Premier League,1718,2017-12-30 Huddersfield Town-Burnley,Huddersfield Town,12’,0:0,Mathias Jørgensen,,yellow_card
ENG-Premier League,1718,2017-12-30 Huddersfield Town-Burnley,Huddersfield Town,46’,0:0,Tommy Smith,Florent Hadergjonaj,substitute_in
ENG-Premier League,1718,2017-12-30 Huddersfield Town-Burnley,Huddersfield Town,55’,0:0,Joe Lolley,Tom Ince,substitute_in
ENG-Premier League,1718,2017-12-30 Huddersfield Town-Burnley,Burnley,73’,0:0,Sam Vokes,Jeff Hendrick,substitute_in
ENG-Premier League,1718,2017-12-30 Huddersfield Town-Burnley,Burnley,76’,0:0,Ben Mee,,yellow_card
ENG-Premier League,1718,2017-12-30 Huddersfield Town-Burnley,Burnley,81’,0:0,Nahki Wells,Ashley Barnes,substitute_in
ENG-Premier League,1718,2017-12-30 Huddersfield Town-Burnley,Huddersfield Town,82’,0:0,Danny Williams,Collin Quaner,substitute_in
ENG-Premier League,1718,2017-12-30 Huddersfield Town-Burnley,Huddersfield Town,90+3’,0:0,Joe Lolley,,yellow_card
ENG-Premier League,1718,2017-08-26 Huddersfield Town-Southampton,Southampton,45+1’,0:0,Oriol Romeu,,yellow_card
ENG-Premier League,1718,2017-08-26 Huddersfield Town-Southampton,Huddersfield Town,56’,0:0,Kasey Palmer,Rajiv van La Parra,substitute_in
ENG-Premier League,1718,2017-08-26 Huddersfield Town-Southampton,Huddersfield Town,61’,0:0,Danny Williams,Philip Billing,substitute_in
ENG-Premier League,1718,2017-08-26 Huddersfield Town-Southampton,Southampton,64’,0:0,Shane Long,Mario Lemina,substitute_in
ENG-Premier League,1718,2017-08-26 Huddersfield Town-Southampton,Southampton,71’,0:0,James Ward-Prowse,Manolo Gabbiadini,substitute_in
ENG-Premier League,1718,2017-08-26 Huddersfield Town-Southampton,Southampton,74’,0:0,Sam McQueen,Dušan Tadić,substitute_in
ENG-Premier League,1718,2017-08-26 Huddersfield Town-Southampton,Huddersfield Town,88’,0:0,Collin Quaner,Elias Kachunga,substitute_in
ENG-Premier League,1718,2017-11-28 Brighton-Crystal Palace,Brighton & Hove Albion,48’,0:0,José Izquierdo,,yellow_card
ENG-Premier League,1718,2017-11-28 Brighton-Crystal Palace,Brighton & Hove Albion,65’,0:0,Lewis Dunk,,yellow_card
ENG-Premier League,1718,2017-11-28 Brighton-Crystal Palace,Crystal Palace,66’,0:0,James McArthur,Yohan Cabaye,substitute_in
ENG-Premier League,1718,2017-11-28 Brighton-Crystal Palace,Brighton & Hove Albion,71’,0:0,Solly March,José Izquierdo,substitute_in
ENG-Premier League,1718,2017-11-28 Brighton-Crystal Palace,Brighton & Hove Albion,82’,0:0,Izzy Brown,Pascal Groß,substitute_in
ENG-Premier League,1718,2017-11-28 Brighton-Crystal Palace,Brighton & Hove Albion,85’,0:0,Tomer Hemed,Glenn Murray,substitute_in
ENG-Premier League,1718,2018-01-22 Swansea City-Liverpool,Swansea City,40’,1:0,Alfie Mawson,Federico Fernández,goal
ENG-Premier League,1718,2018-01-22 Swansea City-Liverpool,Liverpool,44’,1:0,Andrew Robertson,,yellow_card
ENG-Premier League,1718,2018-01-22 Swansea City-Liverpool,Liverpool,45’,1:0,Joël Matip,,yellow_card
ENG-Premier League,1718,2018-01-22 Swansea City-Liverpool,Swansea City,64’,1:0,Tom Carroll,Nathan Dyer,substitute_in
ENG-Premier League,1718,2018-01-22 Swansea City-Liverpool,Liverpool,68’,1:0,Adam Lallana,Alex Oxlade-Chamberlain,substitute_in
ENG-Premier League,1718,2018-01-22 Swansea City-Liverpool,Liverpool,73’,1:0,Danny Ings,Georginio Wijnaldum,substitute_in
ENG-Premier League,1718,2018-01-22 Swansea City-Liverpool,Swansea City,79’,1:0,Wilfried Bony,Jordan Ayew,substitute_in
ENG-Premier League,1718,2018-01-02 West Ham United-West Brom,West Bromwich Albion,30’,0:1,James McClean,Salomón Rondón,goal
ENG-Premier League,1718,2018-01-02 West Ham United-West Brom,West Ham United,44’,0:1,Arthur Masuaku,,yellow_card
ENG-Premier League,1718,2018-01-02 West Ham United-West Brom,West Ham United,46’,0:1,Mark Noble,Pedro Obiang,substitute_in
ENG-Premier League,1718,2018-01-02 West Ham United-West Brom,West Ham United,59’,1:1,Andy Carroll,Aaron Cresswell,goal
ENG-Premier League,1718,2018-01-02 West Ham United-West Brom,West Ham United,61’,1:1,Andy Carroll,,yellow_card
ENG-Premier League,1718,2018-01-02 West Ham United-West Brom,West Bromwich Albion,64’,1:1,Hal Robson-Kanu,Jake Livermore,substitute_in
ENG-Premier League,1718,2018-01-02 West Ham United-West Brom,West Ham United,6’,0:0,Manuel Lanzini,,yellow_card
ENG-Premier League,1718,2018-01-02 West Ham United-West Brom,West Bromwich Albion,71’,1:1,Oliver Burke,Jay Rodriguez,substitute_in
ENG-Premier League,1718,2018-01-02 West Ham United-West Brom,West Ham United,73’,1:1,Javier Hernández,Arthur Masuaku,substitute_in
ENG-Premier League,1718,2018-01-02 West Ham United-West Brom,West Bromwich Albion,74’,1:1,Claudio Yacob,,yellow_card
ENG-Premier League,1718,2018-01-02 West Ham United-West Brom,West Ham United,76’,1:1,Declan Rice,Aaron Cresswell,substitute_in
ENG-Premier League,1718,2018-01-02 West Ham United-West Brom,West Bromwich Albion,83’,1:1,Gareth Barry,Claudio Yacob,substitute_in
ENG-Premier League,1718,2018-01-02 West Ham United-West Brom,West Ham United,90+4’,2:1,Andy Carroll,Marko Arnautović,goal
ENG-Premier League,1718,2018-01-02 West Ham United-West Brom,West Bromwich Albion,90+6’,2:1,Grzegorz Krychowiak,,yellow_card
ENG-Premier League,1718,2017-08-12 Crystal Palace-Huddersfield Town,Huddersfield Town,23’,0:1,Joel Ward,,own_goal
ENG-Premier League,1718,2017-08-12 Crystal Palace-Huddersfield Town,Huddersfield Town,26’,0:2,Steve Mounié,Aaron Mooy,goal
ENG-Premier League,1718,2017-08-12 Crystal Palace-Huddersfield Town,Huddersfield Town,28’,0:2,Tommy Smith,,yellow_card
ENG-Premier League,1718,2017-08-12 Crystal Palace-Huddersfield Town,Crystal Palace,46’,0:2,Andros Townsend,Luka Milivojević,substitute_in
ENG-Premier League,1718,2017-08-12 Crystal Palace-Huddersfield Town,Huddersfield Town,57’,0:2,Danny Williams,Tommy Smith,substitute_in
ENG-Premier League,1718,2017-08-12 Crystal Palace-Huddersfield Town,Huddersfield Town,60’,0:2,Kasey Palmer,,yellow_card
ENG-Premier League,1718,2017-08-12 Crystal Palace-Huddersfield Town,Huddersfield Town,72’,0:2,Collin Quaner,Kasey Palmer,substitute_in
ENG-Premier League,1718,2017-08-12 Crystal Palace-Huddersfield Town,Huddersfield Town,73’,0:2,Steve Mounié,,yellow_card
ENG-Premier League,1718,2017-08-12 Crystal Palace-Huddersfield Town,Crystal Palace,78’,0:2,James Tomkins,Timothy Fosu-Mensah,substitute_in
ENG-Premier League,1718,2017-08-12 Crystal Palace-Huddersfield Town,Huddersfield Town,78’,0:3,Steve Mounié,Collin Quaner,goal
ENG-Premier League,1718,2017-08-12 Crystal Palace-Huddersfield Town,Huddersfield Town,86’,0:3,Rajiv van La Parra,Steve Mounié,substitute_in
ENG-Premier League,1718,2017-08-12 Crystal Palace-Huddersfield Town,Crystal Palace,88’,0:3,Jason Puncheon,,yellow_card
ENG-Premier League,1718,2017-12-16 Arsenal-Newcastle United,Arsenal,23’,1:0,Mesut Özil,,goal
ENG-Premier League,1718,2017-12-16 Arsenal-Newcastle United,Newcastle United,40’,1:0,Isaac Hayden,,yellow_card
ENG-Premier League,1718,2017-12-16 Arsenal-Newcastle United,Newcastle United,54’,1:0,Matt Ritchie,Christian Atsu,substitute_in
ENG-Premier League,1718,2017-12-16 Arsenal-Newcastle United,Newcastle United,67’,1:0,Dwight Gayle,Jacob Murphy,substitute_in
ENG-Premier League,1718,2017-12-16 Arsenal-Newcastle United,Arsenal,72’,1:0,Danny Welbeck,Alex Iwobi,substitute_in
ENG-Premier League,1718,2017-12-16 Arsenal-Newcastle United,Arsenal,73’,1:0,Olivier Giroud,Alexandre Lacazette,substitute_in
ENG-Premier League,1718,2017-12-16 Arsenal-Newcastle United,Newcastle United,82’,1:0,Mohamed Diamé,Mikel Merino,substitute_in
ENG-Premier League,1718,2017-12-16 Arsenal-Newcastle United,Arsenal,86’,1:0,Nacho Monreal,,yellow_card
ENG-Premier League,1718,2017-12-16 Arsenal-Newcastle United,Arsenal,89’,1:0,Francis Coquelin,Alexis Sánchez,substitute_in
ENG-Premier League,1718,2017-12-16 Arsenal-Newcastle United,Arsenal,90+2’,1:0,Granit Xhaka,,yellow_card
ENG-Premier League,1718,2017-12-13 West Ham United-Arsenal,West Ham United,41’,0:0,Manuel Lanzini,,yellow_card
ENG-Premier League,1718,2017-12-13 West Ham United-Arsenal,Arsenal,70’,0:0,Danny Welbeck,Alex Iwobi,substitute_in
ENG-Premier League,1718,2017-12-13 West Ham United-Arsenal,West Ham United,82’,0:0,Javier Hernández,Michail Antonio,substitute_in
ENG-Premier League,1718,2017-12-13 West Ham United-Arsenal,Arsenal,82’,0:0,Alexandre Lacazette,Alexis Sánchez,substitute_in
ENG-Premier League,1718,2017-12-13 West Ham United-Arsenal,West Ham United,90+3’,0:0,Winston Reid,,yellow_card
ENG-Premier League,1718,2018-01-13 Newcastle United-Swansea City,Swansea City,10’,0:0,Kyle Bartley,,yellow_card
ENG-Premier League,1718,2018-01-13 Newcastle United-Swansea City,Swansea City,60’,0:1,Jordan Ayew,,goal
ENG-Premier League,1718,2018-01-13 Newcastle United-Swansea City,Newcastle United,64’,0:1,Joselu,Dwight Gayle,substitute_in
ENG-Premier League,1718,2018-01-13 Newcastle United-Swansea City,Swansea City,65’,0:1,Connor Roberts,Mike van der Hoorn,substitute_in
ENG-Premier League,1718,2018-01-13 Newcastle United-Swansea City,Newcastle United,68’,1:1,Joselu,,goal
ENG-Premier League,1718,2018-01-13 Newcastle United-Swansea City,Swansea City,71’,1:1,Wilfried Bony,Oliver McBurnie,substitute_in
ENG-Premier League,1718,2018-01-13 Newcastle United-Swansea City,Newcastle United,82’,1:1,Mikel Merino,Jonjo Shelvey,substitute_in
ENG-Premier League,1718,2018-01-13 Newcastle United-Swansea City,Swansea City,82’,1:1,Alfie Mawson,,yellow_card
ENG-Premier League,1718,2018-01-13 Newcastle United-Swansea City,Swansea City,85’,1:1,Luciano Narsingh,Nathan Dyer,substitute_in
ENG-Premier League,1718,2018-01-13 Newcastle United-Swansea City,Swansea City,90’,1:1,Jordan Ayew,,yellow_card
ENG-Premier League,1718,2017-10-20 West Ham United-Brighton,Brighton & Hove Albion,10’,0:1,Glenn Murray,Pascal Groß,goal
ENG-Premier League,1718,2017-10-20 West Ham United-Brighton,West Ham United,23’,0:1,Javier Hernández,,yellow_card
ENG-Premier League,1718,2017-10-20 West Ham United-Brighton,Brighton & Hove Albion,45+2’,0:2,José Izquierdo,Davy Pröpper,goal
ENG-Premier League,1718,2017-10-20 West Ham United-Brighton,West Ham United,46’,0:2,André Ayew,Cheikhou Kouyaté,substitute_in
ENG-Premier League,1718,2017-10-20 West Ham United-Brighton,Brighton & Hove Albion,70’,0:2,Solly March,José Izquierdo,substitute_in
ENG-Premier League,1718,2017-10-20 West Ham United-Brighton,West Ham United,74’,0:2,Edimilson Fernandes,Marko Arnautović,substitute_in
ENG-Premier League,1718,2017-10-20 West Ham United-Brighton,Brighton & Hove Albion,75’,0:3,Glenn Murray,,penalty_goal
ENG-Premier League,1718,2017-10-20 West Ham United-Brighton,Brighton & Hove Albion,76’,0:3,Izzy Brown,Pascal Groß,substitute_in
ENG-Premier League,1718,2017-10-20 West Ham United-Brighton,Brighton & Hove Albion,84’,0:3,Ezequiel Schelotto,Anthony Knockaert,substitute_in
ENG-Premier League,1718,2017-09-09 Arsenal-Bournemouth,Arsenal,27’,2:0,Alexandre Lacazette,Danny Welbeck,goal
ENG-Premier League,1718,2017-09-09 Arsenal-Bournemouth,Bournemouth,38’,2:0,Jordon Ibe,Ryan Fraser,substitute_in
ENG-Premier League,1718,2017-09-09 Arsenal-Bournemouth,Bournemouth,46’,2:0,Simon Francis,Tyrone Mings,substitute_in
ENG-Premier League,1718,2017-09-09 Arsenal-Bournemouth,Arsenal,50’,3:0,Danny Welbeck,Aaron Ramsey,goal
ENG-Premier League,1718,2017-09-09 Arsenal-Bournemouth,Arsenal,67’,3:0,Francis Coquelin,Aaron Ramsey,substitute_in
ENG-Premier League,1718,2017-09-09 Arsenal-Bournemouth,Arsenal,6’,1:0,Danny Welbeck,Sead Kolašinac,goal
ENG-Premier League,1718,2017-09-09 Arsenal-Bournemouth,Bournemouth,71’,3:0,Lys Mousset,Jermain Defoe,substitute_in
ENG-Premier League,1718,2017-09-09 Arsenal-Bournemouth,Arsenal,75’,3:0,Olivier Giroud,Alexandre Lacazette,substitute_in
ENG-Premier League,1718,2017-09-09 Arsenal-Bournemouth,Arsenal,75’,3:0,Alexis Sánchez,Danny Welbeck,substitute_in
ENG-Premier League,1718,2017-09-09 Arsenal-Bournemouth,Bournemouth,76’,3:0,Simon Francis,,yellow_card
ENG-Premier League,1718,2017-09-09 Arsenal-Bournemouth,Arsenal,81’,3:0,Francis Coquelin,,substitute_in
ENG-Premier League,1718,2018-02-10 Swansea City-Burnley,Swansea City,28’,0:0,Martin Olsson,,yellow_card
ENG-Premier League,1718,2018-02-10 Swansea City-Burnley,Burnley,57’,0:0,Jeff Hendrick,,yellow_card
ENG-Premier League,1718,2018-02-10 Swansea City-Burnley,Swansea City,59’,0:0,André Ayew,Martin Olsson,substitute_in
ENG-Premier League,1718,2018-02-10 Swansea City-Burnley,Swansea City,74’,0:0,Tammy Abraham,Nathan Dyer,substitute_in
ENG-Premier League,1718,2018-02-10 Swansea City-Burnley,Burnley,74’,0:0,Scott Arfield,Aaron Lennon,substitute_in
ENG-Premier League,1718,2018-02-10 Swansea City-Burnley,Swansea City,81’,1:0,Ki Sung-yueng,Kyle Naughton,goal
ENG-Premier League,1718,2018-02-10 Swansea City-Burnley,Burnley,81’,1:0,Nahki Wells,Sam Vokes,substitute_in
ENG-Premier League,1718,2018-02-10 Swansea City-Burnley,Burnley,85’,1:0,Georges-Kévin N'Koudou,Jóhann Berg Guðmundsson,substitute_in
ENG-Premier League,1718,2018-02-10 Swansea City-Burnley,Swansea City,90+1’,1:0,André Ayew,,yellow_card
ENG-Premier League,1718,2018-02-10 Swansea City-Burnley,Swansea City,90+1’,1:0,Andy King,Jordan Ayew,substitute_in
ENG-Premier League,1718,2017-10-01 Arsenal-Brighton,Arsenal,16’,1:0,Nacho Monreal,,goal
ENG-Premier League,1718,2017-10-01 Arsenal-Brighton,Brighton & Hove Albion,17’,1:0,Pascal Groß,,yellow_card
ENG-Premier League,1718,2017-10-01 Arsenal-Brighton,Brighton & Hove Albion,39’,1:0,Shane Duffy,,yellow_card
ENG-Premier League,1718,2017-10-01 Arsenal-Brighton,Arsenal,56’,2:0,Alex Iwobi,Alexis Sánchez,goal
ENG-Premier League,1718,2017-10-01 Arsenal-Brighton,Arsenal,71’,2:0,Olivier Giroud,Alexandre Lacazette,substitute_in
ENG-Premier League,1718,2017-10-01 Arsenal-Brighton,Arsenal,71’,2:0,Theo Walcott,Alex Iwobi,substitute_in
ENG-Premier League,1718,2017-10-01 Arsenal-Brighton,Brighton & Hove Albion,72’,2:0,Ezequiel Schelotto,Solly March,substitute_in
ENG-Premier League,1718,2017-10-01 Arsenal-Brighton,Brighton & Hove Albion,76’,2:0,Glenn Murray,Izzy Brown,substitute_in
ENG-Premier League,1718,2017-10-01 Arsenal-Brighton,Brighton & Hove Albion,76’,2:0,Anthony Knockaert,José Izquierdo,substitute_in
ENG-Premier League,1718,2017-10-01 Arsenal-Brighton,Arsenal,83’,2:0,Mohamed Elneny,Granit Xhaka,substitute_in
ENG-Premier League,1718,2018-04-14 Crystal Palace-Brighton,Brighton & Hove Albion,11’,1:0,Dale Stephens,,yellow_card
ENG-Premier League,1718,2018-04-14 Crystal Palace-Brighton,Crystal Palace,14’,2:0,James Tomkins,,goal
ENG-Premier League,1718,2018-04-14 Crystal Palace-Brighton,Crystal Palace,16’,2:0,Luka Milivojević,,yellow_card
ENG-Premier League,1718,2018-04-14 Crystal Palace-Brighton,Brighton & Hove Albion,18’,2:1,Glenn Murray,Lewis Dunk,goal
ENG-Premier League,1718,2018-04-14 Crystal Palace-Brighton,Crystal Palace,24’,3:1,Wilfried Zaha,Luka Milivojević,goal
ENG-Premier League,1718,2018-04-14 Crystal Palace-Brighton,Brighton & Hove Albion,34’,3:2,José Izquierdo,Jürgen Locadia,goal
ENG-Premier League,1718,2018-04-14 Crystal Palace-Brighton,Brighton & Hove Albion,46’,3:2,Anthony Knockaert,Jürgen Locadia,substitute_in
ENG-Premier League,1718,2018-04-14 Crystal Palace-Brighton,Crystal Palace,5’,1:0,Wilfried Zaha,,goal
ENG-Premier League,1718,2018-04-14 Crystal Palace-Brighton,Crystal Palace,71’,3:2,Christian Benteke,Yohan Cabaye,substitute_in
ENG-Premier League,1718,2018-04-14 Crystal Palace-Brighton,Brighton & Hove Albion,71’,3:2,Leonardo Ulloa,Pascal Groß,substitute_in
ENG-Premier League,1718,2018-04-14 Crystal Palace-Brighton,Crystal Palace,79’,3:2,Wilfried Zaha,,yellow_card
ENG-Premier League,1718,2018-04-14 Crystal Palace-Brighton,Crystal Palace,80’,3:2,Jaïro Riedewald,Ruben Loftus-Cheek,substitute_in
ENG-Premier League,1718,2018-04-14 Crystal Palace-Brighton,Brighton & Hove Albion,86’,3:2,Solly March,Gaëtan Bong,substitute_in
ENG-Premier League,1718,2018-04-14 Crystal Palace-Brighton,Crystal Palace,89’,3:2,Wayne Hennessey,,yellow_card
ENG-Premier League,1718,2018-04-14 Crystal Palace-Brighton,Brighton & Hove Albion,90+4’,3:2,Beram Kayal,,yellow_card
ENG-Premier League,1718,2017-12-23 Everton-Chelsea,Everton,10’,0:0,Dominic Calvert-Lewin,,yellow_card
ENG-Premier League,1718,2017-12-23 Everton-Chelsea,Everton,21’,0:0,Cuco Martina,,yellow_card
ENG-Premier League,1718,2017-12-23 Everton-Chelsea,Everton,46’,0:0,Sandro Ramírez,Aaron Lennon,substitute_in
ENG-Premier League,1718,2017-12-23 Everton-Chelsea,Everton,46’,0:0,Ashley Williams,Tom Davies,substitute_in
ENG-Premier League,1718,2017-12-23 Everton-Chelsea,Everton,51’,0:0,Beni Baningime,Idrissa Gana Gueye,substitute_in
ENG-Premier League,1718,2017-12-23 Everton-Chelsea,Everton,57’,0:0,Michael Keane,,yellow_card
ENG-Premier League,1718,2017-12-23 Everton-Chelsea,Chelsea,63’,0:0,Cesc Fàbregas,Pedro,substitute_in
ENG-Premier League,1718,2017-12-23 Everton-Chelsea,Chelsea,71’,0:0,Michy Batshuayi,Willian,substitute_in
ENG-Premier League,1718,2017-12-23 Everton-Chelsea,Chelsea,81’,0:0,Davide Zappacosta,Victor Moses,substitute_in
ENG-Premier League,1718,2017-12-27 Newcastle United-Manchester City,Manchester City,11’,0:0,Gabriel Jesus,Vincent Kompany,substitute_in
ENG-Premier League,1718,2017-12-27 Newcastle United-Manchester City,Manchester City,31’,0:1,Raheem Sterling,Kevin De Bruyne,goal
ENG-Premier League,1718,2017-12-27 Newcastle United-Manchester City,Newcastle United,62’,0:1,Dwight Gayle,Joselu,substitute_in
ENG-Premier League,1718,2017-12-27 Newcastle United-Manchester City,Newcastle United,71’,0:1,Christian Atsu,Rolando Aarons,substitute_in
ENG-Premier League,1718,2017-12-27 Newcastle United-Manchester City,Newcastle United,75’,0:1,Dwight Gayle,,yellow_card
ENG-Premier League,1718,2017-12-27 Newcastle United-Manchester City,Newcastle United,77’,0:1,Mikel Merino,Chancel Mbemba,substitute_in
ENG-Premier League,1718,2017-12-27 Newcastle United-Manchester City,Manchester City,77’,0:1,Eliaquim Mangala,Sergio Agüero,substitute_in
ENG-Premier League,1718,2017-12-27 Newcastle United-Manchester City,Manchester City,83’,0:1,Leroy Sané,Bernardo Silva,substitute_in
ENG-Premier League,1718,2017-10-28 Arsenal-Swansea City,Swansea City,22’,0:1,Sam Clucas,Tammy Abraham,goal
ENG-Premier League,1718,2017-10-28 Arsenal-Swansea City,Arsenal,51’,1:1,Sead Kolašinac,Mesut Özil,goal
ENG-Premier League,1718,2017-10-28 Arsenal-Swansea City,Arsenal,58’,2:1,Aaron Ramsey,Sead Kolašinac,goal
ENG-Premier League,1718,2017-10-28 Arsenal-Swansea City,Arsenal,78’,2:1,Rob Holding,Sead Kolašinac,substitute_in
ENG-Premier League,1718,2017-10-28 Arsenal-Swansea City,Arsenal,81’,2:1,Olivier Giroud,Alexandre Lacazette,substitute_in
ENG-Premier League,1718,2017-10-28 Arsenal-Swansea City,Swansea City,81’,2:1,Luciano Narsingh,Jordan Ayew,substitute_in
ENG-Premier League,1718,2017-10-28 Arsenal-Swansea City,Swansea City,82’,2:1,Nathan Dyer,Mike van der Hoorn,substitute_in
ENG-Premier League,1718,2017-10-28 Arsenal-Swansea City,Swansea City,84’,2:1,Oliver McBurnie,Tom Carroll,substitute_in
ENG-Premier League,1718,2018-03-03 Burnley-Everton,Everton,20’,0:1,Cenk Tosun,Séamus Coleman,goal
ENG-Premier League,1718,2018-03-03 Burnley-Everton,Everton,26’,0:1,Dominic Calvert-Lewin,,yellow_card
ENG-Premier League,1718,2018-03-03 Burnley-Everton,Burnley,36’,0:1,Ashley Westwood,,yellow_card
ENG-Premier League,1718,2018-03-03 Burnley-Everton,Burnley,46’,0:1,Chris Wood,Jeff Hendrick,substitute_in
ENG-Premier League,1718,2018-03-03 Burnley-Everton,Burnley,56’,1:1,Ashley Barnes,Matthew Lowton,goal
ENG-Premier League,1718,2018-03-03 Burnley-Everton,Everton,59’,1:1,Wayne Rooney,Tom Davies,substitute_in
ENG-Premier League,1718,2018-03-03 Burnley-Everton,Everton,68’,1:1,Oumar Niasse,Cenk Tosun,substitute_in
ENG-Premier League,1718,2018-03-03 Burnley-Everton,Burnley,80’,2:1,Chris Wood,Jóhann Berg Guðmundsson,goal
ENG-Premier League,1718,2018-03-03 Burnley-Everton,Everton,83’,2:1,Yannick Bolasie,Gylfi Sigurðsson,substitute_in
ENG-Premier League,1718,2018-03-03 Burnley-Everton,Everton,86’,2:1,Ashley Williams,,red_card
ENG-Premier League,1718,2017-12-10 Liverpool-Everton,Everton,36’,0:0,Gylfi Sigurðsson,,yellow_card
ENG-Premier League,1718,2017-12-10 Liverpool-Everton,Liverpool,42’,1:0,Mohamed Salah,Joe Gomez,goal
ENG-Premier League,1718,2017-12-10 Liverpool-Everton,Everton,42’,0:0,Idrissa Gana Gueye,,yellow_card
ENG-Premier League,1718,2017-12-10 Liverpool-Everton,Everton,46’,1:0,Aaron Lennon,Tom Davies,substitute_in
ENG-Premier League,1718,2017-12-10 Liverpool-Everton,Everton,46’,1:0,Morgan Schneiderlin,Oumar Niasse,substitute_in
ENG-Premier League,1718,2017-12-10 Liverpool-Everton,Liverpool,67’,1:0,Roberto Firmino,Mohamed Salah,substitute_in
ENG-Premier League,1718,2017-12-10 Liverpool-Everton,Liverpool,76’,1:0,Dejan Lovren,,yellow_card
ENG-Premier League,1718,2017-12-10 Liverpool-Everton,Everton,77’,1:1,Wayne Rooney,,penalty_goal
ENG-Premier League,1718,2017-12-10 Liverpool-Everton,Liverpool,78’,1:1,Philippe Coutinho,Alex Oxlade-Chamberlain,substitute_in
ENG-Premier League,1718,2017-12-10 Liverpool-Everton,Liverpool,82’,1:1,Danny Ings,Dominic Solanke,substitute_in
ENG-Premier League,1718,2017-12-10 Liverpool-Everton,Everton,83’,1:1,Phil Jagielka,Wayne Rooney,substitute_in
ENG-Premier League,1718,2017-12-10 Liverpool-Everton,Everton,85’,1:1,Morgan Schneiderlin,,yellow_card
ENG-Premier League,1718,2017-09-16 Newcastle United-Stoke City,Newcastle United,19’,1:0,Christian Atsu,Matt Ritchie,goal
ENG-Premier League,1718,2017-09-16 Newcastle United-Stoke City,Newcastle United,25’,1:0,Isaac Hayden,,yellow_card
ENG-Premier League,1718,2017-09-16 Newcastle United-Stoke City,Stoke City,30’,1:0,Kevin Wimmer,,yellow_card
ENG-Premier League,1718,2017-09-16 Newcastle United-Stoke City,Stoke City,57’,1:1,Xherdan Shaqiri,Joe Allen,goal
ENG-Premier League,1718,2017-09-16 Newcastle United-Stoke City,Stoke City,62’,1:1,Ramadan Sobhi,Jesé,substitute_in
ENG-Premier League,1718,2017-09-16 Newcastle United-Stoke City,Newcastle United,68’,2:1,Jamaal Lascelles,Matt Ritchie,goal
ENG-Premier League,1718,2017-09-16 Newcastle United-Stoke City,Newcastle United,69’,2:1,Jonjo Shelvey,Isaac Hayden,substitute_in
ENG-Premier League,1718,2017-09-16 Newcastle United-Stoke City,Newcastle United,73’,2:1,Ciaran Clark,,yellow_card
ENG-Premier League,1718,2017-09-16 Newcastle United-Stoke City,Newcastle United,77’,2:1,Mikel Merino,,yellow_card
ENG-Premier League,1718,2017-09-16 Newcastle United-Stoke City,Newcastle United,78’,2:1,Dwight Gayle,Joselu,substitute_in
ENG-Premier League,1718,2017-09-16 Newcastle United-Stoke City,Stoke City,84’,2:1,Peter Crouch,Joe Allen,substitute_in
ENG-Premier League,1718,2017-09-16 Newcastle United-Stoke City,Newcastle United,86’,2:1,Mohamed Diamé,Ayoze Pérez,substitute_in
ENG-Premier League,1718,2017-12-18 Everton-Swansea City,Everton,29’,0:0,Mason Holgate,,yellow_card
ENG-Premier League,1718,2017-12-18 Everton-Swansea City,Swansea City,35’,0:1,Leroy Fer,Tom Carroll,goal
ENG-Premier League,1718,2017-12-18 Everton-Swansea City,Swansea City,37’,0:1,Nathan Dyer,,yellow_card
ENG-Premier League,1718,2017-12-18 Everton-Swansea City,Everton,45+2’,0:1,Wayne Rooney,Łukasz Fabiański,penalty_miss
ENG-Premier League,1718,2017-12-18 Everton-Swansea City,Everton,45+2’,1:1,Dominic Calvert-Lewin,,goal
ENG-Premier League,1718,2017-12-18 Everton-Swansea City,Swansea City,52’,1:1,Federico Fernández,,yellow_card
ENG-Premier League,1718,2017-12-18 Everton-Swansea City,Swansea City,5’,0:0,Tammy Abraham,Wilfried Bony,substitute_in
ENG-Premier League,1718,2017-12-18 Everton-Swansea City,Everton,61’,1:1,Tom Davies,Morgan Schneiderlin,substitute_in
ENG-Premier League,1718,2017-12-18 Everton-Swansea City,Everton,64’,2:1,Gylfi Sigurðsson,Wayne Rooney,goal
ENG-Premier League,1718,2017-12-18 Everton-Swansea City,Everton,73’,3:1,Wayne Rooney,,penalty_goal
ENG-Premier League,1718,2017-12-18 Everton-Swansea City,Swansea City,74’,3:1,Jordan Ayew,Nathan Dyer,substitute_in
ENG-Premier League,1718,2017-12-18 Everton-Swansea City,Everton,79’,3:1,Ademola Lookman,Aaron Lennon,substitute_in
ENG-Premier League,1718,2017-12-18 Everton-Swansea City,Swansea City,81’,3:1,Sam Clucas,Tom Carroll,substitute_in
ENG-Premier League,1718,2017-12-18 Everton-Swansea City,Everton,83’,3:1,Jonjoe Kenny,,yellow_card
ENG-Premier League,1718,2017-12-18 Everton-Swansea City,Swansea City,84’,3:1,Leroy Fer,,yellow_card
ENG-Premier League,1718,2017-12-18 Everton-Swansea City,Everton,89’,3:1,Sandro Ramírez,Wayne Rooney,substitute_in
ENG-Premier League,1718,2017-08-20 Huddersfield Town-Newcastle United,Newcastle United,41’,0:0,Matt Ritchie,,yellow_card
ENG-Premier League,1718,2017-08-20 Huddersfield Town-Newcastle United,Huddersfield Town,50’,1:0,Aaron Mooy,Elias Kachunga,goal
ENG-Premier League,1718,2017-08-20 Huddersfield Town-Newcastle United,Newcastle United,52’,1:0,Joselu,Dwight Gayle,substitute_in
ENG-Premier League,1718,2017-08-20 Huddersfield Town-Newcastle United,Newcastle United,53’,1:0,Isaac Hayden,,yellow_card
ENG-Premier League,1718,2017-08-20 Huddersfield Town-Newcastle United,Newcastle United,64’,1:0,Joselu,,yellow_card
ENG-Premier League,1718,2017-08-20 Huddersfield Town-Newcastle United,Huddersfield Town,66’,1:0,Philip Billing,,yellow_card
ENG-Premier League,1718,2017-08-20 Huddersfield Town-Newcastle United,Huddersfield Town,69’,1:0,Collin Quaner,Rajiv van La Parra,substitute_in
ENG-Premier League,1718,2017-08-20 Huddersfield Town-Newcastle United,Huddersfield Town,72’,1:0,Kasey Palmer,Elias Kachunga,substitute_in
ENG-Premier League,1718,2017-08-20 Huddersfield Town-Newcastle United,Newcastle United,76’,1:0,Mohamed Diamé,Isaac Hayden,substitute_in
ENG-Premier League,1718,2017-08-20 Huddersfield Town-Newcastle United,Huddersfield Town,77’,1:0,Kasey Palmer,,yellow_card
ENG-Premier League,1718,2017-08-20 Huddersfield Town-Newcastle United,Newcastle United,80’,1:0,Jacob Murphy,Ayoze Pérez,substitute_in
ENG-Premier League,1718,2017-08-20 Huddersfield Town-Newcastle United,Huddersfield Town,88’,1:0,Steve Mounié,,yellow_card
ENG-Premier League,1718,2017-08-20 Huddersfield Town-Newcastle United,Newcastle United,90+1’,1:0,Jamaal Lascelles,,yellow_card
ENG-Premier League,1718,2017-08-20 Huddersfield Town-Newcastle United,Huddersfield Town,90+2’,1:0,Michael Hefele,Tom Ince,substitute_in
ENG-Premier League,1718,2017-08-19 Stoke City-Arsenal,Stoke City,25’,0:0,Saido Berahino,Xherdan Shaqiri,substitute_in
ENG-Premier League,1718,2017-08-19 Stoke City-Arsenal,Stoke City,47’,1:0,Jesé,Saido Berahino,goal
ENG-Premier League,1718,2017-08-19 Stoke City-Arsenal,Arsenal,66’,1:0,Olivier Giroud,Sead Kolašinac,substitute_in
ENG-Premier League,1718,2017-08-19 Stoke City-Arsenal,Stoke City,71’,1:0,Ramadan Sobhi,Jesé,substitute_in
ENG-Premier League,1718,2017-08-19 Stoke City-Arsenal,Arsenal,78’,1:0,Theo Walcott,Alexandre Lacazette,substitute_in
ENG-Premier League,1718,2017-08-19 Stoke City-Arsenal,Arsenal,79’,1:0,Alex Iwobi,Granit Xhaka,substitute_in
ENG-Premier League,1718,2017-08-19 Stoke City-Arsenal,Stoke City,89’,1:0,Bruno Martins Indi,Erik Pieters,substitute_in
ENG-Premier League,1718,2018-02-03 West Brom-Southampton,West Bromwich Albion,22’,1:0,Gareth Barry,,yellow_card
ENG-Premier League,1718,2018-02-03 West Brom-Southampton,Southampton,40’,1:1,Mario Lemina,Sofiane Boufal,goal
ENG-Premier League,1718,2018-02-03 West Brom-Southampton,Southampton,43’,1:2,Jack Stephens,James Ward-Prowse,goal
ENG-Premier League,1718,2018-02-03 West Brom-Southampton,West Bromwich Albion,4’,1:0,Ahmed Hegazi,Chris Brunt,goal
ENG-Premier League,1718,2018-02-03 West Brom-Southampton,Southampton,55’,1:3,James Ward-Prowse,,goal
ENG-Premier League,1718,2018-02-03 West Brom-Southampton,West Bromwich Albion,62’,1:3,Jay Rodriguez,Daniel Sturridge,substitute_in
ENG-Premier League,1718,2018-02-03 West Brom-Southampton,West Bromwich Albion,62’,1:3,Oliver Burke,Claudio Yacob,substitute_in
ENG-Premier League,1718,2018-02-03 West Brom-Southampton,West Bromwich Albion,72’,2:3,Salomón Rondón,Chris Brunt,goal
ENG-Premier League,1718,2018-02-03 West Brom-Southampton,Southampton,75’,2:3,Shane Long,Guido Carrillo,substitute_in
ENG-Premier League,1718,2018-02-03 West Brom-Southampton,West Bromwich Albion,77’,2:3,James McClean,Allan Nyom,substitute_in
ENG-Premier League,1718,2018-02-03 West Brom-Southampton,Southampton,85’,2:3,Pierre Højbjerg,Sofiane Boufal,substitute_in
ENG-Premier League,1718,2018-02-03 West Brom-Southampton,Southampton,88’,2:3,Nathan Redmond,Dušan Tadić,substitute_in
ENG-Premier League,1718,2018-02-03 West Brom-Southampton,West Bromwich Albion,90+2’,2:3,Matt Phillips,,yellow_card
ENG-Premier League,1718,2018-02-03 West Brom-Southampton,Southampton,90+2’,2:3,Ryan Bertrand,,yellow_card
ENG-Premier League,1718,2017-09-09 Manchester City-Liverpool,Liverpool,19’,0:0,Trent Alexander-Arnold,,yellow_card
ENG-Premier League,1718,2017-09-09 Manchester City-Liverpool,Manchester City,24’,1:0,Sergio Agüero,Kevin De Bruyne,goal
ENG-Premier League,1718,2017-09-09 Manchester City-Liverpool,Manchester City,28’,1:0,Fernandinho,,yellow_card
ENG-Premier League,1718,2017-09-09 Manchester City-Liverpool,Liverpool,37’,1:0,Sadio Mané,,red_card
ENG-Premier League,1718,2017-09-09 Manchester City-Liverpool,Manchester City,45+1’,1:0,Claudio Bravo,Ederson,substitute_in
ENG-Premier League,1718,2017-09-09 Manchester City-Liverpool,Manchester City,45+6’,2:0,Gabriel Jesus,Kevin De Bruyne,goal
ENG-Premier League,1718,2017-09-09 Manchester City-Liverpool,Liverpool,46’,2:0,Alex Oxlade-Chamberlain,Mohamed Salah,substitute_in
ENG-Premier League,1718,2017-09-09 Manchester City-Liverpool,Manchester City,53’,3:0,Gabriel Jesus,Sergio Agüero,goal
ENG-Premier League,1718,2017-09-09 Manchester City-Liverpool,Manchester City,57’,3:0,Leroy Sané,Gabriel Jesus,substitute_in
ENG-Premier League,1718,2017-09-09 Manchester City-Liverpool,Liverpool,58’,3:0,James Milner,Georginio Wijnaldum,substitute_in
ENG-Premier League,1718,2017-09-09 Manchester City-Liverpool,Liverpool,67’,3:0,Dominic Solanke,Roberto Firmino,substitute_in
ENG-Premier League,1718,2017-09-09 Manchester City-Liverpool,Manchester City,6’,0:0,Nicolás Otamendi,,yellow_card
ENG-Premier League,1718,2017-09-09 Manchester City-Liverpool,Manchester City,71’,3:0,Eliaquim Mangala,Nicolás Otamendi,substitute_in
ENG-Premier League,1718,2017-09-09 Manchester City-Liverpool,Manchester City,77’,4:0,Leroy Sané,Benjamin Mendy,goal
ENG-Premier League,1718,2017-09-09 Manchester City-Liverpool,Liverpool,80’,4:0,Emre Can,,yellow_card
ENG-Premier League,1718,2017-09-09 Manchester City-Liverpool,Manchester City,90+1’,5:0,Leroy Sané,Kyle Walker,goal
ENG-Premier League,1718,2017-12-03 Bournemouth-Southampton,Bournemouth,31’,0:0,Adam Smith,,yellow_card
ENG-Premier League,1718,2017-12-03 Bournemouth-Southampton,Bournemouth,31’,0:0,Jermain Defoe,,yellow_card
ENG-Premier League,1718,2017-12-03 Bournemouth-Southampton,Bournemouth,42’,1:0,Ryan Fraser,Andrew Surman,goal
ENG-Premier League,1718,2017-12-03 Bournemouth-Southampton,Southampton,46’,1:0,Nathan Redmond,James Ward-Prowse,substitute_in
ENG-Premier League,1718,2017-12-03 Bournemouth-Southampton,Southampton,61’,1:1,Charlie Austin,Nathan Redmond,goal
ENG-Premier League,1718,2017-12-03 Bournemouth-Southampton,Bournemouth,69’,1:1,Jordon Ibe,Junior Stanislas,substitute_in
ENG-Premier League,1718,2017-12-03 Bournemouth-Southampton,Bournemouth,69’,1:1,Callum Wilson,Jermain Defoe,substitute_in
ENG-Premier League,1718,2017-12-03 Bournemouth-Southampton,Southampton,74’,1:1,Mario Lemina,Dušan Tadić,substitute_in
ENG-Premier League,1718,2017-12-03 Bournemouth-Southampton,Southampton,76’,1:1,Mario Lemina,,yellow_card
ENG-Premier League,1718,2017-12-03 Bournemouth-Southampton,Southampton,85’,1:1,Manolo Gabbiadini,Steven Davis,substitute_in
ENG-Premier League,1718,2017-12-03 Bournemouth-Southampton,Bournemouth,90+2’,1:1,Benik Afobe,Ryan Fraser,substitute_in
ENG-Premier League,1718,2018-05-05 West Brom-Tottenham Hotspur,West Bromwich Albion,61’,0:0,Ahmed Hegazi,,yellow_card
ENG-Premier League,1718,2018-05-05 West Brom-Tottenham Hotspur,West Bromwich Albion,65’,0:0,Allan Nyom,,yellow_card
ENG-Premier League,1718,2018-05-05 West Brom-Tottenham Hotspur,Tottenham Hotspur,65’,0:0,Danny Rose,,yellow_card
ENG-Premier League,1718,2018-05-05 West Brom-Tottenham Hotspur,Tottenham Hotspur,67’,0:0,Son Heung-min,Dele Alli,substitute_in
ENG-Premier League,1718,2018-05-05 West Brom-Tottenham Hotspur,West Bromwich Albion,74’,0:0,Daniel Sturridge,Salomón Rondón,substitute_in
ENG-Premier League,1718,2018-05-05 West Brom-Tottenham Hotspur,Tottenham Hotspur,78’,0:0,Lucas Moura,Érik Lamela,substitute_in
ENG-Premier League,1718,2018-05-05 West Brom-Tottenham Hotspur,West Bromwich Albion,79’,0:0,James McClean,,yellow_card
ENG-Premier League,1718,2018-05-05 West Brom-Tottenham Hotspur,West Bromwich Albion,79’,0:0,Nacer Chadli,Jay Rodriguez,substitute_in
ENG-Premier League,1718,2018-05-05 West Brom-Tottenham Hotspur,West Bromwich Albion,82’,0:0,Chris Brunt,,yellow_card
ENG-Premier League,1718,2018-05-05 West Brom-Tottenham Hotspur,Tottenham Hotspur,85’,0:0,Fernando Llorente,Jan Vertonghen,substitute_in
ENG-Premier League,1718,2018-05-05 West Brom-Tottenham Hotspur,West Bromwich Albion,87’,0:0,Grzegorz Krychowiak,James McClean,substitute_in
ENG-Premier League,1718,2018-05-05 West Brom-Tottenham Hotspur,West Bromwich Albion,90+2’,1:0,Jake Livermore,,goal
ENG-Premier League,1718,2018-01-02 Swansea City-Tottenham Hotspur,Swansea City,10’,0:0,Martin Olsson,,yellow_card
ENG-Premier League,1718,2018-01-02 Swansea City-Tottenham Hotspur,Tottenham Hotspur,12’,0:1,Fernando Llorente,Christian Eriksen,goal
ENG-Premier League,1718,2018-01-02 Swansea City-Tottenham Hotspur,Tottenham Hotspur,31’,0:1,Davinson Sánchez,,yellow_card
ENG-Premier League,1718,2018-01-02 Swansea City-Tottenham Hotspur,Swansea City,53’,0:1,Luciano Narsingh,Àngel Rangel,substitute_in
ENG-Premier League,1718,2018-01-02 Swansea City-Tottenham Hotspur,Tottenham Hotspur,59’,0:1,Victor Wanyama,Davinson Sánchez,substitute_in
ENG-Premier League,1718,2018-01-02 Swansea City-Tottenham Hotspur,Tottenham Hotspur,64’,0:1,Érik Lamela,,yellow_card
ENG-Premier League,1718,2018-01-02 Swansea City-Tottenham Hotspur,Tottenham Hotspur,68’,0:1,Harry Kane,Fernando Llorente,substitute_in
ENG-Premier League,1718,2018-01-02 Swansea City-Tottenham Hotspur,Swansea City,70’,0:1,Oliver McBurnie,Nathan Dyer,substitute_in
ENG-Premier League,1718,2018-01-02 Swansea City-Tottenham Hotspur,Tottenham Hotspur,77’,0:1,Moussa Sissoko,Érik Lamela,substitute_in
ENG-Premier League,1718,2018-01-02 Swansea City-Tottenham Hotspur,Swansea City,78’,0:1,Wayne Routledge,Tom Carroll,substitute_in
ENG-Premier League,1718,2018-01-02 Swansea City-Tottenham Hotspur,Swansea City,79’,0:1,Mike van der Hoorn,,yellow_card
ENG-Premier League,1718,2018-01-02 Swansea City-Tottenham Hotspur,Tottenham Hotspur,89’,0:2,Dele Alli,,goal
ENG-Premier League,1718,2017-11-24 West Ham United-Leicester City,West Ham United,45’,1:1,Cheikhou Kouyaté,Manuel Lanzini,goal
ENG-Premier League,1718,2017-11-24 West Ham United-Leicester City,West Ham United,69’,1:1,André Ayew,Marko Arnautović,substitute_in
ENG-Premier League,1718,2017-11-24 West Ham United-Leicester City,Leicester City,70’,1:1,Ben Chilwell,Riyad Mahrez,substitute_in
ENG-Premier League,1718,2017-11-24 West Ham United-Leicester City,West Ham United,79’,1:1,André Ayew,,yellow_card
ENG-Premier League,1718,2017-11-24 West Ham United-Leicester City,Leicester City,79’,1:1,Demarai Gray,,yellow_card
ENG-Premier League,1718,2017-11-24 West Ham United-Leicester City,Leicester City,8’,0:1,Marc Albrighton,,goal
ENG-Premier League,1718,2017-11-24 West Ham United-Leicester City,Leicester City,90+2’,1:1,Islam Slimani,Demarai Gray,substitute_in
ENG-Premier League,1718,2017-11-24 West Ham United-Leicester City,West Ham United,90+4’,1:1,Diafra Sakho,Arthur Masuaku,substitute_in
ENG-Premier League,1718,2018-02-03 Bournemouth-Stoke City,Bournemouth,13’,0:1,Joshua King,Steve Cook,substitute_in
ENG-Premier League,1718,2018-02-03 Bournemouth-Stoke City,Stoke City,38’,0:1,Badou Ndiaye,,yellow_card
ENG-Premier League,1718,2018-02-03 Bournemouth-Stoke City,Stoke City,45+2’,0:1,Xherdan Shaqiri,,yellow_card
ENG-Premier League,1718,2018-02-03 Bournemouth-Stoke City,Bournemouth,58’,0:1,Dan Gosling,,yellow_card
ENG-Premier League,1718,2018-02-03 Bournemouth-Stoke City,Bournemouth,59’,0:1,Joshua King,,yellow_card
ENG-Premier League,1718,2018-02-03 Bournemouth-Stoke City,Bournemouth,59’,0:1,Lys Mousset,Junior Stanislas,substitute_in
ENG-Premier League,1718,2018-02-03 Bournemouth-Stoke City,Stoke City,5’,0:1,Xherdan Shaqiri,Badou Ndiaye,goal
ENG-Premier League,1718,2018-02-03 Bournemouth-Stoke City,Stoke City,69’,0:1,Eric Maxim Choupo-Moting,,yellow_card
ENG-Premier League,1718,2018-02-03 Bournemouth-Stoke City,Bournemouth,70’,1:1,Joshua King,,goal
ENG-Premier League,1718,2018-02-03 Bournemouth-Stoke City,Stoke City,71’,1:1,Kostas Stafylidis,Badou Ndiaye,substitute_in
ENG-Premier League,1718,2018-02-03 Bournemouth-Stoke City,Bournemouth,79’,2:1,Lys Mousset,Jordon Ibe,goal
ENG-Premier League,1718,2018-02-03 Bournemouth-Stoke City,Stoke City,83’,2:1,Saido Berahino,Eric Maxim Choupo-Moting,substitute_in
ENG-Premier League,1718,2018-02-03 Bournemouth-Stoke City,Stoke City,83’,2:1,Mame Biram Diouf,Peter Crouch,substitute_in
ENG-Premier League,1718,2018-02-03 Bournemouth-Stoke City,Bournemouth,90+2’,2:1,Marc Pugh,Jordon Ibe,substitute_in
ENG-Premier League,1718,2017-09-23 Southampton-Manchester Utd,Manchester United,20’,0:1,Romelu Lukaku,,goal
ENG-Premier League,1718,2017-09-23 Southampton-Manchester Utd,Southampton,37’,0:1,Shane Long,,yellow_card
ENG-Premier League,1718,2017-09-23 Southampton-Manchester Utd,Manchester United,43’,0:1,Ashley Young,,yellow_card
ENG-Premier League,1718,2017-09-23 Southampton-Manchester Utd,Manchester United,62’,0:1,Ander Herrera,Juan Mata,substitute_in
ENG-Premier League,1718,2017-09-23 Southampton-Manchester Utd,Manchester United,69’,0:1,Antonio Valencia,,yellow_card
ENG-Premier League,1718,2017-09-23 Southampton-Manchester Utd,Southampton,73’,0:1,Manolo Gabbiadini,Steven Davis,substitute_in
ENG-Premier League,1718,2017-09-23 Southampton-Manchester Utd,Manchester United,75’,0:1,Chris Smalling,Henrikh Mkhitaryan,substitute_in
ENG-Premier League,1718,2017-09-23 Southampton-Manchester Utd,Manchester United,82’,0:1,Romelu Lukaku,,yellow_card
ENG-Premier League,1718,2017-09-23 Southampton-Manchester Utd,Southampton,83’,0:1,Charlie Austin,Shane Long,substitute_in
ENG-Premier League,1718,2017-09-23 Southampton-Manchester Utd,Southampton,83’,0:1,James Ward-Prowse,Cédric Soares,substitute_in
ENG-Premier League,1718,2017-09-23 Southampton-Manchester Utd,Manchester United,88’,0:1,Ander Herrera,,yellow_card
ENG-Premier League,1718,2017-09-23 Southampton-Manchester Utd,Manchester United,90+3’,0:1,Daley Blind,Marcus Rashford,substitute_in
ENG-Premier League,1718,2018-03-17 Huddersfield Town-Crystal Palace,Crystal Palace,21’,0:0,Yohan Cabaye,Jeffrey Schlupp,substitute_in
ENG-Premier League,1718,2018-03-17 Huddersfield Town-Crystal Palace,Crystal Palace,23’,0:1,James Tomkins,,goal
ENG-Premier League,1718,2018-03-17 Huddersfield Town-Crystal Palace,Huddersfield Town,46’,0:1,Chris Löwe,Scott Malone,substitute_in
ENG-Premier League,1718,2018-03-17 Huddersfield Town-Crystal Palace,Crystal Palace,58’,0:1,Yohan Cabaye,,yellow_card
ENG-Premier League,1718,2018-03-17 Huddersfield Town-Crystal Palace,Huddersfield Town,61’,0:1,Rajiv van La Parra,Tom Ince,substitute_in
ENG-Premier League,1718,2018-03-17 Huddersfield Town-Crystal Palace,Crystal Palace,68’,0:2,Luka Milivojević,,penalty_goal
ENG-Premier League,1718,2018-03-17 Huddersfield Town-Crystal Palace,Huddersfield Town,70’,0:2,Jonathan Hogg,,yellow_card
ENG-Premier League,1718,2018-03-17 Huddersfield Town-Crystal Palace,Huddersfield Town,71’,0:2,Elias Kachunga,Alex Pritchard,substitute_in
ENG-Premier League,1718,2018-03-17 Huddersfield Town-Crystal Palace,Huddersfield Town,78’,0:2,Aaron Mooy,,yellow_card
ENG-Premier League,1718,2018-03-17 Huddersfield Town-Crystal Palace,Crystal Palace,80’,0:2,Aaron Wan-Bissaka,,yellow_card
ENG-Premier League,1718,2018-03-17 Huddersfield Town-Crystal Palace,Huddersfield Town,83’,0:2,Christopher Schindler,,yellow_card
ENG-Premier League,1718,2018-03-17 Huddersfield Town-Crystal Palace,Crystal Palace,89’,0:2,Ruben Loftus-Cheek,Wilfried Zaha,substitute_in
ENG-Premier League,1718,2018-04-14 Liverpool-Bournemouth,Bournemouth,15’,1:0,Nathan Aké,,yellow_card
ENG-Premier League,1718,2018-04-14 Liverpool-Bournemouth,Liverpool,54’,1:0,Alex Oxlade-Chamberlain,,yellow_card
ENG-Premier League,1718,2018-04-14 Liverpool-Bournemouth,Bournemouth,58’,1:0,Lys Mousset,Jordon Ibe,substitute_in
ENG-Premier League,1718,2018-04-14 Liverpool-Bournemouth,Liverpool,69’,2:0,Mohamed Salah,Trent Alexander-Arnold,goal
ENG-Premier League,1718,2018-04-14 Liverpool-Bournemouth,Bournemouth,70’,2:0,Callum Wilson,Jermain Defoe,substitute_in
ENG-Premier League,1718,2018-04-14 Liverpool-Bournemouth,Bournemouth,73’,2:0,Andrew Surman,Lewis Cook,substitute_in
ENG-Premier League,1718,2018-04-14 Liverpool-Bournemouth,Liverpool,77’,2:0,James Milner,Sadio Mané,substitute_in
ENG-Premier League,1718,2018-04-14 Liverpool-Bournemouth,Liverpool,7’,1:0,Sadio Mané,,goal
ENG-Premier League,1718,2018-04-14 Liverpool-Bournemouth,Liverpool,83’,2:0,Ragnar Klavan,Dejan Lovren,substitute_in
ENG-Premier League,1718,2018-04-14 Liverpool-Bournemouth,Liverpool,90+1’,3:0,Dominic Solanke,Roberto Firmino,substitute_in
ENG-Premier League,1718,2018-04-14 Liverpool-Bournemouth,Liverpool,90’,3:0,Roberto Firmino,Alex Oxlade-Chamberlain,goal
ENG-Premier League,1718,2017-11-04 Stoke City-Leicester City,Leicester City,33’,0:1,Vicente Iborra,Harry Maguire,goal
ENG-Premier League,1718,2017-11-04 Stoke City-Leicester City,Stoke City,39’,1:1,Xherdan Shaqiri,Eric Maxim Choupo-Moting,goal
ENG-Premier League,1718,2017-11-04 Stoke City-Leicester City,Leicester City,58’,1:1,Kelechi Iheanacho,Shinji Okazaki,substitute_in
ENG-Premier League,1718,2017-11-04 Stoke City-Leicester City,Leicester City,60’,1:2,Riyad Mahrez,Wilfred Ndidi,goal
ENG-Premier League,1718,2017-11-04 Stoke City-Leicester City,Leicester City,66’,1:2,Andy King,Vicente Iborra,substitute_in
ENG-Premier League,1718,2017-11-04 Stoke City-Leicester City,Stoke City,69’,1:2,Peter Crouch,Ramadan Sobhi,substitute_in
ENG-Premier League,1718,2017-11-04 Stoke City-Leicester City,Stoke City,73’,2:2,Peter Crouch,Xherdan Shaqiri,goal
ENG-Premier League,1718,2017-11-04 Stoke City-Leicester City,Leicester City,80’,2:2,Marc Albrighton,Demarai Gray,substitute_in
ENG-Premier League,1718,2017-11-04 Stoke City-Leicester City,Stoke City,86’,2:2,Saido Berahino,Mame Biram Diouf,substitute_in
ENG-Premier League,1718,2017-09-23 Stoke City-Chelsea,Chelsea,2’,0:1,Álvaro Morata,César Azpilicueta,goal
ENG-Premier League,1718,2017-09-23 Stoke City-Chelsea,Chelsea,30’,0:2,Pedro,,goal
ENG-Premier League,1718,2017-09-23 Stoke City-Chelsea,Stoke City,49’,0:2,Xherdan Shaqiri,,yellow_card
ENG-Premier League,1718,2017-09-23 Stoke City-Chelsea,Chelsea,51’,0:2,Marcos Alonso,,yellow_card
ENG-Premier League,1718,2017-09-23 Stoke City-Chelsea,Chelsea,57’,0:2,N'Golo Kanté,,yellow_card
ENG-Premier League,1718,2017-09-23 Stoke City-Chelsea,Chelsea,59’,0:2,Gary Cahill,Marcos Alonso,substitute_in
ENG-Premier League,1718,2017-09-23 Stoke City-Chelsea,Stoke City,61’,0:2,Peter Crouch,Jesé,substitute_in
ENG-Premier League,1718,2017-09-23 Stoke City-Chelsea,Chelsea,68’,0:2,Cesc Fàbregas,Pedro,substitute_in
ENG-Premier League,1718,2017-09-23 Stoke City-Chelsea,Chelsea,72’,0:2,Eden Hazard,Willian,substitute_in
ENG-Premier League,1718,2017-09-23 Stoke City-Chelsea,Stoke City,76’,0:2,Ibrahim Afellay,Bruno Martins Indi,substitute_in
ENG-Premier League,1718,2017-09-23 Stoke City-Chelsea,Chelsea,77’,0:3,Álvaro Morata,Tiemoué Bakayoko,goal
ENG-Premier League,1718,2017-09-23 Stoke City-Chelsea,Chelsea,82’,0:4,Álvaro Morata,César Azpilicueta,goal
ENG-Premier League,1718,2017-09-23 Stoke City-Chelsea,Stoke City,89’,0:4,Peter Crouch,,yellow_card
ENG-Premier League,1718,2017-12-23 Brighton-Watford,Brighton & Hove Albion,64’,1:0,Pascal Groß,Tomer Hemed,goal
ENG-Premier League,1718,2017-12-23 Brighton-Watford,Watford,71’,1:0,Jerome Sinclair,Roberto Pereyra,substitute_in
ENG-Premier League,1718,2017-12-23 Brighton-Watford,Watford,74’,1:0,Étienne Capoue,Ben Watson,substitute_in
ENG-Premier League,1718,2017-12-23 Brighton-Watford,Watford,78’,1:0,Stefano Okaka,Andre Gray,substitute_in
ENG-Premier League,1718,2017-12-23 Brighton-Watford,Brighton & Hove Albion,83’,1:0,Beram Kayal,Pascal Groß,substitute_in
ENG-Premier League,1718,2017-12-23 Brighton-Watford,Brighton & Hove Albion,87’,1:0,Glenn Murray,Tomer Hemed,substitute_in
ENG-Premier League,1718,2017-12-23 Brighton-Watford,Brighton & Hove Albion,90+3’,1:0,José Izquierdo,Solly March,substitute_in
ENG-Premier League,1718,2018-01-20 Leicester City-Watford,Leicester City,39’,1:0,Jamie Vardy,,penalty_goal
ENG-Premier League,1718,2018-01-20 Leicester City-Watford,Watford,60’,1:0,Andre Gray,Roberto Pereyra,substitute_in
ENG-Premier League,1718,2018-01-20 Leicester City-Watford,Watford,61’,1:0,Sebastian Prödl,Molla Wagué,substitute_in
ENG-Premier League,1718,2018-01-20 Leicester City-Watford,Leicester City,65’,1:0,Demarai Gray,Shinji Okazaki,substitute_in
ENG-Premier League,1718,2018-01-20 Leicester City-Watford,Watford,81’,1:0,Stefano Okaka,Daryl Janmaat,substitute_in
ENG-Premier League,1718,2018-01-20 Leicester City-Watford,Leicester City,89’,1:0,Adrien Silva,Jamie Vardy,substitute_in
ENG-Premier League,1718,2018-01-20 Leicester City-Watford,Leicester City,90+1’,2:0,Riyad Mahrez,Adrien Silva,goal
ENG-Premier League,1718,2018-03-31 Manchester Utd-Swansea City,Manchester United,20’,2:0,Alexis Sánchez,,goal
ENG-Premier League,1718,2018-03-31 Manchester Utd-Swansea City,Swansea City,46’,2:0,Tom Carroll,Ki Sung-yueng,substitute_in
ENG-Premier League,1718,2018-03-31 Manchester Utd-Swansea City,Swansea City,46’,2:0,Tammy Abraham,Nathan Dyer,substitute_in
ENG-Premier League,1718,2018-03-31 Manchester Utd-Swansea City,Swansea City,56’,2:0,Wayne Routledge,Sam Clucas,substitute_in
ENG-Premier League,1718,2018-03-31 Manchester Utd-Swansea City,Manchester United,5’,1:0,Romelu Lukaku,Alexis Sánchez,goal
ENG-Premier League,1718,2018-03-31 Manchester Utd-Swansea City,Manchester United,75’,2:0,Marcus Rashford,Alexis Sánchez,substitute_in
ENG-Premier League,1718,2018-03-31 Manchester Utd-Swansea City,Manchester United,76’,2:0,Ander Herrera,Jesse Lingard,substitute_in
ENG-Premier League,1718,2018-03-31 Manchester Utd-Swansea City,Manchester United,90+1’,2:0,Scott McTominay,Juan Mata,substitute_in
ENG-Premier League,1718,2018-03-04 Brighton-Arsenal,Brighton & Hove Albion,26’,2:0,Glenn Murray,Pascal Groß,goal
ENG-Premier League,1718,2018-03-04 Brighton-Arsenal,Arsenal,28’,2:0,Sead Kolašinac,,yellow_card
ENG-Premier League,1718,2018-03-04 Brighton-Arsenal,Arsenal,40’,2:0,Jack Wilshere,,yellow_card
ENG-Premier League,1718,2018-03-04 Brighton-Arsenal,Arsenal,43’,2:1,Pierre-Emerick Aubameyang,Granit Xhaka,goal
ENG-Premier League,1718,2018-03-04 Brighton-Arsenal,Arsenal,54’,2:1,Granit Xhaka,,yellow_card
ENG-Premier League,1718,2018-03-04 Brighton-Arsenal,Brighton & Hove Albion,60’,2:1,Dale Stephens,,yellow_card
ENG-Premier League,1718,2018-03-04 Brighton-Arsenal,Brighton & Hove Albion,64’,2:1,Ezequiel Schelotto,,yellow_card
ENG-Premier League,1718,2018-03-04 Brighton-Arsenal,Brighton & Hove Albion,69’,2:1,Bruno,Ezequiel Schelotto,substitute_in
ENG-Premier League,1718,2018-03-04 Brighton-Arsenal,Arsenal,74’,2:1,Danny Welbeck,Alex Iwobi,substitute_in
ENG-Premier League,1718,2018-03-04 Brighton-Arsenal,Brighton & Hove Albion,77’,2:1,Solly March,Anthony Knockaert,substitute_in
ENG-Premier League,1718,2018-03-04 Brighton-Arsenal,Brighton & Hove Albion,78’,2:1,Glenn Murray,,yellow_card
ENG-Premier League,1718,2018-03-04 Brighton-Arsenal,Brighton & Hove Albion,7’,1:0,Lewis Dunk,Shane Duffy,goal
ENG-Premier League,1718,2018-03-04 Brighton-Arsenal,Arsenal,83’,2:1,Eddie Nketiah,Calum Chambers,substitute_in
ENG-Premier League,1718,2018-03-04 Brighton-Arsenal,Arsenal,83’,2:1,Héctor Bellerín,Henrikh Mkhitaryan,substitute_in
ENG-Premier League,1718,2018-03-04 Brighton-Arsenal,Brighton & Hove Albion,87’,2:1,Beram Kayal,Pascal Groß,substitute_in
ENG-Premier League,1718,2017-10-21 Southampton-West Brom,West Bromwich Albion,32’,0:0,Allan Nyom,Jonny Evans,substitute_in
ENG-Premier League,1718,2017-10-21 Southampton-West Brom,West Bromwich Albion,53’,0:0,Gareth McAuley,Gareth Barry,substitute_in
ENG-Premier League,1718,2017-10-21 Southampton-West Brom,West Bromwich Albion,67’,0:0,Nacer Chadli,,yellow_card
ENG-Premier League,1718,2017-10-21 Southampton-West Brom,Southampton,69’,0:0,Nathan Redmond,Oriol Romeu,substitute_in
ENG-Premier League,1718,2017-10-21 Southampton-West Brom,West Bromwich Albion,77’,0:0,Matt Phillips,Nacer Chadli,substitute_in
ENG-Premier League,1718,2017-10-21 Southampton-West Brom,Southampton,81’,0:0,Sofiane Boufal,Dušan Tadić,substitute_in
ENG-Premier League,1718,2017-10-21 Southampton-West Brom,Southampton,81’,0:0,Charlie Austin,Shane Long,substitute_in
ENG-Premier League,1718,2017-10-21 Southampton-West Brom,Southampton,85’,1:0,Sofiane Boufal,,goal
ENG-Premier League,1718,2017-10-21 Southampton-West Brom,West Bromwich Albion,88’,1:0,Craig Dawson,,substitute_in
ENG-Premier League,1718,2017-08-21 Manchester City-Everton,Everton,24’,0:0,Tom Davies,,yellow_card
ENG-Premier League,1718,2017-08-21 Manchester City-Everton,Everton,35’,0:1,Wayne Rooney,Dominic Calvert-Lewin,goal
ENG-Premier League,1718,2017-08-21 Manchester City-Everton,Manchester City,42’,0:1,Kyle Walker,,yellow_card
ENG-Premier League,1718,2017-08-21 Manchester City-Everton,Manchester City,44’,0:1,Kyle Walker,,yellow_red_card
ENG-Premier League,1718,2017-08-21 Manchester City-Everton,Manchester City,46’,0:1,Raheem Sterling,Gabriel Jesus,substitute_in
ENG-Premier League,1718,2017-08-21 Manchester City-Everton,Everton,61’,0:1,Davy Klaassen,Ashley Williams,substitute_in
ENG-Premier League,1718,2017-08-21 Manchester City-Everton,Everton,61’,0:1,Gylfi Sigurðsson,Tom Davies,substitute_in
ENG-Premier League,1718,2017-08-21 Manchester City-Everton,Manchester City,65’,0:1,Danilo,John Stones,substitute_in
ENG-Premier League,1718,2017-08-21 Manchester City-Everton,Manchester City,69’,0:1,Bernardo Silva,Leroy Sané,substitute_in
ENG-Premier League,1718,2017-08-21 Manchester City-Everton,Manchester City,78’,0:1,Vincent Kompany,,yellow_card
ENG-Premier League,1718,2017-08-21 Manchester City-Everton,Everton,7’,0:0,Morgan Schneiderlin,,yellow_card
ENG-Premier League,1718,2017-08-21 Manchester City-Everton,Manchester City,82’,1:1,Raheem Sterling,,goal
ENG-Premier League,1718,2017-08-21 Manchester City-Everton,Everton,84’,1:1,Wayne Rooney,,yellow_card
ENG-Premier League,1718,2017-08-21 Manchester City-Everton,Everton,88’,1:1,Morgan Schneiderlin,,yellow_red_card
ENG-Premier League,1718,2017-08-21 Manchester City-Everton,Everton,90’,1:1,Muhamed Bešić,Wayne Rooney,substitute_in
ENG-Premier League,1718,2017-11-04 Swansea City-Brighton,Swansea City,29’,0:0,Federico Fernández,,yellow_card
ENG-Premier League,1718,2017-11-04 Swansea City-Brighton,Brighton & Hove Albion,29’,0:1,Glenn Murray,Anthony Knockaert,goal
ENG-Premier League,1718,2017-11-04 Swansea City-Brighton,Brighton & Hove Albion,37’,0:1,Lewis Dunk,,yellow_card
ENG-Premier League,1718,2017-11-04 Swansea City-Brighton,Swansea City,59’,0:1,Luciano Narsingh,Tom Carroll,substitute_in
ENG-Premier League,1718,2017-11-04 Swansea City-Brighton,Swansea City,66’,0:1,Sam Clucas,,yellow_card
ENG-Premier League,1718,2017-11-04 Swansea City-Brighton,Brighton & Hove Albion,66’,0:1,Solly March,José Izquierdo,substitute_in
ENG-Premier League,1718,2017-11-04 Swansea City-Brighton,Swansea City,79’,0:1,Wayne Routledge,Sam Clucas,substitute_in
ENG-Premier League,1718,2017-11-04 Swansea City-Brighton,Swansea City,79’,0:1,Oliver McBurnie,Jordan Ayew,substitute_in
ENG-Premier League,1718,2017-11-04 Swansea City-Brighton,Brighton & Hove Albion,79’,0:1,Tomer Hemed,Glenn Murray,substitute_in
ENG-Premier League,1718,2017-11-04 Swansea City-Brighton,Brighton & Hove Albion,85’,0:1,Izzy Brown,Pascal Groß,substitute_in
ENG-Premier League,1718,2018-01-01 Brighton-Bournemouth,Bournemouth,33’,1:1,Steve Cook,Jordon Ibe,goal
ENG-Premier League,1718,2018-01-01 Brighton-Bournemouth,Brighton & Hove Albion,48’,2:1,Glenn Murray,José Izquierdo,goal
ENG-Premier League,1718,2018-01-01 Brighton-Bournemouth,Brighton & Hove Albion,5’,1:0,Anthony Knockaert,José Izquierdo,goal
ENG-Premier League,1718,2018-01-01 Brighton-Bournemouth,Bournemouth,60’,2:1,Nathan Aké,Marc Pugh,substitute_in
ENG-Premier League,1718,2018-01-01 Brighton-Bournemouth,Bournemouth,66’,2:1,Lys Mousset,Benik Afobe,substitute_in
ENG-Premier League,1718,2018-01-01 Brighton-Bournemouth,Bournemouth,71’,2:1,Dan Gosling,Harry Arter,substitute_in
ENG-Premier League,1718,2018-01-01 Brighton-Bournemouth,Brighton & Hove Albion,77’,2:1,Bruno,Ezequiel Schelotto,substitute_in
ENG-Premier League,1718,2018-01-01 Brighton-Bournemouth,Bournemouth,79’,2:2,Callum Wilson,Adam Smith,goal
ENG-Premier League,1718,2018-01-01 Brighton-Bournemouth,Brighton & Hove Albion,81’,2:2,Davy Pröpper,,yellow_card
ENG-Premier League,1718,2018-01-01 Brighton-Bournemouth,Brighton & Hove Albion,88’,2:2,Izzy Brown,Pascal Groß,substitute_in
ENG-Premier League,1718,2018-01-01 Brighton-Bournemouth,Bournemouth,88’,2:2,Simon Francis,,yellow_card
ENG-Premier League,1718,2018-01-01 Brighton-Bournemouth,Brighton & Hove Albion,90’,2:2,Glenn Murray,,yellow_card
ENG-Premier League,1718,2017-12-16 Brighton-Burnley,Brighton & Hove Albion,36’,0:0,Glenn Murray,,penalty_miss
ENG-Premier League,1718,2017-12-16 Brighton-Burnley,Burnley,48’,0:0,Charlie Taylor,,yellow_card
ENG-Premier League,1718,2017-12-16 Brighton-Burnley,Brighton & Hove Albion,63’,0:0,Tomer Hemed,Glenn Murray,substitute_in
ENG-Premier League,1718,2017-12-16 Brighton-Burnley,Brighton & Hove Albion,68’,0:0,Solly March,,yellow_card
ENG-Premier League,1718,2017-12-16 Brighton-Burnley,Burnley,68’,0:0,Ashley Barnes,Steven Defour,substitute_in
ENG-Premier League,1718,2017-12-16 Brighton-Burnley,Burnley,72’,0:0,Ashley Barnes,,yellow_card
ENG-Premier League,1718,2017-12-16 Brighton-Burnley,Brighton & Hove Albion,75’,0:0,Izzy Brown,Pascal Groß,substitute_in
ENG-Premier League,1718,2017-12-16 Brighton-Burnley,Brighton & Hove Albion,77’,0:0,Dale Stephens,,yellow_card
ENG-Premier League,1718,2017-12-16 Brighton-Burnley,Burnley,81’,0:0,Sam Vokes,Chris Wood,substitute_in
ENG-Premier League,1718,2017-12-16 Brighton-Burnley,Brighton & Hove Albion,83’,0:0,José Izquierdo,Anthony Knockaert,substitute_in
ENG-Premier League,1718,2017-12-16 Brighton-Burnley,Brighton & Hove Albion,87’,0:0,Lewis Dunk,,yellow_card
ENG-Premier League,1718,2017-12-16 Brighton-Burnley,Brighton & Hove Albion,90+3’,0:0,Shane Duffy,,yellow_card
ENG-Premier League,1718,2017-09-30 Stoke City-Southampton,Stoke City,30’,0:0,Joe Allen,,yellow_card
ENG-Premier League,1718,2017-09-30 Stoke City-Southampton,Stoke City,40’,1:0,Mame Biram Diouf,Xherdan Shaqiri,goal
ENG-Premier League,1718,2017-09-30 Stoke City-Southampton,Stoke City,43’,1:0,Saido Berahino,Fraser Forster,penalty_miss
ENG-Premier League,1718,2017-09-30 Stoke City-Southampton,Southampton,52’,1:0,Dušan Tadić,,yellow_card
ENG-Premier League,1718,2017-09-30 Stoke City-Southampton,Southampton,56’,1:0,Oriol Romeu,,yellow_card
ENG-Premier League,1718,2017-09-30 Stoke City-Southampton,Southampton,61’,1:0,Sofiane Boufal,Steven Davis,substitute_in
ENG-Premier League,1718,2017-09-30 Stoke City-Southampton,Southampton,67’,1:0,Manolo Gabbiadini,Nathan Redmond,substitute_in
ENG-Premier League,1718,2017-09-30 Stoke City-Southampton,Stoke City,70’,1:0,Peter Crouch,Saido Berahino,substitute_in
ENG-Premier League,1718,2017-09-30 Stoke City-Southampton,Southampton,75’,1:1,Maya Yoshida,Shane Long,goal
ENG-Premier League,1718,2017-09-30 Stoke City-Southampton,Stoke City,85’,2:1,Peter Crouch,Eric Maxim Choupo-Moting,goal
ENG-Premier League,1718,2017-09-30 Stoke City-Southampton,Southampton,86’,2:1,Charlie Austin,Mario Lemina,substitute_in
ENG-Premier League,1718,2017-09-30 Stoke City-Southampton,Stoke City,87’,2:1,Ibrahim Afellay,Xherdan Shaqiri,substitute_in
ENG-Premier League,1718,2017-09-30 Stoke City-Southampton,Stoke City,90+3’,2:1,Glen Johnson,Mame Biram Diouf,substitute_in
ENG-Premier League,1718,2018-01-13 Crystal Palace-Burnley,Crystal Palace,21’,1:0,Bakary Sako,Christian Benteke,goal
ENG-Premier League,1718,2018-01-13 Crystal Palace-Burnley,Burnley,42’,1:0,Steven Defour,,yellow_card
ENG-Premier League,1718,2018-01-13 Crystal Palace-Burnley,Burnley,63’,1:0,Georges-Kévin N'Koudou,Jeff Hendrick,substitute_in
ENG-Premier League,1718,2018-01-13 Crystal Palace-Burnley,Burnley,83’,1:0,Phil Bardsley,,yellow_card
ENG-Premier League,1718,2018-01-13 Crystal Palace-Burnley,Burnley,85’,1:0,Charlie Taylor,,yellow_card
ENG-Premier League,1718,2018-01-13 Crystal Palace-Burnley,Burnley,85’,1:0,Nahki Wells,Jóhann Berg Guðmundsson,substitute_in
ENG-Premier League,1718,2018-05-13 Burnley-Bournemouth,Burnley,39’,1:0,Chris Wood,Ashley Westwood,goal
ENG-Premier League,1718,2018-05-13 Burnley-Bournemouth,Bournemouth,59’,1:0,Dan Gosling,Emerson Hyndman,substitute_in
ENG-Premier League,1718,2018-05-13 Burnley-Bournemouth,Bournemouth,59’,1:0,Callum Wilson,Lys Mousset,substitute_in
ENG-Premier League,1718,2018-05-13 Burnley-Bournemouth,Burnley,61’,1:0,Sam Vokes,Chris Wood,substitute_in
ENG-Premier League,1718,2018-05-13 Burnley-Bournemouth,Bournemouth,66’,1:0,Jermain Defoe,Tyrone Mings,substitute_in
ENG-Premier League,1718,2018-05-13 Burnley-Bournemouth,Bournemouth,74’,1:1,Joshua King,Charlie Daniels,goal
ENG-Premier League,1718,2018-05-13 Burnley-Bournemouth,Burnley,80’,1:1,Nahki Wells,Jóhann Berg Guðmundsson,substitute_in
ENG-Premier League,1718,2018-05-13 Burnley-Bournemouth,Bournemouth,90+3’,1:2,Callum Wilson,Jermain Defoe,goal
ENG-Premier League,1718,2018-05-13 Burnley-Bournemouth,Burnley,90+4’,1:2,Dwight McNeil,Aaron Lennon,substitute_in
ENG-Premier League,1718,2018-02-12 Chelsea-West Brom,Chelsea,25’,1:0,Eden Hazard,Olivier Giroud,goal
ENG-Premier League,1718,2018-02-12 Chelsea-West Brom,West Bromwich Albion,45+3’,1:0,Jonny Evans,,yellow_card
ENG-Premier League,1718,2018-02-12 Chelsea-West Brom,West Bromwich Albion,46’,1:0,Oliver Burke,Chris Brunt,substitute_in
ENG-Premier League,1718,2018-02-12 Chelsea-West Brom,West Bromwich Albion,49’,1:0,Kieran Gibbs,,yellow_card
ENG-Premier League,1718,2018-02-12 Chelsea-West Brom,West Bromwich Albion,4’,0:0,Jay Rodriguez,Daniel Sturridge,substitute_in
ENG-Premier League,1718,2018-02-12 Chelsea-West Brom,Chelsea,61’,1:0,Álvaro Morata,Olivier Giroud,substitute_in
ENG-Premier League,1718,2018-02-12 Chelsea-West Brom,Chelsea,63’,2:0,Victor Moses,,goal
ENG-Premier League,1718,2018-02-12 Chelsea-West Brom,Chelsea,71’,3:0,Eden Hazard,Álvaro Morata,goal
ENG-Premier League,1718,2018-02-12 Chelsea-West Brom,Chelsea,74’,3:0,Gary Cahill,Andreas Christensen,substitute_in
ENG-Premier League,1718,2018-02-12 Chelsea-West Brom,Chelsea,80’,3:0,Willian,Pedro,substitute_in
ENG-Premier League,1718,2018-02-12 Chelsea-West Brom,West Bromwich Albion,80’,3:0,Claudio Yacob,Gareth Barry,substitute_in
ENG-Premier League,1718,2018-01-14 Liverpool-Manchester City,Manchester City,31’,1:0,Danilo,Fabian Delph,substitute_in
ENG-Premier League,1718,2018-01-14 Liverpool-Manchester City,Manchester City,40’,1:1,Leroy Sané,Kyle Walker,goal
ENG-Premier League,1718,2018-01-14 Liverpool-Manchester City,Liverpool,59’,2:1,Roberto Firmino,Alex Oxlade-Chamberlain,goal
ENG-Premier League,1718,2018-01-14 Liverpool-Manchester City,Liverpool,60’,2:1,Roberto Firmino,,yellow_card
ENG-Premier League,1718,2018-01-14 Liverpool-Manchester City,Liverpool,61’,3:1,Sadio Mané,Mohamed Salah,goal
ENG-Premier League,1718,2018-01-14 Liverpool-Manchester City,Manchester City,65’,3:1,Nicolás Otamendi,,yellow_card
ENG-Premier League,1718,2018-01-14 Liverpool-Manchester City,Liverpool,68’,4:1,Mohamed Salah,,goal
ENG-Premier League,1718,2018-01-14 Liverpool-Manchester City,Manchester City,69’,4:1,Raheem Sterling,,yellow_card
ENG-Premier League,1718,2018-01-14 Liverpool-Manchester City,Manchester City,71’,4:1,Bernardo Silva,Raheem Sterling,substitute_in
ENG-Premier League,1718,2018-01-14 Liverpool-Manchester City,Manchester City,72’,4:1,Fernandinho,,yellow_card
ENG-Premier League,1718,2018-01-14 Liverpool-Manchester City,Liverpool,79’,4:1,James Milner,Emre Can,substitute_in
ENG-Premier League,1718,2018-01-14 Liverpool-Manchester City,Manchester City,84’,4:2,Bernardo Silva,,goal
ENG-Premier League,1718,2018-01-14 Liverpool-Manchester City,Liverpool,88’,4:2,Adam Lallana,Mohamed Salah,substitute_in
ENG-Premier League,1718,2018-01-14 Liverpool-Manchester City,Manchester City,90+1’,4:3,İlkay Gündoğan,Sergio Agüero,goal
ENG-Premier League,1718,2018-01-14 Liverpool-Manchester City,Liverpool,90+3’,4:3,James Milner,,yellow_card
ENG-Premier League,1718,2018-01-14 Liverpool-Manchester City,Liverpool,90+4’,4:3,Ragnar Klavan,Sadio Mané,substitute_in
ENG-Premier League,1718,2018-01-14 Liverpool-Manchester City,Liverpool,9’,1:0,Alex Oxlade-Chamberlain,Roberto Firmino,goal
ENG-Premier League,1718,2018-02-04 Liverpool-Tottenham Hotspur,Liverpool,3’,1:0,Mohamed Salah,,goal
ENG-Premier League,1718,2018-02-04 Liverpool-Tottenham Hotspur,Liverpool,42’,1:0,Trent Alexander-Arnold,,yellow_card
ENG-Premier League,1718,2018-02-04 Liverpool-Tottenham Hotspur,Liverpool,58’,1:0,James Milner,,yellow_card
ENG-Premier League,1718,2018-02-04 Liverpool-Tottenham Hotspur,Liverpool,65’,1:0,Alex Oxlade-Chamberlain,Sadio Mané,substitute_in
ENG-Premier League,1718,2018-02-04 Liverpool-Tottenham Hotspur,Liverpool,65’,1:0,Georginio Wijnaldum,Jordan Henderson,substitute_in
ENG-Premier League,1718,2018-02-04 Liverpool-Tottenham Hotspur,Tottenham Hotspur,69’,1:0,Dele Alli,,yellow_card
ENG-Premier League,1718,2018-02-04 Liverpool-Tottenham Hotspur,Tottenham Hotspur,71’,1:0,Érik Lamela,Davinson Sánchez,substitute_in
ENG-Premier League,1718,2018-02-04 Liverpool-Tottenham Hotspur,Liverpool,78’,1:0,Joël Matip,James Milner,substitute_in
ENG-Premier League,1718,2018-02-04 Liverpool-Tottenham Hotspur,Tottenham Hotspur,79’,1:0,Victor Wanyama,Mousa Dembélé,substitute_in
ENG-Premier League,1718,2018-02-04 Liverpool-Tottenham Hotspur,Tottenham Hotspur,80’,1:1,Victor Wanyama,,goal
ENG-Premier League,1718,2018-02-04 Liverpool-Tottenham Hotspur,Tottenham Hotspur,87’,1:1,Harry Kane,Loris Karius,penalty_miss
ENG-Premier League,1718,2018-02-04 Liverpool-Tottenham Hotspur,Liverpool,90+1’,2:1,Mohamed Salah,,goal
ENG-Premier League,1718,2018-02-04 Liverpool-Tottenham Hotspur,Tottenham Hotspur,90+2’,2:1,Fernando Llorente,Son Heung-min,substitute_in
ENG-Premier League,1718,2018-02-04 Liverpool-Tottenham Hotspur,Tottenham Hotspur,90+5’,2:2,Harry Kane,,penalty_goal
ENG-Premier League,1718,2018-02-04 Liverpool-Tottenham Hotspur,Liverpool,90+6’,2:2,Emre Can,,yellow_card
ENG-Premier League,1718,2017-11-18 West Brom-Chelsea,Chelsea,17’,0:1,Álvaro Morata,,goal
ENG-Premier League,1718,2017-11-18 West Brom-Chelsea,Chelsea,19’,0:1,Eden Hazard,,yellow_card
ENG-Premier League,1718,2017-11-18 West Brom-Chelsea,Chelsea,23’,0:2,Eden Hazard,Álvaro Morata,goal
ENG-Premier League,1718,2017-11-18 West Brom-Chelsea,Chelsea,38’,0:3,Marcos Alonso,Cesc Fàbregas,goal
ENG-Premier League,1718,2017-11-18 West Brom-Chelsea,West Bromwich Albion,46’,0:3,Claudio Yacob,Grzegorz Krychowiak,substitute_in
ENG-Premier League,1718,2017-11-18 West Brom-Chelsea,Chelsea,50’,0:3,Cesc Fàbregas,,yellow_card
ENG-Premier League,1718,2017-11-18 West Brom-Chelsea,West Bromwich Albion,54’,0:3,Salomón Rondón,,yellow_card
ENG-Premier League,1718,2017-11-18 West Brom-Chelsea,Chelsea,62’,0:4,Eden Hazard,Cesc Fàbregas,goal
ENG-Premier League,1718,2017-11-18 West Brom-Chelsea,Chelsea,67’,0:4,Danny Drinkwater,Cesc Fàbregas,substitute_in
ENG-Premier League,1718,2017-11-18 West Brom-Chelsea,West Bromwich Albion,70’,0:4,Oliver Burke,Jay Rodriguez,substitute_in
ENG-Premier League,1718,2017-11-18 West Brom-Chelsea,Chelsea,71’,0:4,Pedro,Eden Hazard,substitute_in
ENG-Premier League,1718,2017-11-18 West Brom-Chelsea,Chelsea,77’,0:4,Willian,N'Golo Kanté,substitute_in
ENG-Premier League,1718,2017-11-18 West Brom-Chelsea,West Bromwich Albion,84’,0:4,James McClean,Matt Phillips,substitute_in
ENG-Premier League,1718,2017-11-18 West Brom-Chelsea,West Bromwich Albion,88’,0:4,Claudio Yacob,,yellow_card
ENG-Premier League,1718,2017-11-18 West Brom-Chelsea,Chelsea,90’,0:4,Álvaro Morata,,yellow_card
ENG-Premier League,1718,2017-11-28 Leicester City-Tottenham Hotspur,Leicester City,13’,1:0,Jamie Vardy,Marc Albrighton,goal
ENG-Premier League,1718,2017-11-28 Leicester City-Tottenham Hotspur,Tottenham Hotspur,20’,1:0,Jan Vertonghen,,yellow_card
ENG-Premier League,1718,2017-11-28 Leicester City-Tottenham Hotspur,Leicester City,45+1’,2:0,Riyad Mahrez,Wilfred Ndidi,goal
ENG-Premier League,1718,2017-11-28 Leicester City-Tottenham Hotspur,Tottenham Hotspur,57’,2:0,Son Heung-min,Moussa Sissoko,substitute_in
ENG-Premier League,1718,2017-11-28 Leicester City-Tottenham Hotspur,Tottenham Hotspur,69’,2:0,Fernando Llorente,Mousa Dembélé,substitute_in
ENG-Premier League,1718,2017-11-28 Leicester City-Tottenham Hotspur,Leicester City,77’,2:0,Demarai Gray,Riyad Mahrez,substitute_in
ENG-Premier League,1718,2017-11-28 Leicester City-Tottenham Hotspur,Tottenham Hotspur,77’,2:0,Érik Lamela,Christian Eriksen,substitute_in
ENG-Premier League,1718,2017-11-28 Leicester City-Tottenham Hotspur,Tottenham Hotspur,79’,2:1,Harry Kane,Érik Lamela,goal
ENG-Premier League,1718,2017-11-28 Leicester City-Tottenham Hotspur,Leicester City,83’,2:1,Hamza Choudhury,Shinji Okazaki,substitute_in
ENG-Premier League,1718,2017-11-28 Leicester City-Tottenham Hotspur,Leicester City,88’,2:1,Islam Slimani,Jamie Vardy,substitute_in
ENG-Premier League,1718,2017-11-28 Leicester City-Tottenham Hotspur,Tottenham Hotspur,89’,2:1,Érik Lamela,,yellow_card
ENG-Premier League,1718,2017-11-28 Leicester City-Tottenham Hotspur,Leicester City,90+5’,2:1,Kasper Schmeichel,,yellow_card
ENG-Premier League,1718,2017-12-23 Swansea City-Crystal Palace,Swansea City,32’,0:0,Federico Fernández,,yellow_card
ENG-Premier League,1718,2017-12-23 Swansea City-Crystal Palace,Crystal Palace,34’,0:0,Wilfried Zaha,,yellow_card
ENG-Premier League,1718,2017-12-23 Swansea City-Crystal Palace,Crystal Palace,51’,0:0,James McArthur,,yellow_card
ENG-Premier League,1718,2017-12-23 Swansea City-Crystal Palace,Crystal Palace,59’,0:1,Luka Milivojević,,penalty_goal
ENG-Premier League,1718,2017-12-23 Swansea City-Crystal Palace,Crystal Palace,62’,0:1,Luka Milivojević,,yellow_card
ENG-Premier League,1718,2017-12-23 Swansea City-Crystal Palace,Swansea City,66’,0:1,Jordan Ayew,Luciano Narsingh,substitute_in
ENG-Premier League,1718,2017-12-23 Swansea City-Crystal Palace,Crystal Palace,76’,0:1,Bakary Sako,Yohan Cabaye,substitute_in
ENG-Premier League,1718,2017-12-23 Swansea City-Crystal Palace,Swansea City,77’,1:1,Jordan Ayew,Tom Carroll,goal
ENG-Premier League,1718,2017-12-23 Swansea City-Crystal Palace,Swansea City,80’,1:1,Àngel Rangel,Kyle Naughton,substitute_in
ENG-Premier League,1718,2017-12-23 Swansea City-Crystal Palace,Swansea City,85’,1:1,Roque Mesa,,yellow_card
ENG-Premier League,1718,2017-12-23 Swansea City-Crystal Palace,Crystal Palace,85’,1:1,Patrick van Aanholt,Andros Townsend,substitute_in
ENG-Premier League,1718,2017-12-23 Swansea City-Crystal Palace,Swansea City,89’,1:1,Jay Fulton,Roque Mesa,substitute_in
ENG-Premier League,1718,2017-12-02 West Brom-Crystal Palace,West Bromwich Albion,30’,0:0,Claudio Yacob,Gareth Barry,substitute_in
ENG-Premier League,1718,2017-12-02 West Brom-Crystal Palace,West Bromwich Albion,64’,0:0,Jake Livermore,,yellow_card
ENG-Premier League,1718,2017-12-02 West Brom-Crystal Palace,West Bromwich Albion,72’,0:0,James McClean,Hal Robson-Kanu,substitute_in
ENG-Premier League,1718,2017-12-02 West Brom-Crystal Palace,Crystal Palace,76’,0:0,Joel Ward,,yellow_card
ENG-Premier League,1718,2017-12-02 West Brom-Crystal Palace,Crystal Palace,87’,0:0,Bakary Sako,Andros Townsend,substitute_in
ENG-Premier League,1718,2017-12-02 West Brom-Crystal Palace,West Bromwich Albion,90+1’,0:0,Oliver Burke,Jay Rodriguez,substitute_in
ENG-Premier League,1718,2017-12-02 West Brom-Crystal Palace,West Bromwich Albion,90+2’,0:0,Sam Field,,yellow_card
ENG-Premier League,1718,2017-12-02 West Brom-Crystal Palace,West Bromwich Albion,90+4’,0:0,Allan Nyom,,yellow_card
ENG-Premier League,1718,2017-12-09 Crystal Palace-Bournemouth,Bournemouth,10’,0:1,Jermain Defoe,Andrew Surman,goal
ENG-Premier League,1718,2017-12-09 Crystal Palace-Bournemouth,Crystal Palace,25’,0:1,Scott Dann,Mamadou Sakho,substitute_in
ENG-Premier League,1718,2017-12-09 Crystal Palace-Bournemouth,Crystal Palace,30’,0:1,James Tomkins,,yellow_card
ENG-Premier League,1718,2017-12-09 Crystal Palace-Bournemouth,Crystal Palace,34’,0:1,Luka Milivojević,,yellow_card
ENG-Premier League,1718,2017-12-09 Crystal Palace-Bournemouth,Bournemouth,40’,0:1,Asmir Begović,,yellow_card
ENG-Premier League,1718,2017-12-09 Crystal Palace-Bournemouth,Crystal Palace,41’,1:1,Luka Milivojević,,penalty_goal
ENG-Premier League,1718,2017-12-09 Crystal Palace-Bournemouth,Crystal Palace,44’,2:1,Scott Dann,Yohan Cabaye,goal
ENG-Premier League,1718,2017-12-09 Crystal Palace-Bournemouth,Bournemouth,45+3’,2:2,Jermain Defoe,Lewis Cook,goal
ENG-Premier League,1718,2017-12-09 Crystal Palace-Bournemouth,Crystal Palace,65’,2:2,James McArthur,Yohan Cabaye,substitute_in
ENG-Premier League,1718,2017-12-09 Crystal Palace-Bournemouth,Bournemouth,65’,2:2,Jordon Ibe,Junior Stanislas,substitute_in
ENG-Premier League,1718,2017-12-09 Crystal Palace-Bournemouth,Crystal Palace,71’,2:2,Wilfried Zaha,,yellow_card
ENG-Premier League,1718,2017-12-09 Crystal Palace-Bournemouth,Bournemouth,71’,2:2,Lewis Cook,,yellow_card
ENG-Premier League,1718,2017-12-09 Crystal Palace-Bournemouth,Crystal Palace,78’,2:2,Bakary Sako,Andros Townsend,substitute_in
ENG-Premier League,1718,2017-12-09 Crystal Palace-Bournemouth,Crystal Palace,79’,2:2,James McArthur,,yellow_card
ENG-Premier League,1718,2017-12-09 Crystal Palace-Bournemouth,Bournemouth,80’,2:2,Callum Wilson,Jermain Defoe,substitute_in
ENG-Premier League,1718,2017-12-09 Crystal Palace-Bournemouth,Crystal Palace,82’,2:2,Christian Benteke,,yellow_card
ENG-Premier League,1718,2017-12-09 Crystal Palace-Bournemouth,Bournemouth,87’,2:2,Benik Afobe,Ryan Fraser,substitute_in
ENG-Premier League,1718,2017-12-09 Crystal Palace-Bournemouth,Crystal Palace,90+3’,2:2,Christian Benteke,Asmir Begović,penalty_miss
ENG-Premier League,1718,2018-05-13 Crystal Palace-West Brom,West Bromwich Albion,45+2’,0:0,Chris Brunt,,yellow_card
ENG-Premier League,1718,2018-05-13 Crystal Palace-West Brom,Crystal Palace,48’,0:0,James Tomkins,,yellow_card
ENG-Premier League,1718,2018-05-13 Crystal Palace-West Brom,West Bromwich Albion,55’,0:0,Craig Dawson,,yellow_card
ENG-Premier League,1718,2018-05-13 Crystal Palace-West Brom,West Bromwich Albion,62’,0:0,Nacer Chadli,Grzegorz Krychowiak,substitute_in
ENG-Premier League,1718,2018-05-13 Crystal Palace-West Brom,Crystal Palace,68’,0:0,James McArthur,,yellow_card
ENG-Premier League,1718,2018-05-13 Crystal Palace-West Brom,Crystal Palace,68’,0:0,Christian Benteke,James McArthur,substitute_in
ENG-Premier League,1718,2018-05-13 Crystal Palace-West Brom,Crystal Palace,70’,1:0,Wilfried Zaha,Patrick van Aanholt,goal
ENG-Premier League,1718,2018-05-13 Crystal Palace-West Brom,West Bromwich Albion,71’,1:0,Hal Robson-Kanu,Salomón Rondón,substitute_in
ENG-Premier League,1718,2018-05-13 Crystal Palace-West Brom,West Bromwich Albion,73’,1:0,Daniel Sturridge,Jay Rodriguez,substitute_in
ENG-Premier League,1718,2018-05-13 Crystal Palace-West Brom,Crystal Palace,78’,2:0,Patrick van Aanholt,Andros Townsend,goal
ENG-Premier League,1718,2018-05-13 Crystal Palace-West Brom,West Bromwich Albion,81’,2:0,Kieran Gibbs,,yellow_card
ENG-Premier League,1718,2018-05-13 Crystal Palace-West Brom,Crystal Palace,82’,2:0,Pape Souaré,Patrick van Aanholt,substitute_in
ENG-Premier League,1718,2018-05-13 Crystal Palace-West Brom,Crystal Palace,85’,2:0,Lee Chung-yong,Andros Townsend,substitute_in
ENG-Premier League,1718,2018-01-20 Stoke City-Huddersfield Town,Huddersfield Town,34’,0:0,Jonathan Hogg,,yellow_card
ENG-Premier League,1718,2018-01-20 Stoke City-Huddersfield Town,Stoke City,53’,1:0,Joe Allen,Eric Maxim Choupo-Moting,goal
ENG-Premier League,1718,2018-01-20 Stoke City-Huddersfield Town,Huddersfield Town,56’,1:0,Collin Quaner,Tom Ince,substitute_in
ENG-Premier League,1718,2018-01-20 Stoke City-Huddersfield Town,Huddersfield Town,60’,1:0,Abdelhamid Sabiri,Alex Pritchard,substitute_in
ENG-Premier League,1718,2018-01-20 Stoke City-Huddersfield Town,Stoke City,69’,2:0,Mame Biram Diouf,Xherdan Shaqiri,goal
ENG-Premier League,1718,2018-01-20 Stoke City-Huddersfield Town,Stoke City,71’,2:0,Geoff Cameron,Charlie Adam,substitute_in
ENG-Premier League,1718,2018-01-20 Stoke City-Huddersfield Town,Stoke City,72’,2:0,Moritz Bauer,,yellow_card
ENG-Premier League,1718,2018-01-20 Stoke City-Huddersfield Town,Stoke City,77’,2:0,Peter Crouch,Mame Biram Diouf,substitute_in
ENG-Premier League,1718,2018-01-20 Stoke City-Huddersfield Town,Huddersfield Town,79’,2:0,Laurent Depoitre,Jonathan Hogg,substitute_in
ENG-Premier League,1718,2018-01-20 Stoke City-Huddersfield Town,Stoke City,90+4’,2:0,Ramadan Sobhi,Eric Maxim Choupo-Moting,substitute_in
ENG-Premier League,1718,2018-04-07 Leicester City-Newcastle United,Newcastle United,18’,0:1,Jonjo Shelvey,Ayoze Pérez,goal
ENG-Premier League,1718,2018-04-07 Leicester City-Newcastle United,Leicester City,21’,0:1,Harry Maguire,,yellow_card
ENG-Premier League,1718,2018-04-07 Leicester City-Newcastle United,Newcastle United,21’,0:1,Jamaal Lascelles,,yellow_card
ENG-Premier League,1718,2018-04-07 Leicester City-Newcastle United,Leicester City,42’,0:1,Hamza Choudhury,Vicente Iborra,substitute_in
ENG-Premier League,1718,2018-04-07 Leicester City-Newcastle United,Newcastle United,52’,0:1,Dwight Gayle,,yellow_card
ENG-Premier League,1718,2018-04-07 Leicester City-Newcastle United,Newcastle United,55’,0:1,Matt Ritchie,,yellow_card
ENG-Premier League,1718,2018-04-07 Leicester City-Newcastle United,Leicester City,57’,0:1,Shinji Okazaki,Danny Simpson,substitute_in
ENG-Premier League,1718,2018-04-07 Leicester City-Newcastle United,Newcastle United,64’,0:1,Christian Atsu,Kenedy,substitute_in
ENG-Premier League,1718,2018-04-07 Leicester City-Newcastle United,Newcastle United,70’,0:1,Joselu,Dwight Gayle,substitute_in
ENG-Premier League,1718,2018-04-07 Leicester City-Newcastle United,Newcastle United,75’,0:2,Ayoze Pérez,Florian Lejeune,goal
ENG-Premier League,1718,2018-04-07 Leicester City-Newcastle United,Leicester City,76’,0:2,Demarai Gray,Fousseni Diabaté,substitute_in
ENG-Premier League,1718,2018-04-07 Leicester City-Newcastle United,Newcastle United,81’,0:2,Isaac Hayden,Mohamed Diamé,substitute_in
ENG-Premier League,1718,2018-04-07 Leicester City-Newcastle United,Leicester City,83’,1:2,Jamie Vardy,Shinji Okazaki,goal
ENG-Premier League,1718,2018-04-22 Stoke City-Burnley,Stoke City,11’,1:0,Badou Ndiaye,Mame Biram Diouf,goal
ENG-Premier League,1718,2018-04-22 Stoke City-Burnley,Burnley,25’,1:0,Ashley Barnes,,yellow_card
ENG-Premier League,1718,2018-04-22 Stoke City-Burnley,Stoke City,59’,1:0,Kurt Zouma,Glen Johnson,substitute_in
ENG-Premier League,1718,2018-04-22 Stoke City-Burnley,Burnley,62’,1:1,Ashley Barnes,,goal
ENG-Premier League,1718,2018-04-22 Stoke City-Burnley,Stoke City,69’,1:1,Stephen Ireland,Moritz Bauer,substitute_in
ENG-Premier League,1718,2018-04-22 Stoke City-Burnley,Burnley,74’,1:1,Sam Vokes,Ashley Barnes,substitute_in
ENG-Premier League,1718,2018-04-22 Stoke City-Burnley,Stoke City,75’,1:1,Tyrese Campbell,Mame Biram Diouf,substitute_in
ENG-Premier League,1718,2018-04-22 Stoke City-Burnley,Burnley,79’,1:1,Jeff Hendrick,Aaron Lennon,substitute_in
ENG-Premier League,1718,2018-04-22 Stoke City-Burnley,Stoke City,85’,1:1,Erik Pieters,,yellow_card
ENG-Premier League,1718,2018-04-22 Stoke City-Burnley,Stoke City,90+1’,1:1,Badou Ndiaye,,yellow_card
ENG-Premier League,1718,2017-09-23 Leicester City-Liverpool,Liverpool,15’,0:1,Mohamed Salah,Philippe Coutinho,goal
ENG-Premier League,1718,2017-09-23 Leicester City-Liverpool,Leicester City,17’,0:1,Marc Albrighton,,yellow_card
ENG-Premier League,1718,2017-09-23 Leicester City-Liverpool,Leicester City,22’,0:1,Wilfred Ndidi,,yellow_card
ENG-Premier League,1718,2017-09-23 Leicester City-Liverpool,Liverpool,23’,0:2,Philippe Coutinho,,goal
ENG-Premier League,1718,2017-09-23 Leicester City-Liverpool,Liverpool,45+2’,0:2,Joël Matip,,yellow_card
ENG-Premier League,1718,2017-09-23 Leicester City-Liverpool,Leicester City,45+3’,1:2,Shinji Okazaki,Harry Maguire,goal
ENG-Premier League,1718,2017-09-23 Leicester City-Liverpool,Liverpool,56’,1:2,Dejan Lovren,,yellow_card
ENG-Premier League,1718,2017-09-23 Leicester City-Liverpool,Leicester City,61’,1:2,Demarai Gray,Riyad Mahrez,substitute_in
ENG-Premier League,1718,2017-09-23 Leicester City-Liverpool,Liverpool,64’,1:2,Daniel Sturridge,Roberto Firmino,substitute_in
ENG-Premier League,1718,2017-09-23 Leicester City-Liverpool,Liverpool,68’,1:3,Jordan Henderson,Daniel Sturridge,goal
ENG-Premier League,1718,2017-09-23 Leicester City-Liverpool,Leicester City,69’,2:3,Jamie Vardy,,goal
ENG-Premier League,1718,2017-09-23 Leicester City-Liverpool,Liverpool,72’,2:3,Simon Mignolet,,yellow_card
ENG-Premier League,1718,2017-09-23 Leicester City-Liverpool,Leicester City,73’,2:3,Jamie Vardy,Simon Mignolet,penalty_miss
ENG-Premier League,1718,2017-09-23 Leicester City-Liverpool,Leicester City,74’,2:3,Kelechi Iheanacho,Shinji Okazaki,substitute_in
ENG-Premier League,1718,2017-09-23 Leicester City-Liverpool,Liverpool,74’,2:3,James Milner,Emre Can,substitute_in
ENG-Premier League,1718,2017-09-23 Leicester City-Liverpool,Liverpool,79’,2:3,Alex Oxlade-Chamberlain,Philippe Coutinho,substitute_in
ENG-Premier League,1718,2017-09-23 Leicester City-Liverpool,Leicester City,80’,2:3,Islam Slimani,Marc Albrighton,substitute_in
ENG-Premier League,1718,2017-09-23 Leicester City-Liverpool,Leicester City,90+2’,2:3,Jamie Vardy,,yellow_card
ENG-Premier League,1718,2018-04-28 Southampton-Bournemouth,Southampton,25’,1:0,Dušan Tadić,Mario Lemina,goal
ENG-Premier League,1718,2018-04-28 Southampton-Bournemouth,Bournemouth,45+1’,1:1,Joshua King,Simon Francis,goal
ENG-Premier League,1718,2018-04-28 Southampton-Bournemouth,Southampton,47’,1:1,Jan Bednarek,,yellow_card
ENG-Premier League,1718,2018-04-28 Southampton-Bournemouth,Bournemouth,4’,0:0,Lewis Cook,,yellow_card
ENG-Premier League,1718,2018-04-28 Southampton-Bournemouth,Southampton,54’,2:1,Dušan Tadić,,goal
ENG-Premier League,1718,2018-04-28 Southampton-Bournemouth,Southampton,59’,2:1,Shane Long,Nathan Redmond,substitute_in
ENG-Premier League,1718,2018-04-28 Southampton-Bournemouth,Bournemouth,64’,2:1,Jordon Ibe,Lys Mousset,substitute_in
ENG-Premier League,1718,2018-04-28 Southampton-Bournemouth,Bournemouth,64’,2:1,Jermain Defoe,Callum Wilson,substitute_in
ENG-Premier League,1718,2018-04-28 Southampton-Bournemouth,Southampton,72’,2:1,Pierre Højbjerg,Charlie Austin,substitute_in
ENG-Premier League,1718,2018-04-28 Southampton-Bournemouth,Bournemouth,72’,2:1,Andrew Surman,Dan Gosling,substitute_in
ENG-Premier League,1718,2018-04-28 Southampton-Bournemouth,Southampton,87’,2:1,James Ward-Prowse,Dušan Tadić,substitute_in
ENG-Premier League,1718,2018-04-28 Southampton-Bournemouth,Southampton,89’,2:1,Maya Yoshida,,yellow_card
ENG-Premier League,1718,2018-04-28 Southampton-Bournemouth,Southampton,90+1’,2:1,Alex McCarthy,,yellow_card
ENG-Premier League,1718,2018-04-28 Southampton-Bournemouth,Southampton,90+2’,2:1,Cédric Soares,,yellow_card
ENG-Premier League,1718,2018-04-28 Southampton-Bournemouth,Southampton,90+5’,2:1,Pierre Højbjerg,,yellow_card
ENG-Premier League,1718,2018-03-03 Swansea City-West Ham United,West Ham United,27’,1:0,Sam Byram,Winston Reid,substitute_in
ENG-Premier League,1718,2018-03-03 Swansea City-West Ham United,Swansea City,32’,2:0,Mike van der Hoorn,Ki Sung-yueng,goal
ENG-Premier League,1718,2018-03-03 Swansea City-West Ham United,West Ham United,41’,2:0,Mark Noble,,yellow_card
ENG-Premier League,1718,2018-03-03 Swansea City-West Ham United,West Ham United,46’,2:0,Michail Antonio,Patrice Evra,substitute_in
ENG-Premier League,1718,2018-03-03 Swansea City-West Ham United,Swansea City,48’,3:0,Andy King,,goal
ENG-Premier League,1718,2018-03-03 Swansea City-West Ham United,Swansea City,63’,4:0,Jordan Ayew,,penalty_goal
ENG-Premier League,1718,2018-03-03 Swansea City-West Ham United,West Ham United,66’,4:0,Cheikhou Kouyaté,,yellow_card
ENG-Premier League,1718,2018-03-03 Swansea City-West Ham United,West Ham United,66’,4:0,Marko Arnautović,,yellow_card
ENG-Premier League,1718,2018-03-03 Swansea City-West Ham United,Swansea City,78’,4:1,Nathan Dyer,André Ayew,substitute_in
ENG-Premier League,1718,2018-03-03 Swansea City-West Ham United,West Ham United,78’,4:1,Michail Antonio,Aaron Cresswell,goal
ENG-Premier League,1718,2018-03-03 Swansea City-West Ham United,Swansea City,81’,4:1,Tom Carroll,Andy King,substitute_in
ENG-Premier League,1718,2018-03-03 Swansea City-West Ham United,Swansea City,8’,1:0,Ki Sung-yueng,André Ayew,goal
ENG-Premier League,1718,2018-03-03 Swansea City-West Ham United,Swansea City,90’,4:1,Tammy Abraham,Sam Clucas,substitute_in
ENG-Premier League,1718,2017-08-19 Southampton-West Ham United,Southampton,11’,1:0,Manolo Gabbiadini,Nathan Redmond,goal
ENG-Premier League,1718,2017-08-19 Southampton-West Ham United,Southampton,15’,1:0,Dušan Tadić,,yellow_card
ENG-Premier League,1718,2017-08-19 Southampton-West Ham United,West Ham United,33’,1:0,Marko Arnautović,,red_card
ENG-Premier League,1718,2017-08-19 Southampton-West Ham United,Southampton,38’,2:0,Dušan Tadić,,penalty_goal
ENG-Premier League,1718,2017-08-19 Southampton-West Ham United,West Ham United,45’,2:1,Javier Hernández,,goal
ENG-Premier League,1718,2017-08-19 Southampton-West Ham United,Southampton,65’,2:1,James Ward-Prowse,Mario Lemina,substitute_in
ENG-Premier League,1718,2017-08-19 Southampton-West Ham United,West Ham United,68’,2:1,Edimilson Fernandes,André Ayew,substitute_in
ENG-Premier League,1718,2017-08-19 Southampton-West Ham United,West Ham United,68’,2:1,Diafra Sakho,Michail Antonio,substitute_in
ENG-Premier League,1718,2017-08-19 Southampton-West Ham United,West Ham United,74’,2:2,Javier Hernández,,goal
ENG-Premier League,1718,2017-08-19 Southampton-West Ham United,West Ham United,76’,2:2,Pedro Obiang,Declan Rice,substitute_in
ENG-Premier League,1718,2017-08-19 Southampton-West Ham United,Southampton,80’,2:2,Charlie Austin,Manolo Gabbiadini,substitute_in
ENG-Premier League,1718,2017-08-19 Southampton-West Ham United,Southampton,80’,2:2,Shane Long,Steven Davis,substitute_in
ENG-Premier League,1718,2017-08-19 Southampton-West Ham United,Southampton,90+3’,3:2,Charlie Austin,,penalty_goal
ENG-Premier League,1718,2017-08-19 Southampton-West Ham United,West Ham United,90’,2:2,Pablo Zabaleta,,yellow_card
ENG-Premier League,1718,2017-10-28 Crystal Palace-West Ham United,Crystal Palace,11’,0:0,Timothy Fosu-Mensah,Patrick van Aanholt,substitute_in
ENG-Premier League,1718,2017-10-28 Crystal Palace-West Ham United,West Ham United,31’,0:1,Javier Hernández,Aaron Cresswell,goal
ENG-Premier League,1718,2017-10-28 Crystal Palace-West Ham United,West Ham United,37’,0:1,Pablo Zabaleta,,yellow_card
ENG-Premier League,1718,2017-10-28 Crystal Palace-West Ham United,West Ham United,43’,0:2,André Ayew,,goal
ENG-Premier League,1718,2017-10-28 Crystal Palace-West Ham United,West Ham United,46’,0:2,Arthur Masuaku,Aaron Cresswell,substitute_in
ENG-Premier League,1718,2017-10-28 Crystal Palace-West Ham United,Crystal Palace,50’,1:2,Luka Milivojević,,penalty_goal
ENG-Premier League,1718,2017-10-28 Crystal Palace-West Ham United,Crystal Palace,60’,1:2,Bakary Sako,Joel Ward,substitute_in
ENG-Premier League,1718,2017-10-28 Crystal Palace-West Ham United,West Ham United,62’,1:2,Michail Antonio,Pablo Zabaleta,substitute_in
ENG-Premier League,1718,2017-10-28 Crystal Palace-West Ham United,West Ham United,76’,1:2,Declan Rice,José Fonte,substitute_in
ENG-Premier League,1718,2017-10-28 Crystal Palace-West Ham United,Crystal Palace,84’,1:2,Scott Dann,,yellow_card
ENG-Premier League,1718,2017-10-28 Crystal Palace-West Ham United,West Ham United,85’,1:2,Arthur Masuaku,,yellow_card
ENG-Premier League,1718,2017-10-28 Crystal Palace-West Ham United,Crystal Palace,90+7’,2:2,Wilfried Zaha,Ruben Loftus-Cheek,goal
ENG-Premier League,1718,2018-01-31 Stoke City-Watford,Watford,18’,0:0,Christian Kabasele,,yellow_card
ENG-Premier League,1718,2018-01-31 Stoke City-Watford,Stoke City,21’,0:0,Charlie Adam,,yellow_card
ENG-Premier League,1718,2018-01-31 Stoke City-Watford,Stoke City,35’,0:0,Moritz Bauer,,yellow_card
ENG-Premier League,1718,2018-01-31 Stoke City-Watford,Watford,47’,0:0,José Holebas,,yellow_card
ENG-Premier League,1718,2018-01-31 Stoke City-Watford,Stoke City,52’,0:0,Mame Biram Diouf,,yellow_card
ENG-Premier League,1718,2018-01-31 Stoke City-Watford,Stoke City,59’,0:0,Erik Pieters,,yellow_card
ENG-Premier League,1718,2018-01-31 Stoke City-Watford,Stoke City,60’,0:0,Peter Crouch,Charlie Adam,substitute_in
ENG-Premier League,1718,2018-01-31 Stoke City-Watford,Watford,68’,0:0,Andre Gray,Richarlison,substitute_in
ENG-Premier League,1718,2018-01-31 Stoke City-Watford,Watford,72’,0:0,Roberto Pereyra,Tom Cleverley,substitute_in
ENG-Premier League,1718,2018-01-31 Stoke City-Watford,Stoke City,85’,0:0,Saido Berahino,Mame Biram Diouf,substitute_in
ENG-Premier League,1718,2018-01-31 Stoke City-Watford,Watford,88’,0:0,André Carrillo,Gerard Deulofeu,substitute_in
ENG-Premier League,1718,2018-01-31 Stoke City-Watford,Watford,90+2’,0:0,Abdoulaye Doucouré,,yellow_card
ENG-Premier League,1718,2018-03-10 Newcastle United-Southampton,Newcastle United,29’,2:0,Kenedy,Dwight Gayle,goal
ENG-Premier League,1718,2018-03-10 Newcastle United-Southampton,Newcastle United,2’,1:0,Kenedy,Jonjo Shelvey,goal
ENG-Premier League,1718,2018-03-10 Newcastle United-Southampton,Southampton,46’,2:0,Shane Long,Dušan Tadić,substitute_in
ENG-Premier League,1718,2018-03-10 Newcastle United-Southampton,Southampton,46’,2:0,Josh Sims,Mario Lemina,substitute_in
ENG-Premier League,1718,2018-03-10 Newcastle United-Southampton,Southampton,48’,2:0,Wesley Hoedt,,yellow_card
ENG-Premier League,1718,2018-03-10 Newcastle United-Southampton,Newcastle United,57’,3:0,Matt Ritchie,Jonjo Shelvey,goal
ENG-Premier League,1718,2018-03-10 Newcastle United-Southampton,Southampton,66’,3:0,Manolo Gabbiadini,Guido Carrillo,substitute_in
ENG-Premier League,1718,2018-03-10 Newcastle United-Southampton,Newcastle United,69’,3:0,Joselu,Dwight Gayle,substitute_in
ENG-Premier League,1718,2018-03-10 Newcastle United-Southampton,Southampton,69’,3:0,Jack Stephens,,yellow_card
ENG-Premier League,1718,2018-03-10 Newcastle United-Southampton,Newcastle United,78’,3:0,Christian Atsu,Kenedy,substitute_in
ENG-Premier League,1718,2018-03-10 Newcastle United-Southampton,Newcastle United,83’,3:0,Mikel Merino,Jonjo Shelvey,substitute_in
ENG-Premier League,1718,2017-12-30 Chelsea-Stoke City,Chelsea,23’,3:0,Pedro,Willian,goal
ENG-Premier League,1718,2017-12-30 Chelsea-Stoke City,Stoke City,27’,3:0,Mame Biram Diouf,,yellow_card
ENG-Premier League,1718,2017-12-30 Chelsea-Stoke City,Chelsea,3’,1:0,Antonio Rüdiger,Willian,goal
ENG-Premier League,1718,2017-12-30 Chelsea-Stoke City,Chelsea,52’,3:0,Pedro,,yellow_card
ENG-Premier League,1718,2017-12-30 Chelsea-Stoke City,Chelsea,57’,3:0,Davide Zappacosta,Victor Moses,substitute_in
ENG-Premier League,1718,2017-12-30 Chelsea-Stoke City,Chelsea,65’,3:0,Tiemoué Bakayoko,N'Golo Kanté,substitute_in
ENG-Premier League,1718,2017-12-30 Chelsea-Stoke City,Chelsea,71’,3:0,Michy Batshuayi,Álvaro Morata,substitute_in
ENG-Premier League,1718,2017-12-30 Chelsea-Stoke City,Stoke City,71’,3:0,Julien Ngoy,Ibrahim Afellay,substitute_in
ENG-Premier League,1718,2017-12-30 Chelsea-Stoke City,Chelsea,73’,4:0,Willian,,penalty_goal
ENG-Premier League,1718,2017-12-30 Chelsea-Stoke City,Stoke City,81’,4:0,Eric Maxim Choupo-Moting,Charlie Adam,substitute_in
ENG-Premier League,1718,2017-12-30 Chelsea-Stoke City,Chelsea,88’,5:0,Davide Zappacosta,,goal
ENG-Premier League,1718,2017-12-30 Chelsea-Stoke City,Chelsea,9’,2:0,Danny Drinkwater,,goal
ENG-Premier League,1718,2018-04-07 Manchester City-Manchester Utd,Manchester City,25’,1:0,Vincent Kompany,Leroy Sané,goal
ENG-Premier League,1718,2018-04-07 Manchester City-Manchester Utd,Manchester City,30’,2:0,İlkay Gündoğan,Raheem Sterling,goal
ENG-Premier League,1718,2018-04-07 Manchester City-Manchester Utd,Manchester United,37’,2:0,Ander Herrera,,yellow_card
ENG-Premier League,1718,2018-04-07 Manchester City-Manchester Utd,Manchester United,45’,2:0,Romelu Lukaku,,yellow_card
ENG-Premier League,1718,2018-04-07 Manchester City-Manchester Utd,Manchester United,53’,2:1,Paul Pogba,Ander Herrera,goal
ENG-Premier League,1718,2018-04-07 Manchester City-Manchester Utd,Manchester United,55’,2:2,Paul Pogba,Alexis Sánchez,goal
ENG-Premier League,1718,2018-04-07 Manchester City-Manchester Utd,Manchester City,63’,2:2,Raheem Sterling,,yellow_card
ENG-Premier League,1718,2018-04-07 Manchester City-Manchester Utd,Manchester United,69’,2:3,Chris Smalling,Alexis Sánchez,goal
ENG-Premier League,1718,2018-04-07 Manchester City-Manchester Utd,Manchester City,72’,2:3,Gabriel Jesus,Bernardo Silva,substitute_in
ENG-Premier League,1718,2018-04-07 Manchester City-Manchester Utd,Manchester City,72’,2:3,Kevin De Bruyne,David Silva,substitute_in
ENG-Premier League,1718,2018-04-07 Manchester City-Manchester Utd,Manchester City,76’,2:3,Sergio Agüero,İlkay Gündoğan,substitute_in
ENG-Premier League,1718,2018-04-07 Manchester City-Manchester Utd,Manchester City,79’,2:3,Sergio Agüero,,yellow_card
ENG-Premier League,1718,2018-04-07 Manchester City-Manchester Utd,Manchester City,79’,2:3,Fernandinho,,yellow_card
ENG-Premier League,1718,2018-04-07 Manchester City-Manchester Utd,Manchester United,81’,2:3,Paul Pogba,,yellow_card
ENG-Premier League,1718,2018-04-07 Manchester City-Manchester Utd,Manchester United,82’,2:3,Marcus Rashford,Alexis Sánchez,substitute_in
ENG-Premier League,1718,2018-04-07 Manchester City-Manchester Utd,Manchester United,85’,2:3,Scott McTominay,Jesse Lingard,substitute_in
ENG-Premier League,1718,2018-04-07 Manchester City-Manchester Utd,Manchester City,90+1’,2:3,Danilo,,yellow_card
ENG-Premier League,1718,2018-04-07 Manchester City-Manchester Utd,Manchester City,90+2’,2:3,Vincent Kompany,,yellow_card
ENG-Premier League,1718,2018-04-07 Manchester City-Manchester Utd,Manchester City,90+3’,2:3,Gabriel Jesus,,yellow_card
ENG-Premier League,1718,2018-04-07 Manchester City-Manchester Utd,Manchester United,90+4’,2:3,Victor Lindelöf,Ander Herrera,substitute_in
ENG-Premier League,1718,2018-05-13 West Ham United-Everton,Everton,16’,0:0,Ramiro Funes Mori,,yellow_card
ENG-Premier League,1718,2018-05-13 West Ham United-Everton,West Ham United,21’,0:0,Edimilson Fernandes,Arthur Masuaku,substitute_in
ENG-Premier League,1718,2018-05-13 West Ham United-Everton,West Ham United,39’,1:0,Manuel Lanzini,Marko Arnautović,goal
ENG-Premier League,1718,2018-05-13 West Ham United-Everton,Everton,46’,1:0,Davy Klaassen,Ramiro Funes Mori,substitute_in
ENG-Premier League,1718,2018-05-13 West Ham United-Everton,Everton,61’,1:0,Theo Walcott,Cenk Tosun,substitute_in
ENG-Premier League,1718,2018-05-13 West Ham United-Everton,West Ham United,63’,2:0,Marko Arnautović,Edimilson Fernandes,goal
ENG-Premier League,1718,2018-05-13 West Ham United-Everton,Everton,74’,2:1,Oumar Niasse,,goal
ENG-Premier League,1718,2018-05-13 West Ham United-Everton,West Ham United,82’,3:1,Manuel Lanzini,Pablo Zabaleta,goal
ENG-Premier League,1718,2018-05-13 West Ham United-Everton,Everton,83’,3:1,Yannick Bolasie,Tom Davies,substitute_in
ENG-Premier League,1718,2018-05-13 West Ham United-Everton,West Ham United,86’,3:1,Pedro Obiang,Manuel Lanzini,substitute_in
ENG-Premier League,1718,2018-05-13 West Ham United-Everton,West Ham United,88’,3:1,James Collins,Aaron Cresswell,substitute_in
ENG-Premier League,1718,2017-12-10 Manchester Utd-Manchester City,Manchester United,36’,0:0,Marcos Rojo,,yellow_card
ENG-Premier League,1718,2017-12-10 Manchester Utd-Manchester City,Manchester City,43’,0:1,David Silva,,goal
ENG-Premier League,1718,2017-12-10 Manchester Utd-Manchester City,Manchester United,45+2’,1:1,Marcus Rashford,,goal
ENG-Premier League,1718,2017-12-10 Manchester Utd-Manchester City,Manchester United,46’,1:1,Victor Lindelöf,Marcos Rojo,substitute_in
ENG-Premier League,1718,2017-12-10 Manchester Utd-Manchester City,Manchester City,46’,1:1,İlkay Gündoğan,Vincent Kompany,substitute_in
ENG-Premier League,1718,2017-12-10 Manchester Utd-Manchester City,Manchester City,4’,0:0,Kyle Walker,,yellow_card
ENG-Premier League,1718,2017-12-10 Manchester Utd-Manchester City,Manchester City,54’,1:2,Nicolás Otamendi,,goal
ENG-Premier League,1718,2017-12-10 Manchester Utd-Manchester City,Manchester City,59’,1:2,Eliaquim Mangala,Gabriel Jesus,substitute_in
ENG-Premier League,1718,2017-12-10 Manchester Utd-Manchester City,Manchester United,63’,1:2,Marcus Rashford,,yellow_card
ENG-Premier League,1718,2017-12-10 Manchester Utd-Manchester City,Manchester City,73’,1:2,David Silva,,yellow_card
ENG-Premier League,1718,2017-12-10 Manchester Utd-Manchester City,Manchester United,76’,1:2,Zlatan Ibrahimović,Jesse Lingard,substitute_in
ENG-Premier League,1718,2017-12-10 Manchester Utd-Manchester City,Manchester United,79’,1:2,Ander Herrera,,yellow_card
ENG-Premier League,1718,2017-12-10 Manchester Utd-Manchester City,Manchester United,82’,1:2,Juan Mata,Ander Herrera,substitute_in
ENG-Premier League,1718,2017-12-10 Manchester Utd-Manchester City,Manchester City,88’,1:2,Bernardo Silva,Leroy Sané,substitute_in
ENG-Premier League,1718,2017-12-10 Manchester Utd-Manchester City,Manchester United,90’,1:2,Ashley Young,,yellow_card
ENG-Premier League,1718,2018-04-18 Bournemouth-Manchester Utd,Manchester United,28’,0:1,Chris Smalling,Jesse Lingard,goal
ENG-Premier League,1718,2018-04-18 Bournemouth-Manchester Utd,Bournemouth,49’,0:1,Lewis Cook,,yellow_card
ENG-Premier League,1718,2018-04-18 Bournemouth-Manchester Utd,Bournemouth,56’,0:1,Lys Mousset,Jordon Ibe,substitute_in
ENG-Premier League,1718,2018-04-18 Bournemouth-Manchester Utd,Manchester United,61’,0:1,Chris Smalling,,yellow_card
ENG-Premier League,1718,2018-04-18 Bournemouth-Manchester Utd,Bournemouth,62’,0:1,Steve Cook,,yellow_card
ENG-Premier League,1718,2018-04-18 Bournemouth-Manchester Utd,Manchester United,62’,0:1,Romelu Lukaku,Jesse Lingard,substitute_in
ENG-Premier League,1718,2018-04-18 Bournemouth-Manchester Utd,Bournemouth,68’,0:1,Andrew Surman,,yellow_card
ENG-Premier League,1718,2018-04-18 Bournemouth-Manchester Utd,Manchester United,70’,0:2,Romelu Lukaku,Paul Pogba,goal
ENG-Premier League,1718,2018-04-18 Bournemouth-Manchester Utd,Manchester United,72’,0:2,Nemanja Matić,Ander Herrera,substitute_in
ENG-Premier League,1718,2018-04-18 Bournemouth-Manchester Utd,Bournemouth,75’,0:2,Dan Gosling,Andrew Surman,substitute_in
ENG-Premier League,1718,2018-04-18 Bournemouth-Manchester Utd,Manchester United,80’,0:2,Daley Blind,Paul Pogba,substitute_in
ENG-Premier League,1718,2018-04-18 Bournemouth-Manchester Utd,Bournemouth,82’,0:2,Jermain Defoe,Joshua King,substitute_in
ENG-Premier League,1718,2018-02-11 Huddersfield Town-Bournemouth,Bournemouth,13’,1:1,Junior Stanislas,Ryan Fraser,goal
ENG-Premier League,1718,2018-02-11 Huddersfield Town-Bournemouth,Bournemouth,18’,1:1,Dan Gosling,,yellow_card
ENG-Premier League,1718,2018-02-11 Huddersfield Town-Bournemouth,Huddersfield Town,27’,2:1,Steve Mounié,Aaron Mooy,goal
ENG-Premier League,1718,2018-02-11 Huddersfield Town-Bournemouth,Huddersfield Town,52’,2:1,Terence Kongolo,Scott Malone,substitute_in
ENG-Premier League,1718,2018-02-11 Huddersfield Town-Bournemouth,Bournemouth,56’,2:1,Simon Francis,,yellow_card
ENG-Premier League,1718,2018-02-11 Huddersfield Town-Bournemouth,Bournemouth,58’,2:1,Joshua King,Jordon Ibe,substitute_in
ENG-Premier League,1718,2018-02-11 Huddersfield Town-Bournemouth,Huddersfield Town,65’,2:1,Collin Quaner,Tom Ince,substitute_in
ENG-Premier League,1718,2018-02-11 Huddersfield Town-Bournemouth,Bournemouth,65’,2:1,Lys Mousset,Junior Stanislas,substitute_in
ENG-Premier League,1718,2018-02-11 Huddersfield Town-Bournemouth,Huddersfield Town,66’,3:1,Steve Cook,,own_goal
ENG-Premier League,1718,2018-02-11 Huddersfield Town-Bournemouth,Bournemouth,70’,3:1,Adam Smith,Steve Cook,substitute_in
ENG-Premier League,1718,2018-02-11 Huddersfield Town-Bournemouth,Bournemouth,71’,3:1,Lys Mousset,,yellow_card
ENG-Premier League,1718,2018-02-11 Huddersfield Town-Bournemouth,Huddersfield Town,76’,3:1,Philip Billing,Aaron Mooy,substitute_in
ENG-Premier League,1718,2018-02-11 Huddersfield Town-Bournemouth,Huddersfield Town,7’,1:0,Alex Pritchard,Steve Mounié,goal
ENG-Premier League,1718,2018-02-11 Huddersfield Town-Bournemouth,Huddersfield Town,90+5’,4:1,Rajiv van La Parra,,penalty_goal
ENG-Premier League,1718,2018-01-01 Leicester City-Huddersfield Town,Leicester City,24’,0:0,Wes Morgan,,yellow_card
ENG-Premier League,1718,2018-01-01 Leicester City-Huddersfield Town,Leicester City,28’,0:0,Aleksandar Dragović,Wes Morgan,substitute_in
ENG-Premier League,1718,2018-01-01 Leicester City-Huddersfield Town,Leicester City,53’,1:0,Riyad Mahrez,Marc Albrighton,goal
ENG-Premier League,1718,2018-01-01 Leicester City-Huddersfield Town,Huddersfield Town,59’,1:0,Collin Quaner,Joe Lolley,substitute_in
ENG-Premier League,1718,2018-01-01 Leicester City-Huddersfield Town,Leicester City,60’,2:0,Islam Slimani,Riyad Mahrez,goal
ENG-Premier League,1718,2018-01-01 Leicester City-Huddersfield Town,Huddersfield Town,76’,2:0,Scott Malone,Chris Löwe,substitute_in
ENG-Premier League,1718,2018-01-01 Leicester City-Huddersfield Town,Leicester City,77’,2:0,Demarai Gray,Riyad Mahrez,substitute_in
ENG-Premier League,1718,2018-01-01 Leicester City-Huddersfield Town,Huddersfield Town,82’,2:0,Laurent Depoitre,Tommy Smith,substitute_in
ENG-Premier League,1718,2018-01-01 Leicester City-Huddersfield Town,Huddersfield Town,84’,2:0,Scott Malone,,yellow_card
ENG-Premier League,1718,2018-01-01 Leicester City-Huddersfield Town,Leicester City,86’,2:0,Adrien Silva,Matty James,substitute_in
ENG-Premier League,1718,2018-01-01 Leicester City-Huddersfield Town,Leicester City,90+2’,3:0,Marc Albrighton,,goal
ENG-Premier League,1718,2017-11-29 Arsenal-Huddersfield Town,Arsenal,3’,1:0,Alexandre Lacazette,Aaron Ramsey,goal
ENG-Premier League,1718,2017-11-29 Arsenal-Huddersfield Town,Arsenal,46’,1:0,Olivier Giroud,Alexandre Lacazette,substitute_in
ENG-Premier League,1718,2017-11-29 Arsenal-Huddersfield Town,Huddersfield Town,60’,1:0,Aaron Mooy,,yellow_card
ENG-Premier League,1718,2017-11-29 Arsenal-Huddersfield Town,Arsenal,68’,2:0,Olivier Giroud,Mesut Özil,goal
ENG-Premier League,1718,2017-11-29 Arsenal-Huddersfield Town,Arsenal,69’,3:0,Alexis Sánchez,Mesut Özil,goal
ENG-Premier League,1718,2017-11-29 Arsenal-Huddersfield Town,Arsenal,72’,4:0,Mesut Özil,Aaron Ramsey,goal
ENG-Premier League,1718,2017-11-29 Arsenal-Huddersfield Town,Arsenal,73’,4:0,Danny Welbeck,Alexis Sánchez,substitute_in
ENG-Premier League,1718,2017-11-29 Arsenal-Huddersfield Town,Arsenal,73’,4:0,Jack Wilshere,Aaron Ramsey,substitute_in
ENG-Premier League,1718,2017-11-29 Arsenal-Huddersfield Town,Huddersfield Town,74’,4:0,Danny Williams,Aaron Mooy,substitute_in
ENG-Premier League,1718,2017-11-29 Arsenal-Huddersfield Town,Huddersfield Town,74’,4:0,Laurent Depoitre,Steve Mounié,substitute_in
ENG-Premier League,1718,2017-11-29 Arsenal-Huddersfield Town,Huddersfield Town,78’,4:0,Dean Whitehead,Jonathan Hogg,substitute_in
ENG-Premier League,1718,2017-11-29 Arsenal-Huddersfield Town,Arsenal,87’,5:0,Olivier Giroud,Sead Kolašinac,goal
ENG-Premier League,1718,2018-01-13 Chelsea-Leicester City,Leicester City,18’,0:0,Matty James,,yellow_card
ENG-Premier League,1718,2018-01-13 Chelsea-Leicester City,Chelsea,33’,0:0,Andreas Christensen,Gary Cahill,substitute_in
ENG-Premier League,1718,2018-01-13 Chelsea-Leicester City,Chelsea,56’,0:0,N'Golo Kanté,,yellow_card
ENG-Premier League,1718,2018-01-13 Chelsea-Leicester City,Chelsea,58’,0:0,Pedro,Eden Hazard,substitute_in
ENG-Premier League,1718,2018-01-13 Chelsea-Leicester City,Chelsea,58’,0:0,Willian,Cesc Fàbregas,substitute_in
ENG-Premier League,1718,2018-01-13 Chelsea-Leicester City,Leicester City,61’,0:0,Shinji Okazaki,,yellow_card
ENG-Premier League,1718,2018-01-13 Chelsea-Leicester City,Leicester City,63’,0:0,Ben Chilwell,,yellow_card
ENG-Premier League,1718,2018-01-13 Chelsea-Leicester City,Leicester City,68’,0:0,Ben Chilwell,,yellow_red_card
ENG-Premier League,1718,2018-01-13 Chelsea-Leicester City,Leicester City,73’,0:0,Christian Fuchs,Shinji Okazaki,substitute_in
ENG-Premier League,1718,2018-01-13 Chelsea-Leicester City,Leicester City,82’,0:0,Demarai Gray,Jamie Vardy,substitute_in
ENG-Premier League,1718,2018-01-13 Chelsea-Leicester City,Chelsea,87’,0:0,Álvaro Morata,,yellow_card
ENG-Premier League,1718,2018-01-13 Chelsea-Leicester City,Leicester City,90’,0:0,Vicente Iborra,Matty James,substitute_in
ENG-Premier League,1718,2018-03-03 Leicester City-Bournemouth,Leicester City,20’,0:0,Ben Chilwell,Daniel Amartey,substitute_in
ENG-Premier League,1718,2018-03-03 Leicester City-Bournemouth,Bournemouth,35’,0:1,Joshua King,,penalty_goal
ENG-Premier League,1718,2018-03-03 Leicester City-Bournemouth,Leicester City,50’,0:1,Adrien Silva,,yellow_card
ENG-Premier League,1718,2018-03-03 Leicester City-Bournemouth,Leicester City,59’,0:1,Kelechi Iheanacho,Adrien Silva,substitute_in
ENG-Premier League,1718,2018-03-03 Leicester City-Bournemouth,Bournemouth,64’,0:1,Dan Gosling,,yellow_card
ENG-Premier League,1718,2018-03-03 Leicester City-Bournemouth,Bournemouth,77’,0:1,Andrew Surman,Callum Wilson,substitute_in
ENG-Premier League,1718,2018-03-03 Leicester City-Bournemouth,Leicester City,79’,0:1,Fousseni Diabaté,Christian Fuchs,substitute_in
ENG-Premier League,1718,2018-03-03 Leicester City-Bournemouth,Bournemouth,90+1’,0:1,Lys Mousset,Joshua King,substitute_in
ENG-Premier League,1718,2018-03-03 Leicester City-Bournemouth,Leicester City,90+4’,0:1,Kasper Schmeichel,,yellow_card
ENG-Premier League,1718,2018-03-03 Leicester City-Bournemouth,Leicester City,90+7’,1:1,Riyad Mahrez,,goal
ENG-Premier League,1718,2017-08-27 Chelsea-Everton,Chelsea,27’,1:0,Cesc Fàbregas,Álvaro Morata,goal
ENG-Premier League,1718,2017-08-27 Chelsea-Everton,Chelsea,40’,2:0,Álvaro Morata,César Azpilicueta,goal
ENG-Premier League,1718,2017-08-27 Chelsea-Everton,Everton,46’,2:0,Muhamed Bešić,Tom Davies,substitute_in
ENG-Premier League,1718,2017-08-27 Chelsea-Everton,Everton,62’,2:0,Dominic Calvert-Lewin,Sandro Ramírez,substitute_in
ENG-Premier League,1718,2017-08-27 Chelsea-Everton,Everton,71’,2:0,Wayne Rooney,,yellow_card
ENG-Premier League,1718,2017-08-27 Chelsea-Everton,Chelsea,75’,2:0,Tiemoué Bakayoko,Pedro,substitute_in
ENG-Premier League,1718,2017-08-27 Chelsea-Everton,Chelsea,76’,2:0,Victor Moses,,yellow_card
ENG-Premier League,1718,2017-08-27 Chelsea-Everton,Chelsea,78’,2:0,Michy Batshuayi,Álvaro Morata,substitute_in
ENG-Premier League,1718,2017-08-27 Chelsea-Everton,Everton,83’,2:0,Aaron Lennon,Phil Jagielka,substitute_in
ENG-Premier League,1718,2017-08-27 Chelsea-Everton,Chelsea,88’,2:0,César Azpilicueta,,yellow_card
ENG-Premier League,1718,2017-08-27 Chelsea-Everton,Chelsea,89’,2:0,Andreas Christensen,Victor Moses,substitute_in
ENG-Premier League,1718,2017-08-27 Chelsea-Everton,Everton,9’,0:0,Idrissa Gana Gueye,,yellow_card
ENG-Premier League,1718,2018-01-02 Southampton-Crystal Palace,Southampton,17’,1:0,Shane Long,Jérémy Pied,goal
ENG-Premier League,1718,2018-01-02 Southampton-Crystal Palace,Crystal Palace,46’,1:0,Patrick van Aanholt,Yohan Cabaye,substitute_in
ENG-Premier League,1718,2018-01-02 Southampton-Crystal Palace,Crystal Palace,57’,1:0,Timothy Fosu-Mensah,,yellow_card
ENG-Premier League,1718,2018-01-02 Southampton-Crystal Palace,Crystal Palace,64’,1:0,Bakary Sako,Jeffrey Schlupp,substitute_in
ENG-Premier League,1718,2018-01-02 Southampton-Crystal Palace,Crystal Palace,69’,1:1,James McArthur,Christian Benteke,goal
ENG-Premier League,1718,2018-01-02 Southampton-Crystal Palace,Southampton,70’,1:1,Steven Davis,James Ward-Prowse,substitute_in
ENG-Premier League,1718,2018-01-02 Southampton-Crystal Palace,Southampton,75’,1:1,Manolo Gabbiadini,Pierre Højbjerg,substitute_in
ENG-Premier League,1718,2018-01-02 Southampton-Crystal Palace,Southampton,79’,1:1,Nathan Redmond,Dušan Tadić,substitute_in
ENG-Premier League,1718,2018-01-02 Southampton-Crystal Palace,Crystal Palace,80’,1:2,Luka Milivojević,Andros Townsend,goal
ENG-Premier League,1718,2018-04-29 Manchester Utd-Arsenal,Manchester United,16’,1:0,Paul Pogba,,goal
ENG-Premier League,1718,2018-04-29 Manchester Utd-Arsenal,Arsenal,24’,1:0,Granit Xhaka,,yellow_card
ENG-Premier League,1718,2018-04-29 Manchester Utd-Arsenal,Manchester United,50’,1:0,Marcus Rashford,Romelu Lukaku,substitute_in
ENG-Premier League,1718,2018-04-29 Manchester Utd-Arsenal,Arsenal,51’,1:1,Henrikh Mkhitaryan,Granit Xhaka,goal
ENG-Premier League,1718,2018-04-29 Manchester Utd-Arsenal,Manchester United,64’,1:1,Anthony Martial,Ander Herrera,substitute_in
ENG-Premier League,1718,2018-04-29 Manchester Utd-Arsenal,Manchester United,64’,1:1,Marouane Fellaini,Jesse Lingard,substitute_in
ENG-Premier League,1718,2018-04-29 Manchester Utd-Arsenal,Arsenal,64’,1:1,Danny Welbeck,Reiss Nelson,substitute_in
ENG-Premier League,1718,2018-04-29 Manchester Utd-Arsenal,Arsenal,64’,1:1,Nacho Monreal,Sead Kolašinac,substitute_in
ENG-Premier League,1718,2018-04-29 Manchester Utd-Arsenal,Arsenal,76’,1:1,Joe Willock,Henrikh Mkhitaryan,substitute_in
ENG-Premier League,1718,2018-04-29 Manchester Utd-Arsenal,Manchester United,90+1’,2:1,Marouane Fellaini,Ashley Young,goal
ENG-Premier League,1718,2018-01-21 Southampton-Tottenham Hotspur,Southampton,15’,1:0,Davinson Sánchez,,own_goal
ENG-Premier League,1718,2018-01-21 Southampton-Tottenham Hotspur,Tottenham Hotspur,18’,1:1,Harry Kane,Ben Davies,goal
ENG-Premier League,1718,2018-01-21 Southampton-Tottenham Hotspur,Southampton,48’,1:1,Jack Stephens,,yellow_card
ENG-Premier League,1718,2018-01-21 Southampton-Tottenham Hotspur,Tottenham Hotspur,57’,1:1,Moussa Sissoko,,yellow_card
ENG-Premier League,1718,2018-01-21 Southampton-Tottenham Hotspur,Southampton,60’,1:1,Oriol Romeu,,yellow_card
ENG-Premier League,1718,2018-01-21 Southampton-Tottenham Hotspur,Southampton,65’,1:1,Sofiane Boufal,Pierre Højbjerg,substitute_in
ENG-Premier League,1718,2018-01-21 Southampton-Tottenham Hotspur,Tottenham Hotspur,70’,1:1,Érik Lamela,Son Heung-min,substitute_in
ENG-Premier League,1718,2018-01-21 Southampton-Tottenham Hotspur,Tottenham Hotspur,72’,1:1,Kieran Trippier,Serge Aurier,substitute_in
ENG-Premier League,1718,2018-01-21 Southampton-Tottenham Hotspur,Tottenham Hotspur,75’,1:1,Mousa Dembélé,,yellow_card
ENG-Premier League,1718,2018-01-21 Southampton-Tottenham Hotspur,Tottenham Hotspur,78’,1:1,Kieran Trippier,,yellow_card
ENG-Premier League,1718,2018-01-21 Southampton-Tottenham Hotspur,Southampton,80’,1:1,Steven Davis,Mario Lemina,substitute_in
ENG-Premier League,1718,2018-01-21 Southampton-Tottenham Hotspur,Southampton,82’,1:1,Michael Obafemi,Manolo Gabbiadini,substitute_in
ENG-Premier League,1718,2018-01-21 Southampton-Tottenham Hotspur,Tottenham Hotspur,85’,1:1,Victor Wanyama,Mousa Dembélé,substitute_in
ENG-Premier League,1718,2018-01-01 Burnley-Liverpool,Liverpool,61’,0:1,Sadio Mané,,goal
ENG-Premier League,1718,2018-01-01 Burnley-Liverpool,Burnley,71’,0:1,Sam Vokes,Jeff Hendrick,substitute_in
ENG-Premier League,1718,2018-01-01 Burnley-Liverpool,Liverpool,72’,0:1,Roberto Firmino,Sadio Mané,substitute_in
ENG-Premier League,1718,2018-01-01 Burnley-Liverpool,Burnley,86’,0:1,Nahki Wells,Scott Arfield,substitute_in
ENG-Premier League,1718,2018-01-01 Burnley-Liverpool,Liverpool,86’,0:1,James Milner,Adam Lallana,substitute_in
ENG-Premier League,1718,2018-01-01 Burnley-Liverpool,Burnley,87’,1:1,Jóhann Berg Guðmundsson,Sam Vokes,goal
ENG-Premier League,1718,2018-01-01 Burnley-Liverpool,Liverpool,90+4’,1:2,Ragnar Klavan,Dejan Lovren,goal
ENG-Premier League,1718,2018-01-01 Burnley-Liverpool,Liverpool,90+6’,1:2,Joël Matip,Alex Oxlade-Chamberlain,substitute_in
ENG-Premier League,1718,2017-11-18 Bournemouth-Huddersfield Town,Bournemouth,26’,1:0,Callum Wilson,Jordon Ibe,goal
ENG-Premier League,1718,2017-11-18 Bournemouth-Huddersfield Town,Bournemouth,28’,1:0,Steve Cook,,yellow_card
ENG-Premier League,1718,2017-11-18 Bournemouth-Huddersfield Town,Bournemouth,31’,2:0,Callum Wilson,Andrew Surman,goal
ENG-Premier League,1718,2017-11-18 Bournemouth-Huddersfield Town,Bournemouth,35’,2:0,Simon Francis,,yellow_card
ENG-Premier League,1718,2017-11-18 Bournemouth-Huddersfield Town,Bournemouth,43’,2:0,Adam Smith,Jordon Ibe,substitute_in
ENG-Premier League,1718,2017-11-18 Bournemouth-Huddersfield Town,Bournemouth,44’,2:0,Harry Arter,,yellow_card
ENG-Premier League,1718,2017-11-18 Bournemouth-Huddersfield Town,Bournemouth,45+4’,2:0,Simon Francis,,yellow_red_card
ENG-Premier League,1718,2017-11-18 Bournemouth-Huddersfield Town,Huddersfield Town,46’,2:0,Steve Mounié,Danny Williams,substitute_in
ENG-Premier League,1718,2017-11-18 Bournemouth-Huddersfield Town,Bournemouth,58’,2:0,Marc Pugh,,yellow_card
ENG-Premier League,1718,2017-11-18 Bournemouth-Huddersfield Town,Huddersfield Town,61’,2:0,Collin Quaner,Elias Kachunga,substitute_in
ENG-Premier League,1718,2017-11-18 Bournemouth-Huddersfield Town,Huddersfield Town,61’,2:0,Abdelhamid Sabiri,Martin Cranie,substitute_in
ENG-Premier League,1718,2017-11-18 Bournemouth-Huddersfield Town,Bournemouth,70’,3:0,Harry Arter,,goal
ENG-Premier League,1718,2017-11-18 Bournemouth-Huddersfield Town,Bournemouth,84’,4:0,Callum Wilson,Joshua King,goal
ENG-Premier League,1718,2017-11-18 Bournemouth-Huddersfield Town,Huddersfield Town,85’,4:0,Collin Quaner,,yellow_card
ENG-Premier League,1718,2017-11-18 Bournemouth-Huddersfield Town,Bournemouth,86’,4:0,Dan Gosling,Joshua King,substitute_in
ENG-Premier League,1718,2017-11-18 Bournemouth-Huddersfield Town,Bournemouth,88’,4:0,Lewis Cook,Harry Arter,substitute_in
ENG-Premier League,1718,2017-11-18 Bournemouth-Huddersfield Town,Huddersfield Town,90’,4:0,Florent Hadergjonaj,,yellow_card
ENG-Premier League,1718,2018-04-30 Tottenham Hotspur-Watford,Tottenham Hotspur,16’,1:0,Dele Alli,Christian Eriksen,goal
ENG-Premier League,1718,2018-04-30 Tottenham Hotspur-Watford,Tottenham Hotspur,48’,2:0,Harry Kane,Kieran Trippier,goal
ENG-Premier League,1718,2018-04-30 Tottenham Hotspur-Watford,Tottenham Hotspur,63’,2:0,Victor Wanyama,Mousa Dembélé,substitute_in
ENG-Premier League,1718,2018-04-30 Tottenham Hotspur-Watford,Tottenham Hotspur,64’,2:0,Victor Wanyama,,yellow_card
ENG-Premier League,1718,2018-04-30 Tottenham Hotspur-Watford,Watford,64’,2:0,Troy Deeney,Andre Gray,substitute_in
ENG-Premier League,1718,2018-04-30 Tottenham Hotspur-Watford,Watford,64’,2:0,Gerard Deulofeu,Kiko Femenía,substitute_in
ENG-Premier League,1718,2018-04-30 Tottenham Hotspur-Watford,Tottenham Hotspur,74’,2:0,Moussa Sissoko,Son Heung-min,substitute_in
ENG-Premier League,1718,2018-04-30 Tottenham Hotspur-Watford,Tottenham Hotspur,82’,2:0,Érik Lamela,Dele Alli,substitute_in
ENG-Premier League,1718,2018-04-30 Tottenham Hotspur-Watford,Watford,83’,2:0,André Carrillo,Will Hughes,substitute_in
ENG-Premier League,1718,2017-08-12 Watford-Liverpool,Watford,18’,1:0,Kiko Femenía,Daryl Janmaat,substitute_in
ENG-Premier League,1718,2017-08-12 Watford-Liverpool,Liverpool,29’,1:1,Sadio Mané,Emre Can,goal
ENG-Premier League,1718,2017-08-12 Watford-Liverpool,Watford,32’,2:1,Abdoulaye Doucouré,,goal
ENG-Premier League,1718,2017-08-12 Watford-Liverpool,Liverpool,37’,2:1,Sadio Mané,,yellow_card
ENG-Premier League,1718,2017-08-12 Watford-Liverpool,Watford,49’,2:1,Richarlison,Roberto Pereyra,substitute_in
ENG-Premier League,1718,2017-08-12 Watford-Liverpool,Liverpool,55’,2:2,Roberto Firmino,,penalty_goal
ENG-Premier League,1718,2017-08-12 Watford-Liverpool,Liverpool,57’,2:3,Mohamed Salah,Roberto Firmino,goal
ENG-Premier League,1718,2017-08-12 Watford-Liverpool,Liverpool,61’,2:3,Trent Alexander-Arnold,,yellow_card
ENG-Premier League,1718,2017-08-12 Watford-Liverpool,Watford,63’,2:3,Andre Gray,Stefano Okaka,substitute_in
ENG-Premier League,1718,2017-08-12 Watford-Liverpool,Liverpool,81’,2:3,Divock Origi,Roberto Firmino,substitute_in
ENG-Premier League,1718,2017-08-12 Watford-Liverpool,Liverpool,86’,2:3,James Milner,Mohamed Salah,substitute_in
ENG-Premier League,1718,2017-08-12 Watford-Liverpool,Liverpool,88’,2:3,Simon Mignolet,,yellow_card
ENG-Premier League,1718,2017-08-12 Watford-Liverpool,Watford,8’,1:0,Stefano Okaka,José Holebas,goal
ENG-Premier League,1718,2017-08-12 Watford-Liverpool,Liverpool,90+1’,2:3,Joe Gomez,Trent Alexander-Arnold,substitute_in
ENG-Premier League,1718,2017-08-12 Watford-Liverpool,Watford,90+3’,3:3,Miguel Britos,,goal
ENG-Premier League,1718,2018-04-28 Huddersfield Town-Everton,Everton,39’,0:1,Cenk Tosun,Theo Walcott,goal
ENG-Premier League,1718,2018-04-28 Huddersfield Town-Everton,Huddersfield Town,50’,0:1,Jonathan Hogg,,yellow_card
ENG-Premier League,1718,2018-04-28 Huddersfield Town-Everton,Huddersfield Town,59’,0:1,Philip Billing,Collin Quaner,substitute_in
ENG-Premier League,1718,2018-04-28 Huddersfield Town-Everton,Huddersfield Town,62’,0:1,Scott Malone,Jonathan Hogg,substitute_in
ENG-Premier League,1718,2018-04-28 Huddersfield Town-Everton,Everton,63’,0:1,Tom Davies,Wayne Rooney,substitute_in
ENG-Premier League,1718,2018-04-28 Huddersfield Town-Everton,Everton,72’,0:1,Oumar Niasse,Cenk Tosun,substitute_in
ENG-Premier League,1718,2018-04-28 Huddersfield Town-Everton,Huddersfield Town,75’,0:1,Laurent Depoitre,Rajiv van La Parra,substitute_in
ENG-Premier League,1718,2018-04-28 Huddersfield Town-Everton,Everton,75’,0:1,Ramiro Funes Mori,Nikola Vlašić,substitute_in
ENG-Premier League,1718,2018-04-28 Huddersfield Town-Everton,Everton,77’,0:2,Idrissa Gana Gueye,Leighton Baines,goal
ENG-Premier League,1718,2018-02-25 Crystal Palace-Tottenham Hotspur,Tottenham Hotspur,45+1’,0:0,Mousa Dembélé,,yellow_card
ENG-Premier League,1718,2018-02-25 Crystal Palace-Tottenham Hotspur,Tottenham Hotspur,66’,0:0,Lucas Moura,Érik Lamela,substitute_in
ENG-Premier League,1718,2018-02-25 Crystal Palace-Tottenham Hotspur,Tottenham Hotspur,80’,0:0,Son Heung-min,Mousa Dembélé,substitute_in
ENG-Premier League,1718,2018-02-25 Crystal Palace-Tottenham Hotspur,Crystal Palace,85’,0:0,Damien Delaney,James Tomkins,substitute_in
ENG-Premier League,1718,2018-02-25 Crystal Palace-Tottenham Hotspur,Crystal Palace,87’,0:0,Lee Chung-yong,Andros Townsend,substitute_in
ENG-Premier League,1718,2018-02-25 Crystal Palace-Tottenham Hotspur,Tottenham Hotspur,88’,0:1,Harry Kane,Christian Eriksen,goal
ENG-Premier League,1718,2018-05-08 Swansea City-Southampton,Swansea City,20’,0:0,Ki Sung-yueng,,yellow_card
ENG-Premier League,1718,2018-05-08 Swansea City-Southampton,Southampton,38’,0:0,Oriol Romeu,,yellow_card
ENG-Premier League,1718,2018-05-08 Swansea City-Southampton,Swansea City,62’,0:0,Tammy Abraham,Martin Olsson,substitute_in
ENG-Premier League,1718,2018-05-08 Swansea City-Southampton,Southampton,64’,0:0,Shane Long,Nathan Redmond,substitute_in
ENG-Premier League,1718,2018-05-08 Swansea City-Southampton,Southampton,68’,0:0,Manolo Gabbiadini,Jan Bednarek,substitute_in
ENG-Premier League,1718,2018-05-08 Swansea City-Southampton,Southampton,72’,0:1,Manolo Gabbiadini,,goal
ENG-Premier League,1718,2018-05-08 Swansea City-Southampton,Swansea City,75’,0:1,Luciano Narsingh,Kyle Naughton,substitute_in
ENG-Premier League,1718,2018-05-08 Swansea City-Southampton,Swansea City,82’,0:1,Tom Carroll,Andy King,substitute_in
ENG-Premier League,1718,2018-05-08 Swansea City-Southampton,Southampton,83’,0:1,Sam McQueen,Dušan Tadić,substitute_in
ENG-Premier League,1718,2018-05-08 Swansea City-Southampton,Swansea City,90+4’,0:1,Federico Fernández,,yellow_card
ENG-Premier League,1718,2018-03-10 West Brom-Leicester City,Leicester City,21’,1:1,Jamie Vardy,Riyad Mahrez,goal
ENG-Premier League,1718,2018-03-10 West Brom-Leicester City,Leicester City,41’,1:1,Jamie Vardy,,yellow_card
ENG-Premier League,1718,2018-03-10 West Brom-Leicester City,Leicester City,53’,1:1,Danny Simpson,,yellow_card
ENG-Premier League,1718,2018-03-10 West Brom-Leicester City,West Bromwich Albion,59’,1:1,Sam Field,Grzegorz Krychowiak,substitute_in
ENG-Premier League,1718,2018-03-10 West Brom-Leicester City,Leicester City,60’,1:1,Kelechi Iheanacho,Shinji Okazaki,substitute_in
ENG-Premier League,1718,2018-03-10 West Brom-Leicester City,Leicester City,62’,1:2,Riyad Mahrez,Kelechi Iheanacho,goal
ENG-Premier League,1718,2018-03-10 West Brom-Leicester City,Leicester City,67’,1:2,Marc Albrighton,Demarai Gray,substitute_in
ENG-Premier League,1718,2018-03-10 West Brom-Leicester City,West Bromwich Albion,70’,1:2,Jay Rodriguez,Matt Phillips,substitute_in
ENG-Premier League,1718,2018-03-10 West Brom-Leicester City,Leicester City,73’,1:2,Wilfred Ndidi,,yellow_card
ENG-Premier League,1718,2018-03-10 West Brom-Leicester City,Leicester City,76’,1:3,Kelechi Iheanacho,Ben Chilwell,goal
ENG-Premier League,1718,2018-03-10 West Brom-Leicester City,West Bromwich Albion,80’,1:3,Jake Livermore,,yellow_card
ENG-Premier League,1718,2018-03-10 West Brom-Leicester City,West Bromwich Albion,83’,1:3,Hal Robson-Kanu,Oliver Burke,substitute_in
ENG-Premier League,1718,2018-03-10 West Brom-Leicester City,Leicester City,88’,1:3,Fousseni Diabaté,Riyad Mahrez,substitute_in
ENG-Premier League,1718,2018-03-10 West Brom-Leicester City,West Bromwich Albion,8’,1:0,Salomón Rondón,Oliver Burke,goal
ENG-Premier League,1718,2018-03-10 West Brom-Leicester City,Leicester City,90+3’,1:4,Vicente Iborra,Marc Albrighton,goal
ENG-Premier League,1718,2017-09-23 Manchester City-Crystal Palace,Manchester City,25’,0:0,Benjamin Mendy,,yellow_card
ENG-Premier League,1718,2017-09-23 Manchester City-Crystal Palace,Manchester City,29’,0:0,Danilo,Benjamin Mendy,substitute_in
ENG-Premier League,1718,2017-09-23 Manchester City-Crystal Palace,Manchester City,44’,1:0,Leroy Sané,David Silva,goal
ENG-Premier League,1718,2017-09-23 Manchester City-Crystal Palace,Manchester City,51’,2:0,Raheem Sterling,Leroy Sané,goal
ENG-Premier League,1718,2017-09-23 Manchester City-Crystal Palace,Manchester City,56’,2:0,Danilo,,yellow_card
ENG-Premier League,1718,2017-09-23 Manchester City-Crystal Palace,Crystal Palace,57’,2:0,Jason Puncheon,Yohan Cabaye,substitute_in
ENG-Premier League,1718,2017-09-23 Manchester City-Crystal Palace,Manchester City,59’,3:0,Raheem Sterling,Sergio Agüero,goal
ENG-Premier League,1718,2017-09-23 Manchester City-Crystal Palace,Manchester City,61’,3:0,Bernardo Silva,Raheem Sterling,substitute_in
ENG-Premier League,1718,2017-09-23 Manchester City-Crystal Palace,Manchester City,70’,3:0,Fabian Delph,John Stones,substitute_in
ENG-Premier League,1718,2017-09-23 Manchester City-Crystal Palace,Crystal Palace,72’,3:0,Bakary Sako,Christian Benteke,substitute_in
ENG-Premier League,1718,2017-09-23 Manchester City-Crystal Palace,Manchester City,75’,3:0,Leroy Sané,,yellow_card
ENG-Premier League,1718,2017-09-23 Manchester City-Crystal Palace,Crystal Palace,76’,3:0,Jeffrey Schlupp,,yellow_card
ENG-Premier League,1718,2017-09-23 Manchester City-Crystal Palace,Manchester City,79’,4:0,Sergio Agüero,Leroy Sané,goal
ENG-Premier League,1718,2017-09-23 Manchester City-Crystal Palace,Manchester City,89’,5:0,Fabian Delph,David Silva,goal
ENG-Premier League,1718,2017-09-23 Burnley-Huddersfield Town,Burnley,24’,0:0,Scott Arfield,,yellow_card
ENG-Premier League,1718,2017-09-23 Burnley-Huddersfield Town,Huddersfield Town,63’,0:0,Rajiv van La Parra,Abdelhamid Sabiri,substitute_in
ENG-Premier League,1718,2017-09-23 Burnley-Huddersfield Town,Huddersfield Town,6’,0:0,Abdelhamid Sabiri,,yellow_card
ENG-Premier League,1718,2017-09-23 Burnley-Huddersfield Town,Huddersfield Town,71’,0:0,Rajiv van La Parra,,yellow_card
ENG-Premier League,1718,2017-09-23 Burnley-Huddersfield Town,Burnley,74’,0:0,Ashley Barnes,Jeff Hendrick,substitute_in
ENG-Premier League,1718,2017-09-23 Burnley-Huddersfield Town,Burnley,77’,0:0,Jóhann Berg Guðmundsson,Scott Arfield,substitute_in
ENG-Premier League,1718,2017-09-23 Burnley-Huddersfield Town,Burnley,7’,0:0,Jack Cork,,yellow_card
ENG-Premier League,1718,2017-09-23 Burnley-Huddersfield Town,Huddersfield Town,80’,0:0,Philip Billing,Jonathan Hogg,substitute_in
ENG-Premier League,1718,2017-09-23 Burnley-Huddersfield Town,Huddersfield Town,89’,0:0,Florent Hadergjonaj,Elias Kachunga,substitute_in
ENG-Premier League,1718,2017-09-23 Burnley-Huddersfield Town,Burnley,90’,0:0,James Tarkowski,,yellow_card
ENG-Premier League,1718,2018-01-20 Arsenal-Crystal Palace,Arsenal,10’,2:0,Alex Iwobi,Nacho Monreal,goal
ENG-Premier League,1718,2018-01-20 Arsenal-Crystal Palace,Arsenal,13’,3:0,Laurent Koscielny,Nacho Monreal,goal
ENG-Premier League,1718,2018-01-20 Arsenal-Crystal Palace,Arsenal,22’,4:0,Alexandre Lacazette,Mesut Özil,goal
ENG-Premier League,1718,2018-01-20 Arsenal-Crystal Palace,Arsenal,34’,4:0,Ainsley Maitland-Niles,Nacho Monreal,substitute_in
ENG-Premier League,1718,2018-01-20 Arsenal-Crystal Palace,Arsenal,6’,1:0,Nacho Monreal,Granit Xhaka,goal
ENG-Premier League,1718,2018-01-20 Arsenal-Crystal Palace,Arsenal,72’,4:0,Reiss Nelson,Mesut Özil,substitute_in
ENG-Premier League,1718,2018-01-20 Arsenal-Crystal Palace,Crystal Palace,78’,4:1,Luka Milivojević,Christian Benteke,goal
ENG-Premier League,1718,2018-01-20 Arsenal-Crystal Palace,Arsenal,82’,4:1,Sead Kolašinac,Alex Iwobi,substitute_in
ENG-Premier League,1718,2018-01-20 Arsenal-Crystal Palace,Crystal Palace,90’,4:1,Jaïro Riedewald,Yohan Cabaye,substitute_in
ENG-Premier League,1718,2017-12-02 Chelsea-Newcastle United,Newcastle United,12’,0:1,Dwight Gayle,,goal
ENG-Premier League,1718,2017-12-02 Chelsea-Newcastle United,Chelsea,21’,1:1,Eden Hazard,,goal
ENG-Premier League,1718,2017-12-02 Chelsea-Newcastle United,Chelsea,33’,2:1,Álvaro Morata,Victor Moses,goal
ENG-Premier League,1718,2017-12-02 Chelsea-Newcastle United,Newcastle United,45+1’,2:1,Ciaran Clark,,yellow_card
ENG-Premier League,1718,2017-12-02 Chelsea-Newcastle United,Newcastle United,62’,2:1,Isaac Hayden,Ayoze Pérez,substitute_in
ENG-Premier League,1718,2017-12-02 Chelsea-Newcastle United,Chelsea,74’,3:1,Eden Hazard,,penalty_goal
ENG-Premier League,1718,2017-12-02 Chelsea-Newcastle United,Newcastle United,75’,3:1,Jonjo Shelvey,Mohamed Diamé,substitute_in
ENG-Premier League,1718,2017-12-02 Chelsea-Newcastle United,Chelsea,78’,3:1,Willian,Eden Hazard,substitute_in
ENG-Premier League,1718,2017-12-02 Chelsea-Newcastle United,Chelsea,78’,3:1,Tiemoué Bakayoko,Cesc Fàbregas,substitute_in
ENG-Premier League,1718,2017-12-02 Chelsea-Newcastle United,Chelsea,80’,3:1,Gary Cahill,Andreas Christensen,substitute_in
ENG-Premier League,1718,2017-12-02 Chelsea-Newcastle United,Newcastle United,85’,3:1,DeAndre Yedlin,Mikel Merino,substitute_in
ENG-Premier League,1718,2018-04-07 Everton-Liverpool,Everton,57’,0:0,Idrissa Gana Gueye,Wayne Rooney,substitute_in
ENG-Premier League,1718,2018-04-07 Everton-Liverpool,Everton,61’,0:0,Dominic Calvert-Lewin,Yannick Bolasie,substitute_in
ENG-Premier League,1718,2018-04-07 Everton-Liverpool,Liverpool,68’,0:0,Alex Oxlade-Chamberlain,James Milner,substitute_in
ENG-Premier League,1718,2018-04-07 Everton-Liverpool,Liverpool,74’,0:0,Roberto Firmino,Sadio Mané,substitute_in
ENG-Premier League,1718,2018-04-07 Everton-Liverpool,Everton,79’,0:0,Beni Baningime,Tom Davies,substitute_in
ENG-Premier League,1718,2018-04-07 Everton-Liverpool,Liverpool,89’,0:0,Trent Alexander-Arnold,Danny Ings,substitute_in
ENG-Premier League,1718,2018-03-31 Brighton-Leicester City,Leicester City,12’,0:0,Wes Morgan,,yellow_card
ENG-Premier League,1718,2018-03-31 Brighton-Leicester City,Leicester City,24’,0:0,Wilfred Ndidi,,yellow_card
ENG-Premier League,1718,2018-03-31 Brighton-Leicester City,Leicester City,56’,0:0,Fousseni Diabaté,Shinji Okazaki,substitute_in
ENG-Premier League,1718,2018-03-31 Brighton-Leicester City,Leicester City,63’,0:0,Ben Chilwell,,yellow_card
ENG-Premier League,1718,2018-03-31 Brighton-Leicester City,Leicester City,64’,0:0,Danny Simpson,,yellow_card
ENG-Premier League,1718,2018-03-31 Brighton-Leicester City,Brighton & Hove Albion,66’,0:0,Beram Kayal,,yellow_card
ENG-Premier League,1718,2018-03-31 Brighton-Leicester City,Leicester City,68’,0:0,Harry Maguire,,yellow_card
ENG-Premier League,1718,2018-03-31 Brighton-Leicester City,Brighton & Hove Albion,75’,0:0,Solly March,Jürgen Locadia,substitute_in
ENG-Premier League,1718,2018-03-31 Brighton-Leicester City,Brighton & Hove Albion,77’,0:0,Glenn Murray,Kasper Schmeichel,penalty_miss
ENG-Premier League,1718,2018-03-31 Brighton-Leicester City,Brighton & Hove Albion,79’,0:0,Gaëtan Bong,,yellow_card
ENG-Premier League,1718,2018-03-31 Brighton-Leicester City,Leicester City,79’,0:0,Demarai Gray,Marc Albrighton,substitute_in
ENG-Premier League,1718,2018-03-31 Brighton-Leicester City,Leicester City,83’,0:1,Vicente Iborra,Ben Chilwell,goal
ENG-Premier League,1718,2018-03-31 Brighton-Leicester City,Brighton & Hove Albion,84’,0:1,Sam Baldock,Beram Kayal,substitute_in
ENG-Premier League,1718,2018-03-31 Brighton-Leicester City,Leicester City,85’,0:1,Christian Fuchs,Riyad Mahrez,substitute_in
ENG-Premier League,1718,2018-03-31 Brighton-Leicester City,Leicester City,87’,0:1,Wilfred Ndidi,,yellow_red_card
ENG-Premier League,1718,2018-03-31 Brighton-Leicester City,Leicester City,90+6’,0:2,Jamie Vardy,Demarai Gray,goal
ENG-Premier League,1718,2017-08-12 West Brom-Bournemouth,West Bromwich Albion,31’,1:0,Ahmed Hegazi,Chris Brunt,goal
ENG-Premier League,1718,2017-08-12 West Brom-Bournemouth,West Bromwich Albion,34’,1:0,Claudio Yacob,,yellow_card
ENG-Premier League,1718,2017-08-12 West Brom-Bournemouth,Bournemouth,46’,1:0,Jordon Ibe,Marc Pugh,substitute_in
ENG-Premier League,1718,2017-08-12 West Brom-Bournemouth,Bournemouth,64’,1:0,Jermain Defoe,Benik Afobe,substitute_in
ENG-Premier League,1718,2017-08-12 West Brom-Bournemouth,West Bromwich Albion,70’,1:0,Rekeem Harper,Sam Field,substitute_in
ENG-Premier League,1718,2017-08-12 West Brom-Bournemouth,West Bromwich Albion,72’,1:0,Hal Robson-Kanu,Matt Phillips,substitute_in
ENG-Premier League,1718,2017-08-12 West Brom-Bournemouth,Bournemouth,80’,1:0,Adam Smith,Simon Francis,substitute_in
ENG-Premier League,1718,2017-08-12 West Brom-Bournemouth,West Bromwich Albion,82’,1:0,Jay Rodriguez,,yellow_card
ENG-Premier League,1718,2017-08-12 West Brom-Bournemouth,Bournemouth,86’,1:0,Harry Arter,,yellow_card
ENG-Premier League,1718,2017-08-12 West Brom-Bournemouth,West Bromwich Albion,88’,1:0,Salomón Rondón,Jay Rodriguez,substitute_in
ENG-Premier League,1718,2017-08-12 West Brom-Bournemouth,West Bromwich Albion,90+5’,1:0,Hal Robson-Kanu,,yellow_card
ENG-Premier League,1718,2018-03-31 West Brom-Burnley,Burnley,22’,0:1,Ashley Barnes,Aaron Lennon,goal
ENG-Premier League,1718,2018-03-31 West Brom-Burnley,West Bromwich Albion,46’,0:1,Matt Phillips,Kieran Gibbs,substitute_in
ENG-Premier League,1718,2018-03-31 West Brom-Burnley,Burnley,54’,0:1,Ashley Barnes,,yellow_card
ENG-Premier League,1718,2018-03-31 West Brom-Burnley,Burnley,69’,0:1,Jeff Hendrick,Georges-Kévin N'Koudou,substitute_in
ENG-Premier League,1718,2018-03-31 West Brom-Burnley,Burnley,73’,0:2,Chris Wood,,goal
ENG-Premier League,1718,2018-03-31 West Brom-Burnley,West Bromwich Albion,74’,0:2,Oliver Burke,Jay Rodriguez,substitute_in
ENG-Premier League,1718,2018-03-31 West Brom-Burnley,Burnley,77’,0:2,Sam Vokes,Chris Wood,substitute_in
ENG-Premier League,1718,2018-03-31 West Brom-Burnley,Burnley,79’,0:2,Jack Cork,,yellow_card
ENG-Premier League,1718,2018-03-31 West Brom-Burnley,West Bromwich Albion,83’,1:2,Salomón Rondón,Jonny Evans,goal
ENG-Premier League,1718,2018-03-31 West Brom-Burnley,West Bromwich Albion,90+3’,1:2,Claudio Yacob,,yellow_card
ENG-Premier League,1718,2018-03-31 West Brom-Burnley,Burnley,90+5’,1:2,Nick Pope,,yellow_card
ENG-Premier League,1718,2017-12-26 Watford-Leicester City,Watford,13’,0:0,Christian Kabasele,,yellow_card
ENG-Premier League,1718,2017-12-26 Watford-Leicester City,Leicester City,30’,0:0,Aleksandar Dragović,,yellow_card
ENG-Premier League,1718,2017-12-26 Watford-Leicester City,Leicester City,37’,0:1,Riyad Mahrez,Marc Albrighton,goal
ENG-Premier League,1718,2017-12-26 Watford-Leicester City,Watford,44’,0:1,Stefano Okaka,Roberto Pereyra,substitute_in
ENG-Premier League,1718,2017-12-26 Watford-Leicester City,Watford,45’,1:1,Molla Wagué,,goal
ENG-Premier League,1718,2017-12-26 Watford-Leicester City,Leicester City,4’,0:0,Harry Maguire,,yellow_card
ENG-Premier League,1718,2017-12-26 Watford-Leicester City,Watford,65’,2:1,Kasper Schmeichel,,own_goal
ENG-Premier League,1718,2017-12-26 Watford-Leicester City,Leicester City,73’,2:1,Islam Slimani,Shinji Okazaki,substitute_in
ENG-Premier League,1718,2017-12-26 Watford-Leicester City,Leicester City,73’,2:1,Demarai Gray,Aleksandar Dragović,substitute_in
ENG-Premier League,1718,2017-12-26 Watford-Leicester City,Leicester City,81’,2:1,Andy King,,yellow_card
ENG-Premier League,1718,2017-12-26 Watford-Leicester City,Leicester City,84’,2:1,Leonardo Ulloa,Andy King,substitute_in
ENG-Premier League,1718,2017-12-26 Watford-Leicester City,Watford,87’,2:1,Sebastian Prödl,Ben Watson,substitute_in
ENG-Premier League,1718,2017-12-26 Watford-Leicester City,Watford,88’,2:1,Marvin Zeegelaar,,yellow_card
ENG-Premier League,1718,2017-12-26 Watford-Leicester City,Watford,8’,0:0,Ben Watson,,yellow_card
ENG-Premier League,1718,2017-12-26 Watford-Leicester City,Watford,90’,2:1,Jerome Sinclair,André Carrillo,substitute_in
ENG-Premier League,1718,2018-04-19 Leicester City-Southampton,Southampton,58’,0:0,Steven Davis,James Ward-Prowse,substitute_in
ENG-Premier League,1718,2018-04-19 Leicester City-Southampton,Southampton,73’,0:0,Charlie Austin,Shane Long,substitute_in
ENG-Premier League,1718,2018-04-19 Leicester City-Southampton,Leicester City,76’,0:0,Fousseni Diabaté,Kelechi Iheanacho,substitute_in
ENG-Premier League,1718,2018-04-19 Leicester City-Southampton,Southampton,88’,0:0,Nathan Redmond,Pierre Højbjerg,substitute_in
ENG-Premier League,1718,2018-04-19 Leicester City-Southampton,Leicester City,90+1’,0:0,Hamza Choudhury,Demarai Gray,substitute_in
ENG-Premier League,1718,2018-04-19 Leicester City-Southampton,Leicester City,90+1’,0:0,Harvey Barnes,Adrien Silva,substitute_in
ENG-Premier League,1718,2017-12-16 Manchester City-Tottenham Hotspur,Manchester City,14’,1:0,İlkay Gündoğan,Leroy Sané,goal
ENG-Premier League,1718,2017-12-16 Manchester City-Tottenham Hotspur,Manchester City,38’,1:0,Nicolás Otamendi,,yellow_card
ENG-Premier League,1718,2017-12-16 Manchester City-Tottenham Hotspur,Manchester City,51’,1:0,Fabian Delph,,yellow_card
ENG-Premier League,1718,2017-12-16 Manchester City-Tottenham Hotspur,Tottenham Hotspur,52’,1:0,Harry Kane,,yellow_card
ENG-Premier League,1718,2017-12-16 Manchester City-Tottenham Hotspur,Manchester City,58’,1:0,Gabriel Jesus,Sergio Agüero,substitute_in
ENG-Premier League,1718,2017-12-16 Manchester City-Tottenham Hotspur,Tottenham Hotspur,62’,1:0,Mousa Dembélé,,yellow_card
ENG-Premier League,1718,2017-12-16 Manchester City-Tottenham Hotspur,Tottenham Hotspur,68’,1:0,Dele Alli,,yellow_card
ENG-Premier League,1718,2017-12-16 Manchester City-Tottenham Hotspur,Manchester City,70’,2:0,Kevin De Bruyne,İlkay Gündoğan,goal
ENG-Premier League,1718,2017-12-16 Manchester City-Tottenham Hotspur,Manchester City,75’,2:0,Gabriel Jesus,Hugo Lloris,penalty_miss
ENG-Premier League,1718,2017-12-16 Manchester City-Tottenham Hotspur,Tottenham Hotspur,77’,2:0,Érik Lamela,Son Heung-min,substitute_in
ENG-Premier League,1718,2017-12-16 Manchester City-Tottenham Hotspur,Manchester City,80’,3:0,Raheem Sterling,Leroy Sané,goal
ENG-Premier League,1718,2017-12-16 Manchester City-Tottenham Hotspur,Manchester City,83’,3:0,Phil Foden,İlkay Gündoğan,substitute_in
ENG-Premier League,1718,2017-12-16 Manchester City-Tottenham Hotspur,Tottenham Hotspur,84’,3:0,Moussa Sissoko,Dele Alli,substitute_in
ENG-Premier League,1718,2017-12-16 Manchester City-Tottenham Hotspur,Manchester City,85’,3:0,Bernardo Silva,Leroy Sané,substitute_in
ENG-Premier League,1718,2017-12-16 Manchester City-Tottenham Hotspur,Tottenham Hotspur,89’,3:0,Ben Davies,Danny Rose,substitute_in
ENG-Premier League,1718,2017-12-16 Manchester City-Tottenham Hotspur,Tottenham Hotspur,90+1’,4:0,Moussa Sissoko,,yellow_card
ENG-Premier League,1718,2017-12-16 Manchester City-Tottenham Hotspur,Tottenham Hotspur,90+3’,4:1,Christian Eriksen,,goal
ENG-Premier League,1718,2017-12-16 Manchester City-Tottenham Hotspur,Manchester City,90’,4:0,Raheem Sterling,,goal
ENG-Premier League,1718,2017-09-30 West Ham United-Swansea City,Swansea City,30’,0:0,Renato Sanches,,yellow_card
ENG-Premier League,1718,2017-09-30 West Ham United-Swansea City,Swansea City,46’,0:0,Leroy Fer,Wilfried Bony,substitute_in
ENG-Premier League,1718,2017-09-30 West Ham United-Swansea City,Swansea City,49’,0:0,Leon Britton,,yellow_card
ENG-Premier League,1718,2017-09-30 West Ham United-Swansea City,West Ham United,55’,0:0,Cheikhou Kouyaté,,yellow_card
ENG-Premier League,1718,2017-09-30 West Ham United-Swansea City,West Ham United,55’,0:0,Andy Carroll,,yellow_card
ENG-Premier League,1718,2017-09-30 West Ham United-Swansea City,West Ham United,62’,0:0,Manuel Lanzini,Mark Noble,substitute_in
ENG-Premier League,1718,2017-09-30 West Ham United-Swansea City,Swansea City,69’,0:0,Roque Mesa,Leon Britton,substitute_in
ENG-Premier League,1718,2017-09-30 West Ham United-Swansea City,West Ham United,78’,0:0,Diafra Sakho,Javier Hernández,substitute_in
ENG-Premier League,1718,2017-09-30 West Ham United-Swansea City,West Ham United,78’,0:0,Arthur Masuaku,André Ayew,substitute_in
ENG-Premier League,1718,2017-09-30 West Ham United-Swansea City,Swansea City,87’,0:0,Sam Clucas,Martin Olsson,substitute_in
ENG-Premier League,1718,2017-09-30 West Ham United-Swansea City,West Ham United,90+1’,1:0,Diafra Sakho,,yellow_card
ENG-Premier League,1718,2017-09-30 West Ham United-Swansea City,West Ham United,90’,1:0,Diafra Sakho,Arthur Masuaku,goal
ENG-Premier League,1718,2018-02-24 West Brom-Huddersfield Town,Huddersfield Town,30’,0:0,Florent Hadergjonaj,,yellow_card
ENG-Premier League,1718,2018-02-24 West Brom-Huddersfield Town,Huddersfield Town,48’,0:1,Rajiv van La Parra,Collin Quaner,goal
ENG-Premier League,1718,2018-02-24 West Brom-Huddersfield Town,Huddersfield Town,53’,0:1,Tommy Smith,Florent Hadergjonaj,substitute_in
ENG-Premier League,1718,2018-02-24 West Brom-Huddersfield Town,Huddersfield Town,56’,0:2,Steve Mounié,Alex Pritchard,goal
ENG-Premier League,1718,2018-02-24 West Brom-Huddersfield Town,West Bromwich Albion,57’,0:2,Chris Brunt,James McClean,substitute_in
ENG-Premier League,1718,2018-02-24 West Brom-Huddersfield Town,West Bromwich Albion,64’,1:2,Craig Dawson,Chris Brunt,goal
ENG-Premier League,1718,2018-02-24 West Brom-Huddersfield Town,West Bromwich Albion,69’,1:2,Jake Livermore,Gareth Barry,substitute_in
ENG-Premier League,1718,2018-02-24 West Brom-Huddersfield Town,Huddersfield Town,77’,1:2,Laurent Depoitre,Alex Pritchard,substitute_in
ENG-Premier League,1718,2018-02-24 West Brom-Huddersfield Town,West Bromwich Albion,81’,1:2,Oliver Burke,Matt Phillips,substitute_in
ENG-Premier League,1718,2018-02-24 West Brom-Huddersfield Town,West Bromwich Albion,83’,1:2,Jonny Evans,,yellow_card
ENG-Premier League,1718,2018-02-24 West Brom-Huddersfield Town,Huddersfield Town,89’,1:2,Tom Ince,Rajiv van La Parra,substitute_in
ENG-Premier League,1718,2017-12-12 Huddersfield Town-Chelsea,Chelsea,23’,0:1,Tiemoué Bakayoko,Willian,goal
ENG-Premier League,1718,2017-12-12 Huddersfield Town-Chelsea,Chelsea,43’,0:2,Willian,Marcos Alonso,goal
ENG-Premier League,1718,2017-12-12 Huddersfield Town-Chelsea,Huddersfield Town,46’,0:2,Dean Whitehead,Jonathan Hogg,substitute_in
ENG-Premier League,1718,2017-12-12 Huddersfield Town-Chelsea,Chelsea,50’,0:3,Pedro,Willian,goal
ENG-Premier League,1718,2017-12-12 Huddersfield Town-Chelsea,Huddersfield Town,67’,0:3,Florent Hadergjonaj,Chris Löwe,substitute_in
ENG-Premier League,1718,2017-12-12 Huddersfield Town-Chelsea,Chelsea,69’,0:3,Michy Batshuayi,Eden Hazard,substitute_in
ENG-Premier League,1718,2017-12-12 Huddersfield Town-Chelsea,Chelsea,71’,0:3,Danny Drinkwater,N'Golo Kanté,substitute_in
ENG-Premier League,1718,2017-12-12 Huddersfield Town-Chelsea,Huddersfield Town,74’,0:3,Laurent Depoitre,Steve Mounié,substitute_in
ENG-Premier League,1718,2017-12-12 Huddersfield Town-Chelsea,Chelsea,80’,0:3,Ethan Ampadu,Andreas Christensen,substitute_in
ENG-Premier League,1718,2017-12-12 Huddersfield Town-Chelsea,Huddersfield Town,90+2’,1:3,Laurent Depoitre,Florent Hadergjonaj,goal
ENG-Premier League,1718,2017-12-23 Southampton-Huddersfield Town,Southampton,24’,1:0,Charlie Austin,Wesley Hoedt,goal
ENG-Premier League,1718,2017-12-23 Southampton-Huddersfield Town,Southampton,54’,1:0,Wesley Hoedt,,yellow_card
ENG-Premier League,1718,2017-12-23 Southampton-Huddersfield Town,Huddersfield Town,61’,1:0,Tommy Smith,Florent Hadergjonaj,substitute_in
ENG-Premier League,1718,2017-12-23 Southampton-Huddersfield Town,Huddersfield Town,61’,1:0,Joe Lolley,Rajiv van La Parra,substitute_in
ENG-Premier League,1718,2017-12-23 Southampton-Huddersfield Town,Huddersfield Town,64’,1:1,Laurent Depoitre,Tommy Smith,goal
ENG-Premier League,1718,2017-12-23 Southampton-Huddersfield Town,Southampton,72’,1:1,Sofiane Boufal,Dušan Tadić,substitute_in
ENG-Premier League,1718,2017-12-23 Southampton-Huddersfield Town,Southampton,72’,1:1,Pierre Højbjerg,Steven Davis,substitute_in
ENG-Premier League,1718,2017-12-23 Southampton-Huddersfield Town,Southampton,79’,1:1,Manolo Gabbiadini,Charlie Austin,substitute_in
ENG-Premier League,1718,2017-12-23 Southampton-Huddersfield Town,Huddersfield Town,82’,1:1,Steve Mounié,Laurent Depoitre,substitute_in
ENG-Premier League,1718,2017-12-23 Southampton-Huddersfield Town,Southampton,90+7’,1:1,Nathan Redmond,,yellow_card
ENG-Premier League,1718,2017-12-23 Southampton-Huddersfield Town,Huddersfield Town,90+7’,1:1,Collin Quaner,,yellow_card
ENG-Premier League,1718,2017-10-28 Bournemouth-Chelsea,Bournemouth,46’,0:0,Jordon Ibe,Jermain Defoe,substitute_in
ENG-Premier League,1718,2017-10-28 Bournemouth-Chelsea,Chelsea,51’,0:1,Eden Hazard,Álvaro Morata,goal
ENG-Premier League,1718,2017-10-28 Bournemouth-Chelsea,Bournemouth,59’,0:1,Adam Smith,,yellow_card
ENG-Premier League,1718,2017-10-28 Bournemouth-Chelsea,Bournemouth,63’,0:1,Marc Pugh,Junior Stanislas,substitute_in
ENG-Premier League,1718,2017-10-28 Bournemouth-Chelsea,Bournemouth,74’,0:1,Callum Wilson,Benik Afobe,substitute_in
ENG-Premier League,1718,2017-10-28 Bournemouth-Chelsea,Chelsea,79’,0:1,Danny Drinkwater,Pedro,substitute_in
ENG-Premier League,1718,2017-10-28 Bournemouth-Chelsea,Chelsea,79’,0:1,Michy Batshuayi,Álvaro Morata,substitute_in
ENG-Premier League,1718,2017-10-28 Bournemouth-Chelsea,Chelsea,85’,0:1,Willian,Eden Hazard,substitute_in
ENG-Premier League,1718,2017-10-28 Bournemouth-Chelsea,Bournemouth,88’,0:1,Simon Francis,,yellow_card
ENG-Premier League,1718,2017-11-05 Chelsea-Manchester Utd,Chelsea,20’,0:0,Tiemoué Bakayoko,,yellow_card
ENG-Premier League,1718,2017-11-05 Chelsea-Manchester Utd,Manchester United,49’,0:0,Phil Jones,,yellow_card
ENG-Premier League,1718,2017-11-05 Chelsea-Manchester Utd,Manchester United,51’,0:0,Ander Herrera,,yellow_card
ENG-Premier League,1718,2017-11-05 Chelsea-Manchester Utd,Chelsea,55’,1:0,Álvaro Morata,César Azpilicueta,goal
ENG-Premier League,1718,2017-11-05 Chelsea-Manchester Utd,Manchester United,62’,1:0,Anthony Martial,Henrikh Mkhitaryan,substitute_in
ENG-Premier League,1718,2017-11-05 Chelsea-Manchester Utd,Manchester United,62’,1:0,Marouane Fellaini,Phil Jones,substitute_in
ENG-Premier League,1718,2017-11-05 Chelsea-Manchester Utd,Chelsea,66’,1:0,Antonio Rüdiger,Davide Zappacosta,substitute_in
ENG-Premier League,1718,2017-11-05 Chelsea-Manchester Utd,Manchester United,71’,1:0,Marouane Fellaini,,yellow_card
ENG-Premier League,1718,2017-11-05 Chelsea-Manchester Utd,Manchester United,78’,1:0,Jesse Lingard,Ashley Young,substitute_in
ENG-Premier League,1718,2017-11-05 Chelsea-Manchester Utd,Chelsea,79’,1:0,Danny Drinkwater,Cesc Fàbregas,substitute_in
ENG-Premier League,1718,2017-11-05 Chelsea-Manchester Utd,Chelsea,87’,1:0,Willian,Eden Hazard,substitute_in
ENG-Premier League,1718,2017-10-14 Crystal Palace-Chelsea,Crystal Palace,11’,1:0,César Azpilicueta,,own_goal
ENG-Premier League,1718,2017-10-14 Crystal Palace-Chelsea,Chelsea,18’,1:1,Tiemoué Bakayoko,Cesc Fàbregas,goal
ENG-Premier League,1718,2017-10-14 Crystal Palace-Chelsea,Chelsea,40’,1:1,Davide Zappacosta,Victor Moses,substitute_in
ENG-Premier League,1718,2017-10-14 Crystal Palace-Chelsea,Crystal Palace,45’,2:1,Wilfried Zaha,Mamadou Sakho,goal
ENG-Premier League,1718,2017-10-14 Crystal Palace-Chelsea,Chelsea,57’,2:1,Pedro,Michy Batshuayi,substitute_in
ENG-Premier League,1718,2017-10-14 Crystal Palace-Chelsea,Chelsea,65’,2:1,Charly Musonda Jr.,Willian,substitute_in
ENG-Premier League,1718,2017-10-14 Crystal Palace-Chelsea,Crystal Palace,71’,2:1,Luka Milivojević,,yellow_card
ENG-Premier League,1718,2017-10-14 Crystal Palace-Chelsea,Crystal Palace,75’,2:1,Jason Puncheon,Jeffrey Schlupp,substitute_in
ENG-Premier League,1718,2017-10-14 Crystal Palace-Chelsea,Crystal Palace,83’,2:1,Scott Dann,,yellow_card
ENG-Premier League,1718,2017-10-14 Crystal Palace-Chelsea,Crystal Palace,85’,2:1,Timothy Fosu-Mensah,James McArthur,substitute_in
ENG-Premier League,1718,2017-10-14 Crystal Palace-Chelsea,Crystal Palace,86’,2:1,Jaïro Riedewald,Yohan Cabaye,substitute_in
ENG-Premier League,1718,2017-10-14 Crystal Palace-Chelsea,Chelsea,87’,2:1,Tiemoué Bakayoko,,yellow_card
ENG-Premier League,1718,2017-08-12 Chelsea-Burnley,Chelsea,14’,0:0,Gary Cahill,,red_card
ENG-Premier League,1718,2017-08-12 Chelsea-Burnley,Chelsea,16’,0:0,Cesc Fàbregas,,yellow_card
ENG-Premier League,1718,2017-08-12 Chelsea-Burnley,Chelsea,18’,0:0,Andreas Christensen,Jeremie Boga,substitute_in
ENG-Premier League,1718,2017-08-12 Chelsea-Burnley,Burnley,24’,0:1,Sam Vokes,Matthew Lowton,goal
ENG-Premier League,1718,2017-08-12 Chelsea-Burnley,Burnley,39’,0:2,Stephen Ward,Jack Cork,goal
ENG-Premier League,1718,2017-08-12 Chelsea-Burnley,Chelsea,3’,0:0,Marcos Alonso,,yellow_card
ENG-Premier League,1718,2017-08-12 Chelsea-Burnley,Burnley,43’,0:3,Sam Vokes,Steven Defour,goal
ENG-Premier League,1718,2017-08-12 Chelsea-Burnley,Chelsea,59’,0:3,Álvaro Morata,Michy Batshuayi,substitute_in
ENG-Premier League,1718,2017-08-12 Chelsea-Burnley,Burnley,60’,0:3,Robbie Brady,,yellow_card
ENG-Premier League,1718,2017-08-12 Chelsea-Burnley,Burnley,63’,0:3,Ben Mee,,yellow_card
ENG-Premier League,1718,2017-08-12 Chelsea-Burnley,Chelsea,69’,1:3,Álvaro Morata,Willian,goal
ENG-Premier League,1718,2017-08-12 Chelsea-Burnley,Burnley,75’,1:3,Jonathan Walters,Steven Defour,substitute_in
ENG-Premier League,1718,2017-08-12 Chelsea-Burnley,Burnley,75’,1:3,Scott Arfield,Jóhann Berg Guðmundsson,substitute_in
ENG-Premier League,1718,2017-08-12 Chelsea-Burnley,Burnley,77’,1:3,Scott Arfield,,yellow_card
ENG-Premier League,1718,2017-08-12 Chelsea-Burnley,Chelsea,77’,1:3,David Luiz,,yellow_card
ENG-Premier League,1718,2017-08-12 Chelsea-Burnley,Chelsea,81’,1:3,Cesc Fàbregas,,yellow_red_card
ENG-Premier League,1718,2017-08-12 Chelsea-Burnley,Chelsea,88’,2:3,David Luiz,Álvaro Morata,goal
ENG-Premier League,1718,2017-08-12 Chelsea-Burnley,Chelsea,89’,2:3,Antonio Rüdiger,,yellow_card
ENG-Premier League,1718,2017-08-12 Chelsea-Burnley,Chelsea,90+2’,2:3,Charly Musonda Jr.,Andreas Christensen,substitute_in
ENG-Premier League,1718,2017-09-16 Crystal Palace-Southampton,Crystal Palace,33’,0:1,Yohan Cabaye,,yellow_card
ENG-Premier League,1718,2017-09-16 Crystal Palace-Southampton,Crystal Palace,50’,0:1,Jason Puncheon,,yellow_card
ENG-Premier League,1718,2017-09-16 Crystal Palace-Southampton,Crystal Palace,56’,0:1,Joel Ward,,yellow_card
ENG-Premier League,1718,2017-09-16 Crystal Palace-Southampton,Crystal Palace,67’,0:1,James McArthur,,yellow_card
ENG-Premier League,1718,2017-09-16 Crystal Palace-Southampton,Crystal Palace,69’,0:1,Luka Milivojević,James McArthur,substitute_in
ENG-Premier League,1718,2017-09-16 Crystal Palace-Southampton,Southampton,6’,0:1,Steven Davis,,goal
ENG-Premier League,1718,2017-09-16 Crystal Palace-Southampton,Southampton,77’,0:1,Shane Long,,yellow_card
ENG-Premier League,1718,2017-09-16 Crystal Palace-Southampton,Crystal Palace,78’,0:1,Bakary Sako,Ruben Loftus-Cheek,substitute_in
ENG-Premier League,1718,2017-09-16 Crystal Palace-Southampton,Crystal Palace,82’,0:1,Scott Dann,,yellow_card
ENG-Premier League,1718,2017-09-16 Crystal Palace-Southampton,Southampton,85’,0:1,James Ward-Prowse,Nathan Redmond,substitute_in
ENG-Premier League,1718,2017-09-16 Crystal Palace-Southampton,Southampton,87’,0:1,Virgil van Dijk,Dušan Tadić,substitute_in
ENG-Premier League,1718,2017-09-16 Crystal Palace-Southampton,Southampton,90+2’,0:1,Manolo Gabbiadini,Shane Long,substitute_in
ENG-Premier League,1718,2017-09-09 Leicester City-Chelsea,Chelsea,41’,0:1,Álvaro Morata,César Azpilicueta,goal
ENG-Premier League,1718,2017-09-09 Leicester City-Chelsea,Leicester City,46’,0:1,Andy King,Marc Albrighton,substitute_in
ENG-Premier League,1718,2017-09-09 Leicester City-Chelsea,Leicester City,46’,0:1,Demarai Gray,Islam Slimani,substitute_in
ENG-Premier League,1718,2017-09-09 Leicester City-Chelsea,Chelsea,50’,0:2,N'Golo Kanté,Antonio Rüdiger,goal
ENG-Premier League,1718,2017-09-09 Leicester City-Chelsea,Leicester City,62’,1:2,Jamie Vardy,,penalty_goal
ENG-Premier League,1718,2017-09-09 Leicester City-Chelsea,Chelsea,63’,1:2,Willian,Pedro,substitute_in
ENG-Premier League,1718,2017-09-09 Leicester City-Chelsea,Chelsea,74’,1:2,Davide Zappacosta,Victor Moses,substitute_in
ENG-Premier League,1718,2017-09-09 Leicester City-Chelsea,Leicester City,78’,1:2,Kelechi Iheanacho,Matty James,substitute_in
ENG-Premier League,1718,2017-09-09 Leicester City-Chelsea,Chelsea,78’,1:2,Eden Hazard,Cesc Fàbregas,substitute_in
ENG-Premier League,1718,2017-09-09 Leicester City-Chelsea,Leicester City,84’,1:2,Wilfred Ndidi,,yellow_card
ENG-Premier League,1718,2017-12-13 Newcastle United-Everton,Everton,27’,0:1,Wayne Rooney,,goal
ENG-Premier League,1718,2017-12-13 Newcastle United-Everton,Newcastle United,42’,0:1,Jonjo Shelvey,,yellow_card
ENG-Premier League,1718,2017-12-13 Newcastle United-Everton,Everton,48’,0:1,Mason Holgate,,yellow_card
ENG-Premier League,1718,2017-12-13 Newcastle United-Everton,Newcastle United,56’,0:1,Mikel Merino,,yellow_card
ENG-Premier League,1718,2017-12-13 Newcastle United-Everton,Everton,61’,0:1,Nikola Vlašić,Aaron Lennon,substitute_in
ENG-Premier League,1718,2017-12-13 Newcastle United-Everton,Newcastle United,67’,0:1,Joselu,Mohamed Diamé,substitute_in
ENG-Premier League,1718,2017-12-13 Newcastle United-Everton,Newcastle United,74’,0:1,Rolando Aarons,Matt Ritchie,substitute_in
ENG-Premier League,1718,2017-12-13 Newcastle United-Everton,Everton,77’,0:1,Tom Davies,Wayne Rooney,substitute_in
ENG-Premier League,1718,2017-12-13 Newcastle United-Everton,Everton,85’,0:1,Phil Jagielka,Gylfi Sigurðsson,substitute_in
ENG-Premier League,1718,2017-12-13 Newcastle United-Everton,Newcastle United,86’,0:1,Ayoze Pérez,Mikel Merino,substitute_in
ENG-Premier League,1718,2017-12-13 Newcastle United-Everton,Newcastle United,90+4’,0:1,Jonjo Shelvey,,yellow_red_card
ENG-Premier League,1718,2017-12-13 Newcastle United-Everton,Everton,90+4’,0:1,Dominic Calvert-Lewin,,yellow_card
ENG-Premier League,1718,2017-10-22 Everton-Arsenal,Everton,12’,1:0,Wayne Rooney,,goal
ENG-Premier League,1718,2017-10-22 Everton-Arsenal,Everton,16’,1:0,Ashley Williams,,yellow_card
ENG-Premier League,1718,2017-10-22 Everton-Arsenal,Everton,34’,1:0,Idrissa Gana Gueye,,yellow_card
ENG-Premier League,1718,2017-10-22 Everton-Arsenal,Arsenal,40’,1:1,Nacho Monreal,,goal
ENG-Premier League,1718,2017-10-22 Everton-Arsenal,Everton,46’,1:1,Tom Davies,Ashley Williams,substitute_in
ENG-Premier League,1718,2017-10-22 Everton-Arsenal,Arsenal,53’,1:2,Mesut Özil,Alexis Sánchez,goal
ENG-Premier League,1718,2017-10-22 Everton-Arsenal,Everton,68’,1:2,Idrissa Gana Gueye,,yellow_red_card
ENG-Premier League,1718,2017-10-22 Everton-Arsenal,Everton,74’,1:2,Ademola Lookman,Wayne Rooney,substitute_in
ENG-Premier League,1718,2017-10-22 Everton-Arsenal,Arsenal,74’,1:3,Alexandre Lacazette,Mesut Özil,goal
ENG-Premier League,1718,2017-10-22 Everton-Arsenal,Everton,75’,1:3,Oumar Niasse,Dominic Calvert-Lewin,substitute_in
ENG-Premier League,1718,2017-10-22 Everton-Arsenal,Arsenal,77’,1:3,Jack Wilshere,Alexandre Lacazette,substitute_in
ENG-Premier League,1718,2017-10-22 Everton-Arsenal,Arsenal,82’,1:3,Francis Coquelin,Mesut Özil,substitute_in
ENG-Premier League,1718,2017-10-22 Everton-Arsenal,Arsenal,86’,1:3,Laurent Koscielny,,yellow_card
ENG-Premier League,1718,2017-10-22 Everton-Arsenal,Everton,90+3’,2:4,Oumar Niasse,,goal
ENG-Premier League,1718,2017-10-22 Everton-Arsenal,Arsenal,90+5’,2:5,Alexis Sánchez,Aaron Ramsey,goal
ENG-Premier League,1718,2017-10-22 Everton-Arsenal,Arsenal,90’,1:4,Aaron Ramsey,Jack Wilshere,goal
ENG-Premier League,1718,2017-09-11 West Ham United-Huddersfield Town,Huddersfield Town,25’,0:0,Mathias Jørgensen,,yellow_card
ENG-Premier League,1718,2017-09-11 West Ham United-Huddersfield Town,Huddersfield Town,45’,0:0,Philip Billing,,yellow_card
ENG-Premier League,1718,2017-09-11 West Ham United-Huddersfield Town,West Ham United,49’,0:0,Pablo Zabaleta,,yellow_card
ENG-Premier League,1718,2017-09-11 West Ham United-Huddersfield Town,Huddersfield Town,63’,0:0,Scott Malone,Chris Löwe,substitute_in
ENG-Premier League,1718,2017-09-11 West Ham United-Huddersfield Town,West Ham United,64’,0:0,André Ayew,Javier Hernández,substitute_in
ENG-Premier League,1718,2017-09-11 West Ham United-Huddersfield Town,West Ham United,72’,1:0,Pedro Obiang,André Ayew,goal
ENG-Premier League,1718,2017-09-11 West Ham United-Huddersfield Town,Huddersfield Town,75’,1:0,Abdelhamid Sabiri,Elias Kachunga,substitute_in
ENG-Premier League,1718,2017-09-11 West Ham United-Huddersfield Town,West Ham United,77’,2:0,André Ayew,,goal
ENG-Premier League,1718,2017-09-11 West Ham United-Huddersfield Town,West Ham United,82’,2:0,Diafra Sakho,Andy Carroll,substitute_in
ENG-Premier League,1718,2017-09-11 West Ham United-Huddersfield Town,Huddersfield Town,83’,2:0,Laurent Depoitre,Philip Billing,substitute_in
ENG-Premier League,1718,2017-09-11 West Ham United-Huddersfield Town,West Ham United,90+3’,2:0,Declan Rice,Pedro Obiang,substitute_in
ENG-Premier League,1718,2017-11-20 Brighton-Stoke City,Stoke City,28’,0:1,Eric Maxim Choupo-Moting,Xherdan Shaqiri,goal
ENG-Premier League,1718,2017-11-20 Brighton-Stoke City,Brighton & Hove Albion,42’,0:1,Glenn Murray,,yellow_card
ENG-Premier League,1718,2017-11-20 Brighton-Stoke City,Brighton & Hove Albion,44’,1:1,Pascal Groß,Davy Pröpper,goal
ENG-Premier League,1718,2017-11-20 Brighton-Stoke City,Stoke City,45+1’,1:2,Kurt Zouma,,goal
ENG-Premier League,1718,2017-11-20 Brighton-Stoke City,Brighton & Hove Albion,60’,2:2,José Izquierdo,,goal
ENG-Premier League,1718,2017-11-20 Brighton-Stoke City,Stoke City,73’,2:2,Peter Crouch,Xherdan Shaqiri,substitute_in
ENG-Premier League,1718,2017-11-20 Brighton-Stoke City,Brighton & Hove Albion,74’,2:2,Solly March,José Izquierdo,substitute_in
ENG-Premier League,1718,2017-11-20 Brighton-Stoke City,Brighton & Hove Albion,84’,2:2,Ezequiel Schelotto,Anthony Knockaert,substitute_in
ENG-Premier League,1718,2017-11-20 Brighton-Stoke City,Brighton & Hove Albion,84’,2:2,Izzy Brown,Pascal Groß,substitute_in
ENG-Premier League,1718,2017-08-26 Bournemouth-Manchester City,Bournemouth,13’,1:0,Charlie Daniels,,goal
ENG-Premier League,1718,2017-08-26 Bournemouth-Manchester City,Manchester City,21’,1:1,Gabriel Jesus,David Silva,goal
ENG-Premier League,1718,2017-08-26 Bournemouth-Manchester City,Bournemouth,23’,1:1,Nathan Aké,,yellow_card
ENG-Premier League,1718,2017-08-26 Bournemouth-Manchester City,Manchester City,56’,1:1,David Silva,,yellow_card
ENG-Premier League,1718,2017-08-26 Bournemouth-Manchester City,Manchester City,56’,1:1,Vincent Kompany,,yellow_card
ENG-Premier League,1718,2017-08-26 Bournemouth-Manchester City,Manchester City,66’,1:1,Sergio Agüero,Bernardo Silva,substitute_in
ENG-Premier League,1718,2017-08-26 Bournemouth-Manchester City,Manchester City,67’,1:1,Nicolás Otamendi,,yellow_card
ENG-Premier League,1718,2017-08-26 Bournemouth-Manchester City,Bournemouth,73’,1:1,Benik Afobe,Jermain Defoe,substitute_in
ENG-Premier League,1718,2017-08-26 Bournemouth-Manchester City,Bournemouth,74’,1:1,Steve Cook,,yellow_card
ENG-Premier League,1718,2017-08-26 Bournemouth-Manchester City,Manchester City,79’,1:1,Benjamin Mendy,,yellow_card
ENG-Premier League,1718,2017-08-26 Bournemouth-Manchester City,Manchester City,82’,1:1,Leroy Sané,Gabriel Jesus,substitute_in
ENG-Premier League,1718,2017-08-26 Bournemouth-Manchester City,Bournemouth,85’,1:1,Tyrone Mings,,yellow_card
ENG-Premier League,1718,2017-08-26 Bournemouth-Manchester City,Manchester City,90+10’,1:2,John Stones,David Silva,substitute_in
ENG-Premier League,1718,2017-08-26 Bournemouth-Manchester City,Manchester City,90+3’,1:1,Raheem Sterling,,yellow_card
ENG-Premier League,1718,2017-08-26 Bournemouth-Manchester City,Bournemouth,90+4’,1:1,Lys Mousset,Benik Afobe,substitute_in
ENG-Premier League,1718,2017-08-26 Bournemouth-Manchester City,Bournemouth,90+5’,1:1,Adam Smith,,yellow_card
ENG-Premier League,1718,2017-08-26 Bournemouth-Manchester City,Bournemouth,90+7’,1:2,Harry Arter,,yellow_card
ENG-Premier League,1718,2017-08-26 Bournemouth-Manchester City,Manchester City,90+7’,1:2,Raheem Sterling,Danilo,goal
ENG-Premier League,1718,2017-08-26 Bournemouth-Manchester City,Manchester City,90+9’,1:2,Raheem Sterling,,yellow_red_card
ENG-Premier League,1718,2018-03-31 West Ham United-Southampton,West Ham United,13’,1:0,João Mário,Cheikhou Kouyaté,goal
ENG-Premier League,1718,2018-03-31 West Ham United-Southampton,West Ham United,17’,2:0,Marko Arnautović,,goal
ENG-Premier League,1718,2018-03-31 West Ham United-Southampton,West Ham United,45+4’,3:0,Marko Arnautović,Arthur Masuaku,goal
ENG-Premier League,1718,2018-03-31 West Ham United-Southampton,Southampton,46’,3:0,Shane Long,Manolo Gabbiadini,substitute_in
ENG-Premier League,1718,2018-03-31 West Ham United-Southampton,Southampton,54’,3:0,Mario Lemina,,yellow_card
ENG-Premier League,1718,2018-03-31 West Ham United-Southampton,Southampton,59’,3:0,Jack Stephens,,yellow_card
ENG-Premier League,1718,2018-03-31 West Ham United-Southampton,Southampton,67’,3:0,Sofiane Boufal,Nathan Redmond,substitute_in
ENG-Premier League,1718,2018-03-31 West Ham United-Southampton,West Ham United,80’,3:0,Jordan Hugill,Marko Arnautović,substitute_in
ENG-Premier League,1718,2018-03-31 West Ham United-Southampton,Southampton,80’,3:0,Dušan Tadić,,yellow_card
ENG-Premier League,1718,2018-03-31 West Ham United-Southampton,Southampton,83’,3:0,Guido Carrillo,Charlie Austin,substitute_in
ENG-Premier League,1718,2018-03-31 West Ham United-Southampton,West Ham United,89’,3:0,Josh Cullen,Cheikhou Kouyaté,substitute_in
ENG-Premier League,1718,2018-03-31 West Ham United-Southampton,West Ham United,9’,0:0,Edimilson Fernandes,Michail Antonio,substitute_in
ENG-Premier League,1718,2017-10-28 Watford-Stoke City,Stoke City,16’,0:1,Darren Fletcher,Xherdan Shaqiri,goal
ENG-Premier League,1718,2017-10-28 Watford-Stoke City,Watford,57’,0:1,Kiko Femenía,,yellow_card
ENG-Premier League,1718,2017-10-28 Watford-Stoke City,Watford,58’,0:1,Andre Gray,Étienne Capoue,substitute_in
ENG-Premier League,1718,2017-10-28 Watford-Stoke City,Stoke City,62’,0:1,Eric Maxim Choupo-Moting,,yellow_card
ENG-Premier League,1718,2017-10-28 Watford-Stoke City,Watford,76’,0:1,Richarlison,,yellow_card
ENG-Premier League,1718,2017-10-28 Watford-Stoke City,Stoke City,78’,0:1,Saido Berahino,Ramadan Sobhi,substitute_in
ENG-Premier League,1718,2017-10-28 Watford-Stoke City,Watford,80’,0:1,Will Hughes,André Carrillo,substitute_in
ENG-Premier League,1718,2017-10-28 Watford-Stoke City,Stoke City,85’,0:1,Xherdan Shaqiri,,yellow_card
ENG-Premier League,1718,2017-10-28 Watford-Stoke City,Watford,87’,0:1,Abdoulaye Doucouré,,yellow_card
ENG-Premier League,1718,2017-10-28 Watford-Stoke City,Stoke City,87’,0:1,Mame Biram Diouf,,yellow_card
ENG-Premier League,1718,2017-10-28 Watford-Stoke City,Stoke City,88’,0:1,Charlie Adam,Xherdan Shaqiri,substitute_in
ENG-Premier League,1718,2017-10-28 Watford-Stoke City,Watford,90+5’,0:1,Troy Deeney,,yellow_card
ENG-Premier League,1718,2017-10-28 Watford-Stoke City,Stoke City,90+5’,0:1,Joe Allen,,yellow_card
ENG-Premier League,1718,2017-10-21 Swansea City-Leicester City,Leicester City,15’,0:0,Christian Fuchs,,yellow_card
ENG-Premier League,1718,2017-10-21 Swansea City-Leicester City,Leicester City,24’,0:1,Federico Fernández,,own_goal
ENG-Premier League,1718,2017-10-21 Swansea City-Leicester City,Swansea City,46’,0:1,Ki Sung-yueng,Leon Britton,substitute_in
ENG-Premier League,1718,2017-10-21 Swansea City-Leicester City,Leicester City,49’,0:2,Shinji Okazaki,Riyad Mahrez,goal
ENG-Premier League,1718,2017-10-21 Swansea City-Leicester City,Swansea City,56’,1:2,Alfie Mawson,Jordan Ayew,goal
ENG-Premier League,1718,2017-10-21 Swansea City-Leicester City,Swansea City,56’,1:2,Nathan Dyer,Luciano Narsingh,substitute_in
ENG-Premier League,1718,2017-10-21 Swansea City-Leicester City,Leicester City,68’,1:2,Andy King,Shinji Okazaki,substitute_in
ENG-Premier League,1718,2017-10-21 Swansea City-Leicester City,Swansea City,78’,1:2,Wayne Routledge,Renato Sanches,substitute_in
ENG-Premier League,1718,2017-10-21 Swansea City-Leicester City,Leicester City,87’,1:2,Demarai Gray,Riyad Mahrez,substitute_in
ENG-Premier League,1718,2017-11-18 Liverpool-Southampton,Liverpool,31’,1:0,Mohamed Salah,Georginio Wijnaldum,goal
ENG-Premier League,1718,2017-11-18 Liverpool-Southampton,Liverpool,41’,2:0,Mohamed Salah,Philippe Coutinho,goal
ENG-Premier League,1718,2017-11-18 Liverpool-Southampton,Liverpool,43’,2:0,Dejan Lovren,,yellow_card
ENG-Premier League,1718,2017-11-18 Liverpool-Southampton,Southampton,55’,2:0,Charlie Austin,Dušan Tadić,substitute_in
ENG-Premier League,1718,2017-11-18 Liverpool-Southampton,Southampton,61’,2:0,Oriol Romeu,,yellow_card
ENG-Premier League,1718,2017-11-18 Liverpool-Southampton,Liverpool,68’,3:0,Philippe Coutinho,,goal
ENG-Premier League,1718,2017-11-18 Liverpool-Southampton,Liverpool,69’,3:0,Emre Can,Philippe Coutinho,substitute_in
ENG-Premier League,1718,2017-11-18 Liverpool-Southampton,Southampton,69’,3:0,James Ward-Prowse,Sofiane Boufal,substitute_in
ENG-Premier League,1718,2017-11-18 Liverpool-Southampton,Liverpool,74’,3:0,Alex Oxlade-Chamberlain,Sadio Mané,substitute_in
ENG-Premier League,1718,2017-11-18 Liverpool-Southampton,Southampton,79’,3:0,Manolo Gabbiadini,Shane Long,substitute_in
ENG-Premier League,1718,2017-11-18 Liverpool-Southampton,Liverpool,80’,3:0,James Milner,Mohamed Salah,substitute_in
ENG-Premier League,1718,2017-12-17 Bournemouth-Liverpool,Bournemouth,10’,0:0,Nathan Aké,,yellow_card
ENG-Premier League,1718,2017-12-17 Bournemouth-Liverpool,Liverpool,20’,0:1,Philippe Coutinho,Andrew Robertson,goal
ENG-Premier League,1718,2017-12-17 Bournemouth-Liverpool,Liverpool,26’,0:2,Dejan Lovren,Roberto Firmino,goal
ENG-Premier League,1718,2017-12-17 Bournemouth-Liverpool,Bournemouth,31’,0:2,Junior Stanislas,Joshua King,substitute_in
ENG-Premier League,1718,2017-12-17 Bournemouth-Liverpool,Liverpool,44’,0:3,Mohamed Salah,Alex Oxlade-Chamberlain,goal
ENG-Premier League,1718,2017-12-17 Bournemouth-Liverpool,Bournemouth,46’,0:3,Ryan Fraser,Marc Pugh,substitute_in
ENG-Premier League,1718,2017-12-17 Bournemouth-Liverpool,Bournemouth,56’,0:3,Steve Cook,Charlie Daniels,substitute_in
ENG-Premier League,1718,2017-12-17 Bournemouth-Liverpool,Liverpool,66’,0:4,Roberto Firmino,Philippe Coutinho,goal
ENG-Premier League,1718,2017-12-17 Bournemouth-Liverpool,Liverpool,71’,0:4,Adam Lallana,Mohamed Salah,substitute_in
ENG-Premier League,1718,2017-12-17 Bournemouth-Liverpool,Liverpool,73’,0:4,Adam Lallana,,yellow_card
ENG-Premier League,1718,2017-12-17 Bournemouth-Liverpool,Liverpool,76’,0:4,Dominic Solanke,Roberto Firmino,substitute_in
ENG-Premier League,1718,2017-12-17 Bournemouth-Liverpool,Liverpool,87’,0:4,Danny Ings,Philippe Coutinho,substitute_in
ENG-Premier League,1718,2018-05-05 Everton-Southampton,Southampton,45’,0:0,Charlie Austin,,yellow_card
ENG-Premier League,1718,2018-05-05 Everton-Southampton,Everton,46’,0:0,Ramiro Funes Mori,Yannick Bolasie,substitute_in
ENG-Premier League,1718,2018-05-05 Everton-Southampton,Southampton,46’,0:0,Nathan Redmond,Mario Lemina,substitute_in
ENG-Premier League,1718,2018-05-05 Everton-Southampton,Southampton,53’,0:0,Oriol Romeu,,yellow_card
ENG-Premier League,1718,2018-05-05 Everton-Southampton,Southampton,56’,0:1,Nathan Redmond,Cédric Soares,goal
ENG-Premier League,1718,2018-05-05 Everton-Southampton,Everton,58’,0:1,Oumar Niasse,Nikola Vlašić,substitute_in
ENG-Premier League,1718,2018-05-05 Everton-Southampton,Southampton,70’,0:1,James Ward-Prowse,Dušan Tadić,substitute_in
ENG-Premier League,1718,2018-05-05 Everton-Southampton,Southampton,71’,0:1,Maya Yoshida,,yellow_card
ENG-Premier League,1718,2018-05-05 Everton-Southampton,Southampton,76’,0:1,Shane Long,Charlie Austin,substitute_in
ENG-Premier League,1718,2018-05-05 Everton-Southampton,Everton,77’,0:1,Morgan Schneiderlin,,yellow_card
ENG-Premier League,1718,2018-05-05 Everton-Southampton,Everton,80’,0:1,Davy Klaassen,Phil Jagielka,substitute_in
ENG-Premier League,1718,2018-05-05 Everton-Southampton,Southampton,85’,0:1,Maya Yoshida,,yellow_red_card
ENG-Premier League,1718,2018-05-05 Everton-Southampton,Southampton,90+3’,0:1,Wesley Hoedt,,yellow_card
ENG-Premier League,1718,2018-05-05 Everton-Southampton,Everton,90+6’,1:1,Tom Davies,Idrissa Gana Gueye,goal
ENG-Premier League,1718,2018-05-05 Everton-Southampton,Everton,90+6’,1:1,Tom Davies,,yellow_card
ENG-Premier League,1718,2018-05-05 Everton-Southampton,Southampton,90+7’,1:1,Shane Long,,yellow_card
ENG-Premier League,1718,2018-03-01 Arsenal-Manchester City,Manchester City,15’,0:1,Bernardo Silva,Leroy Sané,goal
ENG-Premier League,1718,2018-03-01 Arsenal-Manchester City,Manchester City,19’,0:1,Nicolás Otamendi,,yellow_card
ENG-Premier League,1718,2018-03-01 Arsenal-Manchester City,Manchester City,28’,0:2,David Silva,Sergio Agüero,goal
ENG-Premier League,1718,2018-03-01 Arsenal-Manchester City,Arsenal,32’,0:2,Sead Kolašinac,,yellow_card
ENG-Premier League,1718,2018-03-01 Arsenal-Manchester City,Manchester City,33’,0:3,Leroy Sané,Kyle Walker,goal
ENG-Premier League,1718,2018-03-01 Arsenal-Manchester City,Arsenal,53’,0:3,Pierre-Emerick Aubameyang,Ederson,penalty_miss
ENG-Premier League,1718,2018-03-01 Arsenal-Manchester City,Manchester City,72’,0:3,Oleksandr Zinchenko,Kyle Walker,substitute_in
ENG-Premier League,1718,2018-03-01 Arsenal-Manchester City,Manchester City,82’,0:3,Yaya Touré,Sergio Agüero,substitute_in
ENG-Premier League,1718,2018-03-01 Arsenal-Manchester City,Manchester City,87’,0:3,Gabriel Jesus,David Silva,substitute_in
ENG-Premier League,1718,2017-08-26 Watford-Brighton,Brighton & Hove Albion,17’,0:0,Bruno,,yellow_card
ENG-Premier League,1718,2017-08-26 Watford-Brighton,Watford,24’,0:0,Miguel Britos,,red_card
ENG-Premier League,1718,2017-08-26 Watford-Brighton,Watford,28’,0:0,Craig Cathcart,Nordin Amrabat,substitute_in
ENG-Premier League,1718,2017-08-26 Watford-Brighton,Brighton & Hove Albion,46’,0:0,Liam Rosenior,Bruno,substitute_in
ENG-Premier League,1718,2017-08-26 Watford-Brighton,Watford,47’,0:0,André Carrillo,Craig Cathcart,substitute_in
ENG-Premier League,1718,2017-08-26 Watford-Brighton,Brighton & Hove Albion,81’,0:0,José Izquierdo,Anthony Knockaert,substitute_in
ENG-Premier League,1718,2017-08-26 Watford-Brighton,Watford,83’,0:0,Troy Deeney,Andre Gray,substitute_in
ENG-Premier League,1718,2017-08-26 Watford-Brighton,Brighton & Hove Albion,90+1’,0:0,Jamie Murphy,Pascal Groß,substitute_in
ENG-Premier League,1718,2018-05-13 Huddersfield Town-Arsenal,Arsenal,38’,0:1,Pierre-Emerick Aubameyang,Aaron Ramsey,goal
ENG-Premier League,1718,2018-05-13 Huddersfield Town-Arsenal,Huddersfield Town,61’,0:1,Laurent Depoitre,Tom Ince,substitute_in
ENG-Premier League,1718,2018-05-13 Huddersfield Town-Arsenal,Arsenal,67’,0:1,Danny Welbeck,Pierre-Emerick Aubameyang,substitute_in
ENG-Premier League,1718,2018-05-13 Huddersfield Town-Arsenal,Arsenal,68’,0:1,Nacho Monreal,Sead Kolašinac,substitute_in
ENG-Premier League,1718,2018-05-13 Huddersfield Town-Arsenal,Arsenal,72’,0:1,Ainsley Maitland-Niles,Alex Iwobi,substitute_in
ENG-Premier League,1718,2018-05-13 Huddersfield Town-Arsenal,Huddersfield Town,79’,0:1,Philip Billing,Steve Mounié,substitute_in
ENG-Premier League,1718,2018-05-13 Huddersfield Town-Arsenal,Huddersfield Town,87’,0:1,Dean Whitehead,Jonathan Hogg,substitute_in
ENG-Premier League,1718,2018-05-13 Huddersfield Town-Arsenal,Huddersfield Town,90+3’,0:1,Mathias Jørgensen,,yellow_card
ENG-Premier League,1718,2017-12-03 Manchester City-West Ham United,West Ham United,17’,0:0,Declan Rice,,yellow_card
ENG-Premier League,1718,2017-12-03 Manchester City-West Ham United,West Ham United,43’,0:0,Diafra Sakho,Cheikhou Kouyaté,substitute_in
ENG-Premier League,1718,2017-12-03 Manchester City-West Ham United,West Ham United,44’,0:1,Angelo Ogbonna,Aaron Cresswell,goal
ENG-Premier League,1718,2017-12-03 Manchester City-West Ham United,Manchester City,46’,0:1,Gabriel Jesus,Danilo,substitute_in
ENG-Premier League,1718,2017-12-03 Manchester City-West Ham United,Manchester City,57’,1:1,Nicolás Otamendi,Gabriel Jesus,goal
ENG-Premier League,1718,2017-12-03 Manchester City-West Ham United,Manchester City,59’,1:1,Kevin De Bruyne,,yellow_card
ENG-Premier League,1718,2017-12-03 Manchester City-West Ham United,West Ham United,69’,1:1,Marko Arnautović,Manuel Lanzini,substitute_in
ENG-Premier League,1718,2017-12-03 Manchester City-West Ham United,Manchester City,83’,2:1,David Silva,Kevin De Bruyne,goal
ENG-Premier League,1718,2017-12-03 Manchester City-West Ham United,Manchester City,85’,2:1,Fernandinho,Sergio Agüero,substitute_in
ENG-Premier League,1718,2017-12-03 Manchester City-West Ham United,West Ham United,88’,2:1,André Ayew,Michail Antonio,substitute_in
ENG-Premier League,1718,2017-12-03 Manchester City-West Ham United,Manchester City,90+3’,2:1,Bernardo Silva,Leroy Sané,substitute_in
ENG-Premier League,1718,2017-12-03 Manchester City-West Ham United,West Ham United,90+4’,2:1,Adrián,,yellow_card
ENG-Premier League,1718,2017-12-03 Manchester City-West Ham United,Manchester City,90+5’,2:1,Gabriel Jesus,,yellow_card
ENG-Premier League,1718,2017-08-12 Everton-Stoke City,Stoke City,29’,0:0,Joe Allen,,yellow_card
ENG-Premier League,1718,2017-08-12 Everton-Stoke City,Everton,45+1’,1:0,Wayne Rooney,Dominic Calvert-Lewin,goal
ENG-Premier League,1718,2017-08-12 Everton-Stoke City,Everton,46’,1:0,Cuco Martina,Ashley Williams,substitute_in
ENG-Premier League,1718,2017-08-12 Everton-Stoke City,Everton,60’,1:0,Tom Davies,Davy Klaassen,substitute_in
ENG-Premier League,1718,2017-08-12 Everton-Stoke City,Stoke City,72’,1:0,Peter Crouch,Saido Berahino,substitute_in
ENG-Premier League,1718,2017-08-12 Everton-Stoke City,Stoke City,72’,1:0,Eric Maxim Choupo-Moting,Bojan Krkić,substitute_in
ENG-Premier League,1718,2017-08-12 Everton-Stoke City,Everton,77’,1:0,Kevin Mirallas,Sandro Ramírez,substitute_in
ENG-Premier League,1718,2017-08-12 Everton-Stoke City,Everton,85’,1:0,Cuco Martina,,yellow_card
ENG-Premier League,1718,2017-10-21 Stoke City-Bournemouth,Bournemouth,16’,0:1,Andrew Surman,Junior Stanislas,goal
ENG-Premier League,1718,2017-10-21 Stoke City-Bournemouth,Bournemouth,18’,0:2,Junior Stanislas,,penalty_goal
ENG-Premier League,1718,2017-10-21 Stoke City-Bournemouth,Stoke City,59’,0:2,Peter Crouch,Glen Johnson,substitute_in
ENG-Premier League,1718,2017-10-21 Stoke City-Bournemouth,Bournemouth,62’,0:2,Steve Cook,Lys Mousset,substitute_in
ENG-Premier League,1718,2017-10-21 Stoke City-Bournemouth,Stoke City,63’,1:2,Mame Biram Diouf,Eric Maxim Choupo-Moting,goal
ENG-Premier League,1718,2017-10-21 Stoke City-Bournemouth,Bournemouth,67’,1:2,Lewis Cook,,yellow_card
ENG-Premier League,1718,2017-10-21 Stoke City-Bournemouth,Bournemouth,77’,1:2,Harry Arter,Lewis Cook,substitute_in
ENG-Premier League,1718,2017-10-21 Stoke City-Bournemouth,Stoke City,80’,1:2,Saido Berahino,Jesé,substitute_in
ENG-Premier League,1718,2017-10-21 Stoke City-Bournemouth,Bournemouth,87’,1:2,Marc Pugh,Jordon Ibe,substitute_in
ENG-Premier League,1718,2018-01-13 Huddersfield Town-West Ham United,West Ham United,25’,0:1,Mark Noble,,goal
ENG-Premier League,1718,2018-01-13 Huddersfield Town-West Ham United,Huddersfield Town,31’,0:1,Tommy Smith,,yellow_card
ENG-Premier League,1718,2018-01-13 Huddersfield Town-West Ham United,Huddersfield Town,40’,1:1,Joe Lolley,Aaron Mooy,goal
ENG-Premier League,1718,2018-01-13 Huddersfield Town-West Ham United,West Ham United,46’,1:2,Marko Arnautović,Cheikhou Kouyaté,goal
ENG-Premier League,1718,2018-01-13 Huddersfield Town-West Ham United,West Ham United,56’,1:3,Manuel Lanzini,Marko Arnautović,goal
ENG-Premier League,1718,2018-01-13 Huddersfield Town-West Ham United,West Ham United,61’,1:4,Manuel Lanzini,Marko Arnautović,goal
ENG-Premier League,1718,2018-01-13 Huddersfield Town-West Ham United,Huddersfield Town,65’,1:4,Alex Pritchard,Joe Lolley,substitute_in
ENG-Premier League,1718,2018-01-13 Huddersfield Town-West Ham United,Huddersfield Town,71’,1:4,Terence Kongolo,Tommy Smith,substitute_in
ENG-Premier League,1718,2018-01-13 Huddersfield Town-West Ham United,West Ham United,76’,1:4,Aaron Cresswell,,yellow_card
ENG-Premier League,1718,2018-01-13 Huddersfield Town-West Ham United,West Ham United,83’,1:4,André Ayew,Marko Arnautović,substitute_in
ENG-Premier League,1718,2018-01-13 Huddersfield Town-West Ham United,West Ham United,85’,1:4,Declan Rice,Manuel Lanzini,substitute_in
ENG-Premier League,1718,2017-11-18 Burnley-Swansea City,Burnley,17’,0:0,Stephen Ward,,yellow_card
ENG-Premier League,1718,2017-11-18 Burnley-Swansea City,Burnley,29’,1:0,Jack Cork,Robbie Brady,goal
ENG-Premier League,1718,2017-11-18 Burnley-Swansea City,Burnley,40’,2:0,Ashley Barnes,Jeff Hendrick,goal
ENG-Premier League,1718,2017-11-18 Burnley-Swansea City,Swansea City,46’,2:0,Wilfried Bony,Jordan Ayew,substitute_in
ENG-Premier League,1718,2017-11-18 Burnley-Swansea City,Swansea City,70’,2:0,Ki Sung-yueng,Leroy Fer,substitute_in
ENG-Premier League,1718,2017-11-18 Burnley-Swansea City,Burnley,80’,2:0,Sam Vokes,Jeff Hendrick,substitute_in
ENG-Premier League,1718,2017-11-18 Burnley-Swansea City,Swansea City,82’,2:0,Luciano Narsingh,Tammy Abraham,substitute_in
ENG-Premier League,1718,2017-11-18 Burnley-Swansea City,Swansea City,90+7’,2:0,Nathan Dyer,,yellow_card
ENG-Premier League,1718,2018-03-11 Bournemouth-Tottenham Hotspur,Tottenham Hotspur,18’,1:0,Danny Rose,,yellow_card
ENG-Premier League,1718,2018-03-11 Bournemouth-Tottenham Hotspur,Tottenham Hotspur,34’,1:0,Érik Lamela,Harry Kane,substitute_in
ENG-Premier League,1718,2018-03-11 Bournemouth-Tottenham Hotspur,Tottenham Hotspur,35’,1:1,Dele Alli,Serge Aurier,goal
ENG-Premier League,1718,2018-03-11 Bournemouth-Tottenham Hotspur,Bournemouth,61’,1:1,Dan Gosling,,yellow_card
ENG-Premier League,1718,2018-03-11 Bournemouth-Tottenham Hotspur,Tottenham Hotspur,62’,1:2,Son Heung-min,Dele Alli,goal
ENG-Premier League,1718,2018-03-11 Bournemouth-Tottenham Hotspur,Bournemouth,67’,1:2,Joshua King,Lys Mousset,substitute_in
ENG-Premier League,1718,2018-03-11 Bournemouth-Tottenham Hotspur,Bournemouth,67’,1:2,Jordon Ibe,Charlie Daniels,substitute_in
ENG-Premier League,1718,2018-03-11 Bournemouth-Tottenham Hotspur,Bournemouth,76’,1:2,Jermain Defoe,Junior Stanislas,substitute_in
ENG-Premier League,1718,2018-03-11 Bournemouth-Tottenham Hotspur,Bournemouth,7’,1:0,Junior Stanislas,Adam Smith,goal
ENG-Premier League,1718,2018-03-11 Bournemouth-Tottenham Hotspur,Tottenham Hotspur,81’,1:2,Kieran Trippier,Danny Rose,substitute_in
ENG-Premier League,1718,2018-03-11 Bournemouth-Tottenham Hotspur,Tottenham Hotspur,86’,1:2,Moussa Sissoko,Dele Alli,substitute_in
ENG-Premier League,1718,2018-03-11 Bournemouth-Tottenham Hotspur,Tottenham Hotspur,87’,1:3,Son Heung-min,Christian Eriksen,goal
ENG-Premier League,1718,2018-03-11 Bournemouth-Tottenham Hotspur,Tottenham Hotspur,90+1’,1:4,Serge Aurier,,goal
ENG-Premier League,1718,2018-01-30 Huddersfield Town-Liverpool,Liverpool,26’,0:1,Emre Can,,goal
ENG-Premier League,1718,2018-01-30 Huddersfield Town-Liverpool,Liverpool,45+1’,0:2,Roberto Firmino,Sadio Mané,goal
ENG-Premier League,1718,2018-01-30 Huddersfield Town-Liverpool,Huddersfield Town,63’,0:2,Collin Quaner,Steve Mounié,substitute_in
ENG-Premier League,1718,2018-01-30 Huddersfield Town-Liverpool,Liverpool,78’,0:3,Mohamed Salah,,penalty_goal
ENG-Premier League,1718,2018-01-30 Huddersfield Town-Liverpool,Huddersfield Town,79’,0:3,Tom Ince,Chris Löwe,substitute_in
ENG-Premier League,1718,2018-01-30 Huddersfield Town-Liverpool,Huddersfield Town,79’,0:3,Rajiv van La Parra,Aaron Mooy,substitute_in
ENG-Premier League,1718,2018-01-30 Huddersfield Town-Liverpool,Liverpool,83’,0:3,Alex Oxlade-Chamberlain,Mohamed Salah,substitute_in
ENG-Premier League,1718,2018-01-30 Huddersfield Town-Liverpool,Liverpool,83’,0:3,Georginio Wijnaldum,Jordan Henderson,substitute_in
ENG-Premier League,1718,2018-01-30 Huddersfield Town-Liverpool,Liverpool,89’,0:3,Dominic Solanke,Roberto Firmino,substitute_in
ENG-Premier League,1718,2018-05-09 Leicester City-Arsenal,Leicester City,14’,1:0,Kelechi Iheanacho,Fousseni Diabaté,goal
ENG-Premier League,1718,2018-05-09 Leicester City-Arsenal,Arsenal,15’,1:0,Konstantinos Mavropanos,,red_card
ENG-Premier League,1718,2018-05-09 Leicester City-Arsenal,Arsenal,19’,1:0,Shkodran Mustafi,Danny Welbeck,substitute_in
ENG-Premier League,1718,2018-05-09 Leicester City-Arsenal,Arsenal,53’,1:1,Pierre-Emerick Aubameyang,,goal
ENG-Premier League,1718,2018-05-09 Leicester City-Arsenal,Leicester City,72’,1:1,Demarai Gray,Fousseni Diabaté,substitute_in
ENG-Premier League,1718,2018-05-09 Leicester City-Arsenal,Arsenal,75’,1:1,Rob Holding,,yellow_card
ENG-Premier League,1718,2018-05-09 Leicester City-Arsenal,Leicester City,76’,2:1,Jamie Vardy,,penalty_goal
ENG-Premier League,1718,2018-05-09 Leicester City-Arsenal,Arsenal,77’,2:1,Granit Xhaka,,yellow_card
ENG-Premier League,1718,2018-05-09 Leicester City-Arsenal,Leicester City,78’,2:1,Danny Simpson,,yellow_card
ENG-Premier League,1718,2018-05-09 Leicester City-Arsenal,Leicester City,82’,2:1,Aleksandar Dragović,Danny Simpson,substitute_in
ENG-Premier League,1718,2018-05-09 Leicester City-Arsenal,Arsenal,84’,2:1,Eddie Nketiah,Alex Iwobi,substitute_in
ENG-Premier League,1718,2018-05-09 Leicester City-Arsenal,Leicester City,85’,2:1,Riyad Mahrez,,yellow_card
ENG-Premier League,1718,2018-05-09 Leicester City-Arsenal,Leicester City,88’,2:1,Harvey Barnes,Kelechi Iheanacho,substitute_in
ENG-Premier League,1718,2018-05-09 Leicester City-Arsenal,Leicester City,90’,3:1,Riyad Mahrez,Hamza Choudhury,goal
ENG-Premier League,1718,2017-12-02 Stoke City-Swansea City,Stoke City,36’,1:1,Xherdan Shaqiri,Joe Allen,goal
ENG-Premier League,1718,2017-12-02 Stoke City-Swansea City,Swansea City,3’,0:1,Wilfried Bony,Martin Olsson,goal
ENG-Premier League,1718,2017-12-02 Stoke City-Swansea City,Stoke City,40’,2:1,Mame Biram Diouf,Peter Crouch,goal
ENG-Premier League,1718,2017-12-02 Stoke City-Swansea City,Stoke City,53’,2:1,Kevin Wimmer,Bruno Martins Indi,substitute_in
ENG-Premier League,1718,2017-12-02 Stoke City-Swansea City,Stoke City,70’,2:1,Ramadan Sobhi,Eric Maxim Choupo-Moting,substitute_in
ENG-Premier League,1718,2017-12-02 Stoke City-Swansea City,Stoke City,70’,2:1,Ibrahim Afellay,Darren Fletcher,substitute_in
ENG-Premier League,1718,2017-12-02 Stoke City-Swansea City,Swansea City,73’,2:1,Tom Carroll,Sam Clucas,substitute_in
ENG-Premier League,1718,2017-12-02 Stoke City-Swansea City,Swansea City,73’,2:1,Oliver McBurnie,Jordan Ayew,substitute_in
ENG-Premier League,1718,2017-12-02 Stoke City-Swansea City,Stoke City,81’,2:1,Kevin Wimmer,,yellow_card
ENG-Premier League,1718,2017-12-02 Stoke City-Swansea City,Swansea City,85’,2:1,Renato Sanches,Leroy Fer,substitute_in
ENG-Premier League,1718,2017-12-02 Stoke City-Swansea City,Stoke City,90+5’,2:1,Xherdan Shaqiri,,yellow_card
ENG-Premier League,1718,2018-04-07 Watford-Burnley,Burnley,33’,0:0,Georges-Kévin N'Koudou,,yellow_card
ENG-Premier League,1718,2018-04-07 Watford-Burnley,Watford,56’,0:0,Abdoulaye Doucouré,,yellow_card
ENG-Premier League,1718,2018-04-07 Watford-Burnley,Watford,61’,1:0,Roberto Pereyra,,goal
ENG-Premier League,1718,2018-04-07 Watford-Burnley,Burnley,70’,1:1,Sam Vokes,,goal
ENG-Premier League,1718,2018-04-07 Watford-Burnley,Burnley,70’,1:1,Sam Vokes,Georges-Kévin N'Koudou,substitute_in
ENG-Premier League,1718,2018-04-07 Watford-Burnley,Burnley,73’,1:2,Jack Cork,Kevin Long,goal
ENG-Premier League,1718,2018-04-07 Watford-Burnley,Watford,76’,1:2,Stefano Okaka,Daryl Janmaat,substitute_in
ENG-Premier League,1718,2018-04-07 Watford-Burnley,Burnley,81’,1:2,Jeff Hendrick,Aaron Lennon,substitute_in
ENG-Premier League,1718,2018-04-07 Watford-Burnley,Watford,85’,1:2,André Carrillo,Abdoulaye Doucouré,substitute_in
ENG-Premier League,1718,2018-04-07 Watford-Burnley,Watford,85’,1:2,Richarlison,Will Hughes,substitute_in
ENG-Premier League,1718,2018-04-07 Watford-Burnley,Burnley,90+1’,1:2,Matthew Lowton,,yellow_card
ENG-Premier League,1718,2018-04-07 Watford-Burnley,Watford,90+3’,1:2,Stefano Okaka,,yellow_card
ENG-Premier League,1718,2017-10-29 Brighton-Southampton,Brighton & Hove Albion,52’,1:1,Glenn Murray,Pascal Groß,goal
ENG-Premier League,1718,2017-10-29 Brighton-Southampton,Brighton & Hove Albion,62’,1:1,Glenn Murray,,yellow_card
ENG-Premier League,1718,2017-10-29 Brighton-Southampton,Southampton,62’,1:1,Wesley Hoedt,,yellow_card
ENG-Premier League,1718,2017-10-29 Brighton-Southampton,Southampton,72’,1:1,Nathan Redmond,Sofiane Boufal,substitute_in
ENG-Premier League,1718,2017-10-29 Brighton-Southampton,Brighton & Hove Albion,79’,1:1,Shane Duffy,,yellow_card
ENG-Premier League,1718,2017-10-29 Brighton-Southampton,Southampton,7’,0:1,Steven Davis,,goal
ENG-Premier League,1718,2017-10-29 Brighton-Southampton,Brighton & Hove Albion,84’,1:1,Izzy Brown,Pascal Groß,substitute_in
ENG-Premier League,1718,2017-10-29 Brighton-Southampton,Southampton,84’,1:1,Pierre Højbjerg,James Ward-Prowse,substitute_in
ENG-Premier League,1718,2017-10-29 Brighton-Southampton,Southampton,84’,1:1,Shane Long,Dušan Tadić,substitute_in
ENG-Premier League,1718,2017-10-29 Brighton-Southampton,Brighton & Hove Albion,87’,1:1,Solly March,José Izquierdo,substitute_in
ENG-Premier League,1718,2017-10-29 Brighton-Southampton,Brighton & Hove Albion,90+1’,1:1,Gaëtan Bong,,yellow_card
ENG-Premier League,1718,2017-08-26 Crystal Palace-Swansea City,Crystal Palace,10’,0:0,Christian Benteke,,yellow_card
ENG-Premier League,1718,2017-08-26 Crystal Palace-Swansea City,Crystal Palace,41’,0:0,Martin Kelly,James Tomkins,substitute_in
ENG-Premier League,1718,2017-08-26 Crystal Palace-Swansea City,Swansea City,44’,0:1,Tammy Abraham,Leroy Fer,goal
ENG-Premier League,1718,2017-08-26 Crystal Palace-Swansea City,Crystal Palace,46’,0:1,Lee Chung-yong,Patrick van Aanholt,substitute_in
ENG-Premier League,1718,2017-08-26 Crystal Palace-Swansea City,Swansea City,48’,0:2,Jordan Ayew,Kyle Naughton,goal
ENG-Premier League,1718,2017-08-26 Crystal Palace-Swansea City,Crystal Palace,58’,0:2,Yohan Cabaye,Luka Milivojević,substitute_in
ENG-Premier League,1718,2017-08-26 Crystal Palace-Swansea City,Swansea City,70’,0:2,Wayne Routledge,Mike van der Hoorn,substitute_in
ENG-Premier League,1718,2017-08-26 Crystal Palace-Swansea City,Crystal Palace,77’,0:2,Joel Ward,,yellow_card
ENG-Premier League,1718,2017-08-26 Crystal Palace-Swansea City,Swansea City,78’,0:2,Oliver McBurnie,Tammy Abraham,substitute_in
ENG-Premier League,1718,2017-08-26 Crystal Palace-Swansea City,Crystal Palace,79’,0:2,Yohan Cabaye,,yellow_card
ENG-Premier League,1718,2017-08-26 Crystal Palace-Swansea City,Swansea City,80’,0:2,Leroy Fer,,yellow_card
ENG-Premier League,1718,2017-08-26 Crystal Palace-Swansea City,Swansea City,88’,0:2,Àngel Rangel,Kyle Naughton,substitute_in
ENG-Premier League,1718,2017-08-26 Crystal Palace-Swansea City,Crystal Palace,90+3’,0:2,Jason Puncheon,,yellow_card
ENG-Premier League,1718,2017-12-30 Bournemouth-Everton,Bournemouth,33’,1:0,Ryan Fraser,Joshua King,goal
ENG-Premier League,1718,2017-12-30 Bournemouth-Everton,Bournemouth,39’,1:0,Benik Afobe,Joshua King,substitute_in
ENG-Premier League,1718,2017-12-30 Bournemouth-Everton,Everton,46’,1:0,Wayne Rooney,James McCarthy,substitute_in
ENG-Premier League,1718,2017-12-30 Bournemouth-Everton,Everton,54’,1:0,Oumar Niasse,Dominic Calvert-Lewin,substitute_in
ENG-Premier League,1718,2017-12-30 Bournemouth-Everton,Everton,57’,1:1,Idrissa Gana Gueye,Oumar Niasse,goal
ENG-Premier League,1718,2017-12-30 Bournemouth-Everton,Everton,71’,1:1,Yannick Bolasie,Idrissa Gana Gueye,substitute_in
ENG-Premier League,1718,2017-12-30 Bournemouth-Everton,Bournemouth,78’,1:1,Harry Arter,Lewis Cook,substitute_in
ENG-Premier League,1718,2017-12-30 Bournemouth-Everton,Bournemouth,85’,1:1,Lys Mousset,Callum Wilson,substitute_in
ENG-Premier League,1718,2017-12-30 Bournemouth-Everton,Bournemouth,88’,2:1,Ryan Fraser,Adam Smith,goal
ENG-Premier League,1718,2018-02-04 Crystal Palace-Newcastle United,Newcastle United,22’,0:1,Mohamed Diamé,Ayoze Pérez,goal
ENG-Premier League,1718,2018-02-04 Crystal Palace-Newcastle United,Crystal Palace,45+2’,0:1,Mamadou Sakho,Martin Kelly,substitute_in
ENG-Premier League,1718,2018-02-04 Crystal Palace-Newcastle United,Crystal Palace,55’,1:1,Luka Milivojević,,penalty_goal
ENG-Premier League,1718,2018-02-04 Crystal Palace-Newcastle United,Newcastle United,57’,1:1,Christian Atsu,Kenedy,substitute_in
ENG-Premier League,1718,2018-02-04 Crystal Palace-Newcastle United,Newcastle United,57’,1:1,Paul Dummett,,yellow_card
ENG-Premier League,1718,2018-02-04 Crystal Palace-Newcastle United,Crystal Palace,64’,1:1,Timothy Fosu-Mensah,,yellow_card
ENG-Premier League,1718,2018-02-04 Crystal Palace-Newcastle United,Newcastle United,65’,1:1,Isaac Hayden,Mohamed Diamé,substitute_in
ENG-Premier League,1718,2018-02-04 Crystal Palace-Newcastle United,Newcastle United,80’,1:1,Mikel Merino,Ayoze Pérez,substitute_in
ENG-Premier League,1718,2017-12-10 Southampton-Arsenal,Southampton,3’,1:0,Charlie Austin,Dušan Tadić,goal
ENG-Premier League,1718,2017-12-10 Southampton-Arsenal,Arsenal,64’,1:0,Danny Welbeck,Per Mertesacker,substitute_in
ENG-Premier League,1718,2017-12-10 Southampton-Arsenal,Arsenal,69’,1:0,Jack Wilshere,Granit Xhaka,substitute_in
ENG-Premier League,1718,2017-12-10 Southampton-Arsenal,Arsenal,72’,1:0,Olivier Giroud,Alexandre Lacazette,substitute_in
ENG-Premier League,1718,2017-12-10 Southampton-Arsenal,Southampton,74’,1:0,Sofiane Boufal,Nathan Redmond,substitute_in
ENG-Premier League,1718,2017-12-10 Southampton-Arsenal,Arsenal,78’,1:0,Héctor Bellerín,,yellow_card
ENG-Premier League,1718,2017-12-10 Southampton-Arsenal,Southampton,82’,1:0,Jack Stephens,,yellow_card
ENG-Premier League,1718,2017-12-10 Southampton-Arsenal,Southampton,84’,1:0,Oriol Romeu,,yellow_card
ENG-Premier League,1718,2017-12-10 Southampton-Arsenal,Southampton,86’,1:0,Manolo Gabbiadini,Charlie Austin,substitute_in
ENG-Premier League,1718,2017-12-10 Southampton-Arsenal,Southampton,88’,1:1,Steven Davis,Dušan Tadić,substitute_in
ENG-Premier League,1718,2017-12-10 Southampton-Arsenal,Arsenal,88’,1:1,Olivier Giroud,Alexis Sánchez,goal
ENG-Premier League,1718,2017-12-10 Southampton-Arsenal,Arsenal,90’,1:1,Jack Wilshere,,yellow_card
ENG-Premier League,1718,2017-09-16 Huddersfield Town-Leicester City,Huddersfield Town,40’,0:0,Christopher Schindler,,yellow_card
ENG-Premier League,1718,2017-09-16 Huddersfield Town-Leicester City,Huddersfield Town,46’,1:0,Laurent Depoitre,Abdelhamid Sabiri,goal
ENG-Premier League,1718,2017-09-16 Huddersfield Town-Leicester City,Leicester City,50’,1:1,Jamie Vardy,,penalty_goal
ENG-Premier League,1718,2017-09-16 Huddersfield Town-Leicester City,Leicester City,65’,1:1,Demarai Gray,Marc Albrighton,substitute_in
ENG-Premier League,1718,2017-09-16 Huddersfield Town-Leicester City,Leicester City,69’,1:1,Shinji Okazaki,Kelechi Iheanacho,substitute_in
ENG-Premier League,1718,2017-09-16 Huddersfield Town-Leicester City,Huddersfield Town,74’,1:1,Collin Quaner,Elias Kachunga,substitute_in
ENG-Premier League,1718,2017-09-16 Huddersfield Town-Leicester City,Leicester City,80’,1:1,Shinji Okazaki,,yellow_card
ENG-Premier League,1718,2017-09-16 Huddersfield Town-Leicester City,Huddersfield Town,82’,1:1,Jonathan Hogg,Abdelhamid Sabiri,substitute_in
ENG-Premier League,1718,2017-09-16 Huddersfield Town-Leicester City,Leicester City,82’,1:1,Islam Slimani,Jamie Vardy,substitute_in
ENG-Premier League,1718,2017-09-16 Huddersfield Town-Leicester City,Huddersfield Town,90+2’,1:1,Rajiv van La Parra,Laurent Depoitre,substitute_in
ENG-Premier League,1718,2017-12-23 Manchester City-Bournemouth,Bournemouth,12’,0:0,Marc Pugh,Junior Stanislas,substitute_in
ENG-Premier League,1718,2017-12-23 Manchester City-Bournemouth,Manchester City,27’,1:0,Sergio Agüero,Fernandinho,goal
ENG-Premier League,1718,2017-12-23 Manchester City-Bournemouth,Manchester City,53’,2:0,Raheem Sterling,Sergio Agüero,goal
ENG-Premier League,1718,2017-12-23 Manchester City-Bournemouth,Bournemouth,63’,2:0,Adam Smith,,yellow_card
ENG-Premier League,1718,2017-12-23 Manchester City-Bournemouth,Manchester City,67’,2:0,Bernardo Silva,Leroy Sané,substitute_in
ENG-Premier League,1718,2017-12-23 Manchester City-Bournemouth,Bournemouth,72’,2:0,Benik Afobe,Callum Wilson,substitute_in
ENG-Premier League,1718,2017-12-23 Manchester City-Bournemouth,Bournemouth,72’,2:0,Lys Mousset,Jack Simpson,substitute_in
ENG-Premier League,1718,2017-12-23 Manchester City-Bournemouth,Manchester City,74’,2:0,İlkay Gündoğan,Kevin De Bruyne,substitute_in
ENG-Premier League,1718,2017-12-23 Manchester City-Bournemouth,Manchester City,79’,3:0,Sergio Agüero,Bernardo Silva,goal
ENG-Premier League,1718,2017-12-23 Manchester City-Bournemouth,Manchester City,81’,3:0,Danilo,Fabian Delph,substitute_in
ENG-Premier League,1718,2017-12-23 Manchester City-Bournemouth,Manchester City,85’,4:0,Danilo,Raheem Sterling,goal
ENG-Premier League,1718,2018-05-13 Newcastle United-Chelsea,Newcastle United,23’,1:0,Dwight Gayle,,goal
ENG-Premier League,1718,2018-05-13 Newcastle United-Chelsea,Newcastle United,48’,1:0,Joselu,Dwight Gayle,substitute_in
ENG-Premier League,1718,2018-05-13 Newcastle United-Chelsea,Newcastle United,59’,2:0,Ayoze Pérez,Jonjo Shelvey,goal
ENG-Premier League,1718,2018-05-13 Newcastle United-Chelsea,Chelsea,62’,2:0,Tiemoué Bakayoko,,yellow_card
ENG-Premier League,1718,2018-05-13 Newcastle United-Chelsea,Newcastle United,63’,3:0,Ayoze Pérez,Florian Lejeune,goal
ENG-Premier League,1718,2018-05-13 Newcastle United-Chelsea,Newcastle United,72’,3:0,Isaac Hayden,Matt Ritchie,substitute_in
ENG-Premier League,1718,2018-05-13 Newcastle United-Chelsea,Chelsea,76’,3:0,Álvaro Morata,Olivier Giroud,substitute_in
ENG-Premier League,1718,2018-05-13 Newcastle United-Chelsea,Chelsea,77’,3:0,Willian,Ross Barkley,substitute_in
ENG-Premier League,1718,2018-05-13 Newcastle United-Chelsea,Chelsea,82’,3:0,Pedro,Eden Hazard,substitute_in
ENG-Premier League,1718,2018-05-13 Newcastle United-Chelsea,Newcastle United,87’,3:0,Massadio Haïdara,Mohamed Diamé,substitute_in
ENG-Premier League,1718,2018-04-22 Manchester City-Swansea City,Manchester City,12’,1:0,David Silva,,goal
ENG-Premier League,1718,2018-04-22 Manchester City-Swansea City,Manchester City,16’,2:0,Raheem Sterling,Fabian Delph,goal
ENG-Premier League,1718,2018-04-22 Manchester City-Swansea City,Swansea City,40’,2:0,Martin Olsson,,yellow_card
ENG-Premier League,1718,2018-04-22 Manchester City-Swansea City,Manchester City,54’,3:0,Kevin De Bruyne,Danilo,goal
ENG-Premier League,1718,2018-04-22 Manchester City-Swansea City,Manchester City,64’,4:0,Bernardo Silva,,goal
ENG-Premier League,1718,2018-04-22 Manchester City-Swansea City,Manchester City,64’,4:0,Gabriel Jesus,Łukasz Fabiański,penalty_miss
ENG-Premier League,1718,2018-04-22 Manchester City-Swansea City,Manchester City,65’,4:0,Yaya Touré,Kevin De Bruyne,substitute_in
ENG-Premier League,1718,2018-04-22 Manchester City-Swansea City,Swansea City,65’,4:0,Sam Clucas,Ki Sung-yueng,substitute_in
ENG-Premier League,1718,2018-04-22 Manchester City-Swansea City,Swansea City,67’,4:0,Kyle Bartley,Federico Fernández,substitute_in
ENG-Premier League,1718,2018-04-22 Manchester City-Swansea City,Manchester City,71’,4:0,Phil Foden,Raheem Sterling,substitute_in
ENG-Premier League,1718,2018-04-22 Manchester City-Swansea City,Manchester City,75’,4:0,Benjamin Mendy,Fabian Delph,substitute_in
ENG-Premier League,1718,2018-04-22 Manchester City-Swansea City,Swansea City,75’,4:0,Tammy Abraham,Martin Olsson,substitute_in
ENG-Premier League,1718,2018-04-22 Manchester City-Swansea City,Manchester City,88’,5:0,Gabriel Jesus,Yaya Touré,goal
ENG-Premier League,1718,2018-01-31 Chelsea-Bournemouth,Chelsea,28’,0:0,Antonio Rüdiger,Andreas Christensen,substitute_in
ENG-Premier League,1718,2018-01-31 Chelsea-Bournemouth,Bournemouth,51’,0:1,Callum Wilson,Jordon Ibe,goal
ENG-Premier League,1718,2018-01-31 Chelsea-Bournemouth,Chelsea,54’,0:1,Cesc Fàbregas,Ross Barkley,substitute_in
ENG-Premier League,1718,2018-01-31 Chelsea-Bournemouth,Bournemouth,64’,0:2,Junior Stanislas,Callum Wilson,goal
ENG-Premier League,1718,2018-01-31 Chelsea-Bournemouth,Chelsea,65’,0:2,Callum Hudson-Odoi,Davide Zappacosta,substitute_in
ENG-Premier League,1718,2018-01-31 Chelsea-Bournemouth,Bournemouth,67’,0:3,Nathan Aké,,goal
ENG-Premier League,1718,2018-01-31 Chelsea-Bournemouth,Bournemouth,71’,0:3,Joshua King,Junior Stanislas,substitute_in
ENG-Premier League,1718,2018-01-31 Chelsea-Bournemouth,Chelsea,77’,0:3,Cesc Fàbregas,,yellow_card
ENG-Premier League,1718,2018-01-31 Chelsea-Bournemouth,Bournemouth,83’,0:3,Marc Pugh,Jordon Ibe,substitute_in
ENG-Premier League,1718,2018-01-31 Chelsea-Bournemouth,Bournemouth,90+2’,0:3,Lys Mousset,Callum Wilson,substitute_in
ENG-Premier League,1718,2017-09-23 West Ham United-Tottenham Hotspur,West Ham United,28’,0:0,Andy Carroll,Michail Antonio,substitute_in
ENG-Premier League,1718,2017-09-23 West Ham United-Tottenham Hotspur,Tottenham Hotspur,34’,0:1,Harry Kane,Dele Alli,goal
ENG-Premier League,1718,2017-09-23 West Ham United-Tottenham Hotspur,Tottenham Hotspur,38’,0:2,Harry Kane,,goal
ENG-Premier League,1718,2017-09-23 West Ham United-Tottenham Hotspur,Tottenham Hotspur,60’,0:3,Christian Eriksen,,goal
ENG-Premier League,1718,2017-09-23 West Ham United-Tottenham Hotspur,Tottenham Hotspur,64’,0:3,Serge Aurier,,yellow_card
ENG-Premier League,1718,2017-09-23 West Ham United-Tottenham Hotspur,West Ham United,65’,1:3,Javier Hernández,José Fonte,goal
ENG-Premier League,1718,2017-09-23 West Ham United-Tottenham Hotspur,West Ham United,66’,1:3,André Ayew,Marko Arnautović,substitute_in
ENG-Premier League,1718,2017-09-23 West Ham United-Tottenham Hotspur,Tottenham Hotspur,70’,1:3,Serge Aurier,,yellow_red_card
ENG-Premier League,1718,2017-09-23 West Ham United-Tottenham Hotspur,Tottenham Hotspur,73’,1:3,Harry Winks,Christian Eriksen,substitute_in
ENG-Premier League,1718,2017-09-23 West Ham United-Tottenham Hotspur,West Ham United,74’,1:3,Arthur Masuaku,José Fonte,substitute_in
ENG-Premier League,1718,2017-09-23 West Ham United-Tottenham Hotspur,Tottenham Hotspur,78’,1:3,Kieran Trippier,Moussa Sissoko,substitute_in
ENG-Premier League,1718,2017-09-23 West Ham United-Tottenham Hotspur,West Ham United,81’,1:3,Javier Hernández,,yellow_card
ENG-Premier League,1718,2017-09-23 West Ham United-Tottenham Hotspur,West Ham United,87’,2:3,Cheikhou Kouyaté,Arthur Masuaku,goal
ENG-Premier League,1718,2017-09-23 West Ham United-Tottenham Hotspur,Tottenham Hotspur,89’,2:3,Fernando Llorente,Harry Kane,substitute_in
ENG-Premier League,1718,2017-09-23 West Ham United-Tottenham Hotspur,West Ham United,90+3’,2:3,André Ayew,,yellow_card
ENG-Premier League,1718,2017-09-23 West Ham United-Tottenham Hotspur,West Ham United,90+6’,2:3,Winston Reid,,yellow_card
ENG-Premier League,1718,2017-09-23 West Ham United-Tottenham Hotspur,West Ham United,90+6’,2:3,Andy Carroll,,yellow_card
ENG-Premier League,1718,2017-09-23 West Ham United-Tottenham Hotspur,Tottenham Hotspur,90+6’,2:3,Eric Dier,,yellow_card
ENG-Premier League,1718,2017-09-23 West Ham United-Tottenham Hotspur,Tottenham Hotspur,90+6’,2:3,Fernando Llorente,,yellow_card
ENG-Premier League,1718,2017-12-13 Tottenham Hotspur-Brighton,Tottenham Hotspur,40’,1:0,Serge Aurier,Harry Winks,goal
ENG-Premier League,1718,2017-12-13 Tottenham Hotspur-Brighton,Brighton & Hove Albion,41’,1:0,Anthony Knockaert,,yellow_card
ENG-Premier League,1718,2017-12-13 Tottenham Hotspur-Brighton,Tottenham Hotspur,45’,1:0,Danny Rose,,yellow_card
ENG-Premier League,1718,2017-12-13 Tottenham Hotspur-Brighton,Brighton & Hove Albion,62’,1:0,Solly March,José Izquierdo,substitute_in
ENG-Premier League,1718,2017-12-13 Tottenham Hotspur-Brighton,Tottenham Hotspur,67’,1:0,Mousa Dembélé,Harry Winks,substitute_in
ENG-Premier League,1718,2017-12-13 Tottenham Hotspur-Brighton,Brighton & Hove Albion,72’,1:0,Glenn Murray,Tomer Hemed,substitute_in
ENG-Premier League,1718,2017-12-13 Tottenham Hotspur-Brighton,Tottenham Hotspur,74’,1:0,Dele Alli,Érik Lamela,substitute_in
ENG-Premier League,1718,2017-12-13 Tottenham Hotspur-Brighton,Brighton & Hove Albion,78’,1:0,Pascal Groß,Beram Kayal,substitute_in
ENG-Premier League,1718,2017-12-13 Tottenham Hotspur-Brighton,Tottenham Hotspur,87’,2:0,Son Heung-min,Christian Eriksen,goal
ENG-Premier League,1718,2017-12-13 Tottenham Hotspur-Brighton,Tottenham Hotspur,90’,2:0,Ben Davies,Son Heung-min,substitute_in
ENG-Premier League,1718,2017-11-25 Manchester Utd-Brighton,Brighton & Hove Albion,59’,0:0,Glenn Murray,,yellow_card
ENG-Premier League,1718,2017-11-25 Manchester Utd-Brighton,Manchester United,62’,0:0,Zlatan Ibrahimović,Juan Mata,substitute_in
ENG-Premier League,1718,2017-11-25 Manchester Utd-Brighton,Manchester United,66’,1:0,Lewis Dunk,,own_goal
ENG-Premier League,1718,2017-11-25 Manchester Utd-Brighton,Manchester United,71’,1:0,Henrikh Mkhitaryan,Anthony Martial,substitute_in
ENG-Premier League,1718,2017-11-25 Manchester Utd-Brighton,Brighton & Hove Albion,74’,1:0,Tomer Hemed,Glenn Murray,substitute_in
ENG-Premier League,1718,2017-11-25 Manchester Utd-Brighton,Brighton & Hove Albion,75’,1:0,José Izquierdo,Solly March,substitute_in
ENG-Premier League,1718,2017-11-25 Manchester Utd-Brighton,Manchester United,80’,1:0,Marouane Fellaini,Marcus Rashford,substitute_in
ENG-Premier League,1718,2017-11-25 Manchester Utd-Brighton,Brighton & Hove Albion,87’,1:0,Shane Duffy,,yellow_card
ENG-Premier League,1718,2017-11-25 Manchester Utd-Brighton,Brighton & Hove Albion,88’,1:0,Izzy Brown,Pascal Groß,substitute_in
ENG-Premier League,1718,2018-04-14 Tottenham Hotspur-Manchester City,Manchester City,22’,0:1,Gabriel Jesus,Vincent Kompany,goal
ENG-Premier League,1718,2018-04-14 Tottenham Hotspur-Manchester City,Tottenham Hotspur,24’,0:1,Hugo Lloris,,yellow_card
ENG-Premier League,1718,2018-04-14 Tottenham Hotspur-Manchester City,Manchester City,25’,0:2,İlkay Gündoğan,,penalty_goal
ENG-Premier League,1718,2018-04-14 Tottenham Hotspur-Manchester City,Tottenham Hotspur,27’,0:2,Ben Davies,,yellow_card
ENG-Premier League,1718,2018-04-14 Tottenham Hotspur-Manchester City,Manchester City,41’,0:2,Kevin De Bruyne,,yellow_card
ENG-Premier League,1718,2018-04-14 Tottenham Hotspur-Manchester City,Tottenham Hotspur,42’,1:2,Christian Eriksen,,goal
ENG-Premier League,1718,2018-04-14 Tottenham Hotspur-Manchester City,Manchester City,45+1’,1:2,Gabriel Jesus,,yellow_card
ENG-Premier League,1718,2018-04-14 Tottenham Hotspur-Manchester City,Tottenham Hotspur,64’,1:2,Son Heung-min,Érik Lamela,substitute_in
ENG-Premier League,1718,2018-04-14 Tottenham Hotspur-Manchester City,Manchester City,64’,1:2,Nicolás Otamendi,Leroy Sané,substitute_in
ENG-Premier League,1718,2018-04-14 Tottenham Hotspur-Manchester City,Manchester City,66’,1:2,Vincent Kompany,,yellow_card
ENG-Premier League,1718,2018-04-14 Tottenham Hotspur-Manchester City,Tottenham Hotspur,70’,1:2,Mousa Dembélé,,yellow_card
ENG-Premier League,1718,2018-04-14 Tottenham Hotspur-Manchester City,Manchester City,72’,1:3,Raheem Sterling,,goal
ENG-Premier League,1718,2018-04-14 Tottenham Hotspur-Manchester City,Tottenham Hotspur,73’,1:3,Lucas Moura,Mousa Dembélé,substitute_in
ENG-Premier League,1718,2018-04-14 Tottenham Hotspur-Manchester City,Manchester City,76’,1:3,Bernardo Silva,Gabriel Jesus,substitute_in
ENG-Premier League,1718,2018-04-14 Tottenham Hotspur-Manchester City,Manchester City,77’,1:3,Fabian Delph,,yellow_card
ENG-Premier League,1718,2018-04-14 Tottenham Hotspur-Manchester City,Tottenham Hotspur,84’,1:3,Moussa Sissoko,Dele Alli,substitute_in
ENG-Premier League,1718,2018-04-14 Tottenham Hotspur-Manchester City,Manchester City,89’,1:3,Yaya Touré,Kevin De Bruyne,substitute_in
ENG-Premier League,1718,2017-12-12 Burnley-Stoke City,Burnley,41’,0:0,Charlie Taylor,Stephen Ward,substitute_in
ENG-Premier League,1718,2017-12-12 Burnley-Stoke City,Stoke City,66’,0:0,Kevin Wimmer,Kurt Zouma,substitute_in
ENG-Premier League,1718,2017-12-12 Burnley-Stoke City,Burnley,71’,0:0,Ashley Barnes,Jeff Hendrick,substitute_in
ENG-Premier League,1718,2017-12-12 Burnley-Stoke City,Burnley,82’,0:0,Sam Vokes,Chris Wood,substitute_in
ENG-Premier League,1718,2017-12-12 Burnley-Stoke City,Stoke City,84’,0:0,Eric Maxim Choupo-Moting,Xherdan Shaqiri,substitute_in
ENG-Premier League,1718,2017-12-12 Burnley-Stoke City,Burnley,89’,1:0,Ashley Barnes,Scott Arfield,goal
ENG-Premier League,1718,2018-05-09 Tottenham Hotspur-Newcastle United,Tottenham Hotspur,50’,1:0,Harry Kane,Son Heung-min,goal
ENG-Premier League,1718,2018-05-09 Tottenham Hotspur-Newcastle United,Tottenham Hotspur,57’,1:0,Dele Alli,,yellow_card
ENG-Premier League,1718,2018-05-09 Tottenham Hotspur-Newcastle United,Newcastle United,71’,1:0,Jacob Murphy,Kenedy,substitute_in
ENG-Premier League,1718,2018-05-09 Tottenham Hotspur-Newcastle United,Newcastle United,73’,1:0,Matt Ritchie,,yellow_card
ENG-Premier League,1718,2018-05-09 Tottenham Hotspur-Newcastle United,Newcastle United,76’,1:0,Joselu,Dwight Gayle,substitute_in
ENG-Premier League,1718,2018-05-09 Tottenham Hotspur-Newcastle United,Tottenham Hotspur,77’,1:0,Érik Lamela,Son Heung-min,substitute_in
ENG-Premier League,1718,2018-05-09 Tottenham Hotspur-Newcastle United,Newcastle United,80’,1:0,Mohamed Diamé,,yellow_card
ENG-Premier League,1718,2018-05-09 Tottenham Hotspur-Newcastle United,Tottenham Hotspur,83’,1:0,Toby Alderweireld,Kieran Trippier,substitute_in
ENG-Premier League,1718,2018-05-09 Tottenham Hotspur-Newcastle United,Tottenham Hotspur,88’,1:0,Danny Rose,Victor Wanyama,substitute_in
ENG-Premier League,1718,2018-05-09 Tottenham Hotspur-Newcastle United,Tottenham Hotspur,89’,1:0,Érik Lamela,,yellow_card
ENG-Premier League,1718,2018-05-09 Tottenham Hotspur-Newcastle United,Newcastle United,90+2’,1:0,DeAndre Yedlin,,yellow_card
ENG-Premier League,1718,2017-12-02 Brighton-Liverpool,Liverpool,30’,0:1,Emre Can,Philippe Coutinho,goal
ENG-Premier League,1718,2017-12-02 Brighton-Liverpool,Liverpool,31’,0:2,Roberto Firmino,Philippe Coutinho,goal
ENG-Premier League,1718,2017-12-02 Brighton-Liverpool,Liverpool,48’,0:3,Roberto Firmino,Mohamed Salah,goal
ENG-Premier League,1718,2017-12-02 Brighton-Liverpool,Brighton & Hove Albion,51’,1:3,Glenn Murray,,penalty_goal
ENG-Premier League,1718,2017-12-02 Brighton-Liverpool,Brighton & Hove Albion,61’,1:3,Bruno,,yellow_card
ENG-Premier League,1718,2017-12-02 Brighton-Liverpool,Brighton & Hove Albion,70’,1:3,Solly March,Anthony Knockaert,substitute_in
ENG-Premier League,1718,2017-12-02 Brighton-Liverpool,Brighton & Hove Albion,70’,1:3,José Izquierdo,Izzy Brown,substitute_in
ENG-Premier League,1718,2017-12-02 Brighton-Liverpool,Brighton & Hove Albion,77’,1:3,Ezequiel Schelotto,Bruno,substitute_in
ENG-Premier League,1718,2017-12-02 Brighton-Liverpool,Liverpool,80’,1:3,Alex Oxlade-Chamberlain,Mohamed Salah,substitute_in
ENG-Premier League,1718,2017-12-02 Brighton-Liverpool,Liverpool,87’,1:4,Philippe Coutinho,,goal
ENG-Premier League,1718,2017-12-02 Brighton-Liverpool,Liverpool,88’,1:4,Dominic Solanke,Roberto Firmino,substitute_in
ENG-Premier League,1718,2017-12-02 Brighton-Liverpool,Liverpool,89’,1:5,Lewis Dunk,,own_goal
ENG-Premier League,1718,2017-12-02 Brighton-Liverpool,Liverpool,90’,1:5,Marko Grujić,Jordan Henderson,substitute_in
ENG-Premier League,1718,2018-02-05 Watford-Chelsea,Chelsea,25’,0:0,Tiemoué Bakayoko,,yellow_card
ENG-Premier League,1718,2018-02-05 Watford-Chelsea,Chelsea,30’,0:0,Tiemoué Bakayoko,,yellow_red_card
ENG-Premier League,1718,2018-02-05 Watford-Chelsea,Chelsea,34’,0:0,Cesc Fàbregas,Willian,substitute_in
ENG-Premier League,1718,2018-02-05 Watford-Chelsea,Watford,42’,1:0,Troy Deeney,,penalty_goal
ENG-Premier League,1718,2018-02-05 Watford-Chelsea,Watford,45’,1:0,Richarlison,,yellow_card
ENG-Premier League,1718,2018-02-05 Watford-Chelsea,Watford,50’,1:0,Sebastian Prödl,,yellow_card
ENG-Premier League,1718,2018-02-05 Watford-Chelsea,Chelsea,58’,1:0,David Luiz,,yellow_card
ENG-Premier League,1718,2018-02-05 Watford-Chelsea,Chelsea,62’,1:0,Cesc Fàbregas,,yellow_card
ENG-Premier League,1718,2018-02-05 Watford-Chelsea,Chelsea,64’,1:0,Olivier Giroud,Pedro,substitute_in
ENG-Premier League,1718,2018-02-05 Watford-Chelsea,Watford,65’,1:0,Roberto Pereyra,Richarlison,substitute_in
ENG-Premier League,1718,2018-02-05 Watford-Chelsea,Chelsea,82’,1:1,Eden Hazard,,goal
ENG-Premier League,1718,2018-02-05 Watford-Chelsea,Watford,84’,2:1,Daryl Janmaat,Roberto Pereyra,goal
ENG-Premier League,1718,2018-02-05 Watford-Chelsea,Watford,88’,3:1,Gerard Deulofeu,Abdoulaye Doucouré,goal
ENG-Premier League,1718,2018-02-05 Watford-Chelsea,Watford,89’,3:1,André Carrillo,Gerard Deulofeu,substitute_in
ENG-Premier League,1718,2018-02-05 Watford-Chelsea,Watford,90+1’,4:1,Roberto Pereyra,Abdoulaye Doucouré,goal
ENG-Premier League,1718,2018-02-05 Watford-Chelsea,Watford,90+3’,4:1,Andre Gray,Troy Deeney,substitute_in
ENG-Premier League,1718,2017-12-26 West Brom-Everton,West Bromwich Albion,53’,0:0,Hal Robson-Kanu,Salomón Rondón,substitute_in
ENG-Premier League,1718,2017-12-26 West Brom-Everton,Everton,61’,0:0,Aaron Lennon,Yannick Bolasie,substitute_in
ENG-Premier League,1718,2017-12-26 West Brom-Everton,Everton,61’,0:0,Oumar Niasse,Dominic Calvert-Lewin,substitute_in
ENG-Premier League,1718,2017-12-26 West Brom-Everton,West Bromwich Albion,68’,0:0,Craig Dawson,,yellow_card
ENG-Premier League,1718,2017-12-26 West Brom-Everton,West Bromwich Albion,69’,0:0,Grzegorz Krychowiak,Jake Livermore,substitute_in
ENG-Premier League,1718,2017-12-26 West Brom-Everton,West Bromwich Albion,79’,0:0,Gareth Barry,,yellow_card
ENG-Premier League,1718,2017-12-26 West Brom-Everton,West Bromwich Albion,88’,0:0,James McClean,Matt Phillips,substitute_in
ENG-Premier League,1718,2017-12-26 West Brom-Everton,Everton,88’,0:0,Beni Baningime,Tom Davies,substitute_in
ENG-Premier League,1718,2017-08-27 Tottenham Hotspur-Burnley,Tottenham Hotspur,49’,1:0,Dele Alli,,goal
ENG-Premier League,1718,2017-08-27 Tottenham Hotspur-Burnley,Burnley,57’,1:0,Chris Wood,Jóhann Berg Guðmundsson,substitute_in
ENG-Premier League,1718,2017-08-27 Tottenham Hotspur-Burnley,Burnley,57’,1:0,Ashley Barnes,Sam Vokes,substitute_in
ENG-Premier League,1718,2017-08-27 Tottenham Hotspur-Burnley,Tottenham Hotspur,70’,1:0,Moussa Sissoko,Son Heung-min,substitute_in
ENG-Premier League,1718,2017-08-27 Tottenham Hotspur-Burnley,Burnley,81’,1:0,Ashley Westwood,Steven Defour,substitute_in
ENG-Premier League,1718,2017-08-27 Tottenham Hotspur-Burnley,Tottenham Hotspur,88’,1:0,Harry Winks,Christian Eriksen,substitute_in
ENG-Premier League,1718,2017-08-27 Tottenham Hotspur-Burnley,Burnley,90+2’,1:1,Chris Wood,Robbie Brady,goal
ENG-Premier League,1718,2017-08-27 Tottenham Hotspur-Burnley,Tottenham Hotspur,90+3’,1:1,Davinson Sánchez,Mousa Dembélé,substitute_in
ENG-Premier League,1718,2017-09-17 Manchester Utd-Everton,Manchester United,4’,1:0,Antonio Valencia,Nemanja Matić,goal
ENG-Premier League,1718,2017-09-17 Manchester Utd-Everton,Manchester United,61’,1:0,Jesse Lingard,Marcus Rashford,substitute_in
ENG-Premier League,1718,2017-09-17 Manchester Utd-Everton,Everton,63’,1:0,Ashley Williams,,yellow_card
ENG-Premier League,1718,2017-09-17 Manchester Utd-Everton,Everton,66’,1:0,Sandro Ramírez,Tom Davies,substitute_in
ENG-Premier League,1718,2017-09-17 Manchester Utd-Everton,Everton,76’,1:0,Dominic Calvert-Lewin,Idrissa Gana Gueye,substitute_in
ENG-Premier League,1718,2017-09-17 Manchester Utd-Everton,Manchester United,77’,1:0,Ander Herrera,Juan Mata,substitute_in
ENG-Premier League,1718,2017-09-17 Manchester Utd-Everton,Manchester United,82’,1:0,Eric Bailly,,yellow_card
ENG-Premier League,1718,2017-09-17 Manchester Utd-Everton,Everton,82’,1:0,Kevin Mirallas,Wayne Rooney,substitute_in
ENG-Premier League,1718,2017-09-17 Manchester Utd-Everton,Manchester United,83’,2:0,Henrikh Mkhitaryan,Romelu Lukaku,goal
ENG-Premier League,1718,2017-09-17 Manchester Utd-Everton,Manchester United,88’,2:0,Anthony Martial,Henrikh Mkhitaryan,substitute_in
ENG-Premier League,1718,2017-09-17 Manchester Utd-Everton,Manchester United,89’,3:0,Romelu Lukaku,Jesse Lingard,goal
ENG-Premier League,1718,2017-09-17 Manchester Utd-Everton,Manchester United,90+2’,4:0,Anthony Martial,,penalty_goal
ENG-Premier League,1718,2017-09-10 Burnley-Crystal Palace,Burnley,34’,1:0,Robbie Brady,,yellow_card
ENG-Premier League,1718,2017-09-10 Burnley-Crystal Palace,Burnley,36’,1:0,Nick Pope,Tom Heaton,substitute_in
ENG-Premier League,1718,2017-09-10 Burnley-Crystal Palace,Burnley,3’,1:0,Chris Wood,,goal
ENG-Premier League,1718,2017-09-10 Burnley-Crystal Palace,Burnley,64’,1:0,Ashley Barnes,Sam Vokes,substitute_in
ENG-Premier League,1718,2017-09-10 Burnley-Crystal Palace,Crystal Palace,65’,1:0,Levi Lumeka,Lee Chung-yong,substitute_in
ENG-Premier League,1718,2017-09-10 Burnley-Crystal Palace,Crystal Palace,75’,1:0,Christian Benteke,,yellow_card
ENG-Premier League,1718,2017-09-10 Burnley-Crystal Palace,Crystal Palace,81’,1:0,Jaïro Riedewald,James McArthur,substitute_in
ENG-Premier League,1718,2017-09-10 Burnley-Crystal Palace,Burnley,82’,1:0,Ashley Westwood,Steven Defour,substitute_in
ENG-Premier League,1718,2018-03-31 Crystal Palace-Liverpool,Liverpool,12’,0:0,Loris Karius,,yellow_card
ENG-Premier League,1718,2018-03-31 Crystal Palace-Liverpool,Crystal Palace,13’,1:0,Luka Milivojević,,penalty_goal
ENG-Premier League,1718,2018-03-31 Crystal Palace-Liverpool,Liverpool,24’,1:0,Sadio Mané,,yellow_card
ENG-Premier League,1718,2018-03-31 Crystal Palace-Liverpool,Crystal Palace,38’,1:0,Christian Benteke,,yellow_card
ENG-Premier League,1718,2018-03-31 Crystal Palace-Liverpool,Crystal Palace,45’,1:0,James McArthur,,yellow_card
ENG-Premier League,1718,2018-03-31 Crystal Palace-Liverpool,Liverpool,49’,1:1,Sadio Mané,James Milner,goal
ENG-Premier League,1718,2018-03-31 Crystal Palace-Liverpool,Liverpool,64’,1:1,Alex Oxlade-Chamberlain,Sadio Mané,substitute_in
ENG-Premier League,1718,2018-03-31 Crystal Palace-Liverpool,Liverpool,65’,1:1,Adam Lallana,Georginio Wijnaldum,substitute_in
ENG-Premier League,1718,2018-03-31 Crystal Palace-Liverpool,Liverpool,70’,1:1,Dejan Lovren,Adam Lallana,substitute_in
ENG-Premier League,1718,2018-03-31 Crystal Palace-Liverpool,Crystal Palace,73’,1:1,Ruben Loftus-Cheek,Yohan Cabaye,substitute_in
ENG-Premier League,1718,2018-03-31 Crystal Palace-Liverpool,Liverpool,84’,1:2,Mohamed Salah,Andrew Robertson,goal
ENG-Premier League,1718,2018-03-31 Crystal Palace-Liverpool,Crystal Palace,88’,1:2,Timothy Fosu-Mensah,Aaron Wan-Bissaka,substitute_in
ENG-Premier League,1718,2018-02-25 Manchester Utd-Chelsea,Chelsea,30’,0:0,N'Golo Kanté,,yellow_card
ENG-Premier League,1718,2018-02-25 Manchester Utd-Chelsea,Chelsea,32’,0:1,Willian,Eden Hazard,goal
ENG-Premier League,1718,2018-02-25 Manchester Utd-Chelsea,Manchester United,39’,1:1,Romelu Lukaku,Anthony Martial,goal
ENG-Premier League,1718,2018-02-25 Manchester Utd-Chelsea,Manchester United,64’,1:1,Jesse Lingard,Anthony Martial,substitute_in
ENG-Premier League,1718,2018-02-25 Manchester Utd-Chelsea,Manchester United,68’,1:1,Antonio Valencia,,yellow_card
ENG-Premier League,1718,2018-02-25 Manchester Utd-Chelsea,Chelsea,73’,1:1,Pedro,Eden Hazard,substitute_in
ENG-Premier League,1718,2018-02-25 Manchester Utd-Chelsea,Manchester United,75’,2:1,Jesse Lingard,Romelu Lukaku,goal
ENG-Premier League,1718,2018-02-25 Manchester Utd-Chelsea,Chelsea,78’,2:1,Olivier Giroud,Victor Moses,substitute_in
ENG-Premier League,1718,2018-02-25 Manchester Utd-Chelsea,Manchester United,81’,2:1,Eric Bailly,Alexis Sánchez,substitute_in
ENG-Premier League,1718,2018-02-25 Manchester Utd-Chelsea,Chelsea,81’,2:1,Cesc Fàbregas,Danny Drinkwater,substitute_in
ENG-Premier League,1718,2018-02-25 Manchester Utd-Chelsea,Manchester United,85’,2:1,Nemanja Matić,,yellow_card
ENG-Premier League,1718,2018-02-25 Manchester Utd-Chelsea,Chelsea,88’,2:1,Álvaro Morata,,yellow_card
ENG-Premier League,1718,2018-03-17 Liverpool-Watford,Liverpool,27’,1:0,James Milner,Emre Can,substitute_in
ENG-Premier League,1718,2018-03-17 Liverpool-Watford,Liverpool,43’,2:0,Mohamed Salah,Andrew Robertson,goal
ENG-Premier League,1718,2018-03-17 Liverpool-Watford,Liverpool,49’,3:0,Roberto Firmino,Mohamed Salah,goal
ENG-Premier League,1718,2018-03-17 Liverpool-Watford,Liverpool,4’,1:0,Mohamed Salah,Sadio Mané,goal
ENG-Premier League,1718,2018-03-17 Liverpool-Watford,Liverpool,52’,3:0,Joe Gomez,,yellow_card
ENG-Premier League,1718,2018-03-17 Liverpool-Watford,Watford,65’,3:0,Will Hughes,Richarlison,substitute_in
ENG-Premier League,1718,2018-03-17 Liverpool-Watford,Watford,70’,3:0,Stefano Okaka,Troy Deeney,substitute_in
ENG-Premier League,1718,2018-03-17 Liverpool-Watford,Liverpool,71’,3:0,Alex Oxlade-Chamberlain,Georginio Wijnaldum,substitute_in
ENG-Premier League,1718,2018-03-17 Liverpool-Watford,Liverpool,77’,4:0,Mohamed Salah,Sadio Mané,goal
ENG-Premier League,1718,2018-03-17 Liverpool-Watford,Liverpool,79’,4:0,Danny Ings,Roberto Firmino,substitute_in
ENG-Premier League,1718,2018-03-17 Liverpool-Watford,Watford,81’,4:0,Daryl Janmaat,Miguel Britos,substitute_in
ENG-Premier League,1718,2018-03-17 Liverpool-Watford,Liverpool,85’,5:0,Mohamed Salah,,goal
ENG-Premier League,1718,2018-03-05 Crystal Palace-Manchester Utd,Crystal Palace,11’,1:0,Andros Townsend,Christian Benteke,goal
ENG-Premier League,1718,2018-03-05 Crystal Palace-Manchester Utd,Manchester United,42’,1:0,Scott McTominay,,yellow_card
ENG-Premier League,1718,2018-03-05 Crystal Palace-Manchester Utd,Manchester United,46’,1:0,Marcus Rashford,Scott McTominay,substitute_in
ENG-Premier League,1718,2018-03-05 Crystal Palace-Manchester Utd,Crystal Palace,48’,2:0,Patrick van Aanholt,Jeffrey Schlupp,goal
ENG-Premier League,1718,2018-03-05 Crystal Palace-Manchester Utd,Manchester United,55’,2:1,Chris Smalling,Antonio Valencia,goal
ENG-Premier League,1718,2018-03-05 Crystal Palace-Manchester Utd,Manchester United,57’,2:1,Ashley Young,,yellow_card
ENG-Premier League,1718,2018-03-05 Crystal Palace-Manchester Utd,Manchester United,67’,2:1,Luke Shaw,Antonio Valencia,substitute_in
ENG-Premier League,1718,2018-03-05 Crystal Palace-Manchester Utd,Manchester United,67’,2:1,Juan Mata,Ashley Young,substitute_in
ENG-Premier League,1718,2018-03-05 Crystal Palace-Manchester Utd,Crystal Palace,75’,2:1,Andros Townsend,,yellow_card
ENG-Premier League,1718,2018-03-05 Crystal Palace-Manchester Utd,Manchester United,76’,2:2,Romelu Lukaku,,goal
ENG-Premier League,1718,2018-03-05 Crystal Palace-Manchester Utd,Crystal Palace,80’,2:2,Jaïro Riedewald,Jeffrey Schlupp,substitute_in
ENG-Premier League,1718,2018-03-05 Crystal Palace-Manchester Utd,Manchester United,90+1’,2:3,Nemanja Matić,,goal
ENG-Premier League,1718,2018-03-05 Crystal Palace-Manchester Utd,Manchester United,90+2’,2:3,Nemanja Matić,,yellow_card
ENG-Premier League,1718,2018-01-30 West Ham United-Crystal Palace,Crystal Palace,24’,0:1,Christian Benteke,Andros Townsend,goal
ENG-Premier League,1718,2018-01-30 West Ham United-Crystal Palace,Crystal Palace,41’,0:1,Yohan Cabaye,Bakary Sako,substitute_in
ENG-Premier League,1718,2018-01-30 West Ham United-Crystal Palace,West Ham United,43’,1:1,Mark Noble,,penalty_goal
ENG-Premier League,1718,2018-01-30 West Ham United-Crystal Palace,Crystal Palace,45+5’,1:1,James Tomkins,,yellow_card
ENG-Premier League,1718,2018-01-30 West Ham United-Crystal Palace,Crystal Palace,4’,0:0,Luka Milivojević,,yellow_card
ENG-Premier League,1718,2018-01-30 West Ham United-Crystal Palace,West Ham United,56’,1:1,Sam Byram,,yellow_card
ENG-Premier League,1718,2018-01-30 West Ham United-Crystal Palace,Crystal Palace,69’,1:1,Andros Townsend,,yellow_card
ENG-Premier League,1718,2018-01-30 West Ham United-Crystal Palace,West Ham United,86’,1:1,Reece Oxford,Cheikhou Kouyaté,substitute_in
ENG-Premier League,1718,2018-04-28 Crystal Palace-Leicester City,Crystal Palace,17’,1:0,Wilfried Zaha,James McArthur,goal
ENG-Premier League,1718,2018-04-28 Crystal Palace-Leicester City,Crystal Palace,38’,2:0,James McArthur,Wilfried Zaha,goal
ENG-Premier League,1718,2018-04-28 Crystal Palace-Leicester City,Leicester City,46’,2:0,Fousseni Diabaté,Kelechi Iheanacho,substitute_in
ENG-Premier League,1718,2018-04-28 Crystal Palace-Leicester City,Leicester City,46’,2:0,Adrien Silva,Hamza Choudhury,substitute_in
ENG-Premier League,1718,2018-04-28 Crystal Palace-Leicester City,Leicester City,51’,2:0,Aleksandar Dragović,Wilfred Ndidi,substitute_in
ENG-Premier League,1718,2018-04-28 Crystal Palace-Leicester City,Crystal Palace,53’,2:0,Yohan Cabaye,,yellow_card
ENG-Premier League,1718,2018-04-28 Crystal Palace-Leicester City,Leicester City,56’,2:0,Marc Albrighton,,red_card
ENG-Premier League,1718,2018-04-28 Crystal Palace-Leicester City,Leicester City,77’,2:0,Adrien Silva,,yellow_card
ENG-Premier League,1718,2018-04-28 Crystal Palace-Leicester City,Crystal Palace,81’,3:0,Ruben Loftus-Cheek,Mamadou Sakho,goal
ENG-Premier League,1718,2018-04-28 Crystal Palace-Leicester City,Crystal Palace,83’,3:0,Jeffrey Schlupp,James McArthur,substitute_in
ENG-Premier League,1718,2018-04-28 Crystal Palace-Leicester City,Crystal Palace,84’,4:0,Patrick van Aanholt,,goal
ENG-Premier League,1718,2018-04-28 Crystal Palace-Leicester City,Crystal Palace,86’,4:0,Lee Chung-yong,Ruben Loftus-Cheek,substitute_in
ENG-Premier League,1718,2018-04-28 Crystal Palace-Leicester City,Crystal Palace,86’,4:0,Christian Benteke,Andros Townsend,substitute_in
ENG-Premier League,1718,2018-04-28 Crystal Palace-Leicester City,Crystal Palace,90’,5:0,Christian Benteke,,penalty_goal
ENG-Premier League,1718,2018-02-24 Watford-Everton,Watford,53’,0:0,Étienne Capoue,,yellow_card
ENG-Premier League,1718,2018-02-24 Watford-Everton,Watford,56’,0:0,Stefano Okaka,Roberto Pereyra,substitute_in
ENG-Premier League,1718,2018-02-24 Watford-Everton,Watford,56’,0:0,Kiko Femenía,Richarlison,substitute_in
ENG-Premier League,1718,2018-02-24 Watford-Everton,Everton,57’,0:0,Cenk Tosun,Oumar Niasse,substitute_in
ENG-Premier League,1718,2018-02-24 Watford-Everton,Watford,63’,0:0,André Carrillo,Gerard Deulofeu,substitute_in
ENG-Premier League,1718,2018-02-24 Watford-Everton,Everton,64’,0:0,Idrissa Gana Gueye,,yellow_card
ENG-Premier League,1718,2018-02-24 Watford-Everton,Watford,79’,1:0,Troy Deeney,Stefano Okaka,goal
ENG-Premier League,1718,2018-02-24 Watford-Everton,Everton,82’,1:0,Yannick Bolasie,Gylfi Sigurðsson,substitute_in
ENG-Premier League,1718,2018-02-24 Watford-Everton,Everton,82’,1:0,Dominic Calvert-Lewin,Wayne Rooney,substitute_in
ENG-Premier League,1718,2018-02-24 Watford-Everton,Watford,88’,1:0,Daryl Janmaat,,yellow_card
ENG-Premier League,1718,2018-02-24 Watford-Everton,Watford,90+2’,1:0,André Carrillo,,yellow_card
ENG-Premier League,1718,2018-02-10 Tottenham Hotspur-Arsenal,Tottenham Hotspur,49’,1:0,Harry Kane,Ben Davies,goal
ENG-Premier League,1718,2018-02-10 Tottenham Hotspur-Arsenal,Arsenal,65’,1:0,Alexandre Lacazette,Henrikh Mkhitaryan,substitute_in
ENG-Premier League,1718,2018-02-10 Tottenham Hotspur-Arsenal,Arsenal,65’,1:0,Alex Iwobi,Mohamed Elneny,substitute_in
ENG-Premier League,1718,2018-02-10 Tottenham Hotspur-Arsenal,Tottenham Hotspur,70’,1:0,Érik Lamela,Son Heung-min,substitute_in
ENG-Premier League,1718,2018-02-10 Tottenham Hotspur-Arsenal,Arsenal,73’,1:0,Shkodran Mustafi,,yellow_card
ENG-Premier League,1718,2018-02-10 Tottenham Hotspur-Arsenal,Tottenham Hotspur,79’,1:0,Érik Lamela,,yellow_card
ENG-Premier League,1718,2018-02-10 Tottenham Hotspur-Arsenal,Tottenham Hotspur,85’,1:0,Victor Wanyama,Dele Alli,substitute_in
ENG-Premier League,1718,2018-02-10 Tottenham Hotspur-Arsenal,Arsenal,86’,1:0,Danny Welbeck,Granit Xhaka,substitute_in
ENG-Premier League,1718,2018-02-10 Tottenham Hotspur-Arsenal,Tottenham Hotspur,90+5’,1:0,Eric Dier,,yellow_card
ENG-Premier League,1718,2017-08-19 Swansea City-Manchester Utd,Manchester United,26’,0:0,Paul Pogba,,yellow_card
ENG-Premier League,1718,2017-08-19 Swansea City-Manchester Utd,Manchester United,45’,0:1,Eric Bailly,,goal
ENG-Premier League,1718,2017-08-19 Swansea City-Manchester Utd,Swansea City,67’,0:1,Wayne Routledge,Kyle Bartley,substitute_in
ENG-Premier League,1718,2017-08-19 Swansea City-Manchester Utd,Swansea City,67’,0:1,Luciano Narsingh,Roque Mesa,substitute_in
ENG-Premier League,1718,2017-08-19 Swansea City-Manchester Utd,Swansea City,73’,0:1,Leroy Fer,,yellow_card
ENG-Premier League,1718,2017-08-19 Swansea City-Manchester Utd,Manchester United,75’,0:1,Anthony Martial,Marcus Rashford,substitute_in
ENG-Premier League,1718,2017-08-19 Swansea City-Manchester Utd,Manchester United,75’,0:1,Marouane Fellaini,Juan Mata,substitute_in
ENG-Premier League,1718,2017-08-19 Swansea City-Manchester Utd,Manchester United,80’,0:2,Romelu Lukaku,Henrikh Mkhitaryan,goal
ENG-Premier League,1718,2017-08-19 Swansea City-Manchester Utd,Swansea City,82’,0:3,Oliver McBurnie,Tammy Abraham,substitute_in
ENG-Premier League,1718,2017-08-19 Swansea City-Manchester Utd,Manchester United,82’,0:3,Paul Pogba,Henrikh Mkhitaryan,goal
ENG-Premier League,1718,2017-08-19 Swansea City-Manchester Utd,Manchester United,84’,0:4,Anthony Martial,Paul Pogba,goal
ENG-Premier League,1718,2017-08-19 Swansea City-Manchester Utd,Manchester United,85’,0:4,Ander Herrera,Henrikh Mkhitaryan,substitute_in
ENG-Premier League,1718,2018-04-01 Arsenal-Stoke City,Arsenal,37’,0:0,Mohamed Elneny,,yellow_card
ENG-Premier League,1718,2018-04-01 Arsenal-Stoke City,Arsenal,61’,0:0,Alexandre Lacazette,Danny Welbeck,substitute_in
ENG-Premier League,1718,2018-04-01 Arsenal-Stoke City,Stoke City,61’,0:0,Saido Berahino,Mame Biram Diouf,substitute_in
ENG-Premier League,1718,2018-04-01 Arsenal-Stoke City,Stoke City,66’,0:0,Glen Johnson,,yellow_card
ENG-Premier League,1718,2018-04-01 Arsenal-Stoke City,Arsenal,75’,1:0,Pierre-Emerick Aubameyang,,penalty_goal
ENG-Premier League,1718,2018-04-01 Arsenal-Stoke City,Arsenal,76’,1:0,Henrikh Mkhitaryan,Jack Wilshere,substitute_in
ENG-Premier League,1718,2018-04-01 Arsenal-Stoke City,Arsenal,76’,1:0,Granit Xhaka,Mohamed Elneny,substitute_in
ENG-Premier League,1718,2018-04-01 Arsenal-Stoke City,Stoke City,80’,1:0,Peter Crouch,Ramadan Sobhi,substitute_in
ENG-Premier League,1718,2018-04-01 Arsenal-Stoke City,Arsenal,86’,2:0,Pierre-Emerick Aubameyang,,goal
ENG-Premier League,1718,2018-04-01 Arsenal-Stoke City,Arsenal,89’,3:0,Alexandre Lacazette,,penalty_goal
ENG-Premier League,1718,2018-04-01 Arsenal-Stoke City,Stoke City,90+1’,3:0,Joe Allen,,yellow_card
ENG-Premier League,1718,2018-01-20 Brighton-Chelsea,Brighton & Hove Albion,36’,0:2,Ezequiel Schelotto,,yellow_card
ENG-Premier League,1718,2018-01-20 Brighton-Chelsea,Chelsea,3’,0:1,Eden Hazard,,goal
ENG-Premier League,1718,2018-01-20 Brighton-Chelsea,Brighton & Hove Albion,56’,0:2,Shane Duffy,,yellow_card
ENG-Premier League,1718,2018-01-20 Brighton-Chelsea,Chelsea,58’,0:2,David Luiz,Andreas Christensen,substitute_in
ENG-Premier League,1718,2018-01-20 Brighton-Chelsea,Brighton & Hove Albion,68’,0:2,Glenn Murray,Tomer Hemed,substitute_in
ENG-Premier League,1718,2018-01-20 Brighton-Chelsea,Brighton & Hove Albion,68’,0:2,Beram Kayal,Pascal Groß,substitute_in
ENG-Premier League,1718,2018-01-20 Brighton-Chelsea,Chelsea,6’,0:2,Willian,Michy Batshuayi,goal
ENG-Premier League,1718,2018-01-20 Brighton-Chelsea,Chelsea,75’,0:2,Davide Zappacosta,Marcos Alonso,substitute_in
ENG-Premier League,1718,2018-01-20 Brighton-Chelsea,Chelsea,77’,0:3,Eden Hazard,Willian,goal
ENG-Premier League,1718,2018-01-20 Brighton-Chelsea,Brighton & Hove Albion,79’,0:3,Connor Goldson,,yellow_card
ENG-Premier League,1718,2018-01-20 Brighton-Chelsea,Chelsea,81’,0:3,Charly Musonda Jr.,Willian,substitute_in
ENG-Premier League,1718,2018-01-20 Brighton-Chelsea,Brighton & Hove Albion,83’,0:3,José Izquierdo,Solly March,substitute_in
ENG-Premier League,1718,2018-01-20 Brighton-Chelsea,Chelsea,89’,0:4,Victor Moses,Charly Musonda Jr.,goal
ENG-Premier League,1718,2017-10-28 Liverpool-Huddersfield Town,Huddersfield Town,34’,0:0,Elias Kachunga,Rajiv van La Parra,substitute_in
ENG-Premier League,1718,2017-10-28 Liverpool-Huddersfield Town,Huddersfield Town,41’,0:0,Tommy Smith,,yellow_card
ENG-Premier League,1718,2017-10-28 Liverpool-Huddersfield Town,Liverpool,42’,0:0,Mohamed Salah,Jonas Lössl,penalty_miss
ENG-Premier League,1718,2017-10-28 Liverpool-Huddersfield Town,Liverpool,50’,1:0,Daniel Sturridge,,goal
ENG-Premier League,1718,2017-10-28 Liverpool-Huddersfield Town,Liverpool,58’,2:0,Roberto Firmino,James Milner,goal
ENG-Premier League,1718,2017-10-28 Liverpool-Huddersfield Town,Liverpool,66’,2:0,Alex Oxlade-Chamberlain,Roberto Firmino,substitute_in
ENG-Premier League,1718,2017-10-28 Liverpool-Huddersfield Town,Huddersfield Town,69’,2:0,Steve Mounié,Danny Williams,substitute_in
ENG-Premier League,1718,2017-10-28 Liverpool-Huddersfield Town,Huddersfield Town,69’,2:0,Florent Hadergjonaj,Tommy Smith,substitute_in
ENG-Premier League,1718,2017-10-28 Liverpool-Huddersfield Town,Liverpool,74’,2:0,Emre Can,Daniel Sturridge,substitute_in
ENG-Premier League,1718,2017-10-28 Liverpool-Huddersfield Town,Liverpool,75’,3:0,Georginio Wijnaldum,Mohamed Salah,goal
ENG-Premier League,1718,2017-10-28 Liverpool-Huddersfield Town,Liverpool,81’,3:0,Dominic Solanke,Mohamed Salah,substitute_in
ENG-Premier League,1718,2018-03-11 Arsenal-Watford,Arsenal,55’,1:0,Shkodran Mustafi,,yellow_card
ENG-Premier League,1718,2018-03-11 Arsenal-Watford,Arsenal,59’,2:0,Pierre-Emerick Aubameyang,Henrikh Mkhitaryan,goal
ENG-Premier League,1718,2018-03-11 Arsenal-Watford,Watford,62’,2:0,Troy Deeney,Petr Čech,penalty_miss
ENG-Premier League,1718,2018-03-11 Arsenal-Watford,Watford,62’,2:0,Will Hughes,Kiko Femenía,substitute_in
ENG-Premier League,1718,2018-03-11 Arsenal-Watford,Arsenal,66’,2:0,Danny Welbeck,Alex Iwobi,substitute_in
ENG-Premier League,1718,2018-03-11 Arsenal-Watford,Watford,66’,2:0,José Holebas,,yellow_card
ENG-Premier League,1718,2018-03-11 Arsenal-Watford,Watford,67’,2:0,Stefano Okaka,Roberto Pereyra,substitute_in
ENG-Premier League,1718,2018-03-11 Arsenal-Watford,Arsenal,73’,2:0,Calum Chambers,Shkodran Mustafi,substitute_in
ENG-Premier League,1718,2018-03-11 Arsenal-Watford,Arsenal,77’,3:0,Henrikh Mkhitaryan,Pierre-Emerick Aubameyang,goal
ENG-Premier League,1718,2018-03-11 Arsenal-Watford,Arsenal,78’,3:0,Jack Wilshere,Henrikh Mkhitaryan,substitute_in
ENG-Premier League,1718,2018-03-11 Arsenal-Watford,Watford,80’,3:0,Miguel Britos,Daryl Janmaat,substitute_in
ENG-Premier League,1718,2018-03-11 Arsenal-Watford,Arsenal,8’,1:0,Shkodran Mustafi,Mesut Özil,goal
ENG-Premier League,1718,2018-03-11 Arsenal-Watford,Arsenal,90’,3:0,Granit Xhaka,,yellow_card
ENG-Premier League,1718,2017-09-30 Chelsea-Manchester City,Chelsea,35’,0:0,Willian,Álvaro Morata,substitute_in
ENG-Premier League,1718,2017-09-30 Chelsea-Manchester City,Manchester City,61’,0:0,Fernandinho,,yellow_card
ENG-Premier League,1718,2017-09-30 Chelsea-Manchester City,Manchester City,67’,0:1,Kevin De Bruyne,Gabriel Jesus,goal
ENG-Premier League,1718,2017-09-30 Chelsea-Manchester City,Chelsea,72’,0:1,Pedro,Eden Hazard,substitute_in
ENG-Premier League,1718,2017-09-30 Chelsea-Manchester City,Chelsea,73’,0:1,Michy Batshuayi,Tiemoué Bakayoko,substitute_in
ENG-Premier League,1718,2017-09-30 Chelsea-Manchester City,Manchester City,76’,0:1,Bernardo Silva,David Silva,substitute_in
ENG-Premier League,1718,2017-09-30 Chelsea-Manchester City,Manchester City,84’,0:1,İlkay Gündoğan,Leroy Sané,substitute_in
ENG-Premier League,1718,2017-09-30 Chelsea-Manchester City,Manchester City,89’,0:1,Nicolás Otamendi,,yellow_card
ENG-Premier League,1718,2017-09-30 Chelsea-Manchester City,Manchester City,90+3’,0:1,Danilo,Kevin De Bruyne,substitute_in
ENG-Premier League,1718,2018-03-10 Everton-Brighton,Brighton & Hove Albion,55’,0:0,Ezequiel Schelotto,,yellow_card
ENG-Premier League,1718,2018-03-10 Everton-Brighton,Everton,60’,1:0,Gaëtan Bong,,own_goal
ENG-Premier League,1718,2018-03-10 Everton-Brighton,Brighton & Hove Albion,69’,1:0,Jürgen Locadia,Beram Kayal,substitute_in
ENG-Premier League,1718,2018-03-10 Everton-Brighton,Everton,73’,1:0,Dominic Calvert-Lewin,Theo Walcott,substitute_in
ENG-Premier League,1718,2018-03-10 Everton-Brighton,Everton,76’,2:0,Cenk Tosun,Leighton Baines,goal
ENG-Premier League,1718,2018-03-10 Everton-Brighton,Brighton & Hove Albion,77’,2:0,Leonardo Ulloa,Glenn Murray,substitute_in
ENG-Premier League,1718,2018-03-10 Everton-Brighton,Everton,78’,2:0,Mason Holgate,Yannick Bolasie,substitute_in
ENG-Premier League,1718,2018-03-10 Everton-Brighton,Brighton & Hove Albion,80’,2:0,Anthony Knockaert,,red_card
ENG-Premier League,1718,2018-03-10 Everton-Brighton,Brighton & Hove Albion,82’,2:0,Markus Suttner,Gaëtan Bong,substitute_in
ENG-Premier League,1718,2018-03-10 Everton-Brighton,Everton,84’,2:0,Davy Klaassen,Tom Davies,substitute_in
ENG-Premier League,1718,2018-03-10 Everton-Brighton,Everton,88’,2:0,Wayne Rooney,Mathew Ryan,penalty_miss
ENG-Premier League,1718,2018-04-21 West Brom-Liverpool,Liverpool,4’,0:1,Danny Ings,Georginio Wijnaldum,goal
ENG-Premier League,1718,2018-04-21 West Brom-Liverpool,Liverpool,66’,0:1,Alex Oxlade-Chamberlain,Sadio Mané,substitute_in
ENG-Premier League,1718,2018-04-21 West Brom-Liverpool,Liverpool,66’,0:1,Roberto Firmino,Danny Ings,substitute_in
ENG-Premier League,1718,2018-04-21 West Brom-Liverpool,Liverpool,69’,0:1,Alberto Moreno,,yellow_card
ENG-Premier League,1718,2018-04-21 West Brom-Liverpool,West Bromwich Albion,71’,0:1,Jonny Evans,James McClean,substitute_in
ENG-Premier League,1718,2018-04-21 West Brom-Liverpool,Liverpool,72’,0:2,Mohamed Salah,Alex Oxlade-Chamberlain,goal
ENG-Premier League,1718,2018-04-21 West Brom-Liverpool,West Bromwich Albion,76’,0:2,Oliver Burke,Kieran Gibbs,substitute_in
ENG-Premier League,1718,2018-04-21 West Brom-Liverpool,West Bromwich Albion,79’,1:2,Jake Livermore,,goal
ENG-Premier League,1718,2018-04-21 West Brom-Liverpool,Liverpool,84’,1:2,Dejan Lovren,Mohamed Salah,substitute_in
ENG-Premier League,1718,2018-04-21 West Brom-Liverpool,West Bromwich Albion,88’,2:2,Salomón Rondón,Chris Brunt,goal
ENG-Premier League,1718,2018-04-21 West Brom-Liverpool,West Bromwich Albion,89’,2:2,Hal Robson-Kanu,Jay Rodriguez,substitute_in
ENG-Premier League,1718,2017-12-30 Liverpool-Leicester City,Leicester City,3’,0:1,Jamie Vardy,Riyad Mahrez,goal
ENG-Premier League,1718,2017-12-30 Liverpool-Leicester City,Liverpool,52’,1:1,Mohamed Salah,Sadio Mané,goal
ENG-Premier League,1718,2017-12-30 Liverpool-Leicester City,Liverpool,53’,1:1,Emre Can,,yellow_card
ENG-Premier League,1718,2017-12-30 Liverpool-Leicester City,Leicester City,53’,1:1,Harry Maguire,,yellow_card
ENG-Premier League,1718,2017-12-30 Liverpool-Leicester City,Leicester City,62’,1:1,Wilfred Ndidi,,yellow_card
ENG-Premier League,1718,2017-12-30 Liverpool-Leicester City,Liverpool,72’,1:1,Alex Oxlade-Chamberlain,Sadio Mané,substitute_in
ENG-Premier League,1718,2017-12-30 Liverpool-Leicester City,Leicester City,73’,1:1,Shinji Okazaki,Riyad Mahrez,substitute_in
ENG-Premier League,1718,2017-12-30 Liverpool-Leicester City,Leicester City,74’,1:1,Islam Slimani,Jamie Vardy,substitute_in
ENG-Premier League,1718,2017-12-30 Liverpool-Leicester City,Liverpool,76’,2:1,Mohamed Salah,James Milner,goal
ENG-Premier League,1718,2017-12-30 Liverpool-Leicester City,Liverpool,83’,2:1,Georginio Wijnaldum,Mohamed Salah,substitute_in
ENG-Premier League,1718,2017-12-30 Liverpool-Leicester City,Leicester City,83’,2:1,Matty James,Marc Albrighton,substitute_in
ENG-Premier League,1718,2017-12-30 Liverpool-Leicester City,Liverpool,89’,2:1,Ragnar Klavan,Philippe Coutinho,substitute_in
ENG-Premier League,1718,2017-12-30 Liverpool-Leicester City,Liverpool,8’,0:1,James Milner,,yellow_card
ENG-Premier League,1718,2017-12-30 Liverpool-Leicester City,Liverpool,90+1’,2:1,Andrew Robertson,,yellow_card
ENG-Premier League,1718,2017-11-29 Everton-West Ham United,Everton,18’,0:0,Wayne Rooney,Joe Hart,penalty_miss
ENG-Premier League,1718,2017-11-29 Everton-West Ham United,Everton,18’,1:0,Wayne Rooney,,goal
ENG-Premier League,1718,2017-11-29 Everton-West Ham United,West Ham United,26’,1:0,Pablo Zabaleta,,yellow_card
ENG-Premier League,1718,2017-11-29 Everton-West Ham United,Everton,28’,2:0,Wayne Rooney,Jonjoe Kenny,goal
ENG-Premier League,1718,2017-11-29 Everton-West Ham United,Everton,35’,2:0,Gylfi Sigurðsson,,yellow_card
ENG-Premier League,1718,2017-11-29 Everton-West Ham United,West Ham United,46’,2:0,Diafra Sakho,Pedro Obiang,substitute_in
ENG-Premier League,1718,2017-11-29 Everton-West Ham United,Everton,53’,2:0,Tom Davies,,yellow_card
ENG-Premier League,1718,2017-11-29 Everton-West Ham United,West Ham United,59’,2:0,Manuel Lanzini,Jordan Pickford,penalty_miss
ENG-Premier League,1718,2017-11-29 Everton-West Ham United,West Ham United,62’,2:0,Michail Antonio,Marko Arnautović,substitute_in
ENG-Premier League,1718,2017-11-29 Everton-West Ham United,Everton,66’,3:0,Wayne Rooney,,goal
ENG-Premier League,1718,2017-11-29 Everton-West Ham United,West Ham United,77’,3:0,Declan Rice,Winston Reid,substitute_in
ENG-Premier League,1718,2017-11-29 Everton-West Ham United,Everton,78’,4:0,Ashley Williams,Gylfi Sigurðsson,goal
ENG-Premier League,1718,2017-11-29 Everton-West Ham United,Everton,85’,4:0,Beni Baningime,Wayne Rooney,substitute_in
ENG-Premier League,1718,2017-11-29 Everton-West Ham United,Everton,89’,4:0,Ademola Lookman,Aaron Lennon,substitute_in
ENG-Premier League,1718,2017-11-29 Everton-West Ham United,Everton,90+1’,4:0,Nikola Vlašić,Dominic Calvert-Lewin,substitute_in
ENG-Premier League,1718,2017-12-30 Manchester Utd-Southampton,Manchester United,14’,0:0,Marcus Rashford,Romelu Lukaku,substitute_in
ENG-Premier League,1718,2017-12-30 Manchester Utd-Southampton,Southampton,26’,0:0,Pierre Højbjerg,,yellow_card
ENG-Premier League,1718,2017-12-30 Manchester Utd-Southampton,Southampton,44’,0:0,Wesley Hoedt,,yellow_card
ENG-Premier League,1718,2017-12-30 Manchester Utd-Southampton,Southampton,58’,0:0,Sofiane Boufal,,yellow_card
ENG-Premier League,1718,2017-12-30 Manchester Utd-Southampton,Manchester United,60’,0:0,Jesse Lingard,,yellow_card
ENG-Premier League,1718,2017-12-30 Manchester Utd-Southampton,Manchester United,65’,0:0,Anthony Martial,Henrikh Mkhitaryan,substitute_in
ENG-Premier League,1718,2017-12-30 Manchester Utd-Southampton,Manchester United,72’,0:0,Nemanja Matić,,yellow_card
ENG-Premier League,1718,2017-12-30 Manchester Utd-Southampton,Southampton,80’,0:0,James Ward-Prowse,,yellow_card
ENG-Premier League,1718,2017-12-30 Manchester Utd-Southampton,Southampton,80’,0:0,Manolo Gabbiadini,Shane Long,substitute_in
ENG-Premier League,1718,2017-12-30 Manchester Utd-Southampton,Southampton,82’,0:0,Mario Lemina,Dušan Tadić,substitute_in
ENG-Premier League,1718,2017-12-30 Manchester Utd-Southampton,Southampton,85’,0:0,Nathan Redmond,Sofiane Boufal,substitute_in
ENG-Premier League,1718,2018-02-03 Manchester Utd-Huddersfield Town,Huddersfield Town,23’,0:0,Philip Billing,,yellow_card
ENG-Premier League,1718,2018-02-03 Manchester Utd-Huddersfield Town,Manchester United,27’,0:0,Juan Mata,,yellow_card
ENG-Premier League,1718,2018-02-03 Manchester Utd-Huddersfield Town,Huddersfield Town,33’,0:0,Aaron Mooy,Philip Billing,substitute_in
ENG-Premier League,1718,2018-02-03 Manchester Utd-Huddersfield Town,Manchester United,45+2’,0:0,Alexis Sánchez,,yellow_card
ENG-Premier League,1718,2018-02-03 Manchester Utd-Huddersfield Town,Huddersfield Town,48’,0:0,Tommy Smith,,yellow_card
ENG-Premier League,1718,2018-02-03 Manchester Utd-Huddersfield Town,Manchester United,55’,1:0,Romelu Lukaku,Juan Mata,goal
ENG-Premier League,1718,2018-02-03 Manchester Utd-Huddersfield Town,Huddersfield Town,59’,1:0,Jonathan Hogg,,yellow_card
ENG-Premier League,1718,2018-02-03 Manchester Utd-Huddersfield Town,Huddersfield Town,59’,1:0,Michael Hefele,Christopher Schindler,substitute_in
ENG-Premier League,1718,2018-02-03 Manchester Utd-Huddersfield Town,Huddersfield Town,64’,1:0,Michael Hefele,,yellow_card
ENG-Premier League,1718,2018-02-03 Manchester Utd-Huddersfield Town,Manchester United,65’,1:0,Paul Pogba,Jesse Lingard,substitute_in
ENG-Premier League,1718,2018-02-03 Manchester Utd-Huddersfield Town,Manchester United,68’,2:0,Alexis Sánchez,,goal
ENG-Premier League,1718,2018-02-03 Manchester Utd-Huddersfield Town,Manchester United,68’,2:0,Alexis Sánchez,Jonas Lössl,penalty_miss
ENG-Premier League,1718,2018-02-03 Manchester Utd-Huddersfield Town,Huddersfield Town,69’,2:0,Tom Ince,Rajiv van La Parra,substitute_in
ENG-Premier League,1718,2018-02-03 Manchester Utd-Huddersfield Town,Manchester United,71’,2:0,Marcus Rashford,Juan Mata,substitute_in
ENG-Premier League,1718,2018-02-03 Manchester Utd-Huddersfield Town,Manchester United,77’,2:0,Anthony Martial,Romelu Lukaku,substitute_in
ENG-Premier League,1718,2018-02-03 Brighton-West Ham United,West Ham United,30’,1:1,Javier Hernández,João Mário,goal
ENG-Premier League,1718,2018-02-03 Brighton-West Ham United,Brighton & Hove Albion,50’,1:1,Lewis Dunk,,yellow_card
ENG-Premier League,1718,2018-02-03 Brighton-West Ham United,Brighton & Hove Albion,59’,2:1,José Izquierdo,,goal
ENG-Premier League,1718,2018-02-03 Brighton-West Ham United,Brighton & Hove Albion,60’,2:1,José Izquierdo,,yellow_card
ENG-Premier League,1718,2018-02-03 Brighton-West Ham United,West Ham United,66’,2:1,Michail Antonio,Declan Rice,substitute_in
ENG-Premier League,1718,2018-02-03 Brighton-West Ham United,Brighton & Hove Albion,72’,2:1,Leonardo Ulloa,Glenn Murray,substitute_in
ENG-Premier League,1718,2018-02-03 Brighton-West Ham United,Brighton & Hove Albion,75’,3:1,Pascal Groß,Davy Pröpper,goal
ENG-Premier League,1718,2018-02-03 Brighton-West Ham United,Brighton & Hove Albion,77’,3:1,Solly March,Anthony Knockaert,substitute_in
ENG-Premier League,1718,2018-02-03 Brighton-West Ham United,West Ham United,80’,3:1,Jordan Hugill,Sam Byram,substitute_in
ENG-Premier League,1718,2018-02-03 Brighton-West Ham United,Brighton & Hove Albion,81’,3:1,Dale Stephens,,yellow_card
ENG-Premier League,1718,2018-02-03 Brighton-West Ham United,Brighton & Hove Albion,83’,3:1,Beram Kayal,Pascal Groß,substitute_in
ENG-Premier League,1718,2018-02-03 Brighton-West Ham United,Brighton & Hove Albion,8’,1:0,Glenn Murray,Pascal Groß,goal
ENG-Premier League,1718,2018-02-03 Brighton-West Ham United,West Ham United,8’,0:0,Aaron Cresswell,,yellow_card
ENG-Premier League,1718,2017-10-15 Southampton-Newcastle United,Newcastle United,20’,0:1,Isaac Hayden,,goal
ENG-Premier League,1718,2017-10-15 Southampton-Newcastle United,Newcastle United,40’,0:1,DeAndre Yedlin,,yellow_card
ENG-Premier League,1718,2017-10-15 Southampton-Newcastle United,Southampton,49’,1:1,Manolo Gabbiadini,Nathan Redmond,goal
ENG-Premier League,1718,2017-10-15 Southampton-Newcastle United,Newcastle United,51’,1:2,Ayoze Pérez,,goal
ENG-Premier League,1718,2017-10-15 Southampton-Newcastle United,Southampton,57’,1:2,Sofiane Boufal,Nathan Redmond,substitute_in
ENG-Premier League,1718,2017-10-15 Southampton-Newcastle United,Newcastle United,63’,1:2,Mikel Merino,Ayoze Pérez,substitute_in
ENG-Premier League,1718,2017-10-15 Southampton-Newcastle United,Southampton,67’,1:2,Steven Davis,Oriol Romeu,substitute_in
ENG-Premier League,1718,2017-10-15 Southampton-Newcastle United,Newcastle United,68’,1:2,Dwight Gayle,Joselu,substitute_in
ENG-Premier League,1718,2017-10-15 Southampton-Newcastle United,Southampton,75’,2:2,Manolo Gabbiadini,,penalty_goal
ENG-Premier League,1718,2017-10-15 Southampton-Newcastle United,Southampton,77’,2:2,Manolo Gabbiadini,,yellow_card
ENG-Premier League,1718,2017-10-15 Southampton-Newcastle United,Newcastle United,79’,2:2,Isaac Hayden,,yellow_card
ENG-Premier League,1718,2017-10-15 Southampton-Newcastle United,Southampton,82’,2:2,Charlie Austin,Shane Long,substitute_in
ENG-Premier League,1718,2017-10-15 Southampton-Newcastle United,Newcastle United,82’,2:2,Jacob Murphy,Christian Atsu,substitute_in
ENG-Premier League,1718,2018-04-15 Newcastle United-Arsenal,Arsenal,14’,0:1,Alexandre Lacazette,Pierre-Emerick Aubameyang,goal
ENG-Premier League,1718,2018-04-15 Newcastle United-Arsenal,Newcastle United,29’,1:1,Ayoze Pérez,DeAndre Yedlin,goal
ENG-Premier League,1718,2018-04-15 Newcastle United-Arsenal,Newcastle United,63’,1:1,Islam Slimani,Dwight Gayle,substitute_in
ENG-Premier League,1718,2018-04-15 Newcastle United-Arsenal,Newcastle United,68’,2:1,Matt Ritchie,Ayoze Pérez,goal
ENG-Premier League,1718,2018-04-15 Newcastle United-Arsenal,Arsenal,68’,2:1,Danny Welbeck,Joe Willock,substitute_in
ENG-Premier League,1718,2018-04-15 Newcastle United-Arsenal,Arsenal,78’,2:1,Ainsley Maitland-Niles,Calum Chambers,substitute_in
ENG-Premier League,1718,2018-04-15 Newcastle United-Arsenal,Newcastle United,79’,2:1,Joselu,Ayoze Pérez,substitute_in
ENG-Premier League,1718,2018-04-15 Newcastle United-Arsenal,Newcastle United,86’,2:1,Jacob Murphy,Matt Ritchie,substitute_in
ENG-Premier League,1718,2018-04-15 Newcastle United-Arsenal,Arsenal,86’,2:1,Eddie Nketiah,Alex Iwobi,substitute_in
ENG-Premier League,1718,2018-04-15 Newcastle United-Arsenal,Newcastle United,90+1’,2:1,Islam Slimani,,yellow_card
ENG-Premier League,1718,2018-02-03 Burnley-Manchester City,Manchester City,22’,0:1,Danilo,Bernardo Silva,goal
ENG-Premier League,1718,2018-02-03 Burnley-Manchester City,Burnley,38’,0:1,Kevin Long,,yellow_card
ENG-Premier League,1718,2018-02-03 Burnley-Manchester City,Burnley,42’,0:1,Jack Cork,,yellow_card
ENG-Premier League,1718,2018-02-03 Burnley-Manchester City,Burnley,46’,0:1,Matthew Lowton,Phil Bardsley,substitute_in
ENG-Premier League,1718,2018-02-03 Burnley-Manchester City,Manchester City,64’,0:1,İlkay Gündoğan,,yellow_card
ENG-Premier League,1718,2018-02-03 Burnley-Manchester City,Burnley,73’,0:1,Ben Mee,,yellow_card
ENG-Premier League,1718,2018-02-03 Burnley-Manchester City,Manchester City,74’,0:1,Brahim Díaz,Raheem Sterling,substitute_in
ENG-Premier League,1718,2018-02-03 Burnley-Manchester City,Burnley,82’,1:1,Jóhann Berg Guðmundsson,Matthew Lowton,goal
ENG-Premier League,1718,2018-02-03 Burnley-Manchester City,Burnley,90+3’,1:1,Ashley Barnes,,yellow_card
ENG-Premier League,1718,2018-02-11 Newcastle United-Manchester Utd,Manchester United,64’,0:0,Chris Smalling,,yellow_card
ENG-Premier League,1718,2018-02-11 Newcastle United-Manchester Utd,Newcastle United,65’,1:0,Matt Ritchie,Dwight Gayle,goal
ENG-Premier League,1718,2018-02-11 Newcastle United-Manchester Utd,Manchester United,66’,1:0,Michael Carrick,Paul Pogba,substitute_in
ENG-Premier League,1718,2018-02-11 Newcastle United-Manchester Utd,Manchester United,66’,1:0,Juan Mata,Jesse Lingard,substitute_in
ENG-Premier League,1718,2018-02-11 Newcastle United-Manchester Utd,Manchester United,77’,1:0,Scott McTominay,Nemanja Matić,substitute_in
ENG-Premier League,1718,2018-02-11 Newcastle United-Manchester Utd,Newcastle United,80’,1:0,Joselu,Dwight Gayle,substitute_in
ENG-Premier League,1718,2018-02-11 Newcastle United-Manchester Utd,Newcastle United,84’,1:0,Christian Atsu,Kenedy,substitute_in
ENG-Premier League,1718,2018-02-11 Newcastle United-Manchester Utd,Manchester United,88’,1:0,Antonio Valencia,,yellow_card
ENG-Premier League,1718,2018-02-11 Newcastle United-Manchester Utd,Newcastle United,90+4’,1:0,Isaac Hayden,Ayoze Pérez,substitute_in
ENG-Premier League,1718,2018-04-07 Brighton-Huddersfield Town,Brighton & Hove Albion,29’,1:0,Jonas Lössl,,own_goal
ENG-Premier League,1718,2018-04-07 Brighton-Huddersfield Town,Huddersfield Town,32’,1:1,Steve Mounié,,goal
ENG-Premier League,1718,2018-04-07 Brighton-Huddersfield Town,Brighton & Hove Albion,58’,1:1,Shane Duffy,,yellow_card
ENG-Premier League,1718,2018-04-07 Brighton-Huddersfield Town,Brighton & Hove Albion,67’,1:1,Leonardo Ulloa,Glenn Murray,substitute_in
ENG-Premier League,1718,2018-04-07 Brighton-Huddersfield Town,Brighton & Hove Albion,74’,1:1,Davy Pröpper,,red_card
ENG-Premier League,1718,2018-04-07 Brighton-Huddersfield Town,Brighton & Hove Albion,76’,1:1,Beram Kayal,Pascal Groß,substitute_in
ENG-Premier League,1718,2018-04-07 Brighton-Huddersfield Town,Huddersfield Town,80’,1:1,Philip Billing,Jonathan Hogg,substitute_in
ENG-Premier League,1718,2018-04-07 Brighton-Huddersfield Town,Huddersfield Town,90+3’,1:1,Laurent Depoitre,Tom Ince,substitute_in
ENG-Premier League,1718,2018-04-07 Brighton-Huddersfield Town,Huddersfield Town,90’,1:1,Collin Quaner,Rajiv van La Parra,substitute_in
ENG-Premier League,1718,2017-11-18 Manchester Utd-Newcastle United,Newcastle United,12’,0:0,Isaac Hayden,,yellow_card
ENG-Premier League,1718,2017-11-18 Manchester Utd-Newcastle United,Newcastle United,14’,0:1,Dwight Gayle,DeAndre Yedlin,goal
ENG-Premier League,1718,2017-11-18 Manchester Utd-Newcastle United,Manchester United,37’,1:1,Anthony Martial,Paul Pogba,goal
ENG-Premier League,1718,2017-11-18 Manchester Utd-Newcastle United,Manchester United,45+1’,2:1,Chris Smalling,Ashley Young,goal
ENG-Premier League,1718,2017-11-18 Manchester Utd-Newcastle United,Manchester United,54’,3:1,Paul Pogba,Marcus Rashford,goal
ENG-Premier League,1718,2017-11-18 Manchester Utd-Newcastle United,Newcastle United,66’,3:1,Rolando Aarons,Matt Ritchie,substitute_in
ENG-Premier League,1718,2017-11-18 Manchester Utd-Newcastle United,Manchester United,67’,3:1,Chris Smalling,,yellow_card
ENG-Premier League,1718,2017-11-18 Manchester Utd-Newcastle United,Manchester United,70’,4:1,Romelu Lukaku,Juan Mata,goal
ENG-Premier League,1718,2017-11-18 Manchester Utd-Newcastle United,Manchester United,70’,4:1,Marouane Fellaini,Paul Pogba,substitute_in
ENG-Premier League,1718,2017-11-18 Manchester Utd-Newcastle United,Newcastle United,71’,4:1,Aleksandar Mitrović,Joselu,substitute_in
ENG-Premier League,1718,2017-11-18 Manchester Utd-Newcastle United,Manchester United,77’,4:1,Zlatan Ibrahimović,Anthony Martial,substitute_in
ENG-Premier League,1718,2017-11-18 Manchester Utd-Newcastle United,Newcastle United,77’,4:1,Mohamed Diamé,Dwight Gayle,substitute_in
ENG-Premier League,1718,2017-11-18 Manchester Utd-Newcastle United,Manchester United,83’,4:1,Ander Herrera,Juan Mata,substitute_in
ENG-Premier League,1718,2018-05-06 Manchester City-Huddersfield Town,Manchester City,57’,0:0,Benjamin Mendy,Fabian Delph,substitute_in
ENG-Premier League,1718,2018-05-06 Manchester City-Huddersfield Town,Huddersfield Town,60’,0:0,Laurent Depoitre,Steve Mounié,substitute_in
ENG-Premier League,1718,2018-05-06 Manchester City-Huddersfield Town,Huddersfield Town,66’,0:0,Tommy Smith,,yellow_card
ENG-Premier League,1718,2018-05-06 Manchester City-Huddersfield Town,Manchester City,67’,0:0,İlkay Gündoğan,Kevin De Bruyne,substitute_in
ENG-Premier League,1718,2018-05-06 Manchester City-Huddersfield Town,Manchester City,73’,0:0,Bernardo Silva,John Stones,substitute_in
ENG-Premier League,1718,2018-05-06 Manchester City-Huddersfield Town,Huddersfield Town,76’,0:0,Chris Löwe,,yellow_card
ENG-Premier League,1718,2018-05-06 Manchester City-Huddersfield Town,Huddersfield Town,78’,0:0,Scott Malone,Chris Löwe,substitute_in
ENG-Premier League,1718,2018-05-06 Manchester City-Huddersfield Town,Huddersfield Town,82’,0:0,Rajiv van La Parra,Alex Pritchard,substitute_in
ENG-Premier League,1718,2018-05-06 Manchester City-Huddersfield Town,Huddersfield Town,87’,0:0,Rajiv van La Parra,,yellow_card
ENG-Premier League,1718,2017-09-30 Manchester Utd-Crystal Palace,Manchester United,35’,2:0,Marouane Fellaini,Ashley Young,goal
ENG-Premier League,1718,2017-09-30 Manchester Utd-Crystal Palace,Manchester United,3’,1:0,Juan Mata,Marcus Rashford,goal
ENG-Premier League,1718,2017-09-30 Manchester Utd-Crystal Palace,Manchester United,49’,3:0,Marouane Fellaini,Marcus Rashford,goal
ENG-Premier League,1718,2017-09-30 Manchester Utd-Crystal Palace,Manchester United,66’,3:0,Jesse Lingard,Henrikh Mkhitaryan,substitute_in
ENG-Premier League,1718,2017-09-30 Manchester Utd-Crystal Palace,Crystal Palace,68’,3:0,James McArthur,Jeffrey Schlupp,substitute_in
ENG-Premier League,1718,2017-09-30 Manchester Utd-Crystal Palace,Crystal Palace,69’,3:0,Jaïro Riedewald,Jason Puncheon,substitute_in
ENG-Premier League,1718,2017-09-30 Manchester Utd-Crystal Palace,Manchester United,72’,3:0,Anthony Martial,Marcus Rashford,substitute_in
ENG-Premier League,1718,2017-09-30 Manchester Utd-Crystal Palace,Crystal Palace,74’,3:0,Freddie Ladapo,Bakary Sako,substitute_in
ENG-Premier League,1718,2017-09-30 Manchester Utd-Crystal Palace,Manchester United,77’,3:0,Ander Herrera,Juan Mata,substitute_in
ENG-Premier League,1718,2017-09-30 Manchester Utd-Crystal Palace,Manchester United,86’,4:0,Romelu Lukaku,Anthony Martial,goal
ENG-Premier League,1718,2017-09-24 Brighton-Newcastle United,Brighton & Hove Albion,13’,0:0,Anthony Knockaert,,yellow_card
ENG-Premier League,1718,2017-09-24 Brighton-Newcastle United,Brighton & Hove Albion,51’,1:0,Tomer Hemed,Dale Stephens,goal
ENG-Premier League,1718,2017-09-24 Brighton-Newcastle United,Newcastle United,68’,1:0,Jonjo Shelvey,Isaac Hayden,substitute_in
ENG-Premier League,1718,2017-09-24 Brighton-Newcastle United,Newcastle United,71’,1:0,Dwight Gayle,Joselu,substitute_in
ENG-Premier League,1718,2017-09-24 Brighton-Newcastle United,Brighton & Hove Albion,77’,1:0,Shane Duffy,,yellow_card
ENG-Premier League,1718,2017-09-24 Brighton-Newcastle United,Brighton & Hove Albion,81’,1:0,Jamie Murphy,Anthony Knockaert,substitute_in
ENG-Premier League,1718,2017-09-24 Brighton-Newcastle United,Newcastle United,83’,1:0,Jesús Gámez,Chancel Mbemba,substitute_in
ENG-Premier League,1718,2017-09-24 Brighton-Newcastle United,Newcastle United,90+3’,1:0,Jamaal Lascelles,,yellow_card
ENG-Premier League,1718,2017-12-09 Tottenham Hotspur-Stoke City,Tottenham Hotspur,21’,1:0,Ryan Shawcross,,own_goal
ENG-Premier League,1718,2017-12-09 Tottenham Hotspur-Stoke City,Tottenham Hotspur,53’,2:0,Son Heung-min,Dele Alli,goal
ENG-Premier League,1718,2017-12-09 Tottenham Hotspur-Stoke City,Tottenham Hotspur,54’,3:0,Harry Kane,Ben Davies,goal
ENG-Premier League,1718,2017-12-09 Tottenham Hotspur-Stoke City,Tottenham Hotspur,65’,4:0,Harry Kane,,goal
ENG-Premier League,1718,2017-12-09 Tottenham Hotspur-Stoke City,Tottenham Hotspur,66’,4:0,Mousa Dembélé,,yellow_card
ENG-Premier League,1718,2017-12-09 Tottenham Hotspur-Stoke City,Tottenham Hotspur,67’,4:0,Érik Lamela,Dele Alli,substitute_in
ENG-Premier League,1718,2017-12-09 Tottenham Hotspur-Stoke City,Stoke City,70’,4:0,Peter Crouch,Tom Edwards,substitute_in
ENG-Premier League,1718,2017-12-09 Tottenham Hotspur-Stoke City,Tottenham Hotspur,74’,5:0,Christian Eriksen,Son Heung-min,goal
ENG-Premier League,1718,2017-12-09 Tottenham Hotspur-Stoke City,Stoke City,75’,5:0,Geoff Cameron,Xherdan Shaqiri,substitute_in
ENG-Premier League,1718,2017-12-09 Tottenham Hotspur-Stoke City,Tottenham Hotspur,78’,5:0,Moussa Sissoko,Harry Winks,substitute_in
ENG-Premier League,1718,2017-12-09 Tottenham Hotspur-Stoke City,Stoke City,80’,5:1,Ryan Shawcross,Darren Fletcher,goal
ENG-Premier League,1718,2017-12-09 Tottenham Hotspur-Stoke City,Stoke City,80’,5:1,Ibrahim Afellay,Joe Allen,substitute_in
ENG-Premier League,1718,2017-12-09 Tottenham Hotspur-Stoke City,Tottenham Hotspur,86’,5:1,Fernando Llorente,Son Heung-min,substitute_in
ENG-Premier League,1718,2017-11-18 Crystal Palace-Everton,Crystal Palace,1’,1:0,James McArthur,,goal
ENG-Premier League,1718,2017-11-18 Crystal Palace-Everton,Crystal Palace,32’,1:1,Luka Milivojević,,yellow_card
ENG-Premier League,1718,2017-11-18 Crystal Palace-Everton,Crystal Palace,35’,2:1,Wilfried Zaha,Joel Ward,goal
ENG-Premier League,1718,2017-11-18 Crystal Palace-Everton,Everton,36’,2:1,Oumar Niasse,,yellow_card
ENG-Premier League,1718,2017-11-18 Crystal Palace-Everton,Everton,44’,2:1,Michael Keane,,yellow_card
ENG-Premier League,1718,2017-11-18 Crystal Palace-Everton,Everton,45+1’,2:2,Oumar Niasse,Gylfi Sigurðsson,goal
ENG-Premier League,1718,2017-11-18 Crystal Palace-Everton,Everton,46’,2:2,Dominic Calvert-Lewin,Morgan Schneiderlin,substitute_in
ENG-Premier League,1718,2017-11-18 Crystal Palace-Everton,Everton,46’,2:2,Tom Davies,Ademola Lookman,substitute_in
ENG-Premier League,1718,2017-11-18 Crystal Palace-Everton,Crystal Palace,61’,2:2,Mamadou Sakho,,yellow_card
ENG-Premier League,1718,2017-11-18 Crystal Palace-Everton,Everton,63’,2:2,Tom Davies,,yellow_card
ENG-Premier League,1718,2017-11-18 Crystal Palace-Everton,Everton,6’,1:1,Leighton Baines,,penalty_goal
ENG-Premier League,1718,2017-11-18 Crystal Palace-Everton,Crystal Palace,75’,2:2,Christian Benteke,James McArthur,substitute_in
ENG-Premier League,1718,2017-11-18 Crystal Palace-Everton,Everton,76’,2:2,Sandro Ramírez,Aaron Lennon,substitute_in
ENG-Premier League,1718,2017-11-18 Crystal Palace-Everton,Crystal Palace,85’,2:2,Jason Puncheon,Yohan Cabaye,substitute_in
ENG-Premier League,1718,2018-03-03 Southampton-Stoke City,Stoke City,23’,0:0,Erik Pieters,Mame Biram Diouf,substitute_in
ENG-Premier League,1718,2018-03-03 Southampton-Stoke City,Stoke City,41’,0:0,Geoff Cameron,,yellow_card
ENG-Premier League,1718,2018-03-03 Southampton-Stoke City,Stoke City,46’,0:0,Peter Crouch,Kostas Stafylidis,substitute_in
ENG-Premier League,1718,2018-03-03 Southampton-Stoke City,Southampton,64’,0:0,Manolo Gabbiadini,Dušan Tadić,substitute_in
ENG-Premier League,1718,2018-03-03 Southampton-Stoke City,Stoke City,64’,0:0,Jesé,Eric Maxim Choupo-Moting,substitute_in
ENG-Premier League,1718,2018-03-03 Southampton-Stoke City,Southampton,76’,0:0,Sofiane Boufal,Josh Sims,substitute_in
ENG-Premier League,1718,2018-03-03 Southampton-Stoke City,Southampton,79’,0:0,Shane Long,Guido Carrillo,substitute_in
ENG-Premier League,1718,2017-11-25 Liverpool-Chelsea,Liverpool,65’,1:0,Mohamed Salah,Alex Oxlade-Chamberlain,goal
ENG-Premier League,1718,2017-11-25 Liverpool-Chelsea,Liverpool,66’,1:0,Georginio Wijnaldum,Daniel Sturridge,substitute_in
ENG-Premier League,1718,2017-11-25 Liverpool-Chelsea,Chelsea,74’,1:0,Cesc Fàbregas,Danny Drinkwater,substitute_in
ENG-Premier League,1718,2017-11-25 Liverpool-Chelsea,Chelsea,77’,1:0,Pedro,Tiemoué Bakayoko,substitute_in
ENG-Premier League,1718,2017-11-25 Liverpool-Chelsea,Chelsea,83’,1:0,Willian,Davide Zappacosta,substitute_in
ENG-Premier League,1718,2017-11-25 Liverpool-Chelsea,Chelsea,85’,1:1,Willian,Eden Hazard,goal
ENG-Premier League,1718,2017-11-25 Liverpool-Chelsea,Liverpool,89’,1:1,Adam Lallana,Philippe Coutinho,substitute_in
ENG-Premier League,1718,2017-11-25 Liverpool-Chelsea,Liverpool,89’,1:1,Sadio Mané,Alex Oxlade-Chamberlain,substitute_in
ENG-Premier League,1718,2018-05-05 Stoke City-Crystal Palace,Crystal Palace,40’,0:0,Martin Kelly,Joel Ward,substitute_in
ENG-Premier League,1718,2018-05-05 Stoke City-Crystal Palace,Stoke City,43’,1:0,Xherdan Shaqiri,,goal
ENG-Premier League,1718,2018-05-05 Stoke City-Crystal Palace,Crystal Palace,54’,1:0,Luka Milivojević,,yellow_card
ENG-Premier League,1718,2018-05-05 Stoke City-Crystal Palace,Stoke City,63’,1:0,Moritz Bauer,,yellow_card
ENG-Premier League,1718,2018-05-05 Stoke City-Crystal Palace,Crystal Palace,63’,1:0,Christian Benteke,Yohan Cabaye,substitute_in
ENG-Premier League,1718,2018-05-05 Stoke City-Crystal Palace,Stoke City,64’,1:0,Glen Johnson,,yellow_card
ENG-Premier League,1718,2018-05-05 Stoke City-Crystal Palace,Crystal Palace,64’,1:0,James Tomkins,,yellow_card
ENG-Premier League,1718,2018-05-05 Stoke City-Crystal Palace,Stoke City,67’,1:0,Ramadan Sobhi,Peter Crouch,substitute_in
ENG-Premier League,1718,2018-05-05 Stoke City-Crystal Palace,Crystal Palace,68’,1:1,James McArthur,Ruben Loftus-Cheek,goal
ENG-Premier League,1718,2018-05-05 Stoke City-Crystal Palace,Stoke City,77’,1:1,Tyrese Campbell,Glen Johnson,substitute_in
ENG-Premier League,1718,2018-05-05 Stoke City-Crystal Palace,Stoke City,81’,1:1,Badou Ndiaye,,yellow_card
ENG-Premier League,1718,2018-05-05 Stoke City-Crystal Palace,Stoke City,85’,1:1,Erik Pieters,,yellow_card
ENG-Premier League,1718,2018-05-05 Stoke City-Crystal Palace,Crystal Palace,86’,1:2,Patrick van Aanholt,,goal
ENG-Premier League,1718,2018-05-05 Stoke City-Crystal Palace,Crystal Palace,88’,1:2,Jeffrey Schlupp,Andros Townsend,substitute_in
ENG-Premier League,1718,2018-05-05 Stoke City-Crystal Palace,Stoke City,89’,1:2,Xherdan Shaqiri,,yellow_card
ENG-Premier League,1718,2017-09-16 Liverpool-Burnley,Burnley,27’,0:1,Scott Arfield,,goal
ENG-Premier League,1718,2017-09-16 Liverpool-Burnley,Liverpool,30’,1:1,Mohamed Salah,Emre Can,goal
ENG-Premier League,1718,2017-09-16 Liverpool-Burnley,Burnley,55’,1:1,Nick Pope,,yellow_card
ENG-Premier League,1718,2017-09-16 Liverpool-Burnley,Burnley,60’,1:1,Ashley Barnes,Jóhann Berg Guðmundsson,substitute_in
ENG-Premier League,1718,2017-09-16 Liverpool-Burnley,Liverpool,78’,1:1,Dominic Solanke,Philippe Coutinho,substitute_in
ENG-Premier League,1718,2017-09-16 Liverpool-Burnley,Liverpool,79’,1:1,Alex Oxlade-Chamberlain,Roberto Firmino,substitute_in
ENG-Premier League,1718,2017-09-16 Liverpool-Burnley,Burnley,87’,1:1,Sam Vokes,Chris Wood,substitute_in
ENG-Premier League,1718,2017-09-16 Liverpool-Burnley,Burnley,87’,1:1,Ashley Westwood,Steven Defour,substitute_in
ENG-Premier League,1718,2017-09-16 Liverpool-Burnley,Liverpool,90+3’,1:1,Emre Can,,yellow_card
ENG-Premier League,1718,2017-09-16 Liverpool-Burnley,Burnley,90+3’,1:1,Jack Cork,,yellow_card
ENG-Premier League,1718,2017-10-21 Newcastle United-Crystal Palace,Newcastle United,21’,0:0,Florian Lejeune,,yellow_card
ENG-Premier League,1718,2017-10-21 Newcastle United-Crystal Palace,Crystal Palace,28’,0:0,Yohan Cabaye,,yellow_card
ENG-Premier League,1718,2017-10-21 Newcastle United-Crystal Palace,Newcastle United,29’,0:0,Jamaal Lascelles,,yellow_card
ENG-Premier League,1718,2017-10-21 Newcastle United-Crystal Palace,Crystal Palace,29’,0:0,Patrick van Aanholt,,yellow_card
ENG-Premier League,1718,2017-10-21 Newcastle United-Crystal Palace,Newcastle United,56’,0:0,Mikel Merino,Isaac Hayden,substitute_in
ENG-Premier League,1718,2017-10-21 Newcastle United-Crystal Palace,Newcastle United,60’,0:0,Javier Manquillo,,yellow_card
ENG-Premier League,1718,2017-10-21 Newcastle United-Crystal Palace,Newcastle United,66’,0:0,Mohamed Diamé,Ayoze Pérez,substitute_in
ENG-Premier League,1718,2017-10-21 Newcastle United-Crystal Palace,Newcastle United,66’,0:0,Joselu,,yellow_card
ENG-Premier League,1718,2017-10-21 Newcastle United-Crystal Palace,Crystal Palace,77’,0:0,Ruben Loftus-Cheek,Wilfried Zaha,substitute_in
ENG-Premier League,1718,2017-10-21 Newcastle United-Crystal Palace,Newcastle United,78’,0:0,Aleksandar Mitrović,Joselu,substitute_in
ENG-Premier League,1718,2017-10-21 Newcastle United-Crystal Palace,Newcastle United,86’,1:0,Mikel Merino,,goal
ENG-Premier League,1718,2017-10-21 Newcastle United-Crystal Palace,Crystal Palace,88’,1:0,Bakary Sako,James McArthur,substitute_in
ENG-Premier League,1718,2018-04-21 Watford-Crystal Palace,Crystal Palace,21’,0:0,Joel Ward,,yellow_card
ENG-Premier League,1718,2018-04-21 Watford-Crystal Palace,Watford,29’,0:0,Abdoulaye Doucouré,,yellow_card
ENG-Premier League,1718,2018-04-21 Watford-Crystal Palace,Crystal Palace,45+2’,0:0,Patrick van Aanholt,,yellow_card
ENG-Premier League,1718,2018-04-21 Watford-Crystal Palace,Watford,55’,0:0,Richarlison,Roberto Pereyra,substitute_in
ENG-Premier League,1718,2018-04-21 Watford-Crystal Palace,Watford,60’,0:0,Adrian Mariappa,,yellow_card
ENG-Premier League,1718,2018-04-21 Watford-Crystal Palace,Crystal Palace,63’,0:0,Wilfried Zaha,,yellow_card
ENG-Premier League,1718,2018-04-21 Watford-Crystal Palace,Watford,70’,0:0,Kiko Femenía,Stefano Okaka,substitute_in
ENG-Premier League,1718,2018-04-21 Watford-Crystal Palace,Crystal Palace,78’,0:0,Ruben Loftus-Cheek,,yellow_card
ENG-Premier League,1718,2018-04-21 Watford-Crystal Palace,Watford,79’,0:0,Andre Gray,Will Hughes,substitute_in
ENG-Premier League,1718,2018-04-21 Watford-Crystal Palace,Crystal Palace,81’,0:0,Christian Benteke,James McArthur,substitute_in
ENG-Premier League,1718,2018-04-21 Watford-Crystal Palace,Crystal Palace,88’,0:0,James Tomkins,,yellow_card
ENG-Premier League,1718,2018-04-21 Watford-Crystal Palace,Watford,89’,0:0,Craig Cathcart,,yellow_card
ENG-Premier League,1718,2017-08-27 West Brom-Stoke City,Stoke City,33’,0:0,Erik Pieters,,yellow_card
ENG-Premier League,1718,2017-08-27 West Brom-Stoke City,West Bromwich Albion,52’,0:0,Jay Rodriguez,,yellow_card
ENG-Premier League,1718,2017-08-27 West Brom-Stoke City,West Bromwich Albion,61’,1:0,Jay Rodriguez,Allan Nyom,goal
ENG-Premier League,1718,2017-08-27 West Brom-Stoke City,Stoke City,62’,1:0,Peter Crouch,Jesé,substitute_in
ENG-Premier League,1718,2017-08-27 West Brom-Stoke City,Stoke City,69’,1:0,Ramadan Sobhi,Geoff Cameron,substitute_in
ENG-Premier League,1718,2017-08-27 West Brom-Stoke City,West Bromwich Albion,70’,1:0,Claudio Yacob,James Morrison,substitute_in
ENG-Premier League,1718,2017-08-27 West Brom-Stoke City,West Bromwich Albion,74’,1:0,James McClean,Matt Phillips,substitute_in
ENG-Premier League,1718,2017-08-27 West Brom-Stoke City,Stoke City,77’,1:1,Peter Crouch,,goal
ENG-Premier League,1718,2017-08-27 West Brom-Stoke City,West Bromwich Albion,84’,1:1,Salomón Rondón,,yellow_card
ENG-Premier League,1718,2017-08-27 West Brom-Stoke City,West Bromwich Albion,88’,1:1,Oliver Burke,Jay Rodriguez,substitute_in
ENG-Premier League,1718,2017-08-27 West Brom-Stoke City,Stoke City,88’,1:1,Joe Allen,,yellow_card
ENG-Premier League,1718,2018-02-03 Arsenal-Everton,Arsenal,14’,2:0,Laurent Koscielny,Shkodran Mustafi,goal
ENG-Premier League,1718,2018-02-03 Arsenal-Everton,Arsenal,19’,3:0,Aaron Ramsey,Alex Iwobi,goal
ENG-Premier League,1718,2018-02-03 Arsenal-Everton,Arsenal,24’,3:0,Laurent Koscielny,,yellow_card
ENG-Premier League,1718,2018-02-03 Arsenal-Everton,Arsenal,37’,4:0,Pierre-Emerick Aubameyang,Henrikh Mkhitaryan,goal
ENG-Premier League,1718,2018-02-03 Arsenal-Everton,Arsenal,46’,4:0,Sead Kolašinac,Nacho Monreal,substitute_in
ENG-Premier League,1718,2018-02-03 Arsenal-Everton,Everton,46’,4:0,Tom Davies,Michael Keane,substitute_in
ENG-Premier League,1718,2018-02-03 Arsenal-Everton,Arsenal,50’,4:0,Shkodran Mustafi,,yellow_card
ENG-Premier League,1718,2018-02-03 Arsenal-Everton,Everton,61’,4:0,Dominic Calvert-Lewin,Theo Walcott,substitute_in
ENG-Premier League,1718,2018-02-03 Arsenal-Everton,Everton,64’,4:1,Dominic Calvert-Lewin,Cuco Martina,goal
ENG-Premier League,1718,2018-02-03 Arsenal-Everton,Arsenal,6’,1:0,Aaron Ramsey,Henrikh Mkhitaryan,goal
ENG-Premier League,1718,2018-02-03 Arsenal-Everton,Arsenal,70’,4:1,David Ospina,Petr Čech,substitute_in
ENG-Premier League,1718,2018-02-03 Arsenal-Everton,Arsenal,74’,5:1,Aaron Ramsey,Henrikh Mkhitaryan,goal
ENG-Premier League,1718,2018-02-03 Arsenal-Everton,Arsenal,75’,5:1,Jack Wilshere,Aaron Ramsey,substitute_in
ENG-Premier League,1718,2018-02-03 Arsenal-Everton,Everton,78’,5:1,Cenk Tosun,Oumar Niasse,substitute_in
ENG-Premier League,1718,2017-11-18 Arsenal-Tottenham Hotspur,Arsenal,32’,0:0,Granit Xhaka,,yellow_card
ENG-Premier League,1718,2017-11-18 Arsenal-Tottenham Hotspur,Arsenal,36’,1:0,Shkodran Mustafi,Mesut Özil,goal
ENG-Premier League,1718,2017-11-18 Arsenal-Tottenham Hotspur,Arsenal,38’,1:0,Alexis Sánchez,,yellow_card
ENG-Premier League,1718,2017-11-18 Arsenal-Tottenham Hotspur,Arsenal,41’,2:0,Alexis Sánchez,Alexandre Lacazette,goal
ENG-Premier League,1718,2017-11-18 Arsenal-Tottenham Hotspur,Arsenal,48’,2:0,Shkodran Mustafi,,yellow_card
ENG-Premier League,1718,2017-11-18 Arsenal-Tottenham Hotspur,Tottenham Hotspur,50’,2:0,Harry Kane,,yellow_card
ENG-Premier League,1718,2017-11-18 Arsenal-Tottenham Hotspur,Tottenham Hotspur,62’,2:0,Harry Winks,Mousa Dembélé,substitute_in
ENG-Premier League,1718,2017-11-18 Arsenal-Tottenham Hotspur,Arsenal,73’,2:0,Nacho Monreal,,yellow_card
ENG-Premier League,1718,2017-11-18 Arsenal-Tottenham Hotspur,Arsenal,73’,2:0,Francis Coquelin,Alexandre Lacazette,substitute_in
ENG-Premier League,1718,2017-11-18 Arsenal-Tottenham Hotspur,Tottenham Hotspur,75’,2:0,Fernando Llorente,Harry Kane,substitute_in
ENG-Premier League,1718,2017-11-18 Arsenal-Tottenham Hotspur,Tottenham Hotspur,75’,2:0,Son Heung-min,Dele Alli,substitute_in
ENG-Premier League,1718,2017-11-18 Arsenal-Tottenham Hotspur,Arsenal,84’,2:0,Alex Iwobi,Mesut Özil,substitute_in
ENG-Premier League,1718,2017-09-17 Chelsea-Arsenal,Chelsea,46’,0:0,Tiemoué Bakayoko,Pedro,substitute_in
ENG-Premier League,1718,2017-09-17 Chelsea-Arsenal,Chelsea,52’,0:0,David Luiz,,yellow_card
ENG-Premier League,1718,2017-09-17 Chelsea-Arsenal,Chelsea,65’,0:0,Álvaro Morata,,yellow_card
ENG-Premier League,1718,2017-09-17 Chelsea-Arsenal,Arsenal,66’,0:0,Alexis Sánchez,Alexandre Lacazette,substitute_in
ENG-Premier League,1718,2017-09-17 Chelsea-Arsenal,Chelsea,70’,0:0,Eden Hazard,Willian,substitute_in
ENG-Premier League,1718,2017-09-17 Chelsea-Arsenal,Arsenal,73’,0:0,Olivier Giroud,Danny Welbeck,substitute_in
ENG-Premier League,1718,2017-09-17 Chelsea-Arsenal,Arsenal,80’,0:0,Mohamed Elneny,Alex Iwobi,substitute_in
ENG-Premier League,1718,2017-09-17 Chelsea-Arsenal,Arsenal,84’,0:0,Mohamed Elneny,,yellow_card
ENG-Premier League,1718,2017-09-17 Chelsea-Arsenal,Chelsea,87’,0:0,David Luiz,,red_card
ENG-Premier League,1718,2017-09-17 Chelsea-Arsenal,Chelsea,89’,0:0,Andreas Christensen,Álvaro Morata,substitute_in
ENG-Premier League,1718,2017-09-17 Chelsea-Arsenal,Arsenal,90+1’,0:0,Sead Kolašinac,,yellow_card
ENG-Premier League,1718,2017-09-17 Chelsea-Arsenal,Arsenal,90+3’,0:0,Héctor Bellerín,,yellow_card
ENG-Premier League,1718,2017-12-26 Manchester Utd-Burnley,Manchester United,2’,0:0,Marcos Rojo,,yellow_card
ENG-Premier League,1718,2017-12-26 Manchester Utd-Burnley,Burnley,34’,0:1,Charlie Taylor,,yellow_card
ENG-Premier League,1718,2017-12-26 Manchester Utd-Burnley,Burnley,36’,0:2,Steven Defour,,goal
ENG-Premier League,1718,2017-12-26 Manchester Utd-Burnley,Burnley,3’,0:1,Ashley Barnes,Kevin Long,goal
ENG-Premier League,1718,2017-12-26 Manchester Utd-Burnley,Manchester United,46’,0:2,Jesse Lingard,Zlatan Ibrahimović,substitute_in
ENG-Premier League,1718,2017-12-26 Manchester Utd-Burnley,Manchester United,46’,0:2,Henrikh Mkhitaryan,Marcos Rojo,substitute_in
ENG-Premier League,1718,2017-12-26 Manchester Utd-Burnley,Burnley,4’,0:1,Ashley Barnes,,yellow_card
ENG-Premier League,1718,2017-12-26 Manchester Utd-Burnley,Manchester United,52’,0:2,Luke Shaw,,yellow_card
ENG-Premier League,1718,2017-12-26 Manchester Utd-Burnley,Manchester United,53’,1:2,Jesse Lingard,Ashley Young,goal
ENG-Premier League,1718,2017-12-26 Manchester Utd-Burnley,Manchester United,59’,1:2,Henrikh Mkhitaryan,,yellow_card
ENG-Premier League,1718,2017-12-26 Manchester Utd-Burnley,Burnley,65’,1:2,Jóhann Berg Guðmundsson,,yellow_card
ENG-Premier League,1718,2017-12-26 Manchester Utd-Burnley,Burnley,67’,1:2,Sam Vokes,Steven Defour,substitute_in
ENG-Premier League,1718,2017-12-26 Manchester Utd-Burnley,Burnley,69’,1:2,Phil Bardsley,,yellow_card
ENG-Premier League,1718,2017-12-26 Manchester Utd-Burnley,Burnley,71’,1:2,Nick Pope,,yellow_card
ENG-Premier League,1718,2017-12-26 Manchester Utd-Burnley,Burnley,79’,1:2,Sam Vokes,,yellow_card
ENG-Premier League,1718,2017-12-26 Manchester Utd-Burnley,Burnley,81’,1:2,Jonathan Walters,Ashley Barnes,substitute_in
ENG-Premier League,1718,2017-12-26 Manchester Utd-Burnley,Manchester United,90+1’,2:2,Jesse Lingard,,goal
ENG-Premier League,1718,2017-12-26 Manchester Utd-Burnley,Burnley,90’,1:2,Jack Cork,,yellow_card
ENG-Premier League,1718,2017-10-01 Newcastle United-Liverpool,Liverpool,29’,0:1,Philippe Coutinho,,goal
ENG-Premier League,1718,2017-10-01 Newcastle United-Liverpool,Newcastle United,36’,1:1,Joselu,,goal
ENG-Premier League,1718,2017-10-01 Newcastle United-Liverpool,Newcastle United,55’,1:1,Ayoze Pérez,,yellow_card
ENG-Premier League,1718,2017-10-01 Newcastle United-Liverpool,Liverpool,58’,1:1,Joe Gomez,,yellow_card
ENG-Premier League,1718,2017-10-01 Newcastle United-Liverpool,Newcastle United,74’,1:1,Isaac Hayden,Mikel Merino,substitute_in
ENG-Premier League,1718,2017-10-01 Newcastle United-Liverpool,Liverpool,74’,1:1,Roberto Firmino,Daniel Sturridge,substitute_in
ENG-Premier League,1718,2017-10-01 Newcastle United-Liverpool,Liverpool,74’,1:1,Dominic Solanke,Sadio Mané,substitute_in
ENG-Premier League,1718,2017-10-01 Newcastle United-Liverpool,Newcastle United,79’,1:1,Dwight Gayle,Joselu,substitute_in
ENG-Premier League,1718,2017-10-01 Newcastle United-Liverpool,Liverpool,84’,1:1,Alex Oxlade-Chamberlain,Mohamed Salah,substitute_in
ENG-Premier League,1718,2017-10-01 Newcastle United-Liverpool,Newcastle United,90+1’,1:1,Mohamed Diamé,Ayoze Pérez,substitute_in
ENG-Premier League,1718,2018-04-07 Bournemouth-Crystal Palace,Crystal Palace,47’,0:1,Luka Milivojević,,goal
ENG-Premier League,1718,2018-04-07 Bournemouth-Crystal Palace,Bournemouth,62’,0:1,Lys Mousset,Marc Pugh,substitute_in
ENG-Premier League,1718,2018-04-07 Bournemouth-Crystal Palace,Bournemouth,62’,0:1,Joshua King,Callum Wilson,substitute_in
ENG-Premier League,1718,2018-04-07 Bournemouth-Crystal Palace,Bournemouth,65’,1:1,Lys Mousset,Ryan Fraser,goal
ENG-Premier League,1718,2018-04-07 Bournemouth-Crystal Palace,Crystal Palace,75’,1:2,Wilfried Zaha,Andros Townsend,goal
ENG-Premier League,1718,2018-04-07 Bournemouth-Crystal Palace,Bournemouth,76’,1:2,Dan Gosling,,yellow_card
ENG-Premier League,1718,2018-04-07 Bournemouth-Crystal Palace,Bournemouth,80’,1:2,Andrew Surman,Lewis Cook,substitute_in
ENG-Premier League,1718,2018-04-07 Bournemouth-Crystal Palace,Bournemouth,82’,1:2,Simon Francis,,yellow_card
ENG-Premier League,1718,2018-04-07 Bournemouth-Crystal Palace,Bournemouth,89’,2:2,Joshua King,Steve Cook,goal
ENG-Premier League,1718,2018-04-07 Bournemouth-Crystal Palace,Crystal Palace,90+3’,2:2,James Tomkins,,yellow_card
ENG-Premier League,1718,2018-04-07 Bournemouth-Crystal Palace,Crystal Palace,90+4’,2:2,Yohan Cabaye,,yellow_card
ENG-Premier League,1718,2017-11-04 Huddersfield Town-West Brom,Huddersfield Town,25’,0:0,Christopher Schindler,,yellow_card
ENG-Premier League,1718,2017-11-04 Huddersfield Town-West Brom,West Bromwich Albion,31’,0:0,Ahmed Hegazi,,yellow_card
ENG-Premier League,1718,2017-11-04 Huddersfield Town-West Brom,West Bromwich Albion,35’,0:0,Allan Nyom,,yellow_card
ENG-Premier League,1718,2017-11-04 Huddersfield Town-West Brom,Huddersfield Town,44’,1:0,Rajiv van La Parra,Scott Malone,goal
ENG-Premier League,1718,2017-11-04 Huddersfield Town-West Brom,West Bromwich Albion,53’,1:0,Gareth Barry,,yellow_card
ENG-Premier League,1718,2017-11-04 Huddersfield Town-West Brom,Huddersfield Town,57’,1:0,Christopher Schindler,,yellow_red_card
ENG-Premier League,1718,2017-11-04 Huddersfield Town-West Brom,West Bromwich Albion,59’,1:0,James McClean,Grzegorz Krychowiak,substitute_in
ENG-Premier League,1718,2017-11-04 Huddersfield Town-West Brom,West Bromwich Albion,59’,1:0,Salomón Rondón,Hal Robson-Kanu,substitute_in
ENG-Premier League,1718,2017-11-04 Huddersfield Town-West Brom,West Bromwich Albion,59’,1:0,Matt Phillips,Gareth McAuley,substitute_in
ENG-Premier League,1718,2017-11-04 Huddersfield Town-West Brom,Huddersfield Town,61’,1:0,Martin Cranie,Elias Kachunga,substitute_in
ENG-Premier League,1718,2017-11-04 Huddersfield Town-West Brom,Huddersfield Town,62’,1:0,Danny Williams,Rajiv van La Parra,substitute_in
ENG-Premier League,1718,2017-11-04 Huddersfield Town-West Brom,Huddersfield Town,70’,1:0,Danny Williams,,yellow_card
ENG-Premier League,1718,2017-11-04 Huddersfield Town-West Brom,Huddersfield Town,79’,1:0,Chris Löwe,Scott Malone,substitute_in
ENG-Premier League,1718,2017-11-04 Huddersfield Town-West Brom,West Bromwich Albion,90+5’,1:0,James McClean,,yellow_card
ENG-Premier League,1718,2017-11-04 Newcastle United-Bournemouth,Bournemouth,20’,0:0,Andrew Surman,,yellow_card
ENG-Premier League,1718,2017-11-04 Newcastle United-Bournemouth,Newcastle United,55’,0:0,Ciaran Clark,Jamaal Lascelles,substitute_in
ENG-Premier League,1718,2017-11-04 Newcastle United-Bournemouth,Newcastle United,63’,0:0,Florian Lejeune,,yellow_card
ENG-Premier League,1718,2017-11-04 Newcastle United-Bournemouth,Newcastle United,68’,0:0,Ayoze Pérez,Joselu,substitute_in
ENG-Premier League,1718,2017-11-04 Newcastle United-Bournemouth,Bournemouth,75’,0:0,Adam Smith,Callum Wilson,substitute_in
ENG-Premier League,1718,2017-11-04 Newcastle United-Bournemouth,Bournemouth,76’,0:0,Jermain Defoe,Jordon Ibe,substitute_in
ENG-Premier League,1718,2017-11-04 Newcastle United-Bournemouth,Bournemouth,77’,0:0,Simon Francis,,yellow_card
ENG-Premier League,1718,2017-11-04 Newcastle United-Bournemouth,Newcastle United,82’,0:0,Jacob Murphy,Christian Atsu,substitute_in
ENG-Premier League,1718,2017-11-04 Newcastle United-Bournemouth,Newcastle United,84’,0:0,Jonjo Shelvey,,yellow_card
ENG-Premier League,1718,2017-11-04 Newcastle United-Bournemouth,Bournemouth,90+2’,0:1,Steve Cook,Andrew Surman,goal
ENG-Premier League,1718,2018-04-08 Chelsea-West Ham United,Chelsea,36’,1:0,César Azpilicueta,Álvaro Morata,goal
ENG-Premier League,1718,2018-04-08 Chelsea-West Ham United,West Ham United,46’,1:0,Mark Noble,,yellow_card
ENG-Premier League,1718,2018-04-08 Chelsea-West Ham United,West Ham United,64’,1:0,Patrice Evra,Aaron Cresswell,substitute_in
ENG-Premier League,1718,2018-04-08 Chelsea-West Ham United,West Ham United,70’,1:0,Javier Hernández,Edimilson Fernandes,substitute_in
ENG-Premier League,1718,2018-04-08 Chelsea-West Ham United,West Ham United,73’,1:1,Javier Hernández,Marko Arnautović,goal
ENG-Premier League,1718,2018-04-08 Chelsea-West Ham United,Chelsea,78’,1:1,Olivier Giroud,Álvaro Morata,substitute_in
ENG-Premier League,1718,2018-04-08 Chelsea-West Ham United,Chelsea,78’,1:1,Pedro,Victor Moses,substitute_in
ENG-Premier League,1718,2018-04-08 Chelsea-West Ham United,West Ham United,85’,1:1,Josh Cullen,João Mário,substitute_in
ENG-Premier League,1718,2017-10-22 Tottenham Hotspur-Liverpool,Tottenham Hotspur,12’,2:0,Son Heung-min,Harry Kane,goal
ENG-Premier League,1718,2017-10-22 Tottenham Hotspur-Liverpool,Liverpool,24’,2:1,Mohamed Salah,Jordan Henderson,goal
ENG-Premier League,1718,2017-10-22 Tottenham Hotspur-Liverpool,Liverpool,31’,2:1,Alex Oxlade-Chamberlain,Dejan Lovren,substitute_in
ENG-Premier League,1718,2017-10-22 Tottenham Hotspur-Liverpool,Liverpool,45+2’,2:1,Emre Can,,yellow_card
ENG-Premier League,1718,2017-10-22 Tottenham Hotspur-Liverpool,Tottenham Hotspur,45+3’,3:1,Dele Alli,,goal
ENG-Premier League,1718,2017-10-22 Tottenham Hotspur-Liverpool,Tottenham Hotspur,4’,1:0,Harry Kane,Kieran Trippier,goal
ENG-Premier League,1718,2017-10-22 Tottenham Hotspur-Liverpool,Tottenham Hotspur,56’,4:1,Harry Kane,,goal
ENG-Premier League,1718,2017-10-22 Tottenham Hotspur-Liverpool,Tottenham Hotspur,69’,4:1,Moussa Sissoko,Son Heung-min,substitute_in
ENG-Premier League,1718,2017-10-22 Tottenham Hotspur-Liverpool,Liverpool,77’,4:1,Daniel Sturridge,Roberto Firmino,substitute_in
ENG-Premier League,1718,2017-10-22 Tottenham Hotspur-Liverpool,Tottenham Hotspur,81’,4:1,Eric Dier,Christian Eriksen,substitute_in
ENG-Premier League,1718,2017-10-22 Tottenham Hotspur-Liverpool,Liverpool,83’,4:1,Marko Grujić,Emre Can,substitute_in
ENG-Premier League,1718,2017-10-22 Tottenham Hotspur-Liverpool,Tottenham Hotspur,88’,4:1,Fernando Llorente,Harry Kane,substitute_in
ENG-Premier League,1718,2017-12-31 Crystal Palace-Manchester City,Crystal Palace,16’,0:0,Scott Dann,,yellow_card
ENG-Premier League,1718,2017-12-31 Crystal Palace-Manchester City,Crystal Palace,20’,0:0,Martin Kelly,Scott Dann,substitute_in
ENG-Premier League,1718,2017-12-31 Crystal Palace-Manchester City,Manchester City,23’,0:0,Sergio Agüero,Gabriel Jesus,substitute_in
ENG-Premier League,1718,2017-12-31 Crystal Palace-Manchester City,Manchester City,45+6’,0:0,Leroy Sané,,yellow_card
ENG-Premier League,1718,2017-12-31 Crystal Palace-Manchester City,Crystal Palace,48’,0:0,Patrick van Aanholt,,yellow_card
ENG-Premier League,1718,2017-12-31 Crystal Palace-Manchester City,Manchester City,57’,0:0,Raheem Sterling,İlkay Gündoğan,substitute_in
ENG-Premier League,1718,2017-12-31 Crystal Palace-Manchester City,Crystal Palace,67’,0:0,Yohan Cabaye,,yellow_card
ENG-Premier League,1718,2017-12-31 Crystal Palace-Manchester City,Crystal Palace,75’,0:0,Jason Puncheon,Yohan Cabaye,substitute_in
ENG-Premier League,1718,2017-12-31 Crystal Palace-Manchester City,Manchester City,79’,0:0,Sergio Agüero,,yellow_card
ENG-Premier League,1718,2017-12-31 Crystal Palace-Manchester City,Manchester City,81’,0:0,Yaya Touré,Bernardo Silva,substitute_in
ENG-Premier League,1718,2017-12-31 Crystal Palace-Manchester City,Manchester City,90+1’,0:0,Fernandinho,,yellow_card
ENG-Premier League,1718,2017-12-31 Crystal Palace-Manchester City,Crystal Palace,90+2’,0:0,Jason Puncheon,,yellow_card
ENG-Premier League,1718,2017-12-31 Crystal Palace-Manchester City,Crystal Palace,90+2’,0:0,Luka Milivojević,Ederson,penalty_miss
ENG-Premier League,1718,2017-12-31 Crystal Palace-Manchester City,Crystal Palace,90+2’,0:0,Martin Kelly,,yellow_card
ENG-Premier League,1718,2017-12-31 Crystal Palace-Manchester City,Crystal Palace,90+6’,0:0,Lee Chung-yong,Jason Puncheon,substitute_in
ENG-Premier League,1718,2017-12-31 Crystal Palace-Manchester City,Manchester City,90+6’,0:0,Kevin De Bruyne,,substitute_in
ENG-Premier League,1718,2017-12-31 Crystal Palace-Manchester City,Manchester City,90’,0:0,Yaya Touré,,yellow_card
ENG-Premier League,1718,2017-09-25 Arsenal-West Brom,Arsenal,20’,1:0,Alexandre Lacazette,,goal
ENG-Premier League,1718,2017-09-25 Arsenal-West Brom,West Bromwich Albion,35’,1:0,Jonny Evans,,yellow_card
ENG-Premier League,1718,2017-09-25 Arsenal-West Brom,Arsenal,44’,1:0,Alexis Sánchez,,yellow_card
ENG-Premier League,1718,2017-09-25 Arsenal-West Brom,West Bromwich Albion,49’,1:0,Craig Dawson,,yellow_card
ENG-Premier League,1718,2017-09-25 Arsenal-West Brom,West Bromwich Albion,56’,1:0,Grzegorz Krychowiak,,yellow_card
ENG-Premier League,1718,2017-09-25 Arsenal-West Brom,West Bromwich Albion,63’,1:0,James Morrison,Jake Livermore,substitute_in
ENG-Premier League,1718,2017-09-25 Arsenal-West Brom,West Bromwich Albion,64’,1:0,Salomón Rondón,Hal Robson-Kanu,substitute_in
ENG-Premier League,1718,2017-09-25 Arsenal-West Brom,Arsenal,67’,2:0,Alexandre Lacazette,,penalty_goal
ENG-Premier League,1718,2017-09-25 Arsenal-West Brom,West Bromwich Albion,67’,2:0,Allan Nyom,,yellow_card
ENG-Premier League,1718,2017-09-25 Arsenal-West Brom,West Bromwich Albion,74’,2:0,Matt Phillips,Allan Nyom,substitute_in
ENG-Premier League,1718,2017-09-25 Arsenal-West Brom,Arsenal,83’,2:0,Olivier Giroud,Alexandre Lacazette,substitute_in
ENG-Premier League,1718,2017-09-25 Arsenal-West Brom,Arsenal,83’,2:0,Mesut Özil,Alexis Sánchez,substitute_in
ENG-Premier League,1718,2017-09-25 Arsenal-West Brom,Arsenal,90+3’,2:0,Ainsley Maitland-Niles,Aaron Ramsey,substitute_in
ENG-Premier League,1718,2018-04-15 Manchester Utd-West Brom,Manchester United,29’,0:0,Paul Pogba,,yellow_card
ENG-Premier League,1718,2018-04-15 Manchester Utd-West Brom,Manchester United,46’,0:0,Jesse Lingard,Ander Herrera,substitute_in
ENG-Premier League,1718,2018-04-15 Manchester Utd-West Brom,Manchester United,58’,0:0,Anthony Martial,Paul Pogba,substitute_in
ENG-Premier League,1718,2018-04-15 Manchester Utd-West Brom,West Bromwich Albion,73’,0:1,Jay Rodriguez,,goal
ENG-Premier League,1718,2018-04-15 Manchester Utd-West Brom,Manchester United,75’,0:1,Marcus Rashford,Ashley Young,substitute_in
ENG-Premier League,1718,2018-04-15 Manchester Utd-West Brom,West Bromwich Albion,77’,0:1,Grzegorz Krychowiak,Matt Phillips,substitute_in
ENG-Premier League,1718,2018-04-15 Manchester Utd-West Brom,West Bromwich Albion,77’,0:1,Allan Nyom,,yellow_card
ENG-Premier League,1718,2018-04-15 Manchester Utd-West Brom,West Bromwich Albion,85’,0:1,Daniel Sturridge,Salomón Rondón,substitute_in
ENG-Premier League,1718,2018-04-15 Manchester Utd-West Brom,West Bromwich Albion,90+4’,0:1,Claudio Yacob,Chris Brunt,substitute_in
ENG-Premier League,1718,2018-04-28 Liverpool-Stoke City,Stoke City,36’,0:0,Peter Crouch,,yellow_card
ENG-Premier League,1718,2018-04-28 Liverpool-Stoke City,Stoke City,42’,0:0,Mame Biram Diouf,,yellow_card
ENG-Premier League,1718,2018-04-28 Liverpool-Stoke City,Stoke City,52’,0:0,Ramadan Sobhi,Bruno Martins Indi,substitute_in
ENG-Premier League,1718,2018-04-28 Liverpool-Stoke City,Liverpool,65’,0:0,James Milner,Trent Alexander-Arnold,substitute_in
ENG-Premier League,1718,2018-04-28 Liverpool-Stoke City,Liverpool,65’,0:0,Nathaniel Clyne,Danny Ings,substitute_in
ENG-Premier League,1718,2018-04-28 Liverpool-Stoke City,Stoke City,65’,0:0,Darren Fletcher,Peter Crouch,substitute_in
ENG-Premier League,1718,2018-04-28 Liverpool-Stoke City,Liverpool,88’,0:0,Virgil van Dijk,,yellow_card
ENG-Premier League,1718,2017-08-26 Newcastle United-West Ham United,West Ham United,17’,0:0,Javier Hernández,,yellow_card
ENG-Premier League,1718,2017-08-26 Newcastle United-West Ham United,Newcastle United,36’,1:0,Joselu,Christian Atsu,goal
ENG-Premier League,1718,2017-08-26 Newcastle United-West Ham United,West Ham United,46’,1:0,Manuel Lanzini,Declan Rice,substitute_in
ENG-Premier League,1718,2017-08-26 Newcastle United-West Ham United,West Ham United,65’,1:0,Edimilson Fernandes,,yellow_card
ENG-Premier League,1718,2017-08-26 Newcastle United-West Ham United,West Ham United,70’,1:0,Diafra Sakho,André Ayew,substitute_in
ENG-Premier League,1718,2017-08-26 Newcastle United-West Ham United,West Ham United,71’,1:0,Cheikhou Kouyaté,Mark Noble,substitute_in
ENG-Premier League,1718,2017-08-26 Newcastle United-West Ham United,Newcastle United,72’,1:0,Aleksandar Mitrović,Joselu,substitute_in
ENG-Premier League,1718,2017-08-26 Newcastle United-West Ham United,Newcastle United,72’,2:0,Ciaran Clark,Matt Ritchie,goal
ENG-Premier League,1718,2017-08-26 Newcastle United-West Ham United,West Ham United,78’,2:0,Diafra Sakho,,yellow_card
ENG-Premier League,1718,2017-08-26 Newcastle United-West Ham United,Newcastle United,82’,2:0,Mohamed Diamé,Isaac Hayden,substitute_in
ENG-Premier League,1718,2017-08-26 Newcastle United-West Ham United,Newcastle United,83’,2:0,Mikel Merino,,yellow_card
ENG-Premier League,1718,2017-08-26 Newcastle United-West Ham United,Newcastle United,86’,3:0,Aleksandar Mitrović,Ayoze Pérez,goal
ENG-Premier League,1718,2017-08-26 Newcastle United-West Ham United,Newcastle United,88’,3:0,Jacob Murphy,Matt Ritchie,substitute_in
ENG-Premier League,1718,2017-09-09 Brighton-West Brom,Brighton & Hove Albion,45’,1:0,Pascal Groß,Solly March,goal
ENG-Premier League,1718,2017-09-09 Brighton-West Brom,Brighton & Hove Albion,48’,2:0,Pascal Groß,Tomer Hemed,goal
ENG-Premier League,1718,2017-09-09 Brighton-West Brom,West Bromwich Albion,57’,2:0,Kieran Gibbs,Ahmed Hegazi,substitute_in
ENG-Premier League,1718,2017-09-09 Brighton-West Brom,West Bromwich Albion,57’,2:0,Oliver Burke,Salomón Rondón,substitute_in
ENG-Premier League,1718,2017-09-09 Brighton-West Brom,Brighton & Hove Albion,62’,2:0,Liam Rosenior,Bruno,substitute_in
ENG-Premier League,1718,2017-09-09 Brighton-West Brom,Brighton & Hove Albion,63’,3:0,Tomer Hemed,Pascal Groß,goal
ENG-Premier League,1718,2017-09-09 Brighton-West Brom,West Bromwich Albion,71’,3:0,James Morrison,Jake Livermore,substitute_in
ENG-Premier League,1718,2017-09-09 Brighton-West Brom,West Bromwich Albion,77’,3:1,James Morrison,Oliver Burke,goal
ENG-Premier League,1718,2017-09-09 Brighton-West Brom,Brighton & Hove Albion,83’,3:1,Glenn Murray,Tomer Hemed,substitute_in
ENG-Premier League,1718,2017-09-09 Brighton-West Brom,Brighton & Hove Albion,88’,3:1,Solly March,,yellow_card
ENG-Premier League,1718,2017-09-09 Brighton-West Brom,Brighton & Hove Albion,90+1’,3:1,Glenn Murray,,yellow_card
ENG-Premier League,1718,2017-08-26 Manchester Utd-Leicester City,Manchester United,53’,0:0,Romelu Lukaku,Kasper Schmeichel,penalty_miss
ENG-Premier League,1718,2017-08-26 Manchester Utd-Leicester City,Manchester United,54’,0:0,Henrikh Mkhitaryan,,yellow_card
ENG-Premier League,1718,2017-08-26 Manchester Utd-Leicester City,Leicester City,60’,0:0,Andy King,Shinji Okazaki,substitute_in
ENG-Premier League,1718,2017-08-26 Manchester Utd-Leicester City,Leicester City,60’,0:0,Demarai Gray,Marc Albrighton,substitute_in
ENG-Premier League,1718,2017-08-26 Manchester Utd-Leicester City,Manchester United,67’,0:0,Marcus Rashford,Juan Mata,substitute_in
ENG-Premier League,1718,2017-08-26 Manchester Utd-Leicester City,Manchester United,70’,1:0,Marcus Rashford,Henrikh Mkhitaryan,goal
ENG-Premier League,1718,2017-08-26 Manchester Utd-Leicester City,Manchester United,74’,1:0,Marouane Fellaini,Henrikh Mkhitaryan,substitute_in
ENG-Premier League,1718,2017-08-26 Manchester Utd-Leicester City,Manchester United,76’,1:0,Jesse Lingard,Anthony Martial,substitute_in
ENG-Premier League,1718,2017-08-26 Manchester Utd-Leicester City,Leicester City,76’,1:0,Islam Slimani,Jamie Vardy,substitute_in
ENG-Premier League,1718,2017-08-26 Manchester Utd-Leicester City,Manchester United,82’,2:0,Marouane Fellaini,Jesse Lingard,goal
ENG-Premier League,1718,2017-08-26 Manchester Utd-Leicester City,Leicester City,89’,2:0,Matty James,,yellow_card
ENG-Premier League,1718,2017-08-26 Manchester Utd-Leicester City,Leicester City,90+5’,2:0,Kasper Schmeichel,,yellow_card
ENG-Premier League,1718,2018-05-06 Chelsea-Liverpool,Chelsea,32’,1:0,Olivier Giroud,Victor Moses,goal
ENG-Premier League,1718,2018-05-06 Chelsea-Liverpool,Liverpool,39’,1:0,Mohamed Salah,,yellow_card
ENG-Premier League,1718,2018-05-06 Chelsea-Liverpool,Liverpool,40’,1:0,Nathaniel Clyne,,yellow_card
ENG-Premier League,1718,2018-05-06 Chelsea-Liverpool,Liverpool,59’,1:0,Jordan Henderson,Nathaniel Clyne,substitute_in
ENG-Premier League,1718,2018-05-06 Chelsea-Liverpool,Liverpool,74’,1:0,Dominic Solanke,Andrew Robertson,substitute_in
ENG-Premier League,1718,2018-05-06 Chelsea-Liverpool,Chelsea,79’,1:0,Marcos Alonso,,yellow_card
ENG-Premier League,1718,2018-05-06 Chelsea-Liverpool,Chelsea,81’,1:0,Victor Moses,,yellow_card
ENG-Premier League,1718,2018-05-06 Chelsea-Liverpool,Chelsea,86’,1:0,Willian,Eden Hazard,substitute_in
ENG-Premier League,1718,2018-05-06 Chelsea-Liverpool,Chelsea,89’,1:0,Davide Zappacosta,Victor Moses,substitute_in
ENG-Premier League,1718,2018-05-06 Chelsea-Liverpool,Liverpool,89’,1:0,Alberto Moreno,James Milner,substitute_in
ENG-Premier League,1718,2018-05-06 Chelsea-Liverpool,Chelsea,90+3’,1:0,Pedro,Cesc Fàbregas,substitute_in
ENG-Premier League,1718,2018-05-06 Chelsea-Liverpool,Chelsea,90+4’,1:0,Thibaut Courtois,,yellow_card
ENG-Premier League,1718,2017-12-02 Arsenal-Manchester Utd,Manchester United,11’,0:2,Jesse Lingard,Anthony Martial,goal
ENG-Premier League,1718,2017-12-02 Arsenal-Manchester Utd,Arsenal,15’,0:2,Alex Iwobi,Shkodran Mustafi,substitute_in
ENG-Premier League,1718,2017-12-02 Arsenal-Manchester Utd,Arsenal,49’,1:2,Alexandre Lacazette,Aaron Ramsey,goal
ENG-Premier League,1718,2017-12-02 Arsenal-Manchester Utd,Manchester United,4’,0:1,Antonio Valencia,Paul Pogba,goal
ENG-Premier League,1718,2017-12-02 Arsenal-Manchester Utd,Manchester United,58’,1:2,Marcos Rojo,,yellow_card
ENG-Premier League,1718,2017-12-02 Arsenal-Manchester Utd,Manchester United,63’,1:3,Jesse Lingard,Paul Pogba,goal
ENG-Premier League,1718,2017-12-02 Arsenal-Manchester Utd,Manchester United,67’,1:3,Ander Herrera,Anthony Martial,substitute_in
ENG-Premier League,1718,2017-12-02 Arsenal-Manchester Utd,Arsenal,70’,1:3,Danny Welbeck,Granit Xhaka,substitute_in
ENG-Premier League,1718,2017-12-02 Arsenal-Manchester Utd,Arsenal,72’,1:3,Héctor Bellerín,,yellow_card
ENG-Premier League,1718,2017-12-02 Arsenal-Manchester Utd,Manchester United,74’,1:3,Paul Pogba,,red_card
ENG-Premier League,1718,2017-12-02 Arsenal-Manchester Utd,Arsenal,76’,1:3,Olivier Giroud,Sead Kolašinac,substitute_in
ENG-Premier League,1718,2017-12-02 Arsenal-Manchester Utd,Manchester United,76’,1:3,Matteo Darmian,Jesse Lingard,substitute_in
ENG-Premier League,1718,2017-12-02 Arsenal-Manchester Utd,Arsenal,87’,1:3,Laurent Koscielny,,yellow_card
ENG-Premier League,1718,2017-12-02 Arsenal-Manchester Utd,Arsenal,89’,1:3,Alexis Sánchez,,yellow_card
ENG-Premier League,1718,2017-12-02 Arsenal-Manchester Utd,Manchester United,89’,1:3,Ander Herrera,,yellow_card
ENG-Premier League,1718,2017-12-02 Arsenal-Manchester Utd,Manchester United,90+3’,1:3,Marcus Rashford,Ashley Young,substitute_in
ENG-Premier League,1718,2018-01-15 Manchester Utd-Stoke City,Manchester United,38’,2:0,Anthony Martial,Paul Pogba,goal
ENG-Premier League,1718,2018-01-15 Manchester Utd-Stoke City,Stoke City,46’,2:0,Kevin Wimmer,Josh Tymon,substitute_in
ENG-Premier League,1718,2018-01-15 Manchester Utd-Stoke City,Stoke City,61’,2:0,Ramadan Sobhi,Eric Maxim Choupo-Moting,substitute_in
ENG-Premier League,1718,2018-01-15 Manchester Utd-Stoke City,Manchester United,63’,2:0,Jesse Lingard,,yellow_card
ENG-Premier League,1718,2018-01-15 Manchester Utd-Stoke City,Manchester United,67’,2:0,Romelu Lukaku,,yellow_card
ENG-Premier League,1718,2018-01-15 Manchester Utd-Stoke City,Stoke City,68’,2:0,Stephen Ireland,,yellow_card
ENG-Premier League,1718,2018-01-15 Manchester Utd-Stoke City,Stoke City,70’,2:0,Mame Biram Diouf,Peter Crouch,substitute_in
ENG-Premier League,1718,2018-01-15 Manchester Utd-Stoke City,Manchester United,72’,3:0,Romelu Lukaku,Anthony Martial,goal
ENG-Premier League,1718,2018-01-15 Manchester Utd-Stoke City,Manchester United,80’,3:0,Marouane Fellaini,Jesse Lingard,substitute_in
ENG-Premier League,1718,2018-01-15 Manchester Utd-Stoke City,Manchester United,80’,3:0,Marcus Rashford,Anthony Martial,substitute_in
ENG-Premier League,1718,2018-01-15 Manchester Utd-Stoke City,Manchester United,83’,3:0,Scott McTominay,Juan Mata,substitute_in
ENG-Premier League,1718,2018-01-15 Manchester Utd-Stoke City,Manchester United,9’,1:0,Antonio Valencia,Paul Pogba,goal
ENG-Premier League,1718,2017-09-09 Southampton-Watford,Watford,38’,0:1,Abdoulaye Doucouré,Kiko Femenía,goal
ENG-Premier League,1718,2017-09-09 Southampton-Watford,Southampton,46’,0:1,Dušan Tadić,James Ward-Prowse,substitute_in
ENG-Premier League,1718,2017-09-09 Southampton-Watford,Watford,61’,0:1,Adrian Mariappa,Younès Kaboul,substitute_in
ENG-Premier League,1718,2017-09-09 Southampton-Watford,Watford,62’,0:1,Daryl Janmaat,Kiko Femenía,substitute_in
ENG-Premier League,1718,2017-09-09 Southampton-Watford,Watford,66’,0:2,Daryl Janmaat,Tom Cleverley,goal
ENG-Premier League,1718,2017-09-09 Southampton-Watford,Southampton,69’,0:2,Shane Long,Manolo Gabbiadini,substitute_in
ENG-Premier League,1718,2017-09-09 Southampton-Watford,Southampton,71’,0:2,Charlie Austin,Sofiane Boufal,substitute_in
ENG-Premier League,1718,2017-09-09 Southampton-Watford,Watford,84’,0:2,Troy Deeney,Andre Gray,substitute_in
ENG-Premier League,1718,2017-09-23 Swansea City-Watford,Watford,13’,0:1,Andre Gray,,goal
ENG-Premier League,1718,2017-09-23 Swansea City-Watford,Watford,34’,0:1,Étienne Capoue,,yellow_card
ENG-Premier League,1718,2017-09-23 Swansea City-Watford,Watford,45+1’,0:1,Abdoulaye Doucouré,,yellow_card
ENG-Premier League,1718,2017-09-23 Swansea City-Watford,Swansea City,46’,0:1,Tammy Abraham,Mike van der Hoorn,substitute_in
ENG-Premier League,1718,2017-09-23 Swansea City-Watford,Swansea City,46’,0:1,Roque Mesa,Sam Clucas,substitute_in
ENG-Premier League,1718,2017-09-23 Swansea City-Watford,Watford,46’,0:1,Molla Wagué,Étienne Capoue,substitute_in
ENG-Premier League,1718,2017-09-23 Swansea City-Watford,Swansea City,56’,1:1,Tammy Abraham,,goal
ENG-Premier League,1718,2017-09-23 Swansea City-Watford,Watford,74’,1:1,Roberto Pereyra,André Carrillo,substitute_in
ENG-Premier League,1718,2017-09-23 Swansea City-Watford,Swansea City,82’,1:1,Wilfried Bony,,yellow_card
ENG-Premier League,1718,2017-09-23 Swansea City-Watford,Swansea City,85’,1:1,Renato Sanches,Wilfried Bony,substitute_in
ENG-Premier League,1718,2017-09-23 Swansea City-Watford,Watford,86’,1:1,Troy Deeney,Andre Gray,substitute_in
ENG-Premier League,1718,2017-09-23 Swansea City-Watford,Watford,90+1’,1:2,Richarlison,,yellow_card
ENG-Premier League,1718,2017-09-23 Swansea City-Watford,Watford,90’,1:2,Richarlison,Troy Deeney,goal
ENG-Premier League,1718,2018-01-20 West Ham United-Bournemouth,West Ham United,31’,0:0,James Collins,,yellow_card
ENG-Premier League,1718,2018-01-20 West Ham United-Bournemouth,West Ham United,49’,0:0,Arthur Masuaku,,yellow_card
ENG-Premier League,1718,2018-01-20 West Ham United-Bournemouth,Bournemouth,52’,0:0,Dan Gosling,,yellow_card
ENG-Premier League,1718,2018-01-20 West Ham United-Bournemouth,West Ham United,58’,0:0,Angelo Ogbonna,,yellow_card
ENG-Premier League,1718,2018-01-20 West Ham United-Bournemouth,Bournemouth,62’,0:0,Junior Stanislas,Jordon Ibe,substitute_in
ENG-Premier League,1718,2018-01-20 West Ham United-Bournemouth,West Ham United,64’,0:0,Javier Hernández,Manuel Lanzini,substitute_in
ENG-Premier League,1718,2018-01-20 West Ham United-Bournemouth,Bournemouth,71’,0:1,Ryan Fraser,Junior Stanislas,goal
ENG-Premier League,1718,2018-01-20 West Ham United-Bournemouth,West Ham United,73’,1:1,Javier Hernández,,goal
ENG-Premier League,1718,2018-01-20 West Ham United-Bournemouth,Bournemouth,85’,1:1,Joshua King,Ryan Fraser,substitute_in
ENG-Premier League,1718,2018-01-20 West Ham United-Bournemouth,West Ham United,90+2’,1:1,Sam Byram,Aaron Cresswell,substitute_in
ENG-Premier League,1718,2018-01-20 West Ham United-Bournemouth,West Ham United,90’,1:1,Declan Rice,Cheikhou Kouyaté,substitute_in
ENG-Premier League,1718,2017-11-25 Swansea City-Bournemouth,Swansea City,69’,0:0,Roque Mesa,,yellow_card
ENG-Premier League,1718,2017-11-25 Swansea City-Bournemouth,Swansea City,71’,0:0,Leroy Fer,Renato Sanches,substitute_in
ENG-Premier League,1718,2017-11-25 Swansea City-Bournemouth,Swansea City,75’,0:0,Martin Olsson,,yellow_card
ENG-Premier League,1718,2017-11-25 Swansea City-Bournemouth,Swansea City,75’,0:0,Ki Sung-yueng,,yellow_card
ENG-Premier League,1718,2017-11-25 Swansea City-Bournemouth,Bournemouth,75’,0:0,Jordon Ibe,,yellow_card
ENG-Premier League,1718,2017-11-25 Swansea City-Bournemouth,Bournemouth,79’,0:0,Benik Afobe,Callum Wilson,substitute_in
ENG-Premier League,1718,2017-11-25 Swansea City-Bournemouth,Swansea City,84’,0:0,Tammy Abraham,Jordan Ayew,substitute_in
ENG-Premier League,1718,2017-11-25 Swansea City-Bournemouth,Bournemouth,88’,0:0,Joshua King,,yellow_card
ENG-Premier League,1718,2017-11-25 Swansea City-Bournemouth,Bournemouth,88’,0:0,Dan Gosling,Jordon Ibe,substitute_in
ENG-Premier League,1718,2017-11-25 Swansea City-Bournemouth,Swansea City,90+2’,0:0,Wilfried Bony,,yellow_card
ENG-Premier League,1718,2017-11-25 Swansea City-Bournemouth,Bournemouth,90+4’,0:0,Lewis Cook,Harry Arter,substitute_in
ENG-Premier League,1718,2017-09-16 Tottenham Hotspur-Swansea City,Swansea City,58’,0:0,Leroy Fer,Renato Sanches,substitute_in
ENG-Premier League,1718,2017-09-16 Tottenham Hotspur-Swansea City,Tottenham Hotspur,63’,0:0,Serge Aurier,Moussa Sissoko,substitute_in
ENG-Premier League,1718,2017-09-16 Tottenham Hotspur-Swansea City,Swansea City,63’,0:0,Mike van der Hoorn,,yellow_card
ENG-Premier League,1718,2017-09-16 Tottenham Hotspur-Swansea City,Swansea City,72’,0:0,Wilfried Bony,Tammy Abraham,substitute_in
ENG-Premier League,1718,2017-09-16 Tottenham Hotspur-Swansea City,Tottenham Hotspur,74’,0:0,Fernando Llorente,Son Heung-min,substitute_in
ENG-Premier League,1718,2017-09-16 Tottenham Hotspur-Swansea City,Swansea City,85’,0:0,Wayne Routledge,Mike van der Hoorn,substitute_in
ENG-Premier League,1718,2017-09-16 Tottenham Hotspur-Swansea City,Swansea City,86’,0:0,Tom Carroll,,yellow_card
ENG-Premier League,1718,2017-09-16 Tottenham Hotspur-Swansea City,Tottenham Hotspur,88’,0:0,Toby Alderweireld,,yellow_card
ENG-Premier League,1718,2017-09-16 Tottenham Hotspur-Swansea City,Swansea City,90+3’,0:0,Wayne Routledge,,yellow_card
ENG-Premier League,1718,2018-04-07 West Brom-Swansea City,Swansea City,46’,0:0,Kyle Bartley,Mike van der Hoorn,substitute_in
ENG-Premier League,1718,2018-04-07 West Brom-Swansea City,West Bromwich Albion,50’,0:0,Chris Brunt,,yellow_card
ENG-Premier League,1718,2018-04-07 West Brom-Swansea City,West Bromwich Albion,54’,1:0,Jay Rodriguez,Salomón Rondón,goal
ENG-Premier League,1718,2018-04-07 West Brom-Swansea City,Swansea City,55’,1:0,Sam Clucas,,yellow_card
ENG-Premier League,1718,2018-04-07 West Brom-Swansea City,Swansea City,61’,1:0,Nathan Dyer,Andy King,substitute_in
ENG-Premier League,1718,2018-04-07 West Brom-Swansea City,Swansea City,75’,1:1,Tammy Abraham,Sam Clucas,goal
ENG-Premier League,1718,2018-04-07 West Brom-Swansea City,West Bromwich Albion,83’,1:1,Grzegorz Krychowiak,Jay Rodriguez,substitute_in
ENG-Premier League,1718,2018-04-07 West Brom-Swansea City,Swansea City,85’,1:1,Ki Sung-yueng,André Ayew,substitute_in
ENG-Premier League,1718,2018-04-07 West Brom-Swansea City,West Bromwich Albion,87’,1:1,Matt Phillips,,yellow_card
ENG-Premier League,1718,2018-04-07 West Brom-Swansea City,West Bromwich Albion,90+2’,1:1,James McClean,,yellow_card
ENG-Premier League,1718,2018-04-07 West Brom-Swansea City,Swansea City,90+2’,1:1,Kyle Bartley,,yellow_card
ENG-Premier League,1718,2018-04-14 Southampton-Chelsea,Southampton,21’,1:0,Dušan Tadić,Ryan Bertrand,goal
ENG-Premier League,1718,2018-04-14 Southampton-Chelsea,Southampton,42’,1:0,Pierre Højbjerg,,yellow_card
ENG-Premier League,1718,2018-04-14 Southampton-Chelsea,Southampton,44’,1:0,James Ward-Prowse,,yellow_card
ENG-Premier League,1718,2018-04-14 Southampton-Chelsea,Southampton,60’,2:0,Jan Bednarek,James Ward-Prowse,goal
ENG-Premier League,1718,2018-04-14 Southampton-Chelsea,Chelsea,61’,2:0,Olivier Giroud,Álvaro Morata,substitute_in
ENG-Premier League,1718,2018-04-14 Southampton-Chelsea,Chelsea,61’,2:0,Pedro,Davide Zappacosta,substitute_in
ENG-Premier League,1718,2018-04-14 Southampton-Chelsea,Chelsea,64’,2:0,Eden Hazard,,yellow_card
ENG-Premier League,1718,2018-04-14 Southampton-Chelsea,Southampton,65’,2:0,Ryan Bertrand,,yellow_card
ENG-Premier League,1718,2018-04-14 Southampton-Chelsea,Chelsea,70’,2:1,Olivier Giroud,Marcos Alonso,goal
ENG-Premier League,1718,2018-04-14 Southampton-Chelsea,Chelsea,75’,2:2,Eden Hazard,Willian,goal
ENG-Premier League,1718,2018-04-14 Southampton-Chelsea,Southampton,78’,2:2,Oriol Romeu,,yellow_card
ENG-Premier League,1718,2018-04-14 Southampton-Chelsea,Chelsea,78’,2:3,Olivier Giroud,,goal
ENG-Premier League,1718,2018-04-14 Southampton-Chelsea,Southampton,79’,2:3,Charlie Austin,James Ward-Prowse,substitute_in
ENG-Premier League,1718,2018-04-14 Southampton-Chelsea,Southampton,81’,2:3,Shane Long,,yellow_card
ENG-Premier League,1718,2018-04-14 Southampton-Chelsea,Chelsea,82’,2:3,Willian,,yellow_card
ENG-Premier League,1718,2018-04-14 Southampton-Chelsea,Southampton,83’,2:3,Josh Sims,Dušan Tadić,substitute_in
ENG-Premier League,1718,2018-04-14 Southampton-Chelsea,Chelsea,86’,2:3,Victor Moses,Eden Hazard,substitute_in
ENG-Premier League,1718,2018-04-14 Southampton-Chelsea,Southampton,90+2’,2:3,Manolo Gabbiadini,Jan Bednarek,substitute_in
ENG-Premier League,1718,2018-04-14 Southampton-Chelsea,Chelsea,90+4’,2:3,Gary Cahill,,yellow_card
ENG-Premier League,1718,2018-05-13 Manchester Utd-Watford,Watford,21’,0:0,Adrian Mariappa,Christian Kabasele,substitute_in
ENG-Premier League,1718,2018-05-13 Manchester Utd-Watford,Manchester United,34’,1:0,Marcus Rashford,Juan Mata,goal
ENG-Premier League,1718,2018-05-13 Manchester Utd-Watford,Manchester United,58’,1:0,Ashley Young,,yellow_card
ENG-Premier League,1718,2018-05-13 Manchester Utd-Watford,Manchester United,60’,1:0,Luke Shaw,Ashley Young,substitute_in
ENG-Premier League,1718,2018-05-13 Manchester Utd-Watford,Watford,63’,1:0,Troy Deeney,Gerard Deulofeu,substitute_in
ENG-Premier League,1718,2018-05-13 Manchester Utd-Watford,Manchester United,68’,1:0,Scott McTominay,,yellow_card
ENG-Premier League,1718,2018-05-13 Manchester Utd-Watford,Watford,72’,1:0,Nathaniel Chalobah,Andre Gray,substitute_in
ENG-Premier League,1718,2018-05-13 Manchester Utd-Watford,Manchester United,77’,1:0,Ander Herrera,Daley Blind,substitute_in
ENG-Premier League,1718,2018-05-13 Manchester Utd-Watford,Manchester United,85’,1:0,Paul Pogba,Michael Carrick,substitute_in
ENG-Premier League,1718,2018-05-13 Manchester Utd-Watford,Manchester United,90+1’,1:0,Luke Shaw,,yellow_card
ENG-Premier League,1718,2018-05-13 Manchester Utd-Watford,Manchester United,9’,0:0,Marcos Rojo,,yellow_card
ENG-Premier League,1718,2017-11-26 Huddersfield Town-Manchester City,Huddersfield Town,45+1’,1:0,Nicolás Otamendi,,own_goal
ENG-Premier League,1718,2017-11-26 Huddersfield Town-Manchester City,Manchester City,47’,1:1,Sergio Agüero,,penalty_goal
ENG-Premier League,1718,2017-11-26 Huddersfield Town-Manchester City,Huddersfield Town,56’,1:1,Jonathan Hogg,,yellow_card
ENG-Premier League,1718,2017-11-26 Huddersfield Town-Manchester City,Manchester City,63’,1:1,Fernandinho,,yellow_card
ENG-Premier League,1718,2017-11-26 Huddersfield Town-Manchester City,Huddersfield Town,64’,1:1,Scott Malone,,yellow_card
ENG-Premier League,1718,2017-11-26 Huddersfield Town-Manchester City,Huddersfield Town,74’,1:1,Chris Löwe,Scott Malone,substitute_in
ENG-Premier League,1718,2017-11-26 Huddersfield Town-Manchester City,Manchester City,80’,1:1,Gabriel Jesus,Vincent Kompany,substitute_in
ENG-Premier League,1718,2017-11-26 Huddersfield Town-Manchester City,Huddersfield Town,81’,1:1,Collin Quaner,Tom Ince,substitute_in
ENG-Premier League,1718,2017-11-26 Huddersfield Town-Manchester City,Manchester City,84’,1:2,Raheem Sterling,,goal
ENG-Premier League,1718,2017-11-26 Huddersfield Town-Manchester City,Huddersfield Town,86’,1:2,Steve Mounié,Jonathan Hogg,substitute_in
ENG-Premier League,1718,2017-11-26 Huddersfield Town-Manchester City,Manchester City,86’,1:2,İlkay Gündoğan,Sergio Agüero,substitute_in
ENG-Premier League,1718,2017-11-26 Huddersfield Town-Manchester City,Manchester City,87’,1:2,David Silva,,yellow_card
ENG-Premier League,1718,2017-11-26 Huddersfield Town-Manchester City,Manchester City,89’,1:2,Eliaquim Mangala,David Silva,substitute_in
ENG-Premier League,1718,2017-11-26 Huddersfield Town-Manchester City,Huddersfield Town,90+6’,1:2,Rajiv van La Parra,,red_card
ENG-Premier League,1718,2017-11-26 Huddersfield Town-Manchester City,Manchester City,90+6’,1:2,Leroy Sané,,yellow_card
ENG-Premier League,1718,2018-04-28 Burnley-Brighton,Brighton & Hove Albion,41’,0:0,Dale Stephens,,yellow_card
ENG-Premier League,1718,2018-04-28 Burnley-Brighton,Burnley,66’,0:0,Sam Vokes,Chris Wood,substitute_in
ENG-Premier League,1718,2018-04-28 Burnley-Brighton,Brighton & Hove Albion,67’,0:0,Glenn Murray,Leonardo Ulloa,substitute_in
ENG-Premier League,1718,2018-04-28 Burnley-Brighton,Burnley,72’,0:0,Georges-Kévin N'Koudou,Aaron Lennon,substitute_in
ENG-Premier League,1718,2018-04-28 Burnley-Brighton,Brighton & Hove Albion,72’,0:0,Glenn Murray,,yellow_card
ENG-Premier League,1718,2018-04-28 Burnley-Brighton,Burnley,81’,0:0,Jeff Hendrick,Ashley Westwood,substitute_in
ENG-Premier League,1718,2018-04-28 Burnley-Brighton,Brighton & Hove Albion,85’,0:0,Solly March,José Izquierdo,substitute_in
ENG-Premier League,1718,2018-04-28 Burnley-Brighton,Brighton & Hove Albion,89’,0:0,Ezequiel Schelotto,Bruno,substitute_in
ENG-Premier League,1718,2018-02-24 Bournemouth-Newcastle United,Newcastle United,17’,0:1,Dwight Gayle,,goal
ENG-Premier League,1718,2018-02-24 Bournemouth-Newcastle United,Newcastle United,45+1’,0:2,Dwight Gayle,Ayoze Pérez,goal
ENG-Premier League,1718,2018-02-24 Bournemouth-Newcastle United,Bournemouth,46’,0:2,Adam Smith,Charlie Daniels,substitute_in
ENG-Premier League,1718,2018-02-24 Bournemouth-Newcastle United,Bournemouth,52’,0:2,Nathan Aké,,yellow_card
ENG-Premier League,1718,2018-02-24 Bournemouth-Newcastle United,Newcastle United,53’,0:2,Matt Ritchie,,yellow_card
ENG-Premier League,1718,2018-02-24 Bournemouth-Newcastle United,Bournemouth,63’,0:2,Lys Mousset,Ryan Fraser,substitute_in
ENG-Premier League,1718,2018-02-24 Bournemouth-Newcastle United,Newcastle United,64’,0:2,Christian Atsu,Kenedy,substitute_in
ENG-Premier League,1718,2018-02-24 Bournemouth-Newcastle United,Bournemouth,73’,0:2,Jermain Defoe,Callum Wilson,substitute_in
ENG-Premier League,1718,2018-02-24 Bournemouth-Newcastle United,Newcastle United,78’,0:2,Isaac Hayden,Dwight Gayle,substitute_in
ENG-Premier League,1718,2018-02-24 Bournemouth-Newcastle United,Bournemouth,80’,1:2,Adam Smith,Lewis Cook,goal
ENG-Premier League,1718,2018-02-24 Bournemouth-Newcastle United,Newcastle United,82’,1:2,DeAndre Yedlin,,yellow_card
ENG-Premier League,1718,2018-02-24 Bournemouth-Newcastle United,Newcastle United,84’,1:2,Javier Manquillo,Matt Ritchie,substitute_in
ENG-Premier League,1718,2018-02-24 Bournemouth-Newcastle United,Newcastle United,85’,1:2,Mohamed Diamé,,yellow_card
ENG-Premier League,1718,2018-02-24 Bournemouth-Newcastle United,Bournemouth,89’,2:2,Dan Gosling,Nathan Aké,goal
ENG-Premier League,1718,2018-02-24 Bournemouth-Newcastle United,Newcastle United,90+1’,2:2,Ayoze Pérez,,yellow_card
ENG-Premier League,1718,2018-04-17 Brighton-Tottenham Hotspur,Brighton & Hove Albion,11’,0:0,Lewis Dunk,,yellow_card
ENG-Premier League,1718,2018-04-17 Brighton-Tottenham Hotspur,Tottenham Hotspur,48’,0:1,Harry Kane,Son Heung-min,goal
ENG-Premier League,1718,2018-04-17 Brighton-Tottenham Hotspur,Brighton & Hove Albion,50’,1:1,Pascal Groß,,penalty_goal
ENG-Premier League,1718,2018-04-17 Brighton-Tottenham Hotspur,Brighton & Hove Albion,74’,1:1,Leonardo Ulloa,Glenn Murray,substitute_in
ENG-Premier League,1718,2018-04-17 Brighton-Tottenham Hotspur,Tottenham Hotspur,74’,1:1,Mousa Dembélé,Moussa Sissoko,substitute_in
ENG-Premier League,1718,2018-04-17 Brighton-Tottenham Hotspur,Tottenham Hotspur,74’,1:1,Érik Lamela,Lucas Moura,substitute_in
ENG-Premier League,1718,2018-04-17 Brighton-Tottenham Hotspur,Brighton & Hove Albion,77’,1:1,Solly March,José Izquierdo,substitute_in
ENG-Premier League,1718,2018-04-17 Brighton-Tottenham Hotspur,Tottenham Hotspur,85’,1:1,Fernando Llorente,Harry Kane,substitute_in
ENG-Premier League,1718,2017-09-30 Bournemouth-Leicester City,Bournemouth,20’,0:0,Marc Pugh,,yellow_card
ENG-Premier League,1718,2017-09-30 Bournemouth-Leicester City,Leicester City,46’,0:0,Vicente Iborra,Andy King,substitute_in
ENG-Premier League,1718,2017-09-30 Bournemouth-Leicester City,Bournemouth,69’,0:0,Jordon Ibe,Marc Pugh,substitute_in
ENG-Premier League,1718,2017-09-30 Bournemouth-Leicester City,Leicester City,69’,0:0,Kelechi Iheanacho,Shinji Okazaki,substitute_in
ENG-Premier League,1718,2017-09-30 Bournemouth-Leicester City,Leicester City,75’,0:0,Riyad Mahrez,Marc Albrighton,substitute_in
ENG-Premier League,1718,2017-09-30 Bournemouth-Leicester City,Bournemouth,82’,0:0,Benik Afobe,Jermain Defoe,substitute_in
ENG-Premier League,1718,2017-09-30 Bournemouth-Leicester City,Bournemouth,88’,0:0,Ryan Fraser,Junior Stanislas,substitute_in
ENG-Premier League,1718,2018-01-31 Manchester City-West Brom,Manchester City,19’,1:0,Fernandinho,Kevin De Bruyne,goal
ENG-Premier League,1718,2018-01-31 Manchester City-West Brom,Manchester City,32’,1:0,David Silva,,yellow_card
ENG-Premier League,1718,2018-01-31 Manchester City-West Brom,West Bromwich Albion,33’,1:0,Gareth Barry,Grzegorz Krychowiak,substitute_in
ENG-Premier League,1718,2018-01-31 Manchester City-West Brom,Manchester City,39’,1:0,İlkay Gündoğan,David Silva,substitute_in
ENG-Premier League,1718,2018-01-31 Manchester City-West Brom,West Bromwich Albion,55’,1:0,Matt Phillips,Sam Field,substitute_in
ENG-Premier League,1718,2018-01-31 Manchester City-West Brom,Manchester City,68’,2:0,Kevin De Bruyne,Raheem Sterling,goal
ENG-Premier League,1718,2018-01-31 Manchester City-West Brom,West Bromwich Albion,69’,2:0,James McClean,,yellow_card
ENG-Premier League,1718,2018-01-31 Manchester City-West Brom,West Bromwich Albion,75’,2:0,Salomón Rondón,,yellow_card
ENG-Premier League,1718,2018-01-31 Manchester City-West Brom,Manchester City,78’,2:0,Brahim Díaz,Kevin De Bruyne,substitute_in
ENG-Premier League,1718,2018-01-31 Manchester City-West Brom,West Bromwich Albion,78’,2:0,Daniel Sturridge,Salomón Rondón,substitute_in
ENG-Premier League,1718,2018-01-31 Manchester City-West Brom,West Bromwich Albion,85’,2:0,Matt Phillips,,yellow_card
ENG-Premier League,1718,2018-01-31 Manchester City-West Brom,Manchester City,89’,3:0,Sergio Agüero,Raheem Sterling,goal
ENG-Premier League,1718,2018-02-24 Liverpool-West Ham United,Liverpool,29’,1:0,Emre Can,Mohamed Salah,goal
ENG-Premier League,1718,2018-02-24 Liverpool-West Ham United,West Ham United,43’,1:0,James Collins,,yellow_card
ENG-Premier League,1718,2018-02-24 Liverpool-West Ham United,West Ham United,47’,1:0,Cheikhou Kouyaté,,yellow_card
ENG-Premier League,1718,2018-02-24 Liverpool-West Ham United,Liverpool,51’,2:0,Mohamed Salah,Alex Oxlade-Chamberlain,goal
ENG-Premier League,1718,2018-02-24 Liverpool-West Ham United,Liverpool,57’,3:0,Roberto Firmino,Emre Can,goal
ENG-Premier League,1718,2018-02-24 Liverpool-West Ham United,West Ham United,58’,3:0,Michail Antonio,Manuel Lanzini,substitute_in
ENG-Premier League,1718,2018-02-24 Liverpool-West Ham United,West Ham United,59’,3:1,Michail Antonio,Cheikhou Kouyaté,goal
ENG-Premier League,1718,2018-02-24 Liverpool-West Ham United,Liverpool,77’,4:1,Sadio Mané,Andrew Robertson,goal
ENG-Premier League,1718,2018-02-24 Liverpool-West Ham United,Liverpool,82’,4:1,Adam Lallana,Roberto Firmino,substitute_in
ENG-Premier League,1718,2018-02-24 Liverpool-West Ham United,West Ham United,83’,4:1,Javier Hernández,Marko Arnautović,substitute_in
ENG-Premier League,1718,2018-02-24 Liverpool-West Ham United,West Ham United,83’,4:1,Declan Rice,João Mário,substitute_in
ENG-Premier League,1718,2018-02-24 Liverpool-West Ham United,Liverpool,87’,4:1,Alberto Moreno,Sadio Mané,substitute_in
ENG-Premier League,1718,2018-02-24 Liverpool-West Ham United,Liverpool,87’,4:1,Dominic Solanke,Mohamed Salah,substitute_in
ENG-Premier League,1718,2017-12-23 Burnley-Tottenham Hotspur,Burnley,35’,0:1,Ashley Barnes,Chris Wood,substitute_in
ENG-Premier League,1718,2017-12-23 Burnley-Tottenham Hotspur,Tottenham Hotspur,4’,0:0,Dele Alli,,yellow_card
ENG-Premier League,1718,2017-12-23 Burnley-Tottenham Hotspur,Tottenham Hotspur,57’,0:1,Moussa Sissoko,,yellow_card
ENG-Premier League,1718,2017-12-23 Burnley-Tottenham Hotspur,Tottenham Hotspur,69’,0:2,Harry Kane,Moussa Sissoko,goal
ENG-Premier League,1718,2017-12-23 Burnley-Tottenham Hotspur,Burnley,71’,0:2,Sam Vokes,Jeff Hendrick,substitute_in
ENG-Premier League,1718,2017-12-23 Burnley-Tottenham Hotspur,Tottenham Hotspur,78’,0:2,Mousa Dembélé,Son Heung-min,substitute_in
ENG-Premier League,1718,2017-12-23 Burnley-Tottenham Hotspur,Tottenham Hotspur,79’,0:3,Harry Kane,Dele Alli,goal
ENG-Premier League,1718,2017-12-23 Burnley-Tottenham Hotspur,Tottenham Hotspur,7’,0:1,Harry Kane,,penalty_goal
ENG-Premier League,1718,2017-12-23 Burnley-Tottenham Hotspur,Tottenham Hotspur,83’,0:3,Érik Lamela,Eric Dier,substitute_in
ENG-Premier League,1718,2017-12-23 Burnley-Tottenham Hotspur,Burnley,86’,0:3,Nahki Wells,Scott Arfield,substitute_in
ENG-Premier League,1718,2017-12-23 Burnley-Tottenham Hotspur,Tottenham Hotspur,87’,0:3,Fernando Llorente,Dele Alli,substitute_in
ENG-Premier League,1718,2017-12-23 Burnley-Tottenham Hotspur,Burnley,88’,0:3,Steven Defour,,yellow_card
ENG-Premier League,1718,2017-12-26 Huddersfield Town-Stoke City,Huddersfield Town,10’,1:0,Tom Ince,Collin Quaner,goal
ENG-Premier League,1718,2017-12-26 Huddersfield Town-Stoke City,Stoke City,32’,1:0,Ramadan Sobhi,Ryan Shawcross,substitute_in
ENG-Premier League,1718,2017-12-26 Huddersfield Town-Stoke City,Huddersfield Town,59’,1:0,Christopher Schindler,,yellow_card
ENG-Premier League,1718,2017-12-26 Huddersfield Town-Stoke City,Stoke City,60’,1:1,Ramadan Sobhi,Joe Allen,goal
ENG-Premier League,1718,2017-12-26 Huddersfield Town-Stoke City,Stoke City,60’,1:1,Ramadan Sobhi,,yellow_card
ENG-Premier League,1718,2017-12-26 Huddersfield Town-Stoke City,Huddersfield Town,62’,1:1,Laurent Depoitre,Steve Mounié,substitute_in
ENG-Premier League,1718,2017-12-26 Huddersfield Town-Stoke City,Huddersfield Town,62’,1:1,Joe Lolley,Rajiv van La Parra,substitute_in
ENG-Premier League,1718,2017-12-26 Huddersfield Town-Stoke City,Stoke City,65’,1:1,Mame Biram Diouf,Xherdan Shaqiri,substitute_in
ENG-Premier League,1718,2017-12-26 Huddersfield Town-Stoke City,Stoke City,69’,1:1,Geoff Cameron,,yellow_card
ENG-Premier League,1718,2017-12-26 Huddersfield Town-Stoke City,Stoke City,72’,1:1,Kurt Zouma,,yellow_card
ENG-Premier League,1718,2017-12-26 Huddersfield Town-Stoke City,Stoke City,76’,1:1,Mame Biram Diouf,,yellow_card
ENG-Premier League,1718,2017-12-26 Huddersfield Town-Stoke City,Stoke City,76’,1:1,Charlie Adam,Darren Fletcher,substitute_in
ENG-Premier League,1718,2017-12-26 Huddersfield Town-Stoke City,Huddersfield Town,83’,1:1,Scott Malone,Chris Löwe,substitute_in
ENG-Premier League,1718,2017-12-26 Huddersfield Town-Stoke City,Huddersfield Town,85’,1:1,Mathias Jørgensen,,yellow_card
ENG-Premier League,1718,2018-05-06 Arsenal-Burnley,Arsenal,14’,1:0,Pierre-Emerick Aubameyang,Alexandre Lacazette,goal
ENG-Premier League,1718,2018-05-06 Arsenal-Burnley,Burnley,22’,1:0,Sam Vokes,Ashley Barnes,substitute_in
ENG-Premier League,1718,2018-05-06 Arsenal-Burnley,Burnley,44’,1:0,James Tarkowski,,yellow_card
ENG-Premier League,1718,2018-05-06 Arsenal-Burnley,Arsenal,45+3’,2:0,Alexandre Lacazette,Héctor Bellerín,goal
ENG-Premier League,1718,2018-05-06 Arsenal-Burnley,Arsenal,54’,3:0,Sead Kolašinac,Jack Wilshere,goal
ENG-Premier League,1718,2018-05-06 Arsenal-Burnley,Arsenal,64’,4:0,Alex Iwobi,Pierre-Emerick Aubameyang,goal
ENG-Premier League,1718,2018-05-06 Arsenal-Burnley,Burnley,71’,4:0,Georges-Kévin N'Koudou,Aaron Lennon,substitute_in
ENG-Premier League,1718,2018-05-06 Arsenal-Burnley,Arsenal,72’,4:0,Danny Welbeck,Alexandre Lacazette,substitute_in
ENG-Premier League,1718,2018-05-06 Arsenal-Burnley,Arsenal,72’,4:0,Aaron Ramsey,Jack Wilshere,substitute_in
ENG-Premier League,1718,2018-05-06 Arsenal-Burnley,Arsenal,75’,5:0,Pierre-Emerick Aubameyang,Héctor Bellerín,goal
ENG-Premier League,1718,2018-05-06 Arsenal-Burnley,Arsenal,77’,5:0,Per Mertesacker,Calum Chambers,substitute_in
ENG-Premier League,1718,2018-05-06 Arsenal-Burnley,Burnley,89’,5:0,Nahki Wells,Jóhann Berg Guðmundsson,substitute_in
ENG-Premier League,1718,2017-11-05 Tottenham Hotspur-Crystal Palace,Crystal Palace,45+2’,0:0,Andros Townsend,,yellow_card
ENG-Premier League,1718,2017-11-05 Tottenham Hotspur-Crystal Palace,Tottenham Hotspur,46’,0:0,Mousa Dembélé,Harry Winks,substitute_in
ENG-Premier League,1718,2017-11-05 Tottenham Hotspur-Crystal Palace,Crystal Palace,56’,0:0,Jeffrey Schlupp,,yellow_card
ENG-Premier League,1718,2017-11-05 Tottenham Hotspur-Crystal Palace,Tottenham Hotspur,64’,1:0,Son Heung-min,,goal
ENG-Premier League,1718,2017-11-05 Tottenham Hotspur-Crystal Palace,Crystal Palace,76’,1:0,Bakary Sako,Joel Ward,substitute_in
ENG-Premier League,1718,2017-11-05 Tottenham Hotspur-Crystal Palace,Tottenham Hotspur,77’,1:0,Fernando Llorente,Harry Kane,substitute_in
ENG-Premier League,1718,2017-11-05 Tottenham Hotspur-Crystal Palace,Tottenham Hotspur,90+2’,1:0,Ben Davies,Danny Rose,substitute_in
ENG-Premier League,1718,2017-11-28 West Brom-Newcastle United,West Bromwich Albion,45+1’,1:0,Hal Robson-Kanu,Kieran Gibbs,goal
ENG-Premier League,1718,2017-11-28 West Brom-Newcastle United,West Bromwich Albion,56’,2:0,Sam Field,Matt Phillips,goal
ENG-Premier League,1718,2017-11-28 West Brom-Newcastle United,Newcastle United,59’,2:1,Ciaran Clark,Matt Ritchie,goal
ENG-Premier League,1718,2017-11-28 West Brom-Newcastle United,Newcastle United,64’,2:1,Rolando Aarons,Jacob Murphy,substitute_in
ENG-Premier League,1718,2017-11-28 West Brom-Newcastle United,West Bromwich Albion,67’,2:1,Claudio Yacob,Gareth Barry,substitute_in
ENG-Premier League,1718,2017-11-28 West Brom-Newcastle United,Newcastle United,73’,2:1,Aleksandar Mitrović,Joselu,substitute_in
ENG-Premier League,1718,2017-11-28 West Brom-Newcastle United,West Bromwich Albion,80’,2:1,James McClean,Kieran Gibbs,substitute_in
ENG-Premier League,1718,2017-11-28 West Brom-Newcastle United,Newcastle United,80’,2:1,Jonjo Shelvey,Isaac Hayden,substitute_in
ENG-Premier League,1718,2017-11-28 West Brom-Newcastle United,Newcastle United,83’,2:2,Jonny Evans,,own_goal
ENG-Premier League,1718,2017-11-28 West Brom-Newcastle United,West Bromwich Albion,84’,2:2,Grzegorz Krychowiak,Sam Field,substitute_in
ENG-Premier League,1718,2017-12-30 Watford-Swansea City,Watford,11’,1:0,André Carrillo,,goal
ENG-Premier League,1718,2017-12-30 Watford-Swansea City,Watford,30’,1:0,André Carrillo,,yellow_card
ENG-Premier League,1718,2017-12-30 Watford-Swansea City,Swansea City,34’,1:0,Tom Carroll,,yellow_card
ENG-Premier League,1718,2017-12-30 Watford-Swansea City,Swansea City,3’,0:0,Federico Fernández,,yellow_card
ENG-Premier League,1718,2017-12-30 Watford-Swansea City,Swansea City,46’,1:0,Luciano Narsingh,Roque Mesa,substitute_in
ENG-Premier League,1718,2017-12-30 Watford-Swansea City,Swansea City,57’,1:0,Oliver McBurnie,Tammy Abraham,substitute_in
ENG-Premier League,1718,2017-12-30 Watford-Swansea City,Watford,64’,1:0,Sebastian Prödl,Molla Wagué,substitute_in
ENG-Premier League,1718,2017-12-30 Watford-Swansea City,Watford,77’,1:0,Andre Gray,Stefano Okaka,substitute_in
ENG-Premier League,1718,2017-12-30 Watford-Swansea City,Watford,80’,1:0,Abdoulaye Doucouré,,yellow_card
ENG-Premier League,1718,2017-12-30 Watford-Swansea City,Swansea City,81’,1:0,Nathan Dyer,Sam Clucas,substitute_in
ENG-Premier League,1718,2017-12-30 Watford-Swansea City,Watford,82’,1:0,Sebastian Prödl,,yellow_card
ENG-Premier League,1718,2017-12-30 Watford-Swansea City,Watford,83’,1:0,Roberto Pereyra,André Carrillo,substitute_in
ENG-Premier League,1718,2017-12-30 Watford-Swansea City,Swansea City,86’,1:1,Jordan Ayew,Oliver McBurnie,goal
ENG-Premier League,1718,2017-12-30 Watford-Swansea City,Watford,89’,1:1,Marvin Zeegelaar,,yellow_card
ENG-Premier League,1718,2017-12-30 Watford-Swansea City,Swansea City,90’,1:2,Luciano Narsingh,,goal
ENG-Premier League,1718,2018-03-31 Everton-Manchester City,Manchester City,12’,0:2,Gabriel Jesus,Kevin De Bruyne,goal
ENG-Premier League,1718,2018-03-31 Everton-Manchester City,Manchester City,37’,0:3,Raheem Sterling,David Silva,goal
ENG-Premier League,1718,2018-03-31 Everton-Manchester City,Manchester City,4’,0:1,Leroy Sané,David Silva,goal
ENG-Premier League,1718,2018-03-31 Everton-Manchester City,Everton,57’,0:3,Tom Davies,Wayne Rooney,substitute_in
ENG-Premier League,1718,2018-03-31 Everton-Manchester City,Everton,63’,1:3,Yannick Bolasie,Dominic Calvert-Lewin,goal
ENG-Premier League,1718,2018-03-31 Everton-Manchester City,Manchester City,64’,1:3,Bernardo Silva,Raheem Sterling,substitute_in
ENG-Premier League,1718,2018-03-31 Everton-Manchester City,Everton,75’,1:3,Beni Baningime,Dominic Calvert-Lewin,substitute_in
ENG-Premier League,1718,2018-03-31 Everton-Manchester City,Manchester City,77’,1:3,İlkay Gündoğan,Kevin De Bruyne,substitute_in
ENG-Premier League,1718,2018-03-31 Everton-Manchester City,Everton,79’,1:3,Oumar Niasse,Cenk Tosun,substitute_in
ENG-Premier League,1718,2018-03-31 Everton-Manchester City,Manchester City,87’,1:3,Danilo,Aymeric Laporte,substitute_in
ENG-Premier League,1718,2017-11-29 Manchester City-Southampton,Manchester City,36’,0:0,Vincent Kompany,,yellow_card
ENG-Premier League,1718,2017-11-29 Manchester City-Southampton,Manchester City,47’,1:0,Kevin De Bruyne,,goal
ENG-Premier League,1718,2017-11-29 Manchester City-Southampton,Southampton,64’,1:0,Sofiane Boufal,Pierre Højbjerg,substitute_in
ENG-Premier League,1718,2017-11-29 Manchester City-Southampton,Southampton,66’,1:0,Shane Long,,yellow_card
ENG-Premier League,1718,2017-11-29 Manchester City-Southampton,Manchester City,74’,1:0,David Silva,Gabriel Jesus,substitute_in
ENG-Premier League,1718,2017-11-29 Manchester City-Southampton,Southampton,75’,1:1,Oriol Romeu,Sofiane Boufal,goal
ENG-Premier League,1718,2017-11-29 Manchester City-Southampton,Manchester City,80’,1:1,Bernardo Silva,İlkay Gündoğan,substitute_in
ENG-Premier League,1718,2017-11-29 Manchester City-Southampton,Southampton,83’,1:1,Charlie Austin,Shane Long,substitute_in
ENG-Premier League,1718,2017-11-29 Manchester City-Southampton,Southampton,87’,1:1,Sam McQueen,Cédric Soares,substitute_in
ENG-Premier League,1718,2017-11-29 Manchester City-Southampton,Manchester City,90+6’,2:1,Raheem Sterling,Kevin De Bruyne,goal
ENG-Premier League,1718,2017-12-16 Chelsea-Southampton,Southampton,17’,0:0,Mario Lemina,Cédric Soares,substitute_in
ENG-Premier League,1718,2017-12-16 Chelsea-Southampton,Southampton,45+2’,0:0,Maya Yoshida,,yellow_card
ENG-Premier League,1718,2017-12-16 Chelsea-Southampton,Chelsea,45+3’,1:0,Marcos Alonso,,goal
ENG-Premier League,1718,2017-12-16 Chelsea-Southampton,Southampton,61’,1:0,Charlie Austin,Manolo Gabbiadini,substitute_in
ENG-Premier League,1718,2017-12-16 Chelsea-Southampton,Chelsea,68’,1:0,Cesc Fàbregas,Pedro,substitute_in
ENG-Premier League,1718,2017-12-16 Chelsea-Southampton,Southampton,72’,1:0,Sofiane Boufal,Pierre Højbjerg,substitute_in
ENG-Premier League,1718,2017-12-16 Chelsea-Southampton,Chelsea,73’,1:0,Álvaro Morata,Eden Hazard,substitute_in
ENG-Premier League,1718,2017-12-16 Chelsea-Southampton,Chelsea,82’,1:0,Davide Zappacosta,Victor Moses,substitute_in
ENG-Premier League,1718,2017-12-16 Chelsea-Southampton,Southampton,87’,1:0,Jack Stephens,,yellow_card
ENG-Premier League,1718,2017-12-16 Chelsea-Southampton,Southampton,87’,1:0,Nathan Redmond,,yellow_card
ENG-Premier League,1718,2017-12-16 Chelsea-Southampton,Southampton,90+3’,1:0,Ryan Bertrand,,substitute_in
ENG-Premier League,1718,2017-12-16 Chelsea-Southampton,Chelsea,90+4’,1:0,Marcos Alonso,,yellow_card
ENG-Premier League,1718,2018-01-03 Arsenal-Chelsea,Arsenal,31’,0:0,Jack Wilshere,,yellow_card
ENG-Premier League,1718,2018-01-03 Arsenal-Chelsea,Chelsea,43’,0:0,Cesc Fàbregas,,yellow_card
ENG-Premier League,1718,2018-01-03 Arsenal-Chelsea,Arsenal,53’,0:0,Rob Holding,,yellow_card
ENG-Premier League,1718,2018-01-03 Arsenal-Chelsea,Chelsea,56’,0:0,Davide Zappacosta,Victor Moses,substitute_in
ENG-Premier League,1718,2018-01-03 Arsenal-Chelsea,Arsenal,63’,1:0,Jack Wilshere,,goal
ENG-Premier League,1718,2018-01-03 Arsenal-Chelsea,Arsenal,67’,1:0,Mesut Özil,,yellow_card
ENG-Premier League,1718,2018-01-03 Arsenal-Chelsea,Chelsea,67’,1:1,Eden Hazard,,penalty_goal
ENG-Premier League,1718,2018-01-03 Arsenal-Chelsea,Chelsea,71’,1:1,Danny Drinkwater,Cesc Fàbregas,substitute_in
ENG-Premier League,1718,2018-01-03 Arsenal-Chelsea,Arsenal,80’,1:1,Danny Welbeck,Alexandre Lacazette,substitute_in
ENG-Premier League,1718,2018-01-03 Arsenal-Chelsea,Chelsea,82’,1:1,Willian,Eden Hazard,substitute_in
ENG-Premier League,1718,2018-01-03 Arsenal-Chelsea,Chelsea,84’,1:2,Marcos Alonso,Davide Zappacosta,goal
ENG-Premier League,1718,2018-01-03 Arsenal-Chelsea,Arsenal,88’,1:2,Theo Walcott,Calum Chambers,substitute_in
ENG-Premier League,1718,2018-01-03 Arsenal-Chelsea,Chelsea,89’,1:2,Thibaut Courtois,,yellow_card
ENG-Premier League,1718,2018-01-03 Arsenal-Chelsea,Arsenal,90+2’,2:2,Héctor Bellerín,,goal
ENG-Premier League,1718,2017-12-02 Everton-Huddersfield Town,Huddersfield Town,22’,0:0,Scott Malone,,yellow_card
ENG-Premier League,1718,2017-12-02 Everton-Huddersfield Town,Everton,23’,0:0,Jonjoe Kenny,,yellow_card
ENG-Premier League,1718,2017-12-02 Everton-Huddersfield Town,Everton,24’,0:0,Tom Davies,,yellow_card
ENG-Premier League,1718,2017-12-02 Everton-Huddersfield Town,Huddersfield Town,46’,0:0,Kasey Palmer,Collin Quaner,substitute_in
ENG-Premier League,1718,2017-12-02 Everton-Huddersfield Town,Everton,47’,1:0,Gylfi Sigurðsson,Dominic Calvert-Lewin,goal
ENG-Premier League,1718,2017-12-02 Everton-Huddersfield Town,Everton,66’,1:0,Morgan Schneiderlin,Tom Davies,substitute_in
ENG-Premier League,1718,2017-12-02 Everton-Huddersfield Town,Everton,71’,1:0,Ademola Lookman,Aaron Lennon,substitute_in
ENG-Premier League,1718,2017-12-02 Everton-Huddersfield Town,Huddersfield Town,71’,1:0,Steve Mounié,Scott Malone,substitute_in
ENG-Premier League,1718,2017-12-02 Everton-Huddersfield Town,Everton,73’,2:0,Dominic Calvert-Lewin,Wayne Rooney,goal
ENG-Premier League,1718,2017-12-02 Everton-Huddersfield Town,Everton,80’,2:0,Michael Keane,Wayne Rooney,substitute_in
ENG-Premier League,1718,2017-12-26 Chelsea-Brighton,Chelsea,46’,1:0,Álvaro Morata,César Azpilicueta,goal
ENG-Premier League,1718,2017-12-26 Chelsea-Brighton,Brighton & Hove Albion,57’,1:0,Dale Stephens,,yellow_card
ENG-Premier League,1718,2017-12-26 Chelsea-Brighton,Chelsea,60’,2:0,Marcos Alonso,Cesc Fàbregas,goal
ENG-Premier League,1718,2017-12-26 Chelsea-Brighton,Chelsea,73’,2:0,Willian,Eden Hazard,substitute_in
ENG-Premier League,1718,2017-12-26 Chelsea-Brighton,Brighton & Hove Albion,73’,2:0,Pascal Groß,Beram Kayal,substitute_in
ENG-Premier League,1718,2017-12-26 Chelsea-Brighton,Brighton & Hove Albion,80’,2:0,Glenn Murray,Tomer Hemed,substitute_in
ENG-Premier League,1718,2017-12-26 Chelsea-Brighton,Chelsea,82’,2:0,Michy Batshuayi,Álvaro Morata,substitute_in
ENG-Premier League,1718,2017-12-26 Chelsea-Brighton,Brighton & Hove Albion,82’,2:0,Anthony Knockaert,Solly March,substitute_in
ENG-Premier League,1718,2017-12-26 Chelsea-Brighton,Chelsea,85’,2:0,Danny Drinkwater,N'Golo Kanté,substitute_in
ENG-Premier League,1718,2017-09-23 Everton-Bournemouth,Everton,15’,0:0,Morgan Schneiderlin,,yellow_card
ENG-Premier League,1718,2017-09-23 Everton-Bournemouth,Bournemouth,49’,0:1,Joshua King,Charlie Daniels,goal
ENG-Premier League,1718,2017-09-23 Everton-Bournemouth,Everton,55’,0:1,Oumar Niasse,Wayne Rooney,substitute_in
ENG-Premier League,1718,2017-09-23 Everton-Bournemouth,Everton,55’,0:1,Tom Davies,Davy Klaassen,substitute_in
ENG-Premier League,1718,2017-09-23 Everton-Bournemouth,Everton,56’,0:1,Tom Davies,,yellow_card
ENG-Premier League,1718,2017-09-23 Everton-Bournemouth,Bournemouth,75’,0:1,Benik Afobe,Jermain Defoe,substitute_in
ENG-Premier League,1718,2017-09-23 Everton-Bournemouth,Everton,76’,0:1,Jonjoe Kenny,Cuco Martina,substitute_in
ENG-Premier League,1718,2017-09-23 Everton-Bournemouth,Everton,77’,1:1,Oumar Niasse,Tom Davies,goal
ENG-Premier League,1718,2017-09-23 Everton-Bournemouth,Bournemouth,79’,1:1,Steve Cook,Joshua King,substitute_in
ENG-Premier League,1718,2017-09-23 Everton-Bournemouth,Everton,80’,1:1,Oumar Niasse,,yellow_card
ENG-Premier League,1718,2017-09-23 Everton-Bournemouth,Everton,82’,2:1,Oumar Niasse,,goal
ENG-Premier League,1718,2017-09-23 Everton-Bournemouth,Bournemouth,83’,2:1,Lys Mousset,Nathan Aké,substitute_in
ENG-Premier League,1718,2017-09-23 Everton-Bournemouth,Bournemouth,90+6’,2:1,Junior Stanislas,,yellow_card
ENG-Premier League,1718,2018-01-20 Manchester City-Newcastle United,Manchester City,34’,1:0,Sergio Agüero,Kevin De Bruyne,goal
ENG-Premier League,1718,2018-01-20 Manchester City-Newcastle United,Manchester City,63’,2:0,Sergio Agüero,,penalty_goal
ENG-Premier League,1718,2018-01-20 Manchester City-Newcastle United,Newcastle United,64’,2:0,Ayoze Pérez,Christian Atsu,substitute_in
ENG-Premier League,1718,2018-01-20 Manchester City-Newcastle United,Newcastle United,66’,2:0,DeAndre Yedlin,Javier Manquillo,substitute_in
ENG-Premier League,1718,2018-01-20 Manchester City-Newcastle United,Newcastle United,67’,2:1,Jacob Murphy,Ciaran Clark,goal
ENG-Premier League,1718,2018-01-20 Manchester City-Newcastle United,Newcastle United,76’,2:1,Dwight Gayle,Joselu,substitute_in
ENG-Premier League,1718,2018-01-20 Manchester City-Newcastle United,Newcastle United,78’,2:1,Ciaran Clark,,yellow_card
ENG-Premier League,1718,2018-01-20 Manchester City-Newcastle United,Manchester City,83’,3:1,Sergio Agüero,Leroy Sané,goal
ENG-Premier League,1718,2018-01-20 Manchester City-Newcastle United,Manchester City,86’,3:1,Bernardo Silva,Raheem Sterling,substitute_in
ENG-Premier League,1718,2018-01-20 Manchester City-Newcastle United,Manchester City,87’,3:1,Brahim Díaz,Leroy Sané,substitute_in
ENG-Premier League,1718,2017-10-30 Burnley-Newcastle United,Burnley,45’,0:0,Jóhann Berg Guðmundsson,,yellow_card
ENG-Premier League,1718,2017-10-30 Burnley-Newcastle United,Burnley,62’,0:0,Jack Cork,,yellow_card
ENG-Premier League,1718,2017-10-30 Burnley-Newcastle United,Burnley,74’,1:0,Jeff Hendrick,Jóhann Berg Guðmundsson,goal
ENG-Premier League,1718,2017-10-30 Burnley-Newcastle United,Burnley,75’,1:0,James Tarkowski,,yellow_card
ENG-Premier League,1718,2017-10-30 Burnley-Newcastle United,Burnley,76’,1:0,Ashley Westwood,Steven Defour,substitute_in
ENG-Premier League,1718,2017-10-30 Burnley-Newcastle United,Newcastle United,76’,1:0,Isaac Hayden,Ayoze Pérez,substitute_in
ENG-Premier League,1718,2017-10-30 Burnley-Newcastle United,Newcastle United,79’,1:0,Jacob Murphy,Matt Ritchie,substitute_in
ENG-Premier League,1718,2017-10-30 Burnley-Newcastle United,Newcastle United,83’,1:0,Dwight Gayle,Mohamed Diamé,substitute_in
ENG-Premier League,1718,2018-01-30 Swansea City-Arsenal,Arsenal,33’,0:1,Nacho Monreal,Mesut Özil,goal
ENG-Premier League,1718,2018-01-30 Swansea City-Arsenal,Swansea City,34’,1:1,Sam Clucas,Alfie Mawson,goal
ENG-Premier League,1718,2018-01-30 Swansea City-Arsenal,Arsenal,54’,1:1,Mohamed Elneny,,yellow_card
ENG-Premier League,1718,2018-01-30 Swansea City-Arsenal,Arsenal,60’,1:1,Henrikh Mkhitaryan,Mohamed Elneny,substitute_in
ENG-Premier League,1718,2018-01-30 Swansea City-Arsenal,Swansea City,61’,2:1,Jordan Ayew,,goal
ENG-Premier League,1718,2018-01-30 Swansea City-Arsenal,Arsenal,69’,2:1,Héctor Bellerín,,yellow_card
ENG-Premier League,1718,2018-01-30 Swansea City-Arsenal,Arsenal,75’,2:1,Mesut Özil,,yellow_card
ENG-Premier League,1718,2018-01-30 Swansea City-Arsenal,Arsenal,76’,2:1,Olivier Giroud,Alex Iwobi,substitute_in
ENG-Premier League,1718,2018-01-30 Swansea City-Arsenal,Swansea City,83’,2:1,Tom Carroll,Nathan Dyer,substitute_in
ENG-Premier League,1718,2018-01-30 Swansea City-Arsenal,Swansea City,86’,3:1,Sam Clucas,,goal
ENG-Premier League,1718,2018-01-30 Swansea City-Arsenal,Swansea City,88’,3:1,Wilfried Bony,Jordan Ayew,substitute_in
ENG-Premier League,1718,2018-01-30 Swansea City-Arsenal,Swansea City,90+2’,3:1,Wayne Routledge,Sam Clucas,substitute_in
ENG-Premier League,1718,2017-12-13 Southampton-Leicester City,Leicester City,11’,0:1,Riyad Mahrez,Shinji Okazaki,goal
ENG-Premier League,1718,2017-12-13 Southampton-Leicester City,Leicester City,32’,0:2,Shinji Okazaki,,goal
ENG-Premier League,1718,2017-12-13 Southampton-Leicester City,Leicester City,38’,0:3,Andy King,Harry Maguire,goal
ENG-Premier League,1718,2017-12-13 Southampton-Leicester City,Southampton,46’,0:3,Manolo Gabbiadini,Oriol Romeu,substitute_in
ENG-Premier League,1718,2017-12-13 Southampton-Leicester City,Southampton,52’,0:3,Charlie Austin,,yellow_card
ENG-Premier League,1718,2017-12-13 Southampton-Leicester City,Southampton,61’,1:3,Maya Yoshida,Ryan Bertrand,goal
ENG-Premier League,1718,2017-12-13 Southampton-Leicester City,Southampton,62’,1:3,Nathan Redmond,Sofiane Boufal,substitute_in
ENG-Premier League,1718,2017-12-13 Southampton-Leicester City,Leicester City,69’,1:4,Shinji Okazaki,Jamie Vardy,goal
ENG-Premier League,1718,2017-12-13 Southampton-Leicester City,Leicester City,72’,1:4,Marc Albrighton,Riyad Mahrez,substitute_in
ENG-Premier League,1718,2017-12-13 Southampton-Leicester City,Leicester City,72’,1:4,Demarai Gray,Jamie Vardy,substitute_in
ENG-Premier League,1718,2017-12-13 Southampton-Leicester City,Southampton,83’,1:4,James Ward-Prowse,Dušan Tadić,substitute_in
ENG-Premier League,1718,2017-12-13 Southampton-Leicester City,Leicester City,83’,1:4,Leonardo Ulloa,Ben Chilwell,substitute_in
ENG-Premier League,1718,2018-01-31 Everton-Leicester City,Everton,25’,1:0,Theo Walcott,Gylfi Sigurðsson,goal
ENG-Premier League,1718,2018-01-31 Everton-Leicester City,Everton,39’,2:0,Theo Walcott,Michael Keane,goal
ENG-Premier League,1718,2018-01-31 Everton-Leicester City,Leicester City,58’,2:0,Fousseni Diabaté,Shinji Okazaki,substitute_in
ENG-Premier League,1718,2018-01-31 Everton-Leicester City,Leicester City,71’,2:1,Jamie Vardy,,penalty_goal
ENG-Premier League,1718,2018-01-31 Everton-Leicester City,Leicester City,74’,2:1,Christian Fuchs,Daniel Amartey,substitute_in
ENG-Premier League,1718,2018-01-31 Everton-Leicester City,Leicester City,75’,2:1,Kelechi Iheanacho,Demarai Gray,substitute_in
ENG-Premier League,1718,2018-01-31 Everton-Leicester City,Everton,81’,2:1,Morgan Schneiderlin,Wayne Rooney,substitute_in
ENG-Premier League,1718,2018-01-31 Everton-Leicester City,Everton,82’,2:1,Dominic Calvert-Lewin,Gylfi Sigurðsson,substitute_in
ENG-Premier League,1718,2018-01-31 Everton-Leicester City,Everton,88’,2:1,Ashley Williams,Oumar Niasse,substitute_in
ENG-Premier League,1718,2018-01-31 Everton-Leicester City,Leicester City,90+1’,2:1,Wilfred Ndidi,,yellow_card
ENG-Premier League,1718,2018-01-31 Everton-Leicester City,Leicester City,90’,2:1,Marc Albrighton,,yellow_card
ENG-Premier League,1718,2018-04-28 Swansea City-Chelsea,Swansea City,15’,0:1,André Ayew,,yellow_card
ENG-Premier League,1718,2018-04-28 Swansea City-Chelsea,Chelsea,30’,0:1,Victor Moses,,yellow_card
ENG-Premier League,1718,2018-04-28 Swansea City-Chelsea,Chelsea,4’,0:1,Cesc Fàbregas,Eden Hazard,goal
ENG-Premier League,1718,2018-04-28 Swansea City-Chelsea,Swansea City,58’,0:1,Nathan Dyer,Andy King,substitute_in
ENG-Premier League,1718,2018-04-28 Swansea City-Chelsea,Swansea City,63’,0:1,Tom Carroll,Connor Roberts,substitute_in
ENG-Premier League,1718,2018-04-28 Swansea City-Chelsea,Swansea City,81’,0:1,Wayne Routledge,Martin Olsson,substitute_in
ENG-Premier League,1718,2018-04-28 Swansea City-Chelsea,Chelsea,81’,0:1,Pedro,Cesc Fàbregas,substitute_in
ENG-Premier League,1718,2018-04-28 Swansea City-Chelsea,Chelsea,81’,0:1,Willian,Eden Hazard,substitute_in
ENG-Premier League,1718,2018-04-28 Swansea City-Chelsea,Chelsea,85’,0:1,Álvaro Morata,Olivier Giroud,substitute_in
ENG-Premier League,1718,2017-11-25 Crystal Palace-Stoke City,Crystal Palace,46’,0:0,Christian Benteke,James McArthur,substitute_in
ENG-Premier League,1718,2017-11-25 Crystal Palace-Stoke City,Stoke City,53’,0:1,Xherdan Shaqiri,Ryan Shawcross,goal
ENG-Premier League,1718,2017-11-25 Crystal Palace-Stoke City,Crystal Palace,56’,1:1,Ruben Loftus-Cheek,Andros Townsend,goal
ENG-Premier League,1718,2017-11-25 Crystal Palace-Stoke City,Stoke City,63’,1:1,Kevin Wimmer,,yellow_card
ENG-Premier League,1718,2017-11-25 Crystal Palace-Stoke City,Stoke City,67’,1:1,Peter Crouch,Ramadan Sobhi,substitute_in
ENG-Premier League,1718,2017-11-25 Crystal Palace-Stoke City,Stoke City,74’,1:1,Jesé,Mame Biram Diouf,substitute_in
ENG-Premier League,1718,2017-11-25 Crystal Palace-Stoke City,Crystal Palace,84’,1:1,James Tomkins,,yellow_card
ENG-Premier League,1718,2017-11-25 Crystal Palace-Stoke City,Crystal Palace,90+2’,2:1,Mamadou Sakho,,goal
ENG-Premier League,1718,2017-10-14 Liverpool-Manchester Utd,Manchester United,63’,0:0,Jesse Lingard,Henrikh Mkhitaryan,substitute_in
ENG-Premier League,1718,2017-10-14 Liverpool-Manchester Utd,Manchester United,65’,0:0,Marcus Rashford,Anthony Martial,substitute_in
ENG-Premier League,1718,2017-10-14 Liverpool-Manchester Utd,Manchester United,74’,0:0,Chris Smalling,,yellow_card
ENG-Premier League,1718,2017-10-14 Liverpool-Manchester Utd,Liverpool,78’,0:0,Alex Oxlade-Chamberlain,Mohamed Salah,substitute_in
ENG-Premier League,1718,2017-10-14 Liverpool-Manchester Utd,Liverpool,79’,0:0,Daniel Sturridge,Philippe Coutinho,substitute_in
ENG-Premier League,1718,2017-10-14 Liverpool-Manchester Utd,Liverpool,87’,0:0,Dominic Solanke,Roberto Firmino,substitute_in
ENG-Premier League,1718,2017-10-14 Liverpool-Manchester Utd,Manchester United,87’,0:0,Ashley Young,,yellow_card
ENG-Premier League,1718,2017-10-14 Liverpool-Manchester Utd,Manchester United,90+3’,0:0,Victor Lindelöf,Ashley Young,substitute_in
ENG-Premier League,1718,2017-08-13 Newcastle United-Tottenham Hotspur,Tottenham Hotspur,31’,0:0,Harry Kane,,yellow_card
ENG-Premier League,1718,2017-08-13 Newcastle United-Tottenham Hotspur,Newcastle United,34’,0:0,Chancel Mbemba,Florian Lejeune,substitute_in
ENG-Premier League,1718,2017-08-13 Newcastle United-Tottenham Hotspur,Newcastle United,48’,0:0,Jonjo Shelvey,,red_card
ENG-Premier League,1718,2017-08-13 Newcastle United-Tottenham Hotspur,Newcastle United,52’,0:0,Matt Ritchie,,yellow_card
ENG-Premier League,1718,2017-08-13 Newcastle United-Tottenham Hotspur,Tottenham Hotspur,58’,0:0,Son Heung-min,Moussa Sissoko,substitute_in
ENG-Premier League,1718,2017-08-13 Newcastle United-Tottenham Hotspur,Tottenham Hotspur,61’,0:1,Dele Alli,Christian Eriksen,goal
ENG-Premier League,1718,2017-08-13 Newcastle United-Tottenham Hotspur,Tottenham Hotspur,70’,0:2,Ben Davies,Christian Eriksen,goal
ENG-Premier League,1718,2017-08-13 Newcastle United-Tottenham Hotspur,Newcastle United,76’,0:2,Mikel Merino,Dwight Gayle,substitute_in
ENG-Premier League,1718,2017-08-13 Newcastle United-Tottenham Hotspur,Newcastle United,7’,0:0,Jamaal Lascelles,Paul Dummett,substitute_in
ENG-Premier League,1718,2017-08-13 Newcastle United-Tottenham Hotspur,Tottenham Hotspur,82’,0:2,Victor Wanyama,Dele Alli,substitute_in
ENG-Premier League,1718,2017-08-13 Newcastle United-Tottenham Hotspur,Tottenham Hotspur,86’,0:2,Ben Davies,,yellow_card
ENG-Premier League,1718,2017-08-13 Newcastle United-Tottenham Hotspur,Tottenham Hotspur,90’,0:2,Harry Winks,Mousa Dembélé,substitute_in
ENG-Premier League,1718,2017-09-30 West Brom-Watford,West Bromwich Albion,18’,1:0,Salomón Rondón,Grzegorz Krychowiak,goal
ENG-Premier League,1718,2017-09-30 West Brom-Watford,West Bromwich Albion,21’,2:0,Jonny Evans,,goal
ENG-Premier League,1718,2017-09-30 West Brom-Watford,Watford,37’,2:1,Abdoulaye Doucouré,Richarlison,goal
ENG-Premier League,1718,2017-09-30 West Brom-Watford,West Bromwich Albion,58’,2:1,James McClean,Matt Phillips,substitute_in
ENG-Premier League,1718,2017-09-30 West Brom-Watford,West Bromwich Albion,62’,2:1,Jake Livermore,Chris Brunt,substitute_in
ENG-Premier League,1718,2017-09-30 West Brom-Watford,Watford,62’,2:1,Roberto Pereyra,Étienne Capoue,substitute_in
ENG-Premier League,1718,2017-09-30 West Brom-Watford,West Bromwich Albion,73’,2:1,Hal Robson-Kanu,Salomón Rondón,substitute_in
ENG-Premier League,1718,2017-09-30 West Brom-Watford,Watford,75’,2:1,Andre Gray,André Carrillo,substitute_in
ENG-Premier League,1718,2017-09-30 West Brom-Watford,West Bromwich Albion,87’,2:1,Jake Livermore,,yellow_card
ENG-Premier League,1718,2017-09-30 West Brom-Watford,West Bromwich Albion,88’,2:1,Jonny Evans,,yellow_card
ENG-Premier League,1718,2017-09-30 West Brom-Watford,West Bromwich Albion,90+4’,2:1,James McClean,,yellow_card
ENG-Premier League,1718,2017-09-30 West Brom-Watford,Watford,90+5’,2:2,Richarlison,José Holebas,goal
ENG-Premier League,1718,2017-09-10 Swansea City-Newcastle United,Swansea City,48’,0:0,Kyle Naughton,,yellow_card
ENG-Premier League,1718,2017-09-10 Swansea City-Newcastle United,Newcastle United,49’,0:0,Matt Ritchie,,yellow_card
ENG-Premier League,1718,2017-09-10 Swansea City-Newcastle United,Newcastle United,59’,0:0,Christian Atsu,Jacob Murphy,substitute_in
ENG-Premier League,1718,2017-09-10 Swansea City-Newcastle United,Swansea City,69’,0:0,Wilfried Bony,Renato Sanches,substitute_in
ENG-Premier League,1718,2017-09-10 Swansea City-Newcastle United,Newcastle United,69’,0:0,Mohamed Diamé,Isaac Hayden,substitute_in
ENG-Premier League,1718,2017-09-10 Swansea City-Newcastle United,Newcastle United,76’,0:1,Jamaal Lascelles,Matt Ritchie,goal
ENG-Premier League,1718,2017-09-10 Swansea City-Newcastle United,Newcastle United,78’,0:1,Dwight Gayle,Joselu,substitute_in
ENG-Premier League,1718,2017-09-10 Swansea City-Newcastle United,Swansea City,80’,0:1,Leroy Fer,,yellow_card
ENG-Premier League,1718,2017-09-10 Swansea City-Newcastle United,Swansea City,86’,0:1,Luciano Narsingh,Tom Carroll,substitute_in
ENG-Premier League,1718,2017-09-10 Swansea City-Newcastle United,Newcastle United,87’,0:1,Dwight Gayle,,yellow_card
ENG-Premier League,1718,2017-09-10 Swansea City-Newcastle United,Newcastle United,8’,0:0,Isaac Hayden,,yellow_card
ENG-Premier League,1718,2018-04-14 Huddersfield Town-Watford,Watford,20’,0:0,Daryl Janmaat,,yellow_card
ENG-Premier League,1718,2018-04-14 Huddersfield Town-Watford,Watford,33’,0:0,Roberto Pereyra,,yellow_card
ENG-Premier League,1718,2018-04-14 Huddersfield Town-Watford,Huddersfield Town,45’,0:0,Mathias Jørgensen,,yellow_card
ENG-Premier League,1718,2018-04-14 Huddersfield Town-Watford,Watford,58’,0:0,Richarlison,Kiko Femenía,substitute_in
ENG-Premier League,1718,2018-04-14 Huddersfield Town-Watford,Huddersfield Town,61’,0:0,Tom Ince,Collin Quaner,substitute_in
ENG-Premier League,1718,2018-04-14 Huddersfield Town-Watford,Huddersfield Town,71’,0:0,Laurent Depoitre,Steve Mounié,substitute_in
ENG-Premier League,1718,2018-04-14 Huddersfield Town-Watford,Huddersfield Town,73’,0:0,Alex Pritchard,,yellow_card
ENG-Premier League,1718,2018-04-14 Huddersfield Town-Watford,Huddersfield Town,77’,0:0,Philip Billing,Rajiv van La Parra,substitute_in
ENG-Premier League,1718,2018-04-14 Huddersfield Town-Watford,Watford,81’,0:0,Andre Gray,Troy Deeney,substitute_in
ENG-Premier League,1718,2018-04-14 Huddersfield Town-Watford,Huddersfield Town,90+1’,1:0,Tom Ince,Mathias Jørgensen,goal
ENG-Premier League,1718,2018-04-14 Huddersfield Town-Watford,Watford,90’,0:0,Jerome Sinclair,Will Hughes,substitute_in
ENG-Premier League,1718,2017-12-09 Burnley-Watford,Watford,39’,0:0,Marvin Zeegelaar,,red_card
ENG-Premier League,1718,2017-12-09 Burnley-Watford,Watford,44’,0:0,José Holebas,Roberto Pereyra,substitute_in
ENG-Premier League,1718,2017-12-09 Burnley-Watford,Burnley,45’,1:0,Scott Arfield,Jóhann Berg Guðmundsson,goal
ENG-Premier League,1718,2017-12-09 Burnley-Watford,Burnley,60’,1:0,Ashley Barnes,Jeff Hendrick,substitute_in
ENG-Premier League,1718,2017-12-09 Burnley-Watford,Watford,79’,1:0,Andre Gray,André Carrillo,substitute_in
ENG-Premier League,1718,2017-12-09 Burnley-Watford,Burnley,86’,1:0,Phil Bardsley,,yellow_card
ENG-Premier League,1718,2017-12-09 Burnley-Watford,Burnley,90+4’,1:0,Ashley Westwood,Steven Defour,substitute_in
ENG-Premier League,1718,2018-05-13 Southampton-Manchester City,Manchester City,59’,0:0,Gabriel Jesus,Fabian Delph,substitute_in
ENG-Premier League,1718,2018-05-13 Southampton-Manchester City,Southampton,64’,0:0,James Ward-Prowse,Nathan Redmond,substitute_in
ENG-Premier League,1718,2018-05-13 Southampton-Manchester City,Southampton,64’,0:0,Shane Long,Charlie Austin,substitute_in
ENG-Premier League,1718,2018-05-13 Southampton-Manchester City,Southampton,71’,0:0,James Ward-Prowse,,yellow_card
ENG-Premier League,1718,2018-05-13 Southampton-Manchester City,Manchester City,78’,0:0,Brahim Díaz,Bernardo Silva,substitute_in
ENG-Premier League,1718,2018-05-13 Southampton-Manchester City,Southampton,81’,0:0,Sam McQueen,Ryan Bertrand,substitute_in
ENG-Premier League,1718,2018-05-13 Southampton-Manchester City,Manchester City,82’,0:0,Phil Foden,İlkay Gündoğan,substitute_in
ENG-Premier League,1718,2018-05-13 Southampton-Manchester City,Southampton,90+1’,0:0,Pierre Højbjerg,,yellow_card
ENG-Premier League,1718,2018-05-13 Southampton-Manchester City,Southampton,90+1’,0:0,Cédric Soares,,yellow_card
ENG-Premier League,1718,2018-05-13 Southampton-Manchester City,Manchester City,90+4’,0:0,Ederson,,yellow_card
ENG-Premier League,1718,2018-05-13 Southampton-Manchester City,Manchester City,90+4’,0:1,Gabriel Jesus,Kevin De Bruyne,goal
ENG-Premier League,1718,2018-05-13 Southampton-Manchester City,Manchester City,90+4’,0:1,Gabriel Jesus,,yellow_card
ENG-Premier League,1718,2017-12-09 Swansea City-West Brom,West Bromwich Albion,16’,0:0,Claudio Yacob,,yellow_card
ENG-Premier League,1718,2017-12-09 Swansea City-West Brom,West Bromwich Albion,35’,0:0,Sam Field,,yellow_card
ENG-Premier League,1718,2017-12-09 Swansea City-West Brom,West Bromwich Albion,46’,0:0,James McClean,Sam Field,substitute_in
ENG-Premier League,1718,2017-12-09 Swansea City-West Brom,Swansea City,51’,0:0,Tom Carroll,,yellow_card
ENG-Premier League,1718,2017-12-09 Swansea City-West Brom,Swansea City,56’,0:0,Jordan Ayew,Wayne Routledge,substitute_in
ENG-Premier League,1718,2017-12-09 Swansea City-West Brom,Swansea City,65’,0:0,Luciano Narsingh,Nathan Dyer,substitute_in
ENG-Premier League,1718,2017-12-09 Swansea City-West Brom,Swansea City,76’,0:0,Tammy Abraham,Tom Carroll,substitute_in
ENG-Premier League,1718,2017-12-09 Swansea City-West Brom,West Bromwich Albion,78’,0:0,Hal Robson-Kanu,,yellow_card
ENG-Premier League,1718,2017-12-09 Swansea City-West Brom,West Bromwich Albion,78’,0:0,Oliver Burke,Hal Robson-Kanu,substitute_in
ENG-Premier League,1718,2017-12-09 Swansea City-West Brom,Swansea City,81’,1:0,Wilfried Bony,,goal
ENG-Premier League,1718,2017-12-09 Swansea City-West Brom,West Bromwich Albion,82’,1:0,Chris Brunt,Jay Rodriguez,substitute_in
ENG-Premier League,1718,2017-12-09 Swansea City-West Brom,West Bromwich Albion,84’,1:0,Jonny Evans,,yellow_card
ENG-Premier League,1718,2017-12-09 Swansea City-West Brom,Swansea City,86’,1:0,Roque Mesa,,yellow_card
ENG-Premier League,1718,2017-12-09 Swansea City-West Brom,West Bromwich Albion,88’,1:0,Chris Brunt,,yellow_card
ENG-Premier League,1718,2018-03-04 Manchester City-Chelsea,Manchester City,24’,0:0,Oleksandr Zinchenko,,yellow_card
ENG-Premier League,1718,2018-03-04 Manchester City-Chelsea,Manchester City,46’,1:0,Bernardo Silva,David Silva,goal
ENG-Premier League,1718,2018-03-04 Manchester City-Chelsea,Manchester City,47’,1:0,İlkay Gündoğan,,yellow_card
ENG-Premier League,1718,2018-03-04 Manchester City-Chelsea,Chelsea,57’,1:0,Antonio Rüdiger,,yellow_card
ENG-Premier League,1718,2018-03-04 Manchester City-Chelsea,Chelsea,78’,1:0,Olivier Giroud,Willian,substitute_in
ENG-Premier League,1718,2018-03-04 Manchester City-Chelsea,Chelsea,82’,1:0,Emerson Palmieri,Pedro,substitute_in
ENG-Premier League,1718,2018-03-04 Manchester City-Chelsea,Manchester City,85’,1:0,Gabriel Jesus,Sergio Agüero,substitute_in
ENG-Premier League,1718,2018-03-04 Manchester City-Chelsea,Manchester City,87’,1:0,Danilo,Oleksandr Zinchenko,substitute_in
ENG-Premier League,1718,2018-03-04 Manchester City-Chelsea,Manchester City,90+3’,1:0,Phil Foden,David Silva,substitute_in
ENG-Premier League,1718,2018-03-04 Manchester City-Chelsea,Chelsea,90’,1:0,Álvaro Morata,Eden Hazard,substitute_in
ENG-Premier League,1718,2018-01-01 Stoke City-Newcastle United,Newcastle United,26’,0:0,Javier Manquillo,,yellow_card
ENG-Premier League,1718,2018-01-01 Stoke City-Newcastle United,Stoke City,54’,0:0,Joe Allen,,yellow_card
ENG-Premier League,1718,2018-01-01 Stoke City-Newcastle United,Stoke City,57’,0:0,Mame Biram Diouf,Xherdan Shaqiri,substitute_in
ENG-Premier League,1718,2018-01-01 Stoke City-Newcastle United,Stoke City,60’,0:0,Eric Maxim Choupo-Moting,,yellow_card
ENG-Premier League,1718,2018-01-01 Stoke City-Newcastle United,Newcastle United,64’,0:0,Dwight Gayle,Christian Atsu,substitute_in
ENG-Premier League,1718,2018-01-01 Stoke City-Newcastle United,Stoke City,66’,0:0,Kevin Wimmer,,yellow_card
ENG-Premier League,1718,2018-01-01 Stoke City-Newcastle United,Stoke City,71’,0:0,Saido Berahino,Erik Pieters,substitute_in
ENG-Premier League,1718,2018-01-01 Stoke City-Newcastle United,Newcastle United,73’,0:1,Ayoze Pérez,Jacob Murphy,goal
ENG-Premier League,1718,2018-01-01 Stoke City-Newcastle United,Newcastle United,82’,0:1,Paul Dummett,Jacob Murphy,substitute_in
ENG-Premier League,1718,2018-01-01 Stoke City-Newcastle United,Newcastle United,90’,0:1,Isaac Hayden,Ayoze Pérez,substitute_in
ENG-Premier League,1718,2018-04-08 Arsenal-Southampton,Southampton,17’,0:1,Shane Long,Cédric Soares,goal
ENG-Premier League,1718,2018-04-08 Arsenal-Southampton,Arsenal,28’,1:1,Pierre-Emerick Aubameyang,Danny Welbeck,goal
ENG-Premier League,1718,2018-04-08 Arsenal-Southampton,Arsenal,38’,2:1,Danny Welbeck,Alex Iwobi,goal
ENG-Premier League,1718,2018-04-08 Arsenal-Southampton,Arsenal,50’,2:1,Héctor Bellerín,,yellow_card
ENG-Premier League,1718,2018-04-08 Arsenal-Southampton,Arsenal,64’,2:1,Jack Wilshere,Reiss Nelson,substitute_in
ENG-Premier League,1718,2018-04-08 Arsenal-Southampton,Arsenal,71’,2:1,Alexandre Lacazette,Pierre-Emerick Aubameyang,substitute_in
ENG-Premier League,1718,2018-04-08 Arsenal-Southampton,Southampton,72’,2:1,Charlie Austin,Maya Yoshida,substitute_in
ENG-Premier League,1718,2018-04-08 Arsenal-Southampton,Southampton,73’,2:2,Charlie Austin,Cédric Soares,goal
ENG-Premier League,1718,2018-04-08 Arsenal-Southampton,Arsenal,74’,2:2,Rob Holding,Héctor Bellerín,substitute_in
ENG-Premier League,1718,2018-04-08 Arsenal-Southampton,Southampton,80’,2:2,Josh Sims,Shane Long,substitute_in
ENG-Premier League,1718,2018-04-08 Arsenal-Southampton,Arsenal,81’,3:2,Danny Welbeck,Alex Iwobi,goal
ENG-Premier League,1718,2018-04-08 Arsenal-Southampton,Arsenal,90+2’,3:2,Jack Wilshere,,yellow_card
ENG-Premier League,1718,2018-04-08 Arsenal-Southampton,Southampton,90+2’,3:2,Jack Stephens,,red_card
ENG-Premier League,1718,2018-04-08 Arsenal-Southampton,Arsenal,90+3’,3:2,Mohamed Elneny,,red_card
ENG-Premier League,1718,2018-04-08 Arsenal-Southampton,Southampton,90+6’,3:2,Wesley Hoedt,,yellow_card
ENG-Premier League,1718,2018-03-03 Tottenham Hotspur-Huddersfield Town,Tottenham Hotspur,20’,0:0,Dele Alli,,yellow_card
ENG-Premier League,1718,2018-03-03 Tottenham Hotspur-Huddersfield Town,Tottenham Hotspur,27’,1:0,Son Heung-min,Dele Alli,goal
ENG-Premier League,1718,2018-03-03 Tottenham Hotspur-Huddersfield Town,Huddersfield Town,33’,1:0,Tom Ince,Collin Quaner,substitute_in
ENG-Premier League,1718,2018-03-03 Tottenham Hotspur-Huddersfield Town,Huddersfield Town,45+1’,1:0,Philip Billing,Alex Pritchard,substitute_in
ENG-Premier League,1718,2018-03-03 Tottenham Hotspur-Huddersfield Town,Tottenham Hotspur,54’,2:0,Son Heung-min,Harry Kane,goal
ENG-Premier League,1718,2018-03-03 Tottenham Hotspur-Huddersfield Town,Huddersfield Town,61’,2:0,Jonathan Hogg,,yellow_card
ENG-Premier League,1718,2018-03-03 Tottenham Hotspur-Huddersfield Town,Tottenham Hotspur,70’,2:0,Érik Lamela,Son Heung-min,substitute_in
ENG-Premier League,1718,2018-03-03 Tottenham Hotspur-Huddersfield Town,Tottenham Hotspur,77’,2:0,Moussa Sissoko,Mousa Dembélé,substitute_in
ENG-Premier League,1718,2018-03-03 Tottenham Hotspur-Huddersfield Town,Tottenham Hotspur,83’,2:0,Lucas Moura,Dele Alli,substitute_in
ENG-Premier League,1718,2018-03-03 Tottenham Hotspur-Huddersfield Town,Huddersfield Town,83’,2:0,Laurent Depoitre,Jonathan Hogg,substitute_in
ENG-Premier League,1718,2017-11-25 Newcastle United-Watford,Newcastle United,15’,0:0,Jonjo Shelvey,,yellow_card
ENG-Premier League,1718,2017-11-25 Newcastle United-Watford,Watford,19’,0:1,Will Hughes,Marvin Zeegelaar,goal
ENG-Premier League,1718,2017-11-25 Newcastle United-Watford,Watford,24’,0:1,Marvin Zeegelaar,,yellow_card
ENG-Premier League,1718,2017-11-25 Newcastle United-Watford,Watford,45+1’,0:2,DeAndre Yedlin,,own_goal
ENG-Premier League,1718,2017-11-25 Newcastle United-Watford,Watford,52’,0:2,Sebastian Prödl,Miguel Britos,substitute_in
ENG-Premier League,1718,2017-11-25 Newcastle United-Watford,Watford,62’,0:3,Andre Gray,Richarlison,goal
ENG-Premier League,1718,2017-11-25 Newcastle United-Watford,Newcastle United,69’,0:3,Mikel Merino,Mohamed Diamé,substitute_in
ENG-Premier League,1718,2017-11-25 Newcastle United-Watford,Newcastle United,69’,0:3,Aleksandar Mitrović,Joselu,substitute_in
ENG-Premier League,1718,2017-11-25 Newcastle United-Watford,Newcastle United,77’,0:3,Ayoze Pérez,Jacob Murphy,substitute_in
ENG-Premier League,1718,2017-11-25 Newcastle United-Watford,Watford,79’,0:3,Roberto Pereyra,Richarlison,substitute_in
ENG-Premier League,1718,2017-11-25 Newcastle United-Watford,Watford,84’,0:3,André Carrillo,Will Hughes,substitute_in
ENG-Premier League,1718,2017-11-25 Newcastle United-Watford,Watford,90+2’,0:3,Sebastian Prödl,,yellow_card
ENG-Premier League,1718,2017-10-14 Swansea City-Huddersfield Town,Huddersfield Town,25’,0:0,Christopher Schindler,,yellow_card
ENG-Premier League,1718,2017-10-14 Swansea City-Huddersfield Town,Swansea City,2’,0:0,Leroy Fer,,yellow_card
ENG-Premier League,1718,2017-10-14 Swansea City-Huddersfield Town,Swansea City,42’,1:0,Tammy Abraham,Tom Carroll,goal
ENG-Premier League,1718,2017-10-14 Swansea City-Huddersfield Town,Huddersfield Town,45+1’,1:0,Jonathan Hogg,,yellow_card
ENG-Premier League,1718,2017-10-14 Swansea City-Huddersfield Town,Huddersfield Town,45+2’,1:0,Mathias Jørgensen,,yellow_card
ENG-Premier League,1718,2017-10-14 Swansea City-Huddersfield Town,Huddersfield Town,45’,1:0,Tommy Smith,,yellow_card
ENG-Premier League,1718,2017-10-14 Swansea City-Huddersfield Town,Huddersfield Town,46’,1:0,Aaron Mooy,Jonathan Hogg,substitute_in
ENG-Premier League,1718,2017-10-14 Swansea City-Huddersfield Town,Swansea City,48’,2:0,Tammy Abraham,Jordan Ayew,goal
ENG-Premier League,1718,2017-10-14 Swansea City-Huddersfield Town,Huddersfield Town,60’,2:0,Danny Williams,Philip Billing,substitute_in
ENG-Premier League,1718,2017-10-14 Swansea City-Huddersfield Town,Huddersfield Town,66’,2:0,Rajiv van La Parra,,yellow_card
ENG-Premier League,1718,2017-10-14 Swansea City-Huddersfield Town,Swansea City,73’,2:0,Ki Sung-yueng,Leroy Fer,substitute_in
ENG-Premier League,1718,2017-10-14 Swansea City-Huddersfield Town,Swansea City,76’,2:0,Nathan Dyer,Luciano Narsingh,substitute_in
ENG-Premier League,1718,2017-10-14 Swansea City-Huddersfield Town,Huddersfield Town,81’,2:0,Chris Löwe,Scott Malone,substitute_in
ENG-Premier League,1718,2017-10-14 Swansea City-Huddersfield Town,Swansea City,84’,2:0,Sam Clucas,Leon Britton,substitute_in
ENG-Premier League,1718,2017-09-16 West Brom-West Ham United,West Ham United,58’,0:0,Marko Arnautović,James Collins,substitute_in
ENG-Premier League,1718,2017-09-16 West Brom-West Ham United,West Bromwich Albion,66’,0:0,Ben Foster,,yellow_card
ENG-Premier League,1718,2017-09-16 West Brom-West Ham United,West Bromwich Albion,72’,0:0,Hal Robson-Kanu,Chris Brunt,substitute_in
ENG-Premier League,1718,2017-09-16 West Brom-West Ham United,West Bromwich Albion,76’,0:0,James McClean,Matt Phillips,substitute_in
ENG-Premier League,1718,2017-09-16 West Brom-West Ham United,West Ham United,76’,0:0,André Ayew,Javier Hernández,substitute_in
ENG-Premier League,1718,2017-09-16 West Brom-West Ham United,West Ham United,82’,0:0,Diafra Sakho,Andy Carroll,substitute_in
ENG-Premier League,1718,2017-09-16 West Brom-West Ham United,West Bromwich Albion,83’,0:0,James McClean,,yellow_card
ENG-Premier League,1718,2017-09-16 West Brom-West Ham United,West Bromwich Albion,85’,0:0,Allan Nyom,Kieran Gibbs,substitute_in
ENG-Premier League,1718,2017-09-16 West Brom-West Ham United,West Ham United,90+5’,0:0,Michail Antonio,,yellow_card
ENG-Premier League,1718,2017-09-16 West Brom-West Ham United,West Ham United,9’,0:0,Pablo Zabaleta,,yellow_card
ENG-Premier League,1718,2018-01-13 West Brom-Brighton,Brighton & Hove Albion,46’,1:0,Solly March,José Izquierdo,substitute_in
ENG-Premier League,1718,2018-01-13 West Brom-Brighton,West Bromwich Albion,4’,1:0,Jonny Evans,Jay Rodriguez,goal
ENG-Premier League,1718,2018-01-13 West Brom-Brighton,West Bromwich Albion,55’,2:0,Craig Dawson,Chris Brunt,goal
ENG-Premier League,1718,2018-01-13 West Brom-Brighton,Brighton & Hove Albion,66’,2:0,Sam Baldock,Pascal Groß,substitute_in
ENG-Premier League,1718,2018-01-13 West Brom-Brighton,Brighton & Hove Albion,76’,2:0,Beram Kayal,Davy Pröpper,substitute_in
ENG-Premier League,1718,2018-01-13 West Brom-Brighton,West Bromwich Albion,79’,2:0,Jake Livermore,Jay Rodriguez,substitute_in
ENG-Premier League,1718,2018-01-13 West Brom-Brighton,West Bromwich Albion,81’,2:0,Allan Nyom,Craig Dawson,substitute_in
ENG-Premier League,1718,2018-01-13 West Brom-Brighton,West Bromwich Albion,84’,2:0,Gareth McAuley,Jonny Evans,substitute_in
ENG-Premier League,1718,2018-01-31 Newcastle United-Burnley,Newcastle United,30’,0:0,DeAndre Yedlin,,yellow_card
ENG-Premier League,1718,2018-01-31 Newcastle United-Burnley,Newcastle United,34’,0:0,Joselu,Nick Pope,penalty_miss
ENG-Premier League,1718,2018-01-31 Newcastle United-Burnley,Burnley,60’,0:0,Aaron Lennon,Scott Arfield,substitute_in
ENG-Premier League,1718,2018-01-31 Newcastle United-Burnley,Burnley,63’,0:0,Ashley Barnes,,yellow_card
ENG-Premier League,1718,2018-01-31 Newcastle United-Burnley,Newcastle United,64’,0:0,Jacob Murphy,Christian Atsu,substitute_in
ENG-Premier League,1718,2018-01-31 Newcastle United-Burnley,Newcastle United,65’,1:0,Jamaal Lascelles,Kenedy,goal
ENG-Premier League,1718,2018-01-31 Newcastle United-Burnley,Burnley,70’,1:0,Sam Vokes,Ashley Westwood,substitute_in
ENG-Premier League,1718,2018-01-31 Newcastle United-Burnley,Newcastle United,72’,1:0,Matt Ritchie,Kenedy,substitute_in
ENG-Premier League,1718,2018-01-31 Newcastle United-Burnley,Burnley,73’,1:0,Sam Vokes,,yellow_card
ENG-Premier League,1718,2018-01-31 Newcastle United-Burnley,Burnley,83’,1:0,Georges-Kévin N'Koudou,Jóhann Berg Guðmundsson,substitute_in
ENG-Premier League,1718,2018-01-31 Newcastle United-Burnley,Newcastle United,85’,1:1,Dwight Gayle,Ayoze Pérez,substitute_in
ENG-Premier League,1718,2018-01-31 Newcastle United-Burnley,Burnley,85’,1:1,Karl Darlow,,own_goal
ENG-Premier League,1718,2017-08-11 Arsenal-Leicester City,Leicester City,29’,1:2,Jamie Vardy,Marc Albrighton,goal
ENG-Premier League,1718,2017-08-11 Arsenal-Leicester City,Arsenal,2’,1:0,Alexandre Lacazette,Mohamed Elneny,goal
ENG-Premier League,1718,2017-08-11 Arsenal-Leicester City,Arsenal,45+2’,2:2,Danny Welbeck,Sead Kolašinac,goal
ENG-Premier League,1718,2017-08-11 Arsenal-Leicester City,Leicester City,56’,2:3,Jamie Vardy,Riyad Mahrez,goal
ENG-Premier League,1718,2017-08-11 Arsenal-Leicester City,Leicester City,5’,1:1,Shinji Okazaki,Harry Maguire,goal
ENG-Premier League,1718,2017-08-11 Arsenal-Leicester City,Arsenal,67’,2:3,Olivier Giroud,Rob Holding,substitute_in
ENG-Premier League,1718,2017-08-11 Arsenal-Leicester City,Arsenal,67’,2:3,Aaron Ramsey,Mohamed Elneny,substitute_in
ENG-Premier League,1718,2017-08-11 Arsenal-Leicester City,Leicester City,72’,2:3,Daniel Amartey,Shinji Okazaki,substitute_in
ENG-Premier League,1718,2017-08-11 Arsenal-Leicester City,Arsenal,75’,2:3,Theo Walcott,Danny Welbeck,substitute_in
ENG-Premier League,1718,2017-08-11 Arsenal-Leicester City,Leicester City,82’,2:3,Kelechi Iheanacho,Matty James,substitute_in
ENG-Premier League,1718,2017-08-11 Arsenal-Leicester City,Arsenal,83’,3:3,Aaron Ramsey,Granit Xhaka,goal
ENG-Premier League,1718,2017-08-11 Arsenal-Leicester City,Arsenal,85’,4:3,Olivier Giroud,Granit Xhaka,goal
ENG-Premier League,1718,2017-08-11 Arsenal-Leicester City,Leicester City,88’,4:3,Demarai Gray,Marc Albrighton,substitute_in
ENG-Premier League,1718,2017-08-11 Arsenal-Leicester City,Leicester City,90+4’,4:3,Wes Morgan,,yellow_card
ENG-Premier League,1718,2017-08-27 Liverpool-Arsenal,Liverpool,17’,1:0,Roberto Firmino,Joe Gomez,goal
ENG-Premier League,1718,2017-08-27 Liverpool-Arsenal,Liverpool,20’,1:0,Dejan Lovren,,yellow_card
ENG-Premier League,1718,2017-08-27 Liverpool-Arsenal,Arsenal,22’,1:0,Danny Welbeck,,yellow_card
ENG-Premier League,1718,2017-08-27 Liverpool-Arsenal,Liverpool,23’,1:0,Joe Gomez,,yellow_card
ENG-Premier League,1718,2017-08-27 Liverpool-Arsenal,Liverpool,40’,2:0,Sadio Mané,Roberto Firmino,goal
ENG-Premier League,1718,2017-08-27 Liverpool-Arsenal,Arsenal,40’,2:0,Granit Xhaka,,yellow_card
ENG-Premier League,1718,2017-08-27 Liverpool-Arsenal,Arsenal,46’,2:0,Francis Coquelin,Aaron Ramsey,substitute_in
ENG-Premier League,1718,2017-08-27 Liverpool-Arsenal,Arsenal,49’,2:0,Mesut Özil,,yellow_card
ENG-Premier League,1718,2017-08-27 Liverpool-Arsenal,Liverpool,57’,3:0,Mohamed Salah,,goal
ENG-Premier League,1718,2017-08-27 Liverpool-Arsenal,Arsenal,62’,3:0,Alexandre Lacazette,Alex Oxlade-Chamberlain,substitute_in
ENG-Premier League,1718,2017-08-27 Liverpool-Arsenal,Arsenal,62’,3:0,Olivier Giroud,Alexis Sánchez,substitute_in
ENG-Premier League,1718,2017-08-27 Liverpool-Arsenal,Arsenal,73’,3:0,Rob Holding,,yellow_card
ENG-Premier League,1718,2017-08-27 Liverpool-Arsenal,Liverpool,74’,3:0,Daniel Sturridge,Sadio Mané,substitute_in
ENG-Premier League,1718,2017-08-27 Liverpool-Arsenal,Liverpool,77’,4:0,Daniel Sturridge,Mohamed Salah,goal
ENG-Premier League,1718,2017-08-27 Liverpool-Arsenal,Liverpool,80’,4:0,James Milner,Roberto Firmino,substitute_in
ENG-Premier League,1718,2017-08-27 Liverpool-Arsenal,Liverpool,84’,4:0,Marko Grujić,Emre Can,substitute_in
ENG-Premier League,1718,2017-08-19 Leicester City-Brighton,Leicester City,1’,1:0,Shinji Okazaki,,goal
ENG-Premier League,1718,2017-08-19 Leicester City-Brighton,Leicester City,50’,1:0,Wes Morgan,,yellow_card
ENG-Premier League,1718,2017-08-19 Leicester City-Brighton,Leicester City,54’,2:0,Harry Maguire,Riyad Mahrez,goal
ENG-Premier League,1718,2017-08-19 Leicester City-Brighton,Brighton & Hove Albion,62’,2:0,Anthony Knockaert,Pascal Groß,substitute_in
ENG-Premier League,1718,2017-08-19 Leicester City-Brighton,Brighton & Hove Albion,66’,2:0,Tomer Hemed,Glenn Murray,substitute_in
ENG-Premier League,1718,2017-08-19 Leicester City-Brighton,Leicester City,76’,2:0,Islam Slimani,Shinji Okazaki,substitute_in
ENG-Premier League,1718,2017-08-19 Leicester City-Brighton,Leicester City,90+3’,2:0,Demarai Gray,Jamie Vardy,substitute_in
ENG-Premier League,1718,2018-02-24 Burnley-Southampton,Burnley,67’,1:0,Ashley Barnes,Jeff Hendrick,goal
ENG-Premier League,1718,2018-02-24 Burnley-Southampton,Southampton,68’,1:0,Josh Sims,James Ward-Prowse,substitute_in
ENG-Premier League,1718,2018-02-24 Burnley-Southampton,Southampton,75’,1:0,Sofiane Boufal,Oriol Romeu,substitute_in
ENG-Premier League,1718,2018-02-24 Burnley-Southampton,Southampton,81’,1:0,Manolo Gabbiadini,Dušan Tadić,substitute_in
ENG-Premier League,1718,2018-02-24 Burnley-Southampton,Burnley,90+1’,1:1,Ashley Barnes,,yellow_card
ENG-Premier League,1718,2018-02-24 Burnley-Southampton,Southampton,90’,1:1,Manolo Gabbiadini,Guido Carrillo,goal
ENG-Premier League,1718,2018-01-31 Tottenham Hotspur-Manchester Utd,Tottenham Hotspur,13’,1:0,Mousa Dembélé,,yellow_card
ENG-Premier League,1718,2018-01-31 Tottenham Hotspur-Manchester Utd,Tottenham Hotspur,1’,1:0,Christian Eriksen,,goal
ENG-Premier League,1718,2018-01-31 Tottenham Hotspur-Manchester Utd,Tottenham Hotspur,28’,2:0,Phil Jones,,own_goal
ENG-Premier League,1718,2018-01-31 Tottenham Hotspur-Manchester Utd,Manchester United,38’,2:0,Phil Jones,,yellow_card
ENG-Premier League,1718,2018-01-31 Tottenham Hotspur-Manchester Utd,Manchester United,63’,2:0,Marouane Fellaini,Jesse Lingard,substitute_in
ENG-Premier League,1718,2018-01-31 Tottenham Hotspur-Manchester Utd,Manchester United,63’,2:0,Juan Mata,Paul Pogba,substitute_in
ENG-Premier League,1718,2018-01-31 Tottenham Hotspur-Manchester Utd,Manchester United,70’,2:0,Ander Herrera,Marouane Fellaini,substitute_in
ENG-Premier League,1718,2018-01-31 Tottenham Hotspur-Manchester Utd,Manchester United,73’,2:0,Ashley Young,,yellow_card
ENG-Premier League,1718,2018-01-31 Tottenham Hotspur-Manchester Utd,Tottenham Hotspur,80’,2:0,Érik Lamela,Son Heung-min,substitute_in
ENG-Premier League,1718,2018-01-31 Tottenham Hotspur-Manchester Utd,Tottenham Hotspur,85’,2:0,Dele Alli,,yellow_card
ENG-Premier League,1718,2018-01-31 Tottenham Hotspur-Manchester Utd,Tottenham Hotspur,88’,2:0,Moussa Sissoko,Dele Alli,substitute_in
ENG-Premier League,1718,2018-01-31 Tottenham Hotspur-Manchester Utd,Tottenham Hotspur,90+1’,2:0,Victor Wanyama,Mousa Dembélé,substitute_in
ENG-Premier League,1718,2017-08-12 Southampton-Swansea City,Southampton,16’,0:0,Nathan Redmond,,yellow_card
ENG-Premier League,1718,2017-08-12 Southampton-Swansea City,Southampton,33’,0:0,Oriol Romeu,,yellow_card
ENG-Premier League,1718,2017-08-12 Southampton-Swansea City,Southampton,69’,0:0,Charlie Austin,Manolo Gabbiadini,substitute_in
ENG-Premier League,1718,2017-08-12 Southampton-Swansea City,Southampton,71’,0:0,Sofiane Boufal,James Ward-Prowse,substitute_in
ENG-Premier League,1718,2017-08-12 Southampton-Swansea City,Swansea City,74’,0:0,Jay Fulton,Leon Britton,substitute_in
ENG-Premier League,1718,2017-08-12 Southampton-Swansea City,Swansea City,81’,0:0,Kyle Bartley,Tammy Abraham,substitute_in
ENG-Premier League,1718,2017-08-12 Southampton-Swansea City,Southampton,86’,0:0,Sam McQueen,Ryan Bertrand,substitute_in
ENG-Premier League,1718,2017-08-12 Southampton-Swansea City,Swansea City,86’,0:0,Oliver McBurnie,Wayne Routledge,substitute_in
ENG-Premier League,1718,2017-08-12 Southampton-Swansea City,Swansea City,90’,0:0,Jay Fulton,,yellow_card
ENG-Premier League,1718,2018-05-05 Bournemouth-Swansea City,Swansea City,36’,0:0,Martin Olsson,,yellow_card
ENG-Premier League,1718,2018-05-05 Bournemouth-Swansea City,Bournemouth,37’,1:0,Ryan Fraser,Andrew Surman,goal
ENG-Premier League,1718,2018-05-05 Bournemouth-Swansea City,Bournemouth,51’,1:0,Joshua King,,yellow_card
ENG-Premier League,1718,2018-05-05 Bournemouth-Swansea City,Swansea City,58’,1:0,Mike van der Hoorn,,yellow_card
ENG-Premier League,1718,2018-05-05 Bournemouth-Swansea City,Swansea City,59’,1:0,Tammy Abraham,Nathan Dyer,substitute_in
ENG-Premier League,1718,2018-05-05 Bournemouth-Swansea City,Swansea City,70’,1:0,Alfie Mawson,,yellow_card
ENG-Premier League,1718,2018-05-05 Bournemouth-Swansea City,Swansea City,72’,1:0,Andy King,Mike van der Hoorn,substitute_in
ENG-Premier League,1718,2018-05-05 Bournemouth-Swansea City,Bournemouth,78’,1:0,Dan Gosling,Marc Pugh,substitute_in
ENG-Premier League,1718,2018-05-05 Bournemouth-Swansea City,Swansea City,78’,1:0,Luciano Narsingh,Ki Sung-yueng,substitute_in
ENG-Premier League,1718,2018-05-05 Bournemouth-Swansea City,Swansea City,82’,1:0,Andy King,,yellow_card
ENG-Premier League,1718,2018-05-05 Bournemouth-Swansea City,Bournemouth,90+1’,1:0,Lys Mousset,Joshua King,substitute_in
ENG-Premier League,1718,2018-05-05 Bournemouth-Swansea City,Bournemouth,90+4’,1:0,Tyrone Mings,Callum Wilson,substitute_in
ENG-Premier League,1718,2018-02-03 Leicester City-Swansea City,Leicester City,17’,1:0,Jamie Vardy,Kelechi Iheanacho,goal
ENG-Premier League,1718,2018-02-03 Leicester City-Swansea City,Swansea City,36’,1:0,Tom Carroll,Leroy Fer,substitute_in
ENG-Premier League,1718,2018-02-03 Leicester City-Swansea City,Leicester City,3’,0:0,Fousseni Diabaté,,yellow_card
ENG-Premier League,1718,2018-02-03 Leicester City-Swansea City,Swansea City,53’,1:1,Federico Fernández,Ki Sung-yueng,goal
ENG-Premier League,1718,2018-02-03 Leicester City-Swansea City,Leicester City,68’,1:1,Matty James,Adrien Silva,substitute_in
ENG-Premier League,1718,2018-02-03 Leicester City-Swansea City,Leicester City,68’,1:1,Demarai Gray,Kelechi Iheanacho,substitute_in
ENG-Premier League,1718,2018-02-03 Leicester City-Swansea City,Swansea City,71’,1:1,Wilfried Bony,Nathan Dyer,substitute_in
ENG-Premier League,1718,2018-02-03 Leicester City-Swansea City,Leicester City,80’,1:1,Shinji Okazaki,Danny Simpson,substitute_in
ENG-Premier League,1718,2018-02-03 Leicester City-Swansea City,Swansea City,90+2’,1:1,Wayne Routledge,Jordan Ayew,substitute_in
ENG-Premier League,1718,2017-08-19 Burnley-West Brom,West Bromwich Albion,63’,0:0,Hal Robson-Kanu,James McClean,substitute_in
ENG-Premier League,1718,2017-08-19 Burnley-West Brom,West Bromwich Albion,71’,0:1,Hal Robson-Kanu,Matt Phillips,goal
ENG-Premier League,1718,2017-08-19 Burnley-West Brom,Burnley,78’,0:1,Jonathan Walters,Robbie Brady,substitute_in
ENG-Premier League,1718,2017-08-19 Burnley-West Brom,Burnley,79’,0:1,Ashley Barnes,Jóhann Berg Guðmundsson,substitute_in
ENG-Premier League,1718,2017-08-19 Burnley-West Brom,West Bromwich Albion,83’,0:1,Hal Robson-Kanu,,red_card
ENG-Premier League,1718,2017-08-19 Burnley-West Brom,West Bromwich Albion,86’,0:1,Salomón Rondón,Sam Field,substitute_in
ENG-Premier League,1718,2017-08-19 Burnley-West Brom,Burnley,90+2’,0:1,Ashley Barnes,,yellow_card
ENG-Premier League,1718,2017-08-19 Liverpool-Crystal Palace,Crystal Palace,15’,0:0,Jason Puncheon,,yellow_card
ENG-Premier League,1718,2017-08-19 Liverpool-Crystal Palace,Liverpool,61’,0:0,Mohamed Salah,Daniel Sturridge,substitute_in
ENG-Premier League,1718,2017-08-19 Liverpool-Crystal Palace,Crystal Palace,63’,0:0,Patrick van Aanholt,,yellow_card
ENG-Premier League,1718,2017-08-19 Liverpool-Crystal Palace,Liverpool,69’,0:0,Jordan Henderson,,yellow_card
ENG-Premier League,1718,2017-08-19 Liverpool-Crystal Palace,Liverpool,71’,0:0,Dominic Solanke,Georginio Wijnaldum,substitute_in
ENG-Premier League,1718,2017-08-19 Liverpool-Crystal Palace,Liverpool,73’,1:0,Sadio Mané,,goal
ENG-Premier League,1718,2017-08-19 Liverpool-Crystal Palace,Crystal Palace,73’,0:0,James McArthur,Jason Puncheon,substitute_in
ENG-Premier League,1718,2017-08-19 Liverpool-Crystal Palace,Crystal Palace,77’,1:0,Sullay Kaikai,Luka Milivojević,substitute_in
ENG-Premier League,1718,2017-08-19 Liverpool-Crystal Palace,Crystal Palace,84’,1:0,Jeffrey Schlupp,Patrick van Aanholt,substitute_in
ENG-Premier League,1718,2017-08-19 Liverpool-Crystal Palace,Crystal Palace,90+2’,1:0,Christian Benteke,,yellow_card
ENG-Premier League,1718,2017-08-19 Liverpool-Crystal Palace,Liverpool,90’,1:0,Dejan Lovren,Roberto Firmino,substitute_in
ENG-Premier League,1718,2018-04-14 Burnley-Leicester City,Leicester City,46’,2:0,Kelechi Iheanacho,Shinji Okazaki,substitute_in
ENG-Premier League,1718,2018-04-14 Burnley-Leicester City,Leicester City,64’,2:0,Fousseni Diabaté,Demarai Gray,substitute_in
ENG-Premier League,1718,2018-04-14 Burnley-Leicester City,Burnley,65’,2:0,Aaron Lennon,,yellow_card
ENG-Premier League,1718,2018-04-14 Burnley-Leicester City,Burnley,6’,1:0,Chris Wood,,goal
ENG-Premier League,1718,2018-04-14 Burnley-Leicester City,Leicester City,72’,2:1,Jamie Vardy,Kelechi Iheanacho,goal
ENG-Premier League,1718,2018-04-14 Burnley-Leicester City,Burnley,75’,2:1,Jeff Hendrick,Chris Wood,substitute_in
ENG-Premier League,1718,2018-04-14 Burnley-Leicester City,Burnley,81’,2:1,Ashley Barnes,,yellow_card
ENG-Premier League,1718,2018-04-14 Burnley-Leicester City,Burnley,85’,2:1,Sam Vokes,Ashley Barnes,substitute_in
ENG-Premier League,1718,2018-04-14 Burnley-Leicester City,Leicester City,86’,2:1,Ben Hamer,Kasper Schmeichel,substitute_in
ENG-Premier League,1718,2018-04-14 Burnley-Leicester City,Leicester City,87’,2:1,Kelechi Iheanacho,,yellow_card
ENG-Premier League,1718,2018-04-14 Burnley-Leicester City,Burnley,9’,2:0,Kevin Long,Jóhann Berg Guðmundsson,goal
ENG-Premier League,1718,2017-12-13 Manchester Utd-Bournemouth,Manchester United,25’,1:0,Romelu Lukaku,Juan Mata,goal
ENG-Premier League,1718,2017-12-13 Manchester Utd-Bournemouth,Bournemouth,28’,1:0,Dan Gosling,,yellow_card
ENG-Premier League,1718,2017-12-13 Manchester Utd-Bournemouth,Manchester United,43’,1:0,Romelu Lukaku,,yellow_card
ENG-Premier League,1718,2017-12-13 Manchester Utd-Bournemouth,Bournemouth,64’,1:0,Harry Arter,,yellow_card
ENG-Premier League,1718,2017-12-13 Manchester Utd-Bournemouth,Manchester United,66’,1:0,Marcus Rashford,Anthony Martial,substitute_in
ENG-Premier League,1718,2017-12-13 Manchester Utd-Bournemouth,Manchester United,71’,1:0,Ander Herrera,Jesse Lingard,substitute_in
ENG-Premier League,1718,2017-12-13 Manchester Utd-Bournemouth,Bournemouth,71’,1:0,Jermain Defoe,Junior Stanislas,substitute_in
ENG-Premier League,1718,2017-12-13 Manchester Utd-Bournemouth,Bournemouth,71’,1:0,Benik Afobe,Callum Wilson,substitute_in
ENG-Premier League,1718,2017-12-13 Manchester Utd-Bournemouth,Bournemouth,77’,1:0,Lewis Cook,Dan Gosling,substitute_in
ENG-Premier League,1718,2017-12-13 Manchester Utd-Bournemouth,Manchester United,83’,1:0,Ashley Young,Luke Shaw,substitute_in
ENG-Premier League,1718,2018-01-13 Watford-Southampton,Southampton,20’,0:1,James Ward-Prowse,,goal
ENG-Premier League,1718,2018-01-13 Watford-Southampton,Southampton,31’,0:1,Pierre Højbjerg,,yellow_card
ENG-Premier League,1718,2018-01-13 Watford-Southampton,Watford,35’,0:1,Roberto Pereyra,Tom Cleverley,substitute_in
ENG-Premier League,1718,2018-01-13 Watford-Southampton,Southampton,44’,0:2,James Ward-Prowse,Dušan Tadić,goal
ENG-Premier League,1718,2018-01-13 Watford-Southampton,Watford,46’,0:2,Troy Deeney,Ben Watson,substitute_in
ENG-Premier League,1718,2018-01-13 Watford-Southampton,Watford,58’,1:2,Andre Gray,,goal
ENG-Premier League,1718,2018-01-13 Watford-Southampton,Southampton,63’,1:2,Mario Lemina,Steven Davis,substitute_in
ENG-Premier League,1718,2018-01-13 Watford-Southampton,Watford,73’,1:2,Stefano Okaka,Andre Gray,substitute_in
ENG-Premier League,1718,2018-01-13 Watford-Southampton,Southampton,79’,1:2,Oriol Romeu,,yellow_card
ENG-Premier League,1718,2018-01-13 Watford-Southampton,Southampton,81’,1:2,Alex McCarthy,,yellow_card
ENG-Premier League,1718,2018-01-13 Watford-Southampton,Southampton,87’,1:2,Dušan Tadić,,yellow_card
ENG-Premier League,1718,2018-01-13 Watford-Southampton,Southampton,90+2’,2:2,Sofiane Boufal,Dušan Tadić,substitute_in
ENG-Premier League,1718,2018-01-13 Watford-Southampton,Southampton,90+3’,2:2,Josh Sims,James Ward-Prowse,substitute_in
ENG-Premier League,1718,2018-01-13 Watford-Southampton,Watford,90’,2:2,Abdoulaye Doucouré,Troy Deeney,goal
ENG-Premier League,1718,2018-01-13 Watford-Southampton,Southampton,90’,2:2,Cédric Soares,,yellow_card
ENG-Premier League,1718,2018-02-24 Brighton-Swansea City,Brighton & Hove Albion,18’,1:0,Glenn Murray,,penalty_goal
ENG-Premier League,1718,2018-02-24 Brighton-Swansea City,Swansea City,36’,1:0,André Ayew,Nathan Dyer,substitute_in
ENG-Premier League,1718,2018-02-24 Brighton-Swansea City,Swansea City,46’,1:0,Luciano Narsingh,Mike van der Hoorn,substitute_in
ENG-Premier League,1718,2018-02-24 Brighton-Swansea City,Brighton & Hove Albion,63’,1:0,Glenn Murray,,yellow_card
ENG-Premier League,1718,2018-02-24 Brighton-Swansea City,Swansea City,66’,1:0,Tammy Abraham,Tom Carroll,substitute_in
ENG-Premier League,1718,2018-02-24 Brighton-Swansea City,Brighton & Hove Albion,69’,2:0,Glenn Murray,José Izquierdo,goal
ENG-Premier League,1718,2018-02-24 Brighton-Swansea City,Brighton & Hove Albion,73’,3:0,Anthony Knockaert,Pascal Groß,goal
ENG-Premier League,1718,2018-02-24 Brighton-Swansea City,Brighton & Hove Albion,79’,3:0,Solly March,Anthony Knockaert,substitute_in
ENG-Premier League,1718,2018-02-24 Brighton-Swansea City,Brighton & Hove Albion,82’,3:0,Jürgen Locadia,Glenn Murray,substitute_in
ENG-Premier League,1718,2018-02-24 Brighton-Swansea City,Swansea City,85’,3:1,Lewis Dunk,,own_goal
ENG-Premier League,1718,2018-02-24 Brighton-Swansea City,Brighton & Hove Albion,90+1’,4:1,Beram Kayal,Pascal Groß,substitute_in
ENG-Premier League,1718,2018-02-24 Brighton-Swansea City,Brighton & Hove Albion,90’,4:1,Jürgen Locadia,Dale Stephens,goal
ENG-Premier League,1718,2017-12-30 Newcastle United-Brighton,Newcastle United,61’,0:0,DeAndre Yedlin,,yellow_card
ENG-Premier League,1718,2017-12-30 Newcastle United-Brighton,Brighton & Hove Albion,62’,0:0,Tomer Hemed,Glenn Murray,substitute_in
ENG-Premier League,1718,2017-12-30 Newcastle United-Brighton,Newcastle United,72’,0:0,Ayoze Pérez,Matt Ritchie,substitute_in
ENG-Premier League,1718,2017-12-30 Newcastle United-Brighton,Brighton & Hove Albion,73’,0:0,Anthony Knockaert,,yellow_card
ENG-Premier League,1718,2017-12-30 Newcastle United-Brighton,Newcastle United,74’,0:0,Mikel Merino,,yellow_card
ENG-Premier League,1718,2017-12-30 Newcastle United-Brighton,Newcastle United,76’,0:0,Jonjo Shelvey,Mikel Merino,substitute_in
ENG-Premier League,1718,2017-12-30 Newcastle United-Brighton,Newcastle United,84’,0:0,Jacob Murphy,Joselu,substitute_in
ENG-Premier League,1718,2017-12-30 Newcastle United-Brighton,Brighton & Hove Albion,90+1’,0:0,Lewis Dunk,,yellow_card
ENG-Premier League,1718,2017-12-26 Tottenham Hotspur-Southampton,Southampton,21’,0:0,Pierre Højbjerg,,yellow_card
ENG-Premier League,1718,2017-12-26 Tottenham Hotspur-Southampton,Tottenham Hotspur,22’,1:0,Harry Kane,Christian Eriksen,goal
ENG-Premier League,1718,2017-12-26 Tottenham Hotspur-Southampton,Tottenham Hotspur,39’,2:0,Harry Kane,Son Heung-min,goal
ENG-Premier League,1718,2017-12-26 Tottenham Hotspur-Southampton,Tottenham Hotspur,49’,3:0,Dele Alli,Son Heung-min,goal
ENG-Premier League,1718,2017-12-26 Tottenham Hotspur-Southampton,Tottenham Hotspur,51’,4:0,Son Heung-min,Dele Alli,goal
ENG-Premier League,1718,2017-12-26 Tottenham Hotspur-Southampton,Tottenham Hotspur,54’,4:0,Moussa Sissoko,Mousa Dembélé,substitute_in
ENG-Premier League,1718,2017-12-26 Tottenham Hotspur-Southampton,Southampton,58’,4:0,Shane Long,,yellow_card
ENG-Premier League,1718,2017-12-26 Tottenham Hotspur-Southampton,Southampton,63’,4:0,Dušan Tadić,Nathan Redmond,substitute_in
ENG-Premier League,1718,2017-12-26 Tottenham Hotspur-Southampton,Southampton,63’,4:0,Manolo Gabbiadini,Mario Lemina,substitute_in
ENG-Premier League,1718,2017-12-26 Tottenham Hotspur-Southampton,Southampton,64’,4:1,Sofiane Boufal,,goal
ENG-Premier League,1718,2017-12-26 Tottenham Hotspur-Southampton,Tottenham Hotspur,67’,5:1,Harry Kane,Dele Alli,goal
ENG-Premier League,1718,2017-12-26 Tottenham Hotspur-Southampton,Tottenham Hotspur,76’,5:1,Érik Lamela,Son Heung-min,substitute_in
ENG-Premier League,1718,2017-12-26 Tottenham Hotspur-Southampton,Southampton,77’,5:1,Sam McQueen,Matt Targett,substitute_in
ENG-Premier League,1718,2017-12-26 Tottenham Hotspur-Southampton,Southampton,82’,5:2,Dušan Tadić,,goal
ENG-Premier League,1718,2017-12-26 Tottenham Hotspur-Southampton,Tottenham Hotspur,84’,5:2,Harry Winks,Dele Alli,substitute_in
ENG-Premier League,1718,2017-12-09 West Ham United-Chelsea,Chelsea,18’,1:0,Marcos Alonso,,yellow_card
ENG-Premier League,1718,2017-12-09 West Ham United-Chelsea,Chelsea,46’,1:0,Pedro,Tiemoué Bakayoko,substitute_in
ENG-Premier League,1718,2017-12-09 West Ham United-Chelsea,Chelsea,55’,1:0,Victor Moses,Marcos Alonso,substitute_in
ENG-Premier League,1718,2017-12-09 West Ham United-Chelsea,West Ham United,58’,1:0,Adrián,,yellow_card
ENG-Premier League,1718,2017-12-09 West Ham United-Chelsea,Chelsea,64’,1:0,Willian,Davide Zappacosta,substitute_in
ENG-Premier League,1718,2017-12-09 West Ham United-Chelsea,West Ham United,67’,1:0,Winston Reid,,yellow_card
ENG-Premier League,1718,2017-12-09 West Ham United-Chelsea,West Ham United,68’,1:0,Aaron Cresswell,,yellow_card
ENG-Premier League,1718,2017-12-09 West Ham United-Chelsea,West Ham United,69’,1:0,Diafra Sakho,Marko Arnautović,substitute_in
ENG-Premier League,1718,2017-12-09 West Ham United-Chelsea,West Ham United,6’,1:0,Marko Arnautović,Manuel Lanzini,goal
ENG-Premier League,1718,2017-12-09 West Ham United-Chelsea,West Ham United,70’,1:0,Pedro Obiang,,yellow_card
ENG-Premier League,1718,2017-12-09 West Ham United-Chelsea,West Ham United,79’,1:0,André Ayew,Michail Antonio,substitute_in
ENG-Premier League,1718,2017-12-09 West Ham United-Chelsea,West Ham United,7’,1:0,Marko Arnautović,,yellow_card
ENG-Premier League,1718,2017-12-09 West Ham United-Chelsea,West Ham United,87’,1:0,Arthur Masuaku,,yellow_card
ENG-Premier League,1718,2017-12-28 Crystal Palace-Arsenal,Arsenal,25’,0:1,Shkodran Mustafi,,goal
ENG-Premier League,1718,2017-12-28 Crystal Palace-Arsenal,Arsenal,29’,0:1,Calum Chambers,,yellow_card
ENG-Premier League,1718,2017-12-28 Crystal Palace-Arsenal,Crystal Palace,45+2’,0:1,Wilfried Zaha,,yellow_card
ENG-Premier League,1718,2017-12-28 Crystal Palace-Arsenal,Crystal Palace,49’,1:1,Andros Townsend,Wilfried Zaha,goal
ENG-Premier League,1718,2017-12-28 Crystal Palace-Arsenal,Crystal Palace,53’,1:1,James McArthur,Yohan Cabaye,substitute_in
ENG-Premier League,1718,2017-12-28 Crystal Palace-Arsenal,Arsenal,62’,1:2,Alexis Sánchez,Alexandre Lacazette,goal
ENG-Premier League,1718,2017-12-28 Crystal Palace-Arsenal,Arsenal,66’,1:3,Alexis Sánchez,Jack Wilshere,goal
ENG-Premier League,1718,2017-12-28 Crystal Palace-Arsenal,Crystal Palace,70’,1:3,Bakary Sako,Ruben Loftus-Cheek,substitute_in
ENG-Premier League,1718,2017-12-28 Crystal Palace-Arsenal,Arsenal,75’,1:3,Francis Coquelin,Alexandre Lacazette,substitute_in
ENG-Premier League,1718,2017-12-28 Crystal Palace-Arsenal,Crystal Palace,80’,1:3,Timothy Fosu-Mensah,Martin Kelly,substitute_in
ENG-Premier League,1718,2017-12-28 Crystal Palace-Arsenal,Arsenal,87’,1:3,Ainsley Maitland-Niles,Granit Xhaka,substitute_in
ENG-Premier League,1718,2017-12-28 Crystal Palace-Arsenal,Crystal Palace,89’,2:3,James Tomkins,Andros Townsend,goal
ENG-Premier League,1718,2018-05-09 Chelsea-Huddersfield Town,Huddersfield Town,50’,0:1,Laurent Depoitre,,goal
ENG-Premier League,1718,2018-05-09 Chelsea-Huddersfield Town,Huddersfield Town,53’,0:1,Alex Pritchard,Rajiv van La Parra,substitute_in
ENG-Premier League,1718,2018-05-09 Chelsea-Huddersfield Town,Chelsea,54’,0:1,Olivier Giroud,Davide Zappacosta,substitute_in
ENG-Premier League,1718,2018-05-09 Chelsea-Huddersfield Town,Chelsea,59’,0:1,Eden Hazard,Pedro,substitute_in
ENG-Premier League,1718,2018-05-09 Chelsea-Huddersfield Town,Chelsea,62’,1:1,Marcos Alonso,,goal
ENG-Premier League,1718,2018-05-09 Chelsea-Huddersfield Town,Huddersfield Town,62’,1:1,Florent Hadergjonaj,Chris Löwe,substitute_in
ENG-Premier League,1718,2018-05-09 Chelsea-Huddersfield Town,Huddersfield Town,85’,1:1,Scott Malone,Tommy Smith,substitute_in
ENG-Premier League,1718,2018-05-09 Chelsea-Huddersfield Town,Huddersfield Town,88’,1:1,Jonas Lössl,,yellow_card
ENG-Premier League,1718,2017-10-14 Watford-Arsenal,Arsenal,39’,0:1,Per Mertesacker,Granit Xhaka,goal
ENG-Premier League,1718,2017-10-14 Watford-Arsenal,Arsenal,61’,0:1,Mesut Özil,Danny Welbeck,substitute_in
ENG-Premier League,1718,2017-10-14 Watford-Arsenal,Watford,63’,0:1,Troy Deeney,Andre Gray,substitute_in
ENG-Premier League,1718,2017-10-14 Watford-Arsenal,Watford,63’,0:1,André Carrillo,Adrian Mariappa,substitute_in
ENG-Premier League,1718,2017-10-14 Watford-Arsenal,Watford,64’,0:1,Christian Kabasele,,yellow_card
ENG-Premier League,1718,2017-10-14 Watford-Arsenal,Arsenal,68’,0:1,Olivier Giroud,Alexandre Lacazette,substitute_in
ENG-Premier League,1718,2017-10-14 Watford-Arsenal,Watford,71’,1:1,Troy Deeney,,penalty_goal
ENG-Premier League,1718,2017-10-14 Watford-Arsenal,Watford,81’,1:1,Étienne Capoue,Roberto Pereyra,substitute_in
ENG-Premier League,1718,2017-10-14 Watford-Arsenal,Arsenal,85’,1:1,Rob Holding,Laurent Koscielny,substitute_in
ENG-Premier League,1718,2017-10-14 Watford-Arsenal,Watford,90+2’,2:1,Tom Cleverley,,goal
ENG-Premier League,1718,2018-05-09 Manchester City-Brighton,Manchester City,16’,1:0,Danilo,Leroy Sané,goal
ENG-Premier League,1718,2018-05-09 Manchester City-Brighton,Brighton & Hove Albion,20’,1:1,Leonardo Ulloa,Davy Pröpper,goal
ENG-Premier League,1718,2018-05-09 Manchester City-Brighton,Manchester City,34’,2:1,Bernardo Silva,Leroy Sané,goal
ENG-Premier League,1718,2018-05-09 Manchester City-Brighton,Brighton & Hove Albion,37’,2:1,Shane Duffy,,yellow_card
ENG-Premier League,1718,2018-05-09 Manchester City-Brighton,Manchester City,72’,3:1,Fernandinho,Leroy Sané,goal
ENG-Premier League,1718,2018-05-09 Manchester City-Brighton,Brighton & Hove Albion,73’,3:1,Beram Kayal,Pascal Groß,substitute_in
ENG-Premier League,1718,2018-05-09 Manchester City-Brighton,Brighton & Hove Albion,73’,3:1,Jürgen Locadia,Leonardo Ulloa,substitute_in
ENG-Premier League,1718,2018-05-09 Manchester City-Brighton,Manchester City,76’,3:1,Benjamin Mendy,Oleksandr Zinchenko,substitute_in
ENG-Premier League,1718,2018-05-09 Manchester City-Brighton,Brighton & Hove Albion,79’,3:1,Solly March,José Izquierdo,substitute_in
ENG-Premier League,1718,2018-05-09 Manchester City-Brighton,Manchester City,83’,3:1,Brahim Díaz,Gabriel Jesus,substitute_in
ENG-Premier League,1718,2018-05-09 Manchester City-Brighton,Manchester City,86’,3:1,Lukas Nmecha,Yaya Touré,substitute_in
ENG-Premier League,1718,2017-09-30 Huddersfield Town-Tottenham Hotspur,Tottenham Hotspur,16’,0:2,Ben Davies,,goal
ENG-Premier League,1718,2017-09-30 Huddersfield Town-Tottenham Hotspur,Tottenham Hotspur,23’,0:3,Harry Kane,Kieran Trippier,goal
ENG-Premier League,1718,2017-09-30 Huddersfield Town-Tottenham Hotspur,Tottenham Hotspur,58’,0:3,Dele Alli,,yellow_card
ENG-Premier League,1718,2017-09-30 Huddersfield Town-Tottenham Hotspur,Huddersfield Town,60’,0:3,Scott Malone,Chris Löwe,substitute_in
ENG-Premier League,1718,2017-09-30 Huddersfield Town-Tottenham Hotspur,Huddersfield Town,61’,0:3,Philip Billing,Aaron Mooy,substitute_in
ENG-Premier League,1718,2017-09-30 Huddersfield Town-Tottenham Hotspur,Huddersfield Town,65’,0:3,Elias Kachunga,,yellow_card
ENG-Premier League,1718,2017-09-30 Huddersfield Town-Tottenham Hotspur,Tottenham Hotspur,75’,0:3,Moussa Sissoko,Christian Eriksen,substitute_in
ENG-Premier League,1718,2017-09-30 Huddersfield Town-Tottenham Hotspur,Huddersfield Town,82’,0:3,Dean Whitehead,Jonathan Hogg,substitute_in
ENG-Premier League,1718,2017-09-30 Huddersfield Town-Tottenham Hotspur,Tottenham Hotspur,82’,0:3,Kyle Walker-Peters,Kieran Trippier,substitute_in
ENG-Premier League,1718,2017-09-30 Huddersfield Town-Tottenham Hotspur,Tottenham Hotspur,87’,0:3,Son Heung-min,Harry Kane,substitute_in
ENG-Premier League,1718,2017-09-30 Huddersfield Town-Tottenham Hotspur,Tottenham Hotspur,90+1’,0:4,Moussa Sissoko,Ben Davies,goal
ENG-Premier League,1718,2017-09-30 Huddersfield Town-Tottenham Hotspur,Tottenham Hotspur,9’,0:1,Harry Kane,Kieran Trippier,goal
ENG-Premier League,1718,2017-12-23 West Ham United-Newcastle United,Newcastle United,10’,1:1,Henri Saivet,,goal
ENG-Premier League,1718,2017-12-23 West Ham United-Newcastle United,Newcastle United,53’,1:2,Mohamed Diamé,Christian Atsu,goal
ENG-Premier League,1718,2017-12-23 West Ham United-Newcastle United,West Ham United,56’,1:2,André Ayew,Rob Elliot,penalty_miss
ENG-Premier League,1718,2017-12-23 West Ham United-Newcastle United,West Ham United,59’,1:2,Andy Carroll,Michail Antonio,substitute_in
ENG-Premier League,1718,2017-12-23 West Ham United-Newcastle United,Newcastle United,61’,1:3,Christian Atsu,Joselu,goal
ENG-Premier League,1718,2017-12-23 West Ham United-Newcastle United,Newcastle United,67’,1:3,Christian Atsu,,yellow_card
ENG-Premier League,1718,2017-12-23 West Ham United-Newcastle United,West Ham United,69’,2:3,André Ayew,,goal
ENG-Premier League,1718,2017-12-23 West Ham United-Newcastle United,West Ham United,6’,1:0,Marko Arnautović,,goal
ENG-Premier League,1718,2017-12-23 West Ham United-Newcastle United,Newcastle United,76’,2:3,Ayoze Pérez,Dwight Gayle,substitute_in
ENG-Premier League,1718,2017-12-23 West Ham United-Newcastle United,West Ham United,77’,2:3,Cheikhou Kouyaté,,yellow_card
ENG-Premier League,1718,2017-12-23 West Ham United-Newcastle United,West Ham United,79’,2:3,Javier Hernández,André Ayew,substitute_in
ENG-Premier League,1718,2017-12-23 West Ham United-Newcastle United,Newcastle United,84’,2:3,Chancel Mbemba,Henri Saivet,substitute_in
ENG-Premier League,1718,2017-12-23 West Ham United-Newcastle United,Newcastle United,90+1’,2:3,Jacob Murphy,Christian Atsu,substitute_in
ENG-Premier League,1718,2018-05-05 Watford-Newcastle United,Watford,28’,2:0,Andre Gray,Roberto Pereyra,goal
ENG-Premier League,1718,2018-05-05 Watford-Newcastle United,Watford,2’,1:0,Roberto Pereyra,Abdoulaye Doucouré,goal
ENG-Premier League,1718,2018-05-05 Watford-Newcastle United,Watford,39’,2:0,Troy Deeney,Martin Dúbravka,penalty_miss
ENG-Premier League,1718,2018-05-05 Watford-Newcastle United,Newcastle United,42’,2:0,Ayoze Pérez,,yellow_card
ENG-Premier League,1718,2018-05-05 Watford-Newcastle United,Newcastle United,53’,2:0,Matt Ritchie,Jacob Murphy,substitute_in
ENG-Premier League,1718,2018-05-05 Watford-Newcastle United,Newcastle United,55’,2:1,Ayoze Pérez,Javier Manquillo,goal
ENG-Premier League,1718,2018-05-05 Watford-Newcastle United,Watford,56’,2:1,Gerard Deulofeu,Roberto Pereyra,substitute_in
ENG-Premier League,1718,2018-05-05 Watford-Newcastle United,Watford,58’,2:1,Christian Kabasele,,yellow_card
ENG-Premier League,1718,2018-05-05 Watford-Newcastle United,Watford,62’,2:1,Adrian Mariappa,Troy Deeney,substitute_in
ENG-Premier League,1718,2018-05-05 Watford-Newcastle United,Newcastle United,67’,2:1,DeAndre Yedlin,Javier Manquillo,substitute_in
ENG-Premier League,1718,2018-05-05 Watford-Newcastle United,Watford,72’,2:1,José Holebas,,yellow_card
ENG-Premier League,1718,2018-05-05 Watford-Newcastle United,Watford,80’,2:1,Richarlison,Andre Gray,substitute_in
ENG-Premier League,1718,2018-05-05 Watford-Newcastle United,Newcastle United,84’,2:1,Mikel Merino,Mohamed Diamé,substitute_in
ENG-Premier League,1718,2018-03-10 Huddersfield Town-Swansea City,Swansea City,11’,0:0,Jordan Ayew,,red_card
ENG-Premier League,1718,2018-03-10 Huddersfield Town-Swansea City,Swansea City,19’,0:0,Alfie Mawson,,yellow_card
ENG-Premier League,1718,2018-03-10 Huddersfield Town-Swansea City,Swansea City,50’,0:0,Martin Olsson,,yellow_card
ENG-Premier League,1718,2018-03-10 Huddersfield Town-Swansea City,Swansea City,63’,0:0,André Ayew,,yellow_card
ENG-Premier League,1718,2018-03-10 Huddersfield Town-Swansea City,Huddersfield Town,65’,0:0,Collin Quaner,Alex Pritchard,substitute_in
ENG-Premier League,1718,2018-03-10 Huddersfield Town-Swansea City,Huddersfield Town,69’,0:0,Danny Williams,Aaron Mooy,substitute_in
ENG-Premier League,1718,2018-03-10 Huddersfield Town-Swansea City,Huddersfield Town,70’,0:0,Florent Hadergjonaj,,yellow_card
ENG-Premier League,1718,2018-03-10 Huddersfield Town-Swansea City,Swansea City,73’,0:0,Tammy Abraham,André Ayew,substitute_in
ENG-Premier League,1718,2018-03-10 Huddersfield Town-Swansea City,Huddersfield Town,78’,0:0,Laurent Depoitre,Rajiv van La Parra,substitute_in
ENG-Premier League,1718,2018-03-10 Huddersfield Town-Swansea City,Swansea City,89’,0:0,Tom Carroll,Ki Sung-yueng,substitute_in
ENG-Premier League,1718,2018-03-10 Huddersfield Town-Swansea City,Huddersfield Town,90+3’,0:0,Collin Quaner,,yellow_card
ENG-Premier League,1718,2018-02-10 Stoke City-Brighton,Brighton & Hove Albion,32’,0:1,José Izquierdo,Dale Stephens,goal
ENG-Premier League,1718,2018-02-10 Stoke City-Brighton,Stoke City,46’,0:1,Saido Berahino,Darren Fletcher,substitute_in
ENG-Premier League,1718,2018-02-10 Stoke City-Brighton,Stoke City,62’,0:1,Jesé,Eric Maxim Choupo-Moting,substitute_in
ENG-Premier League,1718,2018-02-10 Stoke City-Brighton,Stoke City,68’,1:1,Xherdan Shaqiri,Erik Pieters,goal
ENG-Premier League,1718,2018-02-10 Stoke City-Brighton,Brighton & Hove Albion,71’,1:1,Leonardo Ulloa,Glenn Murray,substitute_in
ENG-Premier League,1718,2018-02-10 Stoke City-Brighton,Stoke City,79’,1:1,Charlie Adam,Badou Ndiaye,substitute_in
ENG-Premier League,1718,2018-02-10 Stoke City-Brighton,Brighton & Hove Albion,79’,1:1,Beram Kayal,Pascal Groß,substitute_in
ENG-Premier League,1718,2018-02-10 Stoke City-Brighton,Brighton & Hove Albion,86’,1:1,Anthony Knockaert,Solly March,substitute_in
ENG-Premier League,1718,2018-02-10 Stoke City-Brighton,Stoke City,90’,1:1,Charlie Adam,Mathew Ryan,penalty_miss
ENG-Premier League,1718,2017-08-13 Manchester Utd-West Ham United,Manchester United,33’,1:0,Romelu Lukaku,Marcus Rashford,goal
ENG-Premier League,1718,2017-08-13 Manchester Utd-West Ham United,Manchester United,43’,1:0,Eric Bailly,,yellow_card
ENG-Premier League,1718,2017-08-13 Manchester Utd-West Ham United,West Ham United,51’,1:0,Pablo Zabaleta,,yellow_card
ENG-Premier League,1718,2017-08-13 Manchester Utd-West Ham United,Manchester United,52’,2:0,Romelu Lukaku,Henrikh Mkhitaryan,goal
ENG-Premier League,1718,2017-08-13 Manchester Utd-West Ham United,Manchester United,60’,2:0,Antonio Valencia,,yellow_card
ENG-Premier League,1718,2017-08-13 Manchester Utd-West Ham United,West Ham United,60’,2:0,Diafra Sakho,Edimilson Fernandes,substitute_in
ENG-Premier League,1718,2017-08-13 Manchester Utd-West Ham United,West Ham United,61’,2:0,Declan Rice,Mark Noble,substitute_in
ENG-Premier League,1718,2017-08-13 Manchester Utd-West Ham United,West Ham United,66’,2:0,Angelo Ogbonna,,yellow_card
ENG-Premier League,1718,2017-08-13 Manchester Utd-West Ham United,Manchester United,76’,2:0,Marouane Fellaini,Juan Mata,substitute_in
ENG-Premier League,1718,2017-08-13 Manchester Utd-West Ham United,Manchester United,80’,2:0,Anthony Martial,Marcus Rashford,substitute_in
ENG-Premier League,1718,2017-08-13 Manchester Utd-West Ham United,West Ham United,81’,2:0,Aaron Cresswell,Arthur Masuaku,substitute_in
ENG-Premier League,1718,2017-08-13 Manchester Utd-West Ham United,Manchester United,87’,3:0,Anthony Martial,Henrikh Mkhitaryan,goal
ENG-Premier League,1718,2017-08-13 Manchester Utd-West Ham United,Manchester United,88’,3:0,Jesse Lingard,Henrikh Mkhitaryan,substitute_in
ENG-Premier League,1718,2017-08-13 Manchester Utd-West Ham United,Manchester United,90’,4:0,Paul Pogba,Anthony Martial,goal
ENG-Premier League,1718,2017-10-29 Leicester City-Everton,Leicester City,18’,1:0,Jamie Vardy,Riyad Mahrez,goal
ENG-Premier League,1718,2017-10-29 Leicester City-Everton,Everton,20’,1:0,Tom Davies,,yellow_card
ENG-Premier League,1718,2017-10-29 Leicester City-Everton,Leicester City,29’,2:0,Demarai Gray,Christian Fuchs,goal
ENG-Premier League,1718,2017-10-29 Leicester City-Everton,Everton,46’,2:0,Oumar Niasse,Kevin Mirallas,substitute_in
ENG-Premier League,1718,2017-10-29 Leicester City-Everton,Everton,46’,2:0,Beni Baningime,Aaron Lennon,substitute_in
ENG-Premier League,1718,2017-10-29 Leicester City-Everton,Everton,65’,2:0,Idrissa Gana Gueye,,yellow_card
ENG-Premier League,1718,2017-10-29 Leicester City-Everton,Everton,74’,2:0,Gylfi Sigurðsson,Wayne Rooney,substitute_in
ENG-Premier League,1718,2017-10-29 Leicester City-Everton,Leicester City,75’,2:0,Shinji Okazaki,Riyad Mahrez,substitute_in
ENG-Premier League,1718,2017-10-29 Leicester City-Everton,Leicester City,83’,2:0,Marc Albrighton,Ben Chilwell,substitute_in
ENG-Premier League,1718,2017-10-29 Leicester City-Everton,Leicester City,90’,2:0,Kelechi Iheanacho,Jamie Vardy,substitute_in
ENG-Premier League,1718,2018-03-31 Newcastle United-Huddersfield Town,Huddersfield Town,28’,0:0,Jonathan Hogg,,yellow_card
ENG-Premier League,1718,2018-03-31 Newcastle United-Huddersfield Town,Huddersfield Town,56’,0:0,Collin Quaner,Elias Kachunga,substitute_in
ENG-Premier League,1718,2018-03-31 Newcastle United-Huddersfield Town,Huddersfield Town,60’,0:0,Christopher Schindler,,yellow_card
ENG-Premier League,1718,2018-03-31 Newcastle United-Huddersfield Town,Newcastle United,67’,0:0,Christian Atsu,Matt Ritchie,substitute_in
ENG-Premier League,1718,2018-03-31 Newcastle United-Huddersfield Town,Huddersfield Town,6’,0:0,Aaron Mooy,,yellow_card
ENG-Premier League,1718,2018-03-31 Newcastle United-Huddersfield Town,Newcastle United,75’,0:0,Islam Slimani,Dwight Gayle,substitute_in
ENG-Premier League,1718,2018-03-31 Newcastle United-Huddersfield Town,Newcastle United,79’,0:0,Isaac Hayden,Mohamed Diamé,substitute_in
ENG-Premier League,1718,2018-03-31 Newcastle United-Huddersfield Town,Newcastle United,80’,1:0,Ayoze Pérez,Kenedy,goal
ENG-Premier League,1718,2018-03-31 Newcastle United-Huddersfield Town,Huddersfield Town,83’,1:0,Steve Mounié,Tommy Smith,substitute_in
ENG-Premier League,1718,2018-03-31 Newcastle United-Huddersfield Town,Huddersfield Town,84’,1:0,Collin Quaner,,yellow_card
ENG-Premier League,1718,2018-03-31 Newcastle United-Huddersfield Town,Huddersfield Town,86’,1:0,Scott Malone,Rajiv van La Parra,substitute_in
ENG-Premier League,1718,2018-03-31 Newcastle United-Huddersfield Town,Newcastle United,8’,0:0,Jamaal Lascelles,,yellow_card
ENG-Premier League,1718,2017-12-13 Swansea City-Manchester City,Manchester City,27’,0:1,David Silva,Bernardo Silva,goal
ENG-Premier League,1718,2017-12-13 Swansea City-Manchester City,Manchester City,34’,0:2,Kevin De Bruyne,,goal
ENG-Premier League,1718,2017-12-13 Swansea City-Manchester City,Swansea City,46’,0:2,Tammy Abraham,Tom Carroll,substitute_in
ENG-Premier League,1718,2017-12-13 Swansea City-Manchester City,Manchester City,52’,0:3,David Silva,Raheem Sterling,goal
ENG-Premier League,1718,2017-12-13 Swansea City-Manchester City,Manchester City,58’,0:3,Yaya Touré,Fernandinho,substitute_in
ENG-Premier League,1718,2017-12-13 Swansea City-Manchester City,Swansea City,65’,0:3,Luciano Narsingh,Nathan Dyer,substitute_in
ENG-Premier League,1718,2017-12-13 Swansea City-Manchester City,Manchester City,73’,0:3,Oleksandr Zinchenko,Fabian Delph,substitute_in
ENG-Premier League,1718,2017-12-13 Swansea City-Manchester City,Swansea City,74’,0:3,Leroy Fer,Wilfried Bony,substitute_in
ENG-Premier League,1718,2017-12-13 Swansea City-Manchester City,Manchester City,77’,0:3,İlkay Gündoğan,Kevin De Bruyne,substitute_in
ENG-Premier League,1718,2017-12-13 Swansea City-Manchester City,Manchester City,85’,0:4,Sergio Agüero,Yaya Touré,goal
ENG-Premier League,1718,2017-10-14 Manchester City-Stoke City,Manchester City,17’,1:0,Gabriel Jesus,Kyle Walker,goal
ENG-Premier League,1718,2017-10-14 Manchester City-Stoke City,Manchester City,19’,2:0,Raheem Sterling,Leroy Sané,goal
ENG-Premier League,1718,2017-10-14 Manchester City-Stoke City,Manchester City,27’,3:0,David Silva,Raheem Sterling,goal
ENG-Premier League,1718,2017-10-14 Manchester City-Stoke City,Stoke City,44’,3:1,Mame Biram Diouf,Jesé,goal
ENG-Premier League,1718,2017-10-14 Manchester City-Stoke City,Stoke City,46’,3:1,Ibrahim Afellay,Jesé,substitute_in
ENG-Premier League,1718,2017-10-14 Manchester City-Stoke City,Stoke City,46’,3:1,Bruno Martins Indi,Kevin Wimmer,substitute_in
ENG-Premier League,1718,2017-10-14 Manchester City-Stoke City,Stoke City,47’,3:2,Kyle Walker,,own_goal
ENG-Premier League,1718,2017-10-14 Manchester City-Stoke City,Stoke City,53’,3:2,Ramadan Sobhi,Tom Edwards,substitute_in
ENG-Premier League,1718,2017-10-14 Manchester City-Stoke City,Manchester City,55’,4:2,Gabriel Jesus,Kevin De Bruyne,goal
ENG-Premier League,1718,2017-10-14 Manchester City-Stoke City,Manchester City,60’,5:2,Fernandinho,Fabian Delph,goal
ENG-Premier League,1718,2017-10-14 Manchester City-Stoke City,Manchester City,62’,6:2,Leroy Sané,Kevin De Bruyne,goal
ENG-Premier League,1718,2017-10-14 Manchester City-Stoke City,Manchester City,63’,6:2,Bernardo Silva,Gabriel Jesus,substitute_in
ENG-Premier League,1718,2017-10-14 Manchester City-Stoke City,Manchester City,66’,6:2,İlkay Gündoğan,Kevin De Bruyne,substitute_in
ENG-Premier League,1718,2017-10-14 Manchester City-Stoke City,Manchester City,73’,6:2,Yaya Touré,Fernandinho,substitute_in
ENG-Premier League,1718,2017-10-14 Manchester City-Stoke City,Manchester City,79’,7:2,Bernardo Silva,Raheem Sterling,goal
ENG-Premier League,1718,2017-10-14 Manchester City-Stoke City,Stoke City,90+2’,7:2,Ibrahim Afellay,,yellow_card
ENG-Premier League,1718,2018-04-14 Swansea City-Everton,Everton,43’,0:1,Kyle Naughton,,own_goal
ENG-Premier League,1718,2018-04-14 Swansea City-Everton,Swansea City,46’,0:1,Nathan Dyer,Luciano Narsingh,substitute_in
ENG-Premier League,1718,2018-04-14 Swansea City-Everton,Swansea City,55’,0:1,Jordan Ayew,,yellow_card
ENG-Premier League,1718,2018-04-14 Swansea City-Everton,Swansea City,65’,0:1,Tammy Abraham,Ki Sung-yueng,substitute_in
ENG-Premier League,1718,2018-04-14 Swansea City-Everton,Everton,69’,0:1,Beni Baningime,Idrissa Gana Gueye,substitute_in
ENG-Premier League,1718,2018-04-14 Swansea City-Everton,Swansea City,71’,1:1,Jordan Ayew,Tom Carroll,goal
ENG-Premier League,1718,2018-04-14 Swansea City-Everton,Everton,76’,1:1,Ramiro Funes Mori,Yannick Bolasie,substitute_in
ENG-Premier League,1718,2018-04-14 Swansea City-Everton,Everton,87’,1:1,Nikola Vlašić,Wayne Rooney,substitute_in
ENG-Premier League,1718,2018-04-14 Swansea City-Everton,Everton,90+3’,1:1,Beni Baningime,,yellow_card
ENG-Premier League,1718,2018-05-13 Tottenham Hotspur-Leicester City,Leicester City,16’,1:2,Riyad Mahrez,,goal
ENG-Premier League,1718,2018-05-13 Tottenham Hotspur-Leicester City,Leicester City,47’,1:3,Kelechi Iheanacho,,goal
ENG-Premier League,1718,2018-05-13 Tottenham Hotspur-Leicester City,Tottenham Hotspur,49’,2:3,Érik Lamela,Kyle Walker-Peters,goal
ENG-Premier League,1718,2018-05-13 Tottenham Hotspur-Leicester City,Leicester City,4’,0:1,Jamie Vardy,Riyad Mahrez,goal
ENG-Premier League,1718,2018-05-13 Tottenham Hotspur-Leicester City,Tottenham Hotspur,53’,3:3,Christian Fuchs,,own_goal
ENG-Premier League,1718,2018-05-13 Tottenham Hotspur-Leicester City,Tottenham Hotspur,55’,3:3,Victor Wanyama,,yellow_card
ENG-Premier League,1718,2018-05-13 Tottenham Hotspur-Leicester City,Leicester City,56’,3:3,Hamza Choudhury,Danny Simpson,substitute_in
ENG-Premier League,1718,2018-05-13 Tottenham Hotspur-Leicester City,Tottenham Hotspur,60’,4:3,Érik Lamela,Kyle Walker-Peters,goal
ENG-Premier League,1718,2018-05-13 Tottenham Hotspur-Leicester City,Leicester City,61’,4:3,Fousseni Diabaté,Demarai Gray,substitute_in
ENG-Premier League,1718,2018-05-13 Tottenham Hotspur-Leicester City,Leicester City,73’,4:4,Jamie Vardy,Riyad Mahrez,goal
ENG-Premier League,1718,2018-05-13 Tottenham Hotspur-Leicester City,Tottenham Hotspur,74’,4:4,Dele Alli,Lucas Moura,substitute_in
ENG-Premier League,1718,2018-05-13 Tottenham Hotspur-Leicester City,Tottenham Hotspur,76’,5:4,Harry Kane,Danny Rose,goal
ENG-Premier League,1718,2018-05-13 Tottenham Hotspur-Leicester City,Tottenham Hotspur,78’,5:4,Davinson Sánchez,Érik Lamela,substitute_in
ENG-Premier League,1718,2018-05-13 Tottenham Hotspur-Leicester City,Tottenham Hotspur,7’,1:1,Harry Kane,Lucas Moura,goal
ENG-Premier League,1718,2018-05-13 Tottenham Hotspur-Leicester City,Leicester City,83’,5:4,Hamza Choudhury,,yellow_card
ENG-Premier League,1718,2018-05-13 Tottenham Hotspur-Leicester City,Tottenham Hotspur,84’,5:4,Son Heung-min,Moussa Sissoko,substitute_in
ENG-Premier League,1718,2018-05-13 Tottenham Hotspur-Leicester City,Leicester City,85’,5:4,Harvey Barnes,Kelechi Iheanacho,substitute_in
ENG-Premier League,1718,2018-05-13 Tottenham Hotspur-Leicester City,Leicester City,90’,5:4,Adrien Silva,,yellow_card
ENG-Premier League,1718,2018-02-10 Manchester City-Leicester City,Leicester City,24’,1:1,Jamie Vardy,,goal
ENG-Premier League,1718,2018-02-10 Manchester City-Leicester City,Manchester City,3’,1:0,Raheem Sterling,Kevin De Bruyne,goal
ENG-Premier League,1718,2018-02-10 Manchester City-Leicester City,Leicester City,46’,1:1,Danny Simpson,Adrien Silva,substitute_in
ENG-Premier League,1718,2018-02-10 Manchester City-Leicester City,Manchester City,48’,2:1,Sergio Agüero,Kevin De Bruyne,goal
ENG-Premier League,1718,2018-02-10 Manchester City-Leicester City,Manchester City,53’,3:1,Sergio Agüero,Kevin De Bruyne,goal
ENG-Premier League,1718,2018-02-10 Manchester City-Leicester City,Leicester City,62’,3:1,Kelechi Iheanacho,Ben Chilwell,substitute_in
ENG-Premier League,1718,2018-02-10 Manchester City-Leicester City,Leicester City,62’,3:1,Riyad Mahrez,Fousseni Diabaté,substitute_in
ENG-Premier League,1718,2018-02-10 Manchester City-Leicester City,Manchester City,65’,3:1,Danilo,Oleksandr Zinchenko,substitute_in
ENG-Premier League,1718,2018-02-10 Manchester City-Leicester City,Leicester City,71’,3:1,Wilfred Ndidi,,yellow_card
ENG-Premier League,1718,2018-02-10 Manchester City-Leicester City,Manchester City,73’,3:1,İlkay Gündoğan,,yellow_card
ENG-Premier League,1718,2018-02-10 Manchester City-Leicester City,Manchester City,77’,4:1,Sergio Agüero,,goal
ENG-Premier League,1718,2018-02-10 Manchester City-Leicester City,Manchester City,80’,4:1,Phil Foden,Fernandinho,substitute_in
ENG-Premier League,1718,2018-02-10 Manchester City-Leicester City,Manchester City,81’,4:1,John Stones,Nicolás Otamendi,substitute_in
ENG-Premier League,1718,2018-02-10 Manchester City-Leicester City,Manchester City,83’,4:1,Aymeric Laporte,,yellow_card
ENG-Premier League,1718,2018-02-10 Manchester City-Leicester City,Leicester City,83’,4:1,Jamie Vardy,,yellow_card
ENG-Premier League,1718,2018-02-10 Manchester City-Leicester City,Leicester City,89’,4:1,Harry Maguire,,yellow_card
ENG-Premier League,1718,2018-02-10 Manchester City-Leicester City,Manchester City,90’,5:1,Sergio Agüero,Phil Foden,goal
ENG-Premier League,1718,2017-09-16 Watford-Manchester City,Manchester City,27’,0:1,Sergio Agüero,Kevin De Bruyne,goal
ENG-Premier League,1718,2017-09-16 Watford-Manchester City,Watford,29’,0:1,José Holebas,,yellow_card
ENG-Premier League,1718,2017-09-16 Watford-Manchester City,Manchester City,31’,0:2,Sergio Agüero,David Silva,goal
ENG-Premier League,1718,2017-09-16 Watford-Manchester City,Manchester City,37’,0:3,Gabriel Jesus,Sergio Agüero,goal
ENG-Premier League,1718,2017-09-16 Watford-Manchester City,Watford,40’,0:3,Abdoulaye Doucouré,,yellow_card
ENG-Premier League,1718,2017-09-16 Watford-Manchester City,Manchester City,63’,0:4,Nicolás Otamendi,David Silva,goal
ENG-Premier League,1718,2017-09-16 Watford-Manchester City,Watford,64’,0:4,Roberto Pereyra,Tom Cleverley,substitute_in
ENG-Premier League,1718,2017-09-16 Watford-Manchester City,Manchester City,65’,0:4,Bernardo Silva,Gabriel Jesus,substitute_in
ENG-Premier League,1718,2017-09-16 Watford-Manchester City,Manchester City,66’,0:4,İlkay Gündoğan,Kevin De Bruyne,substitute_in
ENG-Premier League,1718,2017-09-16 Watford-Manchester City,Watford,70’,0:4,Étienne Capoue,Nathaniel Chalobah,substitute_in
ENG-Premier League,1718,2017-09-16 Watford-Manchester City,Watford,74’,0:4,Troy Deeney,Andre Gray,substitute_in
ENG-Premier League,1718,2017-09-16 Watford-Manchester City,Manchester City,78’,0:4,Leroy Sané,David Silva,substitute_in
ENG-Premier League,1718,2017-09-16 Watford-Manchester City,Manchester City,81’,0:5,Sergio Agüero,Kyle Walker,goal
ENG-Premier League,1718,2017-09-16 Watford-Manchester City,Manchester City,89’,0:6,Raheem Sterling,,penalty_goal
ENG-Premier League,1718,2017-12-02 Leicester City-Burnley,Burnley,31’,1:0,Scott Arfield,Robbie Brady,substitute_in
ENG-Premier League,1718,2017-12-02 Leicester City-Burnley,Burnley,56’,1:0,Phil Bardsley,,yellow_card
ENG-Premier League,1718,2017-12-02 Leicester City-Burnley,Burnley,66’,1:0,Ashley Barnes,Steven Defour,substitute_in
ENG-Premier League,1718,2017-12-02 Leicester City-Burnley,Leicester City,6’,1:0,Demarai Gray,,goal
ENG-Premier League,1718,2017-12-02 Leicester City-Burnley,Burnley,74’,1:0,Sam Vokes,Chris Wood,substitute_in
ENG-Premier League,1718,2017-12-02 Leicester City-Burnley,Leicester City,88’,1:0,Shinji Okazaki,Demarai Gray,substitute_in
ENG-Premier League,1718,2017-12-02 Leicester City-Burnley,Burnley,90+1’,1:0,Ben Mee,,yellow_card
ENG-Premier League,1718,2018-04-01 Chelsea-Tottenham Hotspur,Chelsea,30’,1:0,Álvaro Morata,Victor Moses,goal
ENG-Premier League,1718,2018-04-01 Chelsea-Tottenham Hotspur,Tottenham Hotspur,45+1’,1:1,Christian Eriksen,Ben Davies,goal
ENG-Premier League,1718,2018-04-01 Chelsea-Tottenham Hotspur,Tottenham Hotspur,62’,1:2,Dele Alli,Eric Dier,goal
ENG-Premier League,1718,2018-04-01 Chelsea-Tottenham Hotspur,Tottenham Hotspur,66’,1:3,Dele Alli,,goal
ENG-Premier League,1718,2018-04-01 Chelsea-Tottenham Hotspur,Tottenham Hotspur,70’,1:3,Ben Davies,,yellow_card
ENG-Premier League,1718,2018-04-01 Chelsea-Tottenham Hotspur,Tottenham Hotspur,74’,1:3,Harry Kane,Son Heung-min,substitute_in
ENG-Premier League,1718,2018-04-01 Chelsea-Tottenham Hotspur,Chelsea,81’,1:3,Olivier Giroud,Victor Moses,substitute_in
ENG-Premier League,1718,2018-04-01 Chelsea-Tottenham Hotspur,Tottenham Hotspur,81’,1:3,Victor Wanyama,Eric Dier,substitute_in
ENG-Premier League,1718,2018-04-01 Chelsea-Tottenham Hotspur,Chelsea,83’,1:3,Emerson Palmieri,Marcos Alonso,substitute_in
ENG-Premier League,1718,2018-04-01 Chelsea-Tottenham Hotspur,Chelsea,88’,1:3,Callum Hudson-Odoi,Álvaro Morata,substitute_in
ENG-Premier League,1718,2018-04-01 Chelsea-Tottenham Hotspur,Tottenham Hotspur,88’,1:3,Moussa Sissoko,Érik Lamela,substitute_in
ENG-Premier League,1718,2017-11-18 Leicester City-Manchester City,Manchester City,31’,0:0,Eliaquim Mangala,John Stones,substitute_in
ENG-Premier League,1718,2017-11-18 Leicester City-Manchester City,Manchester City,3’,0:0,Vincent Kompany,,yellow_card
ENG-Premier League,1718,2017-11-18 Leicester City-Manchester City,Manchester City,45’,0:1,Gabriel Jesus,David Silva,goal
ENG-Premier League,1718,2017-11-18 Leicester City-Manchester City,Manchester City,49’,0:2,Kevin De Bruyne,Leroy Sané,goal
ENG-Premier League,1718,2017-11-18 Leicester City-Manchester City,Leicester City,67’,0:2,Kelechi Iheanacho,Marc Albrighton,substitute_in
ENG-Premier League,1718,2017-11-18 Leicester City-Manchester City,Leicester City,83’,0:2,Harry Maguire,,yellow_card
ENG-Premier League,1718,2017-11-18 Leicester City-Manchester City,Leicester City,83’,0:2,Shinji Okazaki,Vicente Iborra,substitute_in
ENG-Premier League,1718,2017-11-18 Leicester City-Manchester City,Leicester City,83’,0:2,Islam Slimani,Riyad Mahrez,substitute_in
ENG-Premier League,1718,2017-11-18 Leicester City-Manchester City,Manchester City,84’,0:2,Bernardo Silva,Raheem Sterling,substitute_in
ENG-Premier League,1718,2017-11-18 Leicester City-Manchester City,Manchester City,89’,0:2,İlkay Gündoğan,Kevin De Bruyne,substitute_in
ENG-Premier League,1718,2018-02-10 West Ham United-Watford,West Ham United,38’,1:0,Javier Hernández,Michail Antonio,goal
ENG-Premier League,1718,2018-02-10 West Ham United-Watford,West Ham United,44’,1:0,Pablo Zabaleta,,yellow_card
ENG-Premier League,1718,2018-02-10 West Ham United-Watford,Watford,56’,1:0,Roberto Pereyra,Marvin Zeegelaar,substitute_in
ENG-Premier League,1718,2018-02-10 West Ham United-Watford,Watford,75’,1:0,Dodi Lukebakio,Gerard Deulofeu,substitute_in
ENG-Premier League,1718,2018-02-10 West Ham United-Watford,West Ham United,77’,1:0,Sam Byram,João Mário,substitute_in
ENG-Premier League,1718,2018-02-10 West Ham United-Watford,West Ham United,78’,2:0,Marko Arnautović,Aaron Cresswell,goal
ENG-Premier League,1718,2018-02-10 West Ham United-Watford,Watford,82’,2:0,Andre Gray,Richarlison,substitute_in
ENG-Premier League,1718,2018-02-10 West Ham United-Watford,West Ham United,84’,2:0,Declan Rice,Marko Arnautović,substitute_in
ENG-Premier League,1718,2018-02-10 West Ham United-Watford,West Ham United,88’,2:0,Jordan Hugill,Javier Hernández,substitute_in
ENG-Premier League,1718,2018-02-10 West Ham United-Watford,Watford,90’,2:0,Sebastian Prödl,,yellow_card
ENG-Premier League,1718,2018-04-29 West Ham United-Manchester City,Manchester City,13’,0:1,Leroy Sané,Raheem Sterling,goal
ENG-Premier League,1718,2018-04-29 West Ham United-Manchester City,Manchester City,27’,0:2,Pablo Zabaleta,,own_goal
ENG-Premier League,1718,2018-04-29 West Ham United-Manchester City,Manchester City,37’,0:2,Nicolás Otamendi,,yellow_card
ENG-Premier League,1718,2018-04-29 West Ham United-Manchester City,West Ham United,42’,1:2,Aaron Cresswell,,goal
ENG-Premier League,1718,2018-04-29 West Ham United-Manchester City,Manchester City,53’,1:3,Gabriel Jesus,Raheem Sterling,goal
ENG-Premier League,1718,2018-04-29 West Ham United-Manchester City,Manchester City,61’,1:3,Danilo,Kyle Walker,substitute_in
ENG-Premier League,1718,2018-04-29 West Ham United-Manchester City,Manchester City,64’,1:4,Fernandinho,Raheem Sterling,goal
ENG-Premier League,1718,2018-04-29 West Ham United-Manchester City,West Ham United,65’,1:4,João Mário,Edimilson Fernandes,substitute_in
ENG-Premier League,1718,2018-04-29 West Ham United-Manchester City,West Ham United,66’,1:4,Javier Hernández,Manuel Lanzini,substitute_in
ENG-Premier League,1718,2018-04-29 West Ham United-Manchester City,West Ham United,66’,1:4,Arthur Masuaku,Patrice Evra,substitute_in
ENG-Premier League,1718,2018-04-29 West Ham United-Manchester City,Manchester City,71’,1:4,Yaya Touré,İlkay Gündoğan,substitute_in
ENG-Premier League,1718,2018-04-29 West Ham United-Manchester City,Manchester City,80’,1:4,Lukas Nmecha,Gabriel Jesus,substitute_in
ENG-Premier League,1718,2017-10-28 West Brom-Manchester City,Manchester City,10’,0:1,Leroy Sané,Fernandinho,goal
ENG-Premier League,1718,2017-10-28 West Brom-Manchester City,West Bromwich Albion,13’,1:1,Jay Rodriguez,Gareth Barry,goal
ENG-Premier League,1718,2017-10-28 West Brom-Manchester City,Manchester City,15’,1:2,Fernandinho,Leroy Sané,goal
ENG-Premier League,1718,2017-10-28 West Brom-Manchester City,West Bromwich Albion,21’,1:2,Jonny Evans,,yellow_card
ENG-Premier League,1718,2017-10-28 West Brom-Manchester City,West Bromwich Albion,58’,1:2,Hal Robson-Kanu,Salomón Rondón,substitute_in
ENG-Premier League,1718,2017-10-28 West Brom-Manchester City,Manchester City,60’,1:2,Gabriel Jesus,,yellow_card
ENG-Premier League,1718,2017-10-28 West Brom-Manchester City,Manchester City,61’,1:2,Raheem Sterling,Bernardo Silva,substitute_in
ENG-Premier League,1718,2017-10-28 West Brom-Manchester City,Manchester City,64’,1:3,Raheem Sterling,Kyle Walker,goal
ENG-Premier League,1718,2017-10-28 West Brom-Manchester City,West Bromwich Albion,68’,1:3,Matt Phillips,Gareth McAuley,substitute_in
ENG-Premier League,1718,2017-10-28 West Brom-Manchester City,Manchester City,71’,1:3,Nicolás Otamendi,,yellow_card
ENG-Premier League,1718,2017-10-28 West Brom-Manchester City,West Bromwich Albion,72’,1:3,Ahmed Hegazi,,yellow_card
ENG-Premier League,1718,2017-10-28 West Brom-Manchester City,West Bromwich Albion,81’,1:3,James McClean,Grzegorz Krychowiak,substitute_in
ENG-Premier League,1718,2017-10-28 West Brom-Manchester City,Manchester City,82’,1:3,İlkay Gündoğan,Gabriel Jesus,substitute_in
ENG-Premier League,1718,2017-10-28 West Brom-Manchester City,West Bromwich Albion,90+2’,2:3,Matt Phillips,,goal
ENG-Premier League,1718,2017-10-28 West Brom-Manchester City,Manchester City,90+4’,2:3,Kyle Walker,,yellow_card
ENG-Premier League,1718,2018-03-31 Watford-Bournemouth,Watford,13’,1:0,Kiko Femenía,José Holebas,goal
ENG-Premier League,1718,2018-03-31 Watford-Bournemouth,Watford,42’,1:0,José Holebas,,yellow_card
ENG-Premier League,1718,2018-03-31 Watford-Bournemouth,Bournemouth,43’,1:1,Joshua King,,penalty_goal
ENG-Premier League,1718,2018-03-31 Watford-Bournemouth,Bournemouth,45+3’,1:1,Marc Pugh,Junior Stanislas,substitute_in
ENG-Premier League,1718,2018-03-31 Watford-Bournemouth,Watford,49’,2:1,Roberto Pereyra,Will Hughes,goal
ENG-Premier League,1718,2018-03-31 Watford-Bournemouth,Watford,56’,2:1,Sebastian Prödl,,yellow_card
ENG-Premier League,1718,2018-03-31 Watford-Bournemouth,Watford,64’,2:1,Craig Cathcart,Sebastian Prödl,substitute_in
ENG-Premier League,1718,2018-03-31 Watford-Bournemouth,Bournemouth,67’,2:1,Jermain Defoe,Jordon Ibe,substitute_in
ENG-Premier League,1718,2018-03-31 Watford-Bournemouth,Watford,75’,2:1,Stefano Okaka,Will Hughes,substitute_in
ENG-Premier League,1718,2018-03-31 Watford-Bournemouth,Watford,78’,2:1,Abdoulaye Doucouré,,yellow_card
ENG-Premier League,1718,2018-03-31 Watford-Bournemouth,Watford,81’,2:1,Richarlison,Kiko Femenía,substitute_in
ENG-Premier League,1718,2018-03-31 Watford-Bournemouth,Bournemouth,81’,2:1,Andrew Surman,Callum Wilson,substitute_in
ENG-Premier League,1718,2018-03-31 Watford-Bournemouth,Watford,90+1’,2:1,Stefano Okaka,,yellow_card
ENG-Premier League,1718,2018-03-31 Watford-Bournemouth,Bournemouth,90+2’,2:2,Jermain Defoe,Nathan Aké,goal
ENG-Premier League,1718,2018-01-20 Burnley-Manchester Utd,Burnley,31’,0:0,Ben Mee,,yellow_card
ENG-Premier League,1718,2018-01-20 Burnley-Manchester Utd,Manchester United,54’,0:1,Anthony Martial,Romelu Lukaku,goal
ENG-Premier League,1718,2018-01-20 Burnley-Manchester Utd,Burnley,67’,0:1,Phil Bardsley,,yellow_card
ENG-Premier League,1718,2018-01-20 Burnley-Manchester Utd,Burnley,69’,0:1,Steven Defour,,yellow_card
ENG-Premier League,1718,2018-01-20 Burnley-Manchester Utd,Manchester United,69’,0:1,Paul Pogba,,yellow_card
ENG-Premier League,1718,2018-01-20 Burnley-Manchester Utd,Manchester United,72’,0:1,Marouane Fellaini,Juan Mata,substitute_in
ENG-Premier League,1718,2018-01-20 Burnley-Manchester Utd,Manchester United,76’,0:1,Nemanja Matić,,yellow_card
ENG-Premier League,1718,2018-01-20 Burnley-Manchester Utd,Manchester United,80’,0:1,Marcus Rashford,Jesse Lingard,substitute_in
ENG-Premier League,1718,2018-01-20 Burnley-Manchester Utd,Burnley,81’,0:1,Georges-Kévin N'Koudou,Scott Arfield,substitute_in
ENG-Premier League,1718,2018-01-20 Burnley-Manchester Utd,Burnley,81’,0:1,Sam Vokes,Jeff Hendrick,substitute_in
ENG-Premier League,1718,2018-01-20 Burnley-Manchester Utd,Burnley,89’,0:1,Nahki Wells,Ashley Barnes,substitute_in
ENG-Premier League,1718,2018-01-20 Burnley-Manchester Utd,Manchester United,90+2’,0:1,Antonio Valencia,,yellow_card
ENG-Premier League,1718,2018-01-20 Burnley-Manchester Utd,Manchester United,90+4’,0:1,Ander Herrera,Anthony Martial,substitute_in
